/*--------------------------------*- C++ -*----------------------------------*\
  =========                 |
  \\      /  F ield         | OpenFOAM: The Open Source CFD Toolbox
   \\    /   O peration     | Website:  https://openfoam.org
    \\  /    A nd           | Version:  13
     \\/     M anipulation  |
\*---------------------------------------------------------------------------*/
FoamFile
{
    format      ascii;
    class       surfaceVectorField;
    location    "27";
    object      rhoUf;
}
// * * * * * * * * * * * * * * * * * * * * * * * * * * * * * * * * * * * * * //

dimensions      [1 -2 -1 0 0 0 0];

internalField   nonuniform List<vector> 
9440
(
(-0.0032707889 1.0052487e-09 -22.08421)
(-0.0012085273 1.7187255e-10 -22.408798)
(-0.010515134 1.0481942e-09 -22.085517)
(-0.0076357579 4.3012772e-09 -22.414101)
(-0.017269334 -1.2698833e-09 -22.085775)
(-0.015035585 -2.7102715e-09 -22.414593)
(-0.024165133 -3.9920602e-11 -22.086271)
(-0.021941122 -6.4803771e-11 -22.41505)
(-0.031670777 2.2441151e-10 -22.087047)
(-0.02951501 -2.9126031e-11 -22.415817)
(-0.040046109 3.2132143e-10 -22.088111)
(-0.037895682 3.788584e-10 -22.416855)
(-0.049591622 7.5804384e-11 -22.089501)
(-0.047376633 1.0662602e-10 -22.418278)
(-0.060562597 4.6227584e-11 -22.091292)
(-0.058257807 5.6572681e-11 -22.420063)
(-0.073354248 -5.6804467e-11 -22.093601)
(-0.070906589 6.5423323e-11 -22.422422)
(-0.088433437 -1.6068572e-10 -22.096531)
(-0.085774605 -1.132313e-10 -22.425424)
(-0.1063043 -5.7278707e-11 -22.100289)
(-0.10338126 -1.2435677e-10 -22.429234)
(-0.1276934 -1.0331364e-11 -22.105155)
(-0.12443171 9.5111154e-11 -22.434181)
(-0.15350468 -8.5556566e-11 -22.111462)
(-0.14978219 1.067646e-11 -22.440602)
(-0.18484963 -4.1839043e-11 -22.119723)
(-0.1805757 1.0477079e-11 -22.448944)
(-0.22321723 -3.6756047e-11 -22.130695)
(-0.21824993 -1.8471281e-11 -22.459983)
(-0.27053506 -5.2880517e-11 -22.145435)
(-0.26475906 -8.0955344e-11 -22.474759)
(-0.32922278 2.9618605e-11 -22.165445)
(-0.32263368 -4.3958449e-12 -22.494766)
(-0.40215559 2.2875704e-12 -22.192702)
(-0.39512203 8.363393e-11 -22.522126)
(-0.49216755 -3.3760901e-11 -22.228937)
(-0.48608492 -7.6372207e-11 -22.559482)
(-0.59986202 -3.1035265e-11 -22.271185)
(-0.59895124 1.1835375e-12 -22.608298)
(-0.71511121 -9.1706775e-11 -22.296734)
(-0.73011801 -8.8865317e-11 -22.659296)
(-0.79071647 -9.3219763e-11 -22.242622)
(-0.85197217 -1.2362474e-10 -22.665617)
(-0.70904946 -4.2898964e-11 -22.062524)
(-0.88936726 -8.149761e-11 -22.521592)
(-0.45852559 -2.638297e-11 -21.882841)
(-0.76050505 -1.2262291e-11 -22.233348)
(-0.14776196 1.1492387e-11 -21.98674)
(-0.47953438 -9.930554e-12 -22.111566)
(-0.023490957 1.5884503e-11 -22.734372)
(-0.28660878 3.4980867e-11 -22.522708)
(-0.6459374 -3.3472833e-12 -24.045993)
(-0.71283397 -3.247832e-11 -23.936949)
(-2.3465627 -1.2651125e-11 -24.8181)
(-2.2795328 3.5374323e-11 -25.501339)
(-4.4574297 -3.3662604e-11 -24.149322)
(-4.0935384 -3.1487423e-11 -25.342101)
(-5.5175014 -8.2691996e-12 -22.806666)
(-5.3980256 -2.0670228e-11 -23.726621)
(-5.691055 6.2253689e-12 -21.879518)
(-5.9845558 7.6343999e-12 -22.407043)
(-5.3333499 -1.2911251e-11 -21.53435)
(-5.8696459 -6.2301454e-12 -21.759771)
(-4.9352912 -3.9511764e-11 -21.507528)
(-5.4045053 -4.1951686e-11 -21.656097)
(-4.5773946 -5.0814882e-11 -21.515946)
(-4.9675866 -3.1067734e-11 -21.703325)
(-4.3216376 -4.646045e-11 -21.398139)
(-4.6682598 -4.7294727e-11 -21.688717)
(-4.0863978 -1.331844e-11 -21.061979)
(-4.4113759 -2.1225916e-11 -21.439634)
(-3.6947218 -1.237679e-11 -20.545261)
(-4.0770266 9.5040056e-12 -20.92009)
(-2.9889417 -1.9314174e-11 -19.94614)
(-3.5408669 -3.5154576e-11 -20.278717)
(-1.7080579 2.4499807e-12 -19.365094)
(-2.6310557 -2.9270264e-12 -19.635901)
(-1.1607344 1.8484056e-11 -19.149819)
(-0.003784542 2.4356006e-09 -19.126997)
(-0.0014499148 3.2974918e-10 -18.051331)
(-0.011657595 1.1802293e-09 -19.128154)
(-0.008129649 4.6037643e-09 -18.055125)
(-0.019202503 -1.657829e-09 -19.128443)
(-0.015900539 -2.7296886e-09 -18.055583)
(-0.026913443 -5.5527956e-11 -19.129002)
(-0.023248925 -1.7111591e-10 -18.055838)
(-0.035344417 1.1153361e-10 -19.129894)
(-0.031299689 1.0015317e-11 -18.056286)
(-0.044796492 1.7179037e-10 -19.131119)
(-0.040238168 2.3088251e-10 -18.056917)
(-0.05560209 8.8594678e-11 -19.132716)
(-0.05037347 9.5475786e-11 -18.057798)
(-0.068101304 7.5584109e-11 -19.134767)
(-0.062040527 7.0635058e-11 -18.05892)
(-0.082739281 1.232105e-11 -19.137401)
(-0.075653279 6.1758654e-11 -18.060412)
(-0.10005993 -7.6713327e-11 -19.140735)
(-0.09168904 -3.5230547e-11 -18.062321)
(-0.12070555 2.4701648e-11 -19.144999)
(-0.11073817 -4.9794745e-11 -18.064772)
(-0.14553309 1.1729897e-10 -19.150507)
(-0.13359363 1.1992782e-10 -18.067976)
(-0.17563367 1.0671949e-10 -19.157635)
(-0.16119451 8.6905532e-11 -18.072172)
(-0.21240837 3.4192751e-11 -19.166961)
(-0.19484182 1.2249001e-10 -18.077678)
(-0.25772283 -6.1976176e-11 -19.179339)
(-0.23618551 -5.8755475e-11 -18.085036)
(-0.31405197 -3.326851e-11 -19.195967)
(-0.2874785 -4.7367959e-11 -18.094994)
(-0.3846332 4.8756127e-11 -19.218555)
(-0.3517124 8.8412275e-12 -18.108653)
(-0.47354139 6.4573657e-12 -19.24932)
(-0.43286461 8.310829e-11 -18.127606)
(-0.58517491 -4.2108969e-11 -19.290051)
(-0.53590001 -9.1457985e-11 -18.153868)
(-0.72123365 -5.589632e-11 -19.336164)
(-0.66563237 -2.5935942e-11 -18.188541)
(-0.86982327 -1.2050823e-10 -19.359391)
(-0.8189219 -1.084093e-10 -18.223041)
(-0.97425865 -1.1222263e-10 -19.289023)
(-0.96573422 -9.7351737e-11 -18.221225)
(-0.92936226 -5.1363259e-11 -19.093133)
(-1.0320522 -8.1852655e-11 -18.11162)
(-0.75932912 4.1750078e-12 -18.937445)
(-0.96641334 -7.5456481e-12 -17.927858)
(-0.63787799 1.3258419e-11 -19.148869)
(-0.84491726 2.83805e-11 -17.926573)
(-0.86651197 -1.2950336e-11 -20.087517)
(-0.97929786 5.2272041e-12 -18.416445)
(-1.9903543 5.8245762e-12 -21.491181)
(-1.9209543 -3.7147869e-11 -19.567355)
(-3.9339332 1.6937199e-11 -22.075713)
(-3.623665 2.7783276e-11 -20.578965)
(-5.7247058 -1.8556708e-11 -21.146332)
(-5.0541084 -2.750773e-11 -20.195279)
(-6.4137465 -4.9238155e-12 -19.7207)
(-5.9568156 -1.9422131e-11 -18.812863)
(-6.3116675 -4.7469375e-12 -18.835126)
(-6.2749871 1.1670093e-11 -17.857218)
(-5.888223 -3.5085257e-11 -18.530429)
(-6.0064531 -2.1153107e-11 -17.499977)
(-5.4502535 -3.3562431e-11 -18.513666)
(-5.5101957 -3.9384518e-11 -17.463907)
(-5.0535596 -2.7467184e-11 -18.521821)
(-5.0808498 -2.2233301e-11 -17.502487)
(-4.699864 -2.2183489e-11 -18.399871)
(-4.7501968 -3.0026686e-11 -17.475024)
(-4.2943089 1.4547342e-12 -18.077082)
(-4.4096891 1.7491459e-12 -17.297504)
(-3.740728 -1.3072592e-11 -17.613433)
(-3.9654352 5.633304e-12 -16.982045)
(-2.9306303 -1.8908796e-11 -17.129351)
(-3.3393545 -2.6229645e-11 -16.63947)
(-1.8307634 1.3015903e-11 -16.761445)
(-2.4110353 2.4929554e-12 -16.392874)
(-1.1994639 2.5229762e-11 -16.411832)
(-0.003948579 1.4294448e-09 -16.527586)
(-0.0016838443 7.4233064e-11 -15.828508)
(-0.011814678 1.3605172e-09 -16.528237)
(-0.0082817913 4.4553241e-09 -15.830575)
(-0.019436078 -1.390595e-09 -16.528445)
(-0.016019379 -2.4132238e-09 -15.830933)
(-0.027249725 -1.132783e-10 -16.528751)
(-0.023438053 -2.7331778e-10 -15.830948)
(-0.035800226 1.2190213e-10 -16.529288)
(-0.031550033 2.437818e-11 -15.831011)
(-0.045400186 1.5836486e-10 -16.530055)
(-0.040566733 2.3671765e-10 -15.831146)
(-0.056383459 7.8112035e-11 -16.531071)
(-0.05079513 4.6946212e-11 -15.831379)
(-0.069117639 5.6996156e-11 -16.532389)
(-0.062579614 6.3060526e-11 -15.831699)
(-0.084052075 1.6010453e-11 -16.534088)
(-0.076347114 1.08888e-11 -15.832161)
(-0.10174377 -8.0708543e-12 -16.536256)
(-0.092571491 -1.8926126e-11 -15.832779)
(-0.1228778 4.285221e-11 -16.53905)
(-0.11186503 -5.772747e-11 -15.833622)
(-0.14833912 8.9995072e-11 -16.542681)
(-0.13504393 1.2659291e-10 -15.834784)
(-0.17926671 1.0221909e-10 -16.547418)
(-0.16306074 8.6984736e-11 -15.836384)
(-0.21715481 3.1703227e-11 -16.553671)
(-0.197265 1.1284096e-10 -15.838585)
(-0.2639953 -4.4274603e-11 -16.562048)
(-0.23937621 -7.8954279e-11 -15.841668)
(-0.32246782 -5.8454711e-12 -16.573428)
(-0.29174926 -5.6927127e-11 -15.846041)
(-0.39616787 4.2464665e-11 -16.589083)
(-0.35756186 2.6185003e-11 -15.852332)
(-0.4897868 -1.3188344e-11 -16.61069)
(-0.44113877 5.2215845e-11 -15.861506)
(-0.60870645 -7.5859014e-11 -16.639551)
(-0.54807683 -1.051195e-10 -15.874847)
(-0.75594785 -7.7760253e-11 -16.671326)
(-0.68423345 -2.9193089e-11 -15.893102)
(-0.92072112 -8.5341882e-11 -16.683132)
(-0.84802566 -1.1400982e-10 -15.909655)
(-1.0497997 -6.7100865e-11 -16.625287)
(-1.0126811 -8.9066922e-11 -15.900909)
(-1.0725686 -3.8574294e-11 -16.49605)
(-1.1166655 -7.7814587e-11 -15.825993)
(-1.0488033 1.6409779e-11 -16.452772)
(-1.148357 8.0334627e-12 -15.731914)
(-1.143051 2.0503466e-11 -16.771306)
(-1.2384619 1.7720437e-11 -15.829131)
(-1.7557035 -1.8698356e-11 -17.63587)
(-1.7117499 1.0730829e-12 -16.330187)
(-3.0842492 -1.5589403e-11 -18.66892)
(-2.9273008 -3.1584242e-11 -17.195412)
(-4.8178035 -1.6331245e-11 -18.895129)
(-4.3892745 6.349142e-12 -17.689384)
(-5.9809276 -2.8419293e-11 -17.957177)
(-5.3814043 -1.7011909e-11 -17.156963)
(-6.2938405 -3.001089e-12 -16.784486)
(-5.9057786 -2.2536374e-11 -16.067176)
(-6.0163412 -4.5595532e-12 -16.177605)
(-5.9950803 1.0530093e-11 -15.488074)
(-5.601813 -2.5357727e-11 -16.025012)
(-5.6292807 -1.7758989e-11 -15.365363)
(-5.1640857 -2.8142229e-11 -16.035215)
(-5.1405597 -2.6045818e-11 -15.379981)
(-4.7741573 -2.4754686e-11 -16.042446)
(-4.7408692 -2.1152315e-11 -15.415603)
(-4.4013127 -6.2459566e-12 -15.958541)
(-4.4134141 -7.4393757e-12 -15.391408)
(-3.9605187 5.9095688e-12 -15.769142)
(-4.0550681 1.3379546e-11 -15.290567)
(-3.3941305 -7.3803897e-12 -15.536911)
(-3.5971995 6.0087881e-12 -15.147342)
(-2.6382366 -4.9543945e-12 -15.38886)
(-2.984176 -4.1390048e-12 -15.051801)
(-1.6496297 1.460957e-11 -15.46796)
(-2.1082605 4.26893e-12 -15.10692)
(-0.99298333 2.3660008e-11 -15.515895)
(-0.0041696319 2.0048396e-09 -15.135458)
(-0.0020804955 2.888491e-10 -14.656589)
(-0.011937014 1.3059963e-09 -15.136566)
(-0.0085265344 4.7049091e-09 -14.65693)
(-0.019519868 -1.4194028e-09 -15.136745)
(-0.016097901 -2.2342428e-09 -14.657136)
(-0.027359121 -1.4832922e-10 -15.136755)
(-0.023534585 -2.5359037e-10 -14.656907)
(-0.035935917 1.3202008e-10 -15.136833)
(-0.031659519 7.8569014e-11 -14.656578)
(-0.045566976 1.306197e-10 -15.136994)
(-0.040694951 2.3051862e-10 -14.656204)
(-0.056584041 3.1508401e-11 -15.137241)
(-0.050941796 6.7743501e-11 -14.655775)
(-0.069365601 1.8045772e-11 -15.13759)
(-0.062746986 8.3550364e-11 -14.655267)
(-0.084359226 -2.3493366e-11 -15.138071)
(-0.076540846 3.6760672e-11 -14.654677)
(-0.10212274 -6.7933892e-11 -15.138722)
(-0.092791475 -1.1116325e-10 -14.65398)
(-0.12335737 2.3212876e-11 -15.139614)
(-0.11211759 -1.6333549e-10 -14.65318)
(-0.1489541 1.2413399e-10 -15.14084)
(-0.13534031 1.4552624e-10 -14.652265)
(-0.18006751 9.727446e-11 -15.142527)
(-0.16341032 1.2326417e-10 -14.65123)
(-0.21822999 4.4706192e-12 -15.144873)
(-0.19769154 1.4245735e-10 -14.65007)
(-0.26548955 -9.1851913e-11 -15.148184)
(-0.23992599 -8.4817403e-11 -14.648806)
(-0.32462853 -2.5763533e-11 -15.152924)
(-0.29250482 -1.2559129e-10 -14.64749)
(-0.39944926 3.5680684e-11 -15.159806)
(-0.35868892 2.7470845e-11 -14.646253)
(-0.49505526 -3.8257003e-11 -15.169819)
(-0.4429933 3.2014755e-11 -14.645378)
(-0.61764782 -5.9120176e-11 -15.183735)
(-0.55144925 -1.1560207e-10 -14.645335)
(-0.7719639 -6.4735221e-11 -15.198309)
(-0.69090106 -1.3731983e-11 -14.646395)
(-0.94923308 -1.1793297e-10 -15.198397)
(-0.86238122 -1.2142659e-10 -14.6443)
(-1.1077418 -9.9865947e-11 -15.155288)
(-1.0459202 -9.3105759e-11 -14.626869)
(-1.2098635 -3.182931e-11 -15.083647)
(-1.1971392 -1.0296165e-10 -14.577814)
(-1.3318061 9.2768113e-12 -15.120885)
(-1.3433288 2.0629193e-11 -14.545395)
(-1.6663877 -1.5989046e-12 -15.464215)
(-1.6463538 -1.6239066e-11 -14.694507)
(-2.5043626 -1.1603358e-11 -16.132208)
(-2.375966 6.8262359e-12 -15.128862)
(-3.8184069 -9.8799609e-12 -16.69854)
(-3.6017278 -2.278188e-11 -15.706654)
(-5.1819789 5.8075795e-12 -16.57642)
(-4.7732373 4.770529e-12 -15.804817)
(-5.8811406 -1.1097226e-11 -15.774656)
(-5.4301735 1.0846983e-11 -15.230786)
(-5.926805 -9.188963e-12 -15.010995)
(-5.678979 -2.1398632e-11 -14.47094)
(-5.5851971 -2.5171982e-12 -14.720629)
(-5.5986904 8.9657888e-12 -14.226131)
(-5.1702003 -1.8403905e-11 -14.696409)
(-5.1688529 1.9769418e-12 -14.26696)
(-4.7444823 -1.9080626e-11 -14.730389)
(-4.6923807 -1.2749111e-12 -14.317867)
(-4.3790919 -3.9042446e-12 -14.744059)
(-4.3284982 -7.2932272e-12 -14.352847)
(-4.023656 1.2086972e-11 -14.70155)
(-4.0247097 3.0402915e-12 -14.340362)
(-3.6015618 1.3512901e-11 -14.62357)
(-3.6818665 -1.1379423e-12 -14.307166)
(-3.0751888 9.2958949e-12 -14.578951)
(-3.2480311 1.0302701e-11 -14.292694)
(-2.3813179 5.0474343e-12 -14.649775)
(-2.6739996 1.1775309e-11 -14.368524)
(-1.4746085 1.3236482e-11 -14.991224)
(-1.8545577 1.2568819e-11 -14.588706)
(-0.79010414 2.712823e-11 -15.244675)
(-0.0046474239 1.8849036e-09 -14.311991)
(-0.0025601331 -1.2732032e-10 -14.014922)
(-0.012125401 1.7955018e-09 -14.313031)
(-0.0088397577 5.0835014e-09 -14.013712)
(-0.019614582 -1.1826989e-09 -14.313095)
(-0.016193901 -2.0278743e-09 -14.013706)
(-0.02745938 -4.0826584e-11 -14.312762)
(-0.023633027 -1.2652299e-10 -14.01325)
(-0.036047498 1.7193414e-10 -14.312313)
(-0.031762311 1.4719162e-10 -14.012568)
(-0.045689866 1.7220622e-10 -14.311779)
(-0.040806611 1.940142e-10 -14.011726)
(-0.056714495 1.1940653e-10 -14.31114)
(-0.051058386 1.6600003e-10 -14.010686)
(-0.069503477 1.0324515e-10 -14.310377)
(-0.06286434 1.4089847e-10 -14.009411)
(-0.084501254 -4.8158546e-11 -14.309463)
(-0.076653884 1.0894874e-10 -14.007849)
(-0.10226321 -2.0569241e-10 -14.308375)
(-0.092890149 -1.7625956e-10 -14.005936)
(-0.12349409 -4.5714628e-11 -14.307091)
(-0.11219097 -2.5386557e-10 -14.003611)
(-0.14908347 1.4496635e-10 -14.305574)
(-0.13537438 1.1793972e-10 -14.000768)
(-0.18018776 1.6820051e-10 -14.303786)
(-0.16338341 1.4321012e-10 -13.997282)
(-0.21835117 5.5879593e-11 -14.301686)
(-0.19757926 1.8041523e-10 -13.992982)
(-0.26564393 -1.1810307e-10 -14.299238)
(-0.23970194 -9.0390011e-11 -13.987637)
(-0.32490032 -7.3953389e-11 -14.296436)
(-0.29214322 -1.6656203e-10 -13.980944)
(-0.40005332 2.3760317e-11 -14.293349)
(-0.35818692 9.8464796e-12 -13.972509)
(-0.49653687 -4.3962081e-11 -14.290178)
(-0.44244023 2.4938083e-11 -13.961851)
(-0.62141968 -7.110825e-11 -14.287085)
(-0.55123926 -1.2532141e-10 -13.948405)
(-0.7813109 -6.9525095e-11 -14.282107)
(-0.69241965 -4.6732999e-11 -13.931384)
(-0.97152173 -9.6824316e-11 -14.268)
(-0.87047296 -1.2434907e-10 -13.908091)
(-1.1658092 -9.6126749e-11 -14.234534)
(-1.0747183 -7.2072019e-11 -13.876655)
(-1.3526555 -5.1399302e-11 -14.203465)
(-1.2798343 -1.1539898e-10 -13.840326)
(-1.6135046 -4.6305072e-12 -14.278572)
(-1.5443241 4.2234588e-12 -13.839781)
(-2.1481917 -7.9677762e-12 -14.566602)
(-2.030261 -3.0405625e-11 -13.992983)
(-3.0831757 -4.1623969e-12 -15.009126)
(-2.8944382 -6.8543351e-12 -14.325194)
(-4.2658088 -8.3015447e-12 -15.234505)
(-4.0093747 -2.7220882e-11 -14.635172)
(-5.2705825 9.7737506e-12 -14.928682)
(-4.9266024 -5.9166444e-12 -14.48426)
(-5.6391595 7.3098508e-13 -14.311057)
(-5.3373393 -2.5816682e-12 -13.953859)
(-5.5088675 -3.4126341e-12 -13.912975)
(-5.391642 -1.9470576e-11 -13.511539)
(-5.152034 1.3497516e-11 -13.879349)
(-5.1812703 9.4935834e-12 -13.532804)
(-4.7146947 1.9122878e-11 -13.949608)
(-4.6986235 1.4590602e-11 -13.680671)
(-4.3065773 1.0542893e-11 -14.000462)
(-4.2322103 1.0930496e-11 -13.755292)
(-3.9774652 -3.9936017e-13 -14.019117)
(-3.9069838 -6.2717323e-12 -13.785091)
(-3.6596475 -1.0164723e-11 -14.013845)
(-3.6413755 -8.9758305e-12 -13.786043)
(-3.2765941 -4.4011284e-12 -14.025488)
(-3.331369 -1.2886126e-11 -13.806946)
(-2.7943346 1.277548e-11 -14.10308)
(-2.9350894 8.0479532e-12 -13.880648)
(-2.1626144 1.9293213e-11 -14.30238)
(-2.4047713 4.2615144e-12 -14.052747)
(-1.2867765 2.6398333e-11 -14.811072)
(-1.6483672 9.1443351e-12 -14.377532)
(-0.62796606 2.0453615e-11 -15.191623)
(-0.0050844235 1.768572e-09 -13.819586)
(-0.0029333821 -9.3444166e-10 -13.646298)
(-0.012305043 1.9066136e-09 -13.819296)
(-0.0090855039 5.3601653e-09 -13.64387)
(-0.019713337 -1.0813919e-09 -13.819081)
(-0.016273942 -1.9853589e-09 -13.643627)
(-0.027560247 4.9847781e-11 -13.818436)
(-0.023710151 4.1945235e-11 -13.642976)
(-0.036156505 1.6768984e-10 -13.817542)
(-0.03183618 2.6346014e-10 -13.642005)
(-0.045805254 1.8859346e-10 -13.81642)
(-0.040879671 2.353637e-10 -13.640772)
(-0.056830306 1.8809372e-10 -13.815029)
(-0.051124539 2.5177959e-10 -13.639223)
(-0.069614005 1.4727117e-10 -13.813316)
(-0.062916064 1.8521187e-10 -13.637302)
(-0.084597372 -1.3848784e-11 -13.811208)
(-0.076680353 1.6909481e-10 -13.634927)
(-0.10233151 -2.2313497e-10 -13.808624)
(-0.092876112 -2.1063866e-10 -13.631995)
(-0.12351831 -9.5860019e-11 -13.805455)
(-0.11211606 -2.4453873e-10 -13.628391)
(-0.1490414 1.1583169e-10 -13.80155)
(-0.13521055 1.3874929e-10 -13.623932)
(-0.18005051 1.549469e-10 -13.796709)
(-0.16309139 9.0231284e-11 -13.618389)
(-0.21808472 3.7374991e-11 -13.790662)
(-0.19710643 1.0348172e-10 -13.611446)
(-0.26521239 -1.3800136e-10 -13.783034)
(-0.23897778 -7.4873444e-11 -13.602656)
(-0.32428105 -8.4602141e-11 -13.773322)
(-0.29107362 -1.5698357e-10 -13.591398)
(-0.39929348 1.0876118e-11 -13.760851)
(-0.35665748 -1.2374377e-11 -13.576798)
(-0.49591967 -5.5028517e-11 -13.744747)
(-0.44035239 3.1732166e-11 -13.557623)
(-0.62193863 -1.0163613e-10 -13.723943)
(-0.54870243 -9.2661068e-11 -13.532223)
(-0.78606297 -1.0090959e-10 -13.696897)
(-0.69051747 -5.2258674e-11 -13.498409)
(-0.9899841 -1.0001198e-10 -13.663264)
(-0.87398397 -9.8263287e-11 -13.454625)
(-1.2224842 -9.1015793e-11 -13.628136)
(-1.0988637 -4.5964177e-11 -13.404515)
(-1.4927116 -6.0643599e-11 -13.614056)
(-1.3590591 -1.0107857e-10 -13.361846)
(-1.8781257 -2.131104e-11 -13.691472)
(-1.7335978 -2.2712641e-11 -13.365534)
(-2.5351948 -2.9449276e-11 -13.910946)
(-2.3540393 -3.4248196e-11 -13.48893)
(-3.477768 -2.9782201e-11 -14.160654)
(-3.2447534 -1.5031018e-11 -13.7149)
(-4.5033095 -2.496755e-11 -14.152918)
(-4.2249512 -1.9700854e-11 -13.799662)
(-5.2067147 -1.8291921e-11 -13.783426)
(-4.9357373 -1.19154e-11 -13.519023)
(-5.3340284 -2.268612e-11 -13.36187)
(-5.1646311 -1.3307819e-11 -13.08103)
(-5.0882907 -6.7253304e-12 -13.251362)
(-5.0778124 -1.2304447e-11 -12.918002)
(-4.7216175 1.0559256e-11 -13.396516)
(-4.7616726 1.6178617e-11 -13.131564)
(-4.2549649 6.4172888e-12 -13.528592)
(-4.230775 1.7052471e-11 -13.356243)
(-3.8633873 -5.7972227e-12 -13.584441)
(-3.7695667 9.2440559e-12 -13.445713)
(-3.5773968 -1.4834943e-11 -13.602925)
(-3.482093 -1.1310742e-11 -13.461194)
(-3.3072528 -1.167861e-11 -13.627909)
(-3.2631478 -7.5436566e-12 -13.470699)
(-2.9687408 -5.3399705e-13 -13.699565)
(-2.994974 2.3601738e-12 -13.531439)
(-2.5355551 -4.4895234e-13 -13.852564)
(-2.6419727 1.3068403e-11 -13.65986)
(-1.9503367 -5.9087843e-12 -14.13549)
(-2.1602593 -5.9057362e-12 -13.894148)
(-1.1259019 3.1512755e-12 -14.752829)
(-1.4730859 -6.9292524e-12 -14.288853)
(-0.50110708 6.9655699e-12 -15.206783)
(-0.0053669486 1.0834999e-09 -13.520191)
(-0.0031790364 -1.1198991e-09 -13.411923)
(-0.012426786 2.1359674e-09 -13.518664)
(-0.0092371923 5.7433234e-09 -13.408676)
(-0.019772296 -9.7898166e-10 -13.518184)
(-0.016309681 -2.0998464e-09 -13.408223)
(-0.02760922 2.4613143e-10 -13.517296)
(-0.02372999 -1.0043214e-10 -13.407412)
(-0.036198129 3.320832e-10 -13.516076)
(-0.031835634 1.8986949e-10 -13.406216)
(-0.04583532 2.9808957e-10 -13.514526)
(-0.040858405 1.9161705e-10 -13.404677)
(-0.056840138 2.5049354e-10 -13.512588)
(-0.051074003 1.6801638e-10 -13.40273)
(-0.069592847 2.0737304e-10 -13.510184)
(-0.062825246 1.015482e-10 -13.400306)
(-0.084530414 -2.0633877e-11 -13.507211)
(-0.076533081 1.1355776e-10 -13.397299)
(-0.10219785 -2.3147553e-10 -13.503543)
(-0.09265151 -1.6545994e-10 -13.393577)
(-0.12328966 -1.5752666e-11 -13.49901)
(-0.11178496 -1.579981e-10 -13.388984)
(-0.14867946 1.1382434e-10 -13.493377)
(-0.13473247 1.3581621e-10 -13.38328)
(-0.17950315 3.8595885e-11 -13.486331)
(-0.16241109 1.1085566e-10 -13.376161)
(-0.21728115 -6.6398247e-12 -13.47743)
(-0.19614692 7.1716862e-11 -13.367196)
(-0.26405893 -9.2941967e-11 -13.466055)
(-0.23763157 -4.3620542e-11 -13.35578)
(-0.32266046 -8.6264116e-11 -13.451331)
(-0.28918983 -1.0676471e-10 -13.341054)
(-0.39708182 8.0487545e-12 -13.432007)
(-0.35402895 -3.3380497e-11 -13.321781)
(-0.49309643 -4.7474092e-12 -13.406358)
(-0.43672732 5.3988058e-11 -13.296145)
(-0.61910893 -4.3638331e-11 -13.372142)
(-0.54398943 -4.2466171e-11 -13.261594)
(-0.78618978 -4.9228653e-11 -13.326848)
(-0.68539278 -2.5455459e-11 -13.21485)
(-1.0032093 -4.4630868e-11 -13.271861)
(-0.87250621 -5.988571e-11 -13.154637)
(-1.2742906 -5.560913e-11 -13.218483)
(-1.115389 -3.8914985e-11 -13.084106)
(-1.6199984 -6.3715836e-11 -13.195156)
(-1.4256892 -7.3517294e-11 -13.019137)
(-2.1028696 -3.5569643e-11 -13.247406)
(-1.8904761 -2.9381617e-11 -13.003523)
(-2.820549 -1.9958121e-11 -13.391305)
(-2.5891419 -2.313831e-11 -13.081062)
(-3.7194075 -4.9197207e-12 -13.488001)
(-3.4557601 -2.5465405e-11 -13.202713)
(-4.5882285 -6.6967845e-12 -13.333421)
(-4.3045477 -1.7996289e-11 -13.123951)
(-5.0527671 -6.9230072e-12 -12.973162)
(-4.8508947 -1.0694067e-11 -12.793686)
(-4.9987561 -2.9319155e-12 -12.739936)
(-4.9445835 -1.1651938e-11 -12.470866)
(-4.7030713 1.0441202e-11 -12.850055)
(-4.7523152 -8.0900777e-12 -12.533911)
(-4.2942852 2.2667132e-11 -13.117563)
(-4.3492155 1.5043659e-11 -12.887697)
(-3.7969263 1.991992e-11 -13.291227)
(-3.7741543 8.1616354e-13 -13.171233)
(-3.4168498 3.8343802e-12 -13.343497)
(-3.3089876 -1.1465634e-12 -13.265597)
(-3.1737155 -4.0379269e-12 -13.353736)
(-3.0531856 -9.2622365e-12 -13.258476)
(-2.9550296 6.4479581e-12 -13.397159)
(-2.8833738 4.0587426e-13 -13.268224)
(-2.6653099 1.5912981e-11 -13.50858)
(-2.661734 1.2332781e-11 -13.356596)
(-2.2813387 7.6971092e-12 -13.711206)
(-2.3568021 8.2773437e-12 -13.523065)
(-1.7496717 -6.9217142e-12 -14.050518)
(-1.927369 -7.6556973e-12 -13.800869)
(-0.98636442 -3.1743507e-12 -14.739743)
(-1.3161892 -1.7354759e-11 -14.245796)
(-0.39969469 -2.2918902e-12 -15.233793)
(-0.0055390537 1.8241188e-09 -13.320412)
(-0.0033437271 -3.7709534e-10 -13.241994)
(-0.012487212 2.2205246e-09 -13.318071)
(-0.0093225161 5.5158691e-09 -13.238151)
(-0.019772059 -1.3366478e-09 -13.317376)
(-0.016295453 -2.2408828e-09 -13.237508)
(-0.027578794 -1.6904734e-10 -13.316297)
(-0.023680311 -3.8406625e-10 -13.236558)
(-0.036137336 4.9344297e-11 -13.314822)
(-0.031744058 -1.0460939e-11 -13.235176)
(-0.045737663 6.2205553e-11 -13.312938)
(-0.040722399 1.397074e-10 -13.233384)
(-0.056694054 2.0664459e-11 -13.310571)
(-0.050882841 1.6416026e-11 -13.231108)
(-0.06938277 7.4814136e-12 -13.307628)
(-0.06256465 -3.9883772e-11 -13.228267)
(-0.084235715 -2.607993e-11 -13.30398)
(-0.076182121 1.0131961e-11 -13.224738)
(-0.10179003 -9.210729e-11 -13.299469)
(-0.092183745 -8.1192265e-11 -13.220367)
(-0.12272921 -1.0893116e-11 -13.293879)
(-0.11116321 -1.0974065e-10 -13.214964)
(-0.14791284 1.3319502e-10 -13.286912)
(-0.13390517 5.0507508e-11 -13.208244)
(-0.17845648 1.4447941e-10 -13.278165)
(-0.16130836 1.3480734e-10 -13.199843)
(-0.2158504 3.6111548e-11 -13.26707)
(-0.19467008 8.9519159e-11 -13.189241)
(-0.26209845 -5.674064e-11 -13.25282)
(-0.23564061 -4.1890768e-11 -13.175707)
(-0.31996704 -5.4646505e-11 -13.234256)
(-0.28648383 -7.5863356e-11 -13.158197)
(-0.39338547 1.1701263e-11 -13.209674)
(-0.35031901 -3.0746207e-11 -13.135183)
(-0.48813553 1.7163311e-11 -13.176705)
(-0.43165109 7.8761301e-11 -13.104387)
(-0.61310955 -2.4432646e-11 -13.13176)
(-0.53723092 6.8103634e-12 -13.062458)
(-0.78096713 -3.5825342e-11 -13.0723)
(-0.67703136 9.7210732e-13 -13.005503)
(-1.0077093 -5.4336387e-11 -12.999194)
(-0.86530859 -2.3351738e-11 -12.930914)
(-1.3117549 -5.6560829e-11 -12.921245)
(-1.1211342 -5.7010674e-11 -12.840083)
(-1.72007 -3.9503101e-11 -12.869455)
(-1.4703433 -2.9133587e-11 -12.746942)
(-2.2623679 -1.6993665e-11 -12.884877)
(-1.9979308 -1.8384896e-11 -12.69968)
(-3.0001008 -2.8630071e-11 -12.954489)
(-2.7317895 7.5901346e-13 -12.723757)
(-3.8392129 -3.8589876e-11 -12.930464)
(-3.5569742 -2.6675862e-11 -12.750504)
(-4.5618442 -2.2038668e-11 -12.694522)
(-4.2879358 -1.9105775e-11 -12.567915)
(-4.8451287 -1.5417294e-11 -12.384169)
(-4.7032553 -8.9924854e-12 -12.236048)
(-4.6678222 -1.6830581e-11 -12.317563)
(-4.6963135 -4.9386046e-12 -12.034374)
(-4.3390382 -3.6161896e-12 -12.594092)
(-4.4252607 -4.2692948e-13 -12.272287)
(-3.8787084 -6.730791e-12 -12.95154)
(-3.9540584 7.1266163e-12 -12.731318)
(-3.3481422 -2.0240094e-11 -13.152167)
(-3.3400022 -2.1489102e-11 -13.06447)
(-2.9705601 -1.4202179e-11 -13.189658)
(-2.8602519 -1.5845918e-11 -13.151143)
(-2.7643861 -4.8658417e-12 -13.184456)
(-2.6233019 -1.2154772e-11 -13.114384)
(-2.5974865 6.2338931e-12 -13.238081)
(-2.4988194 5.1282048e-12 -13.117327)
(-2.3589136 4.7159262e-12 -13.378186)
(-2.3255901 3.016186e-11 -13.225778)
(-2.0265215 -7.0036748e-12 -13.616314)
(-2.0725428 -6.8729004e-12 -13.421151)
(-1.5559007 -1.8046193e-11 -13.99654)
(-1.6983408 -6.8271289e-12 -13.731241)
(-0.86173221 -1.6536684e-11 -14.736455)
(-1.1704267 -1.9762782e-11 -14.215276)
(-0.31631665 -1.2339739e-11 -15.252685)
(-0.0056537193 1.8414145e-09 -13.167578)
(-0.0034619733 -3.6598771e-10 -13.102107)
(-0.012498896 1.7596042e-09 -13.164725)
(-0.0093656733 4.8068146e-09 -13.097818)
(-0.019713472 -1.3954275e-09 -13.163853)
(-0.016235863 -2.352659e-09 -13.096999)
(-0.027468085 -2.4138052e-10 -13.162615)
(-0.023564908 -2.8479012e-10 -13.095924)
(-0.035973012 7.4829821e-11 -13.160929)
(-0.031566008 9.9016426e-11 -13.094376)
(-0.045511647 9.7375895e-11 -13.158766)
(-0.04047769 2.0262106e-10 -13.09236)
(-0.056392463 -4.2784804e-11 -13.156042)
(-0.050559083 6.1843953e-11 -13.089794)
(-0.068986196 -3.8282299e-11 -13.15265)
(-0.062144907 1.9181768e-11 -13.086585)
(-0.083718673 -4.3282798e-11 -13.148443)
(-0.075641689 6.8894849e-11 -13.082598)
(-0.10111773 -9.8348447e-11 -13.143236)
(-0.091491432 -1.0578723e-10 -13.077659)
(-0.12185315 -5.0776071e-11 -13.136776)
(-0.11027533 -1.1164555e-10 -13.07155)
(-0.1467672 5.0943315e-11 -13.128716)
(-0.13276131 2.286606e-11 -13.063948)
(-0.17694993 8.042658e-11 -13.118583)
(-0.15982669 6.8057138e-11 -13.054439)
(-0.21385273 1.3083095e-11 -13.105709)
(-0.19273454 5.138171e-11 -13.042433)
(-0.25942323 -6.0635589e-11 -13.089139)
(-0.23308547 -5.4264099e-11 -13.027092)
(-0.31634511 -5.2433562e-11 -13.067489)
(-0.28306851 -1.0179952e-10 -13.007222)
(-0.38844023 3.5239825e-11 -13.038726)
(-0.34569663 -4.0661895e-11 -12.981053)
(-0.48145641 6.9077095e-11 -12.999708)
(-0.42540265 9.4696462e-11 -12.945936)
(-0.60439428 3.2268387e-11 -12.946434)
(-0.5287754 1.7367567e-11 -12.897945)
(-0.77101357 1.3650348e-11 -12.875057)
(-0.6658868 1.6146924e-12 -12.83226)
(-1.0030532 -2.5757673e-11 -12.784108)
(-0.85276487 -1.6957642e-11 -12.744009)
(-1.3296015 -2.9793817e-11 -12.680557)
(-1.115338 -5.4679176e-11 -12.632202)
(-1.7803811 -8.092206e-12 -12.596752)
(-1.4895432 -2.293386e-11 -12.508899)
(-2.3588011 -7.6466191e-13 -12.567031)
(-2.054159 -8.7452658e-12 -12.426073)
(-3.0932036 2.8973388e-12 -12.564401)
(-2.7995074 1.2729458e-11 -12.393898)
(-3.8641486 -7.2391987e-12 -12.455032)
(-3.5740891 -9.6040249e-12 -12.343376)
(-4.4546173 -6.1214841e-12 -12.184768)
(-4.2025377 -1.0315472e-11 -12.103665)
(-4.6057424 1.4626651e-12 -11.942957)
(-4.5132133 -4.7686228e-12 -11.798148)
(-4.3624912 1.1440109e-11 -12.017708)
(-4.4316925 1.7336043e-12 -11.710988)
(-3.993625 1.027439e-11 -12.420306)
(-4.1043763 4.7297037e-12 -12.085689)
(-3.4864848 -7.4778198e-12 -12.847696)
(-3.5843333 4.2393018e-12 -12.625482)
(-2.921049 -1.7124216e-11 -13.065529)
(-2.9378474 -3.4289136e-11 -13.001911)
(-2.5353374 -1.3817145e-11 -13.079667)
(-2.4381459 -2.3615717e-11 -13.071354)
(-2.3537691 -2.2453774e-12 -13.05262)
(-2.2020368 -2.124324e-11 -12.999575)
(-2.2335445 2.893775e-11 -13.109917)
(-2.1111791 1.1256983e-11 -12.989668)
(-2.0468426 1.8745051e-11 -13.271759)
(-1.9843653 3.14136e-11 -13.112466)
(-1.7693364 -6.6965498e-12 -13.53717)
(-1.7862229 -1.9257536e-11 -13.33071)
(-1.365833 -8.4866298e-12 -13.949327)
(-1.469515 -4.532321e-12 -13.666092)
(-0.74782956 -1.5597532e-11 -14.727786)
(-1.0320648 -1.724362e-11 -14.182163)
(-0.24608655 -1.7784122e-11 -15.257289)
(-0.0057317384 1.3062309e-09 -13.035331)
(-0.0035489979 -1.5901356e-09 -12.975122)
(-0.012472966 1.345427e-09 -13.032125)
(-0.009378454 4.5150702e-09 -12.970509)
(-0.019603808 -1.3613231e-09 -13.031098)
(-0.016137549 -2.3167327e-09 -12.969539)
(-0.027286456 3.9264667e-11 -13.029714)
(-0.023392956 -1.5233044e-10 -12.968337)
(-0.035717318 2.2330224e-10 -13.027837)
(-0.031313559 1.2451153e-10 -12.96663)
(-0.045172677 1.7103353e-10 -13.025421)
(-0.040139613 2.3882465e-10 -12.964399)
(-0.055954518 1.248273e-10 -13.022374)
(-0.050121647 1.1358365e-10 -12.961556)
(-0.068426896 1.25312e-10 -13.018578)
(-0.061588996 9.3187137e-11 -12.957998)
(-0.083008635 9.636773e-12 -13.013869)
(-0.07493963 1.0234012e-10 -12.953579)
(-0.1002171 -1.1898564e-10 -13.00804)
(-0.090608024 -9.8811131e-11 -12.948106)
(-0.12070651 -4.0047418e-11 -13.000806)
(-0.10916163 -9.284488e-11 -12.941334)
(-0.14529909 3.9351163e-11 -12.99178)
(-0.13134987 2.0587633e-11 -12.93291)
(-0.17505547 3.9227941e-11 -12.980428)
(-0.15802597 3.3546326e-11 -12.922374)
(-0.21138178 -1.4704666e-11 -12.966)
(-0.19041469 3.521165e-11 -12.90907)
(-0.25615876 -9.4897857e-11 -12.94742)
(-0.2300606 -4.6125616e-11 -12.892075)
(-0.31197137 -9.0664174e-11 -12.923116)
(-0.27906764 -9.1985923e-11 -12.870059)
(-0.38251445 1.7466799e-11 -12.890802)
(-0.34035177 -5.7589596e-11 -12.84104)
(-0.47349051 4.3704581e-11 -12.846827)
(-0.41821697 8.4280633e-11 -12.802045)
(-0.59350987 -1.3146212e-11 -12.786436)
(-0.51896153 -8.1459986e-12 -12.748717)
(-0.75710565 -2.8836882e-11 -12.704088)
(-0.65245445 -2.6090049e-11 -12.674956)
(-0.98971789 -4.5578837e-11 -12.59556)
(-0.83553183 -4.3827567e-11 -12.573493)
(-1.3283483 -4.8059232e-11 -12.46574)
(-1.0985655 -4.8653869e-11 -12.440353)
(-1.8047836 -2.3689247e-11 -12.348038)
(-1.4850285 -5.1081168e-11 -12.287418)
(-2.4021515 4.5994475e-12 -12.272376)
(-2.0668125 -4.8787236e-12 -12.167934)
(-3.1168191 3.7715306e-13 -12.207473)
(-2.8068928 3.1467834e-12 -12.083394)
(-3.8168985 -1.2675543e-11 -12.042474)
(-3.527526 1.1992457e-12 -11.973907)
(-4.2933944 -8.9967645e-12 -11.769609)
(-4.0673913 -1.3325288e-11 -11.710061)
(-4.348503 -4.5361877e-12 -11.602352)
(-4.294519 -5.6088553e-13 -11.447251)
(-4.0683296 -4.9934447e-12 -11.794835)
(-4.1586935 -1.2385602e-11 -11.462694)
(-3.6690987 -1.3022479e-12 -12.295445)
(-3.794278 -3.069558e-12 -11.94464)
(-3.1243669 -2.2364272e-11 -12.78012)
(-3.2428815 -8.2106277e-12 -12.549906)
(-2.5276853 -4.0835403e-11 -13.008087)
(-2.5727285 -3.2823944e-11 -12.964785)
(-2.1258177 -3.1053185e-11 -12.992635)
(-2.0575534 -2.2800412e-11 -13.012764)
(-1.9510448 -7.9000395e-12 -12.93883)
(-1.8039596 -1.5557862e-11 -12.901018)
(-1.8659971 1.3637376e-11 -12.99421)
(-1.727181 9.7302952e-12 -12.872329)
(-1.7293726 -6.3534226e-12 -13.17232)
(-1.6394434 2.2160982e-11 -13.004243)
(-1.5095134 -1.7159282e-11 -13.459414)
(-1.4982064 -1.2133682e-11 -13.240272)
(-1.1781399 -1.3233379e-11 -13.897642)
(-1.2401398 -3.3659862e-12 -13.596683)
(-0.6422043 -1.9427764e-11 -14.707643)
(-0.89946431 -1.2945784e-11 -14.139799)
(-0.18586042 -2.2669276e-12 -15.246102)
(-0.0057813547 9.2402238e-11 -12.911146)
(-0.0036124933 -1.5255558e-09 -12.85433)
(-0.012417178 1.473983e-09 -12.907693)
(-0.009367633 4.2788345e-09 -12.849442)
(-0.019451308 -1.2326096e-09 -12.906528)
(-0.016008594 -2.2998095e-09 -12.848324)
(-0.027045681 -7.8864084e-11 -12.904997)
(-0.023176889 -1.983423e-10 -12.847007)
(-0.035385602 1.3617201e-10 -12.902929)
(-0.031003362 2.9570859e-11 -12.845153)
(-0.044739782 1.8488621e-10 -12.900265)
(-0.039729235 2.7332411e-10 -12.842723)
(-0.055403179 8.2432445e-11 -12.896904)
(-0.049596327 6.0127988e-11 -12.839627)
(-0.067732321 7.0023575e-11 -12.892715)
(-0.060927969 8.818724e-11 -12.835748)
(-0.082138176 -2.3673491e-12 -12.887522)
(-0.074113089 7.1736842e-11 -12.830932)
(-0.099126662 -7.2770143e-11 -12.881093)
(-0.089577692 -3.5648979e-11 -12.824969)
(-0.11933496 -3.3933196e-11 -12.873116)
(-0.10787465 -8.4277815e-11 -12.817592)
(-0.14356307 1.4602391e-11 -12.863166)
(-0.12973374 3.4474353e-11 -12.808419)
(-0.17283898 2.9508643e-11 -12.850656)
(-0.155982 3.2111906e-11 -12.796951)
(-0.20851868 4.7606508e-12 -12.83476)
(-0.18780309 2.3003698e-11 -12.782478)
(-0.25240824 -4.2703367e-11 -12.814294)
(-0.22668127 -9.8653776e-12 -12.763999)
(-0.30698388 -5.9270107e-11 -12.787538)
(-0.27463365 -7.7413781e-11 -12.740071)
(-0.37584155 7.8317467e-12 -12.751815)
(-0.33450102 -4.5140359e-11 -12.708534)
(-0.46442184 3.3286737e-11 -12.703294)
(-0.41035664 7.0836163e-11 -12.666175)
(-0.58086604 -2.0932295e-11 -12.636402)
(-0.50815454 -1.4009181e-11 -12.608123)
(-0.73986891 -4.0932789e-11 -12.543487)
(-0.63731916 -3.4515084e-11 -12.527091)
(-0.96873252 -4.6864265e-11 -12.417613)
(-0.81457754 -4.0265466e-11 -12.413292)
(-1.3096502 -5.1657404e-11 -12.262581)
(-1.0724 -5.1277808e-11 -12.258952)
(-1.7972171 -3.2605656e-11 -12.111929)
(-1.4595133 -6.0585011e-11 -12.074921)
(-2.401719 -6.3871526e-12 -11.993085)
(-2.042729 -1.339715e-11 -11.919258)
(-3.0851232 3.9818665e-12 -11.877545)
(-2.7658622 -1.689936e-12 -11.789086)
(-3.7151166 6.4265267e-13 -11.679982)
(-3.4327853 4.4385913e-12 -11.637051)
(-4.096625 -4.9682373e-12 -11.424867)
(-3.8961443 -6.487425e-12 -11.371407)
(-4.0835436 -8.3398902e-12 -11.33131)
(-4.0563906 5.025072e-12 -11.159663)
(-3.7824909 -1.0515282e-11 -11.621179)
(-3.882241 -2.7660845e-11 -11.264777)
(-3.3652571 -9.9493657e-12 -12.200232)
(-3.4962953 -7.668307e-12 -11.831144)
(-2.7930064 -1.8537924e-11 -12.733599)
(-2.9269812 -1.0933582e-11 -12.492897)
(-2.1768313 -1.4841175e-11 -12.969114)
(-2.2440398 -1.6256864e-11 -12.94273)
(-1.7562511 -7.341679e-12 -12.92116)
(-1.7282444 -1.6720231e-11 -12.972734)
(-1.5691374 1.9484751e-12 -12.834716)
(-1.4454538 -9.1851561e-12 -12.81908)
(-1.5018166 1.8194698e-11 -12.882534)
(-1.358677 1.0313652e-11 -12.763237)
(-1.409624 1.6539552e-11 -13.071684)
(-1.2956983 1.1562228e-11 -12.896623)
(-1.2489329 1.6201104e-12 -13.37622)
(-1.2116635 7.7284413e-12 -13.14678)
(-0.99302754 -3.0363654e-12 -13.836905)
(-1.0115079 -2.8593006e-12 -13.520358)
(-0.54337617 4.1694058e-12 -14.673942)
(-0.77206365 -9.812383e-12 -14.085674)
(-0.1335694 9.4610568e-12 -15.219147)
(-0.0058090823 1.2097789e-09 -12.792287)
(-0.0036575573 3.089702e-10 -12.736549)
(-0.012339057 1.1031002e-09 -12.78858)
(-0.0093373785 4.2555458e-09 -12.731418)
(-0.019267788 -1.3867808e-09 -12.787279)
(-0.015855691 -2.1978155e-09 -12.730156)
(-0.026762851 -9.9605792e-11 -12.785627)
(-0.0229274 -2.1629427e-10 -12.728732)
(-0.03500019 1.5848806e-10 -12.7834)
(-0.030649725 8.0152431e-12 -12.726743)
(-0.044240791 1.5454336e-10 -12.780525)
(-0.039264479 3.3405665e-10 -12.724131)
(-0.054772316 6.5210129e-11 -12.776895)
(-0.049004815 2.7758947e-11 -12.7208)
(-0.066943283 9.0245018e-11 -12.772371)
(-0.060187607 7.4849601e-11 -12.716626)
(-0.081156185 4.0452066e-11 -12.766763)
(-0.073192428 6.4453833e-11 -12.711445)
(-0.09790487 -4.6343461e-11 -12.759824)
(-0.088435977 2.9169488e-11 -12.705034)
(-0.11780868 -1.7674454e-11 -12.751216)
(-0.10645596 -1.316765e-10 -12.697104)
(-0.14164396 5.2016757e-11 -12.740483)
(-0.12796162 9.6066146e-11 -12.68725)
(-0.17040414 2.5723963e-11 -12.726996)
(-0.15375225 3.7859729e-11 -12.674941)
(-0.20539231 8.7696346e-12 -12.709869)
(-0.18496842 1.653003e-11 -12.659417)
(-0.24833685 -4.382414e-11 -12.68783)
(-0.22303121 -7.7831592e-13 -12.639614)
(-0.30160932 -6.3620653e-11 -12.659048)
(-0.26988708 -1.187181e-10 -12.613992)
(-0.36873696 1.6725719e-11 -12.620649)
(-0.32827444 -1.917648e-11 -12.58027)
(-0.45464695 2.4326659e-11 -12.568443)
(-0.40199696 8.1539737e-11 -12.535009)
(-0.56710144 -2.7411937e-11 -12.496037)
(-0.49660035 -2.5237536e-11 -12.472885)
(-0.72024402 -3.3799799e-11 -12.393848)
(-0.62090772 -8.511295e-12 -12.385627)
(-0.94170264 -4.4591543e-11 -12.25129)
(-0.79076373 -4.2741496e-11 -12.26104)
(-1.276866 -6.0134857e-11 -12.068635)
(-1.0386436 -5.4572923e-11 -12.086833)
(-1.7623699 -4.1718662e-11 -11.883463)
(-1.4163111 -5.4738661e-11 -11.870345)
(-2.3654085 -8.7812807e-12 -11.725942)
(-1.9880147 -5.4945455e-12 -11.678076)
(-3.0094155 -1.2740898e-12 -11.571162)
(-2.6860173 1.0122299e-11 -11.509796)
(-3.5725778 -2.6214132e-12 -11.358194)
(-3.3014556 1.0346632e-11 -11.32876)
(-3.8758792 3.434787e-12 -11.132912)
(-3.6985987 -2.1575408e-14 -11.075879)
(-3.8155935 -1.4101257e-11 -11.108959)
(-3.8050881 1.1999032e-11 -10.918291)
(-3.5033583 -2.4928826e-11 -11.479325)
(-3.605039 -1.9061347e-11 -11.101208)
(-3.0776528 -8.6343757e-12 -12.123142)
(-3.2091595 -5.359127e-12 -11.734121)
(-2.4890148 -8.6238917e-12 -12.700394)
(-2.6307135 7.5232587e-12 -12.447621)
(-1.8704986 -1.8133505e-11 -12.945714)
(-1.9476222 -5.4339902e-12 -12.930957)
(-1.4378845 -1.8601775e-11 -12.869738)
(-1.4512317 -1.2676136e-11 -12.947318)
(-1.2230059 -9.1558944e-13 -12.74606)
(-1.1387327 -1.5545275e-11 -12.756373)
(-1.1520815 3.6752353e-12 -12.775789)
(-1.0208884 -9.4833402e-13 -12.666734)
(-1.0941477 2.768872e-12 -12.969849)
(-0.96160458 -9.0352629e-12 -12.791057)
(-0.99091604 3.2967345e-12 -13.288508)
(-0.9317505 6.9967235e-12 -13.050124)
(-0.81167643 -9.6048151e-12 -13.766581)
(-0.78627486 -7.2590992e-12 -13.436272)
(-0.4505322 -4.6031152e-12 -14.626284)
(-0.64982174 -5.3472878e-12 -14.018873)
(-0.087829315 1.8320052e-12 -15.177138)
(-0.0058186374 2.3680932e-09 -12.675232)
(-0.0036874654 -8.8674079e-12 -12.618982)
(-0.012241207 1.5412991e-09 -12.671339)
(-0.0092891934 4.4732894e-09 -12.613674)
(-0.019058612 -1.1416475e-09 -12.669915)
(-0.015681501 -2.1058332e-09 -12.612288)
(-0.026445831 -1.1821832e-10 -12.668142)
(-0.022649024 -2.8982402e-10 -12.610753)
(-0.034571071 1.7256894e-10 -12.665758)
(-0.030258693 -4.644953e-11 -12.608627)
(-0.04368765 2.1586003e-10 -12.662677)
(-0.038752673 3.7403711e-10 -12.605831)
(-0.054075768 3.6269533e-11 -12.658786)
(-0.048355559 8.6209502e-12 -12.602265)
(-0.066075533 4.9276129e-11 -12.653936)
(-0.059377356 1.8976567e-11 -12.597797)
(-0.080080354 5.3827371e-11 -12.647929)
(-0.072187984 2.2306998e-11 -12.592253)
(-0.096571376 -5.3473829e-11 -12.640499)
(-0.087193986 -3.0343744e-12 -12.585398)
(-0.11614934 -2.139597e-11 -12.631288)
(-0.10491725 -1.237667e-10 -12.576923)
(-0.13956565 8.2719445e-11 -12.619812)
(-0.12604562 1.4866357e-10 -12.566401)
(-0.16777744 2.8939794e-11 -12.605405)
(-0.15134903 5.7454871e-11 -12.553269)
(-0.20203298 7.188482e-12 -12.587128)
(-0.18192295 1.4723098e-11 -12.536724)
(-0.24398154 -7.4359886e-11 -12.56365)
(-0.21912584 -3.6439817e-11 -12.515646)
(-0.29592939 -7.5312168e-11 -12.532957)
(-0.26485348 -1.0558292e-10 -12.488408)
(-0.36119979 4.4648983e-11 -12.492134)
(-0.32167653 -1.6681196e-12 -12.452614)
(-0.44425569 3.2965238e-11 -12.436707)
(-0.39312368 9.7124962e-11 -12.404622)
(-0.55235497 -6.4837427e-12 -12.359503)
(-0.48431863 -3.7162396e-11 -12.338784)
(-0.69858791 -1.7167487e-11 -12.249429)
(-0.60331853 -2.5362942e-11 -12.246075)
(-0.90953529 -5.2628905e-11 -12.092442)
(-0.76453064 -5.8966144e-11 -12.11232)
(-1.2318592 -4.9175471e-11 -11.884266)
(-0.99868116 -6.280821e-11 -11.920963)
(-1.705301 -1.8871611e-11 -11.664161)
(-1.358647 -4.1318405e-11 -11.674731)
(-2.2970956 1.3300522e-11 -11.470223)
(-1.9080534 1.6198061e-11 -11.444531)
(-2.8988167 2.1741525e-11 -11.285842)
(-2.5751287 1.163803e-11 -11.244856)
(-3.3997052 1.3012966e-11 -11.069668)
(-3.1421221 2.7257166e-11 -11.045359)
(-3.6387136 8.4684348e-12 -10.880832)
(-3.4818193 2.2534813e-12 -10.814462)
(-3.5456141 7.2238893e-12 -10.921209)
(-3.5448256 1.0363284e-11 -10.710985)
(-3.228989 4.295653e-13 -11.358164)
(-3.3281466 -3.2860654e-12 -10.961203)
(-2.8003671 1.0726912e-11 -12.056961)
(-2.9302383 6.9804888e-12 -11.647174)
(-2.206908 1.0782847e-11 -12.676146)
(-2.3471266 1.8405256e-11 -12.409191)
(-1.6025705 6.1110582e-14 -12.931753)
(-1.6780635 3.8456527e-12 -12.924612)
(-1.172715 -9.6051402e-12 -12.832321)
(-1.2201293 -1.4375046e-11 -12.927937)
(-0.92423061 -1.5649593e-11 -12.673859)
(-0.88747856 -6.2902083e-12 -12.708895)
(-0.82999272 -1.3620316e-11 -12.678594)
(-0.72829391 -1.6836829e-11 -12.58559)
(-0.79131127 -4.8816605e-12 -12.868065)
(-0.64847192 -2.2082794e-11 -12.690657)
(-0.7401099 -3.4948791e-12 -13.194401)
(-0.664953 2.4483107e-12 -12.949668)
(-0.63623574 -3.009959e-12 -13.685392)
(-0.56815985 -1.0267165e-11 -13.343142)
(-0.36325616 1.0571451e-12 -14.56486)
(-0.53295894 1.4613449e-12 -13.93929)
(-0.047687001 4.771961e-12 -15.120907)
(-0.0058123733 9.7578955e-10 -12.557383)
(-0.0037041456 -1.1662813e-09 -12.500264)
(-0.012124523 1.4242588e-09 -12.553348)
(-0.0092236503 4.688477e-09 -12.494823)
(-0.018825509 -1.3587796e-09 -12.551808)
(-0.015487323 -2.1198486e-09 -12.493326)
(-0.026097428 -2.2841159e-10 -12.549912)
(-0.022344008 -3.8351809e-10 -12.491678)
(-0.034101827 1.4081303e-10 -12.547366)
(-0.029833344 -2.0664663e-11 -12.489409)
(-0.043084469 1.7704335e-10 -12.544077)
(-0.038197523 4.5309834e-10 -12.486425)
(-0.053317977 -8.9202677e-12 -12.539923)
(-0.047652739 -1.2341803e-11 -12.482621)
(-0.065133697 -8.0623123e-12 -12.534747)
(-0.05850175 -1.3688119e-11 -12.477854)
(-0.07891534 -3.4083522e-11 -12.52834)
(-0.071104516 -3.3577538e-12 -12.471944)
(-0.095130669 -7.1308316e-11 -12.52042)
(-0.085856604 -9.0513571e-11 -12.464639)
(-0.11436106 4.215384e-11 -12.510609)
(-0.10326337 7.1549492e-12 -12.455616)
(-0.13733169 1.2466877e-10 -12.498397)
(-0.12399037 1.777156e-10 -12.444422)
(-0.16496181 4.3787101e-11 -12.483083)
(-0.14877656 1.2428472e-10 -12.430466)
(-0.19844369 -2.8295081e-11 -12.46368)
(-0.17867033 6.6229304e-11 -12.412905)
(-0.23935322 -6.6893458e-11 -12.438803)
(-0.21497874 -4.6659549e-11 -12.390562)
(-0.28996184 -3.3022733e-11 -12.406323)
(-0.25952869 -1.0835772e-11 -12.361728)
(-0.35321014 4.9838181e-11 -12.363174)
(-0.31469653 -1.2253168e-11 -12.323885)
(-0.43326577 2.824201e-11 -12.304664)
(-0.38372357 9.4965071e-11 -12.273252)
(-0.53670556 -5.6145189e-11 -12.223143)
(-0.47131496 -3.8485502e-11 -12.203917)
(-0.67522604 -6.6881323e-11 -12.106318)
(-0.58462922 -5.0240384e-11 -12.106315)
(-0.87322119 -6.9114932e-11 -11.937184)
(-0.73627551 -6.5863324e-11 -11.964767)
(-1.176708 -5.5114057e-11 -11.706807)
(-0.9538302 -7.2399622e-11 -11.75904)
(-1.6294106 -6.6657811e-12 -11.453316)
(-1.2892996 -2.0987863e-11 -11.486788)
(-2.1992515 1.4567254e-11 -11.225625)
(-1.8074651 1.7290715e-11 -11.218889)
(-2.7606527 1.7049487e-11 -11.019402)
(-2.4394248 1.1949697e-11 -10.993224)
(-3.2043154 1.6658041e-11 -10.808502)
(-2.9612433 2.6210677e-11 -10.783681)
(-3.3901546 4.0982471e-12 -10.659196)
(-3.2509374 6.565555e-12 -10.580252)
(-3.2739861 -6.5396567e-14 -10.758147)
(-3.2783982 5.2260827e-12 -10.529047)
(-2.957442 3.2058266e-12 -11.250874)
(-3.0516332 -5.5643151e-13 -10.837426)
(-2.5289137 1.4595339e-11 -11.997235)
(-2.6565478 1.587403e-11 -11.567106)
(-1.9399386 1.1546367e-11 -12.655304)
(-2.0696593 1.704382e-11 -12.374049)
(-1.3658912 -1.0495574e-11 -12.919812)
(-1.4309869 1.0756337e-11 -12.918101)
(-0.95594359 -1.1100959e-11 -12.802485)
(-1.0254266 -1.7573402e-11 -12.907382)
(-0.67893381 -7.4257302e-12 -12.616287)
(-0.68725436 4.5313044e-12 -12.671259)
(-0.54765499 -2.5274322e-11 -12.592471)
(-0.49027547 -2.1163879e-11 -12.519414)
(-0.51159371 -1.4866434e-11 -12.767547)
(-0.36913403 -3.4647536e-11 -12.597458)
(-0.50250924 -4.2666838e-12 -13.093869)
(-0.41891266 7.3206198e-12 -12.84638)
(-0.46951454 -5.8473134e-12 -13.593211)
(-0.36194369 -8.0806012e-12 -13.240926)
(-0.28138046 5.1620097e-12 -14.49019)
(-0.42185264 -8.4711579e-13 -13.847434)
(-0.012468367 1.620881e-11 -15.051286)
(-0.0057914083 1.0827165e-09 -12.438164)
(-0.0037086123 -1.2054771e-09 -12.380286)
(-0.011989806 1.763308e-09 -12.434016)
(-0.0091411091 5.3739445e-09 -12.374745)
(-0.018570092 -1.2447602e-09 -12.432366)
(-0.01527424 -1.7910948e-09 -12.373148)
(-0.025720143 -1.9121173e-10 -12.43034)
(-0.022014116 -2.8696157e-10 -12.371384)
(-0.033595689 2.7561516e-10 -12.427628)
(-0.029376102 3.3410436e-11 -12.368969)
(-0.042435083 2.7676293e-10 -12.424125)
(-0.037602022 5.4787655e-10 -12.365793)
(-0.052503293 -1.707738e-11 -12.419703)
(-0.046899846 3.3287592e-11 -12.361748)
(-0.064122586 -9.1999033e-12 -12.414196)
(-0.057564733 -3.1950598e-12 -12.356679)
(-0.07766637 -5.8167128e-11 -12.407382)
(-0.06994638 2.1235995e-11 -12.350399)
(-0.093588348 -1.3683554e-11 -12.398965)
(-0.084428604 -1.1020308e-10 -12.342642)
(-0.11244976 1.401254e-10 -12.388547)
(-0.10149948 6.5956941e-11 -12.333066)
(-0.1349483 1.7807539e-10 -12.375593)
(-0.12180141 1.7546759e-10 -12.321197)
(-0.1619639 1.4747269e-10 -12.359369)
(-0.14604075 1.781972e-10 -12.306414)
(-0.19463207 4.921104e-11 -12.338846)
(-0.17521846 1.3758213e-10 -12.287834)
(-0.23448553 8.9995049e-12 -12.312518)
(-0.21060605 -4.0759473e-11 -12.264223)
(-0.28366124 9.9485762e-12 -12.278244)
(-0.25391288 1.9208668e-11 -12.233784)
(-0.34477584 3.1821349e-11 -12.232849)
(-0.30732214 6.2728473e-12 -12.193913)
(-0.42169395 2.9474485e-11 -12.171364)
(-0.37380435 8.4099154e-11 -12.140689)
(-0.5202289 -3.2477494e-11 -12.085852)
(-0.45760886 -6.4745477e-11 -12.06801)
(-0.65047176 -4.9092079e-11 -11.963172)
(-0.56492683 -4.4538966e-11 -11.965931)
(-0.83377102 -6.9096099e-11 -11.783987)
(-0.70637143 -9.067226e-11 -11.817745)
(-1.1136577 -3.866318e-11 -11.534875)
(-0.90537041 -4.5646035e-11 -11.600294)
(-1.5379131 2.6910764e-12 -11.250033)
(-1.2110163 -4.508147e-11 -11.305995)
(-2.0781089 1.4710269e-11 -10.99131)
(-1.6905834 1.3853855e-11 -11.00262)
(-2.6008054 2.1015762e-11 -10.769815)
(-2.2839054 4.1026134e-12 -10.754074)
(-2.9922496 1.6244184e-11 -10.570071)
(-2.7637517 2.7140571e-11 -10.541077)
(-3.1338027 7.7016628e-12 -10.461081)
(-3.0097312 -6.5152335e-12 -10.367931)
(-3.0009011 4.7694794e-12 -10.613066)
(-3.0076844 -2.4326498e-12 -10.366314)
(-2.6869893 1.2017299e-11 -11.153351)
(-2.7751887 -7.6603866e-12 -10.725239)
(-2.2592055 1.831601e-11 -11.941406)
(-2.385123 -1.2491999e-12 -11.492374)
(-1.6830758 1.6287606e-11 -12.634185)
(-1.7930502 1.1491661e-11 -12.340978)
(-1.154034 3.8261072e-12 -12.904463)
(-1.2039211 1.8171663e-11 -12.907351)
(-0.77816649 -2.0528128e-12 -12.773896)
(-0.85760843 7.2463322e-12 -12.880569)
(-0.48619425 -9.080851e-12 -12.569509)
(-0.52820557 7.0957839e-12 -12.637099)
(-0.31345906 -3.0472874e-11 -12.517864)
(-0.30758626 -2.2974159e-11 -12.465515)
(-0.26584437 -1.265485e-11 -12.67017)
(-0.13551482 -4.3481999e-11 -12.512843)
(-0.28491904 3.5760941e-12 -12.987968)
(-0.20145455 1.3488592e-11 -12.742112)
(-0.31504677 -3.1121368e-12 -13.490731)
(-0.17309412 -1.7775067e-12 -13.130178)
(-0.20489174 1.012678e-11 -14.403121)
(-0.31697808 5.1254951e-12 -13.744554)
(0.018327894 2.3266582e-11 -14.969101)
(-0.0057564437 1.4409082e-09 -12.317734)
(-0.0037015285 -6.8256855e-10 -12.259312)
(-0.011837645 2.4709338e-09 -12.313492)
(-0.0090419397 5.3582638e-09 -12.253693)
(-0.01829346 -9.2006168e-10 -12.311736)
(-0.01504302 -1.5739222e-09 -12.252005)
(-0.025315622 -7.5968165e-11 -12.309579)
(-0.021660503 -5.3331323e-11 -12.250123)
(-0.033054774 2.8829169e-10 -12.3067)
(-0.028888543 1.196903e-10 -12.24756)
(-0.041742068 3.1883046e-10 -12.302982)
(-0.036968119 6.2100221e-10 -12.244191)
(-0.051634726 4.8046808e-11 -12.29829)
(-0.04609917 1.1529278e-10 -12.239901)
(-0.063045598 2.6730469e-11 -12.292449)
(-0.056568933 6.5742516e-11 -12.234529)
(-0.076337238 -2.8354773e-11 -12.285226)
(-0.068716552 8.1765557e-11 -12.227875)
(-0.091948612 -3.3509104e-11 -12.27631)
(-0.082913362 -2.5342601e-11 -12.219663)
(-0.11042005 9.9633904e-11 -12.265283)
(-0.09962942 -5.6233412e-11 -12.209531)
(-0.13242056 1.755513e-10 -12.251584)
(-0.11948307 1.1288922e-10 -12.196984)
(-0.1587897 1.6882913e-10 -12.234444)
(-0.14314652 2.1847686e-10 -12.181374)
(-0.19060899 4.9738363e-11 -12.212803)
(-0.17157995 1.6394401e-10 -12.161778)
(-0.22939453 -3.1219039e-11 -12.185057)
(-0.20601033 -2.4746691e-11 -12.136895)
(-0.27701401 1.5668066e-11 -12.14898)
(-0.24800683 -6.3222063e-11 -12.104862)
(-0.33590569 5.778769e-11 -12.101317)
(-0.29955702 4.5925541e-11 -12.063002)
(-0.40955634 -8.7425552e-12 -12.036937)
(-0.36338131 6.7264191e-11 -12.007266)
(-0.50298906 -7.6985933e-11 -11.947683)
(-0.44322925 -7.9191443e-11 -11.931387)
(-0.62459358 -8.5735661e-11 -11.819871)
(-0.54430258 -6.9016105e-11 -11.825184)
(-0.79211058 -6.7579763e-11 -11.632491)
(-0.67514678 -7.74568e-11 -11.671344)
(-1.044891 -5.2069081e-11 -11.368068)
(-0.85445131 1.1041162e-12 -11.444606)
(-1.4340639 -3.4347344e-11 -11.055797)
(-1.1264253 -6.9744781e-11 -11.132278)
(-1.9392844 3.3135506e-12 -10.768563)
(-1.5614347 2.9824743e-11 -10.797567)
(-2.4240069 1.0073365e-11 -10.535391)
(-2.1126855 -2.0915749e-12 -10.526936)
(-2.7678419 4.5965891e-12 -10.350684)
(-2.5534561 3.4592508e-11 -10.315177)
(-2.8721347 -1.6675624e-11 -10.281495)
(-2.7610437 -1.8249155e-11 -10.173461)
(-2.7264671 -1.4832084e-11 -10.481487)
(-2.7340027 -8.7826184e-12 -10.218534)
(-2.4161099 -2.096492e-11 -11.063318)
(-2.498373 -2.4575537e-11 -10.621676)
(-1.9883168 -8.145297e-12 -11.889226)
(-2.1120147 -7.8208695e-12 -11.422328)
(-1.4326663 1.3339687e-11 -12.611168)
(-1.5138375 7.1539228e-12 -12.309703)
(-0.96219725 2.1649442e-11 -12.881988)
(-0.99539417 2.1233389e-11 -12.889048)
(-0.628951 1.6396344e-11 -12.74136)
(-0.7089138 1.5881949e-11 -12.844692)
(-0.33825992 -6.6499931e-12 -12.528171)
(-0.39926269 1.139828e-11 -12.600614)
(-0.13050093 -3.5885803e-11 -12.453058)
(-0.1720925 -9.9305819e-12 -12.418913)
(-0.063246599 -1.7602581e-11 -12.577304)
(0.04492188 -4.8089496e-11 -12.436319)
(-0.093993641 8.2039388e-12 -12.87819)
(-0.019184089 1.0050514e-11 -12.639036)
(-0.17576287 6.4301806e-12 -13.379356)
(-0.0072894067 1.2819454e-11 -13.011865)
(-0.13383369 1.818804e-11 -14.304983)
(-0.21884311 1.0399675e-11 -13.632153)
(0.0451165 2.6500091e-11 -14.875157)
(-0.005708043 1.7245689e-09 -12.196422)
(-0.0036835337 8.2779572e-11 -12.137715)
(-0.011668605 1.943625e-09 -12.192101)
(-0.0089267344 4.6472933e-09 -12.132039)
(-0.017996435 -7.9492274e-10 -12.190241)
(-0.014794356 -1.8775283e-09 -12.130266)
(-0.024884991 1.3495703e-10 -12.187951)
(-0.021284108 5.2911824e-11 -12.128265)
(-0.032480525 4.3545941e-10 -12.1849)
(-0.028371923 2.3397168e-10 -12.125551)
(-0.04100715 4.3163932e-10 -12.180962)
(-0.036297401 6.0709411e-10 -12.121987)
(-0.050714262 1.3417328e-10 -12.175997)
(-0.045252634 1.3708502e-10 -12.117451)
(-0.061905043 1.2043872e-10 -12.169817)
(-0.055516649 1.1541549e-10 -12.111773)
(-0.074930625 8.6765334e-11 -12.162181)
(-0.067417755 9.5705379e-11 -12.104745)
(-0.090214581 -4.7549843e-11 -12.152761)
(-0.08131413 3.5615237e-11 -12.096076)
(-0.10827556 -4.5542404e-11 -12.141122)
(-0.097657083 -1.2769152e-10 -12.085389)
(-0.12975283 1.5434558e-10 -12.126677)
(-0.11704006 2.135742e-11 -12.072167)
(-0.15544476 2.1429065e-10 -12.108628)
(-0.14010019 1.9999251e-10 -12.055733)
(-0.18639843 9.1707606e-11 -12.085825)
(-0.16776982 1.5531766e-10 -12.035125)
(-0.22405041 -5.6320686e-11 -12.056668)
(-0.20119602 7.2199184e-12 -12.008974)
(-0.27002992 -3.4101258e-11 -12.018873)
(-0.24180948 -1.1842687e-10 -11.975382)
(-0.32661085 5.519269e-11 -11.969017)
(-0.29141812 1.8039786e-11 -11.931587)
(-0.39687203 -1.8274748e-12 -11.901867)
(-0.35247877 4.1464319e-11 -11.873433)
(-0.48504614 -7.1311152e-11 -11.809108)
(-0.42821823 -6.4262747e-11 -11.794535)
(-0.59781559 -6.0667733e-11 -11.676792)
(-0.52285859 -6.9227126e-11 -11.684567)
(-0.74904142 -9.3989572e-12 -11.482867)
(-0.64289654 -5.3460672e-11 -11.525958)
(-0.97245514 -1.6035759e-11 -11.206387)
(-0.80207297 8.9476096e-12 -11.292159)
(-1.3210899 -6.2956634e-12 -10.871133)
(-1.0379785 -4.7141188e-11 -10.965795)
(-1.786712 2.464063e-11 -10.557743)
(-1.4234833 2.4962865e-11 -10.604537)
(-2.2337646 2.2182447e-11 -10.314832)
(-1.9294176 5.1017603e-12 -10.312265)
(-2.5343932 1.2085394e-11 -10.14745)
(-2.333417 1.6493087e-11 -10.104014)
(-2.606846 -1.0414834e-11 -10.116847)
(-2.50713 -8.9096817e-12 -9.9937916)
(-2.4508139 -1.8431906e-11 -10.360492)
(-2.4584254 -1.1589407e-12 -10.082711)
(-2.1424567 -1.1528159e-11 -10.979235)
(-2.2210127 -2.8575272e-11 -10.525165)
(-1.7126035 7.3945746e-12 -11.839675)
(-1.8357479 -1.5740815e-12 -11.356805)
(-1.1867212 1.4971844e-11 -12.584127)
(-1.2314472 8.0468217e-12 -12.278129)
(-0.7869506 1.5493996e-11 -12.849996)
(-0.80407936 1.3908717e-11 -12.860383)
(-0.49956461 1.0906731e-11 -12.701491)
(-0.57382279 -7.9680889e-12 -12.798758)
(-0.22360876 8.2217464e-12 -12.486643)
(-0.2912445 1.1340004e-11 -12.557774)
(0.0028669819 -2.195303e-11 -12.394714)
(-0.070658708 9.627321e-12 -12.373349)
(0.094606912 -2.0705556e-11 -12.48972)
(0.17213487 -4.6611474e-11 -12.365952)
(0.064426773 1.4653324e-11 -12.765729)
(0.123817 2.7107023e-12 -12.538295)
(-0.052651402 1.6799196e-11 -13.259914)
(0.1301551 2.2862465e-11 -12.88774)
(-0.068149946 1.8642889e-11 -14.196817)
(-0.12803773 -4.8763516e-12 -13.511952)
(0.068259147 2.0239471e-11 -14.77025)
(-0.0056468876 1.8643756e-09 -12.074639)
(-0.003655333 2.6611535e-10 -12.015799)
(-0.011483419 1.4193053e-09 -12.070251)
(-0.0087962492 4.2910317e-09 -12.01008)
(-0.017679759 -1.1410653e-09 -12.068291)
(-0.014528839 -2.3625574e-09 -12.008227)
(-0.024429197 1.442218e-10 -12.065866)
(-0.020885633 -2.8073199e-11 -12.006108)
(-0.031874171 3.9300091e-10 -12.062643)
(-0.027827158 2.38118e-10 -12.003244)
(-0.040231912 3.2571766e-10 -12.058486)
(-0.035591054 3.9317477e-10 -11.999485)
(-0.04974389 1.188467e-10 -12.053246)
(-0.044361743 8.0791656e-11 -11.994705)
(-0.060703321 9.1094928e-11 -12.046728)
(-0.054409753 7.2735479e-11 -11.988723)
(-0.073449435 4.5672667e-11 -12.038679)
(-0.066052292 6.9954225e-11 -11.981324)
(-0.088389787 -4.1795566e-11 -12.028757)
(-0.079633771 -6.183406e-12 -11.972202)
(-0.10602064 -6.305618e-11 -12.016506)
(-0.095586064 -1.2109301e-10 -11.960965)
(-0.12695066 6.4517463e-11 -12.001318)
(-0.1144769 2.0602794e-11 -11.947076)
(-0.15193758 1.4159341e-10 -11.982374)
(-0.13691176 1.4196816e-10 -11.929831)
(-0.18202044 7.2596043e-11 -11.958442)
(-0.16379389 1.2475635e-10 -11.908217)
(-0.21844767 -5.3488124e-11 -11.927879)
(-0.19616927 -1.4270404e-11 -11.880827)
(-0.26272548 -6.7709213e-11 -11.888368)
(-0.23533019 -1.3272633e-10 -11.845723)
(-0.3169131 4.081497e-12 -11.83638)
(-0.28292609 -3.6442768e-11 -11.800056)
(-0.38367169 -1.9990991e-11 -11.766606)
(-0.34112632 3.020876e-11 -11.739587)
(-0.4664596 -6.2135136e-11 -11.670634)
(-0.41262476 -8.2585783e-11 -11.657871)
(-0.57032229 -6.215157e-11 -11.534415)
(-0.50069857 -3.7590543e-11 -11.544531)
(-0.70521931 -3.5609784e-11 -11.335437)
(-0.60987549 -8.4937561e-11 -11.381985)
(-0.89818206 -2.1732611e-11 -11.049996)
(-0.74905088 -2.7499731e-11 -11.143166)
(-1.2020682 -1.6405483e-11 -10.696301)
(-0.94788935 -3.4600317e-11 -10.806693)
(-1.6236772 5.5619995e-12 -10.359667)
(-1.279873 8.6217569e-12 -10.423685)
(-2.0326724 -6.6358247e-13 -10.107819)
(-1.7372428 1.2175621e-11 -10.110586)
(-2.2944317 -4.3390697e-12 -9.9580322)
(-2.1061054 -1.0000833e-13 -9.9059662)
(-2.3392602 2.983457e-13 -9.9644512)
(-2.2497651 -7.5775474e-12 -9.826524)
(-2.1743275 -1.1139057e-11 -10.248116)
(-2.1818577 5.0171905e-12 -9.9566229)
(-1.8672558 -1.8776448e-11 -10.900592)
(-1.9434123 -2.5509127e-11 -10.434582)
(-1.4331341 -9.7530358e-13 -11.791541)
(-1.5583077 -1.7066261e-11 -11.295968)
(-0.94550231 6.9521674e-12 -12.55041)
(-0.94957908 1.495039e-11 -12.246532)
(-0.62569729 -9.4393899e-12 -12.807069)
(-0.62823439 3.0014209e-12 -12.819214)
(-0.38393938 -7.6323613e-12 -12.652686)
(-0.44871948 -1.77073e-11 -12.742844)
(-0.13099706 1.2753977e-11 -12.440354)
(-0.19776809 8.3897227e-12 -12.506563)
(0.098815745 -1.4763274e-11 -12.337802)
(0.0077748828 1.4634106e-11 -12.323875)
(0.20731575 -2.3423643e-11 -12.406395)
(0.2551215 -2.5533342e-11 -12.297367)
(0.18580634 1.0829047e-11 -12.652699)
(0.22771135 -8.8446163e-13 -12.439692)
(0.051643465 1.3086072e-12 -13.134378)
(0.23618215 1.5971261e-11 -12.760099)
(-0.0062438489 -3.3871256e-12 -14.079797)
(-0.045749699 -1.6909634e-11 -13.386788)
(0.088048755 7.1350413e-12 -14.654877)
(-0.0055737278 1.6865424e-09 -11.95263)
(-0.0036176703 7.2789983e-10 -11.893742)
(-0.011282795 1.1140404e-09 -11.948185)
(-0.0086513199 4.2266913e-09 -11.887992)
(-0.017344003 -1.3842471e-09 -11.946127)
(-0.014247005 -2.377938e-09 -11.886064)
(-0.023948911 5.4495712e-11 -11.943569)
(-0.020465675 -1.0238839e-10 -11.883828)
(-0.031236572 2.3305346e-10 -11.940174)
(-0.027255004 1.4763411e-10 -11.880816)
(-0.039417472 1.5700719e-10 -11.935799)
(-0.034850062 1.7469828e-10 -11.876865)
(-0.048725031 3.4873558e-11 -11.930288)
(-0.043427763 2.5315218e-11 -11.871844)
(-0.059442219 5.1653022e-11 -11.923436)
(-0.053249858 3.8489194e-11 -11.865564)
(-0.071895914 1.9513943e-11 -11.914978)
(-0.064622209 5.3070435e-11 -11.857799)
(-0.086477078 -8.3559289e-11 -11.904561)
(-0.077874906 -4.1375835e-11 -11.848233)
(-0.10365894 -3.9586804e-11 -11.891709)
(-0.09341975 -8.3519593e-11 -11.836458)
(-0.12401905 9.6363886e-11 -11.875791)
(-0.11179806 6.6330227e-11 -11.821917)
(-0.14828615 1.2535219e-10 -11.855929)
(-0.13359365 1.1754127e-10 -11.803879)
(-0.17745861 3.9547802e-11 -11.830897)
(-0.15965662 8.4370101e-11 -11.781282)
(-0.21259866 -9.2190479e-11 -11.799011)
(-0.1909318 -3.2859556e-11 -11.752706)
(-0.25511756 -1.0246414e-10 -11.757847)
(-0.22858522 -1.1360267e-10 -11.716155)
(-0.30683585 -1.0969705e-11 -11.703823)
(-0.27410473 -5.3581202e-11 -11.668708)
(-0.36999449 -3.1340562e-11 -11.631571)
(-0.32935948 3.2674845e-11 -11.606064)
(-0.44730033 -5.8436228e-11 -11.532678)
(-0.39650844 -6.2811289e-11 -11.52174)
(-0.54226939 -5.9981623e-11 -11.393163)
(-0.47793172 -4.1248405e-12 -11.405427)
(-0.66115602 -7.7283708e-11 -11.190505)
(-0.57631353 -7.743237e-11 -11.239765)
(-0.82366282 -4.0313607e-11 -10.899095)
(-0.69603388 -4.3004087e-11 -10.997794)
(-1.0799256 -9.8864786e-12 -10.53138)
(-0.85809013 -2.2797818e-11 -10.65506)
(-1.4533313 1.5210685e-11 -10.174317)
(-1.133618 7.5408304e-13 -10.25492)
(-1.8233657 1.2821077e-11 -9.9136498)
(-1.5387406 1.0135884e-11 -9.9210666)
(-2.0500488 -3.2905295e-12 -9.7806532)
(-1.8736358 -3.2126528e-12 -9.7198926)
(-2.0705556 -2.9364834e-12 -9.8222677)
(-1.9904769 -3.1512415e-12 -9.6698166)
(-1.8977996 -9.1711118e-12 -10.142941)
(-1.9052219 -1.5424163e-12 -9.8385809)
(-1.5920062 -2.3847485e-11 -10.826991)
(-1.6662656 -2.4971193e-11 -10.349051)
(-1.1547441 -1.3185031e-12 -11.746488)
(-1.2805682 -5.0364917e-13 -11.239343)
(-0.71145757 1.1063908e-11 -12.51081)
(-0.67574865 2.9576393e-11 -12.216484)
(-0.47624204 -5.1585962e-12 -12.752556)
(-0.46572393 6.8577847e-12 -12.764378)
(-0.27831884 -1.8170595e-12 -12.594528)
(-0.33144273 -1.0812397e-11 -12.677479)
(-0.054013145 1.0239234e-11 -12.386508)
(-0.11476456 8.5328183e-12 -12.446184)
(0.16544749 4.0553442e-12 -12.277581)
(0.069722944 5.4153396e-12 -12.267187)
(0.28205399 -3.1083175e-12 -12.323625)
(0.30705932 -9.8004278e-12 -12.226679)
(0.27254066 4.1818069e-12 -12.540081)
(0.2974719 3.4718199e-12 -12.342005)
(0.1337679 -2.1027328e-12 -13.006349)
(0.31253896 1.3014597e-12 -12.630586)
(0.039482917 -6.4902448e-12 -13.955866)
(0.025703242 -1.1496122e-11 -13.25728)
(0.10474888 -2.8985703e-12 -14.53185)
(-0.0054893991 2.3933509e-09 -11.830538)
(-0.0035712952 7.1098377e-10 -11.771627)
(-0.01106746 1.3351334e-09 -11.826044)
(-0.0084928028 4.2465834e-09 -11.765858)
(-0.016989704 -1.2273611e-09 -11.823892)
(-0.013949361 -2.0127524e-09 -11.763858)
(-0.023444748 -1.9889245e-11 -11.821202)
(-0.020024779 -1.5967255e-10 -11.761509)
(-0.030568535 8.8364604e-11 -11.817639)
(-0.026656141 1.2403824e-10 -11.758351)
(-0.038564885 4.7194627e-11 -11.81305)
(-0.034075314 1.5946346e-10 -11.754212)
(-0.047659048 2.8615039e-11 -11.807271)
(-0.042451858 2.8138951e-11 -11.748956)
(-0.05812348 3.960124e-11 -11.800091)
(-0.052038473 2.7743802e-11 -11.742384)
(-0.070272297 -6.0631006e-12 -11.791234)
(-0.063129455 3.5211893e-11 -11.734264)
(-0.084479353 -4.0631395e-11 -11.780332)
(-0.076040074 -3.176264e-12 -11.724267)
(-0.10119434 2.0120787e-11 -11.766894)
(-0.091161491 2.092114e-11 -11.711971)
(-0.12096339 8.6794676e-11 -11.750277)
(-0.10901033 3.221636e-11 -11.6968)
(-0.14450996 7.6985293e-11 -11.72954)
(-0.13015235 8.5932911e-11 -11.677992)
(-0.17270697 1.3360712e-11 -11.703436)
(-0.15536417 4.356105e-11 -11.654456)
(-0.20651743 -5.3373266e-11 -11.670272)
(-0.18549087 -2.2770198e-11 -11.624755)
(-0.24722484 -6.5345762e-11 -11.627541)
(-0.22159182 -2.9614926e-11 -11.586833)
(-0.29640589 -1.0783275e-11 -11.57161)
(-0.26497878 -2.0210629e-11 -11.537718)
(-0.35588236 2.08916e-12 -11.497076)
(-0.31721521 6.2259293e-11 -11.473069)
(-0.42764465 -9.0151423e-12 -11.395565)
(-0.37993458 -3.0631357e-11 -11.386401)
(-0.51379703 -2.0964146e-11 -11.253341)
(-0.45466961 -1.0760947e-11 -11.267515)
(-0.61723637 -4.3426196e-11 -11.048292)
(-0.54241704 -5.6184133e-11 -11.099533)
(-0.75020836 -2.5641481e-11 -10.753708)
(-0.64351622 -3.4889361e-11 -10.856115)
(-0.95734978 -1.232803e-11 -10.376247)
(-0.77016662 -4.1818108e-11 -10.510747)
(-1.2784654 -4.3859071e-12 -10.000612)
(-0.98763611 4.7916616e-12 -10.098161)
(-1.6082759 -5.8088079e-12 -9.730815)
(-1.3366033 3.8188343e-12 -9.7440061)
(-1.8030101 -3.0737588e-12 -9.6139889)
(-1.6378417 2.0421041e-12 -9.5449991)
(-1.8018343 -1.7671099e-12 -9.6887187)
(-1.7306117 2.4321018e-12 -9.5222664)
(-1.6221109 -1.7202992e-11 -10.043867)
(-1.6294561 6.3826102e-14 -9.7272456)
(-1.3169412 -1.7680431e-12 -10.757716)
(-1.3902404 -2.8540068e-11 -10.268057)
(-0.88122785 3.0224074e-11 -11.704008)
(-1.0006499 1.7886864e-11 -11.18684)
(-0.48899679 2.5492456e-11 -12.464966)
(-0.41881428 4.1458589e-11 -12.186973)
(-0.3366275 1.2960457e-12 -12.686532)
(-0.31425116 1.6004465e-11 -12.695933)
(-0.18046603 -5.6025259e-13 -12.527151)
(-0.22080665 5.9243775e-12 -12.603261)
(0.011461381 3.7242104e-12 -12.32382)
(-0.039646297 1.762226e-11 -12.376536)
(0.21233392 -8.3679639e-12 -12.211278)
(0.11957867 -7.5423123e-12 -12.20189)
(0.32917141 -3.2817582e-12 -12.239016)
(0.33907975 -1.9546795e-11 -12.151269)
(0.33057025 6.0125153e-13 -12.426785)
(0.34077324 5.5540557e-12 -12.243655)
(0.19676098 -8.0357871e-12 -12.876068)
(0.36448896 -6.2309749e-12 -12.500506)
(0.079847997 -7.9411975e-12 -13.826945)
(0.084749324 4.6990998e-12 -13.124532)
(0.1186255 -2.9842585e-12 -14.402538)
(-0.0053947609 1.6803164e-09 -11.70841)
(-0.0035169159 5.6629709e-10 -11.649484)
(-0.010838101 1.4677278e-09 -11.703875)
(-0.0083215199 4.7490498e-09 -11.643704)
(-0.016617347 -1.0519724e-09 -11.701632)
(-0.013636404 -1.9959279e-09 -11.641636)
(-0.022917252 -2.7817864e-11 -11.698815)
(-0.019563485 -2.3152558e-10 -11.639176)
(-0.029870779 1.9394029e-10 -11.695087)
(-0.02603123 1.5560646e-10 -11.635877)
(-0.037675101 1.4408978e-10 -11.690289)
(-0.033267677 2.6841826e-10 -11.631554)
(-0.046547196 2.7277187e-11 -11.684251)
(-0.041435167 1.1602682e-11 -11.626069)
(-0.056748728 2.3198054e-11 -11.676753)
(-0.050777087 1.0277156e-11 -11.619215)
(-0.068580702 3.8812562e-11 -11.66751)
(-0.061575966 3.2239604e-11 -11.61075)
(-0.082399433 5.7973305e-11 -11.656142)
(-0.074131809 3.7660745e-11 -11.600336)
(-0.098630763 3.2845105e-11 -11.642141)
(-0.088814632 1.0977006e-10 -11.587538)
(-0.11779599 3.0606775e-11 -11.624829)
(-0.10612331 -4.9539957e-11 -11.571762)
(-0.1406019 5.305297e-11 -11.60326)
(-0.12659122 9.2087361e-11 -11.552211)
(-0.16777459 8.2211424e-12 -11.576164)
(-0.15091828 4.1368754e-11 -11.527789)
(-0.20021827 1.064307e-12 -11.541787)
(-0.17985819 -7.065969e-12 -11.497024)
(-0.23906735 1.5422116e-11 -11.497587)
(-0.21436741 3.9291422e-11 -11.45782)
(-0.28565244 5.2022476e-11 -11.439896)
(-0.25557359 5.4991089e-12 -11.407168)
(-0.34138257 3.039976e-11 -11.363305)
(-0.30473188 8.216841e-11 -11.340714)
(-0.40757006 -3.2551616e-11 -11.25952)
(-0.36297035 -1.5401597e-11 -11.251998)
(-0.48503825 -4.560207e-11 -11.115174)
(-0.43102428 -4.7301099e-11 -11.130975)
(-0.57374068 -4.7816432e-11 -10.908911)
(-0.50837176 -4.4907633e-11 -10.961428)
(-0.67882449 -5.1013462e-11 -10.61372)
(-0.59186179 -3.8962827e-11 -10.718092)
(-0.83679867 -2.5036382e-11 -10.23077)
(-0.68534082 -4.5674443e-11 -10.373438)
(-1.1018532 1.3003163e-11 -9.8397873)
(-0.84469599 7.5243847e-12 -9.9532382)
(-1.3901061 1.1681597e-11 -9.5602149)
(-1.1337457 1.4872537e-11 -9.5811752)
(-1.5548831 7.5454634e-12 -9.4570642)
(-1.4005211 1.3443347e-12 -9.3817838)
(-1.5341476 4.2776635e-12 -9.5625762)
(-1.47139 8.1599156e-12 -9.3828449)
(-1.3481269 -1.110293e-11 -9.9501646)
(-1.3555631 1.5478298e-11 -9.6215462)
(-1.0409219 -9.1521114e-12 -10.692972)
(-1.1158937 -3.404037e-11 -10.191437)
(-0.61396606 2.8990377e-11 -11.663561)
(-0.71318517 2.0347702e-11 -11.137962)
(-0.28268625 3.2107497e-11 -12.412432)
(-0.18610758 4.0351295e-11 -12.155174)
(-0.20437265 2.0685315e-11 -12.609729)
(-0.17166705 9.6010632e-12 -12.615193)
(-0.089054979 2.4047792e-11 -12.450794)
(-0.11617711 1.3376628e-11 -12.520565)
(0.07109436 6.479129e-12 -12.252016)
(0.028757102 1.6785199e-11 -12.298279)
(0.24626327 -1.8663969e-11 -12.137738)
(0.16097566 -2.2350136e-11 -12.127451)
(0.35755555 -1.082723e-11 -12.150874)
(0.35914522 -4.2429866e-11 -12.069866)
(0.36690301 -1.2250722e-12 -12.31262)
(0.36540344 -2.4602797e-12 -12.143354)
(0.2431693 6.4559619e-12 -12.744218)
(0.39778696 -9.9269031e-12 -12.370508)
(0.11411818 9.6888809e-12 -13.693909)
(0.1319221 6.6837256e-12 -12.98961)
(0.12991592 -6.9191553e-12 -14.268122)
(-0.0052906182 2.5893746e-09 -11.586255)
(-0.0034551776 1.3168251e-09 -11.527326)
(-0.010595351 1.8985888e-09 -11.581686)
(-0.0081382378 5.1752968e-09 -11.521543)
(-0.016227437 -1.2772816e-09 -11.579356)
(-0.013308628 -2.6033688e-09 -11.51941)
(-0.022367004 -6.4576267e-11 -11.576413)
(-0.01908234 -2.0266349e-10 -11.516843)
(-0.029144067 2.2627437e-10 -11.572525)
(-0.025380943 1.6293015e-10 -11.513406)
(-0.036749122 1.4313158e-10 -11.567524)
(-0.032428026 2.9136193e-10 -11.508904)
(-0.045390775 -5.366731e-12 -11.561234)
(-0.040378841 3.0650317e-11 -11.503196)
(-0.055319669 1.8858606e-11 -11.553427)
(-0.049467204 4.2727918e-11 -11.496067)
(-0.066823354 3.0986702e-11 -11.54381)
(-0.059963702 5.4822355e-11 -11.487268)
(-0.080240279 8.8252734e-11 -11.53199)
(-0.072152677 -1.3907042e-12 -11.476452)
(-0.095972258 2.9805266e-11 -11.517452)
(-0.086383713 1.4696839e-10 -11.46317)
(-0.11453348 9.9682181e-12 -11.499473)
(-0.10314363 -1.1957419e-11 -11.446808)
(-0.13655446 8.1055663e-11 -11.477104)
(-0.12291492 1.0905986e-10 -11.426548)
(-0.162672 2.6659884e-11 -11.449071)
(-0.14632276 5.6175583e-11 -11.401288)
(-0.19371527 3.064635e-11 -11.413562)
(-0.17404606 -6.9240937e-12 -11.369525)
(-0.23066505 2.9721385e-11 -11.368014)
(-0.20692935 5.5291582e-11 -11.329132)
(-0.27460477 3.4891906e-11 -11.308743)
(-0.24591448 -3.6417267e-13 -11.277083)
(-0.32654341 3.7271653e-11 -11.230357)
(-0.29194778 3.6306305e-11 -11.209035)
(-0.38715683 -2.9870922e-11 -11.12467)
(-0.34568147 -1.8889897e-11 -11.118585)
(-0.45611574 -4.6626662e-11 -10.978781)
(-0.40710309 -5.0073234e-11 -10.995895)
(-0.5308684 -3.6100828e-11 -10.772372)
(-0.47434249 -3.6645621e-11 -10.825497)
(-0.61020747 -3.3572308e-11 -10.478881)
(-0.54132782 -5.3912228e-11 -10.583595)
(-0.72045661 -1.3499008e-11 -10.094556)
(-0.60446293 -3.7292429e-11 -10.242664)
(-0.9263583 9.3425708e-12 -9.6923465)
(-0.70732832 -2.5075934e-12 -9.8196697)
(-1.1709771 4.62526e-12 -9.4033161)
(-0.93288413 8.9557044e-12 -9.4330877)
(-1.3071846 1.9148758e-12 -9.3102194)
(-1.1633154 -1.5835787e-11 -9.230539)
(-1.2685331 1.9315888e-11 -9.4429174)
(-1.2139352 1.4602496e-11 -9.2508595)
(-1.076734 -7.1641464e-12 -9.8613434)
(-1.0846748 3.9743544e-12 -9.5206521)
(-0.76052384 -4.8531295e-12 -10.631365)
(-0.84386206 -3.1482084e-11 -10.120113)
(-0.35074915 3.159754e-11 -11.621916)
(-0.4121852 1.1995994e-11 -11.091407)
(-0.095220305 1.8009742e-11 -12.352134)
(0.019059072 1.1050971e-11 -12.116441)
(-0.081415794 2.2720517e-12 -12.523217)
(-0.036197672 -4.0889291e-12 -12.52359)
(-0.0029643369 6.0961765e-12 -12.366171)
(-0.017148183 -4.1809853e-12 -12.430206)
(0.12348736 -1.1852822e-11 -12.171431)
(0.090942653 -9.6310522e-13 -12.211583)
(0.27243257 -4.602137e-11 -12.056496)
(0.19678716 -3.0822895e-11 -12.044713)
(0.37405411 -3.4248858e-11 -12.0583)
(0.37241252 -4.2227651e-11 -11.982169)
(0.38801759 -1.1128821e-11 -12.197325)
(0.37792102 -1.2908373e-12 -12.040332)
(0.27641512 -9.772586e-12 -12.611632)
(0.41771032 -1.5522769e-11 -12.240866)
(0.14246769 -9.8668601e-12 -13.557755)
(0.16882636 -1.1566904e-11 -12.85348)
(0.13888533 -1.3171029e-11 -14.129527)
(-0.0051777357 2.9381169e-09 -11.464111)
(-0.0033866802 1.1900564e-09 -11.405198)
(-0.010339853 1.3805085e-09 -11.459513)
(-0.007943713 5.5043846e-09 -11.399418)
(-0.015820531 -1.6672392e-09 -11.457098)
(-0.012966601 -3.1108339e-09 -11.397223)
(-0.021794678 9.2831281e-12 -11.454035)
(-0.01858201 -1.4657257e-10 -11.394553)
(-0.028389287 2.236789e-10 -11.44999)
(-0.024706115 1.7002125e-10 -11.390981)
(-0.03578811 1.8618883e-10 -11.444791)
(-0.031557454 2.3518343e-10 -11.386305)
(-0.044191291 7.8452459e-11 -11.438257)
(-0.03928431 1.0505135e-10 -11.380382)
(-0.053838249 7.8436265e-11 -11.430151)
(-0.048110685 5.7407234e-11 -11.372987)
(-0.065002814 2.3490504e-11 -11.420172)
(-0.058295063 7.9166258e-11 -11.363865)
(-0.078005366 5.4845219e-11 -11.407917)
(-0.070105777 6.6496915e-12 -11.352661)
(-0.093227007 1.0761748e-10 -11.392855)
(-0.083876438 8.4516102e-11 -11.338914)
(-0.11117698 8.5446789e-11 -11.374245)
(-0.10007488 5.75214e-11 -11.321987)
(-0.13237289 8.4858988e-11 -11.351125)
(-0.11912637 9.9313286e-11 -11.301056)
(-0.15741083 2.334419e-11 -11.322202)
(-0.14158685 5.1161679e-11 -11.275007)
(-0.18702431 1.702931e-11 -11.285639)
(-0.16806858 -4.3405452e-12 -11.24231)
(-0.22204069 2.5786667e-11 -11.238855)
(-0.19929717 1.7417338e-11 -11.200821)
(-0.2632967 6.9151044e-13 -11.178172)
(-0.23602944 7.6014755e-12 -11.14751)
(-0.31141746 -1.9341633e-11 -11.098254)
(-0.27890519 1.083617e-11 -11.078069)
(-0.36648518 -3.8818116e-11 -10.991068)
(-0.32813581 -2.9432443e-11 -10.986197)
(-0.42714745 -4.0204418e-11 -10.84422)
(-0.38301304 -4.0186564e-11 -10.86232)
(-0.48876673 -5.4319234e-11 -10.638625)
(-0.44048255 -4.3225564e-11 -10.691749)
(-0.54477531 -5.7757485e-11 -10.34886)
(-0.49210204 -6.2833137e-11 -10.452453)
(-0.61017258 -2.6552774e-11 -9.9670161)
(-0.52804509 -5.8117887e-11 -10.117866)
(-0.75488663 -2.9736749e-12 -9.5578688)
(-0.5777707 -3.2914914e-12 -9.6968204)
(-0.9529649 -1.1339411e-11 -9.2597524)
(-0.73682952 -1.5819698e-11 -9.2995632)
(-1.0609904 -3.3431933e-12 -9.1729032)
(-0.92772354 -1.4365719e-11 -9.0903968)
(-1.0061301 -6.7269203e-13 -9.3291177)
(-0.95940623 1.2348786e-11 -9.1263563)
(-0.80921963 -2.0132e-11 -9.7776776)
(-0.8180982 -1.3674711e-11 -9.4239335)
(-0.47388346 -1.4882599e-11 -10.573176)
(-0.57436716 -2.0971048e-11 -10.056018)
(-0.086565972 -8.543898e-12 -11.57615)
(-0.099778236 -5.2939346e-12 -11.050176)
(0.070114208 -1.0965245e-11 -12.282154)
(0.19830825 -1.0260438e-11 -12.06388)
(0.0331752 -1.0541032e-11 -12.427648)
(0.093136678 -1.5506549e-11 -12.423645)
(0.074160859 -1.1255908e-11 -12.273871)
(0.076163378 -1.0204976e-11 -12.332214)
(0.17048864 -1.9786482e-11 -12.083239)
(0.14793459 -1.0252027e-11 -12.117678)
(0.29416762 -2.6975534e-11 -11.968137)
(0.22863791 -2.6292867e-11 -11.954764)
(0.38350203 -9.4601019e-12 -11.96107)
(0.3820023 -2.4443293e-11 -11.888523)
(0.39913873 -5.6208582e-12 -12.080734)
(0.38321235 -1.0822214e-12 -11.934338)
(0.29977672 -1.7334174e-11 -12.478869)
(0.42854652 -1.5948367e-11 -12.111708)
(0.16584823 -1.4864039e-11 -13.419328)
(0.19732237 -1.3113269e-11 -12.716934)
(0.14585122 -1.2954177e-11 -13.987517)
(-0.0050567995 2.6777421e-09 -11.342001)
(-0.003311954 8.775754e-10 -11.283105)
(-0.010072195 1.7962435e-09 -11.33738)
(-0.0077386044 5.0890066e-09 -11.277334)
(-0.015397179 -1.7611825e-09 -11.334884)
(-0.012610814 -3.1530885e-09 -11.27508)
(-0.021200942 6.934695e-13 -11.331703)
(-0.018063065 -1.4651089e-10 -11.272309)
(-0.027607324 1.7932436e-10 -11.327507)
(-0.024007449 1.1193856e-10 -11.268607)
(-0.034793211 1.5769453e-10 -11.322116)
(-0.030656885 1.4271008e-10 -11.263763)
(-0.042950248 8.5148282e-11 -11.315345)
(-0.03815279 1.011502e-10 -11.25763)
(-0.052306427 5.7681541e-11 -11.30695)
(-0.046709119 5.7061468e-11 -11.249978)
(-0.063121631 6.3673901e-11 -11.296623)
(-0.056572126 7.3092412e-11 -11.240547)
(-0.075698148 3.5018463e-11 -11.283954)
(-0.06799434 8.983835e-11 -11.22897)
(-0.090408505 3.4830149e-11 -11.268377)
(-0.081299405 1.6750025e-11 -11.214775)
(-0.10771906 7.0806087e-11 -11.249162)
(-0.096920517 7.0475626e-11 -11.197307)
(-0.12806593 6.6234525e-11 -11.225346)
(-0.11522754 1.2590805e-10 -11.175746)
(-0.15200241 2.413881e-11 -11.19559)
(-0.13671985 7.1917301e-11 -11.148957)
(-0.1801611 -4.1946301e-12 -11.158052)
(-0.16193857 2.3664122e-12 -11.115392)
(-0.21321661 -6.6547164e-13 -11.110146)
(-0.19148884 1.385008e-12 -11.072902)
(-0.2517619 1.7714386e-11 -11.048222)
(-0.22594421 1.9122054e-11 -11.018466)
(-0.29605792 1.1186017e-12 -10.967021)
(-0.2656448 -4.3262962e-12 -10.947835)
(-0.34563749 -3.0706475e-11 -10.858723)
(-0.31039643 -3.3585437e-11 -10.854836)
(-0.39824152 -4.3182362e-11 -10.711478)
(-0.3588497 -3.8193399e-11 -10.730225)
(-0.44754174 -5.1583734e-11 -10.507552)
(-0.40692148 -5.6505247e-11 -10.560134)
(-0.48269827 -6.3229285e-11 -10.223235)
(-0.44430342 -5.1472997e-11 -10.324433)
(-0.50736901 -3.5254147e-11 -9.8474839)
(-0.45627169 -6.2136174e-11 -9.9983598)
(-0.59025038 -1.6050462e-11 -9.4359119)
(-0.45776662 -7.436354e-12 -9.5838697)
(-0.7381475 -1.8855704e-11 -9.1285954)
(-0.54854712 -2.9584053e-11 -9.1803882)
(-0.81745766 1.1549286e-12 -9.0444397)
(-0.6956077 -1.8080183e-11 -8.9615528)
(-0.74807856 -4.9252028e-13 -9.2210713)
(-0.70896034 -2.3471547e-12 -9.0104283)
(-0.54634207 -1.4470313e-11 -9.6987878)
(-0.55689486 -2.0353366e-11 -9.3315123)
(-0.186535 -1.1472525e-11 -10.52461)
(-0.30411379 -1.264371e-11 -9.9993541)
(0.15373817 -6.9828731e-12 -11.528426)
(0.20346566 -2.1847713e-11 -11.013318)
(0.22248427 -1.4773528e-11 -12.19958)
(0.35906771 -7.6798538e-12 -11.997316)
(0.14509392 -1.5198115e-11 -12.324864)
(0.21623142 -3.1692909e-11 -12.317501)
(0.14829108 -9.2008579e-12 -12.174453)
(0.16332523 -1.5619406e-11 -12.226974)
(0.21346454 -1.6679758e-11 -11.988083)
(0.20071556 -1.8900879e-11 -12.017077)
(0.31317168 -2.3769434e-11 -11.873528)
(0.25749712 -1.2332334e-11 -11.858597)
(0.38906994 -1.6173604e-11 -11.859441)
(0.3897027 -2.4808832e-11 -11.789594)
(0.40409351 -1.1342749e-11 -11.962841)
(0.38459517 -2.208564e-11 -11.825466)
(0.31595701 -1.17399e-11 -12.346222)
(0.43349837 -1.2632204e-11 -11.983057)
(0.18359866 -1.1204087e-11 -13.27931)
(0.21913991 -1.535971e-11 -12.580251)
(0.15114175 -1.6531764e-11 -13.842934)
(-0.0049284013 2.2359821e-09 -11.219932)
(-0.0032314869 9.001507e-10 -11.161053)
(-0.0097929175 8.8895558e-10 -11.215292)
(-0.0075235339 4.6991034e-09 -11.155296)
(-0.014957923 -1.7118735e-09 -11.212718)
(-0.012241774 -3.0676725e-09 -11.152986)
(-0.02058646 -4.6263655e-11 -11.209424)
(-0.017526115 -2.227688e-11 -11.150119)
(-0.026799022 7.4284699e-11 -11.205081)
(-0.023285715 1.3144205e-10 -11.14629)
(-0.033765542 8.733099e-11 -11.199505)
(-0.029727324 1.1475812e-10 -11.141284)
(-0.041669076 7.4120312e-11 -11.192505)
(-0.036985602 1.0748692e-10 -11.134949)
(-0.050726096 7.2136613e-11 -11.183832)
(-0.045264226 1.1510274e-10 -11.12705)
(-0.061182352 9.8945468e-11 -11.173171)
(-0.054797102 1.0177143e-10 -11.11732)
(-0.073323672 7.279212e-11 -11.160105)
(-0.06582382 8.8033887e-11 -11.105386)
(-0.087522612 5.1579255e-11 -11.144047)
(-0.078655671 -1.1308582e-11 -11.09076)
(-0.10416052 1.2480588e-10 -11.124258)
(-0.093682897 8.2901703e-11 -11.072782)
(-0.12364178 1.3228439e-10 -11.099778)
(-0.11122396 1.4404981e-10 -11.050629)
(-0.14645779 5.09743e-11 -11.069248)
(-0.13173143 9.9292498e-11 -11.023148)
(-0.17314093 7.956971e-12 -11.030816)
(-0.15566916 8.881948e-13 -10.988785)
(-0.20421445 2.0987532e-11 -10.981906)
(-0.18352275 9.9655873e-12 -10.945388)
(-0.24003327 -2.688477e-12 -10.918909)
(-0.21568455 1.1164489e-11 -10.889967)
(-0.28051595 -3.8759138e-11 -10.836672)
(-0.25220794 -4.4498209e-11 -10.818346)
(-0.32469125 -4.1031905e-11 -10.727621)
(-0.29252558 -5.1433208e-11 -10.724507)
(-0.3695 -5.1363549e-11 -10.580513)
(-0.33470412 -3.7774424e-11 -10.599583)
(-0.40727472 -5.6434479e-11 -10.379017)
(-0.37377656 -7.3433436e-11 -10.430589)
(-0.42396568 -5.0299049e-11 -10.101533)
(-0.3980146 -4.7928016e-11 -10.199294)
(-0.41297518 -3.4715006e-11 -9.7351139)
(-0.38909717 -5.8633018e-11 -9.8834082)
(-0.43495393 -2.0816052e-11 -9.3258922)
(-0.34846999 -7.9957697e-12 -9.4797479)
(-0.52893252 -2.8885265e-11 -9.0108658)
(-0.37112203 -5.0880262e-11 -9.0751422)
(-0.57829053 -2.1683169e-11 -8.9269763)
(-0.46932172 -2.5511673e-11 -8.8460748)
(-0.49563378 -2.20968e-11 -9.1200486)
(-0.46362319 -1.9659861e-11 -8.9032156)
(-0.28558583 -1.8572669e-11 -9.6255805)
(-0.30122898 -4.6704275e-11 -9.2451347)
(0.090588413 -2.2965975e-11 -10.480204)
(-0.026935313 -1.5703959e-11 -9.9487421)
(0.37406971 -2.2623433e-11 -11.474647)
(0.47202347 -3.1207625e-11 -10.977192)
(0.36391272 -2.4470088e-11 -12.107607)
(0.50869353 -1.0472332e-11 -11.918778)
(0.249586 -3.2197943e-11 -12.216008)
(0.33223712 -2.2826408e-11 -12.205753)
(0.21702948 -2.5302849e-11 -12.068349)
(0.24401663 -2.3182222e-11 -12.115266)
(0.25306853 -1.4585663e-11 -11.886818)
(0.2496492 -1.8607346e-11 -11.910535)
(0.33035303 -1.331231e-11 -11.773533)
(0.28396147 8.3833125e-12 -11.757087)
(0.39269903 -3.0733479e-11 -11.753909)
(0.39648378 -2.8123123e-11 -11.686149)
(0.40548335 -2.3417688e-11 -11.843766)
(0.3841423 -2.1415451e-11 -11.714031)
(0.32702595 -1.6240049e-11 -12.213783)
(0.43480457 2.555236e-12 -11.854906)
(0.19667473 -2.0682378e-11 -13.138178)
(0.23572088 -2.0670517e-11 -12.443558)
(0.15505401 -9.4992509e-12 -13.696478)
(-0.0047930528 2.4135338e-09 -11.097909)
(-0.0031457242 8.2237779e-10 -11.039048)
(-0.0095025433 1.4485455e-09 -11.093254)
(-0.0072990783 4.8783694e-09 -11.033309)
(-0.014503329 -1.5537719e-09 -11.090606)
(-0.011859984 -2.8251289e-09 -11.030946)
(-0.019951917 1.488876e-10 -11.087202)
(-0.016971783 -2.7306102e-11 -11.027985)
(-0.025965295 1.7247912e-10 -11.082717)
(-0.022541699 1.3109328e-10 -11.024035)
(-0.032706267 1.3511791e-10 -11.076962)
(-0.028769803 1.6593242e-10 -11.018871)
(-0.040349306 1.4828677e-10 -11.069742)
(-0.035784089 9.0278401e-11 -11.012342)
(-0.049099228 1.4501674e-10 -11.060802)
(-0.043777757 9.576133e-11 -11.004206)
(-0.059187652 9.1115298e-11 -11.049822)
(-0.052972511 1.1030226e-10 -10.994191)
(-0.070892429 5.594425e-12 -11.03636)
(-0.063600267 3.8516797e-11 -10.981914)
(-0.084562442 1.8582541e-11 -11.019843)
(-0.075947796 -9.0821477e-12 -10.966875)
(-0.10050792 1.0129435e-10 -10.999532)
(-0.090363005 5.3139548e-11 -10.94842)
(-0.11910873 1.1163286e-10 -10.974431)
(-0.10712275 9.7811135e-11 -10.925711)
(-0.14078812 5.0379868e-11 -10.943185)
(-0.12663125 1.0023757e-10 -10.897589)
(-0.16597928 2.7958015e-12 -10.903942)
(-0.14927334 3.1246932e-11 -10.862496)
(-0.19505581 1.3003932e-13 -10.854145)
(-0.17541717 8.0824375e-12 -10.818289)
(-0.22814352 -3.00989e-11 -10.790243)
(-0.20527563 -1.6665975e-11 -10.76202)
(-0.2648417 -5.7108e-11 -10.70721)
(-0.23863471 -1.9219731e-11 -10.689604)
(-0.30371922 -4.8295645e-11 -10.597752)
(-0.27458239 -3.1112613e-11 -10.595204)
(-0.34101848 -5.9546888e-11 -10.451278)
(-0.31065988 -3.1021803e-11 -10.470361)
(-0.36803043 -6.512955e-11 -10.252865)
(-0.34114948 -6.1652271e-11 -10.303019)
(-0.36845149 -5.6180831e-11 -9.983263)
(-0.35328773 -5.0615463e-11 -10.076799)
(-0.32735321 -3.2280949e-11 -9.6289576)
(-0.32632491 -4.1779017e-11 -9.7722676)
(-0.29039369 -3.7761998e-11 -9.2268878)
(-0.25033953 -1.0767632e-11 -9.3833287)
(-0.32811616 -4.7675885e-11 -8.9070912)
(-0.20749719 -6.4275382e-11 -8.9826582)
(-0.34519902 -2.3525896e-11 -8.8204954)
(-0.25141584 -2.91754e-11 -8.7448731)
(-0.24979599 -4.4100319e-11 -9.0255179)
(-0.22415903 -1.3573145e-11 -8.8041046)
(-0.026562938 -4.4020154e-11 -9.5621464)
(-0.048893014 -5.133041e-11 -9.1656889)
(0.34842277 -2.3856464e-11 -10.438514)
(0.25241037 -1.2549635e-11 -9.9034273)
(0.57298942 -1.9171762e-11 -11.411774)
(0.7012152 -1.4521775e-11 -10.938551)
(0.49637945 -8.7622084e-12 -12.008297)
(0.64883174 -8.6374128e-12 -11.831018)
(0.3463879 -1.3808832e-11 -12.101232)
(0.44005848 -2.4310702e-12 -12.08828)
(0.28018917 -1.6509831e-11 -11.956288)
(0.31798401 -2.1341882e-11 -11.99746)
(0.28961652 4.2292843e-12 -11.780256)
(0.29486167 -1.6641524e-11 -11.798712)
(0.34621651 -6.2536313e-12 -11.668956)
(0.30840518 2.2232466e-11 -11.650984)
(0.3954977 -1.8836161e-11 -11.645058)
(0.40284106 -2.9482122e-11 -11.57893)
(0.40496398 4.4494702e-12 -11.723691)
(0.3830464 -1.6789353e-11 -11.600417)
(0.33448157 -1.773341e-12 -12.081592)
(0.43394686 1.7275432e-11 -11.727225)
(0.20637524 -9.5351409e-12 -12.99627)
(0.2482118 -1.6311579e-11 -12.306951)
(0.15784845 -2.205186e-12 -13.548639)
(-0.0046511928 2.2732155e-09 -10.975935)
(-0.003055073 3.9626988e-10 -10.917092)
(-0.0092015783 1.3050126e-09 -10.971269)
(-0.0070657738 4.8132121e-09 -10.911376)
(-0.014033965 -1.4600761e-09 -10.968549)
(-0.011465942 -2.2548727e-09 -10.908961)
(-0.019298032 -5.1840823e-11 -10.96504)
(-0.016400698 -1.854267e-10 -10.905911)
(-0.025107048 1.2336959e-10 -10.960419)
(-0.021776203 1.5099643e-11 -10.901843)
(-0.031616585 1.2321406e-10 -10.954491)
(-0.027785374 1.4866861e-10 -10.896529)
(-0.038992491 3.7621523e-11 -10.94706)
(-0.034549623 2.0063071e-11 -10.889813)
(-0.047427884 6.0742324e-11 -10.937865)
(-0.04225148 2.7114064e-11 -10.881449)
(-0.057141103 5.9038616e-11 -10.926583)
(-0.05110256 5.4794207e-11 -10.871161)
(-0.068411986 2.4636191e-11 -10.912753)
(-0.061326698 2.5294878e-11 -10.858555)
(-0.08152647 2.4529532e-11 -10.895797)
(-0.073177738 3.6137498e-11 -10.843127)
(-0.09676753 4.9034437e-11 -10.874987)
(-0.086964363 6.1053781e-11 -10.824223)
(-0.11447502 8.6384671e-11 -10.849311)
(-0.10293107 6.1477853e-11 -10.800997)
(-0.13500456 8.192735e-11 -10.817408)
(-0.12142889 9.4096279e-11 -10.772284)
(-0.15869151 3.6791333e-11 -10.777436)
(-0.14276401 2.8286892e-11 -10.736529)
(-0.18576207 -8.4554451e-12 -10.726867)
(-0.1671901 3.7093971e-11 -10.691608)
(-0.21612451 -5.761741e-12 -10.662226)
(-0.19474239 -4.1131785e-11 -10.634626)
(-0.2490833 6.8858881e-12 -10.578629)
(-0.22496355 6.3227945e-11 -10.561606)
(-0.28278943 -1.3839568e-11 -10.469091)
(-0.25662279 1.3280419e-11 -10.466909)
(-0.31288248 -3.2871704e-11 -10.323704)
(-0.28679287 -2.7412465e-11 -10.342519)
(-0.3298618 -4.7225843e-11 -10.12893)
(-0.30912804 -2.0095248e-11 -10.177318)
(-0.31596929 -3.6280638e-11 -9.8679502)
(-0.31015188 -6.3283487e-11 -9.956714)
(-0.25030041 -2.0490562e-11 -9.527849)
(-0.26766727 -9.8301681e-12 -9.6642444)
(-0.16274529 -3.690922e-11 -9.1375193)
(-0.16315255 -2.8288327e-11 -9.2926566)
(-0.1381944 -4.6009022e-11 -8.8166827)
(-0.059983136 -4.1703059e-11 -8.9017304)
(-0.12092892 -1.9322712e-11 -8.7248467)
(-0.044555067 -3.7531643e-11 -8.6576427)
(-0.012370862 -2.057006e-11 -8.9409771)
(0.0092376064 7.0603783e-12 -8.7144799)
(0.24431014 -2.0090808e-11 -9.5032771)
(0.19989074 -2.3038693e-11 -9.0969107)
(0.58590591 -3.2036058e-12 -10.395039)
(0.52198016 3.2753242e-12 -9.8605676)
(0.75255839 -4.0201282e-12 -11.344804)
(0.89915552 1.0473211e-11 -10.895975)
(0.61888503 -2.3396537e-12 -11.901995)
(0.77810755 4.6997948e-12 -11.735274)
(0.43482997 -9.8655939e-12 -11.980618)
(0.53856364 -3.9766026e-12 -11.964945)
(0.3377952 -2.1497321e-11 -11.83879)
(0.38507636 -2.175061e-11 -11.873927)
(0.32328755 1.1710436e-12 -11.669068)
(0.33641705 -1.8294032e-11 -11.682208)
(0.36103353 -7.4972326e-13 -11.560499)
(0.33106245 2.3323091e-11 -11.540931)
(0.39804889 -2.7494099e-11 -11.533443)
(0.40900457 -2.8349678e-11 -11.468579)
(0.4035281 -4.1168734e-12 -11.602799)
(0.38193061 -2.5119469e-11 -11.48499)
(0.33937279 2.8845403e-12 -11.949666)
(0.43186305 1.5922413e-11 -11.599967)
(0.21351055 -9.0419206e-12 -12.853832)
(0.25750708 -1.869949e-11 -12.170481)
(0.15974936 -3.2541846e-13 -13.399791)
(-0.0045032047 1.8320309e-09 -10.854013)
(-0.0029599069 -3.6599872e-10 -10.795188)
(-0.0088905168 1.8958796e-09 -10.849339)
(-0.0068241231 5.2494819e-09 -10.789497)
(-0.013550409 -1.0996145e-09 -10.846551)
(-0.011060144 -1.8478602e-09 -10.787033)
(-0.018625517 -1.2701927e-10 -10.842941)
(-0.015813503 -1.5424594e-10 -10.783898)
(-0.024225214 3.5886206e-11 -10.838188)
(-0.020990051 2.0718701e-11 -10.779717)
(-0.030497714 4.9123386e-11 -10.832095)
(-0.02677511 9.832272e-11 -10.774258)
(-0.037600189 9.3865812e-12 -10.824461)
(-0.033283604 3.3348588e-11 -10.767363)
(-0.045714183 2.0586258e-11 -10.815023)
(-0.040687398 4.8043758e-11 -10.758782)
(-0.05505109 2.1599013e-11 -10.803438)
(-0.049192419 4.4962068e-11 -10.748233)
(-0.065876946 3.6614871e-11 -10.789257)
(-0.059004999 6.4991512e-12 -10.735312)
(-0.078419368 7.2283196e-11 -10.771906)
(-0.070345872 1.1548549e-10 -10.71952)
(-0.092945547 7.3491293e-11 -10.750629)
(-0.08349225 1.196625e-10 -10.700197)
(-0.10974889 6.8770449e-11 -10.72442)
(-0.098656047 7.439684e-11 -10.67649)
(-0.12911814 4.1240601e-11 -10.691921)
(-0.11613382 7.4385565e-11 -10.647236)
(-0.15129279 2.8491528e-11 -10.651301)
(-0.13615395 -1.6058311e-11 -10.610887)
(-0.17635445 5.2335448e-12 -10.600076)
(-0.15885905 7.6550849e-11 -10.565347)
(-0.20400725 2.6833585e-11 -10.534854)
(-0.18410976 -3.8478361e-11 -10.507786)
(-0.23328637 7.008543e-11 -10.450915)
(-0.21123109 8.8242257e-11 -10.434343)
(-0.26196484 6.4787614e-14 -10.341604)
(-0.23869911 5.2921822e-11 -10.339601)
(-0.28516805 -1.4697041e-11 -10.197708)
(-0.26317163 -2.9432887e-11 -10.216006)
(-0.2928115 -3.580987e-11 -10.00704)
(-0.27778814 2.1868232e-11 -10.053375)
(-0.26631391 -3.7238246e-11 -9.7551613)
(-0.26861943 -7.4376904e-11 -9.8388287)
(-0.1810547 -1.7494094e-11 -9.4305359)
(-0.21278855 1.0241416e-11 -9.5587559)
(-0.052916635 -3.2988955e-11 -9.0558522)
(-0.085974681 -3.4831432e-11 -9.2057636)
(0.035124656 -3.3253505e-11 -8.7387883)
(0.070389144 -1.8259908e-11 -8.8299322)
(0.095186748 -1.143454e-11 -8.6430892)
(0.14837927 -3.5864425e-11 -8.5846454)
(0.23292315 4.7776272e-12 -8.8669926)
(0.23500638 2.4053074e-11 -8.6391684)
(0.50114719 1.7075463e-13 -9.4492383)
(0.44139075 1.2113773e-12 -9.0376612)
(0.80575644 1.6910754e-11 -10.350767)
(0.77500129 9.1652738e-12 -9.8211147)
(0.91534919 1.9225221e-11 -11.27216)
(1.0713324 3.1571715e-11 -10.848918)
(0.72978953 3.1095093e-12 -11.788831)
(0.89471054 1.1188046e-11 -11.631658)
(0.51432323 -1.5769016e-11 -11.85434)
(0.62680984 -1.3758204e-11 -11.835749)
(0.38986158 -1.8564785e-11 -11.71635)
(0.44524718 -3.3377769e-11 -11.745122)
(0.35420638 3.6539513e-12 -11.553845)
(0.37438296 -1.4748233e-11 -11.561594)
(0.3749448 -4.0307608e-12 -11.448763)
(0.35208158 7.9040501e-12 -11.427482)
(0.40062392 -2.5990008e-11 -11.419542)
(0.4150602 -4.8548561e-11 -11.355625)
(0.40173686 -5.2651006e-12 -11.481243)
(0.38107705 -2.6301486e-11 -11.368059)
(0.34242581 -5.5097313e-12 -11.817996)
(0.42912748 4.3786474e-12 -11.473067)
(0.21866154 -1.0061526e-11 -12.711043)
(0.26430153 -3.127739e-11 -12.034165)
(0.16094623 4.7523869e-13 -13.250223)
(-0.0043494345 1.6475756e-09 -10.73214)
(-0.0028605592 -7.4169101e-10 -10.673329)
(-0.008569832 2.1509638e-09 -10.727462)
(-0.006574581 5.7030405e-09 -10.667666)
(-0.013053242 -1.0001967e-09 -10.724609)
(-0.010643051 -1.5144998e-09 -10.665156)
(-0.017935094 -1.3949264e-11 -10.720902)
(-0.015210805 -1.0961839e-11 -10.661939)
(-0.023320716 8.0535046e-11 -10.716022)
(-0.020184025 1.144126e-10 -10.65765)
(-0.029350854 8.4370881e-11 -10.709771)
(-0.025740038 2.0218402e-10 -10.652052)
(-0.036173994 7.1655694e-11 -10.701944)
(-0.031987351 8.3510189e-11 -10.644986)
(-0.043960893 7.2485949e-11 -10.692277)
(-0.039088846 1.1270093e-10 -10.636198)
(-0.052924722 3.0577748e-11 -10.680411)
(-0.047244771 8.0933551e-11 -10.625397)
(-0.0632846 8.3548926e-11 -10.665895)
(-0.056636371 1.1253773e-11 -10.612179)
(-0.075245781 1.6280454e-10 -10.648166)
(-0.067454237 1.1505087e-10 -10.596047)
(-0.089048004 1.2119991e-10 -10.626456)
(-0.079951772 1.5033677e-10 -10.576333)
(-0.10493833 8.00125e-11 -10.599758)
(-0.094304505 1.1655051e-10 -10.552184)
(-0.12313959 1.8164381e-11 -10.566721)
(-0.11075497 7.0452097e-11 -10.522439)
(-0.14379771 3.097058e-11 -10.525535)
(-0.12945534 -4.6508605e-11 -10.485565)
(-0.16685353 3.403975e-11 -10.473765)
(-0.15044025 6.0438183e-11 -10.439499)
(-0.19182155 2.1686335e-11 -10.408118)
(-0.17340186 1.6726604e-11 -10.381487)
(-0.21749325 7.1406074e-11 -10.324048)
(-0.19747143 7.9759517e-11 -10.307796)
(-0.24130237 2.414804e-11 -10.215251)
(-0.22085864 7.960633e-11 -10.213245)
(-0.25794164 6.7052551e-12 -10.073212)
(-0.23985619 -1.4870521e-11 -10.090762)
(-0.25691435 -1.5933668e-11 -9.8870437)
(-0.24719332 5.1112158e-11 -9.9310816)
(-0.2192832 -2.7538388e-11 -9.644546)
(-0.22869232 -5.2988833e-11 -9.7229483)
(-0.11842233 -6.7687206e-12 -9.3358787)
(-0.16139653 1.0567735e-11 -9.4553685)
(0.043867707 -2.0217079e-11 -8.97958)
(-0.017207304 -9.7687377e-12 -9.1215823)
(0.19400753 -2.0752959e-11 -8.6721503)
(0.18357786 -1.3032657e-11 -8.7652885)
(0.30285164 -7.6070913e-13 -8.575917)
(0.32441481 -2.5776062e-11 -8.525002)
(0.46559364 2.0628449e-11 -8.8053146)
(0.4494502 3.4973492e-11 -8.5781776)
(0.74165802 1.015889e-11 -9.4024571)
(0.67220942 2.1645484e-11 -8.9895431)
(1.0068571 2.3697641e-11 -10.306262)
(1.0066788 7.5262454e-12 -9.785628)
(1.0599323 2.3647981e-11 -11.193247)
(1.2206686 4.3110345e-11 -10.796988)
(0.82777226 -5.5458088e-12 -11.668901)
(0.99725154 1.5731133e-11 -11.520098)
(0.58448841 -3.1265289e-11 -11.72269)
(0.70417642 -1.8887434e-11 -11.700839)
(0.43646611 -2.9655729e-11 -11.589496)
(0.49857132 -4.2864889e-11 -11.611581)
(0.38248217 -1.0609713e-11 -11.435125)
(0.40885729 -1.2444823e-11 -11.43742)
(0.38801995 -3.6346029e-11 -11.334247)
(0.37156313 8.8819236e-13 -11.311109)
(0.40332023 -4.8963887e-11 -11.303739)
(0.42101882 -5.4423549e-11 -11.240484)
(0.39988761 -1.679638e-11 -11.359135)
(0.38057856 -3.5040423e-11 -11.249861)
(0.3441462 -2.1233147e-11 -11.686554)
(0.42608394 -7.4175073e-13 -11.346443)
(0.22227041 -2.0876733e-11 -12.568031)
(0.26913701 -3.9817355e-11 -11.897994)
(0.16159666 -3.7603196e-12 -13.100148)
(-0.0041902102 1.7025891e-09 -10.610323)
(-0.002757347 -4.7041174e-10 -10.551533)
(-0.0082400161 2.6936974e-09 -10.605644)
(-0.006317623 6.195745e-09 -10.545901)
(-0.01254307 -6.1202131e-10 -10.602729)
(-0.010215214 -1.2331923e-09 -10.543348)
(-0.017227543 1.1206047e-10 -10.598928)
(-0.014593347 -2.1800536e-11 -10.540053)
(-0.022394547 2.3309091e-10 -10.593928)
(-0.01935909 1.1608109e-10 -10.53566)
(-0.028177298 2.0464637e-10 -10.587525)
(-0.02468141 1.9262814e-10 -10.529929)
(-0.034715665 1.238538e-10 -10.579515)
(-0.030662754 4.5327855e-11 -10.522701)
(-0.042175114 1.2181207e-10 -10.569617)
(-0.037460387 8.0987894e-11 -10.513715)
(-0.050757863 6.2904134e-11 -10.557483)
(-0.045261284 5.7587001e-11 -10.502675)
(-0.060638214 4.1021494e-11 -10.542667)
(-0.054221176 3.3422531e-11 -10.489179)
(-0.072010526 1.0204916e-10 -10.524585)
(-0.064507139 2.8288524e-11 -10.472728)
(-0.085081186 1.4615685e-10 -10.502475)
(-0.076348792 2.2256709e-10 -10.452653)
(-0.10005159 1.0758131e-10 -10.475332)
(-0.089884082 1.5861417e-10 -10.428098)
(-0.11707992 7.1742633e-12 -10.441816)
(-0.10530225 1.0504878e-10 -10.397913)
(-0.13622095 -1.8229316e-11 -10.400144)
(-0.12268161 -6.81622e-11 -10.360579)
(-0.15728011 4.3580621e-11 -10.34794)
(-0.14195092 1.8916216e-11 -10.31408)
(-0.17959729 7.4179239e-11 -10.282016)
(-0.1626444 6.6811774e-11 -10.255743)
(-0.20174493 8.7960606e-11 -10.198014)
(-0.18371989 8.1432076e-11 -10.181969)
(-0.22085541 4.1416621e-11 -10.089995)
(-0.20314826 7.601499e-11 -10.08783)
(-0.23126392 2.8985245e-11 -9.950143)
(-0.2169044 -1.1673094e-11 -9.9667452)
(-0.22220296 1.4882723e-11 -9.7688139)
(-0.21740269 6.5682309e-11 -9.810351)
(-0.17472297 -1.5364964e-11 -9.5358585)
(-0.19037867 -4.2778587e-11 -9.6089216)
(-0.061213807 7.7146618e-12 -9.2431929)
(-0.11330995 -1.1006573e-11 -9.3538155)
(0.13042979 -2.5622633e-12 -8.9075131)
(0.044599002 1.5290932e-11 -9.0398081)
(0.33389592 -1.7970856e-11 -8.6149693)
(0.28027577 -2.0589023e-11 -8.7056411)
(0.49434342 9.5681603e-12 -8.5221578)
(0.48107834 -5.995888e-12 -8.4766365)
(0.68461244 3.6072287e-11 -8.7565591)
(0.64854134 4.0949849e-11 -8.5309137)
(0.9628903 1.9096594e-11 -9.3635895)
(0.88834873 4.1861634e-11 -8.9525171)
(1.1877688 2.6734237e-11 -10.261167)
(1.2131985 2.4948037e-12 -9.7540031)
(1.1817669 3.5345244e-11 -11.107847)
(1.3482016 4.2604346e-11 -10.738735)
(0.91199101 2.5754044e-12 -11.54247)
(1.0848572 2.3980588e-11 -11.401243)
(0.64521998 -3.0362143e-11 -11.586077)
(0.77041715 -9.9156521e-12 -11.56055)
(0.4777691 -2.5807803e-11 -11.45879)
(0.54523714 -4.0987531e-11 -11.473943)
(0.40822454 -1.0126344e-12 -11.313406)
(0.43996317 4.1023756e-12 -11.310239)
(0.40029144 -1.6926583e-11 -11.217366)
(0.38957643 6.3334501e-12 -11.192247)
(0.40614395 -4.0590152e-11 -11.186336)
(0.42685255 -3.8319536e-11 -11.123499)
(0.39812559 -1.9140247e-11 -11.23655)
(0.38043152 -3.3336963e-11 -11.130596)
(0.34489216 -1.9154608e-11 -11.555299)
(0.42293616 3.2343261e-12 -11.220035)
(0.22467998 -2.2854995e-11 -12.42489)
(0.27243718 -4.6430105e-11 -11.761976)
(0.16182973 6.4344427e-13 -12.949763)
(-0.0040258448 2.356205e-09 -10.488568)
(-0.0026505318 -3.0486654e-10 -10.429795)
(-0.0079015426 2.9442129e-09 -10.483889)
(-0.0060536445 6.3472643e-09 -10.424196)
(-0.012020494 -7.1285959e-10 -10.480915)
(-0.0097770922 -9.4324778e-10 -10.421602)
(-0.016503621 -2.3647212e-11 -10.477026)
(-0.013961751 -8.0794811e-11 -10.418232)
(-0.021447716 7.3032278e-11 -10.47191)
(-0.018516053 6.9814149e-11 -10.413741)
(-0.026978397 3.7439547e-11 -10.465363)
(-0.023600269 1.1102203e-10 -10.407883)
(-0.033227875 1.6070899e-12 -10.457181)
(-0.029312782 2.1287525e-11 -10.4005)
(-0.040362719 1.7252897e-11 -10.447069)
(-0.035804334 2.8168079e-11 -10.391324)
(-0.048547753 2.8554739e-11 -10.434681)
(-0.04324251 2.7668405e-11 -10.380059)
(-0.057941512 2.0775414e-11 -10.419578)
(-0.051760752 -1.2280773e-11 -10.366304)
(-0.068718371 1.458548e-10 -10.401168)
(-0.061508436 8.3721051e-11 -10.349557)
(-0.081051318 2.3591473e-10 -10.378691)
(-0.072688403 2.4635308e-10 -10.329148)
(-0.095096786 1.5676974e-10 -10.351147)
(-0.085401402 1.5029657e-10 -10.304226)
(-0.11094998 3.1777866e-11 -10.31721)
(-0.099784338 9.7673303e-11 -10.273649)
(-0.12857672 -3.1985642e-11 -10.27513)
(-0.11584457 -2.5001585e-11 -10.235923)
(-0.14765408 4.1647807e-11 -10.222599)
(-0.133406 6.6482543e-11 -10.189081)
(-0.16736291 7.3921109e-11 -10.15654)
(-0.15185983 6.2023321e-11 -10.130537)
(-0.18607916 6.9536671e-11 -10.072793)
(-0.17000728 7.8068167e-11 -10.056837)
(-0.2006712 2.3695138e-11 -9.9657949)
(-0.18560709 8.3865239e-11 -9.9633167)
(-0.20518613 2.4378766e-11 -9.8284219)
(-0.19436274 -1.9728839e-11 -9.8438902)
(-0.18870285 8.8824507e-12 -9.6522176)
(-0.18845948 5.4492928e-11 -9.6910712)
(-0.13253359 -3.866106e-11 -9.4289328)
(-0.1536852 -5.4572215e-11 -9.4965623)
(-0.0088161797 -3.6209854e-12 -9.1523976)
(-0.068278763 -1.6325888e-11 -9.2538384)
(0.20426045 -2.4865176e-12 -8.8384951)
(0.10030369 2.4515394e-11 -8.9597841)
(0.4543167 -8.7113942e-12 -8.5648934)
(0.3619241 -3.3320538e-11 -8.6494938)
(0.66677454 2.5084718e-11 -8.4801642)
(0.61683187 1.1849026e-11 -8.4370862)
(0.88617363 4.6733565e-11 -8.7198865)
(0.82851205 5.692055e-11 -8.4958755)
(1.161629 2.5494252e-11 -9.3318557)
(1.0855068 3.8723039e-11 -8.9253039)
(1.3466381 1.8134287e-11 -10.214369)
(1.3916421 -7.673314e-12 -9.7250273)
(1.2829799 3.1343193e-11 -11.0155)
(1.4540544 4.5124437e-11 -10.672751)
(0.98213054 1.1671832e-11 -11.410003)
(1.157172 1.9064088e-11 -11.275386)
(0.69670556 -2.0379154e-11 -11.445032)
(0.82569657 1.363035e-11 -11.415348)
(0.51401416 -1.1305148e-11 -11.324826)
(0.58556534 -3.8813216e-11 -11.332863)
(0.43155033 1.143752e-11 -11.189156)
(0.46786106 2.6812576e-11 -11.180552)
(0.41177169 -1.4846833e-11 -11.09847)
(0.40618113 9.5095671e-12 -11.071251)
(0.40905912 -3.1089423e-11 -11.067568)
(0.43251857 -3.0793628e-11 -11.004918)
(0.39651075 -1.1127166e-11 -11.113542)
(0.38058829 -4.9214983e-12 -11.010387)
(0.34492175 -2.3823294e-11 -11.424197)
(0.41980293 4.8628734e-12 -11.09376)
(0.22616006 -2.313288e-11 -12.2817)
(0.27453695 -5.3286536e-11 -11.626087)
(0.16175035 7.1468236e-12 -12.799192)
(-0.0038566338 2.0231601e-09 -10.366872)
(-0.0025403468 -1.1184982e-09 -10.308116)
(-0.0075548505 3.1225771e-09 -10.362196)
(-0.0057830338 5.8796958e-09 -10.302551)
(-0.011486087 -3.6093994e-10 -10.359166)
(-0.0093291792 -7.8544782e-10 -10.299918)
(-0.01576408 6.257657e-12 -10.355192)
(-0.013316696 -8.0243121e-11 -10.296478)
(-0.020481181 1.0641174e-10 -10.349967)
(-0.017655782 2.0297524e-11 -10.291893)
(-0.025755443 9.7385932e-11 -10.343286)
(-0.022498322 2.2542961e-10 -10.285916)
(-0.031717001 4.7683569e-11 -10.334929)
(-0.027941003 2.027476e-11 -10.278384)
(-0.03851975 3.8594052e-11 -10.324612)
(-0.03412152 1.35837e-11 -10.269027)
(-0.046296589 -1.2424246e-11 -10.311997)
(-0.041188241 1.6810943e-11 -10.257553)
(-0.055198027 4.9059488e-11 -10.296626)
(-0.049258065 -6.7672045e-11 -10.243556)
(-0.065373858 1.8174848e-10 -10.277915)
(-0.058462204 1.5184818e-10 -10.226535)
(-0.076964323 1.6207217e-10 -10.255103)
(-0.068975915 2.6136231e-10 -10.205822)
(-0.090081633 9.1876123e-11 -10.227201)
(-0.080863294 1.9877795e-10 -10.180569)
(-0.1047601 4.2356755e-11 -10.1929)
(-0.094210176 1.3401113e-10 -10.149649)
(-0.12087854 7.2448602e-11 -10.15049)
(-0.10895619 -7.4838895e-12 -10.111596)
(-0.13799413 8.6904568e-11 -10.097735)
(-0.12482089 1.2201553e-10 -10.064497)
(-0.15514487 6.6012894e-11 -10.031674)
(-0.14107025 4.2186307e-11 -10.005862)
(-0.17053045 9.2343004e-11 -9.9483572)
(-0.15636367 7.7958413e-11 -9.9323832)
(-0.18079153 4.1350773e-11 -9.8426031)
(-0.16827208 8.377601e-11 -9.8396719)
(-0.17975173 9.7662563e-12 -9.7079662)
(-0.17227387 -1.595445e-11 -9.7221376)
(-0.15643535 -8.0954871e-12 -9.5371078)
(-0.16040156 3.1999501e-11 -9.5731405)
(-0.092569733 -3.2526988e-11 -9.3234772)
(-0.11863635 -6.9997302e-11 -9.3857043)
(0.03927367 1.1514353e-11 -9.0631049)
(-0.025982544 -3.1247008e-12 -9.1552154)
(0.26730408 -5.9167561e-12 -8.7715908)
(0.15051171 2.9711721e-11 -8.8809944)
(0.55537253 -1.3061409e-11 -8.5198795)
(0.43015701 -3.7406964e-11 -8.5955276)
(0.81737892 4.3395795e-11 -8.4476398)
(0.73106075 1.7241849e-11 -8.4037164)
(1.0662093 4.9022405e-11 -8.6934532)
(0.98620405 5.8292462e-11 -8.4706575)
(1.3349435 5.8317376e-12 -9.3055605)
(1.2595203 2.3454126e-11 -8.9057379)
(1.4814767 1.9013255e-11 -10.164424)
(1.539942 -1.0168106e-11 -9.6964384)
(1.3638986 3.2990165e-11 -10.915721)
(1.5381267 4.0086582e-11 -10.597764)
(1.0383533 2.1051829e-11 -11.271876)
(1.2142665 1.9920479e-11 -11.142732)
(0.73940316 -4.5304799e-12 -11.300154)
(0.87051523 2.1875631e-11 -11.265846)
(0.54552392 -1.0270363e-12 -11.188181)
(0.61997862 -3.9615486e-11 -11.189026)
(0.45258791 2.4969466e-11 -11.062785)
(0.49273427 1.4896937e-11 -11.048831)
(0.42246692 -6.2452753e-12 -10.97784)
(0.42143047 1.4351156e-11 -10.948439)
(0.4120128 -4.7455259e-12 -10.947603)
(0.43797057 -1.9224054e-11 -10.88496)
(0.39505864 1.1024456e-11 -10.990127)
(0.38098553 9.1875099e-12 -10.889333)
(0.34442604 -2.4345268e-11 -11.293199)
(0.41675252 5.264645e-12 -10.967546)
(0.22692356 -2.3265151e-11 -12.138507)
(0.27570148 -5.2360148e-11 -11.490311)
(0.16144283 -1.8624167e-12 -12.64854)
(-0.0036828625 9.8848903e-10 -10.245236)
(-0.0024269917 -1.3241855e-09 -10.186497)
(-0.0072003868 2.5775927e-09 -10.240565)
(-0.0055061597 5.5779161e-09 -10.180968)
(-0.010940433 -5.4543592e-10 -10.237482)
(-0.0088719727 -1.4089973e-09 -10.178299)
(-0.015009686 -7.0481579e-11 -10.233428)
(-0.012658853 -1.2855458e-10 -10.174792)
(-0.019495968 1.3238526e-10 -10.228099)
(-0.016779269 7.1347651e-12 -10.170118)
(-0.024511756 1.5407045e-10 -10.221288)
(-0.021378535 2.9219289e-10 -10.164026)
(-0.030186349 -1.3664707e-11 -10.21277)
(-0.026549213 -1.6549606e-12 -10.156353)
(-0.036643826 -8.2669953e-12 -10.202265)
(-0.032411924 1.442459e-11 -10.146828)
(-0.04400721 -3.6865884e-11 -10.189432)
(-0.039099664 2.0992087e-12 -10.135157)
(-0.052411335 3.1445754e-11 -10.173813)
(-0.046716253 -3.923979e-11 -10.120937)
(-0.061981612 2.2979818e-10 -10.154825)
(-0.055372512 1.0864104e-10 -10.103664)
(-0.072826166 2.9893936e-10 -10.131712)
(-0.065216571 3.0257169e-10 -10.082674)
(-0.085013894 2.4174494e-10 -10.103494)
(-0.076276464 2.8733275e-10 -10.057128)
(-0.098520495 8.5857816e-11 -10.068885)
(-0.088588614 2.1897927e-10 -10.025913)
(-0.11313988 4.0642022e-11 -10.026221)
(-0.1020278 -3.9779457e-11 -9.9875957)
(-0.12831861 7.8129909e-11 -9.9733397)
(-0.11621089 9.9884666e-11 -9.9403263)
(-0.14296832 5.3780714e-11 -9.9074059)
(-0.13029659 3.6445736e-12 -9.8817088)
(-0.15513082 6.9337497e-11 -9.8246816)
(-0.14281687 9.1696667e-11 -9.8085895)
(-0.16125385 2.7346376e-11 -9.7203729)
(-0.15117644 5.4282302e-11 -9.7168622)
(-0.15499764 5.8788218e-12 -9.5886951)
(-0.15067455 -4.793934e-12 -9.6014277)
(-0.12542347 -2.9092203e-11 -9.4233598)
(-0.13325911 2.0527718e-11 -9.4564581)
(-0.054736926 -4.1101974e-11 -9.2193152)
(-0.085258262 -8.8653519e-11 -9.276207)
(0.083276256 1.4834572e-11 -8.9749222)
(0.013763829 -1.5438708e-12 -9.0577294)
(0.3210791 -1.3121149e-12 -8.7059522)
(0.19579594 2.1250437e-11 -8.8030134)
(0.63792226 -7.4682253e-12 -8.4780299)
(0.48666473 -1.9564069e-11 -8.5426338)
(0.94426749 3.1875242e-11 -8.4218279)
(0.82404368 6.1350539e-12 -8.3739498)
(1.2211689 3.2939333e-11 -8.674517)
(1.1193829 3.5942319e-11 -8.4522279)
(1.4804698 7.6544842e-12 -9.2821583)
(1.4069294 2.8756214e-11 -8.8907685)
(1.5905014 1.0616261e-11 -10.109536)
(1.6570693 1.9286039e-12 -9.6654103)
(1.4248214 2.7128972e-11 -10.808052)
(1.6005792 2.3700644e-11 -10.512654)
(1.0812495 2.0733767e-11 -11.12854)
(1.2566495 4.3518577e-11 -11.003622)
(0.77398034 -1.2889004e-11 -11.15211)
(0.90564523 1.1769888e-11 -11.112778)
(0.57267424 -2.3966912e-11 -11.049419)
(0.64897592 -4.0787728e-11 -11.043105)
(0.47147224 4.2813034e-12 -10.934669)
(0.51478239 -2.0826612e-11 -10.915504)
(0.43238169 1.5322865e-12 -10.855733)
(0.43537606 1.0142903e-11 -10.824081)
(0.41494883 -5.4226012e-12 -10.826594)
(0.44316547 -7.7836701e-12 -10.763814)
(0.39376216 3.4453736e-12 -10.866319)
(0.38155859 -7.2093568e-12 -10.767517)
(0.34354792 -2.2497436e-11 -11.162266)
(0.4138224 3.3423606e-12 -10.841333)
(0.22713894 -3.1173263e-11 -11.995347)
(0.27614133 -4.7359512e-11 -11.354632)
(0.16097434 -1.7799948e-11 -12.497885)
(-0.0035048036 1.5397162e-09 -10.123661)
(-0.002310639 -1.0553332e-09 -10.064939)
(-0.0068385848 2.2264997e-09 -10.118997)
(-0.0052233702 5.5938539e-09 -10.059448)
(-0.010384107 -1.0659878e-09 -10.115864)
(-0.0084059608 -1.8868299e-09 -10.056744)
(-0.01424121 -5.6712253e-11 -10.111734)
(-0.011988918 -8.5733366e-11 -10.053174)
(-0.018493527 1.5731206e-10 -10.106311)
(-0.015888585 6.3418638e-11 -10.048416)
(-0.023252927 1.4470621e-10 -10.099371)
(-0.020243568 2.8801077e-10 -10.042216)
(-0.028631949 2.6048868e-11 -10.090698)
(-0.025137431 3.4631996e-11 -10.034409)
(-0.03473686 2.5048917e-11 -10.080022)
(-0.030675318 5.0847129e-11 -10.024727)
(-0.041682425 4.9400686e-13 -10.066987)
(-0.036979144 3.7534282e-11 -10.012875)
(-0.049585002 3.5482579e-11 -10.05114)
(-0.044138454 7.4132775e-12 -9.9984472)
(-0.058546225 1.7846819e-10 -10.0319)
(-0.052243424 2.2726105e-11 -9.9809443)
(-0.068642732 2.9117723e-10 -10.008518)
(-0.061415545 3.2533805e-10 -9.9597065)
(-0.079901238 2.6544514e-10 -9.9800267)
(-0.071647507 2.3015296e-10 -9.9339029)
(-0.092241043 9.6427702e-11 -9.9451657)
(-0.082928404 1.6397803e-10 -9.9024405)
(-0.10537384 1.7909061e-11 -9.9023196)
(-0.095070073 -7.5635983e-11 -9.8639217)
(-0.11864542 2.6403138e-11 -9.8494075)
(-0.10759118 1.834434e-11 -9.816563)
(-0.13085679 4.0696274e-11 -9.78372)
(-0.11955897 -2.4930537e-11 -9.7580658)
(-0.13990943 7.6988259e-11 -9.7017394)
(-0.12939244 1.1233729e-10 -9.6854359)
(-0.14209107 2.2660654e-11 -9.5990574)
(-0.13434997 3.6378742e-11 -9.5948529)
(-0.13095409 9.6437603e-12 -9.4705288)
(-0.12959603 7.5485022e-12 -9.4817011)
(-0.095688636 -3.8166425e-11 -9.310865)
(-0.10705716 1.1595766e-11 -9.3409243)
(-0.018978193 -4.9755793e-11 -9.1163502)
(-0.05354143 -1.1635202e-10 -9.1679378)
(0.12387802 4.7067141e-12 -8.8875423)
(0.051024989 -1.0035041e-11 -8.9612289)
(0.36701992 3.2820818e-12 -8.6408291)
(0.23667975 -2.7102501e-13 -8.7254367)
(0.70343494 -6.1322083e-12 -8.4375987)
(0.53310043 -4.0989225e-12 -8.4898853)
(1.0466557 1.0010964e-11 -8.3998117)
(0.89684367 -1.747913e-11 -8.3454556)
(1.3485389 3.1803579e-11 -8.6597429)
(1.2269045 2.1886502e-11 -8.4372856)
(1.5966592 2.3190077e-11 -9.2584705)
(1.5254352 3.2172426e-11 -8.8768473)
(1.671564 1.4887799e-11 -10.047823)
(1.7431587 1.1495695e-11 -9.6287239)
(1.4665006 3.9980109e-11 -10.692314)
(1.6421331 2.0319588e-11 -10.416936)
(1.1118009 3.472545e-11 -10.980588)
(1.2852722 5.3571715e-11 -10.858639)
(0.8012543 -1.585501e-11 -11.001612)
(0.93205778 4.9974308e-12 -10.956975)
(0.59587137 -3.7748273e-11 -10.909068)
(0.67309974 -4.1284979e-11 -10.895737)
(0.48834081 -1.5116868e-11 -10.805129)
(0.53421265 -3.3978688e-11 -10.780945)
(0.44152264 9.1232574e-13 -10.732354)
(0.44807024 -5.9494699e-12 -10.698416)
(0.41781541 -9.5730855e-12 -10.704664)
(0.44806564 -7.9149083e-12 -10.64163)
(0.39260386 -7.3599117e-12 -10.742132)
(0.38224787 -1.9604854e-11 -10.645009)
(0.34239539 -2.1297288e-11 -11.031363)
(0.41103111 -1.3700501e-11 -10.715069)
(0.22693969 -3.4112549e-11 -11.852247)
(0.27602385 -4.309908e-11 -11.21904)
(0.16039782 -2.4163229e-11 -12.34729)
(-0.0033227056 1.3365077e-09 -10.002149)
(-0.0021914241 -7.7511359e-10 -9.9434445)
(-0.0064698545 2.1605861e-09 -9.9974937)
(-0.004934987 5.6535253e-09 -9.9379915)
(-0.0098176911 -1.010485e-09 -9.994314)
(-0.0079316528 -1.6394566e-09 -9.9352563)
(-0.01345954 2.8050631e-11 -9.9901166)
(-0.011308393 6.4268007e-11 -9.931627)
(-0.017478569 1.8652979e-10 -9.984595)
(-0.014986475 1.2968452e-10 -9.9267887)
(-0.021978438 1.8504065e-10 -9.9775328)
(-0.019093998 3.5389364e-10 -9.9204854)
(-0.02705257 5.9041538e-11 -9.9687246)
(-0.023705004 9.6139523e-11 -9.9125541)
(-0.032801076 6.3611297e-11 -9.9578853)
(-0.028912874 9.2722136e-11 -9.902726)
(-0.039324991 4.5013657e-11 -9.9446637)
(-0.034829134 1.1686185e-10 -9.8907056)
(-0.046722602 -5.5992627e-12 -9.9286081)
(-0.041527808 -2.4534403e-11 -9.8760883)
(-0.055072253 1.6499842e-10 -9.9091415)
(-0.04907898 9.2273841e-13 -9.8583775)
(-0.064419824 2.6563891e-10 -9.8855228)
(-0.057577929 2.4178705e-10 -9.8369195)
(-0.074751238 1.2953593e-10 -9.8567987)
(-0.066982924 1.1964013e-10 -9.8108942)
(-0.08593122 -5.2282437e-12 -9.8217398)
(-0.077238152 6.8024067e-11 -9.7792302)
(-0.097593026 -7.6246479e-11 -9.7787829)
(-0.088093043 -8.6116627e-11 -9.7405714)
(-0.10899189 -3.2537967e-11 -9.7259297)
(-0.098976399 -8.1319266e-13 -9.6932018)
(-0.11883235 4.5363166e-11 -9.6606009)
(-0.10887667 -1.1693475e-11 -9.6349217)
(-0.12489263 7.2431821e-11 -9.5795029)
(-0.11611367 1.3142007e-10 -9.5629017)
(-0.12333178 2.1519706e-11 -9.4786096)
(-0.11781923 2.4955404e-11 -9.4736087)
(-0.10764525 9.4667509e-12 -9.3533888)
(-0.10906436 1.9997802e-11 -9.3628989)
(-0.067229389 -6.5573601e-11 -9.1995157)
(-0.081821381 -2.7601288e-12 -9.2264428)
(0.014763937 -7.7437254e-11 -9.0144335)
(-0.023387619 -1.3375964e-10 -9.0607675)
(0.16128687 -1.5083579e-11 -8.8007082)
(0.08581911 -3.9680565e-11 -8.8655382)
(0.40638092 -7.6254313e-12 -8.5756417)
(0.27357807 -1.3998143e-11 -8.6479325)
(0.75381232 -1.5356595e-11 -8.3970793)
(0.5710076 -1.0191703e-12 -8.4365177)
(1.1249141 -5.8560606e-12 -8.3788077)
(0.95116769 -3.2709552e-11 -8.3162817)
(1.447165 2.2191827e-11 -8.6456216)
(1.3087737 9.1755261e-12 -8.4226233)
(1.6830569 2.0601162e-11 -9.231086)
(1.6141874 3.3360939e-11 -8.8604117)
(1.7243542 1.6876747e-11 -9.9775916)
(1.7995383 1.5200707e-11 -9.5833632)
(1.4902864 3.3726391e-11 -10.568749)
(1.6641974 2.0386405e-11 -10.310801)
(1.1313156 2.4104939e-11 -10.828778)
(1.301495 5.0453281e-11 -10.708634)
(0.82212629 -2.0191406e-11 -10.849382)
(0.95084662 8.4194867e-12 -10.799308)
(0.61552782 -3.7552305e-11 -10.767605)
(0.69290392 -3.6952878e-11 -10.747498)
(0.50333338 -2.4948728e-11 -10.674461)
(0.55123188 -2.0494845e-11 -10.645481)
(0.44990021 -1.4767343e-11 -10.60789)
(0.45956683 -2.3326711e-11 -10.571665)
(0.42056776 -1.7892537e-11 -10.581914)
(0.45264 -8.4927041e-12 -10.518521)
(0.3915621 -2.5972046e-11 -10.617573)
(0.38300112 -1.19077e-11 -10.521864)
(0.3410505 -3.5373322e-11 -10.900461)
(0.40838547 -3.3018804e-11 -10.588715)
(0.22643127 -3.3230701e-11 -11.709229)
(0.27548206 -3.2893318e-11 -11.083522)
(0.15975447 -1.5790029e-11 -12.196797)
(-0.003136766 1.9347655e-09 -9.880697)
(-0.0020694445 -9.3314388e-10 -9.8220052)
(-0.0060945997 2.5164931e-09 -9.8760517)
(-0.0046413677 5.8931394e-09 -9.8165913)
(-0.0092418248 -6.6298315e-10 -9.8728319)
(-0.0074502717 -1.4694111e-09 -9.8138268)
(-0.012668183 1.6312301e-10 -9.8685646)
(-0.010619594 4.8945467e-11 -9.8101415)
(-0.01645305 2.8947741e-10 -9.8629486)
(-0.014073864 1.5899813e-10 -9.8052272)
(-0.020684906 2.7222238e-10 -9.855779)
(-0.017928918 2.2912047e-10 -9.7988278)
(-0.025449911 1.2990456e-10 -9.8468419)
(-0.022252004 1.0134736e-10 -9.7907809)
(-0.0308386 1.4547005e-10 -9.8358515)
(-0.027126396 9.0214428e-11 -9.7808175)
(-0.036937605 4.994325e-11 -9.8224584)
(-0.032651938 1.2152807e-10 -9.7686425)
(-0.043827557 -1.8438561e-11 -9.8062136)
(-0.038887266 -4.0843953e-11 -9.7538525)
(-0.05156407 7.4048721e-11 -9.786545)
(-0.045882961 8.1778945e-12 -9.7359555)
(-0.06016301 9.7482787e-11 -9.7627209)
(-0.053708461 1.0067992e-10 -9.7143049)
(-0.069571144 5.8788807e-11 -9.733805)
(-0.062288808 1.3468005e-10 -9.688093)
(-0.079599944 -1.1026387e-11 -9.698601)
(-0.0715258 9.4728365e-11 -9.6562728)
(-0.089809171 -1.1630268e-11 -9.6556017)
(-0.081105944 -4.2966783e-11 -9.617533)
(-0.099374265 2.0146654e-11 -9.6028926)
(-0.090379895 1.0381929e-11 -9.5702272)
(-0.10691511 7.2959719e-11 -9.5380272)
(-0.098267336 1.2318612e-11 -9.5122554)
(-0.11010354 8.4930899e-11 -9.457939)
(-0.1030009 1.4960175e-10 -9.440957)
(-0.10499976 2.3477095e-11 -9.3589772)
(-0.10160667 1.8978839e-11 -9.3530855)
(-0.085090063 7.9606873e-12 -9.2371948)
(-0.08909994 2.2592637e-11 -9.2449543)
(-0.039994135 -6.9905857e-11 -9.0891216)
(-0.057574577 -1.4338808e-11 -9.1129209)
(0.046018343 -9.6716847e-11 -8.9133819)
(0.0052900231 -1.229004e-10 -8.9544702)
(0.19563506 -3.8782192e-11 -8.7142431)
(0.1182007 -8.3769095e-11 -8.7705515)
(0.44019511 -7.4820607e-12 -8.5099124)
(0.30683344 -1.0192728e-11 -8.5702421)
(0.79120121 -1.8160845e-11 -8.3552621)
(0.60177006 -4.3716081e-13 -8.3819154)
(1.1804938 -1.7947021e-11 -8.3563937)
(0.98919957 -2.8067434e-11 -8.2849314)
(1.5173684 2.0195206e-11 -8.6288818)
(1.3660997 -8.3116673e-12 -8.4054179)
(1.7404656 2.8068882e-11 -9.196963)
(1.6738577 3.8970374e-11 -8.8383354)
(1.7515889 1.8680612e-11 -9.8976483)
(1.8286599 2.1124613e-11 -9.5272621)
(1.498112 3.694631e-11 -10.437954)
(1.668845 1.7120974e-11 -10.194869)
(1.1413322 3.4994283e-11 -10.674002)
(1.3069897 5.9137029e-11 -10.554674)
(0.83751797 -8.1051657e-12 -10.696118)
(0.96315179 1.6441428e-11 -10.64063)
(0.63204231 -1.9977941e-11 -10.62545)
(0.70892803 -3.096892e-11 -10.598878)
(0.51658634 -1.8858726e-11 -10.542914)
(0.56604183 -2.0464523e-11 -10.509372)
(0.45752768 -1.7122805e-11 -10.482491)
(0.46992137 -2.2004435e-11 -10.443999)
(0.42316931 -2.4915043e-12 -10.458418)
(0.4568655 -1.1848224e-11 -10.394582)
(0.39061427 -1.8859087e-11 -10.492651)
(0.38377383 -2.1715348e-12 -10.398121)
(0.33957556 -3.0539178e-11 -10.769537)
(0.40588466 -2.5675111e-11 -10.462231)
(0.22569688 -1.5525124e-11 -11.566303)
(0.27462135 -2.4331453e-11 -10.948061)
(0.15907592 -7.4297359e-12 -12.046426)
(-0.0029471653 1.3186811e-09 -9.7593102)
(-0.0019451881 -1.2273737e-09 -9.7006399)
(-0.0057134833 2.5765555e-09 -9.7546809)
(-0.0043437953 6.1727532e-09 -9.6952655)
(-0.0086595031 -8.4507354e-10 -9.7514173)
(-0.0069637781 -1.3498822e-09 -9.6924735)
(-0.011869388 4.0141861e-11 -9.7470788)
(-0.0099235742 -4.9501916e-11 -9.6887355)
(-0.015413883 9.6279051e-11 -9.7413815)
(-0.013149981 1.0534434e-10 -9.6837503)
(-0.019373004 6.1835345e-11 -9.7341129)
(-0.016748116 2.1365283e-10 -9.6772616)
(-0.023825784 6.1926524e-11 -9.7250551)
(-0.020779949 9.6791052e-11 -9.6691077)
(-0.028851646 6.5619491e-11 -9.7139258)
(-0.02531807 5.379907e-11 -9.6590196)
(-0.034523116 3.3760767e-11 -9.7003767)
(-0.030450315 7.0279741e-11 -9.6467036)
(-0.04090351 -1.5047378e-11 -9.683962)
(-0.036220326 -4.9773869e-11 -9.631758)
(-0.048026262 3.3405165e-11 -9.6641161)
(-0.042659759 1.6831212e-11 -9.6136963)
(-0.055878078 1.3740243e-10 -9.6401177)
(-0.049812596 1.116005e-10 -9.5918801)
(-0.064368371 1.7112883e-10 -9.6110499)
(-0.057572154 2.1847557e-10 -9.5655161)
(-0.073256323 6.4427311e-11 -9.5757524)
(-0.065800016 1.6575051e-10 -9.533584)
(-0.08203413 -2.1547876e-11 -9.5327763)
(-0.074119372 -1.0184745e-11 -9.4948207)
(-0.089808567 2.5343125e-12 -9.4802919)
(-0.081816059 -1.6382178e-11 -9.4476493)
(-0.095124545 8.7612651e-11 -9.415988)
(-0.087749527 3.1249873e-11 -9.3900712)
(-0.095563936 8.4860404e-11 -9.3370256)
(-0.090075075 1.4422382e-10 -9.3195972)
(-0.087116545 1.8062846e-11 -9.2401204)
(-0.085734919 3.4722389e-11 -9.2332648)
(-0.063306978 6.0144009e-13 -9.1218892)
(-0.069724217 3.8031605e-12 -9.1278259)
(-0.013959409 -6.647122e-11 -8.9796174)
(-0.034325731 -2.6059506e-12 -9.0002969)
(0.075529045 -1.1024882e-10 -8.8130516)
(0.032501354 -1.1314551e-10 -8.8489624)
(0.2271025 -5.5712528e-11 -8.6279321)
(0.1482819 -1.0164454e-10 -8.6760939)
(0.46927872 -3.215766e-12 -8.443276)
(0.3367381 -2.5891369e-12 -8.492179)
(0.81779628 -1.0159734e-11 -8.3112583)
(0.62658072 8.0900574e-13 -8.3256176)
(1.2157376 -1.855876e-11 -8.3306558)
(1.0133983 -1.00275e-11 -8.2503502)
(1.5608377 1.0171858e-11 -8.6068288)
(1.4009443 -9.8212697e-12 -8.3834669)
(1.7709221 3.2132222e-11 -9.1538832)
(1.7064988 4.7327144e-11 -8.8082836)
(1.7565738 1.9587964e-11 -9.8075563)
(1.8338899 1.2757689e-11 -9.4594862)
(1.4923218 3.9078108e-11 -10.300865)
(1.6586517 1.1759338e-11 -10.070247)
(1.1435177 4.0813594e-11 -10.517228)
(1.3035935 5.883164e-11 -10.398007)
(0.84831306 -6.1753857e-12 -10.542459)
(0.97008347 2.6798793e-11 -10.481757)
(0.64578318 -3.1508162e-11 -10.482952)
(0.72167154 -2.2178073e-11 -10.450311)
(0.52822845 -2.3602514e-11 -10.410694)
(0.57883003 -2.1845532e-11 -10.372861)
(0.46442296 -1.6778237e-11 -10.356291)
(0.47918741 -8.5291797e-12 -10.315582)
(0.42558915 -1.1572748e-11 -10.334248)
(0.46072578 -1.425037e-11 -10.269927)
(0.38973903 -8.8820156e-12 -10.367373)
(0.38452879 6.8751867e-12 -10.273839)
(0.33801783 -1.9473673e-11 -10.638573)
(0.40352369 -1.3087762e-11 -10.335613)
(0.22480121 -1.6308282e-11 -11.423476)
(0.27352518 -2.1731822e-11 -10.812668)
(0.1583863 -2.5018499e-12 -11.896221)
(-0.0027551383 1.7766667e-09 -9.6379953)
(-0.001820367 -1.5566124e-09 -9.5793405)
(-0.0053291438 2.9301911e-09 -9.6333755)
(-0.0040440345 6.3286239e-09 -9.5740056)
(-0.0080721312 -6.2933256e-10 -9.6300672)
(-0.006472577 -1.3322966e-09 -9.5711884)
(-0.011060938 9.111363e-12 -9.6256727)
(-0.0092193476 -7.8363135e-11 -9.5674015)
(-0.014360478 2.1905905e-10 -9.6199014)
(-0.012214158 8.0365959e-11 -9.5623505)
(-0.018044136 2.5188504e-10 -9.6125384)
(-0.015552287 4.0477646e-10 -9.5557791)
(-0.022181942 8.9694227e-11 -9.6033695)
(-0.019290255 1.0477893e-10 -9.5475266)
(-0.026842441 5.8114175e-11 -9.5921132)
(-0.023489702 4.0199749e-11 -9.5373245)
(-0.032084366 -1.1022481e-11 -9.5784233)
(-0.028226556 6.3513285e-11 -9.5248809)
(-0.037954053 -1.9009072e-11 -9.5618578)
(-0.033529912 -9.1684314e-11 -9.5097967)
(-0.04446327 9.3586724e-11 -9.5418586)
(-0.039413023 1.5129245e-11 -9.4915914)
(-0.051570705 1.9118576e-10 -9.5177162)
(-0.045894883 1.6138995e-10 -9.4696363)
(-0.05914998 2.1377454e-10 -9.4885353)
(-0.052838887 1.6848327e-10 -9.4431538)
(-0.066909106 9.3236486e-11 -9.4531943)
(-0.060067652 1.2903812e-10 -9.4111534)
(-0.074279335 -4.9500848e-12 -9.4103037)
(-0.067142429 1.2762596e-11 -9.3724217)
(-0.080309589 1.1836568e-11 -9.3581194)
(-0.073296937 -1.8900184e-11 -9.3254514)
(-0.083478098 8.6752173e-11 -9.2944671)
(-0.077338174 2.2297928e-11 -9.2683464)
(-0.081292419 9.510075e-11 -9.216735)
(-0.077352394 1.3725581e-10 -9.1987913)
(-0.069699098 2.0734161e-11 -9.1219932)
(-0.070220231 3.0396393e-11 -9.1141022)
(-0.04230142 6.4922667e-13 -9.0074106)
(-0.050954813 -2.0424328e-11 -9.0114491)
(0.010900338 -4.8402283e-11 -8.8709108)
(-0.012033757 -2.4635143e-12 -8.8884898)
(0.1032644 -1.0462842e-10 -8.7133011)
(0.058247119 -8.7451796e-11 -8.7441276)
(0.25586374 -4.9239392e-11 -8.5416103)
(0.1761756 -1.0073868e-10 -8.5820021)
(0.4942793 1.412023e-12 -8.3754545)
(0.3635623 5.2074306e-12 -8.4135834)
(0.83570463 1.0135212e-12 -8.2644591)
(0.64645144 6.4352966e-12 -8.2672855)
(1.2336128 -1.291332e-12 -8.3002383)
(1.0263079 -6.7060587e-12 -8.211854)
(1.5804261 2.6981087e-11 -8.5775585)
(1.4161361 -1.1262862e-11 -8.3552814)
(1.7775366 2.8158453e-11 -9.1006319)
(1.7152905 5.2959708e-11 -8.7688756)
(1.7431382 4.9348037e-12 -9.7076748)
(1.8192063 5.3233046e-12 -9.380177)
(1.4759022 3.1251261e-11 -10.158692)
(1.6364624 -7.008869e-13 -9.9384479)
(1.1395917 4.498912e-11 -10.359423)
(1.2931505 4.5275919e-11 -10.239832)
(0.8553164 1.1051277e-11 -10.388967)
(0.97266473 3.0169175e-11 -10.323347)
(0.65708128 -1.2517123e-11 -10.340405)
(0.73158658 -1.555152e-11 -10.302112)
(0.5383803 -6.8374934e-12 -10.27797)
(0.5897743 -1.7587351e-13 -10.236125)
(0.47060619 -5.9740639e-12 -10.229408)
(0.48742075 5.7179926e-12 -10.186532)
(0.4278049 4.0997255e-12 -10.209482)
(0.46421144 -2.2650575e-11 -10.144636)
(0.3889161 2.7593854e-12 -10.241762)
(0.385236 9.9443069e-12 -10.149055)
(0.33641241 -1.530799e-11 -10.507567)
(0.40129435 -4.0217757e-12 -10.208839)
(0.22379569 -8.0075877e-12 -11.280767)
(0.27225928 -1.8496006e-11 -10.67733)
(0.15770344 5.698085e-12 -11.746187)
(-0.0025644683 1.0240357e-09 -9.5167446)
(-0.0016960759 -1.5592653e-09 -9.4581066)
(-0.0049418288 2.7625832e-09 -9.512131)
(-0.0037422091 5.7473171e-09 -9.4528126)
(-0.0074777205 -8.5366954e-10 -9.5087925)
(-0.0059756607 -1.3200436e-09 -9.4499724)
(-0.010241869 -1.3862968e-11 -9.5043446)
(-0.0085063364 -1.3984911e-10 -9.4461404)
(-0.013293873 2.5512357e-10 -9.4985019)
(-0.011266905 7.9381024e-11 -9.4410286)
(-0.016699592 2.6608151e-10 -9.491052)
(-0.01434263 4.0587463e-10 -9.434381)
(-0.020520068 5.683258e-11 -9.4817815)
(-0.017784452 6.1539415e-11 -9.4260384)
(-0.024813125 4.5110618e-11 -9.4704103)
(-0.021643224 3.7811774e-11 -9.4157329)
(-0.029624007 -1.4262627e-11 -9.4565948)
(-0.025983103 6.2509501e-11 -9.4031752)
(-0.034982509 -5.9332172e-11 -9.4398974)
(-0.03081911 -6.326431e-11 -9.387969)
(-0.04087926 8.0710353e-11 -9.4197686)
(-0.036146553 1.0586125e-12 -9.3696409)
(-0.047246227 1.3858871e-10 -9.3955121)
(-0.041960084 1.7130054e-10 -9.3475732)
(-0.053922372 8.4253551e-11 -9.3662563)
(-0.048095154 5.1194045e-11 -9.3210051)
(-0.060566331 4.9950819e-11 -9.3309203)
(-0.054335396 4.5379619e-11 -9.2889786)
(-0.066555595 -8.35172e-13 -9.2881743)
(-0.060184584 4.6974442e-11 -9.2503313)
(-0.070890772 -8.8685306e-12 -9.2363608)
(-0.064834851 6.0926163e-13 -9.2036247)
(-0.071991077 7.167322e-11 -9.1734439)
(-0.067047655 1.2104104e-11 -9.147067)
(-0.067304752 7.3541906e-11 -9.097036)
(-0.064848379 1.4068287e-10 -9.078517)
(-0.052761138 -1.0315913e-11 -9.0045496)
(-0.055077875 2.8449948e-11 -8.9955623)
(-0.022049427 -2.3686876e-11 -8.8936443)
(-0.032808895 -2.0985142e-11 -8.8957738)
(0.034125418 -4.0838006e-11 -8.7629024)
(0.0093370548 1.3765736e-12 -8.7773459)
(0.12923288 -8.3461329e-11 -8.6140464)
(0.082543537 -4.3060741e-11 -8.6399317)
(0.28208863 -4.7060068e-11 -8.4551333)
(0.20198923 -9.1161599e-11 -8.4881396)
(0.51571766 1.0222173e-11 -8.3062432)
(0.38755032 1.6860665e-11 -8.3343117)
(0.8468046 -1.1966275e-12 -8.2144687)
(0.66221418 2.0472175e-11 -8.2066932)
(1.2373753 -1.6648364e-11 -8.2643237)
(1.0303584 5.3025904e-12 -8.1690388)
(1.5797919 1.4319142e-11 -8.5400457)
(1.4149804 -9.916171e-12 -8.3200971)
(1.7641604 3.0408207e-11 -9.0369854)
(1.7041457 5.9213892e-11 -8.7196792)
(1.7153306 -2.777476e-13 -9.5990603)
(1.7888244 8.1030229e-12 -9.2903649)
(1.4523899 1.306825e-11 -10.012792)
(1.6051463 1.4393524e-11 -9.8013328)
(1.1311781 3.0537221e-11 -10.201424)
(1.2773696 4.2737517e-11 -10.081155)
(0.85922319 3.8045841e-12 -10.236071)
(0.9717836 3.3397568e-11 -10.165909)
(0.66623133 -3.2879486e-12 -10.198035)
(0.73906719 5.2604809e-12 -10.154527)
(0.5471558 1.2350713e-11 -10.144891)
(0.59903818 1.4872183e-11 -10.09932)
(0.47610153 -1.0823407e-11 -10.101942)
(0.49467674 2.2439443e-11 -10.056967)
(0.42979991 -1.695695e-11 -10.084177)
(0.46731819 -3.2062909e-11 -10.018786)
(0.38812791 3.2260714e-12 -10.11583)
(0.38587143 5.884219e-12 -10.023815)
(0.33478565 -7.146294e-12 -10.376505)
(0.39918705 1.2563536e-11 -10.081901)
(0.22271968 -4.8937498e-12 -11.138171)
(0.27087529 -1.1276128e-12 -10.542044)
(0.15704031 7.6758405e-12 -11.596333)
(-0.0023744606 1.3373705e-09 -9.395553)
(-0.0015709208 -4.0200382e-10 -9.336938)
(-0.0045496248 2.3071773e-09 -9.3909612)
(-0.0034370596 4.9572438e-09 -9.3316875)
(-0.0068757615 -6.7431136e-10 -9.3875906)
(-0.0054726778 -1.3956153e-09 -9.3288263)
(-0.0094129778 -5.5934063e-11 -9.3830921)
(-0.0077849705 -1.7644692e-10 -9.3249529)
(-0.012215164 2.1910191e-10 -9.3771838)
(-0.010309154 5.890257e-11 -9.3197853)
(-0.015340723 2.1098681e-10 -9.3696544)
(-0.013120344 2.7460656e-10 -9.3130682)
(-0.018841878 4.3087424e-11 -9.3602918)
(-0.016264066 2.4821398e-11 -9.3046438)
(-0.022765857 5.4693428e-11 -9.3488178)
(-0.019780559 2.7609748e-11 -9.2942455)
(-0.027144756 1.58466e-11 -9.3348915)
(-0.023722381 5.8573627e-11 -9.2815868)
(-0.031992247 -3.9491564e-12 -9.3180809)
(-0.028090948 -1.9528266e-11 -9.2662751)
(-0.037278461 8.9062335e-11 -9.2978457)
(-0.03286406 2.8334871e-12 -9.2478449)
(-0.042909981 8.5577952e-11 -9.2735043)
(-0.038012878 1.6740845e-10 -9.2256901)
(-0.048691739 1.2394804e-11 -9.2442106)
(-0.043346835 2.6275628e-11 -9.1990685)
(-0.054235773 4.2384223e-11 -9.2089263)
(-0.048609518 3.0635364e-11 -9.167057)
(-0.058873521 4.8934809e-11 -9.1663812)
(-0.053254901 5.8973478e-11 -9.1285445)
(-0.061564838 2.1462003e-11 -9.1150043)
(-0.056441576 -1.4019092e-11 -9.0821599)
(-0.060677345 7.9851724e-11 -9.0528994)
(-0.056890911 -6.6068727e-12 -9.0262183)
(-0.053614595 9.6631178e-11 -8.9778992)
(-0.052576683 9.9661389e-11 -8.9587515)
(-0.036313564 1.8214737e-11 -8.8877562)
(-0.040322685 5.1143478e-11 -8.8776102)
(-0.0024743599 3.8917936e-12 -8.7805392)
(-0.015284859 -8.1791761e-12 -8.7807647)
(0.056310267 -4.9321776e-13 -8.6554935)
(0.029784382 2.5536145e-11 -8.6667988)
(0.1534955 -5.039636e-11 -8.5151618)
(0.10543912 -4.0875174e-11 -8.5362553)
(0.30594387 -2.8024129e-11 -8.3683702)
(0.22583031 -7.3206929e-11 -8.3943854)
(0.5340243 2.7085573e-11 -8.2354887)
(0.40892886 5.1772986e-12 -8.2542424)
(0.8526667 2.7072577e-11 -8.1610675)
(0.67454606 1.8187981e-11 -8.1437087)
(1.2302748 1.2132388e-11 -8.2225587)
(1.0277309 8.7490922e-12 -8.1217352)
(1.5630025 3.4551656e-11 -8.4940471)
(1.4009632 9.7856954e-12 -8.2777426)
(1.7350014 3.7213044e-11 -8.9635544)
(1.6773082 5.2560296e-11 -8.6610509)
(1.6772247 2.2738125e-11 -9.4832444)
(1.7468595 6.6651484e-12 -9.1916867)
(1.4239052 4.3905266e-11 -9.864546)
(1.5673903 3.1136285e-11 -9.6606921)
(1.1196016 4.5648096e-11 -10.04393)
(1.2577459 2.9702218e-11 -9.9228724)
(0.86061019 3.500006e-11 -10.084096)
(0.96817888 3.2692515e-11 -10.009803)
(0.67348789 2.3372053e-11 -10.056017)
(0.74444926 7.2796607e-12 -10.007724)
(0.55466036 2.4923808e-11 -10.011581)
(0.60677048 1.4563861e-11 -9.9625577)
(0.48093504 1.4595198e-12 -9.9739843)
(0.50101007 1.7230663e-11 -9.9269885)
(0.4315628 -9.3974847e-12 -9.9583933)
(0.47004637 -2.8321909e-11 -9.8924479)
(0.38735895 1.5191589e-11 -9.9895969)
(0.38641622 2.4648715e-12 -9.8981581)
(0.33315669 1.864228e-11 -10.245385)
(0.39719135 8.4594546e-12 -9.9547987)
(0.22160346 1.1404348e-11 -10.995692)
(0.26941339 -3.8437778e-12 -10.406806)
(0.15640595 -4.0228788e-13 -11.446663)
(-0.0021813997 1.8780576e-09 -9.2744326)
(-0.0014436834 1.4941734e-10 -9.2158356)
(-0.0041527155 1.8319836e-09 -9.2698609)
(-0.0031280637 5.0895141e-09 -9.2106309)
(-0.0062668568 -9.680875e-10 -9.266461)
(-0.0049640538 -1.8132875e-09 -9.2077509)
(-0.0085750934 -7.1625154e-11 -9.2619159)
(-0.0070559336 -1.6026316e-10 -9.2038398)
(-0.011125378 1.0711993e-10 -9.2559478)
(-0.0093418273 7.3910044e-11 -9.1986214)
(-0.013968892 9.5444478e-11 -9.2483464)
(-0.01188663 2.6698522e-10 -9.1918412)
(-0.017149092 9.2768785e-12 -9.2389011)
(-0.014730622 1.4552581e-11 -9.1833433)
(-0.020702704 3.0841489e-11 -9.227336)
(-0.017903613 1.0041408e-11 -9.1728627)
(-0.024649326 2.4651076e-11 -9.2133137)
(-0.021446795 5.744498e-11 -9.1601162)
(-0.028986615 -1.3119564e-11 -9.1964083)
(-0.025348396 4.1077704e-12 -9.1447152)
(-0.033664962 7.8679236e-11 -9.1760896)
(-0.02956917 -3.8503164e-11 -9.1262029)
(-0.03856709 1.1007092e-10 -9.1516917)
(-0.03405789 1.5903704e-10 -9.103986)
(-0.043463968 4.4460183e-11 -9.1223963)
(-0.038599395 4.2028057e-11 -9.0773425)
(-0.047924858 4.6886685e-11 -9.0872083)
(-0.042896157 4.0585219e-11 -9.0453859)
(-0.05124317 -3.1681906e-12 -9.0449167)
(-0.046362055 1.9479401e-11 -9.0070555)
(-0.0523435 -4.2165278e-11 -8.9940378)
(-0.048128191 -6.5015976e-11 -8.9610477)
(-0.04954908 1.2159743e-11 -8.9328151)
(-0.046879612 -1.8306733e-11 -8.9057858)
(-0.040233277 5.4623391e-11 -8.8592964)
(-0.040549377 6.5689378e-11 -8.8394725)
(-0.020354762 2.5270391e-11 -8.7715558)
(-0.02596891 2.5087231e-11 -8.7602126)
(0.016111303 1.3183963e-11 -8.6680385)
(0.0016348582 -6.5501091e-12 -8.6663334)
(0.077397085 -1.4318339e-11 -8.5486152)
(0.049304164 4.1862391e-12 -8.5568224)
(0.17612033 -6.3440637e-11 -8.4165378)
(0.12698232 -7.067281e-11 -8.4329999)
(0.32758761 -4.0573862e-11 -8.281208)
(0.24780561 -7.2470007e-11 -8.300633)
(0.54956432 -3.8106973e-12 -8.1630871)
(0.42790988 -1.4521951e-11 -8.1732798)
(0.85454842 -7.2544302e-14 -8.1041775)
(0.68399606 1.4082068e-11 -8.0782787)
(1.2152959 6.3957517e-12 -8.1749513)
(1.02027 -1.0895891e-11 -8.0699551)
(1.5341423 2.7530175e-11 -8.4399206)
(1.3774621 9.898419e-12 -8.2284739)
(1.6942369 2.228568e-11 -8.8815271)
(1.6389654 2.949854e-11 -8.5938947)
(1.6323634 1.4922602e-11 -9.3619348)
(1.6970607 1.0475244e-11 -9.0860429)
(1.3920839 1.6941207e-11 -9.7152031)
(1.5255419 1.1869551e-11 -9.5180855)
(1.1057696 1.6730555e-11 -9.887508)
(1.235526 1.7219153e-11 -9.7657176)
(0.85994175 5.1045174e-12 -9.9332602)
(0.96245003 1.2971342e-11 -9.8552708)
(0.67906636 -1.5653323e-12 -9.9144608)
(0.74801663 -1.6815927e-11 -9.8618199)
(0.56099322 6.8576399e-12 -9.8781303)
(0.61310663 1.0825456e-11 -9.8259222)
(0.48513455 -1.2333811e-11 -9.8456147)
(0.50647456 1.0209629e-11 -9.7966825)
(0.43308669 -1.6602136e-11 -9.8321838)
(0.47240011 -2.4332369e-11 -9.7656855)
(0.3865958 -4.2942721e-12 -9.8630827)
(0.38685594 -9.6726221e-12 -9.7721262)
(0.33153916 -1.3972629e-11 -10.114207)
(0.39529653 4.5290967e-12 -9.8275338)
(0.22046999 -1.5665124e-11 -10.853329)
(0.26790463 -3.1107867e-11 -10.271617)
(0.15580637 -4.5342176e-12 -11.29718)
(-0.0019851494 2.1258497e-09 -9.1533809)
(-0.0013144856 -1.7705685e-10 -9.0948004)
(-0.0037514522 2.0717701e-09 -9.1488304)
(-0.0028155129 5.4989709e-09 -9.0896435)
(-0.0056515219 -1.10083e-09 -9.1454039)
(-0.0044502669 -1.6815465e-09 -9.0867469)
(-0.0077288828 -2.4692782e-11 -9.1408168)
(-0.0063199186 -1.0642963e-10 -9.0828017)
(-0.010025632 2.2725254e-10 -9.1347946)
(-0.0083658497 9.7633897e-11 -9.0775374)
(-0.012585476 1.9317089e-10 -9.1271285)
(-0.010642681 3.7138234e-10 -9.0707006)
(-0.015443371 1.5425255e-11 -9.1176099)
(-0.013185636 2.2055654e-11 -9.0621375)
(-0.018625876 3.5652154e-11 -9.1059654)
(-0.016014283 3.6750703e-12 -9.0515849)
(-0.022140304 3.7893488e-11 -9.0918617)
(-0.019158715 4.2268789e-11 -9.0387634)
(-0.025968763 -2.0563274e-11 -9.0748794)
(-0.022594348 -1.7375892e-11 -9.0232892)
(-0.030042819 3.8853435e-11 -9.0544995)
(-0.026265438 1.1326735e-11 -9.0047147)
(-0.034222421 9.2623127e-11 -9.0300731)
(-0.030099674 1.0241848e-10 -8.9824599)
(-0.038244651 3.8171628e-11 -9.000811)
(-0.033857752 3.3352549e-11 -8.9558253)
(-0.041640818 1.3429623e-11 -8.9657619)
(-0.037201463 1.0406081e-11 -8.9239619)
(-0.043673948 -4.1428154e-11 -8.9237732)
(-0.039514443 -3.1297527e-11 -8.8858582)
(-0.043237344 -4.164462e-11 -8.8734492)
(-0.039904899 -4.2504039e-11 -8.8402781)
(-0.038616745 3.439846e-11 -8.8131723)
(-0.037024253 -1.6578034e-11 -8.7857545)
(-0.027169551 3.652955e-11 -8.7412049)
(-0.02877805 1.0307336e-10 -8.7206575)
(-0.0048450821 -6.4555082e-12 -8.6558903)
(-0.012023181 -8.3466125e-12 -8.6433448)
(0.033847344 -1.5637383e-11 -8.5560789)
(0.017955363 -1.256616e-11 -8.552409)
(0.09738414 -5.1573663e-11 -8.4422055)
(0.067907358 -3.2291197e-11 -8.4473679)
(0.19717976 -7.9688556e-11 -8.3180786)
(0.14722302 -9.2445607e-11 -8.330079)
(0.34717004 -4.6838274e-11 -8.1935599)
(0.26802074 -8.0813958e-11 -8.2067887)
(0.56265464 3.172061e-12 -8.0889993)
(0.44469235 -2.4334669e-11 -8.0913577)
(0.85342714 3.4253304e-12 -8.0438424)
(0.69100964 3.108691e-11 -8.010415)
(1.1949764 -7.526586e-12 -8.1217565)
(1.0094517 -2.8647833e-11 -8.0138357)
(1.4969809 1.174574e-11 -8.3784106)
(1.3475114 -4.8537419e-12 -8.1728086)
(1.6456946 1.7801377e-11 -8.792377)
(1.5929367 2.4632591e-11 -8.5194047)
(1.583488 7.414176e-12 -9.2367932)
(1.6426305 9.4693738e-12 -8.9752857)
(1.3583083 1.2117766e-11 -9.5658082)
(1.4815231 1.814492e-12 -9.3748036)
(1.0903349 1.3482786e-11 -9.7325808)
(1.2116972 3.6331109e-11 -9.610223)
(0.85759488 -8.7939093e-12 -9.7837155)
(0.95507381 1.0806699e-11 -9.7024614)
(0.68315373 -4.5647844e-12 -9.7734563)
(0.75000938 -1.4199443e-11 -9.7168924)
(0.56624557 1.4180465e-11 -9.7446175)
(0.61817077 9.9724976e-12 -9.6894836)
(0.48872915 -1.6244143e-12 -9.7169038)
(0.51112293 2.3176723e-11 -9.6661249)
(0.43436845 -1.7470749e-11 -9.7055988)
(0.47438665 -3.1844698e-11 -9.6385571)
(0.38582692 -9.1324061e-13 -9.7363095)
(0.38717991 -7.9928712e-12 -9.6457575)
(0.32994244 -1.2449803e-11 -9.9829704)
(0.39349199 1.6962537e-11 -9.7001126)
(0.21933642 -2.0090549e-11 -10.711082)
(0.26637277 -2.5432434e-11 -10.136475)
(0.15524519 6.5218595e-13 -11.147882)
(-0.0017861246 1.7770451e-09 -9.0323933)
(-0.0011836017 4.1337234e-10 -8.9738248)
(-0.0033462057 2.3984399e-09 -9.0278661)
(-0.0024997694 5.7276006e-09 -8.9687172)
(-0.0050304111 -7.7800685e-10 -9.0244159)
(-0.00393177 -1.7536859e-09 -8.9658061)
(-0.0068752523 7.214624e-12 -9.019791)
(-0.0055775675 -3.7887775e-11 -8.9618305)
(-0.0089169539 2.3251564e-10 -9.0137202)
(-0.0073820736 8.5497967e-11 -8.9565251)
(-0.011191716 2.1006193e-10 -9.0059968)
(-0.009389597 4.0774945e-10 -8.9496382)
(-0.013726362 1.0745934e-11 -8.9964142)
(-0.011630509 6.3471097e-11 -8.9410181)
(-0.016537311 9.4825306e-12 -8.9847018)
(-0.014114314 4.0963149e-11 -8.9304038)
(-0.019620208 -1.1893256e-11 -8.970531)
(-0.016860309 5.4691229e-11 -8.91752)
(-0.022941785 1.4035371e-11 -8.9534896)
(-0.019831435 -9.4075915e-11 -8.9019882)
(-0.026415855 7.3509063e-11 -8.9330701)
(-0.022956141 1.1530384e-10 -8.8833709)
(-0.029880327 4.4107686e-11 -8.9086424)
(-0.026142378 1.0395046e-10 -8.8611019)
(-0.03303889 5.8806228e-12 -8.8794476)
(-0.029125971 1.7723579e-11 -8.8345064)
(-0.035390518 -3.3825429e-11 -8.8445775)
(-0.031531168 -2.4370151e-12 -8.8027728)
(-0.036174316 -3.2248385e-11 -8.8029377)
(-0.032719817 -2.925939e-11 -8.7649375)
(-0.034255374 -1.7707018e-11 -8.7532213)
(-0.031780422 2.1415392e-11 -8.7198326)
(-0.027888491 5.0923049e-11 -8.6939481)
(-0.027333727 1.4203019e-12 -8.6661012)
(-0.014424205 5.9230736e-11 -8.6235899)
(-0.017273434 1.2731923e-10 -8.6022769)
(0.010096805 -1.4420502e-11 -8.5407235)
(0.0015207688 1.5569011e-13 -8.5269537)
(0.050894462 -2.9055929e-11 -8.4446048)
(0.033668901 -1.3014518e-11 -8.4389583)
(0.11629632 -7.2686113e-11 -8.3361797)
(0.085616809 -2.4766868e-11 -8.3383573)
(0.21674869 -9.3659684e-11 -8.2196954)
(0.1662131 -8.2600407e-11 -8.2274075)
(0.36483774 -5.8720302e-11 -8.1053491)
(0.2865802 -6.6667229e-11 -8.1127643)
(0.57357333 3.1950867e-12 -8.0132073)
(0.45946322 -1.8031637e-11 -8.0084206)
(0.85004553 -5.8795209e-13 -7.9801677)
(0.69595014 4.3437072e-11 -7.9401537)
(1.171325 -2.6128251e-11 -8.0633688)
(0.99639726 -3.1753606e-11 -7.9535701)
(1.4547384 7.8508727e-12 -8.3104444)
(1.3136468 -2.6739107e-12 -8.1113828)
(1.5926378 1.6390826e-11 -8.697608)
(1.5424598 3.5420929e-11 -8.4388402)
(1.5327568 3.9135803e-12 -9.1092795)
(1.5861326 9.569557e-12 -8.8610294)
(1.3236616 2.5836492e-11 -9.4171665)
(1.4368078 1.5016262e-11 -9.2318225)
(1.0738116 3.3793018e-11 -9.5794278)
(1.1870013 4.41572e-11 -9.45672)
(0.85387157 5.5319568e-12 -9.635546)
(0.94642208 1.745501e-11 -9.5514362)
(0.68591414 2.1589123e-13 -9.6330645)
(0.75063068 -1.5881195e-12 -9.5729699)
(0.57050258 1.8904178e-11 -9.6111091)
(0.62207716 1.2298301e-11 -9.5532895)
(0.49174875 -6.7816925e-12 -9.5879132)
(0.51500704 3.0775894e-11 -9.5353731)
(0.43540819 -2.2477463e-11 -9.5786829)
(0.47601592 -4.4234307e-11 -9.5111065)
(0.38504246 9.7708467e-12 -9.6092981)
(0.38738061 5.4012514e-12 -9.51908)
(0.32837265 4.1664822e-12 -9.851679)
(0.39176715 2.4144668e-11 -9.5725342)
(0.21821546 -4.8006536e-12 -10.568949)
(0.26483546 -5.0817991e-12 -10.001373)
(0.15472412 5.0469976e-12 -10.998756)
(-0.0015846954 3.0353261e-09 -8.9114747)
(-0.0010512918 7.7057363e-10 -8.8529265)
(-0.0029373751 2.2555966e-09 -8.9069728)
(-0.0021812381 5.7927116e-09 -8.8478697)
(-0.0044041105 -1.1125434e-09 -8.9035018)
(-0.0034091254 -2.1075479e-09 -8.8449462)
(-0.0060149959 3.5144119e-11 -8.8988433)
(-0.0048296736 -6.2337381e-11 -8.8409438)
(-0.0078003539 2.498443e-10 -8.8927297)
(-0.0063915491 3.4485131e-11 -8.8356022)
(-0.0097890097 2.7080914e-10 -8.8849564)
(-0.0081287329 3.7085463e-10 -8.8286716)
(-0.011999758 9.4224923e-11 -8.8753189)
(-0.010066956 4.8099767e-11 -8.8200026)
(-0.014439189 8.5881636e-11 -8.8635501)
(-0.012205828 4.240944e-11 -8.8093368)
(-0.017091598 -2.4724629e-11 -8.8493262)
(-0.014554174 2.7751185e-11 -8.7964031)
(-0.019908848 3.691597e-12 -8.8322431)
(-0.017062802 -1.530779e-10 -8.7808293)
(-0.022788013 1.4591515e-10 -8.8118054)
(-0.019645214 1.1942642e-10 -8.762188)
(-0.02554514 7.8765536e-11 -8.787403)
(-0.0221907 1.5276776e-10 -8.7399279)
(-0.027851808 9.6647867e-12 -8.7583085)
(-0.024408756 5.7837996e-11 -8.7134009)
(-0.029181041 2.4475943e-12 -8.7236555)
(-0.025892056 3.8588984e-11 -8.6818317)
(-0.02875256 2.3838507e-11 -8.6824078)
(-0.025987053 -1.6237707e-11 -8.6443038)
(-0.025405863 4.074919e-11 -8.6333476)
(-0.023764218 2.3002291e-11 -8.5997182)
(-0.017370595 7.6579839e-11 -8.575136)
(-0.017818913 4.6441268e-11 -8.5468284)
(-0.0019502016 6.9422471e-11 -8.5064133)
(-0.0060428264 9.563442e-11 -8.4843354)
(0.024370377 1.6767304e-12 -8.4260178)
(0.014662143 -3.3097819e-12 -8.4109865)
(0.067222096 -8.6281582e-12 -8.3335873)
(0.048772465 8.244311e-12 -8.3259831)
(0.13416262 -3.4223183e-11 -8.2304769)
(0.10245233 -1.4674023e-11 -8.2297456)
(0.23490044 -5.5730087e-11 -8.1213205)
(0.1840019 -8.8351136e-11 -8.1249299)
(0.38072955 -2.6332368e-11 -8.0165232)
(0.30358224 -6.1414343e-11 -8.018503)
(0.5825665 2.1782575e-11 -7.9357261)
(0.47239449 3.8822468e-12 -7.924446)
(0.84496028 1.2772482e-11 -7.9132957)
(0.69911594 3.2583082e-11 -7.867565)
(1.1458346 -8.4863925e-12 -8.0002353)
(0.98192592 -9.1159371e-12 -7.8894088)
(1.4099745 2.4660288e-11 -8.2369857)
(1.2778497 -5.4601961e-12 -8.0448689)
(1.5376671 2.8753151e-11 -8.5985964)
(1.490104 2.7530223e-11 -8.3533935)
(1.4817899 2.0640327e-11 -8.9805795)
(1.5295005 2.5740037e-11 -8.744594)
(1.2889431 3.3174756e-11 -9.2698503)
(1.3924645 1.5341147e-11 -9.0898512)
(1.056596 2.7963009e-11 -9.4282068)
(1.1619761 2.8583286e-11 -9.3054063)
(0.84900674 1.0433975e-11 -9.4887848)
(0.93678555 2.7771279e-11 -9.402233)
(0.68749349 1.0423773e-11 -9.4933236)
(0.75005281 -1.7131923e-11 -9.4300764)
(0.57384335 2.4079231e-11 -9.4776611)
(0.62492995 1.9085185e-11 -9.417402)
(0.49422425 -6.3194848e-12 -9.4586996)
(0.51817656 3.1746896e-11 -9.4045041)
(0.43620796 -1.6585679e-11 -9.45148)
(0.4772995 -4.0757964e-11 -9.3834001)
(0.38423472 1.9690271e-11 -9.4820714)
(0.38745315 1.7990429e-11 -9.3921468)
(0.32683331 1.5024218e-11 -9.7203371)
(0.3901122 2.7075709e-11 -9.444827)
(0.21711529 4.7222191e-12 -10.426926)
(0.26330587 -1.4641095e-11 -9.8663303)
(0.1542436 1.3092983e-11 -10.849819)
(-0.0013811861 2.2724246e-09 -8.7906301)
(-0.00091775351 -3.2977953e-10 -8.7320977)
(-0.0025253699 2.1477721e-09 -8.7861552)
(-0.0018602401 5.2839081e-09 -8.7270927)
(-0.0037732477 -1.175335e-09 -8.7826663)
(-0.002882782 -1.9781323e-09 -8.7241592)
(-0.0051489699 -6.7116476e-11 -8.7779783)
(-0.0040768667 -1.6957306e-10 -8.7201334)
(-0.0066768936 1.4413165e-10 -8.7718276)
(-0.0053951058 -5.8035203e-11 -8.7147606)
(-0.0083786477 1.5719448e-10 -8.7640114)
(-0.0068611669 4.0759504e-10 -8.7077926)
(-0.010265124 -3.5793048e-12 -8.754328)
(-0.0084963483 -3.9202534e-11 -8.6990827)
(-0.012333546 -1.5414033e-11 -8.742514)
(-0.010290514 -1.8423719e-11 -8.6883753)
(-0.014556997 -9.723954e-11 -8.7282508)
(-0.012242364 -6.1870691e-11 -8.675404)
(-0.016873047 -4.1899984e-11 -8.7111429)
(-0.014290967 -1.7307614e-10 -8.6598033)
(-0.019162992 1.2577248e-10 -8.6907077)
(-0.016335861 1.1459327e-10 -8.6411563)
(-0.02122078 1.331618e-10 -8.6663564)
(-0.018248067 2.1040242e-10 -8.6189279)
(-0.022688216 8.7009463e-11 -8.6373932)
(-0.019709726 1.2900725e-10 -8.5924978)
(-0.02301891 2.0557492e-11 -8.602993)
(-0.020289603 8.0415809e-11 -8.5611258)
(-0.021415773 -1.751057e-11 -8.5621772)
(-0.019323155 -3.8617988e-11 -8.5239415)
(-0.016694725 2.8449895e-11 -8.5138192)
(-0.015863475 1.0936301e-11 -8.4799163)
(-0.0070583735 6.5013007e-11 -8.4567127)
(-0.0084876633 6.5220341e-11 -8.4279149)
(0.010060348 2.381926e-11 -8.3896518)
(0.0049152542 8.1739672e-11 -8.366779)
(0.038195613 3.1563589e-12 -8.3117448)
(0.027393715 -7.4001313e-12 -8.2954335)
(0.082833073 2.3896031e-12 -8.2229736)
(0.063274921 2.6969125e-11 -8.2134265)
(0.15101692 -6.8216794e-11 -8.1250347)
(0.11843932 -7.9824677e-12 -8.1214698)
(0.25170972 -9.4239599e-11 -8.0228878)
(0.20064336 -9.3742649e-11 -8.0225758)
(0.39497981 -3.1673189e-11 -7.9270354)
(0.31912592 -6.1961432e-11 -7.9239383)
(0.58985179 1.4483326e-11 -7.8565682)
(0.48364983 1.9289677e-11 -7.8394072)
(0.83858192 1.0972804e-11 -7.8433875)
(0.7007582 2.1123562e-11 -7.7927137)
(1.1195702 -6.1131865e-12 -7.9328194)
(0.96661266 1.4664188e-11 -7.8216215)
(1.3645779 -2.7939992e-12 -8.1589216)
(1.241549 -9.6194734e-13 -7.9738793)
(1.4827069 2.4527768e-11 -8.4964872)
(1.4377477 1.8199078e-11 -8.2640685)
(1.4317245 2.0500649e-11 -8.8515754)
(1.4740711 4.032418e-11 -8.6269404)
(1.2547008 1.0676083e-11 -9.1242179)
(1.3492004 1.4597945e-11 -8.9493077)
(1.0389868 2.8395923e-11 -9.2789882)
(1.1369891 2.6267152e-11 -9.1563285)
(0.84318832 4.3932688e-13 -9.3434344)
(0.9263883 4.9083333e-11 -9.2548166)
(0.68802145 -8.653482e-12 -9.3542508)
(0.74842466 -1.9383047e-11 -9.2881871)
(0.5763428 2.6690765e-11 -9.3443272)
(0.6268259 1.6195682e-11 -9.2818435)
(0.49618586 -2.3462632e-12 -9.329321)
(0.52068038 2.1793069e-11 -9.2735594)
(0.4367728 -6.4539385e-12 -9.3240376)
(0.47825086 -3.1430876e-11 -9.2554727)
(0.38339651 2.5334932e-11 -9.3546598)
(0.38739489 2.0379189e-11 -9.2649821)
(0.32532602 -2.4065929e-12 -9.58896)
(0.38851759 1.5035829e-11 -9.3169934)
(0.21604227 -6.3888787e-12 -10.285024)
(0.26179329 -2.1240935e-11 -9.731338)
(0.15380298 2.2174845e-11 -10.701056)
(-0.0011758847 1.2782821e-09 -8.6698557)
(-0.0007831673 -7.826297e-10 -8.611339)
(-0.002110559 1.8181888e-09 -8.6654095)
(-0.001537107 4.9712373e-09 -8.6063866)
(-0.0031383479 -1.0767104e-09 -8.6619056)
(-0.0023532214 -1.9030082e-09 -8.6034454)
(-0.0042779066 -1.6523808e-10 -8.6571922)
(-0.0033198296 -2.6977292e-10 -8.5993998)
(-0.0055474857 1.8969746e-10 -8.6510099)
(-0.0043936386 -9.6863939e-11 -8.5940004)
(-0.0069618646 2.2372508e-10 -8.643158)
(-0.0055880613 4.6067829e-10 -8.5870013)
(-0.0085240925 -5.454507e-11 -8.6334378)
(-0.00692015 -7.7243261e-11 -8.5782584)
(-0.01022226 -6.3970494e-11 -8.6215895)
(-0.008370167 -5.2859251e-11 -8.5675193)
(-0.01201867 -1.3563941e-10 -8.6073007)
(-0.0099270573 -9.4378642e-11 -8.5545224)
(-0.013837206 -2.1393401e-11 -8.5901844)
(-0.01151864 -1.6025103e-10 -8.5389096)
(-0.015543931 1.9776759e-10 -8.569772)
(-0.013031444 6.3674762e-11 -8.5202747)
(-0.01691057 2.0738103e-10 -8.5454971)
(-0.014317683 2.1327598e-10 -8.4981004)
(-0.017552424 1.230378e-10 -8.516695)
(-0.015032922 1.04978e-10 -8.4717946)
(-0.016909634 2.2659811e-11 -8.4825809)
(-0.014729705 5.1814389e-11 -8.4406503)
(-0.014169106 -1.0722537e-11 -8.4422349)
(-0.012735187 -4.9178652e-11 -8.4038436)
(-0.0081226363 4.7140551e-11 -8.3946259)
(-0.0080862658 -9.2373624e-12 -8.3604177)
(0.0030915043 8.1784866e-11 -8.3386461)
(0.00065714659 5.3442693e-11 -8.3093554)
(0.02165737 5.1346499e-11 -8.2732731)
(0.015596839 9.8251458e-11 -8.249564)
(0.051541616 1.6110889e-11 -8.1978783)
(0.039711708 1.25701e-12 -8.1802799)
(0.097737718 1.6888578e-11 -8.1127143)
(0.077184767 -1.9845238e-12 -8.1012464)
(0.16689538 -3.2827172e-11 -8.0197955)
(0.13360278 -3.0002842e-12 -8.013479)
(0.26724954 -6.1705415e-11 -7.9243391)
(0.21618953 -6.9321922e-11 -7.9202885)
(0.40771525 -1.1587713e-11 -7.8368499)
(0.33330479 -5.7397906e-11 -7.8290201)
(0.59562068 2.591717e-11 -7.7757697)
(0.49338027 2.7302176e-11 -7.7532941)
(0.83122305 2.4858032e-11 -7.7706294)
(0.70109122 2.5173372e-11 -7.7156936)
(1.0932509 1.9915644e-11 -7.861557)
(0.95085104 2.2619353e-11 -7.7504847)
(1.3198334 1.9912797e-11 -8.0770074)
(1.2057038 1.7303514e-12 -7.8989478)
(1.4290707 3.3863747e-11 -8.3921639)
(1.386666 2.964263e-11 -8.1716752)
(1.3832942 3.45694e-11 -8.7228588)
(1.4206976 1.7028673e-11 -8.5087326)
(1.2212942 3.0124162e-11 -8.9804453)
(1.3074472 9.3829183e-12 -8.8104053)
(1.0211916 4.6831852e-11 -9.131754)
(1.1122867 3.660496e-11 -9.0094633)
(0.83657384 2.9617671e-11 -9.1994633)
(0.91540439 6.3428863e-11 -9.1091229)
(0.6876114 5.286372e-12 -9.21585)
(0.74587695 -6.7710714e-12 -9.1472863)
(0.57807085 1.127054e-11 -9.2111396)
(0.62785413 1.5955171e-11 -9.1466386)
(0.49766444 -7.0380533e-12 -9.1998166)
(0.52256548 8.9813124e-12 -9.1425837)
(0.43710894 -4.8376971e-12 -9.1963875)
(0.47888452 -3.730982e-11 -9.1273646)
(0.38252251 1.0104161e-11 -9.2270799)
(0.38720509 2.6747196e-11 -9.137617)
(0.32385087 -3.6393675e-12 -9.4575464)
(0.38697462 3.7734083e-12 -9.1890456)
(0.21500016 7.1372107e-12 -10.143231)
(0.2603043 -9.3038509e-12 -9.5963953)
(0.15340091 3.2054667e-11 -10.552461)
(-0.00096905778 1.4718588e-09 -8.549152)
(-0.00064768755 1.1682317e-11 -8.4906507)
(-0.0016933717 1.8749714e-09 -8.5447359)
(-0.0012121556 5.2207596e-09 -8.4857518)
(-0.002499962 -1.1902959e-09 -8.5412198)
(-0.0018209225 -2.0355106e-09 -8.4828052)
(-0.0034025707 -2.0875661e-10 -8.5364853)
(-0.0025592443 -2.7871631e-10 -8.4787431)
(-0.0044131056 1.5528103e-10 -8.5302768)
(-0.0033880295 -3.1446921e-11 -8.4733219)
(-0.0055398504 1.7479188e-10 -8.5223963)
(-0.0043105624 3.5024568e-10 -8.4662979)
(-0.0067781354 -7.614199e-11 -8.512648)
(-0.0053397952 -3.135611e-11 -8.4575298)
(-0.0081071428 -8.2397883e-11 -8.5007763)
(-0.0064465462 -2.9097878e-11 -8.4467686)
(-0.009478899 -1.1776536e-10 -8.486475)
(-0.0076103996 -5.9796693e-11 -8.4337579)
(-0.010804042 -7.8927437e-11 -8.4693666)
(-0.0087485247 -1.2128898e-10 -8.4181474)
(-0.011933591 7.6910274e-11 -8.4489968)
(-0.0097350842 -1.0692003e-10 -8.3995423)
(-0.012617494 1.1238063e-10 -8.4248227)
(-0.01040229 1.3937856e-10 -8.3774436)
(-0.012448462 3.4437524e-11 -8.39621)
(-0.010382464 5.440395e-11 -8.3512886)
(-0.010857504 -1.8819727e-11 -8.3624135)
(-0.0092182935 2.616737e-11 -8.3204005)
(-0.0070139633 -4.8137928e-11 -8.322579)
(-0.0062306115 -3.2632344e-11 -8.2840036)
(0.00041491189 -3.5889892e-12 -8.2757418)
(-0.00043683768 -1.1456369e-10 -8.2412309)
(0.012784956 6.9469477e-11 -8.2209132)
(0.0096133076 3.1751186e-11 -8.1910781)
(0.032947539 4.906099e-11 -8.1572658)
(0.025994402 1.237355e-10 -8.1327113)
(0.064401768 -1.6809943e-11 -8.0843808)
(0.051617291 -7.8646693e-12 -8.0654928)
(0.11194986 -2.1864914e-11 -8.0027641)
(0.090512124 1.5851298e-12 -7.989404)
(0.18183516 -3.8968275e-11 -7.9147078)
(0.14796881 -1.1398688e-11 -7.9057265)
(0.28159047 -6.5104809e-11 -7.8256242)
(0.23069226 -4.9417407e-11 -7.8180173)
(0.4190552 -1.9122173e-11 -7.7459409)
(0.34620885 -5.8056651e-11 -7.7337066)
(0.60004495 2.657317e-11 -7.6933773)
(0.50172613 2.1520282e-11 -7.6661061)
(0.82312014 2.2951729e-11 -7.6952053)
(0.70029945 3.9026024e-11 -7.6366054)
(1.0673279 4.5680299e-12 -7.786825)
(0.93490398 2.5367337e-11 -7.6762512)
(1.2765487 1.1287807e-11 -7.9918484)
(1.1709044 -1.28307e-11 -7.8205367)
(1.377574 1.2882664e-11 -8.2862708)
(1.3376358 4.1731268e-11 -8.0768179)
(1.3369265 -8.1138465e-12 -8.594779)
(1.3698555 -4.9918261e-12 -8.3903828)
(1.1889366 1.5712427e-11 -8.8385802)
(1.2674361 -1.0705768e-12 -8.6732218)
(1.0033553 5.3057705e-11 -8.9864468)
(1.0880265 4.2652876e-11 -8.8647318)
(0.82929676 2.7405863e-11 -9.056823)
(0.90397063 6.6805929e-11 -8.9650657)
(0.68636571 3.782914e-12 -9.0781205)
(0.74252488 -2.2914636e-12 -9.0073472)
(0.57909306 1.3700139e-11 -9.0781295)
(0.62809717 2.0633371e-11 -9.0118057)
(0.49869034 -2.1069983e-11 -9.0702265)
(0.52387707 4.8082069e-12 -9.011616)
(0.43722398 -6.0215948e-12 -9.0685638)
(0.47921591 -3.7988617e-11 -8.9991119)
(0.38160857 2.0519954e-11 -9.0993532)
(0.38688455 4.0524459e-11 -9.010081)
(0.32240715 -1.8337055e-12 -9.3261046)
(0.38547533 2.5913124e-12 -9.0609968)
(0.21399094 1.5436821e-11 -10.001547)
(0.25884329 2.4647705e-12 -9.4615084)
(0.15303553 3.5132691e-11 -10.404029)
(-0.00076094773 2.4583138e-09 -8.4285193)
(-0.00051144717 8.3587897e-11 -8.3700333)
(-0.0012741782 1.9699383e-09 -8.4241348)
(-0.0008856843 5.1371363e-09 -8.3651885)
(-0.0018587702 -1.2252846e-09 -8.4206094)
(-0.0012863655 -2.1978441e-09 -8.3622387)
(-0.0025235122 -1.1192873e-10 -8.4158578)
(-0.0017957978 -1.7295466e-10 -8.3581636)
(-0.0032745702 1.5062273e-10 -8.4096285)
(-0.0023791506 5.6102753e-11 -8.3527254)
(-0.0041136624 1.5479682e-10 -8.4017263)
(-0.0030298022 2.2482554e-10 -8.3456825)
(-0.0050288378 1.5633866e-11 -8.3919585)
(-0.0037566966 2.3087138e-11 -8.3368968)
(-0.0059898843 -5.8537814e-12 -8.380074)
(-0.0045213828 3.5155832e-11 -8.326123)
(-0.006939782 -6.2176859e-11 -8.3657733)
(-0.0052945317 3.8460578e-12 -8.31311)
(-0.0077758696 -1.4952185e-10 -8.3486885)
(-0.0059833102 -8.110664e-11 -8.297516)
(-0.0083340378 -4.8193728e-11 -8.3283807)
(-0.0064494946 -1.4662245e-10 -8.2789578)
(-0.0083438035 8.2584861e-11 -8.3043311)
(-0.0065044442 1.102023e-10 -8.2569561)
(-0.0073790819 4.6496519e-11 -8.2759351)
(-0.0057626925 9.0719199e-11 -8.2309768)
(-0.0048625406 1.3055942e-11 -8.2424903)
(-0.0037619438 7.1388848e-11 -8.2003722)
(0.00013592983 -9.8146403e-11 -8.2031899)
(0.00018620966 -1.7460192e-11 -8.1644295)
(0.0085194348 -8.0749611e-11 -8.1571446)
(0.0070823687 -1.5421804e-10 -8.1222837)
(0.022296316 8.5114356e-11 -8.1035071)
(0.018373714 2.5389453e-11 -8.0731213)
(0.043907484 6.8029611e-11 -8.0416089)
(0.036104608 1.2520878e-10 -8.016194)
(0.076776984 1.0447439e-11 -7.9712192)
(0.063113087 -1.1863932e-11 -7.9510434)
(0.12548584 1.215965e-11 -7.8930817)
(0.10326837 7.2539407e-12 -7.877863)
(0.19587406 -2.1545856e-11 -7.8097251)
(0.16156423 -6.9328071e-12 -7.7981689)
(0.29480166 -4.2303754e-11 -7.7267002)
(0.24420273 -4.1934792e-11 -7.715717)
(0.4291118 -1.7991204e-11 -7.6542908)
(0.35792425 -6.4644044e-11 -7.6379639)
(0.60327858 3.3851498e-11 -7.6094426)
(0.5088172 1.8204903e-11 -7.5778498)
(0.81445729 4.1532739e-11 -7.6172877)
(0.69854287 4.3740577e-11 -7.5555503)
(1.0420623 8.2135873e-12 -7.7089727)
(0.91894545 3.4192383e-11 -7.5991523)
(1.2351758 1.7275805e-11 -7.9039279)
(1.1374748 -1.653378e-11 -7.7390566)
(1.3286487 2.4134988e-11 -8.1792238)
(1.2910655 3.572261e-11 -7.9799508)
(1.2928288 2.0288968e-12 -8.4675258)
(1.3217545 -1.580767e-11 -8.2721386)
(1.1577335 2.5626875e-11 -8.6986039)
(1.2292623 6.0928435e-13 -8.5377507)
(0.98558346 5.62712e-11 -8.8429686)
(1.0643044 3.2202887e-11 -8.7220143)
(0.82146804 3.7468601e-11 -8.9154494)
(0.89219792 6.0490303e-11 -8.8225516)
(0.68437722 1.4443176e-11 -8.9410551)
(0.73847087 6.9238718e-13 -8.8683382)
(0.57947097 1.1819036e-11 -8.945323)
(0.62763148 2.9130791e-11 -8.8773583)
(0.49929341 -1.1906598e-11 -8.940586)
(0.52465852 1.100536e-11 -8.8806899)
(0.43712663 8.1938177e-12 -8.940598)
(0.47926098 -2.9011198e-11 -8.8707478)
(0.38065156 2.2766729e-11 -8.9715007)
(0.38643537 4.676544e-11 -8.8824012)
(0.32099366 6.8903435e-12 -9.1946441)
(0.38401243 1.4704352e-11 -8.9328592)
(0.21301538 2.2021003e-11 -9.859972)
(0.25741289 2.4393943e-12 -9.3266794)
(0.15270471 4.0400402e-11 -10.255755)
(-0.00055177315 1.4990233e-09 -8.3079578)
(-0.00037455498 -2.157784e-10 -8.2494871)
(-0.00085343375 1.63617e-09 -8.3036064)
(-0.00055798709 4.5692773e-09 -8.2446969)
(-0.0012147967 -1.2623349e-09 -8.3000745)
(-0.00075002985 -2.2228551e-09 -8.2417463)
(-0.0016413782 -1.4670306e-11 -8.2953098)
(-0.001030169 -1.3073285e-10 -8.2376614)
(-0.0021324685 1.2460548e-10 -8.2890652)
(-0.0013678716 1.3027868e-10 -8.2322109)
(-0.0026847864 9.8772086e-11 -8.2811481)
(-0.0017469032 1.1982095e-10 -8.225155)
(-0.003276957 4.2319785e-11 -8.2713694)
(-0.0021722511 3.3749508e-11 -8.2163595)
(-0.0038717277 4.5511373e-11 -8.2594824)
(-0.0025963912 8.4998912e-11 -8.2055824)
(-0.0044027543 -1.3504016e-11 -8.2451948)
(-0.0029816182 6.1304583e-11 -8.1925782)
(-0.0047540967 -7.7111659e-11 -8.2281493)
(-0.0032255987 -6.6718143e-11 -8.1770146)
(-0.0047460364 7.8716714e-12 -8.2079226)
(-0.0031768925 -9.3748896e-11 -8.1585202)
(-0.0040895793 1.1860787e-10 -8.1840207)
(-0.0026268433 1.317749e-10 -8.1366361)
(-0.0023406902 1.1585984e-10 -8.1558685)
(-0.0011783151 1.3616632e-10 -8.1108571)
(0.0011084906 4.1932242e-11 -8.1227958)
(0.0016348918 1.0152359e-10 -8.080566)
(0.006945884 -7.2010044e-11 -8.0840471)
(0.0065123637 -3.383226e-11 -8.0450676)
(0.016530095 -4.9952326e-11 -8.0388321)
(0.014465354 -1.0646791e-10 -8.003614)
(0.031585684 6.4504129e-11 -7.986419)
(0.026933058 1.474955e-11 -7.9554622)
(0.054530081 4.6585738e-11 -7.9262764)
(0.045926504 7.9450754e-11 -7.8999909)
(0.088671623 -1.5225276e-11 -7.8583616)
(0.074202608 -8.7380845e-12 -7.8369044)
(0.13836362 -1.1720188e-11 -7.7836291)
(0.11546588 -1.2583194e-11 -7.7665895)
(0.20905014 -2.7043739e-11 -7.7048055)
(0.17441635 -8.5504062e-13 -7.6907669)
(0.30695043 -6.4102923e-11 -7.6275305)
(0.2567713 -5.3511608e-11 -7.6133474)
(0.43799013 -2.9048671e-11 -7.5618894)
(0.36853323 -7.7736199e-11 -7.5417648)
(0.60545967 2.7916548e-11 -7.5240213)
(0.51477311 2.0110805e-11 -7.4885382)
(0.8053747 3.646391e-11 -7.5370348)
(0.69596109 1.7108119e-11 -7.472629)
(1.0175968 9.770344e-12 -7.6282943)
(0.90309216 2.3199362e-11 -7.5194032)
(1.1959117 1.590307e-12 -7.813643)
(1.1055581 -1.3518599e-11 -7.6548476)
(1.2824702 -3.9132142e-12 -8.0713447)
(1.2471122 1.5400352e-11 -7.8814239)
(1.251055 -1.7321678e-11 -8.3411909)
(1.2764288 -1.0525119e-11 -8.1541438)
(1.1277239 7.0097116e-12 -8.5604344)
(1.1929304 -8.7763936e-13 -8.4039129)
(0.96795783 3.6269855e-11 -8.7012139)
(1.041176 1.16483e-11 -8.5811668)
(0.81318273 2.4025638e-11 -8.7752824)
(0.8801785 4.8927945e-11 -8.6814917)
(0.68173023 1.523633e-11 -8.8046423)
(0.7338067 -1.7799973e-11 -8.7302252)
(0.57926228 2.8405992e-11 -8.8127407)
(0.62652786 5.0472768e-11 -8.7433054)
(0.49950283 -5.9086514e-12 -8.8109259)
(0.52495131 2.1412786e-11 -8.7498347)
(0.43682641 9.2094799e-12 -8.8125185)
(0.47903608 -2.6613512e-11 -8.742302)
(0.37964923 3.8847519e-11 -8.8435402)
(0.38586075 4.1369523e-11 -8.7546032)
(0.31960859 1.0307209e-11 -9.0631693)
(0.38257944 2.8851808e-11 -8.8046443)
(0.2120734 2.065653e-11 -9.7185017)
(0.25601445 -8.0189472e-12 -9.1919092)
(0.15240614 4.5023441e-11 -10.107632)
(-0.00034170835 1.6582173e-09 -8.1874635)
(-0.00023708133 6.8482019e-10 -8.1290037)
(-0.00043191427 1.3277075e-09 -8.1831465)
(-0.00022934965 4.5055454e-09 -8.1242684)
(-0.00056695468 -1.2119507e-09 -8.1796111)
(-0.00021235314 -1.9128055e-09 -8.12132)
(-0.00075594191 3.1098975e-12 -8.174837)
(-0.00026295549 -1.6915274e-10 -8.1172281)
(-0.00098783163 1.2584749e-10 -8.1685823)
(-0.00035500642 1.3281474e-10 -8.1117698)
(-0.0012527408 5.7210117e-11 -8.1606571)
(-0.0004628989 1.106171e-10 -8.104707)
(-0.0015225048 7.5201221e-11 -8.1508759)
(-0.00058773289 1.5637866e-11 -8.0959091)
(-0.0017528414 1.0129032e-10 -8.1389966)
(-0.00067316234 7.6672926e-11 -8.0851377)
(-0.0018677247 1.0471908e-11 -8.1247348)
(-0.00067369491 6.9435258e-11 -8.0721535)
(-0.0017367042 -8.2903569e-11 -8.1077439)
(-0.00047755963 -4.2697603e-11 -8.056634)
(-0.0011638451 2.6728645e-11 -8.0876186)
(8.0956664e-05 -1.3387501e-10 -8.0382207)
(0.00018489265 1.492733e-10 -8.0638835)
(0.0012283622 6.8968781e-11 -8.0164797)
(0.0026397276 1.2227531e-10 -8.0359917)
(0.0033671559 1.1933665e-10 -7.9909077)
(0.0068609483 2.7372696e-11 -8.0033116)
(0.0069687184 1.0065347e-10 -7.9609455)
(0.013704073 -6.7481703e-11 -7.9651483)
(0.012743083 -4.720039e-11 -7.9259351)
(0.024391633 -4.3030115e-11 -7.9207953)
(0.021707282 -1.182338e-10 -7.8851962)
(0.040641026 2.9059858e-11 -7.8696228)
(0.035289275 -9.0614968e-12 -7.8380768)
(0.064813427 2.4943567e-11 -7.8112399)
(0.055460133 4.6838612e-11 -7.7840735)
(0.10009259 -6.061918e-12 -7.7457739)
(0.084890918 8.7399751e-12 -7.7230422)
(0.15060267 -1.8155164e-12 -7.6743663)
(0.12711855 -1.5382797e-11 -7.655544)
(0.22140192 -2.690468e-11 -7.5999068)
(0.18655353 1.0064381e-11 -7.5834764)
(0.31810237 -6.696134e-11 -7.5280799)
(0.2684479 -7.5655832e-11 -7.5108662)
(0.44578858 -2.9286216e-11 -7.4687281)
(0.37811449 -5.2714632e-11 -7.4450814)
(0.60671212 9.322579e-12 -7.4371666)
(0.51970396 3.3718903e-12 -7.3981825)
(0.79598241 3.8017813e-12 -7.454601)
(0.6926762 1.3344751e-11 -7.3879335)
(0.99399923 1.4556563e-13 -7.5450515)
(0.88742354 -7.120326e-13 -7.4372066)
(1.1587939 1.1280069e-13 -7.7212968)
(1.0751821 2.1845406e-12 -7.5681757)
(1.2390372 8.9432752e-12 -7.9628288)
(1.2057666 7.0401173e-12 -7.7814781)
(1.211563 5.8642708e-12 -8.2157723)
(1.2337992 8.757105e-12 -8.0364399)
(1.098903 3.6912167e-12 -8.4239406)
(1.1583891 6.3952561e-12 -8.2715752)
(0.95053781 2.410546e-11 -8.5610537)
(1.0186697 1.1217612e-11 -8.4420303)
(0.80452344 7.4493992e-12 -8.6362563)
(0.86798847 3.0368829e-11 -8.5417854)
(0.67850147 1.7091613e-11 -8.6688657)
(0.72861437 -3.4759606e-11 -8.5929631)
(0.57852114 4.3622594e-11 -8.6803973)
(0.62485173 4.3172812e-11 -8.6096429)
(0.49934685 9.3690344e-13 -8.6812717)
(0.52479498 2.190087e-11 -8.6190664)
(0.43633353 5.2315391e-12 -8.6843495)
(0.47855764 -1.7539831e-11 -8.6137924)
(0.37860022 3.1429949e-11 -8.7154889)
(0.38516471 1.6281669e-11 -8.6267015)
(0.31824984 1.0687416e-11 -8.9316871)
(0.38117058 2.8279564e-11 -8.6763579)
(0.2111644 1.6121076e-11 -9.5771343)
(0.25464818 -1.2147635e-11 -9.0571905)
(0.15213736 2.1158266e-11 -9.9596463)
(-0.0001308695 2.5769343e-09 -8.0670409)
(-9.909924e-05 8.9086573e-10 -8.0086005)
(-9.5165784e-06 1.8485e-09 -8.0627599)
(9.9851604e-05 4.8021315e-09 -8.0039203)
(8.2377914e-05 -9.7061147e-10 -8.0592237)
(0.0003261243 -1.6095481e-09 -8.0009771)
(0.00013075434 -5.2295614e-11 -8.0544441)
(0.00050511474 -8.642992e-11 -7.9968807)
(0.00015787618 1.1833453e-10 -8.0481848)
(0.00065839311 1.8302009e-10 -7.9914192)
(0.0001829195 7.1707307e-11 -8.0402582)
(0.0008209098 1.3562932e-10 -7.9843559)
(0.00023469802 1.5648516e-11 -8.0304826)
(0.0009952688 4.6500753e-11 -7.9755627)
(0.00036678274 4.4971438e-11 -8.0186209)
(0.0012463194 9.4028095e-11 -7.9648059)
(0.00066269814 1.8350594e-11 -8.0043968)
(0.0016268593 8.6932645e-11 -7.9518519)
(0.0012636296 -9.2144015e-11 -7.9874749)
(0.0022586631 2.388103e-11 -7.9363892)
(0.0023754158 -9.4712345e-11 -7.9674674)
(0.0033221826 -9.0732697e-11 -7.9180715)
(0.0043101256 3.8334864e-11 -7.9439173)
(0.0050577459 6.371985e-12 -7.8964849)
(0.0075142682 9.7955668e-11 -7.9163065)
(0.0078692139 6.3162516e-11 -7.8711511)
(0.012573575 2.784353e-11 -7.8840456)
(0.012234043 6.0141928e-11 -7.8415374)
(0.020358578 -9.7161002e-11 -7.8464942)
(0.018873028 -4.0239705e-11 -7.8070376)
(0.032089014 -8.5402371e-11 -7.8030242)
(0.028803838 -1.0751954e-10 -7.7670359)
(0.049456186 8.1693257e-12 -7.7531076)
(0.043438801 -1.9330139e-11 -7.7209671)
(0.07475722 3.0987934e-11 -7.6964835)
(0.064704468 6.5622961e-11 -7.6684394)
(0.1110472 -3.6931875e-13 -7.6334345)
(0.095181856 7.9238674e-12 -7.6094485)
(0.16222212 -3.7150807e-12 -7.5652671)
(0.13823877 -1.5359724e-11 -7.5447124)
(0.23296633 -3.8005543e-11 -7.4950015)
(0.19800198 2.1629751e-12 -7.4762796)
(0.32831923 -6.1583232e-11 -7.4283291)
(0.27927906 -7.2710542e-11 -7.4082571)
(0.45259771 -2.046352e-11 -7.3748136)
(0.38674087 -3.4762533e-11 -7.3479113)
(0.60714644 7.324837e-12 -7.3489425)
(0.52370979 -1.2409786e-11 -7.3068174)
(0.78637044 8.9245169e-12 -7.3701399)
(0.68879577 3.7831798e-11 -7.3015709)
(0.97129335 1.3083242e-12 -7.4594699)
(0.87199743 -1.0773221e-11 -7.3527653)
(1.1237661 9.0815524e-12 -7.6271219)
(1.0463167 6.4750067e-13 -7.4792811)
(1.1982518 6.843798e-12 -7.8538019)
(1.1669333 2.0362525e-11 -7.6803041)
(1.1742582 9.3015486e-12 -8.0912215)
(1.1937348 8.5729188e-12 -7.9190367)
(1.0712527 1.3894488e-11 -8.2889914)
(1.1255662 -4.1338594e-14 -8.1406186)
(0.93336752 1.737822e-11 -8.4223779)
(0.99680485 2.6857215e-11 -8.30449)
(0.79556248 -1.1500183e-11 -8.4983101)
(0.85569488 1.8162573e-11 -8.4033649)
(0.67476113 -9.0711972e-12 -8.5337104)
(0.72296887 -1.7391018e-11 -8.4565354)
(0.57729763 2.1556176e-11 -8.5483073)
(0.62266397 1.3535069e-11 -8.4763922)
(0.49885334 3.6118854e-12 -8.5516488)
(0.52422719 9.902579e-12 -8.4884253)
(0.43565801 -6.6459177e-12 -8.5561159)
(0.47784224 -1.5408098e-11 -8.4852616)
(0.37750444 1.3077877e-11 -8.5873658)
(0.38435207 2.090835e-13 -8.498736)
(0.31691504 5.6220463e-12 -8.800205)
(0.37978096 1.7805213e-11 -8.5480304)
(0.21028653 -7.2519787e-12 -9.4358658)
(0.25331375 -1.3063514e-12 -8.9225449)
(0.15189595 -8.6548434e-12 -9.8118125)
(7.8969987e-05 2.1382465e-09 -7.9466941)
(3.9290833e-05 1.2831052e-09 -7.8882685)
(0.00041702317 1.926963e-09 -7.9424503)
(0.00042938714 5.2978157e-09 -7.8836449)
(0.00072477332 -8.1323881e-10 -7.9389159)
(0.00086498783 -1.6631018e-09 -7.8807071)
(0.0010129486 1.3741983e-10 -7.9341345)
(0.0012734418 5.3380328e-11 -7.8766108)
(0.0012972143 2.0191592e-10 -7.9278756)
(0.0016715247 2.53125e-10 -7.8711501)
(0.0016034247 1.1292171e-10 -7.9199541)
(0.002103519 9.9972083e-11 -7.8640916)
(0.0019689337 1.2374098e-10 -7.9101918)
(0.002575487 8.9708482e-11 -7.85531)
(0.002455605 1.361379e-10 -7.8983572)
(0.0031604827 1.5105731e-10 -7.8445764)
(0.0031564547 9.3635535e-11 -7.8841821)
(0.0039184388 9.8371391e-11 -7.8316633)
(0.0042234844 2.7208959e-11 -7.8673434)
(0.0049821017 4.8060277e-11 -7.8162703)
(0.0058781813 8.8763326e-12 -7.8474692)
(0.0065457304 -5.9311897e-11 -7.7980642)
(0.0084378014 3.0409022e-11 -7.8241242)
(0.008857948 7.0345779e-11 -7.7766493)
(0.01234937 2.5387579e-11 -7.7968156)
(0.012323622 7.3009848e-11 -7.7515716)
(0.018211433 -6.7442512e-12 -7.764994)
(0.017427638 4.7613554e-11 -7.7223268)
(0.026896582 -4.9849578e-11 -7.7280763)
(0.024899083 -3.0435434e-11 -7.6883587)
(0.039615453 -4.2367142e-11 -7.6855082)
(0.035752501 -9.3029863e-11 -7.6491142)
(0.058028183 3.7289662e-11 -7.6368584)
(0.051380526 -4.6380414e-11 -7.6041109)
(0.084363254 4.3093696e-11 -7.5819869)
(0.073661254 8.4877642e-11 -7.5530621)
(0.12154458 -6.862118e-12 -7.5213181)
(0.10508235 -7.8970655e-12 -7.4960922)
(0.17324254 -9.6278206e-12 -7.4563018)
(0.14884211 -1.0870866e-11 -7.4340593)
(0.24378067 -3.194734e-11 -7.3900596)
(0.20879068 -1.9892604e-11 -7.3691387)
(0.33766135 -4.6177526e-11 -7.3282566)
(0.28931255 -5.5023951e-11 -7.3054861)
(0.45850266 -2.6870878e-11 -7.2801504)
(0.39448325 -5.370058e-11 -7.2502365)
(0.60686232 1.7748073e-11 -7.2594066)
(0.5268831 -3.2339427e-11 -7.2144611)
(0.77661277 1.8458266e-11 -7.2837887)
(0.68441337 3.5126985e-11 -7.2136262)
(0.94947037 -1.150729e-11 -7.3717479)
(0.85685194 -3.1202213e-11 -7.2662475)
(1.0907283 1.180672e-11 -7.5313031)
(1.0188946 -1.9188611e-11 -7.3883629)
(1.1599615 2.2161847e-11 -7.7443322)
(1.1304603 2.3857869e-11 -7.5780217)
(1.139021 -7.2043738e-13 -7.9674612)
(1.1560686 1.2086318e-11 -7.8018907)
(1.0447369 1.2771896e-11 -8.1554561)
(1.0943716 -1.2007994e-11 -8.0109009)
(0.91648107 2.7688329e-11 -8.2850844)
(0.97558567 2.3963232e-11 -8.1684064)
(0.78636462 1.2456973e-11 -8.3613903)
(0.84335303 4.1489221e-12 -8.2661365)
(0.67057339 5.0590077e-12 -8.3991664)
(0.7169369 2.9459582e-12 -8.3208964)
(0.57563956 1.8992836e-12 -8.4164888)
(0.62002053 -1.806147e-11 -8.3435437)
(0.49804846 -8.9968567e-12 -8.422086)
(0.52328363 -6.6618502e-12 -8.3579203)
(0.43481116 -8.6254246e-12 -8.427847)
(0.47690618 -3.5950176e-11 -8.356722)
(0.37636151 4.8571378e-12 -8.4591946)
(0.38342808 -4.4736891e-12 -8.3707176)
(0.31560191 1.0960657e-11 -8.6687385)
(0.37840614 7.9138827e-13 -8.419664)
(0.20943859 -2.6778054e-12 -9.2947062)
(0.25201022 1.5345774e-11 -8.7879649)
(0.1516795 -2.8297479e-11 -9.6641157)
(0.00028861283 3.4389967e-09 -7.8264189)
(0.00017789571 1.2821012e-09 -7.7680077)
(0.00084177268 2.3405612e-09 -7.8222136)
(0.00075903741 6.1128065e-09 -7.7634418)
(0.0013706001 -8.9551061e-10 -7.8186834)
(0.001403785 -1.6232376e-09 -7.7605109)
(0.0018969529 1.6058573e-10 -7.8139043)
(0.0020413331 1.8425253e-10 -7.7564182)
(0.0024383764 1.5635524e-10 -7.8076505)
(0.0026835345 3.2532758e-10 -7.7509624)
(0.003027006 7.7046623e-11 -7.7997402)
(0.0033838305 2.269989e-10 -7.7439142)
(0.0037061327 1.1555413e-10 -7.7899991)
(0.0041515128 1.2409864e-10 -7.7351509)
(0.0045456788 1.1439418e-10 -7.7782011)
(0.0050676919 1.9638189e-10 -7.7244489)
(0.005648672 5.3731675e-11 -7.7640868)
(0.0061996994 1.3874469e-10 -7.7115872)
(0.0071774431 -3.6665063e-11 -7.7473454)
(0.0076918671 -2.9626622e-11 -7.6962765)
(0.0093651042 1.8767557e-13 -7.7276205)
(0.0097495368 -1.4711085e-10 -7.678197)
(0.012532875 1.1290952e-10 -7.7044972)
(0.012625384 1.2932742e-10 -7.6569699)
(0.017129698 9.5562061e-11 -7.6775098)
(0.016726534 7.1306808e-11 -7.632165)
(0.023765413 2.4853109e-11 -7.6461475)
(0.022546018 4.7045898e-11 -7.6033079)
(0.033311908 -7.2919194e-11 -7.6098828)
(0.030818039 -2.5490117e-11 -7.5698909)
(0.046966993 -9.75297e-11 -7.5682327)
(0.042550619 -1.2778596e-10 -7.5314209)
(0.066355822 -8.0763069e-14 -7.5208568)
(0.059113221 -4.2023596e-11 -7.4874948)
(0.093634689 3.4746791e-11 -7.467728)
(0.082332095 6.4370118e-11 -7.4379241)
(0.13159491 -1.1879705e-11 -7.4093981)
(0.11459908 -1.0583067e-11 -7.3829514)
(0.18368501 -2.1060401e-11 -7.3474409)
(0.15894356 -3.9643788e-12 -7.3235588)
(0.25388163 -4.2690183e-11 -7.285053)
(0.21894729 -3.066068e-11 -7.2620263)
(0.34618611 -6.2557038e-11 -7.2278443)
(0.29859347 -3.0284566e-11 -7.2025304)
(0.463582 -5.9324018e-11 -7.1847457)
(0.40140743 -7.4166556e-11 -7.1520495)
(0.60594848 -1.5429303e-11 -7.1686151)
(0.52930782 -3.5517008e-11 -7.1211406)
(0.76677038 -1.4091064e-11 -7.1956736)
(0.67961116 2.238001e-11 -7.1241864)
(0.92850692 -3.8960581e-11 -7.2820665)
(0.84201563 -1.8322958e-11 -7.1778116)
(1.0595575 -7.4033028e-12 -7.4339895)
(0.9928391 -2.7498935e-11 -7.2956064)
(1.1239925 1.3852434e-11 -7.634446)
(1.0961837 1.0787912e-11 -7.4747308)
(1.1057222 9.3730106e-13 -7.8444041)
(1.1206325 2.6791315e-11 -7.684963)
(1.0193123 -1.0165731e-12 -8.0232059)
(1.0647154 -5.1343109e-12 -7.8823026)
(0.89990425 5.3039064e-13 -8.1490641)
(0.95501147 1.1195839e-11 -8.0336584)
(0.77698613 -5.3558248e-12 -8.2254324)
(0.83101122 1.6150907e-11 -8.1300209)
(0.66599655 -2.0068389e-11 -8.2652094)
(0.71057889 2.2241987e-11 -8.1860107)
(0.57359084 -2.66785e-11 -8.2849438)
(0.61697313 -1.9103423e-11 -8.2110953)
(0.49695772 -3.3475678e-11 -8.2925965)
(0.52199807 -4.3594108e-12 -8.2275671)
(0.43380374 -3.1944218e-11 -8.2995572)
(0.47576555 -3.8228051e-11 -8.2281932)
(0.37517221 -8.5631609e-12 -8.330985)
(0.38239851 5.690372e-12 -8.2426648)
(0.31430837 5.1126552e-12 -8.5372885)
(0.37704252 -2.3177699e-12 -8.29127)
(0.20861877 -1.008735e-11 -9.153647)
(0.25073652 3.4293366e-11 -8.6534529)
(0.15148582 -2.5282341e-11 -9.5165515)
(0.00049862094 2.7482346e-09 -7.7062153)
(0.00031652052 -1.4673256e-11 -7.647818)
(0.0012658924 2.8522841e-09 -7.7020498)
(0.0010885088 6.3961333e-09 -7.6433109)
(0.0020165963 -6.4775284e-10 -7.6985262)
(0.0019420541 -1.353393e-09 -7.6403884)
(0.0027801884 3.4299118e-10 -7.6937532)
(0.0028081106 2.7670385e-10 -7.6363026)
(0.0035778641 3.9929315e-10 -7.6875094)
(0.0036935313 4.3630773e-10 -7.6308559)
(0.0044476715 2.7693598e-10 -7.6796163)
(0.0046607123 3.6139651e-10 -7.6238233)
(0.0054386324 2.0319359e-10 -7.6699038)
(0.0057219861 2.0595845e-10 -7.615085)
(0.0066285613 2.2193947e-10 -7.6581518)
(0.0069666296 2.6786789e-10 -7.6044229)
(0.0081309526 5.8517282e-11 -7.6441097)
(0.0084698818 2.0486797e-10 -7.5916229)
(0.010117191 -1.3810779e-10 -7.6274792)
(0.010387085 -7.2009576e-11 -7.5764067)
(0.012827805 -2.2170994e-11 -7.6079185)
(0.012931011 -1.7137389e-10 -7.5584679)
(0.016587535 8.8532453e-11 -7.5850328)
(0.016356446 1.1246388e-10 -7.5374434)
(0.02184874 2.3102297e-11 -7.5583836)
(0.021074618 1.1694978e-10 -7.512927)
(0.029230167 -2.4323331e-12 -7.527499)
(0.027586123 8.3872939e-11 -7.4844753)
(0.039600318 -7.9218574e-11 -7.4919046)
(0.036627075 -3.3380017e-11 -7.4516266)
(0.054140885 -7.3174376e-11 -7.4511854)
(0.049196046 -1.3920269e-10 -7.4139461)
(0.074438825 2.1383005e-11 -7.4050873)
(0.066636294 1.1341983e-11 -7.3711056)
(0.10257543 1.9734985e-11 -7.353687)
(0.090719335 6.2850371e-11 -7.3230086)
(0.14120893 -2.7258507e-12 -7.2976511)
(0.12373944 -2.8360146e-11 -7.2700052)
(0.19357067 -1.334199e-11 -7.2386586)
(0.16855867 1.03184e-12 -7.213187)
(0.26330511 -1.825805e-11 -7.1799575)
(0.22849938 -4.519838e-11 -7.1549178)
(0.35394794 -4.1561416e-11 -7.1270783)
(0.30716535 -1.3412414e-11 -7.0993705)
(0.46790827 -5.0639792e-11 -7.0886102)
(0.40757527 -9.4363557e-11 -7.0533464)
(0.60448421 1.8900095e-12 -7.076624)
(0.53106041 -1.5481952e-11 -7.0268845)
(0.75689444 1.8419613e-11 -7.1059121)
(0.67446104 2.1346714e-11 -7.0333341)
(0.90837359 -6.8024624e-12 -7.190587)
(0.8275089 1.0565143e-11 -7.0876023)
(1.0301263 -9.5441673e-12 -7.3353175)
(0.96806955 -3.6514416e-11 -7.2011735)
(1.0901739 2.3631502e-11 -7.5241785)
(1.0639407 1.2283387e-11 -7.3705242)
(1.0742338 2.0903271e-11 -7.721977)
(1.0872636 3.452681e-11 -7.5682217)
(0.99493459 6.9873444e-12 -7.8921249)
(1.0365091 -1.2226749e-11 -7.7547119)
(0.88365769 2.6789706e-11 -8.0142202)
(0.93507738 2.1254684e-11 -7.9001339)
(0.76747715 4.3716985e-11 -8.0903803)
(0.81871114 2.9636591e-11 -7.9949436)
(0.66108385 2.3415832e-11 -8.13182)
(0.7039493 3.166318e-11 -8.0518434)
(0.57119248 3.1433708e-12 -8.1536779)
(0.61356947 -3.3407482e-12 -8.0790431)
(0.49560552 -8.9504772e-12 -8.1631965)
(0.5204024 -4.4520482e-12 -8.0973786)
(0.43264669 -7.9686069e-13 -8.1712645)
(0.47443613 -2.990657e-11 -8.0996925)
(0.37393782 1.1971845e-11 -8.2027513)
(0.3812694 9.7954167e-12 -8.1145943)
(0.3130325 2.6702329e-11 -8.4058615)
(0.37568715 -5.7906971e-12 -8.1628591)
(0.20782526 1.9353027e-11 -9.0126871)
(0.24949138 3.681835e-11 -8.519011)
(0.15131282 -5.7332154e-12 -9.3691157)
(0.00070853938 2.0305239e-09 -7.5860831)
(0.00045498201 -5.8665861e-10 -7.5276995)
(0.0016892513 2.8949583e-09 -7.5819587)
(0.0014174739 6.2354279e-09 -7.5232518)
(0.0026617821 -5.2298043e-10 -7.5784442)
(0.0024793156 -1.4670618e-09 -7.5203397)
(0.0036616574 3.6322874e-10 -7.573681)
(0.0035730888 2.6250763e-10 -7.5162637)
(0.0047143872 4.0094187e-10 -7.5674518)
(0.0047006056 4.6259135e-10 -7.5108302)
(0.0058636337 2.9477706e-10 -7.559582)
(0.0059330466 2.8357402e-10 -7.5038186)
(0.0071643217 2.6914862e-10 -7.5499055)
(0.0072857467 2.2365211e-10 -7.4951118)
(0.0087023297 2.5211577e-10 -7.5382086)
(0.0088564921 2.5069782e-10 -7.4844977)
(0.010601196 7.9489692e-11 -7.52425)
(0.010728598 1.9211131e-10 -7.4717697)
(0.013039219 -1.0361406e-10 -7.5077431)
(0.013066463 -5.5437782e-11 -7.4566599)
(0.016261512 -4.1051331e-11 -7.4883605)
(0.016087171 -8.0095018e-11 -7.4388745)
(0.020596975 1.4081875e-10 -7.4657273)
(0.02004776 1.4168578e-10 -7.4180667)
(0.02650215 1.7814532e-10 -7.4394325)
(0.025364932 1.7773641e-10 -7.3938537)
(0.034601843 5.4323502e-11 -7.4090421)
(0.032545213 1.4068094e-10 -7.3658235)
(0.045758649 -9.2186578e-11 -7.374133)
(0.042323737 -4.330645e-11 -7.3335586)
(0.061135296 -5.6256546e-11 -7.3343552)
(0.055687092 -9.7932897e-11 -7.29668)
(0.082277767 5.2303782e-11 -7.2895352)
(0.0739497 1.4583315e-11 -7.2549306)
(0.11119016 1.5600651e-11 -7.2398456)
(0.098825923 6.285092e-11 -7.2082993)
(0.15039792 -2.4860504e-11 -7.1860554)
(0.13251141 -4.6878515e-11 -7.1572342)
(0.20292077 -3.0438954e-11 -7.1299316)
(0.17770323 8.5822952e-12 -7.1029218)
(0.27208614 -4.0605205e-11 -7.0747525)
(0.23747407 -6.657175e-11 -7.0477908)
(0.36099842 -6.5600866e-11 -7.0259483)
(0.31507003 2.7489423e-13 -6.9959899)
(0.47154837 -5.9777683e-11 -6.991757)
(0.41304471 -1.141825e-10 -6.9541262)
(0.60254038 3.7188495e-12 -6.9834877)
(0.53221051 -2.3985443e-11 -6.9317225)
(0.74702798 1.356416e-11 -7.0146131)
(0.66902598 1.6426475e-11 -6.9411477)
(0.88903829 -1.8844869e-11 -7.0974545)
(0.81334619 4.8523608e-12 -6.9957516)
(1.0023114 -1.498822e-11 -7.2354062)
(0.94450735 -4.5298554e-11 -7.1052077)
(1.058342 2.3046248e-11 -7.4135564)
(1.0335762 1.7735154e-11 -7.2654802)
(1.0444335 1.6656174e-12 -7.6001105)
(1.0558084 3.312188e-11 -7.4516343)
(0.97155938 1.8545135e-12 -7.7621056)
(1.009668 -2.316964e-11 -7.6280264)
(0.86775735 2.4056489e-11 -7.8804625)
(0.91577569 3.0253162e-11 -7.7677296)
(0.75788209 1.7572228e-11 -7.9561802)
(0.80648879 1.7210213e-11 -7.8608345)
(0.65588377 5.0834414e-12 -7.9989784)
(0.69709727 2.6692823e-11 -7.9183608)
(0.5684827 -1.0930718e-11 -8.022694)
(0.60985348 -2.0970106e-11 -7.9473816)
(0.4940151 -2.5286909e-11 -8.0338996)
(0.51852668 -1.6181192e-11 -7.9673654)
(0.43135093 -1.9498165e-11 -8.0429846)
(0.47293326 -4.0818593e-11 -7.9712354)
(0.37266001 -7.8969e-12 -8.0745063)
(0.38004709 -2.2705421e-12 -7.9865214)
(0.31177261 4.1383991e-12 -8.2744633)
(0.37433771 -1.4089794e-11 -8.0344416)
(0.20705636 1.1913991e-11 -8.8718248)
(0.24827353 2.5124855e-11 -8.3846412)
(0.15115861 -4.3016603e-12 -9.2218044)
(0.00091808791 1.9127196e-09 -7.4660177)
(0.00059310028 3.2928084e-10 -7.4076435)
(0.0021115686 2.5736223e-09 -7.4619358)
(0.0017456065 6.5304617e-09 -7.4032559)
(0.003305464 -7.8136588e-10 -7.4584328)
(0.0030151121 -1.5977459e-09 -7.4003559)
(0.0045405331 3.5335569e-10 -7.453683)
(0.00433563 8.3879815e-11 -7.3962929)
(0.0058469065 3.5126961e-10 -7.4474731)
(0.0057039588 3.3875639e-10 -7.3908766)
(0.0072737354 2.1412626e-10 -7.4396323)
(0.007199969 3.7273339e-10 -7.383891)
(0.008882201 2.0455065e-10 -7.429999)
(0.0088421706 1.2362806e-10 -7.3752223)
(0.010766276 1.9191817e-10 -7.4183664)
(0.01073714 1.7480782e-10 -7.3646645)
(0.0130581 6.1786418e-11 -7.4045022)
(0.012975537 1.3232619e-10 -7.3520184)
(0.015940639 -3.1503848e-11 -7.3881308)
(0.015728244 -1.7806582e-11 -7.337026)
(0.019662512 9.9277582e-11 -7.3689392)
(0.019215099 -9.4958772e-11 -7.3194061)
(0.024557683 1.7810288e-10 -7.3465725)
(0.023696586 1.5499406e-10 -7.2988279)
(0.031086706 1.4074671e-10 -7.3206468)
(0.029595148 1.6148274e-10 -7.2749323)
(0.039877566 4.5244721e-11 -7.2907658)
(0.037421148 1.3756819e-10 -7.2473385)
(0.051784683 -4.8443355e-11 -7.2565549)
(0.04790628 -3.8748197e-11 -7.2156712)
(0.067949348 -2.8265614e-11 -7.2177261)
(0.062022902 -7.8458498e-11 -7.1796047)
(0.0898742 2.4655712e-11 -7.1741817)
(0.081054342 4.9637077e-12 -7.1389492)
(0.11948452 1.3883091e-12 -7.1261818)
(0.10665583 5.7473386e-11 -7.0937728)
(0.15917396 -1.3922248e-11 -7.0745861)
(0.14092392 -1.6466912e-11 -7.0446119)
(0.21175683 -2.6923533e-11 -7.0212341)
(0.18639375 6.880081e-12 -6.9927348)
(0.28025899 -2.622207e-11 -6.9694151)
(0.24589849 -6.019216e-11 -6.9406178)
(0.36738658 -4.7438396e-11 -6.9244425)
(0.32234791 4.2594748e-12 -6.8923674)
(0.47456417 -7.9044958e-11 -6.894197)
(0.41787019 -9.34824e-11 -6.8543834)
(0.6001803 -1.1559161e-11 -6.8892552)
(0.53282149 -2.4369354e-11 -6.8356783)
(0.73720685 7.791673e-12 -6.9218737)
(0.66336083 1.3809218e-11 -6.847695)
(0.87046776 -2.1279772e-11 -7.0027955)
(0.79953662 1.486288e-11 -6.9023732)
(0.9759963 -1.2964384e-11 -7.1343553)
(0.92207692 -3.1121837e-11 -7.0078306)
(1.0283432 2.7719332e-11 -7.302596)
(1.0049447 9.9527124e-12 -7.1596587)
(1.0162055 8.6105397e-12 -7.4787358)
(1.0261228 2.6979753e-11 -7.3351621)
(0.94914303 4.932215e-12 -7.633046)
(0.98411075 -3.2892306e-12 -7.5021446)
(0.85221494 2.3477013e-11 -7.7477043)
(0.89709512 1.8835513e-11 -7.6363417)
(0.74824001 2.6281712e-11 -7.8227784)
(0.79437416 2.5619273e-11 -7.7276188)
(0.65044031 8.7992178e-13 -7.8666618)
(0.69006638 2.2189253e-11 -7.7855203)
(0.56549698 -2.6244606e-11 -7.8919913)
(0.60586524 -2.4742409e-11 -7.8160947)
(0.49220846 -3.159576e-11 -7.9047153)
(0.51639903 -1.9243085e-11 -7.8375269)
(0.42992731 -2.376965e-11 -7.9147295)
(0.47127171 -4.0461562e-11 -7.8428263)
(0.37134073 -8.4102016e-12 -7.9462599)
(0.37873793 -3.1495751e-12 -7.8584509)
(0.3105273 6.7247198e-12 -8.1430982)
(0.37299227 -9.3619672e-12 -7.9060179)
(0.20631055 9.0348832e-12 -8.7310588)
(0.24708147 1.2982782e-11 -8.2503361)
(0.15102139 -8.7149776e-12 -9.0746035)
(0.0011269964 3.396675e-09 -7.3460237)
(0.00073066365 9.437514e-10 -7.2876667)
(0.0025324682 3.0980024e-09 -7.3419856)
(0.0020725106 6.8504155e-09 -7.28334)
(0.0039469773 -8.2951549e-10 -7.3384965)
(0.0035488883 -1.3947011e-09 -7.2804539)
(0.0054160048 5.8445175e-11 -7.3337635)
(0.0050949998 -1.4723679e-10 -7.2764067)
(0.00697452 3.5907203e-10 -7.3275775)
(0.0067027645 1.4289907e-10 -7.2710115)
(0.0086772076 2.892168e-10 -7.3197716)
(0.0084607362 5.3312838e-10 -7.2640572)
(0.010591827 9.2662281e-11 -7.3101888)
(0.01039085 2.5360817e-11 -7.2554329)
(0.012819826 1.1610819e-10 -7.2986296)
(0.012608263 1.2394513e-10 -7.2449394)
(0.015499923 5.5525147e-11 -7.28487)
(0.015209382 6.3324028e-11 -7.2323848)
(0.018818332 -7.9969619e-11 -7.2686454)
(0.018369564 2.0458513e-11 -7.2175201)
(0.023027378 -4.3034749e-11 -7.249657)
(0.02231137 -2.230201e-10 -7.2000769)
(0.028466516 1.38285e-10 -7.2275699)
(0.027299824 1.1071739e-10 -7.1797408)
(0.035599411 1.5861079e-10 -7.2020274)
(0.033762344 1.6485206e-10 -7.1561756)
(0.04505458 5.5677485e-11 -7.1726693)
(0.042211057 1.1229736e-10 -7.1290317)
(0.057676281 -6.8320753e-11 -7.1391678)
(0.053372156 -8.6453351e-12 -7.0979739)
(0.074582197 -4.6098657e-11 -7.1012934)
(0.068201763 -1.3888358e-10 -7.0627274)
(0.097229631 3.7265538e-11 -7.0590193)
(0.087950176 -1.0998913e-11 -7.0231661)
(0.12746394 4.0302121e-11 -7.0126853)
(0.11421196 7.2057071e-11 -6.9794306)
(0.16754863 4.1297999e-12 -6.9632308)
(0.14898464 7.0913402e-12 -6.9321369)
(0.22009923 -2.582915e-11 -6.9125531)
(0.19464513 -1.4502391e-12 -6.8826228)
(0.28785594 -3.022238e-11 -6.8639361)
(0.25379751 -4.4868204e-11 -6.8333963)
(0.37315788 -4.1043777e-11 -6.8225621)
(0.32903628 -3.8159922e-11 -6.7885066)
(0.4770121 -3.9309341e-11 -6.7959529)
(0.42210169 -7.7958891e-11 -6.7541357)
(0.59746048 7.3330598e-13 -6.7939839)
(0.532951 -1.9046435e-11 -6.7387962)
(0.72746187 2.0872932e-11 -6.827793)
(0.65751478 4.8844395e-12 -6.7530596)
(0.85263086 5.3147909e-12 -6.9067339)
(0.78608837 3.0849718e-11 -6.8075907)
(0.95107603 -8.4585633e-12 -7.0322628)
(0.90071213 -1.4795918e-11 -6.909171)
(1.00004 9.112407e-12 -7.1913201)
(0.9779186 -7.7962922e-13 -7.0531342)
(0.98944479 1.525379e-11 -7.3577998)
(0.99808059 2.6178203e-11 -7.2187944)
(0.9276456 1.0490909e-11 -7.5048609)
(0.95976619 6.2879804e-12 -7.3770018)
(0.83703991 2.0941378e-11 -7.6158713)
(0.87902676 8.3953855e-12 -7.505902)
(0.73858545 2.1544852e-11 -7.6901292)
(0.7823953 3.6410818e-11 -7.595254)
(0.64479369 -3.1958319e-12 -7.7348523)
(0.68289725 6.5969156e-12 -7.6533092)
(0.56226784 -1.7768154e-11 -7.7615713)
(0.60164237 -8.9418534e-12 -7.6851936)
(0.49020706 -2.8007958e-11 -7.7756552)
(0.51404628 -2.3404018e-11 -7.7078883)
(0.42838596 -2.0014424e-11 -7.7865137)
(0.46946611 -3.2108917e-11 -7.7144954)
(0.36998284 -4.0735042e-12 -7.8180245)
(0.37734865 -8.3110451e-12 -7.7304136)
(0.30929513 -3.2015788e-12 -8.0117717)
(0.37164959 -9.4796656e-12 -7.777615)
(0.20558569 -4.6738465e-12 -8.5903858)
(0.24591389 -3.1976221e-12 -8.1161165)
(0.15089956 -4.4695735e-12 -8.9275306)
(0.0013350217 2.9208258e-09 -7.2261046)
(0.00086751871 2.2070272e-10 -7.1677604)
(0.002951589 3.1072676e-09 -7.2221115)
(0.0023979162 6.6487356e-09 -7.1634951)
(0.0045857671 -7.8439158e-10 -7.2186387)
(0.0040802999 -1.3245986e-09 -7.1606248)
(0.006287472 -7.5129097e-11 -7.2139258)
(0.0058508294 -1.1726319e-10 -7.1565962)
(0.0080967343 3.0377202e-10 -7.2077681)
(0.0076967727 1.1020919e-10 -7.151226)
(0.010073851 2.835089e-10 -7.2000027)
(0.0097153725 3.4477967e-10 -7.1443081)
(0.012293109 5.4280342e-11 -7.1904777)
(0.011932037 3.4633135e-11 -7.1357348)
(0.014862134 7.2430514e-11 -7.1790007)
(0.014469635 1.0944874e-10 -7.1253134)
(0.017924446 2.9054484e-11 -7.1653551)
(0.017428568 6.0963012e-11 -7.1128591)
(0.021669274 -1.1852043e-10 -7.1492875)
(0.020987883 -4.3114531e-11 -7.098132)
(0.026353197 -7.4338399e-11 -7.1305138)
(0.025373552 -2.0164869e-10 -7.080876)
(0.032320858 1.3653081e-10 -7.1087185)
(0.030855474 1.5944939e-10 -7.0607935)
(0.040037761 1.1921374e-10 -7.083572)
(0.037864718 1.8435453e-10 -7.0375712)
(0.05013068 4.9416783e-11 -7.0547487)
(0.046913353 1.2076881e-10 -7.0108893)
(0.06343194 -7.7758922e-11 -7.0219654)
(0.058720311 -1.1453495e-11 -6.9804512)
(0.081033743 -1.051177e-10 -6.9850484)
(0.074223684 -1.4254327e-10 -6.9460308)
(0.1043464 2.2977405e-11 -6.9440363)
(0.094639099 -2.3897386e-11 -6.9075613)
(0.13513476 3.9448444e-11 -6.8993415)
(0.12149931 1.3262496e-10 -6.8652505)
(0.17553427 1.5862924e-12 -6.8519729)
(0.15670337 3.8729759e-12 -6.8197849)
(0.2279687 -2.0127154e-11 -6.8038717)
(0.20247415 1.872896e-12 -6.7725605)
(0.29490879 -5.2859026e-11 -6.7583024)
(0.26119721 -3.4780369e-11 -6.7261029)
(0.37835597 -7.4773321e-11 -6.7203045)
(0.33517223 -6.1486664e-11 -6.684391)
(0.47894484 -5.8123156e-11 -6.6970424)
(0.42578694 -8.6568783e-11 -6.6533817)
(0.59443192 -1.5061584e-11 -6.6977231)
(0.53265169 -2.7389943e-11 -6.6411003)
(0.71781883 1.4688031e-11 -6.732458)
(0.65152988 1.2816857e-11 -6.6573013)
(0.83549666 1.1031754e-11 -6.8093772)
(0.77300375 3.9070943e-11 -6.7114983)
(0.9274533 -7.2035434e-12 -6.9292126)
(0.88034716 -8.4257877e-12 -6.8093258)
(0.97330572 1.6125649e-11 -7.0797462)
(0.95237628 2.8998896e-11 -6.9459529)
(0.96405275 1.7326761e-11 -7.2372541)
(0.97156052 4.3079715e-11 -7.1024991)
(0.90702831 4.1807444e-12 -7.3774747)
(0.93656292 4.9385335e-12 -7.2525154)
(0.82223853 2.3714152e-11 -7.4848985)
(0.8615567 3.524499e-11 -7.3763218)
(0.72894948 2.1618213e-11 -7.5581939)
(0.77057394 4.1659842e-11 -7.4636737)
(0.63898052 9.2939678e-13 -7.6035369)
(0.67562504 3.5900551e-12 -7.5216872)
(0.55882634 -1.4506804e-11 -7.6314401)
(0.5972187 -1.4053519e-12 -7.5546603)
(0.48803054 -2.7463518e-11 -7.6467348)
(0.51149321 -2.7880982e-11 -7.5784457)
(0.42673778 -2.0515753e-11 -7.6583555)
(0.4675302 -6.6862176e-12 -7.5862441)
(0.36858851 -1.3711941e-11 -7.6898174)
(0.37588572 1.102563e-12 -7.6024118)
(0.30807508 -9.5032682e-12 -7.8804972)
(0.37030866 -1.8040196e-11 -7.6492321)
(0.2048806 -2.9879122e-12 -8.4498159)
(0.24476941 -5.9733545e-12 -7.9819746)
(0.15079167 3.2234521e-12 -8.7805721)
(0.0015420101 2.3416043e-09 -7.1062561)
(0.0010036007 -8.465545e-10 -7.047924)
(0.0033686967 2.9417176e-09 -7.1023092)
(0.0027216908 6.1324912e-09 -7.0437209)
(0.0052215452 -7.2712418e-10 -7.0988549)
(0.0046091849 -1.4065948e-09 -7.0408683)
(0.0071547545 5.8395415e-11 -7.0941654)
(0.0066030355 2.043234e-11 -7.036861)
(0.009213604 1.4329217e-10 -7.0880405)
(0.0086860785 2.2239407e-10 -7.0315197)
(0.011463887 1.0459962e-10 -7.0803215)
(0.010964113 2.2475278e-10 -7.0246432)
(0.01398584 8.8008006e-11 -7.0708617)
(0.013465681 1.1859447e-10 -7.0161273)
(0.016891843 9.8996643e-11 -7.0594748)
(0.016320166 1.3177951e-10 -7.0057855)
(0.020329248 -9.2706664e-12 -7.0459523)
(0.01963082 1.1788492e-10 -6.9934399)
(0.024490843 -1.2359172e-10 -7.0300516)
(0.023580573 -7.2520446e-11 -6.9788593)
(0.029637632 2.6652976e-11 -7.0115034)
(0.028399345 -1.5786947e-10 -6.9618008)
(0.0361186 2.0692638e-10 -6.9900116)
(0.034361505 1.7025752e-10 -6.941983)
(0.044399766 1.8672642e-10 -6.9652726)
(0.041900336 1.3935728e-10 -6.9191147)
(0.055104218 6.1475293e-11 -6.9369947)
(0.051526296 1.2865518e-10 -6.8929057)
(0.069050779 -7.4779129e-11 -6.904937)
(0.063949528 -2.6275109e-11 -6.8630961)
(0.087304544 -6.2560459e-11 -6.8689782)
(0.080088493 -1.0593929e-10 -6.8295059)
(0.11122751 8.4213863e-11 -6.8292179)
(0.10112278 -1.8436977e-11 -6.792124)
(0.14250384 9.8242866e-11 -6.7861337)
(0.12852258 1.882444e-10 -6.7512191)
(0.18314353 4.1771393e-12 -6.7407941)
(0.1640894 1.6660198e-11 -6.7075407)
(0.23538578 -1.2474603e-11 -6.6951725)
(0.2098967 -7.352026e-12 -6.662532)
(0.30144812 -4.3195892e-11 -6.652501)
(0.26812215 -8.2172793e-12 -6.6187237)
(0.3830218 -7.3091979e-11 -6.6176673)
(0.34079041 -6.99812e-11 -6.5800135)
(0.4804107 -5.6264672e-11 -6.5974827)
(0.42897001 -9.1630873e-11 -6.5521282)
(0.59113991 2.091226e-13 -6.6005193)
(0.53197139 -3.5406061e-11 -6.5426214)
(0.70829891 3.7024649e-11 -6.6359478)
(0.64544342 2.1107142e-11 -6.5604829)
(0.81903497 1.9918018e-11 -6.7108215)
(0.76028395 3.7263573e-11 -6.6141884)
(0.90503884 2.7545529e-11 -6.8252774)
(0.86092316 4.9500968e-15 -6.7083884)
(0.94802489 5.5869118e-11 -6.967886)
(0.92820981 7.2446973e-11 -6.8381628)
(0.93993729 3.0910795e-11 -7.1170489)
(0.94645431 3.3467283e-11 -6.9862552)
(0.88725387 3.5834347e-11 -7.2508096)
(0.91443632 1.3344936e-11 -7.1286202)
(0.80781379 5.315618e-11 -7.3547151)
(0.84467146 6.1656536e-11 -7.2475278)
(0.71935841 2.3830029e-11 -7.4269245)
(0.75892905 5.0018636e-11 -7.3328244)
(0.63303362 1.2805435e-12 -7.4726907)
(0.66828162 6.3955335e-12 -7.3906248)
(0.5552005 -1.464971e-11 -7.50159)
(0.59262542 -6.0404401e-12 -7.4244857)
(0.48569781 -7.2046257e-12 -7.5179558)
(0.50876312 -4.0518184e-11 -7.4492028)
(0.42499268 1.4896026e-11 -7.53026)
(0.46547727 5.1543431e-12 -7.4580815)
(0.36716071 -3.139442e-12 -7.5616427)
(0.37435571 1.8147866e-11 -7.4744556)
(0.30686633 -1.4563219e-11 -7.7492737)
(0.36896899 -2.7461551e-11 -7.5208768)
(0.20419385 1.9869867e-13 -8.3093416)
(0.24364694 -5.0108027e-12 -7.8479119)
(0.15069651 8.5963303e-12 -8.6337252)
(0.0017479801 1.199571e-09 -6.9864776)
(0.0011390132 -9.6463489e-10 -6.9281573)
(0.0037837891 2.4695499e-09 -6.9825782)
(0.0030439525 5.407789e-09 -6.9240171)
(0.0058543452 -7.4136681e-10 -6.9791447)
(0.0051356634 -1.5264024e-09 -6.9211839)
(0.0080180492 1.7583688e-10 -6.9744819)
(0.0073518452 -8.7174534e-12 -6.9172008)
(0.010325416 3.0377499e-10 -6.9683943)
(0.0096709691 2.7644811e-10 -6.9118924)
(0.012847331 2.4172403e-10 -6.9607277)
(0.012207024 3.2307698e-10 -6.9050623)
(0.01566912 1.620499e-10 -6.9513396)
(0.014991087 1.69719e-10 -6.8966099)
(0.018906939 1.5095878e-10 -6.9400504)
(0.018158061 1.4058208e-10 -6.8863546)
(0.022711832 5.8175756e-11 -6.9266594)
(0.021813724 1.6121871e-10 -6.8741255)
(0.027280684 -1.0537096e-10 -6.9109351)
(0.026145342 5.7875668e-11 -6.8597002)
(0.032878592 -1.9250119e-11 -6.8926227)
(0.031386788 -1.8099867e-10 -6.8428486)
(0.039857793 1.031186e-10 -6.8714452)
(0.037816107 1.3689667e-10 -6.8233059)
(0.048683589 8.1423524e-11 -6.8471244)
(0.045867473 8.4535455e-11 -6.8008021)
(0.059973733 4.2752333e-11 -6.8194009)
(0.056048402 9.7892952e-11 -6.7750757)
(0.074532142 -5.6548794e-11 -6.7880743)
(0.069058909 -5.6082099e-11 -6.7459018)
(0.093395411 -6.2728475e-11 -6.7530728)
(0.085796392 -1.0912626e-10 -6.7131441)
(0.11787618 8.3564927e-11 -6.7145517)
(0.1074033 -6.4832978e-13 -6.6768433)
(0.1495782 1.0825211e-10 -6.6730475)
(0.1352868 1.6720505e-10 -6.6373238)
(0.19038896 5.3418498e-12 -6.6296792)
(0.17115225 9.5324838e-12 -6.59539)
(0.24237051 -3.0874849e-12 -6.5864409)
(0.2169286 1.5486337e-11 -6.5525227)
(0.30750313 -3.4512026e-11 -6.5465218)
(0.2745962 -1.2309365e-11 -6.5112465)
(0.38719385 -8.8355968e-11 -6.514651)
(0.34592386 -6.1932268e-11 -6.4753688)
(0.48145412 -7.1179944e-11 -6.4972924)
(0.43169201 -1.1044463e-10 -6.4503837)
(0.58762509 -1.4900721e-11 -6.5024178)
(0.53095368 -2.7985283e-11 -6.4433898)
(0.69891992 2.12383e-11 -6.5383366)
(0.63928802 -3.7808133e-12 -6.4626638)
(0.80321722 1.758946e-11 -6.6111548)
(0.74792812 4.1145137e-11 -6.515746)
(0.8837518 4.4459016e-11 -6.7205242)
(0.84238561 -8.8887204e-12 -6.6064435)
(0.92409382 5.027724e-11 -6.8557524)
(0.90532127 6.3391079e-11 -6.7298078)
(0.91701393 1.6017126e-11 -6.9971323)
(0.922665 2.5368582e-11 -6.8700442)
(0.86828791 3.8898628e-11 -7.1247886)
(0.89333366 9.0600901e-12 -7.0052591)
(0.79376693 5.8581583e-11 -7.2252603)
(0.82835501 4.1773584e-11 -7.1194528)
(0.70983562 3.2811417e-11 -7.296281)
(0.7474765 6.2824637e-11 -7.2026567)
(0.62698291 -8.6262292e-13 -7.3422946)
(0.66089554 1.3375814e-11 -7.2600938)
(0.55141635 -3.1739857e-11 -7.3720178)
(0.5878911 4.0025899e-12 -7.2946603)
(0.48322668 -2.837674e-11 -7.3893242)
(0.50587778 -3.8028636e-11 -7.320162)
(0.42316039 8.346006e-12 -7.4022361)
(0.46332007 8.3529244e-12 -7.3300154)
(0.3657025 -5.9687454e-12 -7.4335088)
(0.37276512 2.3455851e-11 -7.3465541)
(0.30566832 -1.8007626e-11 -7.6181057)
(0.36763043 -2.6863637e-11 -7.3925561)
(0.20352423 3.328666e-12 -8.1689623)
(0.24254545 -6.8750227e-12 -7.71393)
(0.15061304 2.3380861e-11 -8.4869869)
(0.0019531709 1.6504771e-09 -6.8667687)
(0.0012739998 -1.1751653e-09 -6.80846)
(0.0041971385 2.0422174e-09 -6.862918)
(0.0033649993 5.1253484e-09 -6.8043834)
(0.0064844535 -8.8131183e-10 -6.8595077)
(0.005659993 -1.7200888e-09 -6.8015714)
(0.0088776633 7.975908e-11 -6.8548752)
(0.0080974974 -1.1071274e-10 -6.7976152)
(0.011432234 2.9417481e-10 -6.8488296)
(0.010651469 1.9539565e-10 -6.7923434)
(0.014223561 2.5537171e-10 -6.8412206)
(0.013443561 1.5433525e-10 -6.7855646)
(0.017341334 1.4894967e-10 -6.8319105)
(0.016506827 1.1944702e-10 -6.7771815)
(0.020905158 1.5040983e-10 -6.820726)
(0.019981178 1.1383857e-10 -6.7670194)
(0.025069942 1.628403e-10 -6.8074748)
(0.023975063 1.3857759e-10 -6.7549142)
(0.030036788 -1.3757497e-11 -6.7919357)
(0.028680261 1.6339007e-10 -6.7406526)
(0.036074244 -2.968163e-11 -6.7738687)
(0.034334163 -1.7298195e-10 -6.7240169)
(0.043536689 1.1904247e-10 -6.7530155)
(0.041217632 1.4824171e-10 -6.7047589)
(0.05288763 1.0083329e-10 -6.7291224)
(0.049764583 1.6951402e-10 -6.6826292)
(0.064738044 8.9467874e-13 -6.7019612)
(0.060478408 1.4325173e-10 -6.657394)
(0.079875698 -1.0806931e-10 -6.6713698)
(0.074047817 -8.0654389e-11 -6.6288615)
(0.099307505 -4.8177567e-11 -6.6373226)
(0.091347886 -1.128216e-10 -6.5969369)
(0.124296 8.1344269e-11 -6.6000264)
(0.11348305 3.6514906e-11 -6.561709)
(0.15636512 6.994686e-11 -6.5600698)
(0.14179734 1.3095992e-10 -6.5235524)
(0.19728313 1.9624699e-11 -6.518614)
(0.1779016 -1.7733173e-11 -6.4833195)
(0.2489425 6.4962948e-12 -6.4776641)
(0.22358547 5.6276322e-11 -6.4425192)
(0.31310184 -3.9335476e-11 -6.4403568)
(0.28064247 -4.5211392e-11 -6.4036606)
(0.39090828 -8.3653158e-11 -6.4112574)
(0.35060396 -1.1053572e-11 -6.3704532)
(0.48211607 -6.7847876e-11 -6.3964909)
(0.43399127 -1.1491662e-10 -6.3481575)
(0.58392382 -1.7033559e-11 -6.4034622)
(0.52963819 -6.0352838e-12 -6.3434355)
(0.68969651 1.5826358e-11 -6.4396937)
(0.63309222 -2.2401622e-13 -6.3638996)
(0.7880161 1.4987845e-11 -6.5104581)
(0.73593377 4.3054054e-11 -6.4162488)
(0.86351836 9.5969669e-12 -6.6150142)
(0.82468408 -4.092157e-11 -6.5035677)
(0.90141844 3.8708824e-11 -6.7433582)
(0.88362176 2.7068625e-11 -6.6209278)
(0.8952189 1.8505319e-11 -6.8775006)
(0.90010691 4.4462453e-11 -6.753852)
(0.85009657 1.1753237e-11 -6.9993841)
(0.87319965 -8.3866513e-12 -6.8823793)
(0.78009731 4.5903421e-11 -7.096478)
(0.81258824 1.9701729e-11 -6.9920347)
(0.70040149 4.3646663e-11 -7.1662254)
(0.73622946 4.4387832e-11 -7.0731245)
(0.62085543 1.828838e-11 -7.2123297)
(0.65349229 2.7970868e-12 -7.1300671)
(0.54749798 -2.0800941e-12 -7.2427197)
(0.58304186 1.8125883e-11 -7.1651741)
(0.48063394 -1.5198731e-12 -7.2608443)
(0.50285754 -1.3331265e-11 -7.1913249)
(0.42125037 2.3392823e-11 -7.2742919)
(0.46107073 2.5943889e-11 -7.2020525)
(0.36421705 2.7876792e-12 -7.3054233)
(0.37112034 1.8450696e-11 -7.2187154)
(0.30448069 -1.5818724e-11 -7.4869971)
(0.36629319 -8.0574153e-12 -7.2642765)
(0.20287068 1.3047846e-11 -8.028677)
(0.24146408 -9.6361152e-12 -7.58003)
(0.15054037 3.2601656e-11 -8.3403549)
(0.0021579062 7.245776e-10 -6.7471293)
(0.0014087825 -1.7124178e-09 -6.6888319)
(0.0046090427 1.9853544e-09 -6.7433288)
(0.0036850574 4.9434301e-09 -6.6848193)
(0.007112071 -1.0423384e-09 -6.739944)
(0.0061822629 -1.9616169e-09 -6.6820304)
(0.0097335572 -8.1020624e-12 -6.7353451)
(0.0088398654 -8.4936286e-11 -6.6781039)
(0.012533487 5.6943265e-11 -6.7293455)
(0.011627009 1.6058166e-10 -6.6728724)
(0.015591232 1.9388737e-11 -6.7217992)
(0.014672507 7.941766e-12 -6.6661495)
(0.019000493 8.4470373e-11 -6.712573)
(0.018011059 1.1220814e-10 -6.6578411)
(0.022884364 1.0148824e-10 -6.7015002)
(0.021787451 1.2034335e-10 -6.6477785)
(0.027401652 1.3866597e-10 -6.6883964)
(0.026112962 1.2215527e-10 -6.6358043)
(0.032757428 9.790548e-12 -6.6730511)
(0.031183693 1.2751636e-10 -6.6217142)
(0.039222947 6.1080488e-14 -6.6552386)
(0.03723993 -1.4309154e-10 -6.6053032)
(0.047153717 1.9841712e-10 -6.6347189)
(0.04456458 1.6856864e-10 -6.5863389)
(0.057010497 2.1226981e-10 -6.611262)
(0.053590287 2.2499677e-10 -6.5645919)
(0.069396224 6.4372747e-11 -6.5846697)
(0.064815258 1.8235368e-10 -6.5398551)
(0.085081407 -8.5048734e-11 -6.554816)
(0.078915867 -1.0011074e-11 -6.5119686)
(0.1050423 -2.9686744e-11 -6.5217184)
(0.096743758 -9.4091042e-11 -6.4808761)
(0.13049085 8.5203554e-11 -6.485631)
(0.11936471 5.9048684e-11 -6.4467112)
(0.16287208 4.4658092e-11 -6.4471883)
(0.14805974 1.0878305e-10 -6.4098936)
(0.20383854 1.826868e-11 -6.4075859)
(0.18434719 -3.1120649e-11 -6.3713168)
(0.25512091 5.4151208e-12 -6.3688309)
(0.22988271 7.0450613e-11 -6.3325095)
(0.31827103 -1.7200787e-11 -6.3339995)
(0.28628328 -5.7014285e-11 -6.2959568)
(0.39419909 -4.1529646e-11 -6.3074902)
(0.35486046 1.881805e-11 -6.2652643)
(0.48243423 -5.3893516e-11 -6.2950979)
(0.43590344 -1.1129956e-10 -6.2454598)
(0.58006862 1.073388e-11 -6.3036943)
(0.52806096 1.4709375e-11 -6.2427877)
(0.68064066 2.6715006e-11 -6.3400834)
(0.62688089 1.7542381e-11 -6.2642431)
(0.77340554 -1.2316789e-11 -6.408805)
(0.72429713 1.1161971e-11 -6.3157686)
(0.84427109 -2.3869796e-11 -6.5088029)
(0.80777186 -5.1796876e-11 -6.3998307)
(0.87991289 3.2718683e-11 -6.6307163)
(0.86303037 1.0326836e-11 -6.5115592)
(0.87448391 1.7874359e-11 -6.7580998)
(0.87870068 6.6961789e-11 -6.6376671)
(0.83262993 -5.9426371e-13 -6.8745188)
(0.85397162 -2.4046245e-11 -6.7599309)
(0.76680292 1.8053373e-11 -6.9683166)
(0.79735346 1.4240044e-11 -6.8652193)
(0.69107386 3.7549443e-12 -7.036722)
(0.72519894 1.2982482e-11 -6.9441849)
(0.6146756 2.5571472e-12 -7.0827774)
(0.64609465 -2.9438638e-11 -7.0005186)
(0.5434676 7.028958e-12 -7.1136905)
(0.57810161 1.7956305e-11 -7.0360169)
(0.47793534 1.3945441e-11 -7.1325194)
(0.49972135 6.518108e-12 -7.0626918)
(0.41927174 2.1036465e-11 -7.1464337)
(0.45874083 1.9132709e-11 -7.0741985)
(0.36270763 7.7250364e-12 -7.1773927)
(0.36942769 1.0352125e-11 -7.0909466)
(0.30330331 -1.8678812e-12 -7.3559511)
(0.36495777 5.7996664e-12 -7.1360438)
(0.20223235 9.7371521e-12 -7.8884846)
(0.24040217 -1.6339102e-11 -7.4462131)
(0.15047779 2.4386681e-11 -8.1938266)
(0.0023623364 8.4247694e-10 -6.6275553)
(0.0015433891 1.2941595e-10 -6.5692644)
(0.0050195338 1.6241772e-09 -6.6238059)
(0.0040040555 4.8018047e-09 -6.5653163)
(0.0077369906 -1.1124874e-09 -6.6204489)
(0.006702201 -2.0626632e-09 -6.5625521)
(0.010585117 7.3302751e-11 -6.6158865)
(0.0095783535 -1.3304813e-10 -6.5586579)
(0.013628005 1.1673903e-10 -6.6099368)
(0.012596537 7.9861295e-11 -6.5534703)
(0.016948667 9.7840593e-11 -6.602458)
(0.01589237 2.943538e-11 -6.5468076)
(0.020644719 1.4788835e-10 -6.5933215)
(0.019502066 8.9293033e-11 -6.5385792)
(0.024842801 1.4097384e-10 -6.582367)
(0.023575254 1.0460449e-10 -6.528622)
(0.029705418 1.1090499e-10 -6.5694179)
(0.028226014 8.8317621e-11 -6.5167857)
(0.035441177 -2.0841614e-11 -6.5542744)
(0.033654375 1.0582522e-10 -6.5028747)
(0.042323319 2.0681731e-11 -6.5367249)
(0.040102877 -6.284038e-11 -6.4866964)
(0.050707592 1.9436257e-10 -6.5165472)
(0.047855801 2.0434834e-10 -6.4680341)
(0.061051142 1.9562783e-10 -6.4935341)
(0.057343614 1.8890426e-10 -6.4466777)
(0.07394774 1.1026545e-10 -6.4675159)
(0.069058372 1.6583085e-10 -6.4224457)
(0.090149679 -1.8115398e-11 -6.4384009)
(0.083663212 3.965468e-11 -6.3952084)
(0.11060175 -6.9520921e-12 -6.4062469)
(0.10198538 -4.9863476e-11 -6.3649457)
(0.13646505 8.2139916e-11 -6.3713506)
(0.12505155 6.572108e-11 -6.3318325)
(0.16910693 3.430068e-11 -6.334387)
(0.15408013 1.267875e-10 -6.2963285)
(0.21006783 2.0169602e-11 -6.2965786)
(0.19049918 -3.0528511e-12 -6.2593624)
(0.26092456 9.0844931e-12 -6.2599266)
(0.23583576 6.8698726e-11 -6.2224749)
(0.32303649 -2.1597904e-11 -6.2274402)
(0.29154043 -3.0714008e-11 -6.1881197)
(0.39709829 -4.9965741e-11 -6.2033491)
(0.35872179 -6.3185296e-12 -6.1597936)
(0.48244329 -4.3609984e-11 -6.1931288)
(0.43746178 -9.8494967e-11 -6.1422943)
(0.57608842 2.1498574e-11 -6.2031499)
(0.5262546 2.1684684e-11 -6.1414679)
(0.6717617 2.0310289e-12 -6.2395612)
(0.62067534 2.6866066e-11 -6.1637366)
(0.75936014 -2.7914889e-11 -6.3062587)
(0.71301268 -8.8772855e-12 -6.214364)
(0.82594753 -1.798369e-11 -6.4019367)
(0.79160469 -1.8631232e-11 -6.2952881)
(0.85949784 4.4233122e-11 -6.5178342)
(0.84347215 3.0738081e-11 -6.4017274)
(0.85474155 2.5564744e-11 -6.6388934)
(0.85836963 7.0118774e-11 -6.521471)
(0.8158505 -9.4250315e-12 -6.7501364)
(0.83559586 -6.5754643e-12 -6.6378597)
(0.7538808 9.1756016e-12 -6.840726)
(0.7826349 3.8553105e-11 -6.7389487)
(0.68186806 -1.9990928e-11 -6.9077341)
(0.71439316 -2.9212607e-13 -6.8157892)
(0.60846531 -1.427952e-11 -6.9536168)
(0.63872231 -4.6054435e-11 -6.8714146)
(0.53934566 1.7501912e-11 -6.9849221)
(0.57309173 3.7655436e-13 -6.9071692)
(0.47514554 1.1645214e-11 -7.0043492)
(0.49648661 1.2423637e-11 -6.9342532)
(0.4172333 8.4885886e-12 -7.0186647)
(0.45634119 5.420641e-12 -6.9464491)
(0.36117744 8.4472919e-12 -7.0494205)
(0.36769316 7.8621519e-12 -6.9632449)
(0.3021363 -8.5746705e-12 -7.224969)
(0.36362477 7.1666894e-12 -7.0078542)
(0.20160864 -1.864065e-12 -7.7483834)
(0.23935899 -2.3305007e-11 -7.3124708)
(0.15042467 3.7891427e-12 -8.0473893)
(0.0025662671 2.9205728e-09 -6.508051)
(0.0016775704 1.1805134e-09 -6.4497743)
(0.00542819 1.7390024e-09 -6.5043536)
(0.0043215079 5.0496095e-09 -6.4458907)
(0.0083584778 -1.1945451e-09 -6.5010262)
(0.0072190693 -1.9456855e-09 -6.4431529)
(0.011431199 -1.3554215e-10 -6.4965034)
(0.010311866 -2.8263195e-10 -6.4392935)
(0.014714261 -5.7344273e-12 -6.4906075)
(0.013558593 -6.5788228e-11 -6.4341533)
(0.018294137 1.9212356e-11 -6.4832009)
(0.017101447 -3.9994572e-11 -6.427555)
(0.022272312 4.5645749e-11 -6.4741598)
(0.0209781 -3.9509985e-12 -6.4194115)
(0.026778895 5.2292502e-11 -6.4633299)
(0.025342918 1.8552699e-11 -6.4095654)
(0.031979755 8.2913285e-11 -6.4505425)
(0.030312607 2.5007044e-11 -6.3978734)
(0.038086564 6.6643834e-11 -6.4356085)
(0.036090674 6.7655071e-11 -6.3841487)
(0.045373885 1.1676345e-10 -6.41833)
(0.042921315 -5.3852963e-11 -6.3682107)
(0.054196909 1.9910486e-10 -6.398502)
(0.051089598 2.0142231e-10 -6.349858)
(0.06500839 1.5940496e-10 -6.3759393)
(0.061022977 1.8545585e-10 -6.3288992)
(0.078391926 9.6725218e-11 -6.3504995)
(0.073206492 1.6396269e-10 -6.3051773)
(0.095080765 8.9017645e-12 -6.3221232)
(0.088289257 4.2832888e-11 -6.278591)
(0.1159876 2.1603107e-11 -6.2909053)
(0.1070733 -3.0023957e-11 -6.2491544)
(0.14222265 1.097683e-10 -6.2571813)
(0.13054595 8.2233887e-11 -6.21708)
(0.17507705 9.0635434e-11 -6.221661)
(0.15986361 1.747053e-10 -6.1828631)
(0.21598289 4.484545e-11 -6.1855874)
(0.19636648 8.4303991e-12 -6.1474615)
(0.26637118 2.972867e-11 -6.1509486)
(0.24145861 6.4092249e-11 -6.1124211)
(0.32742226 -1.5628607e-11 -6.1206812)
(0.29643391 -2.6586714e-11 -6.0801578)
(0.39963546 -5.4148819e-11 -6.0988457)
(0.36221413 4.7564496e-12 -6.0540561)
(0.48217488 -3.4072054e-11 -6.0906092)
(0.43869691 -9.4568318e-11 -6.038687)
(0.57200918 2.7015977e-11 -6.1018729)
(0.52424909 2.8683657e-11 -6.0395183)
(0.66306755 1.6195665e-11 -6.1381886)
(0.61449528 4.1783024e-11 -6.0624412)
(0.74585684 4.6791971e-13 -6.2028866)
(0.70207627 2.0646695e-11 -6.1121102)
(0.80849192 2.9783956e-11 -6.2944671)
(0.77614453 -4.8196943e-12 -6.1900126)
(0.84010257 5.6388812e-11 -6.4047286)
(0.82488245 5.6596786e-11 -6.2914785)
(0.83593244 3.8419093e-11 -6.5198657)
(0.83904671 5.4035991e-11 -6.4052716)
(0.79973095 4.115007e-11 -6.6262016)
(0.81802974 -3.3101103e-13 -6.5161427)
(0.74132826 2.9293581e-11 -6.7136671)
(0.76842064 7.6787729e-11 -6.6131962)
(0.67279758 -2.6116993e-11 -6.7792333)
(0.70382089 1.7756789e-11 -6.6879185)
(0.60224465 -3.1632316e-11 -6.8248328)
(0.63139427 1.6794484e-12 -6.7427498)
(0.53515063 -4.7600018e-12 -6.8564111)
(0.56803274 -1.1914854e-12 -6.7786388)
(0.47227887 6.2326089e-12 -6.8763373)
(0.49317017 3.2950457e-12 -6.8060264)
(0.41514299 4.7830284e-12 -6.8909918)
(0.45388255 -9.6419613e-12 -6.8188262)
(0.35963032 6.584749e-12 -6.9215136)
(0.36592295 2.2696714e-11 -6.8356341)
(0.30097966 -7.4300086e-12 -7.0940542)
(0.36229517 4.3693068e-12 -6.8797305)
(0.20099846 -1.7767047e-11 -7.6083709)
(0.23833403 1.0670832e-11 -7.1788228)
(0.15038054 -3.6961994e-12 -7.9010614)
(0.0027692482 2.3422761e-09 -6.3886193)
(0.0018109692 -3.6494278e-10 -6.3303527)
(0.0058343146 2.0008572e-09 -6.3849745)
(0.004636832 4.9145742e-09 -6.3265338)
(0.0089755724 -1.1297178e-09 -6.3816789)
(0.0077321185 -1.8716601e-09 -6.3238239)
(0.012270576 -2.2210542e-10 -6.3771984)
(0.011039426 -2.4634359e-10 -6.3200017)
(0.015790847 -1.0091978e-10 -6.3713601)
(0.014512033 -3.3647262e-11 -6.314912)
(0.019626213 -6.4168496e-11 -6.3640303)
(0.01829855 5.1302017e-11 -6.3083821)
(0.023881901 -3.158352e-11 -6.3550897)
(0.022438033 2.2025315e-11 -6.3003283)
(0.02869133 -8.8679284e-12 -6.3443904)
(0.027089396 1.4611206e-12 -6.2905989)
(0.034223364 8.9557842e-12 -6.3317714)
(0.032371728 4.233521e-11 -6.2790574)
(0.040692264 -5.0809825e-11 -6.3170539)
(0.038491581 7.2123845e-11 -6.2655258)
(0.048373327 2.6927524e-11 -6.3000536)
(0.045694257 -1.6572829e-10 -6.2498352)
(0.05762047 1.8799557e-10 -6.2805821)
(0.054265079 9.5546332e-11 -6.2317991)
(0.068881323 1.9028968e-10 -6.2584756)
(0.064627725 1.5680637e-10 -6.211244)
(0.082728431 1.1151484e-10 -6.2336172)
(0.077259431 1.4890314e-10 -6.1880365)
(0.099875288 4.7178882e-12 -6.205978)
(0.092794614 1.9216744e-11 -6.1621022)
(0.12120203 2.9435946e-11 -6.1756873)
(0.11200939 -6.5309473e-11 -6.1334867)
(0.14776815 1.4626325e-10 -6.1431152)
(0.13585167 6.1066854e-11 -6.1024371)
(0.18079025 9.4041432e-11 -6.1090015)
(0.16541667 1.7830297e-10 -6.0694798)
(0.22159592 2.7188512e-11 -6.0746034)
(0.20195933 -2.1705616e-11 -6.0355962)
(0.27147834 8.5331974e-12 -6.0418898)
(0.24676617 1.4259259e-11 -6.0023314)
(0.33145173 -6.4506004e-12 -6.0137204)
(0.30098405 -5.3277201e-11 -5.9720578)
(0.40183879 -3.491007e-11 -5.9939864)
(0.36536303 2.624639e-11 -5.9480453)
(0.48165846 -3.2706301e-11 -5.9875591)
(0.43963758 -1.3019244e-10 -5.9346426)
(0.56785422 4.3359683e-11 -5.9999001)
(0.5220713 2.7295332e-11 -5.9369588)
(0.65456422 4.6375038e-11 -6.0360178)
(0.60835652 3.820275e-11 -5.9603937)
(0.7328731 1.5522407e-11 -6.0987464)
(0.69148067 2.9163174e-11 -6.009056)
(0.79185216 2.1613848e-11 -6.1864376)
(0.76135272 -2.5139078e-11 -6.0840492)
(0.82166135 5.4259213e-11 -6.2914124)
(0.80719817 4.9566567e-11 -6.1808326)
(0.81800108 1.5598492e-11 -6.4009968)
(0.82066646 3.2886373e-11 -6.2890535)
(0.7842443 3.4878053e-11 -6.5026782)
(0.80122973 -2.5485259e-11 -6.3947353)
(0.72914145 6.5568418e-11 -6.587106)
(0.75469553 6.4203832e-11 -6.4879116)
(0.66387444 4.5636993e-11 -6.651196)
(0.69348721 4.3088231e-11 -6.5605292)
(0.59603164 3.2134783e-11 -6.6964149)
(0.624126 3.2668585e-11 -6.6144924)
(0.53090038 6.841563e-12 -6.7281579)
(0.56294236 1.6950124e-11 -6.650406)
(0.46934808 -1.2517909e-11 -6.7484913)
(0.48978704 -5.6856887e-13 -6.6780005)
(0.41300937 8.121954e-12 -6.7634259)
(0.4513746 -3.5076756e-11 -6.6913238)
(0.35806919 2.0563848e-11 -6.7936837)
(0.36412274 2.9923892e-11 -6.7081098)
(0.29983371 2.2442503e-11 -6.963217)
(0.36096992 1.2051328e-12 -6.751668)
(0.20040158 2.480309e-11 -7.4684567)
(0.2373268 3.9497877e-11 -7.0452603)
(0.15034502 7.8393225e-12 -7.7548304)
(0.0029707858 8.8747612e-10 -6.2692559)
(0.0019432353 -1.8539115e-09 -6.2109992)
(0.0062372215 1.658987e-09 -6.2656645)
(0.004949466 4.5389792e-09 -6.2072448)
(0.0095874141 -1.0820542e-09 -6.2624026)
(0.0082406492 -1.8924089e-09 -6.2045644)
(0.013102239 -6.6936344e-11 -6.2579673)
(0.01176016 -2.6575603e-10 -6.2007817)
(0.016856683 1.1570463e-10 -6.2521901)
(0.015455882 -2.0313985e-11 -6.1957456)
(0.020943821 1.3831667e-10 -6.2449415)
(0.019482664 3.7131133e-10 -6.1892878)
(0.025472437 5.5562933e-11 -6.2361064)
(0.023880848 4.4931667e-11 -6.1813284)
(0.030579056 5.1808257e-11 -6.2255433)
(0.028813654 1.014452e-11 -6.1717209)
(0.036435168 1.0494935e-10 -6.2130991)
(0.0344023 4.6881085e-11 -6.1603358)
(0.04325718 -3.8817169e-11 -6.1986049)
(0.040855977 7.1066266e-11 -6.1470038)
(0.051320586 -1.01079e-10 -6.1818896)
(0.048420582 -1.6809854e-10 -6.1315671)
(0.060977364 6.3504293e-11 -6.162781)
(0.057381208 1.1612658e-11 -6.113854)
(0.072669355 1.1552135e-10 -6.1411354)
(0.06815704 8.0644541e-11 -6.093708)
(0.086957267 5.815156e-11 -6.1168606)
(0.081216818 1.0341619e-10 -6.0710184)
(0.10453425 -4.9870043e-11 -6.0899559)
(0.09717968 -1.1751923e-11 -6.0457358)
(0.12624756 -3.4996701e-11 -6.0605824)
(0.11679527 -7.8207331e-11 -6.0179355)
(0.15310633 9.1955866e-11 -6.0291411)
(0.14097215 4.5177603e-12 -5.9878955)
(0.18625446 6.4409758e-11 -5.9963969)
(0.17074536 1.5573472e-10 -5.9561695)
(0.22691897 -3.4950625e-11 -5.9636157)
(0.2072873 -5.7180395e-11 -5.9237575)
(0.27626309 -4.6987834e-11 -5.9327418)
(0.25177245 -4.5913461e-11 -5.8921978)
(0.33514708 -2.1211828e-11 -5.9065541)
(0.30520985 -7.503726e-11 -5.8638153)
(0.40373449 -6.7850017e-11 -5.8887765)
(0.36819228 7.2890361e-12 -5.841763)
(0.48092083 -7.1332739e-11 -5.8839962)
(0.44031034 -1.6874477e-10 -5.8301732)
(0.56364402 2.206261e-11 -5.8972644)
(0.51974572 5.6187866e-12 -5.8338155)
(0.64625586 2.1051183e-11 -5.9330954)
(0.60227325 2.6851153e-11 -5.8576354)
(0.72038705 -1.1150048e-11 -5.9938882)
(0.68121915 1.8787061e-11 -5.9052532)
(0.77597985 2.3522836e-12 -6.0778845)
(0.74719462 -4.2017565e-11 -5.977446)
(0.8041136 2.8293048e-11 -6.1778926)
(0.7903631 4.7075793e-11 -6.069815)
(0.80089583 -7.861747e-12 -6.2822629)
(0.80317046 6.8456278e-12 -6.1728104)
(0.76936404 3.3420633e-12 -6.3795253)
(0.78515638 -4.4855717e-11 -6.2736055)
(0.71731531 4.1837209e-11 -6.4610015)
(0.7414455 4.7021396e-11 -6.3630573)
(0.65510819 3.0174109e-11 -6.5235895)
(0.6833966 3.8645307e-11 -6.4335892)
(0.58984214 1.7563336e-11 -6.5683418)
(0.61693162 2.1365594e-11 -6.4866212)
(0.52661052 9.6258924e-12 -6.600151)
(0.55783701 -4.2826297e-12 -6.5224605)
(0.46636531 -2.2963063e-11 -6.6208063)
(0.48635134 -4.0832805e-12 -6.5501731)
(0.41083988 -1.3575855e-11 -6.6359653)
(0.44882666 -3.9624358e-11 -6.5639444)
(0.35649748 1.0694573e-11 -6.6659297)
(0.36229811 1.545718e-11 -6.580676)
(0.29869887 1.8092518e-11 -6.8324542)
(0.35965022 2.5731316e-12 -6.6236702)
(0.19981753 2.2669432e-11 -7.3286331)
(0.23633706 3.9017906e-11 -6.9117838)
(0.15031795 5.6763092e-13 -7.6086942)
(0.0031704768 1.9936899e-10 -6.1499602)
(0.0020741195 -1.3791112e-09 -6.091713)
(0.0066363556 1.5722546e-09 -6.1464228)
(0.0052589893 4.6143927e-09 -6.0880232)
(0.010193315 -1.1699562e-09 -6.1431965)
(0.0087441214 -2.1608401e-09 -6.0853735)
(0.013925386 -2.2957801e-10 -6.1388091)
(0.012473392 -1.6118929e-10 -6.0816326)
(0.017910899 2.2206215e-10 -6.1330964)
(0.016389374 8.4645983e-11 -6.0766531)
(0.022246048 2.8707718e-10 -6.125933)
(0.020652964 4.9261824e-10 -6.0702712)
(0.027042969 3.4719224e-13 -6.1172083)
(0.02530567 1.0836176e-10 -6.0624105)
(0.032441068 4.4479953e-12 -6.1067869)
(0.030514762 9.0541424e-11 -6.05293)
(0.038614111 1.2548278e-11 -6.0945234)
(0.036403331 1.0714898e-10 -6.0417069)
(0.045780232 -5.4215703e-11 -6.0802588)
(0.043182831 6.4005452e-12 -6.0285805)
(0.054214628 -5.8137217e-11 -6.0638348)
(0.051099275 -8.5181449e-11 -6.0134039)
(0.06426672 2.7791872e-11 -6.0450946)
(0.06043707 -2.6624294e-11 -5.9960195)
(0.076371954 6.8246854e-11 -6.0239139)
(0.071610258 3.4042588e-11 -5.9762874)
(0.091078516 3.4886089e-11 -6.000224)
(0.085078462 6.6803222e-11 -5.9541182)
(0.10905874 -3.9349722e-11 -5.9740502)
(0.10144505 -1.38149e-11 -5.9294861)
(0.13112678 -3.9555713e-11 -5.9455828)
(0.12143275 -5.5347953e-11 -5.9024938)
(0.15824197 6.6812383e-11 -5.9152503)
(0.14591102 -2.9669146e-12 -5.8734474)
(0.19147747 3.6118034e-11 -5.8838381)
(0.17585585 1.2946144e-10 -5.8429239)
(0.23196376 -6.824215e-11 -5.8526157)
(0.21235991 -6.9354047e-11 -5.8119368)
(0.28074175 -7.3719973e-11 -5.8234981)
(0.25649113 -7.3792766e-11 -5.7820135)
(0.33852933 -4.7190274e-11 -5.7991808)
(0.30912959 -8.6176089e-11 -5.7554265)
(0.40534707 -9.2271211e-11 -5.7832226)
(0.37072435 1.0559232e-11 -5.735212)
(0.47998657 -9.3057547e-11 -5.779939)
(0.44073982 -1.5511229e-10 -5.7252912)
(0.55939689 1.0259798e-11 -5.7939983)
(0.51729453 3.1004788e-12 -5.7301136)
(0.63814553 2.4640821e-11 -5.8294659)
(0.59625765 3.9469482e-11 -5.7542053)
(0.70837817 -1.1690491e-11 -5.8883592)
(0.67128452 2.6432346e-11 -5.8007496)
(0.76083077 2.155733e-12 -5.9688426)
(0.73363787 -4.8659697e-11 -5.8702469)
(0.78740424 2.5867921e-11 -6.0641786)
(0.77432559 5.4085811e-11 -5.9584493)
(0.78456949 -2.9851065e-11 -6.1636459)
(0.786505 -2.4725648e-11 -6.0565372)
(0.75506523 -1.6870023e-12 -6.2567096)
(0.7697727 -4.891853e-11 -6.1527246)
(0.70584469 4.3874542e-11 -6.3353201)
(0.72865657 5.1058677e-11 -6.2385987)
(0.64650721 2.992682e-11 -6.396388)
(0.67355242 1.1099157e-11 -6.3070687)
(0.58369055 -3.5079533e-13 -6.4405977)
(0.60982358 2.7357592e-11 -6.3591156)
(0.52229557 -1.799278e-11 -6.472384)
(0.55273156 -2.6477277e-11 -6.394792)
(0.46334195 -2.0575303e-11 -6.4932822)
(0.48287616 4.4192112e-13 -6.4225416)
(0.40864175 -1.0846422e-11 -6.508613)
(0.44624749 -3.4394504e-11 -6.4366898)
(0.35491854 7.3937895e-12 -6.5382553)
(0.36045447 -8.0182691e-12 -6.4533363)
(0.29757568 2.3338637e-11 -6.7017677)
(0.35833738 1.2811497e-11 -6.4957407)
(0.19924606 1.7080458e-11 -7.1888995)
(0.23536464 3.5485983e-11 -6.7783936)
(0.15029924 -1.2289187e-11 -7.4626505)
(0.0033680433 1.5375366e-09 -6.0307315)
(0.002203472 -2.7771602e-10 -5.9724935)
(0.0070313153 1.4972279e-09 -6.0272488)
(0.0055651088 5.02173e-09 -5.9688681)
(0.010792752 -1.2674378e-09 -6.0240598)
(0.0092421204 -2.4515704e-09 -5.9662507)
(0.014739383 1.4257363e-10 -6.0197229)
(0.013178583 -3.4619581e-11 -5.9625536)
(0.018952776 3.4141924e-10 -6.0140779)
(0.017311877 2.171975e-10 -5.9576335)
(0.023532104 3.2467639e-10 -6.0070037)
(0.021808733 4.0951607e-10 -5.9513311)
(0.028592637 1.9898319e-10 -5.998394)
(0.026711705 1.8791052e-10 -5.9435734)
(0.034276434 1.928946e-10 -5.9881195)
(0.032191854 1.6228389e-10 -5.9342247)
(0.040759207 1.0287467e-10 -5.9760424)
(0.03837389 1.6754385e-10 -5.9231689)
(0.048260422 -2.3033733e-11 -5.9620133)
(0.045471181 3.1680983e-11 -5.9102537)
(0.057054516 -5.4558179e-11 -5.9458862)
(0.053729408 -7.4125769e-11 -5.8953429)
(0.067487785 -2.1218158e-11 -5.9275193)
(0.063431857 -6.64067e-11 -5.8782924)
(0.07998873 3.2178117e-11 -5.9068069)
(0.074986838 1.3904564e-11 -5.8589782)
(0.09509242 1.9063606e-11 -5.883702)
(0.088844318 6.0087623e-11 -5.837331)
(0.11345 -2.9350968e-11 -5.8582546)
(0.10559148 -1.4402017e-11 -5.8133475)
(0.13584243 -1.9305502e-11 -5.8306813)
(0.1259238 -5.393787e-11 -5.7871551)
(0.16317997 5.8382329e-11 -5.8014347)
(0.15067202 2.100248e-11 -5.7590855)
(0.19646705 2.5832142e-11 -5.7713168)
(0.18075433 7.6178088e-11 -5.729735)
(0.23674179 -7.4865693e-11 -5.7415961)
(0.21718656 -3.0721619e-11 -5.7001266)
(0.28493007 -8.6145596e-11 -5.7141539)
(0.26093546 -7.5847255e-11 -5.671772)
(0.34161845 -2.9194904e-11 -5.6916005)
(0.31276074 -6.8848812e-11 -5.6468887)
(0.40669944 -5.1025895e-11 -5.6773324)
(0.37298043 4.6915138e-11 -5.6283953)
(0.47887829 -6.0101457e-11 -5.675406)
(0.44094884 -1.0621151e-10 -5.6200091)
(0.55512916 3.2057454e-11 -5.6901331)
(0.51473785 1.8610336e-11 -5.6258777)
(0.6302352 4.1347968e-11 -5.725171)
(0.59032015 4.1888e-11 -5.6501401)
(0.69682695 -1.0055263e-11 -5.7822036)
(0.66166935 3.8558189e-11 -5.6955895)
(0.74636411 2.6358597e-12 -5.8593441)
(0.72065231 -3.3696405e-11 -5.7624922)
(0.77148271 3.9615198e-12 -5.9502792)
(0.75903819 3.8023316e-11 -5.846757)
(0.76897837 -4.3654007e-11 -6.04513)
(0.77062073 -2.7649854e-11 -5.9402297)
(0.74132394 3.2715144e-12 -6.1342012)
(0.75504402 -3.3506121e-11 -6.0320671)
(0.69472405 1.8498202e-11 -6.2100311)
(0.716315 3.3461403e-11 -6.1145043)
(0.63807859 8.445222e-12 -6.2695671)
(0.663957 -3.4395778e-12 -6.1809399)
(0.57758972 1.5030869e-12 -6.3131676)
(0.60281281 3.6527753e-11 -6.2319563)
(0.51796883 -8.1745705e-12 -6.3448502)
(0.54763949 -2.3711888e-11 -6.2673902)
(0.46028857 -1.3211363e-11 -6.3659181)
(0.47937359 4.5870442e-12 -6.2951028)
(0.40642189 -3.1688507e-11 -6.3813712)
(0.44364535 -4.96872e-11 -6.3095611)
(0.35333564 -2.6944126e-12 -6.4106634)
(0.35859703 -1.9656316e-11 -6.3260934)
(0.29646481 2.4859371e-11 -6.5711591)
(0.35703281 1.5000404e-11 -6.367882)
(0.19868699 6.3205507e-12 -7.0492546)
(0.23440951 3.6350681e-11 -6.64509)
(0.15028896 -2.3593304e-11 -7.3166972)
(0.0035632973 1.881616e-09 -5.9115691)
(0.0023312061 -7.4627429e-10 -5.8533397)
(0.0074217994 1.7523223e-09 -5.9081416)
(0.0058676097 4.6978031e-09 -5.8497788)
(0.011385303 -1.3581918e-09 -5.9049916)
(0.009734304 -2.1280031e-09 -5.8471949)
(0.015543699 2.9288671e-11 -5.9007076)
(0.013875277 -8.6276714e-11 -5.8435438)
(0.019981683 2.7879709e-10 -5.8951335)
(0.018222831 1.9735726e-10 -5.8386859)
(0.024801268 2.7896345e-10 -5.8881522)
(0.02294932 3.7464182e-10 -5.8324663)
(0.030120638 1.5182555e-10 -5.8796621)
(0.028098213 1.9614564e-10 -5.8248156)
(0.036084274 1.3682299e-10 -5.8695395)
(0.033844112 1.5419049e-10 -5.8156034)
(0.042869529 9.8876551e-11 -5.8576541)
(0.0403131 1.5727884e-10 -5.80472)
(0.050696827 -1.7641714e-11 -5.8438659)
(0.047720133 4.8426119e-11 -5.7920213)
(0.059839405 -8.6091565e-11 -5.8280408)
(0.056310134 -5.6820519e-12 -5.7773814)
(0.070639918 -3.2402039e-11 -5.8100516)
(0.066364858 -1.8393089e-11 -5.7606695)
(0.083519426 4.1220809e-11 -5.78981)
(0.078286361 4.1753449e-11 -5.7417765)
(0.098999366 2.7510292e-11 -5.7672896)
(0.092514478 6.0027046e-11 -5.7206523)
(0.11770941 -3.854898e-11 -5.7425631)
(0.10961986 1.3404168e-11 -5.6973145)
(0.1403974 -1.4411535e-11 -5.7158711)
(0.13027053 -2.1938061e-11 -5.6719132)
(0.16792529 3.8256678e-11 -5.6876871)
(0.15525899 1.8176404e-11 -5.6448026)
(0.20123093 2.0615159e-11 -5.6588256)
(0.185447 6.4614124e-11 -5.6165953)
(0.24126428 -3.1306999e-11 -5.6305501)
(0.22177651 1.944749e-11 -5.5883198)
(0.28884323 -5.8608844e-11 -5.6047049)
(0.26511833 -6.2480091e-11 -5.561468)
(0.34443336 6.3417736e-12 -5.5838136)
(0.31612 -2.8650092e-11 -5.5381997)
(0.407813 -7.1096289e-12 -5.5711138)
(0.37498048 1.4791526e-11 -5.5213169)
(0.47761668 -2.8404795e-11 -5.5704155)
(0.44095854 -7.6955892e-11 -5.5143395)
(0.5508553 2.8279138e-11 -5.5856984)
(0.5120939 1.9459023e-11 -5.5211312)
(0.62252594 3.9120431e-11 -5.6202498)
(0.5844697 2.7112968e-11 -5.5454744)
(0.68571486 1.5380446e-11 -5.6754617)
(0.65236607 3.8496675e-11 -5.5898138)
(0.73254218 1.2481348e-12 -5.7494186)
(0.70820983 -3.2558173e-12 -5.6542189)
(0.75630256 6.8029887e-12 -5.8362029)
(0.74445731 2.5789349e-11 -5.734758)
(0.75408201 -1.7468296e-11 -5.9267011)
(0.75547225 -1.9557924e-11 -5.8238842)
(0.72811729 -3.6884124e-12 -6.0119729)
(0.7409378 -1.0896213e-11 -5.9116102)
(0.68394761 1.1722084e-11 -6.0851057)
(0.70440732 2.9042802e-11 -5.9907452)
(0.62982819 2.4434722e-11 -6.1431037)
(0.65461191 -6.884211e-12 -6.055177)
(0.57155111 1.1617112e-11 -6.1860367)
(0.59590892 3.4680521e-12 -6.1051249)
(0.51364247 -1.1089033e-11 -6.2175427)
(0.54257303 -3.1563405e-11 -6.1402452)
(0.45721499 -3.16303e-11 -6.2387124)
(0.47585483 -1.1813224e-11 -6.1678533)
(0.40418687 -3.7794092e-11 -6.2542414)
(0.44102801 -4.2008585e-11 -6.1825591)
(0.351752 -2.1176488e-12 -6.2831563)
(0.35673078 -1.7260023e-11 -6.1989497)
(0.29536702 2.6398052e-11 -6.4406293)
(0.35573805 -2.5552674e-12 -6.2400968)
(0.19814034 6.6930534e-12 -6.9096969)
(0.23347181 1.9323911e-11 -6.511873)
(0.15028727 -2.4797633e-11 -7.1708322)
(0.0037561076 7.0885188e-10 -5.7924676)
(0.0024572739 -1.1513176e-09 -5.7342424)
(0.0078075746 1.437994e-09 -5.7890958)
(0.0061663365 4.4854901e-09 -5.730746)
(0.011970617 -9.738664e-10 -5.7859866)
(0.010220401 -1.7225692e-09 -5.7281969)
(0.016337882 6.9723781e-11 -5.7817578)
(0.014563105 -1.1300829e-11 -5.7245937)
(0.020997077 2.8721295e-10 -5.7762578)
(0.019121781 2.5134561e-10 -5.7198008)
(0.02605291 2.9682921e-10 -5.7693731)
(0.024074188 2.8511473e-10 -5.7136672)
(0.031626265 1.9951804e-10 -5.7610066)
(0.029464585 2.4676322e-10 -5.7061275)
(0.037863823 1.7458301e-10 -5.7510406)
(0.035470875 1.7912971e-10 -5.6970561)
(0.044944287 1.088529e-10 -5.7393519)
(0.042220269 1.7161466e-10 -5.6863498)
(0.053088682 6.1293399e-11 -5.7258097)
(0.049929009 2.5507824e-11 -5.6738727)
(0.062568637 6.2214807e-11 -5.7102913)
(0.058840856 7.95628e-11 -5.6595085)
(0.073722694 5.4928164e-11 -5.6926835)
(0.06923565 1.1726374e-11 -5.6431392)
(0.086964031 6.0325624e-11 -5.6729145)
(0.081508735 6.8249144e-11 -5.6246702)
(0.10280001 4.6477575e-11 -5.6509772)
(0.096089391 5.734798e-11 -5.6040694)
(0.12183865 3.041081e-11 -5.6269654)
(0.11353147 3.3721243e-11 -5.5813736)
(0.1447948 1.0232349e-11 -5.6011411)
(0.13447543 2.0264295e-11 -5.5567538)
(0.17248309 4.4078259e-11 -5.5739957)
(0.15967613 2.4277164e-12 -5.5305841)
(0.20577694 6.3866631e-11 -5.5463529)
(0.18994035 8.6972436e-11 -5.5034901)
(0.24554233 -1.1005594e-11 -5.5194673)
(0.2261391 5.5777738e-11 -5.4765019)
(0.29249592 -3.2802591e-11 -5.4951432)
(0.26905242 -4.925101e-11 -5.4510888)
(0.34699214 -2.054633e-11 -5.4758167)
(0.3192235 6.2003865e-12 -5.4293504)
(0.40870779 -5.4360879e-11 -5.4645707)
(0.37674338 -3.3182059e-11 -5.4139733)
(0.47622069 -2.9791222e-11 -5.4649808)
(0.4407885 -6.892834e-11 -5.4082872)
(0.54658807 1.8239314e-11 -5.4807181)
(0.50937901 1.2719165e-11 -5.4158893)
(0.61501779 2.641283e-11 -5.5147343)
(0.57871358 1.4257017e-11 -5.4402331)
(0.67502392 2.0128357e-11 -5.5681667)
(0.64336646 2.1961457e-11 -5.4834529)
(0.71932966 2.1106728e-11 -5.6390891)
(0.69628347 2.0054009e-11 -5.545453)
(0.74182051 -3.0179867e-13 -5.7219531)
(0.7305419 4.0221827e-11 -5.6224627)
(0.73984242 -1.3035487e-11 -5.8083424)
(0.74101676 -2.1994902e-11 -5.7074895)
(0.71542283 2.1613934e-11 -5.8899959)
(0.72742257 1.6642508e-11 -5.7913248)
(0.67350916 1.0629691e-11 -5.9605138)
(0.69291953 4.7860687e-11 -5.8672863)
(0.62176065 -2.7906675e-11 -6.0169727)
(0.64551723 6.2776986e-12 -5.929747)
(0.56558472 -3.95373e-11 -6.0591875)
(0.58911976 -2.1198638e-11 -5.9785949)
(0.50932758 -3.2385194e-11 -6.0904513)
(0.5375428 -2.6106146e-11 -6.0133381)
(0.45413022 -2.2047356e-11 -6.1116606)
(0.47232994 -1.5978514e-11 -6.0407803)
(0.40194295 -2.158856e-11 -6.1272217)
(0.43840256 -3.4838508e-12 -6.055675)
(0.35017065 -1.7764451e-11 -6.1557333)
(0.35486038 -9.9032218e-12 -6.0718981)
(0.29428321 -9.7266746e-12 -6.3101772)
(0.35445453 -9.1383428e-12 -6.112378)
(0.19760631 -1.1978844e-11 -6.7702241)
(0.23255158 -6.1744983e-13 -6.378733)
(0.15029439 -5.7468123e-12 -7.0250427)
(0.0039463562 1.2161007e-09 -5.673431)
(0.0025816122 -1.1478369e-09 -5.6152175)
(0.0081884053 1.8892796e-09 -5.6701157)
(0.0064610896 4.6505365e-09 -5.6117857)
(0.012548328 -8.5873479e-10 -5.6670488)
(0.010700061 -1.8312099e-09 -5.6092728)
(0.017121454 1.5914138e-10 -5.6628776)
(0.015241582 -9.5003121e-11 -5.6057194)
(0.021998367 2.4810793e-10 -5.6574544)
(0.020008113 1.7002218e-10 -5.6009939)
(0.027286339 2.3612617e-10 -5.6506699)
(0.025182598 3.0141619e-10 -5.5949496)
(0.033108739 2.2799523e-10 -5.6424312)
(0.030809965 1.6610083e-10 -5.5875245)
(0.039614233 1.7631868e-10 -5.6326262)
(0.037071185 1.3093178e-10 -5.5785981)
(0.046982597 9.0987094e-11 -5.621139)
(0.04409436 1.1221036e-10 -5.5680734)
(0.055435118 4.2873952e-11 -5.6078475)
(0.052096737 4.4358855e-11 -5.5558223)
(0.065241437 3.0106138e-11 -5.5926401)
(0.061320532 5.1969923e-11 -5.5417382)
(0.076735558 2.4261556e-11 -5.5754168)
(0.072043313 1.3489505e-11 -5.5257152)
(0.090322388 6.5411355e-11 -5.5561216)
(0.084653319 8.7554301e-11 -5.5076723)
(0.10649485 4.4873455e-11 -5.5347656)
(0.099568902 8.8914943e-11 -5.4875943)
(0.12583918 2.3724709e-11 -5.5114616)
(0.11732692 2.531029e-11 -5.4655361)
(0.14903751 1.2645617e-11 -5.4864909)
(0.13854027 3.462151e-12 -5.4416875)
(0.17685817 4.4492052e-11 -5.4603599)
(0.16392681 9.460544e-12 -5.4164398)
(0.2101124 7.9172137e-11 -5.4338983)
(0.19423992 6.7000232e-11 -5.3904288)
(0.24958634 1.8453382e-11 -5.4083484)
(0.23028264 7.8349446e-11 -5.364683)
(0.29590188 -1.0711324e-11 -5.3854721)
(0.27274924 -3.0940653e-11 -5.340646)
(0.34931153 -6.1230592e-12 -5.3676176)
(0.32208606 1.6118591e-11 -5.3203556)
(0.40940229 -4.7478772e-11 -5.3577174)
(0.37828659 -1.8329832e-11 -5.3063845)
(0.47470766 -2.7010073e-11 -5.359125)
(0.44045689 -5.8471584e-11 -5.3018797)
(0.54233898 8.7265199e-12 -5.3752248)
(0.50660852 1.466119e-11 -5.3101885)
(0.60771069 9.7548453e-12 -5.4086643)
(0.57305902 2.8161652e-12 -5.3344618)
(0.66473794 2.1899279e-11 -5.4603587)
(0.63466408 1.1498607e-11 -5.3765573)
(0.70669502 3.9043921e-11 -5.5283861)
(0.68485034 2.5964567e-11 -5.4362415)
(0.72799806 1.8898508e-11 -5.6075427)
(0.71725684 3.9969296e-11 -5.5099041)
(0.72622571 7.4602044e-12 -5.690048)
(0.72721763 -2.5898382e-11 -5.5910598)
(0.70322009 4.2715013e-11 -5.7682523)
(0.71447145 2.7495953e-11 -5.6712095)
(0.66340347 4.3731162e-11 -5.836235)
(0.6818404 4.3728317e-11 -5.7441214)
(0.61387996 1.3127431e-11 -5.8911572)
(0.63667437 3.7664232e-11 -5.8046451)
(0.55969988 -7.7438195e-12 -5.9326097)
(0.58245349 1.6180603e-12 -5.8523677)
(0.50503401 -9.7499288e-12 -5.9635719)
(0.53255941 -5.0049912e-12 -5.8866774)
(0.45104317 2.5246108e-12 -5.9847632)
(0.4688089 -8.8463239e-12 -5.9138979)
(0.39969557 8.2301584e-12 -6.0003153)
(0.43577616 1.0815468e-11 -5.9289266)
(0.34859513 -1.2811449e-12 -6.0283982)
(0.35299065 1.4314963e-11 -5.944958)
(0.29321407 -6.6841962e-14 -6.1798044)
(0.35318394 -2.6386433e-12 -5.9847452)
(0.1970846 5.6358812e-12 -6.6308336)
(0.23164902 9.3415173e-12 -6.2456887)
(0.15031065 1.4291957e-11 -6.8793473)
(0.0041339428 8.3700561e-10 -5.5544617)
(0.0027041862 3.3682628e-11 -5.4962558)
(0.0085640759 1.5192963e-09 -5.5512034)
(0.0067517413 4.4324074e-09 -5.4928887)
(0.013118102 -1.1676441e-09 -5.5481805)
(0.011173051 -1.8965954e-09 -5.490413)
(0.017893968 -9.54e-11 -5.544069)
(0.015910387 -2.4339003e-10 -5.4869114)
(0.022985006 2.1889146e-10 -5.5387255)
(0.020881425 1.6869612e-11 -5.4822558)
(0.028500911 2.3518475e-10 -5.5320445)
(0.026274077 3.729542e-10 -5.4763037)
(0.034567339 6.9880473e-11 -5.5239374)
(0.032133815 7.9685653e-11 -5.4689967)
(0.041334723 6.7215528e-11 -5.5142976)
(0.038644467 5.6547332e-11 -5.4602194)
(0.048983658 6.684383e-11 -5.5030161)
(0.045934791 2.1219176e-11 -5.4498804)
(0.057735369 5.3327551e-11 -5.4899796)
(0.054222772 2.4360682e-11 -5.4378597)
(0.067857157 3.5937918e-11 -5.4750869)
(0.063748725 -3.1661803e-13 -5.4240595)
(0.079678113 7.575115e-11 -5.4582507)
(0.074787617 2.9413069e-11 -5.4083858)
(0.093594528 1.1104041e-10 -5.4394298)
(0.08772025 7.1751998e-11 -5.3907707)
(0.11008458 7.0110266e-11 -5.4186522)
(0.10295372 7.7573815e-11 -5.3712144)
(0.12971271 5.2908492e-12 -5.3960483)
(0.12100774 1.9904826e-11 -5.3497888)
(0.15312865 2.1451358e-13 -5.3719163)
(0.14246776 -4.9705437e-11 -5.3267005)
(0.18105554 3.1403959e-11 -5.3467751)
(0.1680154 -7.1135104e-12 -5.3023557)
(0.21424481 6.6072348e-11 -5.3214571)
(0.19835221 3.937823e-11 -5.2773975)
(0.2534067 2.9914929e-11 -5.2971898)
(0.23421618 6.5695717e-11 -5.2528499)
(0.29907461 -4.5032489e-12 -5.2756903)
(0.27622075 -2.8013268e-11 -5.2301281)
(0.35140776 4.1854249e-12 -5.2592193)
(0.32472245 1.481737e-11 -5.2112072)
(0.40991407 -2.901833e-11 -5.2505634)
(0.37962689 -2.3935149e-11 -5.1985479)
(0.47309368 -1.7330602e-11 -5.2528658)
(0.43998053 -4.6031448e-11 -5.195122)
(0.53811832 8.8331405e-12 -5.2692449)
(0.50379574 6.4017528e-12 -5.2040424)
(0.60060386 4.5020132e-12 -5.3020728)
(0.56751101 1.478685e-11 -5.2281819)
(0.65484118 1.5471119e-11 -5.3520712)
(0.62625061 1.3458954e-11 -5.2691521)
(0.69460841 2.6803453e-11 -5.4173348)
(0.6738866 1.7646271e-11 -5.3266054)
(0.71479891 -4.4353891e-12 -5.4929813)
(0.70456689 3.2921787e-11 -5.3970899)
(0.71319968 -6.1696447e-12 -5.5718111)
(0.71403808 -3.0872201e-11 -5.474585)
(0.69148862 2.8419043e-11 -5.6467262)
(0.70205641 1.9355942e-11 -5.5512393)
(0.65362514 3.7694001e-11 -5.7122519)
(0.67115662 4.2673053e-11 -5.6212201)
(0.6061894 2.6342663e-11 -5.7656434)
(0.62808228 2.62981e-11 -5.6798413)
(0.55390462 4.3903486e-12 -5.806296)
(0.57591588 7.305212e-12 -5.7264184)
(0.5007715 -4.0825508e-12 -5.8369037)
(0.52763146 -1.5472752e-11 -5.7602446)
(0.4479615 -6.4911067e-13 -5.8580239)
(0.46530025 -9.4192797e-12 -5.7871931)
(0.39745081 1.6884065e-11 -5.8735289)
(0.43315502 -6.2216281e-12 -5.8023045)
(0.347028 1.3033851e-11 -5.9011587)
(0.35112585 1.5117604e-11 -5.8181215)
(0.29216056 6.7171593e-12 -6.0495191)
(0.35192775 -2.5412416e-12 -5.857191)
(0.19657566 1.7976433e-11 -6.491534)
(0.23076432 1.5415171e-11 -6.1127304)
(0.15033645 1.335542e-11 -6.7337332)
(0.0043187879 2.5294032e-09 -5.4355553)
(0.0028249488 9.2661897e-10 -5.3773563)
(0.0089343997 1.5918793e-09 -5.4323546)
(0.0070381442 4.3075182e-09 -5.3740539)
(0.013679644 -1.0677186e-09 -5.4293772)
(0.011639112 -1.9976607e-09 -5.3716167)
(0.018655039 -1.421953e-10 -5.4253275)
(0.016569163 -2.8723123e-10 -5.3681686)
(0.023956519 1.5890249e-10 -5.4200664)
(0.021741268 -2.915256e-11 -5.3635853)
(0.029696076 2.256776e-10 -5.4134921)
(0.027348088 2.7802991e-10 -5.3577284)
(0.036001454 6.6907198e-11 -5.4055203)
(0.033435525 8.4377357e-11 -5.3505429)
(0.043024646 1.1290837e-11 -5.3960496)
(0.040190059 1.9727366e-11 -5.3419183)
(0.050946827 -2.132239e-11 -5.3849781)
(0.047740874 -2.4300046e-11 -5.331769)
(0.059988851 -2.8870825e-11 -5.3722004)
(0.056306451 6.9970071e-12 -5.3199826)
(0.070415355 -7.2931471e-12 -5.3576256)
(0.066124866 1.9962518e-11 -5.3064699)
(0.082550191 2.4824492e-11 -5.3411787)
(0.07746819 1.1319475e-11 -5.2911482)
(0.096780725 3.8210616e-11 -5.3228322)
(0.090709502 6.7104251e-11 -5.2739618)
(0.11357015 2.8056079e-11 -5.3026297)
(0.10624434 5.2951505e-11 -5.2549257)
(0.13346118 -3.4316866e-11 -5.2807176)
(0.12457525 6.4917918e-11 -5.2341271)
(0.15707152 -5.7477706e-11 -5.2574091)
(0.14626039 -3.5105467e-11 -5.2117876)
(0.18508033 4.0443321e-13 -5.2332331)
(0.17194591 -3.6810988e-11 -5.1883261)
(0.21818158 3.8757667e-11 -5.2090218)
(0.20228323 4.5021234e-11 -5.1643907)
(0.25701352 8.5902428e-12 -5.1859853)
(0.2379482 5.2902235e-11 -5.1409978)
(0.30202701 -9.0498886e-12 -5.1657942)
(0.27947812 -1.4795026e-11 -5.1195323)
(0.35329608 -1.2995411e-11 -5.1506225)
(0.32714645 2.3130352e-11 -5.1019056)
(0.41025934 -4.0780755e-11 -5.1431156)
(0.3807799 -5.7397105e-11 -5.0904689)
(0.47139332 -2.2679283e-11 -5.1462177)
(0.43937496 -3.3037337e-11 -5.0880261)
(0.53393492 1.2297198e-11 -5.1628008)
(0.50095294 -7.0776525e-12 -5.097471)
(0.59369577 2.3752647e-11 -5.1949874)
(0.56207413 1.8851705e-11 -5.1214206)
(0.64531836 1.5607251e-11 -5.2433315)
(0.61811857 1.1027464e-11 -5.1612679)
(0.68304185 2.3670269e-11 -5.3059539)
(0.66337094 2.0831692e-11 -5.2165713)
(0.70218926 6.8648323e-12 -5.3782727)
(0.69244058 3.654985e-11 -5.2840348)
(0.70073423 -5.6354205e-12 -5.4536195)
(0.70144524 -1.406283e-11 -5.3580635)
(0.68020786 3.3480365e-11 -5.5253953)
(0.690152 1.6465036e-11 -5.4313988)
(0.64416896 3.1365221e-11 -5.5885394)
(0.66085609 4.6941549e-11 -5.4985636)
(0.59869074 7.3596025e-12 -5.6404087)
(0.61974014 1.6455636e-11 -5.5553155)
(0.54820577 -1.2442813e-11 -5.6802292)
(0.56951225 -4.9405567e-12 -5.6007321)
(0.49654819 -2.0839163e-11 -5.710435)
(0.52276696 -1.6327966e-11 -5.6340308)
(0.44489249 -1.5007027e-11 -5.7314353)
(0.46181204 -3.1674782e-14 -5.6606616)
(0.39521371 -8.0869169e-12 -5.7468574)
(0.43054508 -2.43888e-11 -5.6758079)
(0.34547222 -3.7792398e-13 -5.7740107)
(0.34927016 8.3999836e-12 -5.6913893)
(0.2911236 6.077996e-12 -5.9193161)
(0.35068758 -4.6166861e-12 -5.7297161)
(0.19607971 1.0802963e-11 -6.3523173)
(0.22989787 4.3728001e-12 -5.9798576)
(0.15037234 1.1968877e-11 -6.588198)
(0.004500812 1.8595092e-09 -5.3167105)
(0.0029438504 6.2235151e-11 -5.2585179)
(0.009299186 1.291176e-09 -5.3135682)
(0.0073201542 4.2261913e-09 -5.2552806)
(0.014232657 -1.315852e-09 -5.3106376)
(0.012097995 -2.0821758e-09 -5.2528829)
(0.019404274 -1.8517055e-10 -5.3066518)
(0.017217566 -3.3189709e-10 -5.2494899)
(0.024912427 7.9597084e-11 -5.3014756)
(0.022587211 -4.7785417e-11 -5.2449812)
(0.030871276 1.4215918e-10 -5.2950111)
(0.028404125 3.0410265e-10 -5.2392222)
(0.037410468 3.8747354e-11 -5.287178)
(0.034714523 6.0741126e-11 -5.2321615)
(0.044683356 -1.4941476e-11 -5.2778803)
(0.041707347 1.2698806e-11 -5.2236931)
(0.052871462 3.4373781e-12 -5.2670224)
(0.049511985 -2.9776453e-11 -5.2137372)
(0.062194981 5.5613536e-11 -5.2545072)
(0.058347182 3.9972128e-11 -5.2021888)
(0.072915599 3.8706452e-11 -5.2402533)
(0.06844847 9.2898339e-11 -5.1889667)
(0.085351636 5.2822621e-11 -5.2241972)
(0.080084757 8.5402446e-12 -5.1739992)
(0.09988127 8.2026944e-11 -5.2063246)
(0.09362116 1.0333272e-10 -5.1572421)
(0.11695253 8.9670644e-11 -5.1866933)
(0.10944142 9.9980626e-11 -5.138724)
(0.13708651 6.5242337e-11 -5.1654644)
(0.12803088 1.3303029e-10 -5.1185464)
(0.1608694 -1.442096e-11 -5.1429638)
(0.14992069 1.7335704e-11 -5.0969438)
(0.18893756 7.0026105e-12 -5.1197281)
(0.17572242 -2.9265737e-11 -5.0743459)
(0.22192996 5.9092755e-11 -5.0965871)
(0.20603896 4.974474e-11 -5.0514033)
(0.26041654 3.0111318e-11 -5.0747308)
(0.24148697 7.7156855e-11 -5.0291224)
(0.30477139 1.7068888e-11 -5.0557823)
(0.28253214 -8.8803366e-12 -5.0088561)
(0.35499087 -2.0631752e-11 -5.0418296)
(0.32937122 2.4631284e-11 -4.9924515)
(0.41045325 -4.9838358e-11 -5.0353822)
(0.3817603 -8.3361104e-11 -4.9821529)
(0.46961992 -1.7623939e-11 -5.0391961)
(0.43865456 -2.3382002e-11 -4.9806039)
(0.52979668 -7.0331454e-13 -5.0559149)
(0.49809121 -1.0769833e-11 -4.9904935)
(0.58698468 6.1787115e-12 -5.0874357)
(0.55675215 8.8402439e-12 -5.0142035)
(0.63615523 1.6189027e-11 -5.1341668)
(0.61026054 7.8007664e-12 -5.052933)
(0.67196958 3.3614203e-11 -5.1942631)
(0.65328333 2.8699819e-11 -5.106164)
(0.6901382 1.5923557e-11 -5.2634231)
(0.6808487 3.3560341e-11 -5.1707523)
(0.68880191 7.8620942e-12 -5.335465)
(0.68940864 -8.4700261e-12 -5.2414943)
(0.66935765 2.9756844e-11 -5.4042433)
(0.67873411 2.4526662e-11 -5.3116739)
(0.63503087 3.2195924e-11 -5.4650789)
(0.65092697 4.059602e-11 -5.3761352)
(0.59138516 4.2669511e-12 -5.5154359)
(0.61164678 2.6271667e-11 -5.4310485)
(0.54260949 -8.7681795e-12 -5.5543976)
(0.56324709 -1.847674e-11 -5.4752948)
(0.49237167 4.3996159e-12 -5.5841592)
(0.51797308 8.9704635e-12 -5.5080271)
(0.44184291 -9.2974417e-12 -5.6049949)
(0.45835167 -2.6364444e-12 -5.5342989)
(0.39298915 -8.0537542e-12 -5.6203006)
(0.4279519 -3.4469398e-11 -5.5494357)
(0.34393062 4.2198694e-12 -5.6469548)
(0.34742757 1.23603e-12 -5.5647615)
(0.29010422 -6.3613187e-12 -5.7891955)
(0.34946501 -1.1123529e-11 -5.6023213)
(0.19559709 5.5062458e-12 -6.2131822)
(0.22905011 -1.414038e-11 -5.8470696)
(0.15041898 1.3908377e-11 -6.4427391)
(0.0046799418 1.3879282e-09 -5.1979265)
(0.0030608379 -3.3182181e-10 -5.1397398)
(0.0096582485 1.4263271e-09 -5.194843)
(0.0075976294 4.4039295e-09 -5.1365676)
(0.014776856 -1.1991985e-09 -5.1919607)
(0.012549462 -2.0566724e-09 -5.1342105)
(0.020141295 -2.0660182e-10 -5.1880409)
(0.017855271 -3.3831925e-10 -5.1308744)
(0.02585227 1.6483205e-10 -5.1829521)
(0.023418846 -9.0841022e-11 -5.1264424)
(0.032025982 2.2950782e-10 -5.1766002)
(0.029441707 3.3420031e-10 -5.120784)
(0.038793802 3.5844278e-11 -5.1689091)
(0.035970268 3.3564043e-11 -5.113851)
(0.046310247 -1.2466367e-12 -5.1597878)
(0.043195754 2.4926447e-11 -5.1055423)
(0.054756973 5.4613121e-12 -5.1491472)
(0.051247541 -3.1351333e-11 -5.0957832)
(0.064353243 7.637188e-11 -5.1368977)
(0.060344427 1.4039584e-11 -5.0844761)
(0.075357532 6.4013774e-11 -5.1229672)
(0.070719119 8.8640498e-11 -5.0715474)
(0.088082379 5.7730679e-11 -5.1073031)
(0.082637122 -3.6150734e-12 -5.0569359)
(0.10289654 1.2132946e-10 -5.0899032)
(0.09645539 1.1339703e-10 -5.0406082)
(0.12023278 1.4294616e-10 -5.0708389)
(0.11254565 1.381841e-10 -5.0226054)
(0.14059071 8.6411063e-11 -5.0502839)
(0.13137614 1.4445606e-10 -5.0030421)
(0.16452557 2.9769915e-12 -5.0285752)
(0.15345129 2.6354636e-11 -4.9821642)
(0.19263223 1.2700885e-11 -5.006255)
(0.17934898 -3.0407448e-11 -4.96041)
(0.225497 6.7554762e-11 -4.9841483)
(0.20962532 4.0280183e-11 -4.9384305)
(0.26362519 3.8920568e-11 -4.9634231)
(0.24484056 8.1505682e-11 -4.9172199)
(0.30731952 -1.5974527e-12 -4.945654)
(0.28539322 -1.0902798e-11 -4.8980975)
(0.35650574 -3.7240337e-11 -4.9328441)
(0.33140927 -2.0161478e-12 -4.882846)
(0.41050992 -5.7359448e-11 -4.9273719)
(0.38258189 -8.5634277e-11 -4.8736058)
(0.46778574 -1.6619346e-11 -4.9318162)
(0.43783267 -4.1529966e-11 -4.8728674)
(0.52571059 -1.3625345e-12 -4.9486092)
(0.49522054 -1.5752444e-11 -4.8831283)
(0.58046854 1.0469232e-11 -4.9794438)
(0.55154813 1.341764e-11 -4.9065547)
(0.62733825 2.0177524e-11 -5.0246025)
(0.60266925 5.4204597e-12 -4.9441739)
(0.6613677 2.8615939e-11 -5.0822808)
(0.64360499 1.9455572e-11 -4.9954061)
(0.67861711 9.4170246e-12 -5.1484385)
(0.66976422 3.2781017e-11 -5.0572552)
(0.67737759 8.0048149e-12 -5.2173404)
(0.67790016 -1.3292511e-11 -5.1248768)
(0.65891738 3.5276531e-11 -5.2832417)
(0.66778199 2.2366938e-11 -5.1920511)
(0.62620789 3.4748802e-11 -5.3418392)
(0.6413616 4.4063732e-11 -5.2539216)
(0.58427291 3.7611164e-12 -5.3907088)
(0.60379873 5.295049e-12 -5.3070217)
(0.5371211 -8.7676162e-13 -5.42879)
(0.55712411 -2.341587e-11 -5.3500931)
(0.48824884 1.9913163e-12 -5.4580696)
(0.51325628 1.1996462e-11 -5.382225)
(0.43881901 -2.7656789e-11 -5.4786998)
(0.45492593 -1.3956505e-11 -5.4081007)
(0.39078177 -2.5344976e-11 -5.4938581)
(0.42538063 -4.6365032e-11 -5.4231865)
(0.34240592 -1.4051681e-11 -5.5199915)
(0.3456019 -2.0276609e-11 -5.4382383)
(0.28910347 -1.8889355e-11 -5.6591574)
(0.34826163 -1.6334984e-11 -5.4750072)
(0.19512825 -5.8581408e-12 -6.0741268)
(0.22822158 -2.4242102e-11 -5.7143659)
(0.1504771 3.5619987e-12 -6.2973539)
(0.0048561064 1.5002416e-09 -5.0792023)
(0.0031758547 1.6913555e-10 -5.0210209)
(0.010011406 1.5082571e-09 -5.0761782)
(0.0078704305 4.500492e-09 -5.017914)
(0.015311965 -1.294929e-09 -5.0733455)
(0.012993283 -2.3453557e-09 -5.0155985)
(0.020865743 -2.3308944e-10 -5.0694934)
(0.018481964 -4.1097999e-10 -5.0123208)
(0.026775613 6.4167757e-11 -5.0644944)
(0.024235785 -1.745224e-10 -5.0079677)
(0.033159693 1.466856e-10 -5.058258)
(0.030460377 2.6945219e-10 -5.0024123)
(0.040150912 2.2853277e-11 -5.050712)
(0.037202252 -2.2666166e-11 -4.99561)
(0.047904757 -3.9996575e-12 -5.0417704)
(0.044654744 -2.1941061e-11 -4.987464)
(0.056602819 -2.3617112e-11 -5.0313503)
(0.052947007 -4.7041595e-11 -4.9779049)
(0.066463177 2.5060698e-11 -5.0193693)
(0.062297702 2.0302249e-11 -4.9668422)
(0.077740869 2.2413278e-11 -5.0057644)
(0.072936461 6.4221076e-11 -4.9542095)
(0.090742431 5.0422282e-11 -4.9904931)
(0.085125162 -1.30567e-11 -4.9399553)
(0.105827 1.2993326e-10 -4.9735645)
(0.099212442 1.5756191e-10 -4.9240567)
(0.12341201 1.3961921e-10 -4.9550622)
(0.11555784 1.7468587e-10 -4.9065662)
(0.14397586 8.5713817e-11 -4.9351717)
(0.13461259 9.9711777e-11 -4.8876102)
(0.16804336 -6.4377608e-12 -4.9142387)
(0.15685485 4.8279692e-12 -4.8674443)
(0.19616932 -3.5219662e-12 -4.8928093)
(0.18282966 -3.2634943e-11 -4.8465138)
(0.22888965 5.3848992e-11 -4.8717014)
(0.21304812 3.3433192e-11 -4.825468)
(0.26664859 3.2493621e-11 -4.8520595)
(0.24801683 3.2573281e-11 -4.8052868)
(0.30968266 -1.1395615e-11 -4.8354089)
(0.28807133 -6.5987192e-12 -4.7872549)
(0.35785354 -4.974595e-11 -4.8236693)
(0.3332725 -1.2513168e-11 -4.7730906)
(0.41044252 -7.0139149e-11 -4.8190934)
(0.38325762 -5.6569623e-11 -4.7648334)
(0.465902 -4.0849975e-11 -4.8240929)
(0.43692158 -7.0117321e-11 -4.7648279)
(0.52168278 -1.1749566e-12 -4.8409042)
(0.49234998 -1.4653544e-11 -4.7753931)
(0.57414506 8.4222101e-12 -4.871036)
(0.54646452 1.2271695e-11 -4.7984972)
(0.61885461 4.6084944e-12 -4.9146625)
(0.59533756 -1.3221159e-11 -4.8350151)
(0.65121393 2.3538357e-11 -4.970024)
(0.63431836 -1.0319373e-11 -4.8843188)
(0.6675995 1.0345824e-11 -5.033325)
(0.65916206 1.5826846e-11 -4.9435554)
(0.66643815 8.6457448e-13 -5.0992392)
(0.66689378 -1.7433791e-11 -5.0082105)
(0.64887852 3.1033557e-11 -5.1624095)
(0.6572796 6.9823833e-12 -5.072519)
(0.61769301 1.4818485e-11 -5.2188369)
(0.6321505 4.1000361e-11 -5.1319091)
(0.57735353 -2.1732353e-11 -5.266212)
(0.59618884 -1.050033e-11 -5.1832176)
(0.53174528 -1.0721551e-11 -5.3033957)
(0.55114643 -2.416052e-11 -5.2251146)
(0.48418597 -3.8241023e-12 -5.3321597)
(0.50862232 -7.0545409e-12 -5.2566163)
(0.43582652 -3.2510396e-11 -5.3525468)
(0.45154105 -8.480603e-12 -5.2820625)
(0.38859593 -4.1417488e-11 -5.3675287)
(0.42283609 -5.4113373e-11 -5.2970589)
(0.34090073 -2.2577671e-11 -5.3931204)
(0.34379679 -2.7894277e-11 -5.3118195)
(0.28812243 -2.1653043e-11 -5.5292011)
(0.34707907 -1.0646166e-11 -5.3477737)
(0.19467373 -1.4940809e-11 -5.9351489)
(0.22741293 -2.0255013e-11 -5.5817455)
(0.15054754 -3.5791386e-12 -6.1520396)
(0.0050292424 2.0865676e-09 -4.9605324)
(0.0032888499 1.1217087e-09 -4.9023517)
(0.010358496 1.2692202e-09 -4.9575684)
(0.0081384389 4.8256946e-09 -4.8993103)
(0.01583774 -1.5730153e-09 -4.9547865)
(0.013429269 -2.5392731e-09 -4.8970375)
(0.021577297 -3.6247957e-10 -4.9510039)
(0.019097388 -4.2099243e-10 -4.8938197)
(0.027682071 1.5761195e-11 -4.9460969)
(0.02503771 -1.4503497e-10 -4.8895474)
(0.034271976 1.0828931e-10 -4.9399786)
(0.03145977 3.0573573e-10 -4.8840975)
(0.041481332 -6.7481094e-11 -4.9325807)
(0.038410077 -3.1710972e-11 -4.8774286)
(0.049466419 -6.4459479e-11 -4.9238218)
(0.046083911 -4.6905884e-11 -4.8694483)
(0.058408573 -4.3738182e-12 -4.9136252)
(0.054610003 -3.307057e-11 -4.8600922)
(0.068524457 5.8729396e-11 -4.9019154)
(0.064206706 3.0819614e-11 -4.8492766)
(0.080065475 2.9925436e-11 -4.8886377)
(0.075100349 9.2222066e-11 -4.836942)
(0.093331966 9.1709107e-11 -4.8737596)
(0.087548986 -2.1551792e-11 -4.8230462)
(0.10867329 2.0209711e-10 -4.8573004)
(0.10189281 2.0042939e-10 -4.8075761)
(0.12649156 1.3567237e-10 -4.839355)
(0.11847904 1.8812525e-10 -4.7905943)
(0.1472442 1.9879421e-11 -4.8201188)
(0.1377421 4.3731174e-11 -4.7722383)
(0.17142625 -2.0978982e-11 -4.7999453)
(0.16013427 -8.2810799e-12 -4.7527717)
(0.19955384 3.671996e-12 -4.779382)
(0.18616872 -7.6198068e-12 -4.7326448)
(0.23211479 1.2163972e-11 -4.7592383)
(0.21631328 4.8958703e-11 -4.7125037)
(0.26949565 -6.1765188e-12 -4.7406333)
(0.25102358 -3.6463362e-12 -4.6933123)
(0.31187166 -7.6668088e-12 -4.7250427)
(0.29057624 -1.136694e-11 -4.6763193)
(0.35904648 -1.898583e-11 -4.7143047)
(0.33497231 -1.1504439e-11 -4.6631793)
(0.41026332 -5.6444604e-11 -4.710551)
(0.38379967 -2.0810506e-11 -4.6558339)
(0.46397892 -4.4323178e-11 -4.7160361)
(0.43593262 -9.3264177e-11 -4.6564891)
(0.51771853 -1.3939895e-12 -4.7328153)
(0.48948753 -1.3949758e-11 -4.667297)
(0.56801155 -9.2022571e-12 -4.7622311)
(0.54150295 1.6826125e-11 -4.6900446)
(0.61069184 -2.81688e-11 -4.8043645)
(0.58825812 -2.701552e-11 -4.7254721)
(0.64148718 -1.8193835e-11 -4.8575043)
(0.62540638 -3.0818489e-11 -4.772914)
(0.65706039 -1.1755505e-11 -4.9180838)
(0.64901829 1.3580876e-11 -4.8296557)
(0.65596146 -1.145681e-11 -4.981152)
(0.65636465 -2.5108962e-11 -4.8914875)
(0.63923282 1.6759622e-11 -5.0417153)
(0.64721081 1.9221515e-12 -4.9530603)
(0.60946643 1.5958568e-11 -5.0960375)
(0.62327715 4.3008577e-11 -5.0100739)
(0.57062606 -1.2857012e-11 -5.1419272)
(0.58880981 -7.1286873e-12 -5.0596126)
(0.52648601 -2.0580281e-11 -5.1782008)
(0.54531643 -1.6533525e-11 -5.1003389)
(0.4801887 -1.1704329e-11 -5.2064196)
(0.50407607 -1.970695e-11 -5.1311841)
(0.43287059 -2.986615e-11 -5.2265293)
(0.44820249 -2.9534687e-13 -5.1561708)
(0.38643577 -4.0711565e-11 -5.2413081)
(0.42032256 -4.6744658e-11 -5.1710422)
(0.33941745 -1.6040253e-11 -5.2663383)
(0.34201557 -2.4360184e-11 -5.1854954)
(0.28716228 -9.205541e-12 -5.3993235)
(0.3459188 -3.2063062e-12 -5.220612)
(0.19423424 -8.9644102e-12 -5.7962451)
(0.22662478 -7.3516902e-12 -5.4491983)
(0.15063122 -5.576547e-12 -6.0067827)
(0.005199272 2.9348091e-09 -4.8419207)
(0.0033997475 9.0308142e-10 -4.7837481)
(0.010699334 1.6867287e-09 -4.8390173)
(0.0084014838 4.86228e-09 -4.7807724)
(0.016353906 -1.509461e-09 -4.8362875)
(0.013857148 -2.657383e-09 -4.778543)
(0.022275602 -2.1529593e-10 -4.8325762)
(0.019701171 -3.8442429e-10 -4.7753867)
(0.028571214 1.297068e-10 -4.8277634)
(0.025824159 -7.929649e-11 -4.7711971)
(0.035362338 1.7519421e-10 -4.8217657)
(0.03243934 3.8017819e-10 -4.765855)
(0.042784532 -1.0773514e-11 -4.8145186)
(0.039593123 -9.1232485e-12 -4.759322)
(0.050994689 -1.5808447e-11 -4.8059454)
(0.047482588 -4.1630066e-11 -4.7515101)
(0.060173719 9.3462681e-13 -4.795975)
(0.056235845 -1.8389329e-11 -4.7423598)
(0.070536659 6.3285328e-11 -4.7845388)
(0.066070791 3.0336989e-11 -4.7317938)
(0.082331104 4.2472945e-11 -4.7715899)
(0.077210254 7.5345684e-12 -4.7197591)
(0.095851029 8.4078426e-11 -4.7571049)
(0.08990827 1.2571942e-11 -4.7062225)
(0.1114359 1.8661613e-10 -4.7411129)
(0.10449652 1.6566953e-10 -4.6911796)
(0.12947254 9.79073e-11 -4.7237188)
(0.12130978 1.3908592e-10 -4.6747027)
(0.15039774 1.6149577e-11 -4.7051268)
(0.14076591 2.7072262e-15 -4.6569389)
(0.17467741 5.0702732e-12 -4.6856963)
(0.16329181 -3.883917e-11 -4.6381585)
(0.20279049 3.7110381e-11 -4.6659749)
(0.18936972 7.8757992e-12 -4.6188152)
(0.23517884 3.3635218e-11 -4.6467614)
(0.21942596 4.3915891e-11 -4.5995502)
(0.27217468 -8.7688821e-12 -4.6291483)
(0.25386781 -1.5215884e-11 -4.5813095)
(0.3138966 -1.5203155e-11 -4.6145619)
(0.29291682 -1.373043e-11 -4.5653057)
(0.36009585 -1.3255404e-11 -4.6047601)
(0.33651921 -2.8959701e-11 -4.5531299)
(0.40998366 -5.7080787e-11 -4.6017591)
(0.38421938 -2.1913872e-12 -4.5466291)
(0.46202588 -6.3465182e-11 -4.6076653)
(0.43487647 -1.0413878e-10 -4.5478774)
(0.51382267 4.0563179e-12 -4.624367)
(0.48664093 -8.4448526e-12 -4.5588716)
(0.56206561 -6.9500717e-13 -4.6530563)
(0.53666557 1.4892657e-11 -4.5812327)
(0.60283883 -2.9640767e-11 -4.6937346)
(0.58142513 -1.9452262e-11 -4.6155819)
(0.63216865 6.8135677e-13 -4.744742)
(0.6168548 -3.9810362e-11 -4.6612256)
(0.64697752 4.5736184e-13 -4.8027256)
(0.63931262 1.5791021e-11 -4.7155827)
(0.64592745 -1.1885411e-11 -4.8630795)
(0.64629166 -3.1349299e-11 -4.7747244)
(0.62996658 2.7942367e-11 -4.9211418)
(0.63755936 -6.5329647e-12 -4.8336836)
(0.60151572 2.019082e-11 -4.9734207)
(0.61472909 3.2567367e-11 -4.8884179)
(0.56409027 -1.0756275e-11 -5.017846)
(0.58165908 4.9307924e-12 -4.9362119)
(0.5213474 -1.5644338e-11 -5.0531992)
(0.53963746 -1.9316004e-12 -4.9757728)
(0.47626194 -8.3932683e-12 -5.0808463)
(0.49962278 -1.2981208e-12 -5.0059385)
(0.42995654 -1.6953089e-11 -5.1006473)
(0.44491591 1.1302334e-11 -5.030439)
(0.38430475 -3.0497309e-11 -5.115198)
(0.41784451 -2.1383371e-11 -5.0451524)
(0.33795898 -1.1621705e-11 -5.1396474)
(0.34026177 -9.7089929e-12 -5.0592836)
(0.28622395 -1.3345491e-12 -5.2695256)
(0.34478242 1.9435217e-12 -5.0935398)
(0.19381002 -3.971592e-12 -5.6574127)
(0.22585782 1.2631334e-11 -5.316742)
(0.15072907 2.2323008e-12 -5.8616009)
(0.0053661212 1.8407527e-09 -4.7233694)
(0.0035084954 -3.8503304e-10 -4.6652005)
(0.011033744 1.2017737e-09 -4.7205271)
(0.0086594557 4.6677559e-09 -4.6622907)
(0.01686021 -1.6634786e-09 -4.7178506)
(0.014276752 -2.8534893e-09 -4.6601057)
(0.022960327 -2.6140901e-10 -4.7142122)
(0.020293089 -4.6729246e-10 -4.6570121)
(0.029442647 1.5565213e-10 -4.7094955)
(0.026594854 -9.4066881e-11 -4.652907)
(0.036430331 2.0677574e-10 -4.7036208)
(0.03339877 3.3106177e-10 -4.6476749)
(0.044060028 -3.9200527e-11 -4.6965271)
(0.040751054 -2.3346483e-11 -4.6412803)
(0.052489081 -4.4697664e-11 -4.6881421)
(0.048850441 -9.3673796e-11 -4.6336395)
(0.061897813 1.0106961e-11 -4.6784004)
(0.057824238 -4.8610129e-11 -4.6246974)
(0.072499448 -2.503246e-11 -4.6672398)
(0.067889763 2.3273433e-11 -4.6143832)
(0.084537613 -2.2442967e-11 -4.6546208)
(0.079266152 -1.227438e-10 -4.60265)
(0.098299784 9.2031687e-11 -4.6405286)
(0.092203256 4.6554247e-11 -4.589473)
(0.11411544 1.1848082e-10 -4.625001)
(0.10702421 6.4701534e-11 -4.574856)
(0.13235623 4.2839904e-11 -4.6081521)
(0.12405127 5.6205693e-11 -4.5588796)
(0.15343862 -5.4553824e-11 -4.5901939)
(0.143686 -2.1443017e-11 -4.5417001)
(0.17780017 -3.6520893e-11 -4.5714897)
(0.16633047 -9.389045e-11 -4.5235926)
(0.20588403 1.4327567e-11 -4.552586)
(0.19243691 8.444392e-12 -4.5050131)
(0.23808825 -4.3871302e-12 -4.5342692)
(0.2223919 2.5737912e-11 -4.4865961)
(0.27469392 -2.0190474e-11 -4.5176046)
(0.25655692 -1.2624844e-11 -4.4692683)
(0.31576733 -2.7359952e-11 -4.5039684)
(0.29510211 -1.4396351e-11 -4.4542058)
(0.36101256 -1.8108291e-11 -4.4950408)
(0.33792352 -2.3398654e-11 -4.4429369)
(0.40961429 -4.8476517e-11 -4.4927273)
(0.38452748 1.4091147e-11 -4.4372172)
(0.46005161 -4.9812321e-11 -4.4989952)
(0.43376278 -9.4247428e-11 -4.4389958)
(0.50999946 2.2293266e-12 -4.5155782)
(0.48381663 5.4324731e-13 -4.4501249)
(0.55630462 -3.6355093e-12 -4.5435332)
(0.53195306 -2.5165184e-12 -4.4720731)
(0.5952847 -2.9491292e-11 -4.5827937)
(0.57483151 5.2881208e-13 -4.5053569)
(0.62324034 -2.5044073e-11 -4.6317531)
(0.60864839 -2.7925367e-11 -4.5492629)
(0.6373296 -1.5734946e-11 -4.6872583)
(0.63002412 -5.0229089e-12 -4.6013382)
(0.63631643 -2.6139544e-11 -4.7450213)
(0.63665303 -2.9739317e-11 -4.6579136)
(0.62106442 -2.1252688e-12 -4.8006888)
(0.62830664 1.502002e-12 -4.7143731)
(0.593835 1.7455975e-11 -4.8509849)
(0.60649475 6.9797779e-12 -4.7669187)
(0.55774629 1.379122e-11 -4.893962)
(0.57473362 3.9123087e-11 -4.8129949)
(0.51633279 1.2411416e-11 -4.9283871)
(0.53411146 1.8876229e-11 -4.8513971)
(0.47241081 1.8335697e-11 -4.9554391)
(0.49526628 1.5540472e-11 -4.8808632)
(0.42708859 7.0277244e-12 -4.974903)
(0.44168585 1.6744048e-11 -4.9048535)
(0.38220695 -6.4912244e-13 -4.9892026)
(0.41540558 -1.5420333e-11 -4.9193785)
(0.33652722 3.8037318e-12 -5.013053)
(0.33853841 1.6715865e-11 -4.933174)
(0.28530855 1.5862518e-11 -5.1398138)
(0.34367129 7.6074472e-12 -4.9665474)
(0.19340195 1.8879677e-11 -5.518659)
(0.22511273 3.3620261e-11 -5.1843662)
(0.1508422 1.0606931e-11 -5.7164804)
(0.0055297216 1.1787729e-09 -4.6048739)
(0.0036150345 -9.0653624e-10 -4.5467079)
(0.011361577 1.2962421e-09 -4.6020931)
(0.0089122291 4.7938021e-09 -4.543864)
(0.017356435 -1.7949684e-09 -4.599471)
(0.014687888 -2.5680847e-09 -4.5417243)
(0.023631192 -3.1583227e-10 -4.5959071)
(0.020872878 -5.6196908e-10 -4.5386948)
(0.030296037 6.6980328e-11 -4.5912886)
(0.027349475 -1.5666913e-10 -4.534676)
(0.037475583 1.1087625e-10 -4.585539)
(0.034337688 2.7511724e-10 -4.5295558)
(0.045307433 -7.6133823e-11 -4.5786011)
(0.041883462 -6.9750364e-11 -4.523302)
(0.053949221 -9.8530003e-11 -4.5704069)
(0.050187057 -1.4494536e-10 -4.5158346)
(0.063580541 -3.6780341e-11 -4.5608963)
(0.059374798 -8.530231e-11 -4.5071031)
(0.07441263 -7.1996157e-11 -4.550013)
(0.069663318 -1.8154708e-11 -4.4970428)
(0.086685016 -5.6318715e-11 -4.5377247)
(0.081267899 -1.4465065e-10 -4.4856123)
(0.10067856 1.8971456e-11 -4.5240246)
(0.094434047 7.142101e-13 -4.4727949)
(0.11671271 2.5355481e-12 -4.5089586)
(0.10947635 2.33054e-11 -4.4586021)
(0.13514407 -7.1512645e-12 -4.4926488)
(0.12670451 8.6360902e-12 -4.4431218)
(0.15636914 -5.9973478e-11 -4.4753136)
(0.1465041 -1.2345694e-11 -4.4265184)
(0.18079795 -4.9992543e-11 -4.4573193)
(0.16925292 -1.1275698e-10 -4.4090704)
(0.20883921 1.9684997e-11 -4.4392093)
(0.19537416 1.2106128e-11 -4.3912349)
(0.24084933 1.7855774e-11 -4.4217568)
(0.22521643 7.2853345e-11 -4.3736382)
(0.27706127 -6.8151683e-12 -4.4059985)
(0.2590978 -1.6274013e-11 -4.3571867)
(0.31749319 -1.0359968e-11 -4.3932612)
(0.29714054 -1.9598945e-11 -4.3430195)
(0.36180678 8.5030199e-12 -4.385149)
(0.33919487 -2.7148248e-11 -4.3326027)
(0.4091651 -3.0858451e-11 -4.3834619)
(0.384734 2.9690103e-11 -4.3276044)
(0.45806391 -4.4579181e-11 -4.3900365)
(0.43260055 -9.9235354e-11 -4.329855)
(0.50625237 -4.181337e-12 -4.4064637)
(0.48102062 3.075004e-12 -4.3410715)
(0.55072557 1.62749e-12 -4.4336787)
(0.52736619 2.709699e-11 -4.3625838)
(0.58801893 2.2772254e-12 -4.4715574)
(0.56847097 2.9197393e-11 -4.394816)
(0.61468519 -8.0456404e-12 -4.5185476)
(0.60077359 -1.6821713e-11 -4.4370417)
(0.6280966 -1.8880108e-11 -4.5716838)
(0.62113406 1.0362857e-11 -4.4869312)
(0.62710971 -2.2774054e-12 -4.6269706)
(0.62742922 -1.9560754e-11 -4.5410556)
(0.61251175 1.0576605e-11 -4.6803422)
(0.61943594 -2.7472818e-12 -4.5951218)
(0.58641755 2.8474016e-11 -4.728714)
(0.59856345 2.3044814e-11 -4.6455639)
(0.55159407 4.4313583e-11 -4.7702603)
(0.56803069 5.1765001e-11 -4.6899511)
(0.51144499 2.2022137e-11 -4.803751)
(0.52874058 4.7627124e-11 -4.727202)
(0.46863926 1.3942922e-11 -4.8301872)
(0.49101026 9.2551039e-12 -4.7559507)
(0.42427086 -5.5508203e-12 -4.8492883)
(0.43851664 1.470397e-11 -4.77941)
(0.38014558 1.7958217e-12 -4.8633156)
(0.41300932 -1.3859234e-11 -4.7937186)
(0.33512449 2.056062e-11 -4.8865493)
(0.33684851 3.5551614e-11 -4.8071656)
(0.28441716 2.5251073e-11 -5.0101817)
(0.34258684 1.1038556e-11 -4.8396344)
(0.1930107 2.5445885e-11 -5.3799754)
(0.22439042 4.3393567e-11 -5.0520698)
(0.15097183 4.6292477e-12 -5.5714179)
(0.0056899991 1.2834084e-09 -4.4864329)
(0.0037193086 -1.4085852e-09 -4.4282692)
(0.011682678 1.5987374e-09 -4.4837142)
(0.0091596854 5.2571536e-09 -4.4254913)
(0.017842361 -1.4508229e-09 -4.4811475)
(0.015090372 -2.4381801e-09 -4.4233976)
(0.024287914 -4.2005276e-10 -4.4776595)
(0.021440292 -5.6260689e-10 -4.4204336)
(0.031131047 3.6880425e-11 -4.473141)
(0.028087718 -1.4903711e-10 -4.4165026)
(0.038497718 1.0415983e-10 -4.4675187)
(0.035255746 2.9163094e-10 -4.4114964)
(0.046526352 -1.3675928e-10 -4.4607389)
(0.042989973 -5.3593684e-11 -4.4053854)
(0.055374729 -1.3296674e-10 -4.4527378)
(0.051492058 -1.3752385e-10 -4.3980938)
(0.065221585 -6.7925296e-11 -4.4434602)
(0.060887185 -8.2576689e-11 -4.389575)
(0.07627601 -8.8693886e-11 -4.4328559)
(0.071391211 -3.2314742e-11 -4.3797703)
(0.088773321 -8.9826232e-11 -4.4208988)
(0.08321541 -1.5012656e-10 -4.3686436)
(0.10298767 4.7336494e-12 -4.4075899)
(0.096600807 -2.0494214e-11 -4.3561857)
(0.11922846 2.9594382e-11 -4.3929822)
(0.11185348 7.5309596e-11 -4.342415)
(0.13783746 3.6918696e-12 -4.377205)
(0.12927056 5.081421e-11 -4.3274261)
(0.15919153 -6.4011864e-11 -4.360482)
(0.149222 2.5229307e-13 -4.3113903)
(0.18367404 -5.1960667e-11 -4.3431811)
(0.1720619 -1.2038438e-10 -4.2945885)
(0.21166065 6.4678228e-11 -4.3258415)
(0.19818535 2.2951767e-11 -4.2774773)
(0.24346812 3.9549662e-11 -4.3092215)
(0.22790477 1.1721286e-10 -4.260674)
(0.27928432 -2.9028598e-11 -4.2943288)
(0.26149713 -5.4989005e-11 -4.2450631)
(0.31908306 -3.6324258e-11 -4.2824412)
(0.2990402 -6.8060196e-12 -4.2317468)
(0.36248811 -6.4126038e-12 -4.2750888)
(0.3403424 -5.8370377e-11 -4.2221303)
(0.40864528 -3.7709419e-11 -4.2739709)
(0.38484831 2.4394178e-11 -4.2177969)
(0.45606993 -5.2323015e-11 -4.2808012)
(0.43139809 -1.3126022e-10 -4.220465)
(0.50258452 3.4186416e-11 -4.2970394)
(0.4782583 8.3642403e-12 -4.2317257)
(0.54532558 5.4652884e-11 -4.3235104)
(0.52290538 5.2738868e-11 -4.252782)
(0.58103167 1.0393595e-11 -4.3600422)
(0.56233739 3.7177022e-11 -4.2839768)
(0.60648747 1.4189019e-12 -4.4051376)
(0.59321759 -4.3267506e-11 -4.3245768)
(0.61926005 9.8603884e-12 -4.4560066)
(0.61262497 4.3886391e-11 -4.3723704)
(0.61829007 -2.0127306e-11 -4.5089241)
(0.61860201 -1.0502972e-11 -4.4241511)
(0.60429518 9.577584e-12 -4.5600927)
(0.61093162 -3.7508069e-11 -4.4759233)
(0.57925589 4.6181335e-11 -4.6065968)
(0.59092453 5.2923276e-11 -4.5243419)
(0.54563438 5.51001e-11 -4.6467311)
(0.56154727 3.4024314e-11 -4.5670714)
(0.50668645 3.5053948e-11 -4.6792824)
(0.52352685 4.3095702e-11 -4.6031778)
(0.46495104 9.9894347e-12 -4.7050849)
(0.48685802 3.9520249e-12 -4.6311942)
(0.42150717 6.5315957e-12 -4.7237998)
(0.43541224 1.4989155e-11 -4.6541038)
(0.37812379 1.9667722e-11 -4.7375353)
(0.41065899 -2.6865704e-12 -4.6681703)
(0.33375297 2.6139996e-11 -4.7601354)
(0.33519496 3.3581673e-11 -4.6812572)
(0.28355089 2.9039109e-11 -4.8806285)
(0.34153046 2.1846943e-11 -4.7127998)
(0.1926371 2.2742626e-11 -5.2413594)
(0.22369192 3.3140702e-11 -4.9198516)
(0.15111933 -2.4561043e-12 -5.4264095)
(0.0058468783 8.9872539e-10 -4.3680452)
(0.0038212648 -2.376473e-09 -4.3098831)
(0.011996902 1.9198115e-09 -4.3653889)
(0.0094017123 5.70435e-09 -4.3071714)
(0.018317778 -1.6581704e-09 -4.3628787)
(0.015484031 -2.4737956e-09 -4.3051245)
(0.024930223 -3.0918996e-10 -4.3594681)
(0.021995099 -4.8222322e-10 -4.3022271)
(0.031947359 9.0825995e-11 -4.3550513)
(0.028809298 -9.747369e-11 -4.2983856)
(0.039496384 1.4355664e-10 -4.3495584)
(0.036152617 2.4676622e-10 -4.2934952)
(0.04771642 -5.2346229e-11 -4.3429388)
(0.044070237 -1.6897871e-11 -4.2875291)
(0.056765262 -8.8284528e-11 -4.3351328)
(0.052765102 -1.1509645e-10 -4.2804152)
(0.066820668 -4.7900762e-11 -4.3260902)
(0.062361098 -4.6377355e-11 -4.2721112)
(0.078089439 -9.1777323e-11 -4.315766)
(0.073073238 -8.5962343e-12 -4.2625636)
(0.090802585 -8.276403e-11 -4.3041405)
(0.085108647 -1.4057983e-10 -4.2517416)
(0.10522749 4.874799e-11 -4.2912216)
(0.09870375 -2.0526152e-11 -4.2396426)
(0.12166352 9.6844088e-11 -4.2770687)
(0.1141562 1.1248278e-10 -4.2262917)
(0.14043781 4.7977586e-11 -4.2618175)
(0.13175055 9.374666e-11 -4.2117892)
(0.16190803 -5.4777828e-11 -4.2456957)
(0.15184151 4.1182543e-11 -4.1963125)
(0.18643173 -4.6966979e-11 -4.2290718)
(0.17476011 -1.0416072e-10 -4.1801436)
(0.21435284 7.45612e-11 -4.2124795)
(0.20087429 4.1290593e-11 -4.1637375)
(0.24595053 2.4270294e-11 -4.1966611)
(0.230462 1.2474472e-10 -4.147701)
(0.28137033 -3.3189451e-11 -4.1825949)
(0.26376138 -4.0379619e-11 -4.1328961)
(0.32054538 -2.8422052e-11 -4.1715099)
(0.30080883 4.8201506e-13 -4.1203883)
(0.36306556 -2.8220953e-11 -4.1648645)
(0.34137475 -5.5783336e-11 -4.1115225)
(0.40806342 -6.7976612e-11 -4.1642622)
(0.38487919 1.2872669e-11 -4.107801)
(0.45407626 -7.1585376e-11 -4.1713014)
(0.43016307 -1.3940177e-10 -4.1108358)
(0.49899859 2.6608358e-11 -4.1873202)
(0.4755345 1.2308866e-11 -4.1221012)
(0.54010173 3.5366807e-11 -4.2130452)
(0.5185708 4.4684343e-11 -4.142684)
(0.57431364 -1.5968155e-11 -4.2482637)
(0.55642488 4.3198629e-11 -4.1728561)
(0.59863247 -1.3382499e-12 -4.2915342)
(0.58596835 -3.8305048e-11 -4.2118822)
(0.61080274 2.3846888e-11 -4.3402312)
(0.60448053 5.075162e-11 -4.2576638)
(0.60984144 -2.7728458e-11 -4.3908792)
(0.61015441 -2.1613662e-13 -4.3072008)
(0.59640228 5.3350403e-12 -4.4399313)
(0.60277909 -2.5507421e-11 -4.3567718)
(0.57234102 4.0867897e-11 -4.4846233)
(0.58356735 5.7607094e-11 -4.4032416)
(0.53986908 2.1972653e-11 -4.5233651)
(0.55528001 3.7928744e-11 -4.4443481)
(0.50205897 1.2191535e-11 -4.5549732)
(0.51847218 2.9610547e-11 -4.479315)
(0.4613495 8.8976261e-12 -4.5801263)
(0.48281248 1.2576136e-11 -4.5065867)
(0.41880095 5.8551735e-12 -4.5984341)
(0.43237629 1.3735728e-11 -4.5289305)
(0.37614457 1.1059411e-11 -4.6118598)
(0.40835764 -1.801923e-11 -4.5427315)
(0.33241475 2.9341492e-11 -4.6338099)
(0.33358053 2.9621566e-11 -4.5554474)
(0.28271092 2.5898991e-11 -4.7511526)
(0.34050355 2.0085631e-11 -4.5860426)
(0.1922821 8.0941288e-12 -5.102808)
(0.22301841 1.9762915e-11 -4.7877104)
(0.15128619 3.8431576e-12 -5.2814513)
(0.0060002894 4.0892844e-10 -4.2497053)
(0.0039208613 -1.7617422e-09 -4.1915401)
(0.012304116 2.0542151e-09 -4.2471119)
(0.0096382195 5.8338358e-09 -4.1888947)
(0.018782503 -1.4127382e-09 -4.244659)
(0.015868724 -2.3937423e-09 -4.1868954)
(0.025557886 -2.8687848e-10 -4.2413271)
(0.02253711 -5.251537e-10 -4.1840658)
(0.032744701 4.6835266e-11 -4.2370137)
(0.02951399 -1.6353517e-10 -4.1803152)
(0.040471283 9.370241e-11 -4.231652)
(0.037028052 2.4565549e-10 -4.1755423)
(0.04887734 -7.7294899e-11 -4.2251947)
(0.045123999 -5.6051417e-11 -4.169723)
(0.058120557 -7.4627932e-11 -4.2175857)
(0.054005956 -1.2244748e-10 -4.1627889)
(0.068377609 -7.7739473e-12 -4.2087797)
(0.06379637 -5.3705122e-11 -4.1547013)
(0.07985287 -5.5190367e-11 -4.1987368)
(0.074709343 -7.8989858e-12 -4.1454123)
(0.092772977 -8.0165823e-11 -4.187443)
(0.086947733 -1.3505846e-10 -4.1348954)
(0.1073985 4.1356678e-11 -4.1749126)
(0.10074327 -2.0133858e-11 -4.1231549)
(0.12401883 1.0962649e-10 -4.1612107)
(0.11638527 1.0340645e-10 -4.1102213)
(0.14294667 8.7579853e-11 -4.1464786)
(0.13414576 9.6355105e-11 -4.0962)
(0.16452098 -6.5813183e-12 -4.1309472)
(0.15436461 6.9016751e-11 -4.0812738)
(0.18907435 -1.7419194e-11 -4.114984)
(0.17735041 -9.7426925e-11 -4.0657244)
(0.2169203 9.0655562e-11 -4.0991163)
(0.20344488 1.8946876e-11 -4.0500043)
(0.24830233 6.1626636e-11 -4.0840695)
(0.23289324 1.5410179e-10 -4.034709)
(0.28332638 -7.0659724e-12 -4.0707919)
(0.2658969 1.2284224e-11 -4.0206767)
(0.32188824 -2.6409901e-11 -4.0604645)
(0.30245391 -1.3796087e-11 -4.0089366)
(0.36354769 -1.5234554e-11 -4.0544764)
(0.34230019 -2.6229781e-11 -4.0007744)
(0.40742749 -5.739772e-11 -4.0543394)
(0.38483488 -8.3042132e-12 -3.9976149)
(0.45208883 -5.6607038e-11 -4.061544)
(0.42890249 -1.2410874e-10 -4.0009693)
(0.49549679 3.0160018e-11 -4.0773165)
(0.47285342 -2.8230339e-13 -4.0122032)
(0.53505092 5.2526683e-11 -4.1022945)
(0.51436213 3.4801813e-11 -4.0322973)
(0.56785578 2.1385779e-11 -4.1362324)
(0.55072739 4.5648727e-11 -4.0614616)
(0.59110615 1.3235355e-11 -4.1777437)
(0.57901411 -5.9200897e-12 -4.0989628)
(0.60270832 2.6992191e-11 -4.2243575)
(0.59668502 5.6680645e-11 -4.1428109)
(0.60174853 2.151384e-12 -4.2728291)
(0.60207005 -8.8707687e-12 -4.1901972)
(0.58882165 2.6303459e-11 -4.3198454)
(0.59496425 4.3345473e-12 -4.2376536)
(0.56566146 5.4774269e-11 -4.3627721)
(0.5764818 6.1760053e-11 -4.2822432)
(0.53430149 4.5610816e-11 -4.4001418)
(0.54922619 4.4555774e-11 -4.3217676)
(0.4975633 3.0081842e-11 -4.4308108)
(0.51357706 2.1101043e-11 -4.3555948)
(0.45783758 1.7408854e-11 -4.4553019)
(0.47887588 9.2709222e-13 -4.3821132)
(0.41615525 -9.9879978e-12 -4.473184)
(0.42941189 4.0503476e-12 -4.4038768)
(0.37421078 3.2190441e-13 -4.4862835)
(0.4061079 -2.3281074e-11 -4.417391)
(0.33111175 2.0408353e-11 -4.5075682)
(0.33200782 2.1505749e-11 -4.4297258)
(0.28189851 1.3950547e-11 -4.6217501)
(0.33950738 1.6542984e-12 -4.4593528)
(0.19194682 1.5580258e-11 -4.9643168)
(0.2223711 4.7764406e-12 -4.6556356)
(0.15147404 -7.3414906e-12 -5.1365287)
(0.0061501499 1.7642225e-09 -4.1314169)
(0.0040180395 -2.6365259e-10 -4.0732558)
(0.012604177 2.1338368e-09 -4.1288867)
(0.009869074 5.4951124e-09 -4.0706768)
(0.019236324 -1.6139539e-09 -4.1264923)
(0.016244239 -2.5057333e-09 -4.0687257)
(0.026170634 -4.1719378e-10 -4.1232404)
(0.023066038 -5.5845117e-10 -4.065965)
(0.033522755 2.1461964e-11 -4.1190319)
(0.030201439 -1.804448e-10 -4.0623067)
(0.041422067 1.0436037e-10 -4.1138032)
(0.037881638 2.214497e-10 -4.057653)
(0.050008755 -9.9611521e-11 -4.10751)
(0.046150812 -5.2406524e-11 -4.0519824)
(0.059440281 -1.029633e-10 -4.1000999)
(0.055214164 -1.1122041e-10 -4.0452297)
(0.069892139 -5.4680267e-11 -4.091532)
(0.065192567 -7.353364e-11 -4.0373602)
(0.081566159 -8.5639588e-11 -4.0817713)
(0.076299168 -4.7212252e-11 -4.0283309)
(0.094684556 -7.6772648e-11 -4.0708091)
(0.088732451 -9.6073645e-11 -4.0181196)
(0.10950106 4.0196077e-11 -4.0586655)
(0.10271936 8.0492263e-11 -4.0067365)
(0.12629515 9.0226337e-11 -4.0454107)
(0.11854106 1.6595227e-10 -3.9942176)
(0.14536541 7.811835e-11 -4.0311908)
(0.13645703 1.5666429e-10 -3.9806721)
(0.16703251 -1.9976262e-11 -4.0162388)
(0.15679279 5.6099876e-11 -3.9662875)
(0.19160496 -6.227307e-11 -4.0009203)
(0.17983511 -8.5628368e-11 -3.9513444)
(0.21936719 8.1066865e-11 -3.9857551)
(0.20590044 7.8556659e-12 -3.9362915)
(0.2505289 1.0607228e-10 -3.9714507)
(0.23520297 1.569933e-10 -3.921712)
(0.28515901 5.7826266e-12 -3.9589255)
(0.26790939 3.8340825e-11 -3.90842)
(0.32311913 -1.3512719e-11 -3.9493128)
(0.30398228 1.3586959e-12 -3.8974084)
(0.36394239 -1.9441665e-11 -3.9439347)
(0.34312634 -1.4454706e-11 -3.8899051)
(0.40674486 -7.4136722e-11 -3.9442161)
(0.38472309 -1.9040764e-11 -3.8872605)
(0.45011313 -6.868143e-11 -3.9515459)
(0.42762306 -1.0218297e-10 -3.8908905)
(0.49208117 4.1166365e-12 -3.9670476)
(0.47021933 -1.3897493e-12 -3.9020597)
(0.53017044 2.7852382e-11 -3.9912791)
(0.5102797 4.9196032e-11 -3.9216522)
(0.56165007 1.8673688e-11 -4.0239675)
(0.54524024 2.9328636e-11 -3.9498237)
(0.58389606 3.713775e-11 -4.0637814)
(0.57234518 6.8330484e-12 -3.9858468)
(0.5949623 2.1208212e-11 -4.1083949)
(0.58922531 6.5013978e-11 -4.0278352)
(0.59399792 -6.763218e-12 -4.1547768)
(0.59433524 -9.6787117e-12 -4.073158)
(0.58154395 3.9471525e-11 -4.1998318)
(0.58747566 1.4108296e-11 -4.1185807)
(0.55920956 5.1634198e-11 -4.2410368)
(0.56966418 6.8201735e-11 -4.161353)
(0.52893406 2.0169104e-11 -4.2770553)
(0.54338676 2.8793726e-11 -4.1993438)
(0.49319963 -7.9504371e-12 -4.3067918)
(0.50883802 3.8495566e-12 -4.2320245)
(0.45441778 -1.2445669e-11 -4.3306103)
(0.475051 -1.6849648e-11 -4.2577852)
(0.41357348 -9.1125883e-12 -4.3480496)
(0.42652252 -2.5380858e-12 -4.2789561)
(0.37232473 -2.3045587e-12 -4.360808)
(0.40391268 -3.2391286e-11 -4.2921642)
(0.3298464 2.8417603e-12 -4.3814118)
(0.33047961 1.0337092e-11 -4.3041088)
(0.28111471 -7.532742e-12 -4.4924217)
(0.33854332 3.2736598e-12 -4.3327471)
(0.19163206 -1.8092315e-11 -4.8258831)
(0.22175137 -7.9759634e-12 -4.5236446)
(0.15168458 -1.5242355e-11 -4.9916578)
(0.0062963833 2.0275461e-09 -4.0131819)
(0.0041127659 4.980875e-11 -3.9550206)
(0.012896949 1.5828915e-09 -4.0107153)
(0.010094199 4.9870554e-09 -3.952508)
(0.019679053 -1.5625738e-09 -4.0083801)
(0.016610454 -2.4586392e-09 -3.9506059)
(0.026768224 -3.3778758e-10 -4.0052094)
(0.023581722 -4.1191696e-10 -3.9479152)
(0.034281236 5.9654313e-12 -4.0011074)
(0.030871452 -6.8847591e-11 -3.9443505)
(0.042348426 7.2361027e-11 -3.9960133)
(0.038713168 1.7412963e-10 -3.9398175)
(0.05111035 -6.260549e-11 -3.9898859)
(0.047150469 1.8815251e-11 -3.9342971)
(0.060724152 -8.2580004e-11 -3.9826763)
(0.056389553 -7.0192785e-11 -3.9277277)
(0.071364052 -6.6555074e-11 -3.9743478)
(0.066549587 -2.5712165e-11 -3.9200776)
(0.083229232 -5.6829232e-11 -3.9648699)
(0.07784273 -2.7046752e-11 -3.9113091)
(0.096537454 5.850872e-11 -3.9542388)
(0.090463 -7.1247868e-11 -3.9014035)
(0.1115356 2.0505872e-10 -3.9424802)
(0.10463251 1.5334651e-10 -3.8903768)
(0.12849337 2.3250953e-10 -3.9296684)
(0.12062441 2.0735686e-10 -3.8782695)
(0.14769549 1.3584505e-10 -3.9159536)
(0.13868572 1.7489101e-10 -3.8651945)
(0.16944482 -7.9751359e-12 -3.9015699)
(0.15912804 6.1654193e-11 -3.8513427)
(0.1940267 -1.6474694e-11 -3.88688)
(0.18221702 -7.1804177e-11 -3.8369926)
(0.2216977 8.2318277e-11 -3.8723956)
(0.20824473 2.3921702e-11 -3.8225885)
(0.25263558 9.0361613e-11 -3.8588052)
(0.23739602 1.3356562e-10 -3.8087003)
(0.28687469 3.4241581e-11 -3.8469972)
(0.26980478 6.5233665e-11 -3.7961175)
(0.32424537 5.4860464e-13 -3.8380583)
(0.3054008 2.8268695e-11 -3.7857969)
(0.36425729 -1.401738e-11 -3.8332455)
(0.3438606 -2.4455106e-13 -3.7789099)
(0.40602252 -4.6456715e-11 -3.8339013)
(0.38455103 -1.4465193e-11 -3.7767359)
(0.44815428 -3.5622138e-11 -3.8413194)
(0.42633074 -6.4295136e-11 -3.7806008)
(0.48875354 4.3338153e-11 -3.8565284)
(0.46763555 1.4529377e-11 -3.7916749)
(0.52545748 5.0804806e-11 -3.8800148)
(0.50632279 7.1616953e-11 -3.8107548)
(0.55568866 1.763227e-11 -3.9114842)
(0.53995774 2.3427985e-11 -3.8379484)
(0.57699016 3.434997e-11 -3.9496591)
(0.56595102 1.5165115e-11 -3.8725378)
(0.5875507 3.4571807e-11 -3.99235)
(0.58208754 6.4291214e-11 -3.9127354)
(0.58657659 1.105603e-11 -4.0367236)
(0.5869356 8.7137834e-12 -3.9560759)
(0.57456035 4.2537875e-11 -4.079887)
(0.58030107 2.6231781e-11 -3.9995408)
(0.55299306 4.5573207e-11 -4.1194613)
(0.56311314 6.7389769e-11 -4.0405541)
(0.52375528 1.2604138e-11 -4.1541506)
(0.53775522 1.771163e-11 -4.0770615)
(0.48896739 -4.9450805e-12 -4.1829133)
(0.50424669 -1.2744004e-12 -4.1085865)
(0.45109299 -7.0122397e-12 -4.2060512)
(0.47133986 -1.6347176e-11 -4.1335885)
(0.41105808 -2.5674601e-11 -4.2230328)
(0.42371084 2.3364298e-12 -4.1541552)
(0.3704894 -1.9947524e-11 -4.2354364)
(0.4017742 -5.2028648e-11 -4.1670398)
(0.32862021 1.0800816e-11 -4.2553449)
(0.32899834 -1.3721074e-12 -4.1785856)
(0.28036081 2.8797903e-12 -4.3631727)
(0.33761254 3.9185025e-12 -4.2062151)
(0.19133916 -5.0949435e-12 -4.6875126)
(0.22116073 -6.9853423e-12 -4.3917267)
(0.15191973 -3.4914518e-12 -4.8468237)
(0.0064389214 1.7750064e-09 -3.8949957)
(0.0042050028 5.6316382e-12 -3.8368333)
(0.013182319 1.6224056e-09 -3.892593)
(0.010313504 4.6137231e-09 -3.8343872)
(0.020110527 -1.4260626e-09 -3.8903179)
(0.016967223 -2.1364404e-09 -3.8325347)
(0.027350453 -1.5757567e-10 -3.8872296)
(0.024083967 -2.5020449e-10 -3.8299149)
(0.035019914 9.110793e-11 -3.8832353)
(0.031523797 3.3822478e-11 -3.8264451)
(0.043250115 1.2493847e-10 -3.8782775)
(0.03952238 1.7163647e-10 -3.8220343)
(0.052181891 1.336171e-11 -3.8723175)
(0.048122707 9.5618138e-11 -3.8166658)
(0.061971977 -1.4256477e-11 -3.8653098)
(0.057531877 6.8510937e-12 -3.8102809)
(0.072793237 1.3820974e-11 -3.8572219)
(0.067867239 3.4608689e-11 -3.8028517)
(0.084842115 -4.0726241e-11 -3.8480273)
(0.079339941 3.6972732e-11 -3.7943447)
(0.098331916 2.0177687e-11 -3.8377269)
(0.092139463 -9.6957567e-11 -3.7847448)
(0.1135027 1.5489275e-10 -3.8263511)
(0.10648304 1.2399228e-10 -3.7740732)
(0.13061445 1.5015539e-10 -3.8139782)
(0.122636 1.9923862e-10 -3.7623747)
(0.14993844 1.0205051e-10 -3.8007612)
(0.14083298 1.6204221e-10 -3.7497644)
(0.17176016 -6.8977675e-13 -3.7869349)
(0.16137216 7.4742823e-11 -3.7364367)
(0.19634267 -3.2406226e-11 -3.7728581)
(0.18449871 -7.473165e-11 -3.7226666)
(0.22391595 7.4092866e-11 -3.7590331)
(0.21048124 3.1463208e-12 -3.7088933)
(0.25462754 1.0907103e-10 -3.7461295)
(0.2394769 1.2640408e-10 -3.6956725)
(0.28847957 5.9585315e-11 -3.7350051)
(0.27158858 7.3211835e-11 -3.6837686)
(0.32527384 2.7713361e-11 -3.7267009)
(0.30671587 3.747327e-11 -3.6741032)
(0.36449943 -5.7941644e-13 -3.7224113)
(0.34450987 1.4657401e-11 -3.6677922)
(0.40526684 -3.1925853e-11 -3.7234002)
(0.38432543 -2.5170992e-11 -3.6660471)
(0.44621678 -1.4715173e-11 -3.7308724)
(0.4250311 -3.0421192e-11 -3.670109)
(0.48551519 4.2411506e-11 -3.7457691)
(0.46510523 -1.8402361e-12 -3.6810604)
(0.52090907 4.4561564e-11 -3.7685127)
(0.5024909 7.6761352e-11 -3.699618)
(0.54996392 2.1013823e-11 -3.7987919)
(0.5348749 1.1286858e-11 -3.7258487)
(0.57037701 4.4802972e-11 -3.8353827)
(0.55982227 2.2252819e-11 -3.7590464)
(0.5804603 3.8764123e-11 -3.8762235)
(0.57525936 5.1908247e-11 -3.7975178)
(0.57947217 2.3788808e-11 -3.9186648)
(0.57985825 7.4173608e-12 -3.838952)
(0.56786189 5.0854935e-11 -3.9600017)
(0.57342955 2.4389541e-11 -3.8805303)
(0.54701289 3.9795372e-11 -3.9979814)
(0.5568245 5.6220026e-11 -3.9198399)
(0.51874505 3.9320092e-12 -4.0313632)
(0.53232128 1.4416082e-11 -3.9549105)
(0.48486711 -1.2600347e-11 -4.0591648)
(0.49979848 -6.6694794e-12 -3.9852756)
(0.44786552 -7.0901189e-12 -4.0816156)
(0.46774514 -8.9485681e-12 -4.009518)
(0.4086116 -2.3758692e-11 -4.0981255)
(0.42097957 6.9922907e-12 -4.0294699)
(0.36870701 -3.3687838e-11 -4.1101619)
(0.3996947 -3.2225964e-11 -4.0420156)
(0.32743515 -8.2782586e-12 -4.129361)
(0.32756646 -1.0169992e-11 -4.0531547)
(0.27963811 -5.8987953e-12 -4.2339964)
(0.33671631 -6.5083215e-12 -4.0797553)
(0.19106941 -5.396785e-12 -4.5491962)
(0.22060102 -1.1494427e-11 -4.2598807)
(0.15218165 5.462129e-12 -4.7020211)
(0.0065776949 1.6923255e-09 -3.7768567)
(0.0042947163 1.0122922e-09 -3.7186925)
(0.013460174 1.4685279e-09 -3.7745183)
(0.010526906 4.9463399e-09 -3.716313)
(0.020530585 -1.0694038e-09 -3.772304)
(0.01731441 -1.8471031e-09 -3.7145107)
(0.027917117 -7.0892599e-11 -3.7692992)
(0.024572592 -2.3839638e-10 -3.7119628)
(0.035738552 1.0969514e-10 -3.7654141)
(0.032158256 7.6885105e-13 -3.7085891)
(0.044126884 1.444475e-10 -3.7605939)
(0.040309037 1.1574588e-10 -3.7043019)
(0.053223136 9.1235499e-11 -3.7548028)
(0.049067283 6.9324485e-11 -3.6990866)
(0.063183551 5.513495e-11 -3.7479985)
(0.05864092 3.5593513e-11 -3.6928878)
(0.074179571 5.7716488e-11 -3.7401521)
(0.069145367 4.9055553e-11 -3.6856806)
(0.086404826 -1.7018963e-11 -3.7312412)
(0.080790751 7.3311363e-11 -3.6774357)
(0.10006817 3.5001624e-12 -3.7212707)
(0.093761958 -7.7349512e-11 -3.6681414)
(0.11540285 1.672906e-10 -3.7102756)
(0.10827133 1.2346122e-10 -3.6578236)
(0.13265933 2.1160326e-10 -3.6983371)
(0.12457656 1.8574549e-10 -3.6465305)
(0.15209574 1.3577557e-10 -3.6856108)
(0.14290001 1.4857548e-10 -3.6343794)
(0.17398071 2.3642417e-12 -3.672331)
(0.16352694 1.0127748e-10 -3.6215669)
(0.1985559 -3.999139e-11 -3.6588519)
(0.18668272 -6.9500184e-11 -3.608364)
(0.22602588 5.4247727e-11 -3.6456658)
(0.21261336 -1.9456848e-11 -3.5952036)
(0.25650972 9.1037909e-11 -3.6334223)
(0.24144995 9.3768354e-11 -3.5826272)
(0.28997951 5.1413559e-11 -3.6229492)
(0.2732661 6.5118354e-11 -3.5713733)
(0.32621104 2.4607611e-11 -3.6152426)
(0.30793359 4.414048e-11 -3.5623288)
(0.36467547 -9.6178369e-12 -3.6114363)
(0.3450807 1.943016e-11 -3.5565556)
(0.40448379 -2.3626528e-11 -3.6127199)
(0.38405259 -5.0256978e-11 -3.5552002)
(0.44430477 -1.7753494e-11 -3.6202146)
(0.42372929 -3.5788271e-11 -3.5594237)
(0.4823673 3.196345e-11 -3.6347813)
(0.46263118 -1.4211336e-11 -3.5702271)
(0.5165224 4.3923376e-11 -3.6567851)
(0.49878338 4.5996628e-11 -3.5882544)
(0.54446877 1.2455524e-11 -3.6859019)
(0.5299869 1.3108431e-11 -3.6135371)
(0.56404605 2.9174952e-11 -3.7209603)
(0.55395008 2.292372e-11 -3.6453829)
(0.5736789 2.0826403e-11 -3.760019)
(0.56872918 3.8698322e-11 -3.6821887)
(0.57267325 7.9205058e-12 -3.8005991)
(0.57309114 9.232676e-12 -3.7217873)
(0.56143973 2.9577731e-11 -3.8401708)
(0.56685078 2.6343728e-11 -3.7615459)
(0.5412619 3.1065566e-11 -3.8766037)
(0.55079046 3.791606e-11 -3.7992041)
(0.51389704 3.9244495e-12 -3.9087005)
(0.527078 1.903523e-11 -3.832881)
(0.48090175 -3.0061863e-12 -3.9355417)
(0.49549226 -2.4932825e-12 -3.8620882)
(0.44473762 5.0556774e-12 -3.9572987)
(0.46426986 9.5387734e-12 -3.8855682)
(0.40623644 -1.2881961e-12 -3.9733244)
(0.41833128 1.3480747e-11 -3.9048959)
(0.36697984 -8.8102665e-12 -3.9849826)
(0.39767626 -1.7388865e-11 -3.917089)
(0.32629312 -8.4165532e-12 -4.0034586)
(0.32618642 -4.9472602e-12 -3.9278141)
(0.27894806 -1.208208e-11 -4.1048915)
(0.33585591 -5.2854809e-12 -3.9533663)
(0.19082433 -7.0799326e-13 -4.4109308)
(0.22007438 -1.1066848e-11 -4.1281052)
(0.1524727 2.0040906e-11 -4.5572448)
(0.0067126386 3.2827947e-09 -3.6587637)
(0.0043818751 1.7892381e-09 -3.600597)
(0.013730404 2.2482942e-09 -3.6564899)
(0.010734322 5.4963245e-09 -3.5982842)
(0.02093907 -1.1089058e-09 -3.6543373)
(0.017651884 -1.8540163e-09 -3.5965327)
(0.028468022 -1.7691217e-10 -3.651417)
(0.025047427 -3.627362e-10 -3.5940576)
(0.036436931 2.9352303e-12 -3.6476422)
(0.032774627 -1.0668062e-10 -3.590781)
(0.044978501 4.1924404e-11 -3.6429611)
(0.041072916 7.1254452e-11 -3.5866187)
(0.054233862 1.4491119e-11 -3.6373402)
(0.049983978 2.1914322e-11 -3.581558)
(0.064358697 2.9232189e-11 -3.6307404)
(0.059716488 5.057748e-12 -3.5755466)
(0.07552296 6.4199389e-11 -3.6231364)
(0.070383838 3.1627463e-11 -3.5685624)
(0.087917405 1.5500219e-11 -3.6145093)
(0.082195138 4.8181075e-11 -3.5605801)
(0.10174646 3.956065e-11 -3.604868)
(0.095330633 -7.6826539e-12 -3.5515911)
(0.11723663 1.4104901e-10 -3.5942512)
(0.10999776 1.3135726e-10 -3.5416255)
(0.13462898 1.2319519e-10 -3.5827426)
(0.12644684 1.7766586e-10 -3.5307345)
(0.1541689 1.1464141e-10 -3.5704999)
(0.14488801 1.4388821e-10 -3.5190369)
(0.17610862 3.1313397e-11 -3.5577558)
(0.16559416 1.1509935e-10 -3.5067308)
(0.20066932 -4.9487607e-11 -3.5448593)
(0.18877152 -1.2758061e-11 -3.4940825)
(0.22803133 1.8952446e-11 -3.5322919)
(0.21464441 -3.847616e-11 -3.4815179)
(0.25828687 6.811435e-11 -3.520683)
(0.24331939 5.2435244e-11 -3.4695633)
(0.29138011 5.8029451e-11 -3.5108302)
(0.27484242 6.4458783e-11 -3.4589315)
(0.32706315 3.9169132e-11 -3.5036858)
(0.30905976 5.8302735e-11 -3.4504751)
(0.36479165 -2.065549e-11 -3.5003252)
(0.34557925 2.5435931e-11 -3.4452034)
(0.4036789 -6.2528408e-11 -3.5018675)
(0.38373841 -8.3315096e-11 -3.444201)
(0.44242207 -3.2402566e-11 -3.5093555)
(0.42243004 -5.2462666e-11 -3.4485533)
(0.47931083 -5.9651029e-13 -3.5235764)
(0.46021593 -2.540777e-11 -3.4591855)
(0.51229471 1.5401054e-11 -3.5448441)
(0.49519949 -3.1975059e-12 -3.4766759)
(0.5391965 2.3513677e-11 -3.5728253)
(0.52528912 8.0070098e-12 -3.5010251)
(0.55798735 3.2349672e-11 -3.6063999)
(0.54832612 2.106265e-11 -3.5315567)
(0.56719511 2.7280046e-11 -3.64374)
(0.56248619 1.4849464e-11 -3.5667539)
(0.56616908 2.7557512e-11 -3.6825254)
(0.56662296 1.5103738e-11 -3.6045831)
(0.55528527 3.4617743e-11 -3.7203898)
(0.56055506 3.6181448e-11 -3.6425847)
(0.53573355 2.5987269e-11 -3.7553217)
(0.54500344 2.3184574e-11 -3.6786405)
(0.50920286 1.2729663e-11 -3.7861539)
(0.52201877 4.1949853e-11 -3.7109625)
(0.47707722 9.9908907e-12 -3.8120356)
(0.49132707 -8.4271169e-12 -3.7390227)
(0.44171082 1.7944514e-11 -3.8330958)
(0.46091679 4.3790871e-11 -3.7617335)
(0.40393479 -2.4728988e-12 -3.8486263)
(0.41576841 1.4364449e-11 -3.780429)
(0.3653101 -1.358348e-11 -3.8598964)
(0.39572085 -2.8361551e-11 -3.7922579)
(0.32519602 -1.8146641e-12 -3.8776359)
(0.32486065 1.5559204e-11 -3.8025621)
(0.27829221 -4.2448867e-12 -3.9758566)
(0.33503265 1.8075811e-12 -3.8270464)
(0.1906056 9.549083e-12 -4.2727131)
(0.21958328 -1.674727e-11 -3.9963989)
(0.15279549 4.2923681e-11 -4.4124889)
(0.0068436912 3.0759962e-09 -3.5407154)
(0.0044664495 1.7780434e-09 -3.4825456)
(0.013992908 2.0622264e-09 -3.5385065)
(0.010935677 5.1152321e-09 -3.4802994)
(0.021335837 -1.1938822e-09 -3.5364162)
(0.017979523 -2.1819177e-09 -3.4785993)
(0.029002988 -3.0340063e-10 -3.5335814)
(0.02550831 -3.8122094e-10 -3.4761979)
(0.037114846 -4.4372707e-11 -3.5299182)
(0.033372719 -1.5034056e-10 -3.4730196)
(0.045804755 5.262774e-11 -3.5253773)
(0.041813811 5.2098178e-11 -3.4689833)
(0.055213869 1.2885047e-11 -3.519928)
(0.05087259 3.6896892e-11 -3.4640785)
(0.065497257 6.8965878e-12 -3.5135338)
(0.060758408 -1.3122227e-11 -3.4582556)
(0.076823331 1.5301332e-11 -3.5061729)
(0.071582544 1.8126957e-11 -3.4514952)
(0.089379918 2.5932375e-11 -3.4978297)
(0.083553101 -7.8219765e-12 -3.443776)
(0.10336707 8.2001537e-11 -3.4885165)
(0.096845657 -2.3505218e-11 -3.4350919)
(0.11900458 1.6732941e-10 -3.4782755)
(0.11166275 1.6779485e-10 -3.4254767)
(0.13652436 1.9879278e-10 -3.4671925)
(0.12824757 1.842185e-10 -3.4149845)
(0.15615939 1.4468946e-10 -3.455426)
(0.14679817 1.7006059e-10 -3.4037347)
(0.178146 7.2450638e-11 -3.4432071)
(0.16757557 7.7954311e-11 -3.3919263)
(0.2026858 -1.4783683e-12 -3.4308783)
(0.19076757 -1.519387e-11 -3.37982)
(0.22993601 -5.8856794e-12 -3.4189101)
(0.2165776 -2.5575057e-11 -3.3678344)
(0.25996357 4.8668234e-11 -3.4079111)
(0.24508929 6.2814924e-11 -3.35648)
(0.29268673 6.4786114e-11 -3.3986489)
(0.27632242 5.294474e-11 -3.3464435)
(0.32783603 4.4843669e-11 -3.392033)
(0.3100999 6.8773575e-11 -3.3385439)
(0.36485384 -3.6359918e-11 -3.3890827)
(0.34601132 1.4669434e-11 -3.3337393)
(0.4028573 -7.3483245e-11 -3.39085)
(0.38338839 -8.5988465e-11 -3.3330553)
(0.44057213 -4.5664043e-11 -3.3983045)
(0.42113773 -4.4560681e-11 -3.337506)
(0.47634658 -2.8163093e-11 -3.4121654)
(0.45786173 -1.7540597e-11 -3.3479459)
(0.50822332 -1.0666287e-11 -3.432701)
(0.49173845 1.0327903e-11 -3.3648938)
(0.53414077 5.4722517e-12 -3.4595721)
(0.52077715 -9.5650516e-13 -3.3883238)
(0.55219163 3.6008125e-12 -3.4917088)
(0.54294257 9.8528328e-12 -3.4175771)
(0.56099823 2.6716413e-12 -3.5273899)
(0.55652024 3.9274409e-12 -3.4512187)
(0.5599496 2.360648e-11 -3.5644431)
(0.56044315 1.9563621e-11 -3.4873407)
(0.54939045 2.4820511e-11 -3.6006542)
(0.55453329 2.68701e-11 -3.5236442)
(0.53042302 3.9046235e-11 -3.634127)
(0.53945657 2.3221991e-11 -3.5581436)
(0.50465178 2.1055539e-11 -3.66369)
(0.51714228 3.9442029e-11 -3.5891437)
(0.47340203 2.5109055e-11 -3.6886163)
(0.48730492 -3.6861317e-11 -3.616081)
(0.43878522 4.0355094e-11 -3.7090027)
(0.45768299 7.1520855e-11 -3.6380063)
(0.40170861 -1.1320711e-11 -3.7240281)
(0.41329323 8.1471098e-12 -3.6560654)
(0.36369999 5.7772316e-13 -3.734901)
(0.39383042 -3.2213846e-11 -3.6675197)
(0.32414575 1.9243409e-11 -3.7518912)
(0.32359161 1.6716261e-11 -3.6773967)
(0.27767237 -1.0613403e-11 -3.8468899)
(0.33424798 3.5932243e-12 -3.700794)
(0.19041517 1.6372268e-11 -4.1345391)
(0.21913066 -3.223244e-11 -3.8647606)
(0.15315288 4.7058784e-11 -4.2677475)
(0.0069708005 2.9829788e-09 -3.422706)
(0.0045484153 1.5682781e-09 -3.3645284)
(0.014247598 1.5344462e-09 -3.4205623)
(0.01113091 4.8847704e-09 -3.362349)
(0.021720762 -1.4731528e-09 -3.418535)
(0.01829723 -2.5009728e-09 -3.3607009)
(0.029521863 -2.3798325e-10 -3.4157866)
(0.02595512 -4.0256344e-10 -3.3583739)
(0.03777213 -6.0709395e-11 -3.4122361)
(0.033952393 -1.7993035e-10 -3.3552948)
(0.046605475 3.6792973e-11 -3.4078367)
(0.04253158 3.1142072e-11 -3.3513857)
(0.056163009 1.2088678e-11 -3.4025601)
(0.05173299 2.0320653e-11 -3.346638)
(0.066599132 -2.5466265e-12 -3.3963725)
(0.061766591 -5.6420606e-11 -3.3410046)
(0.078080678 -4.5145307e-12 -3.3892552)
(0.072741473 -9.2679777e-12 -3.3344689)
(0.090792506 -5.7000254e-11 -3.3811959)
(0.084864749 -6.1047986e-11 -3.3270131)
(0.10493034 5.9380894e-11 -3.3722096)
(0.098307317 -1.3490929e-10 -3.3186332)
(0.12070736 1.8445591e-10 -3.3623419)
(0.11326685 2.1182786e-10 -3.3093668)
(0.1383465 1.5566666e-10 -3.3516798)
(0.12997963 1.4745576e-10 -3.29927)
(0.15806873 1.0442239e-10 -3.3403824)
(0.14863179 1.3777737e-10 -3.2884622)
(0.18009502 -8.6565608e-12 -3.3286781)
(0.16947303 4.8644744e-11 -3.277143)
(0.20460823 -3.9183619e-11 -3.3169028)
(0.19267336 -9.5168471e-11 -3.2655666)
(0.2317436 4.2259687e-11 -3.3055147)
(0.21841618 -2.9394124e-12 -3.2541436)
(0.2615443 6.7183572e-11 -3.2951017)
(0.24676366 1.0176445e-10 -3.2433683)
(0.29390452 5.6792947e-11 -3.2864019)
(0.27771085 6.4097455e-11 -3.2339014)
(0.32853525 3.9050405e-11 -3.2802826)
(0.31105934 5.515165e-11 -3.2265289)
(0.36486758 -3.4159558e-11 -3.277709)
(0.34638245 2.013295e-11 -3.2221589)
(0.40202378 -5.7379393e-11 -3.2796699)
(0.38300766 -8.1427565e-11 -3.221761)
(0.43875808 -1.6632125e-11 -3.287066)
(0.41985632 -4.3935523e-11 -3.2262816)
(0.47347507 2.0758492e-11 -3.3005543)
(0.45557044 2.4073325e-13 -3.2365099)
(0.50430548 2.0114047e-11 -3.3203625)
(0.48839917 3.570614e-11 -3.2529108)
(0.52929542 3.3546759e-12 -3.3461479)
(0.51644652 -2.1189405e-11 -3.2754356)
(0.54664996 1.0216289e-11 -3.3768898)
(0.53779173 1.1452078e-11 -3.3034443)
(0.55507805 2.0726957e-11 -3.4109675)
(0.55082148 3.2956092e-11 -3.3355804)
(0.55400514 2.27852e-11 -3.4463471)
(0.55454142 2.5880767e-11 -3.370053)
(0.54374758 2.5291871e-11 -3.4809558)
(0.54877656 2.4309179e-11 -3.4047135)
(0.52532658 2.3529999e-11 -3.5130076)
(0.53414328 4.4635757e-11 -3.4376997)
(0.50025588 -1.8078675e-11 -3.541383)
(0.51245387 3.4816505e-12 -3.4674073)
(0.46986664 9.0023584e-12 -3.5653612)
(0.4834224 -6.3306246e-11 -3.4932524)
(0.43595999 3.962359e-11 -3.585011)
(0.45455778 4.5676777e-11 -3.514372)
(0.39955963 -1.2553841e-11 -3.5995232)
(0.4109081 3.8855986e-12 -3.5317929)
(0.36215174 -1.6302518e-11 -3.6099905)
(0.39200681 -2.8090908e-11 -3.5428636)
(0.32314427 1.1245601e-12 -3.6262187)
(0.32238175 -1.2936894e-11 -3.5523072)
(0.27709063 -1.7868904e-11 -3.7179867)
(0.33350342 -7.0561068e-13 -3.5745987)
(0.19025534 -1.8854973e-12 -3.9964029)
(0.21871988 -3.6377126e-11 -3.7331796)
(0.15354799 1.7151674e-11 -4.1230036)
(0.0070939037 2.6409588e-09 -3.3047393)
(0.0046277315 6.342408e-10 -3.2465609)
(0.014494371 1.5207828e-09 -3.302661)
(0.011319919 5.0367564e-09 -3.2444485)
(0.022093697 -1.5514429e-09 -3.3006975)
(0.018604848 -2.3303925e-09 -3.2428528)
(0.030024467 -3.5398017e-10 -3.2980364)
(0.026387651 -5.4069424e-10 -3.240601)
(0.038408576 -9.5208473e-11 -3.2945995)
(0.0345134 -2.7487327e-10 -3.2376221)
(0.047380449 1.4973932e-11 -3.2903428)
(0.043225944 4.4284717e-11 -3.2338412)
(0.057081077 -4.6346868e-11 -3.2852399)
(0.052564888 -3.7699699e-11 -3.2292515)
(0.067664163 -6.412726e-11 -3.2792598)
(0.062740762 -1.104003e-10 -3.2238087)
(0.079294918 -6.4836434e-11 -3.2723867)
(0.073860396 -6.4281527e-11 -3.2174984)
(0.092155218 -1.3771902e-10 -3.264611)
(0.086129943 -1.0360216e-10 -3.210306)
(0.10643652 1.2271418e-11 -3.2559506)
(0.09971562 -1.2569565e-10 -3.2022297)
(0.12234548 1.7572419e-10 -3.2464535)
(0.11481027 1.5541075e-10 -3.1933102)
(0.14009629 1.2969172e-10 -3.2362077)
(0.13164355 1.5714344e-10 -3.1836052)
(0.1598983 8.30634e-11 -3.2253723)
(0.15038982 1.4691232e-10 -3.1732337)
(0.18195759 -3.626589e-11 -3.2141725)
(0.17128798 5.4815618e-11 -3.162395)
(0.20643921 -5.9885501e-11 -3.2029364)
(0.19449096 -7.0884091e-11 -3.1513367)
(0.23345744 5.5537184e-11 -3.1921102)
(0.22016294 -5.6483029e-12 -3.1404603)
(0.26303314 9.9026329e-11 -3.1822604)
(0.24834606 1.1486149e-10 -3.1302439)
(0.29503825 6.2534495e-11 -3.1740957)
(0.279012 8.5175946e-11 -3.1213218)
(0.32916597 3.6526368e-11 -3.1684427)
(0.31194293 3.5454183e-11 -3.114448)
(0.36483797 -2.6328689e-11 -3.1662144)
(0.34669775 3.0977569e-11 -3.1104818)
(0.40118274 -6.8267535e-11 -3.1683394)
(0.38260108 -6.75989e-11 -3.1103394)
(0.43698281 -2.7382602e-11 -3.1756544)
(0.41858973 -3.2883843e-11 -3.1149037)
(0.47069689 1.4942157e-11 -3.1887587)
(0.45334417 -5.6752697e-12 -3.1249029)
(0.5005388 -5.2169066e-12 -3.2078441)
(0.48518122 5.3103591e-11 -3.140753)
(0.524655 -1.3300755e-11 -3.2325672)
(0.51229378 -4.4522005e-11 -3.1623864)
(0.54135449 3.4058233e-11 -3.2619549)
(0.53286737 2.3755097e-11 -3.1891827)
(0.5494256 3.8151413e-11 -3.2944814)
(0.54538182 5.6411918e-11 -3.2198603)
(0.54832722 2.7413617e-11 -3.3282419)
(0.5489093 2.8648542e-11 -3.252738)
(0.53834995 4.3539449e-11 -3.361296)
(0.54327761 3.0317391e-11 -3.2858075)
(0.5204411 2.4808698e-11 -3.3919619)
(0.52905849 6.9048214e-11 -3.3173217)
(0.49602789 -4.1397127e-11 -3.4191639)
(0.50795701 -9.1551945e-12 -3.3457645)
(0.46644273 -2.7181131e-11 -3.4422021)
(0.47967009 -5.8345387e-11 -3.3705458)
(0.43323647 1.014475e-11 -3.4611218)
(0.45153315 1.3553921e-11 -3.3908471)
(0.39749005 -1.149921e-11 -3.4751137)
(0.4086167 8.3444422e-12 -3.4076259)
(0.36066728 -2.4795164e-11 -3.4851671)
(0.39025239 -2.415207e-11 -3.4183048)
(0.32219419 -1.4821608e-11 -3.5006205)
(0.32123396 -2.2114783e-11 -3.4273096)
(0.27654916 -1.90573e-11 -3.5891482)
(0.33280087 4.8122893e-12 -3.4484767)
(0.19012832 -1.7568203e-11 -3.8583017)
(0.21835484 -2.7241469e-11 -3.6016734)
(0.15398416 -1.0364125e-12 -3.9782711)
(0.007212949 1.9294095e-09 -3.1868167)
(0.0047043724 2.2503666e-10 -3.1286333)
(0.014733132 1.8553216e-09 -3.1848043)
(0.01150265 4.801785e-09 -3.126588)
(0.02245451 -1.4228958e-09 -3.1829051)
(0.018902296 -2.1171995e-09 -3.1250453)
(0.030510636 -4.7289887e-10 -3.1803321)
(0.0268058 -5.2924744e-10 -3.1228694)
(0.039024005 -1.4616243e-10 -3.1770099)
(0.035055626 -2.4462523e-10 -3.1199915)
(0.048129489 -6.0902808e-12 -3.1728968)
(0.043896789 2.3518858e-10 -3.1163399)
(0.057967904 -1.0001031e-10 -3.1679686)
(0.053368192 -3.8986229e-11 -3.1119093)
(0.068692222 -1.1152041e-10 -3.1621967)
(0.063680869 -8.1730014e-11 -3.1066578)
(0.080466013 -1.0231608e-10 -3.1555681)
(0.074939343 -4.7791451e-11 -3.1005734)
(0.093468149 -9.1209335e-11 -3.1480757)
(0.087348833 -1.4279714e-10 -3.0936444)
(0.1078859 1.3172861e-11 -3.1397398)
(0.10107089 -2.6373351e-11 -3.0858711)
(0.12391952 1.3680588e-10 -3.1306106)
(0.11629358 1.2292012e-10 -3.0772964)
(0.14177467 1.7449546e-10 -3.1207765)
(0.13324022 1.266532e-10 -3.0679797)
(0.16164951 1.1976279e-10 -3.110396)
(0.15207355 1.5762497e-10 -3.0580389)
(0.18373572 2.1596153e-11 -3.0996904)
(0.17302223 4.1601295e-11 -3.0476724)
(0.20818139 -1.7327318e-11 -3.0889799)
(0.19622278 -7.2247816e-12 -3.0371204)
(0.2350809 5.2493167e-11 -3.0786977)
(0.22182093 2.2109843e-11 -3.0267752)
(0.26443419 1.0128625e-10 -3.069389)
(0.24984023 1.2251483e-10 -3.0170982)
(0.29609259 5.8532169e-11 -3.0617335)
(0.28023024 1.0890868e-10 -3.0086973)
(0.32973322 2.9942723e-11 -3.0565178)
(0.31275548 1.9232376e-11 -3.0022951)
(0.36476996 -9.5096971e-12 -3.0546051)
(0.34696215 4.5570658e-11 -2.9987037)
(0.40033841 -3.2478381e-11 -3.0568669)
(0.38217314 -3.16873e-11 -2.9987882)
(0.43524905 -1.1373798e-11 -3.0640795)
(0.41734128 -1.2810086e-12 -3.0033718)
(0.46801248 3.2077741e-11 -3.07679)
(0.45118434 1.2631289e-11 -3.0131259)
(0.4969209 1.4449677e-11 -3.0951578)
(0.48208339 6.8252583e-11 -3.0284225)
(0.52021421 -7.9040426e-12 -3.1188409)
(0.50831478 -2.1573749e-11 -3.0491776)
(0.53629756 4.5907105e-11 -3.1469129)
(0.52816257 4.961867e-11 -3.074792)
(0.54403211 4.7074362e-11 -3.1779373)
(0.54019251 7.3927876e-11 -3.104055)
(0.5429075 3.1542721e-11 -3.2101304)
(0.54353768 3.1639661e-11 -3.1353886)
(0.53319093 5.5610905e-11 -3.2416751)
(0.53802848 5.2560995e-11 -3.1669157)
(0.51576259 3.5504916e-11 -3.2709887)
(0.52419626 7.7619553e-11 -3.1969969)
(0.49196724 -2.5847173e-11 -3.2970377)
(0.50364858 5.68889e-12 -3.2242011)
(0.46311325 -1.7973574e-11 -3.3191058)
(0.4760448 -3.4716484e-11 -3.2479413)
(0.43062263 1.1779157e-11 -3.3372963)
(0.44860861 2.2441356e-11 -3.2674258)
(0.39550042 -4.1536458e-12 -3.3508028)
(0.40641754 1.6478173e-11 -3.2835511)
(0.35924939 -2.1481124e-11 -3.3604345)
(0.38856923 -7.1270276e-12 -3.2938328)
(0.32129758 -2.6022087e-12 -3.3751002)
(0.32015115 -7.0876803e-12 -3.302393)
(0.27605076 -3.2312612e-12 -3.460379)
(0.33214247 1.6355278e-11 -3.3224175)
(0.19003699 -1.082169e-11 -3.7202394)
(0.21804012 -1.4851226e-11 -3.4702314)
(0.15446504 6.0497994e-12 -3.8335326)
(0.0073278904 1.953225e-09 -3.0689337)
(0.004778304 1.9473845e-10 -3.0107443)
(0.014963802 1.4582622e-09 -3.0669874)
(0.011679028 4.5578364e-09 -3.0087663)
(0.022803094 -1.3151638e-09 -3.0651532)
(0.019189469 -1.8392082e-09 -3.007277)
(0.030980244 -3.1308538e-10 -3.0626691)
(0.027209435 -4.5081491e-10 -3.0051777)
(0.039618276 1.2051588e-10 -3.0594624)
(0.035578918 -1.4834027e-10 -3.0024016)
(0.04885246 2.0997979e-10 -3.0554938)
(0.044543955 3.9312826e-10 -2.9988802)
(0.058823375 -1.9681255e-11 -3.0507412)
(0.054142752 -7.4230198e-13 -2.9946095)
(0.069683251 -1.8711815e-11 -3.0451783)
(0.064586799 -4.0287715e-11 -2.9895502)
(0.081593993 -8.6505869e-11 -3.0387944)
(0.075978268 4.2163848e-12 -2.9836922)
(0.094731468 -7.9908036e-11 -3.0315849)
(0.088521481 -9.2284244e-11 -2.9770266)
(0.10927886 8.1105711e-11 -3.0235721)
(0.10237335 3.1239233e-11 -2.9695553)
(0.12543013 1.1271547e-10 -3.0148081)
(0.11771724 1.1270325e-10 -2.9613236)
(0.14338264 1.0938484e-10 -3.0053812)
(0.1347704 1.4436858e-10 -2.9523915)
(0.16332379 8.0847055e-11 -2.9954486)
(0.15368413 1.9665303e-10 -2.9428758)
(0.18543136 1.3323677e-11 -2.9852274)
(0.1746774 3.794087e-11 -2.9329732)
(0.20983735 3.1906412e-11 -2.975029)
(0.197871 2.2865953e-11 -2.9229163)
(0.23661724 9.1146008e-11 -2.9652737)
(0.22339297 6.022775e-11 -2.9130874)
(0.26575133 1.3026337e-10 -2.9564851)
(0.25124964 1.1696311e-10 -2.9039309)
(0.29707197 7.0396203e-11 -2.949314)
(0.28136962 8.9569549e-11 -2.8960287)
(0.33024167 3.464063e-11 -2.9445084)
(0.31350148 5.0876865e-12 -2.8900723)
(0.36466807 2.4006678e-11 -2.9428832)
(0.34718021 4.3769129e-11 -2.8868282)
(0.39949456 -7.2043673e-13 -2.9452562)
(0.38172801 -1.5567029e-11 -2.8871129)
(0.43355914 2.2623201e-11 -2.9523471)
(0.41611416 7.0110902e-12 -2.8916932)
(0.46542204 4.8419648e-11 -2.9646547)
(0.44909237 3.7547491e-11 -2.9011874)
(0.4934493 3.2828318e-11 -2.9823103)
(0.47910477 7.4486643e-11 -2.9159283)
(0.51596788 3.5492377e-11 -3.0049747)
(0.5045059 -1.4338536e-12 -2.9358182)
(0.53147187 7.7489316e-11 -3.0317668)
(0.52367123 3.9805667e-11 -2.9602794)
(0.53888927 5.8744977e-11 -3.061335)
(0.53524579 6.6966396e-11 -2.9881691)
(0.53773806 5.253764e-11 -3.0920088)
(0.53841845 1.5321373e-11 -3.0180062)
(0.5282641 7.4430376e-11 -3.1220866)
(0.53302206 5.5354865e-11 -3.0480366)
(0.51128664 4.8190385e-11 -3.1500795)
(0.51955139 5.7851238e-11 -3.0767216)
(0.48807183 -2.9699078e-12 -3.174999)
(0.499525 7.3427506e-12 -3.1027119)
(0.45988356 5.4096828e-12 -3.1961502)
(0.47255406 -2.8454739e-11 -3.1254287)
(0.42811487 2.7169612e-11 -3.2136118)
(0.44578248 2.8488494e-11 -3.1441096)
(0.39358984 1.3617216e-11 -3.226586)
(0.4042986 1.9965566e-11 -3.1595644)
(0.35790031 7.2662338e-12 -3.2357884)
(0.38695982 2.300588e-11 -3.169446)
(0.32045736 1.1764182e-11 -3.2496522)
(0.31913686 2.5482709e-12 -3.1775557)
(0.27559864 4.8722158e-12 -3.3316728)
(0.33153108 2.4322094e-11 -3.1964198)
(0.18998452 1.9309235e-12 -3.5822063)
(0.21778127 -8.1066151e-12 -3.3388522)
(0.15499462 9.6702186e-12 -3.6887804)
(0.0074386787 1.7085754e-09 -2.9510887)
(0.0048494896 4.4936424e-10 -2.8928925)
(0.015186298 1.8419153e-09 -2.9492088)
(0.011848983 4.4762781e-09 -2.8909819)
(0.023139336 -1.054959e-09 -2.9474401)
(0.019466271 -1.870757e-09 -2.8895465)
(0.031433155 -2.9894106e-10 -2.9450456)
(0.027598436 -4.2788505e-10 -2.8875245)
(0.040191245 1.0597928e-10 -2.9419553)
(0.036083139 -1.3966786e-10 -2.884851)
(0.049549218 1.9344928e-10 -2.9381321)
(0.0451673 3.576332e-10 -2.8814605)
(0.05964737 -2.0400756e-11 -2.933556)
(0.054888438 2.0128073e-11 -2.8773506)
(0.070637176 -1.8291538e-11 -2.9282025)
(0.065458456 -5.226861e-11 -2.8724842)
(0.082678873 2.3245268e-13 -2.9220635)
(0.076977146 2.093567e-11 -2.8668529)
(0.095945324 1.6797421e-11 -2.9151365)
(0.089647969 -2.226234e-11 -2.8604506)
(0.11061573 6.1599103e-11 -2.9074454)
(0.10362325 3.7827562e-11 -2.8532805)
(0.12687789 1.4391553e-10 -2.8990437)
(0.1190817 9.8721438e-11 -2.8453896)
(0.14492115 2.3096512e-10 -2.8900194)
(0.13623482 1.7647329e-10 -2.8368386)
(0.16492251 1.5563949e-10 -2.8805279)
(0.15522268 2.1590251e-10 -2.8277425)
(0.18704642 4.7650894e-11 -2.8707814)
(0.17625507 4.8409425e-11 -2.8182958)
(0.21140958 5.0797599e-11 -2.8610823)
(0.19943775 2.6281474e-11 -2.808723)
(0.23806954 8.548798e-11 -2.8518374)
(0.22488178 4.8922318e-11 -2.7993958)
(0.26698826 7.6523193e-11 -2.8435485)
(0.25257761 9.9567903e-11 -2.7907418)
(0.29798057 2.5002745e-11 -2.8368383)
(0.28243402 4.7779e-11 -2.7833166)
(0.33069576 1.3893553e-11 -2.832417)
(0.31418518 4.833155e-12 -2.7777818)
(0.36453657 4.6667007e-12 -2.8310531)
(0.34735626 3.595601e-11 -2.7748591)
(0.39865477 -8.0066662e-12 -2.8335133)
(0.38126963 -2.8493224e-11 -2.7753189)
(0.43191525 2.1713962e-11 -2.8404646)
(0.41491129 -5.2054795e-12 -2.7798748)
(0.46292573 6.3357816e-11 -2.8523615)
(0.44706954 3.4153811e-11 -2.789096)
(0.49012169 4.0730878e-11 -2.8693101)
(0.47624437 6.5267731e-11 -2.8032796)
(0.51191121 2.6149508e-12 -2.890976)
(0.50086367 9.8984916e-12 -2.8223167)
(0.52687066 2.9115012e-11 -2.9165223)
(0.51938759 1.2647816e-11 -2.8456518)
(0.5339894 2.3850309e-11 -2.9446773)
(0.53053439 5.1700918e-11 -2.872207)
(0.53281157 1.790841e-11 -2.9738768)
(0.533544 1.2849269e-11 -2.9005921)
(0.52356352 3.8761853e-11 -3.0025278)
(0.52825166 4.2497226e-11 -2.9291687)
(0.50700914 1.7275249e-11 -3.0292301)
(0.51511891 4.5962895e-11 -2.9564924)
(0.48434079 -1.7955575e-11 -3.0530403)
(0.49558301 -8.8316636e-12 -2.9812922)
(0.45677232 -5.663608e-12 -3.0733)
(0.46920662 -2.678964e-11 -3.0030012)
(0.4256816 2.132624e-11 -3.0900064)
(0.4430488 6.1670685e-12 -3.0208916)
(0.39176118 2.933975e-11 -3.1024306)
(0.402247 2.4813465e-11 -3.0356674)
(0.35662236 1.8382662e-11 -3.1112277)
(0.38542407 1.7539744e-11 -3.045143)
(0.31967705 1.5008078e-11 -3.1242765)
(0.31819497 -4.2210746e-12 -3.052796)
(0.27519664 1.1485527e-11 -3.2030286)
(0.33097058 2.7047848e-11 -3.070482)
(0.18997466 -4.4330597e-13 -3.4441982)
(0.2175849 -5.3129748e-12 -3.2075345)
(0.15557716 3.828755e-12 -3.5440068)
(0.0075452663 2.2103385e-09 -2.8332801)
(0.0049178891 6.7461014e-10 -2.7750765)
(0.01540054 1.3406086e-09 -2.8314671)
(0.012012443 3.945047e-09 -2.7732335)
(0.023463129 -1.3269258e-09 -2.8297644)
(0.01973261 -2.4006035e-09 -2.7718524)
(0.031869245 -2.8087641e-10 -2.8274602)
(0.027972689 -5.3786807e-10 -2.7699082)
(0.040742775 9.5185373e-11 -2.824487)
(0.036568158 -2.4035493e-10 -2.767338)
(0.05021963 1.9377477e-10 -2.8208101)
(0.045766691 3.4815122e-10 -2.7640793)
(0.060439778 -1.0004244e-11 -2.8164111)
(0.055605133 -4.7800013e-11 -2.7601309)
(0.071553942 -1.4574475e-11 -2.8112677)
(0.066295759 -1.09113e-10 -2.755458)
(0.083720682 -7.5585002e-13 -2.8053737)
(0.077935967 -1.8902726e-11 -2.7500538)
(0.097109882 -2.2370447e-12 -2.7987285)
(0.090728394 -6.8682068e-11 -2.7439146)
(0.11189686 7.4024744e-11 -2.7913576)
(0.10482082 3.7282861e-11 -2.7370446)
(0.12826343 1.3019677e-10 -2.7833155)
(0.12038743 9.8710653e-11 -2.7294925)
(0.14639113 1.6090418e-10 -2.7746892)
(0.13763424 1.7995873e-10 -2.7213192)
(0.16644703 1.1066981e-10 -2.7656321)
(0.15669031 2.0174183e-10 -2.7126371)
(0.18858273 2.7286236e-11 -2.7563509)
(0.17775681 1.5388036e-11 -2.7036384)
(0.21290047 2.4170044e-11 -2.7471387)
(0.20092508 2.1936012e-11 -2.694539)
(0.2394408 6.2505143e-11 -2.7383881)
(0.22629 3.8300154e-11 -2.6856997)
(0.26814851 7.130373e-11 -2.7305797)
(0.25382735 7.1117246e-11 -2.6775309)
(0.29882237 2.7986455e-11 -2.7243079)
(0.28342713 2.3382197e-11 -2.6705622)
(0.33109966 2.6636024e-11 -2.7202464)
(0.3148106 7.4201761e-12 -2.6654256)
(0.36437948 3.307974e-12 -2.7191191)
(0.34749437 2.3166889e-11 -2.6628)
(0.39782233 -2.5868582e-11 -2.7216443)
(0.38080164 -2.2108837e-11 -2.6634114)
(0.43031938 6.9489765e-12 -2.7284395)
(0.41373536 -2.0237784e-11 -2.6679234)
(0.46052363 3.5847532e-11 -2.7399186)
(0.44511696 2.7592043e-11 -2.6768595)
(0.48693588 3.480467e-11 -2.7561657)
(0.47350125 4.6823243e-11 -2.6904848)
(0.50803971 1.9913724e-11 -2.7768526)
(0.49738478 3.9184011e-11 -2.7086812)
(0.52248762 3.4992542e-11 -2.8011849)
(0.51530623 -3.6943198e-12 -2.7309159)
(0.52932534 4.0931217e-11 -2.8279669)
(0.52605148 3.7858252e-11 -2.7561728)
(0.52812115 3.7267613e-11 -2.8557345)
(0.52890722 2.6274227e-11 -2.7831477)
(0.51908359 4.9679008e-11 -2.8829964)
(0.52371098 2.5081525e-11 -2.8103107)
(0.50292617 2.0150679e-11 -2.9084365)
(0.51089414 4.6124316e-11 -2.836306)
(0.48077298 -1.7572167e-11 -2.9311564)
(0.49181956 7.4534562e-12 -2.8599378)
(0.45378779 -1.5125463e-11 -2.9505219)
(0.46600453 -3.5752905e-12 -2.8806535)
(0.42330461 9.5628631e-12 -2.9664708)
(0.44041168 5.1679727e-13 -2.8977608)
(0.39001748 1.3048101e-11 -2.9783521)
(0.40025753 2.7250005e-11 -2.9118652)
(0.35541462 -4.9632121e-12 -2.9867456)
(0.38395125 -5.3858066e-12 -2.9209218)
(0.3189608 7.6778099e-12 -2.9989723)
(0.31732877 6.4466252e-12 -2.9281133)
(0.27484908 1.0391313e-11 -3.0744456)
(0.33046602 1.9820056e-11 -2.9446029)
(0.19001184 -1.0799896e-12 -3.3062109)
(0.21745908 2.0005498e-11 -3.0762769)
(0.15621715 2.3682424e-12 -3.3992037)
(0.007647605 1.5917094e-09 -2.7155067)
(0.0049834577 1.8623641e-11 -2.6572946)
(0.015606449 7.8071183e-10 -2.7137608)
(0.012169334 3.7854458e-09 -2.6555197)
(0.023774374 -1.7190114e-09 -2.7121246)
(0.019988396 -2.6024346e-09 -2.6541932)
(0.032288398 -5.1000672e-10 -2.7099113)
(0.028332086 -6.2835398e-10 -2.6523275)
(0.041272744 -7.2710198e-12 -2.7070561)
(0.037033859 -3.1723806e-10 -2.6498612)
(0.05086358 1.1767789e-10 -2.7035262)
(0.046342011 2.7962705e-10 -2.646735)
(0.061200507 -1.4543893e-10 -2.6993049)
(0.056292733 -1.2316338e-10 -2.6429488)
(0.072433504 -1.1533047e-10 -2.6943719)
(0.067098642 -1.4210061e-10 -2.6384699)
(0.084719462 -8.5903291e-11 -2.688723)
(0.078854734 -6.1322353e-11 -2.6332931)
(0.098225314 -3.0934146e-11 -2.682359)
(0.091762864 -1.0938589e-10 -2.6274166)
(0.11312262 6.1035504e-11 -2.6753069)
(0.10596634 1.9628178e-11 -2.6208459)
(0.12958735 1.4734152e-10 -2.6676215)
(0.1216349 1.522866e-11 -2.6136304)
(0.14779351 2.2051656e-10 -2.6593888)
(0.1389694 1.8363504e-10 -2.6058311)
(0.16789866 1.0868233e-10 -2.6507595)
(0.15808812 1.9815322e-10 -2.5975579)
(0.19004208 9.964948e-12 -2.6419346)
(0.17918411 -1.507966e-11 -2.5889995)
(0.21431232 3.589544e-11 -2.6331971)
(0.202335 -9.9090286e-12 -2.5803632)
(0.24073386 4.659015e-11 -2.6249256)
(0.22762015 2.9946749e-11 -2.5719983)
(0.26923547 2.3638159e-11 -2.6175791)
(0.2550019 5.9730355e-11 -2.5642982)
(0.29960115 2.9560582e-12 -2.6117244)
(0.28435247 -2.3836771e-11 -2.5577664)
(0.33145734 3.819702e-12 -2.6079995)
(0.31538155 1.3660511e-11 -2.5530061)
(0.36420053 -1.8903183e-12 -2.6070856)
(0.34759836 -2.6940817e-11 -2.5506546)
(0.3970003 -1.6492223e-11 -2.6096552)
(0.38032746 -1.636524e-11 -2.5513957)
(0.42877334 5.8470885e-14 -2.6162791)
(0.41258886 -5.4104438e-11 -2.5558458)
(0.45821578 3.8434127e-11 -2.6273342)
(0.44323561 7.1159622e-12 -2.5644856)
(0.48388973 5.125354e-11 -2.6428853)
(0.47087442 5.0217575e-11 -2.577552)
(0.5043491 1.5850964e-11 -2.6626114)
(0.49406611 4.917827e-11 -2.5949194)
(0.51831681 -1.0852246e-12 -2.6857598)
(0.51142206 -3.4078533e-11 -2.6160779)
(0.52489036 2.3270238e-11 -2.7112066)
(0.52179067 2.6038286e-11 -2.6400705)
(0.52366035 1.4094997e-11 -2.737582)
(0.52450141 2.5686123e-11 -2.6656744)
(0.514819 2.1409885e-11 -2.7634902)
(0.5193941 -1.7015827e-11 -2.6914613)
(0.49903401 3.3635073e-11 -2.787695)
(0.50687264 3.6318321e-11 -2.7161595)
(0.47736651 2.1507793e-11 -2.8093427)
(0.48823174 2.5889744e-11 -2.7386447)
(0.45093126 1.2046296e-11 -2.8278236)
(0.46294656 1.2937435e-11 -2.7583807)
(0.42100554 1.8072856e-11 -2.8430774)
(0.43788368 -1.6530186e-12 -2.7747093)
(0.38833092 8.9715324e-12 -2.8543638)
(0.39833232 1.0004998e-11 -2.7881544)
(0.35427472 5.969231e-12 -2.8622894)
(0.38252503 -6.0319818e-13 -2.7967842)
(0.31831242 1.8528616e-11 -2.8737371)
(0.31653218 1.8953526e-11 -2.8035077)
(0.27456066 2.9433428e-11 -2.945924)
(0.33002347 2.148911e-12 -2.8187812)
(0.19010144 2.352912e-11 -3.1682395)
(0.21741375 3.4419205e-11 -2.945078)
(0.1569193 1.2055397e-12 -3.2543626)
(0.0077456474 1.2706431e-09 -2.5977624)
(0.0050461492 -6.6102216e-10 -2.5395371)
(0.015803952 9.8302261e-10 -2.596084)
(0.012319591 4.3712254e-09 -2.5378304)
(0.024072987 -1.6256633e-09 -2.5945149)
(0.020233565 -2.2737528e-09 -2.536559)
(0.032690518 -4.4882212e-10 -2.5923931)
(0.028676553 -5.6099251e-10 -2.5347722)
(0.041781055 -5.0505854e-11 -2.5896564)
(0.03748016 -2.6367031e-10 -2.5324105)
(0.051480981 5.0076602e-11 -2.5862742)
(0.046893185 2.1906483e-10 -2.5294175)
(0.0619295 -1.1937015e-10 -2.5822313)
(0.056951188 -9.4741699e-11 -2.5257942)
(0.073275861 -8.9783277e-11 -2.5775091)
(0.067867098 -1.3152065e-10 -2.5215098)
(0.085675303 -8.3911134e-11 -2.5721052)
(0.07973352 -4.2875822e-11 -2.5165606)
(0.099291841 -6.0982053e-11 -2.5660218)
(0.09275156 -1.075641e-10 -2.5109465)
(0.1142934 -2.6114919e-11 -2.5592868)
(0.10706013 -4.4853423e-11 -2.5046739)
(0.13085029 4.9174211e-11 -2.5519554)
(0.12282467 -8.5131084e-11 -2.4977931)
(0.14912924 1.6108309e-10 -2.5441119)
(0.14024112 1.3071054e-10 -2.4903644)
(0.16927874 7.6932912e-11 -2.535904)
(0.15941726 1.6671285e-10 -2.4824948)
(0.19142624 -3.501277e-11 -2.5275265)
(0.18053854 -2.4227727e-11 -2.4743694)
(0.21564741 -1.6275278e-11 -2.5192521)
(0.20366952 -4.7675606e-11 -2.4661863)
(0.24195152 4.2794486e-11 -2.511445)
(0.22887472 1.5525055e-11 -2.458283)
(0.27025241 1.3029615e-11 -2.5045428)
(0.25610425 8.9117726e-11 -2.4510357)
(0.30032054 -1.3462109e-11 -2.4990851)
(0.28521344 -4.1109096e-11 -2.4449222)
(0.33177252 -1.6762092e-11 -2.495675)
(0.31590167 -3.7876656e-12 -2.4405175)
(0.36400326 -4.1501141e-11 -2.4949528)
(0.3476718 -5.6210316e-11 -2.4384184)
(0.39619153 -5.3692674e-11 -2.4975473)
(0.37985025 -4.0632453e-11 -2.4392688)
(0.42727874 -4.749254e-11 -2.5039861)
(0.411474 -7.6437835e-11 -2.4436402)
(0.45600208 1.8599216e-11 -2.5146116)
(0.44142625 -1.7325891e-11 -2.4519739)
(0.4809811 4.8149127e-11 -2.5294722)
(0.46836278 4.4394944e-11 -2.4644811)
(0.50083526 -2.1783658e-13 -2.548255)
(0.49090448 2.5505842e-11 -2.4810305)
(0.51435251 -7.3265047e-12 -2.5702477)
(0.50773006 -4.3266689e-11 -2.5011357)
(0.520678 2.8456452e-11 -2.5943946)
(0.51774572 3.50938e-11 -2.5238959)
(0.51942293 -5.1798539e-12 -2.6194148)
(0.52032007 -1.1216832e-12 -2.5481651)
(0.51076459 -2.4046472e-12 -2.6440028)
(0.51529517 -3.3469083e-11 -2.5726112)
(0.49532895 2.8628902e-11 -2.666998)
(0.50304991 3.1387379e-11 -2.5960415)
(0.47411912 1.7386722e-11 -2.6875906)
(0.48481654 3.7529921e-11 -2.6174004)
(0.4482035 -6.8862008e-13 -2.7051962)
(0.46003112 5.0954114e-12 -2.6361699)
(0.41880567 -9.7790292e-12 -2.7197353)
(0.43547109 -1.7364241e-12 -2.651724)
(0.3866906 4.8048965e-13 -2.7305102)
(0.39648283 -9.5045678e-13 -2.6645178)
(0.35317591 1.2290748e-11 -2.7379307)
(0.38114098 6.3848001e-12 -2.6727207)
(0.31774126 2.6489726e-12 -2.7485087)
(0.31578712 2.7708805e-11 -2.6789764)
(0.27433717 6.9923229e-12 -2.8174606)
(0.32964119 -4.1079618e-12 -2.6930059)
(0.19025017 1.2237194e-11 -3.0302765)
(0.21746116 2.2723291e-11 -2.8139267)
(0.15768842 1.4528031e-11 -3.1094647)
(0.0078393298 1.1815014e-09 -2.4800509)
(0.005105898 -1.1037019e-09 -2.4218187)
(0.015992966 1.7185124e-09 -2.4784404)
(0.012463112 5.0940639e-09 -2.4201807)
(0.024358863 -1.3079065e-09 -2.4769387)
(0.020467999 -2.1157406e-09 -2.4189648)
(0.03307549 -3.8849485e-10 -2.4749091)
(0.029005946 -5.301386e-10 -2.4172574)
(0.042267584 -1.0409646e-11 -2.4722915)
(0.037906896 -2.2451283e-10 -2.4150009)
(0.05207171 8.3043687e-11 -2.4690576)
(0.047420036 2.2592398e-10 -2.4121417)
(0.062626652 -1.0601099e-10 -2.4651936)
(0.057580321 -7.956583e-11 -2.4086817)
(0.074080956 -8.6469752e-11 -2.4606826)
(0.068600972 -1.2639938e-10 -2.4045922)
(0.086588224 -6.5326558e-11 -2.4555236)
(0.080572221 -2.5877934e-11 -2.3998708)
(0.1003096 -9.248302e-11 -2.4497201)
(0.093694464 -6.4813071e-11 -2.3945186)
(0.1154095 -1.0325492e-10 -2.4433007)
(0.10810232 -1.170841e-10 -2.3885432)
(0.13205278 -6.5976315e-12 -2.4363205)
(0.12395702 -8.5138268e-11 -2.381995)
(0.15039914 1.3587872e-10 -2.428862)
(0.14144993 1.1129144e-10 -2.3749335)
(0.17058843 6.7829509e-11 -2.4210693)
(0.16067857 1.3571322e-10 -2.3674624)
(0.19273681 -3.6629586e-11 -2.4131307)
(0.18182131 -4.030659e-12 -2.3597627)
(0.21690779 -1.6534463e-11 -2.4053083)
(0.20493029 -7.4746172e-11 -2.3520232)
(0.24309631 6.1125315e-11 -2.3979516)
(0.23005588 -9.2595406e-13 -2.3445691)
(0.27120228 3.6185239e-11 -2.3914769)
(0.25713701 1.0752693e-10 -2.3377596)
(0.30098383 -3.1761668e-11 -2.386397)
(0.28601308 -4.1440454e-11 -2.3320467)
(0.33204864 -4.279772e-11 -2.3832812)
(0.31637428 -1.4226883e-11 -2.3279779)
(0.3637909 -5.5464859e-11 -2.3827303)
(0.34771806 -5.3538639e-11 -2.326111)
(0.39539861 -6.3105839e-11 -2.3853318)
(0.379373 -5.6554535e-11 -2.3270514)
(0.42583709 -4.6699831e-11 -2.3915726)
(0.41039302 -8.8406512e-11 -2.3313288)
(0.45388249 8.0413474e-12 -2.4017638)
(0.43968989 -2.6660329e-11 -2.3393474)
(0.47820818 2.1878586e-11 -2.4159392)
(0.4659657 3.7300139e-11 -2.3512955)
(0.49749457 -1.7101345e-11 -2.4337952)
(0.4878975 8.3943437e-12 -2.3670377)
(0.51058975 -1.3305255e-12 -2.4546585)
(0.50422623 -4.7244291e-11 -2.3861111)
(0.51668264 5.7321144e-12 -2.4775386)
(0.51391158 4.449458e-11 -2.4076688)
(0.51540351 -2.9224065e-11 -2.5012383)
(0.5163579 -2.2948027e-11 -2.4306377)
(0.50691591 -3.7588532e-14 -2.5245373)
(0.51140951 -2.5596656e-11 -2.4537761)
(0.49180787 4.0254949e-11 -2.5463471)
(0.49942247 2.9540802e-11 -2.4759662)
(0.47102886 2.5407311e-11 -2.565901)
(0.48157174 4.5257436e-11 -2.4962184)
(0.44560459 4.0819528e-12 -2.5826398)
(0.45725727 -2.0557918e-12 -2.5140341)
(0.41670784 7.0876956e-12 -2.5964676)
(0.43317418 1.0528416e-11 -2.5288183)
(0.38511856 4.9187603e-12 -2.6067111)
(0.39471953 1.358804e-11 -2.5409676)
(0.35210301 2.1703764e-11 -2.6137171)
(0.37981091 7.3620606e-12 -2.5487417)
(0.31723548 2.1094569e-11 -2.6234464)
(0.31507454 3.6447092e-11 -2.5545433)
(0.27418927 1.1505138e-11 -2.6890619)
(0.32930538 1.5600232e-11 -2.5672965)
(0.19046562 2.5048703e-11 -2.8923188)
(0.217617 5.3781576e-12 -2.6828393)
(0.15852903 1.8389783e-11 -2.9645219)
(0.0079285898 1.2594192e-09 -2.3623732)
(0.0051626447 -5.1866921e-10 -2.3041291)
(0.016173405 1.9152473e-09 -2.360831)
(0.012599822 4.7798137e-09 -2.3025601)
(0.02463191 -1.4294498e-09 -2.3593973)
(0.020691639 -2.0479831e-09 -2.3014)
(0.033443207 -3.7916194e-10 -2.3574603)
(0.0293202 -5.2899322e-10 -2.2997726)
(0.042732218 -3.396641e-12 -2.3549625)
(0.038314001 -1.7149576e-10 -2.2976217)
(0.05263566 7.1879612e-11 -2.3518774)
(0.047922508 1.8304389e-10 -2.2948969)
(0.063291883 -9.8831501e-11 -2.3481927)
(0.0581801 -8.5634885e-11 -2.2916008)
(0.074848753 -6.7912726e-11 -2.3438932)
(0.069300272 -9.717269e-11 -2.2877067)
(0.087458272 -2.4640443e-11 -2.3389788)
(0.081370921 -4.4201109e-11 -2.283213)
(0.10127877 -8.854006e-11 -2.3334545)
(0.094591765 -5.3037537e-11 -2.2781225)
(0.11647126 -9.9452805e-11 -2.3273491)
(0.10909322 -1.1563791e-10 -2.2724432)
(0.13319538 3.0016192e-11 -2.3207174)
(0.12503248 -5.8021691e-11 -2.2662254)
(0.15160404 1.1081222e-10 -2.3136397)
(0.14259661 7.792261e-11 -2.2595278)
(0.17182891 6.55195e-11 -2.3062561)
(0.16187314 9.0340392e-11 -2.2524504)
(0.19397537 -4.1360351e-11 -2.2987481)
(0.18303388 2.0289746e-11 -2.2451694)
(0.21809549 -5.9907627e-11 -2.2913669)
(0.20611918 -8.7539205e-11 -2.2378644)
(0.24417072 4.4411168e-11 -2.2844473)
(0.2311659 -2.5712518e-13 -2.2308478)
(0.27208802 3.1281983e-11 -2.2783841)
(0.25810289 1.3027384e-10 -2.2244616)
(0.30159426 -2.4144592e-11 -2.2736637)
(0.28675441 -2.9948655e-11 -2.2191327)
(0.33228902 -2.4639912e-11 -2.2708229)
(0.31680258 -1.3302545e-11 -2.2153813)
(0.36356654 -5.4604361e-11 -2.2704242)
(0.34774025 -2.3589134e-11 -2.2137277)
(0.39462405 -8.1613738e-11 -2.2730161)
(0.37889842 -3.4990559e-11 -2.2147404)
(0.42444981 -6.8814728e-11 -2.2790471)
(0.40934774 -9.2136044e-11 -2.2189094)
(0.45185696 2.1540359e-12 -2.2887999)
(0.43802702 -1.78218e-11 -2.2266046)
(0.47556911 2.4008705e-11 -2.3022956)
(0.46368204 4.5295204e-11 -2.2379941)
(0.49432348 -2.1391769e-11 -2.3192404)
(0.48504222 2.0944482e-11 -2.2529394)
(0.50702362 -1.9857336e-12 -2.3389994)
(0.50090603 -3.829483e-11 -2.2710013)
(0.51289873 1.6216021e-11 -2.3606437)
(0.51028266 5.4611336e-11 -2.2913844)
(0.51159669 -1.9305389e-11 -2.3830556)
(0.51260908 -1.9627354e-11 -2.3130848)
(0.50326845 3.6753022e-12 -2.4050951)
(0.50773186 -5.587913e-12 -2.3349464)
(0.48846748 3.4458762e-11 -2.4257425)
(0.49598622 4.1455669e-11 -2.3559224)
(0.46809375 1.8040837e-11 -2.4442736)
(0.47849451 4.1959163e-11 -2.3750864)
(0.4431335 4.3270949e-12 -2.4601542)
(0.45462341 2.3396809e-11 -2.3919605)
(0.41471248 1.7013757e-11 -2.4732772)
(0.43099182 1.3142148e-11 -2.4059791)
(0.38362233 1.6060993e-11 -2.4829834)
(0.39304404 1.1246251e-11 -2.4174904)
(0.35107516 2.1970686e-11 -2.4895609)
(0.37854567 1.8972545e-12 -2.424833)
(0.31675886 3.1046682e-11 -2.4983615)
(0.31438821 3.7197443e-11 -2.4301964)
(0.27414235 9.5180959e-12 -2.5606415)
(0.32900622 1.5449067e-11 -2.4416552)
(0.19075434 -1.3363798e-12 -2.7543669)
(0.21789178 1.0903668e-11 -2.5518)
(0.1594451 7.0935511e-12 -2.8195158)
(0.0080133573 1.6771046e-09 -2.2447242)
(0.0052163157 1.0623872e-12 -2.1864653)
(0.01634519 1.4372917e-09 -2.2432508)
(0.012729625 4.3987867e-09 -2.1849659)
(0.02489205 -1.2351607e-09 -2.2418854)
(0.020904403 -2.4931689e-09 -2.183862)
(0.033793586 -3.365397e-10 -2.2400415)
(0.029619224 -4.7523157e-10 -2.182315)
(0.043174874 2.9670949e-12 -2.2376639)
(0.038701376 -1.5036023e-10 -2.1802703)
(0.053172758 3.3062455e-11 -2.2347282)
(0.048400502 7.1243408e-11 -2.1776803)
(0.063925142 -8.3699482e-11 -2.2312233)
(0.058750439 -6.7461039e-11 -2.1745486)
(0.075579253 -7.4570425e-11 -2.2271354)
(0.069964945 -6.4311566e-11 -2.1708502)
(0.088285529 -7.2433888e-11 -2.2224656)
(0.08212963 -5.4707766e-11 -2.1665844)
(0.10219953 -7.9088563e-11 -2.2172197)
(0.095443561 -5.6847886e-11 -2.161755)
(0.11747904 -7.5082155e-11 -2.2114267)
(0.11003307 -1.2929378e-10 -2.1563707)
(0.13427866 -1.2007836e-11 -2.2051408)
(0.12605145 -2.299394e-11 -2.1504815)
(0.15274479 5.7291265e-11 -2.1984399)
(0.14368177 1.2399746e-11 -2.1441446)
(0.17300135 4.5945995e-11 -2.1914596)
(0.16300188 4.4007527e-11 -2.1374561)
(0.19514346 -2.468923e-11 -2.1843745)
(0.18417749 9.2779117e-12 -2.1305873)
(0.21921246 -2.8799077e-11 -2.1774243)
(0.20723781 -1.0851347e-10 -2.1237081)
(0.24517712 8.4324355e-11 -2.1709289)
(0.23220684 3.7123336e-11 -2.1171178)
(0.27291233 7.0528273e-11 -2.1652621)
(0.25900432 8.3821728e-11 -2.1111414)
(0.30215479 -1.9252753e-11 -2.1608843)
(0.28744021 -2.6008516e-11 -2.1061807)
(0.3324967 -1.216597e-11 -2.1583002)
(0.31718951 -1.5527275e-11 -2.1027293)
(0.36333299 -3.8847763e-12 -2.1580359)
(0.34774125 -1.18817e-11 -2.1012713)
(0.39387 -4.5079646e-11 -2.1606028)
(0.37842898 8.1091266e-12 -2.1023397)
(0.42311802 -4.1681965e-11 -2.1664133)
(0.40833985 -7.0159958e-11 -2.1063872)
(0.44992518 2.4880802e-11 -2.1757239)
(0.43643816 1.2097456e-11 -2.1137518)
(0.473062 4.2393405e-11 -2.188545)
(0.4615108 1.8938525e-11 -2.1245831)
(0.4913185 4.421347e-12 -2.2045936)
(0.48233605 2.4975632e-11 -2.1387414)
(0.5036494 1.7728482e-11 -2.2232716)
(0.49776545 -1.8192608e-11 -2.1558108)
(0.50932097 1.921001e-11 -2.2437089)
(0.506854 2.2096468e-11 -2.1750454)
(0.50799734 -5.9906028e-12 -2.2648632)
(0.50906839 -2.2175281e-11 -2.1955071)
(0.49981789 3.1931004e-11 -2.2856709)
(0.50425751 2.3019908e-12 -2.2161208)
(0.48530459 4.8953362e-11 -2.3051775)
(0.49273747 2.269742e-11 -2.235907)
(0.46531166 4.7411845e-11 -2.3227007)
(0.47558228 4.1185192e-11 -2.254)
(0.44078906 3.2263669e-11 -2.3377315)
(0.45212811 4.2465533e-11 -2.2699441)
(0.4128189 7.3839379e-12 -2.350155)
(0.42892305 3.432673e-12 -2.2832018)
(0.38220261 -2.8729605e-12 -2.3593267)
(0.39145594 -1.7716178e-12 -2.2940811)
(0.35010237 1.6960525e-11 -2.3654716)
(0.37734703 -1.8327242e-11 -2.3009901)
(0.31630586 2.1697817e-11 -2.3734197)
(0.31374243 3.641676e-11 -2.3059295)
(0.2741986 1.6854579e-11 -2.4323583)
(0.32874324 3.1477038e-12 -2.3160937)
(0.19111456 1.9349885e-11 -2.6164114)
(0.21828008 2.9765852e-11 -2.4208007)
(0.16043947 6.5976571e-12 -2.6744407)
(0.0080935465 1.6233135e-09 -2.127101)
(0.0052668269 -1.7437229e-10 -2.0688234)
(0.016508233 1.0948672e-09 -2.1256969)
(0.012852417 4.4053507e-09 -2.0673941)
(0.025139198 -1.8496594e-09 -2.1244003)
(0.021106211 -2.8677464e-09 -2.0663467)
(0.034126535 -3.0287641e-10 -2.12265)
(0.029902929 -3.3103011e-10 -2.0648806)
(0.043595455 -8.9570516e-11 -2.1203932)
(0.039068922 -6.0540519e-11 -2.0629425)
(0.05368291 -2.5391169e-11 -2.1176073)
(0.04885392 3.3906535e-11 -2.060488)
(0.06452636 -4.8148624e-11 -2.1142825)
(0.05929125 2.1259636e-11 -2.0575211)
(0.07627243 -4.4650033e-11 -2.1104064)
(0.070594932 5.9896779e-12 -2.0540187)
(0.089070042 -3.9081968e-11 -2.105981)
(0.082848347 4.7181039e-12 -2.0499808)
(0.10307205 -1.0584164e-10 -2.1010127)
(0.096249938 -5.1541452e-11 -2.0454122)
(0.11843314 -7.8820569e-11 -2.0955307)
(0.11092207 -1.669708e-10 -2.040322)
(0.13530311 9.2090463e-13 -2.0895881)
(0.12701432 4.5021899e-11 -2.0347594)
(0.15382214 -1.2900208e-12 -2.08326)
(0.14470602 2.020365e-11 -2.0287801)
(0.17410679 7.7535958e-12 -2.0766775)
(0.16406566 3.6473248e-11 -2.0224762)
(0.19624248 -7.323559e-11 -2.0700076)
(0.18525331 -1.1812849e-11 -2.0160132)
(0.22026047 -4.4110081e-11 -2.0634787)
(0.20828772 -1.3078726e-10 -2.0095515)
(0.24611766 3.6162353e-11 -2.0573955)
(0.2331806 3.338162e-11 -2.003377)
(0.27367775 -1.1697067e-11 -2.0521108)
(0.25984356 3.4877891e-11 -1.9977975)
(0.30266818 -2.2375059e-11 -2.0480595)
(0.28807302 -1.7660358e-11 -1.9931904)
(0.33267446 -1.5273411e-11 -2.0457151)
(0.31753777 -1.9090609e-11 -1.9900227)
(0.36309279 -4.6574074e-14 -2.0455688)
(0.34772365 -2.4574054e-11 -1.9887439)
(0.39313844 -1.6377829e-11 -2.0480962)
(0.3779669 -1.1511175e-11 -1.9898526)
(0.42184273 -1.6976982e-11 -2.0536764)
(0.40737082 -7.682847e-11 -1.9937667)
(0.44808687 6.1076441e-12 -2.0625417)
(0.43492364 4.2887242e-12 -2.0007939)
(0.47068501 1.4804834e-12 -2.0746934)
(0.45945093 -1.7816406e-11 -2.011068)
(0.48847635 2.6385338e-12 -2.0898597)
(0.47977641 4.2725135e-12 -2.0244487)
(0.50046269 -1.4073433e-11 -2.1074784)
(0.49480058 -6.1410069e-12 -2.0405433)
(0.50594441 -1.902521e-11 -2.1267357)
(0.50362079 6.5697388e-12 -2.0586537)
(0.50460064 -1.4023429e-11 -2.1466609)
(0.50573084 -2.0048969e-11 -2.0779045)
(0.49656011 -7.0449425e-12 -2.1662624)
(0.50098187 1.3324216e-12 -2.0972969)
(0.4823161 1.4829819e-11 -2.1846485)
(0.48967258 1.2067049e-12 -2.1159161)
(0.4626805 3.6232209e-11 -2.2011781)
(0.47283244 3.0163903e-11 -2.1329544)
(0.43857007 1.3831734e-11 -2.2153671)
(0.44976977 1.1327523e-11 -2.1479796)
(0.41102618 -5.6973642e-12 -2.2270965)
(0.42696672 -1.0315637e-11 -2.1604807)
(0.38085897 -1.714705e-11 -2.2357362)
(0.38995454 -1.3491707e-11 -2.1707338)
(0.34919128 8.7545611e-13 -2.241455)
(0.3762138 -3.4122901e-11 -2.1772084)
(0.31589475 1.8016544e-11 -2.2485775)
(0.31315469 1.879589e-11 -2.1817368)
(0.27432732 1.5942204e-11 -2.3041555)
(0.32851677 -4.4131141e-12 -2.1906143)
(0.19154245 1.7112655e-11 -2.4784456)
(0.21877376 6.2264602e-12 -2.289836)
(0.16151423 6.6798667e-12 -2.5292947)
(0.0081690571 1.4627342e-09 -2.0095005)
(0.0053140818 -4.0405076e-10 -1.9511974)
(0.01666244 1.1039274e-09 -2.0081664)
(0.012968081 4.5472928e-09 -1.949839)
(0.025373264 -1.4954663e-09 -2.0069388)
(0.021296976 -2.6195252e-09 -1.9488486)
(0.034441959 -1.0020441e-10 -2.0052826)
(0.030171221 -3.1617209e-10 -1.9474637)
(0.043993858 5.9745758e-11 -2.003147)
(0.039416535 2.0075464e-11 -1.9456327)
(0.054166018 8.0911928e-11 -2.0005113)
(0.049282652 1.7269793e-10 -1.9433141)
(0.065095453 7.5763999e-11 -1.9973671)
(0.059802431 6.522281e-11 -1.9405124)
(0.076928243 5.5384445e-11 -1.993703)
(0.071190153 3.4502512e-11 -1.9372063)
(0.089811837 -6.6952257e-12 -1.9895216)
(0.083527045 3.3805307e-11 -1.9333965)
(0.10389645 -1.1074037e-10 -1.9848303)
(0.097010946 -8.4147512e-11 -1.9290883)
(0.11933381 -4.6349116e-11 -1.9796578)
(0.11176039 -2.4862483e-10 -1.9242912)
(0.1362692 6.4650154e-11 -1.974056)
(0.12792141 7.6082186e-11 -1.9190535)
(0.15483675 5.7757922e-11 -1.968097)
(0.14566986 9.3345591e-11 -1.9134289)
(0.17514619 1.7482617e-11 -1.961907)
(0.16506522 7.4264202e-11 -1.9075054)
(0.19727372 -6.8040617e-11 -1.9556452)
(0.18626241 -2.2191204e-11 -1.9014424)
(0.22124117 -5.5007878e-11 -1.9495284)
(0.20927027 -1.7842913e-10 -1.8953904)
(0.24699434 3.2082471e-11 -1.9438459)
(0.23408889 1.5727805e-11 -1.8896218)
(0.27438653 2.9401566e-11 -1.9389301)
(0.26062262 4.4063606e-11 -1.8844275)
(0.3031369 -1.4363352e-11 -1.9351901)
(0.28865513 -3.641236e-11 -1.8801602)
(0.33282481 -2.8345516e-11 -1.9330696)
(0.31784973 -2.2509863e-11 -1.8772611)
(0.3628482 -3.6142408e-11 -1.9330258)
(0.34768974 -4.2371872e-11 -1.8761462)
(0.39243104 -7.1466647e-11 -1.9355006)
(0.37751408 -4.2513518e-11 -1.8772812)
(0.4206247 -5.615094e-11 -1.9408415)
(0.4064418 -1.0624167e-10 -1.8810509)
(0.44634153 -1.948173e-11 -1.9492588)
(0.43348356 -8.8389437e-12 -1.8877349)
(0.46843629 -1.5171714e-11 -1.9607461)
(0.4575012 -1.5526089e-11 -1.8974527)
(0.4857938 -4.440241e-12 -1.9750433)
(0.47736066 -1.542116e-11 -1.9100647)
(0.49745919 1.4423668e-11 -1.991623)
(0.49200752 -2.889189e-11 -1.9252013)
(0.50276424 5.7044791e-12 -2.0097256)
(0.50057831 2.3259267e-11 -1.9422101)
(0.50140186 -4.8160586e-12 -2.0284479)
(0.50259145 4.295623e-12 -1.9602755)
(0.49349103 9.5847677e-12 -2.0468673)
(0.49790037 -8.5747426e-12 -1.9784715)
(0.47949886 1.6385051e-11 -2.0641519)
(0.48678779 7.0017196e-12 -1.9959448)
(0.46019803 5.3573544e-12 -2.0797012)
(0.47024216 2.0862096e-11 -2.0119434)
(0.43647506 -1.2710506e-11 -2.0930561)
(0.44754651 -1.9928043e-11 -2.0260599)
(0.40933311 -1.8094406e-11 -2.1040966)
(0.42512135 -7.1881732e-12 -2.0378086)
(0.37959039 -3.0369297e-11 -2.1122073)
(0.3885387 -1.4118375e-11 -2.0474408)
(0.34834353 -1.644755e-11 -2.1175072)
(0.37514414 -1.434379e-11 -2.0534822)
(0.31553622 -3.5291976e-12 -2.1237895)
(0.31262963 9.2380122e-12 -2.0576124)
(0.27451604 -1.4175533e-11 -2.175989)
(0.32832621 -2.9047405e-13 -2.0652137)
(0.19204341 -4.2082665e-12 -2.3404681)
(0.21937602 -1.5359731e-11 -2.1589011)
(0.16267047 1.4671844e-11 -2.384079)
(0.00823977 1.4426719e-09 -1.8919182)
(0.0053579685 -1.5722422e-09 -1.8335788)
(0.016807705 1.4753687e-09 -1.8906548)
(0.013076484 4.9927397e-09 -1.8322921)
(0.025594153 -1.5731169e-09 -1.8894969)
(0.021476603 -2.5086087e-09 -1.8313591)
(0.034739751 -2.1020062e-10 -1.887935)
(0.030423993 -4.5443603e-10 -1.8300558)
(0.044369967 1.2787148e-10 -1.885921)
(0.03974409 -6.593471e-11 -1.8283324)
(0.054621959 1.6002214e-10 -1.8834361)
(0.049686563 3.7157011e-10 -1.8261502)
(0.065632313 2.4697769e-11 -1.8804726)
(0.060283845 9.8538251e-13 -1.8235141)
(0.077546613 1.2937976e-11 -1.8770206)
(0.071750485 -3.6071572e-11 -1.8204048)
(0.090510896 -4.1453631e-11 -1.8730832)
(0.084165647 -2.2228177e-11 -1.8168232)
(0.10467281 -2.1928153e-10 -1.8686681)
(0.097726574 -1.2245269e-10 -1.812775)
(0.12018125 -1.3112677e-10 -1.8638037)
(0.1125481 -3.0965231e-10 -1.8082702)
(0.13717727 1.0453729e-10 -1.8585403)
(0.12877292 8.5865329e-11 -1.8033558)
(0.15578921 1.1009699e-10 -1.852947)
(0.14657369 1.0862253e-10 -1.7980834)
(0.17612036 3.5740615e-11 -1.8471445)
(0.16600119 7.0206994e-11 -1.7925363)
(0.19823828 -1.3084116e-10 -1.841284)
(0.18720564 -6.8138645e-11 -1.7868678)
(0.22215596 -1.0971855e-10 -1.8355706)
(0.21018664 -1.997096e-10 -1.7812185)
(0.24780888 2.7430817e-11 -1.8302782)
(0.23493319 5.7331532e-12 -1.7758467)
(0.2750407 -2.1004404e-11 -1.8257186)
(0.26134327 7.003332e-11 -1.7710264)
(0.30356312 -4.4680928e-11 -1.8222759)
(0.28918848 -5.0824133e-11 -1.7670863)
(0.33294989 -3.6370554e-11 -1.8203645)
(0.31812744 -1.1615594e-11 -1.7644419)
(0.3626011 -4.8741857e-11 -1.8204091)
(0.34764142 -4.2971538e-11 -1.7634769)
(0.39174916 -7.680542e-11 -1.8228192)
(0.37707202 -3.4317811e-11 -1.7646255)
(0.41946439 -5.9635936e-11 -1.8279127)
(0.4055536 -9.7793912e-11 -1.7682407)
(0.44468848 -4.8368374e-12 -1.8358796)
(0.43211769 -4.9218722e-12 -1.7745765)
(0.46631379 -1.5776234e-11 -1.8467074)
(0.45566011 3.257701e-11 -1.7837392)
(0.48326753 -3.9786415e-11 -1.8601479)
(0.47508598 -1.0418666e-11 -1.7955909)
(0.49463459 -2.0378358e-11 -1.8757077)
(0.48938228 -4.3504267e-11 -1.8097851)
(0.49977562 2.1963329e-11 -1.8926788)
(0.49772175 3.2783092e-11 -1.8257132)
(0.49839624 6.1094219e-13 -1.9102228)
(0.49964516 9.6477919e-12 -1.842617)
(0.49060643 -1.1244359e-11 -1.9274823)
(0.49500824 -1.8428961e-11 -1.8596393)
(0.47684946 1.140422e-11 -1.9436831)
(0.48407907 2.6203391e-11 -1.875986)
(0.45786163 -4.2107841e-12 -1.9582646)
(0.46780824 2.8604725e-11 -1.8909586)
(0.43450214 -1.4470073e-11 -1.9707927)
(0.44545596 -1.4548272e-11 -1.904176)
(0.407738 -3.1781611e-12 -1.9811491)
(0.42338495 9.6445191e-12 -1.9151758)
(0.37839514 1.9082051e-12 -1.9887349)
(0.38720654 2.0701463e-12 -1.9241921)
(0.34755701 1.1232557e-11 -1.9936234)
(0.37413545 3.0840044e-11 -1.929803)
(0.31522844 1.2519667e-11 -1.9990774)
(0.31216402 2.7326055e-11 -1.933548)
(0.27476875 -1.4085637e-12 -2.0478824)
(0.32816988 1.3650586e-11 -1.9398868)
(0.19263031 3.3920112e-12 -2.2024781)
(0.22009607 -9.8733261e-12 -2.0279905)
(0.16390757 2.6232889e-11 -2.2387985)
(0.0083055447 3.3654086e-10 -1.774344)
(0.0053983579 -2.7293014e-09 -1.7159475)
(0.016943914 1.6907103e-09 -1.7731523)
(0.013177484 5.0926059e-09 -1.7147336)
(0.02580176 -1.5084357e-09 -1.7720643)
(0.02164499 -2.2732907e-09 -1.7138583)
(0.035019792 -3.2670622e-10 -1.7705973)
(0.030661124 -5.444318e-10 -1.7126372)
(0.044723644 1.6298461e-10 -1.7687053)
(0.040051444 -1.3339292e-10 -1.7110218)
(0.055050586 2.2292582e-10 -1.7663714)
(0.050065497 4.2300836e-10 -1.7089764)
(0.066136795 -5.8898574e-11 -1.763589)
(0.060735328 -5.4493283e-11 -1.7065064)
(0.078127423 -7.1530638e-11 -1.7603493)
(0.07227577 -7.028514e-11 -1.7035942)
(0.091167149 -1.0136567e-10 -1.7566557)
(0.084764027 -4.8215891e-11 -1.700241)
(0.10540112 -2.096927e-10 -1.7525161)
(0.098396751 -1.5743416e-10 -1.6964527)
(0.12097557 -9.8668111e-11 -1.7479585)
(0.11328522 -2.4698449e-10 -1.6922396)
(0.13802758 8.9633224e-11 -1.7430314)
(0.12956899 7.6092513e-11 -1.6876471)
(0.15667994 6.9224564e-11 -1.7378003)
(0.14741779 8.9769925e-11 -1.6827245)
(0.17702997 -3.2024894e-11 -1.7323806)
(0.16687404 5.4488718e-11 -1.6775505)
(0.19913709 -1.3554318e-10 -1.7269152)
(0.18808372 -9.7111565e-11 -1.6722716)
(0.22300604 -8.6399884e-11 -1.7215971)
(0.21103777 -1.6931396e-10 -1.6670184)
(0.24856273 4.7705255e-11 -1.7166849)
(0.23571471 -3.9892994e-11 -1.6620351)
(0.27564191 4.1336008e-11 -1.7124697)
(0.26200692 9.7274226e-11 -1.6575786)
(0.30394859 -1.8102089e-11 -1.7093114)
(0.28967467 -2.72379e-12 -1.6539542)
(0.33305144 -1.7954391e-11 -1.7075955)
(0.3183725 -3.6219769e-12 -1.6515519)
(0.36235295 -2.861551e-11 -1.7077154)
(0.34758013 -1.816187e-11 -1.6507243)
(0.39109366 -5.4824312e-11 -1.7100497)
(0.37664174 -4.3934974e-11 -1.6518747)
(0.41836179 -4.3752694e-11 -1.7148885)
(0.40470646 -5.7693303e-11 -1.6553267)
(0.44312657 3.2232732e-11 -1.7224032)
(0.43082526 -3.0332072e-11 -1.6613098)
(0.46431512 3.8223286e-11 -1.732576)
(0.45392568 6.8466955e-11 -1.6699188)
(0.48089391 -1.3923408e-11 -1.7451715)
(0.47294907 -1.9634593e-11 -1.6810183)
(0.49198429 9.1871076e-12 -1.7597292)
(0.48692041 -2.1513867e-11 -1.6942844)
(0.49697344 2.0605265e-11 -1.7755905)
(0.49504586 3.6514692e-11 -1.709151)
(0.49557864 -9.2310229e-12 -1.7919786)
(0.49688646 -1.5469682e-12 -1.7249148)
(0.48790163 1.8771805e-11 -1.808099)
(0.49230018 5.7559003e-12 -1.7407843)
(0.47436393 4.3392117e-11 -1.8232323)
(0.48154176 3.022839e-11 -1.756022)
(0.45566808 1.8492871e-11 -1.8368576)
(0.46552671 1.0133132e-11 -1.769981)
(0.43264871 9.4449461e-12 -1.8485656)
(0.4434949 -1.2768083e-11 -1.7823076)
(0.40623841 1.4930609e-11 -1.8582425)
(0.42175464 -6.3233502e-12 -1.7925616)
(0.37727051 3.086599e-11 -1.8653078)
(0.38595517 5.1012603e-12 -1.8009661)
(0.34682786 4.6951084e-11 -1.8697937)
(0.37318401 2.9060736e-11 -1.8061508)
(0.31496739 2.8519158e-11 -1.8744353)
(0.3117525 1.3380247e-11 -1.8095233)
(0.27508836 5.2892603e-12 -1.9198317)
(0.32804389 8.6833196e-12 -1.8146178)
(0.19332113 1.2813553e-11 -2.0644709)
(0.22094285 -1.3002015e-11 -1.8970908)
(0.16522275 5.0622357e-12 -2.0934537)
(0.0083662012 7.1296267e-11 -1.6567759)
(0.0054350885 -2.757126e-09 -1.5983062)
(0.017070929 1.7982277e-09 -1.6556573)
(0.013270897 5.2884157e-09 -1.5971663)
(0.025995935 -1.4090323e-09 -1.6546397)
(0.02180197 -2.3233273e-09 -1.5963493)
(0.035281901 -3.6860802e-10 -1.6532678)
(0.0308824 -6.0776855e-10 -1.5952107)
(0.045054668 1.0783546e-10 -1.6514982)
(0.040338324 -1.924021e-10 -1.5937037)
(0.055451649 1.5897944e-10 -1.6493157)
(0.05041913 2.3576141e-10 -1.5917956)
(0.066608631 -6.5501043e-11 -1.6467148)
(0.061156515 -1.0701063e-10 -1.5894922)
(0.078670405 -4.7433432e-11 -1.6436875)
(0.072765616 -1.0480305e-10 -1.5867776)
(0.09178035 -1.0225341e-10 -1.6402375)
(0.085321794 -6.4434387e-11 -1.583653)
(0.1060812 -1.9322903e-10 -1.6363728)
(0.099021108 -1.6658962e-10 -1.5801245)
(0.12171664 -7.7133099e-11 -1.6321208)
(0.11397142 -2.9409536e-10 -1.5762024)
(0.13882012 7.6039286e-11 -1.6275279)
(0.13030938 5.8504447e-11 -1.5719308)
(0.15750908 7.5487074e-11 -1.622656)
(0.14820203 4.1181409e-11 -1.5673557)
(0.17787531 -8.7909374e-12 -1.6176147)
(0.1676838 4.212579e-11 -1.5625517)
(0.19997066 -1.300791e-10 -1.6125385)
(0.18889686 -1.090613e-10 -1.5576579)
(0.22379213 -1.2415562e-10 -1.6076082)
(0.21182409 -2.1594514e-10 -1.552795)
(0.24925684 8.3310454e-12 -1.6030669)
(0.2364341 -6.797859e-11 -1.5481925)
(0.27619127 5.4140835e-11 -1.5991855)
(0.26261443 7.3509531e-11 -1.5440908)
(0.30429452 1.1763147e-11 -1.5962995)
(0.2901147 2.4646566e-12 -1.5407716)
(0.33313057 -3.7086879e-12 -1.5947666)
(0.31858596 -1.6857389e-12 -1.5385998)
(0.36210458 -3.3276466e-11 -1.5949498)
(0.34750674 -2.0834678e-11 -1.5378982)
(0.39046484 -4.6699952e-11 -1.5971982)
(0.37622375 -5.8641629e-11 -1.5390401)
(0.41731642 -4.4471049e-11 -1.6017759)
(0.40390029 -4.452522e-11 -1.5423211)
(0.44165427 5.2166101e-12 -1.6088368)
(0.42960528 -4.8277594e-11 -1.5479478)
(0.46243759 1.1197693e-11 -1.6183593)
(0.45229579 5.3505292e-11 -1.5560047)
(0.47866917 -2.7212528e-11 -1.6301207)
(0.47094665 -4.4937151e-11 -1.5663598)
(0.48950364 5.4554853e-12 -1.6436925)
(0.48461759 -1.8540695e-11 -1.5787114)
(0.49435254 1.4589309e-11 -1.658464)
(0.49254557 1.4925596e-11 -1.5925344)
(0.49294384 1.3397161e-11 -1.6737172)
(0.49430994 1.0637056e-11 -1.6071782)
(0.48537174 1.7076537e-11 -1.6887174)
(0.48977091 1.7406394e-11 -1.621914)
(0.47203796 -2.9208744e-12 -1.7027982)
(0.47917106 1.2559956e-11 -1.6360589)
(0.4536135 -2.1007104e-11 -1.715478)
(0.46339328 -1.7415254e-11 -1.6490154)
(0.43091162 -2.8567589e-11 -1.726372)
(0.44165961 -3.2214521e-11 -1.6604591)
(0.40483068 -1.6207613e-11 -1.7353733)
(0.42022684 -2.6898211e-11 -1.6699695)
(0.37621309 3.1828766e-12 -1.7419232)
(0.38478064 4.6554143e-12 -1.677766)
(0.34615028 -4.4356553e-12 -1.7460162)
(0.37228488 5.9052175e-12 -1.6825297)
(0.31474747 -6.4331874e-12 -1.7498635)
(0.31138793 -1.8957582e-11 -1.685543)
(0.27547584 -9.5122973e-12 -1.7918451)
(0.32793884 5.1841506e-12 -1.6894176)
(0.19413726 -2.0829352e-11 -1.9264571)
(0.22192344 -3.2253596e-11 -1.7662217)
(0.16661139 -1.785194e-11 -1.9480851)
(0.0084215302 4.4860803e-10 -1.5392096)
(0.0054679824 -2.6406893e-09 -1.4806349)
(0.017188585 1.858837e-09 -1.5381657)
(0.013356541 4.8458709e-09 -1.4795706)
(0.026176486 -1.6210382e-09 -1.5372189)
(0.021947358 -2.667446e-09 -1.4788123)
(0.035525823 -4.4923779e-10 -1.5359425)
(0.031087562 -4.7811716e-10 -1.4777565)
(0.045362727 -7.8941114e-11 -1.5342957)
(0.0406044 -1.8609215e-10 -1.4763584)
(0.055824782 -2.0618211e-11 -1.5322648)
(0.050747068 4.0609496e-11 -1.4745881)
(0.067047418 -1.4636556e-10 -1.5298456)
(0.061546957 -9.1564706e-11 -1.4724517)
(0.079175138 -1.2264942e-10 -1.5270309)
(0.073219534 -8.9069723e-11 -1.4699352)
(0.092350081 -1.26871e-10 -1.5238242)
(0.085838446 -4.8187733e-11 -1.4670395)
(0.10671264 -2.6532376e-10 -1.5202339)
(0.099599146 -1.6644224e-10 -1.4637706)
(0.12240411 -1.6381483e-10 -1.5162864)
(0.11460622 -3.1027367e-10 -1.4601392)
(0.13955463 2.3887735e-11 -1.5120257)
(0.13099369 1.7977637e-11 -1.4561873)
(0.15827649 7.8079942e-12 -1.5075101)
(0.14892611 -1.0053193e-11 -1.451958)
(0.1786564 -5.6341658e-11 -1.5028431)
(0.16843029 1.5908314e-11 -1.4475211)
(0.20073918 -1.9373798e-10 -1.4981506)
(0.18964504 -1.338296e-10 -1.4430083)
(0.22451461 -1.6131144e-10 -1.4936012)
(0.21254576 -2.0478908e-10 -1.4385302)
(0.24989176 -4.1888448e-12 -1.4894221)
(0.23709172 -4.7829164e-11 -1.4343017)
(0.27668948 2.2491853e-11 -1.4858646)
(0.2631663 3.2006684e-11 -1.4305464)
(0.30460163 -1.0947791e-11 -1.4832397)
(0.29050917 -3.2608904e-11 -1.4275231)
(0.3331879 -1.8652012e-11 -1.4818783)
(0.31876836 6.4643316e-12 -1.4255713)
(0.36185629 -4.5899559e-11 -1.482114)
(0.3474216 -5.3937535e-11 -1.4249855)
(0.38986247 -5.6573913e-11 -1.4842675)
(0.37581794 -4.5389292e-11 -1.4261098)
(0.41632722 -4.8304556e-11 -1.4885782)
(0.40313425 -6.5671127e-11 -1.4292129)
(0.44026953 -6.9614604e-13 -1.4951842)
(0.42845596 -2.9952827e-11 -1.4344802)
(0.46067801 -1.9729182e-12 -1.504061)
(0.45076755 2.8803687e-11 -1.4419869)
(0.47658896 -3.643461e-11 -1.5149986)
(0.46907464 -2.7156125e-11 -1.451605)
(0.48718736 -9.2772608e-12 -1.5275999)
(0.48246866 -3.6773667e-11 -1.4630548)
(0.4919071 1.0998879e-11 -1.5413002)
(0.4902149 -4.8214649e-12 -1.4758508)
(0.49048587 1.4607366e-11 -1.5554379)
(0.49190926 2.5013429e-11 -1.4893931)
(0.48301102 1.2916747e-11 -1.5693356)
(0.4874141 -7.5403363e-12 -1.5030127)
(0.4698662 -1.773211e-12 -1.5823778)
(0.47696094 4.045817e-12 -1.5160795)
(0.45169301 -2.8545567e-11 -1.5941221)
(0.46140226 -1.0187812e-11 -1.5280437)
(0.42928622 -3.0572001e-11 -1.6042078)
(0.43994474 -2.5429699e-11 -1.5386116)
(0.40351033 -6.1899027e-12 -1.6125372)
(0.41879619 -1.9845006e-11 -1.54738)
(0.3752172 7.3718029e-12 -1.6185773)
(0.38367689 1.1129016e-11 -1.5545719)
(0.34551716 -8.5015616e-12 -1.6222878)
(0.37143084 1.9179783e-11 -1.5589208)
(0.31455698 -7.4490169e-12 -1.6253629)
(0.31105995 -1.3541494e-11 -1.5615883)
(0.27592983 -1.739291e-11 -1.6639594)
(0.32782953 1.3974233e-11 -1.5642761)
(0.19510158 -2.9337743e-11 -1.7884783)
(0.2230422 -3.370362e-11 -1.6353898)
(0.1680715 -7.5278893e-12 -1.8027175)
(0.0084712823 -1.1506646e-10 -1.4216375)
(0.0054968342 -3.0796645e-09 -1.3629357)
(0.017296688 1.0026164e-09 -1.4206704)
(0.013434194 4.0873035e-09 -1.3619488)
(0.026343134 -1.6508325e-09 -1.4197949)
(0.022080848 -2.7012576e-09 -1.3612498)
(0.035751177 -2.2739812e-10 -1.4186142)
(0.031276156 -4.0387476e-10 -1.3602772)
(0.045647344 -7.4200372e-11 -1.4170904)
(0.04084908 -1.8185713e-10 -1.3589882)
(0.056169421 -2.6631175e-11 -1.4152115)
(0.051048598 -5.2287071e-11 -1.3573562)
(0.067452523 -3.4328684e-11 -1.4129742)
(0.061905829 -8.8937122e-11 -1.3553871)
(0.079640939 -1.5464204e-11 -1.4103723)
(0.073636603 -6.1426494e-11 -1.353069)
(0.092875629 -8.5560013e-11 -1.4074088)
(0.086312996 -2.4985203e-11 -1.3504024)
(0.10729472 -2.0898695e-10 -1.4040922)
(0.10012984 -1.3994247e-10 -1.3473931)
(0.12303728 -1.3346829e-10 -1.4004481)
(0.11518858 -2.6646276e-10 -1.3440517)
(0.14023045 -1.5573057e-11 -1.3965179)
(0.13162089 2.573221e-11 -1.3404185)
(0.1589816 -2.2863711e-12 -1.3923559)
(0.14958907 1.1332827e-11 -1.336533)
(0.17937277 -5.9793999e-11 -1.3880594)
(0.16911263 2.5904967e-11 -1.3324606)
(0.20144233 -1.4409109e-10 -1.3837456)
(0.19032753 -1.0966713e-10 -1.3283248)
(0.22517333 -9.2943933e-11 -1.3795705)
(0.21320224 -1.7781759e-10 -1.3242265)
(0.25046747 -1.2417243e-11 -1.3757458)
(0.2376872 -2.5790392e-11 -1.3203654)
(0.27713663 -2.2495164e-11 -1.3725029)
(0.26366233 3.3228118e-11 -1.3169487)
(0.30487001 -1.5539827e-11 -1.370129)
(0.290858 -1.847531e-11 -1.3142124)
(0.33322343 -2.8317393e-11 -1.3689286)
(0.31891966 1.1213228e-11 -1.312471)
(0.36160777 -5.3495163e-11 -1.3692068)
(0.34732452 -4.179196e-11 -1.3119916)
(0.38928569 -5.4332749e-11 -1.3712572)
(0.37542382 -4.170622e-11 -1.3130898)
(0.4153926 -4.7578389e-11 -1.3752958)
(0.40240725 -7.5518003e-11 -1.316009)
(0.43896977 -8.6126194e-13 -1.3814461)
(0.4273754 -1.5636438e-11 -1.3209145)
(0.45903274 3.9937439e-12 -1.3896814)
(0.44933805 1.4895521e-11 -1.327873)
(0.47464862 -2.7433502e-11 -1.3998049)
(0.46732904 1.0926632e-11 -1.3367614)
(0.48502996 -3.2515197e-11 -1.41145)
(0.48046859 -2.7473731e-11 -1.3473213)
(0.48963101 9.0154347e-12 -1.4240962)
(0.488048 -2.0738483e-12 -1.3591061)
(0.48819837 3.0529072e-12 -1.4371362)
(0.48967799 3.6874136e-11 -1.3715644)
(0.4808131 -1.6475658e-11 -1.4499476)
(0.48522304 -4.8613234e-12 -1.3840847)
(0.46784246 -4.2922322e-12 -1.461964)
(0.47490461 1.5845888e-11 -1.3960878)
(0.44990044 -6.9925338e-12 -1.472782)
(0.45954664 2.2269606e-11 -1.4070694)
(0.42776645 -1.4730918e-11 -1.4820645)
(0.43834305 -5.8665249e-12 -1.4167689)
(0.40227053 -2.6779643e-12 -1.4897251)
(0.4174548 2.8098496e-12 -1.4247969)
(0.37427512 2.2898652e-11 -1.4952612)
(0.38263455 1.453041e-11 -1.4313874)
(0.3449177 1.4291393e-11 -1.4986001)
(0.37061094 3.3613832e-11 -1.435329)
(0.31437234 7.7577815e-12 -1.5009302)
(0.31075246 2.0115196e-11 -1.4376628)
(0.27643008 -2.1273151e-12 -1.5362233)
(0.32765568 2.1068916e-11 -1.4392102)
(0.19624601 -1.2005653e-11 -1.6505795)
(0.2242982 -1.729843e-11 -1.5046462)
(0.16961115 1.9169023e-11 -1.6574204)
(0.0085151636 -6.6903655e-10 -1.3040635)
(0.0055214329 -2.6191252e-09 -1.2452513)
(0.017394962 1.000571e-09 -1.3031753)
(0.013503582 4.1926023e-09 -1.244344)
(0.026495413 -1.5868412e-09 -1.3023714)
(0.022201923 -2.5285254e-09 -1.2437045)
(0.035957311 -3.6778133e-10 -1.3012868)
(0.031447398 -4.7028247e-10 -1.2428152)
(0.045907697 -1.6432119e-10 -1.2998862)
(0.04107134 -1.9646375e-10 -1.2416355)
(0.056484589 -1.1356545e-10 -1.2981596)
(0.051322481 9.4560912e-12 -1.2401419)
(0.067822832 -1.1669443e-10 -1.2961044)
(0.062231692 -1.0375526e-10 -1.2383404)
(0.080066588 -7.171066e-11 -1.2937153)
(0.074015206 -6.1599445e-11 -1.2362207)
(0.093355686 -7.7230012e-11 -1.290995)
(0.086743688 -4.9803053e-11 -1.2337832)
(0.10782609 -1.9530256e-10 -1.2879515)
(0.10061132 -7.0032497e-11 -1.2310328)
(0.12361476 -1.1170155e-10 -1.2846098)
(0.11571655 -3.0353993e-10 -1.2279806)
(0.14084622 5.2838557e-11 -1.2810083)
(0.13218901 9.3889862e-11 -1.2246647)
(0.15962309 3.9336974e-11 -1.2771973)
(0.15018896 7.746517e-12 -1.2211207)
(0.1800232 -2.2351458e-11 -1.2732678)
(0.16972899 5.7948368e-12 -1.2174096)
(0.20207906 -1.4263527e-10 -1.2693279)
(0.19094264 -6.6911168e-11 -1.2136468)
(0.22576737 -1.1224973e-10 -1.2655211)
(0.21379201 -2.1379746e-10 -1.2099227)
(0.25098327 1.9275687e-11 -1.2620433)
(0.23821929 -1.7531517e-11 -1.2064225)
(0.27753215 3.77272e-11 -1.2591064)
(0.26410156 6.0447483e-11 -1.2033364)
(0.3050992 8.0170932e-12 -1.2569739)
(0.29116052 -1.275003e-11 -1.2008778)
(0.33323665 -1.8192337e-12 -1.2559245)
(0.31903939 2.0981462e-12 -1.199337)
(0.3613583 -3.0003698e-11 -1.256236)
(0.34721512 -1.6265476e-11 -1.1989546)
(0.3887334 -6.2635147e-11 -1.2581755)
(0.37504095 -5.4140952e-11 -1.2000183)
(0.4145108 -4.4010251e-11 -1.2619371)
(0.40171862 -7.2059544e-11 -1.2027477)
(0.43775239 -9.1804983e-14 -1.2676307)
(0.42636247 -7.7638431e-12 -1.2072892)
(0.45749824 2.1854883e-11 -1.2752284)
(0.4480055 2.6434142e-11 -1.2137018)
(0.4728436 1.113268e-11 -1.2845465)
(0.46570728 1.3656685e-11 -1.2218681)
(0.48302593 2.8107571e-12 -1.2952482)
(0.478614 -3.0235143e-11 -1.2315506)
(0.48751805 2.555294e-11 -1.3068561)
(0.48604065 1.194135e-11 -1.2423404)
(0.48607456 2.919988e-11 -1.3188148)
(0.48761116 4.352015e-11 -1.2537328)
(0.4787708 2.734514e-11 -1.3305548)
(0.48319188 7.6435533e-13 -1.2651713)
(0.4659591 4.2373179e-11 -1.3415572)
(0.47299523 2.7332558e-11 -1.276126)
(0.44822742 2.3542205e-11 -1.3514574)
(0.45781812 3.304926e-11 -1.2861361)
(0.4263432 1.1630409e-11 -1.3599414)
(0.43684454 -9.0830862e-13 -1.2949759)
(0.40110057 1.9960754e-11 -1.366936)
(0.41619051 2.0524447e-11 -1.3022658)
(0.37337422 2.51547e-11 -1.3719744)
(0.38163799 1.6391507e-11 -1.3082587)
(0.34433498 3.950015e-11 -1.3749515)
(0.36980713 2.9823758e-11 -1.3118014)
(0.31414869 3.3422033e-11 -1.3765659)
(0.31043903 3.0767327e-11 -1.3138091)
(0.27689081 6.0661184e-12 -1.4083303)
(0.32734281 2.2634414e-11 -1.3142745)
(0.19764459 1.3720369e-11 -1.5124464)
(0.2256643 -1.0229376e-11 -1.3741332)
(0.17121166 2.6416643e-11 -1.5123533)
(0.0085528476 5.395818e-10 -1.1865027)
(0.0055417057 -9.7413163e-10 -1.127732)
(0.017482977 1.2745171e-09 -1.185695)
(0.013564514 4.4331428e-09 -1.1269067)
(0.02663251 -1.5307115e-09 -1.1849631)
(0.022309944 -2.1539479e-09 -1.1263267)
(0.036143078 -3.1061675e-10 -1.1839747)
(0.031600274 -4.0490787e-10 -1.1255206)
(0.046142348 -2.9643213e-11 -1.1826977)
(0.041269861 -9.6300015e-11 -1.1244501)
(0.056768582 2.2440431e-11 -1.1811236)
(0.051567138 1.3521585e-10 -1.1230946)
(0.068156403 -4.9670858e-11 -1.1792509)
(0.062522735 -3.6650908e-11 -1.1214601)
(0.080449937 -3.9938882e-11 -1.1770747)
(0.074353342 -1.5039674e-11 -1.1195383)
(0.093787934 -4.2229368e-11 -1.1745974)
(0.087128382 -4.8021984e-11 -1.1173289)
(0.10830429 -1.7436507e-10 -1.1718267)
(0.10104137 -2.3210139e-11 -1.1148361)
(0.12413401 -1.0398662e-10 -1.1687866)
(0.11618789 -2.872853e-10 -1.1120711)
(0.1413994 4.9997075e-11 -1.1655123)
(0.13269586 1.0833059e-10 -1.1090698)
(0.16019848 -2.5770549e-11 -1.1620501)
(0.15072375 -1.7629055e-11 -1.1058638)
(0.18060534 -3.7897851e-11 -1.1584845)
(0.17027757 -3.315752e-11 -1.1025095)
(0.20264721 -1.3643887e-10 -1.1549141)
(0.19148894 -3.3954985e-11 -1.0991139)
(0.22629486 -1.2112636e-10 -1.1514702)
(0.21431411 -2.1227428e-10 -1.0957572)
(0.25143758 2.2874896e-11 -1.1483328)
(0.23868756 -5.1389094e-11 -1.0926096)
(0.2778749 1.0648706e-11 -1.1456944)
(0.26448413 5.5855567e-11 -1.0898449)
(0.30528836 -1.8799337e-11 -1.1437952)
(0.29141749 -2.5051122e-11 -1.0876551)
(0.33322702 -1.2194929e-11 -1.1428886)
(0.31912889 2.956392e-12 -1.0863052)
(0.36110753 -4.0101904e-11 -1.1432258)
(0.34709521 -1.75104e-11 -1.0860108)
(0.38820527 -6.3429508e-11 -1.1450485)
(0.37467143 -8.8355467e-11 -1.0870326)
(0.41368137 -3.6279341e-11 -1.1485302)
(0.40107044 -7.1383826e-11 -1.0895671)
(0.43661667 1.8524481e-11 -1.153768)
(0.42541892 -2.2653863e-11 -1.0937436)
(0.45607334 1.8321174e-11 -1.1607332)
(0.44677096 1.7076138e-11 -1.0996142)
(0.47117221 -2.7429641e-11 -1.1692558)
(0.46420934 6.7909654e-12 -1.1070676)
(0.481173 -2.1365018e-11 -1.1790278)
(0.47690337 -3.8784612e-11 -1.1158869)
(0.4855652 2.9720527e-11 -1.1896135)
(0.48418945 8.1023458e-12 -1.1257002)
(0.48411047 1.5330467e-11 -1.2005071)
(0.48570307 4.1984435e-11 -1.1360478)
(0.47687879 6.041176e-13 -1.2111906)
(0.48131213 -6.1495723e-12 -1.1464256)
(0.46420887 1.7977894e-11 -1.2211903)
(0.47122091 9.6171699e-12 -1.1563512)
(0.44666411 8.7756661e-12 -1.2301809)
(0.45620061 2.0857638e-11 -1.1654048)
(0.42500354 7.8774493e-12 -1.23787)
(0.43542843 -1.027131e-11 -1.1733977)
(0.39998347 1.6975465e-11 -1.2441998)
(0.41497757 1.3595218e-11 -1.1799548)
(0.37249312 2.0996591e-11 -1.2487453)
(0.38065468 1.6018175e-11 -1.1853564)
(0.34374115 2.1086566e-11 -1.2513653)
(0.36898368 2.0381183e-11 -1.188511)
(0.31383812 2.0016352e-11 -1.2522948)
(0.31007123 2.2092351e-11 -1.1901939)
(0.27726349 6.4830927e-12 -1.2807882)
(0.32684315 1.8668943e-11 -1.1896541)
(0.19931808 2.3102568e-12 -1.3745962)
(0.22707238 -2.2590267e-12 -1.2441682)
(0.17275191 1.9082872e-11 -1.3676179)
(0.0085842543 1.5676473e-09 -1.0690272)
(0.0055578509 -8.2344767e-12 -1.0106275)
(0.017560454 1.6035156e-09 -1.0682983)
(0.013616516 4.3780465e-09 -1.0098869)
(0.026753634 -1.1290362e-09 -1.0676382)
(0.022403178 -2.0136396e-09 -1.0093664)
(0.036307333 -2.0371959e-10 -1.0667461)
(0.031732151 -4.1437094e-10 -1.0086429)
(0.046349884 6.0740784e-11 -1.0655929)
(0.041441226 -6.6323372e-11 -1.0076808)
(0.057019762 8.0945288e-11 -1.0641715)
(0.051778416 -1.800486e-11 -1.0064624)
(0.068451439 -2.5361278e-12 -1.0624814)
(0.062774093 -1.4225722e-12 -1.0049938)
(0.080789093 -2.2431425e-11 -1.0605184)
(0.074645465 -3.5849748e-11 -1.0032684)
(0.094170452 -2.9463682e-11 -1.0582839)
(0.087460903 -3.0496313e-11 -1.0012851)
(0.10872747 -1.317129e-10 -1.0557854)
(0.10141322 9.91615e-12 -0.99904721)
(0.12459333 -8.0977817e-11 -1.0530459)
(0.1165953 -1.756981e-10 -0.99656606)
(0.14188854 4.2457757e-11 -1.0500973)
(0.13313374 9.6084798e-11 -0.99387545)
(0.16070674 -2.4816516e-11 -1.0469814)
(0.15118539 -9.1850128e-12 -0.99100215)
(0.18111868 -2.9204835e-11 -1.0437763)
(0.17075007 -2.4767432e-11 -0.98799825)
(0.20314694 -1.0780511e-10 -1.0405712)
(0.19195802 -8.083656e-12 -0.98496233)
(0.22675673 -1.4421591e-10 -1.0374846)
(0.21476016 -1.3984778e-10 -0.98196398)
(0.25183218 -1.9462558e-11 -1.0346808)
(0.23908381 -8.1384622e-11 -0.9791588)
(0.27816742 2.0906011e-11 -1.0323332)
(0.26480209 2.9178097e-11 -0.97670383)
(0.30544089 -3.5407445e-12 -1.0306589)
(0.29162128 -2.7103837e-11 -0.9747699)
(0.33319865 -2.1880148e-12 -1.0298862)
(0.31918093 2.2757335e-11 -0.97359766)
(0.36086001 -6.5202167e-11 -1.0302408)
(0.34695785 -3.0879306e-11 -0.97337856)
(0.38770592 -9.6439619e-11 -1.0319397)
(0.37430844 -1.4321504e-10 -0.97434735)
(0.41290851 -5.8112462e-11 -1.0351367)
(0.40045569 -1.0003518e-10 -0.97667887)
(0.43556581 -2.4379791e-11 -1.0399172)
(0.42453703 -5.7800148e-11 -0.98048664)
(0.45475972 5.6140833e-12 -1.0462526)
(0.44562534 -1.4883077e-11 -0.98581662)
(0.46963401 -4.2708884e-12 -1.0539864)
(0.46282392 1.4660801e-11 -0.99256494)
(0.47946804 -9.6063889e-12 -1.0628389)
(0.47532225 -3.4957558e-11 -1.0005349)
(0.48376613 2.0164167e-11 -1.0724151)
(0.48247548 -9.5739289e-13 -1.0093904)
(0.48229595 2.0781355e-11 -1.0822573)
(0.48392899 3.7000347e-11 -1.0187155)
(0.47512239 2.7759316e-12 -1.0918969)
(0.47955169 -8.4889439e-12 -1.028056)
(0.46257177 1.2436263e-11 -1.1009039)
(0.46954078 -1.5742365e-12 -1.0369748)
(0.44518438 1.9726025e-12 -1.1089926)
(0.454643 1.4878593e-11 -1.0450903)
(0.42371452 -4.6745618e-12 -1.1158912)
(0.43403272 -1.4195167e-11 -1.0522531)
(0.39887917 1.2625893e-11 -1.1215586)
(0.4137431 -1.6697271e-12 -1.058086)
(0.3715843 1.5381788e-11 -1.1256183)
(0.37959854 2.9817117e-12 -1.0629063)
(0.34308126 2.1379054e-11 -1.1278863)
(0.3680489 1.7470686e-11 -1.0656879)
(0.31338678 2.0760393e-11 -1.1281735)
(0.30953614 1.8058859e-11 -1.0670465)
(0.27759382 1.001876e-11 -1.1535473)
(0.32607953 2.401408e-12 -1.0656147)
(0.20112153 1.4422794e-11 -1.2368768)
(0.22838472 6.6164737e-13 -1.1150638)
(0.17400773 1.6218334e-11 -1.2235265)
(0.0086093521 1.7055896e-09 -0.95165057)
(0.0055708926 -3.8046137e-10 -0.89443001)
(0.017625596 1.3419627e-09 -0.95099127)
(0.013658976 4.5284922e-09 -0.89377664)
(0.026855293 -1.3912306e-09 -0.95040226)
(0.022478438 -2.211131e-09 -0.89331469)
(0.036445237 -2.9178213e-10 -0.94960683)
(0.031838219 -3.9404342e-10 -0.89267288)
(0.046524218 -1.4669403e-10 -0.9485781)
(0.041579188 -4.1748325e-11 -0.89181788)
(0.057230827 -1.0083119e-10 -0.94731037)
(0.051948683 -1.6959926e-10 -0.89073507)
(0.068699439 -3.390977e-11 -0.94580398)
(0.06297676 4.7226442e-11 -0.88943014)
(0.081074387 -4.4025983e-11 -0.94405522)
(0.074881201 -1.6773417e-11 -0.88789864)
(0.094492421 8.1307093e-12 -0.9420646)
(0.087729533 1.3316893e-11 -0.88613828)
(0.10908369 -3.0968718e-11 -0.9398392)
(0.10171382 -3.5787715e-11 -0.88415124)
(0.12497976 -2.767428e-12 -0.93740091)
(0.11692443 -1.1928578e-10 -0.88194902)
(0.14229975 4.590743e-11 -0.93477831)
(0.13348706 1.3131248e-10 -0.87956328)
(0.16113309 -8.9363234e-12 -0.93200833)
(0.1515571 1.6338266e-11 -0.87701558)
(0.18154773 -3.8461079e-12 -0.92916279)
(0.17112867 3.004398e-12 -0.87435389)
(0.2035622 -3.8662558e-11 -0.92632106)
(0.19233108 -1.4770486e-11 -0.87166806)
(0.22713647 -7.7628638e-11 -0.92358889)
(0.21511048 -7.4880972e-11 -0.86901702)
(0.2521503 -3.3828656e-11 -0.92111474)
(0.23938761 -8.3970155e-11 -0.86654194)
(0.27839288 -1.8308693e-11 -0.91905296)
(0.26503436 -3.0922839e-12 -0.86438335)
(0.30553987 -1.2435976e-12 -0.91759748)
(0.29175031 -5.7942932e-11 -0.86269139)
(0.33313456 -5.4864685e-12 -0.91695249)
(0.31917334 1.0768708e-11 -0.86168278)
(0.36059857 -1.0799843e-10 -0.91731838)
(0.34678017 -6.9228568e-11 -0.86152618)
(0.38721775 -1.4713615e-10 -0.91888827)
(0.37392816 -1.8315755e-10 -0.86243123)
(0.41217376 -1.0002762e-10 -0.92179727)
(0.39984899 -1.4257068e-10 -0.86455268)
(0.43457983 -4.8600781e-11 -0.92611995)
(0.42368904 -7.7789022e-11 -0.86798977)
(0.45353501 -6.0330096e-12 -0.93182821)
(0.44453726 -4.0873808e-11 -0.87278347)
(0.46820312 -1.5707239e-11 -0.93877906)
(0.46151427 4.2626957e-12 -0.87883812)
(0.4778803 -2.6517935e-11 -0.94672079)
(0.47382629 -6.2773244e-11 -0.88597709)
(0.48208335 1.5652931e-11 -0.95529783)
(0.48084412 -1.0964885e-11 -0.8938992)
(0.48058476 7.9920613e-12 -0.96409929)
(0.48222099 2.3207521e-11 -0.90223015)
(0.47344441 -1.2876986e-11 -0.97270424)
(0.47782623 -2.6411025e-11 -0.91056356)
(0.46097748 7.8002071e-13 -0.98072489)
(0.46785143 -1.0045715e-11 -0.91850448)
(0.44370324 -1.1375906e-12 -0.98791588)
(0.45302055 -4.1640688e-12 -0.92570687)
(0.42237558 -1.1253378e-11 -0.9940241)
(0.43251061 -3.5493109e-11 -0.93206241)
(0.39767109 -1.1335865e-11 -0.99902717)
(0.41231934 -3.9517877e-12 -0.93718381)
(0.37051691 5.0019714e-12 -1.0026043)
(0.37827771 -1.3398115e-11 -0.94143651)
(0.34220775 1.4148024e-11 -1.0045189)
(0.36680125 3.9230031e-12 -0.94386229)
(0.31264957 -2.2883411e-13 -1.0042158)
(0.30859506 5.2535927e-12 -0.944895)
(0.27779414 -6.9474697e-12 -1.0265676)
(0.32485304 -1.3732694e-11 -0.94272475)
(0.20297849 2.3911176e-12 -1.099341)
(0.22929298 -2.2088876e-11 -0.98746237)
(0.17460557 1.2208037e-11 -1.0806243)
(0.0086299067 1.2152028e-09 -0.8345375)
(0.005582348 -1.3596724e-09 -0.77993978)
(0.017676337 1.5880912e-09 -0.83393269)
(0.013690798 4.6153781e-09 -0.77937461)
(0.026933131 -1.3187758e-09 -0.83341319)
(0.022530989 -2.1769385e-09 -0.77896999)
(0.03655074 -1.5900089e-10 -0.83271473)
(0.031911449 -2.9664942e-10 -0.7784084)
(0.046657769 -6.0334272e-11 -0.83181118)
(0.04167465 6.3700499e-12 -0.77765855)
(0.057392688 -2.7620864e-11 -0.83069802)
(0.052066802 -4.2316103e-11 -0.77670871)
(0.068889839 6.5897037e-11 -0.82937637)
(0.063117536 8.5383031e-11 -0.77556434)
(0.081293805 3.9939295e-11 -0.82784299)
(0.07504524 3.0803406e-11 -0.77422288)
(0.094740392 -2.9688425e-11 -0.82609724)
(0.087916829 6.1556945e-11 -0.7726808)
(0.10935812 -1.2270849e-10 -0.82414568)
(0.10192352 -1.2815336e-10 -0.77093898)
(0.12527713 1.0986817e-11 -0.82200926)
(0.11715342 -1.17498e-10 -0.76900899)
(0.14261558 1.0334394e-10 -0.81971278)
(0.13373171 1.5498121e-10 -0.76692035)
(0.16145894 2.8450272e-11 -0.8172884)
(0.15181245 7.6722718e-11 -0.76468902)
(0.18187278 -7.7080139e-12 -0.81480142)
(0.1713846 3.8672842e-11 -0.76235897)
(0.20387227 -5.0320015e-11 -0.81232127)
(0.19257692 -3.4460457e-11 -0.76001132)
(0.22741248 -8.1127687e-11 -0.80994083)
(0.21533132 -4.7075025e-11 -0.75769413)
(0.25236943 -5.4027619e-11 -0.80779269)
(0.23956262 -8.0136351e-11 -0.75553451)
(0.27852786 -4.2218124e-11 -0.80601218)
(0.26514177 4.1693165e-12 -0.75365661)
(0.30556084 -4.6533884e-11 -0.80477034)
(0.29176228 -3.753945e-11 -0.75219057)
(0.33300896 -5.2306152e-11 -0.80424735)
(0.31906036 -8.5967499e-12 -0.75132971)
(0.36029559 -1.4348281e-10 -0.80461914)
(0.34651228 -6.0346556e-11 -0.75122117)
(0.38671048 -1.7889977e-10 -0.80605551)
(0.37347566 -1.5912358e-10 -0.75205067)
(0.411443 -1.208018e-10 -0.80867387)
(0.39918899 -1.1977525e-10 -0.75395436)
(0.43361917 -7.0318553e-11 -0.8125386)
(0.42280525 -7.3368678e-11 -0.75701893)
(0.45235221 -3.0879174e-11 -0.81762276)
(0.44342599 -2.2422116e-11 -0.76128138)
(0.46682256 -4.237338e-11 -0.82379722)
(0.46018529 -3.0636661e-11 -0.76665529)
(0.47633986 -4.7540145e-11 -0.83083765)
(0.47230184 -5.7764834e-11 -0.7729838)
(0.48043065 -3.6137727e-12 -0.83842715)
(0.4791584 -1.2052748e-11 -0.77999998)
(0.4788707 -1.0910265e-11 -0.84620011)
(0.48041371 3.0319832e-11 -0.78736898)
(0.47171521 -2.3670707e-11 -0.85378192)
(0.47593724 -1.4928201e-11 -0.79472938)
(0.45926998 -1.5021437e-11 -0.86082519)
(0.46591769 -3.8601256e-12 -0.80172605)
(0.44203689 -3.8356362e-11 -0.86712529)
(0.45105928 -1.6210677e-11 -0.80804468)
(0.42077389 -2.8350867e-11 -0.87244571)
(0.43054951 -5.8104524e-11 -0.81362063)
(0.39611991 -5.9677186e-12 -0.87678417)
(0.410359 6.7759347e-12 -0.81804749)
(0.36902632 -1.4559579e-11 -0.87988298)
(0.37630594 -1.6039273e-11 -0.82175072)
(0.34083144 -4.9775904e-12 -0.88144183)
(0.36484151 -1.2342271e-11 -0.82384136)
(0.31132961 -8.1647228e-12 -0.8806256)
(0.30678869 -5.1189308e-12 -0.82454925)
(0.2776038 -2.8837442e-11 -0.90014147)
(0.32274985 -1.836557e-11 -0.82184174)
(0.20445105 -1.2418557e-11 -0.96237574)
(0.22916795 -4.0006124e-11 -0.8622187)
(0.17388642 7.4765737e-12 -0.93973012)
(0.0086472214 5.467402e-10 -0.71837993)
(0.0055915901 -1.5936234e-09 -0.66831922)
(0.017708527 1.4678313e-09 -0.71782272)
(0.013708044 4.664802e-09 -0.66784047)
(0.026979883 -1.2632904e-09 -0.7173714)
(0.022553323 -2.1736338e-09 -0.66749167)
(0.036613942 -1.4417293e-10 -0.71676911)
(0.031941207 -3.2213765e-10 -0.66700856)
(0.046738106 2.6033019e-11 -0.71598979)
(0.041713897 -7.0592433e-11 -0.66636136)
(0.057490358 6.7107436e-11 -0.71502995)
(0.052115896 -4.8751183e-11 -0.66554134)
(0.069005047 5.1597816e-11 -0.71389148)
(0.063176258 3.7274215e-11 -0.66455362)
(0.081427085 5.1777003e-11 -0.71257151)
(0.075113944 -9.1312009e-12 -0.66339747)
(0.094891336 -3.3380298e-11 -0.71106805)
(0.087995501 3.3376262e-11 -0.66206797)
(0.10952487 -1.2312105e-10 -0.70938705)
(0.10201111 -1.3037663e-10 -0.66056468)
(0.12545668 2.2356646e-11 -0.7075485)
(0.11724689 -1.6175612e-10 -0.65889903)
(0.14280422 1.2944947e-10 -0.70557319)
(0.13382786 1.0563782e-10 -0.65709855)
(0.16164932 8.743407e-11 -0.70348836)
(0.15190668 6.5583309e-11 -0.65517317)
(0.18205563 1.2792516e-11 -0.70135283)
(0.17146786 3.7426852e-11 -0.65316309)
(0.20403543 -3.1075097e-11 -0.69922585)
(0.19263965 -3.56155e-11 -0.65114064)
(0.22753923 -4.5738852e-11 -0.69718751)
(0.21536021 -7.4687142e-11 -0.64914292)
(0.25243991 -2.2766896e-11 -0.6953546)
(0.23953906 -5.1106009e-11 -0.64728341)
(0.27851803 9.2345809e-12 -0.69384368)
(0.26504613 2.3149773e-11 -0.64567002)
(0.30544407 1.4358099e-13 -0.69280326)
(0.29156953 -2.1318285e-11 -0.64441356)
(0.33275579 -1.620552e-11 -0.69239021)
(0.31874336 -2.3581523e-11 -0.64368465)
(0.35987725 -7.5202792e-11 -0.69275688)
(0.34604278 -5.9849118e-11 -0.64361006)
(0.3861007 -1.0029736e-10 -0.69405079)
(0.37282447 -1.1743097e-10 -0.64435272)
(0.41062073 -7.267862e-11 -0.696373)
(0.39833113 -1.103749e-10 -0.6460317)
(0.4325731 -2.5826241e-11 -0.69977887)
(0.42171923 -4.7665935e-11 -0.64872271)
(0.45108143 -2.2124811e-11 -0.70424365)
(0.44209852 -1.1422703e-11 -0.65245977)
(0.46533869 -4.5854132e-11 -0.70965256)
(0.45861151 -4.5298449e-11 -0.65716655)
(0.47466409 -2.255974e-11 -0.71580848)
(0.47048435 -4.9794886e-11 -0.66270562)
(0.47859083 2.1628553e-11 -0.72243223)
(0.47710746 -8.1271337e-13 -0.66884341)
(0.47689647 2.6562067e-11 -0.72920172)
(0.47814311 3.587969e-11 -0.6752825)
(0.46963274 4.8208682e-12 -0.73578653)
(0.47346169 -1.2540052e-11 -0.68170386)
(0.45709941 -4.9829416e-12 -0.74187696)
(0.46325449 1.5409824e-11 -0.68778971)
(0.43978749 -3.5740571e-11 -0.7473086)
(0.44821174 -8.3408167e-12 -0.69325465)
(0.41846417 -2.3305502e-11 -0.75185804)
(0.42754267 -6.7733661e-11 -0.69807972)
(0.39373843 -3.1837486e-12 -0.75554437)
(0.40720498 1.4692721e-11 -0.70183063)
(0.36658858 -1.3839574e-11 -0.75817925)
(0.37297082 -1.8815795e-11 -0.70500528)
(0.33839024 -1.2517065e-11 -0.75938914)
(0.36144398 -2.6471417e-11 -0.70678277)
(0.30884913 -1.5260094e-11 -0.75817391)
(0.30330486 -9.3620956e-12 -0.7071706)
(0.27637268 -2.9439315e-11 -0.77515676)
(0.31902455 -1.9046924e-11 -0.70415788)
(0.20450855 -2.0313955e-11 -0.82673083)
(0.22700089 -4.056996e-11 -0.74041655)
(0.17094314 8.9784251e-12 -0.80196731)
(0.0086569826 9.5983206e-10 -0.60476398)
(0.0055942211 -5.7208946e-10 -0.56106421)
(0.017714937 1.6450125e-09 -0.60426619)
(0.01370254 4.5508189e-09 -0.56066779)
(0.026984942 -1.3392983e-09 -0.60388256)
(0.02253471 -1.9789236e-09 -0.56037316)
(0.036620661 -2.5926121e-10 -0.60337406)
(0.031912837 -3.1252678e-10 -0.5599667)
(0.046747395 -1.4611451e-10 -0.6027154)
(0.041678051 -4.3715649e-11 -0.55941949)
(0.057502163 -8.0996335e-11 -0.60190432)
(0.052072566 -2.3943259e-10 -0.55872597)
(0.069019355 -2.2342343e-11 -0.6009434)
(0.063124701 7.9184005e-11 -0.55789085)
(0.081444213 -2.842215e-11 -0.59983004)
(0.075053801 2.6961751e-14 -0.55691509)
(0.094910599 -6.0575066e-11 -0.59856081)
(0.087926278 3.6697895e-11 -0.55579235)
(0.1095443 -1.6848697e-10 -0.59714089)
(0.10193086 -9.8812492e-11 -0.55452091)
(0.12547337 -8.2537438e-11 -0.59558921)
(0.11715208 -1.9277996e-10 -0.55311189)
(0.14281468 4.2329276e-11 -0.59392243)
(0.13371482 4.3719103e-11 -0.55159089)
(0.16164669 1.5937784e-11 -0.59216267)
(0.15176995 1.4003942e-11 -0.54996168)
(0.18203138 -1.0110131e-11 -0.59036232)
(0.17129842 2.633026e-11 -0.54826076)
(0.2039784 -7.8792771e-11 -0.58857044)
(0.19242729 -5.0248689e-11 -0.54655184)
(0.22743393 -8.0300256e-11 -0.58685439)
(0.2150913 -1.0902258e-10 -0.54486091)
(0.25226801 -5.9181787e-12 -0.58531552)
(0.23919517 -9.2967608e-12 -0.54328833)
(0.27825695 -6.9909273e-12 -0.58405207)
(0.26460698 5.831261e-11 -0.54192591)
(0.30506834 -4.5023519e-11 -0.58319079)
(0.29100989 -8.6728011e-12 -0.54086573)
(0.33223642 -6.6922621e-11 -0.58286626)
(0.31803498 -4.0785694e-11 -0.54025631)
(0.35918434 -1.0161995e-10 -0.58320858)
(0.34515483 -5.9565737e-11 -0.54020494)
(0.38520466 -1.27562e-10 -0.58434455)
(0.37172357 -7.912642e-11 -0.54085271)
(0.4094939 -8.5816918e-11 -0.58636081)
(0.39698439 -1.0689152e-10 -0.54230264)
(0.43119351 -3.3514232e-11 -0.58930536)
(0.4200933 -1.2103593e-11 -0.54462068)
(0.44943292 -3.4370382e-11 -0.59315695)
(0.44016286 -2.7288774e-12 -0.54783846)
(0.46341284 -4.9210366e-11 -0.59781592)
(0.45633809 -3.0889822e-11 -0.5518902)
(0.47245773 -2.8350357e-11 -0.60311215)
(0.46784714 -4.2199248e-11 -0.55665735)
(0.47610459 1.3219942e-11 -0.60880293)
(0.47408403 2.1103916e-11 -0.56193881)
(0.47413242 -2.9440215e-12 -0.61460741)
(0.47471429 3.8620613e-11 -0.56747298)
(0.46659301 -2.1064308e-12 -0.62023649)
(0.46961277 -9.9284389e-12 -0.57298149)
(0.45378652 1.2179685e-11 -0.62541489)
(0.45898349 3.0890427e-11 -0.57818236)
(0.4362044 -4.0024468e-11 -0.63001707)
(0.44351292 -2.9090398e-12 -0.58281744)
(0.41462868 -3.0151861e-11 -0.63382872)
(0.42244722 -7.0897689e-11 -0.58691593)
(0.38965359 -7.7502052e-13 -0.63689135)
(0.40175372 6.9713436e-12 -0.59000767)
(0.36228462 -3.1411177e-11 -0.6390905)
(0.36710248 -1.6329322e-11 -0.59267475)
(0.33391743 -2.3395686e-11 -0.63997253)
(0.35543493 -3.0284401e-11 -0.59415856)
(0.3042287 -1.3105289e-11 -0.63850142)
(0.29686326 -1.2827309e-11 -0.59423646)
(0.27297876 -3.0083147e-11 -0.65326487)
(0.31251934 -1.1982706e-11 -0.59115198)
(0.2017067 -1.1489371e-11 -0.69487003)
(0.22147501 -3.6191694e-11 -0.62332673)
(0.16477194 1.6589516e-11 -0.66883939)
(0.0086495285 1.7381703e-09 -0.49588355)
(0.005584082 1.0916719e-09 -0.45986015)
(0.017684956 1.5204954e-09 -0.49546381)
(0.013662694 4.2864508e-09 -0.45954174)
(0.026933948 -1.0482905e-09 -0.49514766)
(0.022460329 -1.4153802e-09 -0.45929953)
(0.03655182 -1.0841999e-10 -0.49473003)
(0.031806135 -3.7035254e-10 -0.45896805)
(0.046661519 -1.3042168e-10 -0.49418766)
(0.041540932 -2.8287488e-11 -0.45851849)
(0.057398508 -8.818544e-11 -0.49351982)
(0.051904049 -1.9169817e-10 -0.45794865)
(0.068897197 1.0345091e-10 -0.49272971)
(0.062922894 8.5566182e-11 -0.45726272)
(0.081303044 6.4379029e-11 -0.49181486)
(0.074816698 -1.8941661e-11 -0.45646311)
(0.094748644 9.8030319e-13 -0.4907705)
(0.087651896 2.1139662e-11 -0.45554222)
(0.10935859 -1.2153412e-10 -0.48960093)
(0.10161496 -8.8251478e-11 -0.45449733)
(0.12526018 -7.011652e-11 -0.48832386)
(0.11678927 -1.8206805e-10 -0.45333891)
(0.14256919 1.5807451e-11 -0.48695177)
(0.13329912 8.5448929e-11 -0.45209077)
(0.161361 2.4238075e-11 -0.48550167)
(0.15129253 2.142671e-11 -0.45075062)
(0.18169581 -1.2895091e-11 -0.48401954)
(0.17074792 4.0597284e-11 -0.44935134)
(0.20358019 -7.9824482e-11 -0.48254424)
(0.19178924 -6.658163e-11 -0.44794805)
(0.22695604 -3.9059245e-11 -0.48113074)
(0.21434769 -1.1322145e-10 -0.44655587)
(0.25169018 5.4270425e-11 -0.47986519)
(0.23832336 2.1357717e-11 -0.44526236)
(0.27755402 5.725161e-11 -0.47882796)
(0.26358035 7.5283769e-11 -0.44414321)
(0.30421132 -4.1530396e-12 -0.47812485)
(0.28979694 1.1489553e-11 -0.44327236)
(0.33119135 -3.327217e-11 -0.47786906)
(0.31659936 -4.3438754e-11 -0.44277646)
(0.35791398 -3.6916844e-11 -0.47816959)
(0.34345521 -4.5231043e-11 -0.44274372)
(0.38366889 -5.824545e-11 -0.47913384)
(0.36971375 -2.9274223e-11 -0.44329385)
(0.40765017 -3.3865497e-11 -0.48083544)
(0.394614 -6.8577287e-11 -0.44451411)
(0.42900022 1.8616622e-11 -0.48331646)
(0.4173069 1.5591284e-11 -0.446461)
(0.44684905 9.3952316e-13 -0.48656006)
(0.436902 3.4278254e-11 -0.44916371)
(0.46040027 -2.3806171e-11 -0.49048198)
(0.45254101 -1.2865787e-11 -0.45256689)
(0.46898003 6.8640873e-12 -0.49493866)
(0.46344968 -3.0165379e-11 -0.4565701)
(0.47212787 4.6400286e-11 -0.4997227)
(0.46902375 3.0657155e-11 -0.46100407)
(0.46962704 3.1915348e-11 -0.50459271)
(0.46893583 6.3677588e-11 -0.46564244)
(0.46153727 2.2841563e-11 -0.5092991)
(0.46307406 6.8911446e-12 -0.47024742)
(0.44817058 1.5983483e-11 -0.51359916)
(0.45167235 4.1128256e-11 -0.47457315)
(0.43003665 -3.3428038e-11 -0.51740583)
(0.43542957 -7.4599278e-12 -0.47838925)
(0.40793701 -3.4167883e-11 -0.52051102)
(0.41364727 -4.3024427e-11 -0.48177542)
(0.38247729 -8.4687056e-12 -0.52297995)
(0.39233531 -1.1064969e-11 -0.48422014)
(0.35468188 -1.5136081e-11 -0.52477285)
(0.35697157 -1.9541146e-11 -0.486398)
(0.32593595 -1.9796873e-11 -0.52535425)
(0.34510904 -3.4726767e-11 -0.48760239)
(0.29600736 -1.1708532e-11 -0.52377056)
(0.28565418 -2.0905043e-11 -0.48739098)
(0.26589503 -1.7985049e-11 -0.53645847)
(0.30163155 -1.493013e-11 -0.48444732)
(0.19464826 -8.3384175e-12 -0.56812105)
(0.21094399 -2.2911271e-11 -0.51232542)
(0.15428442 8.0720307e-12 -0.54220183)
(0.0086155083 2.8412576e-09 -0.39397257)
(0.0055551241 1.6976037e-09 -0.36625577)
(0.017603901 1.8689231e-09 -0.39364022)
(0.013573257 4.0177652e-09 -0.36601181)
(0.026806675 -7.9773239e-10 -0.39339064)
(0.022308 -1.2892243e-09 -0.36582036)
(0.036380326 -3.0477599e-10 -0.39306152)
(0.031590286 -5.8385146e-10 -0.36556244)
(0.046445905 -8.4043358e-11 -0.39263224)
(0.041262231 -1.5624942e-10 -0.36520872)
(0.057136479 -2.5720326e-11 -0.39210377)
(0.051559406 -3.6710696e-11 -0.36476055)
(0.068586359 -3.4321065e-11 -0.39147965)
(0.062508077 -3.9125983e-11 -0.36422138)
(0.080940772 -6.3020428e-11 -0.39075756)
(0.074326272 -7.5539812e-11 -0.36359477)
(0.094330505 -6.6057977e-11 -0.38993176)
(0.087080425 -9.535305e-11 -0.36287226)
(0.10887879 -1.4721657e-10 -0.38900565)
(0.10095328 -6.7794881e-11 -0.3620506)
(0.12471213 -3.0566959e-11 -0.38799547)
(0.11602745 -1.8776145e-10 -0.36113914)
(0.14194378 9.1959479e-11 -0.38690978)
(0.13242528 1.4143336e-10 -0.36015999)
(0.16064611 3.7539655e-11 -0.38576064)
(0.15028974 6.5300229e-11 -0.35910534)
(0.18087671 -1.1811142e-11 -0.38458753)
(0.16959782 6.917081e-11 -0.35800434)
(0.20263735 -9.9459612e-11 -0.3834194)
(0.19046645 -4.7796192e-11 -0.35690354)
(0.22586539 -5.4208186e-11 -0.38229909)
(0.21282228 -1.0807402e-10 -0.35580773)
(0.25042289 4.1841764e-11 -0.38129768)
(0.23656032 6.0155525e-11 -0.35479171)
(0.27607463 3.0113008e-11 -0.38047794)
(0.26153655 1.677104e-11 -0.35391498)
(0.30247882 -2.7313916e-11 -0.37992512)
(0.28742382 -6.1309178e-11 -0.35323372)
(0.32915712 -5.5382678e-11 -0.37973119)
(0.31384044 -5.5479872e-11 -0.35285251)
(0.35552274 -3.7715159e-11 -0.37998436)
(0.3402455 -9.4298439e-11 -0.35284029)
(0.38085849 -3.9308104e-11 -0.38077291)
(0.36598077 -2.3773647e-11 -0.35329497)
(0.40435101 -1.9730807e-11 -0.38215744)
(0.39027596 -8.9071993e-11 -0.35428764)
(0.42513877 3.112307e-11 -0.38417408)
(0.41227308 3.4459886e-11 -0.35586441)
(0.44234747 2.0787406e-11 -0.38681032)
(0.43107396 2.8046103e-11 -0.35805145)
(0.45518099 -1.9114046e-11 -0.38999677)
(0.44581386 1.0981361e-11 -0.36080288)
(0.46296643 -6.7479306e-12 -0.39361594)
(0.45571594 -7.8552135e-11 -0.36403575)
(0.46524916 4.7737839e-11 -0.39749561)
(0.46018148 4.8337834e-12 -0.36761264)
(0.46182556 3.8979901e-11 -0.4014343)
(0.4589018 5.0138967e-11 -0.37134355)
(0.45277824 2.4987561e-11 -0.40522287)
(0.45179553 -3.1825009e-11 -0.37503347)
(0.43844933 1.7946163e-11 -0.4086527)
(0.43915254 2.0138739e-11 -0.37847536)
(0.41939226 -1.6871024e-11 -0.41167645)
(0.42170633 -1.1628076e-13 -0.38146971)
(0.39642697 -2.0082973e-11 -0.41409133)
(0.39883276 -3.5129841e-11 -0.38414726)
(0.37021364 -2.2095847e-11 -0.41598746)
(0.3766267 -2.5332162e-12 -0.38595544)
(0.34176609 -3.9059507e-11 -0.41739363)
(0.34023919 -3.1774627e-11 -0.38765917)
(0.31241635 -3.589895e-11 -0.41770308)
(0.32820713 -4.7262558e-11 -0.38859303)
(0.28222825 -2.4153561e-11 -0.41613493)
(0.26736209 -1.1982839e-11 -0.38813457)
(0.25322003 -1.9821338e-11 -0.42668915)
(0.28433028 -2.2589186e-11 -0.38552366)
(0.18173921 -6.6332594e-12 -0.44863652)
(0.19340569 -1.0607209e-11 -0.40867601)
(0.13830224 8.8033404e-12 -0.42412311)
(0.0085451595 2.2940515e-09 -0.29978888)
(0.0054980048 8.9633402e-10 -0.28125123)
(0.017449335 1.3420524e-09 -0.29954643)
(0.013408001 4.2901508e-09 -0.28107819)
(0.026570722 -1.1160493e-09 -0.29936267)
(0.022036436 -1.872657e-09 -0.28093633)
(0.036062212 -4.5352601e-10 -0.29912094)
(0.031207077 -5.0799257e-10 -0.2807505)
(0.046043998 -1.1295625e-10 -0.29880363)
(0.040765311 -1.6807934e-10 -0.28049129)
(0.056645311 -5.0049498e-11 -0.29841328)
(0.050941362 -8.5953166e-11 -0.28016336)
(0.06799996 -7.9473398e-11 -0.29795344)
(0.06175997 -7.0184786e-11 -0.2797692)
(0.080252001 -1.0745907e-10 -0.297422)
(0.073435794 -4.9550544e-11 -0.27931304)
(0.09352929 -9.7603523e-11 -0.29681296)
(0.086034837 -1.0078043e-10 -0.27878632)
(0.10795298 -1.0633218e-10 -0.29612884)
(0.099733547 -1.9661352e-11 -0.27818586)
(0.12364841 -2.0762204e-11 -0.29538393)
(0.1146138 -1.8038178e-10 -0.27751926)
(0.1407232 1.1583485e-10 -0.2945834)
(0.13079315 1.4175192e-10 -0.27680675)
(0.15924634 9.6883769e-11 -0.29373469)
(0.14840553 1.1898625e-10 -0.27603624)
(0.17927077 3.4582243e-11 -0.29287041)
(0.16742735 1.0363048e-10 -0.27523259)
(0.20078968 -5.5738297e-11 -0.29201001)
(0.18796161 -2.1858989e-11 -0.27443362)
(0.22373505 4.5371045e-12 -0.29118448)
(0.20992814 -1.1318631e-10 -0.27363498)
(0.24796071 3.5510406e-11 -0.29044941)
(0.23321522 5.5258575e-11 -0.27289811)
(0.2732216 -7.3931131e-11 -0.28985009)
(0.25766386 1.1006555e-11 -0.27226621)
(0.29916779 -8.9528522e-11 -0.28945089)
(0.28294026 -7.9875701e-11 -0.27177814)
(0.3253091 -9.407323e-11 -0.28932191)
(0.30865041 -2.3695903e-11 -0.27151551)
(0.35104844 -8.0918604e-11 -0.28952969)
(0.33424077 -9.1774031e-11 -0.27152751)
(0.37565743 -7.3043708e-11 -0.29014236)
(0.35904393 -5.5040555e-11 -0.27188914)
(0.39831083 -3.5777592e-11 -0.29120629)
(0.38227637 -9.5445556e-11 -0.27265425)
(0.41814048 3.1427496e-11 -0.29275024)
(0.40307115 2.4506634e-11 -0.27385693)
(0.43426626 1.8353797e-11 -0.29476511)
(0.42052298 4.1297061e-11 -0.27551923)
(0.44589516 -4.7883535e-11 -0.29719587)
(0.43376487 1.446437e-11 -0.27760384)
(0.45236237 -6.7487541e-11 -0.29995137)
(0.44202724 -9.3185876e-11 -0.28004493)
(0.45323083 6.9636965e-12 -0.30289645)
(0.44473202 -7.1696327e-12 -0.28273802)
(0.44832911 -2.019676e-11 -0.30587301)
(0.44161375 1.6966917e-11 -0.28553253)
(0.43778686 -3.6964826e-11 -0.30871682)
(0.43265011 -5.0220313e-11 -0.28828065)
(0.42200147 2.1846707e-12 -0.31125852)
(0.41822192 5.1489916e-14 -0.29081884)
(0.40160288 -1.8192723e-11 -0.31349057)
(0.39912334 -5.4235137e-12 -0.29298386)
(0.37741164 -1.7744681e-11 -0.31522142)
(0.37481653 -5.2221823e-11 -0.29495245)
(0.35021342 -1.2068258e-11 -0.31655681)
(0.35152873 -1.5090949e-12 -0.2961439)
(0.32093851 -3.9903943e-11 -0.31758794)
(0.31390131 -2.3722458e-11 -0.29738791)
(0.2908134 -2.3509398e-11 -0.3176638)
(0.30189795 -3.5117777e-11 -0.29805727)
(0.26050411 -1.0370186e-11 -0.31624552)
(0.23924093 -8.5673712e-12 -0.29743281)
(0.23267416 -1.3427394e-11 -0.32445627)
(0.25818714 -1.0713132e-11 -0.29532704)
(0.16114268 4.746826e-12 -0.33737827)
(0.16665255 -1.4028502e-11 -0.31316599)
(0.11563705 9.5337644e-12 -0.31662833)
(0.0084171363 2.043988e-09 -0.21681565)
(0.0053878556 -3.3493744e-10 -0.20456913)
(0.017176623 1.635686e-09 -0.21665923)
(0.013100823 4.4434796e-09 -0.20446279)
(0.026159662 -1.3433229e-09 -0.21653852)
(0.021537688 -2.4370324e-09 -0.20436972)
(0.035506507 -2.3701798e-10 -0.21638071)
(0.03050309 -2.9223325e-10 -0.20425377)
(0.045338565 -1.4384969e-10 -0.21617154)
(0.039847983 -3.315063e-11 -0.20408752)
(0.055778092 -1.0652855e-10 -0.21591472)
(0.04979382 -2.0699615e-10 -0.20387789)
(0.066957629 -4.0757962e-11 -0.21561328)
(0.060363066 4.6321e-11 -0.20362617)
(0.079018233 -4.180135e-11 -0.21526562)
(0.07176259 4.2523936e-11 -0.20333679)
(0.092082635 -2.4349278e-11 -0.21486627)
(0.084056687 -1.7633884e-12 -0.20300211)
(0.10626804 -9.1023864e-11 -0.2144169)
(0.097410799 1.0329297e-11 -0.20261957)
(0.1216978 -2.2761723e-11 -0.21392941)
(0.11190497 -1.4289656e-10 -0.2021943)
(0.13846775 1.4521921e-10 -0.2134062)
(0.12764676 1.319643e-10 -0.20174395)
(0.15664256 1.2592919e-10 -0.21285067)
(0.14475397 1.1461367e-10 -0.20125424)
(0.17626659 4.8685214e-11 -0.21228816)
(0.16320248 1.0174447e-10 -0.20074455)
(0.19731712 -7.8289951e-11 -0.21172949)
(0.18307022 -2.9314619e-11 -0.20024327)
(0.21971971 -6.4219324e-11 -0.21119441)
(0.20426602 -1.1673096e-10 -0.19973942)
(0.24331346 3.1189222e-11 -0.21072285)
(0.22666835 4.5693101e-11 -0.19927928)
(0.26783841 5.9015198e-12 -0.21034311)
(0.2500934 2.9665091e-11 -0.19888982)
(0.29293363 -1.4538978e-11 -0.21009883)
(0.27419966 -4.1626058e-11 -0.19859343)
(0.31809128 -2.083148e-11 -0.21003774)
(0.29857642 3.334975e-11 -0.19844711)
(0.34270169 -6.618826e-11 -0.21020407)
(0.32265535 -4.4212942e-11 -0.19848021)
(0.36602288 -7.7135948e-11 -0.21064472)
(0.34576314 -3.3659605e-11 -0.1987434)
(0.38721715 -3.6031088e-11 -0.21139049)
(0.36710605 -5.3272126e-11 -0.19927198)
(0.40541317 3.4259431e-11 -0.21246119)
(0.38581904 1.2666597e-11 -0.20008695)
(0.41973292 3.758593e-11 -0.21384982)
(0.40100504 5.9703285e-11 -0.2012048)
(0.42940155 -3.0148195e-11 -0.21551506)
(0.41181607 3.4140114e-12 -0.20259733)
(0.43378555 -3.3400385e-11 -0.2173925)
(0.41752014 -6.1523055e-11 -0.20421642)
(0.43249169 2.6900197e-12 -0.21938642)
(0.41759527 -1.0464173e-11 -0.20599246)
(0.42541493 -1.2670584e-11 -0.22138625)
(0.41186232 -1.1688772e-11 -0.20781941)
(0.41276519 -1.3484223e-11 -0.22327754)
(0.40039955 -2.080622e-11 -0.2096018)
(0.39502432 -7.526904e-12 -0.22493516)
(0.38371767 7.0192224e-12 -0.21122507)
(0.37294024 -3.9208047e-11 -0.22639137)
(0.36269171 -2.5398287e-11 -0.21256959)
(0.34725915 -3.6241783e-11 -0.22746372)
(0.33686643 -4.5366295e-11 -0.21383662)
(0.31905016 -1.3054339e-11 -0.22827977)
(0.31262166 -2.8769525e-11 -0.21446548)
(0.28895233 -1.8882766e-11 -0.22894914)
(0.27391355 -1.1389686e-11 -0.21526402)
(0.25808372 -2.0298827e-11 -0.22885928)
(0.26246113 -2.4513709e-11 -0.21568191)
(0.22807402 -8.9007009e-12 -0.227718)
(0.1980692 -2.7024765e-11 -0.21502683)
(0.20168662 -1.129977e-11 -0.23338139)
(0.22017087 -4.8041973e-13 -0.21357291)
(0.13097036 -9.3417786e-12 -0.2386855)
(0.12846442 -1.0184284e-11 -0.22550621)
(0.085376182 -1.1490254e-11 -0.22113538)
(0.0081717746 8.6994989e-10 -0.13353591)
(0.0051056885 -1.3293484e-09 -0.13278344)
(0.016658222 9.9626202e-10 -0.13346267)
(0.012357732 4.0205563e-09 -0.13273657)
(0.025380024 -1.5096813e-09 -0.13340446)
(0.020328202 -2.5281288e-09 -0.13269143)
(0.034448037 -9.9390692e-11 -0.13332919)
(0.028790792 -2.7707968e-10 -0.13264043)
(0.043988263 -9.042394e-11 -0.13322773)
(0.037607038 -1.1739667e-10 -0.13256336)
(0.054109221 -6.1248957e-11 -0.13310343)
(0.046979874 -2.3119582e-10 -0.13246672)
(0.064940038 1.2969392e-10 -0.13295842)
(0.056927781 3.5866953e-11 -0.13235057)
(0.076615298 8.3489381e-11 -0.13279176)
(0.067638521 2.2807459e-11 -0.13221879)
(0.089248594 3.2690321e-11 -0.13259976)
(0.079170614 -2.9098075e-11 -0.13206612)
(0.10294779 -3.8981098e-11 -0.13238293)
(0.091667994 -7.6986586e-11 -0.13189088)
(0.11783322 7.6535385e-12 -0.13214903)
(0.10520427 -1.5854517e-10 -0.13169521)
(0.13397715 1.0160031e-10 -0.13189868)
(0.11986632 1.5347528e-10 -0.13149195)
(0.15143789 9.0594262e-11 -0.13163199)
(0.13574255 3.0971495e-11 -0.13126851)
(0.17024448 2.530752e-11 -0.13136441)
(0.15280683 3.2312225e-11 -0.13103651)
(0.19034508 -6.6782896e-11 -0.13109959)
(0.17109447 -4.1475048e-11 -0.13081326)
(0.21165886 -8.51266e-12 -0.1308464)
(0.19049818 -1.1570575e-10 -0.13058597)
(0.23399957 4.4326289e-11 -0.13062671)
(0.2108836 6.378864e-11 -0.13038224)
(0.25708642 -1.7201703e-11 -0.13045285)
(0.23203293 5.4474681e-11 -0.13021359)
(0.28054695 5.6044162e-12 -0.13034683)
(0.25360309 1.5071735e-11 -0.13008798)
(0.30385096 1.0615221e-11 -0.13033274)
(0.27517167 4.8352811e-11 -0.13003572)
(0.32638094 -1.1768107e-11 -0.1304322)
(0.29616924 2.6876714e-12 -0.13006795)
(0.34738762 -9.6471001e-12 -0.13066937)
(0.31594231 -2.6807998e-11 -0.13021011)
(0.3660331 -5.0525591e-12 -0.13105918)
(0.3337187 -1.2678375e-11 -0.13047893)
(0.38146346 3.7783618e-11 -0.13161211)
(0.34868236 3.4543567e-11 -0.13088311)
(0.39283038 2.5906828e-11 -0.13232454)
(0.36000173 6.5479057e-11 -0.13143266)
(0.39941753 -2.754438e-11 -0.13317232)
(0.36691399 -8.6092094e-12 -0.132112)
(0.40067887 -3.8902165e-11 -0.13412045)
(0.36880017 -3.5974051e-11 -0.13289356)
(0.39631586 -2.4835672e-11 -0.13511798)
(0.36526773 1.2218462e-11 -0.13374388)
(0.38634394 -1.9771983e-11 -0.13610815)
(0.35629115 -1.4080935e-11 -0.13460715)
(0.37108915 -4.5741834e-13 -0.13703166)
(0.34209753 9.3437245e-12 -0.13544244)
(0.3511428 -1.0677813e-11 -0.13781827)
(0.32334504 2.7256874e-11 -0.13618791)
(0.32740746 -3.1452502e-11 -0.13851041)
(0.30097887 -5.283031e-11 -0.13677512)
(0.3003858 -3.7977885e-11 -0.13899281)
(0.27457446 -6.4347729e-11 -0.13737748)
(0.27168021 -2.7190092e-11 -0.13932837)
(0.25055458 -2.3471761e-11 -0.13756604)
(0.24131955 -1.6958124e-11 -0.13966435)
(0.21232151 -1.3064704e-11 -0.13794606)
(0.21023403 -3.1228017e-11 -0.13951613)
(0.20261817 -3.9262647e-11 -0.13813217)
(0.18155199 -1.8724082e-11 -0.13884556)
(0.13875425 -4.3908241e-11 -0.13765876)
(0.15718016 6.7763665e-13 -0.14172828)
(0.16465537 -4.7596478e-12 -0.13693033)
(0.089543266 -1.2327177e-11 -0.1422685)
(0.076217927 -3.5076346e-11 -0.14267752)
(0.046798689 -1.6114729e-11 -0.13669894)
(0.0074964527 4.8378176e-10 -0.064499859)
(0.015257258 1.0915001e-09 -0.064489998)
(0.023263292 -1.4253955e-09 -0.064482125)
(0.031562432 -3.0188068e-10 -0.064473072)
(0.040295 -2.5432399e-10 -0.064459531)
(0.049535288 -1.4156766e-10 -0.064443162)
(0.059403926 -7.0706442e-11 -0.064424536)
(0.070017879 -8.8692969e-11 -0.064403982)
(0.081471081 -1.3788449e-10 -0.064380128)
(0.093846613 -1.951868e-10 -0.064352742)
(0.10726352 -1.7463913e-11 -0.06432491)
(0.12173758 8.4551918e-11 -0.064296252)
(0.13732263 -2.7327765e-11 -0.064265219)
(0.15402394 -3.3590426e-11 -0.06423705)
(0.17172742 -8.9571892e-11 -0.064210761)
(0.19036464 -4.527662e-11 -0.064186751)
(0.20970713 7.4028451e-11 -0.064170346)
(0.22945472 8.7113337e-11 -0.064161376)
(0.24924642 5.7527937e-11 -0.064163148)
(0.2685406 4.0806144e-11 -0.064179105)
(0.28675417 -1.211795e-11 -0.06421105)
(0.30317774 -2.9946389e-11 -0.064262594)
(0.31703494 2.6575347e-11 -0.064334753)
(0.32756958 6.2024052e-11 -0.064428815)
(0.33404636 3.1457205e-11 -0.064544161)
(0.33588981 -1.6863378e-11 -0.064674732)
(0.33276476 1.4848956e-11 -0.064814226)
(0.32456837 2.3129798e-11 -0.064953754)
(0.31152989 1.4900084e-11 -0.065086784)
(0.29408077 3.6958463e-11 -0.065205408)
(0.27291918 -1.4464897e-11 -0.06528889)
(0.24916528 -8.5665531e-11 -0.065382521)
(0.22251277 -5.0048113e-11 -0.065402304)
(0.19572746 -9.3974037e-12 -0.065435288)
(0.16752373 -3.5244455e-11 -0.065465111)
(0.13856806 -5.1921356e-11 -0.065400721)
(0.11397175 -3.0120195e-11 -0.065221733)
(0.093316442 -4.0380632e-11 -0.065600269)
(0.034234465 -3.8944948e-11 -0.064520598)
)
;

boundaryField
{
    piston
    {
        type            calculated;
        value           nonuniform List<vector> 
40
(
(0 0 -98.028889)
(0 0 -98.028889)
(0 0 -98.028889)
(0 0 -98.028889)
(0 0 -98.02889)
(0 0 -98.02889)
(0 0 -98.02889)
(0 0 -98.02889)
(0 0 -98.02889)
(0 0 -98.028891)
(0 0 -98.028891)
(0 0 -98.028891)
(0 0 -98.028892)
(0 0 -98.028892)
(0 0 -98.028893)
(0 0 -98.028894)
(0 0 -98.028894)
(0 0 -98.028895)
(0 0 -98.028896)
(0 0 -98.028897)
(0 0 -98.028898)
(0 0 -98.028898)
(0 0 -98.028899)
(0 0 -98.028898)
(0 0 -98.028896)
(0 0 -98.028891)
(0 0 -98.028886)
(0 0 -98.028884)
(0 0 -98.02888)
(0 0 -98.028876)
(0 0 -98.028874)
(0 0 -98.028875)
(0 0 -98.028876)
(0 0 -98.028876)
(0 0 -98.028875)
(0 0 -98.028875)
(0 0 -98.028875)
(0 0 -98.028876)
(0 0 -98.028878)
(0 0 -98.028879)
)
;
    }
    cylinderHead
    {
        type            calculated;
        value           uniform (-0 0 0);
    }
    cylinderWall
    {
        type            calculated;
        value           nonuniform List<vector> 
120
(
(9.3972897e-12 0 0)
(-9.4099168e-12 0 0)
(9.3972905e-12 0 0)
(-1.2626603e-14 0 0)
(-9.4099179e-12 -0 -0)
(-9.4099182e-12 0 0)
(-9.4099186e-12 -0 -0)
(9.3972924e-12 0 0)
(-1.2626605e-14 -0 -0)
(0 0 0)
(-9.40992e-12 0 0)
(-1.2626607e-14 0 0)
(9.3972941e-12 0 0)
(9.3972945e-12 0 0)
(9.3972948e-12 0 0)
(0 0 0)
(-1.2626609e-14 0 0)
(-9.4099225e-12 0 0)
(-9.4099229e-12 0 0)
(-1.2626611e-14 -0 -0)
(-9.4099236e-12 0 0)
(9.3972973e-12 0 0)
(-9.4099243e-12 -0 -0)
(-1.2626613e-14 0 0)
(-9.409925e-12 0 0)
(-1.2626614e-14 0 0)
(-1.2626614e-14 0 0)
(0 0 0)
(-1.2626615e-14 0 0)
(-1.2626615e-14 0 0)
(-1.2626616e-14 0 0)
(9.3973007e-12 0 0)
(-1.2626617e-14 -0 -0)
(0 0 0)
(-1.2626617e-14 0 0)
(9.3973019e-12 0 0)
(-1.2626618e-14 -0 -0)
(-1.2626619e-14 0 0)
(-1.2626619e-14 0 0)
(-9.4099297e-12 0 0)
(-1.262662e-14 -0 -0)
(-9.4099302e-12 0 0)
(-1.262662e-14 0 0)
(-9.4099308e-12 0 0)
(9.3973044e-12 0 0)
(9.3973047e-12 0 0)
(9.3973049e-12 0 0)
(9.3973052e-12 0 0)
(-1.2626623e-14 0 0)
(0 0 0)
(9.3973059e-12 0 0)
(-1.2626624e-14 0 0)
(9.3973064e-12 0 0)
(-9.4099333e-12 -0 -0)
(-9.4099335e-12 0 0)
(-9.4099337e-12 0 0)
(-1.2626625e-14 0 0)
(-1.2626625e-14 0 0)
(0 0 0)
(9.3973079e-12 0 0)
(9.3973081e-12 0 0)
(0 0 0)
(0 0 0)
(9.3973087e-12 0 0)
(-9.4099355e-12 -0 -0)
(-9.4099357e-12 0 0)
(-9.4099359e-12 0 0)
(-1.2626628e-14 0 0)
(9.3973096e-12 0 0)
(-9.4099364e-12 0 0)
(-9.4099366e-12 0 0)
(-1.2626629e-14 0 0)
(9.3973103e-12 0 0)
(9.3973105e-12 0 0)
(9.3973106e-12 0 0)
(9.3973108e-12 0 0)
(-1.262663e-14 0 0)
(-9.4099377e-12 -0 -0)
(-9.4099378e-12 0 0)
(-1.262663e-14 -0 -0)
(-9.4099381e-12 -0 -0)
(-1.2626631e-14 -0 -0)
(9.3973117e-12 0 0)
(-1.2626631e-14 0 0)
(-9.4099386e-12 0 0)
(-1.2626631e-14 -0 -0)
(0 0 0)
(-1.2626632e-14 0 0)
(9.3973124e-12 0 0)
(9.3973125e-12 0 0)
(-1.2626632e-14 0 0)
(9.3973127e-12 0 0)
(9.3973128e-12 0 0)
(0 0 0)
(-1.2626633e-14 0 0)
(-9.4099397e-12 -0 -0)
(-9.4099397e-12 0 0)
(-1.2626633e-14 0 0)
(-1.2626633e-14 -0 -0)
(-9.40994e-12 -0 -0)
(-1.2626633e-14 0 0)
(-1.2626633e-14 -0 -0)
(9.3973135e-12 0 0)
(-9.4099402e-12 0 0)
(-1.2626634e-14 -0 -0)
(-9.4099403e-12 0 0)
(-1.2626634e-14 0 0)
(-9.4099404e-12 0 0)
(1.8807254e-11 0 0)
(-1.2626634e-14 0 0)
(-1.2626634e-14 0 0)
(9.3973139e-12 0 0)
(-9.4099405e-12 0 0)
(-9.4099405e-12 0 0)
(0 0 0)
(-9.4099405e-12 0 0)
(-9.4099406e-12 0 0)
(0 0 0)
(0 0 0)
(-1.2626634e-14 -0 -0)
)
;
    }
    wedgeFront
    {
        type            wedge;
        value           nonuniform List<vector> 
4800
(
(-0.0010588465 -4.6230967e-05 -22.083473)
(-0.0013559183 -5.9199583e-05 -19.126358)
(-0.0015411447 -6.7288244e-05 -16.527256)
(-0.0018233385 -7.9608101e-05 -15.134886)
(-0.0023336922 -0.00010189157 -14.311459)
(-0.0027817005 -0.00012145192 -13.819771)
(-0.0030794797 -0.00013445497 -13.521035)
(-0.0032725416 -0.00014288248 -13.321674)
(-0.0034085525 -0.00014882072 -13.169093)
(-0.0035088005 -0.00015319813 -13.037011)
(-0.0035824394 -0.00015641524 -12.912935)
(-0.0036356705 -0.00015873727 -12.794185)
(-0.0036724818 -0.00016034329 -12.677205)
(-0.0036954297 -0.00016134705 -12.559409)
(-0.0037058104 -0.00016180037 -12.44023)
(-0.0037043545 -0.00016173679 -12.319831)
(-0.0036916568 -0.00016118098 -12.198542)
(-0.0036683988 -0.0001601654 -12.076778)
(-0.0036353091 -0.00015872081 -11.954781)
(-0.0035931452 -0.00015687883 -11.832698)
(-0.0035426471 -0.00015467513 -11.710575)
(-0.0034844881 -0.00015213466 -11.588423)
(-0.0034192925 -0.00014928785 -11.466279)
(-0.0033476213 -0.00014615957 -11.344167)
(-0.0032699823 -0.00014276945 -11.222094)
(-0.0031868402 -0.00013913967 -11.100064)
(-0.0030986202 -0.00013528778 -10.978083)
(-0.0030057104 -0.00013123223 -10.856152)
(-0.0029084655 -0.00012698697 -10.734269)
(-0.0028072113 -0.00012256632 -10.612441)
(-0.0027022339 -0.00011798255 -10.490674)
(-0.0025937841 -0.00011324756 -10.368965)
(-0.0024820738 -0.00010837139 -10.247316)
(-0.0023672896 -0.00010335901 -10.125727)
(-0.0022495898 -9.8220388e-05 -10.004201)
(-0.0021290826 -9.2958106e-05 -9.8827342)
(-0.0020058714 -8.7579341e-05 -9.7613316)
(-0.0018808019 -8.211853e-05 -9.6400004)
(-0.0017564668 -7.6691153e-05 -9.5187409)
(-0.0016324563 -7.1275531e-05 -9.3975305)
(-0.0015063949 -6.5770462e-05 -9.2763927)
(-0.0013782238 -6.01744e-05 -9.1553234)
(-0.0012482406 -5.4499466e-05 -9.0343175)
(-0.0011167145 -4.8755474e-05 -8.9133802)
(-0.00098386807 -4.2956387e-05 -8.7925163)
(-0.00084989191 -3.7107954e-05 -8.6717224)
(-0.00071495181 -3.1216158e-05 -8.5509987)
(-0.00057919039 -2.5287282e-05 -8.4303459)
(-0.00044273039 -1.9330571e-05 -8.309764)
(-0.00030566168 -1.3345749e-05 -8.1892492)
(-0.00016805462 -7.3361664e-06 -8.068806)
(-2.9955299e-05 -1.3073489e-06 -7.9484383)
(0.00010846206 4.7375965e-06 -7.8281418)
(0.00024699063 1.078398e-05 -7.7079163)
(0.00038544793 1.6828075e-05 -7.5877619)
(0.00052365498 2.2862648e-05 -7.4676742)
(0.00066141165 2.887952e-05 -7.3476575)
(0.00079852468 3.4864947e-05 -7.2277154)
(0.00093486137 4.0816367e-05 -7.1078437)
(0.0010704297 4.673444e-05 -6.9880418)
(0.0012054286 5.262974e-05 -6.8683092)
(0.0013401459 5.8510078e-05 -6.7486458)
(0.0014747423 6.4387152e-05 -6.6290477)
(0.0016090932 7.025626e-05 -6.5095192)
(0.0017428542 7.6095271e-05 -6.3900632)
(0.001875637 8.1890715e-05 -6.2706756)
(0.0020071348 8.7630643e-05 -6.1513557)
(0.0021371562 9.3309841e-05 -6.0321029)
(0.0022655934 9.8917781e-05 -5.9129163)
(0.0023923858 0.00010445247 -5.7937906)
(0.0025174801 0.00010991458 -5.6747298)
(0.0026408302 0.00011529979 -5.5557364)
(0.0027623946 0.00012061014 -5.4368057)
(0.0028821254 0.00012583675 -5.3179366)
(0.0029999716 0.00013098125 -5.1991282)
(0.0031158778 0.00013604181 -5.0803795)
(0.0032297902 0.00014101634 -4.9616851)
(0.003341645 0.00014590093 -4.8430488)
(0.0034513784 0.00015069065 -4.7244728)
(0.0035589339 0.00015538538 -4.6059526)
(0.0036642538 0.00015998395 -4.4874868)
(0.0037672836 0.00016448112 -4.3690743)
(0.0038679759 0.00016887671 -4.2507095)
(0.0039662798 0.00017317071 -4.1323963)
(0.0040621507 0.00017735757 -4.0141364)
(0.0041555522 0.00018143515 -3.8959253)
(0.0042464489 0.00018540411 -3.7777614)
(0.0043348083 0.00018926366 -3.6596434)
(0.0044206007 0.00019300929 -3.5415701)
(0.004503799 0.00019664154 -3.4235357)
(0.0045843706 0.00020015922 -3.3055438)
(0.0046622832 0.00020355963 -3.1875962)
(0.0047375066 0.00020684408 -3.069688)
(0.0048100057 0.00021000927 -2.9518177)
(0.0048797423 0.00021305512 -2.8339838)
(0.0049466743 0.00021597719 -2.716185)
(0.005010757 0.00021877403 -2.5984152)
(0.0050719336 0.00022144438 -2.480678)
(0.0051301431 0.00022398565 -2.3629745)
(0.005185319 0.00022639606 -2.2452995)
(0.0052373828 0.00022866888 -2.1276501)
(0.0052862453 0.00023080225 -2.0100231)
(0.0053318027 0.00023279088 -1.8924139)
(0.0053739367 0.0002346286 -1.7748124)
(0.0054125018 0.00023631196 -1.6572163)
(0.0054473296 0.00023783294 -1.5396211)
(0.0054782269 0.00023918181 -1.4220192)
(0.0055049782 0.00024034906 -1.304414)
(0.0055273775 0.0002413287 -1.1868214)
(0.0055454857 0.00024212095 -1.0693149)
(0.005559636 0.00024273868 -0.95191235)
(0.0055715447 0.00024325796 -0.83478171)
(0.0055825251 0.00024373647 -0.7186102)
(0.0055900114 0.00024406377 -0.60497337)
(0.005587782 0.00024396804 -0.49606129)
(0.0055697523 0.00024318218 -0.394113)
(0.0055299198 0.00024144254 -0.29989042)
(0.0054556265 0.00023819812 -0.21688)
(0.0053098285 0.00023183107 -0.13356511)
(0.0048918297 0.00021358023 -0.064503223)
(-0.007206382 -0.00031463349 -22.085438)
(-0.0080506292 -0.00035149319 -19.128062)
(-0.0081931889 -0.00035771793 -16.528135)
(-0.0083546291 -0.00036476654 -15.136409)
(-0.0086822093 -0.00037906826 -14.312878)
(-0.0089804795 -0.00039209087 -13.819277)
(-0.0091732339 -0.0004005063 -13.518786)
(-0.0092835676 -0.00040532334 -13.318307)
(-0.0093437213 -0.00040795052 -13.165054)
(-0.0093697968 -0.00040908948 -13.032532)
(-0.0093692592 -0.00040906611 -12.908165)
(-0.0093481753 -0.00040814607 -12.789124)
(-0.0093088079 -0.00040642693 -12.671944)
(-0.0092518968 -0.00040394215 -12.554006)
(-0.0091778464 -0.00040070847 -12.43472)
(-0.0090869685 -0.00039673972 -12.31424)
(-0.0089797034 -0.00039205739 -12.192888)
(-0.0088567733 -0.00038669061 -12.071076)
(-0.0087189813 -0.00038067473 -11.949044)
(-0.0085671907 -0.00037404729 -11.826937)
(-0.0084022487 -0.00036684598 -11.7048)
(-0.0082249447 -0.00035910363 -11.582641)
(-0.0080360465 -0.00035085626 -11.460497)
(-0.0078362587 -0.00034213245 -11.338391)
(-0.0076262197 -0.00033296354 -11.21633)
(-0.0074065272 -0.00032337088 -11.094316)
(-0.0071777357 -0.00031338208 -10.972355)
(-0.0069403622 -0.00030301768 -10.850448)
(-0.0066948858 -0.00029229953 -10.728592)
(-0.0064417705 -0.00028124779 -10.606794)
(-0.0061814501 -0.00026988146 -10.485059)
(-0.0059143159 -0.00025821832 -10.363384)
(-0.0056407438 -0.00024627465 -10.24177)
(-0.0053610948 -0.00023406465 -10.120218)
(-0.0050757032 -0.00022160442 -9.9987299)
(-0.004784867 -0.00020890601 -9.8773015)
(-0.0044890443 -0.00019598986 -9.7559411)
(-0.0041902782 -0.00018294514 -9.6346536)
(-0.0038900934 -0.00016983892 -9.5134173)
(-0.0035872018 -0.00015661556 -9.3922571)
(-0.0032803752 -0.00014321937 -9.2711658)
(-0.0029697983 -0.00012965875 -9.1501434)
(-0.0026558574 -0.00011595178 -9.0291862)
(-0.0023389346 -0.00010211432 -8.9082989)
(-0.0020193901 -8.8162758e-05 -8.7874863)
(-0.0016975495 -7.4111731e-05 -8.6667446)
(-0.001373739 -5.9973781e-05 -8.5460741)
(-0.0010482652 -4.5763e-05 -8.425475)
(-0.0007214179 -3.1492869e-05 -8.3049475)
(-0.00039348287 -1.7175597e-05 -8.1844873)
(-6.4791913e-05 -2.8240905e-06 -8.064099)
(0.00026430464 1.1544487e-05 -7.943787)
(0.00059365181 2.5925302e-05 -7.8235476)
(0.00092297759 4.0304527e-05 -7.7033803)
(0.0012519674 5.4668285e-05 -7.5832849)
(0.0015802933 6.9003226e-05 -7.463257)
(0.0019075847 8.3293873e-05 -7.3433008)
(0.0022334908 9.7523082e-05 -7.2234199)
(0.0025577764 0.00011168145 -7.10361)
(0.0028804237 0.00012576775 -6.9838706)
(0.0032016864 0.00013979371 -6.8642012)
(0.0035219063 0.00015377491 -6.7446018)
(0.0038412046 0.00016771518 -6.625068)
(0.0041592727 0.00018160264 -6.5056041)
(0.0044755164 0.00019541059 -6.3862127)
(0.0047893207 0.00020911099 -6.2668897)
(0.0051001893 0.00022268364 -6.1476343)
(0.0054077781 0.00023611344 -6.028446)
(0.0057118456 0.00024938981 -5.9093238)
(0.0060122147 0.00026250306 -5.7902625)
(0.0063087093 0.00027544902 -5.6712662)
(0.0066011705 0.00028821776 -5.5523373)
(0.0068894594 0.00030080455 -5.4334713)
(0.0071734311 0.00031320294 -5.3146671)
(0.0074529425 0.00032540659 -5.1959238)
(0.0077278533 0.00033740989 -5.0772403)
(0.0079980351 0.00034920616 -4.9586113)
(0.0082633409 0.00036079043 -4.8400406)
(0.0085236336 0.00037215449 -4.7215304)
(0.0087787935 0.00038329532 -4.6030761)
(0.0090286992 0.00039420612 -4.4846764)
(0.0092732351 0.0004048839 -4.36633)
(0.0095123008 0.00041532164 -4.2480315)
(0.0097457826 0.00042551602 -4.1297846)
(0.0099735787 0.00043546079 -4.0115911)
(0.010195604 0.00044515451 -3.8934464)
(0.010411772 0.0004545921 -3.775349)
(0.010622 0.00046377215 -3.6572976)
(0.01082621 0.00047268783 -3.539291)
(0.011024334 0.00048133768 -3.4213233)
(0.01121629 0.00048971873 -3.3033983)
(0.011402001 0.00049782725 -3.1855176)
(0.011581402 0.00050565929 -3.0676766)
(0.011754422 0.0005132138 -2.9498736)
(0.011920989 0.00052048579 -2.8321073)
(0.01208103 0.00052747289 -2.7143762)
(0.012234478 0.00053417273 -2.5966745)
(0.012381247 0.00054058169 -2.4790057)
(0.012521252 0.00054669497 -2.3613711)
(0.012654406 0.00055250745 -2.2437654)
(0.012780612 0.0005580181 -2.1261859)
(0.012899757 0.0005632197 -2.0086296)
(0.013011719 0.00056810876 -1.891092)
(0.013116361 0.00057267774 -1.7735633)
(0.013213519 0.00057691962 -1.6560419)
(0.013303013 0.00058082766 -1.5385237)
(0.013384644 0.00058439018 -1.4210015)
(0.013458171 0.00058760046 -1.3034792)
(0.013523288 0.00059044373 -1.1859716)
(0.01357992 0.00059291637 -1.0685477)
(0.01362719 0.00059498021 -0.95121427)
(0.01366476 0.000596621 -0.83413049)
(0.013690774 0.00059775653 -0.71799615)
(0.013699218 0.00059812545 -0.60441499)
(0.013679779 0.00059727622 -0.49558733)
(0.013619601 0.00059464889 -0.39373851)
(0.01350107 0.00058947323 -0.29961966)
(0.013289415 0.00058023322 -0.21670839)
(0.012887293 0.00056267532 -0.13348724)
(0.011804648 0.00051540589 -0.064494252)
(-0.014244102 -0.00062191323 -22.085612)
(-0.015798501 -0.00068978035 -19.128264)
(-0.015972303 -0.00069736816 -16.528358)
(-0.01603596 -0.00070014748 -15.136753)
(-0.016129197 -0.00070421804 -14.313216)
(-0.016227778 -0.00070852201 -13.819318)
(-0.016289127 -0.00071120053 -13.518518)
(-0.016299189 -0.0007116401 -13.317789)
(-0.016260696 -0.00070995959 -13.16433)
(-0.016180126 -0.00070644192 -13.031636)
(-0.016064253 -0.00070138245 -12.907127)
(-0.015922461 -0.000695192 -12.787928)
(-0.015758739 -0.00068804333 -12.670614)
(-0.015574413 -0.00067999563 -12.55256)
(-0.015370751 -0.00067110337 -12.433171)
(-0.015148646 -0.00066140566 -12.312595)
(-0.014908766 -0.00065093222 -12.191156)
(-0.014651784 -0.00063971283 -12.069262)
(-0.014378237 -0.00062776988 -11.947153)
(-0.014088652 -0.00061512596 -11.824973)
(-0.013783516 -0.00060180299 -11.702765)
(-0.013463323 -0.0005878235 -11.58054)
(-0.013128611 -0.00057321044 -11.458332)
(-0.012779908 -0.0005579859 -11.336166)
(-0.012417713 -0.00054217213 -11.214047)
(-0.012042531 -0.00052579122 -11.091979)
(-0.011654861 -0.0005088648 -10.969965)
(-0.011255198 -0.00049141437 -10.848009)
(-0.010844021 -0.00047346189 -10.726106)
(-0.010421836 -0.00045502826 -10.604263)
(-0.0099891469 -0.00043613686 -10.482485)
(-0.0095464262 -0.00041680648 -10.36077)
(-0.0090941736 -0.00039706101 -10.239119)
(-0.0086328834 -0.00037692167 -10.117532)
(-0.0081630369 -0.00035640775 -9.9960103)
(-0.0076851532 -0.00033554238 -9.8745519)
(-0.0072012252 -0.00031441373 -9.7531686)
(-0.006713075 -0.0002931003 -9.6318418)
(-0.0062197579 -0.00027156199 -9.5105876)
(-0.0057201885 -0.00024974984 -9.3894061)
(-0.0052147496 -0.00022768253 -9.268295)
(-0.0047039084 -0.00020537909 -9.1472548)
(-0.0041881355 -0.00018285933 -9.0262821)
(-0.0036679385 -0.00016014766 -8.9053815)
(-0.0031438226 -0.00013726428 -8.7845578)
(-0.0026162536 -0.00011422985 -8.6638072)
(-0.0020857095 -9.1065923e-05 -8.5431301)
(-0.0015526692 -6.77931e-05 -8.4225266)
(-0.001017613 -4.443223e-05 -8.3019971)
(-0.00048099974 -2.1003058e-05 -8.1815376)
(5.6678771e-05 2.4729767e-06 -8.061153)
(0.00059494917 2.5974488e-05 -7.9408463)
(0.0011333801 4.9482659e-05 -7.8206129)
(0.0016715179 7.2978493e-05 -7.7004532)
(0.0022088935 9.6441046e-05 -7.5803672)
(0.0027450373 0.00011984921 -7.4603505)
(0.0032794286 0.00014318151 -7.3404074)
(0.0038115926 0.00016641649 -7.2205414)
(0.0043412403 0.00018954118 -7.1007483)
(0.0048683559 0.00021255553 -6.9810273)
(0.0053931951 0.00023547036 -6.8613783)
(0.0059160169 0.00025829701 -6.7418012)
(0.0064367591 0.00028103286 -6.6222914)
(0.0069548666 0.00030365395 -6.502853)
(0.0074695304 0.00032612485 -6.3834887)
(0.0079799882 0.00034841188 -6.2641943)
(0.0084856237 0.00037048832 -6.1449691)
(0.0089859744 0.00039233364 -6.0258122)
(0.0094806737 0.00041393271 -5.9067229)
(0.009969422 0.00043527245 -5.7876958)
(0.010451908 0.00045633851 -5.668735)
(0.010927846 0.00047711801 -5.5498427)
(0.011396988 0.0004976014 -5.4310146)
(0.011859081 0.00051777637 -5.3122494)
(0.01231388 0.00053763369 -5.1935461)
(0.012761154 0.0005571619 -5.0749038)
(0.013200694 0.00057635222 -4.9563169)
(0.013632265 0.00059519493 -4.8377893)
(0.014055653 0.00061368023 -4.7193231)
(0.014470675 0.0006318003 -4.6009136)
(0.014877142 0.00064954786 -4.4825595)
(0.015274877 0.00066691279 -4.3642596)
(0.015663724 0.00068389061 -4.2460083)
(0.016043503 0.00070047196 -4.1278093)
(0.016414053 0.00071665044 -4.0096644)
(0.016775236 0.00073242012 -3.891569)
(0.017126912 0.00074777521 -3.7735215)
(0.017468949 0.00076270892 -3.6555207)
(0.017801218 0.00077721611 -3.5375651)
(0.018123614 0.00079129148 -3.4196491)
(0.018436005 0.00080493075 -3.3017763)
(0.018738277 0.00081812857 -3.1839483)
(0.019030334 0.00083088015 -3.0661605)
(0.019312077 0.00084318179 -2.9484111)
(0.019583411 0.00085502795 -2.8306988)
(0.019844246 0.00086641575 -2.7130223)
(0.020094507 0.00087734247 -2.5953754)
(0.020334098 0.00088780381 -2.477762)
(0.020562938 0.00089779494 -2.360183)
(0.020780952 0.00090731409 -2.2426333)
(0.020988062 0.00091635535 -2.1251102)
(0.021184184 0.00092491879 -2.0076106)
(0.021369229 0.00093299804 -1.8901302)
(0.021543102 0.00094058956 -1.7726591)
(0.02170567 0.00094768782 -1.6551958)
(0.021856769 0.00095428452 -1.5377362)
(0.021996169 0.00096037054 -1.4202731)
(0.022123494 0.00096592994 -1.3028106)
(0.022238091 0.00097093348 -1.1853631)
(0.022339332 0.00097535439 -1.067999)
(0.022424375 0.00097906701 -0.95072367)
(0.022489713 0.00098191975 -0.83369533)
(0.022529377 0.00098365159 -0.71761459)
(0.022534338 0.00098386811 -0.60408763)
(0.022492186 0.00098202819 -0.49531558)
(0.022385717 0.00097738033 -0.39352228)
(0.022187812 0.00096873916 -0.29945856)
(0.021843124 0.00095368906 -0.21660023)
(0.021191255 0.0009252275 -0.13343319)
(0.019426454 0.00084817486 -0.064484893)
(-0.020754785 -0.00090617341 -22.085957)
(-0.023085775 -0.0010079467 -19.128644)
(-0.023367809 -0.0010202607 -16.528542)
(-0.023463681 -0.0010244466 -15.136736)
(-0.02356069 -0.001028682 -14.312959)
(-0.023660378 -0.0010330344 -13.818815)
(-0.023714791 -0.0010354099 -13.517809)
(-0.023700018 -0.0010347653 -13.316914)
(-0.023615525 -0.0010310764 -13.163317)
(-0.023469439 -0.0010246979 -13.030495)
(-0.023271943 -0.001016075 -12.905856)
(-0.023037716 -0.0010058485 -12.786551)
(-0.022773441 -0.00099431001 -12.66913)
(-0.022481494 -0.00098156348 -12.550965)
(-0.022163989 -0.00096770093 -12.431462)
(-0.021822326 -0.00095278341 -12.310771)
(-0.02145746 -0.00093685277 -12.189214)
(-0.02107024 -0.00091994641 -12.067202)
(-0.020661269 -0.00090209053 -11.944976)
(-0.020231122 -0.00088330991 -11.82268)
(-0.019780317 -0.0008636274 -11.700361)
(-0.019309396 -0.00084306662 -11.578026)
(-0.018818976 -0.00082165429 -11.455713)
(-0.018309672 -0.00079941762 -11.333445)
(-0.017782073 -0.00077638212 -11.211227)
(-0.017236796 -0.00075257457 -11.089065)
(-0.016674464 -0.00072802289 -10.96696)
(-0.016095713 -0.00070275416 -10.844916)
(-0.015501169 -0.00067679561 -10.722929)
(-0.014891508 -0.00065017714 -10.601006)
(-0.014267407 -0.00062292846 -10.479152)
(-0.013629519 -0.00059507763 -10.357365)
(-0.012978524 -0.00056665462 -10.235644)
(-0.012315085 -0.00053768833 -10.113992)
(-0.011639928 -0.0005082102 -9.9924099)
(-0.010955308 -0.00047831887 -9.8709012)
(-0.01026369 -0.00044812238 -9.7494515)
(-0.0095645683 -0.00041759808 -9.6280753)
(-0.0088565774 -0.00038668653 -9.5067775)
(-0.0081399031 -0.00035539598 -9.3855529)
(-0.0074152189 -0.00032375559 -9.2644023)
(-0.0066832169 -0.00029179572 -9.1433263)
(-0.0059445638 -0.0002595453 -9.0223213)
(-0.0051999805 -0.00022703603 -8.9013921)
(-0.0044501731 -0.00019429885 -8.7805432)
(-0.0036957998 -0.00016136231 -8.659771)
(-0.0029375398 -0.00012825607 -8.5390757)
(-0.0021760771 -9.500975e-05 -8.4184575)
(-0.0014121001 -6.1653723e-05 -8.2979165)
(-0.00064624974 -2.8216023e-05 -8.1774486)
(0.0001208121 5.2746394e-06 -8.0570582)
(0.00088845586 3.8790829e-05 -7.9367493)
(0.0016560036 7.2302765e-05 -7.8165177)
(0.0024227768 0.00010578104 -7.6963633)
(0.0031880991 0.00013919568 -7.5762857)
(0.003951304 0.00017251789 -7.4562804)
(0.0047116759 0.00020571611 -7.3363517)
(0.0054686252 0.00023876509 -7.216503)
(0.0062218962 0.00027165381 -7.0967298)
(0.0069716055 0.0003043869 -6.9770315)
(0.0077180903 0.00033697898 -6.8574081)
(0.0084614905 0.00036943647 -6.7378594)
(0.0092014394 0.00040174345 -6.6183807)
(0.0099370085 0.00043385887 -6.4989758)
(0.010667095 0.00046573498 -6.3796474)
(0.011390743 0.00049733036 -6.2603914)
(0.012107191 0.00052861094 -6.1412068)
(0.012815849 0.00055955202 -6.0220928)
(0.013516232 0.00059013125 -5.9030483)
(0.014207935 0.00062033169 -5.7840682)
(0.014890529 0.0006501345 -5.6651562)
(0.015563621 0.00067952207 -5.5463148)
(0.016226867 0.00070848004 -5.4275392)
(0.016879918 0.00073699274 -5.3088284)
(0.01752244 0.00076504588 -5.1901812)
(0.018154114 0.0007926253 -5.0715965)
(0.018774655 0.00081971862 -4.9530688)
(0.019383746 0.00084631218 -4.8346019)
(0.019981095 0.00087239292 -4.7161978)
(0.020566454 0.00089795014 -4.5978518)
(0.021139569 0.00092297282 -4.4795625)
(0.021700203 0.00094745069 -4.3613287)
(0.022248145 0.00097137445 -4.2431446)
(0.022783154 0.00099473329 -4.125014)
(0.023305014 0.0010175182 -4.0069385)
(0.023813541 0.0010397213 -3.8889135)
(0.024308548 0.0010613338 -3.7709375)
(0.024789861 0.0010823483 -3.6530089)
(0.025257314 0.0011027576 -3.5351266)
(0.025710767 0.0011225559 -3.4172846)
(0.026150051 0.0011417353 -3.2994866)
(0.02657502 0.0011602897 -3.1817342)
(0.026985553 0.0011782141 -3.0640226)
(0.027381523 0.0011955025 -2.9463502)
(0.027762814 0.0012121501 -2.8287155)
(0.028129316 0.0012281516 -2.711117)
(0.028480938 0.0012435039 -2.5935489)
(0.028817568 0.0012582015 -2.4760147)
(0.029139109 0.0012722403 -2.3585154)
(0.029445478 0.0012856167 -2.2410459)
(0.029736588 0.0012983269 -2.1236034)
(0.030012349 0.0013103671 -2.0061849)
(0.030272662 0.0013217324 -1.8887859)
(0.030517419 0.0013324186 -1.7713967)
(0.030746457 0.0013424186 -1.6540155)
(0.030959557 0.0013517226 -1.5366383)
(0.031156389 0.0013603169 -1.4192581)
(0.031336387 0.0013681756 -1.3018785)
(0.031498548 0.0013752557 -1.1845142)
(0.031641852 0.0013815127 -1.0672334)
(0.031762042 0.0013867601 -0.95004148)
(0.031853789 0.0013907661 -0.8330965)
(0.031908364 0.0013931488 -0.71709842)
(0.031913249 0.001393362 -0.60365238)
(0.031851677 0.0013906738 -0.49495918)
(0.031700047 0.0013840533 -0.39324288)
(0.031420381 0.0013718426 -0.29925504)
(0.030934387 0.0013506241 -0.21646925)
(0.030013729 0.0013104273 -0.13337221)
(0.02751305 0.0012012453 -0.064479017)
(-0.027895974 -0.0012179644 -22.086613)
(-0.031077977 -0.0013568936 -19.129392)
(-0.031461807 -0.001373652 -16.528978)
(-0.031578202 -0.0013787339 -15.136776)
(-0.031680571 -0.0013832033 -14.312549)
(-0.031783591 -0.0013877012 -13.818024)
(-0.031828167 -0.0013896472 -13.516738)
(-0.0317825 -0.0013876537 -13.315626)
(-0.031645186 -0.0013816585 -13.16185)
(-0.03142675 -0.0013721211 -13.028865)
(-0.03114076 -0.0013596348 -12.904062)
(-0.030806948 -0.0013450602 -12.784622)
(-0.030434158 -0.0013287839 -12.667067)
(-0.030025629 -0.0013109472 -12.548764)
(-0.029584269 -0.0012916769 -12.429118)
(-0.029112 -0.0012710572 -12.308282)
(-0.028610112 -0.0012491441 -12.186575)
(-0.028079726 -0.0012259869 -12.064412)
(-0.027521618 -0.0012016195 -11.942037)
(-0.026936508 -0.0011760731 -11.819594)
(-0.026325032 -0.0011493754 -11.697131)
(-0.025687854 -0.0011215557 -11.574657)
(-0.025025742 -0.0010926472 -11.452207)
(-0.024339459 -0.0010626834 -11.329807)
(-0.023629741 -0.0010316966 -11.207461)
(-0.022897364 -0.00099972019 -11.085174)
(-0.022143124 -0.0009667895 -10.96295)
(-0.02136783 -0.0009329395 -10.840791)
(-0.020572288 -0.0008982053 -10.718694)
(-0.01975737 -0.00086262512 -10.596665)
(-0.018923959 -0.00082623775 -10.47471)
(-0.0180729 -0.00078907969 -10.352826)
(-0.017205054 -0.00075118885 -10.231014)
(-0.016321544 -0.00071261389 -10.109276)
(-0.01542538 -0.00067348649 -9.9876195)
(-0.014519011 -0.00063391345 -9.8660202)
(-0.01360196 -0.00059387419 -9.7444951)
(-0.01267297 -0.0005533137 -9.6230565)
(-0.011732094 -0.00051223412 -9.5016954)
(-0.010780268 -0.00047067656 -9.3804126)
(-0.0098184147 -0.00042868115 -9.2592086)
(-0.0088474572 -0.00038628822 -9.1380843)
(-0.0078682826 -0.00034353651 -9.0170357)
(-0.0068818474 -0.00030046784 -8.8960679)
(-0.0058890841 -0.00025712295 -8.7751853)
(-0.0048908577 -0.00021353954 -8.6543842)
(-0.0038880559 -0.00016975626 -8.5336647)
(-0.0028815538 -0.00012581132 -8.413027)
(-0.0018722186 -8.1742731e-05 -8.2924713)
(-0.00086088482 -3.7586866e-05 -8.1719933)
(0.0001515118 6.6152836e-06 -8.0515975)
(0.0011640211 5.0822527e-05 -7.9312873)
(0.0021758464 9.4999728e-05 -7.8110586)
(0.0031861144 0.0001391092 -7.6909112)
(0.0041939175 0.00018311083 -7.5708448)
(0.0051983815 0.00022696668 -7.4508547)
(0.0061986427 0.00027063876 -7.3309452)
(0.0071941272 0.00031410242 -7.2111195)
(0.0081847669 0.00035735474 -7.0913731)
(0.0091708557 0.00040040847 -6.9717057)
(0.010152673 0.00044327549 -6.8521172)
(0.011129989 0.00048594592 -6.7326073)
(0.01210193 0.00052838181 -6.6131706)
(0.013067132 0.00057052321 -6.4938112)
(0.014024244 0.00061231149 -6.3745317)
(0.014972198 0.00065370025 -6.2553278)
(0.015910145 0.00069465179 -6.1361983)
(0.016837405 0.00073513717 -6.0171423)
(0.017753394 0.00077513003 -5.8981587)
(0.018657612 0.00081460906 -5.7792421)
(0.019549519 0.00085355064 -5.6603964)
(0.02042862 0.00089193276 -5.5416236)
(0.021294482 0.00092973709 -5.4229192)
(0.022146667 0.00096694423 -5.3042818)
(0.022984758 0.0010035361 -5.1857103)
(0.023808355 0.001039495 -5.0672034)
(0.024617109 0.0010748059 -4.9487556)
(0.025410623 0.0011094515 -4.8303705)
(0.026188537 0.001143416 -4.71205)
(0.026950547 0.001176686 -4.5937895)
(0.027696342 0.001209248 -4.4755873)
(0.028425628 0.0012410895 -4.3574421)
(0.029138154 0.001272199 -4.2393482)
(0.029833621 0.0013025637 -4.1213092)
(0.030511767 0.0013321722 -4.0033267)
(0.031172372 0.001361015 -3.885396)
(0.031815214 0.0013890822 -3.7675154)
(0.032440083 0.0014163644 -3.6496835)
(0.033046782 0.0014428534 -3.5318988)
(0.03363515 0.001468542 -3.4141555)
(0.034204985 0.0014934215 -3.2964573)
(0.034756116 0.0015174843 -3.1788054)
(0.035288404 0.0015407247 -3.0611953)
(0.035801705 0.0015631359 -2.943625)
(0.036295886 0.0015847123 -2.8260933)
(0.036770822 0.0016054482 -2.7085985)
(0.037226416 0.00162534 -2.5911347)
(0.037662542 0.0016443817 -2.4737053)
(0.038079092 0.0016625686 -2.3563115)
(0.038475977 0.0016798971 -2.2389479)
(0.038853104 0.0016963628 -2.1216118)
(0.039210371 0.0017119616 -2.0043001)
(0.039547668 0.0017266883 -1.8870084)
(0.039864868 0.0017405374 -1.7697268)
(0.040161769 0.0017535004 -1.6524536)
(0.040438093 0.0017655649 -1.5351848)
(0.040693414 0.0017767125 -1.4179131)
(0.040926988 0.0017869105 -1.3006424)
(0.041137511 0.0017961022 -1.1833872)
(0.041323659 0.0018042297 -1.0662156)
(0.041479902 0.0018110513 -0.94913355)
(0.041599326 0.0018162656 -0.83229902)
(0.041670644 0.0018193794 -0.71641052)
(0.041677746 0.0018196894 -0.60307101)
(0.041599019 0.0018162522 -0.49448052)
(0.041403769 0.0018077273 -0.39286405)
(0.041042135 0.0017919379 -0.29897493)
(0.040410909 0.0017643781 -0.2162843)
(0.039209204 0.0017119107 -0.13328235)
(0.035933284 0.0015688806 -0.064466598)
(-0.035776105 -0.0015620178 -22.087513)
(-0.039943271 -0.0017439604 -19.13043)
(-0.040456452 -0.0017663664 -16.52962)
(-0.040599792 -0.0017726248 -15.136894)
(-0.040712646 -0.0017775521 -14.312061)
(-0.040822898 -0.0017823659 -13.817026)
(-0.040858627 -0.0017839257 -13.515367)
(-0.040780407 -0.0017805107 -13.313963)
(-0.040586867 -0.0017720605 -13.159944)
(-0.040291472 -0.0017591633 -13.026737)
(-0.039911346 -0.0017425665 -12.901717)
(-0.039471498 -0.0017233624 -12.782092)
(-0.038982719 -0.0017020217 -12.664356)
(-0.038448859 -0.0016787129 -12.54587)
(-0.037873476 -0.0016535909 -12.426035)
(-0.037258969 -0.001626761 -12.305008)
(-0.036606921 -0.0015982919 -12.183107)
(-0.035918787 -0.0015682474 -12.06075)
(-0.035195572 -0.0015366714 -11.938181)
(-0.034438213 -0.0015036046 -11.815547)
(-0.03364755 -0.0014690834 -11.692899)
(-0.032824447 -0.0014331459 -11.570244)
(-0.031969906 -0.0013958358 -11.447618)
(-0.03108493 -0.001357197 -11.325047)
(-0.030170482 -0.0013172714 -11.202535)
(-0.029227579 -0.0012761034 -11.080088)
(-0.028257263 -0.0012337384 -10.95771)
(-0.027260593 -0.001190223 -10.835403)
(-0.026238623 -0.0011456028 -10.713164)
(-0.025192492 -0.0010999275 -10.590999)
(-0.024123345 -0.0010532478 -10.468915)
(-0.023032268 -0.0010056103 -10.346908)
(-0.02192155 -0.00095711513 -10.22498)
(-0.020794825 -0.00090792128 -10.10314)
(-0.019653777 -0.00085810206 -9.9813589)
(-0.018497832 -0.00080763233 -9.8596622)
(-0.017325917 -0.00075646573 -9.7380501)
(-0.016138434 -0.00070461878 -9.6165256)
(-0.014936536 -0.00065214276 -9.4950851)
(-0.013721422 -0.00059908976 -9.3737293)
(-0.012494292 -0.00054551234 -9.252459)
(-0.011256342 -0.00049146211 -9.1312748)
(-0.010008717 -0.00043698959 -9.0101729)
(-0.0087526481 -0.00038214839 -8.8891581)
(-0.0074893442 -0.00032699148 -8.768235)
(-0.0062199291 -0.00027156743 -8.6473996)
(-0.0049455563 -0.00021592725 -8.526652)
(-0.0036673632 -0.0001601202 -8.4059924)
(-0.0023864738 -0.00010419552 -8.2854208)
(-0.0011039618 -4.819993e-05 -8.1649328)
(0.00017899955 7.8153988e-06 -8.0445333)
(0.0014612574 6.3799994e-05 -7.9242252)
(0.0027417763 0.0001197086 -7.8040041)
(0.0040194433 0.00017549304 -7.6838697)
(0.0052931095 0.00023110247 -7.5638216)
(0.0065617348 0.00028649176 -7.4438551)
(0.0078244528 0.00034162347 -7.3239743)
(0.0090809141 0.00039648177 -7.2041823)
(0.010331337 0.00045107602 -7.0844747)
(0.011576018 0.00050542009 -6.9648514)
(0.012814793 0.00055950624 -6.845312)
(0.014046739 0.00061329379 -6.7258556)
(0.015270389 0.00066671956 -6.6064769)
(0.016484056 0.00071970934 -6.4871797)
(0.017686284 0.00077219971 -6.3679667)
(0.018875984 0.00082414335 -6.2488331)
(0.020052259 0.00087550097 -6.1297776)
(0.021214355 0.00092623908 -6.0107993)
(0.022361597 0.00097632871 -5.8918968)
(0.023493398 0.0010257441 -5.7730647)
(0.024609112 0.0010744571 -5.6543067)
(0.025708148 0.0011224423 -5.5356247)
(0.026789992 0.0011696765 -5.417014)
(0.027854126 0.0012161375 -5.2984732)
(0.028900056 0.0012618039 -5.1800009)
(0.029927314 0.0013066549 -5.0615959)
(0.030935492 0.0013506729 -4.9432524)
(0.031924128 0.0013938377 -4.824974)
(0.032892801 0.001436131 -4.7067624)
(0.033841161 0.0014775371 -4.5886128)
(0.03476885 0.0015180409 -4.4705236)
(0.03567553 0.0015576274 -4.3524933)
(0.036560917 0.0015962842 -4.234516)
(0.037424671 0.0016339965 -4.1165954)
(0.038266496 0.0016707513 -3.9987329)
(0.039086148 0.001706538 -3.8809236)
(0.03988338 0.0017413459 -3.7631659)
(0.040657963 0.0017751649 -3.6454582)
(0.041409684 0.0018079857 -3.5277991)
(0.04213837 0.0018398008 -3.4101824)
(0.042843804 0.0018706007 -3.2926119)
(0.043525801 0.0019003774 -3.1750888)
(0.044184217 0.0019291248 -3.0576083)
(0.044818902 0.0019568357 -2.9401687)
(0.045429719 0.0019835045 -2.8227684)
(0.046016544 0.0020091258 -2.7054057)
(0.046579282 0.0020336954 -2.5880748)
(0.047117805 0.0020572077 -2.4707789)
(0.047632002 0.0020796581 -2.3535192)
(0.048121792 0.0021010427 -2.2362902)
(0.048587079 0.0021213575 -2.1190893)
(0.049027764 0.0021405982 -2.0019132)
(0.049443728 0.0021587598 -1.8847576)
(0.049834832 0.002175836 -1.7676124)
(0.050200846 0.0021918164 -1.6504761)
(0.050541438 0.0022066867 -1.5333444)
(0.050856097 0.0022204249 -1.4162102)
(0.051143925 0.0022329916 -1.2990772)
(0.051403342 0.0022443182 -1.18196)
(0.051632781 0.0022543358 -1.0649267)
(0.05182548 0.0022627488 -0.94798382)
(0.051972999 0.0022691897 -0.83128924)
(0.052061493 0.0022730537 -0.71553963)
(0.052071093 0.0022734726 -0.60233493)
(0.051974916 0.0022692733 -0.49387432)
(0.051734379 0.0022587714 -0.39238423)
(0.051286271 0.0022392066 -0.29862035)
(0.050499513 0.0022048559 -0.21605089)
(0.048993343 0.002139095 -0.13316929)
(0.044876977 0.0019593707 -0.064451969)
(-0.044672676 -0.0019504508 -22.088745)
(-0.049990595 -0.0021826362 -19.131847)
(-0.050660432 -0.0022118819 -16.530514)
(-0.050833136 -0.0022194224 -15.1371)
(-0.050953486 -0.0022246769 -14.311481)
(-0.051066093 -0.0022295933 -13.81578)
(-0.051085666 -0.0022304478 -13.513637)
(-0.050965119 -0.0022251849 -13.311854)
(-0.050703695 -0.0022137709 -13.15752)
(-0.050318243 -0.0021969416 -13.024028)
(-0.049829642 -0.0021756088 -12.89873)
(-0.049268602 -0.0021511134 -12.778867)
(-0.048647745 -0.0021240061 -12.6609)
(-0.047971326 -0.0020944731 -12.54218)
(-0.047243443 -0.0020626931 -12.422105)
(-0.046466945 -0.0020287903 -12.300839)
(-0.045643672 -0.0019928454 -12.178694)
(-0.044775456 -0.0019549383 -12.056091)
(-0.043863585 -0.0019151253 -11.93328)
(-0.042909274 -0.0018734591 -11.810408)
(-0.041913632 -0.0018299884 -11.687528)
(-0.040877791 -0.0017847627 -11.564647)
(-0.039803066 -0.0017378391 -11.441801)
(-0.038690774 -0.0016892754 -11.319017)
(-0.03754218 -0.0016391267 -11.1963)
(-0.036358618 -0.0015874512 -11.073655)
(-0.035141442 -0.0015343083 -10.951087)
(-0.033892037 -0.0014797581 -10.828596)
(-0.032611769 -0.0014238603 -10.706182)
(-0.031302089 -0.0013666785 -10.583851)
(-0.029965051 -0.0013083022 -10.461607)
(-0.028604715 -0.0012489086 -10.339455)
(-0.027224103 -0.0011886299 -10.217383)
(-0.025823785 -0.0011274907 -10.095385)
(-0.024403227 -0.0010654677 -9.9734858)
(-0.022961606 -0.0010025251 -9.8516719)
(-0.021500095 -0.00093871424 -9.7299486)
(-0.020020247 -0.00087410266 -9.6083212)
(-0.018523543 -0.00080875513 -9.4867863)
(-0.017011507 -0.00074273833 -9.3653445)
(-0.015485665 -0.00067611867 -9.2439965)
(-0.013947538 -0.00060896259 -9.122743)
(-0.01239858 -0.0005413336 -9.0015799)
(-0.010840353 -0.00047329989 -8.8805122)
(-0.0092743951 -0.00040492879 -8.7595441)
(-0.0077021283 -0.00033628222 -8.6386717)
(-0.0061249988 -0.00026742327 -8.5178951)
(-0.004544427 -0.00019841393 -8.3972141)
(-0.0029618151 -0.0001293156 -8.2766288)
(-0.0013784959 -6.0186388e-05 -8.1561347)
(0.00020409274 8.9109038e-06 -8.0357365)
(0.0017845503 7.791524e-05 -7.9154365)
(0.003361521 0.00014676724 -7.7952303)
(0.0049336019 0.00021540589 -7.6751176)
(0.0064994781 0.00028377355 -7.5550978)
(0.0080582019 0.00035182886 -7.435166)
(0.0096092528 0.00041954903 -7.3153264)
(0.011152669 0.00048693598 -7.1955819)
(0.012688692 0.00055400024 -7.0759287)
(0.014217037 0.00062072934 -6.9563661)
(0.015736601 0.00068707491 -6.8368931)
(0.017245631 0.00075296049 -6.7175087)
(0.018742255 0.00081830457 -6.5982072)
(0.020224702 0.00088302947 -6.4789926)
(0.021691565 0.00094707402 -6.3598669)
(0.023141789 0.0010103923 -6.2408254)
(0.024574449 0.0010729435 -6.1218665)
(0.025988721 0.0011346921 -6.0029891)
(0.027383843 0.0011956044 -5.8841916)
(0.028759146 0.0012556515 -5.7654685)
(0.030113889 0.0013148009 -5.6468233)
(0.031447391 0.0013730227 -5.5282577)
(0.032759069 0.0014302918 -5.4097669)
(0.034048334 0.0014865823 -5.2913493)
(0.03531463 0.00154187 -5.1730033)
(0.036557435 0.0015961319 -5.0547275)
(0.037776297 0.0016493485 -4.936516)
(0.038970699 0.0017014973 -4.8183724)
(0.040140179 0.0017525579 -4.700298)
(0.041284356 0.0018025137 -4.582288)
(0.042402841 0.0018513477 -4.4643406)
(0.043495272 0.0018990444 -4.3464542)
(0.04456135 0.0019455903 -4.2286228)
(0.045600716 0.00199097 -4.1108499)
(0.046613057 0.0020351698 -3.9931368)
(0.047598129 0.002078179 -3.8754787)
(0.048555681 0.0021199867 -3.7578735)
(0.049485484 0.0021605826 -3.6403198)
(0.050387326 0.0021999579 -3.5228159)
(0.051261046 0.0022381054 -3.4053557)
(0.052106427 0.0022750155 -3.2879428)
(0.05292329 0.0023106804 -3.1705782)
(0.053711505 0.0023450947 -3.0532573)
(0.054470936 0.0023782521 -2.9359781)
(0.055201457 0.0024101474 -2.8187389)
(0.055902961 0.0024407756 -2.7015382)
(0.056575372 0.0024701337 -2.5843697)
(0.057218571 0.0024982164 -2.467237)
(0.057832464 0.0025250196 -2.3501409)
(0.058416987 0.0025505404 -2.2330761)
(0.058972056 0.0025747752 -2.1160397)
(0.05949758 0.0025977202 -1.9990286)
(0.059993444 0.0026193701 -1.8820383)
(0.060459509 0.0026397189 -1.7650587)
(0.060895518 0.0026587554 -1.6480883)
(0.061301098 0.0026764633 -1.5311229)
(0.061675658 0.0026928171 -1.4141552)
(0.062018159 0.0027077709 -1.297189)
(0.062326763 0.0027212449 -1.1802389)
(0.0625997 0.0027331616 -1.0633727)
(0.062828983 0.0027431724 -0.94659808)
(0.063004657 0.0027508426 -0.83007269)
(0.063110266 0.0027554535 -0.71449087)
(0.06312199 0.0027559653 -0.60144886)
(0.063007252 0.0027509558 -0.49314487)
(0.06271876 0.0027383599 -0.39180714)
(0.062178388 0.0027147667 -0.29819427)
(0.061224022 0.0026730982 -0.21577069)
(0.059387205 0.0025929012 -0.13303378)
(0.054359991 0.0023734081 -0.064433847)
(-0.054857535 -0.0023951314 -22.090294)
(-0.061547419 -0.002687218 -19.133627)
(-0.062415507 -0.0027251195 -16.531656)
(-0.062624597 -0.0027342486 -15.137388)
(-0.062749932 -0.0027397208 -14.310783)
(-0.062859083 -0.0027444864 -13.814242)
(-0.062853281 -0.002744233 -13.511488)
(-0.06267762 -0.0027365637 -13.309225)
(-0.062332573 -0.0027214987 -13.154492)
(-0.061838962 -0.002699947 -13.020639)
(-0.061221791 -0.0026730008 -12.894989)
(-0.060518166 -0.0026422798 -12.774827)
(-0.059742477 -0.0026084125 -12.656568)
(-0.058899207 -0.0025715947 -12.537555)
(-0.057992932 -0.0025320258 -12.417183)
(-0.057026922 -0.0024898489 -12.295616)
(-0.056003299 -0.0024451565 -12.173167)
(-0.054924321 -0.0023980472 -12.05026)
(-0.053791613 -0.0023485923 -11.927148)
(-0.052606738 -0.0022968595 -11.80398)
(-0.051371149 -0.0022429126 -11.680814)
(-0.050086321 -0.0021868158 -11.557653)
(-0.048753971 -0.002128644 -11.434538)
(-0.047375817 -0.0020684726 -11.311492)
(-0.045953508 -0.0020063732 -11.188523)
(-0.044488781 -0.0019424217 -11.065636)
(-0.0429834 -0.0018766955 -10.942835)
(-0.041439132 -0.0018092714 -10.820123)
(-0.039858157 -0.0017402444 -10.697496)
(-0.038245185 -0.0016698205 -10.574966)
(-0.036604281 -0.0015981772 -10.452537)
(-0.034936232 -0.0015253486 -10.33018)
(-0.033241856 -0.0014513706 -10.207931)
(-0.031520293 -0.0013762055 -10.08578)
(-0.029771951 -0.0012998712 -9.9637295)
(-0.027998696 -0.0012224492 -9.8417747)
(-0.026202523 -0.0011440267 -9.7199213)
(-0.024385422 -0.0010646904 -9.5981745)
(-0.022549267 -0.00098452209 -9.4765308)
(-0.020695982 -0.00090360594 -9.3549909)
(-0.018827482 -0.0008220255 -9.2335553)
(-0.016945665 -0.00073986363 -9.1122246)
(-0.01505235 -0.00065719974 -8.9909947)
(-0.013149478 -0.00057411845 -8.8698704)
(-0.011238943 -0.00049070281 -8.7488557)
(-0.0093224953 -0.00040702892 -8.6279467)
(-0.0074019055 -0.00032317421 -8.5071431)
(-0.0054789156 -0.00023921455 -8.3864448)
(-0.0035552434 -0.00015522521 -8.2658516)
(-0.0016325284 -7.1277606e-05 -8.1453587)
(0.00028741692 1.2548957e-05 -8.0249707)
(0.0022028495 9.6178623e-05 -7.9046895)
(0.0041120997 0.00017953829 -7.7845109)
(0.0060136375 0.00026256132 -7.6644339)
(0.0079063602 0.0003451994 -7.5444581)
(0.0097898319 0.00042743345 -7.4245783)
(0.011663942 0.00050925881 -7.3047988)
(0.013528583 0.00059067074 -7.1851228)
(0.015383143 0.00067164258 -7.0655457)
(0.017226123 0.00075210885 -6.9460662)
(0.019055435 0.00083197829 -6.826683)
(0.020868885 0.00091115519 -6.7073948)
(0.022664608 0.00098955817 -6.5881958)
(0.024440961 0.0010671154 -6.4690895)
(0.026196633 0.0011437695 -6.3500778)
(0.027930591 0.0012194759 -6.2311556)
(0.029641868 0.0012941917 -6.1123213)
(0.03132957 0.0013678786 -5.9935733)
(0.032992858 0.0014404993 -5.87491)
(0.034631 0.0015120221 -5.7563256)
(0.036243173 0.0015824111 -5.6378234)
(0.037828631 0.0016516336 -5.5194049)
(0.039386742 0.0017196621 -5.401065)
(0.040916873 0.001786469 -5.2828019)
(0.042418429 0.0018520284 -5.1646139)
(0.043890854 0.0019163159 -5.0464993)
(0.045333682 0.0019793111 -4.928452)
(0.046746366 0.0020409902 -4.8104755)
(0.048128424 0.0021013321 -4.6925709)
(0.049479469 0.0021603199 -4.5747332)
(0.05079911 0.0022179366 -4.4569604)
(0.052086988 0.0022741666 -4.3392508)
(0.053342819 0.0023289974 -4.2215982)
(0.054566247 0.0023824134 -4.1040059)
(0.055756977 0.0024344018 -3.9864752)
(0.056914787 0.002484953 -3.869001)
(0.058039451 0.0025340569 -3.7515812)
(0.059130763 0.0025817046 -3.6342142)
(0.06018854 0.0026278881 -3.5168982)
(0.061212655 0.0026726019 -3.3996271)
(0.062202917 0.0027158376 -3.2824042)
(0.063159176 0.0027575888 -3.1652307)
(0.064081342 0.0027978515 -3.0481016)
(0.064969311 0.002836621 -2.9310149)
(0.065822996 0.0028738937 -2.8139689)
(0.066642324 0.0029096662 -2.6969619)
(0.067427261 0.0029439373 -2.5799877)
(0.068177719 0.002976703 -2.4630498)
(0.068893639 0.0030079608 -2.3461488)
(0.069574989 0.0030377092 -2.2292795)
(0.070221719 0.0030659461 -2.112439)
(0.070833764 0.0030926686 -1.995624)
(0.071411027 0.0031178724 -1.8788301)
(0.071953381 0.003141552 -1.7620472)
(0.072460559 0.0031636959 -1.6452737)
(0.07293216 0.0031842864 -1.5285055)
(0.07336753 0.0032032952 -1.4117352)
(0.073765504 0.003220671 -1.2949666)
(0.074124016 0.0032363241 -1.1782143)
(0.074441143 0.0032501702 -1.0615463)
(0.074707686 0.0032618076 -0.94497086)
(0.074912176 0.0032707359 -0.82864584)
(0.075035451 0.0032761182 -0.71326265)
(0.075049453 0.0032767295 -0.60041311)
(0.07491528 0.0032708714 -0.49229415)
(0.074575697 0.0032560448 -0.39113608)
(0.073935339 0.0032280862 -0.29770079)
(0.072796501 0.0031783635 -0.21544815)
(0.070592075 0.0030821163 -0.13287936)
(0.064556213 0.0028185848 -0.064414767)
(-0.066661034 -0.0029104832 -22.092332)
(-0.075017467 -0.0032753329 -19.135954)
(-0.076145042 -0.0033245639 -16.533153)
(-0.076403856 -0.003335864 -15.137801)
(-0.076532136 -0.0033414648 -14.309953)
(-0.076629718 -0.0033457252 -13.81235)
(-0.076585022 -0.0033437737 -13.508825)
(-0.076335456 -0.0033328776 -13.305962)
(-0.075883753 -0.0033131558 -13.15073)
(-0.075255659 -0.0032857325 -13.016428)
(-0.074480949 -0.003251908 -12.890344)
(-0.07360415 -0.0032136261 -12.76981)
(-0.072641381 -0.0031715908 -12.651192)
(-0.071597172 -0.0031259997 -12.531819)
(-0.070476508 -0.0030770705 -12.411081)
(-0.069283063 -0.0030249635 -12.289146)
(-0.068019281 -0.0029697855 -12.166324)
(-0.066687896 -0.002911656 -12.043045)
(-0.065290954 -0.0028506643 -11.919564)
(-0.063830452 -0.0027868974 -11.796035)
(-0.062308286 -0.0027204382 -11.672519)
(-0.060726376 -0.0026513705 -11.54902)
(-0.059086942 -0.0025797912 -11.425576)
(-0.057392216 -0.0025057979 -11.302214)
(-0.055644347 -0.0024294843 -11.17894)
(-0.053845548 -0.002350947 -11.055762)
(-0.051998638 -0.0022703092 -10.932681)
(-0.050109206 -0.0021878149 -10.809704)
(-0.048181924 -0.0021036679 -10.686834)
(-0.046217755 -0.0020179104 -10.564039)
(-0.044218655 -0.0019306279 -10.441368)
(-0.04218405 -0.0018417952 -10.318807)
(-0.040114028 -0.0017514161 -10.196356)
(-0.038010871 -0.0016595903 -10.074017)
(-0.035877024 -0.0015664245 -9.9517912)
(-0.033714867 -0.0014720226 -9.8296749)
(-0.031526932 -0.0013764953 -9.7076737)
(-0.029315735 -0.0012799524 -9.5857926)
(-0.027083646 -0.0011824973 -9.464028)
(-0.024833099 -0.0010842363 -9.3423805)
(-0.022566507 -0.0009852748 -9.2208505)
(-0.020286258 -0.000885717 -9.0994384)
(-0.017994621 -0.00078566201 -8.9781397)
(-0.015693985 -0.00068521402 -8.8569594)
(-0.013386659 -0.00058447412 -8.7359009)
(-0.011074765 -0.00048353471 -8.6149603)
(-0.0087604532 -0.0003824897 -8.4941371)
(-0.0064458591 -0.00028143226 -8.3734307)
(-0.0041331259 -0.00018045612 -8.2528407)
(-0.0018243529 -7.9652871e-05 -8.1323623)
(0.00047816373 2.0877128e-05 -8.0119995)
(0.0027724581 0.00012104824 -7.8917539)
(0.0050569605 0.00022079171 -7.7716214)
(0.0073306368 0.0003200627 -7.6516009)
(0.009593004 0.00041883976 -7.5316918)
(0.01184385 0.00051711376 -7.4118889)
(0.014082445 0.00061485284 -7.2921965)
(0.016307367 0.00071199499 -7.1726166)
(0.018516593 0.00080845192 -7.0531441)
(0.020707679 0.00090411684 -6.9337771)
(0.022878246 0.00099888587 -6.8145141)
(0.025026242 0.0010926693 -6.6953535)
(0.02715005 0.0011853968 -6.5762889)
(0.029248174 0.0012770027 -6.4573239)
(0.031319339 0.0013674317 -6.3384596)
(0.033362496 0.0014566379 -6.2196909)
(0.035376619 0.0015445764 -6.1010158)
(0.037360748 0.0016312055 -5.9824325)
(0.039313984 0.0017164856 -5.8639392)
(0.041235546 0.0018003828 -5.7455295)
(0.043124556 0.0018828587 -5.6272067)
(0.044980229 0.001963879 -5.5089719)
(0.046801913 0.0020434154 -5.3908197)
(0.048588958 0.0021214395 -5.2727482)
(0.050340762 0.0021979249 -5.1547554)
(0.052056767 0.0022728472 -5.0368393)
(0.053736519 0.0023461868 -4.9189936)
(0.055379475 0.0024179198 -4.8012215)
(0.056985166 0.0024880258 -4.6835239)
(0.058553239 0.0025564893 -4.5658956)
(0.060083334 0.0026232946 -4.4483345)
(0.061575133 0.002688428 -4.3308387)
(0.063028407 0.0027518793 -4.2134016)
(0.064442843 0.0028136349 -4.0960267)
(0.065818194 0.002873684 -3.9787148)
(0.067154299 0.0029320197 -3.8614608)
(0.06845099 0.0029886345 -3.7442624)
(0.069708122 0.003043522 -3.6271179)
(0.070925575 0.0030966771 -3.5100254)
(0.072103293 0.0031480974 -3.3929786)
(0.073241145 0.0031977771 -3.2759808)
(0.07433905 0.0032457126 -3.1590329)
(0.075396986 0.0032919031 -3.04213)
(0.076414921 0.0033363472 -2.9252699)
(0.07739284 0.003379044 -2.8084509)
(0.078330738 0.0034199934 -2.6916712)
(0.079228658 0.0034591975 -2.5749245)
(0.080086574 0.0034966549 -2.4582142)
(0.080904494 0.0035323661 -2.341541)
(0.081682455 0.0035663325 -2.2248995)
(0.082420467 0.0035985549 -2.1082869)
(0.083118521 0.0036290326 -1.9916998)
(0.083776571 0.0036577637 -1.8751338)
(0.08439453 0.0036847443 -1.7585789)
(0.084972149 0.0037099637 -1.6420334)
(0.085509024 0.0037334041 -1.5254932)
(0.086004469 0.0037550358 -1.408951)
(0.086457223 0.0037748034 -1.2924104)
(0.086865032 0.0037926087 -1.1758863)
(0.087225891 0.0038083642 -1.0594465)
(0.087529418 0.0038216165 -0.94310041)
(0.08776265 0.0038317997 -0.8270058)
(0.087903652 0.003837956 -0.71185079)
(0.087919845 0.0038386629 -0.59922202)
(0.087765338 0.003831917 -0.49131506)
(0.087371605 0.0038147262 -0.39036285)
(0.086623457 0.0037820613 -0.29713129)
(0.085282492 0.0037235136 -0.21507528)
(0.082670876 0.003609488 -0.1327004)
(0.075519647 0.0032972585 -0.064392735)
(-0.080508281 -0.0035150672 -22.094918)
(-0.090878021 -0.0039678197 -19.138902)
(-0.092325474 -0.0040310168 -16.535059)
(-0.092641293 -0.0040448058 -15.138352)
(-0.092765023 -0.0040502081 -14.308954)
(-0.092838453 -0.0040534141 -13.810022)
(-0.092736976 -0.0040489836 -13.505535)
(-0.092389678 -0.0040338201 -13.301922)
(-0.091802315 -0.0040081753 -13.14607)
(-0.091006418 -0.0039734257 -13.011213)
(-0.090037153 -0.0039311066 -12.884592)
(-0.088947714 -0.0038835406 -12.763601)
(-0.087755897 -0.0038315047 -12.644542)
(-0.086466096 -0.0037751909 -12.524728)
(-0.085083679 -0.0037148334 -12.403542)
(-0.083612762 -0.0036506117 -12.281157)
(-0.082056186 -0.00358265 -12.157881)
(-0.080417288 -0.0035110942 -12.034147)
(-0.078698668 -0.0034360577 -11.910219)
(-0.076902906 -0.0033576531 -11.786251)
(-0.075032496 -0.0032759891 -11.662312)
(-0.073089939 -0.0031911753 -11.538403)
(-0.07107814 -0.0031033383 -11.414563)
(-0.068999964 -0.0030126031 -11.290821)
(-0.066859285 -0.002919139 -11.167183)
(-0.064663055 -0.0028232496 -11.043658)
(-0.062416413 -0.0027251591 -10.920254)
(-0.060120245 -0.0026249063 -10.796935)
(-0.057777351 -0.0025226133 -10.673744)
(-0.055387664 -0.0024182774 -10.550678)
(-0.052951475 -0.002311911 -10.42774)
(-0.050471499 -0.0022036331 -10.304929)
(-0.047950866 -0.0020935799 -10.182245)
(-0.045392712 -0.0019818884 -10.059691)
(-0.042800175 -0.0018686958 -9.9372661)
(-0.040176297 -0.0017541349 -9.8149685)
(-0.037524304 -0.0016383463 -9.6928032)
(-0.0348474 -0.0015214703 -9.5707748)
(-0.032148598 -0.0014036381 -9.4488799)
(-0.029430955 -0.0012849831 -9.3271187)
(-0.026697469 -0.0011656365 -9.2054913)
(-0.023951071 -0.0010457262 -9.0839979)
(-0.021194518 -0.00092537261 -8.9626338)
(-0.0184307 -0.0008047018 -8.8414037)
(-0.015662423 -0.00068383625 -8.7203108)
(-0.012892306 -0.00056289039 -8.5993507)
(-0.010123047 -0.00044198189 -8.4785226)
(-0.0073573487 -0.00032122884 -8.3578257)
(-0.0045978822 -0.00020074792 -8.2372592)
(-0.0018470775 -8.0645204e-05 -8.1168182)
(0.00089277 3.897916e-05 -7.9965059)
(0.0036202568 0.00015806387 -7.8763234)
(0.0063344629 0.00027656862 -7.7562667)
(0.0090346294 0.00039446032 -7.6363346)
(0.011719769 0.00051169605 -7.5165261)
(0.014388379 0.00062821008 -7.3968355)
(0.017038075 0.00074389837 -7.2772659)
(0.019666085 0.00085863974 -7.1578185)
(0.022269729 0.00097231719 -7.038488)
(0.024846529 0.0010848227 -6.919272)
(0.027394386 0.0011960647 -6.8001686)
(0.029911542 0.0013059661 -6.6811756)
(0.032396573 0.0014144648 -6.5622865)
(0.034848027 0.0015214977 -6.4435043)
(0.037264621 0.0016270083 -6.3248297)
(0.039645271 0.0017309499 -6.2062575)
(0.041988912 0.0018332753 -6.087785)
(0.044294549 0.0019339416 -5.9694102)
(0.046561256 0.0020329082 -5.8511308)
(0.048788252 0.0021301409 -5.7329402)
(0.050974646 0.0022256009 -5.6148413)
(0.053119659 0.0023192542 -5.4968347)
(0.055222668 0.0024110735 -5.378915)
(0.057283051 0.0025010318 -5.2610797)
(0.059300245 0.0025891044 -5.1433265)
(0.061273739 0.0026752689 -5.0256533)
(0.063203147 0.0027595087 -4.9080534)
(0.065087977 0.0028418021 -4.7905297)
(0.066927836 0.0029221321 -4.6730829)
(0.068722457 0.0030004869 -4.5557075)
(0.070471571 0.0030768549 -4.4384012)
(0.072174954 0.0031512261 -4.3211618)
(0.073832482 0.0032235954 -4.2039827)
(0.075443934 0.0032939529 -4.086867)
(0.077009163 0.0033622922 -3.9698153)
(0.078528118 0.0034286113 -3.8528224)
(0.080000735 0.0034929072 -3.7358859)
(0.081426978 0.0035551783 -3.6190039)
(0.082806835 0.0036154241 -3.5021743)
(0.084140366 0.0036736473 -3.3853907)
(0.085427542 0.0037298465 -3.2686563)
(0.086668391 0.0037840231 -3.1519719)
(0.087863003 0.003836181 -3.0353324)
(0.089011454 0.0038863236 -2.9187357)
(0.090113835 0.0039344545 -2.8021799)
(0.091170247 0.0039805784 -2.6856631)
(0.092180841 0.0040247019 -2.569179)
(0.093145687 0.004066828 -2.4527309)
(0.094064888 0.0041069612 -2.3363195)
(0.09493858 0.0041451074 -2.2199394)
(0.095766859 0.0041812709 -2.1035877)
(0.096549799 0.0042154547 -1.987261)
(0.097287427 0.0042476602 -1.870955)
(0.097979717 0.0042778862 -1.7546597)
(0.098626458 0.0043061235 -1.6383734)
(0.099227265 0.0043323553 -1.522092)
(0.099781435 0.0043565509 -1.4058083)
(0.10028764 0.0043786524 -1.2895258)
(0.10074348 0.0043985548 -1.1732596)
(0.10114693 0.0044161699 -1.0570772)
(0.10148645 0.0044309935 -0.94098955)
(0.10174757 0.0044423943 -0.82515425)
(0.10190546 0.0044492877 -0.71025564)
(0.10192258 0.0044500352 -0.59787455)
(0.1017451 0.0044422866 -0.49020531)
(0.10129138 0.0044224766 -0.38948433)
(0.10042298 0.0043845616 -0.29648256)
(0.098854318 0.0043160723 -0.21464934)
(0.095781853 0.0041819255 -0.1324953)
(0.08737964 0.0038150769 -0.064367044)
(-0.096863602 -0.0042291559 -22.098198)
(-0.10970258 -0.0047897178 -19.14263)
(-0.11156289 -0.0048709405 -16.537494)
(-0.11195423 -0.004888027 -15.139105)
(-0.11206752 -0.0048929735 -14.307776)
(-0.11210085 -0.0048944286 -13.807178)
(-0.11191785 -0.0048864384 -13.501483)
(-0.11143929 -0.0048655439 -13.296933)
(-0.1106755 -0.0048321963 -13.140307)
(-0.10966528 -0.0047880891 -13.00476)
(-0.10845018 -0.0047350365 -12.877475)
(-0.10709379 -0.0046758153 -12.755919)
(-0.10561549 -0.0046112715 -12.636318)
(-0.10401929 -0.0045415799 -12.515965)
(-0.10231087 -0.0044669886 -12.394232)
(-0.10049482 -0.0043876981 -12.271298)
(-0.098574437 -0.0043038525 -12.147468)
(-0.096553833 -0.004215631 -12.023182)
(-0.094436343 -0.0041231794 -11.89871)
(-0.092225328 -0.0040266444 -11.774212)
(-0.089924123 -0.0039261715 -11.649762)
(-0.087535992 -0.0038219034 -11.525359)
(-0.085067085 -0.0037141086 -11.401046)
(-0.082526128 -0.0036031681 -11.276854)
(-0.079917924 -0.0034892915 -11.152787)
(-0.077243692 -0.0033725321 -11.028815)
(-0.074507329 -0.0032530599 -10.904997)
(-0.071708849 -0.0031308756 -10.781319)
(-0.068848886 -0.0030060068 -10.657779)
(-0.065931288 -0.0028786218 -10.534383)
(-0.062960198 -0.0027489013 -10.411138)
(-0.05993959 -0.0026170185 -10.288041)
(-0.056873532 -0.0024831516 -10.165095)
(-0.053766088 -0.0023474778 -10.042299)
(-0.050621311 -0.002210174 -9.9196556)
(-0.047443112 -0.0020714108 -9.7971609)
(-0.044235584 -0.0019313671 -9.6748201)
(-0.04100273 -0.0017902176 -9.5526375)
(-0.03774829 -0.0016481258 -9.4306094)
(-0.03447601 -0.0015052549 -9.3087357)
(-0.031189552 -0.0013617651 -9.1870163)
(-0.027892501 -0.0012178128 -9.0654508)
(-0.02458826 -0.0010735464 -8.9440343)
(-0.021280441 -0.00092912387 -8.8227708)
(-0.017972591 -0.0007847001 -8.7016631)
(-0.014668034 -0.00064041999 -8.5807062)
(-0.011370047 -0.00049642694 -8.4598991)
(-0.0080815898 -0.00035285002 -8.3392405)
(-0.0048051224 -0.00020979622 -8.2187295)
(-0.0015424993 -6.7347065e-05 -8.0983611)
(0.0017041433 7.4404324e-05 -7.9781368)
(0.004933898 0.0002154186 -7.858058)
(0.0081451026 0.00035562273 -7.7381207)
(0.011335412 0.00049491454 -7.6183226)
(0.014501996 0.00063317057 -7.4986613)
(0.017641835 0.00077025906 -7.3791301)
(0.020751675 0.00090603741 -7.2597316)
(0.023828595 0.0010403786 -7.1404663)
(0.026870209 0.0011731784 -7.0213282)
(0.02987442 0.001304345 -6.9023146)
(0.032839409 0.0014337992 -6.7834227)
(0.03576356 0.0015614704 -6.6646502)
(0.038645514 0.0016872993 -6.5459898)
(0.041483802 0.0018112217 -6.4274442)
(0.044277126 0.0019331807 -6.3090136)
(0.047024406 0.0020531295 -6.190692)
(0.049724586 0.0021710219 -6.0724767)
(0.052376694 0.0022868155 -5.9543649)
(0.054979845 0.0024004715 -5.8363539)
(0.057533324 0.002511959 -5.7184367)
(0.060036292 0.0026212409 -5.6006158)
(0.062488045 0.0027282867 -5.4828913)
(0.064888055 0.0028330733 -5.3652573)
(0.067235804 0.0029355783 -5.2477112)
(0.06953084 0.0030357818 -5.1302501)
(0.07177278 0.003133667 -5.0128716)
(0.073961381 0.0032292233 -4.8955687)
(0.076096285 0.0033224353 -4.7783442)
(0.078177249 0.0034132919 -4.6611981)
(0.080204167 0.003501789 -4.5441249)
(0.082176932 0.0035879218 -4.4271219)
(0.084095483 0.0036716875 -4.3101868)
(0.085959868 0.0037530884 -4.1933126)
(0.087770024 0.0038321215 -4.0765023)
(0.089525971 0.0039087878 -3.9597563)
(0.091227829 0.0039830925 -3.8430692)
(0.092875704 0.0040550403 -3.7264384)
(0.094469731 0.004124637 -3.6098619)
(0.096010068 0.0041918897 -3.4933374)
(0.097496947 0.0042568081 -3.3768584)
(0.098930503 0.0043193984 -3.2604281)
(0.10031092 0.004379669 -3.1440469)
(0.10163847 0.0044376308 -3.0277099)
(0.10291337 0.0044932942 -2.9114148)
(0.10413587 0.0045466699 -2.7951597)
(0.10530624 0.0045977692 -2.6789426)
(0.10642477 0.0046466051 -2.5627573)
(0.10749167 0.004693187 -2.4466069)
(0.10850719 0.0047375254 -2.3304921)
(0.10947159 0.0047796321 -2.2144075)
(0.1103851 0.0048195167 -2.0983502)
(0.1112479 0.0048571876 -1.982317)
(0.11206013 0.0048926502 -1.8663034)
(0.11282185 0.0049259077 -1.7502996)
(0.11353291 0.0049569533 -1.6343041)
(0.11419297 0.0049857717 -1.5183125)
(0.11480131 0.0050123327 -1.4023178)
(0.11535658 0.0050365763 -1.2863237)
(0.11585625 0.0050583923 -1.1703451)
(0.11629837 0.0050776957 -1.0544497)
(0.11667026 0.005093933 -0.93864972)
(0.11695602 0.0051064094 -0.8231028)
(0.1171278 0.0051139097 -0.70848891)
(0.11714279 0.005114564 -0.59638228)
(0.11693835 0.005105638 -0.488976)
(0.11641787 0.0050829132 -0.38851069)
(0.11541614 0.0050391767 -0.29576308)
(0.11359335 0.004959592 -0.21417655)
(0.11000358 0.0048028594 -0.13226674)
(0.10020469 0.0043750305 -0.064337954)
(-0.11636182 -0.0050804663 -22.102444)
(-0.13226529 -0.0057748265 -19.147442)
(-0.13466758 -0.0058797128 -16.540654)
(-0.13516322 -0.005901353 -15.14014)
(-0.13525977 -0.0059055684 -14.306384)
(-0.1352313 -0.0059043253 -13.80368)
(-0.13493243 -0.0058912763 -13.496461)
(-0.13427604 -0.005862618 -13.290731)
(-0.13327936 -0.005819102 -13.133137)
(-0.13199059 -0.0057628331 -12.996731)
(-0.13045912 -0.0056959678 -12.868623)
(-0.1287614 -0.0056218432 -12.746368)
(-0.12691826 -0.0055413702 -12.626102)
(-0.12493305 -0.0054546939 -12.505087)
(-0.12281167 -0.0053620726 -12.382687)
(-0.12055922 -0.0052637286 -12.259082)
(-0.11817956 -0.0051598305 -12.134579)
(-0.11567776 -0.0050505996 -12.009623)
(-0.11305813 -0.0049362238 -11.884491)
(-0.11032518 -0.0048169007 -11.75935)
(-0.10748798 -0.0046930262 -11.634284)
(-0.10455653 -0.0045650362 -11.509301)
(-0.10153451 -0.0044330917 -11.384413)
(-0.098424762 -0.0042973174 -11.259639)
(-0.095231779 -0.0041579087 -11.135037)
(-0.091955685 -0.0040148714 -11.010593)
(-0.088598313 -0.0038682854 -10.886314)
(-0.085164871 -0.0037183781 -10.762202)
(-0.081660573 -0.0035653771 -10.638256)
(-0.078090906 -0.0034095221 -10.514484)
(-0.074461343 -0.0032510518 -10.390891)
(-0.070777097 -0.0030901942 -10.267476)
(-0.067043435 -0.0029271789 -10.144238)
(-0.063265565 -0.0027622336 -10.02118)
(-0.059448617 -0.002595582 -9.8983029)
(-0.055597502 -0.002427439 -9.7756016)
(-0.051717321 -0.0022580267 -9.6530818)
(-0.047813049 -0.0020875625 -9.530747)
(-0.043889354 -0.0019162502 -9.4085932)
(-0.039950941 -0.0017442954 -9.2866197)
(-0.036002456 -0.0015719008 -9.1648257)
(-0.032048493 -0.0013992671 -9.0432102)
(-0.028093418 -0.0012265849 -8.9217676)
(-0.024141714 -0.0010540497 -8.8005017)
(-0.020197445 -0.00088183922 -8.6794143)
(-0.016263954 -0.00071009925 -8.5585004)
(-0.012344158 -0.00053895734 -8.4377581)
(-0.0084406218 -0.00036852535 -8.3171858)
(-0.004555885 -0.00019891409 -8.1967822)
(-0.00069266418 -3.0242229e-05 -8.0765447)
(0.0031469141 0.00013739721 -7.9564688)
(0.0069589501 0.00030383432 -7.8365537)
(0.010740084 0.00046892228 -7.7167962)
(0.014486651 0.00063250095 -7.5971934)
(0.018195105 0.00079441542 -7.4777419)
(0.021862383 0.00095453237 -7.3584339)
(0.025485552 0.0011127232 -7.2392715)
(0.029062129 0.00126888 -7.1202541)
(0.032590084 0.0014229138 -7.0013754)
(0.036067517 0.0015747418 -6.8826317)
(0.03949271 0.0017242889 -6.7640199)
(0.042864093 0.0018714867 -6.6455366)
(0.046180352 0.0020162777 -6.5271742)
(0.049440038 0.0021585987 -6.4089346)
(0.052641905 0.0022983951 -6.2908172)
(0.055784957 0.0024356236 -6.1728156)
(0.05886823 0.0025702421 -6.0549262)
(0.061890865 0.0027022132 -5.9371458)
(0.064852103 0.0028315036 -5.8194712)
(0.067751387 0.0029580892 -5.7018946)
(0.070588019 0.0030819391 -5.5844183)
(0.073361468 0.0032030306 -5.4670417)
(0.076071404 0.0033213489 -5.3497585)
(0.078717512 0.0034368804 -5.2325654)
(0.081299557 0.003549615 -5.1154595)
(0.083817382 0.0036595455 -4.9984378)
(0.086270988 0.0037666723 -4.8814929)
(0.088660245 0.0038709894 -4.7646272)
(0.090985149 0.0039724971 -4.6478405)
(0.093245849 0.0040712013 -4.531127)
(0.095442484 0.0041671084 -4.4144836)
(0.097575245 0.0042602267 -4.2979078)
(0.099644441 0.0043505697 -4.1813923)
(0.10165025 0.0044381453 -4.0649401)
(0.10359295 0.0045229654 -3.9485511)
(0.10547291 0.0046050462 -3.8322197)
(0.10729049 0.0046844034 -3.7159435)
(0.10904607 0.0047610539 -3.5997199)
(0.11074006 0.0048350152 -3.4835468)
(0.11237295 0.0049063085 -3.3674175)
(0.11394509 0.0049749495 -3.251335)
(0.1154569 0.0050409568 -3.1352998)
(0.11690889 0.0051043519 -3.0193067)
(0.1183015 0.0051651547 -2.9033535)
(0.11963521 0.0052233857 -2.7874382)
(0.12091048 0.0052790652 -2.6715589)
(0.12212783 0.0053322156 -2.5557092)
(0.12328766 0.0053828549 -2.4398925)
(0.12439041 0.005431002 -2.3241091)
(0.12543653 0.0054766767 -2.208354)
(0.12642643 0.0055198964 -2.0926242)
(0.12736044 0.0055606765 -1.9769166)
(0.12823886 0.0055990291 -1.8612269)
(0.12906187 0.0056349626 -1.7455452)
(0.12982944 0.0056684751 -1.6298702)
(0.13054128 0.0056995547 -1.5141977)
(0.13119675 0.005728173 -1.3985207)
(0.13179448 0.0057542707 -1.2828431)
(0.1323319 0.0057777351 -1.1671799)
(0.13280725 0.0057984892 -1.0515987)
(0.13320679 0.0058159336 -0.93611357)
(0.13351323 0.005829313 -0.82088199)
(0.13369562 0.0058372764 -0.70657907)
(0.13370535 0.0058377012 -0.59477168)
(0.13346974 0.0058274143 -0.48765159)
(0.13287475 0.0058014365 -0.38746435)
(0.13172369 0.0057511801 -0.29499309)
(0.12961371 0.0056590564 -0.21367464)
(0.12543683 0.0054766897 -0.13202768)
(0.11406764 0.0049803005 -0.064311463)
(-0.13978808 -0.0061032786 -22.107943)
(-0.15949189 -0.0069635653 -19.15366)
(-0.16259018 -0.0070988395 -16.544765)
(-0.16322091 -0.0071263778 -15.141561)
(-0.16328868 -0.0071293367 -14.304741)
(-0.16316713 -0.0071240297 -13.79936)
(-0.1627052 -0.0071038617 -13.490207)
(-0.16180782 -0.0070646809 -13.282985)
(-0.16050179 -0.0070076586 -13.12417)
(-0.1588474 -0.0069354266 -12.986688)
(-0.15690373 -0.006850564 -12.857554)
(-0.15476335 -0.0067571129 -12.734431)
(-0.15244848 -0.0066560437 -12.613344)
(-0.14996148 -0.006547459 -12.491517)
(-0.14730843 -0.0064316239 -12.3683)
(-0.14449497 -0.0063087857 -12.243874)
(-0.1415257 -0.0061791444 -12.118551)
(-0.138408 -0.0060430228 -11.992778)
(-0.1351549 -0.0059009897 -11.866845)
(-0.1317781 -0.0057535553 -11.740947)
(-0.12827884 -0.0056007746 -11.615106)
(-0.1246625 -0.0054428817 -11.489368)
(-0.12093349 -0.0052800694 -11.36379)
(-0.11709248 -0.0051123676 -11.238389)
(-0.11314326 -0.0049399405 -11.113175)
(-0.10909294 -0.0047631 -10.988157)
(-0.10494865 -0.0045821566 -10.863341)
(-0.10071754 -0.0043974224 -10.73873)
(-0.0964066 -0.0042092025 -10.614322)
(-0.092023052 -0.0040178126 -10.490126)
(-0.087574014 -0.0038235634 -10.366147)
(-0.083066224 -0.0036267491 -10.242382)
(-0.078506437 -0.0034276644 -10.118832)
(-0.073901294 -0.0032265995 -9.995499)
(-0.069257335 -0.00302384 -9.8723819)
(-0.064580842 -0.0028196601 -9.7494765)
(-0.059878371 -0.0026143456 -9.6267874)
(-0.055156346 -0.0024081776 -9.5043174)
(-0.050420847 -0.0022014214 -9.3820615)
(-0.045677909 -0.0019943404 -9.2600185)
(-0.040933247 -0.0017871839 -9.1381869)
(-0.036192067 -0.0015801796 -9.016565)
(-0.031458819 -0.0013735216 -8.8951465)
(-0.026737847 -0.0011673995 -8.7739345)
(-0.022033202 -0.00096199018 -8.6529298)
(-0.017348731 -0.00075746173 -8.5321266)
(-0.012688496 -0.0005539916 -8.411522)
(-0.0080566688 -0.00035176168 -8.2911134)
(-0.0034577466 -0.00015096833 -8.1708989)
(0.0011035213 4.8180921e-05 -8.0508647)
(0.0056242204 0.00024555883 -7.9310114)
(0.010099228 0.0004409418 -7.8113437)
(0.014524557 0.00063415591 -7.6918509)
(0.018896671 0.00082504641 -7.5725289)
(0.023212448 0.0010134775 -7.4533735)
(0.027469283 0.0011993348 -7.3343761)
(0.031664528 0.0013825032 -7.2155378)
(0.035795891 0.0015628824 -7.0968572)
(0.039861468 0.0017403893 -6.978327)
(0.043859445 0.0019149446 -6.8599429)
(0.047788191 0.0020864773 -6.7417005)
(0.051646246 0.0022549238 -6.6235958)
(0.05543245 0.002420233 -6.5056201)
(0.059145489 0.0025823477 -6.3877748)
(0.062784305 0.0027412219 -6.2700581)
(0.066348123 0.0028968214 -6.1524631)
(0.069836217 0.0030491148 -6.0349854)
(0.073247985 0.0031980758 -5.917621)
(0.076582949 0.0033436834 -5.8003661)
(0.079840866 0.0034859272 -5.6832123)
(0.083021335 0.0036247894 -5.5661612)
(0.08612416 0.0037602617 -5.4492115)
(0.08914936 0.0038923447 -5.3323566)
(0.092096974 0.0040210404 -5.2155928)
(0.094967132 0.0041463542 -5.0989163)
(0.097760041 0.0042682952 -4.982324)
(0.10047608 0.0043868803 -4.8658079)
(0.10311549 0.0045021193 -4.7493702)
(0.10567864 0.0046140286 -4.6330102)
(0.10816605 0.0047226312 -4.5167217)
(0.11057825 0.00482795 -4.4005015)
(0.11291579 0.0049300095 -4.2843467)
(0.11517938 0.0050288398 -4.1682499)
(0.11736954 0.0051244644 -4.0522137)
(0.11948693 0.0052169115 -3.9362379)
(0.12153227 0.0053062131 -3.8203168)
(0.12350629 0.0053924005 -3.7044477)
(0.1254097 0.0054755055 -3.588628)
(0.12724327 0.0055555606 -3.4728554)
(0.1290078 0.0056326016 -3.3571231)
(0.13070398 0.0057066583 -3.2414342)
(0.13233254 0.0057777629 -3.1257891)
(0.13389428 0.00584595 -3.0101825)
(0.13538996 0.0059112531 -2.8946123)
(0.13682034 0.0059737045 -2.7790763)
(0.13818615 0.006033337 -2.6635729)
(0.13948817 0.0060901846 -2.5480955)
(0.14072708 0.0061442763 -2.4326476)
(0.14190353 0.0061956415 -2.3172298)
(0.14301824 0.0062443104 -2.2018369)
(0.1440718 0.00629031 -2.0864662)
(0.14506478 0.0063336646 -1.9711146)
(0.14599765 0.0063743943 -1.8557779)
(0.14687075 0.0064125148 -1.7404466)
(0.14768418 0.00644803 -1.6251194)
(0.14843778 0.0064809325 -1.5097923)
(0.14913096 0.0065111977 -1.3944585)
(0.14976242 0.0065387679 -1.2791218)
(0.1503296 0.0065635313 -1.1637977)
(0.15083101 0.0065854235 -1.0485536)
(0.15125195 0.0066038021 -0.93340534)
(0.15157375 0.0066178521 -0.81851056)
(0.15176216 0.0066260784 -0.70453891)
(0.15176204 0.0066260729 -0.5930492)
(0.15148896 0.0066141501 -0.48623218)
(0.15080811 0.0065844235 -0.38633955)
(0.14948525 0.0065266662 -0.29416214)
(0.14704339 0.0064200526 -0.21313018)
(0.14218899 0.0062081048 -0.13176603)
(0.12903771 0.0056339075 -0.064280612)
(-0.1681623 -0.0073421239 -22.115073)
(-0.19264624 -0.0084111155 -19.161715)
(-0.19666636 -0.0085866375 -16.55014)
(-0.19748815 -0.0086225176 -15.143518)
(-0.19751862 -0.0086238479 -14.302806)
(-0.19726379 -0.008612722 -13.79399)
(-0.19657386 -0.008582599 -13.482355)
(-0.19534661 -0.0085290161 -13.273221)
(-0.19362293 -0.0084537585 -13.112851)
(-0.19147936 -0.0083601684 -12.974006)
(-0.18898756 -0.0082513743 -12.843579)
(-0.18626113 -0.0081323356 -12.719368)
(-0.1833236 -0.0080040805 -12.597259)
(-0.180176 -0.0078666532 -12.47443)
(-0.17682456 -0.007720326 -12.350206)
(-0.17327869 -0.0075655099 -12.224769)
(-0.16955472 -0.0074029181 -12.098446)
(-0.16566556 -0.0072331137 -11.971699)
(-0.16161042 -0.0070560626 -11.844729)
(-0.1573989 -0.0068721834 -11.717835)
(-0.1530337 -0.006681595 -11.591106)
(-0.14851542 -0.0064843224 -11.464521)
(-0.14385174 -0.0062807018 -11.33813)
(-0.13905244 -0.0060711599 -11.211963)
(-0.134127 -0.0058561105 -11.086033)
(-0.12908509 -0.0056359762 -10.960348)
(-0.12393635 -0.0054111771 -10.834915)
(-0.11869029 -0.0051821292 -10.709738)
(-0.1133561 -0.0049492334 -10.584814)
(-0.1079432 -0.0047129014 -10.460152)
(-0.10246086 -0.004473537 -10.335757)
(-0.096917876 -0.0042315253 -10.211625)
(-0.091323143 -0.0039872539 -10.087756)
(-0.085685453 -0.003741107 -9.9641517)
(-0.080013497 -0.0034934642 -9.84081)
(-0.074315577 -0.0032446878 -9.7177257)
(-0.068600072 -0.0029951433 -9.5949027)
(-0.062874706 -0.0027451684 -9.4723426)
(-0.057146255 -0.002495059 -9.3500397)
(-0.051421107 -0.0022450938 -9.2279913)
(-0.045705398 -0.0019955405 -9.1061948)
(-0.040005261 -0.0017466672 -8.9846471)
(-0.034326648 -0.0014987337 -8.8633402)
(-0.028675868 -0.0012520153 -8.7422758)
(-0.023058957 -0.0010067756 -8.6214523)
(-0.017481627 -0.00076326415 -8.5008619)
(-0.011949744 -0.000521737 -8.3804995)
(-0.0064692958 -0.00028245551 -8.2603616)
(-0.0010474307 -4.5731704e-05 -8.140447)
(0.0043142925 0.00018836616 -8.0207315)
(0.009609691 0.00041956822 -7.9012188)
(0.014835107 0.0006477147 -7.7819095)
(0.019986994 0.00087265099 -7.6627954)
(0.025062123 0.0010942358 -7.5438702)
(0.030057611 0.0013123436 -7.4251285)
(0.034971038 0.0015268685 -7.3065603)
(0.039799852 0.001737699 -7.1881654)
(0.04454191 0.0019447416 -7.069941)
(0.049195495 0.0021479216 -6.9518785)
(0.053759014 0.0023471691 -6.8339723)
(0.058231099 0.0025424245 -6.716217)
(0.062610593 0.0027336374 -6.5986073)
(0.066896696 0.0029207727 -6.4811335)
(0.071088442 0.0031037882 -6.3637958)
(0.075185188 0.003282656 -6.2465916)
(0.079186606 0.0034573616 -6.1295128)
(0.083092429 0.0036278935 -6.0125544)
(0.086902543 0.0037942466 -5.8957114)
(0.090616973 0.0039564221 -5.7789792)
(0.094236004 0.0041144324 -5.6623487)
(0.097759742 0.0042682821 -5.5458208)
(0.10118853 0.0044179861 -5.4293936)
(0.10452293 0.004563569 -5.3130598)
(0.10776352 0.0047050565 -5.1968151)
(0.11091099 0.0048424778 -5.0806555)
(0.11396608 0.004975866 -4.964577)
(0.11692973 0.0051052621 -4.8485715)
(0.11980271 0.005230699 -4.7326407)
(0.12258594 0.0053522171 -4.6167835)
(0.12528047 0.0054698627 -4.5009935)
(0.12788736 0.005583682 -4.3852671)
(0.1304077 0.0056937224 -4.2696012)
(0.13284269 0.0058000367 -4.1539882)
(0.13519339 0.0059026703 -4.0384307)
(0.13746092 0.006001673 -3.922928)
(0.13964652 0.006097098 -3.8074745)
(0.14175136 0.0061889976 -3.6920674)
(0.14377665 0.0062774234 -3.5767041)
(0.14572357 0.006362428 -3.4613822)
(0.14759339 0.006444066 -3.3460948)
(0.1493872 0.0065223856 -3.2308452)
(0.15110616 0.006597437 -3.1156335)
(0.15275147 0.0066692724 -3.0004549)
(0.15432425 0.0067379417 -2.885307)
(0.15582563 0.0068034935 -2.7701879)
(0.15725672 0.0068659762 -2.6550959)
(0.15861864 0.0069254387 -2.5400247)
(0.15991237 0.0069819242 -2.4249779)
(0.16113891 0.0070354759 -2.3099561)
(0.16229923 0.0070861368 -2.1949545)
(0.16339424 0.007133946 -2.0799704)
(0.16442476 0.0071789392 -1.965001)
(0.16539147 0.0072211468 -1.8500424)
(0.16629495 0.0072605935 -1.7350852)
(0.16713545 0.0072972907 -1.6201285)
(0.16791296 0.0073312372 -1.5051685)
(0.168627 0.007362413 -1.3901985)
(0.16927635 0.0073907644 -1.2752227)
(0.16985854 0.007416183 -1.160257)
(0.17037248 0.0074386223 -1.0453683)
(0.17080261 0.007457402 -0.93057497)
(0.17112898 0.0074716517 -0.81603443)
(0.17131397 0.0074797289 -0.70241046)
(0.17129535 0.0074789156 -0.59125306)
(0.17097542 0.0074649471 -0.48475215)
(0.17019539 0.0074308906 -0.38516666)
(0.16867736 0.0073646118 -0.29329611)
(0.16585874 0.0072415483 -0.21256389)
(0.16023555 0.0069960345 -0.13149446)
(0.14508724 0.006334645 -0.064249425)
(-0.20275933 -0.0088526625 -22.124485)
(-0.23332616 -0.010187239 -19.172334)
(-0.23859508 -0.010417285 -16.557287)
(-0.23970168 -0.0104656 -15.14626)
(-0.2396936 -0.010465247 -14.300538)
(-0.239254 -0.010446054 -13.787253)
(-0.23824665 -0.010402072 -13.472387)
(-0.23656415 -0.010328613 -13.260771)
(-0.23426844 -0.01022838 -13.098394)
(-0.2314589 -0.010105713 -12.9578)
(-0.22822436 -0.0099644897 -12.825728)
(-0.22470668 -0.0098109044 -12.70014)
(-0.22093118 -0.0096460627 -12.576751)
(-0.21690338 -0.0094702051 -12.452671)
(-0.21264488 -0.0092842751 -12.327212)
(-0.20816617 -0.0090887301 -12.200548)
(-0.20346251 -0.0088833642 -12.072899)
(-0.19854654 -0.0086687283 -11.944866)
(-0.19341857 -0.0084448362 -11.81673)
(-0.18808159 -0.0082118187 -11.688689)
(-0.18254705 -0.0079701756 -11.560862)
(-0.17682676 -0.0077204223 -11.433248)
(-0.17093425 -0.0074631499 -11.305889)
(-0.16488298 -0.0071989456 -11.178821)
(-0.15868591 -0.0069283756 -11.052058)
(-0.15235608 -0.0066520095 -10.925608)
(-0.14590645 -0.0063704123 -10.799479)
(-0.13934982 -0.0060841439 -10.673674)
(-0.13269867 -0.0057937485 -10.548191)
(-0.12596582 -0.0054997861 -10.423036)
(-0.11916387 -0.0052028062 -10.298215)
(-0.11230477 -0.0049033314 -10.173723)
(-0.1054002 -0.0046018718 -10.049559)
(-0.098461183 -0.0042989077 -9.9257215)
(-0.091497991 -0.0039948882 -9.8022093)
(-0.084520157 -0.0036902294 -9.6790147)
(-0.077537589 -0.0033853639 -9.5561398)
(-0.070560064 -0.0030807186 -9.4335839)
(-0.063596984 -0.0027767039 -9.3113394)
(-0.056657619 -0.0024737247 -9.1894011)
(-0.04975081 -0.002172167 -9.0677636)
(-0.042885048 -0.0018724014 -8.9464208)
(-0.036068378 -0.0015747793 -8.8253619)
(-0.029309211 -0.0012796677 -8.7045858)
(-0.022615428 -0.00098741081 -8.5840881)
(-0.015994099 -0.00069831741 -8.4638586)
(-0.0094520325 -0.00041268466 -8.3438909)
(-0.0029973302 -0.00013086626 -8.2241876)
(0.003369395 0.00014711093 -8.1047186)
(0.0096431584 0.00042102931 -7.9854711)
(0.015818532 0.0006906519 -7.8664578)
(0.021891598 0.00095580768 -7.7476702)
(0.027859171 0.0012163575 -7.6290978)
(0.033718243 0.0014721701 -7.5107327)
(0.039466185 0.0017231306 -7.3925675)
(0.045100924 0.0019691486 -7.2745902)
(0.050620248 0.0022101275 -7.1567992)
(0.056022467 0.0024459935 -7.0391897)
(0.061306378 0.0026766939 -6.9217516)
(0.066470947 0.0029021839 -6.8044778)
(0.071515413 0.0031224299 -6.6873614)
(0.076439267 0.0033374101 -6.5703957)
(0.081242417 0.0035471202 -6.4535696)
(0.085924582 0.0037515479 -6.3368823)
(0.090485868 0.003950698 -6.2203298)
(0.09492672 0.0041445896 -6.1039031)
(0.099247653 0.0043332456 -5.987596)
(0.10344934 0.0045166954 -5.8714028)
(0.10753262 0.004694975 -5.7553179)
(0.11149858 0.0048681326 -5.6393313)
(0.11534811 0.0050362069 -5.5234435)
(0.11908238 0.0051992485 -5.4076515)
(0.12270275 0.0053573174 -5.2919477)
(0.12621062 0.005510474 -5.1763271)
(0.12960743 0.0056587823 -5.0607852)
(0.13289476 0.0058023098 -4.9453177)
(0.1360743 0.0059411317 -4.8299159)
(0.13914758 0.006075314 -4.7145814)
(0.14211628 0.00620493 -4.5993125)
(0.1449822 0.0063300588 -4.4841027)
(0.14774712 0.0064507777 -4.3689483)
(0.15041283 0.0065671652 -4.2538458)
(0.15298124 0.0066793045 -4.1387876)
(0.15545405 0.0067872698 -4.0237762)
(0.15783306 0.0068911394 -3.9088108)
(0.16012012 0.0069909946 -3.7938858)
(0.16231703 0.0070869138 -3.6789983)
(0.16442558 0.0071789751 -3.5641458)
(0.16644753 0.0072672553 -3.449326)
(0.16838469 0.0073518337 -3.334532)
(0.1702387 0.0074327812 -3.2197673)
(0.1720112 0.0075101705 -3.105032)
(0.1737039 0.0075840751 -2.9903214)
(0.17531839 0.0076545654 -2.8756334)
(0.17685625 0.0077217097 -2.7609663)
(0.178319 0.0077855748 -2.6463184)
(0.17970819 0.007846228 -2.5316838)
(0.18102518 0.0079037292 -2.4170663)
(0.18227134 0.0079581376 -2.3024667)
(0.183448 0.0080095117 -2.1878805)
(0.18455638 0.0080579047 -2.0733052)
(0.18559761 0.0081033656 -1.9587384)
(0.18657265 0.0081459368 -1.8441766)
(0.18748231 0.0081856535 -1.7296107)
(0.18832707 0.0082225365 -1.6150402)
(0.18910707 0.008256592 -1.5004616)
(0.189822 0.0082878065 -1.3858687)
(0.19047077 0.0083161322 -1.2712658)
(0.19105105 0.0083414679 -1.1566692)
(0.19156233 0.0083637912 -1.0421459)
(0.19198829 0.0083823887 -0.92771653)
(0.19230776 0.0083963373 -0.81353866)
(0.1924795 0.0084038353 -0.70026966)
(0.1924331 0.0084018096 -0.58945008)
(0.19205518 0.0083853093 -0.48326924)
(0.19115822 0.0083461473 -0.38399442)
(0.18941205 0.0082699078 -0.29243443)
(0.18615349 0.0081276362 -0.21200578)
(0.17963845 0.0078431834 -0.13123123)
(0.16222479 0.0070828866 -0.064224376)
(-0.24530611 -0.010710295 -22.137046)
(-0.28370938 -0.012387018 -19.186501)
(-0.29070014 -0.012692241 -16.566917)
(-0.29224302 -0.012759604 -15.150151)
(-0.29220982 -0.012758155 -14.297909)
(-0.29152051 -0.012728059 -13.77872)
(-0.29007266 -0.012664845 -13.459581)
(-0.28775651 -0.012563719 -13.244689)
(-0.28466569 -0.012428771 -13.079675)
(-0.28093261 -0.012265782 -12.936805)
(-0.27667145 -0.012079735 -12.802603)
(-0.27207308 -0.011878966 -12.675243)
(-0.26718733 -0.01166565 -12.550253)
(-0.26201547 -0.011439841 -12.424623)
(-0.25654788 -0.011201121 -12.297493)
(-0.25079435 -0.010949917 -12.169217)
(-0.24474743 -0.010685903 -12.040071)
(-0.23841123 -0.010409258 -11.910509)
(-0.23180119 -0.010120657 -11.780892)
(-0.22493413 -0.0098208354 -11.65144)
(-0.21782769 -0.0095105613 -11.522282)
(-0.21049882 -0.0091905757 -11.393434)
(-0.20296624 -0.0088616965 -11.264932)
(-0.19524873 -0.0085247425 -11.136815)
(-0.18736444 -0.0081805073 -11.009097)
(-0.17933172 -0.007829791 -10.881789)
(-0.17116871 -0.0074733864 -10.754897)
(-0.16289323 -0.0071120713 -10.628425)
(-0.15452217 -0.0067465828 -10.50237)
(-0.14607226 -0.0063776518 -10.376736)
(-0.13755938 -0.0060059716 -10.251526)
(-0.12899868 -0.0056322033 -10.126735)
(-0.12040548 -0.0052570163 -10.002358)
(-0.11179509 -0.0048810784 -9.878391)
(-0.10318247 -0.0045050435 -9.7548294)
(-0.094581617 -0.0041295221 -9.6316618)
(-0.086006434 -0.0037551216 -9.5088869)
(-0.077469943 -0.0033824104 -9.3864995)
(-0.068984407 -0.0030119239 -9.264488)
(-0.060561879 -0.0026441884 -9.1428431)
(-0.052213833 -0.002279705 -9.0215556)
(-0.043950934 -0.0019189391 -8.9006158)
(-0.035782611 -0.0015623024 -8.7800089)
(-0.027718023 -0.0012101948 -8.6597307)
(-0.019765176 -0.00086296612 -8.5397731)
(-0.011931577 -0.0005209438 -8.4201245)
(-0.0042255624 -0.00018449206 -8.3007875)
(0.0033527186 0.00014638264 -8.1817196)
(0.010798537 0.00047147415 -8.0629105)
(0.018104895 0.00079047662 -7.9443682)
(0.025268093 0.0011032285 -7.8260813)
(0.032284753 0.0014095825 -7.7080414)
(0.039152193 0.0017094214 -7.5902354)
(0.045868047 0.0020026418 -7.4726528)
(0.052430398 0.0022891602 -7.3552837)
(0.058838009 0.0025689226 -7.2381138)
(0.06508951 0.0028418689 -7.1211395)
(0.071184191 0.0031079684 -7.0043534)
(0.077121888 0.0033672139 -6.8877439)
(0.082902644 0.0036196071 -6.7713017)
(0.088526821 0.0038651639 -6.6550184)
(0.093995065 0.0041039126 -6.5388857)
(0.099308483 0.0043359014 -6.4228908)
(0.10446796 0.0045611691 -6.3070319)
(0.10947482 0.0047797735 -6.1913032)
(0.11433075 0.0049917876 -6.0756948)
(0.11903747 0.0051972873 -5.9601995)
(0.12359688 0.0053963555 -5.8448105)
(0.12801102 0.0055890812 -5.7295214)
(0.13228222 0.0057755656 -5.6143213)
(0.13641252 0.0059558988 -5.49921)
(0.14040429 0.0061301829 -5.3841839)
(0.14426004 0.0062985287 -5.2692348)
(0.14798231 0.0064610466 -5.1543572)
(0.15157369 0.0066178493 -5.0395463)
(0.1550368 0.006769052 -4.9247972)
(0.15837444 0.0069147766 -4.8101012)
(0.16158916 0.0070551341 -4.6954595)
(0.16468364 0.007190242 -4.5808701)
(0.16766067 0.0073202222 -4.4663266)
(0.17052298 0.0074451933 -4.3518251)
(0.17327328 0.007565274 -4.2373623)
(0.17591436 0.007680586 -4.1229303)
(0.17844877 0.0077912405 -4.0085318)
(0.18087912 0.0078973519 -3.894166)
(0.18320806 0.0079990358 -3.7798275)
(0.18543816 0.0080964038 -3.6655137)
(0.18757191 0.0081895657 -3.551222)
(0.18961179 0.0082786288 -3.4369505)
(0.19156027 0.0083637011 -3.3226925)
(0.19341961 0.0084448816 -3.2084518)
(0.19519209 0.0085222696 -3.0942286)
(0.19687996 0.0085959637 -2.9800187)
(0.19848539 0.0086660582 -2.8658202)
(0.20001047 0.0087326446 -2.7516318)
(0.20145723 0.0087958115 -2.6374521)
(0.20282767 0.0088556464 -2.5232756)
(0.20412362 0.0089122289 -2.4091065)
(0.20534687 0.0089656367 -2.2949459)
(0.20649913 0.0090159456 -2.1807896)
(0.207582 0.0090632248 -2.0666358)
(0.20859695 0.0091075382 -1.9524824)
(0.20954524 0.0091489415 -1.8383263)
(0.21042796 0.0091874821 -1.724159)
(0.21124582 0.0092231903 -1.6099804)
(0.21199914 0.0092560811 -1.4957876)
(0.21268779 0.0092861483 -1.3815747)
(0.21331084 0.0093133513 -1.2673464)
(0.21386621 0.0093375993 -1.1531196)
(0.21435406 0.0093588992 -1.0389611)
(0.21475743 0.0093765109 -0.92489419)
(0.21505404 0.0093894613 -0.81107647)
(0.21519871 0.0093957773 -0.69815855)
(0.21511177 0.0093919815 -0.58767099)
(0.2146614 0.0093723178 -0.48180293)
(0.21362596 0.0093271098 -0.38283145)
(0.21161342 0.0092392401 -0.29157604)
(0.20784338 0.0090746368 -0.21144699)
(0.20029983 0.0087452785 -0.13096498)
(0.18033391 0.0078735474 -0.06419684)
(-0.29799706 -0.013010831 -22.154002)
(-0.34665788 -0.015135408 -19.205633)
(-0.35609709 -0.015547533 -16.580076)
(-0.358346 -0.015645722 -15.155755)
(-0.35834905 -0.015645856 -14.294932)
(-0.35734297 -0.015601929 -13.767811)
(-0.35529307 -0.015512429 -13.442908)
(-0.35209092 -0.01537262 -13.223602)
(-0.34788009 -0.015188771 -13.055046)
(-0.34285528 -0.014969383 -12.909139)
(-0.33720039 -0.014722485 -12.772155)
(-0.33116491 -0.01445897 -12.642512)
(-0.32475909 -0.014179286 -12.515297)
(-0.31798165 -0.013883377 -12.387637)
(-0.31081236 -0.013570359 -12.258589)
(-0.30324664 -0.013240033 -12.128317)
(-0.29529745 -0.012892964 -11.997228)
(-0.28698406 -0.012529993 -11.86576)
(-0.27832956 -0.01215213 -11.734316)
(-0.26935812 -0.011760428 -11.603139)
(-0.26009504 -0.011355993 -11.472372)
(-0.25056531 -0.010939917 -11.342059)
(-0.24079587 -0.010513374 -11.212227)
(-0.23081372 -0.010077543 -11.082916)
(-0.22064461 -0.0096335506 -10.954142)
(-0.21031392 -0.0091825029 -10.825918)
(-0.19984658 -0.0087254893 -10.698246)
(-0.18926749 -0.0082635963 -10.571128)
(-0.1786012 -0.0077978957 -10.444558)
(-0.16787283 -0.007329485 -10.318537)
(-0.15710638 -0.0068594118 -10.193062)
(-0.14632421 -0.0063886524 -10.068123)
(-0.13554774 -0.0059181415 -9.9437099)
(-0.12479742 -0.0054487725 -9.8198129)
(-0.11409294 -0.0049814049 -9.6964209)
(-0.10345278 -0.0045168452 -9.5735169)
(-0.092895213 -0.0040558921 -9.4510941)
(-0.082436805 -0.0035992682 -9.329141)
(-0.072092325 -0.0031476185 -9.2076407)
(-0.061875357 -0.0027015361 -9.0865786)
(-0.051798169 -0.0022615567 -8.9659399)
(-0.041871817 -0.0018281628 -8.8457099)
(-0.032105865 -0.0014017722 -8.7258689)
(-0.022509899 -0.00098280327 -8.6064083)
(-0.013094009 -0.00057169663 -8.4873181)
(-0.0038651613 -0.0001687565 -8.3685898)
(0.0051782035 0.00022608526 -8.2501681)
(0.014030112 0.00061256788 -8.1320515)
(0.02268234 0.00099033227 -8.0142462)
(0.031132807 0.0013592875 -7.8967255)
(0.039378275 0.0017192924 -7.7794811)
(0.047416639 0.0020702549 -7.6625001)
(0.055246608 0.0024121186 -7.5457661)
(0.062867309 0.0027448457 -7.4292655)
(0.070278434 0.0030684224 -7.3129854)
(0.077480455 0.0033828693 -7.1969086)
(0.084473689 0.0036882005 -7.081029)
(0.091259244 0.0039844642 -6.9653363)
(0.097838802 0.0042717339 -6.8498169)
(0.10421427 0.0045500928 -6.7344596)
(0.11038789 0.0048196388 -6.6192537)
(0.1163622 0.0050804828 -6.5041893)
(0.12214021 0.0053327562 -6.3892521)
(0.12772465 0.0055765782 -6.2744388)
(0.13311874 0.0058120892 -6.1597422)
(0.13832599 0.0060394425 -6.0451513)
(0.14334996 0.0062587937 -5.9306579)
(0.14819433 0.0064703035 -5.8162543)
(0.1528629 0.0066741375 -5.7019331)
(0.1573597 0.006870472 -5.5876832)
(0.16168845 0.0070594693 -5.4735036)
(0.16585312 0.007241303 -5.35939)
(0.16985785 0.0074161529 -5.2453341)
(0.17370667 0.0075841962 -5.1313302)
(0.17740366 0.0077456104 -5.0173729)
(0.18095289 0.0079005728 -4.9034576)
(0.18435852 0.008049266 -4.7895753)
(0.18762442 0.0081918581 -4.6757273)
(0.19075456 0.0083285228 -4.5619117)
(0.19375294 0.0084594352 -4.448122)
(0.19662347 0.0085847652 -4.3343548)
(0.19936998 0.0087046803 -4.2206066)
(0.20199633 0.0088193491 -4.1068702)
(0.20450608 0.0089289273 -3.9931483)
(0.20690285 0.0090335725 -3.8794405)
(0.20919021 0.0091334409 -3.7657418)
(0.21137161 0.0092286827 -3.6520497)
(0.2134504 0.0093194445 -3.5383625)
(0.21542984 0.0094058687 -3.4246782)
(0.21731317 0.0094880967 -3.3109909)
(0.21910337 0.0095662587 -3.1973048)
(0.22080341 0.009640484 -3.0836204)
(0.2224162 0.0097108998 -2.9699342)
(0.2239445 0.0097776269 -2.8562446)
(0.22539099 0.0098407822 -2.7425509)
(0.22675825 0.009900478 -2.6288523)
(0.2280488 0.0099568244 -2.5151437)
(0.22926493 0.010009922 -2.40143)
(0.2304089 0.010059869 -2.2877125)
(0.23148286 0.010106759 -2.173988)
(0.2324888 0.010150679 -2.060255)
(0.23342852 0.010191708 -1.9465121)
(0.23430365 0.010229917 -1.8327568)
(0.23511554 0.010265365 -1.7189812)
(0.23586514 0.010298093 -1.605186)
(0.23655299 0.010328126 -1.4913687)
(0.23717913 0.010355463 -1.377524)
(0.23774282 0.010380074 -1.2636573)
(0.2382423 0.010401882 -1.1497861)
(0.23867849 0.010420927 -1.035977)
(0.239034 0.010436449 -0.92225608)
(0.23928553 0.01044743 -0.80878124)
(0.2393837 0.010451717 -0.69619599)
(0.23923845 0.010445375 -0.58602057)
(0.23869657 0.010421716 -0.48044438)
(0.23749648 0.010369319 -0.38175551)
(0.23517377 0.010267907 -0.29078466)
(0.23081289 0.010077507 -0.21093652)
(0.22209234 0.0096967601 -0.13072531)
(0.19927344 0.0087004653 -0.064176449)
(-0.36357382 -0.015873974 -22.177116)
(-0.42592033 -0.018596081 -19.231732)
(-0.43898445 -0.019166473 -16.598268)
(-0.44245336 -0.019317929 -15.163936)
(-0.44268999 -0.01932826 -14.291735)
(-0.44134825 -0.019269679 -13.753754)
(-0.43851829 -0.01914612 -13.42089)
(-0.43410502 -0.018953432 -13.19547)
(-0.4283753 -0.018703267 -13.022083)
(-0.42162047 -0.018408345 -12.872102)
(-0.41401737 -0.018076387 -12.731072)
(-0.40591477 -0.01772262 -12.598353)
(-0.39731393 -0.017347099 -12.468513)
(-0.38818509 -0.016948525 -12.338226)
(-0.37853162 -0.016527045 -12.206599)
(-0.36836518 -0.016083169 -12.073781)
(-0.3577061 -0.015617784 -11.940247)
(-0.34658047 -0.015132029 -11.806416)
(-0.33502281 -0.01462741 -11.672726)
(-0.32306919 -0.014105504 -11.539457)
(-0.31075739 -0.013567959 -11.406776)
(-0.29812585 -0.013016454 -11.274767)
(-0.28521443 -0.01245273 -11.143443)
(-0.27206503 -0.011878614 -11.01284)
(-0.2587189 -0.01129591 -10.882977)
(-0.24521688 -0.010706399 -10.753861)
(-0.23159828 -0.010111798 -10.625491)
(-0.21790059 -0.0095137441 -10.497861)
(-0.20415902 -0.0089137743 -10.370956)
(-0.19040843 -0.0083134105 -10.244771)
(-0.17668164 -0.0077140859 -10.119293)
(-0.16300931 -0.0071171395 -9.9945031)
(-0.14942038 -0.006523834 -9.8703821)
(-0.1359415 -0.0059353334 -9.7469114)
(-0.12259706 -0.0053527027 -9.6240707)
(-0.10940877 -0.0047768894 -9.5018339)
(-0.09639743 -0.0042088021 -9.3801858)
(-0.083581256 -0.0036492359 -9.2591058)
(-0.070976286 -0.0030988911 -9.138569)
(-0.058597028 -0.0025584011 -9.0185525)
(-0.046456255 -0.0020283236 -8.8990336)
(-0.034565312 -0.0015091539 -8.7799897)
(-0.022935595 -0.0010013895 -8.6613945)
(-0.011578796 -0.00050554096 -8.5432437)
(-0.00049535432 -2.1627568e-05 -8.4255005)
(0.010316506 0.00045042843 -8.3081087)
(0.020847483 0.00091022077 -8.1910784)
(0.03109184 0.001357499 -8.0743968)
(0.041048648 0.0017922226 -7.9580401)
(0.05071728 0.0022143641 -7.8419827)
(0.060097082 0.002623895 -7.7262113)
(0.069188685 0.003020843 -7.6107083)
(0.077993605 0.003405274 -7.4954536)
(0.086513862 0.0037772764 -7.3804298)
(0.094752118 0.0041369664 -7.2656201)
(0.10271189 0.0044844975 -7.1510043)
(0.11039647 0.0048200135 -7.0365732)
(0.11781004 0.0051436969 -6.9223139)
(0.12495731 0.0054557536 -6.8082104)
(0.13184319 0.0057563976 -6.6942492)
(0.13847289 0.0060458565 -6.5804179)
(0.14485186 0.0063243683 -6.4667048)
(0.15098599 0.00659219 -6.3530942)
(0.15688076 0.0068495614 -6.2395817)
(0.16254214 0.0070967427 -6.1261586)
(0.16797631 0.0073340035 -6.0128135)
(0.17318939 0.0075616114 -5.8995372)
(0.17818756 0.0077798361 -5.7863214)
(0.18297702 0.0079889484 -5.6731586)
(0.18756414 0.0081892262 -5.560037)
(0.19195484 0.0083809284 -5.4469557)
(0.19615526 0.0085643228 -5.3339101)
(0.20017158 0.0087396791 -5.2208921)
(0.20400982 0.00890726 -5.1078959)
(0.20767591 0.0090673249 -4.9949167)
(0.21117571 0.0092201296 -4.8819498)
(0.21451511 0.0093659309 -4.7689866)
(0.21769958 0.009504968 -4.6560291)
(0.22073466 0.0096374822 -4.5430754)
(0.22362582 0.0097637129 -4.4301199)
(0.22637834 0.0098838906 -4.3171595)
(0.22899737 0.0099982401 -4.2041913)
(0.23148803 0.010106985 -4.0912088)
(0.23385505 0.010210331 -3.9782153)
(0.23610316 0.010308486 -3.865211)
(0.23823699 0.01040165 -3.7521915)
(0.24026095 0.010490019 -3.6391553)
(0.24217934 0.010573777 -3.526101)
(0.24399628 0.010653106 -3.4130276)
(0.24571582 0.010728183 -3.2999299)
(0.24734172 0.010799172 -3.1868127)
(0.24887766 0.010866232 -3.0736773)
(0.25032722 0.010929521 -2.9605209)
(0.25169379 0.010989187 -2.8473427)
(0.25298064 0.011045372 -2.7341428)
(0.25419089 0.011098213 -2.620921)
(0.25532755 0.01114784 -2.507673)
(0.25639341 0.011194377 -2.3944043)
(0.25739115 0.011237939 -2.2811173)
(0.25832332 0.011278639 -2.1678091)
(0.25919229 0.011316579 -2.0544793)
(0.2600002 0.011351853 -1.941127)
(0.26074894 0.011384543 -1.8277506)
(0.26144014 0.011414722 -1.714343)
(0.26207493 0.011442437 -1.6009058)
(0.26265403 0.011467721 -1.487437)
(0.26317762 0.011490582 -1.3739322)
(0.26364515 0.011510995 -1.2603973)
(0.26405524 0.0115289 -1.1468507)
(0.26440958 0.01154437 -1.033359)
(0.26469052 0.011556636 -0.91995077)
(0.2648737 0.011564634 -0.80678453)
(0.26490512 0.011566006 -0.69449652)
(0.26468261 0.011556291 -0.58459649)
(0.26402766 0.011527695 -0.47927452)
(0.2626313 0.011466729 -0.38083077)
(0.25994385 0.011349392 -0.29010751)
(0.25489356 0.011128892 -0.21050495)
(0.24481717 0.010688947 -0.13052616)
(0.218807 0.0095533192 -0.064164122)
(-0.44517359 -0.019436696 -22.208581)
(-0.52607383 -0.022968877 -19.267237)
(-0.54470541 -0.023782349 -16.623344)
(-0.55040495 -0.024031197 -15.175813)
(-0.55144384 -0.024076556 -14.288591)
(-0.54998537 -0.024012877 -13.735571)
(-0.54637501 -0.023855246 -13.391554)
(-0.54056833 -0.023601721 -13.15759)
(-0.53287058 -0.023265629 -12.976915)
(-0.523674 -0.022864098 -12.821079)
(-0.51326118 -0.022409465 -12.674996)
(-0.5020806 -0.02192131 -12.537973)
(-0.49017479 -0.021401491 -12.404307)
(-0.47754054 -0.020849868 -12.270474)
(-0.46419222 -0.020267068 -12.13547)
(-0.45015391 -0.019654142 -11.999404)
(-0.4354614 -0.019012653 -11.862769)
(-0.42015992 -0.018344576 -11.726051)
(-0.40430415 -0.017652299 -11.589646)
(-0.38795796 -0.016938609 -11.453901)
(-0.37118797 -0.016206415 -11.31902)
(-0.35406119 -0.015458644 -11.185116)
(-0.33664434 -0.014698208 -11.052221)
(-0.31900265 -0.013927955 -10.920345)
(-0.30119934 -0.013150646 -10.7895)
(-0.28329498 -0.012368924 -10.659686)
(-0.26534712 -0.011585304 -10.530889)
(-0.24740997 -0.010802151 -10.403091)
(-0.22953323 -0.010021636 -10.276262)
(-0.21176427 -0.0092458266 -10.150382)
(-0.19414555 -0.0084765767 -10.025422)
(-0.17671532 -0.0077155566 -9.9013478)
(-0.15950852 -0.0069642915 -9.778126)
(-0.14255658 -0.006224154 -9.6557222)
(-0.12588762 -0.0054963714 -9.5341013)
(-0.10952598 -0.0047820069 -9.4132228)
(-0.093494512 -0.0040820581 -9.2930577)
(-0.077812124 -0.0033973503 -9.1735713)
(-0.06249467 -0.0027285759 -9.0547258)
(-0.047556236 -0.0020763498 -8.9364852)
(-0.033012377 -0.0014413513 -8.8188156)
(-0.018876009 -0.00082414428 -8.7016944)
(-0.0051469785 -0.00022472193 -8.5850779)
(0.0081851479 0.00035737125 -8.4688937)
(0.021111228 0.00092173599 -8.3531324)
(0.033624057 0.0014680579 -8.2377857)
(0.045723766 0.0019963425 -8.1228204)
(0.05741256 0.0025066862 -8.0082075)
(0.068693474 0.0029992215 -7.8939184)
(0.079570878 0.0034741392 -7.7799219)
(0.09004899 0.0039316234 -7.6661995)
(0.10013354 0.0043719242 -7.5527282)
(0.10983113 0.0047953303 -7.4394836)
(0.11914888 0.0052021517 -7.3264439)
(0.12809446 0.0055927244 -7.2135889)
(0.13667642 0.0059674207 -7.1008949)
(0.14490287 0.006326595 -6.9883503)
(0.15278281 0.0066706407 -6.8759392)
(0.16032564 0.0069999677 -6.7636439)
(0.1675408 0.0073149885 -6.6514491)
(0.1744379 0.0076161225 -6.5393409)
(0.18102665 0.0079037935 -6.4273067)
(0.18731704 0.0081784378 -6.3153297)
(0.19331847 0.0084404658 -6.203405)
(0.1990407 0.0086903038 -6.0915234)
(0.20449352 0.0089283788 -5.9796732)
(0.20968649 0.0091551089 -5.8678453)
(0.21462909 0.0093709072 -5.7560315)
(0.21933062 0.0095761805 -5.6442244)
(0.2238004 0.0097713356 -5.5324128)
(0.22804718 0.0099567537 -5.4205965)
(0.23207974 0.010132819 -5.3087712)
(0.23590678 0.010299911 -5.1969295)
(0.23953667 0.010458396 -5.0850666)
(0.24297758 0.010608629 -4.9731784)
(0.24623747 0.010750959 -4.8612613)
(0.24932418 0.010885728 -4.7493076)
(0.25224504 0.011013255 -4.6373202)
(0.25500733 0.011133859 -4.5252982)
(0.25761813 0.011247849 -4.4132371)
(0.26008425 0.011355522 -4.3011349)
(0.26241224 0.011457165 -4.18899)
(0.26460852 0.011553056 -4.0767966)
(0.26667906 0.011643458 -3.9645595)
(0.26862974 0.011728627 -3.8522796)
(0.27046624 0.01180881 -3.739954)
(0.27219395 0.011884243 -3.6275821)
(0.27381807 0.011955154 -3.5151636)
(0.27534359 0.012021759 -3.4026988)
(0.2767753 0.012084269 -3.2901832)
(0.27811771 0.01214288 -3.177623)
(0.27937517 0.012197782 -3.0650205)
(0.28055187 0.012249158 -2.9523738)
(0.28165176 0.01229718 -2.8396833)
(0.28267864 0.012342015 -2.7269499)
(0.2836361 0.012383818 -2.6141746)
(0.2845276 0.012422742 -2.501354)
(0.28535634 0.012458925 -2.3884947)
(0.28612537 0.012492502 -2.2755997)
(0.2868376 0.012523599 -2.1626674)
(0.28749567 0.012552331 -2.0496981)
(0.28810201 0.012578804 -1.936692)
(0.28865877 0.012603113 -1.8236485)
(0.28916772 0.012625334 -1.7105614)
(0.28963018 0.012645526 -1.5974331)
(0.29004698 0.012663723 -1.4842628)
(0.29041837 0.012679938 -1.3710467)
(0.29074398 0.012694155 -1.2577913)
(0.29102283 0.01270633 -1.1445165)
(0.29125743 0.012716572 -1.0312884)
(0.29143002 0.012724108 -0.91813834)
(0.29151523 0.012727828 -0.80522538)
(0.29145394 0.012725153 -0.69317863)
(0.2911301 0.012711013 -0.58349746)
(0.29033572 0.01267633 -0.47837305)
(0.28870651 0.012605197 -0.38011852)
(0.2855939 0.012469297 -0.28958784)
(0.27974824 0.01221407 -0.21017825)
(0.26812913 0.011706769 -0.13037818)
(0.23859431 0.010417252 -0.064158578)
(-0.545402 -0.023812763 -22.249654)
(-0.65136409 -0.028439167 -19.313268)
(-0.67863261 -0.029629737 -16.656045)
(-0.68853181 -0.030061945 -15.191798)
(-0.69195514 -0.03021141 -14.285552)
(-0.6915661 -0.030194425 -13.712109)
(-0.68815439 -0.030045466 -13.352387)
(-0.68132648 -0.029747353 -13.105473)
(-0.67144713 -0.029316011 -12.915413)
(-0.65905937 -0.02877515 -12.75118)
(-0.64460755 -0.02814417 -12.597124)
(-0.6288176 -0.027454766 -12.453357)
(-0.6118159 -0.026712456 -12.313906)
(-0.59367272 -0.025920308 -12.174974)
(-0.57447285 -0.025082024 -12.035355)
(-0.55430471 -0.024201464 -11.895045)
(-0.53326509 -0.023282854 -11.754497)
(-0.5114568 -0.022330684 -11.614235)
(-0.48898724 -0.021349642 -11.4747)
(-0.46596642 -0.020344531 -11.336195)
(-0.44250731 -0.019320284 -11.198965)
(-0.41871993 -0.018281705 -11.063153)
(-0.39471215 -0.017233503 -10.928832)
(-0.37058483 -0.016180082 -10.796009)
(-0.34643148 -0.015125523 -10.664646)
(-0.32233963 -0.014073651 -10.534721)
(-0.29838876 -0.013027933 -10.406197)
(-0.27465104 -0.011991522 -10.279028)
(-0.25119041 -0.010967209 -10.153158)
(-0.22806621 -0.0099575846 -10.028538)
(-0.2053297 -0.0089648873 -9.9051116)
(-0.1830258 -0.0079910781 -9.7828178)
(-0.16119401 -0.0070378817 -9.6615968)
(-0.13986827 -0.0061067798 -9.5413889)
(-0.1190771 -0.0051990177 -9.4221349)
(-0.098843296 -0.004315591 -9.3037708)
(-0.079187675 -0.0034574081 -9.1862454)
(-0.060128035 -0.0026252464 -9.0695015)
(-0.041684596 -0.0018199886 -8.9534845)
(-0.023870741 -0.0010422189 -8.8381639)
(-0.0066698818 -0.00029121328 -8.7234588)
(0.009936486 0.00043383631 -8.6092747)
(0.02594063 0.0011325923 -8.4955834)
(0.041332535 0.0018046173 -8.3823823)
(0.056119553 0.0024502324 -8.2696241)
(0.070309841 0.0030697937 -8.1572639)
(0.083912767 0.0036637101 -8.0452603)
(0.096939186 0.0042324559 -7.9335756)
(0.10940098 0.0047765495 -7.822175)
(0.12131141 0.0052965698 -7.7110209)
(0.13268331 0.0057930776 -7.6000891)
(0.14353108 0.0062667018 -7.4893515)
(0.1538698 0.0067180997 -7.3787797)
(0.16371477 0.0071479406 -7.2683482)
(0.1730817 0.0075569092 -7.1580341)
(0.18198681 0.0079457147 -7.0478112)
(0.19044558 0.0083150325 -6.9376664)
(0.19847416 0.008665568 -6.827582)
(0.20608871 0.0089980266 -6.7175396)
(0.21330513 0.009313102 -6.6075236)
(0.22013913 0.0096114808 -6.4975199)
(0.22660621 0.0098938398 -6.3875158)
(0.23272184 0.010160854 -6.2774953)
(0.23850056 0.010413158 -6.1674541)
(0.24395703 0.010651393 -6.0573837)
(0.24910558 0.010876183 -5.9472738)
(0.25396006 0.011088135 -5.8371164)
(0.25853394 0.011287834 -5.726905)
(0.26284027 0.011475853 -5.6166336)
(0.26689186 0.011652749 -5.5062925)
(0.27070068 0.011819046 -5.3958833)
(0.27427861 0.011975261 -5.2854034)
(0.2776371 0.012121896 -5.1748472)
(0.28078714 0.01225943 -5.0642118)
(0.28373933 0.012388325 -4.9534949)
(0.28650384 0.012509026 -4.8426946)
(0.28909055 0.012621965 -4.7318053)
(0.29150871 0.012727544 -4.6208317)
(0.29376735 0.012826158 -4.5097747)
(0.29587513 0.012918186 -4.3986316)
(0.29784033 0.013003988 -4.2874022)
(0.29967084 0.01308391 -4.1760866)
(0.30137427 0.013158283 -4.0646809)
(0.30295775 0.013227419 -3.9531916)
(0.30442816 0.013291619 -3.8416212)
(0.3057921 0.01335117 -3.7299684)
(0.3070558 0.013406344 -3.6182342)
(0.30822521 0.013457402 -3.50642)
(0.30930599 0.01350459 -3.3945273)
(0.31030356 0.013548144 -3.2825535)
(0.31122297 0.013588287 -3.1705059)
(0.31206909 0.013625229 -3.0583882)
(0.31284653 0.013659173 -2.9462)
(0.31355967 0.013690309 -2.8339429)
(0.31421262 0.013718818 -2.7216191)
(0.31480932 0.01374487 -2.6092309)
(0.31535346 0.013768628 -2.4967759)
(0.31584853 0.013790243 -2.3842621)
(0.31629779 0.013809858 -2.2716935)
(0.31670432 0.013827608 -2.1590696)
(0.31707092 0.013843614 -2.0463918)
(0.31740016 0.013857989 -1.9336615)
(0.31769426 0.013870829 -1.820879)
(0.31795506 0.013882216 -1.7080392)
(0.3181839 0.013892207 -1.5951457)
(0.31838158 0.013900838 -1.4821985)
(0.31854835 0.01390812 -1.369195)
(0.31868389 0.013914038 -1.256142)
(0.31878758 0.013918565 -1.1430612)
(0.31886273 0.013921846 -1.0300182)
(0.31889155 0.013923104 -0.91704704)
(0.31884756 0.013921184 -0.80430723)
(0.3186658 0.013913248 -0.69242125)
(0.31821418 0.01389353 -0.58287869)
(0.31725038 0.013851449 -0.47787226)
(0.31534568 0.013768288 -0.3797283)
(0.31173765 0.013610758 -0.28931152)
(0.30497587 0.013315533 -0.21001801)
(0.29160862 0.012731906 -0.13031493)
(0.25821092 0.011273731 -0.064167799)
(-0.66072778 -0.028847995 -22.293079)
(-0.79812329 -0.034846812 -19.359444)
(-0.83816022 -0.036594861 -16.686864)
(-0.85627683 -0.03738585 -15.20493)
(-0.86684402 -0.037847223 -14.278605)
(-0.87244491 -0.038091763 -13.68143)
(-0.87385935 -0.038153519 -13.30088)
(-0.8694922 -0.037962845 -13.038569)
(-0.85947746 -0.037525592 -12.834022)
(-0.84442952 -0.036868585 -12.656204)
(-0.82504365 -0.03602218 -12.488947)
(-0.80256082 -0.035040558 -12.333337)
(-0.77746137 -0.033944693 -12.183867)
(-0.75014458 -0.032752016 -12.036507)
(-0.72100489 -0.03147975 -11.889775)
(-0.69039226 -0.030143174 -11.743433)
(-0.65861724 -0.028755847 -11.59778)
(-0.62595206 -0.027329654 -11.453253)
(-0.59263798 -0.02587513 -11.310254)
(-0.55889203 -0.02440175 -11.169094)
(-0.52490954 -0.022918043 -11.029973)
(-0.49086506 -0.021431629 -10.89299)
(-0.45691819 -0.019949477 -10.758185)
(-0.42320844 -0.018477677 -10.625524)
(-0.38985993 -0.01702165 -10.494964)
(-0.35698167 -0.015586155 -10.366432)
(-0.32466789 -0.014175305 -10.239823)
(-0.29299974 -0.012792643 -10.11502)
(-0.26204666 -0.011441203 -9.9919205)
(-0.2318705 -0.010123683 -9.8704292)
(-0.20252104 -0.0088422586 -9.7504422)
(-0.17403918 -0.0075987137 -9.6318554)
(-0.14645862 -0.0063945207 -9.5145671)
(-0.11980593 -0.0052308392 -9.3984768)
(-0.094104602 -0.0041086952 -9.2834863)
(-0.06938153 -0.0030292627 -9.169499)
(-0.045658869 -0.0019935091 -9.0564505)
(-0.022927252 -0.0010010253 -8.9442752)
(-0.0011173553 -4.8784801e-05 -8.8327975)
(0.019773691 0.00086333793 -8.7219451)
(0.039738376 0.0017350148 -8.6116859)
(0.058776099 0.0025662196 -8.5019882)
(0.076909996 0.0033579625 -8.3927685)
(0.094160034 0.0041111154 -8.2839713)
(0.1105496 0.004826699 -8.1755383)
(0.12610359 0.0055058009 -8.0674153)
(0.14084766 0.0061495409 -7.959553)
(0.1548083 0.0067590757 -7.8519066)
(0.16801261 0.007335588 -7.7444349)
(0.18048853 0.0078802986 -7.6370951)
(0.19226299 0.0083943825 -7.5298593)
(0.20336407 0.0088790661 -7.422696)
(0.21381984 0.0093355747 -7.3155749)
(0.22365797 0.0097651168 -7.2084696)
(0.23290582 0.010168887 -7.1013565)
(0.24159059 0.010548072 -6.9942098)
(0.24973801 0.010903796 -6.8870173)
(0.25737389 0.011237185 -6.7797626)
(0.26452333 0.011549337 -6.6724291)
(0.27121058 0.011841308 -6.5650035)
(0.27745911 0.012114125 -6.4574743)
(0.28329161 0.012368777 -6.3498317)
(0.28873018 0.01260623 -6.2420624)
(0.29379553 0.012827388 -6.1341654)
(0.29850801 0.01303314 -6.0261353)
(0.30288714 0.013224337 -5.9179653)
(0.30695158 0.013401794 -5.8096507)
(0.31071916 0.01356629 -5.7011883)
(0.31420696 0.013718571 -5.5925756)
(0.3174314 0.013859353 -5.4838064)
(0.32040784 0.013989307 -5.3748856)
(0.32315117 0.014109083 -5.2658138)
(0.32567559 0.014219302 -5.1565889)
(0.32799456 0.01432055 -5.047211)
(0.3301209 0.014413388 -4.9376812)
(0.33206679 0.014498347 -4.8280006)
(0.33384387 0.014575937 -4.7181664)
(0.33546305 0.014646632 -4.6081866)
(0.33693479 0.014710889 -4.4980645)
(0.338269 0.014769142 -4.3878004)
(0.33947506 0.0148218 -4.2773967)
(0.34056187 0.01486925 -4.1668561)
(0.34153785 0.014911863 -4.0561772)
(0.34241091 0.014949982 -3.9453687)
(0.3431886 0.014983936 -3.8344354)
(0.34387803 0.015014038 -3.7233784)
(0.34448592 0.015040579 -3.6122006)
(0.3450186 0.015063836 -3.5009056)
(0.34548206 0.015084071 -3.3894968)
(0.34588195 0.01510153 -3.2779735)
(0.34622358 0.015116446 -3.1663447)
(0.34651197 0.015129038 -3.054616)
(0.34675186 0.015139511 -2.9427884)
(0.34694768 0.015148061 -2.8308654)
(0.34710363 0.01515487 -2.7188505)
(0.34722364 0.01516011 -2.6067475)
(0.3473114 0.015163942 -2.4945555)
(0.34737039 0.015166517 -2.3822838)
(0.34740383 0.015167977 -2.2699376)
(0.34741473 0.015168453 -2.1575178)
(0.34740582 0.015168064 -2.045027)
(0.34737956 0.015166918 -1.9324677)
(0.34733807 0.015165106 -1.8198415)
(0.34728302 0.015162702 -1.7071444)
(0.3472156 0.015159759 -1.5943811)
(0.34713639 0.015156301 -1.4815527)
(0.34704547 0.015152331 -1.3686576)
(0.34694241 0.015147831 -1.2557033)
(0.34682687 0.015142787 -1.1427131)
(0.34670282 0.01513737 -1.029752)
(0.34655243 0.015130804 -0.91685634)
(0.3463478 0.01512187 -0.80418646)
(0.34601716 0.015107434 -0.69235865)
(0.34540968 0.015080911 -0.58285363)
(0.34424295 0.01502997 -0.47786579)
(0.34201368 0.014932638 -0.37973414)
(0.33782949 0.014749952 -0.28933247)
(0.33001608 0.014408812 -0.2100578)
(0.31468043 0.013739243 -0.13035085)
(0.27709427 0.012098196 -0.064190602)
(-0.76660348 -0.033470627 -22.300449)
(-0.93572508 -0.040854635 -19.359338)
(-0.99390297 -0.043394736 -16.679341)
(-1.0295315 -0.044950313 -15.19176)
(-1.0603179 -0.046294473 -14.257224)
(-1.0870729 -0.047462624 -13.644808)
(-1.1085628 -0.048400891 -13.242377)
(-1.120092 -0.048904269 -12.959189)
(-1.1200423 -0.048902096 -12.733395)
(-1.1085111 -0.048398634 -12.533945)
(-1.0865287 -0.047438862 -12.345136)
(-1.0562299 -0.046115988 -12.16793)
(-1.0190802 -0.044493996 -11.999554)
(-0.97638111 -0.042629715 -11.836272)
(-0.92946363 -0.040581254 -11.676505)
(-0.87955199 -0.038402065 -11.519773)
(-0.82772598 -0.036139293 -11.366114)
(-0.77489317 -0.033832563 -11.215734)
(-0.72178274 -0.031513711 -11.068839)
(-0.66896008 -0.029207425 -10.925556)
(-0.6168474 -0.026932136 -10.78591)
(-0.56574773 -0.024701077 -10.649822)
(-0.51587923 -0.022523771 -10.517151)
(-0.46738811 -0.020406603 -10.387692)
(-0.42037297 -0.018353878 -10.261213)
(-0.37489858 -0.016368424 -10.13748)
(-0.33100438 -0.014451962 -10.016262)
(-0.288709 -0.012605306 -9.8973302)
(-0.24801709 -0.010828659 -9.7804876)
(-0.20893361 -0.0091222375 -9.6655716)
(-0.17146134 -0.0074861629 -9.5524201)
(-0.13561651 -0.005921144 -9.440843)
(-0.10143036 -0.0044285445 -9.330692)
(-0.068923874 -0.0030092811 -9.2218503)
(-0.038057066 -0.0016616073 -9.1142006)
(-0.0086726088 -0.00037865437 -9.0074571)
(0.019241594 0.00084010593 -8.9015541)
(0.045699247 0.0019952719 -8.7963718)
(0.070684116 0.0030861347 -8.6918881)
(0.094245832 0.0041148614 -8.5879779)
(0.1164317 0.005083517 -8.4845346)
(0.13729122 0.0059942633 -8.3814655)
(0.15687527 0.0068493214 -8.2786848)
(0.17523389 0.0076508758 -8.176126)
(0.19241965 0.0084012222 -8.0737223)
(0.20848513 0.0091026563 -7.9714132)
(0.2234824 0.0097574512 -7.8691444)
(0.23746298 0.010367856 -7.7668681)
(0.25047763 0.010936088 -7.6645417)
(0.26257662 0.011464342 -7.562123)
(0.27380776 0.011954704 -7.4595856)
(0.28421873 0.012409256 -7.3569007)
(0.29385565 0.012830013 -7.2540424)
(0.30276289 0.013218912 -7.150989)
(0.31098311 0.013577814 -7.0477225)
(0.31855746 0.013908518 -6.9442233)
(0.32552451 0.014212705 -6.8404854)
(0.33192171 0.014492013 -6.7364987)
(0.33778472 0.014747998 -6.6322538)
(0.34314738 0.014982137 -6.5277442)
(0.34804185 0.015195834 -6.4229651)
(0.35249867 0.015390422 -6.3179138)
(0.35654691 0.015567172 -6.2125839)
(0.3602137 0.015727268 -6.1069812)
(0.36352505 0.015871845 -6.0011066)
(0.36650551 0.016001974 -5.8949601)
(0.36917817 0.016118665 -5.7885433)
(0.37156484 0.016222869 -5.6818592)
(0.37368604 0.016315483 -5.5749113)
(0.37556119 0.016397354 -5.4676991)
(0.37720836 0.016469271 -5.3602332)
(0.37864473 0.016531984 -5.2525192)
(0.37988641 0.016586197 -5.1445605)
(0.38094855 0.016632571 -5.0363621)
(0.38184535 0.016671726 -4.9279296)
(0.38259017 0.016704245 -4.8192687)
(0.38319554 0.016730677 -4.7103811)
(0.3836732 0.016751532 -4.6012787)
(0.38403417 0.016767292 -4.4919686)
(0.38428882 0.01677841 -4.3824551)
(0.38444681 0.016785309 -4.2727439)
(0.38451722 0.016788383 -4.1628411)
(0.38450853 0.016788003 -4.0527484)
(0.38442869 0.016784517 -3.9424777)
(0.38428516 0.01677825 -3.8320365)
(0.38408489 0.016769506 -3.7214287)
(0.38383438 0.016758569 -3.6106597)
(0.38353973 0.016745704 -3.4997355)
(0.38320662 0.01673116 -3.388662)
(0.38284035 0.016715169 -3.2774403)
(0.38244591 0.016697947 -3.1660819)
(0.38202796 0.016679699 -3.0545939)
(0.38159082 0.016660613 -2.9429795)
(0.38113855 0.016640867 -2.8312438)
(0.38067493 0.016620625 -2.7193919)
(0.38020347 0.01660004 -2.6074292)
(0.37972746 0.016579257 -2.4953564)
(0.37924998 0.01655841 -2.3831839)
(0.37877387 0.016537622 -2.2709186)
(0.37830172 0.016517008 -2.1585624)
(0.37783588 0.016496669 -2.0461193)
(0.37737843 0.016476696 -1.9335928)
(0.3769311 0.016457165 -1.8209858)
(0.37649515 0.016438132 -1.7082955)
(0.37607138 0.016419629 -1.5955276)
(0.37565995 0.016401666 -1.4826842)
(0.37526054 0.016384227 -1.3697648)
(0.37487246 0.016367283 -1.2567772)
(0.37449552 0.016350826 -1.1437467)
(0.37413411 0.016335046 -1.0307375)
(0.37377028 0.016319161 -0.91778781)
(0.37337426 0.01630187 -0.80505875)
(0.37286614 0.016279685 -0.69316148)
(0.37207312 0.016245061 -0.58356921)
(0.37066642 0.016183644 -0.47847825)
(0.36805731 0.016069727 -0.38023859)
(0.36320741 0.015857976 -0.28973006)
(0.35419732 0.015464587 -0.2103527)
(0.33667077 0.014699362 -0.13051487)
(0.29461244 0.012863056 -0.064231826)
(-0.79135956 -0.034551501 -22.183912)
(-0.98568891 -0.043036102 -19.217633)
(-1.0764476 -0.046998712 -16.570407)
(-1.1547578 -0.05041781 -15.118259)
(-1.2372418 -0.054019137 -14.211498)
(-1.3199905 -0.057632025 -13.61121)
(-1.3955406 -0.060930613 -13.194224)
(-1.4531239 -0.063444754 -12.882721)
(-1.4847649 -0.064826229 -12.626912)
(-1.4914858 -0.065119669 -12.396494)
(-1.4757444 -0.064432386 -12.178765)
(-1.440504 -0.062893756 -11.967822)
(-1.3894221 -0.060663472 -11.767216)
(-1.3252856 -0.057863212 -11.575365)
(-1.2508594 -0.054613696 -11.391081)
(-1.1688651 -0.051033745 -11.214046)
(-1.0818444 -0.047234341 -11.044221)
(-0.9921368 -0.043317624 -10.881725)
(-0.90183753 -0.039375073 -10.726757)
(-0.8127093 -0.03548365 -10.579234)
(-0.72615788 -0.031704734 -10.438898)
(-0.64321623 -0.028083424 -10.305329)
(-0.56456179 -0.024649297 -10.177999)
(-0.49052323 -0.021416704 -10.056266)
(-0.42115162 -0.018387875 -9.9394125)
(-0.35630206 -0.015556482 -9.8266901)
(-0.29572659 -0.0129117 -9.7173729)
(-0.23909842 -0.010439261 -9.6108204)
(-0.18607173 -0.0081240663 -9.5065275)
(-0.13641586 -0.0059560442 -9.4041637)
(-0.089988343 -0.0039289754 -9.303559)
(-0.04643921 -0.0020275794 -9.2043182)
(-0.0054764191 -0.00023910554 -9.1062368)
(0.032977877 0.0014398451 -9.0092384)
(0.068974973 0.003011512 -8.9131422)
(0.10250108 0.0044752932 -8.8178694)
(0.13367421 0.0058363412 -8.723197)
(0.16260733 0.0070995887 -8.6289613)
(0.18940851 0.0082697533 -8.5350154)
(0.21418546 0.0093515381 -8.4412332)
(0.23704529 0.01034962 -8.3475022)
(0.25809422 0.011268636 -8.2537232)
(0.27743775 0.012113192 -8.1598048)
(0.2951765 0.012887683 -8.0656778)
(0.31141009 0.013596457 -7.9712767)
(0.32623427 0.014243694 -7.8765459)
(0.33974085 0.014833404 -7.7814391)
(0.35201783 0.015369429 -7.6859185)
(0.36314935 0.015855441 -7.5899539)
(0.37321595 0.016294958 -7.4935168)
(0.38229294 0.016691269 -7.3965951)
(0.39045261 0.017047527 -7.2991749)
(0.39776296 0.017366704 -7.201246)
(0.40428779 0.017651584 -7.1028024)
(0.4100869 0.017904779 -7.0038416)
(0.41521644 0.018128739 -6.9043595)
(0.41972833 0.018325732 -6.804365)
(0.42367156 0.018497898 -6.7038628)
(0.42709182 0.018647229 -6.602858)
(0.43003163 0.018775584 -6.5013577)
(0.43253064 0.018884693 -6.3993709)
(0.43462577 0.018976169 -6.2969073)
(0.43635142 0.019051512 -6.1939732)
(0.43773937 0.019112111 -6.0905859)
(0.43881936 0.019159265 -5.9867574)
(0.43961893 0.019194175 -5.8824984)
(0.44016361 0.019217956 -5.7778206)
(0.44047706 0.019231642 -5.6727364)
(0.44058124 0.01923619 -5.5672583)
(0.44049644 0.019232488 -5.4613944)
(0.44024149 0.019221356 -5.3551632)
(0.43983386 0.019203559 -5.2485778)
(0.43928967 0.019179799 -5.1416486)
(0.43862387 0.019150729 -5.0343873)
(0.43785026 0.019116953 -4.9268057)
(0.43698164 0.019079028 -4.8189154)
(0.43602978 0.019037469 -4.7107234)
(0.43500567 0.018992756 -4.6022468)
(0.43391945 0.01894533 -4.4934975)
(0.43278041 0.018895599 -4.3844841)
(0.43159721 0.018843939 -4.2752167)
(0.43037779 0.018790698 -4.1657051)
(0.42912947 0.018736195 -4.0559548)
(0.42785911 0.01868073 -3.945981)
(0.42657301 0.018624578 -3.8357945)
(0.42527693 0.01856799 -3.7254019)
(0.42397621 0.018511199 -3.6148116)
(0.42267577 0.018454421 -3.504032)
(0.42138018 0.018397854 -3.3930715)
(0.42009357 0.018341679 -3.2819335)
(0.4188199 0.01828607 -3.1706314)
(0.41756275 0.018231181 -3.0591745)
(0.41632538 0.018177157 -2.9475676)
(0.41511084 0.018124129 -2.8358175)
(0.41392193 0.01807222 -2.7239311)
(0.41276123 0.018021542 -2.6119152)
(0.41163107 0.017972199 -2.4997717)
(0.4105337 0.017924287 -2.3875126)
(0.40947113 0.017877894 -2.2751457)
(0.40844513 0.017833097 -2.1626743)
(0.40745728 0.017789967 -2.0501034)
(0.40650891 0.01774856 -1.9374375)
(0.40560102 0.017708921 -1.8246806)
(0.40473416 0.017671073 -1.7118306)
(0.40390842 0.017635021 -1.5988944)
(0.4031233 0.017600742 -1.485875)
(0.4023778 0.017568192 -1.3727725)
(0.4016707 0.01753732 -1.2595951)
(0.40100184 0.017508116 -1.1463702)
(0.40037556 0.017480772 -1.0331603)
(0.39977355 0.017454488 -0.92000553)
(0.3991633 0.017427844 -0.80706749)
(0.3984548 0.01739691 -0.69495367)
(0.39744922 0.017353006 -0.58513174)
(0.39576388 0.017279422 -0.47979945)
(0.39271296 0.017146216 -0.38131538)
(0.38709585 0.016900968 -0.29056095)
(0.37672958 0.016448367 -0.2109412)
(0.35678371 0.015577511 -0.13082624)
(0.31001843 0.013535695 -0.064293832)
(-0.64202542 -0.028031432 -21.939363)
(-0.87754538 -0.038314455 -18.966813)
(-1.0534354 -0.045993979 -16.420606)
(-1.2410927 -0.054187272 -15.048529)
(-1.4430078 -0.063003072 -14.195314)
(-1.6427008 -0.071721859 -13.616944)
(-1.8211947 -0.079515071 -13.196102)
(-1.9561589 -0.085407732 -12.855995)
(-2.0359024 -0.088889407 -12.56615)
(-2.0685042 -0.090312835 -12.298873)
(-2.0611865 -0.089993336 -12.044117)
(-2.020383 -0.088211816 -11.797872)
(-1.9518622 -0.085220134 -11.5596)
(-1.8606126 -0.081236091 -11.329484)
(-1.750877 -0.076444932 -11.106924)
(-1.6270673 -0.071039283 -10.895236)
(-1.4928345 -0.065178557 -10.695517)
(-1.3514224 -0.059004368 -10.508168)
(-1.2058873 -0.052650169 -10.333148)
(-1.0591908 -0.046245266 -10.170294)
(-0.91420135 -0.039914889 -10.019602)
(-0.77357771 -0.033775128 -9.8807054)
(-0.63973725 -0.027931529 -9.7529517)
(-0.51470432 -0.022472474 -9.6356521)
(-0.39995754 -0.017462522 -9.527831)
(-0.2963191 -0.01293757 -9.4283367)
(-0.20388341 -0.0089017412 -9.3355566)
(-0.12211111 -0.0053314858 -9.2476179)
(-0.049672022 -0.0021687272 -9.1627372)
(0.015287863 0.00066748233 -9.0798706)
(0.073825245 0.0032232794 -8.9990282)
(0.12659119 0.0055270902 -8.9198287)
(0.17414571 0.007603365 -8.8416893)
(0.21707347 0.0094776312 -8.7640685)
(0.25583549 0.011170017 -8.6866318)
(0.29080111 0.012696649 -8.609103)
(0.32228057 0.014071072 -8.5312755)
(0.35055463 0.015305544 -8.4529834)
(0.3758779 0.016411182 -8.3740844)
(0.39848502 0.01739823 -8.2944428)
(0.41859428 0.018276219 -8.2139455)
(0.43641093 0.019054111 -8.1325176)
(0.45212783 0.019740325 -8.0500978)
(0.4659235 0.020342657 -7.9666505)
(0.47796625 0.020868455 -7.8821478)
(0.48841276 0.021324559 -7.7965741)
(0.49740859 0.021717326 -7.7099241)
(0.5050886 0.022052642 -7.622201)
(0.51157725 0.022335942 -7.5334149)
(0.51698926 0.022572236 -7.4435773)
(0.52142921 0.022766088 -7.352714)
(0.52499345 0.022921706 -7.260848)
(0.52776981 0.023042925 -7.1680044)
(0.52983827 0.023133236 -7.0742107)
(0.53127166 0.023195819 -6.979496)
(0.5321363 0.02323357 -6.8838862)
(0.53249242 0.023249118 -6.787418)
(0.53239509 0.023244869 -6.6901224)
(0.53189435 0.023223006 -6.5920289)
(0.53103579 0.023185521 -6.4931677)
(0.52986087 0.023134223 -6.3935688)
(0.52840732 0.023070759 -6.2932621)
(0.52670934 0.022996624 -6.192272)
(0.52479816 0.02291318 -6.0906328)
(0.52270208 0.022821663 -5.9883724)
(0.52044672 0.022723192 -5.8855158)
(0.51805534 0.022618782 -5.7820883)
(0.51554902 0.022509354 -5.6781147)
(0.51294685 0.022395741 -5.5736188)
(0.51026605 0.022278695 -5.4686195)
(0.50752244 0.022158906 -5.3631446)
(0.50473024 0.022036996 -5.2572165)
(0.50190223 0.021913522 -5.1508536)
(0.49905006 0.021788994 -5.0440752)
(0.49618421 0.021663868 -4.9369)
(0.49331419 0.02153856 -4.8293461)
(0.49044846 0.02141344 -4.7214263)
(0.48759493 0.021288852 -4.613163)
(0.48476059 0.021165102 -4.5045732)
(0.4819517 0.021042463 -4.3956699)
(0.4791739 0.020921182 -4.2864674)
(0.4764323 0.020801481 -4.1769794)
(0.47373139 0.020683557 -4.0672148)
(0.47107543 0.020567595 -3.9571921)
(0.46846814 0.020453759 -3.846925)
(0.46591278 0.020342189 -3.7364228)
(0.46341232 0.020233016 -3.6256965)
(0.4609694 0.020126357 -3.5147568)
(0.45858642 0.020022313 -3.403614)
(0.4562654 0.019920975 -3.2922736)
(0.45400836 0.019822431 -3.1807507)
(0.45181701 0.019726755 -3.0690562)
(0.4496928 0.01963401 -2.9571965)
(0.44763707 0.019544254 -2.8451796)
(0.44565099 0.01945754 -2.7330138)
(0.44373562 0.019373913 -2.6207068)
(0.44189181 0.019293411 -2.508262)
(0.44012048 0.019216073 -2.3956919)
(0.43842233 0.01914193 -2.2830055)
(0.4367979 0.019071006 -2.1702068)
(0.43524763 0.01900332 -2.0573016)
(0.43377175 0.018938881 -1.9442952)
(0.43237021 0.018877689 -1.8311921)
(0.43104255 0.018819722 -1.717991)
(0.42978792 0.018764944 -1.6046994)
(0.42860485 0.01871329 -1.4913209)
(0.42749147 0.018664679 -1.377856)
(0.42644581 0.018619024 -1.2643133)
(0.42546753 0.018576311 -1.1507217)
(0.42456047 0.018536708 -1.0371419)
(0.42370549 0.018499379 -0.92361519)
(0.42286609 0.01846273 -0.81030371)
(0.42193957 0.018422278 -0.69781305)
(0.42069612 0.018367987 -0.58760783)
(0.41869081 0.018280433 -0.48188656)
(0.41512863 0.018124906 -0.3830118)
(0.40863251 0.017841279 -0.29186106)
(0.39674294 0.017322169 -0.21184634)
(0.37416071 0.016336208 -0.13129553)
(0.32254026 0.014082411 -0.064376272)
(-0.30271721 -0.013216917 -21.825527)
(-0.65545126 -0.028617617 -18.907665)
(-1.0327615 -0.045091337 -16.485388)
(-1.4418049 -0.062950554 -15.194253)
(-1.8477689 -0.080675322 -14.362996)
(-2.2088885 -0.096442144 -13.767043)
(-2.4947091 -0.10892134 -13.299428)
(-2.6786462 -0.11695221 -12.914162)
(-2.7797362 -0.12136589 -12.567925)
(-2.8139485 -0.12285963 -12.245509)
(-2.794494 -0.12201023 -11.941338)
(-2.7319654 -0.11928017 -11.653006)
(-2.6349563 -0.11504467 -11.379594)
(-2.5103992 -0.10960639 -11.120313)
(-2.3638069 -0.10320603 -10.874078)
(-2.1996506 -0.09603881 -10.640118)
(-2.0217051 -0.088269541 -10.418042)
(-1.8334573 -0.080050465 -10.209088)
(-1.6377213 -0.07150445 -10.013263)
(-1.4368307 -0.062733378 -9.8285548)
(-1.2338315 -0.053870242 -9.6574562)
(-1.0314946 -0.045036022 -9.5013516)
(-0.83250493 -0.036347947 -9.3600558)
(-0.63975151 -0.027932151 -9.2333765)
(-0.45629854 -0.019922422 -9.1211274)
(-0.28523907 -0.012453806 -9.0226197)
(-0.12936032 -0.0056479932 -8.9367106)
(0.0095082304 0.00041513807 -8.861403)
(0.13114039 0.0057257121 -8.7938597)
(0.23566218 0.010289232 -8.7327436)
(0.32435585 0.01416168 -8.6757155)
(0.39880341 0.017412131 -8.6212783)
(0.46069179 0.020114235 -8.5683157)
(0.51171128 0.022341794 -8.5158651)
(0.55347479 0.024165228 -8.4630984)
(0.58745467 0.025648822 -8.4093336)
(0.61493898 0.026848813 -8.3540451)
(0.63702974 0.027813316 -8.2968407)
(0.65464258 0.028582309 -8.2374526)
(0.66852521 0.029188438 -8.1757096)
(0.67928288 0.029658128 -8.1115169)
(0.68740722 0.030012844 -8.044872)
(0.69329689 0.030269992 -7.9758005)
(0.69727847 0.030443832 -7.9043689)
(0.69962259 0.030546179 -7.8306306)
(0.70055987 0.030587101 -7.7546742)
(0.70028799 0.030575231 -7.6765989)
(0.69897785 0.030518029 -7.5965057)
(0.69677818 0.030421989 -7.5144962)
(0.6938191 0.030292793 -7.4306663)
(0.69021487 0.030135429 -7.3451183)
(0.6860655 0.029954263 -7.2579449)
(0.68145842 0.029753114 -7.1692344)
(0.67647023 0.029535325 -7.079071)
(0.67116798 0.029303824 -6.9875353)
(0.66561024 0.029061168 -6.8946994)
(0.65984887 0.028809621 -6.8006416)
(0.65392908 0.028551157 -6.7054301)
(0.64789046 0.028287505 -6.6091285)
(0.64176775 0.028020182 -6.5117973)
(0.63559138 0.027750516 -6.4134939)
(0.62938793 0.027479667 -6.3142726)
(0.62318032 0.027208638 -6.2141801)
(0.61698909 0.026938323 -6.1132703)
(0.61083173 0.026669486 -6.011589)
(0.60472327 0.026402785 -5.9091774)
(0.59867678 0.02613879 -5.8060751)
(0.5927035 0.025877991 -5.7023198)
(0.58681309 0.02562081 -5.597947)
(0.58101354 0.025367596 -5.492986)
(0.5753122 0.02511867 -5.387474)
(0.56971498 0.024874291 -5.2814417)
(0.56422674 0.024634669 -5.1749152)
(0.55885159 0.024399985 -5.0679204)
(0.55359291 0.024170386 -4.9604822)
(0.54845344 0.023945992 -4.8526241)
(0.54343519 0.02372689 -4.7443637)
(0.5385401 0.023513166 -4.6357277)
(0.53376946 0.023304875 -4.5267372)
(0.52912406 0.023102053 -4.4174086)
(0.52460445 0.022904723 -4.3077593)
(0.52021093 0.022712897 -4.1978058)
(0.51594339 0.022526572 -4.0875595)
(0.5118019 0.022345751 -3.9770411)
(0.50778616 0.02217042 -3.8662662)
(0.50389561 0.022000555 -3.7552461)
(0.50012966 0.02183613 -3.6439931)
(0.49648762 0.021677115 -3.5325194)
(0.49296872 0.021523477 -3.4208365)
(0.489572 0.021375173 -3.308951)
(0.48629676 0.021232173 -3.1968789)
(0.4831421 0.021094438 -3.084632)
(0.48010701 0.020961922 -2.9722174)
(0.47719052 0.020834586 -2.8596438)
(0.47439167 0.020712385 -2.74692)
(0.47170949 0.020595279 -2.6340543)
(0.46914293 0.02048322 -2.5210502)
(0.46669116 0.020376174 -2.4079208)
(0.46435325 0.020274099 -2.2946754)
(0.46212818 0.02017695 -2.1813182)
(0.46001492 0.020084683 -2.0678552)
(0.45801236 0.019997249 -1.9542918)
(0.45611916 0.01991459 -1.8406328)
(0.45433362 0.019836632 -1.726877)
(0.45265372 0.019763286 -1.613032)
(0.45107689 0.01969444 -1.4991016)
(0.44960015 0.019629965 -1.3850864)
(0.44822061 0.019569732 -1.2709946)
(0.44693759 0.019513714 -1.1568569)
(0.44575383 0.019462031 -1.0427313)
(0.44464862 0.019413776 -0.92865977)
(0.44357969 0.019367105 -0.81480475)
(0.4424282 0.01931683 -0.7017722)
(0.44092728 0.019251299 -0.59102664)
(0.43856056 0.019147966 -0.48476637)
(0.43441177 0.018966826 -0.38535262)
(0.4269153 0.018639523 -0.29365188)
(0.41333066 0.018046404 -0.21308464)
(0.38791608 0.01693678 -0.13193311)
(0.33140209 0.014469326 -0.064482094)
(0.03313041 0.001446505 -22.150118)
(-0.60582507 -0.026450891 -19.393313)
(-1.3508801 -0.05898069 -17.061063)
(-2.0693613 -0.090350255 -15.737803)
(-2.678048 -0.11692609 -14.772942)
(-3.1053188 -0.13558113 -14.056782)
(-3.3780115 -0.14748715 -13.484416)
(-3.5269304 -0.15398909 -12.995357)
(-3.580249 -0.15631703 -12.560829)
(-3.5611264 -0.15548212 -12.168926)
(-3.4872108 -0.15225489 -11.812895)
(-3.3718253 -0.14721705 -11.488219)
(-3.2248013 -0.14079785 -11.190831)
(-3.0534617 -0.133317 -10.917135)
(-2.8633879 -0.1250182 -10.664151)
(-2.6588473 -0.11608777 -10.429256)
(-2.443212 -0.10667293 -10.210237)
(-2.2191804 -0.096891496 -10.005189)
(-1.9890214 -0.086842539 -9.8126989)
(-1.7546837 -0.076611138 -9.6317626)
(-1.5178819 -0.066272148 -9.4616678)
(-1.2804859 -0.055907214 -9.303964)
(-1.0439389 -0.045579353 -9.158102)
(-0.80974218 -0.035354103 -9.0224071)
(-0.58014909 -0.025329854 -8.8991233)
(-0.35760096 -0.015613193 -8.7900111)
(-0.14475214 -0.006320014 -8.6950428)
(0.055726819 0.0024330853 -8.6145269)
(0.24075583 0.010511626 -8.5488064)
(0.40745033 0.017789664 -8.4956133)
(0.55379058 0.024179017 -8.452583)
(0.67869899 0.029632635 -8.4171189)
(0.7820309 0.034144203 -8.3865316)
(0.86448785 0.037744351 -8.3582811)
(0.9274923 0.040495184 -8.3301736)
(0.9730341 0.042483581 -8.3004645)
(1.003481 0.043812921 -8.2678968)
(1.0213867 0.0445947 -8.2316427)
(1.0292755 0.044939132 -8.1911762)
(1.0294799 0.044948058 -8.1462288)
(1.0240256 0.044709917 -8.0967394)
(1.0145722 0.044297175 -8.042799)
(1.0024091 0.043766121 -7.9845935)
(0.98848923 0.043158367 -7.9223423)
(0.97349347 0.042503638 -7.8563158)
(0.95789184 0.041822457 -7.7867989)
(0.94200023 0.041128614 -7.7140617)
(0.92602809 0.040431255 -7.6383489)
(0.91011355 0.039736412 -7.5598761)
(0.89435112 0.039048209 -7.4788572)
(0.87880726 0.03836955 -7.3954976)
(0.86352769 0.037702429 -7.3099795)
(0.84854512 0.037048276 -7.2224678)
(0.83388332 0.036408128 -7.1331136)
(0.81955928 0.035782727 -7.0420546)
(0.80558436 0.035172569 -6.9494129)
(0.7919674 0.034578039 -6.8553091)
(0.77871299 0.03399934 -6.7598488)
(0.76582306 0.033436553 -6.6631272)
(0.75329761 0.03288968 -6.5652324)
(0.74113491 0.032358645 -6.4662454)
(0.72933175 0.031843308 -6.3662409)
(0.71788336 0.031343461 -6.2652833)
(0.70678513 0.030858902 -6.1634415)
(0.69603097 0.030389365 -6.0607746)
(0.68561409 0.029934554 -5.9573346)
(0.67552746 0.029494163 -5.8531708)
(0.66576375 0.02906787 -5.7483291)
(0.65631543 0.028655348 -5.6428521)
(0.64717456 0.028256248 -5.5367747)
(0.63833398 0.027870261 -5.4301393)
(0.62978607 0.02749705 -5.3229809)
(0.62152305 0.02713628 -5.2153292)
(0.61353747 0.026787621 -5.1072131)
(0.60582196 0.026450755 -4.99866)
(0.59836932 0.026125366 -4.8896953)
(0.59117229 0.025811137 -4.7803386)
(0.58422441 0.025507786 -4.6706176)
(0.57751908 0.025215025 -4.5605548)
(0.57104971 0.024932566 -4.4501673)
(0.5648101 0.024660139 -4.3394731)
(0.55879424 0.024397481 -4.2284893)
(0.55299612 0.02414433 -4.1172275)
(0.54741051 0.023900456 -4.0057084)
(0.54203208 0.023665629 -3.8939481)
(0.53685557 0.023439618 -3.7819575)
(0.53187607 0.023222208 -3.6697489)
(0.52708887 0.023013194 -3.5573343)
(0.52248945 0.02281238 -3.444725)
(0.51807337 0.022619569 -3.3319272)
(0.51383673 0.022434594 -3.2189567)
(0.50977565 0.022257283 -3.105825)
(0.50588631 0.022087471 -2.9925387)
(0.50216514 0.021925001 -2.8791061)
(0.49860877 0.021769727 -2.7655355)
(0.49521399 0.021621507 -2.6518349)
(0.49197763 0.021480205 -2.5380073)
(0.48889698 0.021345701 -2.4240654)
(0.48596929 0.021217875 -2.310018)
(0.48319185 0.02109661 -2.1958689)
(0.4805621 0.020981792 -2.0816235)
(0.47807744 0.02087331 -1.967287)
(0.4757352 0.020771045 -1.8528635)
(0.47353233 0.020674866 -1.7383516)
(0.4714656 0.02058463 -1.6237582)
(0.46953124 0.020500174 -1.509087)
(0.46772514 0.020421318 -1.3943381)
(0.46604335 0.02034789 -1.279519)
(0.46448471 0.020279838 -1.1646616)
(0.46305026 0.020217209 -1.0498212)
(0.46171662 0.020158981 -0.93503921)
(0.46043341 0.020102954 -0.82047862)
(0.45906118 0.020043042 -0.7067483)
(0.45728885 0.01996566 -0.59531587)
(0.45451866 0.019844711 -0.48837784)
(0.44970192 0.019634408 -0.3882876)
(0.44107687 0.01925783 -0.2958933)
(0.42562772 0.018583306 -0.21462527)
(0.39722049 0.017343019 -0.13272123)
(0.33590904 0.014666104 -0.064607062)
(-0.096635923 -0.0042192153 -23.326169)
(-1.3277188 -0.057969449 -20.790683)
(-2.5104912 -0.1096104 -18.218097)
(-3.338538 -0.1457637 -16.531703)
(-3.8580615 -0.16844658 -15.24836)
(-4.1530559 -0.18132632 -14.265868)
(-4.288804 -0.18725321 -13.491632)
(-4.3120974 -0.18827022 -12.864733)
(-4.2556098 -0.18580392 -12.34787)
(-4.1414699 -0.18082046 -11.914389)
(-3.9855702 -0.17401373 -11.545353)
(-3.799302 -0.16588109 -11.226491)
(-3.590855 -0.1567801 -10.946941)
(-3.3661558 -0.14696952 -10.698466)
(-3.1295305 -0.13663824 -10.474776)
(-2.884194 -0.12592661 -10.271098)
(-2.6326465 -0.11494381 -10.083853)
(-2.3768411 -0.10377511 -9.9102662)
(-2.1184065 -0.092491614 -9.7481937)
(-1.8587584 -0.081155137 -9.5959857)
(-1.5991706 -0.069821287 -9.4524013)
(-1.3407994 -0.05854056 -9.3165555)
(-1.0847693 -0.047362045 -9.1878955)
(-0.83221688 -0.03633537 -9.0667567)
(-0.58435426 -0.025513456 -8.955189)
(-0.34200958 -0.014932459 -8.8513731)
(-0.10588178 -0.0046228979 -8.7550352)
(0.12433941 0.0054287749 -8.6720203)
(0.34523385 0.015073234 -8.6033776)
(0.55280363 0.024135925 -8.5490451)
(0.74304452 0.032442021 -8.5081015)
(0.91240245 0.039836347 -8.4785548)
(1.0581284 0.046198877 -8.45758)
(1.1785066 0.051454704 -8.4418784)
(1.2729669 0.055578931 -8.4280696)
(1.3420917 0.058596981 -8.4130449)
(1.3875057 0.0605798 -8.3942251)
(1.4117162 0.061636853 -8.3697194)
(1.4178603 0.061905109 -8.3384155)
(1.4094071 0.061536036 -8.299874)
(1.3898526 0.060682267 -8.2541728)
(1.3624495 0.059485822 -8.2017333)
(1.3300071 0.058069357 -8.1431611)
(1.2947872 0.056531626 -8.0791338)
(1.2584797 0.054946402 -8.0103107)
(1.2222549 0.053364796 -7.9372801)
(1.1868576 0.051819315 -7.8605277)
(1.1527222 0.050328935 -7.7805082)
(1.1200621 0.048902961 -7.6975957)
(1.0889485 0.047544512 -7.6121003)
(1.0593702 0.046253095 -7.5242681)
(1.0312715 0.045026279 -7.4343138)
(1.0045783 0.04386083 -7.3424346)
(0.97921 0.042753227 -7.2488024)
(0.95508632 0.041699965 -7.1535695)
(0.93212965 0.040697655 -7.0568673)
(0.91026974 0.039743231 -6.9588225)
(0.88943996 0.038833783 -6.859545)
(0.86957857 0.037966616 -6.7591314)
(0.85062894 0.037139258 -6.6576702)
(0.83253875 0.036349423 -6.5552416)
(0.81525958 0.035594998 -6.4519185)
(0.79874593 0.034873997 -6.3477631)
(0.78295714 0.034184643 -6.242841)
(0.76785449 0.033525247 -6.1372085)
(0.75340168 0.032894224 -6.0309136)
(0.73956523 0.032290112 -5.9240019)
(0.72631398 0.03171155 -5.8165153)
(0.71361884 0.031157268 -5.7084924)
(0.70145228 0.030626065 -5.599964)
(0.68978966 0.030116864 -5.4909684)
(0.67860737 0.029628634 -5.381537)
(0.66788306 0.029160401 -5.2716953)
(0.65759606 0.028711261 -5.1614684)
(0.64772703 0.02828037 -5.05088)
(0.63825782 0.027866935 -4.9399521)
(0.62917111 0.027470201 -4.8287006)
(0.62045145 0.027089493 -4.71715)
(0.61208392 0.026724158 -4.6053197)
(0.60405427 0.026373576 -4.4932236)
(0.59634931 0.02603717 -4.3808767)
(0.58895665 0.0257144 -4.2682934)
(0.58186437 0.025404744 -4.1554827)
(0.5750619 0.025107742 -4.0424624)
(0.56853897 0.024822945 -3.9292466)
(0.56228575 0.024549923 -3.8158436)
(0.55629313 0.02428828 -3.7022635)
(0.55055255 0.024037641 -3.5885162)
(0.54505593 0.023797653 -3.474611)
(0.53979551 0.023567978 -3.3605521)
(0.53476441 0.023348316 -3.2463534)
(0.52995598 0.023138375 -3.1320249)
(0.52536377 0.022937875 -3.0175712)
(0.52098185 0.022746556 -2.9029992)
(0.51680464 0.022564176 -2.7883157)
(0.5128269 0.022390504 -2.6735271)
(0.50904356 0.022225319 -2.558635)
(0.50545019 0.022068429 -2.4436506)
(0.50204245 0.021919644 -2.3285819)
(0.49881612 0.02177878 -2.213431)
(0.49576726 0.021645664 -2.0982023)
(0.49289201 0.021520128 -1.9828997)
(0.49018646 0.021402001 -1.8675263)
(0.48764643 0.021291101 -1.7520796)
(0.48526759 0.021187238 -1.6365654)
(0.4830451 0.021090202 -1.5209866)
(0.48097382 0.020999768 -1.4053424)
(0.47904877 0.020915719 -1.289639)
(0.47726816 0.020837975 -1.1739093)
(0.47563071 0.020766483 -1.0582053)
(0.47410904 0.020700045 -0.94256719)
(0.47264159 0.020635975 -0.82715866)
(0.47106304 0.020567054 -0.71259432)
(0.46901007 0.02047742 -0.60034824)
(0.46579363 0.020336987 -0.49261329)
(0.46022352 0.02009379 -0.39172801)
(0.45034054 0.01966229 -0.29851526)
(0.43287314 0.018899648 -0.21641633)
(0.40137236 0.017524294 -0.13362925)
(0.33552594 0.014649377 -0.064743276)
(-1.4363288 -0.062711461 -24.774762)
(-3.1184574 -0.13615477 -22.200385)
(-4.1219392 -0.17996773 -19.125346)
(-4.6482545 -0.20294715 -16.86745)
(-4.889134 -0.21346417 -15.220477)
(-4.9546927 -0.21632653 -14.038565)
(-4.9073864 -0.21426109 -13.173243)
(-4.7851691 -0.20892497 -12.522195)
(-4.6123825 -0.20138095 -12.019638)
(-4.4054603 -0.19234653 -11.623029)
(-4.1754028 -0.18230201 -11.302883)
(-3.9296568 -0.1715725 -11.038169)
(-3.6732762 -0.16037869 -10.813902)
(-3.4096273 -0.14886752 -10.619437)
(-3.1409285 -0.13713588 -10.447216)
(-2.8687053 -0.12525036 -10.292021)
(-2.5941055 -0.11326108 -10.150252)
(-2.3180656 -0.10120892 -10.01931)
(-2.0414965 -0.089133654 -9.8972623)
(-1.7653206 -0.077075554 -9.7826042)
(-1.4904897 -0.06507618 -9.6741203)
(-1.2180464 -0.053181047 -9.5708498)
(-0.94924802 -0.041445059 -9.472095)
(-0.68539107 -0.029924817 -9.3773038)
(-0.42733857 -0.018658003 -9.2869571)
(-0.17454597 -0.0076208409 -9.201827)
(0.076853017 0.003355475 -9.1292299)
(0.32254796 0.014082747 -9.0643879)
(0.55940174 0.024424005 -9.0097613)
(0.78372954 0.034218367 -8.9666522)
(0.9912769 0.043280079 -8.9343036)
(1.1776704 0.051418194 -8.9110223)
(1.3389726 0.058460799 -8.8941501)
(1.4722081 0.064277988 -8.8803149)
(1.5757585 0.068799094 -8.8658773)
(1.6495462 0.072020734 -8.8474011)
(1.6949814 0.074004477 -8.8220747)
(1.7147678 0.074868369 -8.7879806)
(1.712548 0.074771452 -8.7441818)
(1.6924995 0.073896118 -8.6906334)
(1.6589239 0.072430175 -8.6279769)
(1.6158871 0.070551147 -8.5572837)
(1.5669524 0.06841461 -8.4798068)
(1.515033 0.06614776 -8.3967994)
(1.4623385 0.063847071 -8.3093795)
(1.41042 0.061580262 -8.2184713)
(1.3602724 0.05939077 -8.1248011)
(1.3124528 0.057302922 -8.0288814)
(1.2672205 0.055328035 -7.9311326)
(1.2246284 0.053468424 -7.8318505)
(1.184611 0.051721225 -7.7312539)
(1.1470343 0.050080594 -7.6294978)
(1.1117345 0.04853937 -7.5266822)
(1.0785463 0.047090345 -7.4229079)
(1.0473099 0.045726531 -7.3182599)
(1.0178741 0.044441338 -7.2128063)
(0.99010332 0.04322884 -7.1066158)
(0.96387236 0.042083571 -6.999746)
(0.93906729 0.041000559 -6.8922454)
(0.91558544 0.039975319 -6.7841594)
(0.89333378 0.039003791 -6.6755297)
(0.87222771 0.03808228 -6.5663943)
(0.85218948 0.037207392 -6.4567836)
(0.83314989 0.036376106 -6.3467348)
(0.81504479 0.03558562 -6.2362786)
(0.797815 0.034833351 -6.1254391)
(0.7814067 0.03411695 -6.0142405)
(0.7657705 0.033434258 -5.9027051)
(0.75086102 0.032783296 -5.7908535)
(0.73663598 0.032162218 -5.6787005)
(0.72305767 0.031569376 -5.566269)
(0.71009068 0.031003225 -5.4535775)
(0.69770193 0.030462321 -5.3406383)
(0.68586113 0.02994534 -5.2274654)
(0.67454024 0.029451059 -5.1140717)
(0.66371327 0.028978344 -5.0004696)
(0.65335574 0.028526124 -4.886666)
(0.64344575 0.028093445 -4.7726771)
(0.63396253 0.027679399 -4.658515)
(0.62488642 0.027283127 -4.5441864)
(0.61619934 0.026903841 -4.4296999)
(0.60788443 0.026540805 -4.3150637)
(0.59992568 0.026193318 -4.2002813)
(0.59230881 0.025860758 -4.0853654)
(0.58502019 0.025542531 -3.9703253)
(0.57804685 0.025238068 -3.8551646)
(0.57137682 0.024946848 -3.7398895)
(0.56499893 0.024668383 -3.6245058)
(0.55890272 0.024402217 -3.5090192)
(0.55307818 0.024147912 -3.3934305)
(0.54751646 0.023905082 -3.2777503)
(0.54220902 0.023673355 -3.1619859)
(0.53714771 0.023452373 -3.0461388)
(0.532325 0.023241809 -2.9302135)
(0.52773387 0.023041356 -2.814214)
(0.52336771 0.022850725 -2.6981446)
(0.51922022 0.022669642 -2.5820047)
(0.5152858 0.022497862 -2.4658032)
(0.51155909 0.02233515 -2.3495464)
(0.50803488 0.022181279 -2.2332344)
(0.50470829 0.022036037 -2.1168698)
(0.50157461 0.021899218 -2.0004548)
(0.49862913 0.021770615 -1.8839908)
(0.49586683 0.021650011 -1.7674738)
(0.49328263 0.021537183 -1.6509082)
(0.49087091 0.021431885 -1.5342955)
(0.48862574 0.021333858 -1.4176335)
(0.48654124 0.021242847 -1.3009272)
(0.48461486 0.021158739 -1.1842099)
(0.48284229 0.021081347 -1.0675301)
(0.4811903 0.02100922 -0.95092602)
(0.47958263 0.020939028 -0.83456237)
(0.47782206 0.020862159 -0.71906259)
(0.47548465 0.020760106 -0.6059104)
(0.47178097 0.0205984 -0.49729293)
(0.46537372 0.020318653 -0.39552734)
(0.45411285 0.019826993 -0.30140532)
(0.43450532 0.01897091 -0.21838081)
(0.3998903 0.017459586 -0.13461775)
(0.32994986 0.01440592 -0.064886058)
(-3.3870129 -0.14788016 -24.861958)
(-4.7923214 -0.20923725 -21.949548)
(-5.3062563 -0.23167613 -18.662153)
(-5.4463085 -0.23779094 -16.281903)
(-5.4037019 -0.23593069 -14.633391)
(-5.2608168 -0.2296922 -13.52523)
(-5.0586142 -0.22086384 -12.770684)
(-4.8211405 -0.21049552 -12.244489)
(-4.5625377 -0.19920467 -11.865357)
(-4.292421 -0.18741113 -11.581427)
(-4.0170496 -0.17538815 -11.360078)
(-3.7400423 -0.16329375 -11.180597)
(-3.4631734 -0.1512054 -11.029802)
(-3.1867844 -0.139138 -10.898519)
(-2.9106731 -0.12708272 -10.780903)
(-2.6344117 -0.11502089 -10.673223)
(-2.3575883 -0.10293451 -10.573252)
(-2.0802094 -0.090823893 -10.479663)
(-1.8029159 -0.078716999 -10.391564)
(-1.5264434 -0.066645952 -10.30826)
(-1.2513909 -0.054636902 -10.229516)
(-0.97826255 -0.042711861 -10.155317)
(-0.70786483 -0.030906042 -10.086921)
(-0.43977615 -0.019201039 -10.024123)
(-0.16787252 -0.0073294717 -9.9682608)
(0.11405317 0.0049796686 -9.9267824)
(0.3902871 0.017040301 -9.8818054)
(0.65267961 0.028496604 -9.8386993)
(0.89585636 0.039113929 -9.7998575)
(1.1155772 0.048707146 -9.7652822)
(1.3085105 0.057130797 -9.7341706)
(1.4721247 0.064274344 -9.7048252)
(1.604828 0.070068294 -9.674815)
(1.7061563 0.074492384 -9.6411564)
(1.7768429 0.077578628 -9.6006699)
(1.8188097 0.079410937 -9.5507127)
(1.8350286 0.080119072 -9.4896667)
(1.8292603 0.07986722 -9.4170289)
(1.8056893 0.07883809 -9.3332969)
(1.7685543 0.077216738 -9.239745)
(1.7218396 0.075177131 -9.138115)
(1.6690513 0.072872345 -9.0302868)
(1.6130808 0.070428621 -8.9180184)
(1.5561672 0.06794372 -8.8028109)
(1.4999224 0.065488019 -8.6858365)
(1.4454137 0.06310812 -8.5679375)
(1.3932771 0.060831785 -8.4496749)
(1.3438263 0.058672718 -8.3313674)
(1.2971666 0.056635509 -8.2132366)
(1.2532597 0.054718494 -8.0953763)
(1.2119915 0.052916687 -7.977818)
(1.1732057 0.051223261 -7.8605424)
(1.136731 0.04963074 -7.7435009)
(1.1024009 0.048131858 -7.6266624)
(1.0700567 0.046719678 -7.5099946)
(1.0395492 0.045387694 -7.3934614)
(1.0107441 0.044130035 -7.2770392)
(0.98351719 0.042941283 -7.1607048)
(0.95775444 0.041816457 -7.0444328)
(0.93335254 0.040751048 -6.928203)
(0.91022111 0.039741107 -6.8119994)
(0.8882793 0.038783108 -6.6958088)
(0.86744867 0.037873623 -6.5796162)
(0.84765734 0.037009515 -6.4634172)
(0.8288389 0.036187884 -6.3472066)
(0.81093183 0.035406045 -6.2309745)
(0.7938802 0.034661554 -6.114715)
(0.77763264 0.03395217 -5.9984233)
(0.76214191 0.033275831 -5.8820955)
(0.74736399 0.032630613 -5.7657239)
(0.73325947 0.032014796 -5.649311)
(0.71979149 0.031426772 -5.5328573)
(0.70692547 0.030865029 -5.416358)
(0.69462977 0.030328187 -5.2998115)
(0.68287518 0.029814971 -5.183217)
(0.67163471 0.029324202 -5.0665739)
(0.660883 0.028854772 -4.9498779)
(0.65059724 0.028405686 -4.8331342)
(0.64075584 0.027976001 -4.716346)
(0.63133831 0.027564823 -4.5995106)
(0.62232579 0.027171328 -4.4826284)
(0.6137007 0.026794748 -4.3657001)
(0.60544637 0.026434357 -4.248722)
(0.59754792 0.026089503 -4.1317003)
(0.58999121 0.02575957 -4.0146386)
(0.58276272 0.025443967 -3.8975348)
(0.57584999 0.025142151 -3.7803897)
(0.56924137 0.024853612 -3.6632046)
(0.56292595 0.024577875 -3.5459806)
(0.5568933 0.024314484 -3.4287146)
(0.55113414 0.024063033 -3.311413)
(0.54563959 0.023823136 -3.1940798)
(0.54040111 0.02359442 -3.0767133)
(0.53541087 0.023376541 -2.9593144)
(0.5306615 0.023169179 -2.8418845)
(0.52614612 0.022972033 -2.7244251)
(0.52185813 0.022784816 -2.6069329)
(0.51779169 0.022607271 -2.4894145)
(0.51394119 0.022439154 -2.3718738)
(0.51030118 0.022280228 -2.2543088)
(0.50686657 0.02213027 -2.1367199)
(0.50363242 0.021989064 -2.0191075)
(0.50059377 0.021856393 -1.9014709)
(0.49774536 0.021732029 -1.7838043)
(0.4950818 0.021615736 -1.6661102)
(0.49259713 0.021507253 -1.5483889)
(0.490285 0.021406303 -1.4306363)
(0.48813886 0.0213126 -1.3128561)
(0.48615527 0.021225995 -1.1950817)
(0.48432625 0.021146138 -1.0773585)
(0.48261059 0.021071231 -0.95972201)
(0.48091344 0.020997132 -0.84233824)
(0.47899949 0.020913567 -0.72584224)
(0.47637656 0.020799048 -0.61173012)
(0.47214838 0.020614441 -0.50218157)
(0.46483063 0.020294941 -0.39948747)
(0.45209897 0.019739065 -0.30440544)
(0.43028867 0.018786807 -0.22040407)
(0.39265196 0.017143553 -0.13562419)
(0.31925212 0.013938847 -0.06502226)
(-4.8756839 -0.21287693 -23.428443)
(-5.9101285 -0.25804175 -20.333826)
(-5.9921606 -0.26162335 -17.244047)
(-5.8081545 -0.25358948 -15.261541)
(-5.5389931 -0.24183764 -13.984994)
(-5.2340276 -0.22852256 -13.19662)
(-4.9119313 -0.21445953 -12.708833)
(-4.5836528 -0.20012658 -12.391481)
(-4.2584333 -0.18592719 -12.171821)
(-3.9425175 -0.17213401 -12.010711)
(-3.6388159 -0.15887412 -11.8853)
(-3.3471193 -0.14613837 -11.781509)
(-3.0650909 -0.13382475 -11.690324)
(-2.7898077 -0.12180562 -11.607305)
(-2.5182309 -0.10994833 -11.530107)
(-2.2474652 -0.098126439 -11.457925)
(-1.9725536 -0.086123539 -11.389914)
(-1.6954478 -0.074024843 -11.326388)
(-1.4182012 -0.061919993 -11.267454)
(-1.1404977 -0.049795198 -11.212371)
(-0.85889728 -0.037500261 -11.161788)
(-0.56610507 -0.024716679 -11.112918)
(-0.25749166 -0.011242327 -11.065054)
(0.058125119 0.0025377973 -11.030886)
(0.3484189 0.015212296 -10.998069)
(0.59472951 0.025966449 -10.956164)
(0.80636608 0.0352067 -10.914209)
(0.99023336 0.043234518 -10.868758)
(1.1503979 0.05022745 -10.818525)
(1.2886109 0.056261961 -10.762787)
(1.4052258 0.061353478 -10.700121)
(1.5001151 0.065496431 -10.629338)
(1.5732103 0.068687839 -10.549285)
(1.6249013 0.070944716 -10.459193)
(1.6562389 0.072312946 -10.358873)
(1.6689884 0.072869601 -10.248597)
(1.6655248 0.072718377 -10.129123)
(1.6486213 0.071980353 -10.001682)
(1.6211884 0.070782606 -9.8678977)
(1.5860488 0.069248378 -9.7295602)
(1.5457482 0.067488818 -9.5883434)
(1.5024315 0.065597569 -9.4456881)
(1.457793 0.063648608 -9.3027528)
(1.4130891 0.061696796 -9.1604042)
(1.3691892 0.059780085 -9.0192313)
(1.3266433 0.057922493 -8.879572)
(1.2857622 0.056137583 -8.7415613)
(1.2466974 0.054431976 -8.605259)
(1.2094873 0.052807349 -8.4706252)
(1.1741015 0.051262373 -8.3375609)
(1.1404729 0.049794115 -8.2059366)
(1.1085169 0.048398889 -8.0756167)
(1.078143 0.047072734 -7.9464744)
(1.049261 0.04581172 -7.8183941)
(1.0217841 0.044612051 -7.6912686)
(0.99562909 0.0434701 -7.5649965)
(0.97071998 0.042382545 -7.4394945)
(0.94698543 0.041346272 -7.3146888)
(0.9243576 0.04035832 -7.1905049)
(0.90277436 0.039415975 -7.0668589)
(0.88219246 0.03851735 -6.9437595)
(0.86254466 0.037659509 -6.8211113)
(0.84377233 0.036839891 -6.6988563)
(0.82582944 0.036056488 -6.576967)
(0.80867289 0.035307417 -6.4554091)
(0.79226138 0.034590875 -6.3341445)
(0.77655678 0.033905197 -6.2131427)
(0.76152332 0.033248822 -6.0923768)
(0.74712746 0.032620286 -5.9718225)
(0.73333724 0.032018192 -5.8514539)
(0.72012367 0.031441275 -5.7312561)
(0.7074592 0.030888332 -5.6112154)
(0.69531722 0.030358202 -5.4913119)
(0.68367303 0.029849806 -5.3715309)
(0.67250319 0.02936212 -5.2518584)
(0.66178964 0.028894357 -5.1322823)
(0.65151803 0.028445888 -5.0127878)
(0.64167194 0.028015999 -4.8933712)
(0.63223316 0.027603893 -4.7740283)
(0.62318411 0.027208803 -4.6547482)
(0.61450864 0.026830024 -4.535524)
(0.60619166 0.026466897 -4.4163496)
(0.59821881 0.026118795 -4.2972151)
(0.59057742 0.025785164 -4.1781203)
(0.5832556 0.025465487 -4.0590642)
(0.5762419 0.025159262 -3.9400393)
(0.56952566 0.024866024 -3.8210421)
(0.56309688 0.024585338 -3.7020696)
(0.5569462 0.024316793 -3.583119)
(0.5510646 0.024059997 -3.4641834)
(0.54544409 0.023814601 -3.3452655)
(0.54007698 0.023580268 -3.2263665)
(0.53495581 0.023356672 -3.1074811)
(0.53007367 0.023143514 -2.9886077)
(0.52542409 0.022940509 -2.8697447)
(0.52100096 0.02274739 -2.750891)
(0.51679839 0.022563903 -2.6320411)
(0.51281119 0.022389818 -2.5131989)
(0.50903434 0.022224917 -2.3943666)
(0.50546289 0.022068984 -2.2755398)
(0.50209225 0.021921818 -2.1567169)
(0.49891785 0.021783222 -2.0378964)
(0.4959351 0.021652992 -1.9190759)
(0.493139 0.021530911 -1.8002475)
(0.49052432 0.021416752 -1.6814121)
(0.4880852 0.021310258 -1.5625685)
(0.48581518 0.021211147 -1.4437112)
(0.48370725 0.021119112 -1.3248423)
(0.48175673 0.021033951 -1.2059952)
(0.47995125 0.020955122 -1.0872127)
(0.47823933 0.020880378 -0.9685272)
(0.47650356 0.020804592 -0.85010666)
(0.47446495 0.020715585 -0.73260006)
(0.47155718 0.020588629 -0.61751799)
(0.46677443 0.02037981 -0.50703174)
(0.45849219 0.020018199 -0.40340365)
(0.44423834 0.019395862 -0.30735756)
(0.42023915 0.018348036 -0.22237978)
(0.37979776 0.016582327 -0.13659772)
(0.3037461 0.01326184 -0.065152055)
(-5.5982076 -0.244423 -22.177939)
(-6.3595391 -0.27766344 -19.100721)
(-6.1784967 -0.26975896 -16.319789)
(-5.8002518 -0.25324443 -14.757648)
(-5.3864716 -0.2351784 -13.840152)
(-4.9662062 -0.21682922 -13.306715)
(-4.5480749 -0.19857322 -12.992856)
(-4.1420771 -0.18084697 -12.798968)
(-3.7584994 -0.16409961 -12.671568)
(-3.4033569 -0.14859375 -12.583362)
(-3.0762332 -0.13431123 -12.518685)
(-2.7721575 -0.121035 -12.468595)
(-2.4842617 -0.1084652 -12.427696)
(-2.2055237 -0.096295233 -12.391525)
(-1.9298552 -0.084259289 -12.357301)
(-1.6528221 -0.072163763 -12.325347)
(-1.3719812 -0.059901988 -12.294464)
(-1.0885691 -0.047527949 -12.261892)
(-0.80878146 -0.035312157 -12.230878)
(-0.54142951 -0.02363932 -12.201141)
(-0.29540181 -0.01289752 -12.170944)
(-0.076451316 -0.0033379363 -12.136603)
(0.1145264 0.0050003299 -12.092958)
(0.28171261 0.012299837 -12.031527)
(0.4357393 0.019024786 -11.956551)
(0.58067943 0.025353008 -11.872476)
(0.71574897 0.031250271 -11.780212)
(0.83898495 0.03663087 -11.680071)
(0.94873689 0.041422743 -11.572158)
(1.0438645 0.045576102 -11.456764)
(1.1237849 0.049065501 -11.334404)
(1.1883564 0.051884755 -11.205306)
(1.2378652 0.054046357 -11.069711)
(1.2730416 0.05558219 -10.928041)
(1.2950561 0.056543366 -10.780971)
(1.3054568 0.056997468 -10.629428)
(1.3060347 0.057022701 -10.474526)
(1.2986707 0.056701183 -10.317456)
(1.2851686 0.056111667 -10.159306)
(1.2671391 0.055324482 -10.001041)
(1.2459585 0.054399716 -9.8434808)
(1.2227416 0.053386045 -9.687271)
(1.1983455 0.052320887 -9.5328591)
(1.1733985 0.051231677 -9.3805197)
(1.1483418 0.050137679 -9.230378)
(1.1234721 0.049051846 -9.0824461)
(1.098984 0.047982674 -8.9366835)
(1.0749977 0.04693541 -8.7929921)
(1.0515851 0.045913194 -8.6512474)
(1.028784 0.044917676 -8.5112858)
(1.0066171 0.043949847 -8.3729746)
(0.98509513 0.043010177 -8.2361878)
(0.96421912 0.042098711 -8.1007951)
(0.94398591 0.04121531 -7.9666798)
(0.92438888 0.040359686 -7.8337343)
(0.90541859 0.039531425 -7.7018561)
(0.88706463 0.038730074 -7.5709579)
(0.86931561 0.037955135 -7.4409624)
(0.85215777 0.037206008 -7.3117883)
(0.83557727 0.036482087 -7.1833658)
(0.81955592 0.03578258 -7.0556304)
(0.80407376 0.035106615 -6.9285233)
(0.78911483 0.034453494 -6.8019897)
(0.77466571 0.033822631 -6.6759864)
(0.76071284 0.033213436 -6.5504756)
(0.74724161 0.03262527 -6.4254133)
(0.73423799 0.03205752 -6.3007634)
(0.72168811 0.03150958 -6.1764931)
(0.70957835 0.030980856 -6.0525721)
(0.69789499 0.03047075 -5.9289687)
(0.68662546 0.029978712 -5.805662)
(0.67575743 0.029504203 -5.682634)
(0.66527824 0.029046672 -5.5598597)
(0.65517597 0.028605598 -5.4373213)
(0.64543888 0.028180467 -5.3149757)
(0.63606345 0.027771127 -5.1928734)
(0.62703389 0.027376888 -5.0709662)
(0.61833428 0.026997055 -4.9492228)
(0.60995373 0.026631152 -4.8276472)
(0.60188127 0.026278701 -4.7062224)
(0.59410623 0.025939235 -4.5849359)
(0.58661797 0.025612291 -4.4637765)
(0.57940561 0.025297393 -4.3427286)
(0.57246086 0.024994178 -4.2217859)
(0.56578311 0.024702621 -4.1009426)
(0.55937127 0.024422674 -3.9801872)
(0.55321778 0.024154007 -3.8595133)
(0.54731468 0.023896273 -3.7389147)
(0.54165474 0.023649154 -3.6183853)
(0.53623131 0.023412362 -3.4979156)
(0.53103866 0.023185646 -3.3775056)
(0.52607122 0.022968763 -3.2571547)
(0.52132346 0.022761472 -3.1368553)
(0.51679031 0.02256355 -3.0166036)
(0.51246695 0.022374788 -2.8963963)
(0.50834882 0.022194986 -2.7762303)
(0.50443145 0.02202395 -2.6560983)
(0.50071091 0.021861508 -2.5360025)
(0.49718336 0.021707492 -2.4159435)
(0.49384495 0.021561734 -2.2959152)
(0.49069205 0.021424075 -2.1759146)
(0.48772099 0.021294356 -2.0559384)
(0.48492795 0.021172409 -1.9359827)
(0.48230863 0.021058047 -1.8160382)
(0.47985834 0.020951065 -1.6961042)
(0.47757165 0.020851226 -1.5761782)
(0.47544231 0.020758257 -1.4562536)
(0.47346291 0.020671835 -1.3363311)
(0.47162718 0.020591685 -1.2164441)
(0.46991758 0.020517042 -1.0966334)
(0.46827024 0.020445118 -0.97692797)
(0.46654204 0.020369663 -0.85749826)
(0.46440645 0.020276421 -0.73900862)
(0.4612207 0.020137329 -0.62298539)
(0.45587257 0.019903824 -0.5115918)
(0.44661234 0.019499514 -0.40706243)
(0.43085623 0.018811587 -0.31009128)
(0.40479242 0.017673617 -0.22418533)
(0.3619125 0.015801439 -0.13747045)
(0.28416208 0.012406783 -0.065259358)
(-5.5758561 -0.24344711 -21.57787)
(-6.1522831 -0.26861445 -18.566658)
(-5.8492003 -0.25538157 -16.033883)
(-5.3986454 -0.23570992 -14.683209)
(-4.9292213 -0.21521442 -13.918969)
(-4.4590816 -0.19468768 -13.487289)
(-3.994415 -0.17439991 -13.24362)
(-3.5467094 -0.15485266 -13.105762)
(-3.1269222 -0.13652436 -13.025728)
(-2.7431938 -0.11977041 -12.979006)
(-2.3973659 -0.10467124 -12.950836)
(-2.0864421 -0.091096021 -12.9347)
(-1.8050949 -0.078812136 -12.927282)
(-1.5478378 -0.06758005 -12.921935)
(-1.3114121 -0.057257484 -12.914062)
(-1.0941307 -0.047770773 -12.90008)
(-0.89476993 -0.039066494 -12.876923)
(-0.71185819 -0.031080396 -12.842048)
(-0.54341472 -0.023725996 -12.793769)
(-0.3871466 -0.016903184 -12.731645)
(-0.24075753 -0.010511699 -12.656532)
(-0.10224487 -0.0044641067 -12.569995)
(0.029913736 0.0013060619 -12.473396)
(0.15618233 0.0068190671 -12.369449)
(0.27586891 0.012044696 -12.260295)
(0.3879729 0.016939261 -12.145586)
(0.49130637 0.021450897 -12.025095)
(0.58479572 0.02553273 -11.898768)
(0.66763373 0.029149515 -11.76669)
(0.73937613 0.032281855 -11.629103)
(0.79999163 0.034928385 -11.486419)
(0.84982974 0.037104364 -11.339166)
(0.88954364 0.03883831 -11.188005)
(0.92002286 0.040169061 -11.033705)
(0.94231848 0.041142509 -10.877102)
(0.95756531 0.0418082 -10.719057)
(0.96690452 0.042215958 -10.560392)
(0.97141582 0.042412926 -10.401845)
(0.97206211 0.042441144 -10.243997)
(0.96965523 0.042336057 -10.087284)
(0.96485955 0.042126673 -9.9320114)
(0.95820842 0.041836279 -9.7783806)
(0.95012087 0.041483169 -9.6265001)
(0.94092205 0.04108154 -9.4764096)
(0.93086583 0.040642475 -9.3281241)
(0.92014734 0.040174496 -9.1815951)
(0.90891892 0.039684253 -9.0367483)
(0.89730158 0.039177029 -8.8934857)
(0.88539591 0.038657216 -8.7517208)
(0.87328519 0.038128451 -8.6113598)
(0.86103992 0.037593811 -8.4723156)
(0.84872097 0.037055954 -8.3345098)
(0.83637972 0.036517123 -8.1978551)
(0.82406085 0.03597927 -8.0622748)
(0.81180296 0.035444079 -7.9276961)
(0.799639 0.034912989 -7.7940483)
(0.78759761 0.03438725 -7.6612704)
(0.77570367 0.03386795 -7.5293098)
(0.76397738 0.033355969 -7.3981061)
(0.75243605 0.032852064 -7.2676079)
(0.74109408 0.032356863 -7.1377674)
(0.72996339 0.031870886 -7.0085401)
(0.71905364 0.031394557 -6.8798812)
(0.70837316 0.030928237 -6.7517554)
(0.69792886 0.030472229 -6.6241325)
(0.68772547 0.030026739 -6.4969746)
(0.67776685 0.029591937 -6.3702506)
(0.66805583 0.029167944 -6.2439317)
(0.6585943 0.028754845 -6.1179911)
(0.6493831 0.028352675 -5.9924)
(0.64042291 0.027961465 -5.8671386)
(0.63171389 0.027581221 -5.7421901)
(0.62325509 0.027211902 -5.6175293)
(0.61504548 0.026853463 -5.4931366)
(0.60708376 0.026505847 -5.3689931)
(0.59936433 0.026168809 -5.2450812)
(0.59187821 0.025841958 -5.1213799)
(0.58462084 0.025525094 -4.9978803)
(0.57759009 0.025218125 -4.874575)
(0.57078311 0.024920926 -4.7514488)
(0.564197 0.02463337 -4.628492)
(0.5578286 0.02435532 -4.5056955)
(0.55167419 0.024086613 -4.3830323)
(0.54573292 0.023827211 -4.2604959)
(0.54000624 0.023577179 -4.1381802)
(0.53448055 0.023335922 -4.0159681)
(0.52914871 0.023103129 -3.8938788)
(0.52400398 0.022878505 -3.7719062)
(0.51903986 0.022661767 -3.650039)
(0.51426012 0.022453079 -3.5282628)
(0.50967229 0.02225277 -3.4065744)
(0.5052748 0.022060772 -3.2849722)
(0.50106365 0.021876909 -3.1634468)
(0.49703548 0.021701035 -3.0419931)
(0.49318717 0.021533015 -2.9206068)
(0.48951575 0.021372717 -2.7992838)
(0.48601824 0.021220012 -2.6780156)
(0.48269208 0.021074789 -2.5568036)
(0.4795347 0.020936935 -2.4356475)
(0.47654347 0.020806335 -2.3145399)
(0.4737158 0.020682876 -2.1934769)
(0.47104902 0.020566442 -2.0724542)
(0.46854017 0.020456904 -1.9514668)
(0.46618572 0.020354106 -1.8305042)
(0.46398161 0.020257872 -1.7095645)
(0.46192285 0.020167985 -1.5886444)
(0.46000336 0.020084178 -1.4677362)
(0.45821515 0.020006103 -1.3468397)
(0.45654961 0.019933384 -1.2259878)
(0.45498315 0.019864991 -1.1052205)
(0.45343746 0.019797505 -0.98456288)
(0.45174128 0.019723448 -0.86418809)
(0.44951866 0.019626406 -0.74477632)
(0.44605162 0.019475032 -0.62787066)
(0.44012997 0.019216487 -0.51562823)
(0.42990031 0.018769851 -0.41026017)
(0.41270899 0.018019262 -0.31243838)
(0.38477892 0.016799809 -0.2256931)
(0.33991409 0.014840968 -0.13816985)
(0.26147072 0.011416057 -0.065318741)
(-5.1433945 -0.22456543 -21.490374)
(-5.6553464 -0.24691773 -18.49382)
(-5.3545668 -0.23378541 -16.016048)
(-4.9167672 -0.21467067 -14.709747)
(-4.4590619 -0.19468682 -13.980568)
(-3.9973026 -0.17452598 -13.570327)
(-3.5346552 -0.15432636 -13.339334)
(-3.0770212 -0.13434563 -13.199058)
(-2.6380223 -0.11517853 -13.105747)
(-2.2336428 -0.097522938 -13.037472)
(-1.8775473 -0.081975478 -12.987583)
(-1.5756517 -0.068794429 -12.956844)
(-1.3240492 -0.057809231 -12.936271)
(-1.1138868 -0.048633344 -12.917667)
(-0.9350145 -0.04082361 -12.894763)
(-0.77856431 -0.033992848 -12.863707)
(-0.63791882 -0.027852134 -12.822787)
(-0.50863446 -0.022207458 -12.771723)
(-0.38795033 -0.016938275 -12.710912)
(-0.2743042 -0.011976379 -12.640948)
(-0.16688879 -0.0072865211 -12.562435)
(-0.065240673 -0.0028484689 -12.47595)
(0.030973533 0.0013523336 -12.38142)
(0.12120824 0.0052920655 -12.279812)
(0.20513131 0.0089562256 -12.171257)
(0.28243744 0.012331484 -12.056413)
(0.35292528 0.015409049 -11.935674)
(0.41649442 0.018184537 -11.809447)
(0.47315439 0.020658364 -11.678229)
(0.52303741 0.022836304 -11.5426)
(0.56639897 0.02472951 -11.403212)
(0.60361705 0.026354487 -11.260733)
(0.63516002 0.027731682 -11.115839)
(0.66155646 0.028884176 -10.969184)
(0.68336173 0.029836214 -10.821371)
(0.70112777 0.030611896 -10.672938)
(0.71537831 0.031234088 -10.524339)
(0.72659102 0.031723646 -10.375955)
(0.73518952 0.032099064 -10.228063)
(0.741538 0.032376245 -10.080875)
(0.74594342 0.03256859 -9.934522)
(0.74866595 0.032687458 -9.7891064)
(0.74992517 0.032742437 -9.6446866)
(0.74990731 0.032741657 -9.5012897)
(0.74877054 0.032692024 -9.3589052)
(0.7466541 0.032599619 -9.2175187)
(0.74367999 0.032469766 -9.077108)
(0.73995633 0.032307187 -8.9376432)
(0.73557969 0.032116099 -8.7990907)
(0.73063669 0.031900283 -8.6614135)
(0.72520529 0.031663143 -8.5245768)
(0.71935624 0.031407768 -8.3885524)
(0.71315283 0.031136922 -8.2532986)
(0.70665231 0.030853103 -8.1187803)
(0.69990628 0.030558565 -7.9849626)
(0.69296105 0.030255329 -7.8518094)
(0.68585839 0.029945221 -7.7192902)
(0.67863618 0.029629892 -7.5873805)
(0.6713278 0.029310801 -7.4560448)
(0.66396334 0.028989262 -7.3252544)
(0.6565697 0.028666449 -7.1949814)
(0.64917092 0.028343411 -7.065199)
(0.64178824 0.028021077 -6.9358788)
(0.6344408 0.02770028 -6.8069991)
(0.62714585 0.027381776 -6.6785429)
(0.6199181 0.027066206 -6.5504833)
(0.61277078 0.026754147 -6.4227992)
(0.60571554 0.026446109 -6.295471)
(0.59876259 0.026142536 -6.1684793)
(0.59192066 0.025843811 -6.0418028)
(0.58519767 0.025550279 -5.9154274)
(0.57860057 0.025262244 -5.7893424)
(0.57213489 0.024979946 -5.6635277)
(0.5658055 0.024703599 -5.5379688)
(0.5596165 0.024433381 -5.4126519)
(0.5535712 0.024169438 -5.2875641)
(0.54767232 0.023911887 -5.1626896)
(0.5419227 0.023660854 -5.0380208)
(0.53632499 0.023416452 -4.9135521)
(0.53088122 0.023178772 -4.7892688)
(0.52559346 0.022947903 -4.6651613)
(0.52046368 0.022723932 -4.5412198)
(0.51549357 0.022506933 -4.4174304)
(0.5106831 0.022296903 -4.2937882)
(0.50602434 0.022093497 -4.1702882)
(0.50150919 0.021896362 -4.0469196)
(0.49713638 0.021705441 -3.9236774)
(0.49290494 0.021520692 -3.8005507)
(0.48881394 0.021342075 -3.6774839)
(0.48486816 0.021169799 -3.5546406)
(0.48105655 0.02100338 -3.4318852)
(0.47737055 0.020842446 -3.3092296)
(0.47381286 0.020687114 -3.1866721)
(0.47039573 0.020537919 -3.0642032)
(0.46712434 0.020395087 -2.9418164)
(0.46399764 0.020258572 -2.819507)
(0.46101412 0.020128309 -2.6972659)
(0.45817253 0.020004243 -2.5750937)
(0.45547159 0.019886317 -2.4529901)
(0.45290983 0.019774468 -2.330947)
(0.45048574 0.01966863 -2.2089599)
(0.44819764 0.019568729 -2.087024)
(0.44604345 0.019474675 -1.9651336)
(0.44402044 0.019386349 -1.8432776)
(0.44212521 0.019303602 -1.7214534)
(0.44035329 0.019226238 -1.5996572)
(0.43869874 0.019153999 -1.4778807)
(0.43715296 0.019086508 -1.3561235)
(0.43570456 0.01902327 -1.2344179)
(0.4343234 0.018962967 -1.1128043)
(0.43291589 0.018901514 -0.991304)
(0.43128201 0.018830177 -0.87009327)
(0.42899742 0.01873043 -0.7498674)
(0.42527407 0.018567865 -0.63218597)
(0.41881621 0.018285909 -0.51920205)
(0.40769092 0.017800168 -0.41310755)
(0.38921475 0.016993481 -0.31455377)
(0.35970587 0.015705096 -0.22709696)
(0.31338574 0.013682715 -0.13885453)
(0.23524052 0.010270822 -0.065446969)
(-4.7122311 -0.20574043 -21.524856)
(-5.2135038 -0.22762647 -18.533714)
(-4.9385339 -0.21562102 -16.054577)
(-4.5341801 -0.19796656 -14.75124)
(-4.1145768 -0.17964628 -14.020559)
(-3.6919536 -0.16119416 -13.598698)
(-3.2656041 -0.14257934 -13.347703)
(-2.8349551 -0.1237768 -13.180163)
(-2.4066398 -0.10507615 -13.053322)
(-1.9932567 -0.087027459 -12.947343)
(-1.6112286 -0.070347753 -12.854061)
(-1.2769275 -0.05575185 -12.781747)
(-0.99837034 -0.043589786 -12.727316)
(-0.77489741 -0.033832748 -12.686135)
(-0.59830308 -0.026122474 -12.651801)
(-0.45709759 -0.019957309 -12.61777)
(-0.34067191 -0.014874055 -12.578962)
(-0.24126268 -0.010533755 -12.532439)
(-0.15389704 -0.006719289 -12.476962)
(-0.075413629 -0.0032926298 -12.412198)
(-0.0038034967 -0.00016606422 -12.338019)
(0.061265271 0.0026748992 -12.255277)
(0.12044482 0.0052587338 -12.16523)
(0.17514275 0.0076468968 -12.068025)
(0.2259063 0.0098632811 -11.964396)
(0.27291687 0.011915807 -11.855145)
(0.31624519 0.013807562 -11.740923)
(0.35594853 0.015541047 -11.622308)
(0.39210602 0.017119717 -11.499861)
(0.42482912 0.018548438 -11.374129)
(0.45425973 0.019833406 -11.245644)
(0.48057179 0.020982215 -11.114892)
(0.50395881 0.022003314 -10.982324)
(0.52462606 0.022905666 -10.848341)
(0.54278233 0.023698386 -10.713294)
(0.5586327 0.024390428 -10.577479)
(0.57237298 0.024990341 -10.441145)
(0.58418524 0.025506076 -10.304495)
(0.59424068 0.025945106 -10.167702)
(0.60269538 0.026314246 -10.030906)
(0.60969057 0.026619662 -9.8941958)
(0.61535561 0.026867003 -9.7576472)
(0.61980937 0.027061459 -9.6213244)
(0.62316066 0.027207779 -9.4852766)
(0.62550965 0.027310338 -9.3495491)
(0.62694895 0.027373179 -9.2141643)
(0.62756415 0.02740004 -9.0791431)
(0.62743457 0.027394382 -8.9445016)
(0.62663365 0.027359413 -8.8102502)
(0.62522939 0.027298102 -8.6763937)
(0.6232847 0.027213195 -8.5429368)
(0.62085796 0.027107241 -8.4098882)
(0.61800285 0.026982584 -8.2772411)
(0.61476897 0.02684139 -8.1449922)
(0.61120201 0.026685653 -8.0131365)
(0.60734393 0.026517206 -7.8816651)
(0.60323339 0.026337736 -7.7505724)
(0.5989061 0.026148802 -7.6198573)
(0.59439446 0.02595182 -7.4895055)
(0.58972828 0.02574809 -7.3595078)
(0.58493483 0.025538804 -7.2298542)
(0.58003904 0.025325049 -7.1005344)
(0.57506356 0.025107814 -6.971535)
(0.57002917 0.024888008 -6.8428477)
(0.56495502 0.024666466 -6.7144684)
(0.55985811 0.02444393 -6.5863816)
(0.55475404 0.024221082 -6.4585769)
(0.54965693 0.023998537 -6.3310439)
(0.54457959 0.023776856 -6.2037723)
(0.53953346 0.023556537 -6.0767488)
(0.53452907 0.02333804 -5.9499666)
(0.52957601 0.023121785 -5.8234218)
(0.52468254 0.022908132 -5.6971003)
(0.51985625 0.022697412 -5.5709933)
(0.51510392 0.02248992 -5.4450921)
(0.51043162 0.022285923 -5.319388)
(0.50584468 0.022085653 -5.1938695)
(0.50134809 0.021889328 -5.0685318)
(0.49694641 0.021697146 -4.9433727)
(0.49264338 0.021509272 -4.8183802)
(0.48844248 0.021325857 -4.693547)
(0.4843468 0.021147036 -4.5688662)
(0.48035895 0.020972922 -4.4443271)
(0.47648138 0.020803624 -4.3199275)
(0.47271634 0.020639239 -4.1956665)
(0.46906616 0.020479868 -4.0715344)
(0.46553375 0.02032564 -3.9475264)
(0.4621222 0.020176689 -3.8236371)
(0.45883401 0.020033123 -3.6998617)
(0.45566064 0.019894571 -3.5761906)
(0.45258975 0.019760493 -3.4526239)
(0.44961703 0.019630701 -3.3290824)
(0.44674623 0.01950536 -3.2057245)
(0.44397015 0.019384153 -3.0824892)
(0.44128408 0.019266877 -2.9593157)
(0.43870094 0.019154094 -2.8362247)
(0.43623279 0.019046333 -2.713207)
(0.43388052 0.018943631 -2.5902625)
(0.43164325 0.018845949 -2.4673911)
(0.42951997 0.018753245 -2.3445849)
(0.42750965 0.018665472 -2.2218393)
(0.42561103 0.018582577 -2.0991494)
(0.42382243 0.018504485 -1.9765092)
(0.42214147 0.018431093 -1.8539073)
(0.42056503 0.018362264 -1.7313405)
(0.41908873 0.018297807 -1.6088047)
(0.41770644 0.018237455 -1.4862908)
(0.41640851 0.018180786 -1.3637981)
(0.41518026 0.01812716 -1.2413573)
(0.4139849 0.018074969 -1.1190095)
(0.41271375 0.01801947 -0.99677182)
(0.41114006 0.017950761 -0.87482204)
(0.40879679 0.017848451 -0.7538689)
(0.40483803 0.017675608 -0.63548816)
(0.39790464 0.01737289 -0.52183327)
(0.38601915 0.016853958 -0.4150851)
(0.36651662 0.01600246 -0.31589586)
(0.33587277 0.01466452 -0.22783421)
(0.28877545 0.012608207 -0.13913249)
(0.21185677 0.0092498653 -0.065357186)
(-4.4401378 -0.19386058 -21.506948)
(-4.8875115 -0.21339334 -18.50981)
(-4.6038499 -0.2010084 -16.030196)
(-4.2145772 -0.1840124 -14.736807)
(-3.827181 -0.16709831 -14.01766)
(-3.4486386 -0.1505708 -13.607193)
(-3.0714454 -0.13410219 -13.359829)
(-2.6898136 -0.11743978 -13.188791)
(-2.3030548 -0.10055353 -13.051912)
(-1.9152984 -0.083623726 -12.930234)
(-1.5357758 -0.067053411 -12.815179)
(-1.1789919 -0.051475891 -12.710021)
(-0.86084171 -0.037585157 -12.619875)
(-0.59435976 -0.025950305 -12.545751)
(-0.38525792 -0.016820722 -12.486407)
(-0.22932355 -0.010012481 -12.437689)
(-0.11453794 -0.0050008337 -12.393415)
(-0.026644978 -0.0011633447 -12.347361)
(0.042179943 0.0018416159 -12.295164)
(0.097133222 0.0042409276 -12.23457)
(0.1417965 0.0061909682 -12.165166)
(0.17984975 0.0078524086 -12.086759)
(0.2133488 0.0093150086 -12.000439)
(0.2434918 0.01063108 -11.907353)
(0.27101228 0.01183265 -11.808476)
(0.29637013 0.012939798 -11.704628)
(0.31985316 0.013965089 -11.596505)
(0.34164153 0.01491639 -11.484708)
(0.36185213 0.015798803 -11.369751)
(0.38056618 0.016615877 -11.252086)
(0.3978451 0.01737029 -11.132111)
(0.41374398 0.01806445 -11.010164)
(0.42831475 0.018700624 -10.886544)
(0.44160861 0.019281046 -10.761492)
(0.45367895 0.019808049 -10.635246)
(0.46458029 0.020284011 -10.508008)
(0.47436759 0.020711334 -10.379942)
(0.48309506 0.021092384 -10.251184)
(0.49081861 0.021429601 -10.121855)
(0.49759323 0.021725387 -9.9920652)
(0.50347321 0.021982112 -9.8619064)
(0.50851182 0.022202103 -9.7314593)
(0.51276125 0.022387637 -9.6007931)
(0.51627236 0.022540935 -9.4699705)
(0.51909438 0.022664148 -9.3390538)
(0.52127523 0.022759366 -9.208085)
(0.52286099 0.022828601 -9.0771059)
(0.52389592 0.022873787 -8.9461525)
(0.52442241 0.022896774 -8.8152557)
(0.52448095 0.02289933 -8.6844404)
(0.52411006 0.022883137 -8.5537308)
(0.52334643 0.022849796 -8.4231544)
(0.52222473 0.022800822 -8.2927225)
(0.52077775 0.022737645 -8.1624492)
(0.51903642 0.022661617 -8.0323457)
(0.51702983 0.022574007 -7.9024192)
(0.51478532 0.02247601 -7.7726786)
(0.51232873 0.022368753 -7.6431371)
(0.50968403 0.022253283 -7.5137935)
(0.50687374 0.022130583 -7.3846512)
(0.50391886 0.02200157 -7.2557119)
(0.500839 0.0218671 -7.1269762)
(0.49765234 0.021727968 -6.9984412)
(0.49437591 0.021584916 -6.8701082)
(0.49102565 0.02143864 -6.7419822)
(0.48761609 0.021289776 -6.6140561)
(0.4841608 0.021138915 -6.4863272)
(0.48067234 0.020986605 -6.3587926)
(0.47716233 0.020833355 -6.2314487)
(0.4736414 0.020679628 -6.1042887)
(0.4701195 0.020525858 -5.9773114)
(0.4666059 0.020372451 -5.8505186)
(0.46310887 0.020219768 -5.7239011)
(0.45963612 0.020068144 -5.5974548)
(0.45619472 0.019917889 -5.4711751)
(0.45279116 0.019769287 -5.3450573)
(0.44943129 0.019622592 -5.2190935)
(0.44612063 0.019478045 -5.0932822)
(0.44286427 0.01933587 -4.9676244)
(0.43966665 0.019196258 -4.8421106)
(0.43653188 0.019059392 -4.7167365)
(0.43346376 0.018925435 -4.5914974)
(0.43046565 0.018794534 -4.4663849)
(0.42754082 0.018666833 -4.3413983)
(0.42469231 0.018542465 -4.2165383)
(0.42192281 0.018421546 -4.091796)
(0.41923497 0.018304192 -3.9671672)
(0.41663128 0.018190513 -3.8426477)
(0.41411409 0.01808061 -3.7182339)
(0.41168556 0.017974578 -3.5939184)
(0.40934854 0.017872541 -3.4697034)
(0.40710703 0.017774675 -3.3455912)
(0.40495442 0.01768069 -3.2215768)
(0.40287316 0.01758982 -3.0975976)
(0.40085513 0.017501711 -2.9736963)
(0.39889802 0.017416262 -2.8499976)
(0.39700831 0.017333755 -2.7263279)
(0.3952027 0.017254921 -2.602734)
(0.393485 0.017179924 -2.4792212)
(0.39185489 0.017108752 -2.35578)
(0.39031183 0.017041381 -2.2324056)
(0.38885496 0.016977772 -2.1090925)
(0.38748283 0.016917864 -1.9858348)
(0.38619314 0.016861555 -1.8626204)
(0.38498256 0.0168087 -1.7394458)
(0.38384627 0.016759088 -1.6163065)
(0.38277717 0.01671241 -1.4931932)
(0.38176358 0.016668156 -1.3701048)
(0.38078594 0.016625471 -1.2470704)
(0.37979878 0.016582371 -1.1241328)
(0.37867575 0.016533339 -1.0013047)
(0.37715959 0.016467142 -0.87876564)
(0.37473598 0.016361324 -0.75723635)
(0.3704957 0.01617619 -0.63830838)
(0.36301047 0.015849378 -0.52413792)
(0.35025315 0.015292381 -0.41689871)
(0.32957684 0.014389634 -0.31722427)
(0.2976294 0.012994779 -0.22872972)
(0.24967629 0.010901101 -0.13952618)
(0.17456256 0.0076215651 -0.06551416)
(-4.247109 -0.18543276 -21.28829)
(-4.5672568 -0.19941072 -18.28888)
(-4.2437387 -0.18528561 -15.886199)
(-3.8586785 -0.16847352 -14.665956)
(-3.4980459 -0.15272797 -14.009995)
(-3.1583505 -0.13789655 -13.648823)
(-2.8258964 -0.12338129 -13.434846)
(-2.4925048 -0.1088251 -13.287843)
(-2.1542364 -0.094055983 -13.168478)
(-1.8107291 -0.079058132 -13.058798)
(-1.4650369 -0.063964887 -12.950534)
(-1.1238932 -0.049070231 -12.842186)
(-0.7974855 -0.034818965 -12.737876)
(-0.49822394 -0.021752924 -12.639638)
(-0.23934146 -0.010449873 -12.549623)
(-0.031422842 -0.0013719508 -12.468574)
(0.12117567 0.0052906436 -12.396025)
(0.22276639 0.0097261897 -12.328151)
(0.28699097 0.012530295 -12.25983)
(0.32654317 0.014257181 -12.187763)
(0.35097088 0.015323718 -12.110048)
(0.36663646 0.016007692 -12.025942)
(0.37747928 0.016481099 -11.935525)
(0.38579815 0.016844309 -11.839379)
(0.39286542 0.017152873 -11.738256)
(0.39934742 0.017435883 -11.632942)
(0.40556788 0.017707474 -11.524149)
(0.4116627 0.01797358 -11.412475)
(0.41766782 0.018235769 -11.298402)
(0.42356819 0.018493384 -11.182313)
(0.42932437 0.018744705 -11.064506)
(0.43488944 0.018987681 -10.945207)
(0.440218 0.019220331 -10.824627)
(0.44526935 0.019440877 -10.702937)
(0.45000901 0.019647816 -10.580273)
(0.45440951 0.019839945 -10.45673)
(0.45845169 0.020016431 -10.332414)
(0.46212285 0.020176717 -10.207425)
(0.46541637 0.020320515 -10.081839)
(0.46833045 0.020447747 -9.9557305)
(0.47086753 0.020558518 -9.8291671)
(0.47303345 0.020653084 -9.7022091)
(0.4748369 0.020731824 -9.57491)
(0.47628877 0.020795214 -9.4473207)
(0.47740167 0.020843805 -9.319495)
(0.47818967 0.020878209 -9.1914691)
(0.4786678 0.020899085 -9.0632814)
(0.4788518 0.020907119 -8.9349663)
(0.47875786 0.020903017 -8.8065547)
(0.47840241 0.020887498 -8.6780728)
(0.47780194 0.020861281 -8.5495469)
(0.47697294 0.020825086 -8.4210074)
(0.4759316 0.02077962 -8.2924693)
(0.47469386 0.020725579 -8.163951)
(0.47327527 0.020663642 -8.0354684)
(0.47169093 0.020594468 -7.9070334)
(0.46995546 0.020518696 -7.7786602)
(0.46808309 0.020436947 -7.6503669)
(0.46608733 0.02034981 -7.522158)
(0.46398116 0.020257853 -7.3940419)
(0.46177702 0.020161618 -7.2660259)
(0.45948676 0.020061623 -7.1381157)
(0.45712159 0.019958357 -7.0103137)
(0.45469221 0.019852289 -6.882626)
(0.45220889 0.019743864 -6.7550627)
(0.44968109 0.019633498 -6.6276212)
(0.44711785 0.019521585 -6.5003038)
(0.44452767 0.019408495 -6.3731117)
(0.44191853 0.019294577 -6.2460457)
(0.43929789 0.019180158 -6.119103)
(0.43667281 0.019065544 -5.9922863)
(0.43405 0.01895103 -5.865601)
(0.43143551 0.018836879 -5.7390416)
(0.42883509 0.018723342 -5.6126072)
(0.42625407 0.018610653 -5.4862965)
(0.42369745 0.018499028 -5.3601079)
(0.42116976 0.018388667 -5.2340363)
(0.41867534 0.018279758 -5.1080829)
(0.41621828 0.01817248 -4.9822513)
(0.41380213 0.018066989 -4.8565346)
(0.41143031 0.017963433 -4.7309307)
(0.40910596 0.01786195 -4.6054372)
(0.40683191 0.017762663 -4.4800482)
(0.40461092 0.017665692 -4.3547646)
(0.40244556 0.01757115 -4.2295894)
(0.40033804 0.017479134 -4.1045155)
(0.39829051 0.017389737 -3.9795405)
(0.396305 0.017303048 -3.854662)
(0.39438343 0.01721915 -3.7298778)
(0.39252767 0.017138126 -3.6051816)
(0.39073982 0.017060067 -3.4805758)
(0.38902211 0.01698507 -3.3560642)
(0.38737669 0.016913229 -3.2316433)
(0.38580635 0.016844667 -3.1073098)
(0.3843081 0.016779252 -2.9830524)
(0.38286353 0.016716181 -2.8587718)
(0.38145832 0.016654828 -2.7347325)
(0.38009817 0.016595443 -2.6107263)
(0.37880066 0.016538792 -2.4867817)
(0.37757009 0.016485064 -2.3629072)
(0.37640566 0.016434224 -2.2390986)
(0.3753058 0.016386203 -2.1153519)
(0.37426837 0.016340908 -1.9916627)
(0.3732903 0.016298205 -1.8680209)
(0.37236737 0.016257909 -1.7444244)
(0.37149373 0.016219765 -1.6208698)
(0.37066092 0.016183404 -1.497349)
(0.36985549 0.016148237 -1.3738619)
(0.36905482 0.01611328 -1.2504361)
(0.36821014 0.0160764 -1.127118)
(0.3671871 0.016031733 -1.0039164)
(0.36571717 0.015967555 -0.88101102)
(0.36327135 0.015860768 -0.75913117)
(0.35892857 0.015671158 -0.63988012)
(0.3512647 0.015336546 -0.52541385)
(0.33829645 0.01477034 -0.41789329)
(0.31749231 0.013862012 -0.31795509)
(0.28573004 0.012475241 -0.22917065)
(0.23869262 0.010421544 -0.13980384)
(0.16615803 0.0072546152 -0.065415593)
(-4.0024951 -0.17475269 -20.833562)
(-4.1438023 -0.18092229 -17.863314)
(-3.7795327 -0.16501794 -15.650996)
(-3.4080188 -0.1487973 -14.580789)
(-3.0818605 -0.13455692 -14.041125)
(-2.7827313 -0.12149666 -13.750779)
(-2.496185 -0.10898578 -13.583)
(-2.2129329 -0.096618724 -13.46937)
(-1.9281975 -0.084186913 -13.376001)
(-1.6408582 -0.071641408 -13.286898)
(-1.3527027 -0.059060267 -13.193962)
(-1.0683178 -0.046643756 -13.0987)
(-0.7934096 -0.034641007 -12.999465)
(-0.53523064 -0.023368672 -12.896647)
(-0.30179726 -0.013176752 -12.791838)
(-0.10072122 -0.0043975831 -12.687046)
(0.062383774 0.0027237341 -12.584287)
(0.18501453 0.0080779079 -12.485367)
(0.26997471 0.011787349 -12.388013)
(0.32440283 0.014163732 -12.290746)
(0.35649497 0.015564905 -12.19208)
(0.37361696 0.016312467 -12.090958)
(0.38150541 0.016656884 -11.986852)
(0.38418982 0.016774088 -11.879689)
(0.38426843 0.01677752 -11.769708)
(0.38328493 0.01673458 -11.657287)
(0.38207873 0.016681916 -11.542824)
(0.38105546 0.016637239 -11.426675)
(0.3803732 0.016607451 -11.309125)
(0.38005948 0.016593753 -11.190395)
(0.3800794 0.016594623 -11.070658)
(0.3803727 0.016607429 -10.950022)
(0.38087313 0.016629278 -10.828579)
(0.38151773 0.016657422 -10.706407)
(0.38225037 0.01668941 -10.583571)
(0.38302284 0.016723136 -10.460122)
(0.38379426 0.016756817 -10.336099)
(0.38453135 0.016788999 -10.211558)
(0.38520733 0.016818513 -10.086538)
(0.38580099 0.016844433 -9.9610809)
(0.38629588 0.016866041 -9.8352287)
(0.3866796 0.016882794 -9.7090201)
(0.38694321 0.016894303 -9.582491)
(0.38708061 0.016900303 -9.4556779)
(0.38708814 0.016900632 -9.3286225)
(0.38696421 0.01689522 -9.2013516)
(0.3867089 0.016884073 -9.0738954)
(0.38632374 0.016867257 -8.9462822)
(0.38581139 0.016844887 -8.8185378)
(0.38517557 0.016817127 -8.6906845)
(0.38442068 0.016784168 -8.5627459)
(0.38355181 0.016746232 -8.4347502)
(0.38257448 0.016703561 -8.3067111)
(0.38149461 0.016656413 -8.1786461)
(0.38031842 0.016605059 -8.0505708)
(0.37905227 0.016549778 -7.9224973)
(0.37770269 0.016490854 -7.7944402)
(0.3762763 0.016428576 -7.6664184)
(0.37477962 0.01636323 -7.5384374)
(0.37321919 0.0162951 -7.4105067)
(0.37160146 0.016224468 -7.2826349)
(0.36993278 0.016151612 -7.1548291)
(0.36821932 0.016076801 -7.0270934)
(0.36646714 0.016000299 -6.8994355)
(0.36468221 0.015922367 -6.771867)
(0.36287014 0.015843251 -6.6443871)
(0.36103643 0.015763189 -6.5169996)
(0.35918638 0.015682414 -6.3897076)
(0.35732507 0.015601148 -6.2625133)
(0.35545736 0.015519602 -6.1354159)
(0.35358796 0.015437982 -6.0084192)
(0.3517214 0.015356486 -5.8815306)
(0.34986191 0.015275299 -5.7547459)
(0.34801355 0.015194598 -5.6280657)
(0.34618024 0.015114554 -5.50149)
(0.34436569 0.015035329 -5.3750185)
(0.34257339 0.014957076 -5.2486475)
(0.34080676 0.014879943 -5.1223792)
(0.33906907 0.014804074 -4.9962185)
(0.33736333 0.014729599 -4.8701596)
(0.33569249 0.014656649 -4.7442013)
(0.33405936 0.014585345 -4.6183421)
(0.33246666 0.014515806 -4.4925769)
(0.33091704 0.014448148 -4.3669076)
(0.32941311 0.014382485 -4.2413377)
(0.3279573 0.014318923 -4.1158609)
(0.32655207 0.01425757 -3.9904755)
(0.32519985 0.01419853 -3.8651795)
(0.32390305 0.014141911 -3.739971)
(0.32266414 0.014087819 -3.6148442)
(0.32148574 0.014036369 -3.4898012)
(0.3203707 0.013987685 -3.3648455)
(0.31932218 0.013941906 -3.2399722)
(0.31834405 0.0138992 -3.115182)
(0.31744019 0.013859736 -2.9904733)
(0.3166133 0.013823634 -2.8658396)
(0.31584849 0.013790241 -2.7411587)
(0.31512466 0.013758638 -2.6167357)
(0.31442467 0.013728076 -2.492366)
(0.3137533 0.013698763 -2.3680598)
(0.31313433 0.013671739 -2.2438333)
(0.31257894 0.01364749 -2.1196824)
(0.31208522 0.013625933 -1.9956024)
(0.31164858 0.01360687 -1.8715831)
(0.311263 0.013590034 -1.7476229)
(0.31092012 0.013575064 -1.623719)
(0.31060766 0.013561422 -1.4998628)
(0.31030573 0.013548239 -1.3760513)
(0.3099814 0.013534079 -1.2523032)
(0.3095708 0.013516152 -1.1286618)
(0.30891229 0.013487401 -1.005127)
(0.30769039 0.013434051 -0.88187666)
(0.305303 0.013329815 -0.75964951)
(0.30072937 0.013130126 -0.6400658)
(0.29243206 0.012767858 -0.5252941)
(0.27833254 0.01215226 -0.4175111)
(0.2558819 0.011172044 -0.31736979)
(0.22214574 0.0096990915 -0.22854501)
(0.17361562 0.0075802207 -0.13922574)
(0.10362876 0.0045245289 -0.065385711)
(-3.5511888 -0.15504823 -20.25435)
(-3.5238038 -0.15385258 -17.361291)
(-3.148562 -0.13746917 -15.421793)
(-2.8141095 -0.12286666 -14.577096)
(-2.5287996 -0.11040976 -14.165596)
(-2.2761653 -0.099379511 -13.955269)
(-2.0402412 -0.089078845 -13.840573)
(-1.8108279 -0.079062446 -13.764588)
(-1.5826126 -0.069098352 -13.699798)
(-1.3536281 -0.059100673 -13.633492)
(-1.1242909 -0.049087593 -13.560128)
(-0.89679958 -0.039155111 -13.480035)
(-0.67425342 -0.029438537 -13.391102)
(-0.46098476 -0.020127027 -13.292877)
(-0.26221364 -0.011448494 -13.185874)
(-0.083638757 -0.0036517466 -13.071064)
(0.069068398 0.0030155911 -12.948815)
(0.19099404 0.008338979 -12.821546)
(0.28092068 0.012265261 -12.693525)
(0.3435623 0.015000252 -12.564055)
(0.3847218 0.016797315 -12.434251)
(0.41009582 0.017905168 -12.304655)
(0.42452917 0.018535342 -12.175466)
(0.43174811 0.018850528 -12.046746)
(0.43442344 0.018967335 -11.918495)
(0.43435802 0.018964479 -11.790696)
(0.43270966 0.01889251 -11.663316)
(0.43019436 0.01878269 -11.536305)
(0.42724362 0.018653857 -11.409598)
(0.4241133 0.018517185 -11.283122)
(0.42095395 0.018379244 -11.156814)
(0.41785279 0.018243845 -11.030595)
(0.41485894 0.01811313 -10.904402)
(0.41199813 0.017988225 -10.778179)
(0.40928166 0.017869621 -10.651882)
(0.4067118 0.017757419 -10.525475)
(0.40428498 0.017651461 -10.39893)
(0.40199427 0.017551447 -10.27224)
(0.39983055 0.017456977 -10.145388)
(0.39778367 0.017367608 -10.018371)
(0.39584295 0.017282875 -9.8911889)
(0.39399765 0.017202307 -9.763846)
(0.39223723 0.017125445 -9.6363478)
(0.39055139 0.01705184 -9.5087037)
(0.38893042 0.016981067 -9.3809327)
(0.3873652 0.016912728 -9.253041)
(0.38584742 0.01684646 -9.1250415)
(0.38436947 0.016781932 -8.9969474)
(0.3829244 0.016718838 -8.8687688)
(0.38150618 0.016656918 -8.7405177)
(0.38010946 0.016595936 -8.6122086)
(0.37872953 0.016535687 -8.4838603)
(0.37736243 0.016475998 -8.3554786)
(0.37600489 0.016416726 -8.2270747)
(0.37465427 0.016357757 -8.0986585)
(0.37330854 0.016299001 -7.9702377)
(0.37196605 0.016240387 -7.8418223)
(0.37062568 0.016181865 -7.7134283)
(0.36928673 0.016123405 -7.5850581)
(0.36794889 0.016064994 -7.4567192)
(0.36661218 0.016006632 -7.3284181)
(0.36527695 0.015948334 -7.2001605)
(0.36394383 0.015890129 -7.0719496)
(0.36261357 0.015832049 -6.9437916)
(0.36128712 0.015774135 -6.815698)
(0.35996559 0.015716436 -6.6876674)
(0.35865024 0.015659006 -6.5597034)
(0.35734241 0.015601905 -6.4318089)
(0.35604358 0.015545197 -6.3039861)
(0.3547553 0.015488949 -6.1762346)
(0.35347908 0.015433228 -6.0485581)
(0.35221649 0.015378103 -5.9209645)
(0.3509691 0.01532364 -5.7934498)
(0.3497385 0.015269911 -5.6660149)
(0.34852629 0.015216985 -5.5386604)
(0.34733404 0.01516493 -5.4113862)
(0.34616337 0.015113818 -5.2841893)
(0.34501579 0.015063713 -5.157072)
(0.34389274 0.01501468 -5.0300398)
(0.34279564 0.014966779 -4.9030873)
(0.3417259 0.014920073 -4.7762137)
(0.3406849 0.014874622 -4.6494178)
(0.339674 0.014830486 -4.5226951)
(0.33869451 0.01478772 -4.3960473)
(0.33774768 0.014746381 -4.2694788)
(0.33683473 0.014706521 -4.1429833)
(0.33595693 0.014668195 -4.0165592)
(0.33511557 0.01463146 -3.8902052)
(0.33431198 0.014596375 -3.7639193)
(0.33354769 0.014563005 -3.6376962)
(0.33282434 0.014531423 -3.5115378)
(0.3321439 0.014501714 -3.3854477)
(0.33150879 0.014473985 -3.2594198)
(0.33092229 0.014448378 -3.1334533)
(0.33038886 0.014425088 -3.0075482)
(0.32991412 0.01440436 -2.8817061)
(0.32950459 0.014386479 -2.7559252)
(0.32915032 0.014371012 -2.6302178)
(0.32883359 0.014357183 -2.5044112)
(0.32855257 0.014344913 -2.3788282)
(0.32830814 0.014334241 -2.2533647)
(0.32810005 0.014325156 -2.1279337)
(0.32792738 0.014317617 -2.0025838)
(0.32778769 0.014311518 -1.8773134)
(0.32767564 0.014306626 -1.7521244)
(0.32757778 0.014302353 -1.6270217)
(0.32745724 0.014297091 -1.5020072)
(0.3272304 0.014287186 -1.3770851)
(0.32683211 0.014269796 -1.2522864)
(0.32623201 0.014243595 -1.1276808)
(0.32530638 0.014203182 -1.0032965)
(0.32378133 0.014136597 -0.87936321)
(0.321104 0.014019702 -0.75668495)
(0.31633781 0.013811606 -0.63692288)
(0.30810597 0.013452196 -0.52223322)
(0.29458296 0.012861768 -0.4147463)
(0.27353561 0.011942821 -0.31511108)
(0.24234831 0.010581155 -0.22688351)
(0.19757432 0.0086262801 -0.13846194)
(0.13142299 0.0057380513 -0.065056271)
(-2.6866594 -0.11730207 -19.635214)
(-2.5704395 -0.1122278 -16.895367)
(-2.247053 -0.098108443 -15.355638)
(-1.9654547 -0.085813597 -14.723094)
(-1.7401305 -0.075975728 -14.440369)
(-1.5534662 -0.067825792 -14.3173)
(-1.3899014 -0.0606844 -14.262312)
(-1.2399715 -0.054138318 -14.230536)
(-1.0986489 -0.047968043 -14.201056)
(-0.9635209 -0.042068226 -14.16412)
(-0.83369555 -0.03639993 -14.116121)
(-0.70896208 -0.03095395 -14.055652)
(-0.58944443 -0.025735697 -13.982275)
(-0.47545893 -0.020758983 -13.896192)
(-0.36744334 -0.016042921 -13.798274)
(-0.26590582 -0.011609698 -13.690364)
(-0.17136717 -0.0074820512 -13.573756)
(-0.084464575 -0.0036878026 -13.449967)
(-0.0069477349 -0.00030334465 -13.321931)
(0.058305292 0.0025456637 -13.19083)
(0.11103203 0.0048477627 -13.056917)
(0.15256252 0.0066610229 -12.921313)
(0.18476768 0.0080671303 -12.784945)
(0.20950144 0.0091470294 -12.648338)
(0.22836123 0.0099704656 -12.511673)
(0.24263183 0.010593533 -12.375051)
(0.25331928 0.011060157 -12.238539)
(0.2612047 0.011404442 -12.10217)
(0.26689545 0.011652906 -11.965951)
(0.27086612 0.011826269 -11.829874)
(0.27348965 0.011940815 -11.693937)
(0.27506165 0.01200945 -11.558118)
(0.2758165 0.012042407 -11.422403)
(0.27594051 0.012047821 -11.286777)
(0.27558177 0.012032159 -11.151229)
(0.27485793 0.012000555 -11.015749)
(0.27386204 0.011957074 -10.880327)
(0.27266764 0.011904925 -10.744967)
(0.27133265 0.011846638 -10.609659)
(0.2699023 0.011784187 -10.474401)
(0.26841164 0.011719104 -10.33919)
(0.26688765 0.011652565 -10.204026)
(0.26535079 0.011585464 -10.068908)
(0.26381606 0.011518457 -9.9338354)
(0.26229447 0.011452022 -9.7988206)
(0.26079378 0.011386501 -9.663854)
(0.25931932 0.011322125 -9.5289396)
(0.25787453 0.011259044 -9.3940829)
(0.25646125 0.011197339 -9.259283)
(0.25508027 0.011137044 -9.1245412)
(0.25373139 0.011078151 -8.9898582)
(0.25241391 0.011020628 -8.8552461)
(0.25112682 0.010964433 -8.7207006)
(0.24986892 0.010909512 -8.5862239)
(0.24863891 0.010855808 -8.4518174)
(0.2474355 0.010803266 -8.3174822)
(0.24625716 0.010751818 -8.1832187)
(0.24510251 0.010701406 -8.0490384)
(0.24397038 0.010651976 -7.9149364)
(0.2428597 0.010603482 -7.7809144)
(0.2417695 0.010555883 -7.6469736)
(0.24069902 0.010509145 -7.5131146)
(0.23964766 0.010463242 -7.3793369)
(0.23861472 0.010418143 -7.2456409)
(0.23759966 0.010373824 -7.1120361)
(0.23660217 0.010330273 -6.978517)
(0.23562205 0.01028748 -6.845084)
(0.23465919 0.010245441 -6.7117374)
(0.23371362 0.010204156 -6.5784767)
(0.23278554 0.010163635 -6.4453001)
(0.23187498 0.010123879 -6.3122074)
(0.23098211 0.010084895 -6.1792066)
(0.23010726 0.010046699 -6.0462916)
(0.22925085 0.010009307 -5.9134617)
(0.22841336 0.0099727413 -5.7807163)
(0.22759536 0.009937027 -5.6480542)
(0.22679759 0.0099021953 -5.5154723)
(0.22602061 0.009868272 -5.3829703)
(0.22526509 0.0098352851 -5.2505551)
(0.22453185 0.0098032714 -5.1182199)
(0.22382186 0.0097722722 -4.9859634)
(0.22313618 0.0097423349 -4.853784)
(0.22247609 0.0097135148 -4.7216781)
(0.22184284 0.0096858664 -4.5896455)
(0.22123779 0.0096594496 -4.4576923)
(0.22066267 0.0096343393 -4.3258116)
(0.22011945 0.0096106216 -4.1940022)
(0.21961039 0.0095883958 -4.0622628)
(0.21913818 0.0095677786 -3.9305917)
(0.218706 0.0095489091 -3.7989847)
(0.21831743 0.0095319435 -3.6674426)
(0.2179766 0.009517063 -3.5359707)
(0.21768859 0.0095044878 -3.4045626)
(0.21745939 0.0094944808 -3.273217)
(0.21729624 0.0094873575 -3.1419326)
(0.21720799 0.0094835046 -3.0107079)
(0.21720566 0.0094834028 -2.8795383)
(0.21730271 0.0094876401 -2.7484247)
(0.21751705 0.0094969986 -2.6173673)
(0.21785175 0.0095116116 -2.4863601)
(0.21829291 0.0095308734 -2.355394)
(0.21883815 0.0095546789 -2.2244678)
(0.21949629 0.009583414 -2.0935802)
(0.22027691 0.0096174966 -1.9627246)
(0.22118819 0.0096572837 -1.8319158)
(0.22223624 0.0097030427 -1.7012225)
(0.22342359 0.0097548836 -1.570741)
(0.22474585 0.0098126146 -1.4398508)
(0.22615319 0.0098740605 -1.3095412)
(0.22755937 0.0099354556 -1.1796417)
(0.22877528 0.0099885431 -1.0500438)
(0.22937421 0.010014693 -0.92110284)
(0.22852545 0.0099776357 -0.79379136)
(0.22504421 0.0098256414 -0.66975088)
(0.21748421 0.0094955646 -0.55080908)
(0.20400222 0.0089069285 -0.43873725)
(0.18244023 0.0079655117 -0.33388383)
(0.15054876 0.0065731002 -0.23993654)
(0.10613555 0.0046339775 -0.14502341)
(0.046155223 0.0020151802 -0.06614906)
(-1.0261927 -0.044804536 -19.092654)
(-1.2930761 -0.056456914 -16.626373)
(-1.1035751 -0.048183126 -15.581245)
(-0.88050133 -0.038443514 -15.261656)
(-0.69820294 -0.030484195 -15.184958)
(-0.55653382 -0.024298788 -15.192097)
(-0.44472647 -0.019417175 -15.221272)
(-0.35390206 -0.015451696 -15.246717)
(-0.27812643 -0.012143261 -15.259039)
(-0.21358054 -0.0093251266 -15.255832)
(-0.15778652 -0.0068891073 -15.236553)
(-0.10909804 -0.0047633225 -15.201816)
(-0.066393406 -0.0028987984 -15.152447)
(-0.028889822 -0.0012613567 -15.089287)
(0.0039768226 0.00017363184 -15.013161)
(0.032645096 0.0014253155 -14.924878)
(0.05750114 0.0025105538 -14.825228)
(0.078887219 0.00344429 -14.715035)
(0.097042686 0.0042369747 -14.595244)
(0.11225568 0.0049011885 -14.468522)
(0.12476951 0.005447554 -14.33637)
(0.13481538 0.0058861662 -14.19966)
(0.14269061 0.006230006 -14.059158)
(0.1487342 0.0064938746 -13.9157)
(0.1532616 0.0066915452 -13.770063)
(0.15655127 0.0068351754 -13.622824)
(0.15884516 0.0069353288 -13.474408)
(0.16034946 0.0070010078 -13.325143)
(0.16123667 0.0070397444 -13.17528)
(0.16164903 0.0070577481 -13.025014)
(0.16170239 0.0070600781 -12.87451)
(0.16149041 0.0070508227 -12.723879)
(0.16108794 0.0070332506 -12.57321)
(0.16055432 0.0070099522 -12.422572)
(0.159936 0.0069829556 -12.272019)
(0.15926882 0.006953826 -12.121584)
(0.15858023 0.0069237616 -11.971289)
(0.15789087 0.0068936633 -11.821167)
(0.15721582 0.0068641902 -11.671221)
(0.15656586 0.0068358125 -11.521459)
(0.15594832 0.0068088497 -11.371883)
(0.15536784 0.0067835057 -11.222491)
(0.15482701 0.0067598924 -11.073283)
(0.15432673 0.00673805 -10.92425)
(0.15386685 0.0067179709 -10.775402)
(0.15344633 0.0066996109 -10.626725)
(0.15306348 0.006682895 -10.478213)
(0.15271627 0.0066677355 -10.329861)
(0.15240247 0.0066540349 -10.181663)
(0.15211969 0.0066416885 -10.033613)
(0.15186544 0.0066305877 -9.8857027)
(0.15163731 0.0066206271 -9.7379394)
(0.15143297 0.0066117056 -9.5903105)
(0.1512503 0.00660373 -9.4428117)
(0.15108731 0.0065966139 -9.2954383)
(0.15094217 0.0065902767 -9.1481862)
(0.15081315 0.0065846435 -9.0010485)
(0.15069872 0.0065796477 -8.8540344)
(0.15059758 0.0065752316 -8.707133)
(0.15050859 0.0065713463 -8.5603417)
(0.15043079 0.0065679494 -8.4136576)
(0.15036339 0.0065650069 -8.2670775)
(0.15030574 0.0065624897 -8.1205985)
(0.15025727 0.0065603733 -7.9742152)
(0.15021755 0.006558639 -7.8279374)
(0.15018631 0.0065572752 -7.6817552)
(0.15016344 0.0065562769 -7.5356668)
(0.15014893 0.0065556433 -7.3896696)
(0.1501429 0.0065553799 -7.2437609)
(0.15014555 0.0065554956 -7.0979377)
(0.15015714 0.0065560017 -6.9521953)
(0.15017803 0.0065569136 -6.8065428)
(0.1502087 0.0065582526 -6.6609705)
(0.15024975 0.0065600451 -6.5154759)
(0.15030188 0.006562321 -6.3700564)
(0.15036588 0.0065651155 -6.2247086)
(0.15044263 0.0065684665 -6.0794284)
(0.15053306 0.0065724146 -5.9342113)
(0.15063816 0.0065770036 -5.7890647)
(0.1507591 0.0065822838 -5.6439781)
(0.15089717 0.0065883122 -5.498948)
(0.15105382 0.0065951516 -5.35397)
(0.15123059 0.0066028695 -5.2090388)
(0.15142914 0.0066115383 -5.0641489)
(0.15165127 0.0066212367 -4.919306)
(0.15189901 0.0066320531 -4.7744987)
(0.15217461 0.0066440862 -4.6297219)
(0.15248055 0.006657444 -4.4849702)
(0.15281957 0.006672246 -4.3402376)
(0.15319466 0.0066886224 -4.1955161)
(0.15360903 0.0067067144 -4.0507994)
(0.15406617 0.0067266733 -3.9060902)
(0.15456989 0.0067486663 -3.7613752)
(0.15512432 0.0067728734 -3.6166475)
(0.15573385 0.0067994859 -3.4718996)
(0.15640309 0.0068287057 -3.3271235)
(0.15713683 0.0068607414 -3.1823088)
(0.15793982 0.0068958007 -3.0374485)
(0.15881648 0.0069340766 -2.8925428)
(0.1597702 0.006975717 -2.7475793)
(0.16080334 0.0070208247 -2.6025537)
(0.16191767 0.0070694772 -2.4574644)
(0.16311362 0.0071216938 -2.3123109)
(0.16438956 0.0071774024 -2.1670909)
(0.16574139 0.0072364244 -2.0218101)
(0.16716423 0.0072985473 -1.8764831)
(0.16865882 0.0073638025 -1.7311034)
(0.1702406 0.0074328645 -1.5856652)
(0.17185682 0.0075034298 -1.4402097)
(0.17331821 0.0075672356 -1.2946033)
(0.17436598 0.0076129822 -1.1490614)
(0.17451278 0.0076193919 -1.004003)
(0.17292906 0.0075502451 -0.8599531)
(0.16863181 0.0073626232 -0.72020485)
(0.16059842 0.0070118775 -0.58558166)
(0.14767674 0.0064477052 -0.45862079)
(0.12866379 0.0056175819 -0.34090271)
(0.10239111 0.0044704919 -0.23742372)
(0.068198736 0.0029776208 -0.13948994)
(0.025309558 0.0011050391 -0.062878155)
)
;
    }
    wedgeBack
    {
        type            wedge;
        value           nonuniform List<vector> 
4800
(
(-0.0010588465 4.6229497e-05 -22.083473)
(-0.0013559182 5.920174e-05 -19.126358)
(-0.0015411447 6.7287405e-05 -16.527256)
(-0.0018233385 7.9609237e-05 -15.134886)
(-0.0023336922 0.00010189081 -14.311459)
(-0.0027817006 0.00012145139 -13.819771)
(-0.0030794799 0.00013445099 -13.521035)
(-0.0032725416 0.00014288199 -13.321674)
(-0.0034085525 0.00014882048 -13.169093)
(-0.0035088005 0.00015319691 -13.037011)
(-0.0035824397 0.00015641011 -12.912935)
(-0.0036356705 0.0001587363 -12.794185)
(-0.0036724818 0.00016034471 -12.677205)
(-0.0036954298 0.00016134481 -12.559409)
(-0.0037058105 0.00016179795 -12.44023)
(-0.0037043546 0.0001617344 -12.319831)
(-0.0036916568 0.00016118142 -12.198542)
(-0.0036683988 0.00016016607 -12.076778)
(-0.0036353091 0.0001587212 -11.954781)
(-0.0035931451 0.00015688134 -11.832698)
(-0.0035426471 0.00015467546 -11.710575)
(-0.0034844879 0.00015213737 -11.588423)
(-0.0034192924 0.00014929118 -11.466279)
(-0.0033476213 0.000146161 -11.344167)
(-0.0032699823 0.00014277153 -11.222094)
(-0.0031868401 0.00013914119 -11.100064)
(-0.0030986201 0.00013528955 -10.978083)
(-0.0030057104 0.00013123204 -10.856152)
(-0.0029084655 0.00012698569 -10.734269)
(-0.0028072114 0.00012256464 -10.612441)
(-0.002702234 0.00011798159 -10.490674)
(-0.0025937842 0.00011324654 -10.368965)
(-0.0024820739 0.00010836795 -10.247316)
(-0.0023672897 0.00010335716 -10.125727)
(-0.0022495899 9.8218019e-05 -10.004201)
(-0.0021290826 9.2957379e-05 -9.8827342)
(-0.0020058715 8.7577115e-05 -9.7613316)
(-0.001880802 8.2116626e-05 -9.6400004)
(-0.001756467 7.6686836e-05 -9.5187409)
(-0.0016324564 7.1273617e-05 -9.3975305)
(-0.0015063949 6.5770769e-05 -9.2763927)
(-0.0013782238 6.0174689e-05 -9.1553234)
(-0.0012482406 5.4499245e-05 -9.0343175)
(-0.0011167144 4.8758123e-05 -8.9133802)
(-0.00098386806 4.2956818e-05 -8.7925163)
(-0.00084989199 3.7106206e-05 -8.6717224)
(-0.00071495187 3.1214778e-05 -8.5509987)
(-0.00057919033 2.5288707e-05 -8.4303459)
(-0.00044273044 1.932948e-05 -8.309764)
(-0.0003056617 1.3345203e-05 -8.1892492)
(-0.00016805451 7.3386734e-06 -8.068806)
(-2.9955253e-05 1.3084019e-06 -7.9484383)
(0.00010846224 -4.7335219e-06 -7.8281418)
(0.00024699065 -1.0783706e-05 -7.7079163)
(0.00038544785 -1.6829958e-05 -7.5877619)
(0.00052365493 -2.2863885e-05 -7.4676742)
(0.0006614118 -2.8876192e-05 -7.3476575)
(0.00079852474 -3.4863729e-05 -7.2277154)
(0.00093486132 -4.0817479e-05 -7.1078437)
(0.0010704296 -4.6737486e-05 -6.9880418)
(0.0012054286 -5.2630549e-05 -6.8683092)
(0.0013401457 -5.8513966e-05 -6.7486458)
(0.0014747422 -6.4390108e-05 -6.6290477)
(0.0016090934 -7.0252787e-05 -6.5095192)
(0.0017428542 -7.6094026e-05 -6.3900632)
(0.0018756368 -8.1893418e-05 -6.2706756)
(0.0020071346 -8.7636123e-05 -6.1513557)
(0.0021371562 -9.3310647e-05 -6.0321029)
(0.0022655934 -9.8918085e-05 -5.9129163)
(0.0023923857 -0.00010445514 -5.7937906)
(0.00251748 -0.0001099165 -5.6747298)
(0.0026408301 -0.00011530245 -5.5557364)
(0.0027623947 -0.00012060734 -5.4368057)
(0.0028821254 -0.00012583585 -5.3179366)
(0.0029999715 -0.0001309819 -5.1991282)
(0.0031158777 -0.00013604248 -5.0803795)
(0.0032297902 -0.000141015 -4.9616851)
(0.0033416452 -0.00014589779 -4.8430488)
(0.0034513784 -0.00015069018 -4.7244728)
(0.0035589338 -0.0001553874 -4.6059526)
(0.0036642537 -0.00015998556 -4.4874868)
(0.0037672835 -0.00016448514 -4.3690743)
(0.0038679756 -0.00016888219 -4.2507095)
(0.0039662797 -0.00017317227 -4.1323963)
(0.0040621507 -0.00017735706 -4.0141364)
(0.0041555522 -0.00018143546 -3.8959253)
(0.0042464489 -0.00018540378 -3.7777614)
(0.0043348085 -0.00018925994 -3.6596434)
(0.0044206008 -0.00019300586 -3.5415701)
(0.0045037991 -0.00019663864 -3.4235357)
(0.0045843707 -0.00020015662 -3.3055438)
(0.0046622832 -0.00020355969 -3.1875962)
(0.0047375066 -0.00020684389 -3.069688)
(0.0048100057 -0.00021000945 -2.9518177)
(0.0048797423 -0.00021305314 -2.8339838)
(0.0049466744 -0.0002159757 -2.716185)
(0.005010757 -0.00021877467 -2.5984152)
(0.0050719335 -0.00022144638 -2.480678)
(0.005130143 -0.00022398806 -2.3629745)
(0.005185319 -0.00022639572 -2.2452995)
(0.0052373828 -0.00022866921 -2.1276501)
(0.0052862452 -0.00023080261 -2.0100231)
(0.0053318026 -0.00023279213 -1.8924139)
(0.0053739365 -0.00023463363 -1.7748124)
(0.0054125015 -0.00023631784 -1.6572163)
(0.0054473293 -0.00023783809 -1.5396211)
(0.0054782266 -0.00023918722 -1.4220192)
(0.0055049779 -0.00024035595 -1.304414)
(0.0055273774 -0.00024133227 -1.1868214)
(0.0055454857 -0.00024212127 -1.0693149)
(0.005559636 -0.00024273916 -0.95191235)
(0.0055715446 -0.00024325977 -0.83478171)
(0.0055825249 -0.00024374009 -0.7186102)
(0.0055900113 -0.00024406651 -0.60497337)
(0.005587782 -0.00024396758 -0.49606129)
(0.0055697524 -0.00024317905 -0.394113)
(0.0055299199 -0.00024144044 -0.29989042)
(0.0054556266 -0.00023819742 -0.21688)
(0.0053098285 -0.00023183311 -0.13356511)
(0.0048918296 -0.00021358351 -0.064503223)
(-0.0072063816 0.00031464129 -22.085438)
(-0.0080506288 0.00035150283 -19.128062)
(-0.0081931885 0.00035772668 -16.528135)
(-0.0083546288 0.00036477533 -15.136409)
(-0.0086822088 0.00037907853 -14.312878)
(-0.008980479 0.00039210143 -13.819277)
(-0.0091732334 0.00040051768 -13.518786)
(-0.0092835671 0.00040533518 -13.318307)
(-0.0093437209 0.00040796073 -13.165054)
(-0.0093697964 0.00040909874 -13.032532)
(-0.0093692588 0.00040907516 -12.908165)
(-0.0093481749 0.00040815412 -12.789124)
(-0.0093088075 0.00040643562 -12.671944)
(-0.0092518964 0.00040395082 -12.554006)
(-0.009177846 0.00040071828 -12.43472)
(-0.009086968 0.00039675139 -12.31424)
(-0.008979703 0.00039206714 -12.192888)
(-0.008856773 0.00038669944 -12.071076)
(-0.0087189809 0.00038068306 -11.949044)
(-0.0085671903 0.00037405586 -11.826937)
(-0.0084022483 0.00036685412 -11.7048)
(-0.0082249443 0.00035911395 -11.582641)
(-0.008036046 0.00035086637 -11.460497)
(-0.0078362582 0.00034214434 -11.338391)
(-0.0076262193 0.00033297225 -11.21633)
(-0.0074065267 0.00032338095 -11.094316)
(-0.0071777353 0.00031339125 -10.972355)
(-0.0069403617 0.00030302775 -10.850448)
(-0.0066948853 0.00029231044 -10.728592)
(-0.00644177 0.00028125968 -10.606794)
(-0.0061814496 0.00026989434 -10.485059)
(-0.0059143154 0.00025823081 -10.363384)
(-0.0056407433 0.00024628566 -10.24177)
(-0.0053610943 0.00023407619 -10.120218)
(-0.0050757027 0.00022161549 -9.9987299)
(-0.0047848665 0.00020891753 -9.8773015)
(-0.0044890438 0.00019600189 -9.7559411)
(-0.0041902776 0.00018295778 -9.6346536)
(-0.0038900929 0.00016985131 -9.5134173)
(-0.0035872013 0.00015662561 -9.3922571)
(-0.0032803748 0.00014322912 -9.2711658)
(-0.0029697978 0.00012966959 -9.1501434)
(-0.002655857 0.00011596265 -9.0291862)
(-0.0023389341 0.00010212582 -8.9082989)
(-0.0020193896 8.8174149e-05 -8.7874863)
(-0.0016975491 7.4121456e-05 -8.6667446)
(-0.0013737385 5.9983663e-05 -8.5460741)
(-0.0010482647 4.5773463e-05 -8.425475)
(-0.00072141747 3.1502676e-05 -8.3049475)
(-0.00039348251 1.718405e-05 -8.1844873)
(-6.4791496e-05 2.8336427e-06 -8.064099)
(0.00026430504 -1.1535108e-05 -7.943787)
(0.00059365233 -2.5913511e-05 -7.8235476)
(0.00092297815 -4.0291632e-05 -7.7033803)
(0.0012519679 -5.4655878e-05 -7.5832849)
(0.0015802938 -6.8990973e-05 -7.463257)
(0.0019075853 -8.3280028e-05 -7.3433008)
(0.0022334914 -9.7509551e-05 -7.2234199)
(0.002557777 -0.00011166841 -7.10361)
(0.0028804242 -0.00012575628 -6.9838706)
(0.0032016869 -0.00013978357 -6.8642012)
(0.0035219068 -0.00015376457 -6.7446018)
(0.003841205 -0.00016770603 -6.625068)
(0.0041592731 -0.00018159287 -6.5056041)
(0.0044755169 -0.00019539992 -6.3862127)
(0.0047893211 -0.0002091015 -6.2668897)
(0.0051001897 -0.00022267448 -6.1476343)
(0.0054077785 -0.00023610391 -6.028446)
(0.0057118461 -0.00024937928 -5.9093238)
(0.0060122151 -0.00026249482 -5.7902625)
(0.0063087097 -0.00027543933 -5.6712662)
(0.0066011709 -0.00028820885 -5.5523373)
(0.0068894598 -0.00030079599 -5.4334713)
(0.0071734315 -0.00031319454 -5.3146671)
(0.0074529429 -0.00032539836 -5.1959238)
(0.0077278537 -0.00033740078 -5.0772403)
(0.0079980355 -0.00034919729 -4.9586113)
(0.0082633414 -0.00036078002 -4.8400406)
(0.008523634 -0.00037214521 -4.7215304)
(0.008778794 -0.00038328542 -4.6030761)
(0.0090286996 -0.00039419685 -4.4846764)
(0.0092732356 -0.00040487241 -4.36633)
(0.0095123013 -0.00041531033 -4.2480315)
(0.0097457831 -0.00042550402 -4.1297846)
(0.0099735791 -0.00043545083 -4.0115911)
(0.010195605 -0.00044514479 -3.8934464)
(0.010411772 -0.00045458338 -3.775349)
(0.010622 -0.00046376084 -3.6572976)
(0.010826211 -0.00047267717 -3.539291)
(0.011024335 -0.0004813279 -3.4213233)
(0.01121629 -0.00048970873 -3.3033983)
(0.011402001 -0.00049781687 -3.1855176)
(0.011581402 -0.00050565049 -3.0676766)
(0.011754422 -0.00051320439 -2.9498736)
(0.011920989 -0.00052047731 -2.8321073)
(0.012081031 -0.00052746535 -2.7143762)
(0.012234479 -0.00053416489 -2.5966745)
(0.012381248 -0.00054057206 -2.4790057)
(0.012521252 -0.00054668424 -2.3613711)
(0.012654407 -0.00055249908 -2.2437654)
(0.012780612 -0.0005580089 -2.1261859)
(0.012899757 -0.0005632113 -2.0086296)
(0.013011719 -0.00056809898 -1.891092)
(0.013116362 -0.00057266756 -1.7735633)
(0.01321352 -0.0005769097 -1.6560419)
(0.013303014 -0.00058081643 -1.5385237)
(0.013384644 -0.00058438203 -1.4210015)
(0.013458171 -0.00058759227 -1.3034792)
(0.013523288 -0.00059043516 -1.1859716)
(0.01357992 -0.00059290774 -1.0685477)
(0.01362719 -0.0005949716 -0.95121427)
(0.01366476 -0.0005966115 -0.83413049)
(0.013690775 -0.00059774758 -0.71799615)
(0.013699219 -0.00059811602 -0.60441499)
(0.013679779 -0.00059726773 -0.49558733)
(0.013619602 -0.00059464026 -0.39373851)
(0.01350107 -0.00058946555 -0.29961966)
(0.013289416 -0.00058022349 -0.21670839)
(0.012887293 -0.00056266729 -0.13348724)
(0.011804648 -0.00051539812 -0.064494252)
(-0.014244102 0.00062190846 -22.085612)
(-0.015798502 0.00068977444 -19.128264)
(-0.015972303 0.00069736332 -16.528358)
(-0.016035961 0.00070014268 -15.136753)
(-0.016129198 0.00070421376 -14.313216)
(-0.016227778 0.00070851803 -13.819318)
(-0.016289127 0.00071119658 -13.518518)
(-0.016299189 0.00071163566 -13.317789)
(-0.016260696 0.00070995492 -13.16433)
(-0.016180126 0.00070643703 -13.031636)
(-0.016064253 0.00070137823 -12.907127)
(-0.015922461 0.00069518718 -12.787928)
(-0.01575874 0.00068803936 -12.670614)
(-0.015574413 0.00067999133 -12.55256)
(-0.015370752 0.0006710995 -12.433171)
(-0.015148646 0.00066140252 -12.312595)
(-0.014908766 0.00065092923 -12.191156)
(-0.014651785 0.00063970848 -12.069262)
(-0.014378238 0.00062776479 -11.947153)
(-0.014088652 0.00061512155 -11.824973)
(-0.013783516 0.00060179951 -11.702765)
(-0.013463323 0.00058781916 -11.58054)
(-0.013128612 0.00057320454 -11.458332)
(-0.012779909 0.00055797969 -11.336166)
(-0.012417713 0.0005421659 -11.214047)
(-0.012042531 0.00052578519 -11.091979)
(-0.011654861 0.00050885954 -10.969965)
(-0.011255198 0.00049141062 -10.848009)
(-0.010844021 0.00047345841 -10.726106)
(-0.010421836 0.000455026 -10.604263)
(-0.009989147 0.00043613419 -10.482485)
(-0.0095464263 0.00041680537 -10.36077)
(-0.0090941736 0.00039705929 -10.239119)
(-0.0086328836 0.00037691792 -10.117532)
(-0.008163037 0.00035640396 -9.9960103)
(-0.0076851533 0.00033553962 -9.8745519)
(-0.0072012253 0.00031441077 -9.7531686)
(-0.0067130751 0.00029309801 -9.6318418)
(-0.006219758 0.00027155895 -9.5105876)
(-0.0057201886 0.00024974776 -9.3894061)
(-0.0052147497 0.00022767919 -9.268295)
(-0.0047039086 0.00020537503 -9.1472548)
(-0.0041881356 0.00018285652 -9.0262821)
(-0.0036679387 0.00016014362 -8.9053815)
(-0.0031438228 0.00013726021 -8.7845578)
(-0.0026162538 0.00011422633 -8.6638072)
(-0.0020857097 9.1062151e-05 -8.5431301)
(-0.0015526694 6.7788893e-05 -8.4225266)
(-0.0010176132 4.4427654e-05 -8.3019971)
(-0.00048099993 2.0998751e-05 -8.1815376)
(5.6678625e-05 -2.4763136e-06 -8.061153)
(0.00059494903 -2.5977583e-05 -7.9408463)
(0.0011333799 -4.9486209e-05 -7.8206129)
(0.0016715178 -7.2981584e-05 -7.7004532)
(0.0022088934 -9.6443673e-05 -7.5803672)
(0.0027450372 -0.0001198526 -7.4603505)
(0.0032794285 -0.00014318435 -7.3404074)
(0.0038115925 -0.00016641892 -7.2205414)
(0.0043412401 -0.00018954405 -7.1007483)
(0.0048683558 -0.00021255844 -6.9810273)
(0.0053931949 -0.00023547355 -6.8613783)
(0.0059160168 -0.00025830069 -6.7418012)
(0.006436759 -0.00028103702 -6.6222914)
(0.0069548664 -0.00030365804 -6.502853)
(0.0074695302 -0.00032612855 -6.3834887)
(0.0079799881 -0.00034841566 -6.2641943)
(0.0084856235 -0.00037049225 -6.1449691)
(0.0089859742 -0.0003923385 -6.0258122)
(0.0094806735 -0.00041393749 -5.9067229)
(0.0099694218 -0.00043527617 -5.7876958)
(0.010451908 -0.00045634167 -5.668735)
(0.010927846 -0.00047712201 -5.5498427)
(0.011396988 -0.00049760498 -5.4310146)
(0.01185908 -0.00051778078 -5.3122494)
(0.01231388 -0.00053763745 -5.1935461)
(0.012761154 -0.00055716605 -5.0749038)
(0.013200694 -0.00057635713 -4.9563169)
(0.013632265 -0.00059520001 -4.8377893)
(0.014055653 -0.00061368577 -4.7193231)
(0.014470674 -0.00063180616 -4.6009136)
(0.014877142 -0.0006495521 -4.4825595)
(0.015274877 -0.00066691814 -4.3642596)
(0.015663724 -0.00068389515 -4.2460083)
(0.016043503 -0.00070047683 -4.1278093)
(0.016414052 -0.00071665543 -4.0096644)
(0.016775236 -0.00073242495 -3.891569)
(0.017126912 -0.00074777891 -3.7735215)
(0.017468948 -0.00076271244 -3.6555207)
(0.017801218 -0.00077721968 -3.5375651)
(0.018123614 -0.00079129647 -3.4196491)
(0.018436004 -0.00080493575 -3.3017763)
(0.018738276 -0.00081813288 -3.1839483)
(0.019030334 -0.00083088431 -3.0661605)
(0.019312077 -0.00084318498 -2.9484111)
(0.019583411 -0.00085503222 -2.8306988)
(0.019844246 -0.00086642106 -2.7130223)
(0.020094507 -0.00087734756 -2.5953754)
(0.020334098 -0.00088780781 -2.477762)
(0.020562938 -0.00089779939 -2.360183)
(0.020780952 -0.00090731766 -2.2426333)
(0.020988062 -0.00091636158 -2.1251102)
(0.021184184 -0.00092492387 -2.0076106)
(0.021369229 -0.00093300312 -1.8901302)
(0.021543102 -0.0009405945 -1.7726591)
(0.02170567 -0.00094769197 -1.6551958)
(0.021856768 -0.00095428951 -1.5377362)
(0.021996169 -0.00096037621 -1.4202731)
(0.022123494 -0.00096593505 -1.3028106)
(0.02223809 -0.00097093831 -1.1853631)
(0.022339332 -0.00097535801 -1.067999)
(0.022424374 -0.00097907144 -0.95072367)
(0.022489713 -0.00098192416 -0.83369533)
(0.022529377 -0.00098365588 -0.71761459)
(0.022534337 -0.00098387251 -0.60408763)
(0.022492186 -0.0009820317 -0.49531558)
(0.022385717 -0.00097738248 -0.39352228)
(0.022187812 -0.00096874217 -0.29945856)
(0.021843124 -0.00095369353 -0.21660023)
(0.021191254 -0.00092523261 -0.13343319)
(0.019426454 -0.00084817955 -0.064484893)
(-0.020754785 0.00090617336 -22.085957)
(-0.023085775 0.0010079465 -19.128644)
(-0.023367809 0.0010202602 -16.528542)
(-0.023463681 0.001024446 -15.136736)
(-0.02356069 0.0010286816 -14.312959)
(-0.023660378 0.0010330342 -13.818815)
(-0.023714791 0.0010354102 -13.517809)
(-0.023700018 0.0010347647 -13.316914)
(-0.023615525 0.0010310755 -13.163317)
(-0.023469439 0.0010246976 -13.030495)
(-0.023271943 0.0010160747 -12.905856)
(-0.023037716 0.0010058481 -12.786551)
(-0.022773441 0.00099430962 -12.66913)
(-0.022481494 0.00098156272 -12.550965)
(-0.022163989 0.00096770017 -12.431462)
(-0.021822326 0.00095278303 -12.310771)
(-0.02145746 0.00093685294 -12.189214)
(-0.02107024 0.00091994645 -12.067202)
(-0.020661269 0.00090209027 -11.944976)
(-0.020231122 0.00088330965 -11.82268)
(-0.019780317 0.00086362701 -11.700361)
(-0.019309396 0.00084306608 -11.578026)
(-0.018818976 0.00082165402 -11.455713)
(-0.018309672 0.0007994173 -11.333445)
(-0.017782073 0.00077638185 -11.211227)
(-0.017236796 0.00075257475 -11.089065)
(-0.016674464 0.0007280226 -10.96696)
(-0.016095713 0.00070275371 -10.844916)
(-0.015501169 0.00067679556 -10.722929)
(-0.014891508 0.00065017726 -10.601006)
(-0.014267407 0.00062292825 -10.479152)
(-0.013629519 0.00059507751 -10.357365)
(-0.012978524 0.00056665441 -10.235644)
(-0.012315085 0.00053768803 -10.113992)
(-0.011639928 0.00050821017 -9.9924099)
(-0.010955308 0.00047831917 -9.8709012)
(-0.01026369 0.00044812228 -9.7494515)
(-0.0095645683 0.00041759797 -9.6280753)
(-0.0088565774 0.00038668643 -9.5067775)
(-0.0081399031 0.00035539563 -9.3855529)
(-0.0074152189 0.00032375523 -9.2644023)
(-0.0066832169 0.00029179532 -9.1433263)
(-0.0059445638 0.00025954516 -9.0223213)
(-0.0051999805 0.00022703602 -8.9013921)
(-0.0044501731 0.00019429861 -8.7805432)
(-0.0036957998 0.00016136187 -8.659771)
(-0.0029375399 0.00012825543 -8.5390757)
(-0.0021760771 9.5009386e-05 -8.4184575)
(-0.0014121001 6.1653506e-05 -8.2979165)
(-0.00064624976 2.8215718e-05 -8.1774486)
(0.00012081209 -5.2748992e-06 -8.0570582)
(0.00088845586 -3.8790804e-05 -7.9367493)
(0.0016560036 -7.2302577e-05 -7.8165177)
(0.0024227768 -0.00010578038 -7.6963633)
(0.0031880991 -0.00013919512 -7.5762857)
(0.003951304 -0.00017251739 -7.4562804)
(0.0047116759 -0.00020571627 -7.3363517)
(0.0054686251 -0.00023876552 -7.216503)
(0.0062218962 -0.00027165384 -7.0967298)
(0.0069716055 -0.00030438678 -6.9770315)
(0.0077180903 -0.00033697914 -6.8574081)
(0.0084614905 -0.00036943676 -6.7378594)
(0.0092014394 -0.0004017435 -6.6183807)
(0.0099370085 -0.00043385936 -6.4989758)
(0.010667095 -0.00046573574 -6.3796474)
(0.011390743 -0.0004973307 -6.2603914)
(0.012107191 -0.00052861167 -6.1412068)
(0.012815849 -0.00055955193 -6.0220928)
(0.013516232 -0.00059013147 -5.9030483)
(0.014207935 -0.00062033181 -5.7840682)
(0.014890529 -0.00065013442 -5.6651562)
(0.015563621 -0.00067952253 -5.5463148)
(0.016226867 -0.00070848044 -5.4275392)
(0.016879918 -0.00073699338 -5.3088284)
(0.01752244 -0.00076504646 -5.1901812)
(0.018154114 -0.00079262596 -5.0715965)
(0.018774655 -0.0008197195 -4.9530688)
(0.019383746 -0.00084631288 -4.8346019)
(0.019981095 -0.00087239376 -4.7161978)
(0.020566453 -0.00089795117 -4.5978518)
(0.021139569 -0.00092297403 -4.4795625)
(0.021700203 -0.00094745173 -4.3613287)
(0.022248145 -0.00097137535 -4.2431446)
(0.022783154 -0.0009947345 -4.125014)
(0.023305014 -0.0010175193 -4.0069385)
(0.02381354 -0.0010397218 -3.8889135)
(0.024308548 -0.0010613342 -3.7709375)
(0.024789861 -0.0010823489 -3.6530089)
(0.025257314 -0.0011027585 -3.5351266)
(0.025710767 -0.0011225565 -3.4172846)
(0.026150051 -0.0011417363 -3.2994866)
(0.02657502 -0.0011602909 -3.1817342)
(0.026985553 -0.001178215 -3.0640226)
(0.027381523 -0.0011955034 -2.9463502)
(0.027762814 -0.0012121509 -2.8287155)
(0.028129316 -0.001228153 -2.711117)
(0.028480938 -0.0012435051 -2.5935489)
(0.028817568 -0.0012582026 -2.4760147)
(0.029139108 -0.0012722413 -2.3585154)
(0.029445478 -0.0012856177 -2.2410459)
(0.029736588 -0.0012983278 -2.1236034)
(0.030012349 -0.0013103675 -2.0061849)
(0.030272662 -0.0013217332 -1.8887859)
(0.030517419 -0.0013324196 -1.7713967)
(0.030746457 -0.0013424197 -1.6540155)
(0.030959557 -0.0013517239 -1.5366383)
(0.031156389 -0.0013603175 -1.4192581)
(0.031336387 -0.0013681765 -1.3018785)
(0.031498548 -0.0013752566 -1.1845142)
(0.031641852 -0.0013815133 -1.0672334)
(0.031762042 -0.001386761 -0.95004148)
(0.031853789 -0.0013907666 -0.8330965)
(0.031908364 -0.0013931494 -0.71709842)
(0.031913249 -0.0013933628 -0.60365238)
(0.031851677 -0.0013906743 -0.49495918)
(0.031700047 -0.0013840543 -0.39324288)
(0.03142038 -0.001371844 -0.29925504)
(0.030934387 -0.0013506246 -0.21646925)
(0.030013729 -0.0013104278 -0.13337221)
(0.02751305 -0.0012012459 -0.064479017)
(-0.027895974 0.0012179643 -22.086613)
(-0.031077977 0.0013568936 -19.129392)
(-0.031461807 0.001373652 -16.528978)
(-0.031578202 0.0013787339 -15.136776)
(-0.031680571 0.0013832036 -14.312549)
(-0.031783591 0.0013877016 -13.818024)
(-0.031828166 0.001389648 -13.516738)
(-0.0317825 0.0013876538 -13.315626)
(-0.031645186 0.0013816584 -13.16185)
(-0.03142675 0.0013721216 -13.028865)
(-0.03114076 0.0013596348 -12.904062)
(-0.030806948 0.0013450603 -12.784622)
(-0.030434158 0.0013287839 -12.667067)
(-0.030025629 0.0013109471 -12.548764)
(-0.029584269 0.0012916769 -12.429118)
(-0.029112 0.0012710573 -12.308282)
(-0.028610112 0.0012491445 -12.186575)
(-0.028079726 0.0012259875 -12.064412)
(-0.027521618 0.0012016198 -11.942037)
(-0.026936508 0.0011760733 -11.819594)
(-0.026325032 0.0011493757 -11.697131)
(-0.025687854 0.001121556 -11.574657)
(-0.025025742 0.0010926475 -11.452207)
(-0.024339459 0.0010626838 -11.329807)
(-0.023629741 0.0010316967 -11.207461)
(-0.022897364 0.00099972062 -11.085174)
(-0.022143124 0.0009667896 -10.96295)
(-0.02136783 0.00093293947 -10.840791)
(-0.020572288 0.00089820551 -10.718694)
(-0.01975737 0.00086262546 -10.596665)
(-0.018923959 0.00082623788 -10.47471)
(-0.0180729 0.00078907984 -10.352826)
(-0.017205054 0.00075118878 -10.231014)
(-0.016321544 0.00071261398 -10.109276)
(-0.01542538 0.00067348665 -9.9876195)
(-0.014519011 0.00063391381 -9.8660202)
(-0.01360196 0.00059387446 -9.7444951)
(-0.01267297 0.00055331385 -9.6230565)
(-0.011732094 0.00051223438 -9.5016954)
(-0.010780268 0.0004706767 -9.3804126)
(-0.0098184147 0.00042868124 -9.2592086)
(-0.0088474572 0.00038628834 -9.1380843)
(-0.0078682825 0.00034353669 -9.0170357)
(-0.0068818474 0.00030046799 -8.8960679)
(-0.0058890841 0.00025712293 -8.7751853)
(-0.0048908577 0.00021353933 -8.6543842)
(-0.0038880559 0.00016975608 -8.5336647)
(-0.0028815538 0.00012581137 -8.413027)
(-0.0018722186 8.1742907e-05 -8.2924713)
(-0.00086088481 3.7587211e-05 -8.1719933)
(0.00015151182 -6.615012e-06 -8.0515975)
(0.0011640211 -5.0821981e-05 -7.9312873)
(0.0021758464 -9.4999263e-05 -7.8110586)
(0.0031861144 -0.00013910828 -7.6909112)
(0.0041939175 -0.00018310992 -7.5708448)
(0.0051983816 -0.00022696575 -7.4508547)
(0.0061986427 -0.00027063835 -7.3309452)
(0.0071941272 -0.00031410226 -7.2111195)
(0.0081847669 -0.00035735446 -7.0913731)
(0.0091708557 -0.00040040786 -6.9717057)
(0.010152673 -0.00044327499 -6.8521172)
(0.011129989 -0.00048594564 -6.7326073)
(0.01210193 -0.00052838145 -6.6131706)
(0.013067132 -0.00057052325 -6.4938112)
(0.014024244 -0.0006123118 -6.3745317)
(0.014972198 -0.00065370017 -6.2553278)
(0.015910145 -0.00069465196 -6.1361983)
(0.016837406 -0.00073513667 -6.0171423)
(0.017753394 -0.00077512966 -5.8981587)
(0.018657612 -0.00081460863 -5.7792421)
(0.019549519 -0.00085355006 -5.6603964)
(0.02042862 -0.00089193266 -5.5416236)
(0.021294482 -0.00092973704 -5.4229192)
(0.022146667 -0.00096694431 -5.3042818)
(0.022984758 -0.0010035361 -5.1857103)
(0.023808355 -0.0010394952 -5.0672034)
(0.024617109 -0.0010748063 -4.9487556)
(0.025410623 -0.0011094517 -4.8303705)
(0.026188537 -0.0011434162 -4.71205)
(0.026950547 -0.0011766862 -4.5937895)
(0.027696342 -0.0012092485 -4.4755873)
(0.028425628 -0.0012410897 -4.3574421)
(0.029138154 -0.0012721992 -4.2393482)
(0.029833621 -0.0013025641 -4.1213092)
(0.030511767 -0.0013321725 -4.0033267)
(0.031172372 -0.001361015 -3.885396)
(0.031815214 -0.001389082 -3.7675154)
(0.032440083 -0.0014163645 -3.6496835)
(0.033046782 -0.0014428537 -3.5318988)
(0.03363515 -0.0014685423 -3.4141555)
(0.034204985 -0.001493422 -3.2964573)
(0.034756116 -0.001517485 -3.1788054)
(0.035288404 -0.001540725 -3.0611953)
(0.035801705 -0.0015631362 -2.943625)
(0.036295886 -0.0015847125 -2.8260933)
(0.036770822 -0.0016054489 -2.7085985)
(0.037226416 -0.0016253406 -2.5911347)
(0.037662542 -0.0016443822 -2.4737053)
(0.038079091 -0.0016625691 -2.3563115)
(0.038475977 -0.0016798974 -2.2389479)
(0.038853104 -0.0016963631 -2.1216118)
(0.039210371 -0.0017119615 -2.0043001)
(0.039547668 -0.0017266883 -1.8870084)
(0.039864868 -0.0017405376 -1.7697268)
(0.040161769 -0.0017535007 -1.6524536)
(0.040438093 -0.0017655653 -1.5351848)
(0.040693414 -0.0017767128 -1.4179131)
(0.040926988 -0.0017869109 -1.3006424)
(0.041137511 -0.0017961025 -1.1833872)
(0.041323659 -0.0018042297 -1.0662156)
(0.041479902 -0.0018110515 -0.94913355)
(0.041599326 -0.0018162655 -0.83229902)
(0.041670644 -0.0018193794 -0.71641052)
(0.041677746 -0.0018196896 -0.60307101)
(0.041599019 -0.0018162522 -0.49448052)
(0.041403769 -0.0018077275 -0.39286405)
(0.041042135 -0.0017919383 -0.29897493)
(0.040410909 -0.0017643783 -0.2162843)
(0.039209204 -0.0017119106 -0.13328235)
(0.035933284 -0.0015688812 -0.064466598)
(-0.035776105 0.0015620188 -22.087513)
(-0.039943271 0.0017439609 -19.13043)
(-0.040456452 0.0017663669 -16.52962)
(-0.040599792 0.0017726253 -15.136894)
(-0.040712646 0.0017775525 -14.312061)
(-0.040822898 0.0017823662 -13.817026)
(-0.040858627 0.0017839263 -13.515367)
(-0.040780407 0.0017805109 -13.313963)
(-0.040586867 0.0017720608 -13.159944)
(-0.040291472 0.0017591637 -13.026737)
(-0.039911346 0.0017425671 -12.901717)
(-0.039471498 0.0017233629 -12.782092)
(-0.038982719 0.0017020225 -12.664356)
(-0.038448859 0.0016787136 -12.54587)
(-0.037873476 0.001653592 -12.426035)
(-0.037258969 0.0016267621 -12.305008)
(-0.036606921 0.0015982932 -12.183107)
(-0.035918787 0.0015682484 -12.06075)
(-0.035195572 0.0015366719 -11.938181)
(-0.034438213 0.0015036048 -11.815547)
(-0.03364755 0.0014690838 -11.692899)
(-0.032824447 0.0014331465 -11.570244)
(-0.031969906 0.0013958364 -11.447618)
(-0.03108493 0.0013571974 -11.325047)
(-0.030170482 0.0013172716 -11.202535)
(-0.029227579 0.0012761036 -11.080088)
(-0.028257263 0.0012337388 -10.95771)
(-0.027260593 0.0011902232 -10.835403)
(-0.026238623 0.001145603 -10.713164)
(-0.025192492 0.0010999282 -10.590999)
(-0.024123345 0.001053248 -10.468915)
(-0.023032268 0.0010056106 -10.346908)
(-0.02192155 0.00095711575 -10.22498)
(-0.020794825 0.00090792183 -10.10314)
(-0.019653777 0.00085810266 -9.9813589)
(-0.018497832 0.00080763306 -9.8596622)
(-0.017325917 0.00075646584 -9.7380501)
(-0.016138434 0.00070461959 -9.6165256)
(-0.014936536 0.00065214356 -9.4950851)
(-0.013721421 0.00059909051 -9.3737293)
(-0.012494292 0.00054551268 -9.252459)
(-0.011256342 0.00049146276 -9.1312748)
(-0.010008717 0.00043699035 -9.0101729)
(-0.008752648 0.00038214926 -8.8891581)
(-0.0074893441 0.0003269921 -8.768235)
(-0.0062199291 0.00027156845 -8.6473996)
(-0.0049455562 0.000215928 -8.526652)
(-0.0036673631 0.00016012084 -8.4059924)
(-0.0023864738 0.00010419585 -8.2854208)
(-0.0011039617 4.8200081e-05 -8.1649328)
(0.00017899956 -7.8151783e-06 -8.0445333)
(0.0014612574 -6.3799743e-05 -7.9242252)
(0.0027417764 -0.00011970845 -7.8040041)
(0.0040194433 -0.00017549229 -7.6838697)
(0.0052931095 -0.00023110178 -7.5638216)
(0.0065617348 -0.00028649124 -7.4438551)
(0.0078244529 -0.00034162243 -7.3239743)
(0.0090809141 -0.00039648068 -7.2041823)
(0.010331337 -0.00045107573 -7.0844747)
(0.011576018 -0.00050541948 -6.9648514)
(0.012814793 -0.00055950556 -6.845312)
(0.014046739 -0.00061329379 -6.7258556)
(0.015270389 -0.00066671946 -6.6064769)
(0.016484056 -0.00071970932 -6.4871797)
(0.017686284 -0.00077219982 -6.3679667)
(0.018875984 -0.00082414297 -6.2488331)
(0.020052259 -0.00087549988 -6.1297776)
(0.021214355 -0.00092623821 -6.0107993)
(0.022361597 -0.00097632794 -5.8918968)
(0.023493398 -0.0010257434 -5.7730647)
(0.024609112 -0.0010744567 -5.6543067)
(0.025708148 -0.0011224415 -5.5356247)
(0.026789992 -0.0011696759 -5.417014)
(0.027854126 -0.0012161371 -5.2984732)
(0.028900056 -0.0012618032 -5.1800009)
(0.029927314 -0.0013066543 -5.0615959)
(0.030935492 -0.0013506723 -4.9432524)
(0.031924128 -0.001393837 -4.824974)
(0.032892802 -0.0014361302 -4.7067624)
(0.033841161 -0.0014775366 -4.5886128)
(0.03476885 -0.0015180403 -4.4705236)
(0.035675531 -0.0015576269 -4.3524933)
(0.036560917 -0.0015962837 -4.234516)
(0.037424671 -0.001633996 -4.1165954)
(0.038266496 -0.0016707509 -3.9987329)
(0.039086148 -0.0017065377 -3.8809236)
(0.03988338 -0.0017413456 -3.7631659)
(0.040657963 -0.0017751647 -3.6454582)
(0.041409684 -0.0018079856 -3.5277991)
(0.04213837 -0.0018398007 -3.4101824)
(0.042843804 -0.0018706007 -3.2926119)
(0.043525801 -0.0019003773 -3.1750888)
(0.044184217 -0.0019291239 -3.0576083)
(0.044818902 -0.0019568349 -2.9401687)
(0.045429719 -0.0019835038 -2.8227684)
(0.046016544 -0.0020091251 -2.7054057)
(0.046579282 -0.0020336949 -2.5880748)
(0.047117805 -0.0020572074 -2.4707789)
(0.047632002 -0.0020796577 -2.3535192)
(0.048121792 -0.0021010424 -2.2362902)
(0.048587079 -0.0021213575 -2.1190893)
(0.049027764 -0.0021405981 -2.0019132)
(0.049443728 -0.0021587593 -1.8847576)
(0.049834832 -0.002175835 -1.7676124)
(0.050200846 -0.0021918156 -1.6504761)
(0.050541438 -0.0022066865 -1.5333444)
(0.050856097 -0.002220425 -1.4162102)
(0.051143925 -0.0022329919 -1.2990772)
(0.051403342 -0.002244318 -1.18196)
(0.051632781 -0.0022543355 -1.0649267)
(0.05182548 -0.0022627493 -0.94798382)
(0.051972999 -0.0022691901 -0.83128924)
(0.052061493 -0.0022730536 -0.71553963)
(0.052071093 -0.0022734729 -0.60233493)
(0.051974916 -0.0022692739 -0.49387432)
(0.051734379 -0.0022587716 -0.39238423)
(0.051286271 -0.0022392067 -0.29862035)
(0.050499513 -0.0022048563 -0.21605089)
(0.048993343 -0.0021390956 -0.13316929)
(0.044876977 -0.0019593711 -0.064451969)
(-0.044672676 0.001950451 -22.088745)
(-0.049990595 0.0021826364 -19.131847)
(-0.050660432 0.0022118821 -16.530514)
(-0.050833136 0.0022194224 -15.1371)
(-0.050953486 0.0022246771 -14.311481)
(-0.051066093 0.0022295937 -13.81578)
(-0.051085666 0.0022304484 -13.513637)
(-0.050965119 0.0022251849 -13.311854)
(-0.050703695 0.0022137709 -13.15752)
(-0.050318243 0.0021969418 -13.024028)
(-0.049829642 0.002175609 -12.89873)
(-0.049268602 0.0021511134 -12.778867)
(-0.048647745 0.0021240062 -12.6609)
(-0.047971326 0.0020944731 -12.54218)
(-0.047243443 0.002062693 -12.422105)
(-0.046466945 0.0020287905 -12.300839)
(-0.045643672 0.0019928457 -12.178694)
(-0.044775456 0.0019549385 -12.056091)
(-0.043863585 0.0019151253 -11.93328)
(-0.042909274 0.0018734592 -11.810408)
(-0.041913632 0.0018299885 -11.687528)
(-0.040877791 0.0017847627 -11.564647)
(-0.039803066 0.0017378393 -11.441801)
(-0.038690774 0.0016892756 -11.319017)
(-0.03754218 0.0016391269 -11.1963)
(-0.036358618 0.0015874515 -11.073655)
(-0.035141442 0.0015343083 -10.951087)
(-0.033892037 0.0014797581 -10.828596)
(-0.032611769 0.0014238605 -10.706182)
(-0.031302089 0.0013666787 -10.583851)
(-0.029965051 0.0013083022 -10.461607)
(-0.028604715 0.0012489087 -10.339455)
(-0.027224103 0.0011886299 -10.217383)
(-0.025823785 0.0011274907 -10.095385)
(-0.024403227 0.0010654678 -9.9734858)
(-0.022961606 0.0010025254 -9.8516719)
(-0.021500095 0.00093871438 -9.7299486)
(-0.020020247 0.0008741029 -9.6083212)
(-0.018523543 0.00080875536 -9.4867863)
(-0.017011507 0.0007427384 -9.3653445)
(-0.015485665 0.00067611869 -9.2439965)
(-0.013947538 0.00060896256 -9.122743)
(-0.01239858 0.00054133366 -9.0015799)
(-0.010840353 0.00047330009 -8.8805122)
(-0.0092743951 0.00040492879 -8.7595441)
(-0.0077021283 0.00033628207 -8.6386717)
(-0.0061249988 0.00026742312 -8.5178951)
(-0.004544427 0.00019841396 -8.3972141)
(-0.0029618151 0.00012931566 -8.2766288)
(-0.0013784959 6.0186463e-05 -8.1561347)
(0.00020409274 -8.9108571e-06 -8.0357365)
(0.0017845503 -7.7915041e-05 -7.9154365)
(0.003361521 -0.00014676708 -7.7952303)
(0.004933602 -0.00021540549 -7.6751176)
(0.0064994781 -0.00028377307 -7.5550978)
(0.0080582019 -0.00035182845 -7.435166)
(0.0096092528 -0.00041954895 -7.3153264)
(0.011152669 -0.00048693596 -7.1955819)
(0.012688692 -0.00055400011 -7.0759287)
(0.014217037 -0.00062072899 -6.9563661)
(0.015736601 -0.00068707458 -6.8368931)
(0.017245631 -0.00075296034 -6.7175087)
(0.018742255 -0.00081830427 -6.5982072)
(0.020224702 -0.00088302942 -6.4789926)
(0.021691565 -0.00094707415 -6.3598669)
(0.023141789 -0.0010103921 -6.2408254)
(0.024574449 -0.0010729435 -6.1218665)
(0.025988721 -0.0011346917 -6.0029891)
(0.027383843 -0.0011956041 -5.8841916)
(0.028759146 -0.0012556511 -5.7654685)
(0.030113889 -0.0013148004 -5.6468233)
(0.031447391 -0.0013730225 -5.5282577)
(0.032759069 -0.0014302916 -5.4097669)
(0.034048334 -0.0014865821 -5.2913493)
(0.03531463 -0.0015418698 -5.1730033)
(0.036557435 -0.0015961319 -5.0547275)
(0.037776297 -0.0016493486 -4.936516)
(0.038970699 -0.0017014973 -4.8183724)
(0.040140179 -0.0017525579 -4.700298)
(0.041284356 -0.0018025137 -4.582288)
(0.04240284 -0.0018513479 -4.4643406)
(0.043495272 -0.0018990444 -4.3464542)
(0.04456135 -0.0019455904 -4.2286228)
(0.045600716 -0.0019909701 -4.1108499)
(0.046613057 -0.0020351698 -3.9931368)
(0.047598129 -0.0020781788 -3.8754787)
(0.048555681 -0.0021199864 -3.7578735)
(0.049485484 -0.0021605826 -3.6403198)
(0.050387326 -0.0021999579 -3.5228159)
(0.051261046 -0.0022381053 -3.4053557)
(0.052106427 -0.0022750155 -3.2879428)
(0.05292329 -0.0023106805 -3.1705782)
(0.053711505 -0.0023450947 -3.0532573)
(0.054470936 -0.0023782521 -2.9359781)
(0.055201457 -0.0024101474 -2.8187389)
(0.055902961 -0.0024407758 -2.7015382)
(0.056575372 -0.0024701339 -2.5843697)
(0.057218571 -0.0024982166 -2.467237)
(0.057832464 -0.0025250197 -2.3501409)
(0.058416987 -0.0025505405 -2.2330761)
(0.058972056 -0.0025747753 -2.1160397)
(0.05949758 -0.00259772 -1.9990286)
(0.059993444 -0.00261937 -1.8820383)
(0.060459509 -0.0026397189 -1.7650587)
(0.060895518 -0.0026587555 -1.6480883)
(0.061301098 -0.0026764636 -1.5311229)
(0.061675658 -0.0026928171 -1.4141552)
(0.062018159 -0.0027077711 -1.297189)
(0.062326763 -0.002721245 -1.1802389)
(0.0625997 -0.0027331616 -1.0633727)
(0.062828983 -0.0027431724 -0.94659808)
(0.063004657 -0.0027508423 -0.83007269)
(0.063110266 -0.0027554533 -0.71449087)
(0.06312199 -0.0027559653 -0.60144886)
(0.063007252 -0.0027509556 -0.49314487)
(0.06271876 -0.0027383599 -0.39180714)
(0.062178388 -0.0027147668 -0.29819427)
(0.061224022 -0.0026730982 -0.21577069)
(0.059387205 -0.0025929009 -0.13303378)
(0.054359991 -0.0023734083 -0.064433847)
(-0.054857535 0.0023951315 -22.090294)
(-0.061547419 0.0026872181 -19.133627)
(-0.062415507 0.0027251197 -16.531656)
(-0.062624597 0.0027342487 -15.137388)
(-0.062749932 0.002739721 -14.310783)
(-0.062859083 0.0027444867 -13.814242)
(-0.062853281 0.0027442334 -13.511488)
(-0.06267762 0.0027365637 -13.309225)
(-0.062332573 0.0027214986 -13.154492)
(-0.061838962 0.0026999472 -13.020639)
(-0.061221791 0.0026730009 -12.894989)
(-0.060518166 0.00264228 -12.774827)
(-0.059742477 0.0026084127 -12.656568)
(-0.058899207 0.0025715946 -12.537555)
(-0.057992932 0.0025320258 -12.417183)
(-0.057026922 0.0024898489 -12.295616)
(-0.056003299 0.0024451567 -12.173167)
(-0.054924321 0.0023980475 -12.05026)
(-0.053791613 0.0023485923 -11.927148)
(-0.052606738 0.0022968596 -11.80398)
(-0.051371149 0.0022429126 -11.680814)
(-0.050086321 0.0021868158 -11.557653)
(-0.048753971 0.0021286442 -11.434538)
(-0.047375817 0.0020684727 -11.311492)
(-0.045953507 0.0020063733 -11.188523)
(-0.044488781 0.0019424221 -11.065636)
(-0.0429834 0.0018766956 -10.942835)
(-0.041439132 0.0018092714 -10.820123)
(-0.039858157 0.0017402446 -10.697496)
(-0.038245185 0.0016698208 -10.574966)
(-0.036604281 0.0015981773 -10.452537)
(-0.034936232 0.0015253487 -10.33018)
(-0.033241856 0.0014513706 -10.207931)
(-0.031520293 0.0013762056 -10.08578)
(-0.029771951 0.0012998714 -9.9637295)
(-0.027998696 0.0012224495 -9.8417747)
(-0.026202523 0.0011440268 -9.7199213)
(-0.024385422 0.0010646905 -9.5981745)
(-0.022549267 0.0009845222 -9.4765308)
(-0.020695982 0.00090360604 -9.3549909)
(-0.018827482 0.00082202551 -9.2335553)
(-0.016945665 0.00073986361 -9.1122246)
(-0.01505235 0.00065719973 -8.9909947)
(-0.013149478 0.00057411862 -8.8698704)
(-0.011238943 0.0004907028 -8.7488557)
(-0.0093224953 0.00040702886 -8.6279467)
(-0.0074019055 0.00032317407 -8.5071431)
(-0.0054789156 0.00023921463 -8.3864448)
(-0.0035552434 0.00015522532 -8.2658516)
(-0.0016325284 7.1277834e-05 -8.1453587)
(0.00028741692 -1.2548828e-05 -8.0249707)
(0.0022028495 -9.6178325e-05 -7.9046895)
(0.0041120998 -0.00017953798 -7.7845109)
(0.0060136375 -0.00026256079 -7.6644339)
(0.0079063603 -0.00034519881 -7.5444581)
(0.0097898319 -0.00042743304 -7.4245783)
(0.011663942 -0.00050925852 -7.3047988)
(0.013528583 -0.00059067053 -7.1851228)
(0.015383143 -0.00067164235 -7.0655457)
(0.017226123 -0.00075210855 -6.9460662)
(0.019055435 -0.00083197802 -6.826683)
(0.020868885 -0.000911155 -6.7073948)
(0.022664608 -0.00098955788 -6.5881958)
(0.024440961 -0.0010671152 -6.4690895)
(0.026196633 -0.0011437696 -6.3500778)
(0.027930591 -0.0012194758 -6.2311556)
(0.029641868 -0.0012941918 -6.1123213)
(0.03132957 -0.0013678782 -5.9935733)
(0.032992858 -0.001440499 -5.87491)
(0.034631 -0.0015120218 -5.7563256)
(0.036243173 -0.0015824107 -5.6378234)
(0.037828631 -0.0016516334 -5.5194049)
(0.039386742 -0.0017196621 -5.401065)
(0.040916873 -0.001786469 -5.2828019)
(0.042418429 -0.0018520283 -5.1646139)
(0.043890854 -0.0019163158 -5.0464993)
(0.045333682 -0.0019793111 -4.928452)
(0.046746366 -0.0020409902 -4.8104755)
(0.048128424 -0.0021013322 -4.6925709)
(0.049479469 -0.0021603202 -4.5747332)
(0.05079911 -0.002217937 -4.4569604)
(0.052086988 -0.0022741669 -4.3392508)
(0.053342819 -0.0023289976 -4.2215982)
(0.054566247 -0.0023824137 -4.1040059)
(0.055756977 -0.002434402 -3.9864752)
(0.056914787 -0.002484953 -3.869001)
(0.058039451 -0.0025340568 -3.7515812)
(0.059130763 -0.0025817046 -3.6342142)
(0.06018854 -0.0026278881 -3.5168982)
(0.061212655 -0.002672602 -3.3996271)
(0.062202917 -0.0027158378 -3.2824042)
(0.063159176 -0.002757589 -3.1652307)
(0.064081342 -0.0027978515 -3.0481016)
(0.064969311 -0.0028366211 -2.9310149)
(0.065822996 -0.0028738938 -2.8139689)
(0.066642324 -0.0029096665 -2.6969619)
(0.067427261 -0.0029439376 -2.5799877)
(0.068177719 -0.0029767033 -2.4630498)
(0.068893638 -0.003007961 -2.3461488)
(0.069574989 -0.0030377094 -2.2292795)
(0.070221719 -0.0030659462 -2.112439)
(0.070833764 -0.0030926685 -1.995624)
(0.071411027 -0.0031178724 -1.8788301)
(0.071953381 -0.0031415522 -1.7620472)
(0.072460559 -0.0031636961 -1.6452737)
(0.07293216 -0.0031842867 -1.5285055)
(0.07336753 -0.0032032952 -1.4117352)
(0.073765504 -0.0032206712 -1.2949666)
(0.074124016 -0.0032363241 -1.1782143)
(0.074441143 -0.0032501701 -1.0615463)
(0.074707686 -0.0032618077 -0.94497086)
(0.074912176 -0.0032707358 -0.82864584)
(0.075035451 -0.0032761182 -0.71326265)
(0.075049453 -0.0032767296 -0.60041311)
(0.07491528 -0.0032708714 -0.49229415)
(0.074575697 -0.003256045 -0.39113608)
(0.073935339 -0.0032280863 -0.29770079)
(0.072796501 -0.0031783635 -0.21544815)
(0.070592075 -0.0030821161 -0.13287936)
(0.064556213 -0.0028185849 -0.064414767)
(-0.066661034 0.0029104833 -22.092332)
(-0.075017467 0.0032753331 -19.135954)
(-0.076145042 0.003324564 -16.533153)
(-0.076403856 0.003335864 -15.137801)
(-0.076532136 0.003341465 -14.309953)
(-0.076629718 0.0033457255 -13.81235)
(-0.076585022 0.0033437741 -13.508825)
(-0.076335456 0.0033328776 -13.305962)
(-0.075883753 0.0033131558 -13.15073)
(-0.075255659 0.0032857328 -13.016428)
(-0.074480949 0.0032519082 -12.890344)
(-0.07360415 0.0032136263 -12.76981)
(-0.072641381 0.0031715909 -12.651192)
(-0.071597172 0.0031259997 -12.531819)
(-0.070476508 0.0030770705 -12.411081)
(-0.069283063 0.0030249636 -12.289146)
(-0.068019281 0.0029697857 -12.166324)
(-0.066687896 0.0029116562 -12.043045)
(-0.065290954 0.0028506644 -11.919564)
(-0.063830452 0.0027868975 -11.796035)
(-0.062308286 0.0027204383 -11.672519)
(-0.060726376 0.0026513706 -11.54902)
(-0.059086942 0.0025797914 -11.425576)
(-0.057392216 0.0025057981 -11.302214)
(-0.055644347 0.0024294845 -11.17894)
(-0.053845548 0.0023509473 -11.055762)
(-0.051998638 0.0022703094 -10.932681)
(-0.050109206 0.002187815 -10.809704)
(-0.048181924 0.0021036681 -10.686834)
(-0.046217755 0.0020179106 -10.564039)
(-0.044218655 0.001930628 -10.441368)
(-0.04218405 0.0018417952 -10.318807)
(-0.040114028 0.0017514161 -10.196356)
(-0.038010871 0.0016595903 -10.074017)
(-0.035877024 0.0015664246 -9.9517912)
(-0.033714867 0.0014720229 -9.8296749)
(-0.031526931 0.0013764955 -9.7076737)
(-0.029315735 0.0012799525 -9.5857926)
(-0.027083646 0.0011824975 -9.464028)
(-0.024833099 0.0010842365 -9.3423805)
(-0.022566507 0.00098527491 -9.2208505)
(-0.020286258 0.00088571707 -9.0994384)
(-0.017994621 0.00078566206 -8.9781397)
(-0.015693985 0.00068521418 -8.8569594)
(-0.013386659 0.00058447406 -8.7359009)
(-0.011074765 0.00048353452 -8.6149603)
(-0.0087604532 0.00038248951 -8.4941371)
(-0.0064458591 0.00028143225 -8.3734307)
(-0.0041331259 0.00018045619 -8.2528407)
(-0.0018243529 7.9653045e-05 -8.1323623)
(0.00047816373 -2.0877026e-05 -8.0119995)
(0.0027724581 -0.000121048 -7.8917539)
(0.0050569605 -0.00022079157 -7.7716214)
(0.0073306368 -0.00032006225 -7.6516009)
(0.009593004 -0.00041883935 -7.5316918)
(0.01184385 -0.0005171134 -7.4118889)
(0.014082445 -0.00061485267 -7.2921965)
(0.016307367 -0.00071199491 -7.1726166)
(0.018516593 -0.00080845176 -7.0531441)
(0.020707679 -0.00090411653 -6.9337771)
(0.022878246 -0.00099888553 -6.8145141)
(0.025026242 -0.0010926691 -6.6953535)
(0.02715005 -0.0011853965 -6.5762889)
(0.029248174 -0.0012770027 -6.4573239)
(0.031319339 -0.0013674317 -6.3384596)
(0.033362496 -0.0014566378 -6.2196909)
(0.035376619 -0.0015445763 -6.1010158)
(0.037360748 -0.0016312051 -5.9824325)
(0.039313984 -0.0017164853 -5.8639392)
(0.041235546 -0.0018003824 -5.7455295)
(0.043124556 -0.0018828584 -5.6272067)
(0.044980229 -0.0019638789 -5.5089719)
(0.046801913 -0.0020434154 -5.3908197)
(0.048588958 -0.0021214395 -5.2727482)
(0.050340762 -0.0021979249 -5.1547554)
(0.052056767 -0.0022728473 -5.0368393)
(0.053736519 -0.0023461869 -4.9189936)
(0.055379475 -0.0024179198 -4.8012215)
(0.056985166 -0.0024880258 -4.6835239)
(0.058553239 -0.0025564894 -4.5658956)
(0.060083334 -0.0026232948 -4.4483345)
(0.061575133 -0.0026884281 -4.3308387)
(0.063028407 -0.0027518794 -4.2134016)
(0.064442843 -0.0028136351 -4.0960267)
(0.065818194 -0.0028736841 -3.9787148)
(0.067154299 -0.0029320196 -3.8614608)
(0.06845099 -0.0029886344 -3.7442624)
(0.069708122 -0.0030435219 -3.6271179)
(0.070925575 -0.0030966771 -3.5100254)
(0.072103293 -0.0031480974 -3.3929786)
(0.073241145 -0.0031977772 -3.2759808)
(0.07433905 -0.0032457127 -3.1590329)
(0.075396986 -0.0032919031 -3.04213)
(0.076414921 -0.0033363471 -2.9252699)
(0.07739284 -0.003379044 -2.8084509)
(0.078330738 -0.0034199936 -2.6916712)
(0.079228658 -0.0034591976 -2.5749245)
(0.080086574 -0.003496655 -2.4582142)
(0.080904494 -0.0035323661 -2.341541)
(0.081682455 -0.0035663327 -2.2248995)
(0.082420467 -0.0035985549 -2.1082869)
(0.083118521 -0.0036290325 -1.9916998)
(0.083776571 -0.0036577637 -1.8751338)
(0.08439453 -0.0036847444 -1.7585789)
(0.084972149 -0.0037099638 -1.6420334)
(0.085509024 -0.0037334043 -1.5254932)
(0.086004469 -0.0037550358 -1.408951)
(0.086457223 -0.0037748035 -1.2924104)
(0.086865032 -0.0037926088 -1.1758863)
(0.087225891 -0.0038083643 -1.0594465)
(0.087529418 -0.0038216165 -0.94310041)
(0.08776265 -0.0038317996 -0.8270058)
(0.087903652 -0.0038379558 -0.71185079)
(0.087919845 -0.0038386629 -0.59922202)
(0.087765338 -0.0038319169 -0.49131506)
(0.087371605 -0.0038147263 -0.39036285)
(0.086623457 -0.0037820615 -0.29713129)
(0.085282492 -0.0037235136 -0.21507528)
(0.082670876 -0.0036094879 -0.1327004)
(0.075519647 -0.0032972587 -0.064392735)
(-0.080508281 0.0035150669 -22.094918)
(-0.090878021 0.0039678196 -19.138902)
(-0.092325474 0.0040310168 -16.535059)
(-0.092641293 0.0040448057 -15.138352)
(-0.092765023 0.0040502078 -14.308954)
(-0.092838453 0.0040534138 -13.810022)
(-0.092736976 0.0040489831 -13.505535)
(-0.092389678 0.0040338199 -13.301922)
(-0.091802315 0.0040081751 -13.14607)
(-0.091006418 0.0039734255 -13.011213)
(-0.090037153 0.0039311065 -12.884592)
(-0.088947714 0.0038835407 -12.763601)
(-0.087755897 0.0038315048 -12.644542)
(-0.086466096 0.0037751908 -12.524728)
(-0.085083679 0.0037148331 -12.403542)
(-0.083612762 0.0036506115 -12.281157)
(-0.082056186 0.0035826501 -12.157881)
(-0.080417288 0.0035110942 -12.034147)
(-0.078698668 0.0034360576 -11.910219)
(-0.076902906 0.003357653 -11.786251)
(-0.075032496 0.0032759892 -11.662312)
(-0.073089939 0.0031911753 -11.538403)
(-0.07107814 0.0031033382 -11.414563)
(-0.068999964 0.0030126032 -11.290821)
(-0.066859285 0.0029191392 -11.167183)
(-0.064663055 0.0028232497 -11.043658)
(-0.062416413 0.0027251592 -10.920254)
(-0.060120245 0.0026249063 -10.796935)
(-0.057777351 0.0025226134 -10.673744)
(-0.055387664 0.0024182774 -10.550678)
(-0.052951475 0.0023119111 -10.42774)
(-0.050471499 0.0022036329 -10.304929)
(-0.047950866 0.0020935797 -10.182245)
(-0.045392712 0.0019818884 -10.059691)
(-0.042800175 0.0018686958 -9.9372661)
(-0.040176297 0.0017541348 -9.8149685)
(-0.037524304 0.0016383463 -9.6928032)
(-0.0348474 0.0015214701 -9.5707748)
(-0.032148599 0.0014036379 -9.4488799)
(-0.029430955 0.0012849831 -9.3271187)
(-0.026697469 0.0011656365 -9.2054913)
(-0.023951071 0.0010457262 -9.0839979)
(-0.021194518 0.0009253725 -8.9626338)
(-0.0184307 0.00080470153 -8.8414037)
(-0.015662423 0.00068383591 -8.7203108)
(-0.012892307 0.00056289 -8.5993507)
(-0.010123047 0.0004419816 -8.4785226)
(-0.0073573487 0.00032122865 -8.3578257)
(-0.0045978822 0.00020074779 -8.2372592)
(-0.0018470775 8.0645066e-05 -8.1168182)
(0.00089277 -3.8979191e-05 -7.9965059)
(0.0036202568 -0.00015806374 -7.8763234)
(0.0063344629 -0.00027656856 -7.7562667)
(0.0090346294 -0.00039446047 -7.6363346)
(0.011719769 -0.00051169616 -7.5165261)
(0.014388379 -0.0006282102 -7.3968355)
(0.017038075 -0.00074389833 -7.2772659)
(0.019666085 -0.0008586397 -7.1578185)
(0.022269729 -0.00097231736 -7.038488)
(0.024846529 -0.0010848228 -6.919272)
(0.027394386 -0.0011960644 -6.8001686)
(0.029911542 -0.0013059658 -6.6811756)
(0.032396573 -0.0014144647 -6.5622865)
(0.034848027 -0.0015214975 -6.4435043)
(0.037264621 -0.0016270083 -6.3248297)
(0.039645271 -0.0017309496 -6.2062575)
(0.041988912 -0.0018332753 -6.087785)
(0.044294549 -0.0019339416 -5.9694102)
(0.046561256 -0.002032908 -5.8511308)
(0.048788252 -0.0021301408 -5.7329402)
(0.050974646 -0.0022256009 -5.6148413)
(0.05311966 -0.0023192541 -5.4968347)
(0.055222668 -0.0024110735 -5.378915)
(0.057283051 -0.0025010317 -5.2610797)
(0.059300245 -0.0025891043 -5.1433265)
(0.061273739 -0.0026752689 -5.0256533)
(0.063203147 -0.0027595086 -4.9080534)
(0.065087977 -0.0028418021 -4.7905297)
(0.066927836 -0.0029221321 -4.6730829)
(0.068722457 -0.0030004869 -4.5557075)
(0.070471571 -0.0030768549 -4.4384012)
(0.072174954 -0.0031512262 -4.3211618)
(0.073832482 -0.0032235954 -4.2039827)
(0.075443934 -0.0032939529 -4.086867)
(0.077009163 -0.0033622924 -3.9698153)
(0.078528118 -0.0034286113 -3.8528224)
(0.080000735 -0.0034929071 -3.7358859)
(0.081426978 -0.0035551781 -3.6190039)
(0.082806835 -0.0036154241 -3.5021743)
(0.084140366 -0.0036736473 -3.3853907)
(0.085427542 -0.0037298467 -3.2686563)
(0.086668391 -0.0037840233 -3.1519719)
(0.087863003 -0.0038361813 -3.0353324)
(0.089011454 -0.0038863236 -2.9187357)
(0.090113835 -0.0039344546 -2.8021799)
(0.091170247 -0.0039805786 -2.6856631)
(0.092180841 -0.0040247021 -2.569179)
(0.093145687 -0.0040668282 -2.4527309)
(0.094064888 -0.0041069613 -2.3363195)
(0.09493858 -0.0041451075 -2.2199394)
(0.095766859 -0.0041812709 -2.1035877)
(0.096549799 -0.0042154549 -1.987261)
(0.097287427 -0.0042476604 -1.870955)
(0.097979717 -0.0042778865 -1.7546597)
(0.098626458 -0.0043061239 -1.6383734)
(0.099227264 -0.0043323556 -1.522092)
(0.099781435 -0.0043565512 -1.4058083)
(0.10028764 -0.0043786526 -1.2895258)
(0.10074348 -0.0043985548 -1.1732596)
(0.10114693 -0.0044161699 -1.0570772)
(0.10148645 -0.0044309934 -0.94098955)
(0.10174757 -0.0044423945 -0.82515425)
(0.10190546 -0.004449288 -0.71025564)
(0.10192258 -0.0044500354 -0.59787455)
(0.1017451 -0.0044422867 -0.49020531)
(0.10129138 -0.0044224767 -0.38948433)
(0.10042298 -0.0043845617 -0.29648256)
(0.098854318 -0.0043160723 -0.21464934)
(0.095781853 -0.0041819255 -0.1324953)
(0.08737964 -0.0038150772 -0.064367044)
(-0.096863602 0.0042291556 -22.098198)
(-0.10970258 0.0047897176 -19.14263)
(-0.11156289 0.0048709404 -16.537494)
(-0.11195423 0.0048880268 -15.139105)
(-0.11206752 0.004892973 -14.307776)
(-0.11210085 0.0048944281 -13.807178)
(-0.11191785 0.0048864379 -13.501483)
(-0.11143929 0.0048655437 -13.296933)
(-0.1106755 0.004832196 -13.140307)
(-0.10966528 0.0047880889 -13.00476)
(-0.10845018 0.0047350363 -12.877475)
(-0.10709379 0.0046758151 -12.755919)
(-0.10561549 0.0046112712 -12.636318)
(-0.10401929 0.0045415798 -12.515965)
(-0.10231087 0.0044669888 -12.394232)
(-0.10049482 0.0043876982 -12.271298)
(-0.098574437 0.0043038522 -12.147468)
(-0.096553833 0.0042156308 -12.023182)
(-0.094436343 0.0041231792 -11.89871)
(-0.092225328 0.0040266443 -11.774212)
(-0.089924123 0.0039261716 -11.649762)
(-0.087535992 0.0038219037 -11.525359)
(-0.085067085 0.0037141089 -11.401046)
(-0.082526128 0.0036031682 -11.276854)
(-0.079917924 0.0034892916 -11.152787)
(-0.077243692 0.003372532 -11.028815)
(-0.074507329 0.0032530599 -10.904997)
(-0.071708849 0.0031308757 -10.781319)
(-0.068848886 0.0030060071 -10.657779)
(-0.065931288 0.0028786219 -10.534383)
(-0.062960198 0.0027489013 -10.411138)
(-0.05993959 0.0026170189 -10.288041)
(-0.056873532 0.0024831519 -10.165095)
(-0.053766088 0.0023474779 -10.042299)
(-0.050621311 0.0022101739 -9.9196556)
(-0.047443112 0.0020714108 -9.7971609)
(-0.044235584 0.0019313671 -9.6748201)
(-0.04100273 0.0017902177 -9.5526375)
(-0.03774829 0.0016481257 -9.4306094)
(-0.03447601 0.0015052549 -9.3087357)
(-0.031189552 0.0013617651 -9.1870163)
(-0.027892501 0.0012178127 -9.0654508)
(-0.02458826 0.0010735466 -8.9440343)
(-0.021280441 0.00092912416 -8.8227708)
(-0.017972591 0.00078470028 -8.7016631)
(-0.014668034 0.00064042027 -8.5807062)
(-0.011370047 0.00049642692 -8.4598991)
(-0.0080815899 0.00035284957 -8.3392405)
(-0.0048051224 0.00020979608 -8.2187295)
(-0.0015424993 6.7346872e-05 -8.0983611)
(0.0017041433 -7.4404666e-05 -7.9781368)
(0.004933898 -0.00021541862 -7.858058)
(0.0081451026 -0.00035562291 -7.7381207)
(0.011335412 -0.00049491492 -7.6183226)
(0.014501996 -0.00063317089 -7.4986613)
(0.017641835 -0.00077025907 -7.3791301)
(0.020751675 -0.00090603779 -7.2597316)
(0.023828595 -0.001040379 -7.1404663)
(0.026870209 -0.0011731787 -7.0213282)
(0.02987442 -0.0013043454 -6.9023146)
(0.032839409 -0.0014337996 -6.7834227)
(0.03576356 -0.0015614707 -6.6646502)
(0.038645514 -0.0016872995 -6.5459898)
(0.041483802 -0.0018112217 -6.4274442)
(0.044277126 -0.001933181 -6.3090136)
(0.047024406 -0.0020531299 -6.190692)
(0.049724586 -0.0021710222 -6.0724767)
(0.052376694 -0.0022868157 -5.9543649)
(0.054979845 -0.0024004717 -5.8363539)
(0.057533324 -0.0025119588 -5.7184367)
(0.060036292 -0.0026212408 -5.6006158)
(0.062488045 -0.0027282866 -5.4828913)
(0.064888055 -0.0028330734 -5.3652573)
(0.067235804 -0.0029355782 -5.2477112)
(0.06953084 -0.0030357816 -5.1302501)
(0.07177278 -0.0031336668 -5.0128716)
(0.073961381 -0.0032292232 -4.8955687)
(0.076096285 -0.0033224351 -4.7783442)
(0.078177249 -0.0034132921 -4.6611981)
(0.080204167 -0.0035017893 -4.5441249)
(0.082176932 -0.0035879221 -4.4271219)
(0.084095483 -0.0036716878 -4.3101868)
(0.085959868 -0.0037530886 -4.1933126)
(0.087770024 -0.0038321217 -4.0765023)
(0.089525971 -0.0039087879 -3.9597563)
(0.091227829 -0.0039830927 -3.8430692)
(0.092875704 -0.0040550405 -3.7264384)
(0.094469731 -0.0041246371 -3.6098619)
(0.096010068 -0.0041918896 -3.4933374)
(0.097496947 -0.0042568083 -3.3768584)
(0.098930503 -0.0043193988 -3.2604281)
(0.10031092 -0.0043796691 -3.1440469)
(0.10163847 -0.0044376308 -3.0277099)
(0.10291337 -0.0044932941 -2.9114148)
(0.10413587 -0.0045466699 -2.7951597)
(0.10530624 -0.0045977691 -2.6789426)
(0.10642477 -0.0046466052 -2.5627573)
(0.10749167 -0.0046931872 -2.4466069)
(0.10850719 -0.0047375257 -2.3304921)
(0.10947159 -0.0047796323 -2.2144075)
(0.1103851 -0.004819517 -2.0983502)
(0.1112479 -0.0048571879 -1.982317)
(0.11206013 -0.0048926509 -1.8663034)
(0.11282185 -0.0049259083 -1.7502996)
(0.11353291 -0.0049569538 -1.6343041)
(0.11419297 -0.0049857724 -1.5183125)
(0.11480131 -0.0050123333 -1.4023178)
(0.11535658 -0.0050365769 -1.2863237)
(0.11585625 -0.005058393 -1.1703451)
(0.11629837 -0.0050776962 -1.0544497)
(0.11667026 -0.0050939331 -0.93864972)
(0.11695602 -0.0051064096 -0.8231028)
(0.1171278 -0.0051139099 -0.70848891)
(0.11714279 -0.0051145645 -0.59638228)
(0.11693835 -0.0051056383 -0.488976)
(0.11641787 -0.0050829136 -0.38851069)
(0.11541614 -0.005039177 -0.29576308)
(0.11359335 -0.0049595924 -0.21417655)
(0.11000358 -0.0048028596 -0.13226674)
(0.10020469 -0.004375031 -0.064337954)
(-0.11636182 0.0050804664 -22.102444)
(-0.13226529 0.0057748268 -19.147442)
(-0.13466758 0.005879713 -16.540654)
(-0.13516322 0.0059013532 -15.14014)
(-0.13525977 0.0059055686 -14.306384)
(-0.1352313 0.0059043255 -13.80368)
(-0.13493243 0.0058912767 -13.496461)
(-0.13427604 0.0058626182 -13.290731)
(-0.13327936 0.005819102 -13.133137)
(-0.13199059 0.0057628332 -12.996731)
(-0.13045912 0.0056959678 -12.868623)
(-0.1287614 0.0056218434 -12.746368)
(-0.12691826 0.0055413704 -12.626102)
(-0.12493305 0.0054546943 -12.505087)
(-0.12281167 0.005362073 -12.382687)
(-0.12055922 0.0052637289 -12.259082)
(-0.11817956 0.0051598306 -12.134579)
(-0.11567776 0.0050505995 -12.009623)
(-0.11305813 0.0049362239 -11.884491)
(-0.11032518 0.0048169008 -11.75935)
(-0.10748798 0.0046930262 -11.634284)
(-0.10455653 0.0045650361 -11.509301)
(-0.10153451 0.0044330919 -11.384413)
(-0.098424762 0.0042973175 -11.259639)
(-0.095231779 0.0041579089 -11.135037)
(-0.091955685 0.0040148716 -11.010593)
(-0.088598313 0.0038682855 -10.886314)
(-0.085164871 0.0037183782 -10.762202)
(-0.081660573 0.0035653774 -10.638256)
(-0.078090906 0.0034095224 -10.514484)
(-0.074461343 0.0032510524 -10.390891)
(-0.070777096 0.0030901946 -10.267476)
(-0.067043435 0.0029271796 -10.144238)
(-0.063265565 0.0027622342 -10.02118)
(-0.059448617 0.0025955827 -9.8983029)
(-0.055597502 0.0024274392 -9.7756016)
(-0.051717321 0.0022580268 -9.6530818)
(-0.047813049 0.0020875627 -9.530747)
(-0.043889354 0.0019162506 -9.4085932)
(-0.039950941 0.0017442957 -9.2866197)
(-0.036002456 0.0015719012 -9.1648257)
(-0.032048493 0.0013992674 -9.0432102)
(-0.028093418 0.0012265851 -8.9217676)
(-0.024141714 0.00105405 -8.8005017)
(-0.020197445 0.00088183954 -8.6794143)
(-0.016263954 0.00071009973 -8.5585004)
(-0.012344158 0.00053895768 -8.4377581)
(-0.0084406217 0.00036852557 -8.3171858)
(-0.004555885 0.00019891434 -8.1967822)
(-0.00069266417 3.0242503e-05 -8.0765447)
(0.0031469141 -0.00013739724 -7.9564688)
(0.0069589501 -0.00030383426 -7.8365537)
(0.010740084 -0.00046892205 -7.7167962)
(0.014486651 -0.00063250062 -7.5971934)
(0.018195105 -0.00079441526 -7.4777419)
(0.021862383 -0.00095453196 -7.3584339)
(0.025485552 -0.001112723 -7.2392715)
(0.029062129 -0.0012688797 -7.1202541)
(0.032590084 -0.0014229134 -7.0013754)
(0.036067517 -0.0015747415 -6.8826317)
(0.03949271 -0.0017242887 -6.7640199)
(0.042864093 -0.0018714864 -6.6455366)
(0.046180352 -0.0020162774 -6.5271742)
(0.049440038 -0.0021585982 -6.4089346)
(0.052641905 -0.0022983948 -6.2908172)
(0.055784957 -0.0024356235 -6.1728156)
(0.05886823 -0.0025702421 -6.0549262)
(0.061890865 -0.0027022133 -5.9371458)
(0.064852103 -0.0028315037 -5.8194712)
(0.067751387 -0.0029580891 -5.7018946)
(0.070588019 -0.0030819391 -5.5844183)
(0.073361468 -0.0032030305 -5.4670417)
(0.076071404 -0.0033213489 -5.3497585)
(0.078717512 -0.0034368804 -5.2325654)
(0.081299557 -0.0035496149 -5.1154595)
(0.083817382 -0.0036595456 -4.9984378)
(0.086270988 -0.0037666723 -4.8814929)
(0.088660245 -0.0038709895 -4.7646272)
(0.090985149 -0.0039724969 -4.6478405)
(0.093245849 -0.0040712012 -4.531127)
(0.095442484 -0.0041671084 -4.4144836)
(0.097575245 -0.0042602268 -4.2979078)
(0.099644441 -0.0043505698 -4.1813923)
(0.10165025 -0.0044381453 -4.0649401)
(0.10359295 -0.0045229651 -3.9485511)
(0.10547291 -0.0046050459 -3.8322197)
(0.10729049 -0.0046844032 -3.7159435)
(0.10904607 -0.0047610536 -3.5997199)
(0.11074006 -0.004835015 -3.4835468)
(0.11237295 -0.0049063081 -3.3674175)
(0.11394509 -0.0049749491 -3.251335)
(0.1154569 -0.0050409566 -3.1352998)
(0.11690889 -0.0051043516 -3.0193067)
(0.1183015 -0.0051651545 -2.9033535)
(0.11963521 -0.0052233855 -2.7874382)
(0.12091048 -0.005279065 -2.6715589)
(0.12212783 -0.0053322157 -2.5557092)
(0.12328766 -0.0053828552 -2.4398925)
(0.12439041 -0.0054310022 -2.3241091)
(0.12543653 -0.0054766768 -2.208354)
(0.12642643 -0.0055198964 -2.0926242)
(0.12736044 -0.0055606764 -1.9769166)
(0.12823886 -0.0055990289 -1.8612269)
(0.12906187 -0.0056349624 -1.7455452)
(0.12982944 -0.005668475 -1.6298702)
(0.13054128 -0.0056995546 -1.5141977)
(0.13119675 -0.005728173 -1.3985207)
(0.13179448 -0.0057542705 -1.2828431)
(0.1323319 -0.0057777349 -1.1671799)
(0.13280725 -0.005798489 -1.0515987)
(0.13320679 -0.0058159334 -0.93611357)
(0.13351323 -0.0058293126 -0.82088199)
(0.13369562 -0.0058372761 -0.70657907)
(0.13370535 -0.005837701 -0.59477168)
(0.13346974 -0.0058274142 -0.48765159)
(0.13287475 -0.0058014362 -0.38746435)
(0.13172369 -0.0057511799 -0.29499309)
(0.12961371 -0.0056590561 -0.21367464)
(0.12543683 -0.0054766895 -0.13202768)
(0.11406764 -0.0049803001 -0.064311463)
(-0.13978808 0.0061032785 -22.107943)
(-0.15949189 0.0069635655 -19.15366)
(-0.16259018 0.0070988397 -16.544765)
(-0.16322091 0.0071263779 -15.141561)
(-0.16328868 0.007129337 -14.304741)
(-0.16316713 0.00712403 -13.79936)
(-0.1627052 0.0071038618 -13.490207)
(-0.16180782 0.0070646812 -13.282985)
(-0.16050179 0.0070076587 -13.12417)
(-0.1588474 0.0069354267 -12.986688)
(-0.15690373 0.0068505641 -12.857554)
(-0.15476335 0.006757113 -12.734431)
(-0.15244848 0.0066560437 -12.613344)
(-0.14996148 0.0065474591 -12.491517)
(-0.14730843 0.0064316243 -12.3683)
(-0.14449497 0.006308786 -12.243874)
(-0.1415257 0.006179145 -12.118551)
(-0.138408 0.0060430231 -11.992778)
(-0.1351549 0.00590099 -11.866845)
(-0.1317781 0.0057535556 -11.740947)
(-0.12827884 0.0056007747 -11.615106)
(-0.1246625 0.005442882 -11.489368)
(-0.12093349 0.0052800696 -11.36379)
(-0.11709248 0.0051123678 -11.238389)
(-0.11314326 0.0049399409 -11.113175)
(-0.10909294 0.0047631003 -10.988157)
(-0.10494865 0.0045821568 -10.863341)
(-0.10071754 0.0043974225 -10.73873)
(-0.0964066 0.0042092027 -10.614322)
(-0.092023052 0.0040178129 -10.490126)
(-0.087574014 0.0038235637 -10.366147)
(-0.083066224 0.0036267494 -10.242382)
(-0.078506437 0.003427665 -10.118832)
(-0.073901294 0.0032266001 -9.995499)
(-0.069257335 0.0030238404 -9.8723819)
(-0.064580842 0.0028196602 -9.7494765)
(-0.059878371 0.0026143461 -9.6267874)
(-0.055156346 0.0024081781 -9.5043174)
(-0.050420847 0.0022014216 -9.3820615)
(-0.045677909 0.0019943404 -9.2600185)
(-0.040933247 0.001787184 -9.1381869)
(-0.036192067 0.0015801796 -9.016565)
(-0.031458819 0.0013735216 -8.8951465)
(-0.026737847 0.0011673995 -8.7739345)
(-0.022033202 0.00096199036 -8.6529298)
(-0.017348731 0.00075746203 -8.5321266)
(-0.012688496 0.00055399171 -8.411522)
(-0.0080566688 0.00035176176 -8.2911134)
(-0.0034577466 0.00015096859 -8.1708989)
(0.0011035214 -4.8180633e-05 -8.0508647)
(0.0056242205 -0.00024555865 -7.9310114)
(0.010099228 -0.00044094173 -7.8113437)
(0.014524557 -0.00063415568 -7.6918509)
(0.018896671 -0.00082504638 -7.5725289)
(0.023212448 -0.0010134771 -7.4533735)
(0.027469283 -0.0011993345 -7.3343761)
(0.031664528 -0.0013825028 -7.2155378)
(0.035795891 -0.001562882 -7.0968572)
(0.039861468 -0.0017403889 -6.978327)
(0.043859445 -0.0019149444 -6.8599429)
(0.047788191 -0.0020864771 -6.7417005)
(0.051646246 -0.0022549233 -6.6235958)
(0.05543245 -0.0024202325 -6.5056201)
(0.059145489 -0.0025823473 -6.3877748)
(0.062784305 -0.0027412214 -6.2700581)
(0.066348123 -0.0028968212 -6.1524631)
(0.069836217 -0.0030491147 -6.0349854)
(0.073247985 -0.0031980757 -5.917621)
(0.076582949 -0.0033436834 -5.8003661)
(0.079840866 -0.0034859271 -5.6832123)
(0.083021335 -0.0036247893 -5.5661612)
(0.08612416 -0.0037602615 -5.4492115)
(0.08914936 -0.0038923446 -5.3323566)
(0.092096974 -0.0040210402 -5.2155928)
(0.094967132 -0.0041463539 -5.0989163)
(0.097760041 -0.004268295 -4.982324)
(0.10047608 -0.0043868799 -4.8658079)
(0.10311549 -0.0045021189 -4.7493702)
(0.10567864 -0.0046140283 -4.6330102)
(0.10816605 -0.0047226312 -4.5167217)
(0.11057825 -0.0048279499 -4.4005015)
(0.11291579 -0.0049300093 -4.2843467)
(0.11517938 -0.0050288396 -4.1682499)
(0.11736954 -0.0051244642 -4.0522137)
(0.11948693 -0.0052169111 -3.9362379)
(0.12153227 -0.0053062128 -3.8203168)
(0.12350629 -0.0053924001 -3.7044477)
(0.1254097 -0.0054755052 -3.588628)
(0.12724327 -0.0055555603 -3.4728554)
(0.1290078 -0.0056326013 -3.3571231)
(0.13070398 -0.005706658 -3.2414342)
(0.13233254 -0.0057777625 -3.1257891)
(0.13389428 -0.0058459499 -3.0101825)
(0.13538996 -0.0059112527 -2.8946123)
(0.13682034 -0.0059737042 -2.7790763)
(0.13818615 -0.0060333366 -2.6635729)
(0.13948817 -0.0060901843 -2.5480955)
(0.14072708 -0.006144276 -2.4326476)
(0.14190353 -0.0061956413 -2.3172298)
(0.14301824 -0.0062443103 -2.2018369)
(0.1440718 -0.00629031 -2.0864662)
(0.14506478 -0.0063336645 -1.9711146)
(0.14599765 -0.0063743941 -1.8557779)
(0.14687075 -0.0064125147 -1.7404466)
(0.14768418 -0.0064480298 -1.6251194)
(0.14843778 -0.0064809326 -1.5097923)
(0.14913096 -0.0065111977 -1.3944585)
(0.14976242 -0.0065387679 -1.2791218)
(0.1503296 -0.0065635313 -1.1637977)
(0.15083101 -0.0065854236 -1.0485536)
(0.15125195 -0.0066038022 -0.93340534)
(0.15157375 -0.0066178521 -0.81851056)
(0.15176216 -0.0066260783 -0.70453891)
(0.15176204 -0.0066260729 -0.5930492)
(0.15148896 -0.0066141501 -0.48623218)
(0.15080811 -0.0065844235 -0.38633955)
(0.14948525 -0.006526666 -0.29416214)
(0.14704339 -0.0064200524 -0.21313018)
(0.14218899 -0.0062081046 -0.13176603)
(0.12903771 -0.0056339076 -0.064280612)
(-0.1681623 0.0073421237 -22.115073)
(-0.19264624 0.0084111157 -19.161715)
(-0.19666636 0.0085866377 -16.55014)
(-0.19748815 0.0086225178 -15.143518)
(-0.19751862 0.0086238483 -14.302806)
(-0.19726379 0.0086127223 -13.79399)
(-0.19657386 0.008582599 -13.482355)
(-0.19534661 0.0085290163 -13.273221)
(-0.19362293 0.0084537586 -13.112851)
(-0.19147936 0.0083601685 -12.974006)
(-0.18898756 0.0082513744 -12.843579)
(-0.18626113 0.0081323357 -12.719368)
(-0.1833236 0.0080040805 -12.597259)
(-0.180176 0.0078666532 -12.47443)
(-0.17682456 0.0077203263 -12.350206)
(-0.17327869 0.0075655102 -12.224769)
(-0.16955472 0.0074029185 -12.098446)
(-0.16566556 0.0072331139 -11.971699)
(-0.16161042 0.0070560628 -11.844729)
(-0.1573989 0.0068721835 -11.717835)
(-0.1530337 0.0066815951 -11.591106)
(-0.14851542 0.0064843225 -11.464521)
(-0.14385174 0.0062807019 -11.33813)
(-0.13905244 0.00607116 -11.211963)
(-0.134127 0.0058561107 -11.086033)
(-0.12908509 0.0056359764 -10.960348)
(-0.12393635 0.0054111774 -10.834915)
(-0.11869029 0.0051821293 -10.709738)
(-0.1133561 0.0049492335 -10.584814)
(-0.1079432 0.0047129016 -10.460152)
(-0.10246086 0.0044735372 -10.335757)
(-0.096917876 0.0042315254 -10.211625)
(-0.091323143 0.0039872543 -10.087756)
(-0.085685453 0.0037411075 -9.9641517)
(-0.080013497 0.0034934644 -9.84081)
(-0.074315577 0.0032446878 -9.7177257)
(-0.068600072 0.0029951437 -9.5949027)
(-0.062874706 0.0027451688 -9.4723426)
(-0.057146255 0.0024950592 -9.3500397)
(-0.051421107 0.0022450938 -9.2279913)
(-0.045705398 0.0019955406 -9.1061948)
(-0.040005261 0.0017466673 -8.9846471)
(-0.034326648 0.0014987336 -8.8633402)
(-0.028675868 0.0012520153 -8.7422758)
(-0.023058957 0.0010067757 -8.6214523)
(-0.017481627 0.00076326433 -8.5008619)
(-0.011949744 0.00052173703 -8.3804995)
(-0.0064692958 0.00028245554 -8.2603616)
(-0.0010474307 4.5731911e-05 -8.140447)
(0.0043142925 -0.00018836596 -8.0207315)
(0.009609691 -0.00041956802 -7.9012188)
(0.014835107 -0.00064771466 -7.7819095)
(0.019986994 -0.00087265084 -7.6627954)
(0.025062123 -0.0010942358 -7.5438702)
(0.030057611 -0.0013123434 -7.4251285)
(0.034971038 -0.0015268682 -7.3065603)
(0.039799852 -0.0017376987 -7.1881654)
(0.04454191 -0.0019447415 -7.069941)
(0.049195495 -0.0021479213 -6.9518785)
(0.053759014 -0.0023471689 -6.8339723)
(0.058231099 -0.0025424243 -6.716217)
(0.062610593 -0.002733637 -6.5986073)
(0.066896696 -0.0029207723 -6.4811335)
(0.071088442 -0.0031037879 -6.3637958)
(0.075185188 -0.0032826557 -6.2465916)
(0.079186606 -0.0034573614 -6.1295128)
(0.083092429 -0.0036278933 -6.0125544)
(0.086902543 -0.0037942465 -5.8957114)
(0.090616973 -0.003956422 -5.7789792)
(0.094236004 -0.0041144323 -5.6623487)
(0.097759742 -0.004268282 -5.5458208)
(0.10118853 -0.0044179859 -5.4293936)
(0.10452293 -0.0045635689 -5.3130598)
(0.10776352 -0.0047050563 -5.1968151)
(0.11091099 -0.0048424776 -5.0806555)
(0.11396608 -0.0049758658 -4.964577)
(0.11692973 -0.0051052617 -4.8485715)
(0.11980271 -0.0052306987 -4.7326407)
(0.12258594 -0.0053522168 -4.6167835)
(0.12528047 -0.0054698627 -4.5009935)
(0.12788736 -0.005583682 -4.3852671)
(0.1304077 -0.0056937222 -4.2696012)
(0.13284269 -0.0058000365 -4.1539882)
(0.13519339 -0.0059026701 -4.0384307)
(0.13746092 -0.0060016725 -3.922928)
(0.13964652 -0.0060970978 -3.8074745)
(0.14175136 -0.0061889972 -3.6920674)
(0.14377665 -0.0062774232 -3.5767041)
(0.14572357 -0.0063624276 -3.4613822)
(0.14759339 -0.0064440657 -3.3460948)
(0.1493872 -0.0065223853 -3.2308452)
(0.15110616 -0.0065974367 -3.1156335)
(0.15275147 -0.0066692721 -3.0004549)
(0.15432425 -0.0067379412 -2.885307)
(0.15582563 -0.0068034931 -2.7701879)
(0.15725672 -0.0068659757 -2.6550959)
(0.15861864 -0.0069254384 -2.5400247)
(0.15991237 -0.0069819239 -2.4249779)
(0.16113891 -0.0070354757 -2.3099561)
(0.16229923 -0.0070861366 -2.1949545)
(0.16339424 -0.0071339459 -2.0799704)
(0.16442476 -0.0071789391 -1.965001)
(0.16539147 -0.0072211467 -1.8500424)
(0.16629495 -0.0072605934 -1.7350852)
(0.16713545 -0.0072972905 -1.6201285)
(0.16791296 -0.0073312371 -1.5051685)
(0.168627 -0.007362413 -1.3901985)
(0.16927635 -0.0073907643 -1.2752227)
(0.16985854 -0.007416183 -1.160257)
(0.17037248 -0.0074386224 -1.0453683)
(0.17080261 -0.007457402 -0.93057497)
(0.17112898 -0.0074716516 -0.81603443)
(0.17131397 -0.0074797288 -0.70241046)
(0.17129535 -0.0074789156 -0.59125306)
(0.17097542 -0.007464947 -0.48475215)
(0.17019539 -0.0074308906 -0.38516666)
(0.16867736 -0.0073646116 -0.29329611)
(0.16585874 -0.007241548 -0.21256389)
(0.16023555 -0.0069960343 -0.13149446)
(0.14508724 -0.0063346451 -0.064249425)
(-0.20275933 0.0088526625 -22.124485)
(-0.23332616 0.010187239 -19.172334)
(-0.23859508 0.010417285 -16.557287)
(-0.23970168 0.0104656 -15.14626)
(-0.2396936 0.010465247 -14.300538)
(-0.239254 0.010446054 -13.787253)
(-0.23824665 0.010402072 -13.472387)
(-0.23656415 0.010328613 -13.260771)
(-0.23426844 0.01022838 -13.098394)
(-0.2314589 0.010105713 -12.9578)
(-0.22822436 0.0099644896 -12.825728)
(-0.22470668 0.0098109044 -12.70014)
(-0.22093118 0.0096460627 -12.576751)
(-0.21690338 0.009470205 -12.452671)
(-0.21264488 0.0092842751 -12.327212)
(-0.20816617 0.00908873 -12.200548)
(-0.20346251 0.0088833642 -12.072899)
(-0.19854654 0.0086687283 -11.944866)
(-0.19341857 0.0084448362 -11.81673)
(-0.18808159 0.0082118186 -11.688689)
(-0.18254705 0.0079701756 -11.560862)
(-0.17682676 0.0077204223 -11.433248)
(-0.17093425 0.0074631499 -11.305889)
(-0.16488298 0.0071989456 -11.178821)
(-0.15868591 0.0069283756 -11.052058)
(-0.15235608 0.0066520095 -10.925608)
(-0.14590645 0.0063704124 -10.799479)
(-0.13934982 0.0060841439 -10.673674)
(-0.13269867 0.0057937484 -10.548191)
(-0.12596582 0.005499786 -10.423036)
(-0.11916387 0.0052028061 -10.298215)
(-0.11230477 0.0049033314 -10.173723)
(-0.1054002 0.0046018717 -10.049559)
(-0.098461183 0.0042989076 -9.9257215)
(-0.091497991 0.003994888 -9.8022093)
(-0.084520157 0.0036902293 -9.6790147)
(-0.077537589 0.0033853638 -9.5561398)
(-0.070560064 0.0030807186 -9.4335839)
(-0.063596984 0.002776704 -9.3113394)
(-0.056657619 0.0024737249 -9.1894011)
(-0.04975081 0.0021721671 -9.0677636)
(-0.042885048 0.0018724014 -8.9464208)
(-0.036068378 0.0015747791 -8.8253619)
(-0.029309211 0.0012796677 -8.7045858)
(-0.022615428 0.00098741075 -8.5840881)
(-0.015994099 0.00069831731 -8.4638586)
(-0.0094520325 0.00041268456 -8.3438909)
(-0.0029973302 0.00013086623 -8.2241876)
(0.003369395 -0.00014711097 -8.1047186)
(0.0096431584 -0.00042102937 -7.9854711)
(0.015818532 -0.00069065199 -7.8664578)
(0.021891598 -0.00095580774 -7.7476702)
(0.027859171 -0.0012163576 -7.6290978)
(0.033718243 -0.0014721701 -7.5107327)
(0.039466185 -0.0017231307 -7.3925675)
(0.045100924 -0.0019691487 -7.2745902)
(0.050620248 -0.0022101276 -7.1567992)
(0.056022467 -0.0024459934 -7.0391897)
(0.061306378 -0.002676694 -6.9217516)
(0.066470947 -0.0029021839 -6.8044778)
(0.071515413 -0.0031224301 -6.6873614)
(0.076439267 -0.0033374102 -6.5703957)
(0.081242417 -0.0035471201 -6.4535696)
(0.085924582 -0.0037515478 -6.3368823)
(0.090485868 -0.0039506978 -6.2203298)
(0.09492672 -0.0041445897 -6.1039031)
(0.099247653 -0.0043332456 -5.987596)
(0.10344934 -0.0045166954 -5.8714028)
(0.10753262 -0.004694975 -5.7553179)
(0.11149858 -0.0048681325 -5.6393313)
(0.11534811 -0.0050362069 -5.5234435)
(0.11908238 -0.0051992485 -5.4076515)
(0.12270275 -0.0053573173 -5.2919477)
(0.12621062 -0.0055104738 -5.1763271)
(0.12960743 -0.0056587821 -5.0607852)
(0.13289476 -0.0058023096 -4.9453177)
(0.1360743 -0.0059411316 -4.8299159)
(0.13914758 -0.006075314 -4.7145814)
(0.14211628 -0.0062049301 -4.5993125)
(0.1449822 -0.0063300589 -4.4841027)
(0.14774712 -0.0064507777 -4.3689483)
(0.15041283 -0.0065671652 -4.2538458)
(0.15298124 -0.0066793044 -4.1387876)
(0.15545405 -0.0067872697 -4.0237762)
(0.15783306 -0.0068911393 -3.9088108)
(0.16012012 -0.0069909944 -3.7938858)
(0.16231703 -0.0070869137 -3.6789983)
(0.16442558 -0.0071789748 -3.5641458)
(0.16644753 -0.0072672551 -3.449326)
(0.16838469 -0.0073518335 -3.334532)
(0.1702387 -0.0074327811 -3.2197673)
(0.1720112 -0.0075101704 -3.105032)
(0.1737039 -0.0075840751 -2.9903214)
(0.17531839 -0.0076545652 -2.8756334)
(0.17685625 -0.0077217096 -2.7609663)
(0.178319 -0.0077855748 -2.6463184)
(0.17970819 -0.0078462281 -2.5316838)
(0.18102518 -0.0079037292 -2.4170663)
(0.18227134 -0.0079581376 -2.3024667)
(0.183448 -0.0080095117 -2.1878805)
(0.18455638 -0.0080579048 -2.0733052)
(0.18559761 -0.0081033656 -1.9587384)
(0.18657265 -0.0081459368 -1.8441766)
(0.18748231 -0.0081856537 -1.7296107)
(0.18832707 -0.0082225367 -1.6150402)
(0.18910707 -0.0082565923 -1.5004616)
(0.189822 -0.0082878068 -1.3858687)
(0.19047077 -0.0083161324 -1.2712658)
(0.19105105 -0.008341468 -1.1566692)
(0.19156233 -0.0083637912 -1.0421459)
(0.19198829 -0.0083823886 -0.92771653)
(0.19230776 -0.0083963374 -0.81353866)
(0.1924795 -0.0084038354 -0.70026966)
(0.1924331 -0.0084018097 -0.58945008)
(0.19205518 -0.0083853094 -0.48326924)
(0.19115822 -0.0083461474 -0.38399442)
(0.18941205 -0.0082699079 -0.29243443)
(0.18615349 -0.0081276362 -0.21200578)
(0.17963845 -0.0078431835 -0.13123123)
(0.16222479 -0.0070828867 -0.064224376)
(-0.24530611 0.010710295 -22.137046)
(-0.28370938 0.012387018 -19.186501)
(-0.29070014 0.012692241 -16.566917)
(-0.29224302 0.012759604 -15.150151)
(-0.29220982 0.012758155 -14.297909)
(-0.29152051 0.012728059 -13.77872)
(-0.29007266 0.012664844 -13.459581)
(-0.28775651 0.012563719 -13.244689)
(-0.28466569 0.012428771 -13.079675)
(-0.28093262 0.012265781 -12.936805)
(-0.27667145 0.012079735 -12.802603)
(-0.27207308 0.011878966 -12.675243)
(-0.26718733 0.011665649 -12.550253)
(-0.26201547 0.011439841 -12.424623)
(-0.25654788 0.011201121 -12.297493)
(-0.25079435 0.010949917 -12.169217)
(-0.24474743 0.010685902 -12.040071)
(-0.23841123 0.010409258 -11.910509)
(-0.23180119 0.010120657 -11.780892)
(-0.22493413 0.0098208352 -11.65144)
(-0.21782769 0.0095105613 -11.522282)
(-0.21049882 0.0091905758 -11.393434)
(-0.20296624 0.0088616967 -11.264932)
(-0.19524873 0.0085247425 -11.136815)
(-0.18736444 0.0081805074 -11.009097)
(-0.17933172 0.007829791 -10.881789)
(-0.17116871 0.0074733865 -10.754897)
(-0.16289323 0.0071120714 -10.628425)
(-0.15452217 0.0067465829 -10.50237)
(-0.14607226 0.0063776518 -10.376736)
(-0.13755938 0.0060059716 -10.251526)
(-0.12899868 0.0056322036 -10.126735)
(-0.12040548 0.0052570165 -10.002358)
(-0.11179509 0.0048810785 -9.878391)
(-0.10318247 0.0045050434 -9.7548294)
(-0.094581617 0.0041295221 -9.6316618)
(-0.086006434 0.0037551216 -9.5088869)
(-0.077469943 0.0033824104 -9.3864995)
(-0.068984407 0.0030119239 -9.264488)
(-0.060561879 0.0026441885 -9.1428431)
(-0.052213833 0.0022797049 -9.0215556)
(-0.043950934 0.001918939 -8.9006158)
(-0.035782611 0.0015623024 -8.7800089)
(-0.027718023 0.0012101949 -8.6597307)
(-0.019765176 0.00086296611 -8.5397731)
(-0.011931577 0.00052094386 -8.4201245)
(-0.0042255624 0.00018449197 -8.3007875)
(0.0033527185 -0.00014638303 -8.1817196)
(0.010798537 -0.00047147437 -8.0629105)
(0.018104895 -0.0007904768 -7.9443682)
(0.025268093 -0.0011032288 -7.8260813)
(0.032284753 -0.0014095827 -7.7080414)
(0.039152193 -0.0017094216 -7.5902354)
(0.045868047 -0.0020026421 -7.4726528)
(0.052430398 -0.0022891605 -7.3552837)
(0.058838009 -0.0025689227 -7.2381138)
(0.06508951 -0.0028418692 -7.1211395)
(0.071184191 -0.0031079687 -7.0043534)
(0.077121888 -0.0033672141 -6.8877439)
(0.082902644 -0.0036196073 -6.7713017)
(0.088526821 -0.0038651642 -6.6550184)
(0.093995065 -0.0041039128 -6.5388857)
(0.099308483 -0.0043359016 -6.4228908)
(0.10446796 -0.0045611691 -6.3070319)
(0.10947482 -0.0047797736 -6.1913032)
(0.11433075 -0.0049917878 -6.0756948)
(0.11903747 -0.0051972875 -5.9601995)
(0.12359688 -0.0053963556 -5.8448105)
(0.12801102 -0.0055890813 -5.7295214)
(0.13228222 -0.0057755656 -5.6143213)
(0.13641252 -0.0059558988 -5.49921)
(0.14040429 -0.0061301829 -5.3841839)
(0.14426004 -0.0062985289 -5.2692348)
(0.14798231 -0.0064610466 -5.1543572)
(0.15157369 -0.0066178493 -5.0395463)
(0.1550368 -0.0067690519 -4.9247972)
(0.15837444 -0.0069147767 -4.8101012)
(0.16158916 -0.0070551341 -4.6954595)
(0.16468364 -0.0071902422 -4.5808701)
(0.16766067 -0.0073202224 -4.4663266)
(0.17052298 -0.0074451936 -4.3518251)
(0.17327328 -0.0075652742 -4.2373623)
(0.17591436 -0.0076805862 -4.1229303)
(0.17844877 -0.0077912407 -4.0085318)
(0.18087912 -0.007897352 -3.894166)
(0.18320806 -0.0079990359 -3.7798275)
(0.18543816 -0.008096404 -3.6655137)
(0.18757191 -0.0081895658 -3.551222)
(0.18961179 -0.0082786287 -3.4369505)
(0.19156027 -0.0083637013 -3.3226925)
(0.19341961 -0.0084448818 -3.2084518)
(0.19519209 -0.0085222696 -3.0942286)
(0.19687996 -0.0085959636 -2.9800187)
(0.19848539 -0.0086660581 -2.8658202)
(0.20001047 -0.0087326446 -2.7516318)
(0.20145723 -0.0087958114 -2.6374521)
(0.20282767 -0.0088556465 -2.5232756)
(0.20412362 -0.008912229 -2.4091065)
(0.20534687 -0.0089656369 -2.2949459)
(0.20649913 -0.0090159458 -2.1807896)
(0.207582 -0.0090632251 -2.0666358)
(0.20859695 -0.0091075385 -1.9524824)
(0.20954524 -0.009148942 -1.8383263)
(0.21042796 -0.0091874824 -1.724159)
(0.21124582 -0.0092231907 -1.6099804)
(0.21199914 -0.0092560816 -1.4957876)
(0.21268779 -0.0092861486 -1.3815747)
(0.21331084 -0.0093133517 -1.2673464)
(0.21386621 -0.0093375998 -1.1531196)
(0.21435406 -0.0093588996 -1.0389611)
(0.21475743 -0.009376511 -0.92489419)
(0.21505404 -0.0093894614 -0.81107647)
(0.21519871 -0.0093957774 -0.69815855)
(0.21511177 -0.0093919818 -0.58767099)
(0.2146614 -0.009372318 -0.48180293)
(0.21362596 -0.0093271101 -0.38283145)
(0.21161342 -0.0092392403 -0.29157604)
(0.20784338 -0.0090746371 -0.21144699)
(0.20029983 -0.0087452787 -0.13096498)
(0.18033391 -0.0078735477 -0.06419684)
(-0.29799706 0.013010831 -22.154002)
(-0.34665788 0.015135408 -19.205633)
(-0.35609709 0.015547533 -16.580076)
(-0.358346 0.015645722 -15.155755)
(-0.35834905 0.015645856 -14.294932)
(-0.35734297 0.015601929 -13.767811)
(-0.35529307 0.015512429 -13.442908)
(-0.35209092 0.01537262 -13.223602)
(-0.34788009 0.015188771 -13.055046)
(-0.34285528 0.014969383 -12.909139)
(-0.33720039 0.014722485 -12.772155)
(-0.33116491 0.01445897 -12.642512)
(-0.32475909 0.014179286 -12.515297)
(-0.31798165 0.013883377 -12.387637)
(-0.31081236 0.013570359 -12.258589)
(-0.30324664 0.013240033 -12.128317)
(-0.29529745 0.012892964 -11.997228)
(-0.28698406 0.012529993 -11.86576)
(-0.27832956 0.01215213 -11.734316)
(-0.26935812 0.011760428 -11.603139)
(-0.26009504 0.011355993 -11.472372)
(-0.25056531 0.010939917 -11.342059)
(-0.24079587 0.010513374 -11.212227)
(-0.23081372 0.010077543 -11.082916)
(-0.22064461 0.0096335506 -10.954142)
(-0.21031392 0.0091825029 -10.825918)
(-0.19984658 0.0087254892 -10.698246)
(-0.18926749 0.0082635962 -10.571128)
(-0.1786012 0.0077978957 -10.444558)
(-0.16787283 0.0073294852 -10.318537)
(-0.15710638 0.006859412 -10.193062)
(-0.14632421 0.0063886525 -10.068123)
(-0.13554774 0.0059181416 -9.9437099)
(-0.12479742 0.0054487724 -9.8198129)
(-0.11409294 0.0049814048 -9.6964209)
(-0.10345278 0.0045168452 -9.5735169)
(-0.092895213 0.0040558922 -9.4510941)
(-0.082436805 0.0035992683 -9.329141)
(-0.072092325 0.0031476185 -9.2076407)
(-0.061875357 0.0027015361 -9.0865786)
(-0.051798169 0.0022615566 -8.9659399)
(-0.041871817 0.0018281628 -8.8457099)
(-0.032105865 0.0014017722 -8.7258689)
(-0.022509899 0.00098280333 -8.6064083)
(-0.013094009 0.00057169676 -8.4873181)
(-0.0038651613 0.00016875664 -8.3685898)
(0.0051782035 -0.00022608518 -8.2501681)
(0.014030112 -0.00061256783 -8.1320515)
(0.02268234 -0.00099033222 -8.0142462)
(0.031132807 -0.0013592875 -7.8967255)
(0.039378275 -0.0017192925 -7.7794811)
(0.047416639 -0.002070255 -7.6625001)
(0.055246608 -0.0024121188 -7.5457661)
(0.062867309 -0.0027448457 -7.4292655)
(0.070278434 -0.0030684223 -7.3129854)
(0.077480455 -0.0033828694 -7.1969086)
(0.084473689 -0.0036882005 -7.081029)
(0.091259244 -0.0039844643 -6.9653363)
(0.097838802 -0.0042717339 -6.8498169)
(0.10421427 -0.0045500928 -6.7344596)
(0.11038789 -0.0048196388 -6.6192537)
(0.1163622 -0.0050804827 -6.5041893)
(0.12214021 -0.0053327561 -6.3892521)
(0.12772465 -0.0055765781 -6.2744388)
(0.13311874 -0.005812089 -6.1597422)
(0.13832599 -0.0060394425 -6.0451513)
(0.14334996 -0.0062587937 -5.9306579)
(0.14819433 -0.0064703035 -5.8162543)
(0.1528629 -0.0066741375 -5.7019331)
(0.1573597 -0.006870472 -5.5876832)
(0.16168845 -0.0070594692 -5.4735036)
(0.16585312 -0.0072413029 -5.35939)
(0.16985785 -0.007416153 -5.2453341)
(0.17370667 -0.0075841963 -5.1313302)
(0.17740366 -0.0077456104 -5.0173729)
(0.18095289 -0.0079005729 -4.9034576)
(0.18435852 -0.008049266 -4.7895753)
(0.18762442 -0.0081918581 -4.6757273)
(0.19075456 -0.0083285228 -4.5619117)
(0.19375294 -0.0084594352 -4.448122)
(0.19662347 -0.0085847652 -4.3343548)
(0.19936998 -0.0087046802 -4.2206066)
(0.20199633 -0.008819349 -4.1068702)
(0.20450608 -0.0089289274 -3.9931483)
(0.20690285 -0.0090335725 -3.8794405)
(0.20919021 -0.0091334409 -3.7657418)
(0.21137161 -0.0092286827 -3.6520497)
(0.2134504 -0.0093194446 -3.5383625)
(0.21542984 -0.0094058688 -3.4246782)
(0.21731317 -0.0094880967 -3.3109909)
(0.21910337 -0.0095662587 -3.1973048)
(0.22080341 -0.009640484 -3.0836204)
(0.2224162 -0.0097108997 -2.9699342)
(0.2239445 -0.0097776268 -2.8562446)
(0.22539099 -0.0098407821 -2.7425509)
(0.22675825 -0.0099004779 -2.6288523)
(0.2280488 -0.0099568244 -2.5151437)
(0.22926493 -0.010009922 -2.40143)
(0.2304089 -0.010059869 -2.2877125)
(0.23148286 -0.010106759 -2.173988)
(0.2324888 -0.010150679 -2.060255)
(0.23342852 -0.010191708 -1.9465121)
(0.23430365 -0.010229917 -1.8327568)
(0.23511554 -0.010265365 -1.7189812)
(0.23586514 -0.010298094 -1.605186)
(0.23655299 -0.010328126 -1.4913687)
(0.23717913 -0.010355463 -1.377524)
(0.23774282 -0.010380074 -1.2636573)
(0.2382423 -0.010401882 -1.1497861)
(0.23867849 -0.010420927 -1.035977)
(0.239034 -0.010436449 -0.92225608)
(0.23928553 -0.010447431 -0.80878124)
(0.2393837 -0.010451717 -0.69619599)
(0.23923845 -0.010445375 -0.58602057)
(0.23869657 -0.010421716 -0.48044438)
(0.23749648 -0.010369319 -0.38175551)
(0.23517377 -0.010267907 -0.29078466)
(0.23081289 -0.010077507 -0.21093652)
(0.22209234 -0.0096967599 -0.13072531)
(0.19927344 -0.0087004652 -0.064176449)
(-0.36357382 0.015873974 -22.177116)
(-0.42592033 0.018596081 -19.231732)
(-0.43898445 0.019166473 -16.598268)
(-0.44245336 0.019317929 -15.163936)
(-0.44268999 0.01932826 -14.291735)
(-0.44134825 0.019269679 -13.753754)
(-0.43851829 0.01914612 -13.42089)
(-0.43410502 0.018953432 -13.19547)
(-0.4283753 0.018703267 -13.022083)
(-0.42162047 0.018408345 -12.872102)
(-0.41401737 0.018076387 -12.731072)
(-0.40591477 0.01772262 -12.598353)
(-0.39731393 0.017347099 -12.468513)
(-0.38818509 0.016948525 -12.338226)
(-0.37853162 0.016527046 -12.206599)
(-0.36836518 0.016083169 -12.073781)
(-0.3577061 0.015617784 -11.940247)
(-0.34658047 0.015132029 -11.806416)
(-0.33502281 0.01462741 -11.672726)
(-0.32306919 0.014105504 -11.539457)
(-0.31075739 0.013567959 -11.406776)
(-0.29812585 0.013016454 -11.274767)
(-0.28521443 0.01245273 -11.143443)
(-0.27206503 0.011878614 -11.01284)
(-0.2587189 0.01129591 -10.882977)
(-0.24521688 0.010706399 -10.753861)
(-0.23159828 0.010111798 -10.625491)
(-0.21790059 0.0095137443 -10.497861)
(-0.20415902 0.0089137744 -10.370956)
(-0.19040843 0.0083134107 -10.244771)
(-0.17668164 0.007714086 -10.119293)
(-0.16300931 0.0071171397 -9.9945031)
(-0.14942038 0.0065238341 -9.8703821)
(-0.1359415 0.0059353337 -9.7469114)
(-0.12259706 0.0053527029 -9.6240707)
(-0.10940877 0.0047768897 -9.5018339)
(-0.09639743 0.0042088024 -9.3801858)
(-0.083581256 0.0036492362 -9.2591058)
(-0.070976286 0.0030988914 -9.138569)
(-0.058597028 0.0025584014 -9.0185525)
(-0.046456255 0.0020283237 -8.8990336)
(-0.034565312 0.001509154 -8.7799897)
(-0.022935595 0.0010013897 -8.6613945)
(-0.011578796 0.00050554121 -8.5432437)
(-0.00049535431 2.1627704e-05 -8.4255005)
(0.010316506 -0.00045042824 -8.3081087)
(0.020847483 -0.00091022057 -8.1910784)
(0.03109184 -0.0013574987 -8.0743968)
(0.041048648 -0.0017922224 -7.9580401)
(0.05071728 -0.002214364 -7.8419827)
(0.060097082 -0.002623895 -7.7262113)
(0.069188685 -0.0030208428 -7.6107083)
(0.077993605 -0.0034052739 -7.4954536)
(0.086513862 -0.0037772763 -7.3804298)
(0.094752118 -0.0041369663 -7.2656201)
(0.10271189 -0.0044844974 -7.1510043)
(0.11039647 -0.0048200134 -7.0365732)
(0.11781004 -0.0051436967 -6.9223139)
(0.12495731 -0.0054557532 -6.8082104)
(0.13184319 -0.0057563973 -6.6942492)
(0.13847289 -0.0060458562 -6.5804179)
(0.14485186 -0.0063243681 -6.4667048)
(0.15098599 -0.0065921898 -6.3530942)
(0.15688076 -0.0068495611 -6.2395817)
(0.16254214 -0.0070967423 -6.1261586)
(0.16797631 -0.0073340031 -6.0128135)
(0.17318939 -0.0075616111 -5.8995372)
(0.17818756 -0.0077798359 -5.7863214)
(0.18297702 -0.0079889483 -5.6731586)
(0.18756414 -0.008189226 -5.560037)
(0.19195484 -0.0083809282 -5.4469557)
(0.19615526 -0.0085643228 -5.3339101)
(0.20017158 -0.0087396791 -5.2208921)
(0.20400982 -0.0089072599 -5.1078959)
(0.20767591 -0.0090673248 -4.9949167)
(0.21117571 -0.0092201295 -4.8819498)
(0.21451511 -0.0093659308 -4.7689866)
(0.21769958 -0.0095049678 -4.6560291)
(0.22073466 -0.0096374822 -4.5430754)
(0.22362582 -0.0097637128 -4.4301199)
(0.22637834 -0.0098838904 -4.3171595)
(0.22899737 -0.0099982399 -4.2041913)
(0.23148803 -0.010106984 -4.0912088)
(0.23385505 -0.010210331 -3.9782153)
(0.23610316 -0.010308485 -3.865211)
(0.23823699 -0.01040165 -3.7521915)
(0.24026095 -0.010490018 -3.6391553)
(0.24217934 -0.010573777 -3.526101)
(0.24399628 -0.010653106 -3.4130276)
(0.24571582 -0.010728183 -3.2999299)
(0.24734172 -0.010799171 -3.1868127)
(0.24887766 -0.010866232 -3.0736773)
(0.25032722 -0.010929521 -2.9605209)
(0.25169379 -0.010989187 -2.8473427)
(0.25298064 -0.011045372 -2.7341428)
(0.25419089 -0.011098212 -2.620921)
(0.25532755 -0.01114784 -2.507673)
(0.25639341 -0.011194377 -2.3944043)
(0.25739115 -0.011237939 -2.2811173)
(0.25832332 -0.011278639 -2.1678091)
(0.25919229 -0.011316579 -2.0544793)
(0.2600002 -0.011351852 -1.941127)
(0.26074894 -0.011384543 -1.8277506)
(0.26144014 -0.011414721 -1.714343)
(0.26207493 -0.011442437 -1.6009058)
(0.26265403 -0.011467721 -1.487437)
(0.26317762 -0.011490582 -1.3739322)
(0.26364515 -0.011510994 -1.2603973)
(0.26405524 -0.011528899 -1.1468507)
(0.26440958 -0.01154437 -1.033359)
(0.26469052 -0.011556636 -0.91995077)
(0.2648737 -0.011564634 -0.80678453)
(0.26490512 -0.011566006 -0.69449652)
(0.26468261 -0.011556291 -0.58459649)
(0.26402766 -0.011527695 -0.47927452)
(0.2626313 -0.011466729 -0.38083077)
(0.25994385 -0.011349392 -0.29010751)
(0.25489356 -0.011128892 -0.21050495)
(0.24481717 -0.010688947 -0.13052616)
(0.218807 -0.009553319 -0.064164122)
(-0.44517359 0.019436696 -22.208581)
(-0.52607383 0.022968877 -19.267237)
(-0.54470541 0.023782349 -16.623344)
(-0.55040495 0.024031196 -15.175813)
(-0.55144384 0.024076555 -14.288591)
(-0.54998537 0.024012877 -13.735571)
(-0.54637501 0.023855245 -13.391554)
(-0.54056833 0.023601721 -13.15759)
(-0.53287058 0.023265629 -12.976915)
(-0.523674 0.022864098 -12.821079)
(-0.51326118 0.022409465 -12.674996)
(-0.5020806 0.02192131 -12.537973)
(-0.49017479 0.021401491 -12.404307)
(-0.47754054 0.020849868 -12.270474)
(-0.46419222 0.020267068 -12.13547)
(-0.45015391 0.019654142 -11.999404)
(-0.4354614 0.019012653 -11.862769)
(-0.42015992 0.018344576 -11.726051)
(-0.40430415 0.017652298 -11.589646)
(-0.38795796 0.016938609 -11.453901)
(-0.37118797 0.016206415 -11.31902)
(-0.35406119 0.015458644 -11.185116)
(-0.33664434 0.014698207 -11.052221)
(-0.31900265 0.013927955 -10.920345)
(-0.30119934 0.013150646 -10.7895)
(-0.28329498 0.012368924 -10.659686)
(-0.26534712 0.011585304 -10.530889)
(-0.24740997 0.010802151 -10.403091)
(-0.22953323 0.010021636 -10.276262)
(-0.21176427 0.0092458268 -10.150382)
(-0.19414555 0.0084765769 -10.025422)
(-0.17671532 0.0077155568 -9.9013478)
(-0.15950852 0.0069642917 -9.778126)
(-0.14255658 0.0062241541 -9.6557222)
(-0.12588762 0.0054963715 -9.5341013)
(-0.10952598 0.0047820069 -9.4132228)
(-0.093494512 0.0040820581 -9.2930577)
(-0.077812124 0.0033973504 -9.1735713)
(-0.06249467 0.0027285759 -9.0547258)
(-0.047556236 0.0020763499 -8.9364852)
(-0.033012377 0.0014413514 -8.8188156)
(-0.018876009 0.00082414427 -8.7016944)
(-0.0051469785 0.0002247219 -8.5850779)
(0.0081851479 -0.00035737122 -8.4688937)
(0.021111228 -0.00092173603 -8.3531324)
(0.033624057 -0.0014680578 -8.2377857)
(0.045723766 -0.0019963425 -8.1228204)
(0.05741256 -0.0025066862 -8.0082075)
(0.068693474 -0.0029992215 -7.8939184)
(0.079570878 -0.0034741392 -7.7799219)
(0.09004899 -0.0039316234 -7.6661995)
(0.10013354 -0.0043719242 -7.5527282)
(0.10983113 -0.0047953304 -7.4394836)
(0.11914888 -0.0052021517 -7.3264439)
(0.12809446 -0.0055927245 -7.2135889)
(0.13667642 -0.0059674208 -7.1008949)
(0.14490287 -0.006326595 -6.9883503)
(0.15278281 -0.0066706407 -6.8759392)
(0.16032564 -0.0069999677 -6.7636439)
(0.1675408 -0.0073149885 -6.6514491)
(0.1744379 -0.0076161225 -6.5393409)
(0.18102665 -0.0079037936 -6.4273067)
(0.18731704 -0.0081784378 -6.3153297)
(0.19331847 -0.0084404658 -6.203405)
(0.1990407 -0.0086903038 -6.0915234)
(0.20449352 -0.0089283789 -5.9796732)
(0.20968649 -0.0091551091 -5.8678453)
(0.21462909 -0.0093709073 -5.7560315)
(0.21933062 -0.0095761804 -5.6442244)
(0.2238004 -0.0097713355 -5.5324128)
(0.22804718 -0.0099567535 -5.4205965)
(0.23207974 -0.010132819 -5.3087712)
(0.23590678 -0.010299911 -5.1969295)
(0.23953667 -0.010458396 -5.0850666)
(0.24297758 -0.010608629 -4.9731784)
(0.24623747 -0.010750959 -4.8612613)
(0.24932418 -0.010885728 -4.7493076)
(0.25224504 -0.011013255 -4.6373202)
(0.25500733 -0.011133859 -4.5252982)
(0.25761813 -0.011247849 -4.4132371)
(0.26008425 -0.011355522 -4.3011349)
(0.26241224 -0.011457165 -4.18899)
(0.26460852 -0.011553056 -4.0767966)
(0.26667906 -0.011643458 -3.9645595)
(0.26862974 -0.011728626 -3.8522796)
(0.27046624 -0.011808809 -3.739954)
(0.27219395 -0.011884243 -3.6275821)
(0.27381807 -0.011955154 -3.5151636)
(0.27534359 -0.012021759 -3.4026988)
(0.2767753 -0.012084269 -3.2901832)
(0.27811771 -0.01214288 -3.177623)
(0.27937517 -0.012197782 -3.0650205)
(0.28055187 -0.012249158 -2.9523738)
(0.28165176 -0.01229718 -2.8396833)
(0.28267864 -0.012342015 -2.7269499)
(0.2836361 -0.012383818 -2.6141746)
(0.2845276 -0.012422742 -2.501354)
(0.28535634 -0.012458925 -2.3884947)
(0.28612537 -0.012492502 -2.2755997)
(0.2868376 -0.012523599 -2.1626674)
(0.28749567 -0.012552331 -2.0496981)
(0.28810201 -0.012578804 -1.936692)
(0.28865877 -0.012603113 -1.8236485)
(0.28916772 -0.012625334 -1.7105614)
(0.28963018 -0.012645525 -1.5974331)
(0.29004698 -0.012663723 -1.4842628)
(0.29041837 -0.012679938 -1.3710467)
(0.29074398 -0.012694155 -1.2577913)
(0.29102283 -0.01270633 -1.1445165)
(0.29125743 -0.012716572 -1.0312884)
(0.29143002 -0.012724108 -0.91813834)
(0.29151523 -0.012727829 -0.80522538)
(0.29145394 -0.012725153 -0.69317863)
(0.2911301 -0.012711013 -0.58349746)
(0.29033572 -0.01267633 -0.47837305)
(0.28870651 -0.012605197 -0.38011852)
(0.2855939 -0.012469298 -0.28958784)
(0.27974824 -0.01221407 -0.21017825)
(0.26812913 -0.011706769 -0.13037818)
(0.23859431 -0.010417251 -0.064158578)
(-0.545402 0.023812763 -22.249654)
(-0.65136409 0.028439167 -19.313268)
(-0.67863261 0.029629736 -16.656045)
(-0.68853181 0.030061945 -15.191798)
(-0.69195514 0.03021141 -14.285552)
(-0.6915661 0.030194425 -13.712109)
(-0.68815439 0.030045466 -13.352387)
(-0.68132648 0.029747353 -13.105473)
(-0.67144713 0.029316011 -12.915413)
(-0.65905937 0.02877515 -12.75118)
(-0.64460755 0.02814417 -12.597124)
(-0.6288176 0.027454766 -12.453357)
(-0.6118159 0.026712456 -12.313906)
(-0.59367272 0.025920308 -12.174974)
(-0.57447285 0.025082024 -12.035355)
(-0.55430471 0.024201464 -11.895045)
(-0.53326509 0.023282854 -11.754497)
(-0.5114568 0.022330684 -11.614235)
(-0.48898724 0.021349642 -11.4747)
(-0.46596642 0.020344531 -11.336195)
(-0.44250731 0.019320284 -11.198965)
(-0.41871993 0.018281705 -11.063153)
(-0.39471215 0.017233503 -10.928832)
(-0.37058483 0.016180081 -10.796009)
(-0.34643148 0.015125523 -10.664646)
(-0.32233963 0.014073651 -10.534721)
(-0.29838876 0.013027933 -10.406197)
(-0.27465104 0.011991522 -10.279028)
(-0.25119041 0.010967209 -10.153158)
(-0.22806621 0.0099575846 -10.028538)
(-0.2053297 0.0089648873 -9.9051116)
(-0.1830258 0.007991078 -9.7828178)
(-0.16119401 0.0070378816 -9.6615968)
(-0.13986827 0.0061067798 -9.5413889)
(-0.1190771 0.0051990177 -9.4221349)
(-0.098843296 0.004315591 -9.3037708)
(-0.079187675 0.0034574082 -9.1862454)
(-0.060128035 0.0026252464 -9.0695015)
(-0.041684596 0.0018199885 -8.9534845)
(-0.023870741 0.0010422189 -8.8381639)
(-0.0066698818 0.00029121327 -8.7234588)
(0.009936486 -0.00043383633 -8.6092747)
(0.02594063 -0.0011325923 -8.4955834)
(0.041332535 -0.0018046173 -8.3823823)
(0.056119553 -0.0024502323 -8.2696241)
(0.070309841 -0.0030697936 -8.1572639)
(0.083912767 -0.0036637102 -8.0452603)
(0.096939186 -0.0042324558 -7.9335756)
(0.10940098 -0.0047765496 -7.822175)
(0.12131141 -0.0052965699 -7.7110209)
(0.13268331 -0.0057930776 -7.6000891)
(0.14353108 -0.0062667018 -7.4893515)
(0.1538698 -0.0067180997 -7.3787797)
(0.16371477 -0.0071479406 -7.2683482)
(0.1730817 -0.0075569092 -7.1580341)
(0.18198681 -0.0079457146 -7.0478112)
(0.19044558 -0.0083150325 -6.9376664)
(0.19847416 -0.008665568 -6.827582)
(0.20608871 -0.0089980266 -6.7175396)
(0.21330513 -0.009313102 -6.6075236)
(0.22013913 -0.0096114808 -6.4975199)
(0.22660621 -0.0098938397 -6.3875158)
(0.23272184 -0.010160854 -6.2774953)
(0.23850056 -0.010413158 -6.1674541)
(0.24395703 -0.010651393 -6.0573837)
(0.24910558 -0.010876183 -5.9472738)
(0.25396006 -0.011088135 -5.8371164)
(0.25853394 -0.011287835 -5.726905)
(0.26284027 -0.011475853 -5.6166336)
(0.26689186 -0.011652749 -5.5062925)
(0.27070068 -0.011819046 -5.3958833)
(0.27427861 -0.011975261 -5.2854034)
(0.2776371 -0.012121896 -5.1748472)
(0.28078714 -0.01225943 -5.0642118)
(0.28373933 -0.012388325 -4.9534949)
(0.28650384 -0.012509026 -4.8426946)
(0.28909055 -0.012621965 -4.7318053)
(0.29150871 -0.012727544 -4.6208317)
(0.29376735 -0.012826158 -4.5097747)
(0.29587513 -0.012918186 -4.3986316)
(0.29784033 -0.013003988 -4.2874022)
(0.29967084 -0.01308391 -4.1760866)
(0.30137427 -0.013158283 -4.0646809)
(0.30295775 -0.013227419 -3.9531916)
(0.30442816 -0.013291619 -3.8416212)
(0.3057921 -0.01335117 -3.7299684)
(0.3070558 -0.013406344 -3.6182342)
(0.30822521 -0.013457402 -3.50642)
(0.30930599 -0.01350459 -3.3945273)
(0.31030356 -0.013548144 -3.2825535)
(0.31122297 -0.013588287 -3.1705059)
(0.31206909 -0.013625229 -3.0583882)
(0.31284653 -0.013659173 -2.9462)
(0.31355967 -0.013690309 -2.8339429)
(0.31421262 -0.013718818 -2.7216191)
(0.31480932 -0.01374487 -2.6092309)
(0.31535346 -0.013768628 -2.4967759)
(0.31584853 -0.013790243 -2.3842621)
(0.31629779 -0.013809858 -2.2716935)
(0.31670432 -0.013827608 -2.1590696)
(0.31707092 -0.013843614 -2.0463918)
(0.31740016 -0.013857989 -1.9336615)
(0.31769426 -0.013870829 -1.820879)
(0.31795506 -0.013882216 -1.7080392)
(0.3181839 -0.013892207 -1.5951457)
(0.31838158 -0.013900838 -1.4821985)
(0.31854835 -0.01390812 -1.369195)
(0.31868389 -0.013914038 -1.256142)
(0.31878758 -0.013918565 -1.1430612)
(0.31886273 -0.013921846 -1.0300182)
(0.31889155 -0.013923104 -0.91704704)
(0.31884756 -0.013921184 -0.80430723)
(0.3186658 -0.013913248 -0.69242125)
(0.31821418 -0.01389353 -0.58287869)
(0.31725038 -0.013851449 -0.47787226)
(0.31534568 -0.013768288 -0.3797283)
(0.31173765 -0.013610758 -0.28931152)
(0.30497587 -0.013315533 -0.21001801)
(0.29160862 -0.012731906 -0.13031493)
(0.25821092 -0.011273731 -0.064167799)
(-0.66072778 0.028847995 -22.293079)
(-0.79812329 0.034846812 -19.359444)
(-0.83816022 0.036594861 -16.686864)
(-0.85627683 0.03738585 -15.20493)
(-0.86684402 0.037847223 -14.278605)
(-0.87244491 0.038091763 -13.68143)
(-0.87385935 0.038153519 -13.30088)
(-0.8694922 0.037962845 -13.038569)
(-0.85947746 0.037525592 -12.834022)
(-0.84442952 0.036868585 -12.656204)
(-0.82504365 0.03602218 -12.488947)
(-0.80256082 0.035040558 -12.333337)
(-0.77746137 0.033944693 -12.183867)
(-0.75014458 0.032752016 -12.036507)
(-0.72100489 0.03147975 -11.889775)
(-0.69039226 0.030143174 -11.743433)
(-0.65861724 0.028755847 -11.59778)
(-0.62595206 0.027329654 -11.453253)
(-0.59263798 0.02587513 -11.310254)
(-0.55889203 0.02440175 -11.169094)
(-0.52490954 0.022918043 -11.029973)
(-0.49086506 0.021431629 -10.89299)
(-0.45691819 0.019949477 -10.758185)
(-0.42320844 0.018477677 -10.625524)
(-0.38985993 0.01702165 -10.494964)
(-0.35698167 0.015586155 -10.366432)
(-0.32466789 0.014175305 -10.239823)
(-0.29299974 0.012792643 -10.11502)
(-0.26204666 0.011441203 -9.9919205)
(-0.2318705 0.010123684 -9.8704292)
(-0.20252104 0.0088422588 -9.7504422)
(-0.17403918 0.0075987138 -9.6318554)
(-0.14645862 0.0063945207 -9.5145671)
(-0.11980593 0.0052308392 -9.3984768)
(-0.094104602 0.0041086952 -9.2834863)
(-0.06938153 0.0030292627 -9.169499)
(-0.045658869 0.001993509 -9.0564505)
(-0.022927252 0.0010010253 -8.9442752)
(-0.0011173553 4.8784763e-05 -8.8327975)
(0.019773691 -0.00086333789 -8.7219451)
(0.039738376 -0.0017350147 -8.6116859)
(0.058776099 -0.0025662196 -8.5019882)
(0.076909996 -0.0033579626 -8.3927685)
(0.094160034 -0.0041111154 -8.2839713)
(0.1105496 -0.0048266991 -8.1755383)
(0.12610359 -0.0055058009 -8.0674153)
(0.14084766 -0.006149541 -7.959553)
(0.1548083 -0.0067590757 -7.8519066)
(0.16801261 -0.007335588 -7.7444349)
(0.18048853 -0.0078802986 -7.6370951)
(0.19226299 -0.0083943824 -7.5298593)
(0.20336407 -0.0088790661 -7.422696)
(0.21381984 -0.0093355747 -7.3155749)
(0.22365797 -0.0097651169 -7.2084696)
(0.23290582 -0.010168887 -7.1013565)
(0.24159059 -0.010548072 -6.9942098)
(0.24973801 -0.010903796 -6.8870173)
(0.25737389 -0.011237186 -6.7797626)
(0.26452333 -0.011549337 -6.6724291)
(0.27121058 -0.011841308 -6.5650035)
(0.27745911 -0.012114125 -6.4574743)
(0.28329161 -0.012368778 -6.3498317)
(0.28873018 -0.01260623 -6.2420624)
(0.29379553 -0.012827388 -6.1341654)
(0.29850801 -0.01303314 -6.0261353)
(0.30288714 -0.013224337 -5.9179653)
(0.30695158 -0.013401794 -5.8096507)
(0.31071916 -0.01356629 -5.7011883)
(0.31420696 -0.013718571 -5.5925756)
(0.3174314 -0.013859353 -5.4838064)
(0.32040784 -0.013989307 -5.3748856)
(0.32315117 -0.014109083 -5.2658138)
(0.32567559 -0.014219302 -5.1565889)
(0.32799456 -0.01432055 -5.047211)
(0.3301209 -0.014413388 -4.9376812)
(0.33206679 -0.014498347 -4.8280006)
(0.33384387 -0.014575937 -4.7181664)
(0.33546305 -0.014646632 -4.6081866)
(0.33693479 -0.014710889 -4.4980645)
(0.338269 -0.014769142 -4.3878004)
(0.33947506 -0.0148218 -4.2773967)
(0.34056187 -0.014869251 -4.1668561)
(0.34153785 -0.014911863 -4.0561772)
(0.34241091 -0.014949982 -3.9453687)
(0.3431886 -0.014983936 -3.8344354)
(0.34387803 -0.015014038 -3.7233784)
(0.34448592 -0.015040578 -3.6122006)
(0.3450186 -0.015063836 -3.5009056)
(0.34548206 -0.015084071 -3.3894968)
(0.34588195 -0.01510153 -3.2779735)
(0.34622358 -0.015116446 -3.1663447)
(0.34651197 -0.015129038 -3.054616)
(0.34675186 -0.015139511 -2.9427884)
(0.34694768 -0.015148061 -2.8308654)
(0.34710363 -0.01515487 -2.7188505)
(0.34722364 -0.01516011 -2.6067475)
(0.3473114 -0.015163942 -2.4945555)
(0.34737039 -0.015166517 -2.3822838)
(0.34740383 -0.015167977 -2.2699376)
(0.34741473 -0.015168453 -2.1575178)
(0.34740582 -0.015168064 -2.045027)
(0.34737956 -0.015166918 -1.9324677)
(0.34733807 -0.015165106 -1.8198415)
(0.34728302 -0.015162702 -1.7071444)
(0.3472156 -0.015159759 -1.5943811)
(0.34713639 -0.015156301 -1.4815527)
(0.34704547 -0.015152331 -1.3686576)
(0.34694241 -0.015147831 -1.2557033)
(0.34682687 -0.015142787 -1.1427131)
(0.34670282 -0.01513737 -1.029752)
(0.34655243 -0.015130804 -0.91685634)
(0.3463478 -0.01512187 -0.80418646)
(0.34601716 -0.015107434 -0.69235865)
(0.34540968 -0.015080911 -0.58285363)
(0.34424295 -0.01502997 -0.47786579)
(0.34201368 -0.014932638 -0.37973414)
(0.33782949 -0.014749953 -0.28933247)
(0.33001608 -0.014408812 -0.2100578)
(0.31468043 -0.013739243 -0.13035085)
(0.27709427 -0.012098196 -0.064190602)
(-0.76660348 0.033470627 -22.300449)
(-0.93572508 0.040854635 -19.359338)
(-0.99390297 0.043394736 -16.679341)
(-1.0295315 0.044950313 -15.19176)
(-1.0603179 0.046294473 -14.257224)
(-1.0870729 0.047462624 -13.644808)
(-1.1085628 0.048400891 -13.242377)
(-1.120092 0.048904269 -12.959189)
(-1.1200423 0.048902096 -12.733395)
(-1.1085111 0.048398634 -12.533945)
(-1.0865287 0.047438862 -12.345136)
(-1.0562299 0.046115988 -12.16793)
(-1.0190802 0.044493996 -11.999554)
(-0.97638111 0.042629715 -11.836272)
(-0.92946363 0.040581254 -11.676505)
(-0.87955199 0.038402065 -11.519773)
(-0.82772598 0.036139293 -11.366114)
(-0.77489317 0.033832563 -11.215734)
(-0.72178274 0.031513711 -11.068839)
(-0.66896008 0.029207425 -10.925556)
(-0.6168474 0.026932136 -10.78591)
(-0.56574773 0.024701076 -10.649822)
(-0.51587923 0.022523771 -10.517151)
(-0.46738811 0.020406603 -10.387692)
(-0.42037297 0.018353878 -10.261213)
(-0.37489858 0.016368424 -10.13748)
(-0.33100438 0.014451962 -10.016262)
(-0.288709 0.012605306 -9.8973302)
(-0.24801709 0.010828659 -9.7804876)
(-0.20893361 0.0091222374 -9.6655716)
(-0.17146134 0.0074861628 -9.5524201)
(-0.13561651 0.0059211439 -9.440843)
(-0.10143036 0.0044285444 -9.330692)
(-0.068923874 0.0030092809 -9.2218503)
(-0.038057066 0.0016616071 -9.1142006)
(-0.0086726088 0.00037865411 -9.0074571)
(0.019241594 -0.00084010616 -8.9015541)
(0.045699247 -0.0019952721 -8.7963718)
(0.070684116 -0.0030861349 -8.6918881)
(0.094245832 -0.0041148615 -8.5879779)
(0.1164317 -0.0050835171 -8.4845346)
(0.13729122 -0.0059942635 -8.3814655)
(0.15687527 -0.0068493216 -8.2786848)
(0.17523389 -0.0076508759 -8.176126)
(0.19241965 -0.0084012224 -8.0737223)
(0.20848513 -0.0091026564 -7.9714132)
(0.2234824 -0.0097574513 -7.8691444)
(0.23746298 -0.010367856 -7.7668681)
(0.25047763 -0.010936088 -7.6645417)
(0.26257662 -0.011464342 -7.562123)
(0.27380776 -0.011954704 -7.4595856)
(0.28421873 -0.012409256 -7.3569007)
(0.29385565 -0.012830013 -7.2540424)
(0.30276289 -0.013218912 -7.150989)
(0.31098311 -0.013577814 -7.0477225)
(0.31855746 -0.013908518 -6.9442233)
(0.32552451 -0.014212706 -6.8404854)
(0.33192171 -0.014492013 -6.7364987)
(0.33778472 -0.014747998 -6.6322538)
(0.34314738 -0.014982137 -6.5277442)
(0.34804185 -0.015195834 -6.4229651)
(0.35249867 -0.015390422 -6.3179138)
(0.35654691 -0.015567172 -6.2125839)
(0.3602137 -0.015727268 -6.1069812)
(0.36352505 -0.015871845 -6.0011066)
(0.36650551 -0.016001974 -5.8949601)
(0.36917817 -0.016118665 -5.7885433)
(0.37156484 -0.016222869 -5.6818592)
(0.37368604 -0.016315483 -5.5749113)
(0.37556119 -0.016397354 -5.4676991)
(0.37720836 -0.016469271 -5.3602332)
(0.37864473 -0.016531984 -5.2525192)
(0.37988641 -0.016586197 -5.1445605)
(0.38094855 -0.016632571 -5.0363621)
(0.38184535 -0.016671726 -4.9279296)
(0.38259017 -0.016704246 -4.8192687)
(0.38319554 -0.016730677 -4.7103811)
(0.3836732 -0.016751532 -4.6012787)
(0.38403417 -0.016767292 -4.4919686)
(0.38428882 -0.01677841 -4.3824551)
(0.38444681 -0.016785309 -4.2727439)
(0.38451722 -0.016788382 -4.1628411)
(0.38450853 -0.016788003 -4.0527484)
(0.38442869 -0.016784517 -3.9424777)
(0.38428516 -0.01677825 -3.8320365)
(0.38408489 -0.016769507 -3.7214287)
(0.38383438 -0.016758569 -3.6106597)
(0.38353973 -0.016745705 -3.4997355)
(0.38320662 -0.016731161 -3.388662)
(0.38284035 -0.016715169 -3.2774403)
(0.38244591 -0.016697947 -3.1660819)
(0.38202796 -0.016679699 -3.0545939)
(0.38159082 -0.016660613 -2.9429795)
(0.38113855 -0.016640867 -2.8312438)
(0.38067493 -0.016620625 -2.7193919)
(0.38020347 -0.01660004 -2.6074292)
(0.37972746 -0.016579257 -2.4953564)
(0.37924998 -0.01655841 -2.3831839)
(0.37877387 -0.016537622 -2.2709186)
(0.37830172 -0.016517008 -2.1585624)
(0.37783588 -0.016496669 -2.0461193)
(0.37737843 -0.016476696 -1.9335928)
(0.3769311 -0.016457165 -1.8209858)
(0.37649515 -0.016438132 -1.7082955)
(0.37607138 -0.016419629 -1.5955276)
(0.37565995 -0.016401666 -1.4826842)
(0.37526054 -0.016384227 -1.3697648)
(0.37487246 -0.016367283 -1.2567772)
(0.37449552 -0.016350826 -1.1437467)
(0.37413411 -0.016335046 -1.0307375)
(0.37377028 -0.016319161 -0.91778781)
(0.37337426 -0.016301871 -0.80505875)
(0.37286614 -0.016279685 -0.69316148)
(0.37207312 -0.016245062 -0.58356921)
(0.37066642 -0.016183644 -0.47847825)
(0.36805731 -0.016069727 -0.38023859)
(0.36320741 -0.015857976 -0.28973006)
(0.35419732 -0.015464587 -0.2103527)
(0.33667077 -0.014699362 -0.13051487)
(0.29461244 -0.012863056 -0.064231826)
(-0.79135956 0.0345515 -22.183912)
(-0.98568891 0.043036102 -19.217633)
(-1.0764476 0.046998712 -16.570407)
(-1.1547578 0.05041781 -15.118259)
(-1.2372418 0.054019137 -14.211498)
(-1.3199905 0.057632024 -13.61121)
(-1.3955406 0.060930613 -13.194224)
(-1.4531239 0.063444754 -12.882721)
(-1.4847649 0.064826229 -12.626912)
(-1.4914858 0.065119669 -12.396494)
(-1.4757444 0.064432386 -12.178765)
(-1.440504 0.062893756 -11.967822)
(-1.3894221 0.060663472 -11.767216)
(-1.3252856 0.057863212 -11.575365)
(-1.2508594 0.054613696 -11.391081)
(-1.1688651 0.051033745 -11.214046)
(-1.0818444 0.04723434 -11.044221)
(-0.9921368 0.043317624 -10.881725)
(-0.90183753 0.039375073 -10.726757)
(-0.8127093 0.03548365 -10.579234)
(-0.72615788 0.031704734 -10.438898)
(-0.64321623 0.028083424 -10.305329)
(-0.56456179 0.024649297 -10.177999)
(-0.49052323 0.021416704 -10.056266)
(-0.42115162 0.018387875 -9.9394125)
(-0.35630206 0.015556482 -9.8266901)
(-0.29572659 0.0129117 -9.7173729)
(-0.23909842 0.010439261 -9.6108204)
(-0.18607173 0.0081240664 -9.5065275)
(-0.13641586 0.0059560442 -9.4041637)
(-0.089988343 0.0039289754 -9.303559)
(-0.04643921 0.0020275794 -9.2043182)
(-0.0054764191 0.00023910554 -9.1062368)
(0.032977877 -0.0014398451 -9.0092384)
(0.068974973 -0.0030115121 -8.9131422)
(0.10250108 -0.0044752933 -8.8178694)
(0.13367421 -0.0058363414 -8.723197)
(0.16260733 -0.0070995889 -8.6289613)
(0.18940851 -0.0082697535 -8.5350154)
(0.21418546 -0.0093515382 -8.4412332)
(0.23704529 -0.01034962 -8.3475022)
(0.25809422 -0.011268636 -8.2537232)
(0.27743775 -0.012113193 -8.1598048)
(0.2951765 -0.012887683 -8.0656778)
(0.31141009 -0.013596457 -7.9712767)
(0.32623427 -0.014243695 -7.8765459)
(0.33974085 -0.014833404 -7.7814391)
(0.35201783 -0.015369429 -7.6859185)
(0.36314935 -0.015855441 -7.5899539)
(0.37321595 -0.016294959 -7.4935168)
(0.38229294 -0.016691269 -7.3965951)
(0.39045261 -0.017047527 -7.2991749)
(0.39776296 -0.017366704 -7.201246)
(0.40428779 -0.017651584 -7.1028024)
(0.4100869 -0.017904779 -7.0038416)
(0.41521644 -0.01812874 -6.9043595)
(0.41972833 -0.018325733 -6.804365)
(0.42367156 -0.018497898 -6.7038628)
(0.42709182 -0.018647229 -6.602858)
(0.43003163 -0.018775584 -6.5013577)
(0.43253064 -0.018884694 -6.3993709)
(0.43462577 -0.018976169 -6.2969073)
(0.43635142 -0.019051512 -6.1939732)
(0.43773937 -0.019112112 -6.0905859)
(0.43881936 -0.019159265 -5.9867574)
(0.43961893 -0.019194175 -5.8824984)
(0.44016361 -0.019217956 -5.7778206)
(0.44047706 -0.019231642 -5.6727364)
(0.44058124 -0.01923619 -5.5672583)
(0.44049644 -0.019232488 -5.4613944)
(0.44024149 -0.019221357 -5.3551632)
(0.43983386 -0.019203559 -5.2485778)
(0.43928967 -0.019179799 -5.1416486)
(0.43862387 -0.019150729 -5.0343873)
(0.43785026 -0.019116953 -4.9268057)
(0.43698164 -0.019079028 -4.8189154)
(0.43602978 -0.019037469 -4.7107234)
(0.43500567 -0.018992756 -4.6022468)
(0.43391945 -0.01894533 -4.4934975)
(0.43278041 -0.018895599 -4.3844841)
(0.43159721 -0.018843939 -4.2752167)
(0.43037779 -0.018790698 -4.1657051)
(0.42912947 -0.018736195 -4.0559548)
(0.42785911 -0.01868073 -3.945981)
(0.42657301 -0.018624578 -3.8357945)
(0.42527693 -0.01856799 -3.7254019)
(0.42397621 -0.018511199 -3.6148116)
(0.42267577 -0.018454421 -3.504032)
(0.42138018 -0.018397854 -3.3930715)
(0.42009357 -0.01834168 -3.2819335)
(0.4188199 -0.01828607 -3.1706314)
(0.41756275 -0.018231181 -3.0591745)
(0.41632538 -0.018177157 -2.9475676)
(0.41511084 -0.018124129 -2.8358175)
(0.41392193 -0.01807222 -2.7239311)
(0.41276123 -0.018021542 -2.6119152)
(0.41163107 -0.017972199 -2.4997717)
(0.4105337 -0.017924287 -2.3875126)
(0.40947113 -0.017877894 -2.2751457)
(0.40844513 -0.017833098 -2.1626743)
(0.40745728 -0.017789967 -2.0501034)
(0.40650891 -0.01774856 -1.9374375)
(0.40560102 -0.017708921 -1.8246806)
(0.40473416 -0.017671073 -1.7118306)
(0.40390842 -0.017635021 -1.5988944)
(0.4031233 -0.017600742 -1.485875)
(0.4023778 -0.017568192 -1.3727725)
(0.4016707 -0.01753732 -1.2595951)
(0.40100184 -0.017508117 -1.1463702)
(0.40037556 -0.017480773 -1.0331603)
(0.39977355 -0.017454488 -0.92000553)
(0.3991633 -0.017427844 -0.80706749)
(0.3984548 -0.01739691 -0.69495367)
(0.39744922 -0.017353006 -0.58513174)
(0.39576388 -0.017279422 -0.47979945)
(0.39271296 -0.017146216 -0.38131538)
(0.38709585 -0.016900968 -0.29056095)
(0.37672958 -0.016448367 -0.2109412)
(0.35678371 -0.015577512 -0.13082624)
(0.31001843 -0.013535695 -0.064293832)
(-0.64202542 0.028031432 -21.939363)
(-0.87754538 0.038314455 -18.966813)
(-1.0534354 0.045993979 -16.420606)
(-1.2410927 0.054187272 -15.048529)
(-1.4430078 0.063003072 -14.195314)
(-1.6427008 0.071721859 -13.616944)
(-1.8211947 0.079515071 -13.196102)
(-1.9561589 0.085407732 -12.855995)
(-2.0359024 0.088889407 -12.56615)
(-2.0685042 0.090312835 -12.298873)
(-2.0611865 0.089993336 -12.044117)
(-2.020383 0.088211816 -11.797872)
(-1.9518622 0.085220134 -11.5596)
(-1.8606126 0.081236091 -11.329484)
(-1.750877 0.076444932 -11.106924)
(-1.6270673 0.071039283 -10.895236)
(-1.4928345 0.065178557 -10.695517)
(-1.3514224 0.059004368 -10.508168)
(-1.2058873 0.052650169 -10.333148)
(-1.0591908 0.046245266 -10.170294)
(-0.91420135 0.039914889 -10.019602)
(-0.77357771 0.033775128 -9.8807054)
(-0.63973725 0.027931529 -9.7529517)
(-0.51470432 0.022472474 -9.6356521)
(-0.39995754 0.017462521 -9.527831)
(-0.2963191 0.01293757 -9.4283367)
(-0.20388341 0.0089017412 -9.3355566)
(-0.12211111 0.0053314857 -9.2476179)
(-0.049672022 0.0021687271 -9.1627372)
(0.015287863 -0.00066748231 -9.0798706)
(0.073825245 -0.0032232793 -8.9990282)
(0.12659119 -0.0055270901 -8.9198287)
(0.17414571 -0.007603365 -8.8416893)
(0.21707347 -0.0094776312 -8.7640685)
(0.25583549 -0.011170018 -8.6866318)
(0.29080111 -0.012696649 -8.609103)
(0.32228057 -0.014071072 -8.5312755)
(0.35055463 -0.015305544 -8.4529834)
(0.3758779 -0.016411182 -8.3740844)
(0.39848502 -0.01739823 -8.2944428)
(0.41859428 -0.018276219 -8.2139455)
(0.43641093 -0.019054111 -8.1325176)
(0.45212783 -0.019740325 -8.0500978)
(0.4659235 -0.020342657 -7.9666505)
(0.47796625 -0.020868455 -7.8821478)
(0.48841276 -0.021324559 -7.7965741)
(0.49740859 -0.021717326 -7.7099241)
(0.5050886 -0.022052642 -7.622201)
(0.51157725 -0.022335942 -7.5334149)
(0.51698926 -0.022572236 -7.4435773)
(0.52142921 -0.022766088 -7.352714)
(0.52499345 -0.022921706 -7.260848)
(0.52776981 -0.023042925 -7.1680044)
(0.52983827 -0.023133236 -7.0742107)
(0.53127166 -0.023195819 -6.979496)
(0.5321363 -0.02323357 -6.8838862)
(0.53249242 -0.023249119 -6.787418)
(0.53239509 -0.023244869 -6.6901224)
(0.53189435 -0.023223006 -6.5920289)
(0.53103579 -0.023185521 -6.4931677)
(0.52986087 -0.023134223 -6.3935688)
(0.52840732 -0.023070759 -6.2932621)
(0.52670934 -0.022996624 -6.192272)
(0.52479816 -0.02291318 -6.0906328)
(0.52270208 -0.022821663 -5.9883724)
(0.52044672 -0.022723192 -5.8855158)
(0.51805534 -0.022618782 -5.7820883)
(0.51554902 -0.022509354 -5.6781147)
(0.51294685 -0.022395741 -5.5736188)
(0.51026605 -0.022278695 -5.4686195)
(0.50752244 -0.022158906 -5.3631446)
(0.50473024 -0.022036996 -5.2572165)
(0.50190223 -0.021913522 -5.1508536)
(0.49905006 -0.021788994 -5.0440752)
(0.49618421 -0.021663868 -4.9369)
(0.49331419 -0.02153856 -4.8293461)
(0.49044846 -0.02141344 -4.7214263)
(0.48759493 -0.021288852 -4.613163)
(0.48476059 -0.021165102 -4.5045732)
(0.4819517 -0.021042463 -4.3956699)
(0.4791739 -0.020921182 -4.2864674)
(0.4764323 -0.020801481 -4.1769794)
(0.47373139 -0.020683557 -4.0672148)
(0.47107543 -0.020567595 -3.9571921)
(0.46846814 -0.020453759 -3.846925)
(0.46591278 -0.020342189 -3.7364228)
(0.46341232 -0.020233016 -3.6256965)
(0.4609694 -0.020126357 -3.5147568)
(0.45858642 -0.020022313 -3.403614)
(0.4562654 -0.019920975 -3.2922736)
(0.45400836 -0.019822431 -3.1807507)
(0.45181701 -0.019726755 -3.0690562)
(0.4496928 -0.01963401 -2.9571965)
(0.44763707 -0.019544254 -2.8451796)
(0.44565099 -0.01945754 -2.7330138)
(0.44373562 -0.019373913 -2.6207068)
(0.44189181 -0.019293411 -2.508262)
(0.44012048 -0.019216073 -2.3956919)
(0.43842233 -0.01914193 -2.2830055)
(0.4367979 -0.019071006 -2.1702068)
(0.43524763 -0.01900332 -2.0573016)
(0.43377175 -0.018938881 -1.9442952)
(0.43237021 -0.018877689 -1.8311921)
(0.43104255 -0.018819722 -1.717991)
(0.42978792 -0.018764944 -1.6046994)
(0.42860485 -0.01871329 -1.4913209)
(0.42749147 -0.018664679 -1.377856)
(0.42644581 -0.018619024 -1.2643133)
(0.42546753 -0.018576311 -1.1507217)
(0.42456047 -0.018536708 -1.0371419)
(0.42370549 -0.018499379 -0.92361519)
(0.42286609 -0.01846273 -0.81030371)
(0.42193957 -0.018422278 -0.69781305)
(0.42069612 -0.018367987 -0.58760783)
(0.41869081 -0.018280433 -0.48188656)
(0.41512863 -0.018124906 -0.3830118)
(0.40863251 -0.017841279 -0.29186106)
(0.39674294 -0.017322169 -0.21184634)
(0.37416071 -0.016336208 -0.13129553)
(0.32254026 -0.01408241 -0.064376272)
(-0.30271721 0.013216917 -21.825527)
(-0.65545126 0.028617617 -18.907665)
(-1.0327615 0.045091337 -16.485388)
(-1.4418049 0.062950554 -15.194253)
(-1.8477689 0.080675322 -14.362996)
(-2.2088885 0.096442144 -13.767043)
(-2.4947091 0.10892134 -13.299428)
(-2.6786462 0.11695221 -12.914162)
(-2.7797362 0.12136589 -12.567925)
(-2.8139485 0.12285963 -12.245509)
(-2.794494 0.12201023 -11.941338)
(-2.7319654 0.11928017 -11.653006)
(-2.6349563 0.11504467 -11.379594)
(-2.5103992 0.10960639 -11.120313)
(-2.3638069 0.10320603 -10.874078)
(-2.1996506 0.09603881 -10.640118)
(-2.0217051 0.088269541 -10.418042)
(-1.8334573 0.080050465 -10.209088)
(-1.6377213 0.07150445 -10.013263)
(-1.4368307 0.062733378 -9.8285548)
(-1.2338315 0.053870242 -9.6574562)
(-1.0314946 0.045036022 -9.5013516)
(-0.83250493 0.036347947 -9.3600558)
(-0.63975151 0.027932151 -9.2333765)
(-0.45629854 0.019922422 -9.1211274)
(-0.28523907 0.012453805 -9.0226197)
(-0.12936032 0.005647993 -8.9367106)
(0.0095082304 -0.00041513812 -8.861403)
(0.13114039 -0.0057257121 -8.7938597)
(0.23566218 -0.010289232 -8.7327436)
(0.32435585 -0.01416168 -8.6757155)
(0.39880341 -0.017412131 -8.6212783)
(0.46069179 -0.020114235 -8.5683157)
(0.51171128 -0.022341794 -8.5158651)
(0.55347479 -0.024165228 -8.4630984)
(0.58745467 -0.025648822 -8.4093336)
(0.61493898 -0.026848813 -8.3540451)
(0.63702974 -0.027813316 -8.2968407)
(0.65464258 -0.028582309 -8.2374526)
(0.66852521 -0.029188437 -8.1757096)
(0.67928288 -0.029658128 -8.1115169)
(0.68740722 -0.030012844 -8.044872)
(0.69329689 -0.030269992 -7.9758005)
(0.69727847 -0.030443832 -7.9043689)
(0.69962259 -0.030546179 -7.8306306)
(0.70055987 -0.030587101 -7.7546742)
(0.70028799 -0.030575231 -7.6765989)
(0.69897785 -0.030518028 -7.5965057)
(0.69677818 -0.030421989 -7.5144962)
(0.6938191 -0.030292793 -7.4306663)
(0.69021487 -0.030135429 -7.3451183)
(0.6860655 -0.029954263 -7.2579449)
(0.68145842 -0.029753114 -7.1692344)
(0.67647023 -0.029535325 -7.079071)
(0.67116798 -0.029303824 -6.9875353)
(0.66561024 -0.029061168 -6.8946994)
(0.65984887 -0.028809621 -6.8006416)
(0.65392908 -0.028551157 -6.7054301)
(0.64789046 -0.028287505 -6.6091285)
(0.64176775 -0.028020182 -6.5117973)
(0.63559138 -0.027750516 -6.4134939)
(0.62938793 -0.027479667 -6.3142726)
(0.62318032 -0.027208638 -6.2141801)
(0.61698909 -0.026938323 -6.1132703)
(0.61083173 -0.026669486 -6.011589)
(0.60472327 -0.026402785 -5.9091774)
(0.59867678 -0.02613879 -5.8060751)
(0.5927035 -0.025877991 -5.7023198)
(0.58681309 -0.02562081 -5.597947)
(0.58101354 -0.025367596 -5.492986)
(0.5753122 -0.02511867 -5.387474)
(0.56971498 -0.024874291 -5.2814417)
(0.56422674 -0.024634669 -5.1749152)
(0.55885159 -0.024399985 -5.0679204)
(0.55359291 -0.024170386 -4.9604822)
(0.54845344 -0.023945992 -4.8526241)
(0.54343519 -0.02372689 -4.7443637)
(0.5385401 -0.023513166 -4.6357277)
(0.53376946 -0.023304875 -4.5267372)
(0.52912406 -0.023102053 -4.4174086)
(0.52460445 -0.022904722 -4.3077593)
(0.52021093 -0.022712897 -4.1978058)
(0.51594339 -0.022526572 -4.0875595)
(0.5118019 -0.022345751 -3.9770411)
(0.50778616 -0.02217042 -3.8662662)
(0.50389561 -0.022000555 -3.7552461)
(0.50012966 -0.02183613 -3.6439931)
(0.49648762 -0.021677115 -3.5325194)
(0.49296872 -0.021523477 -3.4208365)
(0.489572 -0.021375173 -3.308951)
(0.48629676 -0.021232173 -3.1968789)
(0.4831421 -0.021094437 -3.084632)
(0.48010701 -0.020961922 -2.9722174)
(0.47719052 -0.020834586 -2.8596438)
(0.47439167 -0.020712385 -2.74692)
(0.47170949 -0.020595279 -2.6340543)
(0.46914293 -0.02048322 -2.5210502)
(0.46669116 -0.020376174 -2.4079208)
(0.46435325 -0.020274099 -2.2946754)
(0.46212818 -0.02017695 -2.1813182)
(0.46001492 -0.020084683 -2.0678552)
(0.45801236 -0.019997249 -1.9542918)
(0.45611916 -0.019914591 -1.8406328)
(0.45433362 -0.019836632 -1.726877)
(0.45265372 -0.019763286 -1.613032)
(0.45107689 -0.01969444 -1.4991016)
(0.44960015 -0.019629965 -1.3850864)
(0.44822061 -0.019569732 -1.2709946)
(0.44693759 -0.019513714 -1.1568569)
(0.44575383 -0.019462031 -1.0427313)
(0.44464862 -0.019413776 -0.92865977)
(0.44357969 -0.019367106 -0.81480475)
(0.4424282 -0.01931683 -0.7017722)
(0.44092728 -0.019251299 -0.59102664)
(0.43856056 -0.019147966 -0.48476637)
(0.43441177 -0.018966825 -0.38535262)
(0.4269153 -0.018639523 -0.29365188)
(0.41333066 -0.018046404 -0.21308464)
(0.38791608 -0.01693678 -0.13193311)
(0.33140209 -0.014469326 -0.064482094)
(0.03313041 -0.0014465049 -22.150118)
(-0.60582507 0.026450891 -19.393313)
(-1.3508801 0.05898069 -17.061063)
(-2.0693613 0.090350255 -15.737803)
(-2.678048 0.11692609 -14.772942)
(-3.1053188 0.13558113 -14.056782)
(-3.3780115 0.14748715 -13.484416)
(-3.5269304 0.15398909 -12.995357)
(-3.580249 0.15631703 -12.560829)
(-3.5611264 0.15548212 -12.168926)
(-3.4872108 0.15225489 -11.812895)
(-3.3718253 0.14721705 -11.488219)
(-3.2248013 0.14079785 -11.190831)
(-3.0534617 0.133317 -10.917135)
(-2.8633879 0.1250182 -10.664151)
(-2.6588473 0.11608777 -10.429256)
(-2.443212 0.10667293 -10.210237)
(-2.2191804 0.096891496 -10.005189)
(-1.9890214 0.086842539 -9.8126989)
(-1.7546837 0.076611138 -9.6317626)
(-1.5178819 0.066272148 -9.4616678)
(-1.2804859 0.055907214 -9.303964)
(-1.0439389 0.045579353 -9.158102)
(-0.80974218 0.035354103 -9.0224071)
(-0.58014909 0.025329853 -8.8991233)
(-0.35760096 0.015613193 -8.7900111)
(-0.14475214 0.006320014 -8.6950428)
(0.055726819 -0.0024330854 -8.6145269)
(0.24075583 -0.010511626 -8.5488064)
(0.40745033 -0.017789664 -8.4956133)
(0.55379058 -0.024179016 -8.452583)
(0.67869899 -0.029632635 -8.4171189)
(0.7820309 -0.034144203 -8.3865316)
(0.86448785 -0.037744351 -8.3582811)
(0.9274923 -0.040495184 -8.3301736)
(0.9730341 -0.042483582 -8.3004645)
(1.003481 -0.043812921 -8.2678968)
(1.0213867 -0.0445947 -8.2316427)
(1.0292755 -0.044939132 -8.1911762)
(1.0294799 -0.044948058 -8.1462288)
(1.0240256 -0.044709917 -8.0967394)
(1.0145722 -0.044297175 -8.042799)
(1.0024091 -0.043766122 -7.9845935)
(0.98848923 -0.043158367 -7.9223423)
(0.97349347 -0.042503638 -7.8563158)
(0.95789184 -0.041822457 -7.7867989)
(0.94200023 -0.041128614 -7.7140617)
(0.92602809 -0.040431255 -7.6383489)
(0.91011355 -0.039736411 -7.5598761)
(0.89435112 -0.039048209 -7.4788572)
(0.87880726 -0.03836955 -7.3954976)
(0.86352769 -0.037702429 -7.3099795)
(0.84854512 -0.037048276 -7.2224678)
(0.83388332 -0.036408128 -7.1331136)
(0.81955928 -0.035782727 -7.0420546)
(0.80558436 -0.035172569 -6.9494129)
(0.7919674 -0.034578039 -6.8553091)
(0.77871299 -0.03399934 -6.7598488)
(0.76582306 -0.033436553 -6.6631272)
(0.75329761 -0.03288968 -6.5652324)
(0.74113491 -0.032358645 -6.4662454)
(0.72933175 -0.031843308 -6.3662409)
(0.71788336 -0.031343461 -6.2652833)
(0.70678513 -0.030858902 -6.1634415)
(0.69603097 -0.030389365 -6.0607746)
(0.68561409 -0.029934554 -5.9573346)
(0.67552746 -0.029494163 -5.8531708)
(0.66576375 -0.02906787 -5.7483291)
(0.65631543 -0.028655347 -5.6428521)
(0.64717456 -0.028256248 -5.5367747)
(0.63833398 -0.027870261 -5.4301393)
(0.62978607 -0.02749705 -5.3229809)
(0.62152305 -0.02713628 -5.2153292)
(0.61353747 -0.026787621 -5.1072131)
(0.60582196 -0.026450755 -4.99866)
(0.59836932 -0.026125366 -4.8896953)
(0.59117229 -0.025811137 -4.7803386)
(0.58422441 -0.025507786 -4.6706176)
(0.57751908 -0.025215025 -4.5605548)
(0.57104971 -0.024932566 -4.4501673)
(0.5648101 -0.024660139 -4.3394731)
(0.55879424 -0.024397481 -4.2284893)
(0.55299612 -0.024144329 -4.1172275)
(0.54741051 -0.023900456 -4.0057084)
(0.54203208 -0.023665629 -3.8939481)
(0.53685557 -0.023439618 -3.7819575)
(0.53187607 -0.023222208 -3.6697489)
(0.52708887 -0.023013194 -3.5573343)
(0.52248945 -0.02281238 -3.444725)
(0.51807337 -0.022619569 -3.3319272)
(0.51383673 -0.022434594 -3.2189567)
(0.50977565 -0.022257283 -3.105825)
(0.50588631 -0.022087471 -2.9925387)
(0.50216514 -0.021925001 -2.8791061)
(0.49860877 -0.021769727 -2.7655355)
(0.49521399 -0.021621507 -2.6518349)
(0.49197763 -0.021480205 -2.5380073)
(0.48889698 -0.021345701 -2.4240654)
(0.48596929 -0.021217875 -2.310018)
(0.48319185 -0.02109661 -2.1958689)
(0.4805621 -0.020981792 -2.0816235)
(0.47807744 -0.02087331 -1.967287)
(0.4757352 -0.020771045 -1.8528635)
(0.47353233 -0.020674866 -1.7383516)
(0.4714656 -0.02058463 -1.6237582)
(0.46953124 -0.020500174 -1.509087)
(0.46772514 -0.020421318 -1.3943381)
(0.46604335 -0.02034789 -1.279519)
(0.46448471 -0.020279838 -1.1646616)
(0.46305026 -0.020217209 -1.0498212)
(0.46171662 -0.020158981 -0.93503921)
(0.46043341 -0.020102954 -0.82047862)
(0.45906118 -0.020043042 -0.7067483)
(0.45728885 -0.01996566 -0.59531587)
(0.45451866 -0.019844711 -0.48837784)
(0.44970192 -0.019634408 -0.3882876)
(0.44107687 -0.01925783 -0.2958933)
(0.42562772 -0.018583306 -0.21462527)
(0.39722049 -0.017343019 -0.13272123)
(0.33590904 -0.014666104 -0.064607062)
(-0.096635923 0.0042192152 -23.326169)
(-1.3277188 0.057969449 -20.790683)
(-2.5104912 0.1096104 -18.218097)
(-3.338538 0.1457637 -16.531703)
(-3.8580615 0.16844658 -15.24836)
(-4.1530559 0.18132632 -14.265868)
(-4.288804 0.18725321 -13.491632)
(-4.3120974 0.18827022 -12.864733)
(-4.2556098 0.18580392 -12.34787)
(-4.1414699 0.18082046 -11.914389)
(-3.9855702 0.17401373 -11.545353)
(-3.799302 0.16588109 -11.226491)
(-3.590855 0.1567801 -10.946941)
(-3.3661558 0.14696952 -10.698466)
(-3.1295305 0.13663824 -10.474776)
(-2.884194 0.12592661 -10.271098)
(-2.6326465 0.11494381 -10.083853)
(-2.3768411 0.10377511 -9.9102662)
(-2.1184065 0.092491614 -9.7481937)
(-1.8587584 0.081155137 -9.5959857)
(-1.5991706 0.069821287 -9.4524013)
(-1.3407994 0.05854056 -9.3165555)
(-1.0847693 0.047362045 -9.1878955)
(-0.83221688 0.03633537 -9.0667567)
(-0.58435426 0.025513456 -8.955189)
(-0.34200958 0.014932459 -8.8513731)
(-0.10588178 0.0046228979 -8.7550352)
(0.12433941 -0.0054287748 -8.6720203)
(0.34523385 -0.015073234 -8.6033776)
(0.55280363 -0.024135925 -8.5490451)
(0.74304452 -0.032442021 -8.5081015)
(0.91240245 -0.039836347 -8.4785548)
(1.0581284 -0.046198877 -8.45758)
(1.1785066 -0.051454704 -8.4418784)
(1.2729669 -0.055578931 -8.4280696)
(1.3420917 -0.058596981 -8.4130449)
(1.3875057 -0.0605798 -8.3942251)
(1.4117162 -0.061636853 -8.3697194)
(1.4178603 -0.061905109 -8.3384155)
(1.4094071 -0.061536036 -8.299874)
(1.3898526 -0.060682267 -8.2541728)
(1.3624495 -0.059485822 -8.2017333)
(1.3300071 -0.058069357 -8.1431611)
(1.2947872 -0.056531626 -8.0791338)
(1.2584797 -0.054946402 -8.0103107)
(1.2222549 -0.053364796 -7.9372801)
(1.1868576 -0.051819315 -7.8605277)
(1.1527222 -0.050328935 -7.7805082)
(1.1200621 -0.048902961 -7.6975957)
(1.0889485 -0.047544512 -7.6121003)
(1.0593702 -0.046253095 -7.5242681)
(1.0312715 -0.045026279 -7.4343138)
(1.0045783 -0.04386083 -7.3424346)
(0.97921 -0.042753227 -7.2488024)
(0.95508632 -0.041699965 -7.1535695)
(0.93212965 -0.040697655 -7.0568673)
(0.91026974 -0.039743231 -6.9588225)
(0.88943996 -0.038833783 -6.859545)
(0.86957857 -0.037966616 -6.7591314)
(0.85062894 -0.037139258 -6.6576702)
(0.83253875 -0.036349423 -6.5552416)
(0.81525958 -0.035594998 -6.4519185)
(0.79874593 -0.034873997 -6.3477631)
(0.78295714 -0.034184643 -6.242841)
(0.76785449 -0.033525247 -6.1372085)
(0.75340168 -0.032894224 -6.0309136)
(0.73956523 -0.032290112 -5.9240019)
(0.72631398 -0.03171155 -5.8165153)
(0.71361884 -0.031157268 -5.7084924)
(0.70145228 -0.030626064 -5.599964)
(0.68978966 -0.030116864 -5.4909684)
(0.67860737 -0.029628634 -5.381537)
(0.66788306 -0.029160401 -5.2716953)
(0.65759606 -0.028711261 -5.1614684)
(0.64772703 -0.02828037 -5.05088)
(0.63825782 -0.027866935 -4.9399521)
(0.62917111 -0.027470201 -4.8287006)
(0.62045145 -0.027089493 -4.71715)
(0.61208392 -0.026724158 -4.6053197)
(0.60405427 -0.026373576 -4.4932236)
(0.59634931 -0.02603717 -4.3808767)
(0.58895665 -0.0257144 -4.2682934)
(0.58186437 -0.025404744 -4.1554827)
(0.5750619 -0.025107742 -4.0424624)
(0.56853897 -0.024822945 -3.9292466)
(0.56228575 -0.024549923 -3.8158436)
(0.55629313 -0.02428828 -3.7022635)
(0.55055255 -0.024037641 -3.5885162)
(0.54505593 -0.023797653 -3.474611)
(0.53979551 -0.023567978 -3.3605521)
(0.53476441 -0.023348316 -3.2463534)
(0.52995598 -0.023138375 -3.1320249)
(0.52536377 -0.022937875 -3.0175712)
(0.52098185 -0.022746556 -2.9029992)
(0.51680464 -0.022564176 -2.7883157)
(0.5128269 -0.022390504 -2.6735271)
(0.50904356 -0.02222532 -2.558635)
(0.50545019 -0.022068429 -2.4436506)
(0.50204245 -0.021919644 -2.3285819)
(0.49881612 -0.02177878 -2.213431)
(0.49576726 -0.021645664 -2.0982023)
(0.49289201 -0.021520128 -1.9828997)
(0.49018646 -0.021402001 -1.8675263)
(0.48764643 -0.021291101 -1.7520796)
(0.48526759 -0.021187238 -1.6365654)
(0.4830451 -0.021090202 -1.5209866)
(0.48097382 -0.020999768 -1.4053424)
(0.47904877 -0.020915719 -1.289639)
(0.47726816 -0.020837976 -1.1739093)
(0.47563071 -0.020766483 -1.0582053)
(0.47410904 -0.020700045 -0.94256719)
(0.47264159 -0.020635975 -0.82715866)
(0.47106304 -0.020567054 -0.71259432)
(0.46901007 -0.02047742 -0.60034824)
(0.46579363 -0.020336987 -0.49261329)
(0.46022352 -0.020093791 -0.39172801)
(0.45034054 -0.01966229 -0.29851526)
(0.43287314 -0.018899648 -0.21641633)
(0.40137236 -0.017524294 -0.13362925)
(0.33552594 -0.014649377 -0.064743276)
(-1.4363288 0.062711461 -24.774762)
(-3.1184574 0.13615477 -22.200385)
(-4.1219392 0.17996773 -19.125346)
(-4.6482545 0.20294715 -16.86745)
(-4.889134 0.21346417 -15.220477)
(-4.9546927 0.21632653 -14.038565)
(-4.9073864 0.21426109 -13.173243)
(-4.7851691 0.20892497 -12.522195)
(-4.6123825 0.20138095 -12.019638)
(-4.4054603 0.19234653 -11.623029)
(-4.1754028 0.18230201 -11.302883)
(-3.9296568 0.1715725 -11.038169)
(-3.6732762 0.16037869 -10.813902)
(-3.4096273 0.14886752 -10.619437)
(-3.1409285 0.13713588 -10.447216)
(-2.8687053 0.12525036 -10.292021)
(-2.5941055 0.11326108 -10.150252)
(-2.3180656 0.10120892 -10.01931)
(-2.0414965 0.089133654 -9.8972623)
(-1.7653206 0.077075554 -9.7826042)
(-1.4904897 0.06507618 -9.6741203)
(-1.2180464 0.053181047 -9.5708498)
(-0.94924802 0.041445059 -9.472095)
(-0.68539107 0.029924817 -9.3773038)
(-0.42733857 0.018658003 -9.2869571)
(-0.17454597 0.0076208407 -9.201827)
(0.076853017 -0.003355475 -9.1292299)
(0.32254796 -0.014082747 -9.0643879)
(0.55940174 -0.024424005 -9.0097613)
(0.78372954 -0.034218367 -8.9666522)
(0.9912769 -0.043280079 -8.9343036)
(1.1776704 -0.051418194 -8.9110223)
(1.3389726 -0.058460799 -8.8941501)
(1.4722081 -0.064277988 -8.8803149)
(1.5757585 -0.068799094 -8.8658773)
(1.6495462 -0.072020734 -8.8474011)
(1.6949814 -0.074004477 -8.8220747)
(1.7147678 -0.074868369 -8.7879806)
(1.712548 -0.074771451 -8.7441818)
(1.6924995 -0.073896118 -8.6906334)
(1.6589239 -0.072430175 -8.6279769)
(1.6158871 -0.070551147 -8.5572837)
(1.5669524 -0.06841461 -8.4798068)
(1.515033 -0.06614776 -8.3967994)
(1.4623385 -0.063847071 -8.3093795)
(1.41042 -0.061580262 -8.2184713)
(1.3602724 -0.05939077 -8.1248011)
(1.3124528 -0.057302921 -8.0288814)
(1.2672205 -0.055328035 -7.9311326)
(1.2246284 -0.053468424 -7.8318505)
(1.184611 -0.051721225 -7.7312539)
(1.1470343 -0.050080594 -7.6294978)
(1.1117345 -0.04853937 -7.5266822)
(1.0785463 -0.047090345 -7.4229079)
(1.0473099 -0.045726531 -7.3182599)
(1.0178741 -0.044441338 -7.2128063)
(0.99010332 -0.04322884 -7.1066158)
(0.96387236 -0.042083571 -6.999746)
(0.93906729 -0.041000559 -6.8922454)
(0.91558544 -0.039975319 -6.7841594)
(0.89333378 -0.039003791 -6.6755297)
(0.87222771 -0.03808228 -6.5663943)
(0.85218948 -0.037207392 -6.4567836)
(0.83314989 -0.036376106 -6.3467348)
(0.81504479 -0.03558562 -6.2362786)
(0.797815 -0.034833351 -6.1254391)
(0.7814067 -0.034116949 -6.0142405)
(0.7657705 -0.033434258 -5.9027051)
(0.75086102 -0.032783296 -5.7908535)
(0.73663598 -0.032162218 -5.6787005)
(0.72305767 -0.031569376 -5.566269)
(0.71009068 -0.031003225 -5.4535775)
(0.69770193 -0.030462321 -5.3406383)
(0.68586113 -0.02994534 -5.2274654)
(0.67454024 -0.029451059 -5.1140717)
(0.66371327 -0.028978344 -5.0004696)
(0.65335574 -0.028526124 -4.886666)
(0.64344575 -0.028093445 -4.7726771)
(0.63396253 -0.027679399 -4.658515)
(0.62488642 -0.027283127 -4.5441864)
(0.61619934 -0.026903841 -4.4296999)
(0.60788443 -0.026540805 -4.3150637)
(0.59992568 -0.026193318 -4.2002813)
(0.59230881 -0.025860758 -4.0853654)
(0.58502019 -0.02554253 -3.9703253)
(0.57804685 -0.025238068 -3.8551646)
(0.57137682 -0.024946848 -3.7398895)
(0.56499893 -0.024668383 -3.6245058)
(0.55890272 -0.024402217 -3.5090192)
(0.55307818 -0.024147912 -3.3934305)
(0.54751646 -0.023905082 -3.2777503)
(0.54220902 -0.023673354 -3.1619859)
(0.53714771 -0.023452373 -3.0461388)
(0.532325 -0.023241809 -2.9302135)
(0.52773387 -0.023041356 -2.814214)
(0.52336771 -0.022850725 -2.6981446)
(0.51922022 -0.022669642 -2.5820047)
(0.5152858 -0.022497862 -2.4658032)
(0.51155909 -0.02233515 -2.3495464)
(0.50803488 -0.022181279 -2.2332344)
(0.50470829 -0.022036038 -2.1168698)
(0.50157461 -0.021899218 -2.0004548)
(0.49862913 -0.021770615 -1.8839908)
(0.49586683 -0.021650011 -1.7674738)
(0.49328263 -0.021537182 -1.6509082)
(0.49087091 -0.021431885 -1.5342955)
(0.48862574 -0.021333858 -1.4176335)
(0.48654124 -0.021242847 -1.3009272)
(0.48461486 -0.021158739 -1.1842099)
(0.48284229 -0.021081347 -1.0675301)
(0.4811903 -0.02100922 -0.95092602)
(0.47958263 -0.020939028 -0.83456237)
(0.47782206 -0.020862159 -0.71906259)
(0.47548465 -0.020760106 -0.6059104)
(0.47178097 -0.0205984 -0.49729293)
(0.46537372 -0.020318653 -0.39552734)
(0.45411285 -0.019826993 -0.30140532)
(0.43450532 -0.01897091 -0.21838081)
(0.3998903 -0.017459586 -0.13461775)
(0.32994986 -0.01440592 -0.064886058)
(-3.3870129 0.14788016 -24.861958)
(-4.7923214 0.20923725 -21.949548)
(-5.3062563 0.23167613 -18.662153)
(-5.4463085 0.23779094 -16.281903)
(-5.4037019 0.23593069 -14.633391)
(-5.2608168 0.2296922 -13.52523)
(-5.0586142 0.22086384 -12.770684)
(-4.8211405 0.21049552 -12.244489)
(-4.5625377 0.19920467 -11.865357)
(-4.292421 0.18741113 -11.581427)
(-4.0170496 0.17538815 -11.360078)
(-3.7400423 0.16329375 -11.180597)
(-3.4631734 0.1512054 -11.029802)
(-3.1867844 0.139138 -10.898519)
(-2.9106731 0.12708272 -10.780903)
(-2.6344117 0.11502089 -10.673223)
(-2.3575883 0.10293451 -10.573252)
(-2.0802094 0.090823893 -10.479663)
(-1.8029159 0.078716999 -10.391564)
(-1.5264434 0.066645952 -10.30826)
(-1.2513909 0.054636902 -10.229516)
(-0.97826255 0.042711861 -10.155317)
(-0.70786483 0.030906042 -10.086921)
(-0.43977615 0.019201039 -10.024123)
(-0.16787252 0.0073294717 -9.9682608)
(0.11405317 -0.0049796686 -9.9267824)
(0.3902871 -0.017040301 -9.8818054)
(0.65267961 -0.028496604 -9.8386993)
(0.89585636 -0.039113929 -9.7998575)
(1.1155772 -0.048707146 -9.7652822)
(1.3085105 -0.057130797 -9.7341706)
(1.4721247 -0.064274344 -9.7048252)
(1.604828 -0.070068294 -9.674815)
(1.7061563 -0.074492384 -9.6411564)
(1.7768429 -0.077578628 -9.6006699)
(1.8188097 -0.079410937 -9.5507127)
(1.8350286 -0.080119072 -9.4896667)
(1.8292603 -0.07986722 -9.4170289)
(1.8056893 -0.07883809 -9.3332969)
(1.7685543 -0.077216738 -9.239745)
(1.7218396 -0.075177131 -9.138115)
(1.6690513 -0.072872345 -9.0302868)
(1.6130808 -0.070428621 -8.9180184)
(1.5561672 -0.06794372 -8.8028109)
(1.4999224 -0.065488019 -8.6858365)
(1.4454137 -0.06310812 -8.5679375)
(1.3932771 -0.060831785 -8.4496749)
(1.3438263 -0.058672718 -8.3313674)
(1.2971666 -0.056635509 -8.2132366)
(1.2532597 -0.054718494 -8.0953763)
(1.2119915 -0.052916687 -7.977818)
(1.1732057 -0.051223261 -7.8605424)
(1.136731 -0.04963074 -7.7435009)
(1.1024009 -0.048131858 -7.6266624)
(1.0700567 -0.046719678 -7.5099946)
(1.0395492 -0.045387694 -7.3934614)
(1.0107441 -0.044130035 -7.2770392)
(0.98351719 -0.042941283 -7.1607048)
(0.95775444 -0.041816457 -7.0444328)
(0.93335254 -0.040751048 -6.928203)
(0.91022111 -0.039741107 -6.8119994)
(0.8882793 -0.038783107 -6.6958088)
(0.86744867 -0.037873622 -6.5796162)
(0.84765734 -0.037009515 -6.4634172)
(0.8288389 -0.036187884 -6.3472066)
(0.81093183 -0.035406045 -6.2309745)
(0.7938802 -0.034661554 -6.114715)
(0.77763264 -0.033952171 -5.9984233)
(0.76214191 -0.033275831 -5.8820955)
(0.74736399 -0.032630613 -5.7657239)
(0.73325947 -0.032014796 -5.649311)
(0.71979149 -0.031426772 -5.5328573)
(0.70692547 -0.030865029 -5.416358)
(0.69462977 -0.030328187 -5.2998115)
(0.68287518 -0.029814971 -5.183217)
(0.67163471 -0.029324202 -5.0665739)
(0.660883 -0.028854772 -4.9498779)
(0.65059724 -0.028405686 -4.8331342)
(0.64075584 -0.027976001 -4.716346)
(0.63133831 -0.027564823 -4.5995106)
(0.62232579 -0.027171328 -4.4826284)
(0.6137007 -0.026794748 -4.3657001)
(0.60544637 -0.026434357 -4.248722)
(0.59754792 -0.026089503 -4.1317003)
(0.58999121 -0.02575957 -4.0146386)
(0.58276272 -0.025443967 -3.8975348)
(0.57584999 -0.025142151 -3.7803897)
(0.56924137 -0.024853612 -3.6632046)
(0.56292595 -0.024577875 -3.5459806)
(0.5568933 -0.024314484 -3.4287146)
(0.55113414 -0.024063033 -3.311413)
(0.54563959 -0.023823136 -3.1940798)
(0.54040111 -0.02359442 -3.0767133)
(0.53541087 -0.023376541 -2.9593144)
(0.5306615 -0.023169179 -2.8418845)
(0.52614612 -0.022972033 -2.7244251)
(0.52185813 -0.022784816 -2.6069329)
(0.51779169 -0.022607271 -2.4894145)
(0.51394119 -0.022439154 -2.3718738)
(0.51030118 -0.022280228 -2.2543088)
(0.50686657 -0.02213027 -2.1367199)
(0.50363242 -0.021989064 -2.0191075)
(0.50059377 -0.021856393 -1.9014709)
(0.49774536 -0.021732029 -1.7838043)
(0.4950818 -0.021615736 -1.6661102)
(0.49259713 -0.021507253 -1.5483889)
(0.490285 -0.021406303 -1.4306363)
(0.48813886 -0.0213126 -1.3128561)
(0.48615527 -0.021225995 -1.1950817)
(0.48432625 -0.021146138 -1.0773585)
(0.48261059 -0.021071231 -0.95972201)
(0.48091344 -0.020997132 -0.84233824)
(0.47899949 -0.020913567 -0.72584224)
(0.47637656 -0.020799048 -0.61173012)
(0.47214838 -0.020614441 -0.50218157)
(0.46483063 -0.020294941 -0.39948747)
(0.45209897 -0.019739065 -0.30440544)
(0.43028867 -0.018786807 -0.22040407)
(0.39265196 -0.017143553 -0.13562419)
(0.31925212 -0.013938847 -0.06502226)
(-4.8756839 0.21287693 -23.428443)
(-5.9101285 0.25804175 -20.333826)
(-5.9921606 0.26162335 -17.244047)
(-5.8081545 0.25358948 -15.261541)
(-5.5389931 0.24183764 -13.984994)
(-5.2340276 0.22852256 -13.19662)
(-4.9119313 0.21445953 -12.708833)
(-4.5836528 0.20012658 -12.391481)
(-4.2584333 0.18592719 -12.171821)
(-3.9425175 0.17213401 -12.010711)
(-3.6388159 0.15887412 -11.8853)
(-3.3471193 0.14613837 -11.781509)
(-3.0650909 0.13382475 -11.690324)
(-2.7898077 0.12180562 -11.607305)
(-2.5182309 0.10994833 -11.530107)
(-2.2474652 0.098126439 -11.457925)
(-1.9725536 0.086123539 -11.389914)
(-1.6954478 0.074024843 -11.326388)
(-1.4182012 0.061919993 -11.267454)
(-1.1404977 0.049795198 -11.212371)
(-0.85889728 0.037500261 -11.161788)
(-0.56610507 0.024716679 -11.112918)
(-0.25749166 0.011242327 -11.065054)
(0.058125119 -0.0025377973 -11.030886)
(0.3484189 -0.015212296 -10.998069)
(0.59472951 -0.025966449 -10.956164)
(0.80636608 -0.0352067 -10.914209)
(0.99023336 -0.043234517 -10.868758)
(1.1503979 -0.05022745 -10.818525)
(1.2886109 -0.056261961 -10.762787)
(1.4052258 -0.061353478 -10.700121)
(1.5001151 -0.065496431 -10.629338)
(1.5732103 -0.068687839 -10.549285)
(1.6249013 -0.070944715 -10.459193)
(1.6562389 -0.072312946 -10.358873)
(1.6689884 -0.072869601 -10.248597)
(1.6655248 -0.072718377 -10.129123)
(1.6486213 -0.071980353 -10.001682)
(1.6211884 -0.070782606 -9.8678977)
(1.5860488 -0.069248378 -9.7295602)
(1.5457482 -0.067488818 -9.5883434)
(1.5024315 -0.065597569 -9.4456881)
(1.457793 -0.063648608 -9.3027528)
(1.4130891 -0.061696796 -9.1604042)
(1.3691892 -0.059780085 -9.0192313)
(1.3266433 -0.057922493 -8.879572)
(1.2857622 -0.056137583 -8.7415613)
(1.2466974 -0.054431976 -8.605259)
(1.2094873 -0.052807349 -8.4706252)
(1.1741015 -0.051262373 -8.3375609)
(1.1404729 -0.049794115 -8.2059366)
(1.1085169 -0.048398889 -8.0756167)
(1.078143 -0.047072734 -7.9464744)
(1.049261 -0.04581172 -7.8183941)
(1.0217841 -0.044612051 -7.6912686)
(0.99562909 -0.0434701 -7.5649965)
(0.97071998 -0.042382545 -7.4394945)
(0.94698543 -0.041346272 -7.3146888)
(0.9243576 -0.04035832 -7.1905049)
(0.90277436 -0.039415975 -7.0668589)
(0.88219246 -0.03851735 -6.9437595)
(0.86254466 -0.037659509 -6.8211113)
(0.84377233 -0.036839891 -6.6988563)
(0.82582944 -0.036056488 -6.576967)
(0.80867289 -0.035307417 -6.4554091)
(0.79226138 -0.034590875 -6.3341445)
(0.77655678 -0.033905198 -6.2131427)
(0.76152332 -0.033248822 -6.0923768)
(0.74712746 -0.032620286 -5.9718225)
(0.73333724 -0.032018192 -5.8514539)
(0.72012367 -0.031441275 -5.7312561)
(0.7074592 -0.030888332 -5.6112154)
(0.69531722 -0.030358202 -5.4913119)
(0.68367303 -0.029849806 -5.3715309)
(0.67250319 -0.02936212 -5.2518584)
(0.66178964 -0.028894357 -5.1322823)
(0.65151803 -0.028445888 -5.0127878)
(0.64167194 -0.028015999 -4.8933712)
(0.63223316 -0.027603893 -4.7740283)
(0.62318411 -0.027208803 -4.6547482)
(0.61450864 -0.026830024 -4.535524)
(0.60619166 -0.026466897 -4.4163496)
(0.59821881 -0.026118795 -4.2972151)
(0.59057742 -0.025785164 -4.1781203)
(0.5832556 -0.025465487 -4.0590642)
(0.5762419 -0.025159262 -3.9400393)
(0.56952566 -0.024866024 -3.8210421)
(0.56309688 -0.024585338 -3.7020696)
(0.5569462 -0.024316793 -3.583119)
(0.5510646 -0.024059997 -3.4641834)
(0.54544409 -0.023814601 -3.3452655)
(0.54007698 -0.023580268 -3.2263665)
(0.53495581 -0.023356672 -3.1074811)
(0.53007367 -0.023143514 -2.9886077)
(0.52542409 -0.022940508 -2.8697447)
(0.52100096 -0.02274739 -2.750891)
(0.51679839 -0.022563903 -2.6320411)
(0.51281119 -0.022389818 -2.5131989)
(0.50903434 -0.022224917 -2.3943666)
(0.50546289 -0.022068984 -2.2755398)
(0.50209225 -0.021921818 -2.1567169)
(0.49891785 -0.021783222 -2.0378964)
(0.4959351 -0.021652992 -1.9190759)
(0.493139 -0.021530911 -1.8002475)
(0.49052432 -0.021416752 -1.6814121)
(0.4880852 -0.021310258 -1.5625685)
(0.48581518 -0.021211147 -1.4437112)
(0.48370725 -0.021119112 -1.3248423)
(0.48175673 -0.021033951 -1.2059952)
(0.47995125 -0.020955122 -1.0872127)
(0.47823933 -0.020880378 -0.9685272)
(0.47650356 -0.020804592 -0.85010666)
(0.47446495 -0.020715585 -0.73260006)
(0.47155718 -0.020588629 -0.61751799)
(0.46677443 -0.02037981 -0.50703174)
(0.45849219 -0.020018199 -0.40340365)
(0.44423834 -0.019395863 -0.30735756)
(0.42023915 -0.018348036 -0.22237978)
(0.37979776 -0.016582327 -0.13659772)
(0.3037461 -0.01326184 -0.065152055)
(-5.5982076 0.244423 -22.177939)
(-6.3595391 0.27766344 -19.100721)
(-6.1784967 0.26975896 -16.319789)
(-5.8002518 0.25324443 -14.757648)
(-5.3864716 0.2351784 -13.840152)
(-4.9662062 0.21682922 -13.306715)
(-4.5480749 0.19857322 -12.992856)
(-4.1420771 0.18084697 -12.798968)
(-3.7584994 0.16409961 -12.671568)
(-3.4033569 0.14859375 -12.583362)
(-3.0762332 0.13431123 -12.518685)
(-2.7721575 0.121035 -12.468595)
(-2.4842617 0.1084652 -12.427696)
(-2.2055237 0.096295233 -12.391525)
(-1.9298552 0.084259289 -12.357301)
(-1.6528221 0.072163763 -12.325347)
(-1.3719812 0.059901988 -12.294464)
(-1.0885691 0.047527949 -12.261892)
(-0.80878146 0.035312157 -12.230878)
(-0.54142951 0.02363932 -12.201141)
(-0.29540181 0.01289752 -12.170944)
(-0.076451316 0.0033379363 -12.136603)
(0.1145264 -0.0050003299 -12.092958)
(0.28171261 -0.012299837 -12.031527)
(0.4357393 -0.019024786 -11.956551)
(0.58067943 -0.025353008 -11.872476)
(0.71574897 -0.031250271 -11.780212)
(0.83898495 -0.03663087 -11.680071)
(0.94873689 -0.041422743 -11.572158)
(1.0438645 -0.045576102 -11.456764)
(1.1237849 -0.049065501 -11.334404)
(1.1883564 -0.051884755 -11.205306)
(1.2378652 -0.054046357 -11.069711)
(1.2730416 -0.05558219 -10.928041)
(1.2950561 -0.056543366 -10.780971)
(1.3054568 -0.056997468 -10.629428)
(1.3060347 -0.057022701 -10.474526)
(1.2986707 -0.056701183 -10.317456)
(1.2851686 -0.056111667 -10.159306)
(1.2671391 -0.055324482 -10.001041)
(1.2459585 -0.054399716 -9.8434808)
(1.2227416 -0.053386045 -9.687271)
(1.1983455 -0.052320887 -9.5328591)
(1.1733985 -0.051231677 -9.3805197)
(1.1483418 -0.050137679 -9.230378)
(1.1234721 -0.049051846 -9.0824461)
(1.098984 -0.047982674 -8.9366835)
(1.0749977 -0.04693541 -8.7929921)
(1.0515851 -0.045913194 -8.6512474)
(1.028784 -0.044917676 -8.5112858)
(1.0066171 -0.043949847 -8.3729746)
(0.98509513 -0.043010177 -8.2361878)
(0.96421912 -0.042098711 -8.1007951)
(0.94398591 -0.04121531 -7.9666798)
(0.92438888 -0.040359686 -7.8337343)
(0.90541859 -0.039531425 -7.7018561)
(0.88706463 -0.038730074 -7.5709579)
(0.86931561 -0.037955135 -7.4409624)
(0.85215777 -0.037206008 -7.3117883)
(0.83557727 -0.036482087 -7.1833658)
(0.81955592 -0.03578258 -7.0556304)
(0.80407376 -0.035106615 -6.9285233)
(0.78911483 -0.034453493 -6.8019897)
(0.77466571 -0.033822631 -6.6759864)
(0.76071284 -0.033213436 -6.5504756)
(0.74724161 -0.03262527 -6.4254133)
(0.73423799 -0.03205752 -6.3007634)
(0.72168811 -0.03150958 -6.1764931)
(0.70957835 -0.030980856 -6.0525721)
(0.69789499 -0.03047075 -5.9289687)
(0.68662546 -0.029978711 -5.805662)
(0.67575743 -0.029504203 -5.682634)
(0.66527824 -0.029046672 -5.5598597)
(0.65517597 -0.028605598 -5.4373213)
(0.64543888 -0.028180467 -5.3149757)
(0.63606345 -0.027771127 -5.1928734)
(0.62703389 -0.027376888 -5.0709662)
(0.61833428 -0.026997054 -4.9492228)
(0.60995373 -0.026631152 -4.8276472)
(0.60188127 -0.026278701 -4.7062224)
(0.59410623 -0.025939235 -4.5849359)
(0.58661797 -0.025612291 -4.4637765)
(0.57940561 -0.025297393 -4.3427286)
(0.57246086 -0.024994178 -4.2217859)
(0.56578311 -0.024702621 -4.1009426)
(0.55937127 -0.024422674 -3.9801872)
(0.55321778 -0.024154007 -3.8595133)
(0.54731468 -0.023896273 -3.7389147)
(0.54165474 -0.023649154 -3.6183853)
(0.53623131 -0.023412362 -3.4979156)
(0.53103866 -0.023185646 -3.3775056)
(0.52607122 -0.022968763 -3.2571547)
(0.52132346 -0.022761471 -3.1368553)
(0.51679031 -0.02256355 -3.0166036)
(0.51246695 -0.022374788 -2.8963963)
(0.50834882 -0.022194986 -2.7762303)
(0.50443145 -0.02202395 -2.6560983)
(0.50071091 -0.021861508 -2.5360025)
(0.49718336 -0.021707492 -2.4159435)
(0.49384495 -0.021561734 -2.2959152)
(0.49069205 -0.021424075 -2.1759146)
(0.48772099 -0.021294356 -2.0559384)
(0.48492795 -0.021172409 -1.9359827)
(0.48230863 -0.021058047 -1.8160382)
(0.47985834 -0.020951065 -1.6961042)
(0.47757165 -0.020851226 -1.5761782)
(0.47544231 -0.020758257 -1.4562536)
(0.47346291 -0.020671835 -1.3363311)
(0.47162718 -0.020591685 -1.2164441)
(0.46991758 -0.020517042 -1.0966334)
(0.46827024 -0.020445118 -0.97692797)
(0.46654204 -0.020369663 -0.85749826)
(0.46440645 -0.020276421 -0.73900862)
(0.4612207 -0.020137329 -0.62298539)
(0.45587257 -0.019903824 -0.5115918)
(0.44661234 -0.019499514 -0.40706243)
(0.43085623 -0.018811587 -0.31009128)
(0.40479242 -0.017673617 -0.22418533)
(0.3619125 -0.015801439 -0.13747045)
(0.28416208 -0.012406783 -0.065259358)
(-5.5758561 0.24344711 -21.57787)
(-6.1522831 0.26861445 -18.566658)
(-5.8492003 0.25538157 -16.033883)
(-5.3986454 0.23570992 -14.683209)
(-4.9292213 0.21521442 -13.918969)
(-4.4590816 0.19468768 -13.487289)
(-3.994415 0.17439991 -13.24362)
(-3.5467094 0.15485266 -13.105762)
(-3.1269222 0.13652436 -13.025728)
(-2.7431938 0.11977041 -12.979006)
(-2.3973659 0.10467124 -12.950836)
(-2.0864421 0.091096021 -12.9347)
(-1.8050949 0.078812136 -12.927282)
(-1.5478378 0.06758005 -12.921935)
(-1.3114121 0.057257484 -12.914062)
(-1.0941307 0.047770773 -12.90008)
(-0.89476993 0.039066494 -12.876923)
(-0.71185819 0.031080396 -12.842048)
(-0.54341472 0.023725996 -12.793769)
(-0.3871466 0.016903184 -12.731645)
(-0.24075753 0.010511699 -12.656532)
(-0.10224487 0.0044641067 -12.569995)
(0.029913736 -0.0013060619 -12.473396)
(0.15618233 -0.0068190672 -12.369449)
(0.27586891 -0.012044696 -12.260295)
(0.3879729 -0.016939261 -12.145586)
(0.49130637 -0.021450897 -12.025095)
(0.58479572 -0.02553273 -11.898768)
(0.66763373 -0.029149515 -11.76669)
(0.73937613 -0.032281855 -11.629103)
(0.79999163 -0.034928385 -11.486419)
(0.84982974 -0.037104364 -11.339166)
(0.88954364 -0.03883831 -11.188005)
(0.92002286 -0.040169061 -11.033705)
(0.94231848 -0.041142509 -10.877102)
(0.95756531 -0.0418082 -10.719057)
(0.96690452 -0.042215958 -10.560392)
(0.97141582 -0.042412926 -10.401845)
(0.97206211 -0.042441144 -10.243997)
(0.96965523 -0.042336057 -10.087284)
(0.96485955 -0.042126673 -9.9320114)
(0.95820842 -0.041836279 -9.7783806)
(0.95012087 -0.041483169 -9.6265001)
(0.94092205 -0.04108154 -9.4764096)
(0.93086583 -0.040642475 -9.3281241)
(0.92014734 -0.040174496 -9.1815951)
(0.90891892 -0.039684253 -9.0367483)
(0.89730158 -0.039177029 -8.8934857)
(0.88539591 -0.038657216 -8.7517208)
(0.87328519 -0.038128451 -8.6113598)
(0.86103992 -0.037593811 -8.4723156)
(0.84872097 -0.037055954 -8.3345098)
(0.83637972 -0.036517123 -8.1978551)
(0.82406085 -0.03597927 -8.0622748)
(0.81180296 -0.035444079 -7.9276961)
(0.799639 -0.034912989 -7.7940483)
(0.78759761 -0.03438725 -7.6612704)
(0.77570367 -0.03386795 -7.5293098)
(0.76397738 -0.033355969 -7.3981061)
(0.75243605 -0.032852064 -7.2676079)
(0.74109408 -0.032356863 -7.1377674)
(0.72996339 -0.031870886 -7.0085401)
(0.71905364 -0.031394557 -6.8798812)
(0.70837316 -0.030928237 -6.7517554)
(0.69792886 -0.030472229 -6.6241325)
(0.68772547 -0.030026739 -6.4969746)
(0.67776685 -0.029591937 -6.3702506)
(0.66805583 -0.029167944 -6.2439317)
(0.6585943 -0.028754845 -6.1179911)
(0.6493831 -0.028352675 -5.9924)
(0.64042291 -0.027961465 -5.8671386)
(0.63171389 -0.027581221 -5.7421901)
(0.62325509 -0.027211902 -5.6175293)
(0.61504548 -0.026853463 -5.4931366)
(0.60708376 -0.026505847 -5.3689931)
(0.59936433 -0.026168809 -5.2450812)
(0.59187821 -0.025841958 -5.1213799)
(0.58462084 -0.025525094 -4.9978803)
(0.57759009 -0.025218125 -4.874575)
(0.57078311 -0.024920926 -4.7514488)
(0.564197 -0.02463337 -4.628492)
(0.5578286 -0.02435532 -4.5056955)
(0.55167419 -0.024086613 -4.3830323)
(0.54573292 -0.023827211 -4.2604959)
(0.54000624 -0.023577179 -4.1381802)
(0.53448055 -0.023335922 -4.0159681)
(0.52914871 -0.023103129 -3.8938788)
(0.52400398 -0.022878505 -3.7719062)
(0.51903986 -0.022661767 -3.650039)
(0.51426012 -0.022453079 -3.5282628)
(0.50967229 -0.02225277 -3.4065744)
(0.5052748 -0.022060772 -3.2849722)
(0.50106365 -0.021876909 -3.1634468)
(0.49703548 -0.021701035 -3.0419931)
(0.49318717 -0.021533015 -2.9206068)
(0.48951575 -0.021372717 -2.7992838)
(0.48601824 -0.021220012 -2.6780156)
(0.48269208 -0.021074789 -2.5568036)
(0.4795347 -0.020936935 -2.4356475)
(0.47654347 -0.020806335 -2.3145399)
(0.4737158 -0.020682876 -2.1934769)
(0.47104902 -0.020566442 -2.0724542)
(0.46854017 -0.020456904 -1.9514668)
(0.46618572 -0.020354106 -1.8305042)
(0.46398161 -0.020257872 -1.7095645)
(0.46192285 -0.020167985 -1.5886444)
(0.46000336 -0.020084178 -1.4677362)
(0.45821515 -0.020006103 -1.3468397)
(0.45654961 -0.019933384 -1.2259878)
(0.45498315 -0.019864991 -1.1052205)
(0.45343746 -0.019797505 -0.98456288)
(0.45174128 -0.019723448 -0.86418809)
(0.44951866 -0.019626406 -0.74477632)
(0.44605162 -0.019475032 -0.62787066)
(0.44012997 -0.019216487 -0.51562823)
(0.42990031 -0.018769851 -0.41026017)
(0.41270899 -0.018019262 -0.31243838)
(0.38477892 -0.016799809 -0.2256931)
(0.33991409 -0.014840968 -0.13816985)
(0.26147072 -0.011416057 -0.065318741)
(-5.1433945 0.22456543 -21.490374)
(-5.6553464 0.24691773 -18.49382)
(-5.3545668 0.23378541 -16.016048)
(-4.9167672 0.21467067 -14.709747)
(-4.4590619 0.19468682 -13.980568)
(-3.9973026 0.17452598 -13.570327)
(-3.5346552 0.15432636 -13.339334)
(-3.0770212 0.13434563 -13.199058)
(-2.6380223 0.11517853 -13.105747)
(-2.2336428 0.097522938 -13.037472)
(-1.8775473 0.081975478 -12.987583)
(-1.5756517 0.068794429 -12.956844)
(-1.3240492 0.057809231 -12.936271)
(-1.1138868 0.048633344 -12.917667)
(-0.9350145 0.04082361 -12.894763)
(-0.77856431 0.033992848 -12.863707)
(-0.63791882 0.027852134 -12.822787)
(-0.50863446 0.022207458 -12.771723)
(-0.38795033 0.016938275 -12.710912)
(-0.2743042 0.011976379 -12.640948)
(-0.16688879 0.0072865211 -12.562435)
(-0.065240673 0.002848469 -12.47595)
(0.030973533 -0.0013523336 -12.38142)
(0.12120824 -0.0052920655 -12.279812)
(0.20513131 -0.0089562257 -12.171257)
(0.28243744 -0.012331484 -12.056413)
(0.35292528 -0.015409049 -11.935674)
(0.41649442 -0.018184537 -11.809447)
(0.47315439 -0.020658364 -11.678229)
(0.52303741 -0.022836304 -11.5426)
(0.56639897 -0.02472951 -11.403212)
(0.60361705 -0.026354487 -11.260733)
(0.63516002 -0.027731683 -11.115839)
(0.66155646 -0.028884176 -10.969184)
(0.68336173 -0.029836214 -10.821371)
(0.70112777 -0.030611896 -10.672938)
(0.71537831 -0.031234088 -10.524339)
(0.72659102 -0.031723646 -10.375955)
(0.73518952 -0.032099064 -10.228063)
(0.741538 -0.032376245 -10.080875)
(0.74594342 -0.03256859 -9.934522)
(0.74866595 -0.032687458 -9.7891064)
(0.74992517 -0.032742437 -9.6446866)
(0.74990731 -0.032741657 -9.5012897)
(0.74877054 -0.032692024 -9.3589052)
(0.7466541 -0.032599619 -9.2175187)
(0.74367999 -0.032469766 -9.077108)
(0.73995633 -0.032307187 -8.9376432)
(0.73557969 -0.032116099 -8.7990907)
(0.73063669 -0.031900283 -8.6614135)
(0.72520529 -0.031663143 -8.5245768)
(0.71935624 -0.031407768 -8.3885524)
(0.71315283 -0.031136922 -8.2532986)
(0.70665231 -0.030853103 -8.1187803)
(0.69990628 -0.030558565 -7.9849626)
(0.69296105 -0.030255329 -7.8518094)
(0.68585839 -0.029945221 -7.7192902)
(0.67863618 -0.029629892 -7.5873805)
(0.6713278 -0.029310801 -7.4560448)
(0.66396334 -0.028989262 -7.3252544)
(0.6565697 -0.028666449 -7.1949814)
(0.64917092 -0.028343411 -7.065199)
(0.64178824 -0.028021077 -6.9358788)
(0.6344408 -0.02770028 -6.8069991)
(0.62714585 -0.027381776 -6.6785429)
(0.6199181 -0.027066206 -6.5504833)
(0.61277078 -0.026754147 -6.4227992)
(0.60571554 -0.026446109 -6.295471)
(0.59876259 -0.026142536 -6.1684793)
(0.59192066 -0.025843812 -6.0418028)
(0.58519767 -0.025550279 -5.9154274)
(0.57860057 -0.025262244 -5.7893424)
(0.57213489 -0.024979946 -5.6635277)
(0.5658055 -0.024703599 -5.5379688)
(0.5596165 -0.024433381 -5.4126519)
(0.5535712 -0.024169438 -5.2875641)
(0.54767232 -0.023911887 -5.1626896)
(0.5419227 -0.023660854 -5.0380208)
(0.53632499 -0.023416452 -4.9135521)
(0.53088122 -0.023178772 -4.7892688)
(0.52559346 -0.022947903 -4.6651613)
(0.52046368 -0.022723932 -4.5412198)
(0.51549357 -0.022506933 -4.4174304)
(0.5106831 -0.022296903 -4.2937882)
(0.50602434 -0.022093497 -4.1702882)
(0.50150919 -0.021896362 -4.0469196)
(0.49713638 -0.021705441 -3.9236774)
(0.49290494 -0.021520692 -3.8005507)
(0.48881394 -0.021342075 -3.6774839)
(0.48486816 -0.021169799 -3.5546406)
(0.48105655 -0.02100338 -3.4318852)
(0.47737055 -0.020842446 -3.3092296)
(0.47381286 -0.020687114 -3.1866721)
(0.47039573 -0.020537919 -3.0642032)
(0.46712434 -0.020395087 -2.9418164)
(0.46399764 -0.020258572 -2.819507)
(0.46101412 -0.020128309 -2.6972659)
(0.45817253 -0.020004243 -2.5750937)
(0.45547159 -0.019886317 -2.4529901)
(0.45290983 -0.019774468 -2.330947)
(0.45048574 -0.01966863 -2.2089599)
(0.44819764 -0.019568729 -2.087024)
(0.44604345 -0.019474675 -1.9651336)
(0.44402044 -0.019386349 -1.8432776)
(0.44212521 -0.019303602 -1.7214534)
(0.44035329 -0.019226238 -1.5996572)
(0.43869874 -0.019153999 -1.4778807)
(0.43715296 -0.019086508 -1.3561235)
(0.43570456 -0.01902327 -1.2344179)
(0.4343234 -0.018962967 -1.1128043)
(0.43291589 -0.018901514 -0.991304)
(0.43128201 -0.018830177 -0.87009327)
(0.42899742 -0.01873043 -0.7498674)
(0.42527407 -0.018567865 -0.63218597)
(0.41881621 -0.018285909 -0.51920205)
(0.40769092 -0.017800168 -0.41310755)
(0.38921475 -0.016993481 -0.31455377)
(0.35970587 -0.015705096 -0.22709696)
(0.31338574 -0.013682715 -0.13885453)
(0.23524052 -0.010270822 -0.065446969)
(-4.7122311 0.20574043 -21.524856)
(-5.2135038 0.22762647 -18.533714)
(-4.9385339 0.21562102 -16.054577)
(-4.5341801 0.19796656 -14.75124)
(-4.1145768 0.17964628 -14.020559)
(-3.6919536 0.16119416 -13.598698)
(-3.2656041 0.14257934 -13.347703)
(-2.8349551 0.1237768 -13.180163)
(-2.4066398 0.10507615 -13.053322)
(-1.9932567 0.087027459 -12.947343)
(-1.6112286 0.070347753 -12.854061)
(-1.2769275 0.05575185 -12.781747)
(-0.99837034 0.043589786 -12.727316)
(-0.77489741 0.033832748 -12.686135)
(-0.59830308 0.026122474 -12.651801)
(-0.45709759 0.019957309 -12.61777)
(-0.34067191 0.014874055 -12.578962)
(-0.24126268 0.010533755 -12.532439)
(-0.15389704 0.006719289 -12.476962)
(-0.075413629 0.0032926298 -12.412198)
(-0.0038034967 0.00016606427 -12.338019)
(0.061265271 -0.0026748992 -12.255277)
(0.12044482 -0.0052587339 -12.16523)
(0.17514275 -0.0076468968 -12.068025)
(0.2259063 -0.0098632812 -11.964396)
(0.27291687 -0.011915807 -11.855145)
(0.31624519 -0.013807562 -11.740923)
(0.35594853 -0.015541047 -11.622308)
(0.39210602 -0.017119717 -11.499861)
(0.42482912 -0.018548438 -11.374129)
(0.45425973 -0.019833406 -11.245644)
(0.48057179 -0.020982215 -11.114892)
(0.50395881 -0.022003314 -10.982324)
(0.52462606 -0.022905666 -10.848341)
(0.54278233 -0.023698386 -10.713294)
(0.5586327 -0.024390428 -10.577479)
(0.57237298 -0.024990341 -10.441145)
(0.58418524 -0.025506076 -10.304495)
(0.59424068 -0.025945106 -10.167702)
(0.60269538 -0.026314245 -10.030906)
(0.60969057 -0.026619662 -9.8941958)
(0.61535561 -0.026867003 -9.7576472)
(0.61980937 -0.027061459 -9.6213244)
(0.62316066 -0.027207779 -9.4852766)
(0.62550965 -0.027310338 -9.3495491)
(0.62694895 -0.027373179 -9.2141643)
(0.62756415 -0.02740004 -9.0791431)
(0.62743457 -0.027394382 -8.9445016)
(0.62663365 -0.027359413 -8.8102502)
(0.62522939 -0.027298102 -8.6763937)
(0.6232847 -0.027213195 -8.5429368)
(0.62085796 -0.027107241 -8.4098882)
(0.61800285 -0.026982584 -8.2772411)
(0.61476897 -0.02684139 -8.1449922)
(0.61120201 -0.026685653 -8.0131365)
(0.60734393 -0.026517206 -7.8816651)
(0.60323339 -0.026337736 -7.7505724)
(0.5989061 -0.026148802 -7.6198573)
(0.59439446 -0.02595182 -7.4895055)
(0.58972828 -0.02574809 -7.3595078)
(0.58493483 -0.025538804 -7.2298542)
(0.58003904 -0.025325049 -7.1005344)
(0.57506356 -0.025107814 -6.971535)
(0.57002917 -0.024888008 -6.8428477)
(0.56495502 -0.024666466 -6.7144684)
(0.55985811 -0.02444393 -6.5863816)
(0.55475404 -0.024221082 -6.4585769)
(0.54965693 -0.023998537 -6.3310439)
(0.54457959 -0.023776856 -6.2037723)
(0.53953346 -0.023556537 -6.0767488)
(0.53452907 -0.02333804 -5.9499666)
(0.52957601 -0.023121785 -5.8234218)
(0.52468254 -0.022908132 -5.6971003)
(0.51985625 -0.022697412 -5.5709933)
(0.51510392 -0.02248992 -5.4450921)
(0.51043162 -0.022285923 -5.319388)
(0.50584468 -0.022085653 -5.1938695)
(0.50134809 -0.021889328 -5.0685318)
(0.49694641 -0.021697146 -4.9433727)
(0.49264338 -0.021509272 -4.8183802)
(0.48844248 -0.021325857 -4.693547)
(0.4843468 -0.021147036 -4.5688662)
(0.48035895 -0.020972922 -4.4443271)
(0.47648138 -0.020803624 -4.3199275)
(0.47271634 -0.020639239 -4.1956665)
(0.46906616 -0.020479868 -4.0715344)
(0.46553375 -0.02032564 -3.9475264)
(0.4621222 -0.020176689 -3.8236371)
(0.45883401 -0.020033123 -3.6998617)
(0.45566064 -0.019894571 -3.5761906)
(0.45258975 -0.019760493 -3.4526239)
(0.44961703 -0.019630701 -3.3290824)
(0.44674623 -0.01950536 -3.2057245)
(0.44397015 -0.019384153 -3.0824892)
(0.44128408 -0.019266877 -2.9593157)
(0.43870094 -0.019154094 -2.8362247)
(0.43623279 -0.019046333 -2.713207)
(0.43388052 -0.018943631 -2.5902625)
(0.43164325 -0.018845949 -2.4673911)
(0.42951997 -0.018753245 -2.3445849)
(0.42750965 -0.018665472 -2.2218393)
(0.42561103 -0.018582577 -2.0991494)
(0.42382243 -0.018504485 -1.9765092)
(0.42214147 -0.018431093 -1.8539073)
(0.42056503 -0.018362264 -1.7313405)
(0.41908873 -0.018297807 -1.6088047)
(0.41770644 -0.018237455 -1.4862908)
(0.41640851 -0.018180786 -1.3637981)
(0.41518026 -0.01812716 -1.2413573)
(0.4139849 -0.018074969 -1.1190095)
(0.41271375 -0.01801947 -0.99677182)
(0.41114006 -0.017950761 -0.87482204)
(0.40879679 -0.017848451 -0.7538689)
(0.40483803 -0.017675608 -0.63548816)
(0.39790464 -0.01737289 -0.52183327)
(0.38601915 -0.016853958 -0.4150851)
(0.36651662 -0.016002459 -0.31589586)
(0.33587277 -0.01466452 -0.22783421)
(0.28877545 -0.012608207 -0.13913249)
(0.21185677 -0.0092498653 -0.065357186)
(-4.4401378 0.19386058 -21.506948)
(-4.8875115 0.21339334 -18.50981)
(-4.6038499 0.2010084 -16.030196)
(-4.2145772 0.1840124 -14.736807)
(-3.827181 0.16709831 -14.01766)
(-3.4486386 0.1505708 -13.607193)
(-3.0714454 0.13410219 -13.359829)
(-2.6898136 0.11743978 -13.188791)
(-2.3030548 0.10055353 -13.051912)
(-1.9152984 0.083623726 -12.930234)
(-1.5357758 0.067053411 -12.815179)
(-1.1789919 0.051475891 -12.710021)
(-0.86084171 0.037585157 -12.619875)
(-0.59435976 0.025950305 -12.545751)
(-0.38525792 0.016820722 -12.486407)
(-0.22932355 0.010012481 -12.437689)
(-0.11453794 0.0050008337 -12.393415)
(-0.026644978 0.0011633447 -12.347361)
(0.042179943 -0.0018416159 -12.295164)
(0.097133222 -0.0042409276 -12.23457)
(0.1417965 -0.0061909682 -12.165166)
(0.17984974 -0.0078524086 -12.086759)
(0.2133488 -0.0093150087 -12.000439)
(0.2434918 -0.01063108 -11.907353)
(0.27101228 -0.01183265 -11.808476)
(0.29637013 -0.012939798 -11.704628)
(0.31985316 -0.013965089 -11.596505)
(0.34164153 -0.01491639 -11.484708)
(0.36185213 -0.015798803 -11.369751)
(0.38056618 -0.016615877 -11.252086)
(0.3978451 -0.01737029 -11.132111)
(0.41374398 -0.01806445 -11.010164)
(0.42831475 -0.018700624 -10.886544)
(0.44160861 -0.019281046 -10.761492)
(0.45367895 -0.019808049 -10.635246)
(0.46458029 -0.020284011 -10.508008)
(0.47436759 -0.020711334 -10.379942)
(0.48309506 -0.021092384 -10.251184)
(0.49081861 -0.021429601 -10.121855)
(0.49759323 -0.021725387 -9.9920652)
(0.50347321 -0.021982112 -9.8619064)
(0.50851182 -0.022202103 -9.7314593)
(0.51276125 -0.022387637 -9.6007931)
(0.51627236 -0.022540935 -9.4699705)
(0.51909438 -0.022664147 -9.3390538)
(0.52127523 -0.022759366 -9.208085)
(0.52286099 -0.022828601 -9.0771059)
(0.52389592 -0.022873787 -8.9461525)
(0.52442241 -0.022896774 -8.8152557)
(0.52448095 -0.02289933 -8.6844404)
(0.52411006 -0.022883137 -8.5537308)
(0.52334643 -0.022849796 -8.4231544)
(0.52222473 -0.022800822 -8.2927225)
(0.52077775 -0.022737645 -8.1624492)
(0.51903642 -0.022661617 -8.0323457)
(0.51702983 -0.022574007 -7.9024192)
(0.51478532 -0.02247601 -7.7726786)
(0.51232873 -0.022368753 -7.6431371)
(0.50968403 -0.022253283 -7.5137935)
(0.50687374 -0.022130583 -7.3846512)
(0.50391886 -0.02200157 -7.2557119)
(0.500839 -0.0218671 -7.1269762)
(0.49765234 -0.021727968 -6.9984412)
(0.49437591 -0.021584916 -6.8701082)
(0.49102565 -0.02143864 -6.7419822)
(0.48761609 -0.021289776 -6.6140561)
(0.4841608 -0.021138915 -6.4863272)
(0.48067234 -0.020986605 -6.3587926)
(0.47716233 -0.020833355 -6.2314487)
(0.4736414 -0.020679628 -6.1042887)
(0.4701195 -0.020525858 -5.9773114)
(0.4666059 -0.020372451 -5.8505186)
(0.46310887 -0.020219768 -5.7239011)
(0.45963612 -0.020068144 -5.5974548)
(0.45619472 -0.019917889 -5.4711751)
(0.45279116 -0.019769287 -5.3450573)
(0.44943129 -0.019622592 -5.2190935)
(0.44612063 -0.019478045 -5.0932822)
(0.44286427 -0.01933587 -4.9676244)
(0.43966665 -0.019196258 -4.8421106)
(0.43653188 -0.019059392 -4.7167365)
(0.43346376 -0.018925435 -4.5914974)
(0.43046565 -0.018794534 -4.4663849)
(0.42754082 -0.018666833 -4.3413983)
(0.42469231 -0.018542465 -4.2165383)
(0.42192281 -0.018421546 -4.091796)
(0.41923497 -0.018304192 -3.9671672)
(0.41663128 -0.018190513 -3.8426477)
(0.41411409 -0.01808061 -3.7182339)
(0.41168556 -0.017974578 -3.5939184)
(0.40934854 -0.017872541 -3.4697034)
(0.40710703 -0.017774675 -3.3455912)
(0.40495442 -0.01768069 -3.2215768)
(0.40287316 -0.01758982 -3.0975976)
(0.40085513 -0.017501711 -2.9736963)
(0.39889802 -0.017416262 -2.8499976)
(0.39700831 -0.017333755 -2.7263279)
(0.3952027 -0.017254921 -2.602734)
(0.393485 -0.017179924 -2.4792212)
(0.39185489 -0.017108752 -2.35578)
(0.39031183 -0.017041381 -2.2324056)
(0.38885496 -0.016977772 -2.1090925)
(0.38748283 -0.016917864 -1.9858348)
(0.38619314 -0.016861555 -1.8626204)
(0.38498256 -0.0168087 -1.7394458)
(0.38384627 -0.016759088 -1.6163065)
(0.38277717 -0.01671241 -1.4931932)
(0.38176358 -0.016668156 -1.3701048)
(0.38078594 -0.016625471 -1.2470704)
(0.37979878 -0.016582371 -1.1241328)
(0.37867575 -0.016533339 -1.0013047)
(0.37715959 -0.016467142 -0.87876564)
(0.37473598 -0.016361324 -0.75723635)
(0.3704957 -0.01617619 -0.63830838)
(0.36301047 -0.015849378 -0.52413792)
(0.35025315 -0.015292381 -0.41689871)
(0.32957684 -0.014389634 -0.31722427)
(0.2976294 -0.012994779 -0.22872972)
(0.24967629 -0.010901101 -0.13952618)
(0.17456256 -0.0076215652 -0.06551416)
(-4.247109 0.18543276 -21.28829)
(-4.5672568 0.19941072 -18.28888)
(-4.2437387 0.18528561 -15.886199)
(-3.8586785 0.16847352 -14.665956)
(-3.4980459 0.15272797 -14.009995)
(-3.1583505 0.13789655 -13.648823)
(-2.8258964 0.12338129 -13.434846)
(-2.4925048 0.1088251 -13.287843)
(-2.1542364 0.094055983 -13.168478)
(-1.8107291 0.079058132 -13.058798)
(-1.4650369 0.063964887 -12.950534)
(-1.1238932 0.049070231 -12.842186)
(-0.7974855 0.034818965 -12.737876)
(-0.49822394 0.021752924 -12.639638)
(-0.23934146 0.010449872 -12.549623)
(-0.031422842 0.0013719507 -12.468574)
(0.12117567 -0.0052906437 -12.396025)
(0.22276639 -0.0097261898 -12.328151)
(0.28699097 -0.012530295 -12.25983)
(0.32654317 -0.014257181 -12.187763)
(0.35097088 -0.015323718 -12.110048)
(0.36663646 -0.016007692 -12.025942)
(0.37747928 -0.016481099 -11.935525)
(0.38579815 -0.016844309 -11.839379)
(0.39286542 -0.017152873 -11.738256)
(0.39934742 -0.017435883 -11.632942)
(0.40556788 -0.017707474 -11.524149)
(0.4116627 -0.01797358 -11.412475)
(0.41766782 -0.018235769 -11.298402)
(0.42356819 -0.018493384 -11.182313)
(0.42932437 -0.018744705 -11.064506)
(0.43488944 -0.018987681 -10.945207)
(0.440218 -0.019220331 -10.824627)
(0.44526935 -0.019440877 -10.702937)
(0.45000901 -0.019647816 -10.580273)
(0.45440951 -0.019839945 -10.45673)
(0.45845169 -0.020016431 -10.332414)
(0.46212285 -0.020176717 -10.207425)
(0.46541637 -0.020320515 -10.081839)
(0.46833045 -0.020447747 -9.9557305)
(0.47086753 -0.020558518 -9.8291671)
(0.47303345 -0.020653084 -9.7022091)
(0.4748369 -0.020731824 -9.57491)
(0.47628877 -0.020795215 -9.4473207)
(0.47740167 -0.020843805 -9.319495)
(0.47818967 -0.020878209 -9.1914691)
(0.4786678 -0.020899085 -9.0632814)
(0.4788518 -0.020907119 -8.9349663)
(0.47875786 -0.020903017 -8.8065547)
(0.47840241 -0.020887498 -8.6780728)
(0.47780194 -0.020861281 -8.5495469)
(0.47697294 -0.020825086 -8.4210074)
(0.4759316 -0.02077962 -8.2924693)
(0.47469386 -0.020725579 -8.163951)
(0.47327527 -0.020663642 -8.0354684)
(0.47169093 -0.020594468 -7.9070334)
(0.46995546 -0.020518696 -7.7786602)
(0.46808309 -0.020436947 -7.6503669)
(0.46608733 -0.02034981 -7.522158)
(0.46398116 -0.020257853 -7.3940419)
(0.46177702 -0.020161618 -7.2660259)
(0.45948676 -0.020061623 -7.1381157)
(0.45712159 -0.019958357 -7.0103137)
(0.45469221 -0.019852289 -6.882626)
(0.45220889 -0.019743864 -6.7550627)
(0.44968109 -0.019633498 -6.6276212)
(0.44711785 -0.019521585 -6.5003038)
(0.44452767 -0.019408495 -6.3731117)
(0.44191853 -0.019294578 -6.2460457)
(0.43929789 -0.019180158 -6.119103)
(0.43667281 -0.019065544 -5.9922863)
(0.43405 -0.01895103 -5.865601)
(0.43143551 -0.018836879 -5.7390416)
(0.42883509 -0.018723342 -5.6126072)
(0.42625407 -0.018610653 -5.4862965)
(0.42369745 -0.018499028 -5.3601079)
(0.42116976 -0.018388667 -5.2340363)
(0.41867534 -0.018279758 -5.1080829)
(0.41621828 -0.01817248 -4.9822513)
(0.41380213 -0.018066989 -4.8565346)
(0.41143031 -0.017963433 -4.7309307)
(0.40910596 -0.01786195 -4.6054372)
(0.40683191 -0.017762663 -4.4800482)
(0.40461092 -0.017665692 -4.3547646)
(0.40244556 -0.017571151 -4.2295894)
(0.40033804 -0.017479134 -4.1045155)
(0.39829051 -0.017389737 -3.9795405)
(0.396305 -0.017303048 -3.854662)
(0.39438343 -0.01721915 -3.7298778)
(0.39252767 -0.017138126 -3.6051816)
(0.39073982 -0.017060067 -3.4805758)
(0.38902211 -0.01698507 -3.3560642)
(0.38737669 -0.016913229 -3.2316433)
(0.38580635 -0.016844667 -3.1073098)
(0.3843081 -0.016779252 -2.9830524)
(0.38286353 -0.016716181 -2.8587718)
(0.38145832 -0.016654828 -2.7347325)
(0.38009817 -0.016595443 -2.6107263)
(0.37880066 -0.016538792 -2.4867817)
(0.37757009 -0.016485064 -2.3629072)
(0.37640566 -0.016434224 -2.2390986)
(0.3753058 -0.016386203 -2.1153519)
(0.37426837 -0.016340908 -1.9916627)
(0.3732903 -0.016298204 -1.8680209)
(0.37236737 -0.016257909 -1.7444244)
(0.37149373 -0.016219765 -1.6208698)
(0.37066092 -0.016183404 -1.497349)
(0.36985549 -0.016148237 -1.3738619)
(0.36905482 -0.016113279 -1.2504361)
(0.36821014 -0.0160764 -1.127118)
(0.3671871 -0.016031733 -1.0039164)
(0.36571717 -0.015967555 -0.88101102)
(0.36327135 -0.015860768 -0.75913117)
(0.35892857 -0.015671158 -0.63988012)
(0.3512647 -0.015336546 -0.52541385)
(0.33829645 -0.014770341 -0.41789329)
(0.31749231 -0.013862012 -0.31795509)
(0.28573004 -0.012475241 -0.22917065)
(0.23869262 -0.010421544 -0.13980384)
(0.16615803 -0.0072546153 -0.065415593)
(-4.0024951 0.17475269 -20.833562)
(-4.1438023 0.18092229 -17.863314)
(-3.7795327 0.16501794 -15.650996)
(-3.4080188 0.1487973 -14.580789)
(-3.0818605 0.13455692 -14.041125)
(-2.7827313 0.12149666 -13.750779)
(-2.496185 0.10898578 -13.583)
(-2.2129329 0.096618724 -13.46937)
(-1.9281975 0.084186913 -13.376001)
(-1.6408582 0.071641408 -13.286898)
(-1.3527027 0.059060267 -13.193962)
(-1.0683178 0.046643756 -13.0987)
(-0.7934096 0.034641007 -12.999465)
(-0.53523064 0.023368672 -12.896647)
(-0.30179726 0.013176752 -12.791838)
(-0.10072122 0.0043975831 -12.687046)
(0.062383774 -0.0027237341 -12.584287)
(0.18501453 -0.0080779079 -12.485367)
(0.26997471 -0.011787349 -12.388013)
(0.32440283 -0.014163732 -12.290746)
(0.35649497 -0.015564905 -12.19208)
(0.37361696 -0.016312467 -12.090958)
(0.38150541 -0.016656884 -11.986852)
(0.38418982 -0.016774088 -11.879689)
(0.38426843 -0.01677752 -11.769708)
(0.38328493 -0.01673458 -11.657287)
(0.38207873 -0.016681916 -11.542824)
(0.38105546 -0.016637239 -11.426675)
(0.3803732 -0.016607451 -11.309125)
(0.38005948 -0.016593753 -11.190395)
(0.3800794 -0.016594623 -11.070658)
(0.3803727 -0.016607429 -10.950022)
(0.38087313 -0.016629278 -10.828579)
(0.38151773 -0.016657422 -10.706407)
(0.38225037 -0.01668941 -10.583571)
(0.38302284 -0.016723136 -10.460122)
(0.38379426 -0.016756817 -10.336099)
(0.38453135 -0.016788999 -10.211558)
(0.38520733 -0.016818513 -10.086538)
(0.38580099 -0.016844433 -9.9610809)
(0.38629588 -0.016866041 -9.8352287)
(0.3866796 -0.016882794 -9.7090201)
(0.38694321 -0.016894303 -9.582491)
(0.38708061 -0.016900303 -9.4556779)
(0.38708814 -0.016900631 -9.3286225)
(0.38696421 -0.01689522 -9.2013516)
(0.3867089 -0.016884073 -9.0738954)
(0.38632374 -0.016867257 -8.9462822)
(0.38581139 -0.016844887 -8.8185378)
(0.38517557 -0.016817127 -8.6906845)
(0.38442068 -0.016784168 -8.5627459)
(0.38355181 -0.016746232 -8.4347502)
(0.38257448 -0.016703561 -8.3067111)
(0.38149461 -0.016656413 -8.1786461)
(0.38031842 -0.016605059 -8.0505708)
(0.37905227 -0.016549778 -7.9224973)
(0.37770269 -0.016490854 -7.7944402)
(0.3762763 -0.016428576 -7.6664184)
(0.37477962 -0.01636323 -7.5384374)
(0.37321919 -0.0162951 -7.4105067)
(0.37160146 -0.016224468 -7.2826349)
(0.36993278 -0.016151612 -7.1548291)
(0.36821932 -0.016076801 -7.0270934)
(0.36646714 -0.016000299 -6.8994355)
(0.36468221 -0.015922367 -6.771867)
(0.36287014 -0.015843251 -6.6443871)
(0.36103643 -0.015763189 -6.5169996)
(0.35918638 -0.015682414 -6.3897076)
(0.35732507 -0.015601148 -6.2625133)
(0.35545736 -0.015519602 -6.1354159)
(0.35358796 -0.015437982 -6.0084192)
(0.3517214 -0.015356486 -5.8815306)
(0.34986191 -0.015275299 -5.7547459)
(0.34801355 -0.015194598 -5.6280657)
(0.34618024 -0.015114554 -5.50149)
(0.34436569 -0.015035329 -5.3750185)
(0.34257339 -0.014957076 -5.2486475)
(0.34080676 -0.014879943 -5.1223792)
(0.33906907 -0.014804074 -4.9962185)
(0.33736333 -0.014729599 -4.8701596)
(0.33569249 -0.014656649 -4.7442013)
(0.33405936 -0.014585345 -4.6183421)
(0.33246666 -0.014515806 -4.4925769)
(0.33091704 -0.014448148 -4.3669076)
(0.32941311 -0.014382485 -4.2413377)
(0.3279573 -0.014318923 -4.1158609)
(0.32655207 -0.01425757 -3.9904755)
(0.32519985 -0.01419853 -3.8651795)
(0.32390305 -0.014141911 -3.739971)
(0.32266414 -0.014087819 -3.6148442)
(0.32148574 -0.014036369 -3.4898012)
(0.3203707 -0.013987685 -3.3648455)
(0.31932218 -0.013941906 -3.2399722)
(0.31834405 -0.0138992 -3.115182)
(0.31744019 -0.013859736 -2.9904733)
(0.3166133 -0.013823634 -2.8658396)
(0.31584849 -0.013790241 -2.7411587)
(0.31512466 -0.013758638 -2.6167357)
(0.31442467 -0.013728076 -2.492366)
(0.3137533 -0.013698763 -2.3680598)
(0.31313433 -0.013671739 -2.2438333)
(0.31257894 -0.01364749 -2.1196824)
(0.31208522 -0.013625933 -1.9956024)
(0.31164858 -0.013606869 -1.8715831)
(0.311263 -0.013590035 -1.7476229)
(0.31092012 -0.013575064 -1.623719)
(0.31060766 -0.013561422 -1.4998628)
(0.31030573 -0.013548239 -1.3760513)
(0.3099814 -0.013534079 -1.2523032)
(0.3095708 -0.013516151 -1.1286618)
(0.30891229 -0.013487401 -1.005127)
(0.30769039 -0.013434051 -0.88187666)
(0.305303 -0.013329815 -0.75964951)
(0.30072937 -0.013130126 -0.6400658)
(0.29243206 -0.012767858 -0.5252941)
(0.27833254 -0.01215226 -0.4175111)
(0.2558819 -0.011172044 -0.31736979)
(0.22214574 -0.0096990915 -0.22854501)
(0.17361562 -0.0075802208 -0.13922574)
(0.10362876 -0.004524529 -0.065385711)
(-3.5511888 0.15504823 -20.25435)
(-3.5238038 0.15385258 -17.361291)
(-3.148562 0.13746917 -15.421793)
(-2.8141095 0.12286666 -14.577096)
(-2.5287996 0.11040976 -14.165596)
(-2.2761653 0.099379511 -13.955269)
(-2.0402412 0.089078845 -13.840573)
(-1.8108279 0.079062446 -13.764588)
(-1.5826126 0.069098352 -13.699798)
(-1.3536281 0.059100673 -13.633492)
(-1.1242909 0.049087593 -13.560128)
(-0.89679958 0.039155111 -13.480035)
(-0.67425342 0.029438537 -13.391102)
(-0.46098476 0.020127027 -13.292877)
(-0.26221364 0.011448494 -13.185874)
(-0.083638757 0.0036517466 -13.071064)
(0.069068398 -0.003015591 -12.948815)
(0.19099404 -0.0083389789 -12.821546)
(0.28092068 -0.012265261 -12.693525)
(0.3435623 -0.015000252 -12.564055)
(0.3847218 -0.016797315 -12.434251)
(0.41009582 -0.017905168 -12.304655)
(0.42452917 -0.018535342 -12.175466)
(0.43174811 -0.018850528 -12.046746)
(0.43442344 -0.018967335 -11.918495)
(0.43435802 -0.018964479 -11.790696)
(0.43270966 -0.01889251 -11.663316)
(0.43019436 -0.018782689 -11.536305)
(0.42724362 -0.018653857 -11.409598)
(0.4241133 -0.018517185 -11.283122)
(0.42095395 -0.018379244 -11.156814)
(0.41785279 -0.018243845 -11.030595)
(0.41485894 -0.01811313 -10.904402)
(0.41199813 -0.017988225 -10.778179)
(0.40928166 -0.017869621 -10.651882)
(0.4067118 -0.017757419 -10.525475)
(0.40428498 -0.017651461 -10.39893)
(0.40199427 -0.017551447 -10.27224)
(0.39983055 -0.017456977 -10.145388)
(0.39778367 -0.017367608 -10.018371)
(0.39584295 -0.017282875 -9.8911889)
(0.39399765 -0.017202307 -9.763846)
(0.39223723 -0.017125445 -9.6363478)
(0.39055139 -0.01705184 -9.5087037)
(0.38893042 -0.016981067 -9.3809327)
(0.3873652 -0.016912728 -9.253041)
(0.38584742 -0.01684646 -9.1250415)
(0.38436947 -0.016781932 -8.9969474)
(0.3829244 -0.016718838 -8.8687688)
(0.38150618 -0.016656918 -8.7405177)
(0.38010946 -0.016595935 -8.6122086)
(0.37872953 -0.016535687 -8.4838603)
(0.37736243 -0.016475998 -8.3554786)
(0.37600489 -0.016416726 -8.2270747)
(0.37465427 -0.016357757 -8.0986585)
(0.37330854 -0.016299001 -7.9702377)
(0.37196605 -0.016240387 -7.8418223)
(0.37062568 -0.016181865 -7.7134283)
(0.36928673 -0.016123405 -7.5850581)
(0.36794889 -0.016064994 -7.4567192)
(0.36661218 -0.016006632 -7.3284181)
(0.36527695 -0.015948334 -7.2001605)
(0.36394383 -0.015890129 -7.0719496)
(0.36261357 -0.015832049 -6.9437916)
(0.36128712 -0.015774135 -6.815698)
(0.35996559 -0.015716436 -6.6876674)
(0.35865024 -0.015659006 -6.5597034)
(0.35734241 -0.015601905 -6.4318089)
(0.35604358 -0.015545197 -6.3039861)
(0.3547553 -0.015488949 -6.1762346)
(0.35347908 -0.015433228 -6.0485581)
(0.35221649 -0.015378103 -5.9209645)
(0.3509691 -0.01532364 -5.7934498)
(0.3497385 -0.015269911 -5.6660149)
(0.34852629 -0.015216985 -5.5386604)
(0.34733404 -0.01516493 -5.4113862)
(0.34616337 -0.015113818 -5.2841893)
(0.34501579 -0.015063713 -5.157072)
(0.34389274 -0.01501468 -5.0300398)
(0.34279564 -0.014966779 -4.9030873)
(0.3417259 -0.014920073 -4.7762137)
(0.3406849 -0.014874622 -4.6494178)
(0.339674 -0.014830486 -4.5226951)
(0.33869451 -0.01478772 -4.3960473)
(0.33774768 -0.014746381 -4.2694788)
(0.33683473 -0.014706521 -4.1429833)
(0.33595693 -0.014668195 -4.0165592)
(0.33511557 -0.01463146 -3.8902052)
(0.33431198 -0.014596375 -3.7639193)
(0.33354769 -0.014563005 -3.6376962)
(0.33282434 -0.014531423 -3.5115378)
(0.3321439 -0.014501714 -3.3854477)
(0.33150879 -0.014473985 -3.2594198)
(0.33092229 -0.014448378 -3.1334533)
(0.33038886 -0.014425088 -3.0075482)
(0.32991412 -0.01440436 -2.8817061)
(0.32950459 -0.01438648 -2.7559252)
(0.32915032 -0.014371012 -2.6302178)
(0.32883359 -0.014357183 -2.5044112)
(0.32855257 -0.014344913 -2.3788282)
(0.32830814 -0.014334241 -2.2533647)
(0.32810005 -0.014325156 -2.1279337)
(0.32792738 -0.014317617 -2.0025838)
(0.32778769 -0.014311518 -1.8773134)
(0.32767564 -0.014306626 -1.7521244)
(0.32757778 -0.014302353 -1.6270217)
(0.32745724 -0.01429709 -1.5020072)
(0.3272304 -0.014287186 -1.3770851)
(0.32683211 -0.014269796 -1.2522864)
(0.32623201 -0.014243595 -1.1276808)
(0.32530638 -0.014203182 -1.0032965)
(0.32378133 -0.014136597 -0.87936321)
(0.321104 -0.014019702 -0.75668495)
(0.31633781 -0.013811606 -0.63692288)
(0.30810597 -0.013452196 -0.52223322)
(0.29458296 -0.012861768 -0.4147463)
(0.27353561 -0.011942821 -0.31511108)
(0.24234831 -0.010581155 -0.22688351)
(0.19757432 -0.0086262801 -0.13846194)
(0.13142299 -0.0057380513 -0.065056271)
(-2.6866594 0.11730207 -19.635214)
(-2.5704395 0.1122278 -16.895367)
(-2.247053 0.098108443 -15.355638)
(-1.9654547 0.085813597 -14.723094)
(-1.7401305 0.075975728 -14.440369)
(-1.5534662 0.067825792 -14.3173)
(-1.3899014 0.0606844 -14.262312)
(-1.2399715 0.054138318 -14.230536)
(-1.0986489 0.047968042 -14.201056)
(-0.9635209 0.042068226 -14.16412)
(-0.83369555 0.03639993 -14.116121)
(-0.70896208 0.03095395 -14.055652)
(-0.58944443 0.025735697 -13.982275)
(-0.47545893 0.020758983 -13.896192)
(-0.36744334 0.016042921 -13.798274)
(-0.26590582 0.011609698 -13.690364)
(-0.17136717 0.0074820512 -13.573756)
(-0.084464575 0.0036878026 -13.449967)
(-0.0069477349 0.00030334462 -13.321931)
(0.058305292 -0.0025456637 -13.19083)
(0.11103203 -0.0048477626 -13.056917)
(0.15256252 -0.0066610229 -12.921313)
(0.18476768 -0.0080671303 -12.784945)
(0.20950144 -0.0091470294 -12.648338)
(0.22836123 -0.0099704656 -12.511673)
(0.24263183 -0.010593533 -12.375051)
(0.25331928 -0.011060157 -12.238539)
(0.2612047 -0.011404442 -12.10217)
(0.26689545 -0.011652906 -11.965951)
(0.27086612 -0.011826269 -11.829874)
(0.27348965 -0.011940815 -11.693937)
(0.27506165 -0.01200945 -11.558118)
(0.2758165 -0.012042407 -11.422403)
(0.27594051 -0.012047821 -11.286777)
(0.27558177 -0.012032159 -11.151229)
(0.27485793 -0.012000555 -11.015749)
(0.27386204 -0.011957074 -10.880327)
(0.27266764 -0.011904925 -10.744967)
(0.27133265 -0.011846638 -10.609659)
(0.2699023 -0.011784187 -10.474401)
(0.26841164 -0.011719104 -10.33919)
(0.26688765 -0.011652565 -10.204026)
(0.26535079 -0.011585464 -10.068908)
(0.26381606 -0.011518457 -9.9338354)
(0.26229447 -0.011452022 -9.7988206)
(0.26079378 -0.011386501 -9.663854)
(0.25931932 -0.011322125 -9.5289396)
(0.25787453 -0.011259044 -9.3940829)
(0.25646125 -0.011197339 -9.259283)
(0.25508027 -0.011137044 -9.1245412)
(0.25373139 -0.011078151 -8.9898582)
(0.25241391 -0.011020628 -8.8552461)
(0.25112682 -0.010964433 -8.7207006)
(0.24986892 -0.010909512 -8.5862239)
(0.24863891 -0.010855808 -8.4518174)
(0.2474355 -0.010803266 -8.3174822)
(0.24625716 -0.010751818 -8.1832187)
(0.24510251 -0.010701406 -8.0490384)
(0.24397038 -0.010651976 -7.9149364)
(0.2428597 -0.010603482 -7.7809144)
(0.2417695 -0.010555883 -7.6469736)
(0.24069902 -0.010509145 -7.5131146)
(0.23964766 -0.010463242 -7.3793369)
(0.23861472 -0.010418143 -7.2456409)
(0.23759966 -0.010373824 -7.1120361)
(0.23660217 -0.010330273 -6.978517)
(0.23562205 -0.01028748 -6.845084)
(0.23465919 -0.01024544 -6.7117374)
(0.23371362 -0.010204156 -6.5784767)
(0.23278554 -0.010163635 -6.4453001)
(0.23187498 -0.010123879 -6.3122074)
(0.23098211 -0.010084895 -6.1792066)
(0.23010726 -0.010046699 -6.0462916)
(0.22925085 -0.010009307 -5.9134617)
(0.22841336 -0.0099727414 -5.7807163)
(0.22759536 -0.009937027 -5.6480542)
(0.22679759 -0.0099021953 -5.5154723)
(0.22602061 -0.009868272 -5.3829703)
(0.22526509 -0.009835285 -5.2505551)
(0.22453185 -0.0098032713 -5.1182199)
(0.22382186 -0.0097722721 -4.9859634)
(0.22313618 -0.0097423348 -4.853784)
(0.22247609 -0.0097135148 -4.7216781)
(0.22184284 -0.0096858664 -4.5896455)
(0.22123779 -0.0096594496 -4.4576923)
(0.22066267 -0.0096343393 -4.3258116)
(0.22011945 -0.0096106216 -4.1940022)
(0.21961039 -0.0095883958 -4.0622628)
(0.21913818 -0.0095677786 -3.9305917)
(0.218706 -0.0095489092 -3.7989847)
(0.21831743 -0.0095319436 -3.6674426)
(0.2179766 -0.009517063 -3.5359707)
(0.21768859 -0.0095044878 -3.4045626)
(0.21745939 -0.0094944808 -3.273217)
(0.21729624 -0.0094873575 -3.1419326)
(0.21720799 -0.0094835045 -3.0107079)
(0.21720566 -0.0094834028 -2.8795383)
(0.21730271 -0.0094876401 -2.7484247)
(0.21751705 -0.0094969986 -2.6173673)
(0.21785175 -0.0095116116 -2.4863601)
(0.21829291 -0.0095308734 -2.355394)
(0.21883815 -0.009554679 -2.2244678)
(0.21949629 -0.0095834141 -2.0935802)
(0.22027691 -0.0096174966 -1.9627246)
(0.22118819 -0.0096572837 -1.8319158)
(0.22223624 -0.0097030428 -1.7012225)
(0.22342359 -0.0097548836 -1.570741)
(0.22474585 -0.0098126146 -1.4398508)
(0.22615319 -0.0098740605 -1.3095412)
(0.22755937 -0.0099354556 -1.1796417)
(0.22877528 -0.0099885431 -1.0500438)
(0.22937421 -0.010014693 -0.92110284)
(0.22852545 -0.0099776357 -0.79379136)
(0.22504421 -0.0098256415 -0.66975088)
(0.21748421 -0.0094955647 -0.55080908)
(0.20400222 -0.0089069285 -0.43873725)
(0.18244023 -0.0079655117 -0.33388383)
(0.15054876 -0.0065731002 -0.23993654)
(0.10613555 -0.0046339775 -0.14502341)
(0.046155223 -0.0020151804 -0.06614906)
(-1.0261927 0.044804536 -19.092654)
(-1.2930761 0.056456914 -16.626373)
(-1.1035751 0.048183126 -15.581245)
(-0.88050133 0.038443514 -15.261656)
(-0.69820294 0.030484196 -15.184958)
(-0.55653382 0.024298789 -15.192097)
(-0.44472647 0.019417175 -15.221272)
(-0.35390206 0.015451696 -15.246717)
(-0.27812643 0.012143261 -15.259039)
(-0.21358054 0.0093251265 -15.255832)
(-0.15778652 0.0068891073 -15.236553)
(-0.10909804 0.0047633226 -15.201816)
(-0.066393406 0.0028987984 -15.152447)
(-0.028889822 0.0012613567 -15.089287)
(0.0039768226 -0.0001736318 -15.013161)
(0.032645096 -0.0014253155 -14.924878)
(0.05750114 -0.0025105537 -14.825228)
(0.078887219 -0.00344429 -14.715035)
(0.097042686 -0.0042369747 -14.595244)
(0.11225568 -0.0049011885 -14.468522)
(0.12476951 -0.005447554 -14.33637)
(0.13481538 -0.0058861662 -14.19966)
(0.14269061 -0.0062300061 -14.059158)
(0.1487342 -0.0064938746 -13.9157)
(0.1532616 -0.0066915453 -13.770063)
(0.15655127 -0.0068351754 -13.622824)
(0.15884516 -0.0069353288 -13.474408)
(0.16034946 -0.0070010078 -13.325143)
(0.16123667 -0.0070397444 -13.17528)
(0.16164903 -0.0070577481 -13.025014)
(0.16170239 -0.0070600781 -12.87451)
(0.16149041 -0.0070508227 -12.723879)
(0.16108794 -0.0070332506 -12.57321)
(0.16055432 -0.0070099523 -12.422572)
(0.159936 -0.0069829556 -12.272019)
(0.15926882 -0.006953826 -12.121584)
(0.15858023 -0.0069237616 -11.971289)
(0.15789087 -0.0068936633 -11.821167)
(0.15721582 -0.0068641902 -11.671221)
(0.15656586 -0.0068358125 -11.521459)
(0.15594832 -0.0068088498 -11.371883)
(0.15536784 -0.0067835057 -11.222491)
(0.15482701 -0.0067598923 -11.073283)
(0.15432673 -0.00673805 -10.92425)
(0.15386685 -0.0067179709 -10.775402)
(0.15344633 -0.0066996108 -10.626725)
(0.15306348 -0.0066828949 -10.478213)
(0.15271627 -0.0066677355 -10.329861)
(0.15240247 -0.0066540348 -10.181663)
(0.15211969 -0.0066416884 -10.033613)
(0.15186544 -0.0066305877 -9.8857027)
(0.15163731 -0.0066206271 -9.7379394)
(0.15143297 -0.0066117057 -9.5903105)
(0.1512503 -0.00660373 -9.4428117)
(0.15108731 -0.0065966139 -9.2954383)
(0.15094217 -0.0065902767 -9.1481862)
(0.15081315 -0.0065846435 -9.0010485)
(0.15069872 -0.0065796477 -8.8540344)
(0.15059758 -0.0065752316 -8.707133)
(0.15050859 -0.0065713463 -8.5603417)
(0.15043079 -0.0065679494 -8.4136576)
(0.15036339 -0.0065650068 -8.2670775)
(0.15030574 -0.0065624897 -8.1205985)
(0.15025727 -0.0065603733 -7.9742152)
(0.15021755 -0.006558639 -7.8279374)
(0.15018631 -0.0065572752 -7.6817552)
(0.15016344 -0.0065562769 -7.5356668)
(0.15014893 -0.0065556433 -7.3896696)
(0.1501429 -0.00655538 -7.2437609)
(0.15014555 -0.0065554956 -7.0979377)
(0.15015714 -0.0065560017 -6.9521953)
(0.15017803 -0.0065569136 -6.8065428)
(0.1502087 -0.0065582526 -6.6609705)
(0.15024975 -0.0065600451 -6.5154759)
(0.15030188 -0.006562321 -6.3700564)
(0.15036588 -0.0065651155 -6.2247086)
(0.15044263 -0.0065684665 -6.0794284)
(0.15053306 -0.0065724146 -5.9342113)
(0.15063816 -0.0065770036 -5.7890647)
(0.1507591 -0.0065822838 -5.6439781)
(0.15089717 -0.0065883122 -5.498948)
(0.15105382 -0.0065951516 -5.35397)
(0.15123059 -0.0066028695 -5.2090388)
(0.15142914 -0.0066115384 -5.0641489)
(0.15165127 -0.0066212367 -4.919306)
(0.15189901 -0.0066320531 -4.7744987)
(0.15217461 -0.0066440862 -4.6297219)
(0.15248055 -0.0066574439 -4.4849702)
(0.15281957 -0.0066722459 -4.3402376)
(0.15319466 -0.0066886223 -4.1955161)
(0.15360903 -0.0067067144 -4.0507994)
(0.15406617 -0.0067266733 -3.9060902)
(0.15456989 -0.0067486662 -3.7613752)
(0.15512432 -0.0067728734 -3.6166475)
(0.15573385 -0.0067994859 -3.4718996)
(0.15640309 -0.0068287057 -3.3271235)
(0.15713683 -0.0068607414 -3.1823088)
(0.15793982 -0.0068958007 -3.0374485)
(0.15881648 -0.0069340765 -2.8925428)
(0.1597702 -0.006975717 -2.7475793)
(0.16080334 -0.0070208247 -2.6025537)
(0.16191767 -0.0070694772 -2.4574644)
(0.16311362 -0.0071216938 -2.3123109)
(0.16438956 -0.0071774023 -2.1670909)
(0.16574139 -0.0072364244 -2.0218101)
(0.16716423 -0.0072985473 -1.8764831)
(0.16865882 -0.0073638025 -1.7311034)
(0.1702406 -0.0074328644 -1.5856652)
(0.17185682 -0.0075034298 -1.4402097)
(0.17331821 -0.0075672356 -1.2946033)
(0.17436598 -0.0076129822 -1.1490614)
(0.17451278 -0.0076193919 -1.004003)
(0.17292906 -0.0075502451 -0.8599531)
(0.16863181 -0.0073626231 -0.72020485)
(0.16059842 -0.0070118775 -0.58558166)
(0.14767674 -0.0064477052 -0.45862079)
(0.12866379 -0.0056175819 -0.34090271)
(0.10239111 -0.0044704919 -0.23742372)
(0.068198736 -0.0029776208 -0.13948994)
(0.025309558 -0.0011050391 -0.062878155)
)
;
    }
    axis
    {
        type            empty;
    }
}


// ************************************************************************* //
