/*--------------------------------*- C++ -*----------------------------------*\
  =========                 |
  \\      /  F ield         | OpenFOAM: The Open Source CFD Toolbox
   \\    /   O peration     | Website:  https://openfoam.org
    \\  /    A nd           | Version:  13
     \\/     M anipulation  |
\*---------------------------------------------------------------------------*/
FoamFile
{
    format      ascii;
    class       vectorField;
    location    "-13/polyMesh";
    object      points;
}
// * * * * * * * * * * * * * * * * * * * * * * * * * * * * * * * * * * * * * //


9801
(
(0 0 0.11250969)
(0.0010308929 -4.500975e-05 0.11250969)
(0.0020617858 -9.00195e-05 0.11250969)
(0.0030926786 -0.00013502925 0.11250969)
(0.0041235715 -0.000180039 0.11250969)
(0.0051544644 -0.00022504875 0.11250969)
(0.0061853572 -0.0002700585 0.11250969)
(0.0072162501 -0.00031506825 0.11250969)
(0.008247143 -0.000360078 0.11250969)
(0.0092780359 -0.00040508775 0.11250969)
(0.010308929 -0.0004500975 0.11250969)
(0.011339822 -0.00049510725 0.11250969)
(0.012370714 -0.000540117 0.11250969)
(0.013401607 -0.00058512675 0.11250969)
(0.0144325 -0.0006301365 0.11250969)
(0.015463393 -0.00067514625 0.11250969)
(0.016494286 -0.000720156 0.11250969)
(0.017525179 -0.00076516575 0.11250969)
(0.018556072 -0.0008101755 0.11250969)
(0.019586965 -0.00085518525 0.11250969)
(0.020617857 -0.000900195 0.11250969)
(0.02164875 -0.00094520475 0.11250969)
(0.022679643 -0.0009902145 0.11250969)
(0.023710536 -0.0010352243 0.11250969)
(0.024741429 -0.001080234 0.11250969)
(0.025772322 -0.0011252437 0.11250969)
(0.026803215 -0.0011702535 0.11250969)
(0.027834108 -0.0012152632 0.11250969)
(0.028865001 -0.001260273 0.11250969)
(0.029895893 -0.0013052828 0.11250969)
(0.030926786 -0.0013502925 0.11250969)
(0.031957679 -0.0013953023 0.11250969)
(0.032988572 -0.001440312 0.11250969)
(0.034019465 -0.0014853217 0.11250969)
(0.035050358 -0.0015303315 0.11250969)
(0.036081251 -0.0015753412 0.11250969)
(0.037112143 -0.001620351 0.11250969)
(0.038143036 -0.0016653608 0.11250969)
(0.039173929 -0.0017103705 0.11250969)
(0.040204822 -0.0017553803 0.11250969)
(0.041235715 -0.00180039 0.11250969)
(0.0010308929 4.500975e-05 0.11250969)
(0.0020617858 9.00195e-05 0.11250969)
(0.0030926786 0.00013502925 0.11250969)
(0.0041235715 0.000180039 0.11250969)
(0.0051544644 0.00022504875 0.11250969)
(0.0061853572 0.0002700585 0.11250969)
(0.0072162501 0.00031506825 0.11250969)
(0.008247143 0.000360078 0.11250969)
(0.0092780359 0.00040508775 0.11250969)
(0.010308929 0.0004500975 0.11250969)
(0.011339822 0.00049510725 0.11250969)
(0.012370714 0.000540117 0.11250969)
(0.013401607 0.00058512675 0.11250969)
(0.0144325 0.0006301365 0.11250969)
(0.015463393 0.00067514625 0.11250969)
(0.016494286 0.000720156 0.11250969)
(0.017525179 0.00076516575 0.11250969)
(0.018556072 0.0008101755 0.11250969)
(0.019586965 0.00085518525 0.11250969)
(0.020617857 0.000900195 0.11250969)
(0.02164875 0.00094520475 0.11250969)
(0.022679643 0.0009902145 0.11250969)
(0.023710536 0.0010352243 0.11250969)
(0.024741429 0.001080234 0.11250969)
(0.025772322 0.0011252437 0.11250969)
(0.026803215 0.0011702535 0.11250969)
(0.027834108 0.0012152632 0.11250969)
(0.028865001 0.001260273 0.11250969)
(0.029895893 0.0013052828 0.11250969)
(0.030926786 0.0013502925 0.11250969)
(0.031957679 0.0013953023 0.11250969)
(0.032988572 0.001440312 0.11250969)
(0.034019465 0.0014853217 0.11250969)
(0.035050358 0.0015303315 0.11250969)
(0.036081251 0.0015753412 0.11250969)
(0.037112143 0.001620351 0.11250969)
(0.038143036 0.0016653608 0.11250969)
(0.039173929 0.0017103705 0.11250969)
(0.040204822 0.0017553803 0.11250969)
(0.041235715 0.00180039 0.11250969)
(0 0 0.11263044)
(0.0010308929 -4.500975e-05 0.11263044)
(0.0020617858 -9.00195e-05 0.11263044)
(0.0030926786 -0.00013502925 0.11263044)
(0.0041235715 -0.000180039 0.11263044)
(0.0051544644 -0.00022504875 0.11263044)
(0.0061853572 -0.0002700585 0.11263044)
(0.0072162501 -0.00031506825 0.11263044)
(0.008247143 -0.000360078 0.11263044)
(0.0092780359 -0.00040508775 0.11263044)
(0.010308929 -0.0004500975 0.11263044)
(0.011339822 -0.00049510725 0.11263044)
(0.012370714 -0.000540117 0.11263044)
(0.013401607 -0.00058512675 0.11263044)
(0.0144325 -0.0006301365 0.11263044)
(0.015463393 -0.00067514625 0.11263044)
(0.016494286 -0.000720156 0.11263044)
(0.017525179 -0.00076516575 0.11263044)
(0.018556072 -0.0008101755 0.11263044)
(0.019586965 -0.00085518525 0.11263044)
(0.020617857 -0.000900195 0.11263044)
(0.02164875 -0.00094520475 0.11263044)
(0.022679643 -0.0009902145 0.11263044)
(0.023710536 -0.0010352243 0.11263044)
(0.024741429 -0.001080234 0.11263044)
(0.025772322 -0.0011252437 0.11263044)
(0.026803215 -0.0011702535 0.11263044)
(0.027834108 -0.0012152632 0.11263044)
(0.028865001 -0.001260273 0.11263044)
(0.029895893 -0.0013052828 0.11263044)
(0.030926786 -0.0013502925 0.11263044)
(0.031957679 -0.0013953023 0.11263044)
(0.032988572 -0.001440312 0.11263044)
(0.034019465 -0.0014853217 0.11263044)
(0.035050358 -0.0015303315 0.11263044)
(0.036081251 -0.0015753412 0.11263044)
(0.037112143 -0.001620351 0.11263044)
(0.038143036 -0.0016653608 0.11263044)
(0.039173929 -0.0017103705 0.11263044)
(0.040204822 -0.0017553803 0.11263044)
(0.041235715 -0.00180039 0.11263044)
(0.0010308929 4.500975e-05 0.11263044)
(0.0020617858 9.00195e-05 0.11263044)
(0.0030926786 0.00013502925 0.11263044)
(0.0041235715 0.000180039 0.11263044)
(0.0051544644 0.00022504875 0.11263044)
(0.0061853572 0.0002700585 0.11263044)
(0.0072162501 0.00031506825 0.11263044)
(0.008247143 0.000360078 0.11263044)
(0.0092780359 0.00040508775 0.11263044)
(0.010308929 0.0004500975 0.11263044)
(0.011339822 0.00049510725 0.11263044)
(0.012370714 0.000540117 0.11263044)
(0.013401607 0.00058512675 0.11263044)
(0.0144325 0.0006301365 0.11263044)
(0.015463393 0.00067514625 0.11263044)
(0.016494286 0.000720156 0.11263044)
(0.017525179 0.00076516575 0.11263044)
(0.018556072 0.0008101755 0.11263044)
(0.019586965 0.00085518525 0.11263044)
(0.020617857 0.000900195 0.11263044)
(0.02164875 0.00094520475 0.11263044)
(0.022679643 0.0009902145 0.11263044)
(0.023710536 0.0010352243 0.11263044)
(0.024741429 0.001080234 0.11263044)
(0.025772322 0.0011252437 0.11263044)
(0.026803215 0.0011702535 0.11263044)
(0.027834108 0.0012152632 0.11263044)
(0.028865001 0.001260273 0.11263044)
(0.029895893 0.0013052828 0.11263044)
(0.030926786 0.0013502925 0.11263044)
(0.031957679 0.0013953023 0.11263044)
(0.032988572 0.001440312 0.11263044)
(0.034019465 0.0014853217 0.11263044)
(0.035050358 0.0015303315 0.11263044)
(0.036081251 0.0015753412 0.11263044)
(0.037112143 0.001620351 0.11263044)
(0.038143036 0.0016653608 0.11263044)
(0.039173929 0.0017103705 0.11263044)
(0.040204822 0.0017553803 0.11263044)
(0.041235715 0.00180039 0.11263044)
(0 0 0.1127512)
(0.0010308929 -4.500975e-05 0.1127512)
(0.0020617858 -9.00195e-05 0.1127512)
(0.0030926786 -0.00013502925 0.1127512)
(0.0041235715 -0.000180039 0.1127512)
(0.0051544644 -0.00022504875 0.1127512)
(0.0061853572 -0.0002700585 0.1127512)
(0.0072162501 -0.00031506825 0.1127512)
(0.008247143 -0.000360078 0.1127512)
(0.0092780359 -0.00040508775 0.1127512)
(0.010308929 -0.0004500975 0.1127512)
(0.011339822 -0.00049510725 0.1127512)
(0.012370714 -0.000540117 0.1127512)
(0.013401607 -0.00058512675 0.1127512)
(0.0144325 -0.0006301365 0.1127512)
(0.015463393 -0.00067514625 0.1127512)
(0.016494286 -0.000720156 0.1127512)
(0.017525179 -0.00076516575 0.1127512)
(0.018556072 -0.0008101755 0.1127512)
(0.019586965 -0.00085518525 0.1127512)
(0.020617857 -0.000900195 0.1127512)
(0.02164875 -0.00094520475 0.1127512)
(0.022679643 -0.0009902145 0.1127512)
(0.023710536 -0.0010352243 0.1127512)
(0.024741429 -0.001080234 0.1127512)
(0.025772322 -0.0011252437 0.1127512)
(0.026803215 -0.0011702535 0.1127512)
(0.027834108 -0.0012152632 0.1127512)
(0.028865001 -0.001260273 0.1127512)
(0.029895893 -0.0013052828 0.1127512)
(0.030926786 -0.0013502925 0.1127512)
(0.031957679 -0.0013953023 0.1127512)
(0.032988572 -0.001440312 0.1127512)
(0.034019465 -0.0014853217 0.1127512)
(0.035050358 -0.0015303315 0.1127512)
(0.036081251 -0.0015753412 0.1127512)
(0.037112143 -0.001620351 0.1127512)
(0.038143036 -0.0016653608 0.1127512)
(0.039173929 -0.0017103705 0.1127512)
(0.040204822 -0.0017553803 0.1127512)
(0.041235715 -0.00180039 0.1127512)
(0.0010308929 4.500975e-05 0.1127512)
(0.0020617858 9.00195e-05 0.1127512)
(0.0030926786 0.00013502925 0.1127512)
(0.0041235715 0.000180039 0.1127512)
(0.0051544644 0.00022504875 0.1127512)
(0.0061853572 0.0002700585 0.1127512)
(0.0072162501 0.00031506825 0.1127512)
(0.008247143 0.000360078 0.1127512)
(0.0092780359 0.00040508775 0.1127512)
(0.010308929 0.0004500975 0.1127512)
(0.011339822 0.00049510725 0.1127512)
(0.012370714 0.000540117 0.1127512)
(0.013401607 0.00058512675 0.1127512)
(0.0144325 0.0006301365 0.1127512)
(0.015463393 0.00067514625 0.1127512)
(0.016494286 0.000720156 0.1127512)
(0.017525179 0.00076516575 0.1127512)
(0.018556072 0.0008101755 0.1127512)
(0.019586965 0.00085518525 0.1127512)
(0.020617857 0.000900195 0.1127512)
(0.02164875 0.00094520475 0.1127512)
(0.022679643 0.0009902145 0.1127512)
(0.023710536 0.0010352243 0.1127512)
(0.024741429 0.001080234 0.1127512)
(0.025772322 0.0011252437 0.1127512)
(0.026803215 0.0011702535 0.1127512)
(0.027834108 0.0012152632 0.1127512)
(0.028865001 0.001260273 0.1127512)
(0.029895893 0.0013052828 0.1127512)
(0.030926786 0.0013502925 0.1127512)
(0.031957679 0.0013953023 0.1127512)
(0.032988572 0.001440312 0.1127512)
(0.034019465 0.0014853217 0.1127512)
(0.035050358 0.0015303315 0.1127512)
(0.036081251 0.0015753412 0.1127512)
(0.037112143 0.001620351 0.1127512)
(0.038143036 0.0016653608 0.1127512)
(0.039173929 0.0017103705 0.1127512)
(0.040204822 0.0017553803 0.1127512)
(0.041235715 0.00180039 0.1127512)
(0 0 0.11287195)
(0.0010308929 -4.500975e-05 0.11287195)
(0.0020617858 -9.00195e-05 0.11287195)
(0.0030926786 -0.00013502925 0.11287195)
(0.0041235715 -0.000180039 0.11287195)
(0.0051544644 -0.00022504875 0.11287195)
(0.0061853572 -0.0002700585 0.11287195)
(0.0072162501 -0.00031506825 0.11287195)
(0.008247143 -0.000360078 0.11287195)
(0.0092780359 -0.00040508775 0.11287195)
(0.010308929 -0.0004500975 0.11287195)
(0.011339822 -0.00049510725 0.11287195)
(0.012370714 -0.000540117 0.11287195)
(0.013401607 -0.00058512675 0.11287195)
(0.0144325 -0.0006301365 0.11287195)
(0.015463393 -0.00067514625 0.11287195)
(0.016494286 -0.000720156 0.11287195)
(0.017525179 -0.00076516575 0.11287195)
(0.018556072 -0.0008101755 0.11287195)
(0.019586965 -0.00085518525 0.11287195)
(0.020617857 -0.000900195 0.11287195)
(0.02164875 -0.00094520475 0.11287195)
(0.022679643 -0.0009902145 0.11287195)
(0.023710536 -0.0010352243 0.11287195)
(0.024741429 -0.001080234 0.11287195)
(0.025772322 -0.0011252437 0.11287195)
(0.026803215 -0.0011702535 0.11287195)
(0.027834108 -0.0012152632 0.11287195)
(0.028865001 -0.001260273 0.11287195)
(0.029895893 -0.0013052828 0.11287195)
(0.030926786 -0.0013502925 0.11287195)
(0.031957679 -0.0013953023 0.11287195)
(0.032988572 -0.001440312 0.11287195)
(0.034019465 -0.0014853217 0.11287195)
(0.035050358 -0.0015303315 0.11287195)
(0.036081251 -0.0015753412 0.11287195)
(0.037112143 -0.001620351 0.11287195)
(0.038143036 -0.0016653608 0.11287195)
(0.039173929 -0.0017103705 0.11287195)
(0.040204822 -0.0017553803 0.11287195)
(0.041235715 -0.00180039 0.11287195)
(0.0010308929 4.500975e-05 0.11287195)
(0.0020617858 9.00195e-05 0.11287195)
(0.0030926786 0.00013502925 0.11287195)
(0.0041235715 0.000180039 0.11287195)
(0.0051544644 0.00022504875 0.11287195)
(0.0061853572 0.0002700585 0.11287195)
(0.0072162501 0.00031506825 0.11287195)
(0.008247143 0.000360078 0.11287195)
(0.0092780359 0.00040508775 0.11287195)
(0.010308929 0.0004500975 0.11287195)
(0.011339822 0.00049510725 0.11287195)
(0.012370714 0.000540117 0.11287195)
(0.013401607 0.00058512675 0.11287195)
(0.0144325 0.0006301365 0.11287195)
(0.015463393 0.00067514625 0.11287195)
(0.016494286 0.000720156 0.11287195)
(0.017525179 0.00076516575 0.11287195)
(0.018556072 0.0008101755 0.11287195)
(0.019586965 0.00085518525 0.11287195)
(0.020617857 0.000900195 0.11287195)
(0.02164875 0.00094520475 0.11287195)
(0.022679643 0.0009902145 0.11287195)
(0.023710536 0.0010352243 0.11287195)
(0.024741429 0.001080234 0.11287195)
(0.025772322 0.0011252437 0.11287195)
(0.026803215 0.0011702535 0.11287195)
(0.027834108 0.0012152632 0.11287195)
(0.028865001 0.001260273 0.11287195)
(0.029895893 0.0013052828 0.11287195)
(0.030926786 0.0013502925 0.11287195)
(0.031957679 0.0013953023 0.11287195)
(0.032988572 0.001440312 0.11287195)
(0.034019465 0.0014853217 0.11287195)
(0.035050358 0.0015303315 0.11287195)
(0.036081251 0.0015753412 0.11287195)
(0.037112143 0.001620351 0.11287195)
(0.038143036 0.0016653608 0.11287195)
(0.039173929 0.0017103705 0.11287195)
(0.040204822 0.0017553803 0.11287195)
(0.041235715 0.00180039 0.11287195)
(0 0 0.11299271)
(0.0010308929 -4.500975e-05 0.11299271)
(0.0020617858 -9.00195e-05 0.11299271)
(0.0030926786 -0.00013502925 0.11299271)
(0.0041235715 -0.000180039 0.11299271)
(0.0051544644 -0.00022504875 0.11299271)
(0.0061853572 -0.0002700585 0.11299271)
(0.0072162501 -0.00031506825 0.11299271)
(0.008247143 -0.000360078 0.11299271)
(0.0092780359 -0.00040508775 0.11299271)
(0.010308929 -0.0004500975 0.11299271)
(0.011339822 -0.00049510725 0.11299271)
(0.012370714 -0.000540117 0.11299271)
(0.013401607 -0.00058512675 0.11299271)
(0.0144325 -0.0006301365 0.11299271)
(0.015463393 -0.00067514625 0.11299271)
(0.016494286 -0.000720156 0.11299271)
(0.017525179 -0.00076516575 0.11299271)
(0.018556072 -0.0008101755 0.11299271)
(0.019586965 -0.00085518525 0.11299271)
(0.020617857 -0.000900195 0.11299271)
(0.02164875 -0.00094520475 0.11299271)
(0.022679643 -0.0009902145 0.11299271)
(0.023710536 -0.0010352243 0.11299271)
(0.024741429 -0.001080234 0.11299271)
(0.025772322 -0.0011252437 0.11299271)
(0.026803215 -0.0011702535 0.11299271)
(0.027834108 -0.0012152632 0.11299271)
(0.028865001 -0.001260273 0.11299271)
(0.029895893 -0.0013052828 0.11299271)
(0.030926786 -0.0013502925 0.11299271)
(0.031957679 -0.0013953023 0.11299271)
(0.032988572 -0.001440312 0.11299271)
(0.034019465 -0.0014853217 0.11299271)
(0.035050358 -0.0015303315 0.11299271)
(0.036081251 -0.0015753412 0.11299271)
(0.037112143 -0.001620351 0.11299271)
(0.038143036 -0.0016653608 0.11299271)
(0.039173929 -0.0017103705 0.11299271)
(0.040204822 -0.0017553803 0.11299271)
(0.041235715 -0.00180039 0.11299271)
(0.0010308929 4.500975e-05 0.11299271)
(0.0020617858 9.00195e-05 0.11299271)
(0.0030926786 0.00013502925 0.11299271)
(0.0041235715 0.000180039 0.11299271)
(0.0051544644 0.00022504875 0.11299271)
(0.0061853572 0.0002700585 0.11299271)
(0.0072162501 0.00031506825 0.11299271)
(0.008247143 0.000360078 0.11299271)
(0.0092780359 0.00040508775 0.11299271)
(0.010308929 0.0004500975 0.11299271)
(0.011339822 0.00049510725 0.11299271)
(0.012370714 0.000540117 0.11299271)
(0.013401607 0.00058512675 0.11299271)
(0.0144325 0.0006301365 0.11299271)
(0.015463393 0.00067514625 0.11299271)
(0.016494286 0.000720156 0.11299271)
(0.017525179 0.00076516575 0.11299271)
(0.018556072 0.0008101755 0.11299271)
(0.019586965 0.00085518525 0.11299271)
(0.020617857 0.000900195 0.11299271)
(0.02164875 0.00094520475 0.11299271)
(0.022679643 0.0009902145 0.11299271)
(0.023710536 0.0010352243 0.11299271)
(0.024741429 0.001080234 0.11299271)
(0.025772322 0.0011252437 0.11299271)
(0.026803215 0.0011702535 0.11299271)
(0.027834108 0.0012152632 0.11299271)
(0.028865001 0.001260273 0.11299271)
(0.029895893 0.0013052828 0.11299271)
(0.030926786 0.0013502925 0.11299271)
(0.031957679 0.0013953023 0.11299271)
(0.032988572 0.001440312 0.11299271)
(0.034019465 0.0014853217 0.11299271)
(0.035050358 0.0015303315 0.11299271)
(0.036081251 0.0015753412 0.11299271)
(0.037112143 0.001620351 0.11299271)
(0.038143036 0.0016653608 0.11299271)
(0.039173929 0.0017103705 0.11299271)
(0.040204822 0.0017553803 0.11299271)
(0.041235715 0.00180039 0.11299271)
(0 0 0.11311346)
(0.0010308929 -4.500975e-05 0.11311346)
(0.0020617858 -9.00195e-05 0.11311346)
(0.0030926786 -0.00013502925 0.11311346)
(0.0041235715 -0.000180039 0.11311346)
(0.0051544644 -0.00022504875 0.11311346)
(0.0061853572 -0.0002700585 0.11311346)
(0.0072162501 -0.00031506825 0.11311346)
(0.008247143 -0.000360078 0.11311346)
(0.0092780359 -0.00040508775 0.11311346)
(0.010308929 -0.0004500975 0.11311346)
(0.011339822 -0.00049510725 0.11311346)
(0.012370714 -0.000540117 0.11311346)
(0.013401607 -0.00058512675 0.11311346)
(0.0144325 -0.0006301365 0.11311346)
(0.015463393 -0.00067514625 0.11311346)
(0.016494286 -0.000720156 0.11311346)
(0.017525179 -0.00076516575 0.11311346)
(0.018556072 -0.0008101755 0.11311346)
(0.019586965 -0.00085518525 0.11311346)
(0.020617857 -0.000900195 0.11311346)
(0.02164875 -0.00094520475 0.11311346)
(0.022679643 -0.0009902145 0.11311346)
(0.023710536 -0.0010352243 0.11311346)
(0.024741429 -0.001080234 0.11311346)
(0.025772322 -0.0011252437 0.11311346)
(0.026803215 -0.0011702535 0.11311346)
(0.027834108 -0.0012152632 0.11311346)
(0.028865001 -0.001260273 0.11311346)
(0.029895893 -0.0013052828 0.11311346)
(0.030926786 -0.0013502925 0.11311346)
(0.031957679 -0.0013953023 0.11311346)
(0.032988572 -0.001440312 0.11311346)
(0.034019465 -0.0014853217 0.11311346)
(0.035050358 -0.0015303315 0.11311346)
(0.036081251 -0.0015753412 0.11311346)
(0.037112143 -0.001620351 0.11311346)
(0.038143036 -0.0016653608 0.11311346)
(0.039173929 -0.0017103705 0.11311346)
(0.040204822 -0.0017553803 0.11311346)
(0.041235715 -0.00180039 0.11311346)
(0.0010308929 4.500975e-05 0.11311346)
(0.0020617858 9.00195e-05 0.11311346)
(0.0030926786 0.00013502925 0.11311346)
(0.0041235715 0.000180039 0.11311346)
(0.0051544644 0.00022504875 0.11311346)
(0.0061853572 0.0002700585 0.11311346)
(0.0072162501 0.00031506825 0.11311346)
(0.008247143 0.000360078 0.11311346)
(0.0092780359 0.00040508775 0.11311346)
(0.010308929 0.0004500975 0.11311346)
(0.011339822 0.00049510725 0.11311346)
(0.012370714 0.000540117 0.11311346)
(0.013401607 0.00058512675 0.11311346)
(0.0144325 0.0006301365 0.11311346)
(0.015463393 0.00067514625 0.11311346)
(0.016494286 0.000720156 0.11311346)
(0.017525179 0.00076516575 0.11311346)
(0.018556072 0.0008101755 0.11311346)
(0.019586965 0.00085518525 0.11311346)
(0.020617857 0.000900195 0.11311346)
(0.02164875 0.00094520475 0.11311346)
(0.022679643 0.0009902145 0.11311346)
(0.023710536 0.0010352243 0.11311346)
(0.024741429 0.001080234 0.11311346)
(0.025772322 0.0011252437 0.11311346)
(0.026803215 0.0011702535 0.11311346)
(0.027834108 0.0012152632 0.11311346)
(0.028865001 0.001260273 0.11311346)
(0.029895893 0.0013052828 0.11311346)
(0.030926786 0.0013502925 0.11311346)
(0.031957679 0.0013953023 0.11311346)
(0.032988572 0.001440312 0.11311346)
(0.034019465 0.0014853217 0.11311346)
(0.035050358 0.0015303315 0.11311346)
(0.036081251 0.0015753412 0.11311346)
(0.037112143 0.001620351 0.11311346)
(0.038143036 0.0016653608 0.11311346)
(0.039173929 0.0017103705 0.11311346)
(0.040204822 0.0017553803 0.11311346)
(0.041235715 0.00180039 0.11311346)
(0 0 0.11323421)
(0.0010308929 -4.500975e-05 0.11323421)
(0.0020617858 -9.00195e-05 0.11323421)
(0.0030926786 -0.00013502925 0.11323421)
(0.0041235715 -0.000180039 0.11323421)
(0.0051544644 -0.00022504875 0.11323421)
(0.0061853572 -0.0002700585 0.11323421)
(0.0072162501 -0.00031506825 0.11323421)
(0.008247143 -0.000360078 0.11323421)
(0.0092780359 -0.00040508775 0.11323421)
(0.010308929 -0.0004500975 0.11323421)
(0.011339822 -0.00049510725 0.11323421)
(0.012370714 -0.000540117 0.11323421)
(0.013401607 -0.00058512675 0.11323421)
(0.0144325 -0.0006301365 0.11323421)
(0.015463393 -0.00067514625 0.11323421)
(0.016494286 -0.000720156 0.11323421)
(0.017525179 -0.00076516575 0.11323421)
(0.018556072 -0.0008101755 0.11323421)
(0.019586965 -0.00085518525 0.11323421)
(0.020617857 -0.000900195 0.11323421)
(0.02164875 -0.00094520475 0.11323421)
(0.022679643 -0.0009902145 0.11323421)
(0.023710536 -0.0010352243 0.11323421)
(0.024741429 -0.001080234 0.11323421)
(0.025772322 -0.0011252437 0.11323421)
(0.026803215 -0.0011702535 0.11323421)
(0.027834108 -0.0012152632 0.11323421)
(0.028865001 -0.001260273 0.11323421)
(0.029895893 -0.0013052828 0.11323421)
(0.030926786 -0.0013502925 0.11323421)
(0.031957679 -0.0013953023 0.11323421)
(0.032988572 -0.001440312 0.11323421)
(0.034019465 -0.0014853217 0.11323421)
(0.035050358 -0.0015303315 0.11323421)
(0.036081251 -0.0015753412 0.11323421)
(0.037112143 -0.001620351 0.11323421)
(0.038143036 -0.0016653608 0.11323421)
(0.039173929 -0.0017103705 0.11323421)
(0.040204822 -0.0017553803 0.11323421)
(0.041235715 -0.00180039 0.11323421)
(0.0010308929 4.500975e-05 0.11323421)
(0.0020617858 9.00195e-05 0.11323421)
(0.0030926786 0.00013502925 0.11323421)
(0.0041235715 0.000180039 0.11323421)
(0.0051544644 0.00022504875 0.11323421)
(0.0061853572 0.0002700585 0.11323421)
(0.0072162501 0.00031506825 0.11323421)
(0.008247143 0.000360078 0.11323421)
(0.0092780359 0.00040508775 0.11323421)
(0.010308929 0.0004500975 0.11323421)
(0.011339822 0.00049510725 0.11323421)
(0.012370714 0.000540117 0.11323421)
(0.013401607 0.00058512675 0.11323421)
(0.0144325 0.0006301365 0.11323421)
(0.015463393 0.00067514625 0.11323421)
(0.016494286 0.000720156 0.11323421)
(0.017525179 0.00076516575 0.11323421)
(0.018556072 0.0008101755 0.11323421)
(0.019586965 0.00085518525 0.11323421)
(0.020617857 0.000900195 0.11323421)
(0.02164875 0.00094520475 0.11323421)
(0.022679643 0.0009902145 0.11323421)
(0.023710536 0.0010352243 0.11323421)
(0.024741429 0.001080234 0.11323421)
(0.025772322 0.0011252437 0.11323421)
(0.026803215 0.0011702535 0.11323421)
(0.027834108 0.0012152632 0.11323421)
(0.028865001 0.001260273 0.11323421)
(0.029895893 0.0013052828 0.11323421)
(0.030926786 0.0013502925 0.11323421)
(0.031957679 0.0013953023 0.11323421)
(0.032988572 0.001440312 0.11323421)
(0.034019465 0.0014853217 0.11323421)
(0.035050358 0.0015303315 0.11323421)
(0.036081251 0.0015753412 0.11323421)
(0.037112143 0.001620351 0.11323421)
(0.038143036 0.0016653608 0.11323421)
(0.039173929 0.0017103705 0.11323421)
(0.040204822 0.0017553803 0.11323421)
(0.041235715 0.00180039 0.11323421)
(0 0 0.11335496)
(0.0010308929 -4.500975e-05 0.11335496)
(0.0020617858 -9.00195e-05 0.11335496)
(0.0030926786 -0.00013502925 0.11335496)
(0.0041235715 -0.000180039 0.11335496)
(0.0051544644 -0.00022504875 0.11335496)
(0.0061853572 -0.0002700585 0.11335496)
(0.0072162501 -0.00031506825 0.11335496)
(0.008247143 -0.000360078 0.11335496)
(0.0092780359 -0.00040508775 0.11335496)
(0.010308929 -0.0004500975 0.11335496)
(0.011339822 -0.00049510725 0.11335496)
(0.012370714 -0.000540117 0.11335496)
(0.013401607 -0.00058512675 0.11335496)
(0.0144325 -0.0006301365 0.11335496)
(0.015463393 -0.00067514625 0.11335496)
(0.016494286 -0.000720156 0.11335496)
(0.017525179 -0.00076516575 0.11335496)
(0.018556072 -0.0008101755 0.11335496)
(0.019586965 -0.00085518525 0.11335496)
(0.020617857 -0.000900195 0.11335496)
(0.02164875 -0.00094520475 0.11335496)
(0.022679643 -0.0009902145 0.11335496)
(0.023710536 -0.0010352243 0.11335496)
(0.024741429 -0.001080234 0.11335496)
(0.025772322 -0.0011252437 0.11335496)
(0.026803215 -0.0011702535 0.11335496)
(0.027834108 -0.0012152632 0.11335496)
(0.028865001 -0.001260273 0.11335496)
(0.029895893 -0.0013052828 0.11335496)
(0.030926786 -0.0013502925 0.11335496)
(0.031957679 -0.0013953023 0.11335496)
(0.032988572 -0.001440312 0.11335496)
(0.034019465 -0.0014853217 0.11335496)
(0.035050358 -0.0015303315 0.11335496)
(0.036081251 -0.0015753412 0.11335496)
(0.037112143 -0.001620351 0.11335496)
(0.038143036 -0.0016653608 0.11335496)
(0.039173929 -0.0017103705 0.11335496)
(0.040204822 -0.0017553803 0.11335496)
(0.041235715 -0.00180039 0.11335496)
(0.0010308929 4.500975e-05 0.11335496)
(0.0020617858 9.00195e-05 0.11335496)
(0.0030926786 0.00013502925 0.11335496)
(0.0041235715 0.000180039 0.11335496)
(0.0051544644 0.00022504875 0.11335496)
(0.0061853572 0.0002700585 0.11335496)
(0.0072162501 0.00031506825 0.11335496)
(0.008247143 0.000360078 0.11335496)
(0.0092780359 0.00040508775 0.11335496)
(0.010308929 0.0004500975 0.11335496)
(0.011339822 0.00049510725 0.11335496)
(0.012370714 0.000540117 0.11335496)
(0.013401607 0.00058512675 0.11335496)
(0.0144325 0.0006301365 0.11335496)
(0.015463393 0.00067514625 0.11335496)
(0.016494286 0.000720156 0.11335496)
(0.017525179 0.00076516575 0.11335496)
(0.018556072 0.0008101755 0.11335496)
(0.019586965 0.00085518525 0.11335496)
(0.020617857 0.000900195 0.11335496)
(0.02164875 0.00094520475 0.11335496)
(0.022679643 0.0009902145 0.11335496)
(0.023710536 0.0010352243 0.11335496)
(0.024741429 0.001080234 0.11335496)
(0.025772322 0.0011252437 0.11335496)
(0.026803215 0.0011702535 0.11335496)
(0.027834108 0.0012152632 0.11335496)
(0.028865001 0.001260273 0.11335496)
(0.029895893 0.0013052828 0.11335496)
(0.030926786 0.0013502925 0.11335496)
(0.031957679 0.0013953023 0.11335496)
(0.032988572 0.001440312 0.11335496)
(0.034019465 0.0014853217 0.11335496)
(0.035050358 0.0015303315 0.11335496)
(0.036081251 0.0015753412 0.11335496)
(0.037112143 0.001620351 0.11335496)
(0.038143036 0.0016653608 0.11335496)
(0.039173929 0.0017103705 0.11335496)
(0.040204822 0.0017553803 0.11335496)
(0.041235715 0.00180039 0.11335496)
(0 0 0.11347571)
(0.0010308929 -4.500975e-05 0.11347571)
(0.0020617858 -9.00195e-05 0.11347571)
(0.0030926786 -0.00013502925 0.11347571)
(0.0041235715 -0.000180039 0.11347571)
(0.0051544644 -0.00022504875 0.11347571)
(0.0061853572 -0.0002700585 0.11347571)
(0.0072162501 -0.00031506825 0.11347571)
(0.008247143 -0.000360078 0.11347571)
(0.0092780359 -0.00040508775 0.11347571)
(0.010308929 -0.0004500975 0.11347571)
(0.011339822 -0.00049510725 0.11347571)
(0.012370714 -0.000540117 0.11347571)
(0.013401607 -0.00058512675 0.11347571)
(0.0144325 -0.0006301365 0.11347571)
(0.015463393 -0.00067514625 0.11347571)
(0.016494286 -0.000720156 0.11347571)
(0.017525179 -0.00076516575 0.11347571)
(0.018556072 -0.0008101755 0.11347571)
(0.019586965 -0.00085518525 0.11347571)
(0.020617857 -0.000900195 0.11347571)
(0.02164875 -0.00094520475 0.11347571)
(0.022679643 -0.0009902145 0.11347571)
(0.023710536 -0.0010352243 0.11347571)
(0.024741429 -0.001080234 0.11347571)
(0.025772322 -0.0011252437 0.11347571)
(0.026803215 -0.0011702535 0.11347571)
(0.027834108 -0.0012152632 0.11347571)
(0.028865001 -0.001260273 0.11347571)
(0.029895893 -0.0013052828 0.11347571)
(0.030926786 -0.0013502925 0.11347571)
(0.031957679 -0.0013953023 0.11347571)
(0.032988572 -0.001440312 0.11347571)
(0.034019465 -0.0014853217 0.11347571)
(0.035050358 -0.0015303315 0.11347571)
(0.036081251 -0.0015753412 0.11347571)
(0.037112143 -0.001620351 0.11347571)
(0.038143036 -0.0016653608 0.11347571)
(0.039173929 -0.0017103705 0.11347571)
(0.040204822 -0.0017553803 0.11347571)
(0.041235715 -0.00180039 0.11347571)
(0.0010308929 4.500975e-05 0.11347571)
(0.0020617858 9.00195e-05 0.11347571)
(0.0030926786 0.00013502925 0.11347571)
(0.0041235715 0.000180039 0.11347571)
(0.0051544644 0.00022504875 0.11347571)
(0.0061853572 0.0002700585 0.11347571)
(0.0072162501 0.00031506825 0.11347571)
(0.008247143 0.000360078 0.11347571)
(0.0092780359 0.00040508775 0.11347571)
(0.010308929 0.0004500975 0.11347571)
(0.011339822 0.00049510725 0.11347571)
(0.012370714 0.000540117 0.11347571)
(0.013401607 0.00058512675 0.11347571)
(0.0144325 0.0006301365 0.11347571)
(0.015463393 0.00067514625 0.11347571)
(0.016494286 0.000720156 0.11347571)
(0.017525179 0.00076516575 0.11347571)
(0.018556072 0.0008101755 0.11347571)
(0.019586965 0.00085518525 0.11347571)
(0.020617857 0.000900195 0.11347571)
(0.02164875 0.00094520475 0.11347571)
(0.022679643 0.0009902145 0.11347571)
(0.023710536 0.0010352243 0.11347571)
(0.024741429 0.001080234 0.11347571)
(0.025772322 0.0011252437 0.11347571)
(0.026803215 0.0011702535 0.11347571)
(0.027834108 0.0012152632 0.11347571)
(0.028865001 0.001260273 0.11347571)
(0.029895893 0.0013052828 0.11347571)
(0.030926786 0.0013502925 0.11347571)
(0.031957679 0.0013953023 0.11347571)
(0.032988572 0.001440312 0.11347571)
(0.034019465 0.0014853217 0.11347571)
(0.035050358 0.0015303315 0.11347571)
(0.036081251 0.0015753412 0.11347571)
(0.037112143 0.001620351 0.11347571)
(0.038143036 0.0016653608 0.11347571)
(0.039173929 0.0017103705 0.11347571)
(0.040204822 0.0017553803 0.11347571)
(0.041235715 0.00180039 0.11347571)
(0 0 0.11359647)
(0.0010308929 -4.500975e-05 0.11359647)
(0.0020617858 -9.00195e-05 0.11359647)
(0.0030926786 -0.00013502925 0.11359647)
(0.0041235715 -0.000180039 0.11359647)
(0.0051544644 -0.00022504875 0.11359647)
(0.0061853572 -0.0002700585 0.11359647)
(0.0072162501 -0.00031506825 0.11359647)
(0.008247143 -0.000360078 0.11359647)
(0.0092780359 -0.00040508775 0.11359647)
(0.010308929 -0.0004500975 0.11359647)
(0.011339822 -0.00049510725 0.11359647)
(0.012370714 -0.000540117 0.11359647)
(0.013401607 -0.00058512675 0.11359647)
(0.0144325 -0.0006301365 0.11359647)
(0.015463393 -0.00067514625 0.11359647)
(0.016494286 -0.000720156 0.11359647)
(0.017525179 -0.00076516575 0.11359647)
(0.018556072 -0.0008101755 0.11359647)
(0.019586965 -0.00085518525 0.11359647)
(0.020617857 -0.000900195 0.11359647)
(0.02164875 -0.00094520475 0.11359647)
(0.022679643 -0.0009902145 0.11359647)
(0.023710536 -0.0010352243 0.11359647)
(0.024741429 -0.001080234 0.11359647)
(0.025772322 -0.0011252437 0.11359647)
(0.026803215 -0.0011702535 0.11359647)
(0.027834108 -0.0012152632 0.11359647)
(0.028865001 -0.001260273 0.11359647)
(0.029895893 -0.0013052828 0.11359647)
(0.030926786 -0.0013502925 0.11359647)
(0.031957679 -0.0013953023 0.11359647)
(0.032988572 -0.001440312 0.11359647)
(0.034019465 -0.0014853217 0.11359647)
(0.035050358 -0.0015303315 0.11359647)
(0.036081251 -0.0015753412 0.11359647)
(0.037112143 -0.001620351 0.11359647)
(0.038143036 -0.0016653608 0.11359647)
(0.039173929 -0.0017103705 0.11359647)
(0.040204822 -0.0017553803 0.11359647)
(0.041235715 -0.00180039 0.11359647)
(0.0010308929 4.500975e-05 0.11359647)
(0.0020617858 9.00195e-05 0.11359647)
(0.0030926786 0.00013502925 0.11359647)
(0.0041235715 0.000180039 0.11359647)
(0.0051544644 0.00022504875 0.11359647)
(0.0061853572 0.0002700585 0.11359647)
(0.0072162501 0.00031506825 0.11359647)
(0.008247143 0.000360078 0.11359647)
(0.0092780359 0.00040508775 0.11359647)
(0.010308929 0.0004500975 0.11359647)
(0.011339822 0.00049510725 0.11359647)
(0.012370714 0.000540117 0.11359647)
(0.013401607 0.00058512675 0.11359647)
(0.0144325 0.0006301365 0.11359647)
(0.015463393 0.00067514625 0.11359647)
(0.016494286 0.000720156 0.11359647)
(0.017525179 0.00076516575 0.11359647)
(0.018556072 0.0008101755 0.11359647)
(0.019586965 0.00085518525 0.11359647)
(0.020617857 0.000900195 0.11359647)
(0.02164875 0.00094520475 0.11359647)
(0.022679643 0.0009902145 0.11359647)
(0.023710536 0.0010352243 0.11359647)
(0.024741429 0.001080234 0.11359647)
(0.025772322 0.0011252437 0.11359647)
(0.026803215 0.0011702535 0.11359647)
(0.027834108 0.0012152632 0.11359647)
(0.028865001 0.001260273 0.11359647)
(0.029895893 0.0013052828 0.11359647)
(0.030926786 0.0013502925 0.11359647)
(0.031957679 0.0013953023 0.11359647)
(0.032988572 0.001440312 0.11359647)
(0.034019465 0.0014853217 0.11359647)
(0.035050358 0.0015303315 0.11359647)
(0.036081251 0.0015753412 0.11359647)
(0.037112143 0.001620351 0.11359647)
(0.038143036 0.0016653608 0.11359647)
(0.039173929 0.0017103705 0.11359647)
(0.040204822 0.0017553803 0.11359647)
(0.041235715 0.00180039 0.11359647)
(0 0 0.11371722)
(0.0010308929 -4.500975e-05 0.11371722)
(0.0020617858 -9.00195e-05 0.11371722)
(0.0030926786 -0.00013502925 0.11371722)
(0.0041235715 -0.000180039 0.11371722)
(0.0051544644 -0.00022504875 0.11371722)
(0.0061853572 -0.0002700585 0.11371722)
(0.0072162501 -0.00031506825 0.11371722)
(0.008247143 -0.000360078 0.11371722)
(0.0092780359 -0.00040508775 0.11371722)
(0.010308929 -0.0004500975 0.11371722)
(0.011339822 -0.00049510725 0.11371722)
(0.012370714 -0.000540117 0.11371722)
(0.013401607 -0.00058512675 0.11371722)
(0.0144325 -0.0006301365 0.11371722)
(0.015463393 -0.00067514625 0.11371722)
(0.016494286 -0.000720156 0.11371722)
(0.017525179 -0.00076516575 0.11371722)
(0.018556072 -0.0008101755 0.11371722)
(0.019586965 -0.00085518525 0.11371722)
(0.020617857 -0.000900195 0.11371722)
(0.02164875 -0.00094520475 0.11371722)
(0.022679643 -0.0009902145 0.11371722)
(0.023710536 -0.0010352243 0.11371722)
(0.024741429 -0.001080234 0.11371722)
(0.025772322 -0.0011252437 0.11371722)
(0.026803215 -0.0011702535 0.11371722)
(0.027834108 -0.0012152632 0.11371722)
(0.028865001 -0.001260273 0.11371722)
(0.029895893 -0.0013052828 0.11371722)
(0.030926786 -0.0013502925 0.11371722)
(0.031957679 -0.0013953023 0.11371722)
(0.032988572 -0.001440312 0.11371722)
(0.034019465 -0.0014853217 0.11371722)
(0.035050358 -0.0015303315 0.11371722)
(0.036081251 -0.0015753412 0.11371722)
(0.037112143 -0.001620351 0.11371722)
(0.038143036 -0.0016653608 0.11371722)
(0.039173929 -0.0017103705 0.11371722)
(0.040204822 -0.0017553803 0.11371722)
(0.041235715 -0.00180039 0.11371722)
(0.0010308929 4.500975e-05 0.11371722)
(0.0020617858 9.00195e-05 0.11371722)
(0.0030926786 0.00013502925 0.11371722)
(0.0041235715 0.000180039 0.11371722)
(0.0051544644 0.00022504875 0.11371722)
(0.0061853572 0.0002700585 0.11371722)
(0.0072162501 0.00031506825 0.11371722)
(0.008247143 0.000360078 0.11371722)
(0.0092780359 0.00040508775 0.11371722)
(0.010308929 0.0004500975 0.11371722)
(0.011339822 0.00049510725 0.11371722)
(0.012370714 0.000540117 0.11371722)
(0.013401607 0.00058512675 0.11371722)
(0.0144325 0.0006301365 0.11371722)
(0.015463393 0.00067514625 0.11371722)
(0.016494286 0.000720156 0.11371722)
(0.017525179 0.00076516575 0.11371722)
(0.018556072 0.0008101755 0.11371722)
(0.019586965 0.00085518525 0.11371722)
(0.020617857 0.000900195 0.11371722)
(0.02164875 0.00094520475 0.11371722)
(0.022679643 0.0009902145 0.11371722)
(0.023710536 0.0010352243 0.11371722)
(0.024741429 0.001080234 0.11371722)
(0.025772322 0.0011252437 0.11371722)
(0.026803215 0.0011702535 0.11371722)
(0.027834108 0.0012152632 0.11371722)
(0.028865001 0.001260273 0.11371722)
(0.029895893 0.0013052828 0.11371722)
(0.030926786 0.0013502925 0.11371722)
(0.031957679 0.0013953023 0.11371722)
(0.032988572 0.001440312 0.11371722)
(0.034019465 0.0014853217 0.11371722)
(0.035050358 0.0015303315 0.11371722)
(0.036081251 0.0015753412 0.11371722)
(0.037112143 0.001620351 0.11371722)
(0.038143036 0.0016653608 0.11371722)
(0.039173929 0.0017103705 0.11371722)
(0.040204822 0.0017553803 0.11371722)
(0.041235715 0.00180039 0.11371722)
(0 0 0.11383797)
(0.0010308929 -4.500975e-05 0.11383797)
(0.0020617858 -9.00195e-05 0.11383797)
(0.0030926786 -0.00013502925 0.11383797)
(0.0041235715 -0.000180039 0.11383797)
(0.0051544644 -0.00022504875 0.11383797)
(0.0061853572 -0.0002700585 0.11383797)
(0.0072162501 -0.00031506825 0.11383797)
(0.008247143 -0.000360078 0.11383797)
(0.0092780359 -0.00040508775 0.11383797)
(0.010308929 -0.0004500975 0.11383797)
(0.011339822 -0.00049510725 0.11383797)
(0.012370714 -0.000540117 0.11383797)
(0.013401607 -0.00058512675 0.11383797)
(0.0144325 -0.0006301365 0.11383797)
(0.015463393 -0.00067514625 0.11383797)
(0.016494286 -0.000720156 0.11383797)
(0.017525179 -0.00076516575 0.11383797)
(0.018556072 -0.0008101755 0.11383797)
(0.019586965 -0.00085518525 0.11383797)
(0.020617857 -0.000900195 0.11383797)
(0.02164875 -0.00094520475 0.11383797)
(0.022679643 -0.0009902145 0.11383797)
(0.023710536 -0.0010352243 0.11383797)
(0.024741429 -0.001080234 0.11383797)
(0.025772322 -0.0011252437 0.11383797)
(0.026803215 -0.0011702535 0.11383797)
(0.027834108 -0.0012152632 0.11383797)
(0.028865001 -0.001260273 0.11383797)
(0.029895893 -0.0013052828 0.11383797)
(0.030926786 -0.0013502925 0.11383797)
(0.031957679 -0.0013953023 0.11383797)
(0.032988572 -0.001440312 0.11383797)
(0.034019465 -0.0014853217 0.11383797)
(0.035050358 -0.0015303315 0.11383797)
(0.036081251 -0.0015753412 0.11383797)
(0.037112143 -0.001620351 0.11383797)
(0.038143036 -0.0016653608 0.11383797)
(0.039173929 -0.0017103705 0.11383797)
(0.040204822 -0.0017553803 0.11383797)
(0.041235715 -0.00180039 0.11383797)
(0.0010308929 4.500975e-05 0.11383797)
(0.0020617858 9.00195e-05 0.11383797)
(0.0030926786 0.00013502925 0.11383797)
(0.0041235715 0.000180039 0.11383797)
(0.0051544644 0.00022504875 0.11383797)
(0.0061853572 0.0002700585 0.11383797)
(0.0072162501 0.00031506825 0.11383797)
(0.008247143 0.000360078 0.11383797)
(0.0092780359 0.00040508775 0.11383797)
(0.010308929 0.0004500975 0.11383797)
(0.011339822 0.00049510725 0.11383797)
(0.012370714 0.000540117 0.11383797)
(0.013401607 0.00058512675 0.11383797)
(0.0144325 0.0006301365 0.11383797)
(0.015463393 0.00067514625 0.11383797)
(0.016494286 0.000720156 0.11383797)
(0.017525179 0.00076516575 0.11383797)
(0.018556072 0.0008101755 0.11383797)
(0.019586965 0.00085518525 0.11383797)
(0.020617857 0.000900195 0.11383797)
(0.02164875 0.00094520475 0.11383797)
(0.022679643 0.0009902145 0.11383797)
(0.023710536 0.0010352243 0.11383797)
(0.024741429 0.001080234 0.11383797)
(0.025772322 0.0011252437 0.11383797)
(0.026803215 0.0011702535 0.11383797)
(0.027834108 0.0012152632 0.11383797)
(0.028865001 0.001260273 0.11383797)
(0.029895893 0.0013052828 0.11383797)
(0.030926786 0.0013502925 0.11383797)
(0.031957679 0.0013953023 0.11383797)
(0.032988572 0.001440312 0.11383797)
(0.034019465 0.0014853217 0.11383797)
(0.035050358 0.0015303315 0.11383797)
(0.036081251 0.0015753412 0.11383797)
(0.037112143 0.001620351 0.11383797)
(0.038143036 0.0016653608 0.11383797)
(0.039173929 0.0017103705 0.11383797)
(0.040204822 0.0017553803 0.11383797)
(0.041235715 0.00180039 0.11383797)
(0 0 0.11395873)
(0.0010308929 -4.500975e-05 0.11395873)
(0.0020617858 -9.00195e-05 0.11395873)
(0.0030926786 -0.00013502925 0.11395873)
(0.0041235715 -0.000180039 0.11395873)
(0.0051544644 -0.00022504875 0.11395873)
(0.0061853572 -0.0002700585 0.11395873)
(0.0072162501 -0.00031506825 0.11395873)
(0.008247143 -0.000360078 0.11395873)
(0.0092780359 -0.00040508775 0.11395873)
(0.010308929 -0.0004500975 0.11395873)
(0.011339822 -0.00049510725 0.11395873)
(0.012370714 -0.000540117 0.11395873)
(0.013401607 -0.00058512675 0.11395873)
(0.0144325 -0.0006301365 0.11395873)
(0.015463393 -0.00067514625 0.11395873)
(0.016494286 -0.000720156 0.11395873)
(0.017525179 -0.00076516575 0.11395873)
(0.018556072 -0.0008101755 0.11395873)
(0.019586965 -0.00085518525 0.11395873)
(0.020617857 -0.000900195 0.11395873)
(0.02164875 -0.00094520475 0.11395873)
(0.022679643 -0.0009902145 0.11395873)
(0.023710536 -0.0010352243 0.11395873)
(0.024741429 -0.001080234 0.11395873)
(0.025772322 -0.0011252437 0.11395873)
(0.026803215 -0.0011702535 0.11395873)
(0.027834108 -0.0012152632 0.11395873)
(0.028865001 -0.001260273 0.11395873)
(0.029895893 -0.0013052828 0.11395873)
(0.030926786 -0.0013502925 0.11395873)
(0.031957679 -0.0013953023 0.11395873)
(0.032988572 -0.001440312 0.11395873)
(0.034019465 -0.0014853217 0.11395873)
(0.035050358 -0.0015303315 0.11395873)
(0.036081251 -0.0015753412 0.11395873)
(0.037112143 -0.001620351 0.11395873)
(0.038143036 -0.0016653608 0.11395873)
(0.039173929 -0.0017103705 0.11395873)
(0.040204822 -0.0017553803 0.11395873)
(0.041235715 -0.00180039 0.11395873)
(0.0010308929 4.500975e-05 0.11395873)
(0.0020617858 9.00195e-05 0.11395873)
(0.0030926786 0.00013502925 0.11395873)
(0.0041235715 0.000180039 0.11395873)
(0.0051544644 0.00022504875 0.11395873)
(0.0061853572 0.0002700585 0.11395873)
(0.0072162501 0.00031506825 0.11395873)
(0.008247143 0.000360078 0.11395873)
(0.0092780359 0.00040508775 0.11395873)
(0.010308929 0.0004500975 0.11395873)
(0.011339822 0.00049510725 0.11395873)
(0.012370714 0.000540117 0.11395873)
(0.013401607 0.00058512675 0.11395873)
(0.0144325 0.0006301365 0.11395873)
(0.015463393 0.00067514625 0.11395873)
(0.016494286 0.000720156 0.11395873)
(0.017525179 0.00076516575 0.11395873)
(0.018556072 0.0008101755 0.11395873)
(0.019586965 0.00085518525 0.11395873)
(0.020617857 0.000900195 0.11395873)
(0.02164875 0.00094520475 0.11395873)
(0.022679643 0.0009902145 0.11395873)
(0.023710536 0.0010352243 0.11395873)
(0.024741429 0.001080234 0.11395873)
(0.025772322 0.0011252437 0.11395873)
(0.026803215 0.0011702535 0.11395873)
(0.027834108 0.0012152632 0.11395873)
(0.028865001 0.001260273 0.11395873)
(0.029895893 0.0013052828 0.11395873)
(0.030926786 0.0013502925 0.11395873)
(0.031957679 0.0013953023 0.11395873)
(0.032988572 0.001440312 0.11395873)
(0.034019465 0.0014853217 0.11395873)
(0.035050358 0.0015303315 0.11395873)
(0.036081251 0.0015753412 0.11395873)
(0.037112143 0.001620351 0.11395873)
(0.038143036 0.0016653608 0.11395873)
(0.039173929 0.0017103705 0.11395873)
(0.040204822 0.0017553803 0.11395873)
(0.041235715 0.00180039 0.11395873)
(0 0 0.11407948)
(0.0010308929 -4.500975e-05 0.11407948)
(0.0020617858 -9.00195e-05 0.11407948)
(0.0030926786 -0.00013502925 0.11407948)
(0.0041235715 -0.000180039 0.11407948)
(0.0051544644 -0.00022504875 0.11407948)
(0.0061853572 -0.0002700585 0.11407948)
(0.0072162501 -0.00031506825 0.11407948)
(0.008247143 -0.000360078 0.11407948)
(0.0092780359 -0.00040508775 0.11407948)
(0.010308929 -0.0004500975 0.11407948)
(0.011339822 -0.00049510725 0.11407948)
(0.012370714 -0.000540117 0.11407948)
(0.013401607 -0.00058512675 0.11407948)
(0.0144325 -0.0006301365 0.11407948)
(0.015463393 -0.00067514625 0.11407948)
(0.016494286 -0.000720156 0.11407948)
(0.017525179 -0.00076516575 0.11407948)
(0.018556072 -0.0008101755 0.11407948)
(0.019586965 -0.00085518525 0.11407948)
(0.020617857 -0.000900195 0.11407948)
(0.02164875 -0.00094520475 0.11407948)
(0.022679643 -0.0009902145 0.11407948)
(0.023710536 -0.0010352243 0.11407948)
(0.024741429 -0.001080234 0.11407948)
(0.025772322 -0.0011252437 0.11407948)
(0.026803215 -0.0011702535 0.11407948)
(0.027834108 -0.0012152632 0.11407948)
(0.028865001 -0.001260273 0.11407948)
(0.029895893 -0.0013052828 0.11407948)
(0.030926786 -0.0013502925 0.11407948)
(0.031957679 -0.0013953023 0.11407948)
(0.032988572 -0.001440312 0.11407948)
(0.034019465 -0.0014853217 0.11407948)
(0.035050358 -0.0015303315 0.11407948)
(0.036081251 -0.0015753412 0.11407948)
(0.037112143 -0.001620351 0.11407948)
(0.038143036 -0.0016653608 0.11407948)
(0.039173929 -0.0017103705 0.11407948)
(0.040204822 -0.0017553803 0.11407948)
(0.041235715 -0.00180039 0.11407948)
(0.0010308929 4.500975e-05 0.11407948)
(0.0020617858 9.00195e-05 0.11407948)
(0.0030926786 0.00013502925 0.11407948)
(0.0041235715 0.000180039 0.11407948)
(0.0051544644 0.00022504875 0.11407948)
(0.0061853572 0.0002700585 0.11407948)
(0.0072162501 0.00031506825 0.11407948)
(0.008247143 0.000360078 0.11407948)
(0.0092780359 0.00040508775 0.11407948)
(0.010308929 0.0004500975 0.11407948)
(0.011339822 0.00049510725 0.11407948)
(0.012370714 0.000540117 0.11407948)
(0.013401607 0.00058512675 0.11407948)
(0.0144325 0.0006301365 0.11407948)
(0.015463393 0.00067514625 0.11407948)
(0.016494286 0.000720156 0.11407948)
(0.017525179 0.00076516575 0.11407948)
(0.018556072 0.0008101755 0.11407948)
(0.019586965 0.00085518525 0.11407948)
(0.020617857 0.000900195 0.11407948)
(0.02164875 0.00094520475 0.11407948)
(0.022679643 0.0009902145 0.11407948)
(0.023710536 0.0010352243 0.11407948)
(0.024741429 0.001080234 0.11407948)
(0.025772322 0.0011252437 0.11407948)
(0.026803215 0.0011702535 0.11407948)
(0.027834108 0.0012152632 0.11407948)
(0.028865001 0.001260273 0.11407948)
(0.029895893 0.0013052828 0.11407948)
(0.030926786 0.0013502925 0.11407948)
(0.031957679 0.0013953023 0.11407948)
(0.032988572 0.001440312 0.11407948)
(0.034019465 0.0014853217 0.11407948)
(0.035050358 0.0015303315 0.11407948)
(0.036081251 0.0015753412 0.11407948)
(0.037112143 0.001620351 0.11407948)
(0.038143036 0.0016653608 0.11407948)
(0.039173929 0.0017103705 0.11407948)
(0.040204822 0.0017553803 0.11407948)
(0.041235715 0.00180039 0.11407948)
(0 0 0.11420023)
(0.0010308929 -4.500975e-05 0.11420023)
(0.0020617858 -9.00195e-05 0.11420023)
(0.0030926786 -0.00013502925 0.11420023)
(0.0041235715 -0.000180039 0.11420023)
(0.0051544644 -0.00022504875 0.11420023)
(0.0061853572 -0.0002700585 0.11420023)
(0.0072162501 -0.00031506825 0.11420023)
(0.008247143 -0.000360078 0.11420023)
(0.0092780359 -0.00040508775 0.11420023)
(0.010308929 -0.0004500975 0.11420023)
(0.011339822 -0.00049510725 0.11420023)
(0.012370714 -0.000540117 0.11420023)
(0.013401607 -0.00058512675 0.11420023)
(0.0144325 -0.0006301365 0.11420023)
(0.015463393 -0.00067514625 0.11420023)
(0.016494286 -0.000720156 0.11420023)
(0.017525179 -0.00076516575 0.11420023)
(0.018556072 -0.0008101755 0.11420023)
(0.019586965 -0.00085518525 0.11420023)
(0.020617857 -0.000900195 0.11420023)
(0.02164875 -0.00094520475 0.11420023)
(0.022679643 -0.0009902145 0.11420023)
(0.023710536 -0.0010352243 0.11420023)
(0.024741429 -0.001080234 0.11420023)
(0.025772322 -0.0011252437 0.11420023)
(0.026803215 -0.0011702535 0.11420023)
(0.027834108 -0.0012152632 0.11420023)
(0.028865001 -0.001260273 0.11420023)
(0.029895893 -0.0013052828 0.11420023)
(0.030926786 -0.0013502925 0.11420023)
(0.031957679 -0.0013953023 0.11420023)
(0.032988572 -0.001440312 0.11420023)
(0.034019465 -0.0014853217 0.11420023)
(0.035050358 -0.0015303315 0.11420023)
(0.036081251 -0.0015753412 0.11420023)
(0.037112143 -0.001620351 0.11420023)
(0.038143036 -0.0016653608 0.11420023)
(0.039173929 -0.0017103705 0.11420023)
(0.040204822 -0.0017553803 0.11420023)
(0.041235715 -0.00180039 0.11420023)
(0.0010308929 4.500975e-05 0.11420023)
(0.0020617858 9.00195e-05 0.11420023)
(0.0030926786 0.00013502925 0.11420023)
(0.0041235715 0.000180039 0.11420023)
(0.0051544644 0.00022504875 0.11420023)
(0.0061853572 0.0002700585 0.11420023)
(0.0072162501 0.00031506825 0.11420023)
(0.008247143 0.000360078 0.11420023)
(0.0092780359 0.00040508775 0.11420023)
(0.010308929 0.0004500975 0.11420023)
(0.011339822 0.00049510725 0.11420023)
(0.012370714 0.000540117 0.11420023)
(0.013401607 0.00058512675 0.11420023)
(0.0144325 0.0006301365 0.11420023)
(0.015463393 0.00067514625 0.11420023)
(0.016494286 0.000720156 0.11420023)
(0.017525179 0.00076516575 0.11420023)
(0.018556072 0.0008101755 0.11420023)
(0.019586965 0.00085518525 0.11420023)
(0.020617857 0.000900195 0.11420023)
(0.02164875 0.00094520475 0.11420023)
(0.022679643 0.0009902145 0.11420023)
(0.023710536 0.0010352243 0.11420023)
(0.024741429 0.001080234 0.11420023)
(0.025772322 0.0011252437 0.11420023)
(0.026803215 0.0011702535 0.11420023)
(0.027834108 0.0012152632 0.11420023)
(0.028865001 0.001260273 0.11420023)
(0.029895893 0.0013052828 0.11420023)
(0.030926786 0.0013502925 0.11420023)
(0.031957679 0.0013953023 0.11420023)
(0.032988572 0.001440312 0.11420023)
(0.034019465 0.0014853217 0.11420023)
(0.035050358 0.0015303315 0.11420023)
(0.036081251 0.0015753412 0.11420023)
(0.037112143 0.001620351 0.11420023)
(0.038143036 0.0016653608 0.11420023)
(0.039173929 0.0017103705 0.11420023)
(0.040204822 0.0017553803 0.11420023)
(0.041235715 0.00180039 0.11420023)
(0 0 0.11432098)
(0.0010308929 -4.500975e-05 0.11432098)
(0.0020617858 -9.00195e-05 0.11432098)
(0.0030926786 -0.00013502925 0.11432098)
(0.0041235715 -0.000180039 0.11432098)
(0.0051544644 -0.00022504875 0.11432098)
(0.0061853572 -0.0002700585 0.11432098)
(0.0072162501 -0.00031506825 0.11432098)
(0.008247143 -0.000360078 0.11432098)
(0.0092780359 -0.00040508775 0.11432098)
(0.010308929 -0.0004500975 0.11432098)
(0.011339822 -0.00049510725 0.11432098)
(0.012370714 -0.000540117 0.11432098)
(0.013401607 -0.00058512675 0.11432098)
(0.0144325 -0.0006301365 0.11432098)
(0.015463393 -0.00067514625 0.11432098)
(0.016494286 -0.000720156 0.11432098)
(0.017525179 -0.00076516575 0.11432098)
(0.018556072 -0.0008101755 0.11432098)
(0.019586965 -0.00085518525 0.11432098)
(0.020617857 -0.000900195 0.11432098)
(0.02164875 -0.00094520475 0.11432098)
(0.022679643 -0.0009902145 0.11432098)
(0.023710536 -0.0010352243 0.11432098)
(0.024741429 -0.001080234 0.11432098)
(0.025772322 -0.0011252437 0.11432098)
(0.026803215 -0.0011702535 0.11432098)
(0.027834108 -0.0012152632 0.11432098)
(0.028865001 -0.001260273 0.11432098)
(0.029895893 -0.0013052828 0.11432098)
(0.030926786 -0.0013502925 0.11432098)
(0.031957679 -0.0013953023 0.11432098)
(0.032988572 -0.001440312 0.11432098)
(0.034019465 -0.0014853217 0.11432098)
(0.035050358 -0.0015303315 0.11432098)
(0.036081251 -0.0015753412 0.11432098)
(0.037112143 -0.001620351 0.11432098)
(0.038143036 -0.0016653608 0.11432098)
(0.039173929 -0.0017103705 0.11432098)
(0.040204822 -0.0017553803 0.11432098)
(0.041235715 -0.00180039 0.11432098)
(0.0010308929 4.500975e-05 0.11432098)
(0.0020617858 9.00195e-05 0.11432098)
(0.0030926786 0.00013502925 0.11432098)
(0.0041235715 0.000180039 0.11432098)
(0.0051544644 0.00022504875 0.11432098)
(0.0061853572 0.0002700585 0.11432098)
(0.0072162501 0.00031506825 0.11432098)
(0.008247143 0.000360078 0.11432098)
(0.0092780359 0.00040508775 0.11432098)
(0.010308929 0.0004500975 0.11432098)
(0.011339822 0.00049510725 0.11432098)
(0.012370714 0.000540117 0.11432098)
(0.013401607 0.00058512675 0.11432098)
(0.0144325 0.0006301365 0.11432098)
(0.015463393 0.00067514625 0.11432098)
(0.016494286 0.000720156 0.11432098)
(0.017525179 0.00076516575 0.11432098)
(0.018556072 0.0008101755 0.11432098)
(0.019586965 0.00085518525 0.11432098)
(0.020617857 0.000900195 0.11432098)
(0.02164875 0.00094520475 0.11432098)
(0.022679643 0.0009902145 0.11432098)
(0.023710536 0.0010352243 0.11432098)
(0.024741429 0.001080234 0.11432098)
(0.025772322 0.0011252437 0.11432098)
(0.026803215 0.0011702535 0.11432098)
(0.027834108 0.0012152632 0.11432098)
(0.028865001 0.001260273 0.11432098)
(0.029895893 0.0013052828 0.11432098)
(0.030926786 0.0013502925 0.11432098)
(0.031957679 0.0013953023 0.11432098)
(0.032988572 0.001440312 0.11432098)
(0.034019465 0.0014853217 0.11432098)
(0.035050358 0.0015303315 0.11432098)
(0.036081251 0.0015753412 0.11432098)
(0.037112143 0.001620351 0.11432098)
(0.038143036 0.0016653608 0.11432098)
(0.039173929 0.0017103705 0.11432098)
(0.040204822 0.0017553803 0.11432098)
(0.041235715 0.00180039 0.11432098)
(0 0 0.11444174)
(0.0010308929 -4.500975e-05 0.11444174)
(0.0020617858 -9.00195e-05 0.11444174)
(0.0030926786 -0.00013502925 0.11444174)
(0.0041235715 -0.000180039 0.11444174)
(0.0051544644 -0.00022504875 0.11444174)
(0.0061853572 -0.0002700585 0.11444174)
(0.0072162501 -0.00031506825 0.11444174)
(0.008247143 -0.000360078 0.11444174)
(0.0092780359 -0.00040508775 0.11444174)
(0.010308929 -0.0004500975 0.11444174)
(0.011339822 -0.00049510725 0.11444174)
(0.012370714 -0.000540117 0.11444174)
(0.013401607 -0.00058512675 0.11444174)
(0.0144325 -0.0006301365 0.11444174)
(0.015463393 -0.00067514625 0.11444174)
(0.016494286 -0.000720156 0.11444174)
(0.017525179 -0.00076516575 0.11444174)
(0.018556072 -0.0008101755 0.11444174)
(0.019586965 -0.00085518525 0.11444174)
(0.020617857 -0.000900195 0.11444174)
(0.02164875 -0.00094520475 0.11444174)
(0.022679643 -0.0009902145 0.11444174)
(0.023710536 -0.0010352243 0.11444174)
(0.024741429 -0.001080234 0.11444174)
(0.025772322 -0.0011252437 0.11444174)
(0.026803215 -0.0011702535 0.11444174)
(0.027834108 -0.0012152632 0.11444174)
(0.028865001 -0.001260273 0.11444174)
(0.029895893 -0.0013052828 0.11444174)
(0.030926786 -0.0013502925 0.11444174)
(0.031957679 -0.0013953023 0.11444174)
(0.032988572 -0.001440312 0.11444174)
(0.034019465 -0.0014853217 0.11444174)
(0.035050358 -0.0015303315 0.11444174)
(0.036081251 -0.0015753412 0.11444174)
(0.037112143 -0.001620351 0.11444174)
(0.038143036 -0.0016653608 0.11444174)
(0.039173929 -0.0017103705 0.11444174)
(0.040204822 -0.0017553803 0.11444174)
(0.041235715 -0.00180039 0.11444174)
(0.0010308929 4.500975e-05 0.11444174)
(0.0020617858 9.00195e-05 0.11444174)
(0.0030926786 0.00013502925 0.11444174)
(0.0041235715 0.000180039 0.11444174)
(0.0051544644 0.00022504875 0.11444174)
(0.0061853572 0.0002700585 0.11444174)
(0.0072162501 0.00031506825 0.11444174)
(0.008247143 0.000360078 0.11444174)
(0.0092780359 0.00040508775 0.11444174)
(0.010308929 0.0004500975 0.11444174)
(0.011339822 0.00049510725 0.11444174)
(0.012370714 0.000540117 0.11444174)
(0.013401607 0.00058512675 0.11444174)
(0.0144325 0.0006301365 0.11444174)
(0.015463393 0.00067514625 0.11444174)
(0.016494286 0.000720156 0.11444174)
(0.017525179 0.00076516575 0.11444174)
(0.018556072 0.0008101755 0.11444174)
(0.019586965 0.00085518525 0.11444174)
(0.020617857 0.000900195 0.11444174)
(0.02164875 0.00094520475 0.11444174)
(0.022679643 0.0009902145 0.11444174)
(0.023710536 0.0010352243 0.11444174)
(0.024741429 0.001080234 0.11444174)
(0.025772322 0.0011252437 0.11444174)
(0.026803215 0.0011702535 0.11444174)
(0.027834108 0.0012152632 0.11444174)
(0.028865001 0.001260273 0.11444174)
(0.029895893 0.0013052828 0.11444174)
(0.030926786 0.0013502925 0.11444174)
(0.031957679 0.0013953023 0.11444174)
(0.032988572 0.001440312 0.11444174)
(0.034019465 0.0014853217 0.11444174)
(0.035050358 0.0015303315 0.11444174)
(0.036081251 0.0015753412 0.11444174)
(0.037112143 0.001620351 0.11444174)
(0.038143036 0.0016653608 0.11444174)
(0.039173929 0.0017103705 0.11444174)
(0.040204822 0.0017553803 0.11444174)
(0.041235715 0.00180039 0.11444174)
(0 0 0.11456249)
(0.0010308929 -4.500975e-05 0.11456249)
(0.0020617858 -9.00195e-05 0.11456249)
(0.0030926786 -0.00013502925 0.11456249)
(0.0041235715 -0.000180039 0.11456249)
(0.0051544644 -0.00022504875 0.11456249)
(0.0061853572 -0.0002700585 0.11456249)
(0.0072162501 -0.00031506825 0.11456249)
(0.008247143 -0.000360078 0.11456249)
(0.0092780359 -0.00040508775 0.11456249)
(0.010308929 -0.0004500975 0.11456249)
(0.011339822 -0.00049510725 0.11456249)
(0.012370714 -0.000540117 0.11456249)
(0.013401607 -0.00058512675 0.11456249)
(0.0144325 -0.0006301365 0.11456249)
(0.015463393 -0.00067514625 0.11456249)
(0.016494286 -0.000720156 0.11456249)
(0.017525179 -0.00076516575 0.11456249)
(0.018556072 -0.0008101755 0.11456249)
(0.019586965 -0.00085518525 0.11456249)
(0.020617857 -0.000900195 0.11456249)
(0.02164875 -0.00094520475 0.11456249)
(0.022679643 -0.0009902145 0.11456249)
(0.023710536 -0.0010352243 0.11456249)
(0.024741429 -0.001080234 0.11456249)
(0.025772322 -0.0011252437 0.11456249)
(0.026803215 -0.0011702535 0.11456249)
(0.027834108 -0.0012152632 0.11456249)
(0.028865001 -0.001260273 0.11456249)
(0.029895893 -0.0013052828 0.11456249)
(0.030926786 -0.0013502925 0.11456249)
(0.031957679 -0.0013953023 0.11456249)
(0.032988572 -0.001440312 0.11456249)
(0.034019465 -0.0014853217 0.11456249)
(0.035050358 -0.0015303315 0.11456249)
(0.036081251 -0.0015753412 0.11456249)
(0.037112143 -0.001620351 0.11456249)
(0.038143036 -0.0016653608 0.11456249)
(0.039173929 -0.0017103705 0.11456249)
(0.040204822 -0.0017553803 0.11456249)
(0.041235715 -0.00180039 0.11456249)
(0.0010308929 4.500975e-05 0.11456249)
(0.0020617858 9.00195e-05 0.11456249)
(0.0030926786 0.00013502925 0.11456249)
(0.0041235715 0.000180039 0.11456249)
(0.0051544644 0.00022504875 0.11456249)
(0.0061853572 0.0002700585 0.11456249)
(0.0072162501 0.00031506825 0.11456249)
(0.008247143 0.000360078 0.11456249)
(0.0092780359 0.00040508775 0.11456249)
(0.010308929 0.0004500975 0.11456249)
(0.011339822 0.00049510725 0.11456249)
(0.012370714 0.000540117 0.11456249)
(0.013401607 0.00058512675 0.11456249)
(0.0144325 0.0006301365 0.11456249)
(0.015463393 0.00067514625 0.11456249)
(0.016494286 0.000720156 0.11456249)
(0.017525179 0.00076516575 0.11456249)
(0.018556072 0.0008101755 0.11456249)
(0.019586965 0.00085518525 0.11456249)
(0.020617857 0.000900195 0.11456249)
(0.02164875 0.00094520475 0.11456249)
(0.022679643 0.0009902145 0.11456249)
(0.023710536 0.0010352243 0.11456249)
(0.024741429 0.001080234 0.11456249)
(0.025772322 0.0011252437 0.11456249)
(0.026803215 0.0011702535 0.11456249)
(0.027834108 0.0012152632 0.11456249)
(0.028865001 0.001260273 0.11456249)
(0.029895893 0.0013052828 0.11456249)
(0.030926786 0.0013502925 0.11456249)
(0.031957679 0.0013953023 0.11456249)
(0.032988572 0.001440312 0.11456249)
(0.034019465 0.0014853217 0.11456249)
(0.035050358 0.0015303315 0.11456249)
(0.036081251 0.0015753412 0.11456249)
(0.037112143 0.001620351 0.11456249)
(0.038143036 0.0016653608 0.11456249)
(0.039173929 0.0017103705 0.11456249)
(0.040204822 0.0017553803 0.11456249)
(0.041235715 0.00180039 0.11456249)
(0 0 0.11468324)
(0.0010308929 -4.500975e-05 0.11468324)
(0.0020617858 -9.00195e-05 0.11468324)
(0.0030926786 -0.00013502925 0.11468324)
(0.0041235715 -0.000180039 0.11468324)
(0.0051544644 -0.00022504875 0.11468324)
(0.0061853572 -0.0002700585 0.11468324)
(0.0072162501 -0.00031506825 0.11468324)
(0.008247143 -0.000360078 0.11468324)
(0.0092780359 -0.00040508775 0.11468324)
(0.010308929 -0.0004500975 0.11468324)
(0.011339822 -0.00049510725 0.11468324)
(0.012370714 -0.000540117 0.11468324)
(0.013401607 -0.00058512675 0.11468324)
(0.0144325 -0.0006301365 0.11468324)
(0.015463393 -0.00067514625 0.11468324)
(0.016494286 -0.000720156 0.11468324)
(0.017525179 -0.00076516575 0.11468324)
(0.018556072 -0.0008101755 0.11468324)
(0.019586965 -0.00085518525 0.11468324)
(0.020617857 -0.000900195 0.11468324)
(0.02164875 -0.00094520475 0.11468324)
(0.022679643 -0.0009902145 0.11468324)
(0.023710536 -0.0010352243 0.11468324)
(0.024741429 -0.001080234 0.11468324)
(0.025772322 -0.0011252437 0.11468324)
(0.026803215 -0.0011702535 0.11468324)
(0.027834108 -0.0012152632 0.11468324)
(0.028865001 -0.001260273 0.11468324)
(0.029895893 -0.0013052828 0.11468324)
(0.030926786 -0.0013502925 0.11468324)
(0.031957679 -0.0013953023 0.11468324)
(0.032988572 -0.001440312 0.11468324)
(0.034019465 -0.0014853217 0.11468324)
(0.035050358 -0.0015303315 0.11468324)
(0.036081251 -0.0015753412 0.11468324)
(0.037112143 -0.001620351 0.11468324)
(0.038143036 -0.0016653608 0.11468324)
(0.039173929 -0.0017103705 0.11468324)
(0.040204822 -0.0017553803 0.11468324)
(0.041235715 -0.00180039 0.11468324)
(0.0010308929 4.500975e-05 0.11468324)
(0.0020617858 9.00195e-05 0.11468324)
(0.0030926786 0.00013502925 0.11468324)
(0.0041235715 0.000180039 0.11468324)
(0.0051544644 0.00022504875 0.11468324)
(0.0061853572 0.0002700585 0.11468324)
(0.0072162501 0.00031506825 0.11468324)
(0.008247143 0.000360078 0.11468324)
(0.0092780359 0.00040508775 0.11468324)
(0.010308929 0.0004500975 0.11468324)
(0.011339822 0.00049510725 0.11468324)
(0.012370714 0.000540117 0.11468324)
(0.013401607 0.00058512675 0.11468324)
(0.0144325 0.0006301365 0.11468324)
(0.015463393 0.00067514625 0.11468324)
(0.016494286 0.000720156 0.11468324)
(0.017525179 0.00076516575 0.11468324)
(0.018556072 0.0008101755 0.11468324)
(0.019586965 0.00085518525 0.11468324)
(0.020617857 0.000900195 0.11468324)
(0.02164875 0.00094520475 0.11468324)
(0.022679643 0.0009902145 0.11468324)
(0.023710536 0.0010352243 0.11468324)
(0.024741429 0.001080234 0.11468324)
(0.025772322 0.0011252437 0.11468324)
(0.026803215 0.0011702535 0.11468324)
(0.027834108 0.0012152632 0.11468324)
(0.028865001 0.001260273 0.11468324)
(0.029895893 0.0013052828 0.11468324)
(0.030926786 0.0013502925 0.11468324)
(0.031957679 0.0013953023 0.11468324)
(0.032988572 0.001440312 0.11468324)
(0.034019465 0.0014853217 0.11468324)
(0.035050358 0.0015303315 0.11468324)
(0.036081251 0.0015753412 0.11468324)
(0.037112143 0.001620351 0.11468324)
(0.038143036 0.0016653608 0.11468324)
(0.039173929 0.0017103705 0.11468324)
(0.040204822 0.0017553803 0.11468324)
(0.041235715 0.00180039 0.11468324)
(0 0 0.11480399)
(0.0010308929 -4.500975e-05 0.11480399)
(0.0020617858 -9.00195e-05 0.11480399)
(0.0030926786 -0.00013502925 0.11480399)
(0.0041235715 -0.000180039 0.11480399)
(0.0051544644 -0.00022504875 0.11480399)
(0.0061853572 -0.0002700585 0.11480399)
(0.0072162501 -0.00031506825 0.11480399)
(0.008247143 -0.000360078 0.11480399)
(0.0092780359 -0.00040508775 0.11480399)
(0.010308929 -0.0004500975 0.11480399)
(0.011339822 -0.00049510725 0.11480399)
(0.012370714 -0.000540117 0.11480399)
(0.013401607 -0.00058512675 0.11480399)
(0.0144325 -0.0006301365 0.11480399)
(0.015463393 -0.00067514625 0.11480399)
(0.016494286 -0.000720156 0.11480399)
(0.017525179 -0.00076516575 0.11480399)
(0.018556072 -0.0008101755 0.11480399)
(0.019586965 -0.00085518525 0.11480399)
(0.020617857 -0.000900195 0.11480399)
(0.02164875 -0.00094520475 0.11480399)
(0.022679643 -0.0009902145 0.11480399)
(0.023710536 -0.0010352243 0.11480399)
(0.024741429 -0.001080234 0.11480399)
(0.025772322 -0.0011252437 0.11480399)
(0.026803215 -0.0011702535 0.11480399)
(0.027834108 -0.0012152632 0.11480399)
(0.028865001 -0.001260273 0.11480399)
(0.029895893 -0.0013052828 0.11480399)
(0.030926786 -0.0013502925 0.11480399)
(0.031957679 -0.0013953023 0.11480399)
(0.032988572 -0.001440312 0.11480399)
(0.034019465 -0.0014853217 0.11480399)
(0.035050358 -0.0015303315 0.11480399)
(0.036081251 -0.0015753412 0.11480399)
(0.037112143 -0.001620351 0.11480399)
(0.038143036 -0.0016653608 0.11480399)
(0.039173929 -0.0017103705 0.11480399)
(0.040204822 -0.0017553803 0.11480399)
(0.041235715 -0.00180039 0.11480399)
(0.0010308929 4.500975e-05 0.11480399)
(0.0020617858 9.00195e-05 0.11480399)
(0.0030926786 0.00013502925 0.11480399)
(0.0041235715 0.000180039 0.11480399)
(0.0051544644 0.00022504875 0.11480399)
(0.0061853572 0.0002700585 0.11480399)
(0.0072162501 0.00031506825 0.11480399)
(0.008247143 0.000360078 0.11480399)
(0.0092780359 0.00040508775 0.11480399)
(0.010308929 0.0004500975 0.11480399)
(0.011339822 0.00049510725 0.11480399)
(0.012370714 0.000540117 0.11480399)
(0.013401607 0.00058512675 0.11480399)
(0.0144325 0.0006301365 0.11480399)
(0.015463393 0.00067514625 0.11480399)
(0.016494286 0.000720156 0.11480399)
(0.017525179 0.00076516575 0.11480399)
(0.018556072 0.0008101755 0.11480399)
(0.019586965 0.00085518525 0.11480399)
(0.020617857 0.000900195 0.11480399)
(0.02164875 0.00094520475 0.11480399)
(0.022679643 0.0009902145 0.11480399)
(0.023710536 0.0010352243 0.11480399)
(0.024741429 0.001080234 0.11480399)
(0.025772322 0.0011252437 0.11480399)
(0.026803215 0.0011702535 0.11480399)
(0.027834108 0.0012152632 0.11480399)
(0.028865001 0.001260273 0.11480399)
(0.029895893 0.0013052828 0.11480399)
(0.030926786 0.0013502925 0.11480399)
(0.031957679 0.0013953023 0.11480399)
(0.032988572 0.001440312 0.11480399)
(0.034019465 0.0014853217 0.11480399)
(0.035050358 0.0015303315 0.11480399)
(0.036081251 0.0015753412 0.11480399)
(0.037112143 0.001620351 0.11480399)
(0.038143036 0.0016653608 0.11480399)
(0.039173929 0.0017103705 0.11480399)
(0.040204822 0.0017553803 0.11480399)
(0.041235715 0.00180039 0.11480399)
(0 0 0.11492474)
(0.0010308929 -4.500975e-05 0.11492474)
(0.0020617858 -9.00195e-05 0.11492474)
(0.0030926786 -0.00013502925 0.11492474)
(0.0041235715 -0.000180039 0.11492474)
(0.0051544644 -0.00022504875 0.11492474)
(0.0061853572 -0.0002700585 0.11492474)
(0.0072162501 -0.00031506825 0.11492474)
(0.008247143 -0.000360078 0.11492474)
(0.0092780359 -0.00040508775 0.11492474)
(0.010308929 -0.0004500975 0.11492474)
(0.011339822 -0.00049510725 0.11492474)
(0.012370714 -0.000540117 0.11492474)
(0.013401607 -0.00058512675 0.11492474)
(0.0144325 -0.0006301365 0.11492474)
(0.015463393 -0.00067514625 0.11492474)
(0.016494286 -0.000720156 0.11492474)
(0.017525179 -0.00076516575 0.11492474)
(0.018556072 -0.0008101755 0.11492474)
(0.019586965 -0.00085518525 0.11492474)
(0.020617857 -0.000900195 0.11492474)
(0.02164875 -0.00094520475 0.11492474)
(0.022679643 -0.0009902145 0.11492474)
(0.023710536 -0.0010352243 0.11492474)
(0.024741429 -0.001080234 0.11492474)
(0.025772322 -0.0011252437 0.11492474)
(0.026803215 -0.0011702535 0.11492474)
(0.027834108 -0.0012152632 0.11492474)
(0.028865001 -0.001260273 0.11492474)
(0.029895893 -0.0013052828 0.11492474)
(0.030926786 -0.0013502925 0.11492474)
(0.031957679 -0.0013953023 0.11492474)
(0.032988572 -0.001440312 0.11492474)
(0.034019465 -0.0014853217 0.11492474)
(0.035050358 -0.0015303315 0.11492474)
(0.036081251 -0.0015753412 0.11492474)
(0.037112143 -0.001620351 0.11492474)
(0.038143036 -0.0016653608 0.11492474)
(0.039173929 -0.0017103705 0.11492474)
(0.040204822 -0.0017553803 0.11492474)
(0.041235715 -0.00180039 0.11492474)
(0.0010308929 4.500975e-05 0.11492474)
(0.0020617858 9.00195e-05 0.11492474)
(0.0030926786 0.00013502925 0.11492474)
(0.0041235715 0.000180039 0.11492474)
(0.0051544644 0.00022504875 0.11492474)
(0.0061853572 0.0002700585 0.11492474)
(0.0072162501 0.00031506825 0.11492474)
(0.008247143 0.000360078 0.11492474)
(0.0092780359 0.00040508775 0.11492474)
(0.010308929 0.0004500975 0.11492474)
(0.011339822 0.00049510725 0.11492474)
(0.012370714 0.000540117 0.11492474)
(0.013401607 0.00058512675 0.11492474)
(0.0144325 0.0006301365 0.11492474)
(0.015463393 0.00067514625 0.11492474)
(0.016494286 0.000720156 0.11492474)
(0.017525179 0.00076516575 0.11492474)
(0.018556072 0.0008101755 0.11492474)
(0.019586965 0.00085518525 0.11492474)
(0.020617857 0.000900195 0.11492474)
(0.02164875 0.00094520475 0.11492474)
(0.022679643 0.0009902145 0.11492474)
(0.023710536 0.0010352243 0.11492474)
(0.024741429 0.001080234 0.11492474)
(0.025772322 0.0011252437 0.11492474)
(0.026803215 0.0011702535 0.11492474)
(0.027834108 0.0012152632 0.11492474)
(0.028865001 0.001260273 0.11492474)
(0.029895893 0.0013052828 0.11492474)
(0.030926786 0.0013502925 0.11492474)
(0.031957679 0.0013953023 0.11492474)
(0.032988572 0.001440312 0.11492474)
(0.034019465 0.0014853217 0.11492474)
(0.035050358 0.0015303315 0.11492474)
(0.036081251 0.0015753412 0.11492474)
(0.037112143 0.001620351 0.11492474)
(0.038143036 0.0016653608 0.11492474)
(0.039173929 0.0017103705 0.11492474)
(0.040204822 0.0017553803 0.11492474)
(0.041235715 0.00180039 0.11492474)
(0 0 0.1150455)
(0.0010308929 -4.500975e-05 0.1150455)
(0.0020617858 -9.00195e-05 0.1150455)
(0.0030926786 -0.00013502925 0.1150455)
(0.0041235715 -0.000180039 0.1150455)
(0.0051544644 -0.00022504875 0.1150455)
(0.0061853572 -0.0002700585 0.1150455)
(0.0072162501 -0.00031506825 0.1150455)
(0.008247143 -0.000360078 0.1150455)
(0.0092780359 -0.00040508775 0.1150455)
(0.010308929 -0.0004500975 0.1150455)
(0.011339822 -0.00049510725 0.1150455)
(0.012370714 -0.000540117 0.1150455)
(0.013401607 -0.00058512675 0.1150455)
(0.0144325 -0.0006301365 0.1150455)
(0.015463393 -0.00067514625 0.1150455)
(0.016494286 -0.000720156 0.1150455)
(0.017525179 -0.00076516575 0.1150455)
(0.018556072 -0.0008101755 0.1150455)
(0.019586965 -0.00085518525 0.1150455)
(0.020617857 -0.000900195 0.1150455)
(0.02164875 -0.00094520475 0.1150455)
(0.022679643 -0.0009902145 0.1150455)
(0.023710536 -0.0010352243 0.1150455)
(0.024741429 -0.001080234 0.1150455)
(0.025772322 -0.0011252437 0.1150455)
(0.026803215 -0.0011702535 0.1150455)
(0.027834108 -0.0012152632 0.1150455)
(0.028865001 -0.001260273 0.1150455)
(0.029895893 -0.0013052828 0.1150455)
(0.030926786 -0.0013502925 0.1150455)
(0.031957679 -0.0013953023 0.1150455)
(0.032988572 -0.001440312 0.1150455)
(0.034019465 -0.0014853217 0.1150455)
(0.035050358 -0.0015303315 0.1150455)
(0.036081251 -0.0015753412 0.1150455)
(0.037112143 -0.001620351 0.1150455)
(0.038143036 -0.0016653608 0.1150455)
(0.039173929 -0.0017103705 0.1150455)
(0.040204822 -0.0017553803 0.1150455)
(0.041235715 -0.00180039 0.1150455)
(0.0010308929 4.500975e-05 0.1150455)
(0.0020617858 9.00195e-05 0.1150455)
(0.0030926786 0.00013502925 0.1150455)
(0.0041235715 0.000180039 0.1150455)
(0.0051544644 0.00022504875 0.1150455)
(0.0061853572 0.0002700585 0.1150455)
(0.0072162501 0.00031506825 0.1150455)
(0.008247143 0.000360078 0.1150455)
(0.0092780359 0.00040508775 0.1150455)
(0.010308929 0.0004500975 0.1150455)
(0.011339822 0.00049510725 0.1150455)
(0.012370714 0.000540117 0.1150455)
(0.013401607 0.00058512675 0.1150455)
(0.0144325 0.0006301365 0.1150455)
(0.015463393 0.00067514625 0.1150455)
(0.016494286 0.000720156 0.1150455)
(0.017525179 0.00076516575 0.1150455)
(0.018556072 0.0008101755 0.1150455)
(0.019586965 0.00085518525 0.1150455)
(0.020617857 0.000900195 0.1150455)
(0.02164875 0.00094520475 0.1150455)
(0.022679643 0.0009902145 0.1150455)
(0.023710536 0.0010352243 0.1150455)
(0.024741429 0.001080234 0.1150455)
(0.025772322 0.0011252437 0.1150455)
(0.026803215 0.0011702535 0.1150455)
(0.027834108 0.0012152632 0.1150455)
(0.028865001 0.001260273 0.1150455)
(0.029895893 0.0013052828 0.1150455)
(0.030926786 0.0013502925 0.1150455)
(0.031957679 0.0013953023 0.1150455)
(0.032988572 0.001440312 0.1150455)
(0.034019465 0.0014853217 0.1150455)
(0.035050358 0.0015303315 0.1150455)
(0.036081251 0.0015753412 0.1150455)
(0.037112143 0.001620351 0.1150455)
(0.038143036 0.0016653608 0.1150455)
(0.039173929 0.0017103705 0.1150455)
(0.040204822 0.0017553803 0.1150455)
(0.041235715 0.00180039 0.1150455)
(0 0 0.11516625)
(0.0010308929 -4.500975e-05 0.11516625)
(0.0020617858 -9.00195e-05 0.11516625)
(0.0030926786 -0.00013502925 0.11516625)
(0.0041235715 -0.000180039 0.11516625)
(0.0051544644 -0.00022504875 0.11516625)
(0.0061853572 -0.0002700585 0.11516625)
(0.0072162501 -0.00031506825 0.11516625)
(0.008247143 -0.000360078 0.11516625)
(0.0092780359 -0.00040508775 0.11516625)
(0.010308929 -0.0004500975 0.11516625)
(0.011339822 -0.00049510725 0.11516625)
(0.012370714 -0.000540117 0.11516625)
(0.013401607 -0.00058512675 0.11516625)
(0.0144325 -0.0006301365 0.11516625)
(0.015463393 -0.00067514625 0.11516625)
(0.016494286 -0.000720156 0.11516625)
(0.017525179 -0.00076516575 0.11516625)
(0.018556072 -0.0008101755 0.11516625)
(0.019586965 -0.00085518525 0.11516625)
(0.020617857 -0.000900195 0.11516625)
(0.02164875 -0.00094520475 0.11516625)
(0.022679643 -0.0009902145 0.11516625)
(0.023710536 -0.0010352243 0.11516625)
(0.024741429 -0.001080234 0.11516625)
(0.025772322 -0.0011252437 0.11516625)
(0.026803215 -0.0011702535 0.11516625)
(0.027834108 -0.0012152632 0.11516625)
(0.028865001 -0.001260273 0.11516625)
(0.029895893 -0.0013052828 0.11516625)
(0.030926786 -0.0013502925 0.11516625)
(0.031957679 -0.0013953023 0.11516625)
(0.032988572 -0.001440312 0.11516625)
(0.034019465 -0.0014853217 0.11516625)
(0.035050358 -0.0015303315 0.11516625)
(0.036081251 -0.0015753412 0.11516625)
(0.037112143 -0.001620351 0.11516625)
(0.038143036 -0.0016653608 0.11516625)
(0.039173929 -0.0017103705 0.11516625)
(0.040204822 -0.0017553803 0.11516625)
(0.041235715 -0.00180039 0.11516625)
(0.0010308929 4.500975e-05 0.11516625)
(0.0020617858 9.00195e-05 0.11516625)
(0.0030926786 0.00013502925 0.11516625)
(0.0041235715 0.000180039 0.11516625)
(0.0051544644 0.00022504875 0.11516625)
(0.0061853572 0.0002700585 0.11516625)
(0.0072162501 0.00031506825 0.11516625)
(0.008247143 0.000360078 0.11516625)
(0.0092780359 0.00040508775 0.11516625)
(0.010308929 0.0004500975 0.11516625)
(0.011339822 0.00049510725 0.11516625)
(0.012370714 0.000540117 0.11516625)
(0.013401607 0.00058512675 0.11516625)
(0.0144325 0.0006301365 0.11516625)
(0.015463393 0.00067514625 0.11516625)
(0.016494286 0.000720156 0.11516625)
(0.017525179 0.00076516575 0.11516625)
(0.018556072 0.0008101755 0.11516625)
(0.019586965 0.00085518525 0.11516625)
(0.020617857 0.000900195 0.11516625)
(0.02164875 0.00094520475 0.11516625)
(0.022679643 0.0009902145 0.11516625)
(0.023710536 0.0010352243 0.11516625)
(0.024741429 0.001080234 0.11516625)
(0.025772322 0.0011252437 0.11516625)
(0.026803215 0.0011702535 0.11516625)
(0.027834108 0.0012152632 0.11516625)
(0.028865001 0.001260273 0.11516625)
(0.029895893 0.0013052828 0.11516625)
(0.030926786 0.0013502925 0.11516625)
(0.031957679 0.0013953023 0.11516625)
(0.032988572 0.001440312 0.11516625)
(0.034019465 0.0014853217 0.11516625)
(0.035050358 0.0015303315 0.11516625)
(0.036081251 0.0015753412 0.11516625)
(0.037112143 0.001620351 0.11516625)
(0.038143036 0.0016653608 0.11516625)
(0.039173929 0.0017103705 0.11516625)
(0.040204822 0.0017553803 0.11516625)
(0.041235715 0.00180039 0.11516625)
(0 0 0.11528701)
(0.0010308929 -4.500975e-05 0.11528701)
(0.0020617858 -9.00195e-05 0.11528701)
(0.0030926786 -0.00013502925 0.11528701)
(0.0041235715 -0.000180039 0.11528701)
(0.0051544644 -0.00022504875 0.11528701)
(0.0061853572 -0.0002700585 0.11528701)
(0.0072162501 -0.00031506825 0.11528701)
(0.008247143 -0.000360078 0.11528701)
(0.0092780359 -0.00040508775 0.11528701)
(0.010308929 -0.0004500975 0.11528701)
(0.011339822 -0.00049510725 0.11528701)
(0.012370714 -0.000540117 0.11528701)
(0.013401607 -0.00058512675 0.11528701)
(0.0144325 -0.0006301365 0.11528701)
(0.015463393 -0.00067514625 0.11528701)
(0.016494286 -0.000720156 0.11528701)
(0.017525179 -0.00076516575 0.11528701)
(0.018556072 -0.0008101755 0.11528701)
(0.019586965 -0.00085518525 0.11528701)
(0.020617857 -0.000900195 0.11528701)
(0.02164875 -0.00094520475 0.11528701)
(0.022679643 -0.0009902145 0.11528701)
(0.023710536 -0.0010352243 0.11528701)
(0.024741429 -0.001080234 0.11528701)
(0.025772322 -0.0011252437 0.11528701)
(0.026803215 -0.0011702535 0.11528701)
(0.027834108 -0.0012152632 0.11528701)
(0.028865001 -0.001260273 0.11528701)
(0.029895893 -0.0013052828 0.11528701)
(0.030926786 -0.0013502925 0.11528701)
(0.031957679 -0.0013953023 0.11528701)
(0.032988572 -0.001440312 0.11528701)
(0.034019465 -0.0014853217 0.11528701)
(0.035050358 -0.0015303315 0.11528701)
(0.036081251 -0.0015753412 0.11528701)
(0.037112143 -0.001620351 0.11528701)
(0.038143036 -0.0016653608 0.11528701)
(0.039173929 -0.0017103705 0.11528701)
(0.040204822 -0.0017553803 0.11528701)
(0.041235715 -0.00180039 0.11528701)
(0.0010308929 4.500975e-05 0.11528701)
(0.0020617858 9.00195e-05 0.11528701)
(0.0030926786 0.00013502925 0.11528701)
(0.0041235715 0.000180039 0.11528701)
(0.0051544644 0.00022504875 0.11528701)
(0.0061853572 0.0002700585 0.11528701)
(0.0072162501 0.00031506825 0.11528701)
(0.008247143 0.000360078 0.11528701)
(0.0092780359 0.00040508775 0.11528701)
(0.010308929 0.0004500975 0.11528701)
(0.011339822 0.00049510725 0.11528701)
(0.012370714 0.000540117 0.11528701)
(0.013401607 0.00058512675 0.11528701)
(0.0144325 0.0006301365 0.11528701)
(0.015463393 0.00067514625 0.11528701)
(0.016494286 0.000720156 0.11528701)
(0.017525179 0.00076516575 0.11528701)
(0.018556072 0.0008101755 0.11528701)
(0.019586965 0.00085518525 0.11528701)
(0.020617857 0.000900195 0.11528701)
(0.02164875 0.00094520475 0.11528701)
(0.022679643 0.0009902145 0.11528701)
(0.023710536 0.0010352243 0.11528701)
(0.024741429 0.001080234 0.11528701)
(0.025772322 0.0011252437 0.11528701)
(0.026803215 0.0011702535 0.11528701)
(0.027834108 0.0012152632 0.11528701)
(0.028865001 0.001260273 0.11528701)
(0.029895893 0.0013052828 0.11528701)
(0.030926786 0.0013502925 0.11528701)
(0.031957679 0.0013953023 0.11528701)
(0.032988572 0.001440312 0.11528701)
(0.034019465 0.0014853217 0.11528701)
(0.035050358 0.0015303315 0.11528701)
(0.036081251 0.0015753412 0.11528701)
(0.037112143 0.001620351 0.11528701)
(0.038143036 0.0016653608 0.11528701)
(0.039173929 0.0017103705 0.11528701)
(0.040204822 0.0017553803 0.11528701)
(0.041235715 0.00180039 0.11528701)
(0 0 0.11540776)
(0.0010308929 -4.500975e-05 0.11540776)
(0.0020617858 -9.00195e-05 0.11540776)
(0.0030926786 -0.00013502925 0.11540776)
(0.0041235715 -0.000180039 0.11540776)
(0.0051544644 -0.00022504875 0.11540776)
(0.0061853572 -0.0002700585 0.11540776)
(0.0072162501 -0.00031506825 0.11540776)
(0.008247143 -0.000360078 0.11540776)
(0.0092780359 -0.00040508775 0.11540776)
(0.010308929 -0.0004500975 0.11540776)
(0.011339822 -0.00049510725 0.11540776)
(0.012370714 -0.000540117 0.11540776)
(0.013401607 -0.00058512675 0.11540776)
(0.0144325 -0.0006301365 0.11540776)
(0.015463393 -0.00067514625 0.11540776)
(0.016494286 -0.000720156 0.11540776)
(0.017525179 -0.00076516575 0.11540776)
(0.018556072 -0.0008101755 0.11540776)
(0.019586965 -0.00085518525 0.11540776)
(0.020617857 -0.000900195 0.11540776)
(0.02164875 -0.00094520475 0.11540776)
(0.022679643 -0.0009902145 0.11540776)
(0.023710536 -0.0010352243 0.11540776)
(0.024741429 -0.001080234 0.11540776)
(0.025772322 -0.0011252437 0.11540776)
(0.026803215 -0.0011702535 0.11540776)
(0.027834108 -0.0012152632 0.11540776)
(0.028865001 -0.001260273 0.11540776)
(0.029895893 -0.0013052828 0.11540776)
(0.030926786 -0.0013502925 0.11540776)
(0.031957679 -0.0013953023 0.11540776)
(0.032988572 -0.001440312 0.11540776)
(0.034019465 -0.0014853217 0.11540776)
(0.035050358 -0.0015303315 0.11540776)
(0.036081251 -0.0015753412 0.11540776)
(0.037112143 -0.001620351 0.11540776)
(0.038143036 -0.0016653608 0.11540776)
(0.039173929 -0.0017103705 0.11540776)
(0.040204822 -0.0017553803 0.11540776)
(0.041235715 -0.00180039 0.11540776)
(0.0010308929 4.500975e-05 0.11540776)
(0.0020617858 9.00195e-05 0.11540776)
(0.0030926786 0.00013502925 0.11540776)
(0.0041235715 0.000180039 0.11540776)
(0.0051544644 0.00022504875 0.11540776)
(0.0061853572 0.0002700585 0.11540776)
(0.0072162501 0.00031506825 0.11540776)
(0.008247143 0.000360078 0.11540776)
(0.0092780359 0.00040508775 0.11540776)
(0.010308929 0.0004500975 0.11540776)
(0.011339822 0.00049510725 0.11540776)
(0.012370714 0.000540117 0.11540776)
(0.013401607 0.00058512675 0.11540776)
(0.0144325 0.0006301365 0.11540776)
(0.015463393 0.00067514625 0.11540776)
(0.016494286 0.000720156 0.11540776)
(0.017525179 0.00076516575 0.11540776)
(0.018556072 0.0008101755 0.11540776)
(0.019586965 0.00085518525 0.11540776)
(0.020617857 0.000900195 0.11540776)
(0.02164875 0.00094520475 0.11540776)
(0.022679643 0.0009902145 0.11540776)
(0.023710536 0.0010352243 0.11540776)
(0.024741429 0.001080234 0.11540776)
(0.025772322 0.0011252437 0.11540776)
(0.026803215 0.0011702535 0.11540776)
(0.027834108 0.0012152632 0.11540776)
(0.028865001 0.001260273 0.11540776)
(0.029895893 0.0013052828 0.11540776)
(0.030926786 0.0013502925 0.11540776)
(0.031957679 0.0013953023 0.11540776)
(0.032988572 0.001440312 0.11540776)
(0.034019465 0.0014853217 0.11540776)
(0.035050358 0.0015303315 0.11540776)
(0.036081251 0.0015753412 0.11540776)
(0.037112143 0.001620351 0.11540776)
(0.038143036 0.0016653608 0.11540776)
(0.039173929 0.0017103705 0.11540776)
(0.040204822 0.0017553803 0.11540776)
(0.041235715 0.00180039 0.11540776)
(0 0 0.11552851)
(0.0010308929 -4.500975e-05 0.11552851)
(0.0020617858 -9.00195e-05 0.11552851)
(0.0030926786 -0.00013502925 0.11552851)
(0.0041235715 -0.000180039 0.11552851)
(0.0051544644 -0.00022504875 0.11552851)
(0.0061853572 -0.0002700585 0.11552851)
(0.0072162501 -0.00031506825 0.11552851)
(0.008247143 -0.000360078 0.11552851)
(0.0092780359 -0.00040508775 0.11552851)
(0.010308929 -0.0004500975 0.11552851)
(0.011339822 -0.00049510725 0.11552851)
(0.012370714 -0.000540117 0.11552851)
(0.013401607 -0.00058512675 0.11552851)
(0.0144325 -0.0006301365 0.11552851)
(0.015463393 -0.00067514625 0.11552851)
(0.016494286 -0.000720156 0.11552851)
(0.017525179 -0.00076516575 0.11552851)
(0.018556072 -0.0008101755 0.11552851)
(0.019586965 -0.00085518525 0.11552851)
(0.020617857 -0.000900195 0.11552851)
(0.02164875 -0.00094520475 0.11552851)
(0.022679643 -0.0009902145 0.11552851)
(0.023710536 -0.0010352243 0.11552851)
(0.024741429 -0.001080234 0.11552851)
(0.025772322 -0.0011252437 0.11552851)
(0.026803215 -0.0011702535 0.11552851)
(0.027834108 -0.0012152632 0.11552851)
(0.028865001 -0.001260273 0.11552851)
(0.029895893 -0.0013052828 0.11552851)
(0.030926786 -0.0013502925 0.11552851)
(0.031957679 -0.0013953023 0.11552851)
(0.032988572 -0.001440312 0.11552851)
(0.034019465 -0.0014853217 0.11552851)
(0.035050358 -0.0015303315 0.11552851)
(0.036081251 -0.0015753412 0.11552851)
(0.037112143 -0.001620351 0.11552851)
(0.038143036 -0.0016653608 0.11552851)
(0.039173929 -0.0017103705 0.11552851)
(0.040204822 -0.0017553803 0.11552851)
(0.041235715 -0.00180039 0.11552851)
(0.0010308929 4.500975e-05 0.11552851)
(0.0020617858 9.00195e-05 0.11552851)
(0.0030926786 0.00013502925 0.11552851)
(0.0041235715 0.000180039 0.11552851)
(0.0051544644 0.00022504875 0.11552851)
(0.0061853572 0.0002700585 0.11552851)
(0.0072162501 0.00031506825 0.11552851)
(0.008247143 0.000360078 0.11552851)
(0.0092780359 0.00040508775 0.11552851)
(0.010308929 0.0004500975 0.11552851)
(0.011339822 0.00049510725 0.11552851)
(0.012370714 0.000540117 0.11552851)
(0.013401607 0.00058512675 0.11552851)
(0.0144325 0.0006301365 0.11552851)
(0.015463393 0.00067514625 0.11552851)
(0.016494286 0.000720156 0.11552851)
(0.017525179 0.00076516575 0.11552851)
(0.018556072 0.0008101755 0.11552851)
(0.019586965 0.00085518525 0.11552851)
(0.020617857 0.000900195 0.11552851)
(0.02164875 0.00094520475 0.11552851)
(0.022679643 0.0009902145 0.11552851)
(0.023710536 0.0010352243 0.11552851)
(0.024741429 0.001080234 0.11552851)
(0.025772322 0.0011252437 0.11552851)
(0.026803215 0.0011702535 0.11552851)
(0.027834108 0.0012152632 0.11552851)
(0.028865001 0.001260273 0.11552851)
(0.029895893 0.0013052828 0.11552851)
(0.030926786 0.0013502925 0.11552851)
(0.031957679 0.0013953023 0.11552851)
(0.032988572 0.001440312 0.11552851)
(0.034019465 0.0014853217 0.11552851)
(0.035050358 0.0015303315 0.11552851)
(0.036081251 0.0015753412 0.11552851)
(0.037112143 0.001620351 0.11552851)
(0.038143036 0.0016653608 0.11552851)
(0.039173929 0.0017103705 0.11552851)
(0.040204822 0.0017553803 0.11552851)
(0.041235715 0.00180039 0.11552851)
(0 0 0.11564926)
(0.0010308929 -4.500975e-05 0.11564926)
(0.0020617858 -9.00195e-05 0.11564926)
(0.0030926786 -0.00013502925 0.11564926)
(0.0041235715 -0.000180039 0.11564926)
(0.0051544644 -0.00022504875 0.11564926)
(0.0061853572 -0.0002700585 0.11564926)
(0.0072162501 -0.00031506825 0.11564926)
(0.008247143 -0.000360078 0.11564926)
(0.0092780359 -0.00040508775 0.11564926)
(0.010308929 -0.0004500975 0.11564926)
(0.011339822 -0.00049510725 0.11564926)
(0.012370714 -0.000540117 0.11564926)
(0.013401607 -0.00058512675 0.11564926)
(0.0144325 -0.0006301365 0.11564926)
(0.015463393 -0.00067514625 0.11564926)
(0.016494286 -0.000720156 0.11564926)
(0.017525179 -0.00076516575 0.11564926)
(0.018556072 -0.0008101755 0.11564926)
(0.019586965 -0.00085518525 0.11564926)
(0.020617857 -0.000900195 0.11564926)
(0.02164875 -0.00094520475 0.11564926)
(0.022679643 -0.0009902145 0.11564926)
(0.023710536 -0.0010352243 0.11564926)
(0.024741429 -0.001080234 0.11564926)
(0.025772322 -0.0011252437 0.11564926)
(0.026803215 -0.0011702535 0.11564926)
(0.027834108 -0.0012152632 0.11564926)
(0.028865001 -0.001260273 0.11564926)
(0.029895893 -0.0013052828 0.11564926)
(0.030926786 -0.0013502925 0.11564926)
(0.031957679 -0.0013953023 0.11564926)
(0.032988572 -0.001440312 0.11564926)
(0.034019465 -0.0014853217 0.11564926)
(0.035050358 -0.0015303315 0.11564926)
(0.036081251 -0.0015753412 0.11564926)
(0.037112143 -0.001620351 0.11564926)
(0.038143036 -0.0016653608 0.11564926)
(0.039173929 -0.0017103705 0.11564926)
(0.040204822 -0.0017553803 0.11564926)
(0.041235715 -0.00180039 0.11564926)
(0.0010308929 4.500975e-05 0.11564926)
(0.0020617858 9.00195e-05 0.11564926)
(0.0030926786 0.00013502925 0.11564926)
(0.0041235715 0.000180039 0.11564926)
(0.0051544644 0.00022504875 0.11564926)
(0.0061853572 0.0002700585 0.11564926)
(0.0072162501 0.00031506825 0.11564926)
(0.008247143 0.000360078 0.11564926)
(0.0092780359 0.00040508775 0.11564926)
(0.010308929 0.0004500975 0.11564926)
(0.011339822 0.00049510725 0.11564926)
(0.012370714 0.000540117 0.11564926)
(0.013401607 0.00058512675 0.11564926)
(0.0144325 0.0006301365 0.11564926)
(0.015463393 0.00067514625 0.11564926)
(0.016494286 0.000720156 0.11564926)
(0.017525179 0.00076516575 0.11564926)
(0.018556072 0.0008101755 0.11564926)
(0.019586965 0.00085518525 0.11564926)
(0.020617857 0.000900195 0.11564926)
(0.02164875 0.00094520475 0.11564926)
(0.022679643 0.0009902145 0.11564926)
(0.023710536 0.0010352243 0.11564926)
(0.024741429 0.001080234 0.11564926)
(0.025772322 0.0011252437 0.11564926)
(0.026803215 0.0011702535 0.11564926)
(0.027834108 0.0012152632 0.11564926)
(0.028865001 0.001260273 0.11564926)
(0.029895893 0.0013052828 0.11564926)
(0.030926786 0.0013502925 0.11564926)
(0.031957679 0.0013953023 0.11564926)
(0.032988572 0.001440312 0.11564926)
(0.034019465 0.0014853217 0.11564926)
(0.035050358 0.0015303315 0.11564926)
(0.036081251 0.0015753412 0.11564926)
(0.037112143 0.001620351 0.11564926)
(0.038143036 0.0016653608 0.11564926)
(0.039173929 0.0017103705 0.11564926)
(0.040204822 0.0017553803 0.11564926)
(0.041235715 0.00180039 0.11564926)
(0 0 0.11577001)
(0.0010308929 -4.500975e-05 0.11577001)
(0.0020617858 -9.00195e-05 0.11577001)
(0.0030926786 -0.00013502925 0.11577001)
(0.0041235715 -0.000180039 0.11577001)
(0.0051544644 -0.00022504875 0.11577001)
(0.0061853572 -0.0002700585 0.11577001)
(0.0072162501 -0.00031506825 0.11577001)
(0.008247143 -0.000360078 0.11577001)
(0.0092780359 -0.00040508775 0.11577001)
(0.010308929 -0.0004500975 0.11577001)
(0.011339822 -0.00049510725 0.11577001)
(0.012370714 -0.000540117 0.11577001)
(0.013401607 -0.00058512675 0.11577001)
(0.0144325 -0.0006301365 0.11577001)
(0.015463393 -0.00067514625 0.11577001)
(0.016494286 -0.000720156 0.11577001)
(0.017525179 -0.00076516575 0.11577001)
(0.018556072 -0.0008101755 0.11577001)
(0.019586965 -0.00085518525 0.11577001)
(0.020617857 -0.000900195 0.11577001)
(0.02164875 -0.00094520475 0.11577001)
(0.022679643 -0.0009902145 0.11577001)
(0.023710536 -0.0010352243 0.11577001)
(0.024741429 -0.001080234 0.11577001)
(0.025772322 -0.0011252437 0.11577001)
(0.026803215 -0.0011702535 0.11577001)
(0.027834108 -0.0012152632 0.11577001)
(0.028865001 -0.001260273 0.11577001)
(0.029895893 -0.0013052828 0.11577001)
(0.030926786 -0.0013502925 0.11577001)
(0.031957679 -0.0013953023 0.11577001)
(0.032988572 -0.001440312 0.11577001)
(0.034019465 -0.0014853217 0.11577001)
(0.035050358 -0.0015303315 0.11577001)
(0.036081251 -0.0015753412 0.11577001)
(0.037112143 -0.001620351 0.11577001)
(0.038143036 -0.0016653608 0.11577001)
(0.039173929 -0.0017103705 0.11577001)
(0.040204822 -0.0017553803 0.11577001)
(0.041235715 -0.00180039 0.11577001)
(0.0010308929 4.500975e-05 0.11577001)
(0.0020617858 9.00195e-05 0.11577001)
(0.0030926786 0.00013502925 0.11577001)
(0.0041235715 0.000180039 0.11577001)
(0.0051544644 0.00022504875 0.11577001)
(0.0061853572 0.0002700585 0.11577001)
(0.0072162501 0.00031506825 0.11577001)
(0.008247143 0.000360078 0.11577001)
(0.0092780359 0.00040508775 0.11577001)
(0.010308929 0.0004500975 0.11577001)
(0.011339822 0.00049510725 0.11577001)
(0.012370714 0.000540117 0.11577001)
(0.013401607 0.00058512675 0.11577001)
(0.0144325 0.0006301365 0.11577001)
(0.015463393 0.00067514625 0.11577001)
(0.016494286 0.000720156 0.11577001)
(0.017525179 0.00076516575 0.11577001)
(0.018556072 0.0008101755 0.11577001)
(0.019586965 0.00085518525 0.11577001)
(0.020617857 0.000900195 0.11577001)
(0.02164875 0.00094520475 0.11577001)
(0.022679643 0.0009902145 0.11577001)
(0.023710536 0.0010352243 0.11577001)
(0.024741429 0.001080234 0.11577001)
(0.025772322 0.0011252437 0.11577001)
(0.026803215 0.0011702535 0.11577001)
(0.027834108 0.0012152632 0.11577001)
(0.028865001 0.001260273 0.11577001)
(0.029895893 0.0013052828 0.11577001)
(0.030926786 0.0013502925 0.11577001)
(0.031957679 0.0013953023 0.11577001)
(0.032988572 0.001440312 0.11577001)
(0.034019465 0.0014853217 0.11577001)
(0.035050358 0.0015303315 0.11577001)
(0.036081251 0.0015753412 0.11577001)
(0.037112143 0.001620351 0.11577001)
(0.038143036 0.0016653608 0.11577001)
(0.039173929 0.0017103705 0.11577001)
(0.040204822 0.0017553803 0.11577001)
(0.041235715 0.00180039 0.11577001)
(0 0 0.11589076)
(0.0010308929 -4.500975e-05 0.11589076)
(0.0020617858 -9.00195e-05 0.11589076)
(0.0030926786 -0.00013502925 0.11589076)
(0.0041235715 -0.000180039 0.11589076)
(0.0051544644 -0.00022504875 0.11589076)
(0.0061853572 -0.0002700585 0.11589076)
(0.0072162501 -0.00031506825 0.11589076)
(0.008247143 -0.000360078 0.11589076)
(0.0092780359 -0.00040508775 0.11589076)
(0.010308929 -0.0004500975 0.11589076)
(0.011339822 -0.00049510725 0.11589076)
(0.012370714 -0.000540117 0.11589076)
(0.013401607 -0.00058512675 0.11589076)
(0.0144325 -0.0006301365 0.11589076)
(0.015463393 -0.00067514625 0.11589076)
(0.016494286 -0.000720156 0.11589076)
(0.017525179 -0.00076516575 0.11589076)
(0.018556072 -0.0008101755 0.11589076)
(0.019586965 -0.00085518525 0.11589076)
(0.020617857 -0.000900195 0.11589076)
(0.02164875 -0.00094520475 0.11589076)
(0.022679643 -0.0009902145 0.11589076)
(0.023710536 -0.0010352243 0.11589076)
(0.024741429 -0.001080234 0.11589076)
(0.025772322 -0.0011252437 0.11589076)
(0.026803215 -0.0011702535 0.11589076)
(0.027834108 -0.0012152632 0.11589076)
(0.028865001 -0.001260273 0.11589076)
(0.029895893 -0.0013052828 0.11589076)
(0.030926786 -0.0013502925 0.11589076)
(0.031957679 -0.0013953023 0.11589076)
(0.032988572 -0.001440312 0.11589076)
(0.034019465 -0.0014853217 0.11589076)
(0.035050358 -0.0015303315 0.11589076)
(0.036081251 -0.0015753412 0.11589076)
(0.037112143 -0.001620351 0.11589076)
(0.038143036 -0.0016653608 0.11589076)
(0.039173929 -0.0017103705 0.11589076)
(0.040204822 -0.0017553803 0.11589076)
(0.041235715 -0.00180039 0.11589076)
(0.0010308929 4.500975e-05 0.11589076)
(0.0020617858 9.00195e-05 0.11589076)
(0.0030926786 0.00013502925 0.11589076)
(0.0041235715 0.000180039 0.11589076)
(0.0051544644 0.00022504875 0.11589076)
(0.0061853572 0.0002700585 0.11589076)
(0.0072162501 0.00031506825 0.11589076)
(0.008247143 0.000360078 0.11589076)
(0.0092780359 0.00040508775 0.11589076)
(0.010308929 0.0004500975 0.11589076)
(0.011339822 0.00049510725 0.11589076)
(0.012370714 0.000540117 0.11589076)
(0.013401607 0.00058512675 0.11589076)
(0.0144325 0.0006301365 0.11589076)
(0.015463393 0.00067514625 0.11589076)
(0.016494286 0.000720156 0.11589076)
(0.017525179 0.00076516575 0.11589076)
(0.018556072 0.0008101755 0.11589076)
(0.019586965 0.00085518525 0.11589076)
(0.020617857 0.000900195 0.11589076)
(0.02164875 0.00094520475 0.11589076)
(0.022679643 0.0009902145 0.11589076)
(0.023710536 0.0010352243 0.11589076)
(0.024741429 0.001080234 0.11589076)
(0.025772322 0.0011252437 0.11589076)
(0.026803215 0.0011702535 0.11589076)
(0.027834108 0.0012152632 0.11589076)
(0.028865001 0.001260273 0.11589076)
(0.029895893 0.0013052828 0.11589076)
(0.030926786 0.0013502925 0.11589076)
(0.031957679 0.0013953023 0.11589076)
(0.032988572 0.001440312 0.11589076)
(0.034019465 0.0014853217 0.11589076)
(0.035050358 0.0015303315 0.11589076)
(0.036081251 0.0015753412 0.11589076)
(0.037112143 0.001620351 0.11589076)
(0.038143036 0.0016653608 0.11589076)
(0.039173929 0.0017103705 0.11589076)
(0.040204822 0.0017553803 0.11589076)
(0.041235715 0.00180039 0.11589076)
(0 0 0.11601152)
(0.0010308929 -4.500975e-05 0.11601152)
(0.0020617858 -9.00195e-05 0.11601152)
(0.0030926786 -0.00013502925 0.11601152)
(0.0041235715 -0.000180039 0.11601152)
(0.0051544644 -0.00022504875 0.11601152)
(0.0061853572 -0.0002700585 0.11601152)
(0.0072162501 -0.00031506825 0.11601152)
(0.008247143 -0.000360078 0.11601152)
(0.0092780359 -0.00040508775 0.11601152)
(0.010308929 -0.0004500975 0.11601152)
(0.011339822 -0.00049510725 0.11601152)
(0.012370714 -0.000540117 0.11601152)
(0.013401607 -0.00058512675 0.11601152)
(0.0144325 -0.0006301365 0.11601152)
(0.015463393 -0.00067514625 0.11601152)
(0.016494286 -0.000720156 0.11601152)
(0.017525179 -0.00076516575 0.11601152)
(0.018556072 -0.0008101755 0.11601152)
(0.019586965 -0.00085518525 0.11601152)
(0.020617857 -0.000900195 0.11601152)
(0.02164875 -0.00094520475 0.11601152)
(0.022679643 -0.0009902145 0.11601152)
(0.023710536 -0.0010352243 0.11601152)
(0.024741429 -0.001080234 0.11601152)
(0.025772322 -0.0011252437 0.11601152)
(0.026803215 -0.0011702535 0.11601152)
(0.027834108 -0.0012152632 0.11601152)
(0.028865001 -0.001260273 0.11601152)
(0.029895893 -0.0013052828 0.11601152)
(0.030926786 -0.0013502925 0.11601152)
(0.031957679 -0.0013953023 0.11601152)
(0.032988572 -0.001440312 0.11601152)
(0.034019465 -0.0014853217 0.11601152)
(0.035050358 -0.0015303315 0.11601152)
(0.036081251 -0.0015753412 0.11601152)
(0.037112143 -0.001620351 0.11601152)
(0.038143036 -0.0016653608 0.11601152)
(0.039173929 -0.0017103705 0.11601152)
(0.040204822 -0.0017553803 0.11601152)
(0.041235715 -0.00180039 0.11601152)
(0.0010308929 4.500975e-05 0.11601152)
(0.0020617858 9.00195e-05 0.11601152)
(0.0030926786 0.00013502925 0.11601152)
(0.0041235715 0.000180039 0.11601152)
(0.0051544644 0.00022504875 0.11601152)
(0.0061853572 0.0002700585 0.11601152)
(0.0072162501 0.00031506825 0.11601152)
(0.008247143 0.000360078 0.11601152)
(0.0092780359 0.00040508775 0.11601152)
(0.010308929 0.0004500975 0.11601152)
(0.011339822 0.00049510725 0.11601152)
(0.012370714 0.000540117 0.11601152)
(0.013401607 0.00058512675 0.11601152)
(0.0144325 0.0006301365 0.11601152)
(0.015463393 0.00067514625 0.11601152)
(0.016494286 0.000720156 0.11601152)
(0.017525179 0.00076516575 0.11601152)
(0.018556072 0.0008101755 0.11601152)
(0.019586965 0.00085518525 0.11601152)
(0.020617857 0.000900195 0.11601152)
(0.02164875 0.00094520475 0.11601152)
(0.022679643 0.0009902145 0.11601152)
(0.023710536 0.0010352243 0.11601152)
(0.024741429 0.001080234 0.11601152)
(0.025772322 0.0011252437 0.11601152)
(0.026803215 0.0011702535 0.11601152)
(0.027834108 0.0012152632 0.11601152)
(0.028865001 0.001260273 0.11601152)
(0.029895893 0.0013052828 0.11601152)
(0.030926786 0.0013502925 0.11601152)
(0.031957679 0.0013953023 0.11601152)
(0.032988572 0.001440312 0.11601152)
(0.034019465 0.0014853217 0.11601152)
(0.035050358 0.0015303315 0.11601152)
(0.036081251 0.0015753412 0.11601152)
(0.037112143 0.001620351 0.11601152)
(0.038143036 0.0016653608 0.11601152)
(0.039173929 0.0017103705 0.11601152)
(0.040204822 0.0017553803 0.11601152)
(0.041235715 0.00180039 0.11601152)
(0 0 0.11613227)
(0.0010308929 -4.500975e-05 0.11613227)
(0.0020617858 -9.00195e-05 0.11613227)
(0.0030926786 -0.00013502925 0.11613227)
(0.0041235715 -0.000180039 0.11613227)
(0.0051544644 -0.00022504875 0.11613227)
(0.0061853572 -0.0002700585 0.11613227)
(0.0072162501 -0.00031506825 0.11613227)
(0.008247143 -0.000360078 0.11613227)
(0.0092780359 -0.00040508775 0.11613227)
(0.010308929 -0.0004500975 0.11613227)
(0.011339822 -0.00049510725 0.11613227)
(0.012370714 -0.000540117 0.11613227)
(0.013401607 -0.00058512675 0.11613227)
(0.0144325 -0.0006301365 0.11613227)
(0.015463393 -0.00067514625 0.11613227)
(0.016494286 -0.000720156 0.11613227)
(0.017525179 -0.00076516575 0.11613227)
(0.018556072 -0.0008101755 0.11613227)
(0.019586965 -0.00085518525 0.11613227)
(0.020617857 -0.000900195 0.11613227)
(0.02164875 -0.00094520475 0.11613227)
(0.022679643 -0.0009902145 0.11613227)
(0.023710536 -0.0010352243 0.11613227)
(0.024741429 -0.001080234 0.11613227)
(0.025772322 -0.0011252437 0.11613227)
(0.026803215 -0.0011702535 0.11613227)
(0.027834108 -0.0012152632 0.11613227)
(0.028865001 -0.001260273 0.11613227)
(0.029895893 -0.0013052828 0.11613227)
(0.030926786 -0.0013502925 0.11613227)
(0.031957679 -0.0013953023 0.11613227)
(0.032988572 -0.001440312 0.11613227)
(0.034019465 -0.0014853217 0.11613227)
(0.035050358 -0.0015303315 0.11613227)
(0.036081251 -0.0015753412 0.11613227)
(0.037112143 -0.001620351 0.11613227)
(0.038143036 -0.0016653608 0.11613227)
(0.039173929 -0.0017103705 0.11613227)
(0.040204822 -0.0017553803 0.11613227)
(0.041235715 -0.00180039 0.11613227)
(0.0010308929 4.500975e-05 0.11613227)
(0.0020617858 9.00195e-05 0.11613227)
(0.0030926786 0.00013502925 0.11613227)
(0.0041235715 0.000180039 0.11613227)
(0.0051544644 0.00022504875 0.11613227)
(0.0061853572 0.0002700585 0.11613227)
(0.0072162501 0.00031506825 0.11613227)
(0.008247143 0.000360078 0.11613227)
(0.0092780359 0.00040508775 0.11613227)
(0.010308929 0.0004500975 0.11613227)
(0.011339822 0.00049510725 0.11613227)
(0.012370714 0.000540117 0.11613227)
(0.013401607 0.00058512675 0.11613227)
(0.0144325 0.0006301365 0.11613227)
(0.015463393 0.00067514625 0.11613227)
(0.016494286 0.000720156 0.11613227)
(0.017525179 0.00076516575 0.11613227)
(0.018556072 0.0008101755 0.11613227)
(0.019586965 0.00085518525 0.11613227)
(0.020617857 0.000900195 0.11613227)
(0.02164875 0.00094520475 0.11613227)
(0.022679643 0.0009902145 0.11613227)
(0.023710536 0.0010352243 0.11613227)
(0.024741429 0.001080234 0.11613227)
(0.025772322 0.0011252437 0.11613227)
(0.026803215 0.0011702535 0.11613227)
(0.027834108 0.0012152632 0.11613227)
(0.028865001 0.001260273 0.11613227)
(0.029895893 0.0013052828 0.11613227)
(0.030926786 0.0013502925 0.11613227)
(0.031957679 0.0013953023 0.11613227)
(0.032988572 0.001440312 0.11613227)
(0.034019465 0.0014853217 0.11613227)
(0.035050358 0.0015303315 0.11613227)
(0.036081251 0.0015753412 0.11613227)
(0.037112143 0.001620351 0.11613227)
(0.038143036 0.0016653608 0.11613227)
(0.039173929 0.0017103705 0.11613227)
(0.040204822 0.0017553803 0.11613227)
(0.041235715 0.00180039 0.11613227)
(0 0 0.11625302)
(0.0010308929 -4.500975e-05 0.11625302)
(0.0020617858 -9.00195e-05 0.11625302)
(0.0030926786 -0.00013502925 0.11625302)
(0.0041235715 -0.000180039 0.11625302)
(0.0051544644 -0.00022504875 0.11625302)
(0.0061853572 -0.0002700585 0.11625302)
(0.0072162501 -0.00031506825 0.11625302)
(0.008247143 -0.000360078 0.11625302)
(0.0092780359 -0.00040508775 0.11625302)
(0.010308929 -0.0004500975 0.11625302)
(0.011339822 -0.00049510725 0.11625302)
(0.012370714 -0.000540117 0.11625302)
(0.013401607 -0.00058512675 0.11625302)
(0.0144325 -0.0006301365 0.11625302)
(0.015463393 -0.00067514625 0.11625302)
(0.016494286 -0.000720156 0.11625302)
(0.017525179 -0.00076516575 0.11625302)
(0.018556072 -0.0008101755 0.11625302)
(0.019586965 -0.00085518525 0.11625302)
(0.020617857 -0.000900195 0.11625302)
(0.02164875 -0.00094520475 0.11625302)
(0.022679643 -0.0009902145 0.11625302)
(0.023710536 -0.0010352243 0.11625302)
(0.024741429 -0.001080234 0.11625302)
(0.025772322 -0.0011252437 0.11625302)
(0.026803215 -0.0011702535 0.11625302)
(0.027834108 -0.0012152632 0.11625302)
(0.028865001 -0.001260273 0.11625302)
(0.029895893 -0.0013052828 0.11625302)
(0.030926786 -0.0013502925 0.11625302)
(0.031957679 -0.0013953023 0.11625302)
(0.032988572 -0.001440312 0.11625302)
(0.034019465 -0.0014853217 0.11625302)
(0.035050358 -0.0015303315 0.11625302)
(0.036081251 -0.0015753412 0.11625302)
(0.037112143 -0.001620351 0.11625302)
(0.038143036 -0.0016653608 0.11625302)
(0.039173929 -0.0017103705 0.11625302)
(0.040204822 -0.0017553803 0.11625302)
(0.041235715 -0.00180039 0.11625302)
(0.0010308929 4.500975e-05 0.11625302)
(0.0020617858 9.00195e-05 0.11625302)
(0.0030926786 0.00013502925 0.11625302)
(0.0041235715 0.000180039 0.11625302)
(0.0051544644 0.00022504875 0.11625302)
(0.0061853572 0.0002700585 0.11625302)
(0.0072162501 0.00031506825 0.11625302)
(0.008247143 0.000360078 0.11625302)
(0.0092780359 0.00040508775 0.11625302)
(0.010308929 0.0004500975 0.11625302)
(0.011339822 0.00049510725 0.11625302)
(0.012370714 0.000540117 0.11625302)
(0.013401607 0.00058512675 0.11625302)
(0.0144325 0.0006301365 0.11625302)
(0.015463393 0.00067514625 0.11625302)
(0.016494286 0.000720156 0.11625302)
(0.017525179 0.00076516575 0.11625302)
(0.018556072 0.0008101755 0.11625302)
(0.019586965 0.00085518525 0.11625302)
(0.020617857 0.000900195 0.11625302)
(0.02164875 0.00094520475 0.11625302)
(0.022679643 0.0009902145 0.11625302)
(0.023710536 0.0010352243 0.11625302)
(0.024741429 0.001080234 0.11625302)
(0.025772322 0.0011252437 0.11625302)
(0.026803215 0.0011702535 0.11625302)
(0.027834108 0.0012152632 0.11625302)
(0.028865001 0.001260273 0.11625302)
(0.029895893 0.0013052828 0.11625302)
(0.030926786 0.0013502925 0.11625302)
(0.031957679 0.0013953023 0.11625302)
(0.032988572 0.001440312 0.11625302)
(0.034019465 0.0014853217 0.11625302)
(0.035050358 0.0015303315 0.11625302)
(0.036081251 0.0015753412 0.11625302)
(0.037112143 0.001620351 0.11625302)
(0.038143036 0.0016653608 0.11625302)
(0.039173929 0.0017103705 0.11625302)
(0.040204822 0.0017553803 0.11625302)
(0.041235715 0.00180039 0.11625302)
(0 0 0.11637378)
(0.0010308929 -4.500975e-05 0.11637378)
(0.0020617858 -9.00195e-05 0.11637378)
(0.0030926786 -0.00013502925 0.11637378)
(0.0041235715 -0.000180039 0.11637378)
(0.0051544644 -0.00022504875 0.11637378)
(0.0061853572 -0.0002700585 0.11637378)
(0.0072162501 -0.00031506825 0.11637378)
(0.008247143 -0.000360078 0.11637378)
(0.0092780359 -0.00040508775 0.11637378)
(0.010308929 -0.0004500975 0.11637378)
(0.011339822 -0.00049510725 0.11637378)
(0.012370714 -0.000540117 0.11637378)
(0.013401607 -0.00058512675 0.11637378)
(0.0144325 -0.0006301365 0.11637378)
(0.015463393 -0.00067514625 0.11637378)
(0.016494286 -0.000720156 0.11637378)
(0.017525179 -0.00076516575 0.11637378)
(0.018556072 -0.0008101755 0.11637378)
(0.019586965 -0.00085518525 0.11637378)
(0.020617857 -0.000900195 0.11637378)
(0.02164875 -0.00094520475 0.11637378)
(0.022679643 -0.0009902145 0.11637378)
(0.023710536 -0.0010352243 0.11637378)
(0.024741429 -0.001080234 0.11637378)
(0.025772322 -0.0011252437 0.11637378)
(0.026803215 -0.0011702535 0.11637378)
(0.027834108 -0.0012152632 0.11637378)
(0.028865001 -0.001260273 0.11637378)
(0.029895893 -0.0013052828 0.11637378)
(0.030926786 -0.0013502925 0.11637378)
(0.031957679 -0.0013953023 0.11637378)
(0.032988572 -0.001440312 0.11637378)
(0.034019465 -0.0014853217 0.11637378)
(0.035050358 -0.0015303315 0.11637378)
(0.036081251 -0.0015753412 0.11637378)
(0.037112143 -0.001620351 0.11637378)
(0.038143036 -0.0016653608 0.11637378)
(0.039173929 -0.0017103705 0.11637378)
(0.040204822 -0.0017553803 0.11637378)
(0.041235715 -0.00180039 0.11637378)
(0.0010308929 4.500975e-05 0.11637378)
(0.0020617858 9.00195e-05 0.11637378)
(0.0030926786 0.00013502925 0.11637378)
(0.0041235715 0.000180039 0.11637378)
(0.0051544644 0.00022504875 0.11637378)
(0.0061853572 0.0002700585 0.11637378)
(0.0072162501 0.00031506825 0.11637378)
(0.008247143 0.000360078 0.11637378)
(0.0092780359 0.00040508775 0.11637378)
(0.010308929 0.0004500975 0.11637378)
(0.011339822 0.00049510725 0.11637378)
(0.012370714 0.000540117 0.11637378)
(0.013401607 0.00058512675 0.11637378)
(0.0144325 0.0006301365 0.11637378)
(0.015463393 0.00067514625 0.11637378)
(0.016494286 0.000720156 0.11637378)
(0.017525179 0.00076516575 0.11637378)
(0.018556072 0.0008101755 0.11637378)
(0.019586965 0.00085518525 0.11637378)
(0.020617857 0.000900195 0.11637378)
(0.02164875 0.00094520475 0.11637378)
(0.022679643 0.0009902145 0.11637378)
(0.023710536 0.0010352243 0.11637378)
(0.024741429 0.001080234 0.11637378)
(0.025772322 0.0011252437 0.11637378)
(0.026803215 0.0011702535 0.11637378)
(0.027834108 0.0012152632 0.11637378)
(0.028865001 0.001260273 0.11637378)
(0.029895893 0.0013052828 0.11637378)
(0.030926786 0.0013502925 0.11637378)
(0.031957679 0.0013953023 0.11637378)
(0.032988572 0.001440312 0.11637378)
(0.034019465 0.0014853217 0.11637378)
(0.035050358 0.0015303315 0.11637378)
(0.036081251 0.0015753412 0.11637378)
(0.037112143 0.001620351 0.11637378)
(0.038143036 0.0016653608 0.11637378)
(0.039173929 0.0017103705 0.11637378)
(0.040204822 0.0017553803 0.11637378)
(0.041235715 0.00180039 0.11637378)
(0 0 0.11649453)
(0.0010308929 -4.500975e-05 0.11649453)
(0.0020617858 -9.00195e-05 0.11649453)
(0.0030926786 -0.00013502925 0.11649453)
(0.0041235715 -0.000180039 0.11649453)
(0.0051544644 -0.00022504875 0.11649453)
(0.0061853572 -0.0002700585 0.11649453)
(0.0072162501 -0.00031506825 0.11649453)
(0.008247143 -0.000360078 0.11649453)
(0.0092780359 -0.00040508775 0.11649453)
(0.010308929 -0.0004500975 0.11649453)
(0.011339822 -0.00049510725 0.11649453)
(0.012370714 -0.000540117 0.11649453)
(0.013401607 -0.00058512675 0.11649453)
(0.0144325 -0.0006301365 0.11649453)
(0.015463393 -0.00067514625 0.11649453)
(0.016494286 -0.000720156 0.11649453)
(0.017525179 -0.00076516575 0.11649453)
(0.018556072 -0.0008101755 0.11649453)
(0.019586965 -0.00085518525 0.11649453)
(0.020617857 -0.000900195 0.11649453)
(0.02164875 -0.00094520475 0.11649453)
(0.022679643 -0.0009902145 0.11649453)
(0.023710536 -0.0010352243 0.11649453)
(0.024741429 -0.001080234 0.11649453)
(0.025772322 -0.0011252437 0.11649453)
(0.026803215 -0.0011702535 0.11649453)
(0.027834108 -0.0012152632 0.11649453)
(0.028865001 -0.001260273 0.11649453)
(0.029895893 -0.0013052828 0.11649453)
(0.030926786 -0.0013502925 0.11649453)
(0.031957679 -0.0013953023 0.11649453)
(0.032988572 -0.001440312 0.11649453)
(0.034019465 -0.0014853217 0.11649453)
(0.035050358 -0.0015303315 0.11649453)
(0.036081251 -0.0015753412 0.11649453)
(0.037112143 -0.001620351 0.11649453)
(0.038143036 -0.0016653608 0.11649453)
(0.039173929 -0.0017103705 0.11649453)
(0.040204822 -0.0017553803 0.11649453)
(0.041235715 -0.00180039 0.11649453)
(0.0010308929 4.500975e-05 0.11649453)
(0.0020617858 9.00195e-05 0.11649453)
(0.0030926786 0.00013502925 0.11649453)
(0.0041235715 0.000180039 0.11649453)
(0.0051544644 0.00022504875 0.11649453)
(0.0061853572 0.0002700585 0.11649453)
(0.0072162501 0.00031506825 0.11649453)
(0.008247143 0.000360078 0.11649453)
(0.0092780359 0.00040508775 0.11649453)
(0.010308929 0.0004500975 0.11649453)
(0.011339822 0.00049510725 0.11649453)
(0.012370714 0.000540117 0.11649453)
(0.013401607 0.00058512675 0.11649453)
(0.0144325 0.0006301365 0.11649453)
(0.015463393 0.00067514625 0.11649453)
(0.016494286 0.000720156 0.11649453)
(0.017525179 0.00076516575 0.11649453)
(0.018556072 0.0008101755 0.11649453)
(0.019586965 0.00085518525 0.11649453)
(0.020617857 0.000900195 0.11649453)
(0.02164875 0.00094520475 0.11649453)
(0.022679643 0.0009902145 0.11649453)
(0.023710536 0.0010352243 0.11649453)
(0.024741429 0.001080234 0.11649453)
(0.025772322 0.0011252437 0.11649453)
(0.026803215 0.0011702535 0.11649453)
(0.027834108 0.0012152632 0.11649453)
(0.028865001 0.001260273 0.11649453)
(0.029895893 0.0013052828 0.11649453)
(0.030926786 0.0013502925 0.11649453)
(0.031957679 0.0013953023 0.11649453)
(0.032988572 0.001440312 0.11649453)
(0.034019465 0.0014853217 0.11649453)
(0.035050358 0.0015303315 0.11649453)
(0.036081251 0.0015753412 0.11649453)
(0.037112143 0.001620351 0.11649453)
(0.038143036 0.0016653608 0.11649453)
(0.039173929 0.0017103705 0.11649453)
(0.040204822 0.0017553803 0.11649453)
(0.041235715 0.00180039 0.11649453)
(0 0 0.11661528)
(0.0010308929 -4.500975e-05 0.11661528)
(0.0020617858 -9.00195e-05 0.11661528)
(0.0030926786 -0.00013502925 0.11661528)
(0.0041235715 -0.000180039 0.11661528)
(0.0051544644 -0.00022504875 0.11661528)
(0.0061853572 -0.0002700585 0.11661528)
(0.0072162501 -0.00031506825 0.11661528)
(0.008247143 -0.000360078 0.11661528)
(0.0092780359 -0.00040508775 0.11661528)
(0.010308929 -0.0004500975 0.11661528)
(0.011339822 -0.00049510725 0.11661528)
(0.012370714 -0.000540117 0.11661528)
(0.013401607 -0.00058512675 0.11661528)
(0.0144325 -0.0006301365 0.11661528)
(0.015463393 -0.00067514625 0.11661528)
(0.016494286 -0.000720156 0.11661528)
(0.017525179 -0.00076516575 0.11661528)
(0.018556072 -0.0008101755 0.11661528)
(0.019586965 -0.00085518525 0.11661528)
(0.020617857 -0.000900195 0.11661528)
(0.02164875 -0.00094520475 0.11661528)
(0.022679643 -0.0009902145 0.11661528)
(0.023710536 -0.0010352243 0.11661528)
(0.024741429 -0.001080234 0.11661528)
(0.025772322 -0.0011252437 0.11661528)
(0.026803215 -0.0011702535 0.11661528)
(0.027834108 -0.0012152632 0.11661528)
(0.028865001 -0.001260273 0.11661528)
(0.029895893 -0.0013052828 0.11661528)
(0.030926786 -0.0013502925 0.11661528)
(0.031957679 -0.0013953023 0.11661528)
(0.032988572 -0.001440312 0.11661528)
(0.034019465 -0.0014853217 0.11661528)
(0.035050358 -0.0015303315 0.11661528)
(0.036081251 -0.0015753412 0.11661528)
(0.037112143 -0.001620351 0.11661528)
(0.038143036 -0.0016653608 0.11661528)
(0.039173929 -0.0017103705 0.11661528)
(0.040204822 -0.0017553803 0.11661528)
(0.041235715 -0.00180039 0.11661528)
(0.0010308929 4.500975e-05 0.11661528)
(0.0020617858 9.00195e-05 0.11661528)
(0.0030926786 0.00013502925 0.11661528)
(0.0041235715 0.000180039 0.11661528)
(0.0051544644 0.00022504875 0.11661528)
(0.0061853572 0.0002700585 0.11661528)
(0.0072162501 0.00031506825 0.11661528)
(0.008247143 0.000360078 0.11661528)
(0.0092780359 0.00040508775 0.11661528)
(0.010308929 0.0004500975 0.11661528)
(0.011339822 0.00049510725 0.11661528)
(0.012370714 0.000540117 0.11661528)
(0.013401607 0.00058512675 0.11661528)
(0.0144325 0.0006301365 0.11661528)
(0.015463393 0.00067514625 0.11661528)
(0.016494286 0.000720156 0.11661528)
(0.017525179 0.00076516575 0.11661528)
(0.018556072 0.0008101755 0.11661528)
(0.019586965 0.00085518525 0.11661528)
(0.020617857 0.000900195 0.11661528)
(0.02164875 0.00094520475 0.11661528)
(0.022679643 0.0009902145 0.11661528)
(0.023710536 0.0010352243 0.11661528)
(0.024741429 0.001080234 0.11661528)
(0.025772322 0.0011252437 0.11661528)
(0.026803215 0.0011702535 0.11661528)
(0.027834108 0.0012152632 0.11661528)
(0.028865001 0.001260273 0.11661528)
(0.029895893 0.0013052828 0.11661528)
(0.030926786 0.0013502925 0.11661528)
(0.031957679 0.0013953023 0.11661528)
(0.032988572 0.001440312 0.11661528)
(0.034019465 0.0014853217 0.11661528)
(0.035050358 0.0015303315 0.11661528)
(0.036081251 0.0015753412 0.11661528)
(0.037112143 0.001620351 0.11661528)
(0.038143036 0.0016653608 0.11661528)
(0.039173929 0.0017103705 0.11661528)
(0.040204822 0.0017553803 0.11661528)
(0.041235715 0.00180039 0.11661528)
(0 0 0.11673603)
(0.0010308929 -4.500975e-05 0.11673603)
(0.0020617858 -9.00195e-05 0.11673603)
(0.0030926786 -0.00013502925 0.11673603)
(0.0041235715 -0.000180039 0.11673603)
(0.0051544644 -0.00022504875 0.11673603)
(0.0061853572 -0.0002700585 0.11673603)
(0.0072162501 -0.00031506825 0.11673603)
(0.008247143 -0.000360078 0.11673603)
(0.0092780359 -0.00040508775 0.11673603)
(0.010308929 -0.0004500975 0.11673603)
(0.011339822 -0.00049510725 0.11673603)
(0.012370714 -0.000540117 0.11673603)
(0.013401607 -0.00058512675 0.11673603)
(0.0144325 -0.0006301365 0.11673603)
(0.015463393 -0.00067514625 0.11673603)
(0.016494286 -0.000720156 0.11673603)
(0.017525179 -0.00076516575 0.11673603)
(0.018556072 -0.0008101755 0.11673603)
(0.019586965 -0.00085518525 0.11673603)
(0.020617857 -0.000900195 0.11673603)
(0.02164875 -0.00094520475 0.11673603)
(0.022679643 -0.0009902145 0.11673603)
(0.023710536 -0.0010352243 0.11673603)
(0.024741429 -0.001080234 0.11673603)
(0.025772322 -0.0011252437 0.11673603)
(0.026803215 -0.0011702535 0.11673603)
(0.027834108 -0.0012152632 0.11673603)
(0.028865001 -0.001260273 0.11673603)
(0.029895893 -0.0013052828 0.11673603)
(0.030926786 -0.0013502925 0.11673603)
(0.031957679 -0.0013953023 0.11673603)
(0.032988572 -0.001440312 0.11673603)
(0.034019465 -0.0014853217 0.11673603)
(0.035050358 -0.0015303315 0.11673603)
(0.036081251 -0.0015753412 0.11673603)
(0.037112143 -0.001620351 0.11673603)
(0.038143036 -0.0016653608 0.11673603)
(0.039173929 -0.0017103705 0.11673603)
(0.040204822 -0.0017553803 0.11673603)
(0.041235715 -0.00180039 0.11673603)
(0.0010308929 4.500975e-05 0.11673603)
(0.0020617858 9.00195e-05 0.11673603)
(0.0030926786 0.00013502925 0.11673603)
(0.0041235715 0.000180039 0.11673603)
(0.0051544644 0.00022504875 0.11673603)
(0.0061853572 0.0002700585 0.11673603)
(0.0072162501 0.00031506825 0.11673603)
(0.008247143 0.000360078 0.11673603)
(0.0092780359 0.00040508775 0.11673603)
(0.010308929 0.0004500975 0.11673603)
(0.011339822 0.00049510725 0.11673603)
(0.012370714 0.000540117 0.11673603)
(0.013401607 0.00058512675 0.11673603)
(0.0144325 0.0006301365 0.11673603)
(0.015463393 0.00067514625 0.11673603)
(0.016494286 0.000720156 0.11673603)
(0.017525179 0.00076516575 0.11673603)
(0.018556072 0.0008101755 0.11673603)
(0.019586965 0.00085518525 0.11673603)
(0.020617857 0.000900195 0.11673603)
(0.02164875 0.00094520475 0.11673603)
(0.022679643 0.0009902145 0.11673603)
(0.023710536 0.0010352243 0.11673603)
(0.024741429 0.001080234 0.11673603)
(0.025772322 0.0011252437 0.11673603)
(0.026803215 0.0011702535 0.11673603)
(0.027834108 0.0012152632 0.11673603)
(0.028865001 0.001260273 0.11673603)
(0.029895893 0.0013052828 0.11673603)
(0.030926786 0.0013502925 0.11673603)
(0.031957679 0.0013953023 0.11673603)
(0.032988572 0.001440312 0.11673603)
(0.034019465 0.0014853217 0.11673603)
(0.035050358 0.0015303315 0.11673603)
(0.036081251 0.0015753412 0.11673603)
(0.037112143 0.001620351 0.11673603)
(0.038143036 0.0016653608 0.11673603)
(0.039173929 0.0017103705 0.11673603)
(0.040204822 0.0017553803 0.11673603)
(0.041235715 0.00180039 0.11673603)
(0 0 0.11685679)
(0.0010308929 -4.500975e-05 0.11685679)
(0.0020617858 -9.00195e-05 0.11685679)
(0.0030926786 -0.00013502925 0.11685679)
(0.0041235715 -0.000180039 0.11685679)
(0.0051544644 -0.00022504875 0.11685679)
(0.0061853572 -0.0002700585 0.11685679)
(0.0072162501 -0.00031506825 0.11685679)
(0.008247143 -0.000360078 0.11685679)
(0.0092780359 -0.00040508775 0.11685679)
(0.010308929 -0.0004500975 0.11685679)
(0.011339822 -0.00049510725 0.11685679)
(0.012370714 -0.000540117 0.11685679)
(0.013401607 -0.00058512675 0.11685679)
(0.0144325 -0.0006301365 0.11685679)
(0.015463393 -0.00067514625 0.11685679)
(0.016494286 -0.000720156 0.11685679)
(0.017525179 -0.00076516575 0.11685679)
(0.018556072 -0.0008101755 0.11685679)
(0.019586965 -0.00085518525 0.11685679)
(0.020617857 -0.000900195 0.11685679)
(0.02164875 -0.00094520475 0.11685679)
(0.022679643 -0.0009902145 0.11685679)
(0.023710536 -0.0010352243 0.11685679)
(0.024741429 -0.001080234 0.11685679)
(0.025772322 -0.0011252437 0.11685679)
(0.026803215 -0.0011702535 0.11685679)
(0.027834108 -0.0012152632 0.11685679)
(0.028865001 -0.001260273 0.11685679)
(0.029895893 -0.0013052828 0.11685679)
(0.030926786 -0.0013502925 0.11685679)
(0.031957679 -0.0013953023 0.11685679)
(0.032988572 -0.001440312 0.11685679)
(0.034019465 -0.0014853217 0.11685679)
(0.035050358 -0.0015303315 0.11685679)
(0.036081251 -0.0015753412 0.11685679)
(0.037112143 -0.001620351 0.11685679)
(0.038143036 -0.0016653608 0.11685679)
(0.039173929 -0.0017103705 0.11685679)
(0.040204822 -0.0017553803 0.11685679)
(0.041235715 -0.00180039 0.11685679)
(0.0010308929 4.500975e-05 0.11685679)
(0.0020617858 9.00195e-05 0.11685679)
(0.0030926786 0.00013502925 0.11685679)
(0.0041235715 0.000180039 0.11685679)
(0.0051544644 0.00022504875 0.11685679)
(0.0061853572 0.0002700585 0.11685679)
(0.0072162501 0.00031506825 0.11685679)
(0.008247143 0.000360078 0.11685679)
(0.0092780359 0.00040508775 0.11685679)
(0.010308929 0.0004500975 0.11685679)
(0.011339822 0.00049510725 0.11685679)
(0.012370714 0.000540117 0.11685679)
(0.013401607 0.00058512675 0.11685679)
(0.0144325 0.0006301365 0.11685679)
(0.015463393 0.00067514625 0.11685679)
(0.016494286 0.000720156 0.11685679)
(0.017525179 0.00076516575 0.11685679)
(0.018556072 0.0008101755 0.11685679)
(0.019586965 0.00085518525 0.11685679)
(0.020617857 0.000900195 0.11685679)
(0.02164875 0.00094520475 0.11685679)
(0.022679643 0.0009902145 0.11685679)
(0.023710536 0.0010352243 0.11685679)
(0.024741429 0.001080234 0.11685679)
(0.025772322 0.0011252437 0.11685679)
(0.026803215 0.0011702535 0.11685679)
(0.027834108 0.0012152632 0.11685679)
(0.028865001 0.001260273 0.11685679)
(0.029895893 0.0013052828 0.11685679)
(0.030926786 0.0013502925 0.11685679)
(0.031957679 0.0013953023 0.11685679)
(0.032988572 0.001440312 0.11685679)
(0.034019465 0.0014853217 0.11685679)
(0.035050358 0.0015303315 0.11685679)
(0.036081251 0.0015753412 0.11685679)
(0.037112143 0.001620351 0.11685679)
(0.038143036 0.0016653608 0.11685679)
(0.039173929 0.0017103705 0.11685679)
(0.040204822 0.0017553803 0.11685679)
(0.041235715 0.00180039 0.11685679)
(0 0 0.11697754)
(0.0010308929 -4.500975e-05 0.11697754)
(0.0020617858 -9.00195e-05 0.11697754)
(0.0030926786 -0.00013502925 0.11697754)
(0.0041235715 -0.000180039 0.11697754)
(0.0051544644 -0.00022504875 0.11697754)
(0.0061853572 -0.0002700585 0.11697754)
(0.0072162501 -0.00031506825 0.11697754)
(0.008247143 -0.000360078 0.11697754)
(0.0092780359 -0.00040508775 0.11697754)
(0.010308929 -0.0004500975 0.11697754)
(0.011339822 -0.00049510725 0.11697754)
(0.012370714 -0.000540117 0.11697754)
(0.013401607 -0.00058512675 0.11697754)
(0.0144325 -0.0006301365 0.11697754)
(0.015463393 -0.00067514625 0.11697754)
(0.016494286 -0.000720156 0.11697754)
(0.017525179 -0.00076516575 0.11697754)
(0.018556072 -0.0008101755 0.11697754)
(0.019586965 -0.00085518525 0.11697754)
(0.020617857 -0.000900195 0.11697754)
(0.02164875 -0.00094520475 0.11697754)
(0.022679643 -0.0009902145 0.11697754)
(0.023710536 -0.0010352243 0.11697754)
(0.024741429 -0.001080234 0.11697754)
(0.025772322 -0.0011252437 0.11697754)
(0.026803215 -0.0011702535 0.11697754)
(0.027834108 -0.0012152632 0.11697754)
(0.028865001 -0.001260273 0.11697754)
(0.029895893 -0.0013052828 0.11697754)
(0.030926786 -0.0013502925 0.11697754)
(0.031957679 -0.0013953023 0.11697754)
(0.032988572 -0.001440312 0.11697754)
(0.034019465 -0.0014853217 0.11697754)
(0.035050358 -0.0015303315 0.11697754)
(0.036081251 -0.0015753412 0.11697754)
(0.037112143 -0.001620351 0.11697754)
(0.038143036 -0.0016653608 0.11697754)
(0.039173929 -0.0017103705 0.11697754)
(0.040204822 -0.0017553803 0.11697754)
(0.041235715 -0.00180039 0.11697754)
(0.0010308929 4.500975e-05 0.11697754)
(0.0020617858 9.00195e-05 0.11697754)
(0.0030926786 0.00013502925 0.11697754)
(0.0041235715 0.000180039 0.11697754)
(0.0051544644 0.00022504875 0.11697754)
(0.0061853572 0.0002700585 0.11697754)
(0.0072162501 0.00031506825 0.11697754)
(0.008247143 0.000360078 0.11697754)
(0.0092780359 0.00040508775 0.11697754)
(0.010308929 0.0004500975 0.11697754)
(0.011339822 0.00049510725 0.11697754)
(0.012370714 0.000540117 0.11697754)
(0.013401607 0.00058512675 0.11697754)
(0.0144325 0.0006301365 0.11697754)
(0.015463393 0.00067514625 0.11697754)
(0.016494286 0.000720156 0.11697754)
(0.017525179 0.00076516575 0.11697754)
(0.018556072 0.0008101755 0.11697754)
(0.019586965 0.00085518525 0.11697754)
(0.020617857 0.000900195 0.11697754)
(0.02164875 0.00094520475 0.11697754)
(0.022679643 0.0009902145 0.11697754)
(0.023710536 0.0010352243 0.11697754)
(0.024741429 0.001080234 0.11697754)
(0.025772322 0.0011252437 0.11697754)
(0.026803215 0.0011702535 0.11697754)
(0.027834108 0.0012152632 0.11697754)
(0.028865001 0.001260273 0.11697754)
(0.029895893 0.0013052828 0.11697754)
(0.030926786 0.0013502925 0.11697754)
(0.031957679 0.0013953023 0.11697754)
(0.032988572 0.001440312 0.11697754)
(0.034019465 0.0014853217 0.11697754)
(0.035050358 0.0015303315 0.11697754)
(0.036081251 0.0015753412 0.11697754)
(0.037112143 0.001620351 0.11697754)
(0.038143036 0.0016653608 0.11697754)
(0.039173929 0.0017103705 0.11697754)
(0.040204822 0.0017553803 0.11697754)
(0.041235715 0.00180039 0.11697754)
(0 0 0.11709829)
(0.0010308929 -4.500975e-05 0.11709829)
(0.0020617858 -9.00195e-05 0.11709829)
(0.0030926786 -0.00013502925 0.11709829)
(0.0041235715 -0.000180039 0.11709829)
(0.0051544644 -0.00022504875 0.11709829)
(0.0061853572 -0.0002700585 0.11709829)
(0.0072162501 -0.00031506825 0.11709829)
(0.008247143 -0.000360078 0.11709829)
(0.0092780359 -0.00040508775 0.11709829)
(0.010308929 -0.0004500975 0.11709829)
(0.011339822 -0.00049510725 0.11709829)
(0.012370714 -0.000540117 0.11709829)
(0.013401607 -0.00058512675 0.11709829)
(0.0144325 -0.0006301365 0.11709829)
(0.015463393 -0.00067514625 0.11709829)
(0.016494286 -0.000720156 0.11709829)
(0.017525179 -0.00076516575 0.11709829)
(0.018556072 -0.0008101755 0.11709829)
(0.019586965 -0.00085518525 0.11709829)
(0.020617857 -0.000900195 0.11709829)
(0.02164875 -0.00094520475 0.11709829)
(0.022679643 -0.0009902145 0.11709829)
(0.023710536 -0.0010352243 0.11709829)
(0.024741429 -0.001080234 0.11709829)
(0.025772322 -0.0011252437 0.11709829)
(0.026803215 -0.0011702535 0.11709829)
(0.027834108 -0.0012152632 0.11709829)
(0.028865001 -0.001260273 0.11709829)
(0.029895893 -0.0013052828 0.11709829)
(0.030926786 -0.0013502925 0.11709829)
(0.031957679 -0.0013953023 0.11709829)
(0.032988572 -0.001440312 0.11709829)
(0.034019465 -0.0014853217 0.11709829)
(0.035050358 -0.0015303315 0.11709829)
(0.036081251 -0.0015753412 0.11709829)
(0.037112143 -0.001620351 0.11709829)
(0.038143036 -0.0016653608 0.11709829)
(0.039173929 -0.0017103705 0.11709829)
(0.040204822 -0.0017553803 0.11709829)
(0.041235715 -0.00180039 0.11709829)
(0.0010308929 4.500975e-05 0.11709829)
(0.0020617858 9.00195e-05 0.11709829)
(0.0030926786 0.00013502925 0.11709829)
(0.0041235715 0.000180039 0.11709829)
(0.0051544644 0.00022504875 0.11709829)
(0.0061853572 0.0002700585 0.11709829)
(0.0072162501 0.00031506825 0.11709829)
(0.008247143 0.000360078 0.11709829)
(0.0092780359 0.00040508775 0.11709829)
(0.010308929 0.0004500975 0.11709829)
(0.011339822 0.00049510725 0.11709829)
(0.012370714 0.000540117 0.11709829)
(0.013401607 0.00058512675 0.11709829)
(0.0144325 0.0006301365 0.11709829)
(0.015463393 0.00067514625 0.11709829)
(0.016494286 0.000720156 0.11709829)
(0.017525179 0.00076516575 0.11709829)
(0.018556072 0.0008101755 0.11709829)
(0.019586965 0.00085518525 0.11709829)
(0.020617857 0.000900195 0.11709829)
(0.02164875 0.00094520475 0.11709829)
(0.022679643 0.0009902145 0.11709829)
(0.023710536 0.0010352243 0.11709829)
(0.024741429 0.001080234 0.11709829)
(0.025772322 0.0011252437 0.11709829)
(0.026803215 0.0011702535 0.11709829)
(0.027834108 0.0012152632 0.11709829)
(0.028865001 0.001260273 0.11709829)
(0.029895893 0.0013052828 0.11709829)
(0.030926786 0.0013502925 0.11709829)
(0.031957679 0.0013953023 0.11709829)
(0.032988572 0.001440312 0.11709829)
(0.034019465 0.0014853217 0.11709829)
(0.035050358 0.0015303315 0.11709829)
(0.036081251 0.0015753412 0.11709829)
(0.037112143 0.001620351 0.11709829)
(0.038143036 0.0016653608 0.11709829)
(0.039173929 0.0017103705 0.11709829)
(0.040204822 0.0017553803 0.11709829)
(0.041235715 0.00180039 0.11709829)
(0 0 0.11721904)
(0.0010308929 -4.500975e-05 0.11721904)
(0.0020617858 -9.00195e-05 0.11721904)
(0.0030926786 -0.00013502925 0.11721904)
(0.0041235715 -0.000180039 0.11721904)
(0.0051544644 -0.00022504875 0.11721904)
(0.0061853572 -0.0002700585 0.11721904)
(0.0072162501 -0.00031506825 0.11721904)
(0.008247143 -0.000360078 0.11721904)
(0.0092780359 -0.00040508775 0.11721904)
(0.010308929 -0.0004500975 0.11721904)
(0.011339822 -0.00049510725 0.11721904)
(0.012370714 -0.000540117 0.11721904)
(0.013401607 -0.00058512675 0.11721904)
(0.0144325 -0.0006301365 0.11721904)
(0.015463393 -0.00067514625 0.11721904)
(0.016494286 -0.000720156 0.11721904)
(0.017525179 -0.00076516575 0.11721904)
(0.018556072 -0.0008101755 0.11721904)
(0.019586965 -0.00085518525 0.11721904)
(0.020617857 -0.000900195 0.11721904)
(0.02164875 -0.00094520475 0.11721904)
(0.022679643 -0.0009902145 0.11721904)
(0.023710536 -0.0010352243 0.11721904)
(0.024741429 -0.001080234 0.11721904)
(0.025772322 -0.0011252437 0.11721904)
(0.026803215 -0.0011702535 0.11721904)
(0.027834108 -0.0012152632 0.11721904)
(0.028865001 -0.001260273 0.11721904)
(0.029895893 -0.0013052828 0.11721904)
(0.030926786 -0.0013502925 0.11721904)
(0.031957679 -0.0013953023 0.11721904)
(0.032988572 -0.001440312 0.11721904)
(0.034019465 -0.0014853217 0.11721904)
(0.035050358 -0.0015303315 0.11721904)
(0.036081251 -0.0015753412 0.11721904)
(0.037112143 -0.001620351 0.11721904)
(0.038143036 -0.0016653608 0.11721904)
(0.039173929 -0.0017103705 0.11721904)
(0.040204822 -0.0017553803 0.11721904)
(0.041235715 -0.00180039 0.11721904)
(0.0010308929 4.500975e-05 0.11721904)
(0.0020617858 9.00195e-05 0.11721904)
(0.0030926786 0.00013502925 0.11721904)
(0.0041235715 0.000180039 0.11721904)
(0.0051544644 0.00022504875 0.11721904)
(0.0061853572 0.0002700585 0.11721904)
(0.0072162501 0.00031506825 0.11721904)
(0.008247143 0.000360078 0.11721904)
(0.0092780359 0.00040508775 0.11721904)
(0.010308929 0.0004500975 0.11721904)
(0.011339822 0.00049510725 0.11721904)
(0.012370714 0.000540117 0.11721904)
(0.013401607 0.00058512675 0.11721904)
(0.0144325 0.0006301365 0.11721904)
(0.015463393 0.00067514625 0.11721904)
(0.016494286 0.000720156 0.11721904)
(0.017525179 0.00076516575 0.11721904)
(0.018556072 0.0008101755 0.11721904)
(0.019586965 0.00085518525 0.11721904)
(0.020617857 0.000900195 0.11721904)
(0.02164875 0.00094520475 0.11721904)
(0.022679643 0.0009902145 0.11721904)
(0.023710536 0.0010352243 0.11721904)
(0.024741429 0.001080234 0.11721904)
(0.025772322 0.0011252437 0.11721904)
(0.026803215 0.0011702535 0.11721904)
(0.027834108 0.0012152632 0.11721904)
(0.028865001 0.001260273 0.11721904)
(0.029895893 0.0013052828 0.11721904)
(0.030926786 0.0013502925 0.11721904)
(0.031957679 0.0013953023 0.11721904)
(0.032988572 0.001440312 0.11721904)
(0.034019465 0.0014853217 0.11721904)
(0.035050358 0.0015303315 0.11721904)
(0.036081251 0.0015753412 0.11721904)
(0.037112143 0.001620351 0.11721904)
(0.038143036 0.0016653608 0.11721904)
(0.039173929 0.0017103705 0.11721904)
(0.040204822 0.0017553803 0.11721904)
(0.041235715 0.00180039 0.11721904)
(0 0 0.1173398)
(0.0010308929 -4.500975e-05 0.1173398)
(0.0020617858 -9.00195e-05 0.1173398)
(0.0030926786 -0.00013502925 0.1173398)
(0.0041235715 -0.000180039 0.1173398)
(0.0051544644 -0.00022504875 0.1173398)
(0.0061853572 -0.0002700585 0.1173398)
(0.0072162501 -0.00031506825 0.1173398)
(0.008247143 -0.000360078 0.1173398)
(0.0092780359 -0.00040508775 0.1173398)
(0.010308929 -0.0004500975 0.1173398)
(0.011339822 -0.00049510725 0.1173398)
(0.012370714 -0.000540117 0.1173398)
(0.013401607 -0.00058512675 0.1173398)
(0.0144325 -0.0006301365 0.1173398)
(0.015463393 -0.00067514625 0.1173398)
(0.016494286 -0.000720156 0.1173398)
(0.017525179 -0.00076516575 0.1173398)
(0.018556072 -0.0008101755 0.1173398)
(0.019586965 -0.00085518525 0.1173398)
(0.020617857 -0.000900195 0.1173398)
(0.02164875 -0.00094520475 0.1173398)
(0.022679643 -0.0009902145 0.1173398)
(0.023710536 -0.0010352243 0.1173398)
(0.024741429 -0.001080234 0.1173398)
(0.025772322 -0.0011252437 0.1173398)
(0.026803215 -0.0011702535 0.1173398)
(0.027834108 -0.0012152632 0.1173398)
(0.028865001 -0.001260273 0.1173398)
(0.029895893 -0.0013052828 0.1173398)
(0.030926786 -0.0013502925 0.1173398)
(0.031957679 -0.0013953023 0.1173398)
(0.032988572 -0.001440312 0.1173398)
(0.034019465 -0.0014853217 0.1173398)
(0.035050358 -0.0015303315 0.1173398)
(0.036081251 -0.0015753412 0.1173398)
(0.037112143 -0.001620351 0.1173398)
(0.038143036 -0.0016653608 0.1173398)
(0.039173929 -0.0017103705 0.1173398)
(0.040204822 -0.0017553803 0.1173398)
(0.041235715 -0.00180039 0.1173398)
(0.0010308929 4.500975e-05 0.1173398)
(0.0020617858 9.00195e-05 0.1173398)
(0.0030926786 0.00013502925 0.1173398)
(0.0041235715 0.000180039 0.1173398)
(0.0051544644 0.00022504875 0.1173398)
(0.0061853572 0.0002700585 0.1173398)
(0.0072162501 0.00031506825 0.1173398)
(0.008247143 0.000360078 0.1173398)
(0.0092780359 0.00040508775 0.1173398)
(0.010308929 0.0004500975 0.1173398)
(0.011339822 0.00049510725 0.1173398)
(0.012370714 0.000540117 0.1173398)
(0.013401607 0.00058512675 0.1173398)
(0.0144325 0.0006301365 0.1173398)
(0.015463393 0.00067514625 0.1173398)
(0.016494286 0.000720156 0.1173398)
(0.017525179 0.00076516575 0.1173398)
(0.018556072 0.0008101755 0.1173398)
(0.019586965 0.00085518525 0.1173398)
(0.020617857 0.000900195 0.1173398)
(0.02164875 0.00094520475 0.1173398)
(0.022679643 0.0009902145 0.1173398)
(0.023710536 0.0010352243 0.1173398)
(0.024741429 0.001080234 0.1173398)
(0.025772322 0.0011252437 0.1173398)
(0.026803215 0.0011702535 0.1173398)
(0.027834108 0.0012152632 0.1173398)
(0.028865001 0.001260273 0.1173398)
(0.029895893 0.0013052828 0.1173398)
(0.030926786 0.0013502925 0.1173398)
(0.031957679 0.0013953023 0.1173398)
(0.032988572 0.001440312 0.1173398)
(0.034019465 0.0014853217 0.1173398)
(0.035050358 0.0015303315 0.1173398)
(0.036081251 0.0015753412 0.1173398)
(0.037112143 0.001620351 0.1173398)
(0.038143036 0.0016653608 0.1173398)
(0.039173929 0.0017103705 0.1173398)
(0.040204822 0.0017553803 0.1173398)
(0.041235715 0.00180039 0.1173398)
(0 0 0.11746055)
(0.0010308929 -4.500975e-05 0.11746055)
(0.0020617858 -9.00195e-05 0.11746055)
(0.0030926786 -0.00013502925 0.11746055)
(0.0041235715 -0.000180039 0.11746055)
(0.0051544644 -0.00022504875 0.11746055)
(0.0061853572 -0.0002700585 0.11746055)
(0.0072162501 -0.00031506825 0.11746055)
(0.008247143 -0.000360078 0.11746055)
(0.0092780359 -0.00040508775 0.11746055)
(0.010308929 -0.0004500975 0.11746055)
(0.011339822 -0.00049510725 0.11746055)
(0.012370714 -0.000540117 0.11746055)
(0.013401607 -0.00058512675 0.11746055)
(0.0144325 -0.0006301365 0.11746055)
(0.015463393 -0.00067514625 0.11746055)
(0.016494286 -0.000720156 0.11746055)
(0.017525179 -0.00076516575 0.11746055)
(0.018556072 -0.0008101755 0.11746055)
(0.019586965 -0.00085518525 0.11746055)
(0.020617857 -0.000900195 0.11746055)
(0.02164875 -0.00094520475 0.11746055)
(0.022679643 -0.0009902145 0.11746055)
(0.023710536 -0.0010352243 0.11746055)
(0.024741429 -0.001080234 0.11746055)
(0.025772322 -0.0011252437 0.11746055)
(0.026803215 -0.0011702535 0.11746055)
(0.027834108 -0.0012152632 0.11746055)
(0.028865001 -0.001260273 0.11746055)
(0.029895893 -0.0013052828 0.11746055)
(0.030926786 -0.0013502925 0.11746055)
(0.031957679 -0.0013953023 0.11746055)
(0.032988572 -0.001440312 0.11746055)
(0.034019465 -0.0014853217 0.11746055)
(0.035050358 -0.0015303315 0.11746055)
(0.036081251 -0.0015753412 0.11746055)
(0.037112143 -0.001620351 0.11746055)
(0.038143036 -0.0016653608 0.11746055)
(0.039173929 -0.0017103705 0.11746055)
(0.040204822 -0.0017553803 0.11746055)
(0.041235715 -0.00180039 0.11746055)
(0.0010308929 4.500975e-05 0.11746055)
(0.0020617858 9.00195e-05 0.11746055)
(0.0030926786 0.00013502925 0.11746055)
(0.0041235715 0.000180039 0.11746055)
(0.0051544644 0.00022504875 0.11746055)
(0.0061853572 0.0002700585 0.11746055)
(0.0072162501 0.00031506825 0.11746055)
(0.008247143 0.000360078 0.11746055)
(0.0092780359 0.00040508775 0.11746055)
(0.010308929 0.0004500975 0.11746055)
(0.011339822 0.00049510725 0.11746055)
(0.012370714 0.000540117 0.11746055)
(0.013401607 0.00058512675 0.11746055)
(0.0144325 0.0006301365 0.11746055)
(0.015463393 0.00067514625 0.11746055)
(0.016494286 0.000720156 0.11746055)
(0.017525179 0.00076516575 0.11746055)
(0.018556072 0.0008101755 0.11746055)
(0.019586965 0.00085518525 0.11746055)
(0.020617857 0.000900195 0.11746055)
(0.02164875 0.00094520475 0.11746055)
(0.022679643 0.0009902145 0.11746055)
(0.023710536 0.0010352243 0.11746055)
(0.024741429 0.001080234 0.11746055)
(0.025772322 0.0011252437 0.11746055)
(0.026803215 0.0011702535 0.11746055)
(0.027834108 0.0012152632 0.11746055)
(0.028865001 0.001260273 0.11746055)
(0.029895893 0.0013052828 0.11746055)
(0.030926786 0.0013502925 0.11746055)
(0.031957679 0.0013953023 0.11746055)
(0.032988572 0.001440312 0.11746055)
(0.034019465 0.0014853217 0.11746055)
(0.035050358 0.0015303315 0.11746055)
(0.036081251 0.0015753412 0.11746055)
(0.037112143 0.001620351 0.11746055)
(0.038143036 0.0016653608 0.11746055)
(0.039173929 0.0017103705 0.11746055)
(0.040204822 0.0017553803 0.11746055)
(0.041235715 0.00180039 0.11746055)
(0 0 0.1175813)
(0.0010308929 -4.500975e-05 0.1175813)
(0.0020617858 -9.00195e-05 0.1175813)
(0.0030926786 -0.00013502925 0.1175813)
(0.0041235715 -0.000180039 0.1175813)
(0.0051544644 -0.00022504875 0.1175813)
(0.0061853572 -0.0002700585 0.1175813)
(0.0072162501 -0.00031506825 0.1175813)
(0.008247143 -0.000360078 0.1175813)
(0.0092780359 -0.00040508775 0.1175813)
(0.010308929 -0.0004500975 0.1175813)
(0.011339822 -0.00049510725 0.1175813)
(0.012370714 -0.000540117 0.1175813)
(0.013401607 -0.00058512675 0.1175813)
(0.0144325 -0.0006301365 0.1175813)
(0.015463393 -0.00067514625 0.1175813)
(0.016494286 -0.000720156 0.1175813)
(0.017525179 -0.00076516575 0.1175813)
(0.018556072 -0.0008101755 0.1175813)
(0.019586965 -0.00085518525 0.1175813)
(0.020617857 -0.000900195 0.1175813)
(0.02164875 -0.00094520475 0.1175813)
(0.022679643 -0.0009902145 0.1175813)
(0.023710536 -0.0010352243 0.1175813)
(0.024741429 -0.001080234 0.1175813)
(0.025772322 -0.0011252437 0.1175813)
(0.026803215 -0.0011702535 0.1175813)
(0.027834108 -0.0012152632 0.1175813)
(0.028865001 -0.001260273 0.1175813)
(0.029895893 -0.0013052828 0.1175813)
(0.030926786 -0.0013502925 0.1175813)
(0.031957679 -0.0013953023 0.1175813)
(0.032988572 -0.001440312 0.1175813)
(0.034019465 -0.0014853217 0.1175813)
(0.035050358 -0.0015303315 0.1175813)
(0.036081251 -0.0015753412 0.1175813)
(0.037112143 -0.001620351 0.1175813)
(0.038143036 -0.0016653608 0.1175813)
(0.039173929 -0.0017103705 0.1175813)
(0.040204822 -0.0017553803 0.1175813)
(0.041235715 -0.00180039 0.1175813)
(0.0010308929 4.500975e-05 0.1175813)
(0.0020617858 9.00195e-05 0.1175813)
(0.0030926786 0.00013502925 0.1175813)
(0.0041235715 0.000180039 0.1175813)
(0.0051544644 0.00022504875 0.1175813)
(0.0061853572 0.0002700585 0.1175813)
(0.0072162501 0.00031506825 0.1175813)
(0.008247143 0.000360078 0.1175813)
(0.0092780359 0.00040508775 0.1175813)
(0.010308929 0.0004500975 0.1175813)
(0.011339822 0.00049510725 0.1175813)
(0.012370714 0.000540117 0.1175813)
(0.013401607 0.00058512675 0.1175813)
(0.0144325 0.0006301365 0.1175813)
(0.015463393 0.00067514625 0.1175813)
(0.016494286 0.000720156 0.1175813)
(0.017525179 0.00076516575 0.1175813)
(0.018556072 0.0008101755 0.1175813)
(0.019586965 0.00085518525 0.1175813)
(0.020617857 0.000900195 0.1175813)
(0.02164875 0.00094520475 0.1175813)
(0.022679643 0.0009902145 0.1175813)
(0.023710536 0.0010352243 0.1175813)
(0.024741429 0.001080234 0.1175813)
(0.025772322 0.0011252437 0.1175813)
(0.026803215 0.0011702535 0.1175813)
(0.027834108 0.0012152632 0.1175813)
(0.028865001 0.001260273 0.1175813)
(0.029895893 0.0013052828 0.1175813)
(0.030926786 0.0013502925 0.1175813)
(0.031957679 0.0013953023 0.1175813)
(0.032988572 0.001440312 0.1175813)
(0.034019465 0.0014853217 0.1175813)
(0.035050358 0.0015303315 0.1175813)
(0.036081251 0.0015753412 0.1175813)
(0.037112143 0.001620351 0.1175813)
(0.038143036 0.0016653608 0.1175813)
(0.039173929 0.0017103705 0.1175813)
(0.040204822 0.0017553803 0.1175813)
(0.041235715 0.00180039 0.1175813)
(0 0 0.11770206)
(0.0010308929 -4.500975e-05 0.11770206)
(0.0020617858 -9.00195e-05 0.11770206)
(0.0030926786 -0.00013502925 0.11770206)
(0.0041235715 -0.000180039 0.11770206)
(0.0051544644 -0.00022504875 0.11770206)
(0.0061853572 -0.0002700585 0.11770206)
(0.0072162501 -0.00031506825 0.11770206)
(0.008247143 -0.000360078 0.11770206)
(0.0092780359 -0.00040508775 0.11770206)
(0.010308929 -0.0004500975 0.11770206)
(0.011339822 -0.00049510725 0.11770206)
(0.012370714 -0.000540117 0.11770206)
(0.013401607 -0.00058512675 0.11770206)
(0.0144325 -0.0006301365 0.11770206)
(0.015463393 -0.00067514625 0.11770206)
(0.016494286 -0.000720156 0.11770206)
(0.017525179 -0.00076516575 0.11770206)
(0.018556072 -0.0008101755 0.11770206)
(0.019586965 -0.00085518525 0.11770206)
(0.020617857 -0.000900195 0.11770206)
(0.02164875 -0.00094520475 0.11770206)
(0.022679643 -0.0009902145 0.11770206)
(0.023710536 -0.0010352243 0.11770206)
(0.024741429 -0.001080234 0.11770206)
(0.025772322 -0.0011252437 0.11770206)
(0.026803215 -0.0011702535 0.11770206)
(0.027834108 -0.0012152632 0.11770206)
(0.028865001 -0.001260273 0.11770206)
(0.029895893 -0.0013052828 0.11770206)
(0.030926786 -0.0013502925 0.11770206)
(0.031957679 -0.0013953023 0.11770206)
(0.032988572 -0.001440312 0.11770206)
(0.034019465 -0.0014853217 0.11770206)
(0.035050358 -0.0015303315 0.11770206)
(0.036081251 -0.0015753412 0.11770206)
(0.037112143 -0.001620351 0.11770206)
(0.038143036 -0.0016653608 0.11770206)
(0.039173929 -0.0017103705 0.11770206)
(0.040204822 -0.0017553803 0.11770206)
(0.041235715 -0.00180039 0.11770206)
(0.0010308929 4.500975e-05 0.11770206)
(0.0020617858 9.00195e-05 0.11770206)
(0.0030926786 0.00013502925 0.11770206)
(0.0041235715 0.000180039 0.11770206)
(0.0051544644 0.00022504875 0.11770206)
(0.0061853572 0.0002700585 0.11770206)
(0.0072162501 0.00031506825 0.11770206)
(0.008247143 0.000360078 0.11770206)
(0.0092780359 0.00040508775 0.11770206)
(0.010308929 0.0004500975 0.11770206)
(0.011339822 0.00049510725 0.11770206)
(0.012370714 0.000540117 0.11770206)
(0.013401607 0.00058512675 0.11770206)
(0.0144325 0.0006301365 0.11770206)
(0.015463393 0.00067514625 0.11770206)
(0.016494286 0.000720156 0.11770206)
(0.017525179 0.00076516575 0.11770206)
(0.018556072 0.0008101755 0.11770206)
(0.019586965 0.00085518525 0.11770206)
(0.020617857 0.000900195 0.11770206)
(0.02164875 0.00094520475 0.11770206)
(0.022679643 0.0009902145 0.11770206)
(0.023710536 0.0010352243 0.11770206)
(0.024741429 0.001080234 0.11770206)
(0.025772322 0.0011252437 0.11770206)
(0.026803215 0.0011702535 0.11770206)
(0.027834108 0.0012152632 0.11770206)
(0.028865001 0.001260273 0.11770206)
(0.029895893 0.0013052828 0.11770206)
(0.030926786 0.0013502925 0.11770206)
(0.031957679 0.0013953023 0.11770206)
(0.032988572 0.001440312 0.11770206)
(0.034019465 0.0014853217 0.11770206)
(0.035050358 0.0015303315 0.11770206)
(0.036081251 0.0015753412 0.11770206)
(0.037112143 0.001620351 0.11770206)
(0.038143036 0.0016653608 0.11770206)
(0.039173929 0.0017103705 0.11770206)
(0.040204822 0.0017553803 0.11770206)
(0.041235715 0.00180039 0.11770206)
(0 0 0.11782281)
(0.0010308929 -4.500975e-05 0.11782281)
(0.0020617858 -9.00195e-05 0.11782281)
(0.0030926786 -0.00013502925 0.11782281)
(0.0041235715 -0.000180039 0.11782281)
(0.0051544644 -0.00022504875 0.11782281)
(0.0061853572 -0.0002700585 0.11782281)
(0.0072162501 -0.00031506825 0.11782281)
(0.008247143 -0.000360078 0.11782281)
(0.0092780359 -0.00040508775 0.11782281)
(0.010308929 -0.0004500975 0.11782281)
(0.011339822 -0.00049510725 0.11782281)
(0.012370714 -0.000540117 0.11782281)
(0.013401607 -0.00058512675 0.11782281)
(0.0144325 -0.0006301365 0.11782281)
(0.015463393 -0.00067514625 0.11782281)
(0.016494286 -0.000720156 0.11782281)
(0.017525179 -0.00076516575 0.11782281)
(0.018556072 -0.0008101755 0.11782281)
(0.019586965 -0.00085518525 0.11782281)
(0.020617857 -0.000900195 0.11782281)
(0.02164875 -0.00094520475 0.11782281)
(0.022679643 -0.0009902145 0.11782281)
(0.023710536 -0.0010352243 0.11782281)
(0.024741429 -0.001080234 0.11782281)
(0.025772322 -0.0011252437 0.11782281)
(0.026803215 -0.0011702535 0.11782281)
(0.027834108 -0.0012152632 0.11782281)
(0.028865001 -0.001260273 0.11782281)
(0.029895893 -0.0013052828 0.11782281)
(0.030926786 -0.0013502925 0.11782281)
(0.031957679 -0.0013953023 0.11782281)
(0.032988572 -0.001440312 0.11782281)
(0.034019465 -0.0014853217 0.11782281)
(0.035050358 -0.0015303315 0.11782281)
(0.036081251 -0.0015753412 0.11782281)
(0.037112143 -0.001620351 0.11782281)
(0.038143036 -0.0016653608 0.11782281)
(0.039173929 -0.0017103705 0.11782281)
(0.040204822 -0.0017553803 0.11782281)
(0.041235715 -0.00180039 0.11782281)
(0.0010308929 4.500975e-05 0.11782281)
(0.0020617858 9.00195e-05 0.11782281)
(0.0030926786 0.00013502925 0.11782281)
(0.0041235715 0.000180039 0.11782281)
(0.0051544644 0.00022504875 0.11782281)
(0.0061853572 0.0002700585 0.11782281)
(0.0072162501 0.00031506825 0.11782281)
(0.008247143 0.000360078 0.11782281)
(0.0092780359 0.00040508775 0.11782281)
(0.010308929 0.0004500975 0.11782281)
(0.011339822 0.00049510725 0.11782281)
(0.012370714 0.000540117 0.11782281)
(0.013401607 0.00058512675 0.11782281)
(0.0144325 0.0006301365 0.11782281)
(0.015463393 0.00067514625 0.11782281)
(0.016494286 0.000720156 0.11782281)
(0.017525179 0.00076516575 0.11782281)
(0.018556072 0.0008101755 0.11782281)
(0.019586965 0.00085518525 0.11782281)
(0.020617857 0.000900195 0.11782281)
(0.02164875 0.00094520475 0.11782281)
(0.022679643 0.0009902145 0.11782281)
(0.023710536 0.0010352243 0.11782281)
(0.024741429 0.001080234 0.11782281)
(0.025772322 0.0011252437 0.11782281)
(0.026803215 0.0011702535 0.11782281)
(0.027834108 0.0012152632 0.11782281)
(0.028865001 0.001260273 0.11782281)
(0.029895893 0.0013052828 0.11782281)
(0.030926786 0.0013502925 0.11782281)
(0.031957679 0.0013953023 0.11782281)
(0.032988572 0.001440312 0.11782281)
(0.034019465 0.0014853217 0.11782281)
(0.035050358 0.0015303315 0.11782281)
(0.036081251 0.0015753412 0.11782281)
(0.037112143 0.001620351 0.11782281)
(0.038143036 0.0016653608 0.11782281)
(0.039173929 0.0017103705 0.11782281)
(0.040204822 0.0017553803 0.11782281)
(0.041235715 0.00180039 0.11782281)
(0 0 0.11794356)
(0.0010308929 -4.500975e-05 0.11794356)
(0.0020617858 -9.00195e-05 0.11794356)
(0.0030926786 -0.00013502925 0.11794356)
(0.0041235715 -0.000180039 0.11794356)
(0.0051544644 -0.00022504875 0.11794356)
(0.0061853572 -0.0002700585 0.11794356)
(0.0072162501 -0.00031506825 0.11794356)
(0.008247143 -0.000360078 0.11794356)
(0.0092780359 -0.00040508775 0.11794356)
(0.010308929 -0.0004500975 0.11794356)
(0.011339822 -0.00049510725 0.11794356)
(0.012370714 -0.000540117 0.11794356)
(0.013401607 -0.00058512675 0.11794356)
(0.0144325 -0.0006301365 0.11794356)
(0.015463393 -0.00067514625 0.11794356)
(0.016494286 -0.000720156 0.11794356)
(0.017525179 -0.00076516575 0.11794356)
(0.018556072 -0.0008101755 0.11794356)
(0.019586965 -0.00085518525 0.11794356)
(0.020617857 -0.000900195 0.11794356)
(0.02164875 -0.00094520475 0.11794356)
(0.022679643 -0.0009902145 0.11794356)
(0.023710536 -0.0010352243 0.11794356)
(0.024741429 -0.001080234 0.11794356)
(0.025772322 -0.0011252437 0.11794356)
(0.026803215 -0.0011702535 0.11794356)
(0.027834108 -0.0012152632 0.11794356)
(0.028865001 -0.001260273 0.11794356)
(0.029895893 -0.0013052828 0.11794356)
(0.030926786 -0.0013502925 0.11794356)
(0.031957679 -0.0013953023 0.11794356)
(0.032988572 -0.001440312 0.11794356)
(0.034019465 -0.0014853217 0.11794356)
(0.035050358 -0.0015303315 0.11794356)
(0.036081251 -0.0015753412 0.11794356)
(0.037112143 -0.001620351 0.11794356)
(0.038143036 -0.0016653608 0.11794356)
(0.039173929 -0.0017103705 0.11794356)
(0.040204822 -0.0017553803 0.11794356)
(0.041235715 -0.00180039 0.11794356)
(0.0010308929 4.500975e-05 0.11794356)
(0.0020617858 9.00195e-05 0.11794356)
(0.0030926786 0.00013502925 0.11794356)
(0.0041235715 0.000180039 0.11794356)
(0.0051544644 0.00022504875 0.11794356)
(0.0061853572 0.0002700585 0.11794356)
(0.0072162501 0.00031506825 0.11794356)
(0.008247143 0.000360078 0.11794356)
(0.0092780359 0.00040508775 0.11794356)
(0.010308929 0.0004500975 0.11794356)
(0.011339822 0.00049510725 0.11794356)
(0.012370714 0.000540117 0.11794356)
(0.013401607 0.00058512675 0.11794356)
(0.0144325 0.0006301365 0.11794356)
(0.015463393 0.00067514625 0.11794356)
(0.016494286 0.000720156 0.11794356)
(0.017525179 0.00076516575 0.11794356)
(0.018556072 0.0008101755 0.11794356)
(0.019586965 0.00085518525 0.11794356)
(0.020617857 0.000900195 0.11794356)
(0.02164875 0.00094520475 0.11794356)
(0.022679643 0.0009902145 0.11794356)
(0.023710536 0.0010352243 0.11794356)
(0.024741429 0.001080234 0.11794356)
(0.025772322 0.0011252437 0.11794356)
(0.026803215 0.0011702535 0.11794356)
(0.027834108 0.0012152632 0.11794356)
(0.028865001 0.001260273 0.11794356)
(0.029895893 0.0013052828 0.11794356)
(0.030926786 0.0013502925 0.11794356)
(0.031957679 0.0013953023 0.11794356)
(0.032988572 0.001440312 0.11794356)
(0.034019465 0.0014853217 0.11794356)
(0.035050358 0.0015303315 0.11794356)
(0.036081251 0.0015753412 0.11794356)
(0.037112143 0.001620351 0.11794356)
(0.038143036 0.0016653608 0.11794356)
(0.039173929 0.0017103705 0.11794356)
(0.040204822 0.0017553803 0.11794356)
(0.041235715 0.00180039 0.11794356)
(0 0 0.11806431)
(0.0010308929 -4.500975e-05 0.11806431)
(0.0020617858 -9.00195e-05 0.11806431)
(0.0030926786 -0.00013502925 0.11806431)
(0.0041235715 -0.000180039 0.11806431)
(0.0051544644 -0.00022504875 0.11806431)
(0.0061853572 -0.0002700585 0.11806431)
(0.0072162501 -0.00031506825 0.11806431)
(0.008247143 -0.000360078 0.11806431)
(0.0092780359 -0.00040508775 0.11806431)
(0.010308929 -0.0004500975 0.11806431)
(0.011339822 -0.00049510725 0.11806431)
(0.012370714 -0.000540117 0.11806431)
(0.013401607 -0.00058512675 0.11806431)
(0.0144325 -0.0006301365 0.11806431)
(0.015463393 -0.00067514625 0.11806431)
(0.016494286 -0.000720156 0.11806431)
(0.017525179 -0.00076516575 0.11806431)
(0.018556072 -0.0008101755 0.11806431)
(0.019586965 -0.00085518525 0.11806431)
(0.020617857 -0.000900195 0.11806431)
(0.02164875 -0.00094520475 0.11806431)
(0.022679643 -0.0009902145 0.11806431)
(0.023710536 -0.0010352243 0.11806431)
(0.024741429 -0.001080234 0.11806431)
(0.025772322 -0.0011252437 0.11806431)
(0.026803215 -0.0011702535 0.11806431)
(0.027834108 -0.0012152632 0.11806431)
(0.028865001 -0.001260273 0.11806431)
(0.029895893 -0.0013052828 0.11806431)
(0.030926786 -0.0013502925 0.11806431)
(0.031957679 -0.0013953023 0.11806431)
(0.032988572 -0.001440312 0.11806431)
(0.034019465 -0.0014853217 0.11806431)
(0.035050358 -0.0015303315 0.11806431)
(0.036081251 -0.0015753412 0.11806431)
(0.037112143 -0.001620351 0.11806431)
(0.038143036 -0.0016653608 0.11806431)
(0.039173929 -0.0017103705 0.11806431)
(0.040204822 -0.0017553803 0.11806431)
(0.041235715 -0.00180039 0.11806431)
(0.0010308929 4.500975e-05 0.11806431)
(0.0020617858 9.00195e-05 0.11806431)
(0.0030926786 0.00013502925 0.11806431)
(0.0041235715 0.000180039 0.11806431)
(0.0051544644 0.00022504875 0.11806431)
(0.0061853572 0.0002700585 0.11806431)
(0.0072162501 0.00031506825 0.11806431)
(0.008247143 0.000360078 0.11806431)
(0.0092780359 0.00040508775 0.11806431)
(0.010308929 0.0004500975 0.11806431)
(0.011339822 0.00049510725 0.11806431)
(0.012370714 0.000540117 0.11806431)
(0.013401607 0.00058512675 0.11806431)
(0.0144325 0.0006301365 0.11806431)
(0.015463393 0.00067514625 0.11806431)
(0.016494286 0.000720156 0.11806431)
(0.017525179 0.00076516575 0.11806431)
(0.018556072 0.0008101755 0.11806431)
(0.019586965 0.00085518525 0.11806431)
(0.020617857 0.000900195 0.11806431)
(0.02164875 0.00094520475 0.11806431)
(0.022679643 0.0009902145 0.11806431)
(0.023710536 0.0010352243 0.11806431)
(0.024741429 0.001080234 0.11806431)
(0.025772322 0.0011252437 0.11806431)
(0.026803215 0.0011702535 0.11806431)
(0.027834108 0.0012152632 0.11806431)
(0.028865001 0.001260273 0.11806431)
(0.029895893 0.0013052828 0.11806431)
(0.030926786 0.0013502925 0.11806431)
(0.031957679 0.0013953023 0.11806431)
(0.032988572 0.001440312 0.11806431)
(0.034019465 0.0014853217 0.11806431)
(0.035050358 0.0015303315 0.11806431)
(0.036081251 0.0015753412 0.11806431)
(0.037112143 0.001620351 0.11806431)
(0.038143036 0.0016653608 0.11806431)
(0.039173929 0.0017103705 0.11806431)
(0.040204822 0.0017553803 0.11806431)
(0.041235715 0.00180039 0.11806431)
(0 0 0.11818506)
(0.0010308929 -4.500975e-05 0.11818506)
(0.0020617858 -9.00195e-05 0.11818506)
(0.0030926786 -0.00013502925 0.11818506)
(0.0041235715 -0.000180039 0.11818506)
(0.0051544644 -0.00022504875 0.11818506)
(0.0061853572 -0.0002700585 0.11818506)
(0.0072162501 -0.00031506825 0.11818506)
(0.008247143 -0.000360078 0.11818506)
(0.0092780359 -0.00040508775 0.11818506)
(0.010308929 -0.0004500975 0.11818506)
(0.011339822 -0.00049510725 0.11818506)
(0.012370714 -0.000540117 0.11818506)
(0.013401607 -0.00058512675 0.11818506)
(0.0144325 -0.0006301365 0.11818506)
(0.015463393 -0.00067514625 0.11818506)
(0.016494286 -0.000720156 0.11818506)
(0.017525179 -0.00076516575 0.11818506)
(0.018556072 -0.0008101755 0.11818506)
(0.019586965 -0.00085518525 0.11818506)
(0.020617857 -0.000900195 0.11818506)
(0.02164875 -0.00094520475 0.11818506)
(0.022679643 -0.0009902145 0.11818506)
(0.023710536 -0.0010352243 0.11818506)
(0.024741429 -0.001080234 0.11818506)
(0.025772322 -0.0011252437 0.11818506)
(0.026803215 -0.0011702535 0.11818506)
(0.027834108 -0.0012152632 0.11818506)
(0.028865001 -0.001260273 0.11818506)
(0.029895893 -0.0013052828 0.11818506)
(0.030926786 -0.0013502925 0.11818506)
(0.031957679 -0.0013953023 0.11818506)
(0.032988572 -0.001440312 0.11818506)
(0.034019465 -0.0014853217 0.11818506)
(0.035050358 -0.0015303315 0.11818506)
(0.036081251 -0.0015753412 0.11818506)
(0.037112143 -0.001620351 0.11818506)
(0.038143036 -0.0016653608 0.11818506)
(0.039173929 -0.0017103705 0.11818506)
(0.040204822 -0.0017553803 0.11818506)
(0.041235715 -0.00180039 0.11818506)
(0.0010308929 4.500975e-05 0.11818506)
(0.0020617858 9.00195e-05 0.11818506)
(0.0030926786 0.00013502925 0.11818506)
(0.0041235715 0.000180039 0.11818506)
(0.0051544644 0.00022504875 0.11818506)
(0.0061853572 0.0002700585 0.11818506)
(0.0072162501 0.00031506825 0.11818506)
(0.008247143 0.000360078 0.11818506)
(0.0092780359 0.00040508775 0.11818506)
(0.010308929 0.0004500975 0.11818506)
(0.011339822 0.00049510725 0.11818506)
(0.012370714 0.000540117 0.11818506)
(0.013401607 0.00058512675 0.11818506)
(0.0144325 0.0006301365 0.11818506)
(0.015463393 0.00067514625 0.11818506)
(0.016494286 0.000720156 0.11818506)
(0.017525179 0.00076516575 0.11818506)
(0.018556072 0.0008101755 0.11818506)
(0.019586965 0.00085518525 0.11818506)
(0.020617857 0.000900195 0.11818506)
(0.02164875 0.00094520475 0.11818506)
(0.022679643 0.0009902145 0.11818506)
(0.023710536 0.0010352243 0.11818506)
(0.024741429 0.001080234 0.11818506)
(0.025772322 0.0011252437 0.11818506)
(0.026803215 0.0011702535 0.11818506)
(0.027834108 0.0012152632 0.11818506)
(0.028865001 0.001260273 0.11818506)
(0.029895893 0.0013052828 0.11818506)
(0.030926786 0.0013502925 0.11818506)
(0.031957679 0.0013953023 0.11818506)
(0.032988572 0.001440312 0.11818506)
(0.034019465 0.0014853217 0.11818506)
(0.035050358 0.0015303315 0.11818506)
(0.036081251 0.0015753412 0.11818506)
(0.037112143 0.001620351 0.11818506)
(0.038143036 0.0016653608 0.11818506)
(0.039173929 0.0017103705 0.11818506)
(0.040204822 0.0017553803 0.11818506)
(0.041235715 0.00180039 0.11818506)
(0 0 0.11830581)
(0.0010308929 -4.500975e-05 0.11830581)
(0.0020617858 -9.00195e-05 0.11830581)
(0.0030926786 -0.00013502925 0.11830581)
(0.0041235715 -0.000180039 0.11830581)
(0.0051544644 -0.00022504875 0.11830581)
(0.0061853572 -0.0002700585 0.11830581)
(0.0072162501 -0.00031506825 0.11830581)
(0.008247143 -0.000360078 0.11830581)
(0.0092780359 -0.00040508775 0.11830581)
(0.010308929 -0.0004500975 0.11830581)
(0.011339822 -0.00049510725 0.11830581)
(0.012370714 -0.000540117 0.11830581)
(0.013401607 -0.00058512675 0.11830581)
(0.0144325 -0.0006301365 0.11830581)
(0.015463393 -0.00067514625 0.11830581)
(0.016494286 -0.000720156 0.11830581)
(0.017525179 -0.00076516575 0.11830581)
(0.018556072 -0.0008101755 0.11830581)
(0.019586965 -0.00085518525 0.11830581)
(0.020617857 -0.000900195 0.11830581)
(0.02164875 -0.00094520475 0.11830581)
(0.022679643 -0.0009902145 0.11830581)
(0.023710536 -0.0010352243 0.11830581)
(0.024741429 -0.001080234 0.11830581)
(0.025772322 -0.0011252437 0.11830581)
(0.026803215 -0.0011702535 0.11830581)
(0.027834108 -0.0012152632 0.11830581)
(0.028865001 -0.001260273 0.11830581)
(0.029895893 -0.0013052828 0.11830581)
(0.030926786 -0.0013502925 0.11830581)
(0.031957679 -0.0013953023 0.11830581)
(0.032988572 -0.001440312 0.11830581)
(0.034019465 -0.0014853217 0.11830581)
(0.035050358 -0.0015303315 0.11830581)
(0.036081251 -0.0015753412 0.11830581)
(0.037112143 -0.001620351 0.11830581)
(0.038143036 -0.0016653608 0.11830581)
(0.039173929 -0.0017103705 0.11830581)
(0.040204822 -0.0017553803 0.11830581)
(0.041235715 -0.00180039 0.11830581)
(0.0010308929 4.500975e-05 0.11830581)
(0.0020617858 9.00195e-05 0.11830581)
(0.0030926786 0.00013502925 0.11830581)
(0.0041235715 0.000180039 0.11830581)
(0.0051544644 0.00022504875 0.11830581)
(0.0061853572 0.0002700585 0.11830581)
(0.0072162501 0.00031506825 0.11830581)
(0.008247143 0.000360078 0.11830581)
(0.0092780359 0.00040508775 0.11830581)
(0.010308929 0.0004500975 0.11830581)
(0.011339822 0.00049510725 0.11830581)
(0.012370714 0.000540117 0.11830581)
(0.013401607 0.00058512675 0.11830581)
(0.0144325 0.0006301365 0.11830581)
(0.015463393 0.00067514625 0.11830581)
(0.016494286 0.000720156 0.11830581)
(0.017525179 0.00076516575 0.11830581)
(0.018556072 0.0008101755 0.11830581)
(0.019586965 0.00085518525 0.11830581)
(0.020617857 0.000900195 0.11830581)
(0.02164875 0.00094520475 0.11830581)
(0.022679643 0.0009902145 0.11830581)
(0.023710536 0.0010352243 0.11830581)
(0.024741429 0.001080234 0.11830581)
(0.025772322 0.0011252437 0.11830581)
(0.026803215 0.0011702535 0.11830581)
(0.027834108 0.0012152632 0.11830581)
(0.028865001 0.001260273 0.11830581)
(0.029895893 0.0013052828 0.11830581)
(0.030926786 0.0013502925 0.11830581)
(0.031957679 0.0013953023 0.11830581)
(0.032988572 0.001440312 0.11830581)
(0.034019465 0.0014853217 0.11830581)
(0.035050358 0.0015303315 0.11830581)
(0.036081251 0.0015753412 0.11830581)
(0.037112143 0.001620351 0.11830581)
(0.038143036 0.0016653608 0.11830581)
(0.039173929 0.0017103705 0.11830581)
(0.040204822 0.0017553803 0.11830581)
(0.041235715 0.00180039 0.11830581)
(0 0 0.11842657)
(0.0010308929 -4.500975e-05 0.11842657)
(0.0020617858 -9.00195e-05 0.11842657)
(0.0030926786 -0.00013502925 0.11842657)
(0.0041235715 -0.000180039 0.11842657)
(0.0051544644 -0.00022504875 0.11842657)
(0.0061853572 -0.0002700585 0.11842657)
(0.0072162501 -0.00031506825 0.11842657)
(0.008247143 -0.000360078 0.11842657)
(0.0092780359 -0.00040508775 0.11842657)
(0.010308929 -0.0004500975 0.11842657)
(0.011339822 -0.00049510725 0.11842657)
(0.012370714 -0.000540117 0.11842657)
(0.013401607 -0.00058512675 0.11842657)
(0.0144325 -0.0006301365 0.11842657)
(0.015463393 -0.00067514625 0.11842657)
(0.016494286 -0.000720156 0.11842657)
(0.017525179 -0.00076516575 0.11842657)
(0.018556072 -0.0008101755 0.11842657)
(0.019586965 -0.00085518525 0.11842657)
(0.020617857 -0.000900195 0.11842657)
(0.02164875 -0.00094520475 0.11842657)
(0.022679643 -0.0009902145 0.11842657)
(0.023710536 -0.0010352243 0.11842657)
(0.024741429 -0.001080234 0.11842657)
(0.025772322 -0.0011252437 0.11842657)
(0.026803215 -0.0011702535 0.11842657)
(0.027834108 -0.0012152632 0.11842657)
(0.028865001 -0.001260273 0.11842657)
(0.029895893 -0.0013052828 0.11842657)
(0.030926786 -0.0013502925 0.11842657)
(0.031957679 -0.0013953023 0.11842657)
(0.032988572 -0.001440312 0.11842657)
(0.034019465 -0.0014853217 0.11842657)
(0.035050358 -0.0015303315 0.11842657)
(0.036081251 -0.0015753412 0.11842657)
(0.037112143 -0.001620351 0.11842657)
(0.038143036 -0.0016653608 0.11842657)
(0.039173929 -0.0017103705 0.11842657)
(0.040204822 -0.0017553803 0.11842657)
(0.041235715 -0.00180039 0.11842657)
(0.0010308929 4.500975e-05 0.11842657)
(0.0020617858 9.00195e-05 0.11842657)
(0.0030926786 0.00013502925 0.11842657)
(0.0041235715 0.000180039 0.11842657)
(0.0051544644 0.00022504875 0.11842657)
(0.0061853572 0.0002700585 0.11842657)
(0.0072162501 0.00031506825 0.11842657)
(0.008247143 0.000360078 0.11842657)
(0.0092780359 0.00040508775 0.11842657)
(0.010308929 0.0004500975 0.11842657)
(0.011339822 0.00049510725 0.11842657)
(0.012370714 0.000540117 0.11842657)
(0.013401607 0.00058512675 0.11842657)
(0.0144325 0.0006301365 0.11842657)
(0.015463393 0.00067514625 0.11842657)
(0.016494286 0.000720156 0.11842657)
(0.017525179 0.00076516575 0.11842657)
(0.018556072 0.0008101755 0.11842657)
(0.019586965 0.00085518525 0.11842657)
(0.020617857 0.000900195 0.11842657)
(0.02164875 0.00094520475 0.11842657)
(0.022679643 0.0009902145 0.11842657)
(0.023710536 0.0010352243 0.11842657)
(0.024741429 0.001080234 0.11842657)
(0.025772322 0.0011252437 0.11842657)
(0.026803215 0.0011702535 0.11842657)
(0.027834108 0.0012152632 0.11842657)
(0.028865001 0.001260273 0.11842657)
(0.029895893 0.0013052828 0.11842657)
(0.030926786 0.0013502925 0.11842657)
(0.031957679 0.0013953023 0.11842657)
(0.032988572 0.001440312 0.11842657)
(0.034019465 0.0014853217 0.11842657)
(0.035050358 0.0015303315 0.11842657)
(0.036081251 0.0015753412 0.11842657)
(0.037112143 0.001620351 0.11842657)
(0.038143036 0.0016653608 0.11842657)
(0.039173929 0.0017103705 0.11842657)
(0.040204822 0.0017553803 0.11842657)
(0.041235715 0.00180039 0.11842657)
(0 0 0.11854732)
(0.0010308929 -4.500975e-05 0.11854732)
(0.0020617858 -9.00195e-05 0.11854732)
(0.0030926786 -0.00013502925 0.11854732)
(0.0041235715 -0.000180039 0.11854732)
(0.0051544644 -0.00022504875 0.11854732)
(0.0061853572 -0.0002700585 0.11854732)
(0.0072162501 -0.00031506825 0.11854732)
(0.008247143 -0.000360078 0.11854732)
(0.0092780359 -0.00040508775 0.11854732)
(0.010308929 -0.0004500975 0.11854732)
(0.011339822 -0.00049510725 0.11854732)
(0.012370714 -0.000540117 0.11854732)
(0.013401607 -0.00058512675 0.11854732)
(0.0144325 -0.0006301365 0.11854732)
(0.015463393 -0.00067514625 0.11854732)
(0.016494286 -0.000720156 0.11854732)
(0.017525179 -0.00076516575 0.11854732)
(0.018556072 -0.0008101755 0.11854732)
(0.019586965 -0.00085518525 0.11854732)
(0.020617857 -0.000900195 0.11854732)
(0.02164875 -0.00094520475 0.11854732)
(0.022679643 -0.0009902145 0.11854732)
(0.023710536 -0.0010352243 0.11854732)
(0.024741429 -0.001080234 0.11854732)
(0.025772322 -0.0011252437 0.11854732)
(0.026803215 -0.0011702535 0.11854732)
(0.027834108 -0.0012152632 0.11854732)
(0.028865001 -0.001260273 0.11854732)
(0.029895893 -0.0013052828 0.11854732)
(0.030926786 -0.0013502925 0.11854732)
(0.031957679 -0.0013953023 0.11854732)
(0.032988572 -0.001440312 0.11854732)
(0.034019465 -0.0014853217 0.11854732)
(0.035050358 -0.0015303315 0.11854732)
(0.036081251 -0.0015753412 0.11854732)
(0.037112143 -0.001620351 0.11854732)
(0.038143036 -0.0016653608 0.11854732)
(0.039173929 -0.0017103705 0.11854732)
(0.040204822 -0.0017553803 0.11854732)
(0.041235715 -0.00180039 0.11854732)
(0.0010308929 4.500975e-05 0.11854732)
(0.0020617858 9.00195e-05 0.11854732)
(0.0030926786 0.00013502925 0.11854732)
(0.0041235715 0.000180039 0.11854732)
(0.0051544644 0.00022504875 0.11854732)
(0.0061853572 0.0002700585 0.11854732)
(0.0072162501 0.00031506825 0.11854732)
(0.008247143 0.000360078 0.11854732)
(0.0092780359 0.00040508775 0.11854732)
(0.010308929 0.0004500975 0.11854732)
(0.011339822 0.00049510725 0.11854732)
(0.012370714 0.000540117 0.11854732)
(0.013401607 0.00058512675 0.11854732)
(0.0144325 0.0006301365 0.11854732)
(0.015463393 0.00067514625 0.11854732)
(0.016494286 0.000720156 0.11854732)
(0.017525179 0.00076516575 0.11854732)
(0.018556072 0.0008101755 0.11854732)
(0.019586965 0.00085518525 0.11854732)
(0.020617857 0.000900195 0.11854732)
(0.02164875 0.00094520475 0.11854732)
(0.022679643 0.0009902145 0.11854732)
(0.023710536 0.0010352243 0.11854732)
(0.024741429 0.001080234 0.11854732)
(0.025772322 0.0011252437 0.11854732)
(0.026803215 0.0011702535 0.11854732)
(0.027834108 0.0012152632 0.11854732)
(0.028865001 0.001260273 0.11854732)
(0.029895893 0.0013052828 0.11854732)
(0.030926786 0.0013502925 0.11854732)
(0.031957679 0.0013953023 0.11854732)
(0.032988572 0.001440312 0.11854732)
(0.034019465 0.0014853217 0.11854732)
(0.035050358 0.0015303315 0.11854732)
(0.036081251 0.0015753412 0.11854732)
(0.037112143 0.001620351 0.11854732)
(0.038143036 0.0016653608 0.11854732)
(0.039173929 0.0017103705 0.11854732)
(0.040204822 0.0017553803 0.11854732)
(0.041235715 0.00180039 0.11854732)
(0 0 0.11866808)
(0.0010308929 -4.500975e-05 0.11866808)
(0.0020617858 -9.00195e-05 0.11866808)
(0.0030926786 -0.00013502925 0.11866808)
(0.0041235715 -0.000180039 0.11866808)
(0.0051544644 -0.00022504875 0.11866808)
(0.0061853572 -0.0002700585 0.11866808)
(0.0072162501 -0.00031506825 0.11866808)
(0.008247143 -0.000360078 0.11866808)
(0.0092780359 -0.00040508775 0.11866808)
(0.010308929 -0.0004500975 0.11866808)
(0.011339822 -0.00049510725 0.11866808)
(0.012370714 -0.000540117 0.11866808)
(0.013401607 -0.00058512675 0.11866808)
(0.0144325 -0.0006301365 0.11866808)
(0.015463393 -0.00067514625 0.11866808)
(0.016494286 -0.000720156 0.11866808)
(0.017525179 -0.00076516575 0.11866808)
(0.018556072 -0.0008101755 0.11866808)
(0.019586965 -0.00085518525 0.11866808)
(0.020617857 -0.000900195 0.11866808)
(0.02164875 -0.00094520475 0.11866808)
(0.022679643 -0.0009902145 0.11866808)
(0.023710536 -0.0010352243 0.11866808)
(0.024741429 -0.001080234 0.11866808)
(0.025772322 -0.0011252437 0.11866808)
(0.026803215 -0.0011702535 0.11866808)
(0.027834108 -0.0012152632 0.11866808)
(0.028865001 -0.001260273 0.11866808)
(0.029895893 -0.0013052828 0.11866808)
(0.030926786 -0.0013502925 0.11866808)
(0.031957679 -0.0013953023 0.11866808)
(0.032988572 -0.001440312 0.11866808)
(0.034019465 -0.0014853217 0.11866808)
(0.035050358 -0.0015303315 0.11866808)
(0.036081251 -0.0015753412 0.11866808)
(0.037112143 -0.001620351 0.11866808)
(0.038143036 -0.0016653608 0.11866808)
(0.039173929 -0.0017103705 0.11866808)
(0.040204822 -0.0017553803 0.11866808)
(0.041235715 -0.00180039 0.11866808)
(0.0010308929 4.500975e-05 0.11866808)
(0.0020617858 9.00195e-05 0.11866808)
(0.0030926786 0.00013502925 0.11866808)
(0.0041235715 0.000180039 0.11866808)
(0.0051544644 0.00022504875 0.11866808)
(0.0061853572 0.0002700585 0.11866808)
(0.0072162501 0.00031506825 0.11866808)
(0.008247143 0.000360078 0.11866808)
(0.0092780359 0.00040508775 0.11866808)
(0.010308929 0.0004500975 0.11866808)
(0.011339822 0.00049510725 0.11866808)
(0.012370714 0.000540117 0.11866808)
(0.013401607 0.00058512675 0.11866808)
(0.0144325 0.0006301365 0.11866808)
(0.015463393 0.00067514625 0.11866808)
(0.016494286 0.000720156 0.11866808)
(0.017525179 0.00076516575 0.11866808)
(0.018556072 0.0008101755 0.11866808)
(0.019586965 0.00085518525 0.11866808)
(0.020617857 0.000900195 0.11866808)
(0.02164875 0.00094520475 0.11866808)
(0.022679643 0.0009902145 0.11866808)
(0.023710536 0.0010352243 0.11866808)
(0.024741429 0.001080234 0.11866808)
(0.025772322 0.0011252437 0.11866808)
(0.026803215 0.0011702535 0.11866808)
(0.027834108 0.0012152632 0.11866808)
(0.028865001 0.001260273 0.11866808)
(0.029895893 0.0013052828 0.11866808)
(0.030926786 0.0013502925 0.11866808)
(0.031957679 0.0013953023 0.11866808)
(0.032988572 0.001440312 0.11866808)
(0.034019465 0.0014853217 0.11866808)
(0.035050358 0.0015303315 0.11866808)
(0.036081251 0.0015753412 0.11866808)
(0.037112143 0.001620351 0.11866808)
(0.038143036 0.0016653608 0.11866808)
(0.039173929 0.0017103705 0.11866808)
(0.040204822 0.0017553803 0.11866808)
(0.041235715 0.00180039 0.11866808)
(0 0 0.11878883)
(0.0010308929 -4.500975e-05 0.11878883)
(0.0020617858 -9.00195e-05 0.11878883)
(0.0030926786 -0.00013502925 0.11878883)
(0.0041235715 -0.000180039 0.11878883)
(0.0051544644 -0.00022504875 0.11878883)
(0.0061853572 -0.0002700585 0.11878883)
(0.0072162501 -0.00031506825 0.11878883)
(0.008247143 -0.000360078 0.11878883)
(0.0092780359 -0.00040508775 0.11878883)
(0.010308929 -0.0004500975 0.11878883)
(0.011339822 -0.00049510725 0.11878883)
(0.012370714 -0.000540117 0.11878883)
(0.013401607 -0.00058512675 0.11878883)
(0.0144325 -0.0006301365 0.11878883)
(0.015463393 -0.00067514625 0.11878883)
(0.016494286 -0.000720156 0.11878883)
(0.017525179 -0.00076516575 0.11878883)
(0.018556072 -0.0008101755 0.11878883)
(0.019586965 -0.00085518525 0.11878883)
(0.020617857 -0.000900195 0.11878883)
(0.02164875 -0.00094520475 0.11878883)
(0.022679643 -0.0009902145 0.11878883)
(0.023710536 -0.0010352243 0.11878883)
(0.024741429 -0.001080234 0.11878883)
(0.025772322 -0.0011252437 0.11878883)
(0.026803215 -0.0011702535 0.11878883)
(0.027834108 -0.0012152632 0.11878883)
(0.028865001 -0.001260273 0.11878883)
(0.029895893 -0.0013052828 0.11878883)
(0.030926786 -0.0013502925 0.11878883)
(0.031957679 -0.0013953023 0.11878883)
(0.032988572 -0.001440312 0.11878883)
(0.034019465 -0.0014853217 0.11878883)
(0.035050358 -0.0015303315 0.11878883)
(0.036081251 -0.0015753412 0.11878883)
(0.037112143 -0.001620351 0.11878883)
(0.038143036 -0.0016653608 0.11878883)
(0.039173929 -0.0017103705 0.11878883)
(0.040204822 -0.0017553803 0.11878883)
(0.041235715 -0.00180039 0.11878883)
(0.0010308929 4.500975e-05 0.11878883)
(0.0020617858 9.00195e-05 0.11878883)
(0.0030926786 0.00013502925 0.11878883)
(0.0041235715 0.000180039 0.11878883)
(0.0051544644 0.00022504875 0.11878883)
(0.0061853572 0.0002700585 0.11878883)
(0.0072162501 0.00031506825 0.11878883)
(0.008247143 0.000360078 0.11878883)
(0.0092780359 0.00040508775 0.11878883)
(0.010308929 0.0004500975 0.11878883)
(0.011339822 0.00049510725 0.11878883)
(0.012370714 0.000540117 0.11878883)
(0.013401607 0.00058512675 0.11878883)
(0.0144325 0.0006301365 0.11878883)
(0.015463393 0.00067514625 0.11878883)
(0.016494286 0.000720156 0.11878883)
(0.017525179 0.00076516575 0.11878883)
(0.018556072 0.0008101755 0.11878883)
(0.019586965 0.00085518525 0.11878883)
(0.020617857 0.000900195 0.11878883)
(0.02164875 0.00094520475 0.11878883)
(0.022679643 0.0009902145 0.11878883)
(0.023710536 0.0010352243 0.11878883)
(0.024741429 0.001080234 0.11878883)
(0.025772322 0.0011252437 0.11878883)
(0.026803215 0.0011702535 0.11878883)
(0.027834108 0.0012152632 0.11878883)
(0.028865001 0.001260273 0.11878883)
(0.029895893 0.0013052828 0.11878883)
(0.030926786 0.0013502925 0.11878883)
(0.031957679 0.0013953023 0.11878883)
(0.032988572 0.001440312 0.11878883)
(0.034019465 0.0014853217 0.11878883)
(0.035050358 0.0015303315 0.11878883)
(0.036081251 0.0015753412 0.11878883)
(0.037112143 0.001620351 0.11878883)
(0.038143036 0.0016653608 0.11878883)
(0.039173929 0.0017103705 0.11878883)
(0.040204822 0.0017553803 0.11878883)
(0.041235715 0.00180039 0.11878883)
(0 0 0.11890958)
(0.0010308929 -4.500975e-05 0.11890958)
(0.0020617858 -9.00195e-05 0.11890958)
(0.0030926786 -0.00013502925 0.11890958)
(0.0041235715 -0.000180039 0.11890958)
(0.0051544644 -0.00022504875 0.11890958)
(0.0061853572 -0.0002700585 0.11890958)
(0.0072162501 -0.00031506825 0.11890958)
(0.008247143 -0.000360078 0.11890958)
(0.0092780359 -0.00040508775 0.11890958)
(0.010308929 -0.0004500975 0.11890958)
(0.011339822 -0.00049510725 0.11890958)
(0.012370714 -0.000540117 0.11890958)
(0.013401607 -0.00058512675 0.11890958)
(0.0144325 -0.0006301365 0.11890958)
(0.015463393 -0.00067514625 0.11890958)
(0.016494286 -0.000720156 0.11890958)
(0.017525179 -0.00076516575 0.11890958)
(0.018556072 -0.0008101755 0.11890958)
(0.019586965 -0.00085518525 0.11890958)
(0.020617857 -0.000900195 0.11890958)
(0.02164875 -0.00094520475 0.11890958)
(0.022679643 -0.0009902145 0.11890958)
(0.023710536 -0.0010352243 0.11890958)
(0.024741429 -0.001080234 0.11890958)
(0.025772322 -0.0011252437 0.11890958)
(0.026803215 -0.0011702535 0.11890958)
(0.027834108 -0.0012152632 0.11890958)
(0.028865001 -0.001260273 0.11890958)
(0.029895893 -0.0013052828 0.11890958)
(0.030926786 -0.0013502925 0.11890958)
(0.031957679 -0.0013953023 0.11890958)
(0.032988572 -0.001440312 0.11890958)
(0.034019465 -0.0014853217 0.11890958)
(0.035050358 -0.0015303315 0.11890958)
(0.036081251 -0.0015753412 0.11890958)
(0.037112143 -0.001620351 0.11890958)
(0.038143036 -0.0016653608 0.11890958)
(0.039173929 -0.0017103705 0.11890958)
(0.040204822 -0.0017553803 0.11890958)
(0.041235715 -0.00180039 0.11890958)
(0.0010308929 4.500975e-05 0.11890958)
(0.0020617858 9.00195e-05 0.11890958)
(0.0030926786 0.00013502925 0.11890958)
(0.0041235715 0.000180039 0.11890958)
(0.0051544644 0.00022504875 0.11890958)
(0.0061853572 0.0002700585 0.11890958)
(0.0072162501 0.00031506825 0.11890958)
(0.008247143 0.000360078 0.11890958)
(0.0092780359 0.00040508775 0.11890958)
(0.010308929 0.0004500975 0.11890958)
(0.011339822 0.00049510725 0.11890958)
(0.012370714 0.000540117 0.11890958)
(0.013401607 0.00058512675 0.11890958)
(0.0144325 0.0006301365 0.11890958)
(0.015463393 0.00067514625 0.11890958)
(0.016494286 0.000720156 0.11890958)
(0.017525179 0.00076516575 0.11890958)
(0.018556072 0.0008101755 0.11890958)
(0.019586965 0.00085518525 0.11890958)
(0.020617857 0.000900195 0.11890958)
(0.02164875 0.00094520475 0.11890958)
(0.022679643 0.0009902145 0.11890958)
(0.023710536 0.0010352243 0.11890958)
(0.024741429 0.001080234 0.11890958)
(0.025772322 0.0011252437 0.11890958)
(0.026803215 0.0011702535 0.11890958)
(0.027834108 0.0012152632 0.11890958)
(0.028865001 0.001260273 0.11890958)
(0.029895893 0.0013052828 0.11890958)
(0.030926786 0.0013502925 0.11890958)
(0.031957679 0.0013953023 0.11890958)
(0.032988572 0.001440312 0.11890958)
(0.034019465 0.0014853217 0.11890958)
(0.035050358 0.0015303315 0.11890958)
(0.036081251 0.0015753412 0.11890958)
(0.037112143 0.001620351 0.11890958)
(0.038143036 0.0016653608 0.11890958)
(0.039173929 0.0017103705 0.11890958)
(0.040204822 0.0017553803 0.11890958)
(0.041235715 0.00180039 0.11890958)
(0 0 0.11903033)
(0.0010308929 -4.500975e-05 0.11903033)
(0.0020617858 -9.00195e-05 0.11903033)
(0.0030926786 -0.00013502925 0.11903033)
(0.0041235715 -0.000180039 0.11903033)
(0.0051544644 -0.00022504875 0.11903033)
(0.0061853572 -0.0002700585 0.11903033)
(0.0072162501 -0.00031506825 0.11903033)
(0.008247143 -0.000360078 0.11903033)
(0.0092780359 -0.00040508775 0.11903033)
(0.010308929 -0.0004500975 0.11903033)
(0.011339822 -0.00049510725 0.11903033)
(0.012370714 -0.000540117 0.11903033)
(0.013401607 -0.00058512675 0.11903033)
(0.0144325 -0.0006301365 0.11903033)
(0.015463393 -0.00067514625 0.11903033)
(0.016494286 -0.000720156 0.11903033)
(0.017525179 -0.00076516575 0.11903033)
(0.018556072 -0.0008101755 0.11903033)
(0.019586965 -0.00085518525 0.11903033)
(0.020617857 -0.000900195 0.11903033)
(0.02164875 -0.00094520475 0.11903033)
(0.022679643 -0.0009902145 0.11903033)
(0.023710536 -0.0010352243 0.11903033)
(0.024741429 -0.001080234 0.11903033)
(0.025772322 -0.0011252437 0.11903033)
(0.026803215 -0.0011702535 0.11903033)
(0.027834108 -0.0012152632 0.11903033)
(0.028865001 -0.001260273 0.11903033)
(0.029895893 -0.0013052828 0.11903033)
(0.030926786 -0.0013502925 0.11903033)
(0.031957679 -0.0013953023 0.11903033)
(0.032988572 -0.001440312 0.11903033)
(0.034019465 -0.0014853217 0.11903033)
(0.035050358 -0.0015303315 0.11903033)
(0.036081251 -0.0015753412 0.11903033)
(0.037112143 -0.001620351 0.11903033)
(0.038143036 -0.0016653608 0.11903033)
(0.039173929 -0.0017103705 0.11903033)
(0.040204822 -0.0017553803 0.11903033)
(0.041235715 -0.00180039 0.11903033)
(0.0010308929 4.500975e-05 0.11903033)
(0.0020617858 9.00195e-05 0.11903033)
(0.0030926786 0.00013502925 0.11903033)
(0.0041235715 0.000180039 0.11903033)
(0.0051544644 0.00022504875 0.11903033)
(0.0061853572 0.0002700585 0.11903033)
(0.0072162501 0.00031506825 0.11903033)
(0.008247143 0.000360078 0.11903033)
(0.0092780359 0.00040508775 0.11903033)
(0.010308929 0.0004500975 0.11903033)
(0.011339822 0.00049510725 0.11903033)
(0.012370714 0.000540117 0.11903033)
(0.013401607 0.00058512675 0.11903033)
(0.0144325 0.0006301365 0.11903033)
(0.015463393 0.00067514625 0.11903033)
(0.016494286 0.000720156 0.11903033)
(0.017525179 0.00076516575 0.11903033)
(0.018556072 0.0008101755 0.11903033)
(0.019586965 0.00085518525 0.11903033)
(0.020617857 0.000900195 0.11903033)
(0.02164875 0.00094520475 0.11903033)
(0.022679643 0.0009902145 0.11903033)
(0.023710536 0.0010352243 0.11903033)
(0.024741429 0.001080234 0.11903033)
(0.025772322 0.0011252437 0.11903033)
(0.026803215 0.0011702535 0.11903033)
(0.027834108 0.0012152632 0.11903033)
(0.028865001 0.001260273 0.11903033)
(0.029895893 0.0013052828 0.11903033)
(0.030926786 0.0013502925 0.11903033)
(0.031957679 0.0013953023 0.11903033)
(0.032988572 0.001440312 0.11903033)
(0.034019465 0.0014853217 0.11903033)
(0.035050358 0.0015303315 0.11903033)
(0.036081251 0.0015753412 0.11903033)
(0.037112143 0.001620351 0.11903033)
(0.038143036 0.0016653608 0.11903033)
(0.039173929 0.0017103705 0.11903033)
(0.040204822 0.0017553803 0.11903033)
(0.041235715 0.00180039 0.11903033)
(0 0 0.11915108)
(0.0010308929 -4.500975e-05 0.11915108)
(0.0020617858 -9.00195e-05 0.11915108)
(0.0030926786 -0.00013502925 0.11915108)
(0.0041235715 -0.000180039 0.11915108)
(0.0051544644 -0.00022504875 0.11915108)
(0.0061853572 -0.0002700585 0.11915108)
(0.0072162501 -0.00031506825 0.11915108)
(0.008247143 -0.000360078 0.11915108)
(0.0092780359 -0.00040508775 0.11915108)
(0.010308929 -0.0004500975 0.11915108)
(0.011339822 -0.00049510725 0.11915108)
(0.012370714 -0.000540117 0.11915108)
(0.013401607 -0.00058512675 0.11915108)
(0.0144325 -0.0006301365 0.11915108)
(0.015463393 -0.00067514625 0.11915108)
(0.016494286 -0.000720156 0.11915108)
(0.017525179 -0.00076516575 0.11915108)
(0.018556072 -0.0008101755 0.11915108)
(0.019586965 -0.00085518525 0.11915108)
(0.020617857 -0.000900195 0.11915108)
(0.02164875 -0.00094520475 0.11915108)
(0.022679643 -0.0009902145 0.11915108)
(0.023710536 -0.0010352243 0.11915108)
(0.024741429 -0.001080234 0.11915108)
(0.025772322 -0.0011252437 0.11915108)
(0.026803215 -0.0011702535 0.11915108)
(0.027834108 -0.0012152632 0.11915108)
(0.028865001 -0.001260273 0.11915108)
(0.029895893 -0.0013052828 0.11915108)
(0.030926786 -0.0013502925 0.11915108)
(0.031957679 -0.0013953023 0.11915108)
(0.032988572 -0.001440312 0.11915108)
(0.034019465 -0.0014853217 0.11915108)
(0.035050358 -0.0015303315 0.11915108)
(0.036081251 -0.0015753412 0.11915108)
(0.037112143 -0.001620351 0.11915108)
(0.038143036 -0.0016653608 0.11915108)
(0.039173929 -0.0017103705 0.11915108)
(0.040204822 -0.0017553803 0.11915108)
(0.041235715 -0.00180039 0.11915108)
(0.0010308929 4.500975e-05 0.11915108)
(0.0020617858 9.00195e-05 0.11915108)
(0.0030926786 0.00013502925 0.11915108)
(0.0041235715 0.000180039 0.11915108)
(0.0051544644 0.00022504875 0.11915108)
(0.0061853572 0.0002700585 0.11915108)
(0.0072162501 0.00031506825 0.11915108)
(0.008247143 0.000360078 0.11915108)
(0.0092780359 0.00040508775 0.11915108)
(0.010308929 0.0004500975 0.11915108)
(0.011339822 0.00049510725 0.11915108)
(0.012370714 0.000540117 0.11915108)
(0.013401607 0.00058512675 0.11915108)
(0.0144325 0.0006301365 0.11915108)
(0.015463393 0.00067514625 0.11915108)
(0.016494286 0.000720156 0.11915108)
(0.017525179 0.00076516575 0.11915108)
(0.018556072 0.0008101755 0.11915108)
(0.019586965 0.00085518525 0.11915108)
(0.020617857 0.000900195 0.11915108)
(0.02164875 0.00094520475 0.11915108)
(0.022679643 0.0009902145 0.11915108)
(0.023710536 0.0010352243 0.11915108)
(0.024741429 0.001080234 0.11915108)
(0.025772322 0.0011252437 0.11915108)
(0.026803215 0.0011702535 0.11915108)
(0.027834108 0.0012152632 0.11915108)
(0.028865001 0.001260273 0.11915108)
(0.029895893 0.0013052828 0.11915108)
(0.030926786 0.0013502925 0.11915108)
(0.031957679 0.0013953023 0.11915108)
(0.032988572 0.001440312 0.11915108)
(0.034019465 0.0014853217 0.11915108)
(0.035050358 0.0015303315 0.11915108)
(0.036081251 0.0015753412 0.11915108)
(0.037112143 0.001620351 0.11915108)
(0.038143036 0.0016653608 0.11915108)
(0.039173929 0.0017103705 0.11915108)
(0.040204822 0.0017553803 0.11915108)
(0.041235715 0.00180039 0.11915108)
(0 0 0.11927184)
(0.0010308929 -4.500975e-05 0.11927184)
(0.0020617858 -9.00195e-05 0.11927184)
(0.0030926786 -0.00013502925 0.11927184)
(0.0041235715 -0.000180039 0.11927184)
(0.0051544644 -0.00022504875 0.11927184)
(0.0061853572 -0.0002700585 0.11927184)
(0.0072162501 -0.00031506825 0.11927184)
(0.008247143 -0.000360078 0.11927184)
(0.0092780359 -0.00040508775 0.11927184)
(0.010308929 -0.0004500975 0.11927184)
(0.011339822 -0.00049510725 0.11927184)
(0.012370714 -0.000540117 0.11927184)
(0.013401607 -0.00058512675 0.11927184)
(0.0144325 -0.0006301365 0.11927184)
(0.015463393 -0.00067514625 0.11927184)
(0.016494286 -0.000720156 0.11927184)
(0.017525179 -0.00076516575 0.11927184)
(0.018556072 -0.0008101755 0.11927184)
(0.019586965 -0.00085518525 0.11927184)
(0.020617857 -0.000900195 0.11927184)
(0.02164875 -0.00094520475 0.11927184)
(0.022679643 -0.0009902145 0.11927184)
(0.023710536 -0.0010352243 0.11927184)
(0.024741429 -0.001080234 0.11927184)
(0.025772322 -0.0011252437 0.11927184)
(0.026803215 -0.0011702535 0.11927184)
(0.027834108 -0.0012152632 0.11927184)
(0.028865001 -0.001260273 0.11927184)
(0.029895893 -0.0013052828 0.11927184)
(0.030926786 -0.0013502925 0.11927184)
(0.031957679 -0.0013953023 0.11927184)
(0.032988572 -0.001440312 0.11927184)
(0.034019465 -0.0014853217 0.11927184)
(0.035050358 -0.0015303315 0.11927184)
(0.036081251 -0.0015753412 0.11927184)
(0.037112143 -0.001620351 0.11927184)
(0.038143036 -0.0016653608 0.11927184)
(0.039173929 -0.0017103705 0.11927184)
(0.040204822 -0.0017553803 0.11927184)
(0.041235715 -0.00180039 0.11927184)
(0.0010308929 4.500975e-05 0.11927184)
(0.0020617858 9.00195e-05 0.11927184)
(0.0030926786 0.00013502925 0.11927184)
(0.0041235715 0.000180039 0.11927184)
(0.0051544644 0.00022504875 0.11927184)
(0.0061853572 0.0002700585 0.11927184)
(0.0072162501 0.00031506825 0.11927184)
(0.008247143 0.000360078 0.11927184)
(0.0092780359 0.00040508775 0.11927184)
(0.010308929 0.0004500975 0.11927184)
(0.011339822 0.00049510725 0.11927184)
(0.012370714 0.000540117 0.11927184)
(0.013401607 0.00058512675 0.11927184)
(0.0144325 0.0006301365 0.11927184)
(0.015463393 0.00067514625 0.11927184)
(0.016494286 0.000720156 0.11927184)
(0.017525179 0.00076516575 0.11927184)
(0.018556072 0.0008101755 0.11927184)
(0.019586965 0.00085518525 0.11927184)
(0.020617857 0.000900195 0.11927184)
(0.02164875 0.00094520475 0.11927184)
(0.022679643 0.0009902145 0.11927184)
(0.023710536 0.0010352243 0.11927184)
(0.024741429 0.001080234 0.11927184)
(0.025772322 0.0011252437 0.11927184)
(0.026803215 0.0011702535 0.11927184)
(0.027834108 0.0012152632 0.11927184)
(0.028865001 0.001260273 0.11927184)
(0.029895893 0.0013052828 0.11927184)
(0.030926786 0.0013502925 0.11927184)
(0.031957679 0.0013953023 0.11927184)
(0.032988572 0.001440312 0.11927184)
(0.034019465 0.0014853217 0.11927184)
(0.035050358 0.0015303315 0.11927184)
(0.036081251 0.0015753412 0.11927184)
(0.037112143 0.001620351 0.11927184)
(0.038143036 0.0016653608 0.11927184)
(0.039173929 0.0017103705 0.11927184)
(0.040204822 0.0017553803 0.11927184)
(0.041235715 0.00180039 0.11927184)
(0 0 0.11939259)
(0.0010308929 -4.500975e-05 0.11939259)
(0.0020617858 -9.00195e-05 0.11939259)
(0.0030926786 -0.00013502925 0.11939259)
(0.0041235715 -0.000180039 0.11939259)
(0.0051544644 -0.00022504875 0.11939259)
(0.0061853572 -0.0002700585 0.11939259)
(0.0072162501 -0.00031506825 0.11939259)
(0.008247143 -0.000360078 0.11939259)
(0.0092780359 -0.00040508775 0.11939259)
(0.010308929 -0.0004500975 0.11939259)
(0.011339822 -0.00049510725 0.11939259)
(0.012370714 -0.000540117 0.11939259)
(0.013401607 -0.00058512675 0.11939259)
(0.0144325 -0.0006301365 0.11939259)
(0.015463393 -0.00067514625 0.11939259)
(0.016494286 -0.000720156 0.11939259)
(0.017525179 -0.00076516575 0.11939259)
(0.018556072 -0.0008101755 0.11939259)
(0.019586965 -0.00085518525 0.11939259)
(0.020617857 -0.000900195 0.11939259)
(0.02164875 -0.00094520475 0.11939259)
(0.022679643 -0.0009902145 0.11939259)
(0.023710536 -0.0010352243 0.11939259)
(0.024741429 -0.001080234 0.11939259)
(0.025772322 -0.0011252437 0.11939259)
(0.026803215 -0.0011702535 0.11939259)
(0.027834108 -0.0012152632 0.11939259)
(0.028865001 -0.001260273 0.11939259)
(0.029895893 -0.0013052828 0.11939259)
(0.030926786 -0.0013502925 0.11939259)
(0.031957679 -0.0013953023 0.11939259)
(0.032988572 -0.001440312 0.11939259)
(0.034019465 -0.0014853217 0.11939259)
(0.035050358 -0.0015303315 0.11939259)
(0.036081251 -0.0015753412 0.11939259)
(0.037112143 -0.001620351 0.11939259)
(0.038143036 -0.0016653608 0.11939259)
(0.039173929 -0.0017103705 0.11939259)
(0.040204822 -0.0017553803 0.11939259)
(0.041235715 -0.00180039 0.11939259)
(0.0010308929 4.500975e-05 0.11939259)
(0.0020617858 9.00195e-05 0.11939259)
(0.0030926786 0.00013502925 0.11939259)
(0.0041235715 0.000180039 0.11939259)
(0.0051544644 0.00022504875 0.11939259)
(0.0061853572 0.0002700585 0.11939259)
(0.0072162501 0.00031506825 0.11939259)
(0.008247143 0.000360078 0.11939259)
(0.0092780359 0.00040508775 0.11939259)
(0.010308929 0.0004500975 0.11939259)
(0.011339822 0.00049510725 0.11939259)
(0.012370714 0.000540117 0.11939259)
(0.013401607 0.00058512675 0.11939259)
(0.0144325 0.0006301365 0.11939259)
(0.015463393 0.00067514625 0.11939259)
(0.016494286 0.000720156 0.11939259)
(0.017525179 0.00076516575 0.11939259)
(0.018556072 0.0008101755 0.11939259)
(0.019586965 0.00085518525 0.11939259)
(0.020617857 0.000900195 0.11939259)
(0.02164875 0.00094520475 0.11939259)
(0.022679643 0.0009902145 0.11939259)
(0.023710536 0.0010352243 0.11939259)
(0.024741429 0.001080234 0.11939259)
(0.025772322 0.0011252437 0.11939259)
(0.026803215 0.0011702535 0.11939259)
(0.027834108 0.0012152632 0.11939259)
(0.028865001 0.001260273 0.11939259)
(0.029895893 0.0013052828 0.11939259)
(0.030926786 0.0013502925 0.11939259)
(0.031957679 0.0013953023 0.11939259)
(0.032988572 0.001440312 0.11939259)
(0.034019465 0.0014853217 0.11939259)
(0.035050358 0.0015303315 0.11939259)
(0.036081251 0.0015753412 0.11939259)
(0.037112143 0.001620351 0.11939259)
(0.038143036 0.0016653608 0.11939259)
(0.039173929 0.0017103705 0.11939259)
(0.040204822 0.0017553803 0.11939259)
(0.041235715 0.00180039 0.11939259)
(0 0 0.11951334)
(0.0010308929 -4.500975e-05 0.11951334)
(0.0020617858 -9.00195e-05 0.11951334)
(0.0030926786 -0.00013502925 0.11951334)
(0.0041235715 -0.000180039 0.11951334)
(0.0051544644 -0.00022504875 0.11951334)
(0.0061853572 -0.0002700585 0.11951334)
(0.0072162501 -0.00031506825 0.11951334)
(0.008247143 -0.000360078 0.11951334)
(0.0092780359 -0.00040508775 0.11951334)
(0.010308929 -0.0004500975 0.11951334)
(0.011339822 -0.00049510725 0.11951334)
(0.012370714 -0.000540117 0.11951334)
(0.013401607 -0.00058512675 0.11951334)
(0.0144325 -0.0006301365 0.11951334)
(0.015463393 -0.00067514625 0.11951334)
(0.016494286 -0.000720156 0.11951334)
(0.017525179 -0.00076516575 0.11951334)
(0.018556072 -0.0008101755 0.11951334)
(0.019586965 -0.00085518525 0.11951334)
(0.020617857 -0.000900195 0.11951334)
(0.02164875 -0.00094520475 0.11951334)
(0.022679643 -0.0009902145 0.11951334)
(0.023710536 -0.0010352243 0.11951334)
(0.024741429 -0.001080234 0.11951334)
(0.025772322 -0.0011252437 0.11951334)
(0.026803215 -0.0011702535 0.11951334)
(0.027834108 -0.0012152632 0.11951334)
(0.028865001 -0.001260273 0.11951334)
(0.029895893 -0.0013052828 0.11951334)
(0.030926786 -0.0013502925 0.11951334)
(0.031957679 -0.0013953023 0.11951334)
(0.032988572 -0.001440312 0.11951334)
(0.034019465 -0.0014853217 0.11951334)
(0.035050358 -0.0015303315 0.11951334)
(0.036081251 -0.0015753412 0.11951334)
(0.037112143 -0.001620351 0.11951334)
(0.038143036 -0.0016653608 0.11951334)
(0.039173929 -0.0017103705 0.11951334)
(0.040204822 -0.0017553803 0.11951334)
(0.041235715 -0.00180039 0.11951334)
(0.0010308929 4.500975e-05 0.11951334)
(0.0020617858 9.00195e-05 0.11951334)
(0.0030926786 0.00013502925 0.11951334)
(0.0041235715 0.000180039 0.11951334)
(0.0051544644 0.00022504875 0.11951334)
(0.0061853572 0.0002700585 0.11951334)
(0.0072162501 0.00031506825 0.11951334)
(0.008247143 0.000360078 0.11951334)
(0.0092780359 0.00040508775 0.11951334)
(0.010308929 0.0004500975 0.11951334)
(0.011339822 0.00049510725 0.11951334)
(0.012370714 0.000540117 0.11951334)
(0.013401607 0.00058512675 0.11951334)
(0.0144325 0.0006301365 0.11951334)
(0.015463393 0.00067514625 0.11951334)
(0.016494286 0.000720156 0.11951334)
(0.017525179 0.00076516575 0.11951334)
(0.018556072 0.0008101755 0.11951334)
(0.019586965 0.00085518525 0.11951334)
(0.020617857 0.000900195 0.11951334)
(0.02164875 0.00094520475 0.11951334)
(0.022679643 0.0009902145 0.11951334)
(0.023710536 0.0010352243 0.11951334)
(0.024741429 0.001080234 0.11951334)
(0.025772322 0.0011252437 0.11951334)
(0.026803215 0.0011702535 0.11951334)
(0.027834108 0.0012152632 0.11951334)
(0.028865001 0.001260273 0.11951334)
(0.029895893 0.0013052828 0.11951334)
(0.030926786 0.0013502925 0.11951334)
(0.031957679 0.0013953023 0.11951334)
(0.032988572 0.001440312 0.11951334)
(0.034019465 0.0014853217 0.11951334)
(0.035050358 0.0015303315 0.11951334)
(0.036081251 0.0015753412 0.11951334)
(0.037112143 0.001620351 0.11951334)
(0.038143036 0.0016653608 0.11951334)
(0.039173929 0.0017103705 0.11951334)
(0.040204822 0.0017553803 0.11951334)
(0.041235715 0.00180039 0.11951334)
(0 0 0.1196341)
(0.0010308929 -4.500975e-05 0.1196341)
(0.0020617858 -9.00195e-05 0.1196341)
(0.0030926786 -0.00013502925 0.1196341)
(0.0041235715 -0.000180039 0.1196341)
(0.0051544644 -0.00022504875 0.1196341)
(0.0061853572 -0.0002700585 0.1196341)
(0.0072162501 -0.00031506825 0.1196341)
(0.008247143 -0.000360078 0.1196341)
(0.0092780359 -0.00040508775 0.1196341)
(0.010308929 -0.0004500975 0.1196341)
(0.011339822 -0.00049510725 0.1196341)
(0.012370714 -0.000540117 0.1196341)
(0.013401607 -0.00058512675 0.1196341)
(0.0144325 -0.0006301365 0.1196341)
(0.015463393 -0.00067514625 0.1196341)
(0.016494286 -0.000720156 0.1196341)
(0.017525179 -0.00076516575 0.1196341)
(0.018556072 -0.0008101755 0.1196341)
(0.019586965 -0.00085518525 0.1196341)
(0.020617857 -0.000900195 0.1196341)
(0.02164875 -0.00094520475 0.1196341)
(0.022679643 -0.0009902145 0.1196341)
(0.023710536 -0.0010352243 0.1196341)
(0.024741429 -0.001080234 0.1196341)
(0.025772322 -0.0011252437 0.1196341)
(0.026803215 -0.0011702535 0.1196341)
(0.027834108 -0.0012152632 0.1196341)
(0.028865001 -0.001260273 0.1196341)
(0.029895893 -0.0013052828 0.1196341)
(0.030926786 -0.0013502925 0.1196341)
(0.031957679 -0.0013953023 0.1196341)
(0.032988572 -0.001440312 0.1196341)
(0.034019465 -0.0014853217 0.1196341)
(0.035050358 -0.0015303315 0.1196341)
(0.036081251 -0.0015753412 0.1196341)
(0.037112143 -0.001620351 0.1196341)
(0.038143036 -0.0016653608 0.1196341)
(0.039173929 -0.0017103705 0.1196341)
(0.040204822 -0.0017553803 0.1196341)
(0.041235715 -0.00180039 0.1196341)
(0.0010308929 4.500975e-05 0.1196341)
(0.0020617858 9.00195e-05 0.1196341)
(0.0030926786 0.00013502925 0.1196341)
(0.0041235715 0.000180039 0.1196341)
(0.0051544644 0.00022504875 0.1196341)
(0.0061853572 0.0002700585 0.1196341)
(0.0072162501 0.00031506825 0.1196341)
(0.008247143 0.000360078 0.1196341)
(0.0092780359 0.00040508775 0.1196341)
(0.010308929 0.0004500975 0.1196341)
(0.011339822 0.00049510725 0.1196341)
(0.012370714 0.000540117 0.1196341)
(0.013401607 0.00058512675 0.1196341)
(0.0144325 0.0006301365 0.1196341)
(0.015463393 0.00067514625 0.1196341)
(0.016494286 0.000720156 0.1196341)
(0.017525179 0.00076516575 0.1196341)
(0.018556072 0.0008101755 0.1196341)
(0.019586965 0.00085518525 0.1196341)
(0.020617857 0.000900195 0.1196341)
(0.02164875 0.00094520475 0.1196341)
(0.022679643 0.0009902145 0.1196341)
(0.023710536 0.0010352243 0.1196341)
(0.024741429 0.001080234 0.1196341)
(0.025772322 0.0011252437 0.1196341)
(0.026803215 0.0011702535 0.1196341)
(0.027834108 0.0012152632 0.1196341)
(0.028865001 0.001260273 0.1196341)
(0.029895893 0.0013052828 0.1196341)
(0.030926786 0.0013502925 0.1196341)
(0.031957679 0.0013953023 0.1196341)
(0.032988572 0.001440312 0.1196341)
(0.034019465 0.0014853217 0.1196341)
(0.035050358 0.0015303315 0.1196341)
(0.036081251 0.0015753412 0.1196341)
(0.037112143 0.001620351 0.1196341)
(0.038143036 0.0016653608 0.1196341)
(0.039173929 0.0017103705 0.1196341)
(0.040204822 0.0017553803 0.1196341)
(0.041235715 0.00180039 0.1196341)
(0 0 0.11975485)
(0.0010308929 -4.500975e-05 0.11975485)
(0.0020617858 -9.00195e-05 0.11975485)
(0.0030926786 -0.00013502925 0.11975485)
(0.0041235715 -0.000180039 0.11975485)
(0.0051544644 -0.00022504875 0.11975485)
(0.0061853572 -0.0002700585 0.11975485)
(0.0072162501 -0.00031506825 0.11975485)
(0.008247143 -0.000360078 0.11975485)
(0.0092780359 -0.00040508775 0.11975485)
(0.010308929 -0.0004500975 0.11975485)
(0.011339822 -0.00049510725 0.11975485)
(0.012370714 -0.000540117 0.11975485)
(0.013401607 -0.00058512675 0.11975485)
(0.0144325 -0.0006301365 0.11975485)
(0.015463393 -0.00067514625 0.11975485)
(0.016494286 -0.000720156 0.11975485)
(0.017525179 -0.00076516575 0.11975485)
(0.018556072 -0.0008101755 0.11975485)
(0.019586965 -0.00085518525 0.11975485)
(0.020617857 -0.000900195 0.11975485)
(0.02164875 -0.00094520475 0.11975485)
(0.022679643 -0.0009902145 0.11975485)
(0.023710536 -0.0010352243 0.11975485)
(0.024741429 -0.001080234 0.11975485)
(0.025772322 -0.0011252437 0.11975485)
(0.026803215 -0.0011702535 0.11975485)
(0.027834108 -0.0012152632 0.11975485)
(0.028865001 -0.001260273 0.11975485)
(0.029895893 -0.0013052828 0.11975485)
(0.030926786 -0.0013502925 0.11975485)
(0.031957679 -0.0013953023 0.11975485)
(0.032988572 -0.001440312 0.11975485)
(0.034019465 -0.0014853217 0.11975485)
(0.035050358 -0.0015303315 0.11975485)
(0.036081251 -0.0015753412 0.11975485)
(0.037112143 -0.001620351 0.11975485)
(0.038143036 -0.0016653608 0.11975485)
(0.039173929 -0.0017103705 0.11975485)
(0.040204822 -0.0017553803 0.11975485)
(0.041235715 -0.00180039 0.11975485)
(0.0010308929 4.500975e-05 0.11975485)
(0.0020617858 9.00195e-05 0.11975485)
(0.0030926786 0.00013502925 0.11975485)
(0.0041235715 0.000180039 0.11975485)
(0.0051544644 0.00022504875 0.11975485)
(0.0061853572 0.0002700585 0.11975485)
(0.0072162501 0.00031506825 0.11975485)
(0.008247143 0.000360078 0.11975485)
(0.0092780359 0.00040508775 0.11975485)
(0.010308929 0.0004500975 0.11975485)
(0.011339822 0.00049510725 0.11975485)
(0.012370714 0.000540117 0.11975485)
(0.013401607 0.00058512675 0.11975485)
(0.0144325 0.0006301365 0.11975485)
(0.015463393 0.00067514625 0.11975485)
(0.016494286 0.000720156 0.11975485)
(0.017525179 0.00076516575 0.11975485)
(0.018556072 0.0008101755 0.11975485)
(0.019586965 0.00085518525 0.11975485)
(0.020617857 0.000900195 0.11975485)
(0.02164875 0.00094520475 0.11975485)
(0.022679643 0.0009902145 0.11975485)
(0.023710536 0.0010352243 0.11975485)
(0.024741429 0.001080234 0.11975485)
(0.025772322 0.0011252437 0.11975485)
(0.026803215 0.0011702535 0.11975485)
(0.027834108 0.0012152632 0.11975485)
(0.028865001 0.001260273 0.11975485)
(0.029895893 0.0013052828 0.11975485)
(0.030926786 0.0013502925 0.11975485)
(0.031957679 0.0013953023 0.11975485)
(0.032988572 0.001440312 0.11975485)
(0.034019465 0.0014853217 0.11975485)
(0.035050358 0.0015303315 0.11975485)
(0.036081251 0.0015753412 0.11975485)
(0.037112143 0.001620351 0.11975485)
(0.038143036 0.0016653608 0.11975485)
(0.039173929 0.0017103705 0.11975485)
(0.040204822 0.0017553803 0.11975485)
(0.041235715 0.00180039 0.11975485)
(0 0 0.1198756)
(0.0010308929 -4.500975e-05 0.1198756)
(0.0020617858 -9.00195e-05 0.1198756)
(0.0030926786 -0.00013502925 0.1198756)
(0.0041235715 -0.000180039 0.1198756)
(0.0051544644 -0.00022504875 0.1198756)
(0.0061853572 -0.0002700585 0.1198756)
(0.0072162501 -0.00031506825 0.1198756)
(0.008247143 -0.000360078 0.1198756)
(0.0092780359 -0.00040508775 0.1198756)
(0.010308929 -0.0004500975 0.1198756)
(0.011339822 -0.00049510725 0.1198756)
(0.012370714 -0.000540117 0.1198756)
(0.013401607 -0.00058512675 0.1198756)
(0.0144325 -0.0006301365 0.1198756)
(0.015463393 -0.00067514625 0.1198756)
(0.016494286 -0.000720156 0.1198756)
(0.017525179 -0.00076516575 0.1198756)
(0.018556072 -0.0008101755 0.1198756)
(0.019586965 -0.00085518525 0.1198756)
(0.020617857 -0.000900195 0.1198756)
(0.02164875 -0.00094520475 0.1198756)
(0.022679643 -0.0009902145 0.1198756)
(0.023710536 -0.0010352243 0.1198756)
(0.024741429 -0.001080234 0.1198756)
(0.025772322 -0.0011252437 0.1198756)
(0.026803215 -0.0011702535 0.1198756)
(0.027834108 -0.0012152632 0.1198756)
(0.028865001 -0.001260273 0.1198756)
(0.029895893 -0.0013052828 0.1198756)
(0.030926786 -0.0013502925 0.1198756)
(0.031957679 -0.0013953023 0.1198756)
(0.032988572 -0.001440312 0.1198756)
(0.034019465 -0.0014853217 0.1198756)
(0.035050358 -0.0015303315 0.1198756)
(0.036081251 -0.0015753412 0.1198756)
(0.037112143 -0.001620351 0.1198756)
(0.038143036 -0.0016653608 0.1198756)
(0.039173929 -0.0017103705 0.1198756)
(0.040204822 -0.0017553803 0.1198756)
(0.041235715 -0.00180039 0.1198756)
(0.0010308929 4.500975e-05 0.1198756)
(0.0020617858 9.00195e-05 0.1198756)
(0.0030926786 0.00013502925 0.1198756)
(0.0041235715 0.000180039 0.1198756)
(0.0051544644 0.00022504875 0.1198756)
(0.0061853572 0.0002700585 0.1198756)
(0.0072162501 0.00031506825 0.1198756)
(0.008247143 0.000360078 0.1198756)
(0.0092780359 0.00040508775 0.1198756)
(0.010308929 0.0004500975 0.1198756)
(0.011339822 0.00049510725 0.1198756)
(0.012370714 0.000540117 0.1198756)
(0.013401607 0.00058512675 0.1198756)
(0.0144325 0.0006301365 0.1198756)
(0.015463393 0.00067514625 0.1198756)
(0.016494286 0.000720156 0.1198756)
(0.017525179 0.00076516575 0.1198756)
(0.018556072 0.0008101755 0.1198756)
(0.019586965 0.00085518525 0.1198756)
(0.020617857 0.000900195 0.1198756)
(0.02164875 0.00094520475 0.1198756)
(0.022679643 0.0009902145 0.1198756)
(0.023710536 0.0010352243 0.1198756)
(0.024741429 0.001080234 0.1198756)
(0.025772322 0.0011252437 0.1198756)
(0.026803215 0.0011702535 0.1198756)
(0.027834108 0.0012152632 0.1198756)
(0.028865001 0.001260273 0.1198756)
(0.029895893 0.0013052828 0.1198756)
(0.030926786 0.0013502925 0.1198756)
(0.031957679 0.0013953023 0.1198756)
(0.032988572 0.001440312 0.1198756)
(0.034019465 0.0014853217 0.1198756)
(0.035050358 0.0015303315 0.1198756)
(0.036081251 0.0015753412 0.1198756)
(0.037112143 0.001620351 0.1198756)
(0.038143036 0.0016653608 0.1198756)
(0.039173929 0.0017103705 0.1198756)
(0.040204822 0.0017553803 0.1198756)
(0.041235715 0.00180039 0.1198756)
(0 0 0.11999635)
(0.0010308929 -4.500975e-05 0.11999635)
(0.0020617858 -9.00195e-05 0.11999635)
(0.0030926786 -0.00013502925 0.11999635)
(0.0041235715 -0.000180039 0.11999635)
(0.0051544644 -0.00022504875 0.11999635)
(0.0061853572 -0.0002700585 0.11999635)
(0.0072162501 -0.00031506825 0.11999635)
(0.008247143 -0.000360078 0.11999635)
(0.0092780359 -0.00040508775 0.11999635)
(0.010308929 -0.0004500975 0.11999635)
(0.011339822 -0.00049510725 0.11999635)
(0.012370714 -0.000540117 0.11999635)
(0.013401607 -0.00058512675 0.11999635)
(0.0144325 -0.0006301365 0.11999635)
(0.015463393 -0.00067514625 0.11999635)
(0.016494286 -0.000720156 0.11999635)
(0.017525179 -0.00076516575 0.11999635)
(0.018556072 -0.0008101755 0.11999635)
(0.019586965 -0.00085518525 0.11999635)
(0.020617857 -0.000900195 0.11999635)
(0.02164875 -0.00094520475 0.11999635)
(0.022679643 -0.0009902145 0.11999635)
(0.023710536 -0.0010352243 0.11999635)
(0.024741429 -0.001080234 0.11999635)
(0.025772322 -0.0011252437 0.11999635)
(0.026803215 -0.0011702535 0.11999635)
(0.027834108 -0.0012152632 0.11999635)
(0.028865001 -0.001260273 0.11999635)
(0.029895893 -0.0013052828 0.11999635)
(0.030926786 -0.0013502925 0.11999635)
(0.031957679 -0.0013953023 0.11999635)
(0.032988572 -0.001440312 0.11999635)
(0.034019465 -0.0014853217 0.11999635)
(0.035050358 -0.0015303315 0.11999635)
(0.036081251 -0.0015753412 0.11999635)
(0.037112143 -0.001620351 0.11999635)
(0.038143036 -0.0016653608 0.11999635)
(0.039173929 -0.0017103705 0.11999635)
(0.040204822 -0.0017553803 0.11999635)
(0.041235715 -0.00180039 0.11999635)
(0.0010308929 4.500975e-05 0.11999635)
(0.0020617858 9.00195e-05 0.11999635)
(0.0030926786 0.00013502925 0.11999635)
(0.0041235715 0.000180039 0.11999635)
(0.0051544644 0.00022504875 0.11999635)
(0.0061853572 0.0002700585 0.11999635)
(0.0072162501 0.00031506825 0.11999635)
(0.008247143 0.000360078 0.11999635)
(0.0092780359 0.00040508775 0.11999635)
(0.010308929 0.0004500975 0.11999635)
(0.011339822 0.00049510725 0.11999635)
(0.012370714 0.000540117 0.11999635)
(0.013401607 0.00058512675 0.11999635)
(0.0144325 0.0006301365 0.11999635)
(0.015463393 0.00067514625 0.11999635)
(0.016494286 0.000720156 0.11999635)
(0.017525179 0.00076516575 0.11999635)
(0.018556072 0.0008101755 0.11999635)
(0.019586965 0.00085518525 0.11999635)
(0.020617857 0.000900195 0.11999635)
(0.02164875 0.00094520475 0.11999635)
(0.022679643 0.0009902145 0.11999635)
(0.023710536 0.0010352243 0.11999635)
(0.024741429 0.001080234 0.11999635)
(0.025772322 0.0011252437 0.11999635)
(0.026803215 0.0011702535 0.11999635)
(0.027834108 0.0012152632 0.11999635)
(0.028865001 0.001260273 0.11999635)
(0.029895893 0.0013052828 0.11999635)
(0.030926786 0.0013502925 0.11999635)
(0.031957679 0.0013953023 0.11999635)
(0.032988572 0.001440312 0.11999635)
(0.034019465 0.0014853217 0.11999635)
(0.035050358 0.0015303315 0.11999635)
(0.036081251 0.0015753412 0.11999635)
(0.037112143 0.001620351 0.11999635)
(0.038143036 0.0016653608 0.11999635)
(0.039173929 0.0017103705 0.11999635)
(0.040204822 0.0017553803 0.11999635)
(0.041235715 0.00180039 0.11999635)
(0 0 0.12011711)
(0.0010308929 -4.500975e-05 0.12011711)
(0.0020617858 -9.00195e-05 0.12011711)
(0.0030926786 -0.00013502925 0.12011711)
(0.0041235715 -0.000180039 0.12011711)
(0.0051544644 -0.00022504875 0.12011711)
(0.0061853572 -0.0002700585 0.12011711)
(0.0072162501 -0.00031506825 0.12011711)
(0.008247143 -0.000360078 0.12011711)
(0.0092780359 -0.00040508775 0.12011711)
(0.010308929 -0.0004500975 0.12011711)
(0.011339822 -0.00049510725 0.12011711)
(0.012370714 -0.000540117 0.12011711)
(0.013401607 -0.00058512675 0.12011711)
(0.0144325 -0.0006301365 0.12011711)
(0.015463393 -0.00067514625 0.12011711)
(0.016494286 -0.000720156 0.12011711)
(0.017525179 -0.00076516575 0.12011711)
(0.018556072 -0.0008101755 0.12011711)
(0.019586965 -0.00085518525 0.12011711)
(0.020617857 -0.000900195 0.12011711)
(0.02164875 -0.00094520475 0.12011711)
(0.022679643 -0.0009902145 0.12011711)
(0.023710536 -0.0010352243 0.12011711)
(0.024741429 -0.001080234 0.12011711)
(0.025772322 -0.0011252437 0.12011711)
(0.026803215 -0.0011702535 0.12011711)
(0.027834108 -0.0012152632 0.12011711)
(0.028865001 -0.001260273 0.12011711)
(0.029895893 -0.0013052828 0.12011711)
(0.030926786 -0.0013502925 0.12011711)
(0.031957679 -0.0013953023 0.12011711)
(0.032988572 -0.001440312 0.12011711)
(0.034019465 -0.0014853217 0.12011711)
(0.035050358 -0.0015303315 0.12011711)
(0.036081251 -0.0015753412 0.12011711)
(0.037112143 -0.001620351 0.12011711)
(0.038143036 -0.0016653608 0.12011711)
(0.039173929 -0.0017103705 0.12011711)
(0.040204822 -0.0017553803 0.12011711)
(0.041235715 -0.00180039 0.12011711)
(0.0010308929 4.500975e-05 0.12011711)
(0.0020617858 9.00195e-05 0.12011711)
(0.0030926786 0.00013502925 0.12011711)
(0.0041235715 0.000180039 0.12011711)
(0.0051544644 0.00022504875 0.12011711)
(0.0061853572 0.0002700585 0.12011711)
(0.0072162501 0.00031506825 0.12011711)
(0.008247143 0.000360078 0.12011711)
(0.0092780359 0.00040508775 0.12011711)
(0.010308929 0.0004500975 0.12011711)
(0.011339822 0.00049510725 0.12011711)
(0.012370714 0.000540117 0.12011711)
(0.013401607 0.00058512675 0.12011711)
(0.0144325 0.0006301365 0.12011711)
(0.015463393 0.00067514625 0.12011711)
(0.016494286 0.000720156 0.12011711)
(0.017525179 0.00076516575 0.12011711)
(0.018556072 0.0008101755 0.12011711)
(0.019586965 0.00085518525 0.12011711)
(0.020617857 0.000900195 0.12011711)
(0.02164875 0.00094520475 0.12011711)
(0.022679643 0.0009902145 0.12011711)
(0.023710536 0.0010352243 0.12011711)
(0.024741429 0.001080234 0.12011711)
(0.025772322 0.0011252437 0.12011711)
(0.026803215 0.0011702535 0.12011711)
(0.027834108 0.0012152632 0.12011711)
(0.028865001 0.001260273 0.12011711)
(0.029895893 0.0013052828 0.12011711)
(0.030926786 0.0013502925 0.12011711)
(0.031957679 0.0013953023 0.12011711)
(0.032988572 0.001440312 0.12011711)
(0.034019465 0.0014853217 0.12011711)
(0.035050358 0.0015303315 0.12011711)
(0.036081251 0.0015753412 0.12011711)
(0.037112143 0.001620351 0.12011711)
(0.038143036 0.0016653608 0.12011711)
(0.039173929 0.0017103705 0.12011711)
(0.040204822 0.0017553803 0.12011711)
(0.041235715 0.00180039 0.12011711)
(0 0 0.12023786)
(0.0010308929 -4.500975e-05 0.12023786)
(0.0020617858 -9.00195e-05 0.12023786)
(0.0030926786 -0.00013502925 0.12023786)
(0.0041235715 -0.000180039 0.12023786)
(0.0051544644 -0.00022504875 0.12023786)
(0.0061853572 -0.0002700585 0.12023786)
(0.0072162501 -0.00031506825 0.12023786)
(0.008247143 -0.000360078 0.12023786)
(0.0092780359 -0.00040508775 0.12023786)
(0.010308929 -0.0004500975 0.12023786)
(0.011339822 -0.00049510725 0.12023786)
(0.012370714 -0.000540117 0.12023786)
(0.013401607 -0.00058512675 0.12023786)
(0.0144325 -0.0006301365 0.12023786)
(0.015463393 -0.00067514625 0.12023786)
(0.016494286 -0.000720156 0.12023786)
(0.017525179 -0.00076516575 0.12023786)
(0.018556072 -0.0008101755 0.12023786)
(0.019586965 -0.00085518525 0.12023786)
(0.020617857 -0.000900195 0.12023786)
(0.02164875 -0.00094520475 0.12023786)
(0.022679643 -0.0009902145 0.12023786)
(0.023710536 -0.0010352243 0.12023786)
(0.024741429 -0.001080234 0.12023786)
(0.025772322 -0.0011252437 0.12023786)
(0.026803215 -0.0011702535 0.12023786)
(0.027834108 -0.0012152632 0.12023786)
(0.028865001 -0.001260273 0.12023786)
(0.029895893 -0.0013052828 0.12023786)
(0.030926786 -0.0013502925 0.12023786)
(0.031957679 -0.0013953023 0.12023786)
(0.032988572 -0.001440312 0.12023786)
(0.034019465 -0.0014853217 0.12023786)
(0.035050358 -0.0015303315 0.12023786)
(0.036081251 -0.0015753412 0.12023786)
(0.037112143 -0.001620351 0.12023786)
(0.038143036 -0.0016653608 0.12023786)
(0.039173929 -0.0017103705 0.12023786)
(0.040204822 -0.0017553803 0.12023786)
(0.041235715 -0.00180039 0.12023786)
(0.0010308929 4.500975e-05 0.12023786)
(0.0020617858 9.00195e-05 0.12023786)
(0.0030926786 0.00013502925 0.12023786)
(0.0041235715 0.000180039 0.12023786)
(0.0051544644 0.00022504875 0.12023786)
(0.0061853572 0.0002700585 0.12023786)
(0.0072162501 0.00031506825 0.12023786)
(0.008247143 0.000360078 0.12023786)
(0.0092780359 0.00040508775 0.12023786)
(0.010308929 0.0004500975 0.12023786)
(0.011339822 0.00049510725 0.12023786)
(0.012370714 0.000540117 0.12023786)
(0.013401607 0.00058512675 0.12023786)
(0.0144325 0.0006301365 0.12023786)
(0.015463393 0.00067514625 0.12023786)
(0.016494286 0.000720156 0.12023786)
(0.017525179 0.00076516575 0.12023786)
(0.018556072 0.0008101755 0.12023786)
(0.019586965 0.00085518525 0.12023786)
(0.020617857 0.000900195 0.12023786)
(0.02164875 0.00094520475 0.12023786)
(0.022679643 0.0009902145 0.12023786)
(0.023710536 0.0010352243 0.12023786)
(0.024741429 0.001080234 0.12023786)
(0.025772322 0.0011252437 0.12023786)
(0.026803215 0.0011702535 0.12023786)
(0.027834108 0.0012152632 0.12023786)
(0.028865001 0.001260273 0.12023786)
(0.029895893 0.0013052828 0.12023786)
(0.030926786 0.0013502925 0.12023786)
(0.031957679 0.0013953023 0.12023786)
(0.032988572 0.001440312 0.12023786)
(0.034019465 0.0014853217 0.12023786)
(0.035050358 0.0015303315 0.12023786)
(0.036081251 0.0015753412 0.12023786)
(0.037112143 0.001620351 0.12023786)
(0.038143036 0.0016653608 0.12023786)
(0.039173929 0.0017103705 0.12023786)
(0.040204822 0.0017553803 0.12023786)
(0.041235715 0.00180039 0.12023786)
(0 0 0.12035861)
(0.0010308929 -4.500975e-05 0.12035861)
(0.0020617858 -9.00195e-05 0.12035861)
(0.0030926786 -0.00013502925 0.12035861)
(0.0041235715 -0.000180039 0.12035861)
(0.0051544644 -0.00022504875 0.12035861)
(0.0061853572 -0.0002700585 0.12035861)
(0.0072162501 -0.00031506825 0.12035861)
(0.008247143 -0.000360078 0.12035861)
(0.0092780359 -0.00040508775 0.12035861)
(0.010308929 -0.0004500975 0.12035861)
(0.011339822 -0.00049510725 0.12035861)
(0.012370714 -0.000540117 0.12035861)
(0.013401607 -0.00058512675 0.12035861)
(0.0144325 -0.0006301365 0.12035861)
(0.015463393 -0.00067514625 0.12035861)
(0.016494286 -0.000720156 0.12035861)
(0.017525179 -0.00076516575 0.12035861)
(0.018556072 -0.0008101755 0.12035861)
(0.019586965 -0.00085518525 0.12035861)
(0.020617857 -0.000900195 0.12035861)
(0.02164875 -0.00094520475 0.12035861)
(0.022679643 -0.0009902145 0.12035861)
(0.023710536 -0.0010352243 0.12035861)
(0.024741429 -0.001080234 0.12035861)
(0.025772322 -0.0011252437 0.12035861)
(0.026803215 -0.0011702535 0.12035861)
(0.027834108 -0.0012152632 0.12035861)
(0.028865001 -0.001260273 0.12035861)
(0.029895893 -0.0013052828 0.12035861)
(0.030926786 -0.0013502925 0.12035861)
(0.031957679 -0.0013953023 0.12035861)
(0.032988572 -0.001440312 0.12035861)
(0.034019465 -0.0014853217 0.12035861)
(0.035050358 -0.0015303315 0.12035861)
(0.036081251 -0.0015753412 0.12035861)
(0.037112143 -0.001620351 0.12035861)
(0.038143036 -0.0016653608 0.12035861)
(0.039173929 -0.0017103705 0.12035861)
(0.040204822 -0.0017553803 0.12035861)
(0.041235715 -0.00180039 0.12035861)
(0.0010308929 4.500975e-05 0.12035861)
(0.0020617858 9.00195e-05 0.12035861)
(0.0030926786 0.00013502925 0.12035861)
(0.0041235715 0.000180039 0.12035861)
(0.0051544644 0.00022504875 0.12035861)
(0.0061853572 0.0002700585 0.12035861)
(0.0072162501 0.00031506825 0.12035861)
(0.008247143 0.000360078 0.12035861)
(0.0092780359 0.00040508775 0.12035861)
(0.010308929 0.0004500975 0.12035861)
(0.011339822 0.00049510725 0.12035861)
(0.012370714 0.000540117 0.12035861)
(0.013401607 0.00058512675 0.12035861)
(0.0144325 0.0006301365 0.12035861)
(0.015463393 0.00067514625 0.12035861)
(0.016494286 0.000720156 0.12035861)
(0.017525179 0.00076516575 0.12035861)
(0.018556072 0.0008101755 0.12035861)
(0.019586965 0.00085518525 0.12035861)
(0.020617857 0.000900195 0.12035861)
(0.02164875 0.00094520475 0.12035861)
(0.022679643 0.0009902145 0.12035861)
(0.023710536 0.0010352243 0.12035861)
(0.024741429 0.001080234 0.12035861)
(0.025772322 0.0011252437 0.12035861)
(0.026803215 0.0011702535 0.12035861)
(0.027834108 0.0012152632 0.12035861)
(0.028865001 0.001260273 0.12035861)
(0.029895893 0.0013052828 0.12035861)
(0.030926786 0.0013502925 0.12035861)
(0.031957679 0.0013953023 0.12035861)
(0.032988572 0.001440312 0.12035861)
(0.034019465 0.0014853217 0.12035861)
(0.035050358 0.0015303315 0.12035861)
(0.036081251 0.0015753412 0.12035861)
(0.037112143 0.001620351 0.12035861)
(0.038143036 0.0016653608 0.12035861)
(0.039173929 0.0017103705 0.12035861)
(0.040204822 0.0017553803 0.12035861)
(0.041235715 0.00180039 0.12035861)
(0 0 0.12047936)
(0.0010308929 -4.500975e-05 0.12047936)
(0.0020617858 -9.00195e-05 0.12047936)
(0.0030926786 -0.00013502925 0.12047936)
(0.0041235715 -0.000180039 0.12047936)
(0.0051544644 -0.00022504875 0.12047936)
(0.0061853572 -0.0002700585 0.12047936)
(0.0072162501 -0.00031506825 0.12047936)
(0.008247143 -0.000360078 0.12047936)
(0.0092780359 -0.00040508775 0.12047936)
(0.010308929 -0.0004500975 0.12047936)
(0.011339822 -0.00049510725 0.12047936)
(0.012370714 -0.000540117 0.12047936)
(0.013401607 -0.00058512675 0.12047936)
(0.0144325 -0.0006301365 0.12047936)
(0.015463393 -0.00067514625 0.12047936)
(0.016494286 -0.000720156 0.12047936)
(0.017525179 -0.00076516575 0.12047936)
(0.018556072 -0.0008101755 0.12047936)
(0.019586965 -0.00085518525 0.12047936)
(0.020617857 -0.000900195 0.12047936)
(0.02164875 -0.00094520475 0.12047936)
(0.022679643 -0.0009902145 0.12047936)
(0.023710536 -0.0010352243 0.12047936)
(0.024741429 -0.001080234 0.12047936)
(0.025772322 -0.0011252437 0.12047936)
(0.026803215 -0.0011702535 0.12047936)
(0.027834108 -0.0012152632 0.12047936)
(0.028865001 -0.001260273 0.12047936)
(0.029895893 -0.0013052828 0.12047936)
(0.030926786 -0.0013502925 0.12047936)
(0.031957679 -0.0013953023 0.12047936)
(0.032988572 -0.001440312 0.12047936)
(0.034019465 -0.0014853217 0.12047936)
(0.035050358 -0.0015303315 0.12047936)
(0.036081251 -0.0015753412 0.12047936)
(0.037112143 -0.001620351 0.12047936)
(0.038143036 -0.0016653608 0.12047936)
(0.039173929 -0.0017103705 0.12047936)
(0.040204822 -0.0017553803 0.12047936)
(0.041235715 -0.00180039 0.12047936)
(0.0010308929 4.500975e-05 0.12047936)
(0.0020617858 9.00195e-05 0.12047936)
(0.0030926786 0.00013502925 0.12047936)
(0.0041235715 0.000180039 0.12047936)
(0.0051544644 0.00022504875 0.12047936)
(0.0061853572 0.0002700585 0.12047936)
(0.0072162501 0.00031506825 0.12047936)
(0.008247143 0.000360078 0.12047936)
(0.0092780359 0.00040508775 0.12047936)
(0.010308929 0.0004500975 0.12047936)
(0.011339822 0.00049510725 0.12047936)
(0.012370714 0.000540117 0.12047936)
(0.013401607 0.00058512675 0.12047936)
(0.0144325 0.0006301365 0.12047936)
(0.015463393 0.00067514625 0.12047936)
(0.016494286 0.000720156 0.12047936)
(0.017525179 0.00076516575 0.12047936)
(0.018556072 0.0008101755 0.12047936)
(0.019586965 0.00085518525 0.12047936)
(0.020617857 0.000900195 0.12047936)
(0.02164875 0.00094520475 0.12047936)
(0.022679643 0.0009902145 0.12047936)
(0.023710536 0.0010352243 0.12047936)
(0.024741429 0.001080234 0.12047936)
(0.025772322 0.0011252437 0.12047936)
(0.026803215 0.0011702535 0.12047936)
(0.027834108 0.0012152632 0.12047936)
(0.028865001 0.001260273 0.12047936)
(0.029895893 0.0013052828 0.12047936)
(0.030926786 0.0013502925 0.12047936)
(0.031957679 0.0013953023 0.12047936)
(0.032988572 0.001440312 0.12047936)
(0.034019465 0.0014853217 0.12047936)
(0.035050358 0.0015303315 0.12047936)
(0.036081251 0.0015753412 0.12047936)
(0.037112143 0.001620351 0.12047936)
(0.038143036 0.0016653608 0.12047936)
(0.039173929 0.0017103705 0.12047936)
(0.040204822 0.0017553803 0.12047936)
(0.041235715 0.00180039 0.12047936)
(0 0 0.12060011)
(0.0010308929 -4.500975e-05 0.12060011)
(0.0020617858 -9.00195e-05 0.12060011)
(0.0030926786 -0.00013502925 0.12060011)
(0.0041235715 -0.000180039 0.12060011)
(0.0051544644 -0.00022504875 0.12060011)
(0.0061853572 -0.0002700585 0.12060011)
(0.0072162501 -0.00031506825 0.12060011)
(0.008247143 -0.000360078 0.12060011)
(0.0092780359 -0.00040508775 0.12060011)
(0.010308929 -0.0004500975 0.12060011)
(0.011339822 -0.00049510725 0.12060011)
(0.012370714 -0.000540117 0.12060011)
(0.013401607 -0.00058512675 0.12060011)
(0.0144325 -0.0006301365 0.12060011)
(0.015463393 -0.00067514625 0.12060011)
(0.016494286 -0.000720156 0.12060011)
(0.017525179 -0.00076516575 0.12060011)
(0.018556072 -0.0008101755 0.12060011)
(0.019586965 -0.00085518525 0.12060011)
(0.020617857 -0.000900195 0.12060011)
(0.02164875 -0.00094520475 0.12060011)
(0.022679643 -0.0009902145 0.12060011)
(0.023710536 -0.0010352243 0.12060011)
(0.024741429 -0.001080234 0.12060011)
(0.025772322 -0.0011252437 0.12060011)
(0.026803215 -0.0011702535 0.12060011)
(0.027834108 -0.0012152632 0.12060011)
(0.028865001 -0.001260273 0.12060011)
(0.029895893 -0.0013052828 0.12060011)
(0.030926786 -0.0013502925 0.12060011)
(0.031957679 -0.0013953023 0.12060011)
(0.032988572 -0.001440312 0.12060011)
(0.034019465 -0.0014853217 0.12060011)
(0.035050358 -0.0015303315 0.12060011)
(0.036081251 -0.0015753412 0.12060011)
(0.037112143 -0.001620351 0.12060011)
(0.038143036 -0.0016653608 0.12060011)
(0.039173929 -0.0017103705 0.12060011)
(0.040204822 -0.0017553803 0.12060011)
(0.041235715 -0.00180039 0.12060011)
(0.0010308929 4.500975e-05 0.12060011)
(0.0020617858 9.00195e-05 0.12060011)
(0.0030926786 0.00013502925 0.12060011)
(0.0041235715 0.000180039 0.12060011)
(0.0051544644 0.00022504875 0.12060011)
(0.0061853572 0.0002700585 0.12060011)
(0.0072162501 0.00031506825 0.12060011)
(0.008247143 0.000360078 0.12060011)
(0.0092780359 0.00040508775 0.12060011)
(0.010308929 0.0004500975 0.12060011)
(0.011339822 0.00049510725 0.12060011)
(0.012370714 0.000540117 0.12060011)
(0.013401607 0.00058512675 0.12060011)
(0.0144325 0.0006301365 0.12060011)
(0.015463393 0.00067514625 0.12060011)
(0.016494286 0.000720156 0.12060011)
(0.017525179 0.00076516575 0.12060011)
(0.018556072 0.0008101755 0.12060011)
(0.019586965 0.00085518525 0.12060011)
(0.020617857 0.000900195 0.12060011)
(0.02164875 0.00094520475 0.12060011)
(0.022679643 0.0009902145 0.12060011)
(0.023710536 0.0010352243 0.12060011)
(0.024741429 0.001080234 0.12060011)
(0.025772322 0.0011252437 0.12060011)
(0.026803215 0.0011702535 0.12060011)
(0.027834108 0.0012152632 0.12060011)
(0.028865001 0.001260273 0.12060011)
(0.029895893 0.0013052828 0.12060011)
(0.030926786 0.0013502925 0.12060011)
(0.031957679 0.0013953023 0.12060011)
(0.032988572 0.001440312 0.12060011)
(0.034019465 0.0014853217 0.12060011)
(0.035050358 0.0015303315 0.12060011)
(0.036081251 0.0015753412 0.12060011)
(0.037112143 0.001620351 0.12060011)
(0.038143036 0.0016653608 0.12060011)
(0.039173929 0.0017103705 0.12060011)
(0.040204822 0.0017553803 0.12060011)
(0.041235715 0.00180039 0.12060011)
(0 0 0.12072087)
(0.0010308929 -4.500975e-05 0.12072087)
(0.0020617858 -9.00195e-05 0.12072087)
(0.0030926786 -0.00013502925 0.12072087)
(0.0041235715 -0.000180039 0.12072087)
(0.0051544644 -0.00022504875 0.12072087)
(0.0061853572 -0.0002700585 0.12072087)
(0.0072162501 -0.00031506825 0.12072087)
(0.008247143 -0.000360078 0.12072087)
(0.0092780359 -0.00040508775 0.12072087)
(0.010308929 -0.0004500975 0.12072087)
(0.011339822 -0.00049510725 0.12072087)
(0.012370714 -0.000540117 0.12072087)
(0.013401607 -0.00058512675 0.12072087)
(0.0144325 -0.0006301365 0.12072087)
(0.015463393 -0.00067514625 0.12072087)
(0.016494286 -0.000720156 0.12072087)
(0.017525179 -0.00076516575 0.12072087)
(0.018556072 -0.0008101755 0.12072087)
(0.019586965 -0.00085518525 0.12072087)
(0.020617857 -0.000900195 0.12072087)
(0.02164875 -0.00094520475 0.12072087)
(0.022679643 -0.0009902145 0.12072087)
(0.023710536 -0.0010352243 0.12072087)
(0.024741429 -0.001080234 0.12072087)
(0.025772322 -0.0011252437 0.12072087)
(0.026803215 -0.0011702535 0.12072087)
(0.027834108 -0.0012152632 0.12072087)
(0.028865001 -0.001260273 0.12072087)
(0.029895893 -0.0013052828 0.12072087)
(0.030926786 -0.0013502925 0.12072087)
(0.031957679 -0.0013953023 0.12072087)
(0.032988572 -0.001440312 0.12072087)
(0.034019465 -0.0014853217 0.12072087)
(0.035050358 -0.0015303315 0.12072087)
(0.036081251 -0.0015753412 0.12072087)
(0.037112143 -0.001620351 0.12072087)
(0.038143036 -0.0016653608 0.12072087)
(0.039173929 -0.0017103705 0.12072087)
(0.040204822 -0.0017553803 0.12072087)
(0.041235715 -0.00180039 0.12072087)
(0.0010308929 4.500975e-05 0.12072087)
(0.0020617858 9.00195e-05 0.12072087)
(0.0030926786 0.00013502925 0.12072087)
(0.0041235715 0.000180039 0.12072087)
(0.0051544644 0.00022504875 0.12072087)
(0.0061853572 0.0002700585 0.12072087)
(0.0072162501 0.00031506825 0.12072087)
(0.008247143 0.000360078 0.12072087)
(0.0092780359 0.00040508775 0.12072087)
(0.010308929 0.0004500975 0.12072087)
(0.011339822 0.00049510725 0.12072087)
(0.012370714 0.000540117 0.12072087)
(0.013401607 0.00058512675 0.12072087)
(0.0144325 0.0006301365 0.12072087)
(0.015463393 0.00067514625 0.12072087)
(0.016494286 0.000720156 0.12072087)
(0.017525179 0.00076516575 0.12072087)
(0.018556072 0.0008101755 0.12072087)
(0.019586965 0.00085518525 0.12072087)
(0.020617857 0.000900195 0.12072087)
(0.02164875 0.00094520475 0.12072087)
(0.022679643 0.0009902145 0.12072087)
(0.023710536 0.0010352243 0.12072087)
(0.024741429 0.001080234 0.12072087)
(0.025772322 0.0011252437 0.12072087)
(0.026803215 0.0011702535 0.12072087)
(0.027834108 0.0012152632 0.12072087)
(0.028865001 0.001260273 0.12072087)
(0.029895893 0.0013052828 0.12072087)
(0.030926786 0.0013502925 0.12072087)
(0.031957679 0.0013953023 0.12072087)
(0.032988572 0.001440312 0.12072087)
(0.034019465 0.0014853217 0.12072087)
(0.035050358 0.0015303315 0.12072087)
(0.036081251 0.0015753412 0.12072087)
(0.037112143 0.001620351 0.12072087)
(0.038143036 0.0016653608 0.12072087)
(0.039173929 0.0017103705 0.12072087)
(0.040204822 0.0017553803 0.12072087)
(0.041235715 0.00180039 0.12072087)
(0 0 0.12084162)
(0.0010308929 -4.500975e-05 0.12084162)
(0.0020617858 -9.00195e-05 0.12084162)
(0.0030926786 -0.00013502925 0.12084162)
(0.0041235715 -0.000180039 0.12084162)
(0.0051544644 -0.00022504875 0.12084162)
(0.0061853572 -0.0002700585 0.12084162)
(0.0072162501 -0.00031506825 0.12084162)
(0.008247143 -0.000360078 0.12084162)
(0.0092780359 -0.00040508775 0.12084162)
(0.010308929 -0.0004500975 0.12084162)
(0.011339822 -0.00049510725 0.12084162)
(0.012370714 -0.000540117 0.12084162)
(0.013401607 -0.00058512675 0.12084162)
(0.0144325 -0.0006301365 0.12084162)
(0.015463393 -0.00067514625 0.12084162)
(0.016494286 -0.000720156 0.12084162)
(0.017525179 -0.00076516575 0.12084162)
(0.018556072 -0.0008101755 0.12084162)
(0.019586965 -0.00085518525 0.12084162)
(0.020617857 -0.000900195 0.12084162)
(0.02164875 -0.00094520475 0.12084162)
(0.022679643 -0.0009902145 0.12084162)
(0.023710536 -0.0010352243 0.12084162)
(0.024741429 -0.001080234 0.12084162)
(0.025772322 -0.0011252437 0.12084162)
(0.026803215 -0.0011702535 0.12084162)
(0.027834108 -0.0012152632 0.12084162)
(0.028865001 -0.001260273 0.12084162)
(0.029895893 -0.0013052828 0.12084162)
(0.030926786 -0.0013502925 0.12084162)
(0.031957679 -0.0013953023 0.12084162)
(0.032988572 -0.001440312 0.12084162)
(0.034019465 -0.0014853217 0.12084162)
(0.035050358 -0.0015303315 0.12084162)
(0.036081251 -0.0015753412 0.12084162)
(0.037112143 -0.001620351 0.12084162)
(0.038143036 -0.0016653608 0.12084162)
(0.039173929 -0.0017103705 0.12084162)
(0.040204822 -0.0017553803 0.12084162)
(0.041235715 -0.00180039 0.12084162)
(0.0010308929 4.500975e-05 0.12084162)
(0.0020617858 9.00195e-05 0.12084162)
(0.0030926786 0.00013502925 0.12084162)
(0.0041235715 0.000180039 0.12084162)
(0.0051544644 0.00022504875 0.12084162)
(0.0061853572 0.0002700585 0.12084162)
(0.0072162501 0.00031506825 0.12084162)
(0.008247143 0.000360078 0.12084162)
(0.0092780359 0.00040508775 0.12084162)
(0.010308929 0.0004500975 0.12084162)
(0.011339822 0.00049510725 0.12084162)
(0.012370714 0.000540117 0.12084162)
(0.013401607 0.00058512675 0.12084162)
(0.0144325 0.0006301365 0.12084162)
(0.015463393 0.00067514625 0.12084162)
(0.016494286 0.000720156 0.12084162)
(0.017525179 0.00076516575 0.12084162)
(0.018556072 0.0008101755 0.12084162)
(0.019586965 0.00085518525 0.12084162)
(0.020617857 0.000900195 0.12084162)
(0.02164875 0.00094520475 0.12084162)
(0.022679643 0.0009902145 0.12084162)
(0.023710536 0.0010352243 0.12084162)
(0.024741429 0.001080234 0.12084162)
(0.025772322 0.0011252437 0.12084162)
(0.026803215 0.0011702535 0.12084162)
(0.027834108 0.0012152632 0.12084162)
(0.028865001 0.001260273 0.12084162)
(0.029895893 0.0013052828 0.12084162)
(0.030926786 0.0013502925 0.12084162)
(0.031957679 0.0013953023 0.12084162)
(0.032988572 0.001440312 0.12084162)
(0.034019465 0.0014853217 0.12084162)
(0.035050358 0.0015303315 0.12084162)
(0.036081251 0.0015753412 0.12084162)
(0.037112143 0.001620351 0.12084162)
(0.038143036 0.0016653608 0.12084162)
(0.039173929 0.0017103705 0.12084162)
(0.040204822 0.0017553803 0.12084162)
(0.041235715 0.00180039 0.12084162)
(0 0 0.12096238)
(0.0010308929 -4.500975e-05 0.12096238)
(0.0020617858 -9.00195e-05 0.12096238)
(0.0030926786 -0.00013502925 0.12096238)
(0.0041235715 -0.000180039 0.12096238)
(0.0051544644 -0.00022504875 0.12096238)
(0.0061853572 -0.0002700585 0.12096238)
(0.0072162501 -0.00031506825 0.12096238)
(0.008247143 -0.000360078 0.12096238)
(0.0092780359 -0.00040508775 0.12096238)
(0.010308929 -0.0004500975 0.12096238)
(0.011339822 -0.00049510725 0.12096238)
(0.012370714 -0.000540117 0.12096238)
(0.013401607 -0.00058512675 0.12096238)
(0.0144325 -0.0006301365 0.12096238)
(0.015463393 -0.00067514625 0.12096238)
(0.016494286 -0.000720156 0.12096238)
(0.017525179 -0.00076516575 0.12096238)
(0.018556072 -0.0008101755 0.12096238)
(0.019586965 -0.00085518525 0.12096238)
(0.020617857 -0.000900195 0.12096238)
(0.02164875 -0.00094520475 0.12096238)
(0.022679643 -0.0009902145 0.12096238)
(0.023710536 -0.0010352243 0.12096238)
(0.024741429 -0.001080234 0.12096238)
(0.025772322 -0.0011252437 0.12096238)
(0.026803215 -0.0011702535 0.12096238)
(0.027834108 -0.0012152632 0.12096238)
(0.028865001 -0.001260273 0.12096238)
(0.029895893 -0.0013052828 0.12096238)
(0.030926786 -0.0013502925 0.12096238)
(0.031957679 -0.0013953023 0.12096238)
(0.032988572 -0.001440312 0.12096238)
(0.034019465 -0.0014853217 0.12096238)
(0.035050358 -0.0015303315 0.12096238)
(0.036081251 -0.0015753412 0.12096238)
(0.037112143 -0.001620351 0.12096238)
(0.038143036 -0.0016653608 0.12096238)
(0.039173929 -0.0017103705 0.12096238)
(0.040204822 -0.0017553803 0.12096238)
(0.041235715 -0.00180039 0.12096238)
(0.0010308929 4.500975e-05 0.12096238)
(0.0020617858 9.00195e-05 0.12096238)
(0.0030926786 0.00013502925 0.12096238)
(0.0041235715 0.000180039 0.12096238)
(0.0051544644 0.00022504875 0.12096238)
(0.0061853572 0.0002700585 0.12096238)
(0.0072162501 0.00031506825 0.12096238)
(0.008247143 0.000360078 0.12096238)
(0.0092780359 0.00040508775 0.12096238)
(0.010308929 0.0004500975 0.12096238)
(0.011339822 0.00049510725 0.12096238)
(0.012370714 0.000540117 0.12096238)
(0.013401607 0.00058512675 0.12096238)
(0.0144325 0.0006301365 0.12096238)
(0.015463393 0.00067514625 0.12096238)
(0.016494286 0.000720156 0.12096238)
(0.017525179 0.00076516575 0.12096238)
(0.018556072 0.0008101755 0.12096238)
(0.019586965 0.00085518525 0.12096238)
(0.020617857 0.000900195 0.12096238)
(0.02164875 0.00094520475 0.12096238)
(0.022679643 0.0009902145 0.12096238)
(0.023710536 0.0010352243 0.12096238)
(0.024741429 0.001080234 0.12096238)
(0.025772322 0.0011252437 0.12096238)
(0.026803215 0.0011702535 0.12096238)
(0.027834108 0.0012152632 0.12096238)
(0.028865001 0.001260273 0.12096238)
(0.029895893 0.0013052828 0.12096238)
(0.030926786 0.0013502925 0.12096238)
(0.031957679 0.0013953023 0.12096238)
(0.032988572 0.001440312 0.12096238)
(0.034019465 0.0014853217 0.12096238)
(0.035050358 0.0015303315 0.12096238)
(0.036081251 0.0015753412 0.12096238)
(0.037112143 0.001620351 0.12096238)
(0.038143036 0.0016653608 0.12096238)
(0.039173929 0.0017103705 0.12096238)
(0.040204822 0.0017553803 0.12096238)
(0.041235715 0.00180039 0.12096238)
(0 0 0.12108313)
(0.0010308929 -4.500975e-05 0.12108313)
(0.0020617858 -9.00195e-05 0.12108313)
(0.0030926786 -0.00013502925 0.12108313)
(0.0041235715 -0.000180039 0.12108313)
(0.0051544644 -0.00022504875 0.12108313)
(0.0061853572 -0.0002700585 0.12108313)
(0.0072162501 -0.00031506825 0.12108313)
(0.008247143 -0.000360078 0.12108313)
(0.0092780359 -0.00040508775 0.12108313)
(0.010308929 -0.0004500975 0.12108313)
(0.011339822 -0.00049510725 0.12108313)
(0.012370714 -0.000540117 0.12108313)
(0.013401607 -0.00058512675 0.12108313)
(0.0144325 -0.0006301365 0.12108313)
(0.015463393 -0.00067514625 0.12108313)
(0.016494286 -0.000720156 0.12108313)
(0.017525179 -0.00076516575 0.12108313)
(0.018556072 -0.0008101755 0.12108313)
(0.019586965 -0.00085518525 0.12108313)
(0.020617857 -0.000900195 0.12108313)
(0.02164875 -0.00094520475 0.12108313)
(0.022679643 -0.0009902145 0.12108313)
(0.023710536 -0.0010352243 0.12108313)
(0.024741429 -0.001080234 0.12108313)
(0.025772322 -0.0011252437 0.12108313)
(0.026803215 -0.0011702535 0.12108313)
(0.027834108 -0.0012152632 0.12108313)
(0.028865001 -0.001260273 0.12108313)
(0.029895893 -0.0013052828 0.12108313)
(0.030926786 -0.0013502925 0.12108313)
(0.031957679 -0.0013953023 0.12108313)
(0.032988572 -0.001440312 0.12108313)
(0.034019465 -0.0014853217 0.12108313)
(0.035050358 -0.0015303315 0.12108313)
(0.036081251 -0.0015753412 0.12108313)
(0.037112143 -0.001620351 0.12108313)
(0.038143036 -0.0016653608 0.12108313)
(0.039173929 -0.0017103705 0.12108313)
(0.040204822 -0.0017553803 0.12108313)
(0.041235715 -0.00180039 0.12108313)
(0.0010308929 4.500975e-05 0.12108313)
(0.0020617858 9.00195e-05 0.12108313)
(0.0030926786 0.00013502925 0.12108313)
(0.0041235715 0.000180039 0.12108313)
(0.0051544644 0.00022504875 0.12108313)
(0.0061853572 0.0002700585 0.12108313)
(0.0072162501 0.00031506825 0.12108313)
(0.008247143 0.000360078 0.12108313)
(0.0092780359 0.00040508775 0.12108313)
(0.010308929 0.0004500975 0.12108313)
(0.011339822 0.00049510725 0.12108313)
(0.012370714 0.000540117 0.12108313)
(0.013401607 0.00058512675 0.12108313)
(0.0144325 0.0006301365 0.12108313)
(0.015463393 0.00067514625 0.12108313)
(0.016494286 0.000720156 0.12108313)
(0.017525179 0.00076516575 0.12108313)
(0.018556072 0.0008101755 0.12108313)
(0.019586965 0.00085518525 0.12108313)
(0.020617857 0.000900195 0.12108313)
(0.02164875 0.00094520475 0.12108313)
(0.022679643 0.0009902145 0.12108313)
(0.023710536 0.0010352243 0.12108313)
(0.024741429 0.001080234 0.12108313)
(0.025772322 0.0011252437 0.12108313)
(0.026803215 0.0011702535 0.12108313)
(0.027834108 0.0012152632 0.12108313)
(0.028865001 0.001260273 0.12108313)
(0.029895893 0.0013052828 0.12108313)
(0.030926786 0.0013502925 0.12108313)
(0.031957679 0.0013953023 0.12108313)
(0.032988572 0.001440312 0.12108313)
(0.034019465 0.0014853217 0.12108313)
(0.035050358 0.0015303315 0.12108313)
(0.036081251 0.0015753412 0.12108313)
(0.037112143 0.001620351 0.12108313)
(0.038143036 0.0016653608 0.12108313)
(0.039173929 0.0017103705 0.12108313)
(0.040204822 0.0017553803 0.12108313)
(0.041235715 0.00180039 0.12108313)
(0 0 0.12120388)
(0.0010308929 -4.500975e-05 0.12120388)
(0.0020617858 -9.00195e-05 0.12120388)
(0.0030926786 -0.00013502925 0.12120388)
(0.0041235715 -0.000180039 0.12120388)
(0.0051544644 -0.00022504875 0.12120388)
(0.0061853572 -0.0002700585 0.12120388)
(0.0072162501 -0.00031506825 0.12120388)
(0.008247143 -0.000360078 0.12120388)
(0.0092780359 -0.00040508775 0.12120388)
(0.010308929 -0.0004500975 0.12120388)
(0.011339822 -0.00049510725 0.12120388)
(0.012370714 -0.000540117 0.12120388)
(0.013401607 -0.00058512675 0.12120388)
(0.0144325 -0.0006301365 0.12120388)
(0.015463393 -0.00067514625 0.12120388)
(0.016494286 -0.000720156 0.12120388)
(0.017525179 -0.00076516575 0.12120388)
(0.018556072 -0.0008101755 0.12120388)
(0.019586965 -0.00085518525 0.12120388)
(0.020617857 -0.000900195 0.12120388)
(0.02164875 -0.00094520475 0.12120388)
(0.022679643 -0.0009902145 0.12120388)
(0.023710536 -0.0010352243 0.12120388)
(0.024741429 -0.001080234 0.12120388)
(0.025772322 -0.0011252437 0.12120388)
(0.026803215 -0.0011702535 0.12120388)
(0.027834108 -0.0012152632 0.12120388)
(0.028865001 -0.001260273 0.12120388)
(0.029895893 -0.0013052828 0.12120388)
(0.030926786 -0.0013502925 0.12120388)
(0.031957679 -0.0013953023 0.12120388)
(0.032988572 -0.001440312 0.12120388)
(0.034019465 -0.0014853217 0.12120388)
(0.035050358 -0.0015303315 0.12120388)
(0.036081251 -0.0015753412 0.12120388)
(0.037112143 -0.001620351 0.12120388)
(0.038143036 -0.0016653608 0.12120388)
(0.039173929 -0.0017103705 0.12120388)
(0.040204822 -0.0017553803 0.12120388)
(0.041235715 -0.00180039 0.12120388)
(0.0010308929 4.500975e-05 0.12120388)
(0.0020617858 9.00195e-05 0.12120388)
(0.0030926786 0.00013502925 0.12120388)
(0.0041235715 0.000180039 0.12120388)
(0.0051544644 0.00022504875 0.12120388)
(0.0061853572 0.0002700585 0.12120388)
(0.0072162501 0.00031506825 0.12120388)
(0.008247143 0.000360078 0.12120388)
(0.0092780359 0.00040508775 0.12120388)
(0.010308929 0.0004500975 0.12120388)
(0.011339822 0.00049510725 0.12120388)
(0.012370714 0.000540117 0.12120388)
(0.013401607 0.00058512675 0.12120388)
(0.0144325 0.0006301365 0.12120388)
(0.015463393 0.00067514625 0.12120388)
(0.016494286 0.000720156 0.12120388)
(0.017525179 0.00076516575 0.12120388)
(0.018556072 0.0008101755 0.12120388)
(0.019586965 0.00085518525 0.12120388)
(0.020617857 0.000900195 0.12120388)
(0.02164875 0.00094520475 0.12120388)
(0.022679643 0.0009902145 0.12120388)
(0.023710536 0.0010352243 0.12120388)
(0.024741429 0.001080234 0.12120388)
(0.025772322 0.0011252437 0.12120388)
(0.026803215 0.0011702535 0.12120388)
(0.027834108 0.0012152632 0.12120388)
(0.028865001 0.001260273 0.12120388)
(0.029895893 0.0013052828 0.12120388)
(0.030926786 0.0013502925 0.12120388)
(0.031957679 0.0013953023 0.12120388)
(0.032988572 0.001440312 0.12120388)
(0.034019465 0.0014853217 0.12120388)
(0.035050358 0.0015303315 0.12120388)
(0.036081251 0.0015753412 0.12120388)
(0.037112143 0.001620351 0.12120388)
(0.038143036 0.0016653608 0.12120388)
(0.039173929 0.0017103705 0.12120388)
(0.040204822 0.0017553803 0.12120388)
(0.041235715 0.00180039 0.12120388)
(0 0 0.12132463)
(0.0010308929 -4.500975e-05 0.12132463)
(0.0020617858 -9.00195e-05 0.12132463)
(0.0030926786 -0.00013502925 0.12132463)
(0.0041235715 -0.000180039 0.12132463)
(0.0051544644 -0.00022504875 0.12132463)
(0.0061853572 -0.0002700585 0.12132463)
(0.0072162501 -0.00031506825 0.12132463)
(0.008247143 -0.000360078 0.12132463)
(0.0092780359 -0.00040508775 0.12132463)
(0.010308929 -0.0004500975 0.12132463)
(0.011339822 -0.00049510725 0.12132463)
(0.012370714 -0.000540117 0.12132463)
(0.013401607 -0.00058512675 0.12132463)
(0.0144325 -0.0006301365 0.12132463)
(0.015463393 -0.00067514625 0.12132463)
(0.016494286 -0.000720156 0.12132463)
(0.017525179 -0.00076516575 0.12132463)
(0.018556072 -0.0008101755 0.12132463)
(0.019586965 -0.00085518525 0.12132463)
(0.020617857 -0.000900195 0.12132463)
(0.02164875 -0.00094520475 0.12132463)
(0.022679643 -0.0009902145 0.12132463)
(0.023710536 -0.0010352243 0.12132463)
(0.024741429 -0.001080234 0.12132463)
(0.025772322 -0.0011252437 0.12132463)
(0.026803215 -0.0011702535 0.12132463)
(0.027834108 -0.0012152632 0.12132463)
(0.028865001 -0.001260273 0.12132463)
(0.029895893 -0.0013052828 0.12132463)
(0.030926786 -0.0013502925 0.12132463)
(0.031957679 -0.0013953023 0.12132463)
(0.032988572 -0.001440312 0.12132463)
(0.034019465 -0.0014853217 0.12132463)
(0.035050358 -0.0015303315 0.12132463)
(0.036081251 -0.0015753412 0.12132463)
(0.037112143 -0.001620351 0.12132463)
(0.038143036 -0.0016653608 0.12132463)
(0.039173929 -0.0017103705 0.12132463)
(0.040204822 -0.0017553803 0.12132463)
(0.041235715 -0.00180039 0.12132463)
(0.0010308929 4.500975e-05 0.12132463)
(0.0020617858 9.00195e-05 0.12132463)
(0.0030926786 0.00013502925 0.12132463)
(0.0041235715 0.000180039 0.12132463)
(0.0051544644 0.00022504875 0.12132463)
(0.0061853572 0.0002700585 0.12132463)
(0.0072162501 0.00031506825 0.12132463)
(0.008247143 0.000360078 0.12132463)
(0.0092780359 0.00040508775 0.12132463)
(0.010308929 0.0004500975 0.12132463)
(0.011339822 0.00049510725 0.12132463)
(0.012370714 0.000540117 0.12132463)
(0.013401607 0.00058512675 0.12132463)
(0.0144325 0.0006301365 0.12132463)
(0.015463393 0.00067514625 0.12132463)
(0.016494286 0.000720156 0.12132463)
(0.017525179 0.00076516575 0.12132463)
(0.018556072 0.0008101755 0.12132463)
(0.019586965 0.00085518525 0.12132463)
(0.020617857 0.000900195 0.12132463)
(0.02164875 0.00094520475 0.12132463)
(0.022679643 0.0009902145 0.12132463)
(0.023710536 0.0010352243 0.12132463)
(0.024741429 0.001080234 0.12132463)
(0.025772322 0.0011252437 0.12132463)
(0.026803215 0.0011702535 0.12132463)
(0.027834108 0.0012152632 0.12132463)
(0.028865001 0.001260273 0.12132463)
(0.029895893 0.0013052828 0.12132463)
(0.030926786 0.0013502925 0.12132463)
(0.031957679 0.0013953023 0.12132463)
(0.032988572 0.001440312 0.12132463)
(0.034019465 0.0014853217 0.12132463)
(0.035050358 0.0015303315 0.12132463)
(0.036081251 0.0015753412 0.12132463)
(0.037112143 0.001620351 0.12132463)
(0.038143036 0.0016653608 0.12132463)
(0.039173929 0.0017103705 0.12132463)
(0.040204822 0.0017553803 0.12132463)
(0.041235715 0.00180039 0.12132463)
(0 0 0.12144538)
(0.0010308929 -4.500975e-05 0.12144538)
(0.0020617858 -9.00195e-05 0.12144538)
(0.0030926786 -0.00013502925 0.12144538)
(0.0041235715 -0.000180039 0.12144538)
(0.0051544644 -0.00022504875 0.12144538)
(0.0061853572 -0.0002700585 0.12144538)
(0.0072162501 -0.00031506825 0.12144538)
(0.008247143 -0.000360078 0.12144538)
(0.0092780359 -0.00040508775 0.12144538)
(0.010308929 -0.0004500975 0.12144538)
(0.011339822 -0.00049510725 0.12144538)
(0.012370714 -0.000540117 0.12144538)
(0.013401607 -0.00058512675 0.12144538)
(0.0144325 -0.0006301365 0.12144538)
(0.015463393 -0.00067514625 0.12144538)
(0.016494286 -0.000720156 0.12144538)
(0.017525179 -0.00076516575 0.12144538)
(0.018556072 -0.0008101755 0.12144538)
(0.019586965 -0.00085518525 0.12144538)
(0.020617857 -0.000900195 0.12144538)
(0.02164875 -0.00094520475 0.12144538)
(0.022679643 -0.0009902145 0.12144538)
(0.023710536 -0.0010352243 0.12144538)
(0.024741429 -0.001080234 0.12144538)
(0.025772322 -0.0011252437 0.12144538)
(0.026803215 -0.0011702535 0.12144538)
(0.027834108 -0.0012152632 0.12144538)
(0.028865001 -0.001260273 0.12144538)
(0.029895893 -0.0013052828 0.12144538)
(0.030926786 -0.0013502925 0.12144538)
(0.031957679 -0.0013953023 0.12144538)
(0.032988572 -0.001440312 0.12144538)
(0.034019465 -0.0014853217 0.12144538)
(0.035050358 -0.0015303315 0.12144538)
(0.036081251 -0.0015753412 0.12144538)
(0.037112143 -0.001620351 0.12144538)
(0.038143036 -0.0016653608 0.12144538)
(0.039173929 -0.0017103705 0.12144538)
(0.040204822 -0.0017553803 0.12144538)
(0.041235715 -0.00180039 0.12144538)
(0.0010308929 4.500975e-05 0.12144538)
(0.0020617858 9.00195e-05 0.12144538)
(0.0030926786 0.00013502925 0.12144538)
(0.0041235715 0.000180039 0.12144538)
(0.0051544644 0.00022504875 0.12144538)
(0.0061853572 0.0002700585 0.12144538)
(0.0072162501 0.00031506825 0.12144538)
(0.008247143 0.000360078 0.12144538)
(0.0092780359 0.00040508775 0.12144538)
(0.010308929 0.0004500975 0.12144538)
(0.011339822 0.00049510725 0.12144538)
(0.012370714 0.000540117 0.12144538)
(0.013401607 0.00058512675 0.12144538)
(0.0144325 0.0006301365 0.12144538)
(0.015463393 0.00067514625 0.12144538)
(0.016494286 0.000720156 0.12144538)
(0.017525179 0.00076516575 0.12144538)
(0.018556072 0.0008101755 0.12144538)
(0.019586965 0.00085518525 0.12144538)
(0.020617857 0.000900195 0.12144538)
(0.02164875 0.00094520475 0.12144538)
(0.022679643 0.0009902145 0.12144538)
(0.023710536 0.0010352243 0.12144538)
(0.024741429 0.001080234 0.12144538)
(0.025772322 0.0011252437 0.12144538)
(0.026803215 0.0011702535 0.12144538)
(0.027834108 0.0012152632 0.12144538)
(0.028865001 0.001260273 0.12144538)
(0.029895893 0.0013052828 0.12144538)
(0.030926786 0.0013502925 0.12144538)
(0.031957679 0.0013953023 0.12144538)
(0.032988572 0.001440312 0.12144538)
(0.034019465 0.0014853217 0.12144538)
(0.035050358 0.0015303315 0.12144538)
(0.036081251 0.0015753412 0.12144538)
(0.037112143 0.001620351 0.12144538)
(0.038143036 0.0016653608 0.12144538)
(0.039173929 0.0017103705 0.12144538)
(0.040204822 0.0017553803 0.12144538)
(0.041235715 0.00180039 0.12144538)
(0 0 0.12156613)
(0.0010308929 -4.500975e-05 0.12156613)
(0.0020617858 -9.00195e-05 0.12156613)
(0.0030926786 -0.00013502925 0.12156613)
(0.0041235715 -0.000180039 0.12156613)
(0.0051544644 -0.00022504875 0.12156613)
(0.0061853572 -0.0002700585 0.12156613)
(0.0072162501 -0.00031506825 0.12156613)
(0.008247143 -0.000360078 0.12156613)
(0.0092780359 -0.00040508775 0.12156613)
(0.010308929 -0.0004500975 0.12156613)
(0.011339822 -0.00049510725 0.12156613)
(0.012370714 -0.000540117 0.12156613)
(0.013401607 -0.00058512675 0.12156613)
(0.0144325 -0.0006301365 0.12156613)
(0.015463393 -0.00067514625 0.12156613)
(0.016494286 -0.000720156 0.12156613)
(0.017525179 -0.00076516575 0.12156613)
(0.018556072 -0.0008101755 0.12156613)
(0.019586965 -0.00085518525 0.12156613)
(0.020617857 -0.000900195 0.12156613)
(0.02164875 -0.00094520475 0.12156613)
(0.022679643 -0.0009902145 0.12156613)
(0.023710536 -0.0010352243 0.12156613)
(0.024741429 -0.001080234 0.12156613)
(0.025772322 -0.0011252437 0.12156613)
(0.026803215 -0.0011702535 0.12156613)
(0.027834108 -0.0012152632 0.12156613)
(0.028865001 -0.001260273 0.12156613)
(0.029895893 -0.0013052828 0.12156613)
(0.030926786 -0.0013502925 0.12156613)
(0.031957679 -0.0013953023 0.12156613)
(0.032988572 -0.001440312 0.12156613)
(0.034019465 -0.0014853217 0.12156613)
(0.035050358 -0.0015303315 0.12156613)
(0.036081251 -0.0015753412 0.12156613)
(0.037112143 -0.001620351 0.12156613)
(0.038143036 -0.0016653608 0.12156613)
(0.039173929 -0.0017103705 0.12156613)
(0.040204822 -0.0017553803 0.12156613)
(0.041235715 -0.00180039 0.12156613)
(0.0010308929 4.500975e-05 0.12156613)
(0.0020617858 9.00195e-05 0.12156613)
(0.0030926786 0.00013502925 0.12156613)
(0.0041235715 0.000180039 0.12156613)
(0.0051544644 0.00022504875 0.12156613)
(0.0061853572 0.0002700585 0.12156613)
(0.0072162501 0.00031506825 0.12156613)
(0.008247143 0.000360078 0.12156613)
(0.0092780359 0.00040508775 0.12156613)
(0.010308929 0.0004500975 0.12156613)
(0.011339822 0.00049510725 0.12156613)
(0.012370714 0.000540117 0.12156613)
(0.013401607 0.00058512675 0.12156613)
(0.0144325 0.0006301365 0.12156613)
(0.015463393 0.00067514625 0.12156613)
(0.016494286 0.000720156 0.12156613)
(0.017525179 0.00076516575 0.12156613)
(0.018556072 0.0008101755 0.12156613)
(0.019586965 0.00085518525 0.12156613)
(0.020617857 0.000900195 0.12156613)
(0.02164875 0.00094520475 0.12156613)
(0.022679643 0.0009902145 0.12156613)
(0.023710536 0.0010352243 0.12156613)
(0.024741429 0.001080234 0.12156613)
(0.025772322 0.0011252437 0.12156613)
(0.026803215 0.0011702535 0.12156613)
(0.027834108 0.0012152632 0.12156613)
(0.028865001 0.001260273 0.12156613)
(0.029895893 0.0013052828 0.12156613)
(0.030926786 0.0013502925 0.12156613)
(0.031957679 0.0013953023 0.12156613)
(0.032988572 0.001440312 0.12156613)
(0.034019465 0.0014853217 0.12156613)
(0.035050358 0.0015303315 0.12156613)
(0.036081251 0.0015753412 0.12156613)
(0.037112143 0.001620351 0.12156613)
(0.038143036 0.0016653608 0.12156613)
(0.039173929 0.0017103705 0.12156613)
(0.040204822 0.0017553803 0.12156613)
(0.041235715 0.00180039 0.12156613)
(0 0 0.12168688)
(0.0010308929 -4.500975e-05 0.12168688)
(0.0020617858 -9.00195e-05 0.12168688)
(0.0030926786 -0.00013502925 0.12168688)
(0.0041235715 -0.000180039 0.12168688)
(0.0051544644 -0.00022504875 0.12168688)
(0.0061853572 -0.0002700585 0.12168688)
(0.0072162501 -0.00031506825 0.12168688)
(0.008247143 -0.000360078 0.12168688)
(0.0092780359 -0.00040508775 0.12168688)
(0.010308929 -0.0004500975 0.12168688)
(0.011339822 -0.00049510725 0.12168688)
(0.012370714 -0.000540117 0.12168688)
(0.013401607 -0.00058512675 0.12168688)
(0.0144325 -0.0006301365 0.12168688)
(0.015463393 -0.00067514625 0.12168688)
(0.016494286 -0.000720156 0.12168688)
(0.017525179 -0.00076516575 0.12168688)
(0.018556072 -0.0008101755 0.12168688)
(0.019586965 -0.00085518525 0.12168688)
(0.020617857 -0.000900195 0.12168688)
(0.02164875 -0.00094520475 0.12168688)
(0.022679643 -0.0009902145 0.12168688)
(0.023710536 -0.0010352243 0.12168688)
(0.024741429 -0.001080234 0.12168688)
(0.025772322 -0.0011252437 0.12168688)
(0.026803215 -0.0011702535 0.12168688)
(0.027834108 -0.0012152632 0.12168688)
(0.028865001 -0.001260273 0.12168688)
(0.029895893 -0.0013052828 0.12168688)
(0.030926786 -0.0013502925 0.12168688)
(0.031957679 -0.0013953023 0.12168688)
(0.032988572 -0.001440312 0.12168688)
(0.034019465 -0.0014853217 0.12168688)
(0.035050358 -0.0015303315 0.12168688)
(0.036081251 -0.0015753412 0.12168688)
(0.037112143 -0.001620351 0.12168688)
(0.038143036 -0.0016653608 0.12168688)
(0.039173929 -0.0017103705 0.12168688)
(0.040204822 -0.0017553803 0.12168688)
(0.041235715 -0.00180039 0.12168688)
(0.0010308929 4.500975e-05 0.12168688)
(0.0020617858 9.00195e-05 0.12168688)
(0.0030926786 0.00013502925 0.12168688)
(0.0041235715 0.000180039 0.12168688)
(0.0051544644 0.00022504875 0.12168688)
(0.0061853572 0.0002700585 0.12168688)
(0.0072162501 0.00031506825 0.12168688)
(0.008247143 0.000360078 0.12168688)
(0.0092780359 0.00040508775 0.12168688)
(0.010308929 0.0004500975 0.12168688)
(0.011339822 0.00049510725 0.12168688)
(0.012370714 0.000540117 0.12168688)
(0.013401607 0.00058512675 0.12168688)
(0.0144325 0.0006301365 0.12168688)
(0.015463393 0.00067514625 0.12168688)
(0.016494286 0.000720156 0.12168688)
(0.017525179 0.00076516575 0.12168688)
(0.018556072 0.0008101755 0.12168688)
(0.019586965 0.00085518525 0.12168688)
(0.020617857 0.000900195 0.12168688)
(0.02164875 0.00094520475 0.12168688)
(0.022679643 0.0009902145 0.12168688)
(0.023710536 0.0010352243 0.12168688)
(0.024741429 0.001080234 0.12168688)
(0.025772322 0.0011252437 0.12168688)
(0.026803215 0.0011702535 0.12168688)
(0.027834108 0.0012152632 0.12168688)
(0.028865001 0.001260273 0.12168688)
(0.029895893 0.0013052828 0.12168688)
(0.030926786 0.0013502925 0.12168688)
(0.031957679 0.0013953023 0.12168688)
(0.032988572 0.001440312 0.12168688)
(0.034019465 0.0014853217 0.12168688)
(0.035050358 0.0015303315 0.12168688)
(0.036081251 0.0015753412 0.12168688)
(0.037112143 0.001620351 0.12168688)
(0.038143036 0.0016653608 0.12168688)
(0.039173929 0.0017103705 0.12168688)
(0.040204822 0.0017553803 0.12168688)
(0.041235715 0.00180039 0.12168688)
(0 0 0.12180764)
(0.0010308929 -4.500975e-05 0.12180764)
(0.0020617858 -9.00195e-05 0.12180764)
(0.0030926786 -0.00013502925 0.12180764)
(0.0041235715 -0.000180039 0.12180764)
(0.0051544644 -0.00022504875 0.12180764)
(0.0061853572 -0.0002700585 0.12180764)
(0.0072162501 -0.00031506825 0.12180764)
(0.008247143 -0.000360078 0.12180764)
(0.0092780359 -0.00040508775 0.12180764)
(0.010308929 -0.0004500975 0.12180764)
(0.011339822 -0.00049510725 0.12180764)
(0.012370714 -0.000540117 0.12180764)
(0.013401607 -0.00058512675 0.12180764)
(0.0144325 -0.0006301365 0.12180764)
(0.015463393 -0.00067514625 0.12180764)
(0.016494286 -0.000720156 0.12180764)
(0.017525179 -0.00076516575 0.12180764)
(0.018556072 -0.0008101755 0.12180764)
(0.019586965 -0.00085518525 0.12180764)
(0.020617857 -0.000900195 0.12180764)
(0.02164875 -0.00094520475 0.12180764)
(0.022679643 -0.0009902145 0.12180764)
(0.023710536 -0.0010352243 0.12180764)
(0.024741429 -0.001080234 0.12180764)
(0.025772322 -0.0011252437 0.12180764)
(0.026803215 -0.0011702535 0.12180764)
(0.027834108 -0.0012152632 0.12180764)
(0.028865001 -0.001260273 0.12180764)
(0.029895893 -0.0013052828 0.12180764)
(0.030926786 -0.0013502925 0.12180764)
(0.031957679 -0.0013953023 0.12180764)
(0.032988572 -0.001440312 0.12180764)
(0.034019465 -0.0014853217 0.12180764)
(0.035050358 -0.0015303315 0.12180764)
(0.036081251 -0.0015753412 0.12180764)
(0.037112143 -0.001620351 0.12180764)
(0.038143036 -0.0016653608 0.12180764)
(0.039173929 -0.0017103705 0.12180764)
(0.040204822 -0.0017553803 0.12180764)
(0.041235715 -0.00180039 0.12180764)
(0.0010308929 4.500975e-05 0.12180764)
(0.0020617858 9.00195e-05 0.12180764)
(0.0030926786 0.00013502925 0.12180764)
(0.0041235715 0.000180039 0.12180764)
(0.0051544644 0.00022504875 0.12180764)
(0.0061853572 0.0002700585 0.12180764)
(0.0072162501 0.00031506825 0.12180764)
(0.008247143 0.000360078 0.12180764)
(0.0092780359 0.00040508775 0.12180764)
(0.010308929 0.0004500975 0.12180764)
(0.011339822 0.00049510725 0.12180764)
(0.012370714 0.000540117 0.12180764)
(0.013401607 0.00058512675 0.12180764)
(0.0144325 0.0006301365 0.12180764)
(0.015463393 0.00067514625 0.12180764)
(0.016494286 0.000720156 0.12180764)
(0.017525179 0.00076516575 0.12180764)
(0.018556072 0.0008101755 0.12180764)
(0.019586965 0.00085518525 0.12180764)
(0.020617857 0.000900195 0.12180764)
(0.02164875 0.00094520475 0.12180764)
(0.022679643 0.0009902145 0.12180764)
(0.023710536 0.0010352243 0.12180764)
(0.024741429 0.001080234 0.12180764)
(0.025772322 0.0011252437 0.12180764)
(0.026803215 0.0011702535 0.12180764)
(0.027834108 0.0012152632 0.12180764)
(0.028865001 0.001260273 0.12180764)
(0.029895893 0.0013052828 0.12180764)
(0.030926786 0.0013502925 0.12180764)
(0.031957679 0.0013953023 0.12180764)
(0.032988572 0.001440312 0.12180764)
(0.034019465 0.0014853217 0.12180764)
(0.035050358 0.0015303315 0.12180764)
(0.036081251 0.0015753412 0.12180764)
(0.037112143 0.001620351 0.12180764)
(0.038143036 0.0016653608 0.12180764)
(0.039173929 0.0017103705 0.12180764)
(0.040204822 0.0017553803 0.12180764)
(0.041235715 0.00180039 0.12180764)
(0 0 0.12192839)
(0.0010308929 -4.500975e-05 0.12192839)
(0.0020617858 -9.00195e-05 0.12192839)
(0.0030926786 -0.00013502925 0.12192839)
(0.0041235715 -0.000180039 0.12192839)
(0.0051544644 -0.00022504875 0.12192839)
(0.0061853572 -0.0002700585 0.12192839)
(0.0072162501 -0.00031506825 0.12192839)
(0.008247143 -0.000360078 0.12192839)
(0.0092780359 -0.00040508775 0.12192839)
(0.010308929 -0.0004500975 0.12192839)
(0.011339822 -0.00049510725 0.12192839)
(0.012370714 -0.000540117 0.12192839)
(0.013401607 -0.00058512675 0.12192839)
(0.0144325 -0.0006301365 0.12192839)
(0.015463393 -0.00067514625 0.12192839)
(0.016494286 -0.000720156 0.12192839)
(0.017525179 -0.00076516575 0.12192839)
(0.018556072 -0.0008101755 0.12192839)
(0.019586965 -0.00085518525 0.12192839)
(0.020617857 -0.000900195 0.12192839)
(0.02164875 -0.00094520475 0.12192839)
(0.022679643 -0.0009902145 0.12192839)
(0.023710536 -0.0010352243 0.12192839)
(0.024741429 -0.001080234 0.12192839)
(0.025772322 -0.0011252437 0.12192839)
(0.026803215 -0.0011702535 0.12192839)
(0.027834108 -0.0012152632 0.12192839)
(0.028865001 -0.001260273 0.12192839)
(0.029895893 -0.0013052828 0.12192839)
(0.030926786 -0.0013502925 0.12192839)
(0.031957679 -0.0013953023 0.12192839)
(0.032988572 -0.001440312 0.12192839)
(0.034019465 -0.0014853217 0.12192839)
(0.035050358 -0.0015303315 0.12192839)
(0.036081251 -0.0015753412 0.12192839)
(0.037112143 -0.001620351 0.12192839)
(0.038143036 -0.0016653608 0.12192839)
(0.039173929 -0.0017103705 0.12192839)
(0.040204822 -0.0017553803 0.12192839)
(0.041235715 -0.00180039 0.12192839)
(0.0010308929 4.500975e-05 0.12192839)
(0.0020617858 9.00195e-05 0.12192839)
(0.0030926786 0.00013502925 0.12192839)
(0.0041235715 0.000180039 0.12192839)
(0.0051544644 0.00022504875 0.12192839)
(0.0061853572 0.0002700585 0.12192839)
(0.0072162501 0.00031506825 0.12192839)
(0.008247143 0.000360078 0.12192839)
(0.0092780359 0.00040508775 0.12192839)
(0.010308929 0.0004500975 0.12192839)
(0.011339822 0.00049510725 0.12192839)
(0.012370714 0.000540117 0.12192839)
(0.013401607 0.00058512675 0.12192839)
(0.0144325 0.0006301365 0.12192839)
(0.015463393 0.00067514625 0.12192839)
(0.016494286 0.000720156 0.12192839)
(0.017525179 0.00076516575 0.12192839)
(0.018556072 0.0008101755 0.12192839)
(0.019586965 0.00085518525 0.12192839)
(0.020617857 0.000900195 0.12192839)
(0.02164875 0.00094520475 0.12192839)
(0.022679643 0.0009902145 0.12192839)
(0.023710536 0.0010352243 0.12192839)
(0.024741429 0.001080234 0.12192839)
(0.025772322 0.0011252437 0.12192839)
(0.026803215 0.0011702535 0.12192839)
(0.027834108 0.0012152632 0.12192839)
(0.028865001 0.001260273 0.12192839)
(0.029895893 0.0013052828 0.12192839)
(0.030926786 0.0013502925 0.12192839)
(0.031957679 0.0013953023 0.12192839)
(0.032988572 0.001440312 0.12192839)
(0.034019465 0.0014853217 0.12192839)
(0.035050358 0.0015303315 0.12192839)
(0.036081251 0.0015753412 0.12192839)
(0.037112143 0.001620351 0.12192839)
(0.038143036 0.0016653608 0.12192839)
(0.039173929 0.0017103705 0.12192839)
(0.040204822 0.0017553803 0.12192839)
(0.041235715 0.00180039 0.12192839)
(0 0 0.12204915)
(0.0010308929 -4.500975e-05 0.12204915)
(0.0020617858 -9.00195e-05 0.12204915)
(0.0030926786 -0.00013502925 0.12204915)
(0.0041235715 -0.000180039 0.12204915)
(0.0051544644 -0.00022504875 0.12204915)
(0.0061853572 -0.0002700585 0.12204915)
(0.0072162501 -0.00031506825 0.12204915)
(0.008247143 -0.000360078 0.12204915)
(0.0092780359 -0.00040508775 0.12204915)
(0.010308929 -0.0004500975 0.12204915)
(0.011339822 -0.00049510725 0.12204915)
(0.012370714 -0.000540117 0.12204915)
(0.013401607 -0.00058512675 0.12204915)
(0.0144325 -0.0006301365 0.12204915)
(0.015463393 -0.00067514625 0.12204915)
(0.016494286 -0.000720156 0.12204915)
(0.017525179 -0.00076516575 0.12204915)
(0.018556072 -0.0008101755 0.12204915)
(0.019586965 -0.00085518525 0.12204915)
(0.020617857 -0.000900195 0.12204915)
(0.02164875 -0.00094520475 0.12204915)
(0.022679643 -0.0009902145 0.12204915)
(0.023710536 -0.0010352243 0.12204915)
(0.024741429 -0.001080234 0.12204915)
(0.025772322 -0.0011252437 0.12204915)
(0.026803215 -0.0011702535 0.12204915)
(0.027834108 -0.0012152632 0.12204915)
(0.028865001 -0.001260273 0.12204915)
(0.029895893 -0.0013052828 0.12204915)
(0.030926786 -0.0013502925 0.12204915)
(0.031957679 -0.0013953023 0.12204915)
(0.032988572 -0.001440312 0.12204915)
(0.034019465 -0.0014853217 0.12204915)
(0.035050358 -0.0015303315 0.12204915)
(0.036081251 -0.0015753412 0.12204915)
(0.037112143 -0.001620351 0.12204915)
(0.038143036 -0.0016653608 0.12204915)
(0.039173929 -0.0017103705 0.12204915)
(0.040204822 -0.0017553803 0.12204915)
(0.041235715 -0.00180039 0.12204915)
(0.0010308929 4.500975e-05 0.12204915)
(0.0020617858 9.00195e-05 0.12204915)
(0.0030926786 0.00013502925 0.12204915)
(0.0041235715 0.000180039 0.12204915)
(0.0051544644 0.00022504875 0.12204915)
(0.0061853572 0.0002700585 0.12204915)
(0.0072162501 0.00031506825 0.12204915)
(0.008247143 0.000360078 0.12204915)
(0.0092780359 0.00040508775 0.12204915)
(0.010308929 0.0004500975 0.12204915)
(0.011339822 0.00049510725 0.12204915)
(0.012370714 0.000540117 0.12204915)
(0.013401607 0.00058512675 0.12204915)
(0.0144325 0.0006301365 0.12204915)
(0.015463393 0.00067514625 0.12204915)
(0.016494286 0.000720156 0.12204915)
(0.017525179 0.00076516575 0.12204915)
(0.018556072 0.0008101755 0.12204915)
(0.019586965 0.00085518525 0.12204915)
(0.020617857 0.000900195 0.12204915)
(0.02164875 0.00094520475 0.12204915)
(0.022679643 0.0009902145 0.12204915)
(0.023710536 0.0010352243 0.12204915)
(0.024741429 0.001080234 0.12204915)
(0.025772322 0.0011252437 0.12204915)
(0.026803215 0.0011702535 0.12204915)
(0.027834108 0.0012152632 0.12204915)
(0.028865001 0.001260273 0.12204915)
(0.029895893 0.0013052828 0.12204915)
(0.030926786 0.0013502925 0.12204915)
(0.031957679 0.0013953023 0.12204915)
(0.032988572 0.001440312 0.12204915)
(0.034019465 0.0014853217 0.12204915)
(0.035050358 0.0015303315 0.12204915)
(0.036081251 0.0015753412 0.12204915)
(0.037112143 0.001620351 0.12204915)
(0.038143036 0.0016653608 0.12204915)
(0.039173929 0.0017103705 0.12204915)
(0.040204822 0.0017553803 0.12204915)
(0.041235715 0.00180039 0.12204915)
(0 0 0.1221699)
(0.0010308929 -4.500975e-05 0.1221699)
(0.0020617858 -9.00195e-05 0.1221699)
(0.0030926786 -0.00013502925 0.1221699)
(0.0041235715 -0.000180039 0.1221699)
(0.0051544644 -0.00022504875 0.1221699)
(0.0061853572 -0.0002700585 0.1221699)
(0.0072162501 -0.00031506825 0.1221699)
(0.008247143 -0.000360078 0.1221699)
(0.0092780359 -0.00040508775 0.1221699)
(0.010308929 -0.0004500975 0.1221699)
(0.011339822 -0.00049510725 0.1221699)
(0.012370714 -0.000540117 0.1221699)
(0.013401607 -0.00058512675 0.1221699)
(0.0144325 -0.0006301365 0.1221699)
(0.015463393 -0.00067514625 0.1221699)
(0.016494286 -0.000720156 0.1221699)
(0.017525179 -0.00076516575 0.1221699)
(0.018556072 -0.0008101755 0.1221699)
(0.019586965 -0.00085518525 0.1221699)
(0.020617857 -0.000900195 0.1221699)
(0.02164875 -0.00094520475 0.1221699)
(0.022679643 -0.0009902145 0.1221699)
(0.023710536 -0.0010352243 0.1221699)
(0.024741429 -0.001080234 0.1221699)
(0.025772322 -0.0011252437 0.1221699)
(0.026803215 -0.0011702535 0.1221699)
(0.027834108 -0.0012152632 0.1221699)
(0.028865001 -0.001260273 0.1221699)
(0.029895893 -0.0013052828 0.1221699)
(0.030926786 -0.0013502925 0.1221699)
(0.031957679 -0.0013953023 0.1221699)
(0.032988572 -0.001440312 0.1221699)
(0.034019465 -0.0014853217 0.1221699)
(0.035050358 -0.0015303315 0.1221699)
(0.036081251 -0.0015753412 0.1221699)
(0.037112143 -0.001620351 0.1221699)
(0.038143036 -0.0016653608 0.1221699)
(0.039173929 -0.0017103705 0.1221699)
(0.040204822 -0.0017553803 0.1221699)
(0.041235715 -0.00180039 0.1221699)
(0.0010308929 4.500975e-05 0.1221699)
(0.0020617858 9.00195e-05 0.1221699)
(0.0030926786 0.00013502925 0.1221699)
(0.0041235715 0.000180039 0.1221699)
(0.0051544644 0.00022504875 0.1221699)
(0.0061853572 0.0002700585 0.1221699)
(0.0072162501 0.00031506825 0.1221699)
(0.008247143 0.000360078 0.1221699)
(0.0092780359 0.00040508775 0.1221699)
(0.010308929 0.0004500975 0.1221699)
(0.011339822 0.00049510725 0.1221699)
(0.012370714 0.000540117 0.1221699)
(0.013401607 0.00058512675 0.1221699)
(0.0144325 0.0006301365 0.1221699)
(0.015463393 0.00067514625 0.1221699)
(0.016494286 0.000720156 0.1221699)
(0.017525179 0.00076516575 0.1221699)
(0.018556072 0.0008101755 0.1221699)
(0.019586965 0.00085518525 0.1221699)
(0.020617857 0.000900195 0.1221699)
(0.02164875 0.00094520475 0.1221699)
(0.022679643 0.0009902145 0.1221699)
(0.023710536 0.0010352243 0.1221699)
(0.024741429 0.001080234 0.1221699)
(0.025772322 0.0011252437 0.1221699)
(0.026803215 0.0011702535 0.1221699)
(0.027834108 0.0012152632 0.1221699)
(0.028865001 0.001260273 0.1221699)
(0.029895893 0.0013052828 0.1221699)
(0.030926786 0.0013502925 0.1221699)
(0.031957679 0.0013953023 0.1221699)
(0.032988572 0.001440312 0.1221699)
(0.034019465 0.0014853217 0.1221699)
(0.035050358 0.0015303315 0.1221699)
(0.036081251 0.0015753412 0.1221699)
(0.037112143 0.001620351 0.1221699)
(0.038143036 0.0016653608 0.1221699)
(0.039173929 0.0017103705 0.1221699)
(0.040204822 0.0017553803 0.1221699)
(0.041235715 0.00180039 0.1221699)
(0 0 0.12229065)
(0.0010308929 -4.500975e-05 0.12229065)
(0.0020617858 -9.00195e-05 0.12229065)
(0.0030926786 -0.00013502925 0.12229065)
(0.0041235715 -0.000180039 0.12229065)
(0.0051544644 -0.00022504875 0.12229065)
(0.0061853572 -0.0002700585 0.12229065)
(0.0072162501 -0.00031506825 0.12229065)
(0.008247143 -0.000360078 0.12229065)
(0.0092780359 -0.00040508775 0.12229065)
(0.010308929 -0.0004500975 0.12229065)
(0.011339822 -0.00049510725 0.12229065)
(0.012370714 -0.000540117 0.12229065)
(0.013401607 -0.00058512675 0.12229065)
(0.0144325 -0.0006301365 0.12229065)
(0.015463393 -0.00067514625 0.12229065)
(0.016494286 -0.000720156 0.12229065)
(0.017525179 -0.00076516575 0.12229065)
(0.018556072 -0.0008101755 0.12229065)
(0.019586965 -0.00085518525 0.12229065)
(0.020617857 -0.000900195 0.12229065)
(0.02164875 -0.00094520475 0.12229065)
(0.022679643 -0.0009902145 0.12229065)
(0.023710536 -0.0010352243 0.12229065)
(0.024741429 -0.001080234 0.12229065)
(0.025772322 -0.0011252437 0.12229065)
(0.026803215 -0.0011702535 0.12229065)
(0.027834108 -0.0012152632 0.12229065)
(0.028865001 -0.001260273 0.12229065)
(0.029895893 -0.0013052828 0.12229065)
(0.030926786 -0.0013502925 0.12229065)
(0.031957679 -0.0013953023 0.12229065)
(0.032988572 -0.001440312 0.12229065)
(0.034019465 -0.0014853217 0.12229065)
(0.035050358 -0.0015303315 0.12229065)
(0.036081251 -0.0015753412 0.12229065)
(0.037112143 -0.001620351 0.12229065)
(0.038143036 -0.0016653608 0.12229065)
(0.039173929 -0.0017103705 0.12229065)
(0.040204822 -0.0017553803 0.12229065)
(0.041235715 -0.00180039 0.12229065)
(0.0010308929 4.500975e-05 0.12229065)
(0.0020617858 9.00195e-05 0.12229065)
(0.0030926786 0.00013502925 0.12229065)
(0.0041235715 0.000180039 0.12229065)
(0.0051544644 0.00022504875 0.12229065)
(0.0061853572 0.0002700585 0.12229065)
(0.0072162501 0.00031506825 0.12229065)
(0.008247143 0.000360078 0.12229065)
(0.0092780359 0.00040508775 0.12229065)
(0.010308929 0.0004500975 0.12229065)
(0.011339822 0.00049510725 0.12229065)
(0.012370714 0.000540117 0.12229065)
(0.013401607 0.00058512675 0.12229065)
(0.0144325 0.0006301365 0.12229065)
(0.015463393 0.00067514625 0.12229065)
(0.016494286 0.000720156 0.12229065)
(0.017525179 0.00076516575 0.12229065)
(0.018556072 0.0008101755 0.12229065)
(0.019586965 0.00085518525 0.12229065)
(0.020617857 0.000900195 0.12229065)
(0.02164875 0.00094520475 0.12229065)
(0.022679643 0.0009902145 0.12229065)
(0.023710536 0.0010352243 0.12229065)
(0.024741429 0.001080234 0.12229065)
(0.025772322 0.0011252437 0.12229065)
(0.026803215 0.0011702535 0.12229065)
(0.027834108 0.0012152632 0.12229065)
(0.028865001 0.001260273 0.12229065)
(0.029895893 0.0013052828 0.12229065)
(0.030926786 0.0013502925 0.12229065)
(0.031957679 0.0013953023 0.12229065)
(0.032988572 0.001440312 0.12229065)
(0.034019465 0.0014853217 0.12229065)
(0.035050358 0.0015303315 0.12229065)
(0.036081251 0.0015753412 0.12229065)
(0.037112143 0.001620351 0.12229065)
(0.038143036 0.0016653608 0.12229065)
(0.039173929 0.0017103705 0.12229065)
(0.040204822 0.0017553803 0.12229065)
(0.041235715 0.00180039 0.12229065)
(0 0 0.1224114)
(0.0010308929 -4.500975e-05 0.1224114)
(0.0020617858 -9.00195e-05 0.1224114)
(0.0030926786 -0.00013502925 0.1224114)
(0.0041235715 -0.000180039 0.1224114)
(0.0051544644 -0.00022504875 0.1224114)
(0.0061853572 -0.0002700585 0.1224114)
(0.0072162501 -0.00031506825 0.1224114)
(0.008247143 -0.000360078 0.1224114)
(0.0092780359 -0.00040508775 0.1224114)
(0.010308929 -0.0004500975 0.1224114)
(0.011339822 -0.00049510725 0.1224114)
(0.012370714 -0.000540117 0.1224114)
(0.013401607 -0.00058512675 0.1224114)
(0.0144325 -0.0006301365 0.1224114)
(0.015463393 -0.00067514625 0.1224114)
(0.016494286 -0.000720156 0.1224114)
(0.017525179 -0.00076516575 0.1224114)
(0.018556072 -0.0008101755 0.1224114)
(0.019586965 -0.00085518525 0.1224114)
(0.020617857 -0.000900195 0.1224114)
(0.02164875 -0.00094520475 0.1224114)
(0.022679643 -0.0009902145 0.1224114)
(0.023710536 -0.0010352243 0.1224114)
(0.024741429 -0.001080234 0.1224114)
(0.025772322 -0.0011252437 0.1224114)
(0.026803215 -0.0011702535 0.1224114)
(0.027834108 -0.0012152632 0.1224114)
(0.028865001 -0.001260273 0.1224114)
(0.029895893 -0.0013052828 0.1224114)
(0.030926786 -0.0013502925 0.1224114)
(0.031957679 -0.0013953023 0.1224114)
(0.032988572 -0.001440312 0.1224114)
(0.034019465 -0.0014853217 0.1224114)
(0.035050358 -0.0015303315 0.1224114)
(0.036081251 -0.0015753412 0.1224114)
(0.037112143 -0.001620351 0.1224114)
(0.038143036 -0.0016653608 0.1224114)
(0.039173929 -0.0017103705 0.1224114)
(0.040204822 -0.0017553803 0.1224114)
(0.041235715 -0.00180039 0.1224114)
(0.0010308929 4.500975e-05 0.1224114)
(0.0020617858 9.00195e-05 0.1224114)
(0.0030926786 0.00013502925 0.1224114)
(0.0041235715 0.000180039 0.1224114)
(0.0051544644 0.00022504875 0.1224114)
(0.0061853572 0.0002700585 0.1224114)
(0.0072162501 0.00031506825 0.1224114)
(0.008247143 0.000360078 0.1224114)
(0.0092780359 0.00040508775 0.1224114)
(0.010308929 0.0004500975 0.1224114)
(0.011339822 0.00049510725 0.1224114)
(0.012370714 0.000540117 0.1224114)
(0.013401607 0.00058512675 0.1224114)
(0.0144325 0.0006301365 0.1224114)
(0.015463393 0.00067514625 0.1224114)
(0.016494286 0.000720156 0.1224114)
(0.017525179 0.00076516575 0.1224114)
(0.018556072 0.0008101755 0.1224114)
(0.019586965 0.00085518525 0.1224114)
(0.020617857 0.000900195 0.1224114)
(0.02164875 0.00094520475 0.1224114)
(0.022679643 0.0009902145 0.1224114)
(0.023710536 0.0010352243 0.1224114)
(0.024741429 0.001080234 0.1224114)
(0.025772322 0.0011252437 0.1224114)
(0.026803215 0.0011702535 0.1224114)
(0.027834108 0.0012152632 0.1224114)
(0.028865001 0.001260273 0.1224114)
(0.029895893 0.0013052828 0.1224114)
(0.030926786 0.0013502925 0.1224114)
(0.031957679 0.0013953023 0.1224114)
(0.032988572 0.001440312 0.1224114)
(0.034019465 0.0014853217 0.1224114)
(0.035050358 0.0015303315 0.1224114)
(0.036081251 0.0015753412 0.1224114)
(0.037112143 0.001620351 0.1224114)
(0.038143036 0.0016653608 0.1224114)
(0.039173929 0.0017103705 0.1224114)
(0.040204822 0.0017553803 0.1224114)
(0.041235715 0.00180039 0.1224114)
(0 0 0.12253216)
(0.0010308929 -4.500975e-05 0.12253216)
(0.0020617858 -9.00195e-05 0.12253216)
(0.0030926786 -0.00013502925 0.12253216)
(0.0041235715 -0.000180039 0.12253216)
(0.0051544644 -0.00022504875 0.12253216)
(0.0061853572 -0.0002700585 0.12253216)
(0.0072162501 -0.00031506825 0.12253216)
(0.008247143 -0.000360078 0.12253216)
(0.0092780359 -0.00040508775 0.12253216)
(0.010308929 -0.0004500975 0.12253216)
(0.011339822 -0.00049510725 0.12253216)
(0.012370714 -0.000540117 0.12253216)
(0.013401607 -0.00058512675 0.12253216)
(0.0144325 -0.0006301365 0.12253216)
(0.015463393 -0.00067514625 0.12253216)
(0.016494286 -0.000720156 0.12253216)
(0.017525179 -0.00076516575 0.12253216)
(0.018556072 -0.0008101755 0.12253216)
(0.019586965 -0.00085518525 0.12253216)
(0.020617857 -0.000900195 0.12253216)
(0.02164875 -0.00094520475 0.12253216)
(0.022679643 -0.0009902145 0.12253216)
(0.023710536 -0.0010352243 0.12253216)
(0.024741429 -0.001080234 0.12253216)
(0.025772322 -0.0011252437 0.12253216)
(0.026803215 -0.0011702535 0.12253216)
(0.027834108 -0.0012152632 0.12253216)
(0.028865001 -0.001260273 0.12253216)
(0.029895893 -0.0013052828 0.12253216)
(0.030926786 -0.0013502925 0.12253216)
(0.031957679 -0.0013953023 0.12253216)
(0.032988572 -0.001440312 0.12253216)
(0.034019465 -0.0014853217 0.12253216)
(0.035050358 -0.0015303315 0.12253216)
(0.036081251 -0.0015753412 0.12253216)
(0.037112143 -0.001620351 0.12253216)
(0.038143036 -0.0016653608 0.12253216)
(0.039173929 -0.0017103705 0.12253216)
(0.040204822 -0.0017553803 0.12253216)
(0.041235715 -0.00180039 0.12253216)
(0.0010308929 4.500975e-05 0.12253216)
(0.0020617858 9.00195e-05 0.12253216)
(0.0030926786 0.00013502925 0.12253216)
(0.0041235715 0.000180039 0.12253216)
(0.0051544644 0.00022504875 0.12253216)
(0.0061853572 0.0002700585 0.12253216)
(0.0072162501 0.00031506825 0.12253216)
(0.008247143 0.000360078 0.12253216)
(0.0092780359 0.00040508775 0.12253216)
(0.010308929 0.0004500975 0.12253216)
(0.011339822 0.00049510725 0.12253216)
(0.012370714 0.000540117 0.12253216)
(0.013401607 0.00058512675 0.12253216)
(0.0144325 0.0006301365 0.12253216)
(0.015463393 0.00067514625 0.12253216)
(0.016494286 0.000720156 0.12253216)
(0.017525179 0.00076516575 0.12253216)
(0.018556072 0.0008101755 0.12253216)
(0.019586965 0.00085518525 0.12253216)
(0.020617857 0.000900195 0.12253216)
(0.02164875 0.00094520475 0.12253216)
(0.022679643 0.0009902145 0.12253216)
(0.023710536 0.0010352243 0.12253216)
(0.024741429 0.001080234 0.12253216)
(0.025772322 0.0011252437 0.12253216)
(0.026803215 0.0011702535 0.12253216)
(0.027834108 0.0012152632 0.12253216)
(0.028865001 0.001260273 0.12253216)
(0.029895893 0.0013052828 0.12253216)
(0.030926786 0.0013502925 0.12253216)
(0.031957679 0.0013953023 0.12253216)
(0.032988572 0.001440312 0.12253216)
(0.034019465 0.0014853217 0.12253216)
(0.035050358 0.0015303315 0.12253216)
(0.036081251 0.0015753412 0.12253216)
(0.037112143 0.001620351 0.12253216)
(0.038143036 0.0016653608 0.12253216)
(0.039173929 0.0017103705 0.12253216)
(0.040204822 0.0017553803 0.12253216)
(0.041235715 0.00180039 0.12253216)
(0 0 0.12265291)
(0.0010308929 -4.500975e-05 0.12265291)
(0.0020617858 -9.00195e-05 0.12265291)
(0.0030926786 -0.00013502925 0.12265291)
(0.0041235715 -0.000180039 0.12265291)
(0.0051544644 -0.00022504875 0.12265291)
(0.0061853572 -0.0002700585 0.12265291)
(0.0072162501 -0.00031506825 0.12265291)
(0.008247143 -0.000360078 0.12265291)
(0.0092780359 -0.00040508775 0.12265291)
(0.010308929 -0.0004500975 0.12265291)
(0.011339822 -0.00049510725 0.12265291)
(0.012370714 -0.000540117 0.12265291)
(0.013401607 -0.00058512675 0.12265291)
(0.0144325 -0.0006301365 0.12265291)
(0.015463393 -0.00067514625 0.12265291)
(0.016494286 -0.000720156 0.12265291)
(0.017525179 -0.00076516575 0.12265291)
(0.018556072 -0.0008101755 0.12265291)
(0.019586965 -0.00085518525 0.12265291)
(0.020617857 -0.000900195 0.12265291)
(0.02164875 -0.00094520475 0.12265291)
(0.022679643 -0.0009902145 0.12265291)
(0.023710536 -0.0010352243 0.12265291)
(0.024741429 -0.001080234 0.12265291)
(0.025772322 -0.0011252437 0.12265291)
(0.026803215 -0.0011702535 0.12265291)
(0.027834108 -0.0012152632 0.12265291)
(0.028865001 -0.001260273 0.12265291)
(0.029895893 -0.0013052828 0.12265291)
(0.030926786 -0.0013502925 0.12265291)
(0.031957679 -0.0013953023 0.12265291)
(0.032988572 -0.001440312 0.12265291)
(0.034019465 -0.0014853217 0.12265291)
(0.035050358 -0.0015303315 0.12265291)
(0.036081251 -0.0015753412 0.12265291)
(0.037112143 -0.001620351 0.12265291)
(0.038143036 -0.0016653608 0.12265291)
(0.039173929 -0.0017103705 0.12265291)
(0.040204822 -0.0017553803 0.12265291)
(0.041235715 -0.00180039 0.12265291)
(0.0010308929 4.500975e-05 0.12265291)
(0.0020617858 9.00195e-05 0.12265291)
(0.0030926786 0.00013502925 0.12265291)
(0.0041235715 0.000180039 0.12265291)
(0.0051544644 0.00022504875 0.12265291)
(0.0061853572 0.0002700585 0.12265291)
(0.0072162501 0.00031506825 0.12265291)
(0.008247143 0.000360078 0.12265291)
(0.0092780359 0.00040508775 0.12265291)
(0.010308929 0.0004500975 0.12265291)
(0.011339822 0.00049510725 0.12265291)
(0.012370714 0.000540117 0.12265291)
(0.013401607 0.00058512675 0.12265291)
(0.0144325 0.0006301365 0.12265291)
(0.015463393 0.00067514625 0.12265291)
(0.016494286 0.000720156 0.12265291)
(0.017525179 0.00076516575 0.12265291)
(0.018556072 0.0008101755 0.12265291)
(0.019586965 0.00085518525 0.12265291)
(0.020617857 0.000900195 0.12265291)
(0.02164875 0.00094520475 0.12265291)
(0.022679643 0.0009902145 0.12265291)
(0.023710536 0.0010352243 0.12265291)
(0.024741429 0.001080234 0.12265291)
(0.025772322 0.0011252437 0.12265291)
(0.026803215 0.0011702535 0.12265291)
(0.027834108 0.0012152632 0.12265291)
(0.028865001 0.001260273 0.12265291)
(0.029895893 0.0013052828 0.12265291)
(0.030926786 0.0013502925 0.12265291)
(0.031957679 0.0013953023 0.12265291)
(0.032988572 0.001440312 0.12265291)
(0.034019465 0.0014853217 0.12265291)
(0.035050358 0.0015303315 0.12265291)
(0.036081251 0.0015753412 0.12265291)
(0.037112143 0.001620351 0.12265291)
(0.038143036 0.0016653608 0.12265291)
(0.039173929 0.0017103705 0.12265291)
(0.040204822 0.0017553803 0.12265291)
(0.041235715 0.00180039 0.12265291)
(0 0 0.12277366)
(0.0010308929 -4.500975e-05 0.12277366)
(0.0020617858 -9.00195e-05 0.12277366)
(0.0030926786 -0.00013502925 0.12277366)
(0.0041235715 -0.000180039 0.12277366)
(0.0051544644 -0.00022504875 0.12277366)
(0.0061853572 -0.0002700585 0.12277366)
(0.0072162501 -0.00031506825 0.12277366)
(0.008247143 -0.000360078 0.12277366)
(0.0092780359 -0.00040508775 0.12277366)
(0.010308929 -0.0004500975 0.12277366)
(0.011339822 -0.00049510725 0.12277366)
(0.012370714 -0.000540117 0.12277366)
(0.013401607 -0.00058512675 0.12277366)
(0.0144325 -0.0006301365 0.12277366)
(0.015463393 -0.00067514625 0.12277366)
(0.016494286 -0.000720156 0.12277366)
(0.017525179 -0.00076516575 0.12277366)
(0.018556072 -0.0008101755 0.12277366)
(0.019586965 -0.00085518525 0.12277366)
(0.020617857 -0.000900195 0.12277366)
(0.02164875 -0.00094520475 0.12277366)
(0.022679643 -0.0009902145 0.12277366)
(0.023710536 -0.0010352243 0.12277366)
(0.024741429 -0.001080234 0.12277366)
(0.025772322 -0.0011252437 0.12277366)
(0.026803215 -0.0011702535 0.12277366)
(0.027834108 -0.0012152632 0.12277366)
(0.028865001 -0.001260273 0.12277366)
(0.029895893 -0.0013052828 0.12277366)
(0.030926786 -0.0013502925 0.12277366)
(0.031957679 -0.0013953023 0.12277366)
(0.032988572 -0.001440312 0.12277366)
(0.034019465 -0.0014853217 0.12277366)
(0.035050358 -0.0015303315 0.12277366)
(0.036081251 -0.0015753412 0.12277366)
(0.037112143 -0.001620351 0.12277366)
(0.038143036 -0.0016653608 0.12277366)
(0.039173929 -0.0017103705 0.12277366)
(0.040204822 -0.0017553803 0.12277366)
(0.041235715 -0.00180039 0.12277366)
(0.0010308929 4.500975e-05 0.12277366)
(0.0020617858 9.00195e-05 0.12277366)
(0.0030926786 0.00013502925 0.12277366)
(0.0041235715 0.000180039 0.12277366)
(0.0051544644 0.00022504875 0.12277366)
(0.0061853572 0.0002700585 0.12277366)
(0.0072162501 0.00031506825 0.12277366)
(0.008247143 0.000360078 0.12277366)
(0.0092780359 0.00040508775 0.12277366)
(0.010308929 0.0004500975 0.12277366)
(0.011339822 0.00049510725 0.12277366)
(0.012370714 0.000540117 0.12277366)
(0.013401607 0.00058512675 0.12277366)
(0.0144325 0.0006301365 0.12277366)
(0.015463393 0.00067514625 0.12277366)
(0.016494286 0.000720156 0.12277366)
(0.017525179 0.00076516575 0.12277366)
(0.018556072 0.0008101755 0.12277366)
(0.019586965 0.00085518525 0.12277366)
(0.020617857 0.000900195 0.12277366)
(0.02164875 0.00094520475 0.12277366)
(0.022679643 0.0009902145 0.12277366)
(0.023710536 0.0010352243 0.12277366)
(0.024741429 0.001080234 0.12277366)
(0.025772322 0.0011252437 0.12277366)
(0.026803215 0.0011702535 0.12277366)
(0.027834108 0.0012152632 0.12277366)
(0.028865001 0.001260273 0.12277366)
(0.029895893 0.0013052828 0.12277366)
(0.030926786 0.0013502925 0.12277366)
(0.031957679 0.0013953023 0.12277366)
(0.032988572 0.001440312 0.12277366)
(0.034019465 0.0014853217 0.12277366)
(0.035050358 0.0015303315 0.12277366)
(0.036081251 0.0015753412 0.12277366)
(0.037112143 0.001620351 0.12277366)
(0.038143036 0.0016653608 0.12277366)
(0.039173929 0.0017103705 0.12277366)
(0.040204822 0.0017553803 0.12277366)
(0.041235715 0.00180039 0.12277366)
(0 0 0.12289441)
(0.0010308929 -4.500975e-05 0.12289441)
(0.0020617858 -9.00195e-05 0.12289441)
(0.0030926786 -0.00013502925 0.12289441)
(0.0041235715 -0.000180039 0.12289441)
(0.0051544644 -0.00022504875 0.12289441)
(0.0061853572 -0.0002700585 0.12289441)
(0.0072162501 -0.00031506825 0.12289441)
(0.008247143 -0.000360078 0.12289441)
(0.0092780359 -0.00040508775 0.12289441)
(0.010308929 -0.0004500975 0.12289441)
(0.011339822 -0.00049510725 0.12289441)
(0.012370714 -0.000540117 0.12289441)
(0.013401607 -0.00058512675 0.12289441)
(0.0144325 -0.0006301365 0.12289441)
(0.015463393 -0.00067514625 0.12289441)
(0.016494286 -0.000720156 0.12289441)
(0.017525179 -0.00076516575 0.12289441)
(0.018556072 -0.0008101755 0.12289441)
(0.019586965 -0.00085518525 0.12289441)
(0.020617857 -0.000900195 0.12289441)
(0.02164875 -0.00094520475 0.12289441)
(0.022679643 -0.0009902145 0.12289441)
(0.023710536 -0.0010352243 0.12289441)
(0.024741429 -0.001080234 0.12289441)
(0.025772322 -0.0011252437 0.12289441)
(0.026803215 -0.0011702535 0.12289441)
(0.027834108 -0.0012152632 0.12289441)
(0.028865001 -0.001260273 0.12289441)
(0.029895893 -0.0013052828 0.12289441)
(0.030926786 -0.0013502925 0.12289441)
(0.031957679 -0.0013953023 0.12289441)
(0.032988572 -0.001440312 0.12289441)
(0.034019465 -0.0014853217 0.12289441)
(0.035050358 -0.0015303315 0.12289441)
(0.036081251 -0.0015753412 0.12289441)
(0.037112143 -0.001620351 0.12289441)
(0.038143036 -0.0016653608 0.12289441)
(0.039173929 -0.0017103705 0.12289441)
(0.040204822 -0.0017553803 0.12289441)
(0.041235715 -0.00180039 0.12289441)
(0.0010308929 4.500975e-05 0.12289441)
(0.0020617858 9.00195e-05 0.12289441)
(0.0030926786 0.00013502925 0.12289441)
(0.0041235715 0.000180039 0.12289441)
(0.0051544644 0.00022504875 0.12289441)
(0.0061853572 0.0002700585 0.12289441)
(0.0072162501 0.00031506825 0.12289441)
(0.008247143 0.000360078 0.12289441)
(0.0092780359 0.00040508775 0.12289441)
(0.010308929 0.0004500975 0.12289441)
(0.011339822 0.00049510725 0.12289441)
(0.012370714 0.000540117 0.12289441)
(0.013401607 0.00058512675 0.12289441)
(0.0144325 0.0006301365 0.12289441)
(0.015463393 0.00067514625 0.12289441)
(0.016494286 0.000720156 0.12289441)
(0.017525179 0.00076516575 0.12289441)
(0.018556072 0.0008101755 0.12289441)
(0.019586965 0.00085518525 0.12289441)
(0.020617857 0.000900195 0.12289441)
(0.02164875 0.00094520475 0.12289441)
(0.022679643 0.0009902145 0.12289441)
(0.023710536 0.0010352243 0.12289441)
(0.024741429 0.001080234 0.12289441)
(0.025772322 0.0011252437 0.12289441)
(0.026803215 0.0011702535 0.12289441)
(0.027834108 0.0012152632 0.12289441)
(0.028865001 0.001260273 0.12289441)
(0.029895893 0.0013052828 0.12289441)
(0.030926786 0.0013502925 0.12289441)
(0.031957679 0.0013953023 0.12289441)
(0.032988572 0.001440312 0.12289441)
(0.034019465 0.0014853217 0.12289441)
(0.035050358 0.0015303315 0.12289441)
(0.036081251 0.0015753412 0.12289441)
(0.037112143 0.001620351 0.12289441)
(0.038143036 0.0016653608 0.12289441)
(0.039173929 0.0017103705 0.12289441)
(0.040204822 0.0017553803 0.12289441)
(0.041235715 0.00180039 0.12289441)
(0 0 0.12301517)
(0.0010308929 -4.500975e-05 0.12301517)
(0.0020617858 -9.00195e-05 0.12301517)
(0.0030926786 -0.00013502925 0.12301517)
(0.0041235715 -0.000180039 0.12301517)
(0.0051544644 -0.00022504875 0.12301517)
(0.0061853572 -0.0002700585 0.12301517)
(0.0072162501 -0.00031506825 0.12301517)
(0.008247143 -0.000360078 0.12301517)
(0.0092780359 -0.00040508775 0.12301517)
(0.010308929 -0.0004500975 0.12301517)
(0.011339822 -0.00049510725 0.12301517)
(0.012370714 -0.000540117 0.12301517)
(0.013401607 -0.00058512675 0.12301517)
(0.0144325 -0.0006301365 0.12301517)
(0.015463393 -0.00067514625 0.12301517)
(0.016494286 -0.000720156 0.12301517)
(0.017525179 -0.00076516575 0.12301517)
(0.018556072 -0.0008101755 0.12301517)
(0.019586965 -0.00085518525 0.12301517)
(0.020617857 -0.000900195 0.12301517)
(0.02164875 -0.00094520475 0.12301517)
(0.022679643 -0.0009902145 0.12301517)
(0.023710536 -0.0010352243 0.12301517)
(0.024741429 -0.001080234 0.12301517)
(0.025772322 -0.0011252437 0.12301517)
(0.026803215 -0.0011702535 0.12301517)
(0.027834108 -0.0012152632 0.12301517)
(0.028865001 -0.001260273 0.12301517)
(0.029895893 -0.0013052828 0.12301517)
(0.030926786 -0.0013502925 0.12301517)
(0.031957679 -0.0013953023 0.12301517)
(0.032988572 -0.001440312 0.12301517)
(0.034019465 -0.0014853217 0.12301517)
(0.035050358 -0.0015303315 0.12301517)
(0.036081251 -0.0015753412 0.12301517)
(0.037112143 -0.001620351 0.12301517)
(0.038143036 -0.0016653608 0.12301517)
(0.039173929 -0.0017103705 0.12301517)
(0.040204822 -0.0017553803 0.12301517)
(0.041235715 -0.00180039 0.12301517)
(0.0010308929 4.500975e-05 0.12301517)
(0.0020617858 9.00195e-05 0.12301517)
(0.0030926786 0.00013502925 0.12301517)
(0.0041235715 0.000180039 0.12301517)
(0.0051544644 0.00022504875 0.12301517)
(0.0061853572 0.0002700585 0.12301517)
(0.0072162501 0.00031506825 0.12301517)
(0.008247143 0.000360078 0.12301517)
(0.0092780359 0.00040508775 0.12301517)
(0.010308929 0.0004500975 0.12301517)
(0.011339822 0.00049510725 0.12301517)
(0.012370714 0.000540117 0.12301517)
(0.013401607 0.00058512675 0.12301517)
(0.0144325 0.0006301365 0.12301517)
(0.015463393 0.00067514625 0.12301517)
(0.016494286 0.000720156 0.12301517)
(0.017525179 0.00076516575 0.12301517)
(0.018556072 0.0008101755 0.12301517)
(0.019586965 0.00085518525 0.12301517)
(0.020617857 0.000900195 0.12301517)
(0.02164875 0.00094520475 0.12301517)
(0.022679643 0.0009902145 0.12301517)
(0.023710536 0.0010352243 0.12301517)
(0.024741429 0.001080234 0.12301517)
(0.025772322 0.0011252437 0.12301517)
(0.026803215 0.0011702535 0.12301517)
(0.027834108 0.0012152632 0.12301517)
(0.028865001 0.001260273 0.12301517)
(0.029895893 0.0013052828 0.12301517)
(0.030926786 0.0013502925 0.12301517)
(0.031957679 0.0013953023 0.12301517)
(0.032988572 0.001440312 0.12301517)
(0.034019465 0.0014853217 0.12301517)
(0.035050358 0.0015303315 0.12301517)
(0.036081251 0.0015753412 0.12301517)
(0.037112143 0.001620351 0.12301517)
(0.038143036 0.0016653608 0.12301517)
(0.039173929 0.0017103705 0.12301517)
(0.040204822 0.0017553803 0.12301517)
(0.041235715 0.00180039 0.12301517)
(0 0 0.12313592)
(0.0010308929 -4.500975e-05 0.12313592)
(0.0020617858 -9.00195e-05 0.12313592)
(0.0030926786 -0.00013502925 0.12313592)
(0.0041235715 -0.000180039 0.12313592)
(0.0051544644 -0.00022504875 0.12313592)
(0.0061853572 -0.0002700585 0.12313592)
(0.0072162501 -0.00031506825 0.12313592)
(0.008247143 -0.000360078 0.12313592)
(0.0092780359 -0.00040508775 0.12313592)
(0.010308929 -0.0004500975 0.12313592)
(0.011339822 -0.00049510725 0.12313592)
(0.012370714 -0.000540117 0.12313592)
(0.013401607 -0.00058512675 0.12313592)
(0.0144325 -0.0006301365 0.12313592)
(0.015463393 -0.00067514625 0.12313592)
(0.016494286 -0.000720156 0.12313592)
(0.017525179 -0.00076516575 0.12313592)
(0.018556072 -0.0008101755 0.12313592)
(0.019586965 -0.00085518525 0.12313592)
(0.020617857 -0.000900195 0.12313592)
(0.02164875 -0.00094520475 0.12313592)
(0.022679643 -0.0009902145 0.12313592)
(0.023710536 -0.0010352243 0.12313592)
(0.024741429 -0.001080234 0.12313592)
(0.025772322 -0.0011252437 0.12313592)
(0.026803215 -0.0011702535 0.12313592)
(0.027834108 -0.0012152632 0.12313592)
(0.028865001 -0.001260273 0.12313592)
(0.029895893 -0.0013052828 0.12313592)
(0.030926786 -0.0013502925 0.12313592)
(0.031957679 -0.0013953023 0.12313592)
(0.032988572 -0.001440312 0.12313592)
(0.034019465 -0.0014853217 0.12313592)
(0.035050358 -0.0015303315 0.12313592)
(0.036081251 -0.0015753412 0.12313592)
(0.037112143 -0.001620351 0.12313592)
(0.038143036 -0.0016653608 0.12313592)
(0.039173929 -0.0017103705 0.12313592)
(0.040204822 -0.0017553803 0.12313592)
(0.041235715 -0.00180039 0.12313592)
(0.0010308929 4.500975e-05 0.12313592)
(0.0020617858 9.00195e-05 0.12313592)
(0.0030926786 0.00013502925 0.12313592)
(0.0041235715 0.000180039 0.12313592)
(0.0051544644 0.00022504875 0.12313592)
(0.0061853572 0.0002700585 0.12313592)
(0.0072162501 0.00031506825 0.12313592)
(0.008247143 0.000360078 0.12313592)
(0.0092780359 0.00040508775 0.12313592)
(0.010308929 0.0004500975 0.12313592)
(0.011339822 0.00049510725 0.12313592)
(0.012370714 0.000540117 0.12313592)
(0.013401607 0.00058512675 0.12313592)
(0.0144325 0.0006301365 0.12313592)
(0.015463393 0.00067514625 0.12313592)
(0.016494286 0.000720156 0.12313592)
(0.017525179 0.00076516575 0.12313592)
(0.018556072 0.0008101755 0.12313592)
(0.019586965 0.00085518525 0.12313592)
(0.020617857 0.000900195 0.12313592)
(0.02164875 0.00094520475 0.12313592)
(0.022679643 0.0009902145 0.12313592)
(0.023710536 0.0010352243 0.12313592)
(0.024741429 0.001080234 0.12313592)
(0.025772322 0.0011252437 0.12313592)
(0.026803215 0.0011702535 0.12313592)
(0.027834108 0.0012152632 0.12313592)
(0.028865001 0.001260273 0.12313592)
(0.029895893 0.0013052828 0.12313592)
(0.030926786 0.0013502925 0.12313592)
(0.031957679 0.0013953023 0.12313592)
(0.032988572 0.001440312 0.12313592)
(0.034019465 0.0014853217 0.12313592)
(0.035050358 0.0015303315 0.12313592)
(0.036081251 0.0015753412 0.12313592)
(0.037112143 0.001620351 0.12313592)
(0.038143036 0.0016653608 0.12313592)
(0.039173929 0.0017103705 0.12313592)
(0.040204822 0.0017553803 0.12313592)
(0.041235715 0.00180039 0.12313592)
(0 0 0.12325667)
(0.0010308929 -4.500975e-05 0.12325667)
(0.0020617858 -9.00195e-05 0.12325667)
(0.0030926786 -0.00013502925 0.12325667)
(0.0041235715 -0.000180039 0.12325667)
(0.0051544644 -0.00022504875 0.12325667)
(0.0061853572 -0.0002700585 0.12325667)
(0.0072162501 -0.00031506825 0.12325667)
(0.008247143 -0.000360078 0.12325667)
(0.0092780359 -0.00040508775 0.12325667)
(0.010308929 -0.0004500975 0.12325667)
(0.011339822 -0.00049510725 0.12325667)
(0.012370714 -0.000540117 0.12325667)
(0.013401607 -0.00058512675 0.12325667)
(0.0144325 -0.0006301365 0.12325667)
(0.015463393 -0.00067514625 0.12325667)
(0.016494286 -0.000720156 0.12325667)
(0.017525179 -0.00076516575 0.12325667)
(0.018556072 -0.0008101755 0.12325667)
(0.019586965 -0.00085518525 0.12325667)
(0.020617857 -0.000900195 0.12325667)
(0.02164875 -0.00094520475 0.12325667)
(0.022679643 -0.0009902145 0.12325667)
(0.023710536 -0.0010352243 0.12325667)
(0.024741429 -0.001080234 0.12325667)
(0.025772322 -0.0011252437 0.12325667)
(0.026803215 -0.0011702535 0.12325667)
(0.027834108 -0.0012152632 0.12325667)
(0.028865001 -0.001260273 0.12325667)
(0.029895893 -0.0013052828 0.12325667)
(0.030926786 -0.0013502925 0.12325667)
(0.031957679 -0.0013953023 0.12325667)
(0.032988572 -0.001440312 0.12325667)
(0.034019465 -0.0014853217 0.12325667)
(0.035050358 -0.0015303315 0.12325667)
(0.036081251 -0.0015753412 0.12325667)
(0.037112143 -0.001620351 0.12325667)
(0.038143036 -0.0016653608 0.12325667)
(0.039173929 -0.0017103705 0.12325667)
(0.040204822 -0.0017553803 0.12325667)
(0.041235715 -0.00180039 0.12325667)
(0.0010308929 4.500975e-05 0.12325667)
(0.0020617858 9.00195e-05 0.12325667)
(0.0030926786 0.00013502925 0.12325667)
(0.0041235715 0.000180039 0.12325667)
(0.0051544644 0.00022504875 0.12325667)
(0.0061853572 0.0002700585 0.12325667)
(0.0072162501 0.00031506825 0.12325667)
(0.008247143 0.000360078 0.12325667)
(0.0092780359 0.00040508775 0.12325667)
(0.010308929 0.0004500975 0.12325667)
(0.011339822 0.00049510725 0.12325667)
(0.012370714 0.000540117 0.12325667)
(0.013401607 0.00058512675 0.12325667)
(0.0144325 0.0006301365 0.12325667)
(0.015463393 0.00067514625 0.12325667)
(0.016494286 0.000720156 0.12325667)
(0.017525179 0.00076516575 0.12325667)
(0.018556072 0.0008101755 0.12325667)
(0.019586965 0.00085518525 0.12325667)
(0.020617857 0.000900195 0.12325667)
(0.02164875 0.00094520475 0.12325667)
(0.022679643 0.0009902145 0.12325667)
(0.023710536 0.0010352243 0.12325667)
(0.024741429 0.001080234 0.12325667)
(0.025772322 0.0011252437 0.12325667)
(0.026803215 0.0011702535 0.12325667)
(0.027834108 0.0012152632 0.12325667)
(0.028865001 0.001260273 0.12325667)
(0.029895893 0.0013052828 0.12325667)
(0.030926786 0.0013502925 0.12325667)
(0.031957679 0.0013953023 0.12325667)
(0.032988572 0.001440312 0.12325667)
(0.034019465 0.0014853217 0.12325667)
(0.035050358 0.0015303315 0.12325667)
(0.036081251 0.0015753412 0.12325667)
(0.037112143 0.001620351 0.12325667)
(0.038143036 0.0016653608 0.12325667)
(0.039173929 0.0017103705 0.12325667)
(0.040204822 0.0017553803 0.12325667)
(0.041235715 0.00180039 0.12325667)
(0 0 0.12337743)
(0.0010308929 -4.500975e-05 0.12337743)
(0.0020617858 -9.00195e-05 0.12337743)
(0.0030926786 -0.00013502925 0.12337743)
(0.0041235715 -0.000180039 0.12337743)
(0.0051544644 -0.00022504875 0.12337743)
(0.0061853572 -0.0002700585 0.12337743)
(0.0072162501 -0.00031506825 0.12337743)
(0.008247143 -0.000360078 0.12337743)
(0.0092780359 -0.00040508775 0.12337743)
(0.010308929 -0.0004500975 0.12337743)
(0.011339822 -0.00049510725 0.12337743)
(0.012370714 -0.000540117 0.12337743)
(0.013401607 -0.00058512675 0.12337743)
(0.0144325 -0.0006301365 0.12337743)
(0.015463393 -0.00067514625 0.12337743)
(0.016494286 -0.000720156 0.12337743)
(0.017525179 -0.00076516575 0.12337743)
(0.018556072 -0.0008101755 0.12337743)
(0.019586965 -0.00085518525 0.12337743)
(0.020617857 -0.000900195 0.12337743)
(0.02164875 -0.00094520475 0.12337743)
(0.022679643 -0.0009902145 0.12337743)
(0.023710536 -0.0010352243 0.12337743)
(0.024741429 -0.001080234 0.12337743)
(0.025772322 -0.0011252437 0.12337743)
(0.026803215 -0.0011702535 0.12337743)
(0.027834108 -0.0012152632 0.12337743)
(0.028865001 -0.001260273 0.12337743)
(0.029895893 -0.0013052828 0.12337743)
(0.030926786 -0.0013502925 0.12337743)
(0.031957679 -0.0013953023 0.12337743)
(0.032988572 -0.001440312 0.12337743)
(0.034019465 -0.0014853217 0.12337743)
(0.035050358 -0.0015303315 0.12337743)
(0.036081251 -0.0015753412 0.12337743)
(0.037112143 -0.001620351 0.12337743)
(0.038143036 -0.0016653608 0.12337743)
(0.039173929 -0.0017103705 0.12337743)
(0.040204822 -0.0017553803 0.12337743)
(0.041235715 -0.00180039 0.12337743)
(0.0010308929 4.500975e-05 0.12337743)
(0.0020617858 9.00195e-05 0.12337743)
(0.0030926786 0.00013502925 0.12337743)
(0.0041235715 0.000180039 0.12337743)
(0.0051544644 0.00022504875 0.12337743)
(0.0061853572 0.0002700585 0.12337743)
(0.0072162501 0.00031506825 0.12337743)
(0.008247143 0.000360078 0.12337743)
(0.0092780359 0.00040508775 0.12337743)
(0.010308929 0.0004500975 0.12337743)
(0.011339822 0.00049510725 0.12337743)
(0.012370714 0.000540117 0.12337743)
(0.013401607 0.00058512675 0.12337743)
(0.0144325 0.0006301365 0.12337743)
(0.015463393 0.00067514625 0.12337743)
(0.016494286 0.000720156 0.12337743)
(0.017525179 0.00076516575 0.12337743)
(0.018556072 0.0008101755 0.12337743)
(0.019586965 0.00085518525 0.12337743)
(0.020617857 0.000900195 0.12337743)
(0.02164875 0.00094520475 0.12337743)
(0.022679643 0.0009902145 0.12337743)
(0.023710536 0.0010352243 0.12337743)
(0.024741429 0.001080234 0.12337743)
(0.025772322 0.0011252437 0.12337743)
(0.026803215 0.0011702535 0.12337743)
(0.027834108 0.0012152632 0.12337743)
(0.028865001 0.001260273 0.12337743)
(0.029895893 0.0013052828 0.12337743)
(0.030926786 0.0013502925 0.12337743)
(0.031957679 0.0013953023 0.12337743)
(0.032988572 0.001440312 0.12337743)
(0.034019465 0.0014853217 0.12337743)
(0.035050358 0.0015303315 0.12337743)
(0.036081251 0.0015753412 0.12337743)
(0.037112143 0.001620351 0.12337743)
(0.038143036 0.0016653608 0.12337743)
(0.039173929 0.0017103705 0.12337743)
(0.040204822 0.0017553803 0.12337743)
(0.041235715 0.00180039 0.12337743)
(0 0 0.12349818)
(0.0010308929 -4.500975e-05 0.12349818)
(0.0020617858 -9.00195e-05 0.12349818)
(0.0030926786 -0.00013502925 0.12349818)
(0.0041235715 -0.000180039 0.12349818)
(0.0051544644 -0.00022504875 0.12349818)
(0.0061853572 -0.0002700585 0.12349818)
(0.0072162501 -0.00031506825 0.12349818)
(0.008247143 -0.000360078 0.12349818)
(0.0092780359 -0.00040508775 0.12349818)
(0.010308929 -0.0004500975 0.12349818)
(0.011339822 -0.00049510725 0.12349818)
(0.012370714 -0.000540117 0.12349818)
(0.013401607 -0.00058512675 0.12349818)
(0.0144325 -0.0006301365 0.12349818)
(0.015463393 -0.00067514625 0.12349818)
(0.016494286 -0.000720156 0.12349818)
(0.017525179 -0.00076516575 0.12349818)
(0.018556072 -0.0008101755 0.12349818)
(0.019586965 -0.00085518525 0.12349818)
(0.020617857 -0.000900195 0.12349818)
(0.02164875 -0.00094520475 0.12349818)
(0.022679643 -0.0009902145 0.12349818)
(0.023710536 -0.0010352243 0.12349818)
(0.024741429 -0.001080234 0.12349818)
(0.025772322 -0.0011252437 0.12349818)
(0.026803215 -0.0011702535 0.12349818)
(0.027834108 -0.0012152632 0.12349818)
(0.028865001 -0.001260273 0.12349818)
(0.029895893 -0.0013052828 0.12349818)
(0.030926786 -0.0013502925 0.12349818)
(0.031957679 -0.0013953023 0.12349818)
(0.032988572 -0.001440312 0.12349818)
(0.034019465 -0.0014853217 0.12349818)
(0.035050358 -0.0015303315 0.12349818)
(0.036081251 -0.0015753412 0.12349818)
(0.037112143 -0.001620351 0.12349818)
(0.038143036 -0.0016653608 0.12349818)
(0.039173929 -0.0017103705 0.12349818)
(0.040204822 -0.0017553803 0.12349818)
(0.041235715 -0.00180039 0.12349818)
(0.0010308929 4.500975e-05 0.12349818)
(0.0020617858 9.00195e-05 0.12349818)
(0.0030926786 0.00013502925 0.12349818)
(0.0041235715 0.000180039 0.12349818)
(0.0051544644 0.00022504875 0.12349818)
(0.0061853572 0.0002700585 0.12349818)
(0.0072162501 0.00031506825 0.12349818)
(0.008247143 0.000360078 0.12349818)
(0.0092780359 0.00040508775 0.12349818)
(0.010308929 0.0004500975 0.12349818)
(0.011339822 0.00049510725 0.12349818)
(0.012370714 0.000540117 0.12349818)
(0.013401607 0.00058512675 0.12349818)
(0.0144325 0.0006301365 0.12349818)
(0.015463393 0.00067514625 0.12349818)
(0.016494286 0.000720156 0.12349818)
(0.017525179 0.00076516575 0.12349818)
(0.018556072 0.0008101755 0.12349818)
(0.019586965 0.00085518525 0.12349818)
(0.020617857 0.000900195 0.12349818)
(0.02164875 0.00094520475 0.12349818)
(0.022679643 0.0009902145 0.12349818)
(0.023710536 0.0010352243 0.12349818)
(0.024741429 0.001080234 0.12349818)
(0.025772322 0.0011252437 0.12349818)
(0.026803215 0.0011702535 0.12349818)
(0.027834108 0.0012152632 0.12349818)
(0.028865001 0.001260273 0.12349818)
(0.029895893 0.0013052828 0.12349818)
(0.030926786 0.0013502925 0.12349818)
(0.031957679 0.0013953023 0.12349818)
(0.032988572 0.001440312 0.12349818)
(0.034019465 0.0014853217 0.12349818)
(0.035050358 0.0015303315 0.12349818)
(0.036081251 0.0015753412 0.12349818)
(0.037112143 0.001620351 0.12349818)
(0.038143036 0.0016653608 0.12349818)
(0.039173929 0.0017103705 0.12349818)
(0.040204822 0.0017553803 0.12349818)
(0.041235715 0.00180039 0.12349818)
(0 0 0.12361893)
(0.0010308929 -4.500975e-05 0.12361893)
(0.0020617858 -9.00195e-05 0.12361893)
(0.0030926786 -0.00013502925 0.12361893)
(0.0041235715 -0.000180039 0.12361893)
(0.0051544644 -0.00022504875 0.12361893)
(0.0061853572 -0.0002700585 0.12361893)
(0.0072162501 -0.00031506825 0.12361893)
(0.008247143 -0.000360078 0.12361893)
(0.0092780359 -0.00040508775 0.12361893)
(0.010308929 -0.0004500975 0.12361893)
(0.011339822 -0.00049510725 0.12361893)
(0.012370714 -0.000540117 0.12361893)
(0.013401607 -0.00058512675 0.12361893)
(0.0144325 -0.0006301365 0.12361893)
(0.015463393 -0.00067514625 0.12361893)
(0.016494286 -0.000720156 0.12361893)
(0.017525179 -0.00076516575 0.12361893)
(0.018556072 -0.0008101755 0.12361893)
(0.019586965 -0.00085518525 0.12361893)
(0.020617857 -0.000900195 0.12361893)
(0.02164875 -0.00094520475 0.12361893)
(0.022679643 -0.0009902145 0.12361893)
(0.023710536 -0.0010352243 0.12361893)
(0.024741429 -0.001080234 0.12361893)
(0.025772322 -0.0011252437 0.12361893)
(0.026803215 -0.0011702535 0.12361893)
(0.027834108 -0.0012152632 0.12361893)
(0.028865001 -0.001260273 0.12361893)
(0.029895893 -0.0013052828 0.12361893)
(0.030926786 -0.0013502925 0.12361893)
(0.031957679 -0.0013953023 0.12361893)
(0.032988572 -0.001440312 0.12361893)
(0.034019465 -0.0014853217 0.12361893)
(0.035050358 -0.0015303315 0.12361893)
(0.036081251 -0.0015753412 0.12361893)
(0.037112143 -0.001620351 0.12361893)
(0.038143036 -0.0016653608 0.12361893)
(0.039173929 -0.0017103705 0.12361893)
(0.040204822 -0.0017553803 0.12361893)
(0.041235715 -0.00180039 0.12361893)
(0.0010308929 4.500975e-05 0.12361893)
(0.0020617858 9.00195e-05 0.12361893)
(0.0030926786 0.00013502925 0.12361893)
(0.0041235715 0.000180039 0.12361893)
(0.0051544644 0.00022504875 0.12361893)
(0.0061853572 0.0002700585 0.12361893)
(0.0072162501 0.00031506825 0.12361893)
(0.008247143 0.000360078 0.12361893)
(0.0092780359 0.00040508775 0.12361893)
(0.010308929 0.0004500975 0.12361893)
(0.011339822 0.00049510725 0.12361893)
(0.012370714 0.000540117 0.12361893)
(0.013401607 0.00058512675 0.12361893)
(0.0144325 0.0006301365 0.12361893)
(0.015463393 0.00067514625 0.12361893)
(0.016494286 0.000720156 0.12361893)
(0.017525179 0.00076516575 0.12361893)
(0.018556072 0.0008101755 0.12361893)
(0.019586965 0.00085518525 0.12361893)
(0.020617857 0.000900195 0.12361893)
(0.02164875 0.00094520475 0.12361893)
(0.022679643 0.0009902145 0.12361893)
(0.023710536 0.0010352243 0.12361893)
(0.024741429 0.001080234 0.12361893)
(0.025772322 0.0011252437 0.12361893)
(0.026803215 0.0011702535 0.12361893)
(0.027834108 0.0012152632 0.12361893)
(0.028865001 0.001260273 0.12361893)
(0.029895893 0.0013052828 0.12361893)
(0.030926786 0.0013502925 0.12361893)
(0.031957679 0.0013953023 0.12361893)
(0.032988572 0.001440312 0.12361893)
(0.034019465 0.0014853217 0.12361893)
(0.035050358 0.0015303315 0.12361893)
(0.036081251 0.0015753412 0.12361893)
(0.037112143 0.001620351 0.12361893)
(0.038143036 0.0016653608 0.12361893)
(0.039173929 0.0017103705 0.12361893)
(0.040204822 0.0017553803 0.12361893)
(0.041235715 0.00180039 0.12361893)
(0 0 0.12373968)
(0.0010308929 -4.500975e-05 0.12373968)
(0.0020617858 -9.00195e-05 0.12373968)
(0.0030926786 -0.00013502925 0.12373968)
(0.0041235715 -0.000180039 0.12373968)
(0.0051544644 -0.00022504875 0.12373968)
(0.0061853572 -0.0002700585 0.12373968)
(0.0072162501 -0.00031506825 0.12373968)
(0.008247143 -0.000360078 0.12373968)
(0.0092780359 -0.00040508775 0.12373968)
(0.010308929 -0.0004500975 0.12373968)
(0.011339822 -0.00049510725 0.12373968)
(0.012370714 -0.000540117 0.12373968)
(0.013401607 -0.00058512675 0.12373968)
(0.0144325 -0.0006301365 0.12373968)
(0.015463393 -0.00067514625 0.12373968)
(0.016494286 -0.000720156 0.12373968)
(0.017525179 -0.00076516575 0.12373968)
(0.018556072 -0.0008101755 0.12373968)
(0.019586965 -0.00085518525 0.12373968)
(0.020617857 -0.000900195 0.12373968)
(0.02164875 -0.00094520475 0.12373968)
(0.022679643 -0.0009902145 0.12373968)
(0.023710536 -0.0010352243 0.12373968)
(0.024741429 -0.001080234 0.12373968)
(0.025772322 -0.0011252437 0.12373968)
(0.026803215 -0.0011702535 0.12373968)
(0.027834108 -0.0012152632 0.12373968)
(0.028865001 -0.001260273 0.12373968)
(0.029895893 -0.0013052828 0.12373968)
(0.030926786 -0.0013502925 0.12373968)
(0.031957679 -0.0013953023 0.12373968)
(0.032988572 -0.001440312 0.12373968)
(0.034019465 -0.0014853217 0.12373968)
(0.035050358 -0.0015303315 0.12373968)
(0.036081251 -0.0015753412 0.12373968)
(0.037112143 -0.001620351 0.12373968)
(0.038143036 -0.0016653608 0.12373968)
(0.039173929 -0.0017103705 0.12373968)
(0.040204822 -0.0017553803 0.12373968)
(0.041235715 -0.00180039 0.12373968)
(0.0010308929 4.500975e-05 0.12373968)
(0.0020617858 9.00195e-05 0.12373968)
(0.0030926786 0.00013502925 0.12373968)
(0.0041235715 0.000180039 0.12373968)
(0.0051544644 0.00022504875 0.12373968)
(0.0061853572 0.0002700585 0.12373968)
(0.0072162501 0.00031506825 0.12373968)
(0.008247143 0.000360078 0.12373968)
(0.0092780359 0.00040508775 0.12373968)
(0.010308929 0.0004500975 0.12373968)
(0.011339822 0.00049510725 0.12373968)
(0.012370714 0.000540117 0.12373968)
(0.013401607 0.00058512675 0.12373968)
(0.0144325 0.0006301365 0.12373968)
(0.015463393 0.00067514625 0.12373968)
(0.016494286 0.000720156 0.12373968)
(0.017525179 0.00076516575 0.12373968)
(0.018556072 0.0008101755 0.12373968)
(0.019586965 0.00085518525 0.12373968)
(0.020617857 0.000900195 0.12373968)
(0.02164875 0.00094520475 0.12373968)
(0.022679643 0.0009902145 0.12373968)
(0.023710536 0.0010352243 0.12373968)
(0.024741429 0.001080234 0.12373968)
(0.025772322 0.0011252437 0.12373968)
(0.026803215 0.0011702535 0.12373968)
(0.027834108 0.0012152632 0.12373968)
(0.028865001 0.001260273 0.12373968)
(0.029895893 0.0013052828 0.12373968)
(0.030926786 0.0013502925 0.12373968)
(0.031957679 0.0013953023 0.12373968)
(0.032988572 0.001440312 0.12373968)
(0.034019465 0.0014853217 0.12373968)
(0.035050358 0.0015303315 0.12373968)
(0.036081251 0.0015753412 0.12373968)
(0.037112143 0.001620351 0.12373968)
(0.038143036 0.0016653608 0.12373968)
(0.039173929 0.0017103705 0.12373968)
(0.040204822 0.0017553803 0.12373968)
(0.041235715 0.00180039 0.12373968)
(0 0 0.12386043)
(0.0010308929 -4.500975e-05 0.12386043)
(0.0020617858 -9.00195e-05 0.12386043)
(0.0030926786 -0.00013502925 0.12386043)
(0.0041235715 -0.000180039 0.12386043)
(0.0051544644 -0.00022504875 0.12386043)
(0.0061853572 -0.0002700585 0.12386043)
(0.0072162501 -0.00031506825 0.12386043)
(0.008247143 -0.000360078 0.12386043)
(0.0092780359 -0.00040508775 0.12386043)
(0.010308929 -0.0004500975 0.12386043)
(0.011339822 -0.00049510725 0.12386043)
(0.012370714 -0.000540117 0.12386043)
(0.013401607 -0.00058512675 0.12386043)
(0.0144325 -0.0006301365 0.12386043)
(0.015463393 -0.00067514625 0.12386043)
(0.016494286 -0.000720156 0.12386043)
(0.017525179 -0.00076516575 0.12386043)
(0.018556072 -0.0008101755 0.12386043)
(0.019586965 -0.00085518525 0.12386043)
(0.020617857 -0.000900195 0.12386043)
(0.02164875 -0.00094520475 0.12386043)
(0.022679643 -0.0009902145 0.12386043)
(0.023710536 -0.0010352243 0.12386043)
(0.024741429 -0.001080234 0.12386043)
(0.025772322 -0.0011252437 0.12386043)
(0.026803215 -0.0011702535 0.12386043)
(0.027834108 -0.0012152632 0.12386043)
(0.028865001 -0.001260273 0.12386043)
(0.029895893 -0.0013052828 0.12386043)
(0.030926786 -0.0013502925 0.12386043)
(0.031957679 -0.0013953023 0.12386043)
(0.032988572 -0.001440312 0.12386043)
(0.034019465 -0.0014853217 0.12386043)
(0.035050358 -0.0015303315 0.12386043)
(0.036081251 -0.0015753412 0.12386043)
(0.037112143 -0.001620351 0.12386043)
(0.038143036 -0.0016653608 0.12386043)
(0.039173929 -0.0017103705 0.12386043)
(0.040204822 -0.0017553803 0.12386043)
(0.041235715 -0.00180039 0.12386043)
(0.0010308929 4.500975e-05 0.12386043)
(0.0020617858 9.00195e-05 0.12386043)
(0.0030926786 0.00013502925 0.12386043)
(0.0041235715 0.000180039 0.12386043)
(0.0051544644 0.00022504875 0.12386043)
(0.0061853572 0.0002700585 0.12386043)
(0.0072162501 0.00031506825 0.12386043)
(0.008247143 0.000360078 0.12386043)
(0.0092780359 0.00040508775 0.12386043)
(0.010308929 0.0004500975 0.12386043)
(0.011339822 0.00049510725 0.12386043)
(0.012370714 0.000540117 0.12386043)
(0.013401607 0.00058512675 0.12386043)
(0.0144325 0.0006301365 0.12386043)
(0.015463393 0.00067514625 0.12386043)
(0.016494286 0.000720156 0.12386043)
(0.017525179 0.00076516575 0.12386043)
(0.018556072 0.0008101755 0.12386043)
(0.019586965 0.00085518525 0.12386043)
(0.020617857 0.000900195 0.12386043)
(0.02164875 0.00094520475 0.12386043)
(0.022679643 0.0009902145 0.12386043)
(0.023710536 0.0010352243 0.12386043)
(0.024741429 0.001080234 0.12386043)
(0.025772322 0.0011252437 0.12386043)
(0.026803215 0.0011702535 0.12386043)
(0.027834108 0.0012152632 0.12386043)
(0.028865001 0.001260273 0.12386043)
(0.029895893 0.0013052828 0.12386043)
(0.030926786 0.0013502925 0.12386043)
(0.031957679 0.0013953023 0.12386043)
(0.032988572 0.001440312 0.12386043)
(0.034019465 0.0014853217 0.12386043)
(0.035050358 0.0015303315 0.12386043)
(0.036081251 0.0015753412 0.12386043)
(0.037112143 0.001620351 0.12386043)
(0.038143036 0.0016653608 0.12386043)
(0.039173929 0.0017103705 0.12386043)
(0.040204822 0.0017553803 0.12386043)
(0.041235715 0.00180039 0.12386043)
(0 0 0.12398118)
(0.0010308929 -4.500975e-05 0.12398118)
(0.0020617858 -9.00195e-05 0.12398118)
(0.0030926786 -0.00013502925 0.12398118)
(0.0041235715 -0.000180039 0.12398118)
(0.0051544644 -0.00022504875 0.12398118)
(0.0061853572 -0.0002700585 0.12398118)
(0.0072162501 -0.00031506825 0.12398118)
(0.008247143 -0.000360078 0.12398118)
(0.0092780359 -0.00040508775 0.12398118)
(0.010308929 -0.0004500975 0.12398118)
(0.011339822 -0.00049510725 0.12398118)
(0.012370714 -0.000540117 0.12398118)
(0.013401607 -0.00058512675 0.12398118)
(0.0144325 -0.0006301365 0.12398118)
(0.015463393 -0.00067514625 0.12398118)
(0.016494286 -0.000720156 0.12398118)
(0.017525179 -0.00076516575 0.12398118)
(0.018556072 -0.0008101755 0.12398118)
(0.019586965 -0.00085518525 0.12398118)
(0.020617857 -0.000900195 0.12398118)
(0.02164875 -0.00094520475 0.12398118)
(0.022679643 -0.0009902145 0.12398118)
(0.023710536 -0.0010352243 0.12398118)
(0.024741429 -0.001080234 0.12398118)
(0.025772322 -0.0011252437 0.12398118)
(0.026803215 -0.0011702535 0.12398118)
(0.027834108 -0.0012152632 0.12398118)
(0.028865001 -0.001260273 0.12398118)
(0.029895893 -0.0013052828 0.12398118)
(0.030926786 -0.0013502925 0.12398118)
(0.031957679 -0.0013953023 0.12398118)
(0.032988572 -0.001440312 0.12398118)
(0.034019465 -0.0014853217 0.12398118)
(0.035050358 -0.0015303315 0.12398118)
(0.036081251 -0.0015753412 0.12398118)
(0.037112143 -0.001620351 0.12398118)
(0.038143036 -0.0016653608 0.12398118)
(0.039173929 -0.0017103705 0.12398118)
(0.040204822 -0.0017553803 0.12398118)
(0.041235715 -0.00180039 0.12398118)
(0.0010308929 4.500975e-05 0.12398118)
(0.0020617858 9.00195e-05 0.12398118)
(0.0030926786 0.00013502925 0.12398118)
(0.0041235715 0.000180039 0.12398118)
(0.0051544644 0.00022504875 0.12398118)
(0.0061853572 0.0002700585 0.12398118)
(0.0072162501 0.00031506825 0.12398118)
(0.008247143 0.000360078 0.12398118)
(0.0092780359 0.00040508775 0.12398118)
(0.010308929 0.0004500975 0.12398118)
(0.011339822 0.00049510725 0.12398118)
(0.012370714 0.000540117 0.12398118)
(0.013401607 0.00058512675 0.12398118)
(0.0144325 0.0006301365 0.12398118)
(0.015463393 0.00067514625 0.12398118)
(0.016494286 0.000720156 0.12398118)
(0.017525179 0.00076516575 0.12398118)
(0.018556072 0.0008101755 0.12398118)
(0.019586965 0.00085518525 0.12398118)
(0.020617857 0.000900195 0.12398118)
(0.02164875 0.00094520475 0.12398118)
(0.022679643 0.0009902145 0.12398118)
(0.023710536 0.0010352243 0.12398118)
(0.024741429 0.001080234 0.12398118)
(0.025772322 0.0011252437 0.12398118)
(0.026803215 0.0011702535 0.12398118)
(0.027834108 0.0012152632 0.12398118)
(0.028865001 0.001260273 0.12398118)
(0.029895893 0.0013052828 0.12398118)
(0.030926786 0.0013502925 0.12398118)
(0.031957679 0.0013953023 0.12398118)
(0.032988572 0.001440312 0.12398118)
(0.034019465 0.0014853217 0.12398118)
(0.035050358 0.0015303315 0.12398118)
(0.036081251 0.0015753412 0.12398118)
(0.037112143 0.001620351 0.12398118)
(0.038143036 0.0016653608 0.12398118)
(0.039173929 0.0017103705 0.12398118)
(0.040204822 0.0017553803 0.12398118)
(0.041235715 0.00180039 0.12398118)
(0 0 0.12410194)
(0.0010308929 -4.500975e-05 0.12410194)
(0.0020617858 -9.00195e-05 0.12410194)
(0.0030926786 -0.00013502925 0.12410194)
(0.0041235715 -0.000180039 0.12410194)
(0.0051544644 -0.00022504875 0.12410194)
(0.0061853572 -0.0002700585 0.12410194)
(0.0072162501 -0.00031506825 0.12410194)
(0.008247143 -0.000360078 0.12410194)
(0.0092780359 -0.00040508775 0.12410194)
(0.010308929 -0.0004500975 0.12410194)
(0.011339822 -0.00049510725 0.12410194)
(0.012370714 -0.000540117 0.12410194)
(0.013401607 -0.00058512675 0.12410194)
(0.0144325 -0.0006301365 0.12410194)
(0.015463393 -0.00067514625 0.12410194)
(0.016494286 -0.000720156 0.12410194)
(0.017525179 -0.00076516575 0.12410194)
(0.018556072 -0.0008101755 0.12410194)
(0.019586965 -0.00085518525 0.12410194)
(0.020617857 -0.000900195 0.12410194)
(0.02164875 -0.00094520475 0.12410194)
(0.022679643 -0.0009902145 0.12410194)
(0.023710536 -0.0010352243 0.12410194)
(0.024741429 -0.001080234 0.12410194)
(0.025772322 -0.0011252437 0.12410194)
(0.026803215 -0.0011702535 0.12410194)
(0.027834108 -0.0012152632 0.12410194)
(0.028865001 -0.001260273 0.12410194)
(0.029895893 -0.0013052828 0.12410194)
(0.030926786 -0.0013502925 0.12410194)
(0.031957679 -0.0013953023 0.12410194)
(0.032988572 -0.001440312 0.12410194)
(0.034019465 -0.0014853217 0.12410194)
(0.035050358 -0.0015303315 0.12410194)
(0.036081251 -0.0015753412 0.12410194)
(0.037112143 -0.001620351 0.12410194)
(0.038143036 -0.0016653608 0.12410194)
(0.039173929 -0.0017103705 0.12410194)
(0.040204822 -0.0017553803 0.12410194)
(0.041235715 -0.00180039 0.12410194)
(0.0010308929 4.500975e-05 0.12410194)
(0.0020617858 9.00195e-05 0.12410194)
(0.0030926786 0.00013502925 0.12410194)
(0.0041235715 0.000180039 0.12410194)
(0.0051544644 0.00022504875 0.12410194)
(0.0061853572 0.0002700585 0.12410194)
(0.0072162501 0.00031506825 0.12410194)
(0.008247143 0.000360078 0.12410194)
(0.0092780359 0.00040508775 0.12410194)
(0.010308929 0.0004500975 0.12410194)
(0.011339822 0.00049510725 0.12410194)
(0.012370714 0.000540117 0.12410194)
(0.013401607 0.00058512675 0.12410194)
(0.0144325 0.0006301365 0.12410194)
(0.015463393 0.00067514625 0.12410194)
(0.016494286 0.000720156 0.12410194)
(0.017525179 0.00076516575 0.12410194)
(0.018556072 0.0008101755 0.12410194)
(0.019586965 0.00085518525 0.12410194)
(0.020617857 0.000900195 0.12410194)
(0.02164875 0.00094520475 0.12410194)
(0.022679643 0.0009902145 0.12410194)
(0.023710536 0.0010352243 0.12410194)
(0.024741429 0.001080234 0.12410194)
(0.025772322 0.0011252437 0.12410194)
(0.026803215 0.0011702535 0.12410194)
(0.027834108 0.0012152632 0.12410194)
(0.028865001 0.001260273 0.12410194)
(0.029895893 0.0013052828 0.12410194)
(0.030926786 0.0013502925 0.12410194)
(0.031957679 0.0013953023 0.12410194)
(0.032988572 0.001440312 0.12410194)
(0.034019465 0.0014853217 0.12410194)
(0.035050358 0.0015303315 0.12410194)
(0.036081251 0.0015753412 0.12410194)
(0.037112143 0.001620351 0.12410194)
(0.038143036 0.0016653608 0.12410194)
(0.039173929 0.0017103705 0.12410194)
(0.040204822 0.0017553803 0.12410194)
(0.041235715 0.00180039 0.12410194)
(0 0 0.12422269)
(0.0010308929 -4.500975e-05 0.12422269)
(0.0020617858 -9.00195e-05 0.12422269)
(0.0030926786 -0.00013502925 0.12422269)
(0.0041235715 -0.000180039 0.12422269)
(0.0051544644 -0.00022504875 0.12422269)
(0.0061853572 -0.0002700585 0.12422269)
(0.0072162501 -0.00031506825 0.12422269)
(0.008247143 -0.000360078 0.12422269)
(0.0092780359 -0.00040508775 0.12422269)
(0.010308929 -0.0004500975 0.12422269)
(0.011339822 -0.00049510725 0.12422269)
(0.012370714 -0.000540117 0.12422269)
(0.013401607 -0.00058512675 0.12422269)
(0.0144325 -0.0006301365 0.12422269)
(0.015463393 -0.00067514625 0.12422269)
(0.016494286 -0.000720156 0.12422269)
(0.017525179 -0.00076516575 0.12422269)
(0.018556072 -0.0008101755 0.12422269)
(0.019586965 -0.00085518525 0.12422269)
(0.020617857 -0.000900195 0.12422269)
(0.02164875 -0.00094520475 0.12422269)
(0.022679643 -0.0009902145 0.12422269)
(0.023710536 -0.0010352243 0.12422269)
(0.024741429 -0.001080234 0.12422269)
(0.025772322 -0.0011252437 0.12422269)
(0.026803215 -0.0011702535 0.12422269)
(0.027834108 -0.0012152632 0.12422269)
(0.028865001 -0.001260273 0.12422269)
(0.029895893 -0.0013052828 0.12422269)
(0.030926786 -0.0013502925 0.12422269)
(0.031957679 -0.0013953023 0.12422269)
(0.032988572 -0.001440312 0.12422269)
(0.034019465 -0.0014853217 0.12422269)
(0.035050358 -0.0015303315 0.12422269)
(0.036081251 -0.0015753412 0.12422269)
(0.037112143 -0.001620351 0.12422269)
(0.038143036 -0.0016653608 0.12422269)
(0.039173929 -0.0017103705 0.12422269)
(0.040204822 -0.0017553803 0.12422269)
(0.041235715 -0.00180039 0.12422269)
(0.0010308929 4.500975e-05 0.12422269)
(0.0020617858 9.00195e-05 0.12422269)
(0.0030926786 0.00013502925 0.12422269)
(0.0041235715 0.000180039 0.12422269)
(0.0051544644 0.00022504875 0.12422269)
(0.0061853572 0.0002700585 0.12422269)
(0.0072162501 0.00031506825 0.12422269)
(0.008247143 0.000360078 0.12422269)
(0.0092780359 0.00040508775 0.12422269)
(0.010308929 0.0004500975 0.12422269)
(0.011339822 0.00049510725 0.12422269)
(0.012370714 0.000540117 0.12422269)
(0.013401607 0.00058512675 0.12422269)
(0.0144325 0.0006301365 0.12422269)
(0.015463393 0.00067514625 0.12422269)
(0.016494286 0.000720156 0.12422269)
(0.017525179 0.00076516575 0.12422269)
(0.018556072 0.0008101755 0.12422269)
(0.019586965 0.00085518525 0.12422269)
(0.020617857 0.000900195 0.12422269)
(0.02164875 0.00094520475 0.12422269)
(0.022679643 0.0009902145 0.12422269)
(0.023710536 0.0010352243 0.12422269)
(0.024741429 0.001080234 0.12422269)
(0.025772322 0.0011252437 0.12422269)
(0.026803215 0.0011702535 0.12422269)
(0.027834108 0.0012152632 0.12422269)
(0.028865001 0.001260273 0.12422269)
(0.029895893 0.0013052828 0.12422269)
(0.030926786 0.0013502925 0.12422269)
(0.031957679 0.0013953023 0.12422269)
(0.032988572 0.001440312 0.12422269)
(0.034019465 0.0014853217 0.12422269)
(0.035050358 0.0015303315 0.12422269)
(0.036081251 0.0015753412 0.12422269)
(0.037112143 0.001620351 0.12422269)
(0.038143036 0.0016653608 0.12422269)
(0.039173929 0.0017103705 0.12422269)
(0.040204822 0.0017553803 0.12422269)
(0.041235715 0.00180039 0.12422269)
(0 0 0.12434345)
(0.0010308929 -4.500975e-05 0.12434345)
(0.0020617858 -9.00195e-05 0.12434345)
(0.0030926786 -0.00013502925 0.12434345)
(0.0041235715 -0.000180039 0.12434345)
(0.0051544644 -0.00022504875 0.12434345)
(0.0061853572 -0.0002700585 0.12434345)
(0.0072162501 -0.00031506825 0.12434345)
(0.008247143 -0.000360078 0.12434345)
(0.0092780359 -0.00040508775 0.12434345)
(0.010308929 -0.0004500975 0.12434345)
(0.011339822 -0.00049510725 0.12434345)
(0.012370714 -0.000540117 0.12434345)
(0.013401607 -0.00058512675 0.12434345)
(0.0144325 -0.0006301365 0.12434345)
(0.015463393 -0.00067514625 0.12434345)
(0.016494286 -0.000720156 0.12434345)
(0.017525179 -0.00076516575 0.12434345)
(0.018556072 -0.0008101755 0.12434345)
(0.019586965 -0.00085518525 0.12434345)
(0.020617857 -0.000900195 0.12434345)
(0.02164875 -0.00094520475 0.12434345)
(0.022679643 -0.0009902145 0.12434345)
(0.023710536 -0.0010352243 0.12434345)
(0.024741429 -0.001080234 0.12434345)
(0.025772322 -0.0011252437 0.12434345)
(0.026803215 -0.0011702535 0.12434345)
(0.027834108 -0.0012152632 0.12434345)
(0.028865001 -0.001260273 0.12434345)
(0.029895893 -0.0013052828 0.12434345)
(0.030926786 -0.0013502925 0.12434345)
(0.031957679 -0.0013953023 0.12434345)
(0.032988572 -0.001440312 0.12434345)
(0.034019465 -0.0014853217 0.12434345)
(0.035050358 -0.0015303315 0.12434345)
(0.036081251 -0.0015753412 0.12434345)
(0.037112143 -0.001620351 0.12434345)
(0.038143036 -0.0016653608 0.12434345)
(0.039173929 -0.0017103705 0.12434345)
(0.040204822 -0.0017553803 0.12434345)
(0.041235715 -0.00180039 0.12434345)
(0.0010308929 4.500975e-05 0.12434345)
(0.0020617858 9.00195e-05 0.12434345)
(0.0030926786 0.00013502925 0.12434345)
(0.0041235715 0.000180039 0.12434345)
(0.0051544644 0.00022504875 0.12434345)
(0.0061853572 0.0002700585 0.12434345)
(0.0072162501 0.00031506825 0.12434345)
(0.008247143 0.000360078 0.12434345)
(0.0092780359 0.00040508775 0.12434345)
(0.010308929 0.0004500975 0.12434345)
(0.011339822 0.00049510725 0.12434345)
(0.012370714 0.000540117 0.12434345)
(0.013401607 0.00058512675 0.12434345)
(0.0144325 0.0006301365 0.12434345)
(0.015463393 0.00067514625 0.12434345)
(0.016494286 0.000720156 0.12434345)
(0.017525179 0.00076516575 0.12434345)
(0.018556072 0.0008101755 0.12434345)
(0.019586965 0.00085518525 0.12434345)
(0.020617857 0.000900195 0.12434345)
(0.02164875 0.00094520475 0.12434345)
(0.022679643 0.0009902145 0.12434345)
(0.023710536 0.0010352243 0.12434345)
(0.024741429 0.001080234 0.12434345)
(0.025772322 0.0011252437 0.12434345)
(0.026803215 0.0011702535 0.12434345)
(0.027834108 0.0012152632 0.12434345)
(0.028865001 0.001260273 0.12434345)
(0.029895893 0.0013052828 0.12434345)
(0.030926786 0.0013502925 0.12434345)
(0.031957679 0.0013953023 0.12434345)
(0.032988572 0.001440312 0.12434345)
(0.034019465 0.0014853217 0.12434345)
(0.035050358 0.0015303315 0.12434345)
(0.036081251 0.0015753412 0.12434345)
(0.037112143 0.001620351 0.12434345)
(0.038143036 0.0016653608 0.12434345)
(0.039173929 0.0017103705 0.12434345)
(0.040204822 0.0017553803 0.12434345)
(0.041235715 0.00180039 0.12434345)
(0 0 0.1244642)
(0.0010308929 -4.500975e-05 0.1244642)
(0.0020617858 -9.00195e-05 0.1244642)
(0.0030926786 -0.00013502925 0.1244642)
(0.0041235715 -0.000180039 0.1244642)
(0.0051544644 -0.00022504875 0.1244642)
(0.0061853572 -0.0002700585 0.1244642)
(0.0072162501 -0.00031506825 0.1244642)
(0.008247143 -0.000360078 0.1244642)
(0.0092780359 -0.00040508775 0.1244642)
(0.010308929 -0.0004500975 0.1244642)
(0.011339822 -0.00049510725 0.1244642)
(0.012370714 -0.000540117 0.1244642)
(0.013401607 -0.00058512675 0.1244642)
(0.0144325 -0.0006301365 0.1244642)
(0.015463393 -0.00067514625 0.1244642)
(0.016494286 -0.000720156 0.1244642)
(0.017525179 -0.00076516575 0.1244642)
(0.018556072 -0.0008101755 0.1244642)
(0.019586965 -0.00085518525 0.1244642)
(0.020617857 -0.000900195 0.1244642)
(0.02164875 -0.00094520475 0.1244642)
(0.022679643 -0.0009902145 0.1244642)
(0.023710536 -0.0010352243 0.1244642)
(0.024741429 -0.001080234 0.1244642)
(0.025772322 -0.0011252437 0.1244642)
(0.026803215 -0.0011702535 0.1244642)
(0.027834108 -0.0012152632 0.1244642)
(0.028865001 -0.001260273 0.1244642)
(0.029895893 -0.0013052828 0.1244642)
(0.030926786 -0.0013502925 0.1244642)
(0.031957679 -0.0013953023 0.1244642)
(0.032988572 -0.001440312 0.1244642)
(0.034019465 -0.0014853217 0.1244642)
(0.035050358 -0.0015303315 0.1244642)
(0.036081251 -0.0015753412 0.1244642)
(0.037112143 -0.001620351 0.1244642)
(0.038143036 -0.0016653608 0.1244642)
(0.039173929 -0.0017103705 0.1244642)
(0.040204822 -0.0017553803 0.1244642)
(0.041235715 -0.00180039 0.1244642)
(0.0010308929 4.500975e-05 0.1244642)
(0.0020617858 9.00195e-05 0.1244642)
(0.0030926786 0.00013502925 0.1244642)
(0.0041235715 0.000180039 0.1244642)
(0.0051544644 0.00022504875 0.1244642)
(0.0061853572 0.0002700585 0.1244642)
(0.0072162501 0.00031506825 0.1244642)
(0.008247143 0.000360078 0.1244642)
(0.0092780359 0.00040508775 0.1244642)
(0.010308929 0.0004500975 0.1244642)
(0.011339822 0.00049510725 0.1244642)
(0.012370714 0.000540117 0.1244642)
(0.013401607 0.00058512675 0.1244642)
(0.0144325 0.0006301365 0.1244642)
(0.015463393 0.00067514625 0.1244642)
(0.016494286 0.000720156 0.1244642)
(0.017525179 0.00076516575 0.1244642)
(0.018556072 0.0008101755 0.1244642)
(0.019586965 0.00085518525 0.1244642)
(0.020617857 0.000900195 0.1244642)
(0.02164875 0.00094520475 0.1244642)
(0.022679643 0.0009902145 0.1244642)
(0.023710536 0.0010352243 0.1244642)
(0.024741429 0.001080234 0.1244642)
(0.025772322 0.0011252437 0.1244642)
(0.026803215 0.0011702535 0.1244642)
(0.027834108 0.0012152632 0.1244642)
(0.028865001 0.001260273 0.1244642)
(0.029895893 0.0013052828 0.1244642)
(0.030926786 0.0013502925 0.1244642)
(0.031957679 0.0013953023 0.1244642)
(0.032988572 0.001440312 0.1244642)
(0.034019465 0.0014853217 0.1244642)
(0.035050358 0.0015303315 0.1244642)
(0.036081251 0.0015753412 0.1244642)
(0.037112143 0.001620351 0.1244642)
(0.038143036 0.0016653608 0.1244642)
(0.039173929 0.0017103705 0.1244642)
(0.040204822 0.0017553803 0.1244642)
(0.041235715 0.00180039 0.1244642)
(0 0 0.12458495)
(0.0010308929 -4.500975e-05 0.12458495)
(0.0020617858 -9.00195e-05 0.12458495)
(0.0030926786 -0.00013502925 0.12458495)
(0.0041235715 -0.000180039 0.12458495)
(0.0051544644 -0.00022504875 0.12458495)
(0.0061853572 -0.0002700585 0.12458495)
(0.0072162501 -0.00031506825 0.12458495)
(0.008247143 -0.000360078 0.12458495)
(0.0092780359 -0.00040508775 0.12458495)
(0.010308929 -0.0004500975 0.12458495)
(0.011339822 -0.00049510725 0.12458495)
(0.012370714 -0.000540117 0.12458495)
(0.013401607 -0.00058512675 0.12458495)
(0.0144325 -0.0006301365 0.12458495)
(0.015463393 -0.00067514625 0.12458495)
(0.016494286 -0.000720156 0.12458495)
(0.017525179 -0.00076516575 0.12458495)
(0.018556072 -0.0008101755 0.12458495)
(0.019586965 -0.00085518525 0.12458495)
(0.020617857 -0.000900195 0.12458495)
(0.02164875 -0.00094520475 0.12458495)
(0.022679643 -0.0009902145 0.12458495)
(0.023710536 -0.0010352243 0.12458495)
(0.024741429 -0.001080234 0.12458495)
(0.025772322 -0.0011252437 0.12458495)
(0.026803215 -0.0011702535 0.12458495)
(0.027834108 -0.0012152632 0.12458495)
(0.028865001 -0.001260273 0.12458495)
(0.029895893 -0.0013052828 0.12458495)
(0.030926786 -0.0013502925 0.12458495)
(0.031957679 -0.0013953023 0.12458495)
(0.032988572 -0.001440312 0.12458495)
(0.034019465 -0.0014853217 0.12458495)
(0.035050358 -0.0015303315 0.12458495)
(0.036081251 -0.0015753412 0.12458495)
(0.037112143 -0.001620351 0.12458495)
(0.038143036 -0.0016653608 0.12458495)
(0.039173929 -0.0017103705 0.12458495)
(0.040204822 -0.0017553803 0.12458495)
(0.041235715 -0.00180039 0.12458495)
(0.0010308929 4.500975e-05 0.12458495)
(0.0020617858 9.00195e-05 0.12458495)
(0.0030926786 0.00013502925 0.12458495)
(0.0041235715 0.000180039 0.12458495)
(0.0051544644 0.00022504875 0.12458495)
(0.0061853572 0.0002700585 0.12458495)
(0.0072162501 0.00031506825 0.12458495)
(0.008247143 0.000360078 0.12458495)
(0.0092780359 0.00040508775 0.12458495)
(0.010308929 0.0004500975 0.12458495)
(0.011339822 0.00049510725 0.12458495)
(0.012370714 0.000540117 0.12458495)
(0.013401607 0.00058512675 0.12458495)
(0.0144325 0.0006301365 0.12458495)
(0.015463393 0.00067514625 0.12458495)
(0.016494286 0.000720156 0.12458495)
(0.017525179 0.00076516575 0.12458495)
(0.018556072 0.0008101755 0.12458495)
(0.019586965 0.00085518525 0.12458495)
(0.020617857 0.000900195 0.12458495)
(0.02164875 0.00094520475 0.12458495)
(0.022679643 0.0009902145 0.12458495)
(0.023710536 0.0010352243 0.12458495)
(0.024741429 0.001080234 0.12458495)
(0.025772322 0.0011252437 0.12458495)
(0.026803215 0.0011702535 0.12458495)
(0.027834108 0.0012152632 0.12458495)
(0.028865001 0.001260273 0.12458495)
(0.029895893 0.0013052828 0.12458495)
(0.030926786 0.0013502925 0.12458495)
(0.031957679 0.0013953023 0.12458495)
(0.032988572 0.001440312 0.12458495)
(0.034019465 0.0014853217 0.12458495)
(0.035050358 0.0015303315 0.12458495)
(0.036081251 0.0015753412 0.12458495)
(0.037112143 0.001620351 0.12458495)
(0.038143036 0.0016653608 0.12458495)
(0.039173929 0.0017103705 0.12458495)
(0.040204822 0.0017553803 0.12458495)
(0.041235715 0.00180039 0.12458495)
(0 0 0.1247057)
(0.0010308929 -4.500975e-05 0.1247057)
(0.0020617858 -9.00195e-05 0.1247057)
(0.0030926786 -0.00013502925 0.1247057)
(0.0041235715 -0.000180039 0.1247057)
(0.0051544644 -0.00022504875 0.1247057)
(0.0061853572 -0.0002700585 0.1247057)
(0.0072162501 -0.00031506825 0.1247057)
(0.008247143 -0.000360078 0.1247057)
(0.0092780359 -0.00040508775 0.1247057)
(0.010308929 -0.0004500975 0.1247057)
(0.011339822 -0.00049510725 0.1247057)
(0.012370714 -0.000540117 0.1247057)
(0.013401607 -0.00058512675 0.1247057)
(0.0144325 -0.0006301365 0.1247057)
(0.015463393 -0.00067514625 0.1247057)
(0.016494286 -0.000720156 0.1247057)
(0.017525179 -0.00076516575 0.1247057)
(0.018556072 -0.0008101755 0.1247057)
(0.019586965 -0.00085518525 0.1247057)
(0.020617857 -0.000900195 0.1247057)
(0.02164875 -0.00094520475 0.1247057)
(0.022679643 -0.0009902145 0.1247057)
(0.023710536 -0.0010352243 0.1247057)
(0.024741429 -0.001080234 0.1247057)
(0.025772322 -0.0011252437 0.1247057)
(0.026803215 -0.0011702535 0.1247057)
(0.027834108 -0.0012152632 0.1247057)
(0.028865001 -0.001260273 0.1247057)
(0.029895893 -0.0013052828 0.1247057)
(0.030926786 -0.0013502925 0.1247057)
(0.031957679 -0.0013953023 0.1247057)
(0.032988572 -0.001440312 0.1247057)
(0.034019465 -0.0014853217 0.1247057)
(0.035050358 -0.0015303315 0.1247057)
(0.036081251 -0.0015753412 0.1247057)
(0.037112143 -0.001620351 0.1247057)
(0.038143036 -0.0016653608 0.1247057)
(0.039173929 -0.0017103705 0.1247057)
(0.040204822 -0.0017553803 0.1247057)
(0.041235715 -0.00180039 0.1247057)
(0.0010308929 4.500975e-05 0.1247057)
(0.0020617858 9.00195e-05 0.1247057)
(0.0030926786 0.00013502925 0.1247057)
(0.0041235715 0.000180039 0.1247057)
(0.0051544644 0.00022504875 0.1247057)
(0.0061853572 0.0002700585 0.1247057)
(0.0072162501 0.00031506825 0.1247057)
(0.008247143 0.000360078 0.1247057)
(0.0092780359 0.00040508775 0.1247057)
(0.010308929 0.0004500975 0.1247057)
(0.011339822 0.00049510725 0.1247057)
(0.012370714 0.000540117 0.1247057)
(0.013401607 0.00058512675 0.1247057)
(0.0144325 0.0006301365 0.1247057)
(0.015463393 0.00067514625 0.1247057)
(0.016494286 0.000720156 0.1247057)
(0.017525179 0.00076516575 0.1247057)
(0.018556072 0.0008101755 0.1247057)
(0.019586965 0.00085518525 0.1247057)
(0.020617857 0.000900195 0.1247057)
(0.02164875 0.00094520475 0.1247057)
(0.022679643 0.0009902145 0.1247057)
(0.023710536 0.0010352243 0.1247057)
(0.024741429 0.001080234 0.1247057)
(0.025772322 0.0011252437 0.1247057)
(0.026803215 0.0011702535 0.1247057)
(0.027834108 0.0012152632 0.1247057)
(0.028865001 0.001260273 0.1247057)
(0.029895893 0.0013052828 0.1247057)
(0.030926786 0.0013502925 0.1247057)
(0.031957679 0.0013953023 0.1247057)
(0.032988572 0.001440312 0.1247057)
(0.034019465 0.0014853217 0.1247057)
(0.035050358 0.0015303315 0.1247057)
(0.036081251 0.0015753412 0.1247057)
(0.037112143 0.001620351 0.1247057)
(0.038143036 0.0016653608 0.1247057)
(0.039173929 0.0017103705 0.1247057)
(0.040204822 0.0017553803 0.1247057)
(0.041235715 0.00180039 0.1247057)
(0 0 0.12482645)
(0.0010308929 -4.500975e-05 0.12482645)
(0.0020617858 -9.00195e-05 0.12482645)
(0.0030926786 -0.00013502925 0.12482645)
(0.0041235715 -0.000180039 0.12482645)
(0.0051544644 -0.00022504875 0.12482645)
(0.0061853572 -0.0002700585 0.12482645)
(0.0072162501 -0.00031506825 0.12482645)
(0.008247143 -0.000360078 0.12482645)
(0.0092780359 -0.00040508775 0.12482645)
(0.010308929 -0.0004500975 0.12482645)
(0.011339822 -0.00049510725 0.12482645)
(0.012370714 -0.000540117 0.12482645)
(0.013401607 -0.00058512675 0.12482645)
(0.0144325 -0.0006301365 0.12482645)
(0.015463393 -0.00067514625 0.12482645)
(0.016494286 -0.000720156 0.12482645)
(0.017525179 -0.00076516575 0.12482645)
(0.018556072 -0.0008101755 0.12482645)
(0.019586965 -0.00085518525 0.12482645)
(0.020617857 -0.000900195 0.12482645)
(0.02164875 -0.00094520475 0.12482645)
(0.022679643 -0.0009902145 0.12482645)
(0.023710536 -0.0010352243 0.12482645)
(0.024741429 -0.001080234 0.12482645)
(0.025772322 -0.0011252437 0.12482645)
(0.026803215 -0.0011702535 0.12482645)
(0.027834108 -0.0012152632 0.12482645)
(0.028865001 -0.001260273 0.12482645)
(0.029895893 -0.0013052828 0.12482645)
(0.030926786 -0.0013502925 0.12482645)
(0.031957679 -0.0013953023 0.12482645)
(0.032988572 -0.001440312 0.12482645)
(0.034019465 -0.0014853217 0.12482645)
(0.035050358 -0.0015303315 0.12482645)
(0.036081251 -0.0015753412 0.12482645)
(0.037112143 -0.001620351 0.12482645)
(0.038143036 -0.0016653608 0.12482645)
(0.039173929 -0.0017103705 0.12482645)
(0.040204822 -0.0017553803 0.12482645)
(0.041235715 -0.00180039 0.12482645)
(0.0010308929 4.500975e-05 0.12482645)
(0.0020617858 9.00195e-05 0.12482645)
(0.0030926786 0.00013502925 0.12482645)
(0.0041235715 0.000180039 0.12482645)
(0.0051544644 0.00022504875 0.12482645)
(0.0061853572 0.0002700585 0.12482645)
(0.0072162501 0.00031506825 0.12482645)
(0.008247143 0.000360078 0.12482645)
(0.0092780359 0.00040508775 0.12482645)
(0.010308929 0.0004500975 0.12482645)
(0.011339822 0.00049510725 0.12482645)
(0.012370714 0.000540117 0.12482645)
(0.013401607 0.00058512675 0.12482645)
(0.0144325 0.0006301365 0.12482645)
(0.015463393 0.00067514625 0.12482645)
(0.016494286 0.000720156 0.12482645)
(0.017525179 0.00076516575 0.12482645)
(0.018556072 0.0008101755 0.12482645)
(0.019586965 0.00085518525 0.12482645)
(0.020617857 0.000900195 0.12482645)
(0.02164875 0.00094520475 0.12482645)
(0.022679643 0.0009902145 0.12482645)
(0.023710536 0.0010352243 0.12482645)
(0.024741429 0.001080234 0.12482645)
(0.025772322 0.0011252437 0.12482645)
(0.026803215 0.0011702535 0.12482645)
(0.027834108 0.0012152632 0.12482645)
(0.028865001 0.001260273 0.12482645)
(0.029895893 0.0013052828 0.12482645)
(0.030926786 0.0013502925 0.12482645)
(0.031957679 0.0013953023 0.12482645)
(0.032988572 0.001440312 0.12482645)
(0.034019465 0.0014853217 0.12482645)
(0.035050358 0.0015303315 0.12482645)
(0.036081251 0.0015753412 0.12482645)
(0.037112143 0.001620351 0.12482645)
(0.038143036 0.0016653608 0.12482645)
(0.039173929 0.0017103705 0.12482645)
(0.040204822 0.0017553803 0.12482645)
(0.041235715 0.00180039 0.12482645)
(0 0 0.1249472)
(0.0010308929 -4.500975e-05 0.1249472)
(0.0020617858 -9.00195e-05 0.1249472)
(0.0030926786 -0.00013502925 0.1249472)
(0.0041235715 -0.000180039 0.1249472)
(0.0051544644 -0.00022504875 0.1249472)
(0.0061853572 -0.0002700585 0.1249472)
(0.0072162501 -0.00031506825 0.1249472)
(0.008247143 -0.000360078 0.1249472)
(0.0092780359 -0.00040508775 0.1249472)
(0.010308929 -0.0004500975 0.1249472)
(0.011339822 -0.00049510725 0.1249472)
(0.012370714 -0.000540117 0.1249472)
(0.013401607 -0.00058512675 0.1249472)
(0.0144325 -0.0006301365 0.1249472)
(0.015463393 -0.00067514625 0.1249472)
(0.016494286 -0.000720156 0.1249472)
(0.017525179 -0.00076516575 0.1249472)
(0.018556072 -0.0008101755 0.1249472)
(0.019586965 -0.00085518525 0.1249472)
(0.020617857 -0.000900195 0.1249472)
(0.02164875 -0.00094520475 0.1249472)
(0.022679643 -0.0009902145 0.1249472)
(0.023710536 -0.0010352243 0.1249472)
(0.024741429 -0.001080234 0.1249472)
(0.025772322 -0.0011252437 0.1249472)
(0.026803215 -0.0011702535 0.1249472)
(0.027834108 -0.0012152632 0.1249472)
(0.028865001 -0.001260273 0.1249472)
(0.029895893 -0.0013052828 0.1249472)
(0.030926786 -0.0013502925 0.1249472)
(0.031957679 -0.0013953023 0.1249472)
(0.032988572 -0.001440312 0.1249472)
(0.034019465 -0.0014853217 0.1249472)
(0.035050358 -0.0015303315 0.1249472)
(0.036081251 -0.0015753412 0.1249472)
(0.037112143 -0.001620351 0.1249472)
(0.038143036 -0.0016653608 0.1249472)
(0.039173929 -0.0017103705 0.1249472)
(0.040204822 -0.0017553803 0.1249472)
(0.041235715 -0.00180039 0.1249472)
(0.0010308929 4.500975e-05 0.1249472)
(0.0020617858 9.00195e-05 0.1249472)
(0.0030926786 0.00013502925 0.1249472)
(0.0041235715 0.000180039 0.1249472)
(0.0051544644 0.00022504875 0.1249472)
(0.0061853572 0.0002700585 0.1249472)
(0.0072162501 0.00031506825 0.1249472)
(0.008247143 0.000360078 0.1249472)
(0.0092780359 0.00040508775 0.1249472)
(0.010308929 0.0004500975 0.1249472)
(0.011339822 0.00049510725 0.1249472)
(0.012370714 0.000540117 0.1249472)
(0.013401607 0.00058512675 0.1249472)
(0.0144325 0.0006301365 0.1249472)
(0.015463393 0.00067514625 0.1249472)
(0.016494286 0.000720156 0.1249472)
(0.017525179 0.00076516575 0.1249472)
(0.018556072 0.0008101755 0.1249472)
(0.019586965 0.00085518525 0.1249472)
(0.020617857 0.000900195 0.1249472)
(0.02164875 0.00094520475 0.1249472)
(0.022679643 0.0009902145 0.1249472)
(0.023710536 0.0010352243 0.1249472)
(0.024741429 0.001080234 0.1249472)
(0.025772322 0.0011252437 0.1249472)
(0.026803215 0.0011702535 0.1249472)
(0.027834108 0.0012152632 0.1249472)
(0.028865001 0.001260273 0.1249472)
(0.029895893 0.0013052828 0.1249472)
(0.030926786 0.0013502925 0.1249472)
(0.031957679 0.0013953023 0.1249472)
(0.032988572 0.001440312 0.1249472)
(0.034019465 0.0014853217 0.1249472)
(0.035050358 0.0015303315 0.1249472)
(0.036081251 0.0015753412 0.1249472)
(0.037112143 0.001620351 0.1249472)
(0.038143036 0.0016653608 0.1249472)
(0.039173929 0.0017103705 0.1249472)
(0.040204822 0.0017553803 0.1249472)
(0.041235715 0.00180039 0.1249472)
(0 0 0.12506796)
(0.0010308929 -4.500975e-05 0.12506796)
(0.0020617858 -9.00195e-05 0.12506796)
(0.0030926786 -0.00013502925 0.12506796)
(0.0041235715 -0.000180039 0.12506796)
(0.0051544644 -0.00022504875 0.12506796)
(0.0061853572 -0.0002700585 0.12506796)
(0.0072162501 -0.00031506825 0.12506796)
(0.008247143 -0.000360078 0.12506796)
(0.0092780359 -0.00040508775 0.12506796)
(0.010308929 -0.0004500975 0.12506796)
(0.011339822 -0.00049510725 0.12506796)
(0.012370714 -0.000540117 0.12506796)
(0.013401607 -0.00058512675 0.12506796)
(0.0144325 -0.0006301365 0.12506796)
(0.015463393 -0.00067514625 0.12506796)
(0.016494286 -0.000720156 0.12506796)
(0.017525179 -0.00076516575 0.12506796)
(0.018556072 -0.0008101755 0.12506796)
(0.019586965 -0.00085518525 0.12506796)
(0.020617857 -0.000900195 0.12506796)
(0.02164875 -0.00094520475 0.12506796)
(0.022679643 -0.0009902145 0.12506796)
(0.023710536 -0.0010352243 0.12506796)
(0.024741429 -0.001080234 0.12506796)
(0.025772322 -0.0011252437 0.12506796)
(0.026803215 -0.0011702535 0.12506796)
(0.027834108 -0.0012152632 0.12506796)
(0.028865001 -0.001260273 0.12506796)
(0.029895893 -0.0013052828 0.12506796)
(0.030926786 -0.0013502925 0.12506796)
(0.031957679 -0.0013953023 0.12506796)
(0.032988572 -0.001440312 0.12506796)
(0.034019465 -0.0014853217 0.12506796)
(0.035050358 -0.0015303315 0.12506796)
(0.036081251 -0.0015753412 0.12506796)
(0.037112143 -0.001620351 0.12506796)
(0.038143036 -0.0016653608 0.12506796)
(0.039173929 -0.0017103705 0.12506796)
(0.040204822 -0.0017553803 0.12506796)
(0.041235715 -0.00180039 0.12506796)
(0.0010308929 4.500975e-05 0.12506796)
(0.0020617858 9.00195e-05 0.12506796)
(0.0030926786 0.00013502925 0.12506796)
(0.0041235715 0.000180039 0.12506796)
(0.0051544644 0.00022504875 0.12506796)
(0.0061853572 0.0002700585 0.12506796)
(0.0072162501 0.00031506825 0.12506796)
(0.008247143 0.000360078 0.12506796)
(0.0092780359 0.00040508775 0.12506796)
(0.010308929 0.0004500975 0.12506796)
(0.011339822 0.00049510725 0.12506796)
(0.012370714 0.000540117 0.12506796)
(0.013401607 0.00058512675 0.12506796)
(0.0144325 0.0006301365 0.12506796)
(0.015463393 0.00067514625 0.12506796)
(0.016494286 0.000720156 0.12506796)
(0.017525179 0.00076516575 0.12506796)
(0.018556072 0.0008101755 0.12506796)
(0.019586965 0.00085518525 0.12506796)
(0.020617857 0.000900195 0.12506796)
(0.02164875 0.00094520475 0.12506796)
(0.022679643 0.0009902145 0.12506796)
(0.023710536 0.0010352243 0.12506796)
(0.024741429 0.001080234 0.12506796)
(0.025772322 0.0011252437 0.12506796)
(0.026803215 0.0011702535 0.12506796)
(0.027834108 0.0012152632 0.12506796)
(0.028865001 0.001260273 0.12506796)
(0.029895893 0.0013052828 0.12506796)
(0.030926786 0.0013502925 0.12506796)
(0.031957679 0.0013953023 0.12506796)
(0.032988572 0.001440312 0.12506796)
(0.034019465 0.0014853217 0.12506796)
(0.035050358 0.0015303315 0.12506796)
(0.036081251 0.0015753412 0.12506796)
(0.037112143 0.001620351 0.12506796)
(0.038143036 0.0016653608 0.12506796)
(0.039173929 0.0017103705 0.12506796)
(0.040204822 0.0017553803 0.12506796)
(0.041235715 0.00180039 0.12506796)
(0 0 0.12518871)
(0.0010308929 -4.500975e-05 0.12518871)
(0.0020617858 -9.00195e-05 0.12518871)
(0.0030926786 -0.00013502925 0.12518871)
(0.0041235715 -0.000180039 0.12518871)
(0.0051544644 -0.00022504875 0.12518871)
(0.0061853572 -0.0002700585 0.12518871)
(0.0072162501 -0.00031506825 0.12518871)
(0.008247143 -0.000360078 0.12518871)
(0.0092780359 -0.00040508775 0.12518871)
(0.010308929 -0.0004500975 0.12518871)
(0.011339822 -0.00049510725 0.12518871)
(0.012370714 -0.000540117 0.12518871)
(0.013401607 -0.00058512675 0.12518871)
(0.0144325 -0.0006301365 0.12518871)
(0.015463393 -0.00067514625 0.12518871)
(0.016494286 -0.000720156 0.12518871)
(0.017525179 -0.00076516575 0.12518871)
(0.018556072 -0.0008101755 0.12518871)
(0.019586965 -0.00085518525 0.12518871)
(0.020617857 -0.000900195 0.12518871)
(0.02164875 -0.00094520475 0.12518871)
(0.022679643 -0.0009902145 0.12518871)
(0.023710536 -0.0010352243 0.12518871)
(0.024741429 -0.001080234 0.12518871)
(0.025772322 -0.0011252437 0.12518871)
(0.026803215 -0.0011702535 0.12518871)
(0.027834108 -0.0012152632 0.12518871)
(0.028865001 -0.001260273 0.12518871)
(0.029895893 -0.0013052828 0.12518871)
(0.030926786 -0.0013502925 0.12518871)
(0.031957679 -0.0013953023 0.12518871)
(0.032988572 -0.001440312 0.12518871)
(0.034019465 -0.0014853217 0.12518871)
(0.035050358 -0.0015303315 0.12518871)
(0.036081251 -0.0015753412 0.12518871)
(0.037112143 -0.001620351 0.12518871)
(0.038143036 -0.0016653608 0.12518871)
(0.039173929 -0.0017103705 0.12518871)
(0.040204822 -0.0017553803 0.12518871)
(0.041235715 -0.00180039 0.12518871)
(0.0010308929 4.500975e-05 0.12518871)
(0.0020617858 9.00195e-05 0.12518871)
(0.0030926786 0.00013502925 0.12518871)
(0.0041235715 0.000180039 0.12518871)
(0.0051544644 0.00022504875 0.12518871)
(0.0061853572 0.0002700585 0.12518871)
(0.0072162501 0.00031506825 0.12518871)
(0.008247143 0.000360078 0.12518871)
(0.0092780359 0.00040508775 0.12518871)
(0.010308929 0.0004500975 0.12518871)
(0.011339822 0.00049510725 0.12518871)
(0.012370714 0.000540117 0.12518871)
(0.013401607 0.00058512675 0.12518871)
(0.0144325 0.0006301365 0.12518871)
(0.015463393 0.00067514625 0.12518871)
(0.016494286 0.000720156 0.12518871)
(0.017525179 0.00076516575 0.12518871)
(0.018556072 0.0008101755 0.12518871)
(0.019586965 0.00085518525 0.12518871)
(0.020617857 0.000900195 0.12518871)
(0.02164875 0.00094520475 0.12518871)
(0.022679643 0.0009902145 0.12518871)
(0.023710536 0.0010352243 0.12518871)
(0.024741429 0.001080234 0.12518871)
(0.025772322 0.0011252437 0.12518871)
(0.026803215 0.0011702535 0.12518871)
(0.027834108 0.0012152632 0.12518871)
(0.028865001 0.001260273 0.12518871)
(0.029895893 0.0013052828 0.12518871)
(0.030926786 0.0013502925 0.12518871)
(0.031957679 0.0013953023 0.12518871)
(0.032988572 0.001440312 0.12518871)
(0.034019465 0.0014853217 0.12518871)
(0.035050358 0.0015303315 0.12518871)
(0.036081251 0.0015753412 0.12518871)
(0.037112143 0.001620351 0.12518871)
(0.038143036 0.0016653608 0.12518871)
(0.039173929 0.0017103705 0.12518871)
(0.040204822 0.0017553803 0.12518871)
(0.041235715 0.00180039 0.12518871)
(0 0 0.12530946)
(0.0010308929 -4.500975e-05 0.12530946)
(0.0020617858 -9.00195e-05 0.12530946)
(0.0030926786 -0.00013502925 0.12530946)
(0.0041235715 -0.000180039 0.12530946)
(0.0051544644 -0.00022504875 0.12530946)
(0.0061853572 -0.0002700585 0.12530946)
(0.0072162501 -0.00031506825 0.12530946)
(0.008247143 -0.000360078 0.12530946)
(0.0092780359 -0.00040508775 0.12530946)
(0.010308929 -0.0004500975 0.12530946)
(0.011339822 -0.00049510725 0.12530946)
(0.012370714 -0.000540117 0.12530946)
(0.013401607 -0.00058512675 0.12530946)
(0.0144325 -0.0006301365 0.12530946)
(0.015463393 -0.00067514625 0.12530946)
(0.016494286 -0.000720156 0.12530946)
(0.017525179 -0.00076516575 0.12530946)
(0.018556072 -0.0008101755 0.12530946)
(0.019586965 -0.00085518525 0.12530946)
(0.020617857 -0.000900195 0.12530946)
(0.02164875 -0.00094520475 0.12530946)
(0.022679643 -0.0009902145 0.12530946)
(0.023710536 -0.0010352243 0.12530946)
(0.024741429 -0.001080234 0.12530946)
(0.025772322 -0.0011252437 0.12530946)
(0.026803215 -0.0011702535 0.12530946)
(0.027834108 -0.0012152632 0.12530946)
(0.028865001 -0.001260273 0.12530946)
(0.029895893 -0.0013052828 0.12530946)
(0.030926786 -0.0013502925 0.12530946)
(0.031957679 -0.0013953023 0.12530946)
(0.032988572 -0.001440312 0.12530946)
(0.034019465 -0.0014853217 0.12530946)
(0.035050358 -0.0015303315 0.12530946)
(0.036081251 -0.0015753412 0.12530946)
(0.037112143 -0.001620351 0.12530946)
(0.038143036 -0.0016653608 0.12530946)
(0.039173929 -0.0017103705 0.12530946)
(0.040204822 -0.0017553803 0.12530946)
(0.041235715 -0.00180039 0.12530946)
(0.0010308929 4.500975e-05 0.12530946)
(0.0020617858 9.00195e-05 0.12530946)
(0.0030926786 0.00013502925 0.12530946)
(0.0041235715 0.000180039 0.12530946)
(0.0051544644 0.00022504875 0.12530946)
(0.0061853572 0.0002700585 0.12530946)
(0.0072162501 0.00031506825 0.12530946)
(0.008247143 0.000360078 0.12530946)
(0.0092780359 0.00040508775 0.12530946)
(0.010308929 0.0004500975 0.12530946)
(0.011339822 0.00049510725 0.12530946)
(0.012370714 0.000540117 0.12530946)
(0.013401607 0.00058512675 0.12530946)
(0.0144325 0.0006301365 0.12530946)
(0.015463393 0.00067514625 0.12530946)
(0.016494286 0.000720156 0.12530946)
(0.017525179 0.00076516575 0.12530946)
(0.018556072 0.0008101755 0.12530946)
(0.019586965 0.00085518525 0.12530946)
(0.020617857 0.000900195 0.12530946)
(0.02164875 0.00094520475 0.12530946)
(0.022679643 0.0009902145 0.12530946)
(0.023710536 0.0010352243 0.12530946)
(0.024741429 0.001080234 0.12530946)
(0.025772322 0.0011252437 0.12530946)
(0.026803215 0.0011702535 0.12530946)
(0.027834108 0.0012152632 0.12530946)
(0.028865001 0.001260273 0.12530946)
(0.029895893 0.0013052828 0.12530946)
(0.030926786 0.0013502925 0.12530946)
(0.031957679 0.0013953023 0.12530946)
(0.032988572 0.001440312 0.12530946)
(0.034019465 0.0014853217 0.12530946)
(0.035050358 0.0015303315 0.12530946)
(0.036081251 0.0015753412 0.12530946)
(0.037112143 0.001620351 0.12530946)
(0.038143036 0.0016653608 0.12530946)
(0.039173929 0.0017103705 0.12530946)
(0.040204822 0.0017553803 0.12530946)
(0.041235715 0.00180039 0.12530946)
(0 0 0.12543022)
(0.0010308929 -4.500975e-05 0.12543022)
(0.0020617858 -9.00195e-05 0.12543022)
(0.0030926786 -0.00013502925 0.12543022)
(0.0041235715 -0.000180039 0.12543022)
(0.0051544644 -0.00022504875 0.12543022)
(0.0061853572 -0.0002700585 0.12543022)
(0.0072162501 -0.00031506825 0.12543022)
(0.008247143 -0.000360078 0.12543022)
(0.0092780359 -0.00040508775 0.12543022)
(0.010308929 -0.0004500975 0.12543022)
(0.011339822 -0.00049510725 0.12543022)
(0.012370714 -0.000540117 0.12543022)
(0.013401607 -0.00058512675 0.12543022)
(0.0144325 -0.0006301365 0.12543022)
(0.015463393 -0.00067514625 0.12543022)
(0.016494286 -0.000720156 0.12543022)
(0.017525179 -0.00076516575 0.12543022)
(0.018556072 -0.0008101755 0.12543022)
(0.019586965 -0.00085518525 0.12543022)
(0.020617857 -0.000900195 0.12543022)
(0.02164875 -0.00094520475 0.12543022)
(0.022679643 -0.0009902145 0.12543022)
(0.023710536 -0.0010352243 0.12543022)
(0.024741429 -0.001080234 0.12543022)
(0.025772322 -0.0011252437 0.12543022)
(0.026803215 -0.0011702535 0.12543022)
(0.027834108 -0.0012152632 0.12543022)
(0.028865001 -0.001260273 0.12543022)
(0.029895893 -0.0013052828 0.12543022)
(0.030926786 -0.0013502925 0.12543022)
(0.031957679 -0.0013953023 0.12543022)
(0.032988572 -0.001440312 0.12543022)
(0.034019465 -0.0014853217 0.12543022)
(0.035050358 -0.0015303315 0.12543022)
(0.036081251 -0.0015753412 0.12543022)
(0.037112143 -0.001620351 0.12543022)
(0.038143036 -0.0016653608 0.12543022)
(0.039173929 -0.0017103705 0.12543022)
(0.040204822 -0.0017553803 0.12543022)
(0.041235715 -0.00180039 0.12543022)
(0.0010308929 4.500975e-05 0.12543022)
(0.0020617858 9.00195e-05 0.12543022)
(0.0030926786 0.00013502925 0.12543022)
(0.0041235715 0.000180039 0.12543022)
(0.0051544644 0.00022504875 0.12543022)
(0.0061853572 0.0002700585 0.12543022)
(0.0072162501 0.00031506825 0.12543022)
(0.008247143 0.000360078 0.12543022)
(0.0092780359 0.00040508775 0.12543022)
(0.010308929 0.0004500975 0.12543022)
(0.011339822 0.00049510725 0.12543022)
(0.012370714 0.000540117 0.12543022)
(0.013401607 0.00058512675 0.12543022)
(0.0144325 0.0006301365 0.12543022)
(0.015463393 0.00067514625 0.12543022)
(0.016494286 0.000720156 0.12543022)
(0.017525179 0.00076516575 0.12543022)
(0.018556072 0.0008101755 0.12543022)
(0.019586965 0.00085518525 0.12543022)
(0.020617857 0.000900195 0.12543022)
(0.02164875 0.00094520475 0.12543022)
(0.022679643 0.0009902145 0.12543022)
(0.023710536 0.0010352243 0.12543022)
(0.024741429 0.001080234 0.12543022)
(0.025772322 0.0011252437 0.12543022)
(0.026803215 0.0011702535 0.12543022)
(0.027834108 0.0012152632 0.12543022)
(0.028865001 0.001260273 0.12543022)
(0.029895893 0.0013052828 0.12543022)
(0.030926786 0.0013502925 0.12543022)
(0.031957679 0.0013953023 0.12543022)
(0.032988572 0.001440312 0.12543022)
(0.034019465 0.0014853217 0.12543022)
(0.035050358 0.0015303315 0.12543022)
(0.036081251 0.0015753412 0.12543022)
(0.037112143 0.001620351 0.12543022)
(0.038143036 0.0016653608 0.12543022)
(0.039173929 0.0017103705 0.12543022)
(0.040204822 0.0017553803 0.12543022)
(0.041235715 0.00180039 0.12543022)
(0 0 0.12555097)
(0.0010308929 -4.500975e-05 0.12555097)
(0.0020617858 -9.00195e-05 0.12555097)
(0.0030926786 -0.00013502925 0.12555097)
(0.0041235715 -0.000180039 0.12555097)
(0.0051544644 -0.00022504875 0.12555097)
(0.0061853572 -0.0002700585 0.12555097)
(0.0072162501 -0.00031506825 0.12555097)
(0.008247143 -0.000360078 0.12555097)
(0.0092780359 -0.00040508775 0.12555097)
(0.010308929 -0.0004500975 0.12555097)
(0.011339822 -0.00049510725 0.12555097)
(0.012370714 -0.000540117 0.12555097)
(0.013401607 -0.00058512675 0.12555097)
(0.0144325 -0.0006301365 0.12555097)
(0.015463393 -0.00067514625 0.12555097)
(0.016494286 -0.000720156 0.12555097)
(0.017525179 -0.00076516575 0.12555097)
(0.018556072 -0.0008101755 0.12555097)
(0.019586965 -0.00085518525 0.12555097)
(0.020617857 -0.000900195 0.12555097)
(0.02164875 -0.00094520475 0.12555097)
(0.022679643 -0.0009902145 0.12555097)
(0.023710536 -0.0010352243 0.12555097)
(0.024741429 -0.001080234 0.12555097)
(0.025772322 -0.0011252437 0.12555097)
(0.026803215 -0.0011702535 0.12555097)
(0.027834108 -0.0012152632 0.12555097)
(0.028865001 -0.001260273 0.12555097)
(0.029895893 -0.0013052828 0.12555097)
(0.030926786 -0.0013502925 0.12555097)
(0.031957679 -0.0013953023 0.12555097)
(0.032988572 -0.001440312 0.12555097)
(0.034019465 -0.0014853217 0.12555097)
(0.035050358 -0.0015303315 0.12555097)
(0.036081251 -0.0015753412 0.12555097)
(0.037112143 -0.001620351 0.12555097)
(0.038143036 -0.0016653608 0.12555097)
(0.039173929 -0.0017103705 0.12555097)
(0.040204822 -0.0017553803 0.12555097)
(0.041235715 -0.00180039 0.12555097)
(0.0010308929 4.500975e-05 0.12555097)
(0.0020617858 9.00195e-05 0.12555097)
(0.0030926786 0.00013502925 0.12555097)
(0.0041235715 0.000180039 0.12555097)
(0.0051544644 0.00022504875 0.12555097)
(0.0061853572 0.0002700585 0.12555097)
(0.0072162501 0.00031506825 0.12555097)
(0.008247143 0.000360078 0.12555097)
(0.0092780359 0.00040508775 0.12555097)
(0.010308929 0.0004500975 0.12555097)
(0.011339822 0.00049510725 0.12555097)
(0.012370714 0.000540117 0.12555097)
(0.013401607 0.00058512675 0.12555097)
(0.0144325 0.0006301365 0.12555097)
(0.015463393 0.00067514625 0.12555097)
(0.016494286 0.000720156 0.12555097)
(0.017525179 0.00076516575 0.12555097)
(0.018556072 0.0008101755 0.12555097)
(0.019586965 0.00085518525 0.12555097)
(0.020617857 0.000900195 0.12555097)
(0.02164875 0.00094520475 0.12555097)
(0.022679643 0.0009902145 0.12555097)
(0.023710536 0.0010352243 0.12555097)
(0.024741429 0.001080234 0.12555097)
(0.025772322 0.0011252437 0.12555097)
(0.026803215 0.0011702535 0.12555097)
(0.027834108 0.0012152632 0.12555097)
(0.028865001 0.001260273 0.12555097)
(0.029895893 0.0013052828 0.12555097)
(0.030926786 0.0013502925 0.12555097)
(0.031957679 0.0013953023 0.12555097)
(0.032988572 0.001440312 0.12555097)
(0.034019465 0.0014853217 0.12555097)
(0.035050358 0.0015303315 0.12555097)
(0.036081251 0.0015753412 0.12555097)
(0.037112143 0.001620351 0.12555097)
(0.038143036 0.0016653608 0.12555097)
(0.039173929 0.0017103705 0.12555097)
(0.040204822 0.0017553803 0.12555097)
(0.041235715 0.00180039 0.12555097)
(0 0 0.12567172)
(0.0010308929 -4.500975e-05 0.12567172)
(0.0020617858 -9.00195e-05 0.12567172)
(0.0030926786 -0.00013502925 0.12567172)
(0.0041235715 -0.000180039 0.12567172)
(0.0051544644 -0.00022504875 0.12567172)
(0.0061853572 -0.0002700585 0.12567172)
(0.0072162501 -0.00031506825 0.12567172)
(0.008247143 -0.000360078 0.12567172)
(0.0092780359 -0.00040508775 0.12567172)
(0.010308929 -0.0004500975 0.12567172)
(0.011339822 -0.00049510725 0.12567172)
(0.012370714 -0.000540117 0.12567172)
(0.013401607 -0.00058512675 0.12567172)
(0.0144325 -0.0006301365 0.12567172)
(0.015463393 -0.00067514625 0.12567172)
(0.016494286 -0.000720156 0.12567172)
(0.017525179 -0.00076516575 0.12567172)
(0.018556072 -0.0008101755 0.12567172)
(0.019586965 -0.00085518525 0.12567172)
(0.020617857 -0.000900195 0.12567172)
(0.02164875 -0.00094520475 0.12567172)
(0.022679643 -0.0009902145 0.12567172)
(0.023710536 -0.0010352243 0.12567172)
(0.024741429 -0.001080234 0.12567172)
(0.025772322 -0.0011252437 0.12567172)
(0.026803215 -0.0011702535 0.12567172)
(0.027834108 -0.0012152632 0.12567172)
(0.028865001 -0.001260273 0.12567172)
(0.029895893 -0.0013052828 0.12567172)
(0.030926786 -0.0013502925 0.12567172)
(0.031957679 -0.0013953023 0.12567172)
(0.032988572 -0.001440312 0.12567172)
(0.034019465 -0.0014853217 0.12567172)
(0.035050358 -0.0015303315 0.12567172)
(0.036081251 -0.0015753412 0.12567172)
(0.037112143 -0.001620351 0.12567172)
(0.038143036 -0.0016653608 0.12567172)
(0.039173929 -0.0017103705 0.12567172)
(0.040204822 -0.0017553803 0.12567172)
(0.041235715 -0.00180039 0.12567172)
(0.0010308929 4.500975e-05 0.12567172)
(0.0020617858 9.00195e-05 0.12567172)
(0.0030926786 0.00013502925 0.12567172)
(0.0041235715 0.000180039 0.12567172)
(0.0051544644 0.00022504875 0.12567172)
(0.0061853572 0.0002700585 0.12567172)
(0.0072162501 0.00031506825 0.12567172)
(0.008247143 0.000360078 0.12567172)
(0.0092780359 0.00040508775 0.12567172)
(0.010308929 0.0004500975 0.12567172)
(0.011339822 0.00049510725 0.12567172)
(0.012370714 0.000540117 0.12567172)
(0.013401607 0.00058512675 0.12567172)
(0.0144325 0.0006301365 0.12567172)
(0.015463393 0.00067514625 0.12567172)
(0.016494286 0.000720156 0.12567172)
(0.017525179 0.00076516575 0.12567172)
(0.018556072 0.0008101755 0.12567172)
(0.019586965 0.00085518525 0.12567172)
(0.020617857 0.000900195 0.12567172)
(0.02164875 0.00094520475 0.12567172)
(0.022679643 0.0009902145 0.12567172)
(0.023710536 0.0010352243 0.12567172)
(0.024741429 0.001080234 0.12567172)
(0.025772322 0.0011252437 0.12567172)
(0.026803215 0.0011702535 0.12567172)
(0.027834108 0.0012152632 0.12567172)
(0.028865001 0.001260273 0.12567172)
(0.029895893 0.0013052828 0.12567172)
(0.030926786 0.0013502925 0.12567172)
(0.031957679 0.0013953023 0.12567172)
(0.032988572 0.001440312 0.12567172)
(0.034019465 0.0014853217 0.12567172)
(0.035050358 0.0015303315 0.12567172)
(0.036081251 0.0015753412 0.12567172)
(0.037112143 0.001620351 0.12567172)
(0.038143036 0.0016653608 0.12567172)
(0.039173929 0.0017103705 0.12567172)
(0.040204822 0.0017553803 0.12567172)
(0.041235715 0.00180039 0.12567172)
(0 0 0.12579248)
(0.0010308929 -4.500975e-05 0.12579248)
(0.0020617858 -9.00195e-05 0.12579248)
(0.0030926786 -0.00013502925 0.12579248)
(0.0041235715 -0.000180039 0.12579248)
(0.0051544644 -0.00022504875 0.12579248)
(0.0061853572 -0.0002700585 0.12579248)
(0.0072162501 -0.00031506825 0.12579248)
(0.008247143 -0.000360078 0.12579248)
(0.0092780359 -0.00040508775 0.12579248)
(0.010308929 -0.0004500975 0.12579248)
(0.011339822 -0.00049510725 0.12579248)
(0.012370714 -0.000540117 0.12579248)
(0.013401607 -0.00058512675 0.12579248)
(0.0144325 -0.0006301365 0.12579248)
(0.015463393 -0.00067514625 0.12579248)
(0.016494286 -0.000720156 0.12579248)
(0.017525179 -0.00076516575 0.12579248)
(0.018556072 -0.0008101755 0.12579248)
(0.019586965 -0.00085518525 0.12579248)
(0.020617857 -0.000900195 0.12579248)
(0.02164875 -0.00094520475 0.12579248)
(0.022679643 -0.0009902145 0.12579248)
(0.023710536 -0.0010352243 0.12579248)
(0.024741429 -0.001080234 0.12579248)
(0.025772322 -0.0011252437 0.12579248)
(0.026803215 -0.0011702535 0.12579248)
(0.027834108 -0.0012152632 0.12579248)
(0.028865001 -0.001260273 0.12579248)
(0.029895893 -0.0013052828 0.12579248)
(0.030926786 -0.0013502925 0.12579248)
(0.031957679 -0.0013953023 0.12579248)
(0.032988572 -0.001440312 0.12579248)
(0.034019465 -0.0014853217 0.12579248)
(0.035050358 -0.0015303315 0.12579248)
(0.036081251 -0.0015753412 0.12579248)
(0.037112143 -0.001620351 0.12579248)
(0.038143036 -0.0016653608 0.12579248)
(0.039173929 -0.0017103705 0.12579248)
(0.040204822 -0.0017553803 0.12579248)
(0.041235715 -0.00180039 0.12579248)
(0.0010308929 4.500975e-05 0.12579248)
(0.0020617858 9.00195e-05 0.12579248)
(0.0030926786 0.00013502925 0.12579248)
(0.0041235715 0.000180039 0.12579248)
(0.0051544644 0.00022504875 0.12579248)
(0.0061853572 0.0002700585 0.12579248)
(0.0072162501 0.00031506825 0.12579248)
(0.008247143 0.000360078 0.12579248)
(0.0092780359 0.00040508775 0.12579248)
(0.010308929 0.0004500975 0.12579248)
(0.011339822 0.00049510725 0.12579248)
(0.012370714 0.000540117 0.12579248)
(0.013401607 0.00058512675 0.12579248)
(0.0144325 0.0006301365 0.12579248)
(0.015463393 0.00067514625 0.12579248)
(0.016494286 0.000720156 0.12579248)
(0.017525179 0.00076516575 0.12579248)
(0.018556072 0.0008101755 0.12579248)
(0.019586965 0.00085518525 0.12579248)
(0.020617857 0.000900195 0.12579248)
(0.02164875 0.00094520475 0.12579248)
(0.022679643 0.0009902145 0.12579248)
(0.023710536 0.0010352243 0.12579248)
(0.024741429 0.001080234 0.12579248)
(0.025772322 0.0011252437 0.12579248)
(0.026803215 0.0011702535 0.12579248)
(0.027834108 0.0012152632 0.12579248)
(0.028865001 0.001260273 0.12579248)
(0.029895893 0.0013052828 0.12579248)
(0.030926786 0.0013502925 0.12579248)
(0.031957679 0.0013953023 0.12579248)
(0.032988572 0.001440312 0.12579248)
(0.034019465 0.0014853217 0.12579248)
(0.035050358 0.0015303315 0.12579248)
(0.036081251 0.0015753412 0.12579248)
(0.037112143 0.001620351 0.12579248)
(0.038143036 0.0016653608 0.12579248)
(0.039173929 0.0017103705 0.12579248)
(0.040204822 0.0017553803 0.12579248)
(0.041235715 0.00180039 0.12579248)
(0 0 0.12591323)
(0.0010308929 -4.500975e-05 0.12591323)
(0.0020617858 -9.00195e-05 0.12591323)
(0.0030926786 -0.00013502925 0.12591323)
(0.0041235715 -0.000180039 0.12591323)
(0.0051544644 -0.00022504875 0.12591323)
(0.0061853572 -0.0002700585 0.12591323)
(0.0072162501 -0.00031506825 0.12591323)
(0.008247143 -0.000360078 0.12591323)
(0.0092780359 -0.00040508775 0.12591323)
(0.010308929 -0.0004500975 0.12591323)
(0.011339822 -0.00049510725 0.12591323)
(0.012370714 -0.000540117 0.12591323)
(0.013401607 -0.00058512675 0.12591323)
(0.0144325 -0.0006301365 0.12591323)
(0.015463393 -0.00067514625 0.12591323)
(0.016494286 -0.000720156 0.12591323)
(0.017525179 -0.00076516575 0.12591323)
(0.018556072 -0.0008101755 0.12591323)
(0.019586965 -0.00085518525 0.12591323)
(0.020617857 -0.000900195 0.12591323)
(0.02164875 -0.00094520475 0.12591323)
(0.022679643 -0.0009902145 0.12591323)
(0.023710536 -0.0010352243 0.12591323)
(0.024741429 -0.001080234 0.12591323)
(0.025772322 -0.0011252437 0.12591323)
(0.026803215 -0.0011702535 0.12591323)
(0.027834108 -0.0012152632 0.12591323)
(0.028865001 -0.001260273 0.12591323)
(0.029895893 -0.0013052828 0.12591323)
(0.030926786 -0.0013502925 0.12591323)
(0.031957679 -0.0013953023 0.12591323)
(0.032988572 -0.001440312 0.12591323)
(0.034019465 -0.0014853217 0.12591323)
(0.035050358 -0.0015303315 0.12591323)
(0.036081251 -0.0015753412 0.12591323)
(0.037112143 -0.001620351 0.12591323)
(0.038143036 -0.0016653608 0.12591323)
(0.039173929 -0.0017103705 0.12591323)
(0.040204822 -0.0017553803 0.12591323)
(0.041235715 -0.00180039 0.12591323)
(0.0010308929 4.500975e-05 0.12591323)
(0.0020617858 9.00195e-05 0.12591323)
(0.0030926786 0.00013502925 0.12591323)
(0.0041235715 0.000180039 0.12591323)
(0.0051544644 0.00022504875 0.12591323)
(0.0061853572 0.0002700585 0.12591323)
(0.0072162501 0.00031506825 0.12591323)
(0.008247143 0.000360078 0.12591323)
(0.0092780359 0.00040508775 0.12591323)
(0.010308929 0.0004500975 0.12591323)
(0.011339822 0.00049510725 0.12591323)
(0.012370714 0.000540117 0.12591323)
(0.013401607 0.00058512675 0.12591323)
(0.0144325 0.0006301365 0.12591323)
(0.015463393 0.00067514625 0.12591323)
(0.016494286 0.000720156 0.12591323)
(0.017525179 0.00076516575 0.12591323)
(0.018556072 0.0008101755 0.12591323)
(0.019586965 0.00085518525 0.12591323)
(0.020617857 0.000900195 0.12591323)
(0.02164875 0.00094520475 0.12591323)
(0.022679643 0.0009902145 0.12591323)
(0.023710536 0.0010352243 0.12591323)
(0.024741429 0.001080234 0.12591323)
(0.025772322 0.0011252437 0.12591323)
(0.026803215 0.0011702535 0.12591323)
(0.027834108 0.0012152632 0.12591323)
(0.028865001 0.001260273 0.12591323)
(0.029895893 0.0013052828 0.12591323)
(0.030926786 0.0013502925 0.12591323)
(0.031957679 0.0013953023 0.12591323)
(0.032988572 0.001440312 0.12591323)
(0.034019465 0.0014853217 0.12591323)
(0.035050358 0.0015303315 0.12591323)
(0.036081251 0.0015753412 0.12591323)
(0.037112143 0.001620351 0.12591323)
(0.038143036 0.0016653608 0.12591323)
(0.039173929 0.0017103705 0.12591323)
(0.040204822 0.0017553803 0.12591323)
(0.041235715 0.00180039 0.12591323)
(0 0 0.12603398)
(0.0010308929 -4.500975e-05 0.12603398)
(0.0020617858 -9.00195e-05 0.12603398)
(0.0030926786 -0.00013502925 0.12603398)
(0.0041235715 -0.000180039 0.12603398)
(0.0051544644 -0.00022504875 0.12603398)
(0.0061853572 -0.0002700585 0.12603398)
(0.0072162501 -0.00031506825 0.12603398)
(0.008247143 -0.000360078 0.12603398)
(0.0092780359 -0.00040508775 0.12603398)
(0.010308929 -0.0004500975 0.12603398)
(0.011339822 -0.00049510725 0.12603398)
(0.012370714 -0.000540117 0.12603398)
(0.013401607 -0.00058512675 0.12603398)
(0.0144325 -0.0006301365 0.12603398)
(0.015463393 -0.00067514625 0.12603398)
(0.016494286 -0.000720156 0.12603398)
(0.017525179 -0.00076516575 0.12603398)
(0.018556072 -0.0008101755 0.12603398)
(0.019586965 -0.00085518525 0.12603398)
(0.020617857 -0.000900195 0.12603398)
(0.02164875 -0.00094520475 0.12603398)
(0.022679643 -0.0009902145 0.12603398)
(0.023710536 -0.0010352243 0.12603398)
(0.024741429 -0.001080234 0.12603398)
(0.025772322 -0.0011252437 0.12603398)
(0.026803215 -0.0011702535 0.12603398)
(0.027834108 -0.0012152632 0.12603398)
(0.028865001 -0.001260273 0.12603398)
(0.029895893 -0.0013052828 0.12603398)
(0.030926786 -0.0013502925 0.12603398)
(0.031957679 -0.0013953023 0.12603398)
(0.032988572 -0.001440312 0.12603398)
(0.034019465 -0.0014853217 0.12603398)
(0.035050358 -0.0015303315 0.12603398)
(0.036081251 -0.0015753412 0.12603398)
(0.037112143 -0.001620351 0.12603398)
(0.038143036 -0.0016653608 0.12603398)
(0.039173929 -0.0017103705 0.12603398)
(0.040204822 -0.0017553803 0.12603398)
(0.041235715 -0.00180039 0.12603398)
(0.0010308929 4.500975e-05 0.12603398)
(0.0020617858 9.00195e-05 0.12603398)
(0.0030926786 0.00013502925 0.12603398)
(0.0041235715 0.000180039 0.12603398)
(0.0051544644 0.00022504875 0.12603398)
(0.0061853572 0.0002700585 0.12603398)
(0.0072162501 0.00031506825 0.12603398)
(0.008247143 0.000360078 0.12603398)
(0.0092780359 0.00040508775 0.12603398)
(0.010308929 0.0004500975 0.12603398)
(0.011339822 0.00049510725 0.12603398)
(0.012370714 0.000540117 0.12603398)
(0.013401607 0.00058512675 0.12603398)
(0.0144325 0.0006301365 0.12603398)
(0.015463393 0.00067514625 0.12603398)
(0.016494286 0.000720156 0.12603398)
(0.017525179 0.00076516575 0.12603398)
(0.018556072 0.0008101755 0.12603398)
(0.019586965 0.00085518525 0.12603398)
(0.020617857 0.000900195 0.12603398)
(0.02164875 0.00094520475 0.12603398)
(0.022679643 0.0009902145 0.12603398)
(0.023710536 0.0010352243 0.12603398)
(0.024741429 0.001080234 0.12603398)
(0.025772322 0.0011252437 0.12603398)
(0.026803215 0.0011702535 0.12603398)
(0.027834108 0.0012152632 0.12603398)
(0.028865001 0.001260273 0.12603398)
(0.029895893 0.0013052828 0.12603398)
(0.030926786 0.0013502925 0.12603398)
(0.031957679 0.0013953023 0.12603398)
(0.032988572 0.001440312 0.12603398)
(0.034019465 0.0014853217 0.12603398)
(0.035050358 0.0015303315 0.12603398)
(0.036081251 0.0015753412 0.12603398)
(0.037112143 0.001620351 0.12603398)
(0.038143036 0.0016653608 0.12603398)
(0.039173929 0.0017103705 0.12603398)
(0.040204822 0.0017553803 0.12603398)
(0.041235715 0.00180039 0.12603398)
(0 0 0.12615473)
(0.0010308929 -4.500975e-05 0.12615473)
(0.0020617858 -9.00195e-05 0.12615473)
(0.0030926786 -0.00013502925 0.12615473)
(0.0041235715 -0.000180039 0.12615473)
(0.0051544644 -0.00022504875 0.12615473)
(0.0061853572 -0.0002700585 0.12615473)
(0.0072162501 -0.00031506825 0.12615473)
(0.008247143 -0.000360078 0.12615473)
(0.0092780359 -0.00040508775 0.12615473)
(0.010308929 -0.0004500975 0.12615473)
(0.011339822 -0.00049510725 0.12615473)
(0.012370714 -0.000540117 0.12615473)
(0.013401607 -0.00058512675 0.12615473)
(0.0144325 -0.0006301365 0.12615473)
(0.015463393 -0.00067514625 0.12615473)
(0.016494286 -0.000720156 0.12615473)
(0.017525179 -0.00076516575 0.12615473)
(0.018556072 -0.0008101755 0.12615473)
(0.019586965 -0.00085518525 0.12615473)
(0.020617857 -0.000900195 0.12615473)
(0.02164875 -0.00094520475 0.12615473)
(0.022679643 -0.0009902145 0.12615473)
(0.023710536 -0.0010352243 0.12615473)
(0.024741429 -0.001080234 0.12615473)
(0.025772322 -0.0011252437 0.12615473)
(0.026803215 -0.0011702535 0.12615473)
(0.027834108 -0.0012152632 0.12615473)
(0.028865001 -0.001260273 0.12615473)
(0.029895893 -0.0013052828 0.12615473)
(0.030926786 -0.0013502925 0.12615473)
(0.031957679 -0.0013953023 0.12615473)
(0.032988572 -0.001440312 0.12615473)
(0.034019465 -0.0014853217 0.12615473)
(0.035050358 -0.0015303315 0.12615473)
(0.036081251 -0.0015753412 0.12615473)
(0.037112143 -0.001620351 0.12615473)
(0.038143036 -0.0016653608 0.12615473)
(0.039173929 -0.0017103705 0.12615473)
(0.040204822 -0.0017553803 0.12615473)
(0.041235715 -0.00180039 0.12615473)
(0.0010308929 4.500975e-05 0.12615473)
(0.0020617858 9.00195e-05 0.12615473)
(0.0030926786 0.00013502925 0.12615473)
(0.0041235715 0.000180039 0.12615473)
(0.0051544644 0.00022504875 0.12615473)
(0.0061853572 0.0002700585 0.12615473)
(0.0072162501 0.00031506825 0.12615473)
(0.008247143 0.000360078 0.12615473)
(0.0092780359 0.00040508775 0.12615473)
(0.010308929 0.0004500975 0.12615473)
(0.011339822 0.00049510725 0.12615473)
(0.012370714 0.000540117 0.12615473)
(0.013401607 0.00058512675 0.12615473)
(0.0144325 0.0006301365 0.12615473)
(0.015463393 0.00067514625 0.12615473)
(0.016494286 0.000720156 0.12615473)
(0.017525179 0.00076516575 0.12615473)
(0.018556072 0.0008101755 0.12615473)
(0.019586965 0.00085518525 0.12615473)
(0.020617857 0.000900195 0.12615473)
(0.02164875 0.00094520475 0.12615473)
(0.022679643 0.0009902145 0.12615473)
(0.023710536 0.0010352243 0.12615473)
(0.024741429 0.001080234 0.12615473)
(0.025772322 0.0011252437 0.12615473)
(0.026803215 0.0011702535 0.12615473)
(0.027834108 0.0012152632 0.12615473)
(0.028865001 0.001260273 0.12615473)
(0.029895893 0.0013052828 0.12615473)
(0.030926786 0.0013502925 0.12615473)
(0.031957679 0.0013953023 0.12615473)
(0.032988572 0.001440312 0.12615473)
(0.034019465 0.0014853217 0.12615473)
(0.035050358 0.0015303315 0.12615473)
(0.036081251 0.0015753412 0.12615473)
(0.037112143 0.001620351 0.12615473)
(0.038143036 0.0016653608 0.12615473)
(0.039173929 0.0017103705 0.12615473)
(0.040204822 0.0017553803 0.12615473)
(0.041235715 0.00180039 0.12615473)
(0 0 0.12627548)
(0.0010308929 -4.500975e-05 0.12627548)
(0.0020617858 -9.00195e-05 0.12627548)
(0.0030926786 -0.00013502925 0.12627548)
(0.0041235715 -0.000180039 0.12627548)
(0.0051544644 -0.00022504875 0.12627548)
(0.0061853572 -0.0002700585 0.12627548)
(0.0072162501 -0.00031506825 0.12627548)
(0.008247143 -0.000360078 0.12627548)
(0.0092780359 -0.00040508775 0.12627548)
(0.010308929 -0.0004500975 0.12627548)
(0.011339822 -0.00049510725 0.12627548)
(0.012370714 -0.000540117 0.12627548)
(0.013401607 -0.00058512675 0.12627548)
(0.0144325 -0.0006301365 0.12627548)
(0.015463393 -0.00067514625 0.12627548)
(0.016494286 -0.000720156 0.12627548)
(0.017525179 -0.00076516575 0.12627548)
(0.018556072 -0.0008101755 0.12627548)
(0.019586965 -0.00085518525 0.12627548)
(0.020617857 -0.000900195 0.12627548)
(0.02164875 -0.00094520475 0.12627548)
(0.022679643 -0.0009902145 0.12627548)
(0.023710536 -0.0010352243 0.12627548)
(0.024741429 -0.001080234 0.12627548)
(0.025772322 -0.0011252437 0.12627548)
(0.026803215 -0.0011702535 0.12627548)
(0.027834108 -0.0012152632 0.12627548)
(0.028865001 -0.001260273 0.12627548)
(0.029895893 -0.0013052828 0.12627548)
(0.030926786 -0.0013502925 0.12627548)
(0.031957679 -0.0013953023 0.12627548)
(0.032988572 -0.001440312 0.12627548)
(0.034019465 -0.0014853217 0.12627548)
(0.035050358 -0.0015303315 0.12627548)
(0.036081251 -0.0015753412 0.12627548)
(0.037112143 -0.001620351 0.12627548)
(0.038143036 -0.0016653608 0.12627548)
(0.039173929 -0.0017103705 0.12627548)
(0.040204822 -0.0017553803 0.12627548)
(0.041235715 -0.00180039 0.12627548)
(0.0010308929 4.500975e-05 0.12627548)
(0.0020617858 9.00195e-05 0.12627548)
(0.0030926786 0.00013502925 0.12627548)
(0.0041235715 0.000180039 0.12627548)
(0.0051544644 0.00022504875 0.12627548)
(0.0061853572 0.0002700585 0.12627548)
(0.0072162501 0.00031506825 0.12627548)
(0.008247143 0.000360078 0.12627548)
(0.0092780359 0.00040508775 0.12627548)
(0.010308929 0.0004500975 0.12627548)
(0.011339822 0.00049510725 0.12627548)
(0.012370714 0.000540117 0.12627548)
(0.013401607 0.00058512675 0.12627548)
(0.0144325 0.0006301365 0.12627548)
(0.015463393 0.00067514625 0.12627548)
(0.016494286 0.000720156 0.12627548)
(0.017525179 0.00076516575 0.12627548)
(0.018556072 0.0008101755 0.12627548)
(0.019586965 0.00085518525 0.12627548)
(0.020617857 0.000900195 0.12627548)
(0.02164875 0.00094520475 0.12627548)
(0.022679643 0.0009902145 0.12627548)
(0.023710536 0.0010352243 0.12627548)
(0.024741429 0.001080234 0.12627548)
(0.025772322 0.0011252437 0.12627548)
(0.026803215 0.0011702535 0.12627548)
(0.027834108 0.0012152632 0.12627548)
(0.028865001 0.001260273 0.12627548)
(0.029895893 0.0013052828 0.12627548)
(0.030926786 0.0013502925 0.12627548)
(0.031957679 0.0013953023 0.12627548)
(0.032988572 0.001440312 0.12627548)
(0.034019465 0.0014853217 0.12627548)
(0.035050358 0.0015303315 0.12627548)
(0.036081251 0.0015753412 0.12627548)
(0.037112143 0.001620351 0.12627548)
(0.038143036 0.0016653608 0.12627548)
(0.039173929 0.0017103705 0.12627548)
(0.040204822 0.0017553803 0.12627548)
(0.041235715 0.00180039 0.12627548)
(0 0 0.12639624)
(0.0010308929 -4.500975e-05 0.12639624)
(0.0020617858 -9.00195e-05 0.12639624)
(0.0030926786 -0.00013502925 0.12639624)
(0.0041235715 -0.000180039 0.12639624)
(0.0051544644 -0.00022504875 0.12639624)
(0.0061853572 -0.0002700585 0.12639624)
(0.0072162501 -0.00031506825 0.12639624)
(0.008247143 -0.000360078 0.12639624)
(0.0092780359 -0.00040508775 0.12639624)
(0.010308929 -0.0004500975 0.12639624)
(0.011339822 -0.00049510725 0.12639624)
(0.012370714 -0.000540117 0.12639624)
(0.013401607 -0.00058512675 0.12639624)
(0.0144325 -0.0006301365 0.12639624)
(0.015463393 -0.00067514625 0.12639624)
(0.016494286 -0.000720156 0.12639624)
(0.017525179 -0.00076516575 0.12639624)
(0.018556072 -0.0008101755 0.12639624)
(0.019586965 -0.00085518525 0.12639624)
(0.020617857 -0.000900195 0.12639624)
(0.02164875 -0.00094520475 0.12639624)
(0.022679643 -0.0009902145 0.12639624)
(0.023710536 -0.0010352243 0.12639624)
(0.024741429 -0.001080234 0.12639624)
(0.025772322 -0.0011252437 0.12639624)
(0.026803215 -0.0011702535 0.12639624)
(0.027834108 -0.0012152632 0.12639624)
(0.028865001 -0.001260273 0.12639624)
(0.029895893 -0.0013052828 0.12639624)
(0.030926786 -0.0013502925 0.12639624)
(0.031957679 -0.0013953023 0.12639624)
(0.032988572 -0.001440312 0.12639624)
(0.034019465 -0.0014853217 0.12639624)
(0.035050358 -0.0015303315 0.12639624)
(0.036081251 -0.0015753412 0.12639624)
(0.037112143 -0.001620351 0.12639624)
(0.038143036 -0.0016653608 0.12639624)
(0.039173929 -0.0017103705 0.12639624)
(0.040204822 -0.0017553803 0.12639624)
(0.041235715 -0.00180039 0.12639624)
(0.0010308929 4.500975e-05 0.12639624)
(0.0020617858 9.00195e-05 0.12639624)
(0.0030926786 0.00013502925 0.12639624)
(0.0041235715 0.000180039 0.12639624)
(0.0051544644 0.00022504875 0.12639624)
(0.0061853572 0.0002700585 0.12639624)
(0.0072162501 0.00031506825 0.12639624)
(0.008247143 0.000360078 0.12639624)
(0.0092780359 0.00040508775 0.12639624)
(0.010308929 0.0004500975 0.12639624)
(0.011339822 0.00049510725 0.12639624)
(0.012370714 0.000540117 0.12639624)
(0.013401607 0.00058512675 0.12639624)
(0.0144325 0.0006301365 0.12639624)
(0.015463393 0.00067514625 0.12639624)
(0.016494286 0.000720156 0.12639624)
(0.017525179 0.00076516575 0.12639624)
(0.018556072 0.0008101755 0.12639624)
(0.019586965 0.00085518525 0.12639624)
(0.020617857 0.000900195 0.12639624)
(0.02164875 0.00094520475 0.12639624)
(0.022679643 0.0009902145 0.12639624)
(0.023710536 0.0010352243 0.12639624)
(0.024741429 0.001080234 0.12639624)
(0.025772322 0.0011252437 0.12639624)
(0.026803215 0.0011702535 0.12639624)
(0.027834108 0.0012152632 0.12639624)
(0.028865001 0.001260273 0.12639624)
(0.029895893 0.0013052828 0.12639624)
(0.030926786 0.0013502925 0.12639624)
(0.031957679 0.0013953023 0.12639624)
(0.032988572 0.001440312 0.12639624)
(0.034019465 0.0014853217 0.12639624)
(0.035050358 0.0015303315 0.12639624)
(0.036081251 0.0015753412 0.12639624)
(0.037112143 0.001620351 0.12639624)
(0.038143036 0.0016653608 0.12639624)
(0.039173929 0.0017103705 0.12639624)
(0.040204822 0.0017553803 0.12639624)
(0.041235715 0.00180039 0.12639624)
(0 0 0.12651699)
(0.0010308929 -4.500975e-05 0.12651699)
(0.0020617858 -9.00195e-05 0.12651699)
(0.0030926786 -0.00013502925 0.12651699)
(0.0041235715 -0.000180039 0.12651699)
(0.0051544644 -0.00022504875 0.12651699)
(0.0061853572 -0.0002700585 0.12651699)
(0.0072162501 -0.00031506825 0.12651699)
(0.008247143 -0.000360078 0.12651699)
(0.0092780359 -0.00040508775 0.12651699)
(0.010308929 -0.0004500975 0.12651699)
(0.011339822 -0.00049510725 0.12651699)
(0.012370714 -0.000540117 0.12651699)
(0.013401607 -0.00058512675 0.12651699)
(0.0144325 -0.0006301365 0.12651699)
(0.015463393 -0.00067514625 0.12651699)
(0.016494286 -0.000720156 0.12651699)
(0.017525179 -0.00076516575 0.12651699)
(0.018556072 -0.0008101755 0.12651699)
(0.019586965 -0.00085518525 0.12651699)
(0.020617857 -0.000900195 0.12651699)
(0.02164875 -0.00094520475 0.12651699)
(0.022679643 -0.0009902145 0.12651699)
(0.023710536 -0.0010352243 0.12651699)
(0.024741429 -0.001080234 0.12651699)
(0.025772322 -0.0011252437 0.12651699)
(0.026803215 -0.0011702535 0.12651699)
(0.027834108 -0.0012152632 0.12651699)
(0.028865001 -0.001260273 0.12651699)
(0.029895893 -0.0013052828 0.12651699)
(0.030926786 -0.0013502925 0.12651699)
(0.031957679 -0.0013953023 0.12651699)
(0.032988572 -0.001440312 0.12651699)
(0.034019465 -0.0014853217 0.12651699)
(0.035050358 -0.0015303315 0.12651699)
(0.036081251 -0.0015753412 0.12651699)
(0.037112143 -0.001620351 0.12651699)
(0.038143036 -0.0016653608 0.12651699)
(0.039173929 -0.0017103705 0.12651699)
(0.040204822 -0.0017553803 0.12651699)
(0.041235715 -0.00180039 0.12651699)
(0.0010308929 4.500975e-05 0.12651699)
(0.0020617858 9.00195e-05 0.12651699)
(0.0030926786 0.00013502925 0.12651699)
(0.0041235715 0.000180039 0.12651699)
(0.0051544644 0.00022504875 0.12651699)
(0.0061853572 0.0002700585 0.12651699)
(0.0072162501 0.00031506825 0.12651699)
(0.008247143 0.000360078 0.12651699)
(0.0092780359 0.00040508775 0.12651699)
(0.010308929 0.0004500975 0.12651699)
(0.011339822 0.00049510725 0.12651699)
(0.012370714 0.000540117 0.12651699)
(0.013401607 0.00058512675 0.12651699)
(0.0144325 0.0006301365 0.12651699)
(0.015463393 0.00067514625 0.12651699)
(0.016494286 0.000720156 0.12651699)
(0.017525179 0.00076516575 0.12651699)
(0.018556072 0.0008101755 0.12651699)
(0.019586965 0.00085518525 0.12651699)
(0.020617857 0.000900195 0.12651699)
(0.02164875 0.00094520475 0.12651699)
(0.022679643 0.0009902145 0.12651699)
(0.023710536 0.0010352243 0.12651699)
(0.024741429 0.001080234 0.12651699)
(0.025772322 0.0011252437 0.12651699)
(0.026803215 0.0011702535 0.12651699)
(0.027834108 0.0012152632 0.12651699)
(0.028865001 0.001260273 0.12651699)
(0.029895893 0.0013052828 0.12651699)
(0.030926786 0.0013502925 0.12651699)
(0.031957679 0.0013953023 0.12651699)
(0.032988572 0.001440312 0.12651699)
(0.034019465 0.0014853217 0.12651699)
(0.035050358 0.0015303315 0.12651699)
(0.036081251 0.0015753412 0.12651699)
(0.037112143 0.001620351 0.12651699)
(0.038143036 0.0016653608 0.12651699)
(0.039173929 0.0017103705 0.12651699)
(0.040204822 0.0017553803 0.12651699)
(0.041235715 0.00180039 0.12651699)
(0 0 0.12663775)
(0.0010308929 -4.500975e-05 0.12663775)
(0.0020617858 -9.00195e-05 0.12663775)
(0.0030926786 -0.00013502925 0.12663775)
(0.0041235715 -0.000180039 0.12663775)
(0.0051544644 -0.00022504875 0.12663775)
(0.0061853572 -0.0002700585 0.12663775)
(0.0072162501 -0.00031506825 0.12663775)
(0.008247143 -0.000360078 0.12663775)
(0.0092780359 -0.00040508775 0.12663775)
(0.010308929 -0.0004500975 0.12663775)
(0.011339822 -0.00049510725 0.12663775)
(0.012370714 -0.000540117 0.12663775)
(0.013401607 -0.00058512675 0.12663775)
(0.0144325 -0.0006301365 0.12663775)
(0.015463393 -0.00067514625 0.12663775)
(0.016494286 -0.000720156 0.12663775)
(0.017525179 -0.00076516575 0.12663775)
(0.018556072 -0.0008101755 0.12663775)
(0.019586965 -0.00085518525 0.12663775)
(0.020617857 -0.000900195 0.12663775)
(0.02164875 -0.00094520475 0.12663775)
(0.022679643 -0.0009902145 0.12663775)
(0.023710536 -0.0010352243 0.12663775)
(0.024741429 -0.001080234 0.12663775)
(0.025772322 -0.0011252437 0.12663775)
(0.026803215 -0.0011702535 0.12663775)
(0.027834108 -0.0012152632 0.12663775)
(0.028865001 -0.001260273 0.12663775)
(0.029895893 -0.0013052828 0.12663775)
(0.030926786 -0.0013502925 0.12663775)
(0.031957679 -0.0013953023 0.12663775)
(0.032988572 -0.001440312 0.12663775)
(0.034019465 -0.0014853217 0.12663775)
(0.035050358 -0.0015303315 0.12663775)
(0.036081251 -0.0015753412 0.12663775)
(0.037112143 -0.001620351 0.12663775)
(0.038143036 -0.0016653608 0.12663775)
(0.039173929 -0.0017103705 0.12663775)
(0.040204822 -0.0017553803 0.12663775)
(0.041235715 -0.00180039 0.12663775)
(0.0010308929 4.500975e-05 0.12663775)
(0.0020617858 9.00195e-05 0.12663775)
(0.0030926786 0.00013502925 0.12663775)
(0.0041235715 0.000180039 0.12663775)
(0.0051544644 0.00022504875 0.12663775)
(0.0061853572 0.0002700585 0.12663775)
(0.0072162501 0.00031506825 0.12663775)
(0.008247143 0.000360078 0.12663775)
(0.0092780359 0.00040508775 0.12663775)
(0.010308929 0.0004500975 0.12663775)
(0.011339822 0.00049510725 0.12663775)
(0.012370714 0.000540117 0.12663775)
(0.013401607 0.00058512675 0.12663775)
(0.0144325 0.0006301365 0.12663775)
(0.015463393 0.00067514625 0.12663775)
(0.016494286 0.000720156 0.12663775)
(0.017525179 0.00076516575 0.12663775)
(0.018556072 0.0008101755 0.12663775)
(0.019586965 0.00085518525 0.12663775)
(0.020617857 0.000900195 0.12663775)
(0.02164875 0.00094520475 0.12663775)
(0.022679643 0.0009902145 0.12663775)
(0.023710536 0.0010352243 0.12663775)
(0.024741429 0.001080234 0.12663775)
(0.025772322 0.0011252437 0.12663775)
(0.026803215 0.0011702535 0.12663775)
(0.027834108 0.0012152632 0.12663775)
(0.028865001 0.001260273 0.12663775)
(0.029895893 0.0013052828 0.12663775)
(0.030926786 0.0013502925 0.12663775)
(0.031957679 0.0013953023 0.12663775)
(0.032988572 0.001440312 0.12663775)
(0.034019465 0.0014853217 0.12663775)
(0.035050358 0.0015303315 0.12663775)
(0.036081251 0.0015753412 0.12663775)
(0.037112143 0.001620351 0.12663775)
(0.038143036 0.0016653608 0.12663775)
(0.039173929 0.0017103705 0.12663775)
(0.040204822 0.0017553803 0.12663775)
(0.041235715 0.00180039 0.12663775)
(0 0 0.1267585)
(0.0010308929 -4.500975e-05 0.1267585)
(0.0020617858 -9.00195e-05 0.1267585)
(0.0030926786 -0.00013502925 0.1267585)
(0.0041235715 -0.000180039 0.1267585)
(0.0051544644 -0.00022504875 0.1267585)
(0.0061853572 -0.0002700585 0.1267585)
(0.0072162501 -0.00031506825 0.1267585)
(0.008247143 -0.000360078 0.1267585)
(0.0092780359 -0.00040508775 0.1267585)
(0.010308929 -0.0004500975 0.1267585)
(0.011339822 -0.00049510725 0.1267585)
(0.012370714 -0.000540117 0.1267585)
(0.013401607 -0.00058512675 0.1267585)
(0.0144325 -0.0006301365 0.1267585)
(0.015463393 -0.00067514625 0.1267585)
(0.016494286 -0.000720156 0.1267585)
(0.017525179 -0.00076516575 0.1267585)
(0.018556072 -0.0008101755 0.1267585)
(0.019586965 -0.00085518525 0.1267585)
(0.020617857 -0.000900195 0.1267585)
(0.02164875 -0.00094520475 0.1267585)
(0.022679643 -0.0009902145 0.1267585)
(0.023710536 -0.0010352243 0.1267585)
(0.024741429 -0.001080234 0.1267585)
(0.025772322 -0.0011252437 0.1267585)
(0.026803215 -0.0011702535 0.1267585)
(0.027834108 -0.0012152632 0.1267585)
(0.028865001 -0.001260273 0.1267585)
(0.029895893 -0.0013052828 0.1267585)
(0.030926786 -0.0013502925 0.1267585)
(0.031957679 -0.0013953023 0.1267585)
(0.032988572 -0.001440312 0.1267585)
(0.034019465 -0.0014853217 0.1267585)
(0.035050358 -0.0015303315 0.1267585)
(0.036081251 -0.0015753412 0.1267585)
(0.037112143 -0.001620351 0.1267585)
(0.038143036 -0.0016653608 0.1267585)
(0.039173929 -0.0017103705 0.1267585)
(0.040204822 -0.0017553803 0.1267585)
(0.041235715 -0.00180039 0.1267585)
(0.0010308929 4.500975e-05 0.1267585)
(0.0020617858 9.00195e-05 0.1267585)
(0.0030926786 0.00013502925 0.1267585)
(0.0041235715 0.000180039 0.1267585)
(0.0051544644 0.00022504875 0.1267585)
(0.0061853572 0.0002700585 0.1267585)
(0.0072162501 0.00031506825 0.1267585)
(0.008247143 0.000360078 0.1267585)
(0.0092780359 0.00040508775 0.1267585)
(0.010308929 0.0004500975 0.1267585)
(0.011339822 0.00049510725 0.1267585)
(0.012370714 0.000540117 0.1267585)
(0.013401607 0.00058512675 0.1267585)
(0.0144325 0.0006301365 0.1267585)
(0.015463393 0.00067514625 0.1267585)
(0.016494286 0.000720156 0.1267585)
(0.017525179 0.00076516575 0.1267585)
(0.018556072 0.0008101755 0.1267585)
(0.019586965 0.00085518525 0.1267585)
(0.020617857 0.000900195 0.1267585)
(0.02164875 0.00094520475 0.1267585)
(0.022679643 0.0009902145 0.1267585)
(0.023710536 0.0010352243 0.1267585)
(0.024741429 0.001080234 0.1267585)
(0.025772322 0.0011252437 0.1267585)
(0.026803215 0.0011702535 0.1267585)
(0.027834108 0.0012152632 0.1267585)
(0.028865001 0.001260273 0.1267585)
(0.029895893 0.0013052828 0.1267585)
(0.030926786 0.0013502925 0.1267585)
(0.031957679 0.0013953023 0.1267585)
(0.032988572 0.001440312 0.1267585)
(0.034019465 0.0014853217 0.1267585)
(0.035050358 0.0015303315 0.1267585)
(0.036081251 0.0015753412 0.1267585)
(0.037112143 0.001620351 0.1267585)
(0.038143036 0.0016653608 0.1267585)
(0.039173929 0.0017103705 0.1267585)
(0.040204822 0.0017553803 0.1267585)
(0.041235715 0.00180039 0.1267585)
(0 0 0.12687925)
(0.0010308929 -4.500975e-05 0.12687925)
(0.0020617858 -9.00195e-05 0.12687925)
(0.0030926786 -0.00013502925 0.12687925)
(0.0041235715 -0.000180039 0.12687925)
(0.0051544644 -0.00022504875 0.12687925)
(0.0061853572 -0.0002700585 0.12687925)
(0.0072162501 -0.00031506825 0.12687925)
(0.008247143 -0.000360078 0.12687925)
(0.0092780359 -0.00040508775 0.12687925)
(0.010308929 -0.0004500975 0.12687925)
(0.011339822 -0.00049510725 0.12687925)
(0.012370714 -0.000540117 0.12687925)
(0.013401607 -0.00058512675 0.12687925)
(0.0144325 -0.0006301365 0.12687925)
(0.015463393 -0.00067514625 0.12687925)
(0.016494286 -0.000720156 0.12687925)
(0.017525179 -0.00076516575 0.12687925)
(0.018556072 -0.0008101755 0.12687925)
(0.019586965 -0.00085518525 0.12687925)
(0.020617857 -0.000900195 0.12687925)
(0.02164875 -0.00094520475 0.12687925)
(0.022679643 -0.0009902145 0.12687925)
(0.023710536 -0.0010352243 0.12687925)
(0.024741429 -0.001080234 0.12687925)
(0.025772322 -0.0011252437 0.12687925)
(0.026803215 -0.0011702535 0.12687925)
(0.027834108 -0.0012152632 0.12687925)
(0.028865001 -0.001260273 0.12687925)
(0.029895893 -0.0013052828 0.12687925)
(0.030926786 -0.0013502925 0.12687925)
(0.031957679 -0.0013953023 0.12687925)
(0.032988572 -0.001440312 0.12687925)
(0.034019465 -0.0014853217 0.12687925)
(0.035050358 -0.0015303315 0.12687925)
(0.036081251 -0.0015753412 0.12687925)
(0.037112143 -0.001620351 0.12687925)
(0.038143036 -0.0016653608 0.12687925)
(0.039173929 -0.0017103705 0.12687925)
(0.040204822 -0.0017553803 0.12687925)
(0.041235715 -0.00180039 0.12687925)
(0.0010308929 4.500975e-05 0.12687925)
(0.0020617858 9.00195e-05 0.12687925)
(0.0030926786 0.00013502925 0.12687925)
(0.0041235715 0.000180039 0.12687925)
(0.0051544644 0.00022504875 0.12687925)
(0.0061853572 0.0002700585 0.12687925)
(0.0072162501 0.00031506825 0.12687925)
(0.008247143 0.000360078 0.12687925)
(0.0092780359 0.00040508775 0.12687925)
(0.010308929 0.0004500975 0.12687925)
(0.011339822 0.00049510725 0.12687925)
(0.012370714 0.000540117 0.12687925)
(0.013401607 0.00058512675 0.12687925)
(0.0144325 0.0006301365 0.12687925)
(0.015463393 0.00067514625 0.12687925)
(0.016494286 0.000720156 0.12687925)
(0.017525179 0.00076516575 0.12687925)
(0.018556072 0.0008101755 0.12687925)
(0.019586965 0.00085518525 0.12687925)
(0.020617857 0.000900195 0.12687925)
(0.02164875 0.00094520475 0.12687925)
(0.022679643 0.0009902145 0.12687925)
(0.023710536 0.0010352243 0.12687925)
(0.024741429 0.001080234 0.12687925)
(0.025772322 0.0011252437 0.12687925)
(0.026803215 0.0011702535 0.12687925)
(0.027834108 0.0012152632 0.12687925)
(0.028865001 0.001260273 0.12687925)
(0.029895893 0.0013052828 0.12687925)
(0.030926786 0.0013502925 0.12687925)
(0.031957679 0.0013953023 0.12687925)
(0.032988572 0.001440312 0.12687925)
(0.034019465 0.0014853217 0.12687925)
(0.035050358 0.0015303315 0.12687925)
(0.036081251 0.0015753412 0.12687925)
(0.037112143 0.001620351 0.12687925)
(0.038143036 0.0016653608 0.12687925)
(0.039173929 0.0017103705 0.12687925)
(0.040204822 0.0017553803 0.12687925)
(0.041235715 0.00180039 0.12687925)
(0 0 0.127)
(0.0010308929 -4.500975e-05 0.127)
(0.0020617858 -9.00195e-05 0.127)
(0.0030926786 -0.00013502925 0.127)
(0.0041235715 -0.000180039 0.127)
(0.0051544644 -0.00022504875 0.127)
(0.0061853572 -0.0002700585 0.127)
(0.0072162501 -0.00031506825 0.127)
(0.008247143 -0.000360078 0.127)
(0.0092780359 -0.00040508775 0.127)
(0.010308929 -0.0004500975 0.127)
(0.011339822 -0.00049510725 0.127)
(0.012370714 -0.000540117 0.127)
(0.013401607 -0.00058512675 0.127)
(0.0144325 -0.0006301365 0.127)
(0.015463393 -0.00067514625 0.127)
(0.016494286 -0.000720156 0.127)
(0.017525179 -0.00076516575 0.127)
(0.018556072 -0.0008101755 0.127)
(0.019586965 -0.00085518525 0.127)
(0.020617857 -0.000900195 0.127)
(0.02164875 -0.00094520475 0.127)
(0.022679643 -0.0009902145 0.127)
(0.023710536 -0.0010352243 0.127)
(0.024741429 -0.001080234 0.127)
(0.025772322 -0.0011252437 0.127)
(0.026803215 -0.0011702535 0.127)
(0.027834108 -0.0012152632 0.127)
(0.028865001 -0.001260273 0.127)
(0.029895893 -0.0013052828 0.127)
(0.030926786 -0.0013502925 0.127)
(0.031957679 -0.0013953023 0.127)
(0.032988572 -0.001440312 0.127)
(0.034019465 -0.0014853217 0.127)
(0.035050358 -0.0015303315 0.127)
(0.036081251 -0.0015753412 0.127)
(0.037112143 -0.001620351 0.127)
(0.038143036 -0.0016653608 0.127)
(0.039173929 -0.0017103705 0.127)
(0.040204822 -0.0017553803 0.127)
(0.041235715 -0.00180039 0.127)
(0.0010308929 4.500975e-05 0.127)
(0.0020617858 9.00195e-05 0.127)
(0.0030926786 0.00013502925 0.127)
(0.0041235715 0.000180039 0.127)
(0.0051544644 0.00022504875 0.127)
(0.0061853572 0.0002700585 0.127)
(0.0072162501 0.00031506825 0.127)
(0.008247143 0.000360078 0.127)
(0.0092780359 0.00040508775 0.127)
(0.010308929 0.0004500975 0.127)
(0.011339822 0.00049510725 0.127)
(0.012370714 0.000540117 0.127)
(0.013401607 0.00058512675 0.127)
(0.0144325 0.0006301365 0.127)
(0.015463393 0.00067514625 0.127)
(0.016494286 0.000720156 0.127)
(0.017525179 0.00076516575 0.127)
(0.018556072 0.0008101755 0.127)
(0.019586965 0.00085518525 0.127)
(0.020617857 0.000900195 0.127)
(0.02164875 0.00094520475 0.127)
(0.022679643 0.0009902145 0.127)
(0.023710536 0.0010352243 0.127)
(0.024741429 0.001080234 0.127)
(0.025772322 0.0011252437 0.127)
(0.026803215 0.0011702535 0.127)
(0.027834108 0.0012152632 0.127)
(0.028865001 0.001260273 0.127)
(0.029895893 0.0013052828 0.127)
(0.030926786 0.0013502925 0.127)
(0.031957679 0.0013953023 0.127)
(0.032988572 0.001440312 0.127)
(0.034019465 0.0014853217 0.127)
(0.035050358 0.0015303315 0.127)
(0.036081251 0.0015753412 0.127)
(0.037112143 0.001620351 0.127)
(0.038143036 0.0016653608 0.127)
(0.039173929 0.0017103705 0.127)
(0.040204822 0.0017553803 0.127)
(0.041235715 0.00180039 0.127)
)


// ************************************************************************* //
