/*--------------------------------*- C++ -*----------------------------------*\
  =========                 |
  \\      /  F ield         | OpenFOAM: The Open Source CFD Toolbox
   \\    /   O peration     | Website:  https://openfoam.org
    \\  /    A nd           | Version:  13
     \\/     M anipulation  |
\*---------------------------------------------------------------------------*/
FoamFile
{
    format      ascii;
    class       surfaceScalarField;
    location    "0";
    object      meshPhi;
}
// * * * * * * * * * * * * * * * * * * * * * * * * * * * * * * * * * * * * * //

dimensions      [0 3 -1 0 0 0 0];

internalField   nonuniform List<scalar> 
9440
(
2.0813037e-28
1.7663038e-10
8.3252148e-28
5.2989115e-10
-1.4873512e-22
8.8315184e-10
0
1.2364127e-09
0
1.5896735e-09
-5.9494047e-22
1.942934e-09
-6.9409139e-22
2.296195e-09
0
2.6494558e-09
1.7848364e-21
3.0027165e-09
1.665043e-26
3.355978e-09
0
3.7092384e-09
-2.3797619e-21
4.0624953e-09
2.5780754e-21
4.41576e-09
-5.5527777e-21
4.7690208e-09
0
5.1222816e-09
0
5.4755424e-09
5.6611461e-26
5.8288032e-09
0
6.1820641e-09
0
6.5353249e-09
6.6601719e-26
6.888579e-09
-8.3292365e-21
7.2418465e-09
8.7258668e-21
7.5951073e-09
0
7.9483683e-09
-9.5190475e-21
8.3016291e-09
-9.9156741e-21
8.6548895e-09
-2.062469e-20
9.0081503e-09
0
9.3614111e-09
9.3242406e-26
9.7146719e-09
1.1502376e-20
1.0067923e-08
0
1.0421194e-08
0
1.0774455e-08
0
1.1127715e-08
2.1978566e-25
1.1480976e-08
2.2644584e-25
1.1834237e-08
2.7764121e-20
1.2187498e-08
-2.8557382e-20
1.2540746e-08
-2.4642637e-25
1.289402e-08
3.0143651e-20
1.324728e-08
-3.0937165e-20
1.3600541e-08
1.3953802e-08
2.4791556e-23
1.7514603e-10
9.9166224e-23
5.2543809e-10
-1.2488911e-27
8.7573006e-10
0
1.2260222e-09
4.9583112e-22
1.5763143e-09
-4.9955645e-27
1.9266061e-09
6.9416357e-22
2.2768984e-09
0
2.6271904e-09
-1.784977e-21
2.9774825e-09
0
3.3277752e-09
0
3.678067e-09
0
4.0283552e-09
-2.5783218e-21
4.3786512e-09
-5.5532619e-21
4.7289432e-09
5.9499485e-21
5.0792353e-09
0
5.4295274e-09
6.7433032e-21
5.7798195e-09
0
6.1301116e-09
7.5365698e-21
6.4804037e-09
6.6607526e-26
6.8306892e-09
-1.6659856e-20
7.1809879e-09
0
7.53128e-09
-9.1232165e-21
7.8815723e-09
0
8.2318644e-09
0
8.5821561e-09
-1.0313287e-20
8.9324482e-09
8.9920157e-26
9.2827402e-09
9.3250537e-26
9.6330323e-09
1.1503379e-20
9.9833151e-09
2.3799794e-20
1.0333617e-08
-4.9186036e-20
1.0683909e-08
0
1.1034201e-08
0
1.1384493e-08
2.6973213e-20
1.1734785e-08
2.3312633e-25
1.2085077e-08
0
1.2435357e-08
2.9352957e-20
1.2785662e-08
0
1.3135954e-08
3.0939863e-20
1.3486246e-08
1.3836538e-08
-2.4789186e-23
1.736618e-10
-9.9156745e-23
5.2098541e-10
0
8.6830893e-10
0
1.2156326e-09
-4.9578373e-22
1.5629562e-09
0
1.9102797e-09
5.8276504e-27
2.2576034e-09
0
2.604927e-09
1.4985387e-26
2.9522507e-09
1.9831516e-21
3.2995749e-09
2.1814667e-21
3.6468982e-09
0
3.994218e-09
2.5780754e-21
4.3415455e-09
-2.7763889e-21
4.6888691e-09
-2.9747024e-21
5.0361928e-09
0
5.3835164e-09
-6.7426587e-21
5.7308401e-09
-7.1392857e-21
6.0781637e-09
0
6.4254873e-09
6.6601719e-26
6.7728044e-09
0
7.1201346e-09
-8.7257936e-21
7.4674583e-09
-9.122421e-21
7.8147821e-09
0
8.1621057e-09
0
8.509429e-09
0
8.8567526e-09
-1.0709018e-20
9.2040763e-09
0
9.5513999e-09
9.6572496e-26
9.8987143e-09
-1.1898809e-20
1.0246048e-08
0
1.0593371e-08
0
1.0940695e-08
0
1.1288018e-08
-2.6970635e-20
1.1635342e-08
2.3310601e-25
1.1982665e-08
2.8557382e-20
1.2329977e-08
0
1.2677313e-08
0
1.3024637e-08
3.0937165e-20
1.337196e-08
1.3719284e-08
0
1.7217745e-10
0
5.1653234e-10
0
8.6088716e-10
0
1.2052421e-09
0
1.549597e-09
0
1.8939517e-09
6.941694e-22
2.2383068e-09
0
2.5826617e-09
0
2.9270166e-09
1.6651882e-26
3.2713721e-09
2.1816569e-21
3.6157268e-09
-4.7599588e-21
3.9600778e-09
-2.1647446e-26
4.3044366e-09
2.3312634e-26
4.6487915e-09
0
4.9931465e-09
0
5.3375014e-09
6.7433032e-21
5.6818563e-09
-7.1399082e-21
6.0262113e-09
0
6.3705662e-09
1.5866596e-20
6.7149146e-09
0
7.0592761e-09
8.7266277e-21
7.403631e-09
0
7.7479861e-09
0
8.092341e-09
0
8.4366956e-09
0
8.7810505e-09
0
9.1254054e-09
1.1106617e-20
9.4697604e-09
1.1503379e-20
9.8141062e-09
0
1.0158471e-08
0
1.0502826e-08
0
1.084718e-08
0
1.1191535e-08
2.6973213e-20
1.153589e-08
-2.7766309e-20
1.1880245e-08
-5.7119505e-20
1.2224588e-08
2.9352957e-20
1.2568955e-08
0
1.291331e-08
0
1.3257665e-08
1.360202e-08
2.0813037e-28
1.7069322e-10
8.3252148e-28
5.1207967e-10
0
8.5346603e-10
0
1.1948526e-09
0
1.536239e-09
0
1.8776253e-09
-6.9409722e-22
2.2190119e-09
0
2.5603983e-09
1.4985387e-26
2.9017848e-09
1.665043e-26
3.2431718e-09
-2.1814484e-21
3.584558e-09
0
3.9259407e-09
2.5780754e-21
4.267331e-09
2.3310601e-26
4.6087174e-09
-2.9747024e-21
4.9501039e-09
0
5.2914904e-09
5.6611461e-26
5.6328769e-09
7.1393456e-21
5.9742634e-09
0
6.3156498e-09
0
6.6570298e-09
0
6.9984228e-09
8.7258668e-21
7.3398093e-09
-9.122421e-21
7.6811959e-09
0
8.0225824e-09
0
8.3639685e-09
-1.0312388e-20
8.705355e-09
-2.1417946e-20
9.0467415e-09
2.2211297e-20
9.3881279e-09
2.3004559e-20
9.7295054e-09
-1.1898809e-20
1.0070901e-08
0
1.0412288e-08
0
1.0753674e-08
2.1978566e-25
1.109506e-08
2.2644584e-25
1.1436447e-08
0
1.1777833e-08
0
1.2119208e-08
0
1.2460607e-08
0
1.2801993e-08
3.0937165e-20
1.314338e-08
1.3484766e-08
2.0814852e-28
1.6920887e-10
8.3259408e-28
5.076266e-10
0
8.4604425e-10
0
1.1844621e-09
0
1.5228798e-09
0
1.8612974e-09
6.9416357e-22
2.1997153e-09
0
2.538133e-09
1.784992e-21
2.8765507e-09
1.9833245e-21
3.2149691e-09
-2.1816386e-21
3.5533865e-09
-2.3799894e-21
3.8918005e-09
0
4.2302221e-09
5.5533086e-21
4.5686398e-09
0
4.9070576e-09
0
5.2454754e-09
6.7433032e-21
5.5838931e-09
0
5.9223109e-09
7.5365698e-21
6.2607287e-09
6.6607526e-26
6.59914e-09
-8.3299628e-21
6.9375642e-09
7.3268279e-26
7.275982e-09
9.1233697e-21
7.6143999e-09
-9.5199575e-21
7.9528177e-09
8.3259404e-26
8.2912351e-09
0
8.6296529e-09
0
8.9680706e-09
9.3250537e-26
9.3064884e-09
1.9316183e-25
9.6448972e-09
0
9.9833243e-09
-2.4593018e-20
1.0321742e-08
0
1.066016e-08
2.6179882e-20
1.0998577e-08
2.6973213e-20
1.1336995e-08
0
1.1675413e-08
2.3978709e-25
1.2013819e-08
0
1.2352249e-08
0
1.2690666e-08
0
1.3029084e-08
1.3367502e-08
2.0813037e-28
1.6772464e-10
8.3252148e-28
5.0317392e-10
-1.4873637e-22
8.3862312e-10
0
1.1740725e-09
-4.9578789e-22
1.5095218e-09
-5.9494547e-22
1.8449709e-09
6.9410887e-22
2.1804203e-09
0
2.5158696e-09
0
2.8513189e-09
1.9831516e-21
3.1867688e-09
-2.1814484e-21
3.5222178e-09
2.3797619e-21
3.8576634e-09
-2.578097e-21
4.1931164e-09
2.7764122e-21
4.5285657e-09
2.9747273e-21
4.8640151e-09
0
5.1994644e-09
5.6611461e-26
5.5349137e-09
0
5.870363e-09
-7.5359759e-21
6.2058123e-09
-7.932473e-21
6.5412553e-09
0
6.8767109e-09
7.326189e-26
7.2121603e-09
9.1224976e-21
7.5476098e-09
-9.5190475e-21
7.8830591e-09
0
8.218508e-09
1.0312301e-20
8.5539573e-09
0
8.8894066e-09
0
9.224856e-09
1.1502376e-20
9.5602964e-09
1.1898909e-20
9.895755e-09
0
1.0231204e-08
0
1.0566654e-08
-2.617738e-20
1.0902103e-08
2.2644584e-25
1.1237552e-08
2.7764121e-20
1.1573001e-08
0
1.1908439e-08
0
1.22439e-08
3.0143651e-20
1.2579349e-08
3.0937165e-20
1.2914799e-08
1.3250248e-08
2.4791556e-23
1.6624029e-10
9.9166224e-23
4.9872086e-10
-1.4874934e-22
8.3120135e-10
3.966649e-22
1.163682e-09
-4.9583112e-22
1.4961626e-09
-5.9499734e-22
1.828643e-09
6.941694e-22
2.1611237e-09
1.5866596e-21
2.4936043e-09
1.4986693e-26
2.8260849e-09
-1.9833078e-21
3.158566e-09
-2.1816386e-21
3.4910463e-09
-4.7599588e-21
3.8235232e-09
-2.1647446e-26
4.1560075e-09
2.3312634e-26
4.4884881e-09
2.9749867e-21
4.8209688e-09
6.3466383e-21
5.1534494e-09
6.7433032e-21
5.48593e-09
-7.1399681e-21
5.8184106e-09
0
6.1508912e-09
6.6607526e-26
6.4833655e-09
0
6.8158524e-09
7.3268279e-26
7.148333e-09
9.1233697e-21
7.4808138e-09
0
7.8132944e-09
-9.916622e-21
8.1457746e-09
-1.0313287e-20
8.4782552e-09
-1.0709862e-20
8.8107358e-09
0
9.1432164e-09
-1.1503089e-20
9.4756882e-09
1.1899947e-20
9.808178e-09
0
1.0140659e-08
2.5386553e-20
1.0473139e-08
2.6179882e-20
1.0805619e-08
2.6973213e-20
1.11381e-08
2.7766542e-20
1.1470581e-08
0
1.180305e-08
2.9353203e-20
1.2135542e-08
0
1.2468023e-08
-3.0939603e-20
1.2800503e-08
1.3132984e-08
2.4789394e-23
1.6475606e-10
9.9157578e-23
4.9426818e-10
-1.4873762e-22
8.2378022e-10
7.9325729e-22
1.1532924e-09
4.9578789e-22
1.4828045e-09
-5.9495046e-22
1.8123165e-09
1.1655301e-26
2.1418288e-09
3.1730292e-21
2.4713409e-09
0
2.800853e-09
1.665043e-26
3.1303657e-09
-2.1814484e-21
3.4598776e-09
0
3.7893861e-09
0
4.1189019e-09
2.7764122e-21
4.448414e-09
2.9747273e-21
4.7779262e-09
1.2692117e-20
5.1074383e-09
6.7427153e-21
5.4369505e-09
0
5.7664627e-09
0
6.0959748e-09
0
6.4254807e-09
-8.3292365e-21
6.7549991e-09
7.326189e-26
7.0845113e-09
0
7.4140236e-09
0
7.7435357e-09
-9.9156741e-21
8.0730475e-09
-1.0312388e-20
8.4025597e-09
0
8.7320718e-09
2.2211204e-20
9.061584e-09
-1.1502086e-20
9.3910874e-09
1.1898909e-20
9.7206087e-09
0
1.0050121e-08
5.0768467e-20
1.0379633e-08
2.61776e-20
1.0709145e-08
2.6970861e-20
1.1038657e-08
2.3310601e-25
1.1368169e-08
-2.8557143e-20
1.169767e-08
5.8701288e-20
1.2027194e-08
3.0143904e-20
1.2356706e-08
0
1.2686218e-08
1.301573e-08
2.4791556e-23
1.632717e-10
9.9166224e-23
4.8981511e-10
-1.2488911e-27
8.1635844e-10
0
1.1429019e-09
4.9583112e-22
1.4694453e-09
-4.9955645e-27
1.7959886e-09
6.9416357e-22
2.1225322e-09
0
2.4490756e-09
-1.784977e-21
2.775619e-09
-1.9833078e-21
3.102163e-09
0
3.4287061e-09
0
3.7552459e-09
-2.5783218e-21
4.081793e-09
-5.5532619e-21
4.4083364e-09
2.4977822e-26
4.7348799e-09
0
5.0614233e-09
6.7433032e-21
5.3879668e-09
0
5.7145102e-09
7.5365698e-21
6.0410537e-09
6.6607526e-26
6.3675909e-09
-8.3299628e-21
6.6941405e-09
0
7.020684e-09
-9.1232165e-21
7.3472276e-09
0
7.673771e-09
0
8.0003141e-09
-1.0313287e-20
8.3268576e-09
8.9920157e-26
8.653401e-09
9.3250537e-26
8.9799444e-09
1.1503379e-20
9.3064792e-09
9.9911289e-26
9.6330317e-09
-2.4593018e-20
9.9595751e-09
0
1.0286119e-08
0
1.0612662e-08
2.6973213e-20
1.0939205e-08
2.3312633e-25
1.1265749e-08
0
1.1592281e-08
0
1.1918836e-08
0
1.2245379e-08
3.0939863e-20
1.2571923e-08
1.2898466e-08
2.4789394e-23
1.6178748e-10
9.9157578e-23
4.8536244e-10
1.4873512e-22
8.0893731e-10
3.9663031e-22
1.1325124e-09
9.9157161e-22
1.4560873e-09
5.9494047e-22
1.7796621e-09
1.3882061e-21
2.1032372e-09
1.5865212e-21
2.4268122e-09
-3.5696428e-21
2.7503871e-09
1.9831516e-21
3.0739627e-09
0
3.3975374e-09
2.3797819e-21
3.7211088e-09
0
4.0446874e-09
2.3310601e-26
4.3682623e-09
0
4.6918373e-09
6.346085e-21
5.0154123e-09
6.7427153e-21
5.3389873e-09
-7.1392857e-21
5.6625623e-09
0
5.9861373e-09
0
6.3097062e-09
8.3291666e-21
6.6332873e-09
0
6.9568623e-09
7.6591979e-26
7.2804374e-09
9.5191275e-21
7.6040124e-09
0
7.927587e-09
0
8.251162e-09
1.0709018e-20
8.574737e-09
-1.1105555e-20
8.898312e-09
-1.150199e-20
9.2218784e-09
0
9.5454623e-09
0
9.8690373e-09
2.538434e-20
1.0192612e-08
2.1978566e-25
1.0516187e-08
2.6970861e-20
1.0839762e-08
2.33106e-25
1.1163337e-08
-2.8557143e-20
1.1486901e-08
0
1.1810487e-08
0
1.2134062e-08
0
1.2457637e-08
1.2781212e-08
2.0814852e-28
1.6030312e-10
8.3259408e-28
4.8090937e-10
0
8.0151554e-10
0
1.1221219e-09
0
1.4427281e-09
0
1.7633342e-09
6.9416357e-22
2.0839406e-09
0
2.4045469e-09
1.784992e-21
2.7251531e-09
1.9833245e-21
3.0457599e-09
-2.1816386e-21
3.3663659e-09
-2.3799894e-21
3.6869686e-09
0
4.0075785e-09
5.5533086e-21
4.3281847e-09
0
4.648791e-09
0
4.9693973e-09
6.7433032e-21
5.2900036e-09
0
5.6106099e-09
7.5365698e-21
5.9312161e-09
6.6607526e-26
6.2518164e-09
-8.3299628e-21
6.5724287e-09
7.3268279e-26
6.893035e-09
9.1233697e-21
7.2136414e-09
-9.5199575e-21
7.5342477e-09
8.3259404e-26
7.8548536e-09
0
8.1754599e-09
0
8.4960662e-09
9.3250537e-26
8.8166725e-09
1.9316183e-25
9.1372702e-09
0
9.4578854e-09
-2.4593018e-20
9.7784916e-09
0
1.0099098e-08
2.6179882e-20
1.0419704e-08
2.6973213e-20
1.074031e-08
0
1.1060916e-08
2.3978709e-25
1.1381512e-08
0
1.1702129e-08
0
1.2022736e-08
0
1.2343342e-08
1.2663948e-08
2.0813037e-28
1.588189e-10
8.3252148e-28
4.7645669e-10
0
7.9409441e-10
0
1.1117323e-09
0
1.4293701e-09
0
1.7470077e-09
-6.9409139e-22
2.0646457e-09
0
2.3822835e-09
1.4985387e-26
2.6999213e-09
1.665043e-26
3.0175596e-09
0
3.3351972e-09
-2.3797619e-21
3.6528315e-09
2.5780754e-21
3.9704728e-09
-5.5527777e-21
4.2881106e-09
0
4.6057485e-09
0
4.9233863e-09
5.6611461e-26
5.2410241e-09
0
5.558662e-09
-7.5359126e-21
5.8762998e-09
6.6601719e-26
6.1939316e-09
-8.3292365e-21
6.5115754e-09
8.7258668e-21
6.8292133e-09
0
7.1468513e-09
-9.5190475e-21
7.4644891e-09
-9.9156741e-21
7.7821266e-09
-8.6582234e-26
8.0997644e-09
0
8.4174022e-09
9.3242406e-26
8.73504e-09
1.1502376e-20
9.0526694e-09
0
9.370316e-09
0
9.6879539e-09
0
1.0005592e-08
2.1978566e-25
1.0323229e-08
2.2644584e-25
1.0640867e-08
2.7764121e-20
1.0958505e-08
-5.7114525e-20
1.1276132e-08
-2.4642637e-25
1.1593781e-08
-3.0143651e-20
1.1911419e-08
-3.0937165e-20
1.2229056e-08
1.2546694e-08
2.4791556e-23
1.5733454e-10
9.9166224e-23
4.7200363e-10
1.4874809e-22
7.8667263e-10
0
1.1013418e-09
-4.9582696e-22
1.4160109e-09
5.9499235e-22
1.7306798e-09
-6.9415774e-22
2.045349e-09
0
2.3600181e-09
0
2.6746872e-09
1.6651882e-26
2.9893569e-09
-2.1816386e-21
3.3040257e-09
2.3799694e-21
3.6186913e-09
0
3.9333639e-09
2.3312634e-26
4.2480331e-09
2.4977822e-26
4.5627022e-09
0
4.8773713e-09
5.6616397e-26
5.1920404e-09
-7.1399082e-21
5.5067095e-09
7.5365698e-21
5.8213786e-09
-1.5866463e-20
6.1360418e-09
0
6.4507169e-09
7.3268279e-26
6.765386e-09
0
7.0800553e-09
-9.5199575e-21
7.3947244e-09
8.3259404e-26
7.7093931e-09
0
8.0240623e-09
-1.0709862e-20
8.3387314e-09
9.3250537e-26
8.6534005e-09
1.1503379e-20
8.9680612e-09
9.9911289e-26
9.2827391e-09
0
9.5974082e-09
0
9.9120773e-09
0
1.0226746e-08
2.2646559e-25
1.0541415e-08
2.3312633e-25
1.0856084e-08
-2.8559633e-20
1.1170743e-08
0
1.1485423e-08
0
1.1800092e-08
3.0939863e-20
1.2114761e-08
1.242943e-08
2.4789394e-23
1.5585032e-10
9.9157578e-23
4.6755095e-10
0
7.7925151e-10
3.9662698e-22
1.0909522e-09
0
1.4026528e-09
0
1.7143533e-09
5.8276504e-27
2.0260541e-09
1.5865079e-21
2.3377547e-09
0
2.6494554e-09
1.665043e-26
2.9611566e-09
0
3.272857e-09
0
3.5845541e-09
-2.1645559e-26
3.8962583e-09
2.3310601e-26
4.2079589e-09
2.9747273e-21
4.5196596e-09
6.3460317e-21
4.8313603e-09
-6.7426587e-21
5.1430609e-09
0
5.4547616e-09
0
5.7664623e-09
6.6601719e-26
6.078157e-09
0
6.3898636e-09
0
6.7015643e-09
9.1224976e-21
7.0132651e-09
-9.5190475e-21
7.3249657e-09
-9.9156741e-21
7.6366661e-09
-8.6582234e-26
7.9483667e-09
0
8.2600674e-09
-2.2211111e-20
8.5717681e-09
-1.1502086e-20
8.8834604e-09
1.1898909e-20
9.1951697e-09
-2.4590874e-20
9.5068704e-09
2.5384127e-20
9.8185711e-09
2.61776e-20
1.0130271e-08
-2.6970635e-20
1.0441972e-08
2.3310601e-25
1.0753673e-08
0
1.1065363e-08
0
1.1377074e-08
0
1.1688775e-08
0
1.2000476e-08
1.2312176e-08
2.0814852e-28
1.5436596e-10
8.3259408e-28
4.6309788e-10
0
7.7182973e-10
3.966649e-22
1.0805617e-09
0
1.3892936e-09
0
1.6980254e-09
6.941694e-22
2.0067575e-09
1.5866596e-21
2.3154894e-09
-1.784977e-21
2.6242213e-09
-1.9833078e-21
2.9329538e-09
2.1816569e-21
3.2416855e-09
0
3.550414e-09
0
3.8591494e-09
2.3312634e-26
4.1678814e-09
2.4977822e-26
4.4766133e-09
6.3466383e-21
4.7853453e-09
-6.7432466e-21
5.0940772e-09
0
5.4028092e-09
7.5365698e-21
5.7115411e-09
6.6607526e-26
6.0202672e-09
0
6.329005e-09
0
6.637737e-09
7.6598659e-26
6.9464691e-09
9.5198776e-21
7.255201e-09
9.916622e-21
7.5639327e-09
-1.0313287e-20
7.8726646e-09
-1.0709952e-20
8.1813966e-09
0
8.4901285e-09
1.1503379e-20
8.7988523e-09
9.9911289e-26
9.1075928e-09
0
9.4163247e-09
2.5386553e-20
9.7250567e-09
2.6179882e-20
1.0033788e-08
-2.6972986e-20
1.034252e-08
0
1.0651252e-08
2.8559873e-20
1.0959973e-08
0
1.1268716e-08
0
1.1577448e-08
0
1.188618e-08
1.2194912e-08
2.0813037e-28
1.5288174e-10
8.3252148e-28
4.5864521e-10
-1.2487822e-27
7.644086e-10
0
1.0701721e-09
4.9578373e-22
1.3759356e-09
-4.9951289e-27
1.6816989e-09
5.8276504e-27
1.9874626e-09
0
2.293226e-09
1.7848364e-21
2.5989895e-09
-3.9662698e-21
2.9047535e-09
1.8315473e-26
3.2105167e-09
-4.7595437e-21
3.5162768e-09
-2.578097e-21
3.8220437e-09
8.3292132e-21
4.1278072e-09
0
4.4335707e-09
0
4.7393342e-09
-6.7426587e-21
5.0450977e-09
-7.1392857e-21
5.3508613e-09
7.5359126e-21
5.6566247e-09
-7.9325396e-21
5.9623825e-09
0
6.2681517e-09
0
6.5739152e-09
0
6.8796789e-09
-9.5191275e-21
7.1854424e-09
8.3252144e-26
7.4912056e-09
1.0312301e-20
7.7969691e-09
1.0708928e-20
8.1027326e-09
0
8.4084961e-09
1.1502376e-20
8.7142515e-09
0
9.0200234e-09
0
9.3257869e-09
0
9.6315504e-09
0
9.9373136e-09
-2.6970635e-20
1.0243077e-08
0
1.0548841e-08
2.8557382e-20
1.0854594e-08
0
1.1160368e-08
0
1.1466131e-08
-3.0936905e-20
1.1771895e-08
1.2077658e-08
2.4791556e-23
1.5139738e-10
9.9166224e-23
4.5419214e-10
-1.2488911e-27
7.5698683e-10
0
1.0597817e-09
4.9582696e-22
1.3625764e-09
-4.9955645e-27
1.665371e-09
6.941694e-22
1.9681659e-09
0
2.2709607e-09
-1.7849621e-21
2.5737555e-09
1.9833245e-21
2.8765508e-09
1.831707e-26
3.1793453e-09
2.3799694e-21
3.4821367e-09
0
3.7849349e-09
2.3312634e-26
4.0877297e-09
5.9499485e-21
4.3905244e-09
0
4.6933192e-09
6.7433032e-21
4.996114e-09
0
5.2989088e-09
0
5.6017036e-09
7.9332979e-21
5.9044927e-09
0
6.2072932e-09
7.3268279e-26
6.510088e-09
7.6598659e-26
6.8128829e-09
9.5199575e-21
7.1156777e-09
0
7.4184722e-09
-8.6589784e-26
7.721267e-09
0
8.0240617e-09
0
8.3268565e-09
1.1503379e-20
8.6296433e-09
2.3799794e-20
8.9324464e-09
0
9.2352412e-09
0
9.538036e-09
2.6179882e-20
9.8408305e-09
2.6973213e-20
1.0143625e-08
-2.7766309e-20
1.044642e-08
0
1.0749204e-08
2.9352957e-20
1.105201e-08
0
1.1354805e-08
3.0939863e-20
1.16576e-08
1.1960394e-08
0
1.4991315e-10
0
4.4973946e-10
-1.4873637e-22
7.495657e-10
3.9662698e-22
1.0493921e-09
0
1.3492184e-09
-5.9494547e-22
1.6490445e-09
6.9410887e-22
1.948871e-09
1.5865079e-21
2.2486973e-09
0
2.5485236e-09
0
2.8483505e-09
2.1814667e-21
3.1481765e-09
-4.7595437e-21
3.4479995e-09
2.5780754e-21
3.7478292e-09
2.7764122e-21
4.0476556e-09
-2.9747024e-21
4.3474819e-09
6.3460317e-21
4.6473082e-09
-6.7426587e-21
4.9471346e-09
-7.1392857e-21
5.2469609e-09
0
5.5467872e-09
1.5865212e-20
5.8466079e-09
-8.3292365e-21
6.1464399e-09
8.7258668e-21
6.4462662e-09
-9.122421e-21
6.7460928e-09
0
7.0459191e-09
-9.9156741e-21
7.3457451e-09
-8.6582234e-26
7.6455714e-09
0
7.9453978e-09
1.1105649e-20
8.2452241e-09
-2.3004366e-20
8.5450425e-09
-1.1898809e-20
8.8448771e-09
2.459108e-20
9.1447034e-09
2.5384127e-20
9.4445298e-09
0
9.7443558e-09
-2.6970635e-20
1.0044182e-08
2.7764121e-20
1.0344008e-08
-2.8557143e-20
1.0643824e-08
2.9350644e-20
1.0943661e-08
0
1.1243488e-08
-6.187407e-20
1.1543314e-08
1.184314e-08
2.4791556e-23
1.484288e-10
9.9166224e-23
4.452864e-10
-1.4874934e-22
7.4214392e-10
0
1.0390016e-09
0
1.3358592e-09
-5.9499734e-22
1.6327166e-09
1.1656317e-26
1.9295744e-09
0
2.226432e-09
1.784992e-21
2.5232896e-09
1.6651882e-26
2.8201477e-09
0
3.1170051e-09
0
3.4138594e-09
0
3.7107203e-09
2.3312634e-26
4.007578e-09
2.9749867e-21
4.3044356e-09
0
4.6012932e-09
0
4.8981508e-09
1.4279876e-20
5.1950085e-09
0
5.4918661e-09
0
5.7887181e-09
0
6.0855813e-09
0
6.382439e-09
7.6598659e-26
6.6792968e-09
9.5198776e-21
6.9761544e-09
0
7.2730117e-09
1.0313201e-20
7.5698693e-09
-1.0709952e-20
7.8667269e-09
2.2213141e-20
8.1635846e-09
-1.1503089e-20
8.4604343e-09
1.1899947e-20
8.7573001e-09
0
9.0541578e-09
0
9.3510154e-09
2.6179882e-20
9.6478727e-09
0
9.9447303e-09
0
1.0241588e-08
0
1.0538435e-08
0
1.0835304e-08
0
1.1132161e-08
0
1.1429019e-08
1.1725876e-08
2.0813037e-28
1.4694457e-10
8.3252148e-28
4.4083372e-10
0
7.3472279e-10
0
1.028612e-09
-4.9578789e-22
1.3225012e-09
0
1.6163901e-09
6.9410887e-22
1.9102794e-09
0
2.2041686e-09
-1.7848214e-21
2.4980577e-09
1.665043e-26
2.7919474e-09
-2.1814667e-21
3.0858363e-09
0
3.3797222e-09
2.578097e-21
3.6736147e-09
5.5528477e-21
3.9675039e-09
2.9747273e-21
4.261393e-09
0
4.5552822e-09
0
4.8491714e-09
7.1393456e-21
5.1430605e-09
0
5.4369497e-09
6.6601719e-26
5.7308333e-09
8.3291666e-21
6.0247281e-09
-8.7257936e-21
6.3186172e-09
-9.122421e-21
6.6125066e-09
9.5191275e-21
6.9063958e-09
8.3252144e-26
7.2002846e-09
0
7.4941738e-09
0
7.788063e-09
2.2211297e-20
8.0819521e-09
9.6572496e-26
8.3758335e-09
1.1898909e-20
8.6697308e-09
2.459108e-20
8.96362e-09
0
9.2575092e-09
0
9.551398e-09
0
9.8452872e-09
2.7764121e-20
1.0139176e-08
-2.8557143e-20
1.0433055e-08
2.9350644e-20
1.0726955e-08
0
1.1020844e-08
3.0937165e-20
1.1314733e-08
1.1608623e-08
2.0814852e-28
1.4546022e-10
8.3259408e-28
4.3638065e-10
0
7.2730102e-10
0
1.0182215e-09
0
1.309142e-09
0
1.6000622e-09
5.8281585e-27
1.8909828e-09
0
2.1819033e-09
1.784992e-21
2.4728237e-09
1.6651882e-26
2.7637447e-09
-2.1816386e-21
3.0546649e-09
0
3.3455821e-09
-2.5783002e-21
3.6365058e-09
5.5533086e-21
3.9274263e-09
2.9749617e-21
4.2183467e-09
0
4.5092672e-09
-6.7432466e-21
4.8001876e-09
0
5.0911081e-09
0
5.3820286e-09
6.6607526e-26
5.6729435e-09
8.3298929e-21
5.9638695e-09
8.7266277e-21
6.25479e-09
7.6598659e-26
6.5457106e-09
9.5198776e-21
6.8366311e-09
-9.9165387e-21
7.1275512e-09
1.0313201e-20
7.4184717e-09
0
7.7093921e-09
9.3250537e-26
8.0003126e-09
9.6580917e-26
8.2912253e-09
1.1899847e-20
8.5821538e-09
0
8.8730743e-09
0
9.1639948e-09
0
9.4549149e-09
-2.6972986e-20
9.7458354e-09
2.7766542e-20
1.0036756e-08
0
1.0327666e-08
0
1.0618597e-08
0
1.0909518e-08
0
1.1200438e-08
1.1491358e-08
-2.4789186e-23
1.4397599e-10
-9.9156745e-23
4.3192798e-10
0
7.1987989e-10
0
1.0078319e-09
-4.9578373e-22
1.2957839e-09
0
1.5837358e-09
5.8276504e-27
1.8716879e-09
0
2.1596399e-09
1.4985387e-26
2.4475919e-09
1.9831516e-21
2.7355444e-09
2.1814667e-21
3.0234961e-09
0
3.3114449e-09
2.5780754e-21
3.5994001e-09
-2.7763889e-21
3.8873522e-09
-2.9747024e-21
4.1753042e-09
0
4.4632562e-09
-6.7426587e-21
4.7512082e-09
-7.1392857e-21
5.0391602e-09
0
5.3271122e-09
6.6601719e-26
5.6150588e-09
0
5.9030162e-09
-8.7257936e-21
6.1909682e-09
-9.122421e-21
6.4789204e-09
0
6.7668724e-09
0
7.0548241e-09
0
7.3427761e-09
-1.0709018e-20
7.6307281e-09
0
7.9186802e-09
9.6572496e-26
8.2066245e-09
-1.1898809e-20
8.4945845e-09
0
8.7825365e-09
0
9.0704885e-09
0
9.3584402e-09
-2.6970635e-20
9.6463922e-09
2.3310601e-25
9.9343442e-09
2.8557382e-20
1.0222286e-08
0
1.0510249e-08
0
1.0798201e-08
3.0937165e-20
1.1086153e-08
1.1374105e-08
2.4791556e-23
1.4249164e-10
9.9166224e-23
4.2747491e-10
-1.2488911e-27
7.1245811e-10
-3.966649e-22
9.9744145e-10
0
1.2824247e-09
-4.9955645e-27
1.5674078e-09
6.941694e-22
1.8523913e-09
-1.5866596e-21
2.1373745e-09
1.784992e-21
2.4223578e-09
1.9833245e-21
2.7073416e-09
1.831707e-26
2.9923247e-09
-1.9982258e-26
3.2773048e-09
0
3.5622913e-09
2.3312634e-26
3.8472746e-09
5.9499485e-21
4.1322579e-09
-6.3466383e-21
4.4172412e-09
6.7433032e-21
4.7022245e-09
0
4.9872078e-09
-7.5365698e-21
5.2721911e-09
0
5.557169e-09
0
5.8421577e-09
7.3268279e-26
6.127141e-09
9.1232931e-21
6.4121244e-09
0
6.6971077e-09
0
6.9820907e-09
-8.6589784e-26
7.267074e-09
0
7.5520573e-09
1.1106617e-20
7.8370406e-09
1.1503379e-20
8.1220163e-09
2.3799794e-20
8.4070075e-09
4.9186242e-20
8.6919908e-09
-2.5386553e-20
8.9769741e-09
2.6179882e-20
9.2619571e-09
2.6973213e-20
9.5469404e-09
-2.7766309e-20
9.8319237e-09
0
1.0116897e-08
2.9352957e-20
1.0401891e-08
-3.0146279e-20
1.0686874e-08
3.0939863e-20
1.0971857e-08
1.1256841e-08
0
1.4100741e-10
0
4.2302223e-10
1.4873512e-22
7.0503698e-10
0
9.8705187e-10
-4.9578373e-22
1.2690667e-09
5.9494047e-22
1.5510814e-09
1.1655301e-26
1.8330963e-09
0
2.1151112e-09
1.7848214e-21
2.397126e-09
-1.9831349e-21
2.6791413e-09
2.1814667e-21
2.9611559e-09
0
3.2431676e-09
-2.578097e-21
3.5251856e-09
-8.3291433e-21
3.8072005e-09
2.9747523e-21
4.0892153e-09
0
4.3712302e-09
6.7427153e-21
4.653245e-09
-7.1393456e-21
4.9352598e-09
0
5.2172747e-09
6.6601719e-26
5.4992842e-09
0
5.7813044e-09
-8.7258668e-21
6.0633192e-09
7.659198e-26
6.3453342e-09
0
6.6273491e-09
1.9831431e-20
6.9093636e-09
0
7.1913785e-09
0
7.4733933e-09
-2.2211018e-20
7.7554082e-09
-2.3004366e-20
8.0374155e-09
1.1899009e-20
8.3194382e-09
0
8.601453e-09
0
8.8834679e-09
0
9.1654824e-09
2.6970861e-20
9.4474973e-09
2.3310601e-25
9.7295121e-09
2.8557143e-20
1.0011517e-08
0
1.0293542e-08
-3.0143651e-20
1.0575557e-08
0
1.0857572e-08
1.1139587e-08
2.0814852e-28
1.3952306e-10
8.3259408e-28
4.1856917e-10
-1.2488911e-27
6.9761521e-10
0
9.7666139e-10
4.9583112e-22
1.2557075e-09
-4.9955645e-27
1.5347535e-09
2.0824907e-21
1.8137997e-09
0
2.0928458e-09
1.784992e-21
2.3718919e-09
1.6651882e-26
2.6509386e-09
4.3633139e-21
2.9299844e-09
0
3.2090275e-09
0
3.4880767e-09
5.5533086e-21
3.7671229e-09
0
4.046169e-09
0
4.3252151e-09
6.7433032e-21
4.6042613e-09
0
4.8833074e-09
0
5.1623535e-09
6.6607526e-26
5.4413944e-09
-6.9937902e-26
5.7204458e-09
8.7266277e-21
5.999492e-09
7.6598659e-26
6.2785383e-09
-9.5199575e-21
6.5575844e-09
0
6.8366302e-09
-8.6589784e-26
7.1156764e-09
-1.0710042e-20
7.3947225e-09
9.3250537e-26
7.6737686e-09
-1.1503089e-20
7.9528074e-09
0
8.2318612e-09
0
8.5109074e-09
0
8.7899535e-09
0
9.0689993e-09
2.6973213e-20
9.3480455e-09
2.3312633e-25
9.6270916e-09
0
9.9061281e-09
0
1.0185184e-08
0
1.046423e-08
2.5976936e-25
1.0743276e-08
1.1022323e-08
2.4789394e-23
1.3803883e-10
9.9157578e-23
4.1411649e-10
1.4873512e-22
6.9019408e-10
7.9325729e-22
9.6627181e-10
4.1626074e-27
1.2423495e-09
5.9494047e-22
1.518427e-09
1.1655301e-26
1.7945048e-09
3.1730292e-21
2.0705824e-09
-1.7848214e-21
2.3466601e-09
1.9831516e-21
2.6227383e-09
0
2.8988157e-09
2.3797819e-21
3.1748903e-09
0
3.4509711e-09
2.7764122e-21
3.7270488e-09
0
4.0031264e-09
1.2692117e-20
4.2792041e-09
6.7427153e-21
4.5552818e-09
0
4.8313595e-09
7.5359126e-21
5.1074372e-09
-7.9325396e-21
5.3835096e-09
0
5.6595926e-09
-8.7257936e-21
5.9356702e-09
7.659198e-26
6.2117481e-09
9.5191275e-21
6.4878258e-09
0
6.7639031e-09
0
7.0399808e-09
1.0709018e-20
7.3160585e-09
1.1105555e-20
7.5921362e-09
1.1502376e-20
7.8682066e-09
0
8.1442919e-09
0
8.4203696e-09
5.0768467e-20
8.6964472e-09
2.1978566e-25
8.9725246e-09
2.6970861e-20
9.2486023e-09
2.7764121e-20
9.52468e-09
0
9.8007482e-09
0
1.0076836e-08
0
1.0352913e-08
0
1.0628991e-08
1.0905069e-08
2.4791556e-23
1.3655447e-10
9.9166224e-23
4.0966342e-10
-1.4874809e-22
6.827723e-10
0
9.5588132e-10
0
1.2289903e-09
-5.9499235e-22
1.5020991e-09
6.941694e-22
1.7752082e-09
0
2.0483171e-09
-1.784977e-21
2.3214261e-09
1.6651882e-26
2.5945355e-09
2.1816569e-21
2.8676442e-09
-2.3799694e-21
3.1407502e-09
-5.156622e-21
3.4138622e-09
2.3312634e-26
3.6869712e-09
0
3.9600801e-09
0
4.2331891e-09
5.6616397e-26
4.5062981e-09
0
4.7794071e-09
0
5.052516e-09
-7.9332313e-21
5.3256198e-09
-6.9937902e-26
5.598734e-09
0
5.871843e-09
-9.1232165e-21
6.1449521e-09
1.9039835e-20
6.4180611e-09
-9.9165387e-21
6.6911697e-09
-8.6589784e-26
6.9642787e-09
0
7.2373877e-09
1.1106617e-20
7.5104967e-09
1.9316183e-25
7.7835984e-09
0
8.0567149e-09
0
8.3298239e-09
0
8.6029329e-09
0
8.8760415e-09
2.2646559e-25
9.1491505e-09
0
9.4222595e-09
2.8559873e-20
9.695359e-09
2.9352957e-20
9.9684777e-09
0
1.0241587e-08
3.0939863e-20
1.0514696e-08
1.0787805e-08
2.0813037e-28
1.3507025e-10
8.3252148e-28
4.0521074e-10
0
6.7535118e-10
0
9.4549174e-10
-4.9578789e-22
1.2156322e-09
0
1.4857726e-09
6.9410887e-22
1.7559132e-09
0
2.0260537e-09
-1.7848214e-21
2.2961942e-09
1.665043e-26
2.5663352e-09
-4.3629151e-21
2.8364755e-09
0
3.106613e-09
2.578097e-21
3.3767565e-09
5.5528477e-21
3.6468971e-09
2.9747273e-21
3.9170376e-09
0
4.1871781e-09
0
4.4573186e-09
7.1393456e-21
4.7274591e-09
-7.5359126e-21
4.9975997e-09
6.6601719e-26
5.2677351e-09
8.3291666e-21
5.5378807e-09
-8.7257936e-21
5.8080212e-09
-9.122421e-21
6.0781619e-09
9.5191275e-21
6.3483024e-09
8.3252144e-26
6.6184427e-09
0
6.8885832e-09
0
7.1587237e-09
2.2211297e-20
7.4288642e-09
9.6572496e-26
7.6989976e-09
1.1898909e-20
7.9691456e-09
2.459108e-20
8.2392861e-09
0
8.5094266e-09
0
8.7795668e-09
0
9.0497074e-09
2.7764121e-20
9.3198479e-09
0
9.5899791e-09
2.9350644e-20
9.8601292e-09
0
1.013027e-08
3.0937165e-20
1.040041e-08
1.0670551e-08
0
1.3358602e-10
0
4.0075807e-10
1.4873512e-22
6.6793005e-10
3.9662698e-22
9.3510216e-10
4.9578373e-22
1.2022742e-09
5.9494047e-22
1.4694461e-09
5.8276503e-27
1.7366183e-09
1.5865079e-21
2.0037903e-09
1.7848364e-21
2.2709624e-09
1.9831516e-21
2.5381349e-09
-2.1814484e-21
2.8053067e-09
2.3797819e-21
3.0724758e-09
5.1561724e-21
3.3396509e-09
-2.7763889e-21
3.606823e-09
-2.4975644e-26
3.873995e-09
6.3460317e-21
4.1411671e-09
5.661146e-26
4.4083392e-09
-7.1392857e-21
4.6755112e-09
0
4.9426833e-09
6.6601717e-26
5.2098503e-09
8.3291666e-21
5.4770274e-09
-8.7257936e-21
5.7441995e-09
9.1224976e-21
6.0113717e-09
7.9922061e-26
6.2785438e-09
0
6.5457156e-09
2.0624603e-20
6.8128877e-09
-1.0708928e-20
7.0800597e-09
3.3316946e-20
7.3472318e-09
-1.1502183e-20
7.6143968e-09
-9.9902576e-26
7.8815762e-09
2.459108e-20
8.1487483e-09
2.5384127e-20
8.4159204e-09
-2.617738e-20
8.6830922e-09
2.2644584e-25
8.9502642e-09
2.33106e-25
9.2174363e-09
0
9.4845992e-09
-2.4642636e-25
9.7517807e-09
6.0287554e-20
1.0018953e-08
0
1.0286125e-08
1.0553297e-08
2.4791556e-23
1.3210167e-10
9.9166224e-23
3.96305e-10
0
6.6050827e-10
0
9.2471167e-10
0
1.188915e-09
0
1.4531182e-09
6.941694e-22
1.7173217e-09
0
1.981525e-09
1.784992e-21
2.2457283e-09
1.6651882e-26
2.5099322e-09
0
2.7741353e-09
0
3.0383357e-09
-2.1647446e-26
3.302542e-09
2.3312634e-26
3.5667454e-09
2.4977822e-26
3.8309487e-09
0
4.0951521e-09
6.7433032e-21
4.3593554e-09
-7.1399082e-21
4.6235588e-09
0
4.8877622e-09
-7.9332313e-21
5.1519605e-09
8.3298929e-21
5.4161689e-09
0
5.6803722e-09
7.6598659e-26
5.9445757e-09
-9.5198776e-21
6.2087791e-09
-9.9165387e-21
6.4729822e-09
0
6.7371855e-09
2.1419814e-20
7.0013889e-09
2.2213234e-20
7.2655922e-09
1.1503379e-20
7.5297886e-09
9.9911289e-26
7.7939993e-09
2.4593224e-20
8.0582026e-09
0
8.322406e-09
2.6179882e-20
8.586609e-09
2.6973213e-20
8.8508124e-09
2.3312633e-25
9.1150158e-09
0
9.37921e-09
-2.9353203e-20
9.6434228e-09
0
9.9076261e-09
3.0939863e-20
1.017183e-08
1.0436033e-08
2.0813037e-28
1.3061744e-10
8.3252148e-28
3.9185232e-10
0
6.5308714e-10
0
9.1432209e-10
0
1.175557e-09
0
1.4367917e-09
-6.9409722e-22
1.6980267e-09
0
1.9592616e-09
-1.7848214e-21
2.2204965e-09
1.665043e-26
2.4817319e-09
0
2.7429665e-09
0
3.0041985e-09
2.578097e-21
3.2654363e-09
2.3310601e-26
3.5266713e-09
2.9747273e-21
3.7879062e-09
0
4.0491411e-09
0
4.310376e-09
7.1393456e-21
4.5716109e-09
-7.5359759e-21
4.8328458e-09
6.6601719e-26
5.0940758e-09
8.3291666e-21
5.3553156e-09
-8.7257936e-21
5.6165505e-09
-9.122421e-21
5.8777856e-09
9.5191275e-21
6.1390205e-09
8.3252144e-26
6.4002551e-09
0
6.66149e-09
0
6.9227249e-09
0
7.1839598e-09
9.6572496e-26
7.4451878e-09
1.1898909e-20
7.7064299e-09
2.459108e-20
7.9676648e-09
0
8.2288997e-09
0
8.4901344e-09
0
8.7513693e-09
2.7764121e-20
9.0126042e-09
-2.8557143e-20
9.2738301e-09
-2.9350644e-20
9.5350743e-09
0
9.7963092e-09
-3.0937165e-20
1.0057544e-08
1.0318779e-08
2.4791556e-23
1.2913309e-10
9.9166224e-23
3.8739926e-10
-1.4874809e-22
6.4566537e-10
0
9.039316e-10
0
1.1621978e-09
-5.9499235e-22
1.4204638e-09
6.941694e-22
1.6787301e-09
0
1.9369963e-09
-3.5699691e-21
2.1952625e-09
1.6651882e-26
2.4535291e-09
-2.1816569e-21
2.7117951e-09
-2.3799694e-21
2.9700584e-09
-5.156622e-21
3.2283275e-09
2.3312634e-26
3.4865937e-09
5.9499734e-21
3.7448599e-09
0
4.0031261e-09
5.6616397e-26
4.2613923e-09
0
4.5196584e-09
0
4.7779246e-09
6.6607526e-26
5.036186e-09
-6.9937902e-26
5.294457e-09
-8.7266277e-21
5.5527232e-09
-9.1232165e-21
5.8109896e-09
9.5198776e-21
6.0692558e-09
-9.9165387e-21
6.3275217e-09
-8.6589784e-26
6.5857879e-09
0
6.8440541e-09
1.1106617e-20
7.1023203e-09
1.9316183e-25
7.3605796e-09
2.3799894e-20
7.618853e-09
0
7.8771192e-09
0
8.1353853e-09
0
8.3936513e-09
2.2646559e-25
8.6519175e-09
0
8.9101837e-09
2.8559873e-20
9.168441e-09
2.9352957e-20
9.4267163e-09
0
9.6849825e-09
3.0939863e-20
9.9432487e-09
1.0201515e-08
2.4789394e-23
1.2764886e-10
9.9157578e-23
3.8294658e-10
1.4873512e-22
6.3824424e-10
7.9325729e-22
8.9354202e-10
4.1626074e-27
1.1488397e-09
5.9494047e-22
1.4041373e-09
1.1655301e-26
1.6594352e-09
3.1730292e-21
1.9147329e-09
-1.7848214e-21
2.1700306e-09
1.9831516e-21
2.4253288e-09
0
2.6806263e-09
2.3797819e-21
2.9359212e-09
0
3.1912218e-09
2.7764122e-21
3.4465196e-09
0
3.7018173e-09
1.2692117e-20
3.957115e-09
6.7427153e-21
4.2124128e-09
0
4.4677105e-09
7.5359126e-21
4.7230083e-09
-7.9325396e-21
4.9783012e-09
0
5.2336038e-09
-8.7257936e-21
5.4889015e-09
7.659198e-26
5.7441994e-09
9.5191275e-21
5.9994971e-09
0
6.2547946e-09
0
6.5100924e-09
1.0709018e-20
6.7653901e-09
1.1105555e-20
7.0206878e-09
1.1502376e-20
7.2759788e-09
0
7.5312836e-09
0
7.7865814e-09
5.0768467e-20
8.0418791e-09
2.1978566e-25
8.2971766e-09
2.6970861e-20
8.5524743e-09
2.7764121e-20
8.8077721e-09
0
9.063061e-09
0
9.3183678e-09
0
9.5736656e-09
0
9.8289633e-09
1.0084261e-08
2.0814852e-28
1.261645e-10
8.3259408e-28
3.7849351e-10
-1.2488911e-27
6.3082246e-10
0
8.8315153e-10
4.9583112e-22
1.1354805e-09
-4.9955645e-27
1.3878094e-09
2.0824907e-21
1.6401386e-09
0
1.8924676e-09
1.784992e-21
2.1447966e-09
1.6651882e-26
2.3971261e-09
4.3633139e-21
2.6494549e-09
0
2.9017811e-09
0
3.1541129e-09
5.5533086e-21
3.406442e-09
0
3.658771e-09
0
3.9111e-09
6.7433032e-21
4.1634291e-09
0
4.4157581e-09
0
4.6680871e-09
6.6607526e-26
4.9204114e-09
-6.9937902e-26
5.1727452e-09
8.7266277e-21
5.4250742e-09
7.6598659e-26
5.6774034e-09
-9.5199575e-21
5.9297324e-09
0
6.1820612e-09
-8.6589784e-26
6.4343902e-09
-1.0710042e-20
6.6867193e-09
9.3250537e-26
6.9390483e-09
-1.1503089e-20
7.1913706e-09
0
7.4437066e-09
0
7.6960357e-09
0
7.9483647e-09
0
8.2006935e-09
2.6973213e-20
8.4530225e-09
2.3312633e-25
8.7053515e-09
0
8.9576719e-09
0
9.2100099e-09
0
9.4623389e-09
2.5976936e-25
9.714668e-09
9.966997e-09
0
1.2468028e-10
0
3.7404084e-10
1.4873512e-22
6.2340133e-10
0
8.7276195e-10
-4.9578373e-22
1.1221225e-09
5.9494047e-22
1.3714829e-09
1.1655301e-26
1.6208436e-09
0
1.8702042e-09
1.7848214e-21
2.1195647e-09
-1.9831349e-21
2.3689258e-09
2.1814667e-21
2.6182861e-09
0
2.8676439e-09
-2.578097e-21
3.1170073e-09
-8.3291433e-21
3.3663679e-09
2.9747523e-21
3.6157284e-09
0
3.865089e-09
6.7427153e-21
4.1144496e-09
-7.1393456e-21
4.3638102e-09
0
4.6131708e-09
6.6601719e-26
4.8625266e-09
0
5.1118919e-09
-8.7258668e-21
5.3612525e-09
7.659198e-26
5.6106132e-09
0
5.8599738e-09
1.9831431e-20
6.1093341e-09
0
6.3586947e-09
0
6.6080553e-09
-2.2211018e-20
6.8574159e-09
-2.3004366e-20
7.1067698e-09
1.1899009e-20
7.3561373e-09
0
7.6054979e-09
0
7.8548585e-09
0
8.1042188e-09
2.6970861e-20
8.3535794e-09
2.3310601e-25
8.6029399e-09
2.8557143e-20
8.8522919e-09
0
9.1016614e-09
-3.0143651e-20
9.351022e-09
0
9.6003825e-09
9.8497431e-09
2.4791556e-23
1.2319592e-10
9.9166224e-23
3.6958777e-10
-1.2488911e-27
6.1597956e-10
0
8.6237147e-10
4.9582696e-22
1.1087633e-09
-4.9955645e-27
1.355155e-09
6.941694e-22
1.601547e-09
0
1.8479389e-09
-1.7849621e-21
2.0943307e-09
1.9833245e-21
2.340723e-09
1.831707e-26
2.5871146e-09
2.3799694e-21
2.8335038e-09
0
3.0798984e-09
2.3312634e-26
3.3262903e-09
5.9499485e-21
3.5726821e-09
0
3.819074e-09
6.7433032e-21
4.0654659e-09
0
4.3118577e-09
0
4.5582496e-09
7.9332979e-21
4.8046368e-09
0
5.0510334e-09
7.3268279e-26
5.2974252e-09
7.6598659e-26
5.5438172e-09
9.5199575e-21
5.7902091e-09
0
6.0366007e-09
-8.6589784e-26
6.2829926e-09
0
6.5293844e-09
0
6.7757763e-09
1.1503379e-20
7.0221617e-09
2.3799794e-20
7.2685603e-09
0
7.5149522e-09
0
7.7613441e-09
2.6179882e-20
8.0077357e-09
2.6973213e-20
8.2541275e-09
-2.7766309e-20
8.5005194e-09
0
8.7469028e-09
2.9352957e-20
8.9933034e-09
0
9.2396953e-09
3.0939863e-20
9.4860872e-09
9.732479e-09
-2.4789186e-23
1.217117e-10
-9.9156745e-23
3.6513509e-10
0
6.0855843e-10
0
8.5198188e-10
-4.9578373e-22
1.0954053e-09
0
1.3388285e-09
5.8276504e-27
1.5822521e-09
0
1.8256755e-09
1.4985387e-26
2.0690989e-09
1.9831516e-21
2.3125227e-09
2.1814667e-21
2.5559459e-09
0
2.7993666e-09
2.5780754e-21
3.0427927e-09
-2.7763889e-21
3.2862162e-09
-2.9747024e-21
3.5296396e-09
0
3.773063e-09
-6.7426587e-21
4.0164864e-09
-7.1392857e-21
4.2599098e-09
0
4.5033333e-09
6.6601719e-26
4.7467521e-09
0
4.9901801e-09
-8.7257936e-21
5.2336035e-09
-9.122421e-21
5.4770271e-09
0
5.7204505e-09
0
5.9638736e-09
0
6.2072971e-09
-1.0709018e-20
6.4507205e-09
0
6.6941439e-09
9.6572496e-26
6.9375609e-09
-1.1898809e-20
7.180991e-09
0
7.4244144e-09
0
7.6678378e-09
0
7.911261e-09
-2.6970635e-20
8.1546844e-09
2.3310601e-25
8.3981078e-09
2.8557382e-20
8.6415229e-09
0
8.8849549e-09
0
9.1283784e-09
3.0937165e-20
9.3718018e-09
9.6152252e-09
2.0814852e-28
1.2022734e-10
8.3259408e-28
3.6068203e-10
0
6.0113665e-10
0
8.415914e-10
0
1.0820461e-09
0
1.3225006e-09
5.8281585e-27
1.5629555e-09
0
1.8034101e-09
1.784992e-21
2.0438648e-09
1.6651882e-26
2.28432e-09
-2.1816386e-21
2.5247744e-09
0
2.7652265e-09
-2.5783002e-21
3.0056839e-09
5.5533086e-21
3.2461386e-09
2.9749617e-21
3.4865933e-09
0
3.727048e-09
-6.7432466e-21
3.9675027e-09
0
4.2079574e-09
0
4.4484121e-09
6.6607526e-26
4.6888623e-09
8.3298929e-21
4.9293215e-09
8.7266277e-21
5.1697762e-09
7.6598659e-26
5.4102311e-09
9.5198776e-21
5.6506858e-09
-9.9165387e-21
5.8911402e-09
1.0313201e-20
6.1315949e-09
0
6.3720496e-09
9.3250537e-26
6.6125043e-09
9.6580917e-26
6.8529527e-09
1.1899847e-20
7.093414e-09
0
7.3338687e-09
0
7.5743234e-09
0
7.8147779e-09
-2.6972986e-20
8.0552326e-09
2.7766542e-20
8.2956873e-09
0
8.5361337e-09
0
8.776597e-09
0
9.0170517e-09
0
9.2575064e-09
9.4979611e-09
2.0813037e-28
1.1874312e-10
8.3252148e-28
3.5622935e-10
0
5.9371553e-10
0
8.3120182e-10
0
1.068688e-09
0
1.3061742e-09
-6.9409722e-22
1.5436605e-09
0
1.7811467e-09
-1.7848214e-21
2.018633e-09
1.665043e-26
2.2561197e-09
0
2.4936057e-09
0
2.7310893e-09
2.578097e-21
2.9685782e-09
2.3310601e-26
3.2060645e-09
2.9747273e-21
3.4435507e-09
0
3.681037e-09
0
3.9185232e-09
7.1393456e-21
4.1560095e-09
-7.5359759e-21
4.3934957e-09
6.6601719e-26
4.6309775e-09
8.3291666e-21
4.8684683e-09
-8.7257936e-21
5.1059545e-09
-9.122421e-21
5.3434409e-09
9.5191275e-21
5.5809272e-09
8.3252144e-26
5.8184131e-09
0
6.0558994e-09
0
6.2933857e-09
0
6.5308719e-09
9.6572496e-26
6.7683519e-09
1.1898909e-20
7.0058447e-09
2.459108e-20
7.2433309e-09
0
7.4808172e-09
0
7.7183032e-09
0
7.9557895e-09
2.7764121e-20
8.1932757e-09
-2.8557143e-20
8.4307538e-09
-2.9350644e-20
8.6682485e-09
0
8.9057347e-09
-3.0937165e-20
9.143221e-09
9.3807073e-09
2.4791556e-23
1.1725876e-10
9.9166224e-23
3.5177628e-10
-1.4874934e-22
5.8629375e-10
0
8.2081133e-10
0
1.0553289e-09
-5.9499734e-22
1.2898462e-09
1.1656317e-26
1.5243639e-09
0
1.7588814e-09
1.784992e-21
1.9933989e-09
1.6651882e-26
2.2279169e-09
0
2.4624342e-09
0
2.6969492e-09
0
2.9314693e-09
2.3312634e-26
3.1659869e-09
2.9749867e-21
3.4005044e-09
0
3.635022e-09
0
3.8695395e-09
1.4279876e-20
4.104057e-09
0
4.3385746e-09
0
4.5730877e-09
0
4.8076097e-09
0
5.0421272e-09
7.6598659e-26
5.2766449e-09
9.5198776e-21
5.5111624e-09
0
5.7456797e-09
1.0313201e-20
5.9801973e-09
-1.0709952e-20
6.2147148e-09
2.2213141e-20
6.4492324e-09
-1.1503089e-20
6.6837437e-09
1.1899947e-20
6.9182677e-09
0
7.1527853e-09
0
7.3873028e-09
2.6179882e-20
7.6218201e-09
0
7.8563376e-09
0
8.0908552e-09
0
8.3253647e-09
0
8.5598905e-09
0
8.7944081e-09
0
9.0289256e-09
9.2634432e-09
0
1.1577454e-10
0
3.4732361e-10
-1.4873512e-22
5.7887262e-10
0
8.1042175e-10
4.9578789e-22
1.0419708e-09
-5.9494047e-22
1.2735198e-09
-6.9409139e-22
1.505069e-09
0
1.736618e-09
-1.7848214e-21
1.9681671e-09
1.665043e-26
2.1997166e-09
0
2.4312655e-09
0
2.662812e-09
2.5780754e-21
2.8943637e-09
2.7764355e-21
3.1259128e-09
2.9747273e-21
3.3574619e-09
0
3.5890109e-09
5.6611461e-26
3.82056e-09
7.1393456e-21
4.0521091e-09
-1.5071889e-20
4.2836582e-09
0
4.5152029e-09
0
4.7467564e-09
-8.7257936e-21
4.9783055e-09
0
5.2098547e-09
1.9038175e-20
5.4414038e-09
9.9157573e-21
5.6729527e-09
1.0312301e-20
5.9045018e-09
-1.0708928e-20
6.1360508e-09
1.1105649e-20
6.3675999e-09
1.1502376e-20
6.5991429e-09
1.1898909e-20
6.8306984e-09
2.0646533e-25
7.0622475e-09
0
7.2937966e-09
0
7.5253454e-09
2.2644584e-25
7.7568945e-09
-2.7763888e-20
7.9884436e-09
0
8.2199847e-09
0
8.451542e-09
0
8.6830911e-09
0
8.9146402e-09
9.1461893e-09
2.4791556e-23
1.1429018e-10
9.9166224e-23
3.4287054e-10
-1.2488911e-27
5.7145085e-10
0
8.0003126e-10
4.9582696e-22
1.0286116e-09
-4.9955645e-27
1.2571919e-09
6.941694e-22
1.4857723e-09
0
1.7143527e-09
-1.7849621e-21
1.9429331e-09
1.9833245e-21
2.1715138e-09
1.831707e-26
2.400094e-09
2.3799694e-21
2.6286718e-09
0
2.8572548e-09
2.3312634e-26
3.0858352e-09
5.9499485e-21
3.3144155e-09
0
3.5429959e-09
6.7433032e-21
3.7715763e-09
0
4.0001567e-09
0
4.2287371e-09
7.9332979e-21
4.4573131e-09
0
4.6858978e-09
7.3268279e-26
4.9144782e-09
7.6598659e-26
5.1430587e-09
9.5199575e-21
5.3716391e-09
0
5.6002192e-09
-8.6589784e-26
5.8287996e-09
0
6.05738e-09
0
6.2859604e-09
1.1503379e-20
6.5145347e-09
2.3799794e-20
6.7431214e-09
0
6.9717018e-09
0
7.2002822e-09
2.6179882e-20
7.4288623e-09
2.6973213e-20
7.6574427e-09
-2.7766309e-20
7.8860231e-09
0
8.1145956e-09
2.9352957e-20
8.3431841e-09
0
8.5717645e-09
3.0939863e-20
8.8003449e-09
9.0289252e-09
0
1.1280595e-10
0
3.3841786e-10
1.4873512e-22
5.6402972e-10
0
7.8964168e-10
-4.9578373e-22
1.0152536e-09
5.9494047e-22
1.2408654e-09
1.3882061e-21
1.4664774e-09
0
1.6920893e-09
-1.7848214e-21
1.9177012e-09
-1.9831349e-21
2.1433135e-09
2.1814667e-21
2.3689253e-09
2.3797619e-21
2.5945347e-09
-2.578097e-21
2.8201491e-09
-2.7763656e-21
3.0457611e-09
2.9747523e-21
3.271373e-09
0
3.4969849e-09
6.7427153e-21
3.7225969e-09
-7.1393456e-21
3.9482088e-09
7.5359126e-21
4.1738207e-09
6.6601719e-26
4.3994284e-09
0
4.6250446e-09
-8.7258668e-21
4.8506565e-09
7.659198e-26
5.0762686e-09
9.5190475e-21
5.3018805e-09
1.9831431e-20
5.5274922e-09
0
5.7531041e-09
0
5.978716e-09
9.3242406e-26
6.204328e-09
0
6.4299339e-09
1.1899009e-20
6.6555521e-09
-2.4590874e-20
6.881164e-09
0
7.1067759e-09
0
7.3323876e-09
2.6970861e-20
7.5579995e-09
2.3310601e-25
7.7836115e-09
0
8.0092156e-09
0
8.2348356e-09
-3.0143651e-20
8.4604475e-09
0
8.6860595e-09
8.9116714e-09
2.0814852e-28
1.113216e-10
8.3259408e-28
3.339648e-10
0
5.5660794e-10
3.966649e-22
7.7925119e-10
0
1.0018944e-09
0
1.2245375e-09
6.941694e-22
1.4471808e-09
1.5866596e-21
1.669824e-09
-1.784977e-21
1.8924672e-09
-1.9833078e-21
2.1151108e-09
2.1816569e-21
2.3377538e-09
0
2.5603945e-09
0
2.7830402e-09
2.3312634e-26
3.0056835e-09
2.4977822e-26
3.2283267e-09
6.3466383e-21
3.4509699e-09
-6.7432466e-21
3.6736131e-09
0
3.8962563e-09
7.5365698e-21
4.1188996e-09
6.6607526e-26
4.3415386e-09
0
4.564186e-09
0
4.7868292e-09
7.6598659e-26
5.0094726e-09
9.5198776e-21
5.2321158e-09
9.916622e-21
5.4547588e-09
-1.0313287e-20
5.677402e-09
-1.0709952e-20
5.9000452e-09
0
6.1226884e-09
1.1503379e-20
6.3453257e-09
9.9911289e-26
6.5679751e-09
0
6.7906183e-09
2.5386553e-20
7.0132615e-09
2.6179882e-20
7.2359045e-09
-2.6972986e-20
7.4585477e-09
-2.7766309e-20
7.681191e-09
2.8559873e-20
7.9038265e-09
-2.9352957e-20
8.1264776e-09
0
8.3491209e-09
-3.0939603e-20
8.5717641e-09
8.7944073e-09
0
1.0983737e-10
0
3.2951212e-10
-1.2487822e-27
5.4918681e-10
0
7.6886161e-10
-4.9578373e-22
9.8853636e-10
-4.9951289e-27
1.208211e-09
1.3882061e-21
1.4278859e-09
0
1.6475606e-09
1.4985387e-26
1.8672353e-09
1.9831682e-21
2.0869105e-09
2.1814667e-21
2.3065851e-09
2.3797619e-21
2.5262574e-09
-2.578097e-21
2.7459346e-09
-2.7763656e-21
2.9656094e-09
-2.9747024e-21
3.1852841e-09
0
3.4049589e-09
6.7427153e-21
3.6246337e-09
0
3.8443084e-09
7.5359126e-21
4.0639832e-09
6.6601719e-26
4.2836538e-09
0
4.5033327e-09
0
4.7230075e-09
7.659198e-26
4.9426824e-09
9.5190475e-21
5.1623572e-09
1.9831431e-20
5.3820317e-09
0
5.6017065e-09
0
5.8213812e-09
9.3242406e-26
6.041056e-09
0
6.2607249e-09
-1.1898809e-20
6.4804058e-09
-2.4590874e-20
6.7000805e-09
0
6.9197553e-09
0
7.1394298e-09
2.6970861e-20
7.3591046e-09
2.3310601e-25
7.5787794e-09
0
7.7984466e-09
0
8.0181291e-09
-3.0143651e-20
8.2378039e-09
0
8.4574787e-09
8.6771534e-09
2.4791556e-23
1.0835302e-10
9.9166224e-23
3.2505905e-10
1.4874809e-22
5.4176504e-10
0
7.5847113e-10
-4.9582696e-22
9.7517716e-10
5.9499235e-22
1.1918831e-09
-6.9415774e-22
1.4085892e-09
0
1.6252953e-09
0
1.8420013e-09
1.6651882e-26
2.0587077e-09
-2.1816386e-21
2.2754136e-09
2.3799694e-21
2.4921172e-09
0
2.7088257e-09
2.3312634e-26
2.9255318e-09
2.4977822e-26
3.1422378e-09
0
3.3589439e-09
5.6616397e-26
3.5756499e-09
-7.1399082e-21
3.792356e-09
7.5365698e-21
4.0090621e-09
-1.5866463e-20
4.225764e-09
0
4.4424742e-09
7.3268279e-26
4.6591802e-09
0
4.8758864e-09
-9.5199575e-21
5.0925925e-09
8.3259404e-26
5.3092983e-09
0
5.5260043e-09
-1.0709862e-20
5.7427104e-09
9.3250537e-26
5.9594164e-09
1.1503379e-20
6.1761167e-09
9.9911289e-26
6.3928288e-09
0
6.6095349e-09
0
6.8262409e-09
0
7.0429467e-09
2.2646559e-25
7.2596528e-09
2.3312633e-25
7.4763588e-09
-2.8559633e-20
7.6930574e-09
0
7.9097712e-09
0
8.1264773e-09
3.0939863e-20
8.3431833e-09
8.5598894e-09
2.0813037e-28
1.0686879e-10
8.3252148e-28
3.2060638e-10
0
5.3434391e-10
0
7.4808154e-10
0
9.6181913e-10
0
1.1755566e-09
-6.9409722e-22
1.3892943e-09
0
1.6030319e-09
1.4985387e-26
1.8167695e-09
1.665043e-26
2.0305074e-09
-2.1814484e-21
2.2442449e-09
0
2.4579801e-09
2.5780754e-21
2.6717201e-09
2.3310601e-26
2.8854577e-09
-2.9747024e-21
3.0991953e-09
0
3.3129329e-09
5.6611461e-26
3.5266705e-09
7.1393456e-21
3.7404081e-09
0
3.9541457e-09
0
4.1678793e-09
0
4.3816209e-09
8.7258668e-21
4.5953585e-09
-9.122421e-21
4.8090962e-09
0
5.0228338e-09
0
5.2365712e-09
-1.0312388e-20
5.4503088e-09
-2.1417946e-20
5.6640464e-09
2.2211297e-20
5.877784e-09
2.3004559e-20
6.0915159e-09
-1.1898809e-20
6.3052595e-09
0
6.5189971e-09
0
6.7327347e-09
2.1978566e-25
6.946472e-09
2.2644584e-25
7.1602096e-09
0
7.3739472e-09
0
7.5876775e-09
0
7.8014227e-09
0
8.0151603e-09
3.0937165e-20
8.2288979e-09
8.4426355e-09
2.0814852e-28
1.0538444e-10
8.3259408e-28
3.1615331e-10
0
5.2692213e-10
0
7.3769106e-10
0
9.4845993e-10
0
1.1592287e-09
2.0824907e-21
1.3699977e-09
0
1.5807666e-09
1.784992e-21
1.7915354e-09
1.9833245e-21
2.0023047e-09
-2.1816386e-21
2.2130734e-09
-2.3799894e-21
2.4238399e-09
0
2.6346112e-09
5.5533086e-21
2.8453801e-09
0
3.056149e-09
0
3.2669179e-09
6.7433032e-21
3.4776867e-09
0
3.6884556e-09
0
3.8992245e-09
6.6607526e-26
4.1099894e-09
-8.3299628e-21
4.3207623e-09
7.3268279e-26
4.5315312e-09
7.6598659e-26
4.7423002e-09
-9.5199575e-21
4.9530691e-09
8.3259404e-26
5.1638378e-09
-1.0313201e-20
5.3746067e-09
0
5.5853756e-09
9.3250537e-26
5.7961445e-09
1.9316183e-25
6.0069078e-09
0
6.2176825e-09
-2.4593018e-20
6.4284514e-09
0
6.6392203e-09
2.6179882e-20
6.8499889e-09
2.6973213e-20
7.0607578e-09
0
7.2715267e-09
5.7119505e-20
7.4822884e-09
-2.9353203e-20
7.6930647e-09
0
7.9038336e-09
0
8.1146025e-09
8.3253714e-09
2.4789394e-23
1.0390021e-10
9.9157578e-23
3.1170063e-10
-2.9747273e-22
5.19501e-10
3.9662698e-22
7.2730148e-10
4.9578789e-22
9.351019e-10
-1.1898909e-21
1.1429022e-09
1.3882003e-21
1.3507027e-09
1.5865079e-21
1.5585032e-09
-1.7848214e-21
1.7663036e-09
-1.9831349e-21
1.9741044e-09
1.8315472e-26
2.1819046e-09
-2.3797819e-21
2.3897028e-09
2.5780754e-21
2.5975055e-09
2.7764355e-21
2.805306e-09
2.4975644e-26
3.0131064e-09
6.3460317e-21
3.2209069e-09
-6.7426587e-21
3.4287073e-09
0
3.6365077e-09
0
3.8443082e-09
7.9326062e-21
4.0521047e-09
-8.3292365e-21
4.2599091e-09
0
4.4677095e-09
-9.122421e-21
4.6755101e-09
-9.5191275e-21
4.8833105e-09
-9.9157573e-21
5.0911107e-09
0
5.2989112e-09
-1.0708928e-20
5.5067116e-09
1.1105649e-20
5.714512e-09
1.1502279e-20
5.922307e-09
9.9902576e-26
6.1301132e-09
0
6.3379136e-09
2.5384127e-20
6.545714e-09
2.1978566e-25
6.7535142e-09
-2.6970635e-20
6.9613147e-09
0
7.1691151e-09
0
7.3769084e-09
0
7.5847162e-09
0
7.7925167e-09
0
8.0003171e-09
8.2081176e-09
2.4791556e-23
1.0241586e-10
9.9166224e-23
3.0724757e-10
-1.4874809e-22
5.1207923e-10
0
7.1691099e-10
0
9.217427e-10
-5.9499235e-22
1.1265743e-09
6.941694e-22
1.3314061e-09
0
1.5362378e-09
-1.784977e-21
1.7410695e-09
1.6651882e-26
1.9459016e-09
2.1816569e-21
2.1507332e-09
-2.3799694e-21
2.3555626e-09
-5.156622e-21
2.5603966e-09
2.3312634e-26
2.7652284e-09
0
2.9700601e-09
0
3.1748918e-09
5.6616397e-26
3.3797236e-09
0
3.5845553e-09
0
3.789387e-09
-7.9332313e-21
3.9942149e-09
-6.9937902e-26
4.1990505e-09
0
4.4038822e-09
-9.1232165e-21
4.6087141e-09
1.9039835e-20
4.8135458e-09
-9.9165387e-21
5.0183773e-09
-8.6589784e-26
5.223209e-09
0
5.4280408e-09
1.1106617e-20
5.6328725e-09
1.9316183e-25
5.8376988e-09
0
6.0425362e-09
0
6.2473679e-09
0
6.4521996e-09
0
6.6570311e-09
2.2646559e-25
6.8618629e-09
0
7.0666946e-09
2.8559873e-20
7.2715193e-09
2.9352957e-20
7.4763583e-09
0
7.68119e-09
3.0939863e-20
7.8860218e-09
8.0908535e-09
2.4789394e-23
1.0093163e-10
9.9157578e-23
3.0279489e-10
-1.4873637e-22
5.046581e-10
7.9325729e-22
7.0652141e-10
4.9578789e-22
9.0838467e-10
-5.9494547e-22
1.1102478e-09
1.1655301e-26
1.3121112e-09
3.1730292e-21
1.5139744e-09
0
1.7158377e-09
1.665043e-26
1.9177013e-09
-2.1814484e-21
2.1195644e-09
-2.3797619e-21
2.3214255e-09
0
2.523291e-09
2.7764122e-21
2.7251543e-09
-2.9747273e-21
2.9270175e-09
1.2692117e-20
3.1288808e-09
5.6611461e-26
3.3307441e-09
0
3.5326074e-09
0
3.7344707e-09
0
3.9363301e-09
8.3291666e-21
4.1381972e-09
7.326189e-26
4.3400605e-09
-9.122421e-21
4.5419239e-09
0
4.7437872e-09
-9.9156741e-21
4.9456502e-09
-1.0312388e-20
5.1475135e-09
0
5.3493768e-09
2.2211204e-20
5.5512401e-09
-1.1502086e-20
5.753098e-09
-1.1898909e-20
5.9549668e-09
0
6.1568301e-09
5.0768467e-20
6.3586934e-09
0
6.5605565e-09
2.2644584e-25
6.7624197e-09
2.3310601e-25
6.964283e-09
-2.8557143e-20
7.1661393e-09
0
7.3680098e-09
3.0143904e-20
7.5698731e-09
0
7.7717364e-09
7.9735996e-09
2.4791556e-23
9.9447274e-11
9.9166224e-23
2.9834182e-10
-1.4874934e-22
4.9723632e-10
3.966649e-22
6.9613092e-10
-4.9583112e-22
8.9502547e-10
-5.9499734e-22
1.0939199e-09
6.941694e-22
1.2928146e-09
1.5866596e-21
1.4917091e-09
1.4986693e-26
1.6906037e-09
-1.9833078e-21
1.8894986e-09
-2.1816386e-21
2.088393e-09
-4.7599588e-21
2.2872853e-09
-2.1647446e-26
2.4861821e-09
2.3312634e-26
2.6850767e-09
2.9749867e-21
2.8839712e-09
6.3466383e-21
3.0828658e-09
6.7433032e-21
3.2817604e-09
-7.1399681e-21
3.4806549e-09
0
3.6795495e-09
6.6607526e-26
3.8784403e-09
0
4.0773386e-09
7.3268279e-26
4.2762332e-09
9.1233697e-21
4.4751279e-09
0
4.6740225e-09
-9.916622e-21
4.8729168e-09
-1.0313287e-20
5.0718114e-09
-1.0709862e-20
5.2707059e-09
0
5.4696005e-09
-1.1503089e-20
5.6684898e-09
1.1899947e-20
5.8673899e-09
0
6.0662844e-09
2.5386553e-20
6.265179e-09
2.6179882e-20
6.4640734e-09
2.6973213e-20
6.6629679e-09
2.7766542e-20
6.8618625e-09
0
7.0607502e-09
2.9353203e-20
7.2596518e-09
0
7.4585464e-09
-3.0939603e-20
7.657441e-09
7.8563356e-09
2.0813037e-28
9.7963049e-11
8.3252148e-28
2.9388915e-10
-1.4873637e-22
4.898152e-10
0
6.8574134e-10
-4.9578789e-22
8.8166744e-10
-5.9494547e-22
1.0775934e-09
6.9410887e-22
1.2735196e-09
0
1.4694457e-09
0
1.6653718e-09
1.9831516e-21
1.8612983e-09
-2.1814484e-21
2.0572242e-09
2.3797619e-21
2.2531481e-09
-2.578097e-21
2.4490765e-09
2.7764122e-21
2.6450026e-09
2.9747273e-21
2.8409287e-09
0
3.0368548e-09
5.6611461e-26
3.2327809e-09
0
3.428707e-09
-7.5359759e-21
3.6246331e-09
-7.932473e-21
3.8205556e-09
0
4.0164854e-09
7.326189e-26
4.2124115e-09
9.1224976e-21
4.4083377e-09
-9.5190475e-21
4.6042638e-09
0
4.8001897e-09
1.0312301e-20
4.9961159e-09
0
5.192042e-09
0
5.3879681e-09
1.1502376e-20
5.583889e-09
1.1898909e-20
5.7798205e-09
0
5.9757467e-09
0
6.1716728e-09
-2.617738e-20
6.3675987e-09
2.2644584e-25
6.5635248e-09
2.7764121e-20
6.7594509e-09
0
6.9553703e-09
0
7.1513033e-09
3.0143651e-20
7.3472295e-09
3.0937165e-20
7.5431556e-09
7.7390817e-09
2.0814852e-28
9.6478693e-11
8.3259408e-28
2.8943608e-10
0
4.8239342e-10
0
6.7535085e-10
0
8.6830824e-10
0
1.0612655e-09
6.9416357e-22
1.254223e-09
0
1.4471804e-09
1.784992e-21
1.6401378e-09
1.9833245e-21
1.8330955e-09
-2.1816386e-21
2.0260528e-09
-2.3799894e-21
2.219008e-09
0
2.4119676e-09
5.5533086e-21
2.604925e-09
0
2.7978824e-09
0
2.9908398e-09
6.7433032e-21
3.1837972e-09
0
3.3767546e-09
7.5365698e-21
3.569712e-09
6.6607526e-26
3.7626658e-09
-8.3299628e-21
3.9556268e-09
7.3268279e-26
4.1485842e-09
9.1233697e-21
4.3415417e-09
-9.5199575e-21
4.5344991e-09
8.3259404e-26
4.7274563e-09
0
4.9204137e-09
0
5.1133711e-09
9.3250537e-26
5.3063285e-09
1.9316183e-25
5.4992808e-09
0
5.6922436e-09
-2.4593018e-20
5.885201e-09
0
6.0781584e-09
2.6179882e-20
6.2711156e-09
2.6973213e-20
6.464073e-09
0
6.6570304e-09
2.3978709e-25
6.8499811e-09
0
7.0429454e-09
0
7.2359028e-09
0
7.4288602e-09
7.6218176e-09
2.0813037e-28
9.4994467e-11
8.3252148e-28
2.849834e-10
0
4.7497229e-10
0
6.6496127e-10
0
8.5495021e-10
0
1.044939e-09
6.9410887e-22
1.2349281e-09
0
1.424917e-09
1.4985387e-26
1.6149059e-09
1.665043e-26
1.8048952e-09
-2.1814484e-21
1.994884e-09
0
2.1848708e-09
2.5780754e-21
2.3748619e-09
5.5528477e-21
2.5648509e-09
-2.9747024e-21
2.7548398e-09
0
2.9448288e-09
5.6611461e-26
3.1348177e-09
7.1393456e-21
3.3248067e-09
0
3.5147956e-09
0
3.704781e-09
8.3292365e-21
3.8947735e-09
8.7258668e-21
4.0847625e-09
-9.122421e-21
4.2747516e-09
0
4.4647405e-09
0
4.6547293e-09
-1.0312388e-20
4.8447182e-09
-2.1417946e-20
5.0347072e-09
2.2211297e-20
5.2246961e-09
2.3004559e-20
5.41468e-09
-1.1898809e-20
5.6046742e-09
0
5.7946632e-09
0
5.9846521e-09
2.1978566e-25
6.1746409e-09
2.2644584e-25
6.3646298e-09
0
6.5546188e-09
0
6.7446012e-09
0
6.9345969e-09
0
7.1245859e-09
-3.0937165e-20
7.3145748e-09
7.5045638e-09
0
9.3510112e-11
0
2.8053034e-10
0
4.6755052e-10
0
6.5457078e-10
0
8.4159101e-10
0
1.0286111e-09
6.941694e-22
1.2156315e-09
0
1.4026517e-09
1.784992e-21
1.5896719e-09
1.6651882e-26
1.7766925e-09
0
1.9637125e-09
1.9982258e-26
2.1507307e-09
-2.1647446e-26
2.337753e-09
2.3312634e-26
2.5247733e-09
0
2.7117935e-09
0
2.8988138e-09
6.7433032e-21
3.085834e-09
-7.1399082e-21
3.2728542e-09
0
3.4598745e-09
1.5866596e-20
3.6468912e-09
0
3.833915e-09
0
4.0209352e-09
0
4.2079556e-09
0
4.3949758e-09
0
4.5819958e-09
0
4.7690161e-09
0
4.9560363e-09
1.1106617e-20
5.1430566e-09
1.1503379e-20
5.3300718e-09
0
5.5170973e-09
0
5.7041175e-09
0
5.8911377e-09
0
6.0781578e-09
2.6973213e-20
6.265178e-09
-2.7766309e-20
6.4521983e-09
-2.8559633e-20
6.6392121e-09
2.9352957e-20
6.826239e-09
0
7.0132592e-09
0
7.2002794e-09
7.3872997e-09
-2.4789186e-23
9.2025886e-11
-9.9156745e-23
2.7607766e-10
0
4.6012939e-10
0
6.441812e-10
-4.9578373e-22
8.2823298e-10
0
1.0122847e-09
5.8276504e-27
1.1963365e-09
0
1.3803883e-09
1.4985387e-26
1.5644401e-09
1.9831516e-21
1.7484922e-09
2.1814667e-21
1.9325438e-09
0
2.1165935e-09
2.5780754e-21
2.3006474e-09
-2.7763889e-21
2.4846992e-09
-2.9747024e-21
2.668751e-09
0
2.8528028e-09
-6.7426587e-21
3.0368545e-09
-7.1392857e-21
3.2209063e-09
0
3.4049581e-09
6.6601719e-26
3.5890064e-09
0
3.7730617e-09
-8.7257936e-21
3.9571135e-09
-9.122421e-21
4.1411654e-09
0
4.3252172e-09
0
4.5092688e-09
0
4.6933206e-09
-1.0709018e-20
4.8773723e-09
0
5.0614241e-09
9.6572496e-26
5.245471e-09
-1.1898809e-20
5.4295279e-09
0
5.6135797e-09
0
5.7976315e-09
0
5.9816831e-09
-2.6970635e-20
6.1657349e-09
2.3310601e-25
6.3497867e-09
2.8557382e-20
6.5338321e-09
0
6.7178905e-09
0
6.9019422e-09
3.0937165e-20
7.085994e-09
7.2700458e-09
2.0813037e-28
9.054166e-11
8.3252148e-28
2.7162498e-10
1.4873512e-22
4.5270826e-10
0
6.3379162e-10
0
8.1487494e-10
5.9494047e-22
9.9595817e-10
5.8276504e-27
1.1770416e-09
0
1.3581249e-09
-1.7848214e-21
1.5392082e-09
-1.9831349e-21
1.7202919e-09
-2.1814667e-21
1.9013751e-09
0
2.0824564e-09
-5.1561724e-21
2.2635417e-09
2.3310601e-26
2.4446251e-09
-8.924157e-21
2.6257084e-09
0
2.8067917e-09
-6.7426587e-21
2.9878751e-09
0
3.1689584e-09
-7.5359759e-21
3.3500418e-09
7.9326062e-21
3.5311217e-09
0
3.7122084e-09
-8.7257936e-21
3.8932918e-09
-9.122421e-21
4.0743752e-09
9.5190475e-21
4.2554586e-09
0
4.4365417e-09
-1.0312301e-20
4.617625e-09
0
4.7987084e-09
0
4.9797917e-09
0
5.1608702e-09
-3.5696628e-20
5.3419586e-09
2.459108e-20
5.5230419e-09
0
5.7041253e-09
2.1978566e-25
5.8852084e-09
-2.6970635e-20
6.0662917e-09
-2.7763888e-20
6.2473751e-09
-2.8557143e-20
6.4284522e-09
-2.9350644e-20
6.609542e-09
-3.0143904e-20
6.7906253e-09
0
6.9717086e-09
7.152792e-09
2.4791556e-23
8.9057305e-11
9.9166224e-23
2.6717192e-10
-1.4874934e-22
4.4528648e-10
0
6.2340114e-10
0
8.0151575e-10
-5.9499734e-22
9.7963026e-10
1.1656317e-26
1.157745e-09
0
1.3358596e-09
1.784992e-21
1.5139742e-09
1.6651882e-26
1.6920891e-09
0
1.8702036e-09
0
2.0483162e-09
0
2.2264328e-09
2.3312634e-26
2.4045475e-09
2.9749867e-21
2.5826621e-09
0
2.7607767e-09
0
2.9388914e-09
1.4279876e-20
3.117006e-09
0
3.2951206e-09
0
3.4732319e-09
0
3.6513499e-09
0
3.8294645e-09
7.6598659e-26
4.0075792e-09
9.5198776e-21
4.1856938e-09
0
4.3638083e-09
1.0313201e-20
4.5419229e-09
-1.0709952e-20
4.7200375e-09
2.2213141e-20
4.8981522e-09
-1.1503089e-20
5.0762621e-09
1.1899947e-20
5.2543816e-09
0
5.4324962e-09
0
5.6106109e-09
2.6179882e-20
5.7887253e-09
0
5.9668399e-09
0
6.1449546e-09
0
6.323063e-09
0
6.501184e-09
0
6.6792986e-09
0
6.8574133e-09
7.0355279e-09
2.4789394e-23
8.7573079e-11
9.9157578e-23
2.6271924e-10
0
4.3786535e-10
3.9662698e-22
6.1301155e-10
0
7.8815771e-10
0
9.6330378e-10
5.8276504e-27
1.13845e-09
1.5865079e-21
1.3135962e-09
0
1.4887423e-09
1.665043e-26
1.6638888e-09
0
1.8390348e-09
0
2.0141791e-09
-2.1645559e-26
2.1893272e-09
2.3310601e-26
2.3644734e-09
2.9747273e-21
2.5396195e-09
6.3460317e-21
2.7147657e-09
-6.7426587e-21
2.8899119e-09
0
3.0650581e-09
0
3.2402042e-09
6.6601719e-26
3.4153471e-09
0
3.5904966e-09
0
3.7656428e-09
9.1224976e-21
3.940789e-09
-9.5190475e-21
4.1159352e-09
-9.9156741e-21
4.2910812e-09
-8.6582234e-26
4.4662274e-09
0
4.6413736e-09
-2.2211111e-20
4.8165197e-09
-1.1502086e-20
4.9916613e-09
1.1898909e-20
5.1668123e-09
-2.4590874e-20
5.3419584e-09
2.5384127e-20
5.5171046e-09
2.61776e-20
5.6922506e-09
-2.6970635e-20
5.8673968e-09
2.3310601e-25
6.042543e-09
0
6.2176831e-09
0
6.3928355e-09
0
6.5679817e-09
0
6.7431279e-09
6.918274e-09
2.4791556e-23
8.6088724e-11
9.9166224e-23
2.5826617e-10
-1.2488911e-27
4.3044358e-10
0
6.0262107e-10
4.9583112e-22
7.7479852e-10
-4.9955645e-27
9.4697587e-10
6.9416357e-22
1.1191534e-09
0
1.2913309e-09
-1.784977e-21
1.4635083e-09
0
1.6356861e-09
0
1.8078634e-09
0
1.9800389e-09
-2.5783218e-21
2.1522183e-09
-5.5532619e-21
2.3243958e-09
5.9499485e-21
2.4965732e-09
0
2.6687507e-09
6.7433032e-21
2.8409282e-09
0
3.0131056e-09
7.5365698e-21
3.1852831e-09
6.6607526e-26
3.3574573e-09
-1.6659856e-20
3.529638e-09
0
3.7018155e-09
-9.1232165e-21
3.8739931e-09
0
4.0461705e-09
0
4.2183478e-09
-1.0313287e-20
4.3905253e-09
8.9920157e-26
4.5627027e-09
9.3250537e-26
4.7348802e-09
1.1503379e-20
4.9070531e-09
2.3799794e-20
5.0792353e-09
-4.9186036e-20
5.2514128e-09
0
5.4235902e-09
0
5.5957675e-09
2.6973213e-20
5.767945e-09
2.3312633e-25
5.9401224e-09
0
6.112294e-09
2.9352957e-20
6.2844776e-09
0
6.456655e-09
3.0939863e-20
6.6288325e-09
6.8010099e-09
2.4789394e-23
8.4604498e-11
9.9157578e-23
2.5381349e-10
2.9747273e-22
4.2302245e-10
0
5.9223149e-10
0
7.6144048e-10
1.1898909e-21
9.3064939e-10
1.1655301e-26
1.0998585e-09
0
1.2690675e-09
1.4985387e-26
1.4382765e-09
-1.9831349e-21
1.6074858e-09
-2.1814484e-21
1.7766946e-09
0
1.9459018e-09
0
2.1151127e-09
-5.5527777e-21
2.2843217e-09
-2.9746774e-21
2.4535307e-09
0
2.6227397e-09
5.6611461e-26
2.7919487e-09
0
2.9611577e-09
-7.5359759e-21
3.1303667e-09
6.6601719e-26
3.2995725e-09
-8.3293065e-21
3.4687848e-09
-8.7257936e-21
3.6379938e-09
7.659198e-26
3.8072029e-09
-9.5190475e-21
3.9764119e-09
9.9157573e-21
4.1456207e-09
0
4.3148297e-09
-1.0708928e-20
4.4840387e-09
9.3242406e-26
4.6532478e-09
1.1502376e-20
4.8224523e-09
-1.189871e-20
4.991666e-09
2.459108e-20
5.160875e-09
0
5.330084e-09
-2.617738e-20
5.4992928e-09
2.2644584e-25
5.6685018e-09
-5.5527776e-20
5.8377108e-09
2.8557382e-20
6.006914e-09
2.9350644e-20
6.1761291e-09
0
6.3453381e-09
0
6.5145471e-09
6.6837561e-09
0
8.3120143e-11
0
2.4936043e-10
0
4.1560067e-10
0
5.81841e-10
0
7.4808129e-10
0
9.1432148e-10
6.941694e-22
1.0805619e-09
0
1.2468021e-09
1.784992e-21
1.4130424e-09
1.6651882e-26
1.579283e-09
0
1.7455232e-09
1.9982258e-26
1.9117616e-09
-2.1647446e-26
2.0780038e-09
2.3312634e-26
2.2442441e-09
0
2.4104844e-09
0
2.5767247e-09
6.7433032e-21
2.742965e-09
-7.1399082e-21
2.9092053e-09
0
3.0754456e-09
1.5866596e-20
3.2416827e-09
0
3.4079262e-09
0
3.5741665e-09
0
3.7404069e-09
0
3.9066472e-09
0
4.0728873e-09
0
4.2391276e-09
0
4.4053679e-09
1.1106617e-20
4.5716082e-09
1.1503379e-20
4.7378441e-09
0
4.904089e-09
0
5.0703293e-09
0
5.2365696e-09
0
5.4028097e-09
2.6973213e-20
5.56905e-09
-2.7766309e-20
5.7352903e-09
-2.8559633e-20
5.9015249e-09
2.9352957e-20
6.0677711e-09
0
6.2340114e-09
0
6.4002517e-09
6.566492e-09
2.0813037e-28
8.1635917e-11
8.3252148e-28
2.4490775e-10
1.4873637e-22
4.0817955e-10
0
5.7145142e-10
0
7.3472325e-10
5.9494547e-22
8.97995e-10
-6.9409139e-22
1.0612669e-09
0
1.2245388e-09
1.4985387e-26
1.3878106e-09
1.665043e-26
1.5510827e-09
0
1.7143544e-09
-2.3797619e-21
1.8776245e-09
2.5780754e-21
2.0408981e-09
-5.5527777e-21
2.20417e-09
0
2.3674418e-09
0
2.5307137e-09
5.6611461e-26
2.6939855e-09
0
2.8572574e-09
-7.5359126e-21
3.0205292e-09
6.6601719e-26
3.183798e-09
-8.3292365e-21
3.3470729e-09
8.7258668e-21
3.5103448e-09
0
3.6736167e-09
-9.5190475e-21
3.8368886e-09
-9.9156741e-21
4.0001602e-09
-8.6582234e-26
4.1634321e-09
0
4.3267039e-09
9.3242406e-26
4.4899758e-09
1.1502376e-20
4.6532433e-09
0
4.8165197e-09
0
4.9797915e-09
0
5.1430634e-09
2.1978566e-25
5.306335e-09
2.2644584e-25
5.4696069e-09
2.7764121e-20
5.6328787e-09
-2.8557143e-20
5.796145e-09
-2.4642637e-25
5.9594226e-09
-3.0143651e-20
6.1226945e-09
-3.0937165e-20
6.2859663e-09
6.4492382e-09
2.0814852e-28
8.0151562e-11
8.3259408e-28
2.4045468e-10
0
4.0075777e-10
0
5.6106093e-10
0
7.2136405e-10
0
8.8166709e-10
6.9416357e-22
1.0419703e-09
0
1.2022734e-09
1.784992e-21
1.3625765e-09
1.9833245e-21
1.52288e-09
-2.1816386e-21
1.683183e-09
-2.3799894e-21
1.8434843e-09
0
2.0037892e-09
5.5533086e-21
2.1640924e-09
0
2.3243955e-09
0
2.4846987e-09
6.7433032e-21
2.6450018e-09
0
2.8053049e-09
7.5365698e-21
2.9656081e-09
6.6607526e-26
3.1259082e-09
-8.3299628e-21
3.2862143e-09
7.3268279e-26
3.4465175e-09
9.1233697e-21
3.6068207e-09
-9.5199575e-21
3.7671239e-09
8.3259404e-26
3.9274268e-09
0
4.08773e-09
0
4.2480331e-09
9.3250537e-26
4.4083362e-09
1.9316183e-25
4.5686351e-09
0
4.7289427e-09
-2.4593018e-20
4.8892458e-09
0
5.049549e-09
2.6179882e-20
5.2098519e-09
2.6973213e-20
5.3701551e-09
0
5.5304582e-09
2.3978709e-25
5.6907558e-09
0
5.8510647e-09
0
6.0113678e-09
0
6.1716709e-09
6.3319741e-09
0
7.8667336e-11
0
2.3600201e-10
-1.4873637e-22
3.9333664e-10
0
5.5067135e-10
4.1626074e-27
7.0800602e-10
-5.9494547e-22
8.6534061e-10
6.941147e-22
1.0226754e-09
0
1.18001e-09
-1.7848214e-21
1.3373447e-09
-1.9831183e-21
1.4946797e-09
-2.1814484e-21
1.6520142e-09
0
1.8093471e-09
2.5780754e-21
1.9666836e-09
2.7764355e-21
2.1240183e-09
-2.9747024e-21
2.281353e-09
0
2.4386876e-09
6.7427153e-21
2.5960223e-09
-7.1392857e-21
2.753357e-09
7.5359126e-21
2.9106917e-09
-7.9325396e-21
3.0680234e-09
-6.9931804e-26
3.2253611e-09
7.326189e-26
3.3826958e-09
1.8244995e-20
3.5400305e-09
0
3.6973652e-09
9.9157573e-21
3.8546997e-09
2.062469e-20
4.0120344e-09
0
4.1693691e-09
0
4.3267038e-09
-2.3004366e-20
4.4840343e-09
-1.1898809e-20
4.6413733e-09
2.459108e-20
4.798708e-09
0
4.9560427e-09
-2.617738e-20
5.1133772e-09
2.6970861e-20
5.2707119e-09
-2.7763888e-20
5.4280466e-09
2.8557382e-20
5.5853759e-09
-2.9350644e-20
5.7427162e-09
3.0143651e-20
5.9000508e-09
-3.0936905e-20
6.0573855e-09
6.2147202e-09
2.4791556e-23
7.7182981e-11
9.9166224e-23
2.3154894e-10
-1.4874934e-22
3.8591487e-10
3.966649e-22
5.4028086e-10
-4.9583112e-22
6.9464682e-10
-5.9499734e-22
8.490127e-10
6.941694e-22
1.0033787e-09
1.5866596e-21
1.1577447e-09
1.4986693e-26
1.3121107e-09
-1.9833078e-21
1.4664769e-09
-2.1816386e-21
1.6208427e-09
-4.7599588e-21
1.775207e-09
-2.1647446e-26
1.9295747e-09
2.3312634e-26
2.0839407e-09
2.9749867e-21
2.2383067e-09
6.3466383e-21
2.3926726e-09
6.7433032e-21
2.5470386e-09
-7.1399681e-21
2.7014046e-09
0
2.8557706e-09
6.6607526e-26
3.0101336e-09
0
3.1645025e-09
7.3268279e-26
3.3188685e-09
9.1233697e-21
3.4732345e-09
0
3.6276005e-09
-9.916622e-21
3.7819663e-09
-1.0313287e-20
3.9363323e-09
-1.0709862e-20
4.0906983e-09
0
4.2450643e-09
-1.1503089e-20
4.3994261e-09
1.1899947e-20
4.5537964e-09
0
4.7081624e-09
2.5386553e-20
4.8625283e-09
2.6179882e-20
5.0168941e-09
2.6973213e-20
5.1712601e-09
2.7766542e-20
5.3256261e-09
0
5.4799867e-09
2.9353203e-20
5.6343582e-09
0
5.7887242e-09
-3.0939603e-20
5.9430902e-09
6.0974561e-09
2.4789394e-23
7.5698755e-11
9.9157578e-23
2.2709626e-10
-1.4873637e-22
3.7849374e-10
0
5.2989128e-10
0
6.8128879e-10
-5.9494547e-22
8.3268622e-10
5.8276504e-27
9.8408381e-10
0
1.1354813e-09
-1.7848214e-21
1.2868788e-09
1.665043e-26
1.4382766e-09
0
1.589674e-09
-2.3797619e-21
1.7410698e-09
2.5780754e-21
1.892469e-09
2.7764355e-21
2.0438666e-09
-2.9747024e-21
2.1952641e-09
0
2.3466616e-09
5.6611461e-26
2.4980591e-09
7.1393456e-21
2.6494567e-09
0
2.8008542e-09
6.6601719e-26
2.9522489e-09
0
3.1036492e-09
0
3.2550468e-09
9.1224976e-21
3.4064444e-09
0
3.5578419e-09
-9.9156741e-21
3.7092393e-09
0
3.8606368e-09
1.0709018e-20
4.0120343e-09
1.1105649e-20
4.1634318e-09
2.3004559e-20
4.3148253e-09
-1.1898809e-20
4.466227e-09
0
4.6176246e-09
0
4.7690221e-09
0
4.9204194e-09
2.2644584e-25
5.071817e-09
-2.7763888e-20
5.2232145e-09
-2.8557143e-20
5.3746068e-09
-2.9350397e-20
5.5260097e-09
3.0143651e-20
5.6774072e-09
0
5.8288048e-09
5.9802023e-09
2.0814852e-28
7.4214399e-11
8.3259408e-28
2.226432e-10
-1.2488911e-27
3.7107196e-10
3.966649e-22
5.195008e-10
0
6.6792959e-10
-4.9955645e-27
8.1635831e-10
-6.9415191e-22
9.6478719e-10
1.5866596e-21
1.113216e-09
0
1.2616448e-09
1.9833245e-21
1.4100739e-09
0
1.5585025e-09
2.3799694e-21
1.7069297e-09
-2.1647446e-26
1.8553602e-09
0
2.003789e-09
2.9749867e-21
2.1522178e-09
6.3466383e-21
2.3006466e-09
6.7433032e-21
2.4490754e-09
7.1399681e-21
2.5975042e-09
1.507314e-20
2.745933e-09
7.9332979e-21
2.894359e-09
0
3.0427907e-09
0
3.1912195e-09
-9.1232165e-21
3.3396484e-09
0
3.4880772e-09
-9.9165387e-21
3.6365058e-09
-8.6589784e-26
3.7849347e-09
0
3.9333635e-09
-1.1106524e-20
4.0817923e-09
-1.1503089e-20
4.2302172e-09
1.1899947e-20
4.3786501e-09
-2.4593018e-20
4.5270789e-09
2.5386553e-20
4.6755077e-09
0
4.8239363e-09
2.6973213e-20
4.9723652e-09
2.3312633e-25
5.120794e-09
0
5.2692177e-09
0
5.4176518e-09
3.0146279e-20
5.5660806e-09
3.0939603e-20
5.7145094e-09
5.8629382e-09
2.0813037e-28
7.2730174e-11
8.3252147e-28
2.1819052e-10
-1.4873512e-22
3.6365083e-10
0
5.0911121e-10
0
6.5457156e-10
-5.9494047e-22
8.0003183e-10
-1.3881944e-21
9.4549226e-10
0
1.0909526e-09
1.7848364e-21
1.2364129e-09
1.6650429e-26
1.3818736e-09
0
1.5273338e-09
-2.3797619e-21
1.6727925e-09
2.5780754e-21
1.8182545e-09
-2.7763656e-21
1.9637149e-09
0
2.1091752e-09
0
2.2546356e-09
5.661146e-26
2.400096e-09
7.1393456e-21
2.5455563e-09
0
2.6910167e-09
-7.9325396e-21
2.8364743e-09
0
2.9819374e-09
8.7258668e-21
3.1273978e-09
0
3.2728582e-09
-9.5190475e-21
3.4183186e-09
-9.9156741e-21
3.5637788e-09
-2.062469e-20
3.7092391e-09
-1.0709018e-20
3.8546995e-09
1.1105742e-20
4.0001599e-09
1.1502376e-20
4.1456164e-09
0
4.2910807e-09
0
4.4365411e-09
0
4.5820015e-09
2.1978566e-25
4.7274617e-09
2.2644584e-25
4.872922e-09
0
5.0183824e-09
0
5.1638377e-09
2.9350397e-20
5.3093033e-09
3.0143651e-20
5.4547636e-09
3.0937165e-20
5.600224e-09
5.7456843e-09
2.0814852e-28
7.1245818e-11
8.3259408e-28
2.1373745e-10
0
3.5622906e-10
0
4.9872073e-10
0
6.4121236e-10
0
7.8370392e-10
6.9416357e-22
9.2619564e-10
0
1.0686873e-09
1.784992e-21
1.2111789e-09
1.9833245e-21
1.3536708e-09
-2.1816386e-21
1.4961623e-09
-2.3799894e-21
1.6386524e-09
0
1.7811456e-09
5.5533086e-21
1.9236373e-09
0
2.0661289e-09
0
2.2086206e-09
6.7433032e-21
2.3511122e-09
0
2.4936039e-09
7.5365698e-21
2.6360955e-09
6.6607526e-26
2.7785845e-09
-8.3299628e-21
2.9210788e-09
7.3268279e-26
3.0635705e-09
9.1233697e-21
3.2060622e-09
-9.5199575e-21
3.3485539e-09
8.3259404e-26
3.4910454e-09
0
3.633537e-09
0
3.7760287e-09
9.3250537e-26
3.9185203e-09
1.9316183e-25
4.0610082e-09
0
4.2035038e-09
-2.4593018e-20
4.3459954e-09
0
4.4884871e-09
2.6179882e-20
4.6309786e-09
2.6973213e-20
4.7734702e-09
0
4.9159619e-09
2.3978709e-25
5.0584486e-09
0
5.2009453e-09
0
5.343437e-09
0
5.4859286e-09
5.6284203e-09
2.0813037e-28
6.9761592e-11
8.3252148e-28
2.0928478e-10
0
3.4880793e-10
0
4.8833115e-10
0
6.2785433e-10
0
7.6737744e-10
-6.9409722e-22
9.069007e-10
0
1.0464239e-09
1.4985387e-26
1.1859471e-09
1.665043e-26
1.3254705e-09
-2.1814484e-21
1.4649936e-09
0
1.6045152e-09
2.5780754e-21
1.74404e-09
2.3310601e-26
1.8835632e-09
-2.9747024e-21
2.0230864e-09
0
2.1626096e-09
5.6611461e-26
2.3021328e-09
7.1393456e-21
2.441656e-09
0
2.5811792e-09
0
2.7206997e-09
0
2.8602256e-09
7.326189e-26
2.9997488e-09
-9.122421e-21
3.139272e-09
0
3.2787952e-09
0
3.4183183e-09
-1.0312388e-20
3.5578415e-09
-2.1417946e-20
3.6973647e-09
2.2211297e-20
3.8368879e-09
2.3004559e-20
3.9764074e-09
-1.1898809e-20
4.1159344e-09
0
4.2554576e-09
0
4.3949808e-09
2.1978566e-25
4.5345039e-09
2.2644584e-25
4.6740271e-09
0
4.8135503e-09
0
4.9530687e-09
0
5.0925968e-09
0
5.23212e-09
3.0937165e-20
5.3716432e-09
5.5111664e-09
2.4791556e-23
6.8277237e-11
9.9166224e-23
2.0483171e-10
1.4874809e-22
3.4138615e-10
0
4.7794066e-10
-4.9582696e-22
6.1449513e-10
5.9499235e-22
7.5104953e-10
-6.9415774e-22
8.8760408e-10
0
1.0241586e-09
0
1.160713e-09
1.6651882e-26
1.2972678e-09
-2.1816386e-21
1.4338221e-09
2.3799694e-21
1.5703751e-09
0
1.7069311e-09
2.3312634e-26
1.8434856e-09
2.4977822e-26
1.9800401e-09
0
2.1165946e-09
5.6616397e-26
2.253149e-09
-7.1399082e-21
2.3897035e-09
7.5365698e-21
2.526258e-09
-1.5866463e-20
2.6628099e-09
0
2.799367e-09
7.3268279e-26
2.9359215e-09
0
3.072476e-09
-9.5199575e-21
3.2090305e-09
8.3259404e-26
3.3455849e-09
0
3.4821394e-09
-1.0709862e-20
3.6186938e-09
9.3250537e-26
3.7552483e-09
1.1503379e-20
3.8917992e-09
9.9911289e-26
4.0283575e-09
0
4.1649119e-09
0
4.3014664e-09
0
4.4380208e-09
2.2646559e-25
4.5745753e-09
2.3312633e-25
4.7111297e-09
-2.8559633e-20
4.8476795e-09
0
4.9842389e-09
0
5.1207934e-09
3.0939863e-20
5.2573478e-09
5.3939023e-09
0
6.6793011e-11
0
2.0037903e-10
-1.2487822e-27
3.3396502e-10
0
4.6755108e-10
-4.9578373e-22
6.011371e-10
-4.9951289e-27
7.3472305e-10
1.3882061e-21
8.6830915e-10
0
1.0018952e-09
1.4985387e-26
1.1354812e-09
1.9831682e-21
1.2690675e-09
2.1814667e-21
1.4026534e-09
2.3797619e-21
1.5362379e-09
-2.578097e-21
1.6698254e-09
-2.7763656e-21
1.8034115e-09
-2.9747024e-21
1.9369975e-09
0
2.0705835e-09
6.7427153e-21
2.2041696e-09
0
2.3377556e-09
7.5359126e-21
2.4713417e-09
6.6601719e-26
2.6049252e-09
0
2.7385137e-09
0
2.8720998e-09
7.659198e-26
3.0056859e-09
9.5190475e-21
3.1392719e-09
1.9831431e-20
3.2728578e-09
0
3.4064438e-09
0
3.5400299e-09
9.3242406e-26
3.6736159e-09
0
3.8071984e-09
-1.1898809e-20
3.9407881e-09
-2.4590874e-20
4.0743742e-09
0
4.2079602e-09
0
4.3415461e-09
2.6970861e-20
4.4751321e-09
2.3310601e-25
4.6087181e-09
0
4.7422996e-09
0
4.8758904e-09
-3.0143651e-20
5.0094764e-09
0
5.1430624e-09
5.2766485e-09
2.0814852e-28
6.5308656e-11
8.3259408e-28
1.9592597e-10
0
3.2654325e-10
3.966649e-22
4.5716059e-10
0
5.877779e-10
0
7.1839515e-10
6.941694e-22
8.4901253e-10
1.5866596e-21
9.7962984e-10
-1.784977e-21
1.1102472e-09
-1.9833078e-21
1.2408647e-09
2.1816569e-21
1.3714819e-09
0
1.5020978e-09
0
1.6327166e-09
2.3312634e-26
1.7633339e-09
2.4977822e-26
1.8939512e-09
6.3466383e-21
2.0245685e-09
-6.7432466e-21
2.1551859e-09
0
2.2858032e-09
7.5365698e-21
2.4164205e-09
6.6607526e-26
2.5470354e-09
0
2.6776552e-09
0
2.8082725e-09
7.6598659e-26
2.9388899e-09
9.5198776e-21
3.0695072e-09
9.916622e-21
3.2001244e-09
-1.0313287e-20
3.3307417e-09
-1.0709952e-20
3.461359e-09
0
3.5919764e-09
1.1503379e-20
3.7225902e-09
9.9911289e-26
3.8532111e-09
0
3.9838285e-09
2.5386553e-20
4.1144458e-09
2.6179882e-20
4.245063e-09
-2.6972986e-20
4.3756803e-09
0
4.5062976e-09
2.8559873e-20
4.6369104e-09
0
4.7675324e-09
0
4.8981497e-09
0
5.0287671e-09
5.1593844e-09
0
6.382443e-11
0
1.9147329e-10
-1.2487822e-27
3.1912212e-10
0
4.4677101e-10
-4.9578373e-22
5.7441987e-10
-4.9951289e-27
7.0206866e-10
1.3882061e-21
8.2971759e-10
0
9.5736645e-10
1.4985387e-26
1.0850153e-09
1.9831682e-21
1.2126644e-09
2.1814667e-21
1.3403132e-09
2.3797619e-21
1.4679606e-09
-2.578097e-21
1.5956109e-09
-2.7763656e-21
1.7232598e-09
-2.9747024e-21
1.8509087e-09
0
1.9785575e-09
6.7427153e-21
2.1062064e-09
0
2.2338553e-09
7.5359126e-21
2.3615041e-09
6.6601719e-26
2.4891506e-09
0
2.6168019e-09
0
2.7444508e-09
7.659198e-26
2.8720997e-09
9.5190475e-21
2.9997486e-09
1.9831431e-20
3.1273973e-09
0
3.2550462e-09
0
3.382695e-09
9.3242406e-26
3.5103439e-09
0
3.6379894e-09
-1.1898809e-20
3.7656418e-09
-2.4590874e-20
3.8932907e-09
0
4.0209396e-09
0
4.1485883e-09
2.6970861e-20
4.2762372e-09
2.3310601e-25
4.403886e-09
0
4.5315305e-09
0
4.6591839e-09
-3.0143651e-20
4.7868328e-09
0
4.9144817e-09
5.0421305e-09
2.4791556e-23
6.2340075e-11
9.9166224e-23
1.8702022e-10
-1.2488911e-27
3.1170034e-10
-3.966649e-22
4.3638052e-10
4.9582696e-22
5.6106067e-10
-4.9955645e-27
6.8574076e-10
6.941694e-22
8.1042097e-10
-1.5866596e-21
9.3510112e-10
-1.7849621e-21
1.0597813e-09
1.9833245e-21
1.1844617e-09
1.831707e-26
1.3091417e-09
2.3799694e-21
1.4338205e-09
0
1.558502e-09
2.3312634e-26
1.6831822e-09
5.9499485e-21
1.8078623e-09
-6.3466383e-21
1.9325425e-09
6.7433032e-21
2.0572227e-09
0
2.1819028e-09
0
2.306583e-09
0
2.4312608e-09
0
2.5559433e-09
-8.7265545e-21
2.6806235e-09
7.6598659e-26
2.8053037e-09
9.5199575e-21
2.9299839e-09
0
3.0546639e-09
-8.6589784e-26
3.1793441e-09
0
3.3040242e-09
1.1106617e-20
3.4287044e-09
1.1503379e-20
3.5533812e-09
2.3799794e-20
3.6780648e-09
0
3.802745e-09
-2.5386553e-20
3.9274252e-09
2.6179882e-20
4.0521052e-09
2.6973213e-20
4.1767853e-09
-2.7766309e-20
4.3014655e-09
0
4.4261414e-09
2.9352957e-20
4.550826e-09
0
4.6755061e-09
3.0939863e-20
4.8001863e-09
4.9248665e-09
-2.4789186e-23
6.0855849e-11
-9.9156745e-23
1.8256755e-10
-1.4873512e-22
3.0427921e-10
0
4.2599094e-10
4.9578789e-22
5.4770264e-10
-5.9494047e-22
6.6941427e-10
-6.9409139e-22
7.9112604e-10
0
9.1283773e-10
0
1.0345494e-09
1.9831516e-21
1.1562614e-09
0
1.277973e-09
0
1.3996833e-09
2.5780754e-21
1.5213964e-09
2.7764355e-21
1.6431081e-09
2.9747273e-21
1.7648198e-09
0
1.8865315e-09
5.6611461e-26
2.0082432e-09
1.4278631e-20
2.1299549e-09
-1.5071889e-20
2.2516666e-09
0
2.373376e-09
0
2.49509e-09
-8.7257936e-21
2.6168018e-09
0
2.7385135e-09
1.9038175e-20
2.8602252e-09
9.9157573e-21
2.9819368e-09
-1.0312301e-20
3.1036485e-09
-1.0708928e-20
3.2253602e-09
1.1105649e-20
3.3470719e-09
1.9314499e-25
3.4687804e-09
1.1898909e-20
3.5904955e-09
2.459108e-20
3.7122072e-09
0
3.8339189e-09
0
3.9556305e-09
2.2644584e-25
4.0773422e-09
-2.7763888e-20
4.1990539e-09
2.8557143e-20
4.3207614e-09
0
4.4424775e-09
0
4.5641892e-09
0
4.6859009e-09
4.8076126e-09
2.4791556e-23
5.9371494e-11
9.9166224e-23
1.7811448e-10
-1.4874934e-22
2.9685744e-10
0
4.1560046e-10
0
5.3434344e-10
-5.9499734e-22
6.5308637e-10
1.1656317e-26
7.7182942e-10
0
8.905724e-10
1.784992e-21
1.0093154e-09
1.6651882e-26
1.1280586e-09
0
1.2468015e-09
0
1.3655432e-09
0
1.4842875e-09
2.3312634e-26
1.6030305e-09
2.9749867e-21
1.7217735e-09
0
1.8405165e-09
0
1.9592595e-09
1.4279876e-20
2.0780025e-09
0
2.1967455e-09
0
2.3154862e-09
0
2.4342315e-09
0
2.5529745e-09
7.6598659e-26
2.6717175e-09
9.5198776e-21
2.7904605e-09
0
2.9092034e-09
1.0313201e-20
3.0279464e-09
-1.0709952e-20
3.1466894e-09
2.2213141e-20
3.2654324e-09
-1.1503089e-20
3.3841722e-09
1.1899947e-20
3.5029185e-09
0
3.6216615e-09
0
3.7404045e-09
2.6179882e-20
3.8591474e-09
0
3.9778904e-09
0
4.0966334e-09
0
4.2153723e-09
0
4.3341195e-09
0
4.4528625e-09
0
4.5716055e-09
4.6903485e-09
0
5.7887268e-11
0
1.736618e-10
-1.4873512e-22
2.8943631e-10
-3.9663031e-22
4.0521087e-10
4.9578789e-22
5.2098541e-10
-5.9494047e-22
6.3675988e-10
6.941147e-22
7.5253448e-10
-1.5865212e-21
8.6830902e-10
-1.7848214e-21
9.8408355e-10
1.665043e-26
1.0998583e-09
0
1.2156327e-09
0
1.331406e-09
2.5780754e-21
1.4471818e-09
2.7764355e-21
1.5629564e-09
2.9747273e-21
1.6787309e-09
-6.346085e-21
1.7945055e-09
5.6611461e-26
1.91028e-09
7.1393456e-21
2.0260546e-09
-1.5071889e-20
2.1418291e-09
0
2.2576015e-09
-8.3292365e-21
2.3733782e-09
-8.7257936e-21
2.4891528e-09
0
2.6049274e-09
1.9038175e-20
2.7207019e-09
9.9157573e-21
2.8364763e-09
-1.0312475e-20
2.9522509e-09
-1.0708928e-20
3.0680254e-09
1.1105649e-20
3.1838e-09
-1.1502183e-20
3.2995714e-09
1.1898909e-20
3.4153492e-09
2.0646533e-25
3.5311237e-09
-2.538434e-20
3.6468983e-09
-2.61776e-20
3.7626727e-09
2.2644584e-25
3.8784472e-09
-2.7763888e-20
3.9942218e-09
0
4.1099924e-09
0
4.225771e-09
0
4.3415456e-09
0
4.4573201e-09
4.5730947e-09
2.0814852e-28
5.6402912e-11
8.3259408e-28
1.6920874e-10
0
2.8201453e-10
0
3.9482039e-10
0
5.0762621e-10
0
6.2043198e-10
5.8281585e-27
7.3323786e-10
0
8.4604369e-10
1.784992e-21
9.5884951e-10
1.6651882e-26
1.0716555e-09
-2.1816386e-21
1.1844613e-09
0
1.2972659e-09
-2.5783002e-21
1.4100729e-09
5.5533086e-21
1.5228788e-09
2.9749617e-21
1.6356846e-09
0
1.7484905e-09
-6.7432466e-21
1.8612963e-09
0
1.9741021e-09
0
2.086908e-09
6.6607526e-26
2.1997117e-09
8.3298929e-21
2.3125196e-09
8.7266277e-21
2.4253255e-09
7.6598659e-26
2.5381314e-09
9.5198776e-21
2.6509372e-09
-9.9165387e-21
2.7637429e-09
1.0313201e-20
2.8765488e-09
0
2.9893546e-09
9.3250537e-26
3.1021604e-09
9.6580917e-26
3.2149633e-09
1.1899847e-20
3.3277722e-09
0
3.4405781e-09
0
3.5533839e-09
0
3.6661896e-09
-2.6972986e-20
3.7789954e-09
2.7766542e-20
3.8918013e-09
0
4.0046032e-09
0
4.1174131e-09
0
4.2302189e-09
0
4.3430247e-09
4.4558306e-09
0
5.4918687e-11
0
1.6475606e-10
-1.4873637e-22
2.7459341e-10
3.9662698e-22
3.8443081e-10
0
4.9426818e-10
-5.9494547e-22
6.0410549e-10
6.9410887e-22
7.1394293e-10
1.5865079e-21
8.237803e-10
0
9.3361767e-10
0
1.0434552e-09
2.1814667e-21
1.1532925e-09
-4.7595437e-21
1.2631287e-09
2.5780754e-21
1.3729673e-09
2.7764122e-21
1.4828047e-09
-2.9747024e-21
1.5926421e-09
6.3460317e-21
1.7024794e-09
-6.7426587e-21
1.8123168e-09
-7.1392857e-21
1.9221542e-09
0
2.0319916e-09
1.5865212e-20
2.1418269e-09
-8.3292365e-21
2.2516664e-09
8.7258668e-21
2.3615038e-09
-9.122421e-21
2.4713412e-09
0
2.5811786e-09
-9.9156741e-21
2.6910158e-09
-8.6582234e-26
2.8008532e-09
0
2.9106906e-09
1.1105649e-20
3.020528e-09
-2.3004366e-20
3.1303625e-09
-1.1898809e-20
3.2402029e-09
2.459108e-20
3.3500403e-09
2.5384127e-20
3.4598777e-09
0
3.5697149e-09
-2.6970635e-20
3.6795523e-09
2.7764121e-20
3.7893897e-09
-2.8557143e-20
3.8992233e-09
2.9350644e-20
4.0090646e-09
0
4.118902e-09
-6.187407e-20
4.2287393e-09
4.3385767e-09
2.4791556e-23
5.3434331e-11
9.9166224e-23
1.6030299e-10
-1.2488911e-27
2.6717163e-10
-3.966649e-22
3.7404032e-10
0
4.8090898e-10
-4.9955645e-27
5.8777759e-10
6.941694e-22
6.9464631e-10
-1.5866596e-21
8.0151497e-10
1.784992e-21
9.0838363e-10
1.9833245e-21
1.0152525e-09
1.831707e-26
1.1221211e-09
-1.9982258e-26
1.2289885e-09
0
1.3358584e-09
2.3312634e-26
1.4427271e-09
5.9499485e-21
1.5495958e-09
-6.3466383e-21
1.6564644e-09
6.7433032e-21
1.7633331e-09
0
1.8702018e-09
-7.5365698e-21
1.9770704e-09
0
2.0839371e-09
0
2.1908078e-09
7.3268279e-26
2.2976765e-09
9.1232931e-21
2.4045452e-09
0
2.5114139e-09
0
2.6182824e-09
-8.6589784e-26
2.7251511e-09
0
2.8320198e-09
1.1106617e-20
2.9388884e-09
1.1503379e-20
3.0457543e-09
2.3799794e-20
3.1526259e-09
4.9186242e-20
3.2594946e-09
-2.5386553e-20
3.3663633e-09
2.6179882e-20
3.4732318e-09
2.6973213e-20
3.5801005e-09
-2.7766309e-20
3.6869692e-09
0
3.7938342e-09
2.9352957e-20
3.9007066e-09
-3.0146279e-20
4.0075753e-09
3.0939863e-20
4.114444e-09
4.2213126e-09
2.4789394e-23
5.1950105e-11
9.9157578e-23
1.5585032e-10
0
2.597505e-10
3.9662698e-22
3.6365074e-10
0
4.6755095e-10
0
5.714511e-10
5.8276504e-27
6.7535137e-10
1.5865079e-21
7.7925158e-10
0
8.8315179e-10
1.665043e-26
9.870522e-10
0
1.0909523e-09
0
1.1948514e-09
-2.1645559e-26
1.2987528e-09
2.3310601e-26
1.402653e-09
2.9747273e-21
1.5065532e-09
6.3460317e-21
1.6104534e-09
-6.7426587e-21
1.7143536e-09
0
1.8182539e-09
0
1.9221541e-09
6.6601719e-26
2.0260523e-09
0
2.1299545e-09
0
2.2338548e-09
9.1224976e-21
2.337755e-09
-9.5190475e-21
2.4416552e-09
-9.9156741e-21
2.5455554e-09
-8.6582234e-26
2.6494556e-09
0
2.7533558e-09
-2.2211111e-20
2.857256e-09
-1.1502086e-20
2.9611535e-09
1.1898909e-20
3.0650566e-09
-2.4590874e-20
3.1689568e-09
2.5384127e-20
3.272857e-09
2.61776e-20
3.3767571e-09
-2.6970635e-20
3.4806573e-09
2.3310601e-25
3.5845576e-09
0
3.6884542e-09
0
3.7923581e-09
0
3.8962583e-09
0
4.0001586e-09
4.1040588e-09
2.0814852e-28
5.046575e-11
8.3259408e-28
1.5139725e-10
-1.2488911e-27
2.5232873e-10
0
3.5326025e-10
4.9583112e-22
4.5419175e-10
-4.9955645e-27
5.551232e-10
2.0824907e-21
6.5605475e-10
0
7.5698625e-10
1.784992e-21
8.5791775e-10
1.6651882e-26
9.5884944e-10
4.3633139e-21
1.0597809e-09
0
1.1607112e-09
0
1.2616439e-09
5.5533086e-21
1.3625754e-09
0
1.4635069e-09
0
1.5644384e-09
6.7433032e-21
1.6653699e-09
0
1.7663014e-09
0
1.8672329e-09
6.6607526e-26
1.9681625e-09
-6.9937902e-26
2.069096e-09
8.7266277e-21
2.1700275e-09
7.6598659e-26
2.270959e-09
-9.5199575e-21
2.3718905e-09
0
2.4728219e-09
-8.6589784e-26
2.5737535e-09
-1.0710042e-20
2.674685e-09
9.3250537e-26
2.7756165e-09
-1.1503089e-20
2.8765453e-09
0
2.9774796e-09
0
3.0784111e-09
0
3.1793426e-09
0
3.280274e-09
2.6973213e-20
3.3812055e-09
2.3312633e-25
3.482137e-09
0
3.5830651e-09
0
3.6840002e-09
0
3.7849317e-09
2.5976936e-25
3.8858632e-09
3.9867947e-09
2.4789394e-23
4.8981524e-11
9.9157578e-23
1.4694457e-10
-1.4873762e-22
2.449076e-10
0
3.4287067e-10
4.9578789e-22
4.4083372e-10
-5.9495046e-22
5.3879671e-10
-6.9409139e-22
6.3675982e-10
0
7.3472286e-10
-1.7848214e-21
8.3268591e-10
0
9.3064914e-10
4.3629151e-21
1.0286121e-09
-2.3797819e-21
1.1265741e-09
0
1.2245382e-09
2.7764355e-21
1.3225013e-09
2.9747273e-21
1.4204643e-09
0
1.5184274e-09
0
1.6163905e-09
0
1.7143535e-09
0
1.8123166e-09
7.9326062e-21
1.9102778e-09
-6.9931804e-26
2.0082427e-09
8.7257936e-21
2.1062057e-09
-9.122421e-21
2.2041689e-09
-9.5191275e-21
2.3021319e-09
-9.9157573e-21
2.4000949e-09
0
2.4980579e-09
0
2.596021e-09
9.3242406e-26
2.693984e-09
9.6572496e-26
2.7919445e-09
1.1898909e-20
2.8899103e-09
0
2.9878733e-09
0
3.0858364e-09
2.1978566e-25
3.1837993e-09
0
3.2817624e-09
-2.7763888e-20
3.3797254e-09
0
3.4776851e-09
0
3.5756517e-09
0
3.6736147e-09
0
3.7715778e-09
3.8695408e-09
2.4791556e-23
4.7497169e-11
9.9166224e-23
1.4249151e-10
-1.4874809e-22
2.3748582e-10
0
3.3248018e-10
0
4.2747452e-10
-5.9499235e-22
5.2246881e-10
6.941694e-22
6.174632e-10
0
7.1245753e-10
-1.784977e-21
8.0745187e-10
1.6651882e-26
9.0244639e-10
2.1816569e-21
9.9744065e-10
-2.3799694e-21
1.0924339e-09
-5.156622e-21
1.1874293e-09
2.3312634e-26
1.2824237e-09
0
1.377418e-09
0
1.4724124e-09
5.6616397e-26
1.5674067e-09
0
1.6624011e-09
0
1.7573954e-09
-7.9332313e-21
1.852388e-09
-6.9937902e-26
1.9473841e-09
0
2.0423785e-09
-9.1232165e-21
2.1373729e-09
1.9039835e-20
2.2323672e-09
-9.9165387e-21
2.3273615e-09
-8.6589784e-26
2.4223558e-09
0
2.5173501e-09
1.1106617e-20
2.6123445e-09
1.9316183e-25
2.7073363e-09
0
2.8023333e-09
0
2.8973276e-09
0
2.992322e-09
0
3.0873162e-09
2.2646559e-25
3.1823106e-09
0
3.2773049e-09
2.8559873e-20
3.372296e-09
2.9352957e-20
3.4672937e-09
0
3.5622881e-09
3.0939863e-20
3.6572824e-09
3.7522768e-09
-2.4789186e-23
4.6012943e-11
-9.9156745e-23
1.3803883e-10
-1.4873512e-22
2.3006469e-10
0
3.220906e-10
4.9578789e-22
4.1411649e-10
-5.9494047e-22
5.0614233e-10
-6.9409139e-22
5.9816826e-10
0
6.9019415e-10
0
7.8222003e-10
1.9831516e-21
8.7424609e-10
0
9.662719e-10
0
1.0582968e-09
2.5780754e-21
1.1503237e-09
2.7764355e-21
1.2423496e-09
2.9747273e-21
1.3343755e-09
0
1.4264014e-09
5.6611461e-26
1.5184273e-09
1.4278631e-20
1.6104532e-09
-1.5071889e-20
1.7024791e-09
0
1.7945032e-09
0
1.8865309e-09
-8.7257936e-21
1.9785567e-09
0
2.0705827e-09
1.9038175e-20
2.1626086e-09
9.9157573e-21
2.2546344e-09
-1.0312301e-20
2.3466603e-09
-1.0708928e-20
2.4386862e-09
1.1105649e-20
2.5307121e-09
1.9314499e-25
2.6227355e-09
1.1898909e-20
2.714764e-09
2.459108e-20
2.8067899e-09
0
2.8988157e-09
0
2.9908415e-09
2.2644584e-25
3.0828674e-09
-2.7763888e-20
3.1748933e-09
2.8557143e-20
3.2669161e-09
0
3.3589452e-09
0
3.4509711e-09
0
3.542997e-09
3.6350229e-09
2.4789394e-23
4.4528717e-11
9.9157578e-23
1.3358615e-10
0
2.2264356e-10
0
3.1170102e-10
0
4.0075846e-10
0
4.8981584e-10
-6.9409139e-22
5.7887332e-10
0
6.6793076e-10
1.7848364e-21
7.5698819e-10
1.6650429e-26
8.4604579e-10
2.1814667e-21
9.3510315e-10
2.3797819e-21
1.0241596e-09
-2.578097e-21
1.113218e-09
0
1.2022755e-09
0
1.2913329e-09
0
1.3803904e-09
0
1.4694478e-09
0
1.5585053e-09
0
1.6475627e-09
7.9326062e-21
1.7366185e-09
0
1.8256776e-09
8.7258668e-21
1.914735e-09
9.1224976e-21
2.0037925e-09
7.9922061e-26
2.09285e-09
0
2.1819073e-09
0
2.2709648e-09
-1.0708928e-20
2.3600222e-09
-3.3316853e-20
2.4490796e-09
1.1502376e-20
2.5381347e-09
0
2.6271946e-09
0
2.7162521e-09
0
2.8053095e-09
-2.617738e-20
2.8943669e-09
0
2.9834243e-09
-2.7763888e-20
3.0724817e-09
2.3976618e-25
3.1615361e-09
0
3.2505967e-09
0
3.3396542e-09
-3.0936905e-20
3.4287116e-09
3.5177691e-09
2.4791556e-23
4.3044362e-11
9.9166224e-23
1.2913309e-10
0
2.1522179e-10
0
3.0131053e-10
0
3.8739926e-10
0
4.7348794e-10
6.941694e-22
5.5957671e-10
0
6.4566543e-10
1.784992e-21
7.3175415e-10
1.6651882e-26
8.1784304e-10
0
9.0393169e-10
0
9.9001946e-10
-2.1647446e-26
1.0761092e-09
2.3312634e-26
1.1621979e-09
2.4977822e-26
1.2482866e-09
0
1.3343754e-09
6.7433032e-21
1.4204641e-09
-7.1399082e-21
1.5065528e-09
0
1.5926415e-09
-7.9332313e-21
1.6787287e-09
8.3298929e-21
1.764819e-09
0
1.8509077e-09
7.6598659e-26
1.9369965e-09
-9.5198776e-21
2.0230853e-09
-9.9165387e-21
2.1091739e-09
0
2.1952626e-09
2.1419814e-20
2.2813514e-09
2.2213234e-20
2.3674401e-09
1.1503379e-20
2.4535265e-09
9.9911289e-26
2.5396177e-09
2.4593224e-20
2.6257064e-09
0
2.7117951e-09
2.6179882e-20
2.7978838e-09
2.6973213e-20
2.8839725e-09
2.3312633e-25
2.9700612e-09
0
3.056147e-09
-2.9353203e-20
3.1422388e-09
0
3.2283275e-09
3.0939863e-20
3.3144162e-09
3.400505e-09
0
4.1560136e-11
0
1.2468041e-10
-1.4873512e-22
2.0780066e-10
0
2.9092095e-10
4.9578789e-22
3.7404123e-10
-5.9494047e-22
4.5716145e-10
-6.9409139e-22
5.4028177e-10
0
6.2340204e-10
-1.7848214e-21
7.0652231e-10
1.665043e-26
7.8964274e-10
0
8.7276294e-10
0
9.558823e-10
2.5780754e-21
1.0390035e-09
2.7764355e-21
1.1221238e-09
2.9747273e-21
1.2052441e-09
0
1.2883643e-09
5.6611461e-26
1.3714846e-09
7.1393456e-21
1.4546049e-09
-1.5071889e-20
1.5377252e-09
0
1.6208439e-09
0
1.7039657e-09
-8.7257936e-21
1.787086e-09
0
1.8702064e-09
1.9038175e-20
1.9533266e-09
9.9157573e-21
2.0364468e-09
1.0312301e-20
2.1195671e-09
-1.0708928e-20
2.2026874e-09
1.1105649e-20
2.2858077e-09
1.1502376e-20
2.3689257e-09
1.1898909e-20
2.4520483e-09
2.0646533e-25
2.5351686e-09
0
2.6182889e-09
0
2.7014091e-09
2.2644584e-25
2.7845293e-09
-2.7763888e-20
2.8676496e-09
0
2.950767e-09
0
3.0338903e-09
0
3.1170106e-09
0
3.2001308e-09
3.2832511e-09
2.4791556e-23
4.0075781e-11
9.9166224e-23
1.2022734e-10
-1.4874809e-22
2.0037888e-10
0
2.8053047e-10
0
3.6068203e-10
-5.9499235e-22
4.4083355e-10
6.941694e-22
5.2098515e-10
0
6.0113671e-10
-1.784977e-21
6.8128827e-10
1.6651882e-26
7.6143998e-10
2.1816569e-21
8.4159148e-10
-2.3799694e-21
9.2174215e-10
-5.156622e-21
1.0018946e-09
2.3312634e-26
1.0820462e-09
0
1.1621978e-09
0
1.2423493e-09
5.6616397e-26
1.3225009e-09
0
1.4026525e-09
0
1.482804e-09
-7.9332313e-21
1.5629541e-09
-6.9937902e-26
1.6431072e-09
0
1.7232587e-09
-9.1232165e-21
1.8034104e-09
1.9039835e-20
1.8835619e-09
-9.9165387e-21
1.9637134e-09
-8.6589784e-26
2.043865e-09
0
2.1240165e-09
1.1106617e-20
2.2041681e-09
1.9316183e-25
2.2843176e-09
0
2.3644713e-09
0
2.4446229e-09
0
2.5247745e-09
0
2.604926e-09
2.2646559e-25
2.6850775e-09
0
2.7652291e-09
2.8559873e-20
2.8453779e-09
2.9352957e-20
2.9255323e-09
0
3.0056839e-09
3.0939863e-20
3.0858355e-09
3.165987e-09
2.4789394e-23
3.8591555e-11
9.9157578e-23
1.1577466e-10
-1.4873762e-22
1.9295776e-10
0
2.7014088e-10
9.9157161e-22
3.4732399e-10
-5.9495046e-22
4.2450706e-10
6.9410304e-22
5.0169021e-10
0
5.7887332e-10
-3.5696428e-21
6.5605643e-10
0
7.3323969e-10
2.1814667e-21
8.1042273e-10
-2.3797819e-21
8.8760499e-10
0
9.6478897e-10
2.7764355e-21
1.0419721e-09
2.9747273e-21
1.1191552e-09
0
1.1963383e-09
0
1.2735214e-09
-7.1392857e-21
1.3507046e-09
0
1.4278877e-09
7.9326062e-21
1.5050693e-09
-6.9931804e-26
1.5822539e-09
0
1.659437e-09
-9.122421e-21
1.7366202e-09
-9.5191275e-21
1.8138033e-09
-9.9157573e-21
1.8909863e-09
0
1.9681695e-09
0
2.0453526e-09
9.3242406e-26
2.1225357e-09
-2.3004269e-20
2.1997168e-09
1.1898909e-20
2.276902e-09
0
2.3540851e-09
0
2.4312682e-09
2.1978566e-25
2.5084513e-09
0
2.5856344e-09
-2.7763888e-20
2.6628175e-09
-2.8557143e-20
2.739998e-09
0
2.8171838e-09
0
2.8943669e-09
0
2.9715501e-09
3.0487332e-09
2.0814852e-28
3.71072e-11
8.3259408e-28
1.113216e-10
-1.2488911e-27
1.8553598e-10
0
2.597504e-10
4.9583112e-22
3.339648e-10
-4.9955645e-27
4.0817916e-10
2.0824907e-21
4.823936e-10
0
5.56608e-10
1.784992e-21
6.3082239e-10
1.6651882e-26
7.0503693e-10
4.3633139e-21
7.7925127e-10
0
8.5346485e-10
0
9.2768008e-10
5.5533086e-21
1.0018945e-09
0
1.0761089e-09
0
1.1503233e-09
6.7433032e-21
1.2245377e-09
0
1.2987521e-09
0
1.3729665e-09
6.6607526e-26
1.4471795e-09
-6.9937902e-26
1.5213953e-09
8.7266277e-21
1.5956097e-09
7.6598659e-26
1.6698242e-09
-9.5199575e-21
1.7440386e-09
0
1.8182529e-09
-8.6589784e-26
1.8924673e-09
-1.0710042e-20
1.9666817e-09
9.3250537e-26
2.0408961e-09
-1.1503089e-20
2.1151086e-09
0
2.189325e-09
0
2.2635394e-09
0
2.3377538e-09
0
2.4119682e-09
2.6973213e-20
2.4861826e-09
2.3312633e-25
2.560397e-09
0
2.6346088e-09
0
2.7088259e-09
0
2.7830403e-09
2.5976936e-25
2.8572547e-09
2.9314691e-09
0
3.5622974e-11
0
1.0686892e-10
1.4873512e-22
1.7811485e-10
0
2.4936082e-10
-4.9578373e-22
3.2060676e-10
5.9494047e-22
3.9185267e-10
1.1655301e-26
4.6309866e-10
0
5.3434461e-10
1.7848214e-21
6.0559056e-10
-1.9831349e-21
6.7683663e-10
2.1814667e-21
7.4808252e-10
0
8.1932768e-10
-2.578097e-21
8.9057443e-10
-8.3291433e-21
9.6182039e-10
2.9747523e-21
1.0330663e-09
0
1.1043123e-09
6.7427153e-21
1.1755583e-09
-7.1393456e-21
1.2468042e-09
0
1.3180502e-09
6.6601719e-26
1.3892948e-09
0
1.4605421e-09
-8.7258668e-21
1.531788e-09
7.659198e-26
1.603034e-09
0
1.67428e-09
1.9831431e-20
1.7455258e-09
0
1.8167718e-09
0
1.8880178e-09
-2.2211018e-20
1.9592637e-09
-2.3004366e-20
2.0305078e-09
1.1899009e-20
2.1017557e-09
0
2.1730017e-09
0
2.2442476e-09
0
2.3154935e-09
2.6970861e-20
2.3867394e-09
2.3310601e-25
2.4579854e-09
2.8557143e-20
2.5292289e-09
0
2.6004774e-09
-3.0143651e-20
2.6717233e-09
0
2.7429693e-09
2.8142152e-09
2.0814852e-28
3.4138619e-11
8.3259408e-28
1.0241586e-10
-1.2488911e-27
1.7069308e-10
3.966649e-22
2.3897033e-10
-4.9582696e-22
3.0724757e-10
-4.9955645e-27
3.7552477e-10
-6.9415191e-22
4.4380204e-10
1.5866596e-21
5.1207928e-10
-1.784977e-21
5.8035651e-10
1.6651882e-26
6.4863388e-10
-2.1816386e-21
7.1691106e-10
2.3799894e-21
7.8518754e-10
-2.5783218e-21
8.5346555e-10
0
9.2174279e-10
0
9.9002003e-10
6.3466383e-21
1.0582973e-09
6.7433032e-21
1.1265745e-09
7.1399681e-21
1.1948518e-09
0
1.263129e-09
-7.9332313e-21
1.331405e-09
-8.3299628e-21
1.3996835e-09
8.7266277e-21
1.4679607e-09
7.6598659e-26
1.536238e-09
9.5199575e-21
1.6045153e-09
9.916622e-21
1.6727924e-09
-8.6589784e-26
1.7410697e-09
0
1.8093469e-09
-1.1106524e-20
1.8776242e-09
-2.3006372e-20
1.9458996e-09
0
2.0141787e-09
2.4593224e-20
2.082456e-09
2.5386553e-20
2.1507332e-09
2.6179882e-20
2.2190104e-09
2.6973213e-20
2.2872876e-09
2.7766542e-20
2.3555649e-09
0
2.4238398e-09
0
2.4921194e-09
0
2.5603967e-09
3.0939863e-20
2.6286739e-09
2.6969512e-09
0
3.2654393e-11
0
9.7963178e-11
-1.4873637e-22
1.6327195e-10
3.9662698e-22
2.2858075e-10
0
2.9388953e-10
-5.9494547e-22
3.5919828e-10
6.9410887e-22
4.245071e-10
1.5865079e-21
4.8981589e-10
0
5.5512468e-10
0
6.2043358e-10
2.1814667e-21
6.8574231e-10
-4.7595437e-21
7.5105038e-10
5.1561507e-21
8.163599e-10
5.552801e-21
8.8166869e-10
-2.9747024e-21
9.4697748e-10
6.3460317e-21
1.0122863e-09
5.6611461e-26
1.0775951e-09
-7.1392857e-21
1.1429039e-09
0
1.2082126e-09
1.3320344e-25
1.2735202e-09
0
1.3388302e-09
0
1.404139e-09
0
1.4694478e-09
0
1.5347566e-09
-9.9156741e-21
1.6000654e-09
-8.6582234e-26
1.6653742e-09
0
1.7306829e-09
1.1105649e-20
1.7959917e-09
0
1.8612988e-09
-1.1898809e-20
1.9266094e-09
2.459108e-20
1.9919182e-09
2.5384127e-20
2.057227e-09
-2.61776e-20
2.1225357e-09
2.2644584e-25
2.1878445e-09
2.7764121e-20
2.2531533e-09
-2.8557143e-20
2.3184598e-09
0
2.3837709e-09
0
2.4490797e-09
-3.0936905e-20
2.5143885e-09
2.5796973e-09
2.0814852e-28
3.1170037e-11
8.3259408e-28
9.3510112e-11
0
1.5585017e-10
0
2.1819026e-10
0
2.8053034e-10
0
3.4287038e-10
5.8281585e-27
4.0521049e-10
0
4.6755056e-10
1.784992e-21
5.2989064e-10
1.6651882e-26
5.9223083e-10
-2.1816386e-21
6.5457085e-10
0
7.1691023e-10
-2.5783002e-21
7.7925101e-10
5.5533086e-21
8.4159109e-10
2.9749617e-21
9.0393117e-10
0
9.6627125e-10
-6.7432466e-21
1.0286113e-09
0
1.0909514e-09
0
1.1532915e-09
6.6607526e-26
1.2156304e-09
8.3298929e-21
1.2779717e-09
8.7266277e-21
1.3403117e-09
7.6598659e-26
1.4026519e-09
9.5198776e-21
1.4649919e-09
-9.9165387e-21
1.5273319e-09
1.0313201e-20
1.589672e-09
0
1.6520121e-09
9.3250537e-26
1.7143522e-09
9.6580917e-26
1.7766906e-09
1.1899847e-20
1.8390324e-09
0
1.9013725e-09
0
1.9637126e-09
0
2.0260526e-09
-2.6972986e-20
2.0883927e-09
2.7766542e-20
2.1507328e-09
0
2.2130707e-09
0
2.275413e-09
0
2.3377531e-09
0
2.4000931e-09
2.4624332e-09
2.0813037e-28
2.9685812e-11
8.3252148e-28
8.9057435e-11
0
1.4842904e-10
0
2.0780068e-10
0
2.671723e-10
0
3.2654389e-10
-6.9409722e-22
3.8591555e-10
0
4.4528717e-10
-1.7848214e-21
5.046588e-10
1.665043e-26
5.6403053e-10
0
6.234021e-10
0
6.8277307e-10
2.578097e-21
7.4214536e-10
2.3310601e-26
8.0151699e-10
2.9747273e-21
8.6088862e-10
0
9.2026025e-10
0
9.7963188e-10
7.1393456e-21
1.0390035e-09
-7.5359759e-21
1.0983751e-09
6.6601719e-26
1.1577456e-09
8.3291666e-21
1.2171184e-09
-8.7257936e-21
1.27649e-09
-9.122421e-21
1.3358617e-09
9.5191275e-21
1.3952333e-09
8.3252144e-26
1.4546049e-09
0
1.5139765e-09
0
1.5733481e-09
0
1.6327198e-09
9.6572496e-26
1.6920898e-09
1.1898909e-20
1.7514631e-09
2.459108e-20
1.8108347e-09
0
1.8702063e-09
0
1.9295779e-09
0
1.9889495e-09
2.7764121e-20
2.0483212e-09
-2.8557143e-20
2.1076907e-09
-2.9350644e-20
2.1670645e-09
0
2.2264361e-09
-3.0937165e-20
2.2858077e-09
2.3451794e-09
2.4791556e-23
2.8201456e-11
9.9166224e-23
8.4604369e-11
-1.4874934e-22
1.4100727e-10
0
1.9741019e-10
0
2.5381311e-10
-5.9499734e-22
3.1021599e-10
1.1656317e-26
3.6661893e-10
0
4.2302184e-10
1.784992e-21
4.7942476e-10
1.6651882e-26
5.3582777e-10
0
5.9223064e-10
0
6.4863293e-10
0
7.0503647e-10
2.3312634e-26
7.6143939e-10
2.9749867e-21
8.1784231e-10
0
8.7424523e-10
0
9.3064815e-10
1.4279876e-20
9.8705106e-10
0
1.043454e-09
0
1.0998558e-09
0
1.1562598e-09
0
1.2126627e-09
7.6598659e-26
1.2690657e-09
9.5198776e-21
1.3254686e-09
0
1.3818715e-09
1.0313201e-20
1.4382744e-09
-1.0709952e-20
1.4946773e-09
2.2213141e-20
1.5510802e-09
-1.1503089e-20
1.6074816e-09
1.1899947e-20
1.6638861e-09
0
1.720289e-09
0
1.7766919e-09
2.6179882e-20
1.8330948e-09
0
1.8894977e-09
0
1.9459006e-09
0
2.0023016e-09
0
2.0587065e-09
0
2.1151095e-09
0
2.1715124e-09
2.2279153e-09
2.4789394e-23
2.671723e-11
9.9157578e-23
8.0151691e-11
2.9747148e-22
1.3358614e-10
0
1.8702061e-10
0
2.4045507e-10
1.1898859e-21
2.9388951e-10
1.1655301e-26
3.4732399e-10
0
4.0075846e-10
1.4985387e-26
4.5419292e-10
-1.9831349e-21
5.0762748e-10
-2.1814484e-21
5.6106189e-10
-2.3797819e-21
6.1449576e-10
0
6.6793082e-10
-5.5527777e-21
7.2136529e-10
2.9747273e-21
7.7479976e-10
0
8.2823422e-10
5.6611461e-26
8.8166869e-10
0
9.3510315e-10
-7.5359759e-21
9.8853762e-10
6.6601719e-26
1.0419711e-09
-6.9931804e-26
1.0954066e-09
-8.7257936e-21
1.148841e-09
-9.1223444e-21
1.2022755e-09
9.5191275e-21
1.25571e-09
9.9157573e-21
1.3091444e-09
0
1.3625789e-09
-1.0708928e-20
1.4160133e-09
9.3242406e-26
1.4694478e-09
1.1502376e-20
1.5228808e-09
1.1898909e-20
1.5763168e-09
2.459108e-20
1.6297512e-09
0
1.6831857e-09
0
1.7366201e-09
2.2644584e-25
1.7900546e-09
-2.7763888e-20
1.843489e-09
2.8557382e-20
1.8969217e-09
-2.9350644e-20
1.950358e-09
0
2.0037925e-09
-3.0937165e-20
2.057227e-09
2.1106614e-09
2.4791556e-23
2.5232875e-11
9.9166224e-23
7.5698625e-11
0
1.2616436e-10
-3.966649e-22
1.7663013e-10
0
2.2709588e-10
0
2.775616e-10
5.8281584e-27
3.2802738e-10
-1.5866596e-21
3.7849313e-10
-1.784977e-21
4.2895888e-10
1.6651881e-26
4.7942472e-10
-2.1816386e-21
5.2989043e-10
0
5.8035562e-10
-2.5783002e-21
6.3082194e-10
-2.776631e-21
6.8128769e-10
-2.9749617e-21
7.3175345e-10
-6.3466383e-21
7.822192e-10
5.6616396e-26
8.3268496e-10
7.1399681e-21
8.8315071e-10
0
9.3361647e-10
-7.9332313e-21
9.8408127e-10
-6.9937901e-26
1.034548e-09
0
1.0850137e-09
9.1233697e-21
1.1354795e-09
-1.9039835e-20
1.1859453e-09
-9.916622e-21
1.236411e-09
0
1.2868767e-09
-1.0709952e-20
1.3373425e-09
0
1.3878082e-09
1.1503282e-20
1.4382727e-09
-1.1899847e-20
1.4887398e-09
0
1.5392056e-09
-2.5386553e-20
1.5896713e-09
2.6179662e-20
1.640137e-09
2.2646559e-25
1.6906028e-09
2.3312633e-25
1.7410685e-09
-2.8559633e-20
1.7915325e-09
2.9352957e-20
1.8420001e-09
-3.0146279e-20
1.8924658e-09
0
1.9429316e-09
1.9933974e-09
-2.4789186e-23
2.3748649e-11
-9.9156745e-23
7.1245948e-11
-1.2487822e-27
1.1874323e-10
0
1.6624054e-10
0
2.1373784e-10
-4.9951289e-27
2.6123512e-10
-6.9409139e-22
3.0873244e-10
0
3.5622974e-10
1.7848364e-21
4.0372704e-10
1.665043e-26
4.5122442e-10
-2.1814484e-21
4.9872168e-10
0
5.4621846e-10
2.5780754e-21
5.9371629e-10
-5.5527777e-21
6.4121359e-10
-2.9746774e-21
6.8871089e-10
0
7.362082e-10
6.7427153e-21
7.837055e-10
0
8.312028e-10
-7.5359759e-21
8.7870011e-10
6.6601719e-26
9.2619651e-10
0
9.7369471e-10
-8.7258668e-21
1.021192e-09
7.659198e-26
1.0686893e-09
9.5190475e-21
1.1161866e-09
0
1.1636839e-09
1.0312301e-20
1.2111812e-09
2.1417856e-20
1.2586785e-09
2.2211391e-20
1.3061758e-09
-1.1502086e-20
1.3536718e-09
-1.189871e-20
1.4011705e-09
2.459108e-20
1.4486678e-09
0
1.4961651e-09
0
1.5436623e-09
2.6970861e-20
1.5911596e-09
2.7764121e-20
1.6386569e-09
0
1.6861526e-09
-5.8701041e-20
1.7336516e-09
0
1.7811489e-09
0
1.8286462e-09
1.8761435e-09
2.4791556e-23
2.2264294e-11
9.9166224e-23
6.6792882e-11
-1.4874934e-22
1.1132146e-10
3.966649e-22
1.5585006e-10
-4.9582696e-22
2.0037865e-10
-5.9499734e-22
2.4490721e-10
5.8281586e-27
2.8943582e-10
1.5866596e-21
3.3396441e-10
-1.784977e-21
3.78493e-10
1.6651882e-26
4.2302167e-10
-2.1816386e-21
4.6755022e-10
0
5.1207831e-10
-2.5783218e-21
5.566074e-10
-2.776631e-21
6.0113599e-10
2.4977823e-26
6.4566459e-10
6.3466383e-21
6.9019318e-10
6.7433599e-21
7.3472177e-10
5.9946774e-26
7.7925036e-10
7.5365698e-21
8.2377895e-10
-7.9331647e-21
8.683067e-10
0
9.1283614e-10
-8.7265545e-21
9.5736473e-10
0
1.0018933e-09
-9.5198776e-21
1.0464219e-09
-9.9165387e-21
1.0909505e-09
-1.0313287e-20
1.1354791e-09
8.9920158e-26
1.1800077e-09
1.110671e-20
1.2245363e-09
2.3006468e-20
1.2690637e-09
9.9911291e-26
1.3135935e-09
0
1.3581221e-09
2.5386553e-20
1.4026507e-09
0
1.4471792e-09
2.6973439e-20
1.4917078e-09
2.3312634e-25
1.5362364e-09
-5.7119266e-20
1.5807635e-09
0
1.6252936e-09
0
1.6698222e-09
6.1879726e-20
1.7143508e-09
1.7588794e-09
2.0813037e-28
2.0780068e-11
8.3252148e-28
6.2340204e-11
-1.4873637e-22
1.0390033e-10
0
1.4546048e-10
-4.9578789e-22
1.8702061e-10
-5.9494547e-22
2.2858073e-10
6.9410887e-22
2.7014088e-10
0
3.1170102e-10
0
3.5326116e-10
1.9831516e-21
3.9482137e-10
-2.1814484e-21
4.3638147e-10
2.3797619e-21
4.7794115e-10
-2.578097e-21
5.1950175e-10
2.7764122e-21
5.6106189e-10
2.9747273e-21
6.0262203e-10
0
6.4418217e-10
5.6611461e-26
6.8574231e-10
0
7.2730245e-10
-7.5359759e-21
7.6886259e-10
-7.932473e-21
8.1042195e-10
0
8.5198287e-10
7.326189e-26
8.9354301e-10
9.1224976e-21
9.3510318e-10
-9.5190475e-21
9.7666332e-10
0
1.0182234e-09
1.0312301e-20
1.0597836e-09
0
1.1013437e-09
0
1.1429038e-09
1.1502376e-20
1.1844629e-09
1.1898909e-20
1.2260242e-09
0
1.2675843e-09
0
1.3091444e-09
-2.617738e-20
1.3507045e-09
2.2644584e-25
1.3922647e-09
2.7764121e-20
1.4338248e-09
0
1.4753835e-09
0
1.5169451e-09
3.0143651e-20
1.5585053e-09
3.0937165e-20
1.6000654e-09
1.6416256e-09
2.4791556e-23
1.9295713e-11
9.9166224e-23
5.7887138e-11
-1.2488911e-27
9.6478555e-11
0
1.3506999e-10
-9.9165808e-22
1.7366142e-10
-4.9955644e-27
2.1225282e-10
5.8281584e-27
2.5084427e-10
0
2.8943569e-10
-1.784977e-21
3.2802712e-10
-1.9833078e-21
3.6661861e-10
1.8317069e-26
4.0521001e-10
2.3799894e-21
4.4380101e-10
2.5783002e-21
4.8239287e-10
2.7766776e-21
5.209843e-10
0
5.5957573e-10
0
5.9816715e-10
-6.7432466e-21
6.3675858e-10
0
6.7535001e-10
-7.536633e-21
7.1394144e-10
7.9332979e-21
7.5253214e-10
-8.3299628e-21
7.911243e-10
8.726701e-21
8.2971573e-10
7.6598658e-26
8.6830718e-10
0
9.0689861e-10
0
9.4549e-10
0
9.8408143e-10
0
1.0226729e-09
1.1106617e-20
1.0612643e-09
1.1503379e-20
1.0998547e-09
0
1.1384472e-09
0
1.1770386e-09
0
1.21563e-09
-2.6179662e-20
1.2542214e-09
-2.6972986e-20
1.2928129e-09
0
1.3314043e-09
0
1.3699944e-09
0
1.4085872e-09
0
1.4471786e-09
-3.0939863e-20
1.4857701e-09
1.5243615e-09
0
1.7811487e-11
0
5.3434461e-11
-1.2487822e-27
8.9057426e-11
-3.9662698e-22
1.2468041e-10
0
1.6030338e-10
-4.9951289e-27
1.9592634e-10
5.8276504e-27
2.3154933e-10
-1.5865079e-21
2.671723e-10
1.7848364e-21
3.0279528e-10
1.665043e-26
3.3841832e-10
2.1814667e-21
3.7404126e-10
0
4.0966384e-10
2.5780754e-21
4.4528722e-10
2.3310601e-26
4.8091019e-10
2.9747273e-21
5.1653317e-10
-6.3460317e-21
5.5215615e-10
-6.7426587e-21
5.8777913e-10
0
6.234021e-10
0
6.5902508e-10
7.9326062e-21
6.9464738e-10
0
7.3027103e-10
0
7.6589401e-10
1.5318396e-25
8.0151701e-10
0
8.3713999e-10
9.9157573e-21
8.7276292e-10
-1.0312388e-20
9.083859e-10
0
9.4400888e-10
2.2211297e-20
9.7963186e-10
2.3004559e-20
1.0152539e-09
1.1898909e-20
1.0508778e-09
-2.4590874e-20
1.0865008e-09
-2.5384127e-20
1.1221238e-09
0
1.1577467e-09
-2.6970635e-20
1.1933697e-09
2.3310601e-25
1.2289927e-09
-2.8557143e-20
1.2646144e-09
0
1.3002387e-09
-3.0143904e-20
1.3358617e-09
-3.0936905e-20
1.3714846e-09
1.4071076e-09
2.4791556e-23
1.6327132e-11
9.9166224e-23
4.8981395e-11
-2.9749742e-22
8.163565e-11
0
1.1428992e-10
4.9583112e-22
1.4694418e-10
-1.1899897e-21
1.7959843e-10
5.8281586e-27
2.1225271e-10
0
2.4490697e-10
-1.784977e-21
2.7756124e-10
-1.9833078e-21
3.1021556e-10
0
3.428698e-10
-2.3799694e-21
3.755237e-10
-5.156622e-21
4.0817833e-10
-2.776631e-21
4.408326e-10
2.9749867e-21
4.7348686e-10
0
5.0614113e-10
5.6616398e-26
5.387954e-10
0
5.7144966e-10
0
6.0410393e-10
6.6607527e-26
6.3675758e-10
-6.9937903e-26
6.6941246e-10
0
7.0206673e-10
-9.1232165e-21
7.3472101e-10
9.5198776e-21
7.6737528e-10
-9.9165387e-21
8.0002951e-10
-8.6589785e-26
8.3268378e-10
1.0709952e-20
8.6533804e-10
1.1106617e-20
8.9799231e-10
1.9316184e-25
9.3064571e-10
1.1899947e-20
9.6330088e-10
0
9.9595514e-10
0
1.0286094e-09
0
1.0612636e-09
2.2646559e-25
1.0939179e-09
2.7766542e-20
1.1265722e-09
0
1.1592253e-09
2.9352957e-20
1.1918807e-09
0
1.224535e-09
3.0939863e-20
1.2571893e-09
1.2898435e-09
-2.4789186e-23
1.4842906e-11
-9.9156745e-23
4.4528717e-11
0
7.4214522e-11
0
1.0390034e-10
0
1.3358615e-10
0
1.6327195e-10
6.9410887e-22
1.9295777e-10
0
2.2264359e-10
1.4985387e-26
2.523294e-10
1.665043e-26
2.8201526e-10
2.1814667e-21
3.1170105e-10
0
3.4138653e-10
-2.578097e-21
3.7107268e-10
2.3310601e-26
4.0075849e-10
2.9747523e-21
4.3044431e-10
0
4.6013012e-10
5.6611461e-26
4.8981594e-10
1.4278691e-20
5.1950175e-10
7.5359759e-21
5.4918757e-10
7.9326062e-21
5.7887282e-10
8.3291666e-21
6.0855919e-10
8.7258668e-21
6.3824501e-10
7.659198e-26
6.6793084e-10
9.5191275e-21
6.9761665e-10
-9.9156741e-21
7.2730243e-10
-1.0312388e-20
7.5698825e-10
0
7.8667406e-10
-2.2211111e-20
8.1635988e-10
-1.1502086e-20
8.4604491e-10
1.1899009e-20
8.7573154e-10
0
9.0541735e-10
0
9.3510317e-10
2.61776e-20
9.6478895e-10
2.2644584e-25
9.9447476e-10
2.3310601e-25
1.0241606e-09
2.8557382e-20
1.0538454e-09
0
1.0835322e-09
0
1.1132181e-09
-3.0936905e-20
1.1429039e-09
1.1725897e-09
2.0814852e-28
1.335855e-11
8.3259406e-28
4.0075651e-11
1.4874809e-22
6.6792746e-11
3.966649e-22
9.3509853e-11
0
1.2022695e-10
5.9499235e-22
1.4694404e-10
1.3883271e-21
1.7366116e-10
1.5866596e-21
2.0037826e-10
0
2.2709536e-10
-1.9833078e-21
2.5381251e-10
0
2.8052959e-10
0
3.0724639e-10
5.1566437e-21
3.3396379e-10
2.7766543e-21
3.606809e-10
2.9749867e-21
3.87398e-10
6.3466383e-21
4.1411511e-10
0
4.4083221e-10
0
4.6754931e-10
0
4.9426642e-10
-7.9332313e-21
5.2098301e-10
8.3298929e-21
5.4770062e-10
-8.7266277e-21
5.7441773e-10
7.6598658e-26
6.0113485e-10
0
6.2785195e-10
1.9833244e-20
6.5456902e-10
2.0626488e-20
6.8128613e-10
1.0709862e-20
7.0800323e-10
-1.1106524e-20
7.3472033e-10
-2.3006372e-20
7.6143673e-10
1.1899947e-20
7.8815457e-10
0
8.1487167e-10
2.5386553e-20
8.4158878e-10
0
8.6830585e-10
0
8.9502296e-10
-2.7766309e-20
9.2174006e-10
2.8559873e-20
9.4845624e-10
2.9353203e-20
9.7517429e-10
0
1.0018914e-09
3.0940123e-20
1.0286085e-09
1.0553256e-09
2.4789394e-23
1.1874325e-11
9.9157578e-23
3.5622974e-11
-1.4873637e-22
5.9371617e-11
-3.9662698e-22
8.3120272e-11
0
1.0686892e-10
-5.9494547e-22
1.3061756e-10
6.9410887e-22
1.5436622e-10
-1.5865079e-21
1.7811487e-10
-1.7848214e-21
2.0186352e-10
-1.9831349e-21
2.2561221e-10
-4.3629151e-21
2.4936084e-10
0
2.7310923e-10
2.5780754e-21
2.9685814e-10
-2.7763656e-21
3.206068e-10
-2.9747024e-21
3.4435545e-10
-6.3460317e-21
3.681041e-10
5.6611461e-26
3.9185275e-10
7.1393456e-21
4.156014e-10
7.5359759e-21
4.3935005e-10
-7.932473e-21
4.6309826e-10
8.3291666e-21
4.8684736e-10
-8.7257936e-21
5.1059601e-10
7.659198e-26
5.3434467e-10
9.5190475e-21
5.5809332e-10
-9.9156741e-21
5.8184195e-10
-1.0312388e-20
6.055906e-10
1.0708928e-20
6.2933925e-10
2.2211204e-20
6.530879e-10
2.3004462e-20
6.7683593e-10
-1.1898809e-20
7.0058523e-10
0
7.2433389e-10
-2.5384127e-20
7.4808254e-10
-2.617738e-20
7.7183116e-10
2.2644584e-25
7.9557981e-10
2.7764354e-20
8.1932847e-10
-2.8557143e-20
8.430763e-10
0
8.6682579e-10
3.0143904e-20
8.9057445e-10
2.5974671e-25
9.143231e-10
9.3807175e-10
2.4791556e-23
1.0389969e-11
9.9166224e-23
3.1169908e-11
-1.4874934e-22
5.1949841e-11
0
7.2729785e-11
0
9.3509724e-11
-5.9499734e-22
1.1428965e-10
6.941694e-22
1.350696e-10
0
1.5584954e-10
1.784992e-21
1.7662948e-10
1.6651882e-26
1.9740946e-10
0
2.1818938e-10
0
2.3896909e-10
2.5783002e-21
2.5974926e-10
2.3312634e-26
2.805292e-10
2.4977823e-26
3.0130914e-10
0
3.2208908e-10
0
3.4286902e-10
5.9946774e-26
3.6364896e-10
0
3.844289e-10
-7.9332313e-21
4.0520845e-10
8.3298929e-21
4.2598878e-10
0
4.4676872e-10
7.659866e-26
4.6754868e-10
-9.5198776e-21
4.8832862e-10
-9.9165387e-21
5.0910853e-10
0
5.2988847e-10
-8.9920158e-26
5.5066841e-10
1.1106617e-20
5.7144835e-10
9.6580918e-26
5.9222774e-10
9.9911291e-26
6.1300826e-10
0
6.337882e-10
0
6.5456814e-10
2.6179882e-20
6.7534806e-10
0
6.96128e-10
-2.7766309e-20
7.1690794e-10
0
7.3768716e-10
0
7.5846785e-10
0
7.7924778e-10
0
8.0002773e-10
8.2080767e-10
2.4789394e-23
8.9057434e-12
9.9157578e-23
2.671723e-11
-1.4873637e-22
4.4528713e-11
0
6.2340204e-11
0
8.0151691e-11
-5.9494547e-22
9.7963168e-11
5.8276504e-27
1.1577466e-10
0
1.3358615e-10
-1.7848214e-21
1.5139764e-10
1.665043e-26
1.6920916e-10
0
1.8702063e-10
-2.3797619e-21
2.0483192e-10
2.5780754e-21
2.2264361e-10
2.7764355e-21
2.404551e-10
-2.9747024e-21
2.5826658e-10
0
2.7607807e-10
5.6611461e-26
2.9388956e-10
7.1393456e-21
3.1170105e-10
0
3.2951254e-10
6.6601719e-26
3.4732369e-10
0
3.6513552e-10
0
3.82947e-10
9.1224976e-21
4.007585e-10
0
4.1856999e-10
-9.9156741e-21
4.3638146e-10
0
4.5419295e-10
1.0709018e-20
4.7200444e-10
1.1105649e-20
4.8981593e-10
2.3004559e-20
5.0762694e-10
-1.1898809e-20
5.2543892e-10
0
5.4325041e-10
0
5.610619e-10
0
5.7887337e-10
2.2644584e-25
5.9668486e-10
-2.7763888e-20
6.1449635e-10
-2.8557143e-20
6.3230722e-10
-2.9350397e-20
6.5011934e-10
3.0143651e-20
6.6793083e-10
0
6.8574232e-10
7.0355381e-10
2.4791556e-23
7.4213882e-12
9.9166224e-23
2.2264164e-11
-1.4874934e-22
3.7106937e-11
0
5.1949717e-11
9.9165808e-22
6.6792494e-11
-5.9499734e-22
8.1635262e-11
5.8281584e-27
9.6478046e-11
0
1.1132082e-10
-1.784977e-21
1.261636e-10
0
1.410064e-10
0
1.5584917e-10
-2.3799694e-21
1.7069178e-10
-2.1647446e-26
1.8553472e-10
-2.776631e-21
2.003775e-10
2.9749867e-21
2.1522028e-10
0
2.3006306e-10
5.6616396e-26
2.4490583e-10
0
2.5974861e-10
0
2.7459139e-10
7.9332979e-21
2.8943389e-10
-8.3299628e-21
3.0427694e-10
-8.7265545e-21
3.1911972e-10
-9.1232165e-21
3.3396251e-10
0
3.4880529e-10
0
3.6364805e-10
-1.0313287e-20
3.7849083e-10
8.9920155e-26
3.933336e-10
1.1106617e-20
4.0817638e-10
2.3006565e-20
4.2301876e-10
1.1899947e-20
4.3786195e-10
0
4.5270473e-10
0
4.6754751e-10
0
4.8239027e-10
2.2646559e-25
4.9723305e-10
2.7766542e-20
5.1207583e-10
0
5.2691809e-10
0
5.417614e-10
0
5.5660418e-10
3.0939863e-20
5.7144695e-10
5.8628973e-10
-2.4789186e-23
5.9371623e-12
-9.9156745e-23
1.7811487e-11
0
2.9685809e-11
0
4.1560136e-11
-4.9578373e-22
5.343446e-11
0
6.5308779e-11
5.8276504e-27
7.718311e-11
0
8.9057435e-11
1.4985387e-26
1.0093176e-10
1.9831516e-21
1.1280611e-10
2.1814667e-21
1.2468042e-10
0
1.3655461e-10
2.5780754e-21
1.4842907e-10
-2.7763889e-21
1.603034e-10
-2.9747024e-21
1.7217772e-10
0
1.8405205e-10
-6.7426587e-21
1.9592638e-10
-7.1392857e-21
2.078007e-10
0
2.1967503e-10
6.6601719e-26
2.3154913e-10
0
2.4342368e-10
-8.7257936e-21
2.55298e-10
-9.122421e-21
2.6717233e-10
0
2.7904666e-10
0
2.9092097e-10
0
3.027953e-10
-1.0709018e-20
3.1466963e-10
0
3.2654395e-10
9.6572496e-26
3.3841796e-10
-1.1898809e-20
3.5029262e-10
0
3.6216694e-10
0
3.7404127e-10
0
3.8591558e-10
-2.6970635e-20
3.9778991e-10
2.3310601e-25
4.0966423e-10
2.8557382e-20
4.2153815e-10
0
4.334129e-10
0
4.4528722e-10
3.0937165e-20
4.5716155e-10
4.6903587e-10
2.4791556e-23
4.452807e-12
9.9166224e-23
1.3358421e-11
-1.4874934e-22
2.2264033e-11
0
3.1169649e-11
0
4.0075263e-11
-5.9499734e-22
4.8980872e-11
6.941694e-22
5.7886491e-11
0
6.6792105e-11
1.784992e-21
7.5697719e-11
1.6651882e-26
8.4603349e-11
0
9.3508956e-11
0
1.0241447e-10
2.5783002e-21
1.1132019e-10
2.3312634e-26
1.202258e-10
2.4977823e-26
1.2913142e-10
0
1.3803703e-10
0
1.4694264e-10
5.9946774e-26
1.5584826e-10
0
1.6475387e-10
-7.9332313e-21
1.7365932e-10
8.3298929e-21
1.8256511e-10
0
1.9147072e-10
7.659866e-26
2.0037634e-10
-9.5198776e-21
2.0928195e-10
-9.9165387e-21
2.1818756e-10
0
2.2709317e-10
-8.9920158e-26
2.3599879e-10
1.1106617e-20
2.449044e-10
9.6580918e-26
2.5380978e-10
9.9911291e-26
2.6271564e-10
0
2.7162126e-10
0
2.8052687e-10
2.6179882e-20
2.8943248e-10
0
2.9833809e-10
-2.7766309e-20
3.0724371e-10
0
3.1614902e-10
0
3.2505495e-10
0
3.3396056e-10
0
3.4286618e-10
3.5177179e-10
-2.4788978e-23
2.9685811e-12
-9.9155913e-23
8.9057434e-12
1.4873512e-22
1.4842904e-11
-3.9662698e-22
2.0780068e-11
0
2.671723e-11
5.9494047e-22
3.2654389e-11
5.8276504e-27
3.8591555e-11
-1.5865079e-21
4.4528716e-11
0
5.0465879e-11
1.665043e-26
5.6403052e-11
2.1814667e-21
6.234021e-11
2.3797619e-21
6.8277307e-11
5.1561507e-21
7.4214536e-11
2.3310601e-26
8.0151699e-11
-2.9747024e-21
8.6088861e-11
-6.3460317e-21
9.2026024e-11
5.6611461e-26
9.7963187e-11
-7.1393456e-21
1.0390035e-10
-1.5071889e-20
1.0983751e-10
6.6601719e-26
1.1577456e-10
8.3291666e-21
1.2171184e-10
-8.7257936e-21
1.27649e-10
7.659198e-26
1.3358617e-10
0
1.3952333e-10
0
1.4546049e-10
0
1.5139765e-10
1.0709018e-20
1.5733481e-10
0
1.6327197e-10
1.1502473e-20
1.6920898e-10
-1.1898809e-20
1.7514631e-10
0
1.8108347e-10
-2.5384127e-20
1.8702063e-10
-2.617738e-20
1.9295779e-10
2.2644584e-25
1.9889495e-10
2.7764121e-20
2.0483211e-10
-2.8557382e-20
2.1076907e-10
2.9350397e-20
2.1670645e-10
-3.0143904e-20
2.2264361e-10
-3.0936905e-20
2.2858077e-10
2.3451794e-10
2.4791556e-23
1.4842259e-12
9.9166224e-23
4.4526776e-12
0
7.4211287e-12
-3.966649e-22
1.0389581e-11
0
1.3358033e-11
0
1.6326483e-11
5.8281584e-27
1.9294936e-11
-1.5866596e-21
2.2263388e-11
-1.784977e-21
2.523184e-11
1.6651881e-26
2.8200297e-11
-2.1816386e-21
3.1168747e-11
0
3.4137165e-11
-2.5783002e-21
3.710565e-11
-2.776631e-21
4.0074103e-11
-2.9749617e-21
4.3042555e-11
-6.3466383e-21
4.6011007e-11
5.6616396e-26
4.8979458e-11
7.1399681e-21
5.194791e-11
0
5.4916362e-11
-7.9332313e-21
5.7884759e-11
-6.9937901e-26
6.0853266e-11
0
6.3821719e-11
9.1233697e-21
6.6790173e-11
-1.9039835e-20
6.9758625e-11
-9.916622e-21
7.2727074e-11
0
7.5695526e-11
-1.0709952e-20
7.8663977e-11
0
8.1632429e-11
1.1503282e-20
8.4600802e-11
-1.1899847e-20
8.7569337e-11
0
9.0537789e-11
-2.5386553e-20
9.3506242e-11
2.6179662e-20
9.647469e-11
2.2646559e-25
9.944314e-11
2.3312633e-25
1.024116e-10
-2.8559633e-20
1.0537994e-10
2.9352957e-20
1.083485e-10
-3.0146279e-20
1.1131695e-10
0
1.1428541e-10
1.1725386e-10
2.4789394e-23
9.9157578e-23
0
3.9662698e-22
0
0
2.0823033e-21
1.5865079e-21
1.4985387e-26
1.665043e-26
-2.1814484e-21
0
2.5780754e-21
5.5528477e-21
-2.9747024e-21
6.3460317e-21
5.6611461e-26
7.1393456e-21
0
0
0
8.7258668e-21
-1.8244919e-20
0
0
-1.0312388e-20
-2.1417946e-20
2.2211297e-20
3.4506838e-20
-1.1898809e-20
0
2.5384127e-20
2.1978566e-25
2.2644584e-25
0
0
0
0
-3.0937165e-20
)
;

boundaryField
{
    piston
    {
        type            calculated;
        value           nonuniform List<scalar> 
40
(
-1.7811461e-10
-5.3434383e-10
-8.9057296e-10
-1.2468023e-09
-1.6030315e-09
-1.9592605e-09
-2.3154899e-09
-2.6717192e-09
-3.0279484e-09
-3.3841783e-09
-3.7404072e-09
-4.0966325e-09
-4.4528657e-09
-4.8090949e-09
-5.1653242e-09
-5.5215535e-09
-5.8777827e-09
-6.234012e-09
-6.5902412e-09
-6.9464637e-09
-7.3026997e-09
-7.658929e-09
-8.0151584e-09
-8.3713877e-09
-8.7276165e-09
-9.0838458e-09
-9.4400751e-09
-9.7963043e-09
-1.0152524e-08
-1.0508763e-08
-1.0864992e-08
-1.1221222e-08
-1.1577451e-08
-1.193368e-08
-1.2289909e-08
-1.2646126e-08
-1.3002368e-08
-1.3358597e-08
-1.3714827e-08
-1.4071056e-08
)
;
    }
    cylinderHead
    {
        type            calculated;
        value           uniform 0;
    }
    cylinderWall
    {
        type            calculated;
        value           nonuniform List<scalar> 
120
(
0
2.664301e-25
2.6640687e-25
-3.1732659e-20
-3.1730158e-20
3.1733192e-20
2.6640687e-25
2.664301e-25
2.6640687e-25
2.664301e-25
2.6640687e-25
3.1733192e-20
0
3.1733192e-20
3.1730425e-20
-3.1732925e-20
2.6640687e-25
-3.1732925e-20
2.6640687e-25
-3.1732925e-20
-3.1730158e-20
2.664301e-25
2.6640687e-25
-3.1732925e-20
2.6640687e-25
2.664301e-25
2.6640687e-25
0
-3.1730158e-20
0
2.664301e-25
-3.1730158e-20
0
2.6640687e-25
2.664301e-25
2.6640687e-25
-3.1732925e-20
2.6640687e-25
2.664301e-25
-3.1730158e-20
-3.1732925e-20
2.6640687e-25
-3.1732925e-20
2.6640687e-25
0
2.6640687e-25
3.1733192e-20
-3.1730158e-20
3.1733192e-20
2.6640687e-25
0
2.6640687e-25
2.664301e-25
2.6640687e-25
3.1733192e-20
3.1730691e-20
-3.1732659e-20
2.6640687e-25
2.6640687e-25
-3.1732925e-20
3.1730425e-20
2.664301e-25
3.1730425e-20
-3.1732659e-20
0
3.1733192e-20
-3.1729892e-20
2.664301e-25
-3.1730158e-20
2.664301e-25
0
3.1733192e-20
-3.1730158e-20
3.1733192e-20
2.6640687e-25
-3.1732925e-20
2.6640687e-25
-3.1732925e-20
2.6640687e-25
-3.1732925e-20
2.6640687e-25
2.664301e-25
2.6640687e-25
-3.1732925e-20
3.1730425e-20
2.664301e-25
2.6640687e-25
0
2.6640687e-25
-3.1730158e-20
2.664301e-25
2.6640687e-25
0
2.6640687e-25
2.664301e-25
2.6640687e-25
3.1733192e-20
2.6640687e-25
2.664301e-25
-3.1730158e-20
-3.1732925e-20
3.1730425e-20
-3.1732925e-20
-3.1730158e-20
3.1733192e-20
2.6640687e-25
-3.1732925e-20
-3.1730158e-20
3.1733192e-20
3.1730425e-20
-3.1732925e-20
2.6640687e-25
-3.1732925e-20
-3.1730158e-20
3.1733192e-20
2.6640687e-25
-3.1732925e-20
0
-3.1732925e-20
3.1730691e-20
)
;
    }
    wedgeFront
    {
        type            wedge;
        value           nonuniform List<scalar> 
4800
(
4.4356722e-24
-6.197889e-24
-1.0633021e-23
-4.436059e-24
6.197331e-24
-6.1978537e-24
1.0633003e-23
3.5282293e-29
1.7616235e-24
-6.197889e-24
1.7616588e-24
-6.1978537e-24
4.4356722e-24
0
-5.2918825e-29
6.1978361e-24
-4.4356722e-24
-1.0633948e-23
-5.2918825e-29
1.7617771e-24
-4.4357075e-24
4.4360942e-24
-1.0633021e-23
-1.0633948e-23
-4.4356722e-24
-6.197889e-24
3.5279216e-29
3.5282293e-29
4.4357075e-24
4.4356545e-24
3.5282293e-29
4.4357075e-24
3.5282293e-29
3.5279216e-29
0
-4.4356722e-24
-1.0633948e-23
-1.0633021e-23
6.1978714e-24
-4.4357075e-24
1.7617771e-24
-4.4356722e-24
-1.0633948e-23
-4.4356722e-24
6.1978361e-24
-4.4356722e-24
0
6.197331e-24
-6.1978537e-24
6.197331e-24
-1.7617595e-24
1.7616235e-24
3.5282293e-29
1.0633003e-23
3.5282293e-29
6.197331e-24
-4.436059e-24
-1.0633021e-23
0
-4.436059e-24
-5.2918825e-29
-6.197889e-24
-1.0632968e-23
3.5282293e-29
-3.5279216e-29
-6.1978537e-24
-1.7616411e-24
-6.1978537e-24
-1.7639608e-29
6.1978361e-24
8.8713796e-24
-6.1978537e-24
6.197331e-24
0
-4.4356722e-24
6.1978361e-24
-4.4356722e-24
-1.0633948e-23
-4.4356722e-24
1.7617771e-24
-4.4356722e-24
-1.7641146e-29
-5.2918825e-29
-1.0633948e-23
-5.2918825e-29
0
4.4357075e-24
3.5282293e-29
-4.4356722e-24
0
3.5282293e-29
0
-1.7617595e-24
1.7616588e-24
0
-4.4356722e-24
-6.197889e-24
-1.5068693e-23
6.1978714e-24
-4.4357075e-24
1.7617771e-24
-6.1972604e-24
0
3.5279216e-29
-4.436059e-24
1.0633003e-23
1.5070025e-23
4.4356722e-24
-1.0633948e-23
2.6739957e-24
0
6.1972957e-24
-4.436059e-24
-1.7639608e-29
-1.0633948e-23
-1.0633021e-23
-4.436059e-24
2.6740663e-24
6.1978361e-24
6.197331e-24
2.3090645e-23
3.013989e-23
-1.5875647e-28
5.348546e-24
3.013721e-23
-2.4791609e-23
-2.4789447e-23
-7.0471261e-24
-1.239475e-23
5.348546e-24
-3.0137421e-23
-2.4791609e-23
5.3479739e-24
-5.348599e-24
1.0583765e-28
-1.2395831e-23
-1.7742936e-23
-2.1169376e-28
5.3480797e-24
-1.7744271e-23
-3.013758e-23
-2.479145e-23
-1.5875647e-28
-2.1169376e-28
-1.5875647e-28
-1.5877032e-28
-1.5875647e-28
4.7884214e-23
-1.239475e-23
-2.4789341e-23
-1.7744377e-23
-1.239475e-23
4.7884214e-23
-1.5875647e-28
-1.5877032e-28
-1.5875647e-28
-2.1169376e-28
-1.5875647e-28
1.7744112e-23
-3.013758e-23
-1.7744271e-23
1.2394538e-23
-2.3092976e-23
-1.5875647e-28
-5.2923439e-29
-1.5875647e-28
-5.348599e-24
3.013721e-23
-2.4791609e-23
4.7880039e-23
4.7884214e-23
-1.239475e-23
5.348546e-24
-2.4789447e-23
-2.4791609e-23
1.2394538e-23
5.348546e-24
-1.5875647e-28
-5.2918825e-29
-5.348599e-24
1.0583765e-28
3.013989e-23
0
5.348546e-24
5.3479739e-24
-2.4791609e-23
2.478913e-23
-1.2395831e-23
5.3479739e-24
-1.2395778e-23
1.2394538e-23
-2.4791609e-23
3.013721e-23
1.0584688e-28
-1.5875647e-28
-1.2395831e-23
-1.5875647e-28
-2.3092976e-23
5.3479739e-24
-1.7744271e-23
1.2394538e-23
1.7744112e-23
5.3480797e-24
-2.1169376e-28
1.0583765e-28
-1.5877032e-28
1.7742777e-23
4.7884214e-23
1.2394538e-23
5.3480797e-24
-1.7744377e-23
-5.2918825e-29
4.7884214e-23
1.0583765e-28
-1.5877032e-28
-1.5875647e-28
-1.5877032e-28
-4.2532013e-23
1.7744112e-23
-3.013758e-23
-1.7744271e-23
-1.774283e-23
-1.2395725e-23
-1.774283e-23
-1.2395778e-23
-2.4789447e-23
3.0139996e-23
1.0696159e-23
3.5488436e-23
-2.4789183e-23
1.2395619e-23
-5.3482914e-24
-5.348599e-24
5.3479739e-24
-7.0471261e-24
-1.5875647e-28
-5.348599e-24
1.0583765e-28
-1.2395725e-23
1.2394538e-23
-1.0583765e-28
-1.0584688e-28
1.7742422e-23
1.7744269e-23
-1.0583765e-28
3.5488698e-23
1.0696368e-23
1.7744111e-23
1.7742564e-23
1.7744111e-23
-2.9987333e-28
3.5488698e-23
-1.0583765e-28
-3.5488856e-23
-1.0583765e-28
1.7744111e-23
-4.2531958e-23
1.7744111e-23
-1.7742775e-23
1.0697e-23
-4.9578895e-23
2.4791256e-23
1.7742422e-23
1.7744111e-23
-3.5485762e-23
-1.7744322e-23
-7.0468309e-24
2.4791097e-23
-2.47895e-23
5.322822e-23
-7.0474454e-24
-2.47895e-23
2.4791097e-23
-7.0468309e-24
-1.7744322e-23
-3.5485762e-23
1.7744111e-23
1.7742422e-23
-1.0584688e-28
-4.9578895e-23
1.0697e-23
-6.0274998e-23
1.7744111e-23
-1.0696562e-23
3.5488486e-23
-1.0696562e-23
-3.5488856e-23
-1.7742934e-23
3.5488698e-23
2.4789289e-23
4.2535473e-23
1.7742564e-23
-1.0584688e-28
1.0696368e-23
1.0697142e-23
2.4789095e-23
1.7744269e-23
1.7742422e-23
-1.0583765e-28
3.5488345e-23
-1.0583765e-28
-1.0584688e-28
3.1835449e-23
-7.0472866e-24
7.0464605e-24
3.5488698e-23
2.4789289e-23
-1.0584688e-28
1.0696156e-23
5.323272e-23
-1.0583765e-28
3.5488698e-23
-1.0583765e-28
1.409422e-23
-1.0696562e-23
1.7744111e-23
-1.7743128e-23
1.7744111e-23
-6.0274998e-23
1.0697e-23
-6.0274998e-23
-1.0584688e-28
-1.7742775e-23
1.7744111e-23
-1.0583765e-28
-1.7744322e-23
2.4789289e-23
2.4791097e-23
-6.0274998e-23
4.2531764e-23
-7.0474454e-24
-4.2532328e-23
4.2535473e-23
4.9578489e-23
-1.7744322e-23
-3.5485762e-23
-2.646172e-28
-2.4789289e-23
-1.0584688e-28
-4.9578895e-23
1.0697e-23
4.9578277e-23
1.7744111e-23
3.548555e-23
2.479145e-23
1.0696368e-23
1.7744269e-23
-1.7742828e-23
4.2535473e-23
-1.0583765e-28
-6.7327434e-23
7.0462664e-24
1.7744111e-23
1.0696156e-23
1.7744111e-23
1.7742422e-23
1.7744111e-23
3.548525e-23
2.4791256e-23
7.0462664e-24
-6.0275125e-23
6.0279745e-23
-3.548573e-23
-4.9583253e-23
-3.548573e-23
-3.5488825e-23
3.5485307e-23
-3.5488825e-23
-8.5064307e-23
2.4791274e-23
1.2054923e-22
-3.5488825e-23
-3.5485942e-23
-5.6451668e-28
-3.5279216e-28
-6.0280169e-23
3.5485307e-23
-1.069748e-23
-3.5485519e-23
-5.6451668e-28
3.5485307e-23
8.5071302e-23
-3.548573e-23
-1.069748e-23
4.9578224e-23
-3.5489036e-23
3.5485519e-23
6.0279957e-23
-3.5279216e-28
-1.409327e-23
-4.9583253e-23
-3.5279216e-28
6.0279957e-23
3.5485519e-23
-3.5489036e-23
4.9578224e-23
-1.069748e-23
-3.548573e-23
6.0279957e-23
3.5485307e-23
-5.6451668e-28
2.478883e-23
2.4790992e-23
-1.4111687e-28
-6.0280169e-23
-1.4111687e-28
-5.6451668e-28
-7.0558433e-29
-3.5488825e-23
-2.4789465e-23
7.0977155e-23
-8.5064307e-23
-3.5488825e-23
3.5485307e-23
-3.5488825e-23
-3.548573e-23
-4.9583253e-23
-3.548573e-23
2.4789324e-23
-6.0280381e-23
-3.5279216e-28
6.0279745e-23
-1.0696336e-23
-1.4112917e-28
-3.5485942e-23
-3.5488825e-23
-7.0558433e-29
2.4791485e-23
1.0695912e-23
-2.4791697e-23
-1.0696547e-23
-3.5488825e-23
-3.548573e-23
-3.5489248e-23
-1.4111687e-28
-6.0280169e-23
-2.4789536e-23
2.4790992e-23
-5.6446746e-28
-5.6451668e-28
2.478883e-23
-2.4791909e-23
-3.5485519e-23
-1.069748e-23
-3.5279216e-28
-3.5489036e-23
3.5485095e-23
6.0279957e-23
2.478883e-23
3.5485307e-23
-4.9583253e-23
-2.4789536e-23
7.0977155e-23
7.0970437e-23
-3.5489036e-23
4.9578224e-23
2.4791485e-23
1.0696124e-23
6.0279957e-23
3.5485307e-23
-5.6451668e-28
-1.0696336e-23
-2.4791627e-23
-2.8223373e-28
9.5768499e-23
3.5485307e-23
3.5488401e-23
3.5485307e-23
3.5488401e-23
-3.5279216e-28
-1.069748e-23
-4.9578648e-23
-4.9583253e-23
1.0695912e-23
-7.0564584e-29
-3.548573e-23
-4.9583253e-23
-7.0558433e-29
-2.4791627e-23
-7.0558433e-29
4.9578507e-23
-8.5071407e-23
-1.4092988e-23
4.958283e-23
-8.506399e-23
7.0977367e-23
-3.5485942e-23
3.5488472e-23
3.5485377e-23
-1.4094499e-23
-4.957833e-23
7.0977367e-23
4.9578507e-23
4.958283e-23
-8.506399e-23
-4.9582971e-23
-4.957833e-23
8.5070896e-23
7.0971178e-23
1.4112917e-28
7.0970755e-23
-3.5488295e-23
-1.4092988e-23
8.5070896e-23
1.4092847e-23
-2.1394361e-23
2.1392389e-23
-4.9582971e-23
3.5485095e-23
3.5279216e-29
-3.5488719e-23
3.5485095e-23
-4.9582971e-23
2.1392389e-23
3.5282293e-29
1.4092847e-23
8.5070896e-23
-1.4092988e-23
-3.5488295e-23
3.5485377e-23
1.4112917e-28
4.9578507e-23
8.5070896e-23
4.9578224e-23
-4.9582971e-23
4.9578224e-23
4.958283e-23
-4.957833e-23
7.0977367e-23
-7.0970861e-23
-4.9582971e-23
3.5485377e-23
3.5488472e-23
-3.5485942e-23
-1.4112917e-28
-1.409327e-23
4.958283e-23
-1.4092988e-23
-2.8223373e-28
8.5071302e-23
-8.506399e-23
-8.5071407e-23
-4.957893e-23
-8.5072148e-23
-2.8223373e-28
7.0977367e-23
4.9578224e-23
-2.8225834e-28
3.5485095e-23
7.0976943e-23
-2.8223373e-28
7.0977367e-23
-8.506399e-23
-4.9582971e-23
4.9578224e-23
-4.9582971e-23
1.2054954e-22
8.5070896e-23
-2.8223373e-28
1.4112917e-28
4.9578507e-23
-3.5488295e-23
7.0971178e-23
8.5070896e-23
-8.506399e-23
3.5282293e-29
1.4092847e-23
-4.9582971e-23
4.9578507e-23
1.4093164e-23
-3.5488719e-23
4.9578507e-23
-4.9582971e-23
-7.0970861e-23
3.5282293e-29
1.4092847e-23
-4.9582971e-23
-1.0645694e-22
-3.5488295e-23
3.5485377e-23
1.4112917e-28
-4.957893e-23
-7.097719e-23
-4.957893e-23
3.5488189e-23
-3.5485942e-23
-2.8225834e-28
3.5279216e-29
-4.9582971e-23
-2.1392495e-23
-3.5488719e-23
-2.8223373e-28
1.4094393e-23
3.5485095e-23
-2.8225834e-28
-1.4092988e-23
1.4094393e-23
1.4092847e-23
-2.8225834e-28
2.1392389e-23
-4.9578136e-23
7.0977554e-23
-7.097066e-23
2.293349e-28
4.9578418e-23
-2.139416e-23
7.0970942e-23
-4.9582459e-23
-2.1392294e-23
7.0977554e-23
-4.9578736e-23
-2.139416e-23
-4.9578136e-23
6.5272241e-28
-2.1392294e-23
-7.0976848e-23
7.0971365e-23
-2.139416e-23
-4.957856e-23
6.5272241e-28
-4.9578136e-23
-9.9165571e-23
-7.097066e-23
-2.139416e-23
1.2054973e-22
-4.9583059e-23
-7.0971083e-23
2.293349e-28
-4.9578136e-23
4.9578842e-23
-7.0976848e-23
-4.9578136e-23
2.293349e-28
-7.0971083e-23
5.2923439e-29
1.2054973e-22
-2.139416e-23
-7.097066e-23
-9.9165571e-23
2.1392576e-23
6.5272241e-28
4.9579018e-23
4.9582742e-23
4.9579018e-23
6.5272241e-28
4.9579018e-23
6.5272241e-28
7.0970942e-23
-2.139416e-23
4.9578418e-23
2.293349e-28
-2.1392294e-23
2.293349e-28
7.0970942e-23
-2.139416e-23
-7.097066e-23
2.293349e-28
-7.097066e-23
-4.9578136e-23
1.2056024e-22
-2.1392294e-23
7.0977554e-23
-4.9578136e-23
7.097773e-23
6.526655e-28
-2.139416e-23
-4.9578736e-23
-7.0977272e-23
-7.097066e-23
2.1394442e-23
-7.097066e-23
-2.139416e-23
4.9578418e-23
-1.2055996e-22
4.9579018e-23
-7.0976848e-23
4.9579018e-23
4.9582742e-23
4.9579018e-23
6.5272241e-28
4.9579018e-23
6.5272241e-28
-4.957856e-23
-2.139416e-23
-2.1392294e-23
5.2923439e-29
5.2918825e-29
2.293349e-28
4.9579018e-23
1.2054973e-22
-7.0976848e-23
4.9579018e-23
2.293349e-28
5.2918825e-29
5.2923439e-29
1.2054973e-22
2.1395042e-23
2.1392576e-23
-9.9165571e-23
2.1392576e-23
6.5272241e-28
-1.2054945e-22
6.527224e-28
-2.1392294e-23
-1.2055936e-22
7.0970942e-23
1.2056024e-22
-7.097066e-23
4.9583341e-23
5.2918825e-29
5.2923438e-29
-4.9578136e-23
6.5272242e-28
-7.097066e-23
6.527224e-28
-7.097066e-23
6.5272242e-28
-4.9578136e-23
4.9583341e-23
-4.9578136e-23
-7.097072e-23
1.205602e-22
5.9974668e-28
1.7641146e-28
0
7.0977085e-23
7.0970896e-23
-2.139362e-23
-4.9578189e-23
1.205602e-22
-7.097072e-23
7.0977085e-23
-7.097072e-23
1.205602e-22
-4.9578189e-23
-4.2338751e-28
-4.9578189e-23
-4.9583112e-23
-1.2054849e-22
-4.9583112e-23
0
-7.0977331e-23
5.9974668e-28
-4.9583112e-23
-4.9578189e-23
2.1394396e-23
-7.097072e-23
5.9979898e-28
0
-1.2054951e-22
-4.9583112e-23
0
5.9979898e-28
-7.097072e-23
2.1394396e-23
-4.9578189e-23
-4.9583112e-23
5.9974668e-28
-7.0977331e-23
-7.097072e-23
-4.9583112e-23
-4.9577766e-23
-4.9583112e-23
-4.9578189e-23
7.0977085e-23
-4.9578189e-23
1.205602e-22
0
7.0977085e-23
0
5.9979898e-28
-4.9578189e-23
4.9583288e-23
7.0970896e-23
7.0977085e-23
0
1.7641146e-28
5.9974668e-28
-7.097012e-23
-1.2056002e-22
-4.9578189e-23
1.205602e-22
-9.9156731e-23
1.7641146e-28
-7.097072e-23
7.0977085e-23
1.7012805e-22
4.9583288e-23
2.139253e-23
-7.0976908e-23
-7.097072e-23
7.0977085e-23
0
4.9583288e-23
-4.9578189e-23
-4.2338751e-28
-4.9578189e-23
-4.9583112e-23
-4.9577766e-23
-4.9583112e-23
-4.9577766e-23
-7.0977331e-23
-1.2054849e-22
-4.9583112e-23
-4.9578189e-23
2.1394396e-23
-7.097072e-23
5.9979898e-28
-4.9577766e-23
-4.9578189e-23
-4.9583112e-23
-4.9577766e-23
5.9979898e-28
-7.097072e-23
2.1394396e-23
-4.9578189e-23
5.9979898e-28
-1.2054849e-22
-7.0977331e-23
-7.097072e-23
-4.9583112e-23
-9.9156731e-23
-4.9582512e-23
-1.7012787e-22
4.9582689e-23
7.0970896e-23
-4.2338751e-28
-4.233506e-28
5.9979898e-28
-1.2054951e-22
-4.9583112e-23
-7.0970543e-23
-4.9583112e-23
2.139253e-23
-2.139362e-23
5.9974668e-28
-4.9583112e-23
2.8186011e-23
-4.9582512e-23
0
7.0971019e-23
-2.818861e-23
2.1392636e-23
7.0976802e-23
1.205494e-22
-1.0584688e-28
-9.2363356e-23
4.9583006e-23
2.1392231e-23
2.1394096e-23
-2.8186153e-23
-1.0584688e-28
2.1392636e-23
-1.0584688e-28
7.0971019e-23
2.1394502e-23
7.0970614e-23
7.0976802e-23
9.9157878e-23
7.0976802e-23
7.7764518e-23
-1.0584688e-28
2.1392636e-23
7.0976802e-23
1.205494e-22
7.0976802e-23
2.1392231e-23
7.0977208e-23
-2.139306e-23
4.9578683e-23
-7.7771722e-23
-2.139306e-23
7.0977208e-23
2.1392231e-23
1.7014303e-22
1.205494e-22
7.0976802e-23
2.1392636e-23
-4.9582812e-23
9.9156872e-23
7.0976802e-23
-4.9578683e-23
7.0976802e-23
2.1392636e-23
2.1394502e-23
2.1392636e-23
-1.0584688e-28
1.205494e-22
-1.0584688e-28
1.205494e-22
7.0977208e-23
2.1392231e-23
1.2055991e-22
-9.2363356e-23
-1.0584688e-28
1.205494e-22
7.0976802e-23
2.1392636e-23
1.7012819e-22
2.1394096e-23
7.0971019e-23
-2.818861e-23
4.9578683e-23
7.0976802e-23
-7.7764941e-23
-1.0584688e-28
-4.9578489e-23
9.9165518e-23
-4.9578489e-23
1.2056032e-22
2.1392636e-23
-1.0584688e-28
1.205494e-22
9.9165095e-23
2.1392636e-23
2.1394502e-23
2.1392636e-23
7.0976802e-23
-4.9578683e-23
7.0976802e-23
-4.9578683e-23
2.9989949e-28
9.9157878e-23
7.0976802e-23
7.0971019e-23
1.7014303e-22
7.0971019e-23
7.0977208e-23
-4.9578683e-23
-4.9578489e-23
-7.7771722e-23
-7.0971019e-23
7.0977208e-23
2.1392636e-23
1.7014303e-22
1.205494e-22
2.1394096e-23
-9.2363356e-23
-4.9582812e-23
9.9156872e-23
7.0976802e-23
4.9578683e-23
1.2055949e-22
2.1392231e-23
1.701426e-22
-9.2363356e-23
4.9583412e-23
-7.0971425e-23
2.1394096e-23
1.4194234e-22
1.2055991e-22
-4.9579494e-23
-2.818861e-23
-4.9578489e-23
-1.0584688e-28
2.1392636e-23
-2.818861e-23
-2.1392037e-23
-2.818861e-23
1.205494e-22
7.0971319e-23
-2.8188716e-23
-2.8186258e-23
2.8188469e-23
9.9156731e-23
5.9979898e-28
9.9156731e-23
9.9165977e-23
9.9156731e-23
-2.8188716e-23
-9.9157578e-23
5.9979898e-28
5.9974668e-28
0
5.9974668e-28
9.9165377e-23
-9.9157578e-23
7.0977508e-23
-9.9156131e-23
7.0977508e-23
1.7012805e-22
-1.7014313e-22
-2.8186258e-23
7.0977508e-23
-1.701289e-22
0
-9.9157578e-23
-8.4677502e-28
1.7012805e-22
-2.4695451e-28
5.9979898e-28
1.7012805e-22
-8.4677502e-28
-9.9157578e-23
7.0977508e-23
-1.701289e-22
7.0977508e-23
-2.8186258e-23
-9.9166224e-23
7.0971319e-23
7.0977508e-23
-9.9156978e-23
1.7014289e-22
-7.0972166e-23
7.0976661e-23
-7.0972166e-23
0
9.9156731e-23
5.9979898e-28
9.9156731e-23
9.9165377e-23
9.9156731e-23
9.9165977e-23
9.9156731e-23
5.9979898e-28
2.8186011e-23
2.8188469e-23
-2.8186258e-23
-1.701283e-22
5.9979898e-28
5.9974668e-28
-2.8188716e-23
5.9974668e-28
2.8188469e-23
-7.097072e-23
5.9979898e-28
2.8185412e-23
2.8188469e-23
0
9.9165377e-23
-7.097072e-23
5.9979898e-28
9.9156731e-23
9.9165977e-23
-7.0972166e-23
9.9165377e-23
2.8185412e-23
1.7014289e-22
9.9158177e-23
7.0977508e-23
-9.9156978e-23
-2.8188716e-23
-9.9156131e-23
7.0977508e-23
5.9974668e-28
7.0977508e-23
0
-8.4677502e-28
-9.9156978e-23
1.4194204e-22
5.9979898e-28
-9.9156978e-23
9.9165377e-23
0
7.0977508e-23
-1.701289e-22
1.7014289e-22
-2.4695451e-28
-9.9166224e-23
7.0971319e-23
7.0977508e-23
-9.9156978e-23
4.2788192e-23
1.4194119e-22
-2.8189316e-23
9.9156731e-23
-9.9166224e-23
5.9974668e-28
7.0976661e-23
2.8186011e-23
-2.8188716e-23
1.4194204e-22
5.9979898e-28
0
-2.4697604e-28
-2.8186258e-23
5.9979898e-28
1.7012805e-22
7.0976661e-23
2.8186011e-23
7.0970804e-23
1.7014237e-22
-5.2918825e-28
-2.8189232e-23
2.9987334e-28
-9.9165924e-23
7.0970804e-23
-1.4195557e-22
-1.1289349e-27
7.0976992e-23
-7.0970433e-23
-9.9165924e-23
7.0970804e-23
7.0977822e-23
-7.0971862e-23
-9.9165324e-23
-1.1289349e-27
7.0977222e-23
-1.7012801e-22
-2.8189831e-23
-2.8185945e-23
-5.2923439e-28
-5.2918825e-28
7.0977222e-23
7.0970204e-23
-9.9165324e-23
2.9987334e-28
-1.7014285e-22
-1.7012861e-22
-2.8185945e-23
-9.9165924e-23
-1.7012861e-22
-1.7014285e-22
2.9987334e-28
-1.4195414e-22
7.0970204e-23
7.0977222e-23
-5.2918825e-28
7.0976393e-23
-2.8185945e-23
-2.8189831e-23
2.9987334e-28
2.9989949e-28
-5.2918825e-28
-1.7014285e-22
-5.2918825e-28
7.0977822e-23
2.9987334e-28
-9.9165924e-23
2.9987333e-28
-1.7014285e-22
-1.1289349e-27
-1.4195557e-22
7.0970804e-23
-1.2735463e-22
2.9987334e-28
-2.8189232e-23
-5.2918825e-28
1.4194154e-22
-1.2735523e-22
-7.0971862e-23
1.7014237e-22
-2.8186545e-23
-2.8189232e-23
-5.2918825e-28
-9.9165924e-23
-5.2918825e-28
7.0976992e-23
-2.8185945e-23
-7.0977451e-23
9.9157048e-23
-9.9165924e-23
2.9987334e-28
7.0564585e-29
-5.2918825e-28
-9.9165324e-23
-7.0971862e-23
2.9989949e-28
-2.8185945e-23
-2.8189831e-23
2.9987334e-28
7.0976393e-23
-1.7012801e-22
7.0977222e-23
-7.0971862e-23
-1.4195414e-22
9.9157048e-23
-1.7014285e-22
2.9987334e-28
-2.8186545e-23
-9.9165924e-23
2.9987334e-28
-1.7014285e-22
-7.0970433e-23
-1.4195414e-22
7.0970204e-23
-7.0977451e-23
9.9157048e-23
7.0976393e-23
-2.8185945e-23
-2.8189831e-23
4.2784789e-23
-2.8189002e-23
-2.4109934e-22
-1.4195497e-22
7.0970804e-23
-1.7014345e-22
7.0558433e-29
-9.9165324e-23
7.0970204e-23
8.9969845e-28
-9.9157278e-23
-1.9833215e-22
-2.8185945e-23
7.0976992e-23
-5.2918825e-28
-1.9833215e-22
-5.2918825e-28
-7.0977451e-23
2.9987334e-28
9.9157437e-23
7.0976809e-23
2.818611e-23
-7.0976209e-23
-7.0970868e-23
-7.0976209e-23
9.9157437e-23
-2.8188004e-23
-7.0970868e-23
-7.0977056e-23
-3.1206965e-22
-7.0976209e-23
2.818671e-23
7.0564585e-28
-2.1291292e-22
-4.2788558e-23
4.5862981e-28
-2.4111995e-22
-7.0970021e-23
9.9166083e-23
-1.701276e-22
9.9166083e-23
2.818611e-23
-2.4111995e-22
2.4110009e-22
-1.7014243e-22
-9.9157437e-23
9.9166083e-23
-9.9156272e-23
7.0558432e-28
7.0977374e-23
-9.9156272e-23
9.9166083e-23
-9.9157437e-23
-2.8187404e-23
2.4110009e-22
-2.4111995e-22
2.818611e-23
9.9166083e-23
-9.9156872e-23
9.9166083e-23
7.0972032e-23
-2.4111995e-22
2.6928613e-22
-1.1376607e-22
2.6928613e-22
7.0564585e-28
-7.0970868e-23
-7.0976209e-23
9.9158036e-23
2.4112111e-22
-7.0970868e-23
-2.8188004e-23
9.9157437e-23
-7.0976209e-23
-7.0970868e-23
-7.0976209e-23
2.818611e-23
-7.0970868e-23
1.7014303e-22
-2.1291292e-22
7.0976809e-23
2.818611e-23
-7.0976209e-23
2.818671e-23
-7.0976209e-23
-1.4194135e-22
7.097822e-23
-2.8185546e-23
-2.4111995e-22
-7.0970868e-23
-7.0976209e-23
-7.0970868e-23
-9.9165518e-23
2.6928613e-22
-4.2788558e-23
1.2734348e-22
-2.4111995e-22
-7.0970621e-23
9.9166083e-23
7.0972032e-23
9.9166083e-23
-7.0970021e-23
-2.4111995e-22
-2.1291292e-22
-2.8187404e-23
9.9158036e-23
9.9166083e-23
7.0972032e-23
1.701282e-22
7.0977374e-23
1.305331e-27
2.4112111e-22
-7.0969421e-23
-2.8187404e-23
2.4110009e-22
1.4195432e-22
7.0972631e-23
9.9166083e-23
-9.9156872e-23
9.9166083e-23
2.818611e-23
7.0977374e-23
-1.4111687e-28
-9.9166083e-23
9.9157437e-23
7.0977374e-23
7.0558433e-28
-1.4112917e-28
-3.1206965e-22
-2.4111995e-22
2.818611e-23
9.9166083e-23
-2.8185546e-23
-9.9165518e-23
2.818611e-23
9.9166083e-23
-2.8185546e-23
4.586698e-28
-7.0970868e-23
2.4109884e-22
-1.2525214e-27
-4.2785008e-23
9.9164972e-23
-1.4194259e-22
-1.4195412e-22
-1.4194259e-22
-4.0574637e-28
-3.4025608e-22
-1.4195496e-22
4.2784531e-23
-1.4195412e-22
7.7614276e-28
1.9833037e-22
-1.4194174e-22
-4.0574637e-28
4.2784531e-23
-1.4195412e-22
-1.2524122e-27
-7.0564585e-29
-1.4194174e-22
-1.2525214e-27
-4.2785008e-23
-1.4195412e-22
9.9156325e-23
-9.916663e-23
4.2784531e-23
-1.4195496e-22
-1.4194174e-22
-9.9156802e-23
9.9164972e-23
-1.4194174e-22
-1.4195496e-22
4.2784531e-23
-4.0574637e-28
9.9156325e-23
-1.4195412e-22
-4.2785008e-23
9.9164142e-23
-1.4194174e-22
-7.0564585e-29
4.2784531e-23
-1.4195412e-22
-4.2785008e-23
-4.0574637e-28
-4.2785008e-23
1.9833037e-22
-1.4194259e-22
-1.4195412e-22
9.9157507e-23
-1.4195496e-22
-3.4025608e-22
1.9833037e-22
-1.4194259e-22
-1.4195412e-22
-4.2785837e-23
9.9164972e-23
-4.2785008e-23
2.4109884e-22
-1.9833086e-22
-1.4194174e-22
-1.2525214e-27
-9.9156802e-23
9.9164972e-23
-4.2784161e-23
-1.4195412e-22
1.983139e-22
3.4028526e-22
-3.4025689e-22
2.4111986e-22
-2.4109932e-22
-1.4195412e-22
-1.4194259e-22
1.419553e-22
-4.2785008e-23
-4.0574637e-28
-4.2785008e-23
-1.4195412e-22
4.2784531e-23
-7.0564585e-29
4.2784531e-23
-4.2790749e-23
-1.2524122e-27
-1.4195412e-22
-1.4194174e-22
-4.0574637e-28
1.4194211e-22
-1.4195496e-22
4.2784531e-23
9.9158354e-23
9.9164972e-23
9.9156678e-23
-1.4195496e-22
1.4194211e-22
-4.0574637e-28
9.9156325e-23
4.0574637e-28
1.4194126e-22
9.9164142e-23
-1.4194174e-22
-7.0564585e-29
-2.4109932e-22
-9.916663e-23
-5.6372235e-23
1.4195449e-22
-1.4194259e-22
-9.9165818e-23
9.9156325e-23
-1.4195496e-22
-1.4194174e-22
-4.0574636e-28
4.2784531e-23
1.4195364e-22
-3.4025689e-22
-9.916663e-23
-4.2785008e-23
1.4195364e-22
-9.9157172e-23
-9.916663e-23
-4.2785837e-23
1.4194225e-22
7.7621044e-28
-5.6371251e-23
1.4195462e-22
-9.915599e-23
-2.4111967e-22
7.7614276e-28
2.4112e-22
-4.2783946e-23
7.7621044e-28
1.4194306e-22
-2.4111967e-22
7.7614276e-28
1.4195544e-22
-2.8388333e-22
1.5877032e-27
7.7614276e-28
9.9167e-23
7.7614276e-28
-1.4195224e-22
-4.2783099e-23
9.9167e-23
-5.6371251e-23
9.9167e-23
-4.0571099e-28
1.4195544e-22
1.4194306e-22
-5.6376166e-23
-2.4109825e-22
1.5875647e-27
4.2790393e-23
-2.4109825e-22
-5.6376166e-23
1.4194306e-22
4.2789211e-23
-4.0571099e-28
9.9167e-23
-5.6371251e-23
9.9167e-23
4.2786327e-23
-1.4195224e-22
-9.9156325e-23
1.5877032e-27
-1.4194188e-22
-9.9164636e-23
-1.4194188e-22
1.4195544e-22
-9.915599e-23
-2.4111967e-22
1.4194424e-22
-5.6376166e-23
-4.2783946e-23
-5.6376166e-23
7.7614276e-28
-9.9164636e-23
7.7614276e-28
1.4195462e-22
-5.6371251e-23
9.9159165e-23
1.4195544e-22
-2.8388333e-22
7.7621044e-28
9.9158354e-23
1.4195462e-22
-4.2784298e-23
-2.4111967e-22
-1.4194188e-22
-1.5554239e-22
9.9157172e-23
4.2789211e-23
7.7614275e-28
-2.4111967e-22
-9.915599e-23
9.9167e-23
-1.4194188e-22
1.5877032e-27
7.7614276e-28
1.5877032e-27
-9.9156325e-23
-1.4195224e-22
-9.9156325e-23
-1.4195425e-22
7.7614276e-28
9.9167e-23
-2.8388333e-22
4.2789211e-23
2.4110101e-22
-5.6376166e-23
-9.9156325e-23
-9.915599e-23
4.2790393e-23
-9.9156325e-23
-5.6376166e-23
2.8388571e-22
4.2789211e-23
-4.0571099e-28
-4.2788029e-23
-4.2784298e-23
9.9167e-23
4.2786327e-23
-1.4195224e-22
-4.2784298e-23
-4.2788876e-23
1.5875647e-27
4.2789211e-23
7.7614276e-28
-1.9833086e-22
1.5875647e-27
-5.6376166e-23
7.7614276e-28
2.8391046e-22
7.7614276e-28
1.5877032e-27
9.9157172e-23
2.4112e-22
-5.6371251e-23
1.5877032e-27
4.278548e-23
-4.2788876e-23
7.7614276e-28
-1.847266e-22
1.8474424e-22
1.5875647e-27
-1.4195425e-22
9.9157507e-23
-4.2788876e-23
9.9157507e-23
1.9833238e-22
3.4025656e-22
3.8307503e-22
-7.0558432e-29
-4.2788876e-23
-1.847266e-22
9.9166154e-23
9.9157507e-23
-7.0564585e-29
-1.4194188e-22
9.9166154e-23
9.9158354e-23
1.4195378e-22
-9.9157648e-23
-9.9165448e-23
1.5875647e-27
9.9166154e-23
4.278548e-23
-1.419551e-22
-5.6372097e-23
7.7621044e-28
1.9831508e-22
-1.4194068e-22
7.7621044e-28
1.9831508e-22
7.7621044e-28
-5.6372097e-23
5.6377348e-23
4.278548e-23
9.9166154e-23
1.5875647e-27
-9.9165448e-23
-3.9662788e-22
1.4195378e-22
9.9157507e-23
9.9166154e-23
7.7614276e-28
-1.419551e-22
7.7614276e-28
9.9166154e-23
9.9157507e-23
-4.2788876e-23
-7.0558432e-29
7.7621044e-28
3.4025656e-22
1.9833238e-22
9.9157507e-23
-4.2788876e-23
-9.915599e-23
-1.4195425e-22
1.5875647e-27
-4.2784298e-23
4.27884e-23
9.9157507e-23
1.8474424e-22
-1.4194188e-22
-1.4195425e-22
-1.847266e-22
-4.2788876e-23
-4.0571099e-28
9.9166154e-23
1.8472813e-22
4.2789211e-23
-4.2783946e-23
-4.2788876e-23
9.9157507e-23
4.2789211e-23
7.7614276e-28
-7.0564585e-29
-9.9156802e-23
9.9166154e-23
9.9157507e-23
1.4195378e-22
9.9157507e-23
-9.9165448e-23
9.9158354e-23
9.9166154e-23
9.9157507e-23
5.6377348e-23
-2.4109825e-22
7.7621044e-28
9.9157507e-23
7.7614275e-28
7.7621044e-28
7.7614276e-28
7.7621044e-28
-7.0558433e-29
5.6377348e-23
4.278548e-23
-2.4112048e-22
9.9158354e-23
-9.9165448e-23
-3.9662788e-22
1.4195378e-22
-1.4194188e-22
5.6376519e-23
1.4194225e-22
8.5578017e-23
9.9157507e-23
9.9167e-23
1.419414e-22
1.4195581e-22
-1.4194188e-22
-7.0564584e-29
-2.4109945e-22
-9.9165448e-23
1.8472813e-22
2.4112118e-22
1.5875647e-27
-9.9165448e-23
4.2784669e-23
5.6376519e-23
-9.915599e-23
1.4194122e-22
2.41119e-22
-2.2931491e-28
5.9979898e-28
4.2783646e-23
1.4195443e-22
1.4194122e-22
-4.2789035e-23
-9.9158177e-23
1.419536e-22
-2.293149e-28
1.4195443e-22
1.4194122e-22
-9.9165624e-23
1.4194122e-22
1.9833139e-22
-2.2931491e-28
-2.4112065e-22
2.410988e-22
-4.2789035e-23
-4.2785304e-23
1.419536e-22
-2.2931491e-28
-2.4112065e-22
-9.9156978e-23
-1.4289329e-27
4.2784475e-23
3.4028522e-22
-4.2785304e-23
1.983129e-22
-2.4112065e-22
-4.2785304e-23
3.4028522e-22
4.2784475e-23
9.9164795e-23
-9.9156978e-23
-2.4112065e-22
-2.2931491e-28
1.419536e-22
5.6371445e-23
-4.2789035e-23
9.915532e-23
-1.4195526e-22
9.9156519e-23
-1.0584688e-27
9.9156519e-23
-9.9165624e-23
2.410988e-22
1.4195443e-22
-1.4288082e-27
1.4195277e-22
-9.9158177e-23
9.9164795e-23
1.4194122e-22
-5.6378018e-23
4.2783646e-23
5.9979898e-28
-2.2931491e-28
9.9156149e-23
-4.2789035e-23
1.4194122e-22
2.41119e-22
-9.9156978e-23
-2.4112065e-22
1.4194122e-22
1.4195443e-22
1.4194122e-22
-1.4289329e-27
9.9157348e-23
-9.9166453e-23
4.2783646e-23
1.4195443e-22
4.2783646e-23
-1.9833222e-22
9.9156519e-23
1.9833139e-22
-1.0583765e-27
-1.4195526e-22
-9.9159836e-23
-4.2789035e-23
9.915532e-23
1.419536e-22
2.410988e-22
-2.4112065e-22
1.4194122e-22
9.9164795e-23
-1.4194288e-22
3.4028522e-22
9.915532e-23
2.410988e-22
-2.4112065e-22
-4.2786133e-23
1.4195277e-22
-1.4194288e-22
9.9164795e-23
-9.9156978e-23
-2.293349e-28
9.9157348e-23
1.419536e-22
5.6371445e-23
-4.2789035e-23
5.9974668e-28
-1.4195526e-22
-8.5570379e-23
5.9979898e-28
1.4194122e-22
1.4195443e-22
1.4194122e-22
2.41119e-22
-9.9156978e-23
1.9833102e-22
4.2784475e-23
-1.4195443e-22
9.9157348e-23
-2.293349e-28
-2.2931491e-28
-1.4195443e-22
-1.4194288e-22
-4.2789864e-23
2.410988e-22
-1.4194106e-22
4.8224007e-22
1.4194306e-22
1.4195544e-22
4.0571099e-28
-1.4195344e-22
1.4194306e-22
-1.9833204e-22
-1.9831357e-22
3.4028623e-22
5.6372432e-23
-1.4195344e-22
-1.4194106e-22
4.0574637e-28
1.4194306e-22
-1.4195344e-22
1.4194306e-22
1.5877032e-27
-1.4194106e-22
4.0574637e-28
1.9831508e-22
4.0574637e-28
1.4194306e-22
1.5877032e-27
-1.9831475e-22
1.5877032e-27
4.0571099e-28
-1.9833086e-22
1.9831508e-22
5.6372432e-23
1.4195544e-22
1.9831508e-22
-1.9833086e-22
4.0571099e-28
-1.4195344e-22
-1.9831475e-22
1.5877032e-27
1.4194306e-22
4.0574637e-28
1.5875647e-27
4.0574637e-28
-1.4194106e-22
1.4195544e-22
-3.4025622e-22
1.5877032e-27
-3.4025622e-22
4.0574637e-28
-1.9831475e-22
-1.4195344e-22
4.0571098e-28
-1.9833086e-22
-1.9831357e-22
-1.9833204e-22
1.4194306e-22
-1.4195344e-22
4.0571099e-28
1.4195544e-22
1.4194306e-22
-1.4194106e-22
-1.4195344e-22
1.4194306e-22
4.8224007e-22
-3.4025622e-22
1.4195544e-22
-3.4025622e-22
-1.4195344e-22
1.983139e-22
-1.9833204e-22
1.4194188e-22
-5.6377013e-23
-1.4194106e-22
-1.4195344e-22
4.0571099e-28
-1.9833204e-22
-3.4025622e-22
-1.4195344e-22
-3.4025622e-22
1.4195544e-22
1.5875647e-27
4.0574637e-28
-1.4194106e-22
1.4195544e-22
-1.4194106e-22
1.5877032e-27
1.4194306e-22
-1.4195344e-22
5.6372432e-23
-1.9833086e-22
-1.4194106e-22
-1.9831475e-22
1.4195544e-22
-1.4194106e-22
-1.9833086e-22
5.6372432e-23
-1.4195344e-22
-1.9831475e-22
4.0574637e-28
-3.4025622e-22
4.0574637e-28
1.5875647e-27
4.0574637e-28
-1.4194106e-22
1.4195378e-22
-3.4025622e-22
-1.9833204e-22
1.4194306e-22
1.5877031e-27
-1.4194106e-22
1.5877032e-27
-1.4194106e-22
-3.4028589e-22
3.4025537e-22
4.0574637e-28
1.4194188e-22
1.4195544e-22
1.4194306e-22
4.0574637e-28
1.4194306e-22
-7.0564584e-29
-1.9831475e-22
3.9662865e-22
1.4195383e-22
0
-1.4195383e-22
0
-3.4028628e-22
-1.4194145e-22
3.4028582e-22
-6.2414073e-22
0
-1.4194193e-22
-3.4028628e-22
3.9662865e-22
1.4195503e-22
1.1994934e-27
4.8223965e-22
1.983135e-22
1.9833079e-22
-3.4025543e-22
-5.6377419e-23
-1.4194145e-22
1.9833199e-22
0
1.9833079e-22
1.4194265e-22
-5.6377419e-23
1.4194099e-22
2.8391006e-22
-3.4025661e-22
1.983147e-22
1.199598e-27
-3.4025661e-22
2.8391006e-22
1.4194099e-22
-5.6377419e-23
1.4194265e-22
1.9833079e-22
0
1.199598e-27
5.6372044e-23
-5.6377419e-23
-1.4194145e-22
0
1.4194265e-22
2.839072e-22
1.4194265e-22
1.4195503e-22
0
-3.4028628e-22
0
-1.4195503e-22
-6.2414073e-22
3.4028582e-22
-1.4194145e-22
-3.4028628e-22
5.6372044e-23
-1.4195383e-22
0
5.6370845e-23
-3.9666204e-22
1.1994934e-27
1.4195383e-22
0
-4.2586389e-22
-1.6581232e-27
-3.4028628e-22
1.1994934e-27
1.9833079e-22
-1.4194145e-22
-5.6377419e-23
1.983135e-22
-3.4028628e-22
0
2.8390886e-22
1.4194265e-22
4.8223965e-22
3.4025781e-22
0
-1.4194145e-22
-5.6377419e-23
-1.4194145e-22
-1.4195383e-22
-3.4025543e-22
1.9833079e-22
1.1994934e-27
-5.6377419e-23
0
2.8391006e-22
-1.4194145e-22
3.4025615e-22
1.199598e-27
5.6372044e-23
-1.4195503e-22
-8.5569426e-23
-5.6377419e-23
1.4194265e-22
-3.402851e-22
3.4025781e-22
1.199598e-27
5.6372044e-23
-5.6377419e-23
-1.9831516e-22
-5.6378618e-23
0
0
-1.4194145e-22
-5.6377419e-23
1.4194265e-22
0
2.546872e-22
1.4195503e-22
1.1994934e-27
-1.9833125e-22
-1.4194145e-22
1.9833079e-22
0
-1.9833125e-22
5.6373226e-23
-1.9833245e-22
5.6372044e-23
-1.419423e-22
-4.8224096e-22
5.6370016e-23
8.55756e-23
1.4194064e-22
-3.4028547e-22
-4.8220011e-22
5.3861744e-22
2.9197293e-23
-1.9833328e-22
-1.419423e-22
-3.4028547e-22
-8.2906158e-28
1.419542e-22
3.5279216e-28
-3.4028713e-22
3.4025532e-22
-8.2913388e-28
1.4194064e-22
-1.4195468e-22
-1.9831598e-22
-4.8224215e-22
5.6370016e-23
-8.2913388e-28
1.4194182e-22
-1.4195468e-22
-1.419423e-22
-1.4195468e-22
-8.2906158e-28
3.5279216e-28
-8.5577258e-23
-8.2906158e-28
-1.4195468e-22
-1.419423e-22
-8.5577258e-23
1.4194182e-22
-8.2913388e-28
5.6370016e-23
-1.9833446e-22
-2.4871848e-27
-1.4195468e-22
-1.419423e-22
1.9832996e-22
1.4194182e-22
-1.4195468e-22
1.4194182e-22
1.419542e-22
-5.6374514e-23
-3.4028547e-22
-2.0109153e-27
-1.4195468e-22
2.9197293e-23
5.3861744e-22
-4.8220011e-22
-3.4028547e-22
1.4194064e-22
8.55756e-23
5.6370016e-23
3.4025532e-22
-3.4028547e-22
3.5279216e-28
-4.8224096e-22
-5.6373332e-23
2.8390805e-22
-8.2906158e-28
-3.4028547e-22
-1.9831433e-22
3.9666241e-22
-8.2906158e-28
-8.5577258e-23
-8.2906157e-28
-3.4028547e-22
1.4194064e-22
-3.4028665e-22
1.4194182e-22
-3.4028713e-22
-1.9831598e-22
1.9832996e-22
-1.419423e-22
-1.4195468e-22
-1.419423e-22
1.4195302e-22
1.4194064e-22
-8.2913388e-28
3.5279216e-28
-8.5577258e-23
-2.0109153e-27
-1.4195468e-22
-1.419423e-22
6.8051195e-22
-8.5577258e-23
-1.419423e-22
-1.4195468e-22
-2.8388495e-22
-8.5577258e-23
1.4194182e-22
-2.8390971e-22
2.8388329e-22
-1.9833446e-22
-2.4871848e-27
-1.4195468e-22
5.6371674e-23
-5.637943e-23
-8.2906158e-28
-3.4028665e-22
-4.8220011e-22
5.6376113e-23
-3.4025745e-22
-3.4028713e-22
3.4025532e-22
-3.4028713e-22
-1.4194348e-22
-1.4195468e-22
-8.2906158e-28
-2.4874016e-27
5.6370016e-23
-1.4195468e-22
-4.258276e-22
-1.9833328e-22
-5.6374514e-23
-1.419417e-22
1.4289329e-27
-3.4025804e-22
2.293349e-28
-1.419417e-22
-1.4195526e-22
3.4025638e-22
1.419536e-22
9.5253884e-28
1.4289329e-27
8.556872e-23
-1.4195526e-22
-1.9831373e-22
-5.637599e-23
2.8388388e-22
1.419536e-22
-1.9831493e-22
1.419548e-22
-2.2931491e-28
-1.4195408e-22
1.9831373e-22
-1.9833268e-22
-3.4025804e-22
1.419548e-22
-2.2931491e-28
-4.2586414e-22
-5.6372732e-23
5.3861802e-22
1.9831373e-22
-2.8388435e-22
9.526219e-28
1.9831373e-22
5.3861802e-22
-5.6372732e-23
-8.5576658e-23
-2.2931491e-28
1.419548e-22
-3.4025804e-22
-5.6378848e-23
3.9662721e-22
-1.4195408e-22
-8.5570873e-23
-5.637599e-23
-5.6372274e-23
1.419536e-22
-5.6372274e-23
-5.637599e-23
-1.419417e-22
-1.4195526e-22
-2.8388435e-22
3.4028557e-22
9.5253884e-28
1.419536e-22
3.4025638e-22
-1.4195526e-22
1.4194122e-22
2.293349e-28
-3.4025804e-22
5.6373456e-23
-1.4195408e-22
2.8388388e-22
1.4289329e-27
1.9831373e-22
-1.9833222e-22
-1.9831373e-22
-1.4195526e-22
-1.9831493e-22
3.4028605e-22
1.4194242e-22
-3.4028487e-22
-1.9831373e-22
-1.4195526e-22
-1.419417e-22
2.8390863e-22
-5.6372274e-23
1.419536e-22
-5.6372274e-23
-5.637599e-23
-8.5570873e-23
-1.4195408e-22
-8.5570873e-23
-5.6378848e-23
-2.2931491e-28
1.419548e-22
2.8388388e-22
-8.5576658e-23
-1.4194288e-22
5.3861802e-22
-8.5570873e-23
1.9831493e-22
9.526219e-28
-8.5570873e-23
3.4028557e-22
-1.4288083e-27
-8.5576658e-23
-2.2931491e-28
-1.4195408e-22
1.9831325e-22
-5.6378848e-23
3.9662721e-22
-1.4195408e-22
1.4194122e-22
-5.6377189e-23
-2.8388269e-22
-2.2933491e-28
3.4025638e-22
1.9833102e-22
1.4194122e-22
3.9666299e-22
1.4194122e-22
-8.5576658e-23
-1.9831493e-22
-1.4195408e-22
1.4194242e-22
3.4028605e-22
-3.4025804e-22
-1.4195408e-22
5.6372274e-23
-5.6377189e-23
1.4194122e-22
-5.6373823e-23
5.6377062e-23
1.9831348e-22
-1.6759089e-27
0
-1.6759089e-27
0
-1.9833245e-22
-5.6372641e-23
5.6377062e-23
3.4025361e-22
-1.6759089e-27
-1.9831516e-22
1.9832959e-22
-1.6757628e-27
-1.6759089e-27
-1.9831516e-22
-8.557663e-23
-1.4194301e-22
3.4028448e-22
1.9831348e-22
3.9666156e-22
1.9831348e-22
-8.557663e-23
-1.4194251e-22
1.9833195e-22
5.6370965e-23
1.9833077e-22
1.9831348e-22
8.5568692e-23
-2.8391028e-22
1.9831348e-22
1.9833077e-22
5.6370965e-23
5.6377062e-23
-1.4194251e-22
-8.557663e-23
1.9831348e-22
1.9833077e-22
1.9831348e-22
3.4028448e-22
3.4025481e-22
3.4028448e-22
-1.1818537e-27
-1.6759089e-27
-1.1818537e-27
1.9832959e-22
0
-1.6759089e-27
0
5.637588e-23
-5.6372641e-23
-1.6759089e-27
0
3.4028566e-22
0
-1.6759089e-27
1.9831348e-22
1.4194251e-22
-8.557663e-23
-1.6757628e-27
5.6377062e-23
-1.4194133e-22
-1.6759089e-27
-1.9831516e-22
-1.6759089e-27
-1.4194251e-22
1.4195322e-22
-3.4025649e-22
1.9833077e-22
0
-1.6759089e-27
0
4.8223937e-22
-1.1818537e-27
-1.6759089e-27
1.4194133e-22
3.4028448e-22
3.4025481e-22
3.4028448e-22
3.4025481e-22
1.9833077e-22
-1.4194301e-22
-8.557663e-23
-1.6757628e-27
5.6377062e-23
1.9831348e-22
1.9833077e-22
3.4025481e-22
-1.1818537e-27
-2.8391028e-22
5.6372147e-23
5.637588e-23
4.8219613e-22
5.6377062e-23
-1.4194251e-22
3.4028566e-22
2.8388217e-22
1.9833077e-22
1.9831348e-22
3.4028448e-22
-4.82199e-22
3.9666322e-22
-1.1274766e-22
-8.557663e-23
0
-5.6377556e-23
-1.1818537e-27
1.9833077e-22
3.4025481e-22
-1.4195539e-22
-2.8388552e-22
5.6377062e-23
-3.4025649e-22
0
1.9831348e-22
5.6377062e-23
3.4025481e-22
3.9666322e-22
0
-8.557313e-23
-8.2913388e-28
8.5568138e-23
-2.4874016e-27
4.2582309e-22
-8.2913388e-28
-1.4194348e-22
-1.9833328e-22
1.9831267e-22
1.4195302e-22
-5.6374514e-23
-8.2913388e-28
-1.4194514e-22
1.4195254e-22
-3.6690385e-27
1.9832996e-22
-5.6374514e-23
1.9832996e-22
1.4193898e-22
-1.9833446e-22
-1.4194514e-22
-2.4874016e-27
8.5568138e-23
1.9832996e-22
1.4194017e-22
-2.0110907e-27
-3.4025745e-22
-4.8224215e-22
-1.4194514e-22
1.4194064e-22
-8.5578916e-23
-1.4194514e-22
-4.8224215e-22
-3.4025745e-22
5.6375408e-23
1.4194017e-22
1.9832996e-22
8.5568138e-23
-5.637943e-23
-3.4025864e-22
-1.9833446e-22
-8.5571455e-23
1.9832996e-22
8.5568138e-23
1.9832996e-22
8.5568138e-23
1.4195254e-22
1.9831029e-22
-8.2913388e-28
4.8219559e-22
-3.4028713e-22
1.9831267e-22
-1.9833328e-22
-1.4194348e-22
-8.2913388e-28
2.2750959e-22
-2.4874016e-27
8.5568138e-23
1.4193898e-22
-3.4028831e-22
-3.6690385e-27
-8.2913388e-28
-2.8388661e-22
-2.4874016e-27
-2.4871848e-27
-8.2913388e-28
2.8388164e-22
-3.4028831e-22
-2.5468967e-22
-2.4874016e-27
1.4194017e-22
-8.2913388e-28
4.2582309e-22
-2.5470904e-22
8.5568138e-23
1.9832996e-22
-5.6374514e-23
1.9832996e-22
5.6371198e-23
-1.9833446e-22
-8.5571455e-23
1.4195302e-22
1.4193898e-22
1.9832996e-22
-3.6690385e-27
5.6375408e-23
-8.2906158e-28
-4.8224215e-22
-8.5571455e-23
-4.8220011e-22
-8.5578916e-23
5.6370016e-23
-3.4028713e-22
1.4194064e-22
5.6375408e-23
1.4194017e-22
-1.9833328e-22
1.4193898e-22
-5.637943e-23
-3.4025864e-22
-1.9833446e-22
-1.305331e-27
1.419542e-22
5.6370016e-23
-5.386191e-22
-1.4194348e-22
-1.4195752e-22
-3.6690385e-27
-1.4195468e-22
-1.4194348e-22
-2.0110907e-27
-8.2906158e-28
-2.8391136e-22
-2.5468967e-22
-8.2913386e-28
8.5568138e-23
-2.8391136e-22
5.6371198e-23
3.4028499e-22
-3.2104087e-27
-1.0760161e-27
-1.4195611e-22
1.9831408e-22
5.6378724e-23
5.9974668e-28
3.9666382e-22
-1.9831456e-22
5.9979898e-28
-5.6371903e-23
-1.4195611e-22
5.6374285e-23
3.9666382e-22
-1.0760161e-27
1.4195563e-22
-1.9831456e-22
-1.9833305e-22
1.9831694e-22
-1.9833067e-22
5.9974668e-28
1.9833137e-22
-1.9831456e-22
5.6377525e-23
1.9831408e-22
-1.9833067e-22
5.9974668e-28
4.2586449e-22
1.9831576e-22
2.8390778e-22
5.9974668e-28
-8.5570043e-23
-1.9833185e-22
5.9974668e-28
2.8390778e-22
1.9831576e-22
-5.9979898e-28
5.9974668e-28
-1.9833067e-22
1.9831408e-22
5.6377525e-23
-1.0760161e-27
1.9833137e-22
-1.0760161e-27
-3.9666144e-22
5.9974668e-28
2.9199592e-23
5.9974668e-28
1.4195563e-22
5.9974668e-28
3.9666382e-22
1.4194325e-22
2.8390778e-22
-5.6371903e-23
5.9979898e-28
-1.9831456e-22
1.9833137e-22
5.6372609e-23
5.6378724e-23
1.9831408e-22
-1.0760161e-27
1.9833137e-22
-1.9831456e-22
-1.4195611e-22
-1.9831337e-22
-1.4195372e-22
1.9831408e-22
3.9666382e-22
-2.275115e-22
5.9979898e-28
5.6372609e-23
1.4195563e-22
1.9831408e-22
3.9666382e-22
5.9974668e-28
2.8390946e-22
5.9974668e-28
-1.9833305e-22
-3.4025721e-22
-3.9666144e-22
1.9831408e-22
1.9833137e-22
-1.0760161e-27
5.6377525e-23
5.9974668e-28
-1.9833067e-22
-1.9831456e-22
-5.9979898e-28
3.4025673e-22
2.8390778e-22
-1.0760161e-27
5.9974667e-28
-1.9833185e-22
-1.0760161e-27
2.8390778e-22
1.7816004e-27
-5.9979898e-28
5.9974668e-28
5.9979898e-28
1.9831408e-22
5.6377525e-23
-1.0760161e-27
1.9833137e-22
-3.4025603e-22
1.9833255e-22
-1.9831408e-22
1.9833255e-22
-1.9831456e-22
1.4195563e-22
5.9974668e-28
-2.2757079e-27
-5.6373103e-23
-5.9979897e-28
5.6372609e-23
5.9979898e-28
5.6372609e-23
-3.4028688e-22
1.9831408e-22
5.9979898e-28
-5.9974668e-28
1.9833255e-22
5.6372609e-23
-1.127458e-22
8.5575344e-23
-1.9831502e-22
-2.8390971e-22
2.8388326e-22
8.5574674e-23
-8.5569576e-23
3.6948304e-22
3.5279216e-28
8.5575344e-23
1.9831573e-22
8.5574674e-23
-3.9662871e-22
4.8224068e-22
-2.8388495e-22
-2.8390801e-22
1.9831333e-22
-4.8224068e-22
-6.8051235e-22
-4.8224237e-22
2.8388326e-22
2.8390801e-22
-1.9831502e-22
-4.8224068e-22
-8.5571234e-23
-2.046373e-27
2.0461945e-27
6.8057335e-22
-2.0461945e-27
-1.305331e-27
-1.9833062e-22
-2.0461945e-27
6.8057335e-22
2.0461945e-27
-2.046373e-27
-8.5571234e-23
-4.8224068e-22
-1.9831502e-22
2.8390801e-22
2.8388326e-22
-4.8224237e-22
-2.8388495e-22
-4.8224068e-22
-8.5571234e-23
2.046373e-27
-8.5571234e-23
4.8224068e-22
6.8051401e-22
8.5574674e-23
4.8219863e-22
8.5575344e-23
3.5279216e-28
-3.9666329e-22
-8.5569576e-23
2.8390734e-22
-8.5568871e-23
-2.8390971e-22
-1.9831502e-22
3.5279216e-28
-4.8224237e-22
-2.8388495e-22
8.5575344e-23
6.8051235e-22
-2.8390971e-22
-6.8051401e-22
8.5574674e-23
1.9831333e-22
-4.8224068e-22
8.5569576e-23
4.8224068e-22
-1.9831333e-22
8.5574674e-23
2.8388326e-22
1.9833302e-22
-8.5571234e-23
-2.8390801e-22
-8.5571234e-23
-4.8224068e-22
3.5279216e-28
-4.8224237e-22
-2.8388495e-22
-2.046373e-27
-6.8051235e-22
-4.8224068e-22
-2.8388495e-22
-2.046373e-27
4.8219863e-22
6.8057335e-22
-2.8388495e-22
2.8388326e-22
-1.9833062e-22
-2.0461945e-27
8.5575344e-23
1.9831573e-22
-2.046373e-27
-8.5571234e-23
3.5282293e-28
1.127458e-22
2.8390801e-22
2.8388326e-22
-4.8224237e-22
6.8051235e-22
1.1275563e-22
4.8219863e-22
1.9833302e-22
-8.5569576e-23
-2.8391041e-22
2.8388326e-22
8.5575344e-23
1.9831167e-22
-1.9833471e-22
8.5567883e-23
-6.8057335e-22
8.5569576e-23
3.6948304e-22
-1.9831502e-22
-6.8057335e-22
-3.9662945e-22
3.9666329e-22
3.1106188e-22
-8.5572504e-23
-1.199598e-27
-1.9831448e-22
8.5576632e-23
-8.556917e-23
1.9833343e-22
-2.8388411e-22
-1.9833103e-22
1.9831448e-22
-1.9833177e-22
-3.9662941e-22
1.9833343e-22
-6.8051232e-22
8.5576632e-23
-4.8219904e-22
1.9832937e-22
-8.556917e-23
-8.557829e-23
-1.9831613e-22
-8.557829e-23
4.8219571e-22
1.9832937e-22
-1.9831448e-22
-8.557829e-23
3.9662701e-22
8.557829e-23
-1.9831613e-22
-8.5579966e-23
5.9494027e-22
-1.9831613e-22
1.1275394e-22
5.9494027e-22
-8.5579966e-23
-1.9831613e-22
8.557829e-23
3.9662701e-22
-8.557829e-23
-1.9831448e-22
-1.9833177e-22
8.556917e-23
-8.557829e-23
-1.1994934e-27
4.8223707e-22
-8.556917e-23
4.8223943e-22
-8.556917e-23
8.5576632e-23
-2.8388411e-22
1.9833343e-22
1.9831613e-22
5.9499455e-22
1.9831448e-22
-1.9833103e-22
-2.8388411e-22
-2.8390886e-22
1.9831374e-22
8.5576632e-23
-1.9831448e-22
-2.8388411e-22
-2.8390886e-22
-4.8219904e-22
-1.199598e-27
-8.556917e-23
-1.199598e-27
-2.8388245e-22
1.9833343e-22
-1.9831613e-22
-8.5576632e-23
2.8388411e-22
2.8390815e-22
-2.8388245e-22
1.9833343e-22
-8.556917e-23
-2.8390886e-22
-8.556917e-23
1.9832937e-22
-8.556917e-23
4.8223707e-22
-1.1994934e-27
-8.557829e-23
-1.1994934e-27
-1.9833177e-22
-1.9831613e-22
-8.557829e-23
-4.8219904e-22
8.557829e-23
3.9662941e-22
-8.5579966e-23
-1.1994934e-27
4.8219738e-22
1.1275394e-22
-1.1994934e-27
5.9499455e-22
2.8388576e-22
8.557829e-23
3.9662701e-22
1.199598e-27
4.8219738e-22
-1.9833177e-22
8.556917e-23
-8.557829e-23
-1.9831374e-22
1.9833103e-22
-1.9831613e-22
1.9833103e-22
-2.8388411e-22
-2.8390886e-22
3.9662701e-22
1.1275226e-22
3.9662867e-22
4.586698e-28
-2.8388411e-22
-8.557829e-23
2.8388411e-22
-2.8390886e-22
-1.9831448e-22
-8.557829e-23
1.1274576e-22
1.9833103e-22
-1.1994934e-27
1.9831601e-22
3.9666387e-22
3.7043177e-28
-1.9832948e-22
8.557074e-23
-4.8223954e-22
2.83884e-22
-8.5576755e-23
-8.5567618e-23
4.8224098e-22
1.9831197e-22
-4.8223954e-22
4.8219893e-22
-1.3054448e-27
8.5572398e-23
3.7046407e-28
-1.9831291e-22
-2.8390731e-22
2.8388568e-22
2.8391043e-22
-3.694546e-22
-4.8223954e-22
3.7043177e-28
-2.8390731e-22
2.8388568e-22
8.5578202e-23
-3.9662784e-22
1.9833092e-22
-3.694546e-22
-4.8219749e-22
-1.3054448e-27
-3.694546e-22
1.9833092e-22
-3.9662784e-22
-1.9833186e-22
2.8388568e-22
-2.8390731e-22
3.7043177e-28
-4.8223954e-22
-7.6608113e-22
2.8391043e-22
8.557074e-23
-2.8390731e-22
2.8388568e-22
3.7046407e-28
2.8388568e-22
-1.3054448e-27
8.557074e-23
-4.8223954e-22
2.8388568e-22
1.9833092e-22
-8.5567618e-23
1.9833092e-22
2.83884e-22
1.9833498e-22
1.0760161e-27
-1.9832948e-22
3.7043177e-28
6.8051387e-22
2.8391043e-22
8.5572398e-23
3.9666387e-22
-2.8388423e-22
-1.9832948e-22
4.8219893e-22
-4.8223954e-22
6.8051147e-22
1.9833092e-22
-1.9831456e-22
-8.5576755e-23
2.83884e-22
-4.8223954e-22
8.557074e-23
-6.805701e-22
2.8388568e-22
3.7046407e-28
2.8388568e-22
-2.8390731e-22
8.557074e-23
2.8391043e-22
8.557074e-23
-4.8223954e-22
2.8388568e-22
-2.8390731e-22
8.5572398e-23
-1.9833186e-22
8.5572398e-23
1.9833092e-22
8.557074e-23
3.7043177e-28
-1.3054448e-27
-1.9831218e-22
1.9833092e-22
6.8051221e-22
-1.9833186e-22
2.8388568e-22
-4.8223954e-22
1.9831363e-22
-4.8223954e-22
-7.6608113e-22
2.8391043e-22
-2.8388423e-22
1.9833092e-22
-3.9662546e-22
-1.983302e-22
2.83884e-22
1.983333e-22
-1.9831456e-22
4.8224098e-22
8.5572398e-23
3.7046407e-28
1.9831531e-22
4.8224098e-22
-1.9831456e-22
1.983333e-22
3.7043177e-28
4.8224098e-22
-3.1105747e-22
3.7046407e-28
1.0760161e-27
-4.9390903e-28
2.839072e-22
-1.9831656e-22
-2.8391055e-22
-4.9390903e-28
3.9666318e-22
-2.838834e-22
-1.1275478e-22
-3.9662957e-22
8.5576209e-23
-8.5570423e-23
3.9666318e-22
-4.9390903e-28
1.1819568e-27
-8.5570423e-23
1.1819568e-27
1.9831488e-22
8.5578573e-23
1.1818537e-27
1.1819568e-27
2.8388412e-22
-1.7115288e-22
-1.9831656e-22
8.5578573e-23
-3.9662957e-22
6.8057088e-22
-5.6776703e-22
2.8578657e-27
2.8388412e-22
-4.9390902e-28
-2.8390648e-22
2.8388412e-22
2.8578657e-27
-5.6776703e-22
6.8057088e-22
-3.9662957e-22
8.5578573e-23
-1.9831656e-22
3.9666248e-22
4.8219782e-22
1.1819568e-27
-1.9831587e-22
8.5578573e-23
-1.9831587e-22
8.5578573e-23
-1.9831587e-22
1.1819568e-27
-4.9390903e-28
3.9666318e-22
2.8388481e-22
-1.9832981e-22
-3.9662957e-22
-1.1275478e-22
-2.838834e-22
5.9499585e-22
-4.9390903e-28
-2.8391055e-22
-1.9831656e-22
-1.9831656e-22
1.1819568e-27
-8.5570423e-23
2.839072e-22
2.8388412e-22
-1.9833316e-22
-1.9831587e-22
3.9666318e-22
-3.1106033e-22
8.5577885e-23
5.6776775e-22
-4.8224155e-22
-4.9390902e-28
3.9666318e-22
-4.9390903e-28
1.1819568e-27
-1.9831587e-22
1.1819568e-27
-2.838858e-22
8.5578573e-23
-1.9831587e-22
1.1819568e-27
-1.9831587e-22
1.9832981e-22
1.1818537e-27
8.5578573e-23
-8.5570423e-23
6.8057088e-22
8.5571111e-23
2.8578657e-27
-1.9831587e-22
1.1818537e-27
-2.8390648e-22
-1.9831587e-22
-1.9832981e-22
2.8388481e-22
6.8057088e-22
-3.9662957e-22
-1.9833149e-22
1.1818537e-27
3.9666248e-22
4.8219782e-22
1.1819568e-27
-1.1818537e-27
8.5578573e-23
-3.1105867e-22
-4.8224155e-22
-2.838834e-22
8.5576209e-23
-3.9662957e-22
-3.9666248e-22
-4.9390903e-28
8.7890355e-22
-2.8388412e-22
-2.8390648e-22
5.6776775e-22
-1.1275478e-22
-1.9831656e-22
-2.8390648e-22
-3.9662789e-22
8.5578573e-23
-4.9390903e-28
3.7043177e-28
-1.983302e-22
3.7043177e-28
-2.8390898e-22
-3.9662617e-22
8.5577461e-23
1.1274494e-22
-8.5575079e-23
-4.8219749e-22
-3.9666075e-22
2.8388568e-22
8.5577461e-23
2.8388328e-22
3.7046407e-28
-3.9662784e-22
-4.8223788e-22
-8.5571675e-23
-5.9499298e-22
-4.8219821e-22
-4.8223788e-22
-2.8388255e-22
2.0287318e-27
3.7043177e-28
-5.9499298e-22
4.8219821e-22
-2.8390969e-22
2.8388568e-22
4.8224266e-22
-2.8388255e-22
2.8388568e-22
2.8391043e-22
-2.8388255e-22
4.8224266e-22
2.8388568e-22
1.983326e-22
4.8219821e-22
-5.9499298e-22
3.7043177e-28
2.0287318e-27
-1.9831291e-22
-4.8223788e-22
-1.9831456e-22
-1.9833186e-22
2.0285549e-27
-4.8223788e-22
2.0285549e-27
3.7046407e-28
-3.9662617e-22
8.5577461e-23
-3.9662617e-22
-8.5577461e-23
-4.8219749e-22
-8.5575079e-23
1.1274494e-22
1.7115529e-22
-1.9831291e-22
-2.8390898e-22
3.7043177e-28
3.9662856e-22
1.9833092e-22
-3.9662784e-22
-1.983302e-22
1.1274326e-22
-2.8390898e-22
3.9662784e-22
8.5577461e-23
2.8388733e-22
-2.8390731e-22
3.7043177e-28
-1.3054448e-27
2.8388328e-22
8.5577461e-23
-3.9662617e-22
3.7046407e-28
2.0285549e-27
-4.8223788e-22
2.8388733e-22
-1.9833186e-22
-1.9831456e-22
-4.8223788e-22
-1.9831456e-22
-3.9666243e-22
-4.8219821e-22
-5.9499298e-22
-3.9662784e-22
1.983326e-22
1.9831363e-22
4.8224266e-22
-1.9831456e-22
-1.9831456e-22
2.8391043e-22
-1.9831456e-22
-8.5577461e-23
3.7043177e-28
1.983326e-22
4.8219821e-22
1.9833092e-22
2.8388568e-22
2.0287318e-27
-1.9831291e-22
-4.8223788e-22
3.9662856e-22
-5.6781737e-22
2.8388568e-22
-8.5576755e-23
1.1274494e-22
-1.9833186e-22
-5.9493944e-22
3.7046408e-28
3.7043177e-28
3.7046407e-28
1.9831363e-22
3.7046408e-28
3.7043177e-28
-2.8390731e-22
3.7043177e-28
3.7046408e-28
3.7043177e-28
-2.8390969e-22
-1.9831291e-22
8.5569576e-23
2.046373e-27
-2.8388661e-22
-1.3054448e-27
1.9831573e-22
5.6781977e-22
3.5279216e-28
8.5579437e-23
5.6777026e-22
2.046373e-27
-2.8388259e-22
5.6781977e-22
8.5569576e-23
3.9666403e-22
3.6945319e-22
-3.9666329e-22
-1.9831502e-22
1.9833136e-22
4.8219698e-22
-2.8391136e-22
1.9831573e-22
-5.949943e-22
-2.8388661e-22
1.9833136e-22
-1.9831573e-22
2.046373e-27
-2.8388259e-22
-3.6948639e-22
1.9831573e-22
3.5279216e-28
3.5282293e-28
1.9831573e-22
-3.6948639e-22
-2.8388259e-22
2.046373e-27
-1.9831573e-22
1.9833136e-22
-2.8388661e-22
-5.949943e-22
1.9831573e-22
-2.8391136e-22
-1.9831502e-22
1.9833136e-22
3.9662539e-22
-3.9666329e-22
3.9662539e-22
3.9666403e-22
1.9831573e-22
5.6781977e-22
3.5279216e-28
-3.6948639e-22
5.6777026e-22
2.8391041e-22
3.5279216e-28
-3.9666569e-22
3.9662945e-22
-1.3054448e-27
-2.8388661e-22
-4.8220033e-22
-2.8391136e-22
3.6945319e-22
2.046373e-27
-1.9831333e-22
-2.8391136e-22
8.5569576e-23
5.6781977e-22
8.5567883e-23
1.9833302e-22
8.5569576e-23
2.8391041e-22
2.8388495e-22
5.6781977e-22
1.9831573e-22
3.9666403e-22
3.9662539e-22
-3.9666329e-22
3.9662539e-22
1.9833136e-22
3.5279216e-28
-2.8391136e-22
-1.9831502e-22
-3.1108424e-22
4.8219698e-22
1.9833136e-22
3.6945319e-22
2.046373e-27
-1.9831333e-22
-3.6948639e-22
-1.9831502e-22
-2.8388661e-22
3.5282293e-28
-1.9831502e-22
-3.6948639e-22
-2.8388259e-22
2.046373e-27
-1.9831573e-22
1.9833302e-22
6.8051235e-22
-5.949943e-22
1.9831573e-22
-2.8391136e-22
8.5571975e-23
1.9833302e-22
-1.9831333e-22
1.1275397e-22
3.5279216e-28
-4.8224001e-22
-1.9831502e-22
1.1275634e-22
-1.9831333e-22
8.5579437e-23
2.8388566e-22
-4.8224237e-22
8.5569576e-23
2.0463729e-27
-2.8388661e-22
-4.8224237e-22
2.8388326e-22
4.8224068e-22
3.9662945e-22
1.9831488e-22
-8.5575933e-23
-3.9662789e-22
-2.839086e-22
-1.9831419e-22
4.8224127e-22
-4.8219755e-22
-1.1275506e-22
-1.9831656e-22
-8.5575933e-23
1.1274763e-22
4.8224127e-22
1.9831488e-22
-6.533931e-22
-8.5570835e-23
-6.8057226e-22
-3.9663026e-22
-6.8056986e-22
3.966286e-22
6.8057394e-22
-4.8219922e-22
-4.939521e-28
-3.9662789e-22
-6.8056986e-22
-4.9390903e-28
-3.9666248e-22
2.8388552e-22
8.5579267e-23
-4.8219922e-22
7.6608258e-22
-1.9833149e-22
-4.8219922e-22
8.5579267e-23
2.8388552e-22
-4.8223959e-22
-4.9390903e-28
-6.8056986e-22
-3.9662789e-22
-1.9833149e-22
-4.8219922e-22
6.8057394e-22
-8.5570148e-23
-8.5576868e-23
-2.8388312e-22
-4.8223959e-22
-2.8388312e-22
-6.533931e-22
1.9831656e-22
4.8224127e-22
-2.8388385e-22
-1.127534e-22
-1.9831656e-22
8.5575933e-23
-4.8219755e-22
-1.1819568e-27
-4.9390903e-28
-2.839086e-22
-3.9662789e-22
-1.1274523e-22
5.9499751e-22
-8.5570835e-23
-8.5575933e-23
1.1818537e-27
-1.9833149e-22
1.9831488e-22
4.8224127e-22
9.6439795e-22
-1.1275674e-22
4.8219922e-22
3.6948332e-22
-4.9390902e-28
4.8224127e-22
-1.9831419e-22
8.5577609e-23
-2.8388312e-22
-6.8057226e-22
-4.5502243e-22
-8.5576868e-23
-8.5570148e-23
6.8057394e-22
-8.5570148e-23
-6.8057394e-22
3.966286e-22
-6.8056986e-22
-8.5570835e-23
-4.8223959e-22
-3.6945278e-22
8.5579267e-23
-8.5570148e-23
4.8219922e-22
-1.9833149e-22
-2.8388385e-22
-1.127534e-22
-3.6945278e-22
-4.8223959e-22
-4.9390903e-28
-1.1275674e-22
8.5570835e-23
-1.9833149e-22
-4.8219922e-22
6.8057394e-22
-3.694535e-22
2.8391028e-22
-3.9663026e-22
2.8391028e-22
-4.8219755e-22
1.9833385e-22
-1.1274357e-22
-1.9833052e-22
-1.9831419e-22
-4.8223959e-22
-1.1818537e-27
3.9666652e-22
4.8219922e-22
4.9395209e-28
-3.9662789e-22
3.9666652e-22
1.9831656e-22
1.9833385e-22
3.9663026e-22
-2.8388448e-22
1.983314e-22
-3.6945412e-22
-1.0584688e-28
-8.2906158e-28
-8.2913388e-28
1.9831411e-22
8.2913388e-28
3.2104087e-27
-8.5576279e-23
1.9831245e-22
-8.2913388e-28
-2.8388448e-22
5.6781691e-22
-1.9831411e-22
-2.8390851e-22
-2.8388375e-22
1.9832974e-22
-2.4871848e-27
-8.5576279e-23
3.9662904e-22
8.2913388e-28
-3.6945412e-22
1.9832974e-22
8.5571199e-23
-8.2913388e-28
-8.5570475e-23
3.9666197e-22
-8.2906158e-28
-1.9831338e-22
3.9666197e-22
-8.2906158e-28
3.9666197e-22
-8.5570475e-23
-4.8224312e-22
8.5571199e-23
1.9832974e-22
-3.6945412e-22
8.2913388e-28
1.9831576e-22
-8.5576279e-23
1.9831411e-22
1.9832974e-22
2.8388448e-22
-2.8390851e-22
2.8388448e-22
5.6781691e-22
-8.2906158e-28
-8.2913388e-28
-8.2906157e-28
-2.4874016e-27
3.2104087e-27
1.983314e-22
1.9831411e-22
1.1275357e-22
-1.9831411e-22
-1.0584688e-28
-3.6945412e-22
3.9662738e-22
8.2913388e-28
-1.9831411e-22
1.983314e-22
5.9494232e-22
1.1275429e-22
-2.8388448e-22
-8.2913388e-28
8.2906158e-28
-8.2913388e-28
-1.1274208e-22
-2.4874016e-27
-1.9831411e-22
-8.2913388e-28
-8.2906158e-28
5.6781691e-22
2.8388448e-22
-2.8390851e-22
2.8388448e-22
1.9832974e-22
3.9662904e-22
-8.5576279e-23
1.9831411e-22
-1.983314e-22
-2.4871848e-27
1.9832974e-22
-1.9831411e-22
-4.8224312e-22
1.9831245e-22
3.9666197e-22
1.9831411e-22
-3.9662904e-22
3.9666197e-22
1.9831411e-22
-2.4874016e-27
1.9831245e-22
-4.8224312e-22
8.5571199e-23
-8.2913388e-28
1.9831411e-22
8.2913388e-28
1.9831576e-22
-8.5576279e-23
1.9831245e-22
-1.9832902e-22
2.8388448e-22
2.8390757e-22
1.9831411e-22
-8.5577937e-23
8.5571199e-23
3.9666197e-22
8.2906158e-28
-1.9833306e-22
-8.2906158e-28
3.9666197e-22
-1.1274208e-22
8.2913386e-28
-3.6945412e-22
3.9666197e-22
-8.5568817e-23
-1.9832902e-22
-1.9831411e-22
-3.9662705e-22
3.5282293e-28
2.8388566e-22
3.5282293e-28
3.5279216e-28
-1.1275157e-22
3.5279216e-28
2.7167365e-27
3.5279216e-28
3.5282293e-28
6.8051309e-22
-1.1275157e-22
-3.9662705e-22
-2.8390734e-22
2.7164997e-27
3.5282293e-28
3.9663015e-22
-6.8057268e-22
1.1274485e-22
2.8391041e-22
-2.8388259e-22
2.8391041e-22
2.8388566e-22
-6.8057268e-22
3.9662779e-22
1.1275799e-22
1.1274725e-22
-6.8056933e-22
1.1274816e-22
3.5279216e-28
-2.8390734e-22
1.1274816e-22
-6.8056933e-22
1.1274725e-22
-6.8057268e-22
3.9662779e-22
-6.8057268e-22
2.8388566e-22
2.8391041e-22
-2.8388259e-22
2.8391041e-22
3.9662779e-22
-3.9666498e-22
3.9662779e-22
6.8057575e-22
3.9662779e-22
-2.8390734e-22
2.8388566e-22
-1.1275157e-22
6.8051641e-22
-6.8056933e-22
3.5279216e-28
2.8391041e-22
3.5279216e-28
-1.1275157e-22
1.1274485e-22
3.5282293e-28
2.8388566e-22
-2.8388259e-22
2.8391041e-22
2.7164997e-27
3.5282293e-28
3.5279216e-28
3.5282293e-28
-3.9662705e-22
-1.1275157e-22
2.8388326e-22
3.5282293e-28
1.7113781e-22
3.9666474e-22
-3.9662705e-22
-1.1275157e-22
3.5279216e-28
-2.8390734e-22
3.9662779e-22
3.5282293e-28
6.8051309e-22
-3.9666498e-22
3.9662779e-22
2.8391041e-22
3.9662779e-22
-3.9666498e-22
1.1274485e-22
-6.8057268e-22
2.7164997e-27
-6.8057268e-22
5.6777191e-22
-6.8056933e-22
3.9662779e-22
-2.838859e-22
-2.8390734e-22
3.9662779e-22
-6.8056933e-22
1.0771438e-21
-6.8057268e-22
3.9662779e-22
2.8391041e-22
-2.8388259e-22
2.8391041e-22
-2.8388259e-22
2.8391041e-22
-3.966304e-22
-2.8390971e-22
-3.966304e-22
1.1275799e-22
3.5279216e-28
8.5172813e-22
3.9662779e-22
-6.8056933e-22
2.7164997e-27
-2.8390734e-22
-2.8388259e-22
2.7167366e-27
1.7113781e-22
-2.8390734e-22
2.8388566e-22
2.7167366e-27
-2.8388495e-22
1.1275231e-22
3.9663015e-22
3.9662941e-22
4.586698e-28
-3.9662941e-22
2.8391052e-22
4.5862981e-28
2.8391052e-22
5.677687e-22
4.586698e-28
-3.9662941e-22
-2.839072e-22
4.5862981e-28
2.8391052e-22
3.9662941e-22
-1.7115376e-22
4.5862981e-28
2.8578657e-27
7.9325928e-22
-2.839072e-22
1.1274411e-22
4.586698e-28
2.8576165e-27
6.8057166e-22
-3.9662941e-22
-2.839072e-22
1.1274411e-22
1.127563e-22
1.1274411e-22
1.0772361e-21
-6.8051232e-22
3.9662941e-22
3.966616e-22
-6.8051232e-22
1.0772361e-21
1.1274411e-22
-2.8390815e-22
1.1274411e-22
-2.839072e-22
-3.9662941e-22
3.96664e-22
3.9662941e-22
4.586698e-28
4.5862981e-28
-2.839072e-22
-2.8388245e-22
-6.8057166e-22
-2.8388245e-22
-1.7115376e-22
2.8388576e-22
2.8391052e-22
2.8388576e-22
2.839072e-22
-3.9662941e-22
2.8390815e-22
5.677687e-22
2.8391052e-22
-2.8388245e-22
2.8391052e-22
-3.9662941e-22
2.8388576e-22
-2.839072e-22
4.5862981e-28
4.586698e-28
2.8388576e-22
-1.1275394e-22
-4.5862981e-28
2.8391052e-22
3.9662701e-22
2.8390815e-22
8.5165401e-22
1.1275394e-22
1.1274411e-22
2.8391052e-22
4.5862981e-28
-5.6781821e-22
-2.8388245e-22
2.8578657e-27
-2.8388245e-22
-2.839072e-22
-3.9662941e-22
4.586698e-28
4.5862981e-28
3.96664e-22
1.1274411e-22
-2.839072e-22
4.5862981e-28
-2.8390815e-22
3.9662941e-22
1.0772361e-21
4.5862981e-28
1.3610251e-21
3.966616e-22
2.838834e-22
2.839072e-22
2.8388576e-22
-2.8390815e-22
1.1274411e-22
-2.8578657e-27
4.5862981e-28
3.96664e-22
3.9662941e-22
4.586698e-28
2.8388576e-22
3.96664e-22
2.8388576e-22
-1.7115376e-22
5.677687e-22
-3.966616e-22
4.5502414e-22
3.966616e-22
2.8388576e-22
-4.5506382e-22
-3.9662701e-22
3.966616e-22
8.5165401e-22
4.586698e-28
-3.9662941e-22
3.966616e-22
-2.8388245e-22
3.96664e-22
2.8576165e-27
2.2548534e-22
-7.9332845e-22
-2.8576165e-27
2.839072e-22
2.2548534e-22
-1.127563e-22
-3.9663273e-22
-3.966616e-22
2.8388245e-22
-6.8057497e-22
6.8050995e-22
-1.127563e-22
-1.711412e-22
-6.8057497e-22
3.9662701e-22
2.8390484e-22
3.9662701e-22
-4.586698e-28
-2.8576165e-27
2.8390484e-22
-5.6777107e-22
-2.8391052e-22
-2.8576165e-27
-4.586698e-28
3.9662701e-22
1.1275394e-22
3.9662701e-22
-7.9332845e-22
-2.8388576e-22
-2.8576165e-27
-1.7115612e-22
-2.8388576e-22
-7.9332845e-22
3.9662701e-22
-6.8057497e-22
3.9662701e-22
-4.586698e-28
-2.8576165e-27
3.9665826e-22
-5.6777107e-22
2.8390484e-22
-5.6776775e-22
2.839072e-22
3.9662701e-22
2.8390484e-22
3.9662701e-22
-6.8057497e-22
7.9325595e-22
-1.127563e-22
5.0937064e-22
4.586698e-28
2.8388245e-22
-3.966616e-22
-3.9663273e-22
-1.127563e-22
-5.6776775e-22
2.839072e-22
-2.8576165e-27
9.6439286e-22
2.8390484e-22
3.9662701e-22
-7.9332845e-22
-2.8576165e-27
2.839072e-22
-1.711412e-22
-1.127563e-22
-2.8388576e-22
-3.966616e-22
-2.8576165e-27
3.96664e-22
-1.711412e-22
-1.127563e-22
2.2548534e-22
1.1275394e-22
3.9662701e-22
2.8390484e-22
3.9662701e-22
2.839072e-22
-6.8051232e-22
2.8390484e-22
-5.6776775e-22
3.9665826e-22
-2.8576165e-27
-4.586698e-28
3.9662701e-22
-6.8057497e-22
7.9325355e-22
-7.9332845e-22
-5.6776775e-22
-4.550265e-22
-1.7115612e-22
-1.711412e-22
4.586698e-28
6.8050995e-22
-6.8057497e-22
3.9662701e-22
-2.8578657e-27
2.8388008e-22
3.9665826e-22
-5.6777107e-22
2.8390484e-22
3.9662701e-22
-2.8578657e-27
-2.8576165e-27
9.6447935e-22
-3.9663273e-22
-2.8578657e-27
1.7113883e-22
-7.9332845e-22
-1.1274647e-22
1.1275394e-22
2.8388245e-22
-2.8391052e-22
-2.8576165e-27
-1.0772361e-21
-2.8576165e-27
-2.8391052e-22
6.8051232e-22
-2.8391052e-22
2.8576165e-27
1.9050777e-27
3.9666724e-22
3.9663026e-22
-2.839072e-22
1.1274495e-22
-5.8396151e-23
-3.9662549e-22
-2.8578657e-27
1.1274495e-22
3.9666724e-22
3.9663026e-22
-5.8396151e-23
1.9050777e-27
2.8391292e-22
-6.805108e-22
3.9665916e-22
-2.838858e-22
-4.939521e-28
-4.9390903e-28
2.8578657e-27
-2.838834e-22
-3.9666248e-22
3.9663026e-22
-4.939521e-28
-1.7114127e-22
-6.8057014e-22
2.8576165e-27
3.9666484e-22
-2.838834e-22
-2.8388005e-22
6.805749e-22
-2.838834e-22
3.9666484e-22
2.8576165e-27
-6.8057014e-22
-1.7114127e-22
-4.939521e-28
3.9663026e-22
-3.9666248e-22
-4.9390903e-28
2.8578657e-27
-3.9662549e-22
-1.7115383e-22
-2.838858e-22
1.6450547e-21
-2.838858e-22
2.8391292e-22
-2.838858e-22
-5.8396151e-23
3.9663026e-22
-4.939521e-28
1.1274495e-22
-2.8578657e-27
-3.9662549e-22
2.2551391e-22
-2.8388245e-22
-2.839072e-22
3.9663026e-22
-5.6776535e-22
6.8057254e-22
-6.805108e-22
3.9666724e-22
1.1274735e-22
-3.9666248e-22
3.9663266e-22
-5.8396151e-23
-3.9662549e-22
6.8057254e-22
2.8388481e-22
1.1275718e-22
-1.7113795e-22
-5.8396151e-23
1.1274495e-22
2.8391055e-22
-2.838858e-22
3.9665916e-22
-4.9390903e-28
-1.7115383e-22
-2.8388005e-22
2.8578657e-27
-3.9662549e-22
-1.1275242e-22
-4.9390903e-28
-4.939521e-28
-6.805108e-22
-6.8057014e-22
1.1274735e-22
3.9666484e-22
-3.9662549e-22
1.1274495e-22
6.805749e-22
1.9050777e-27
-4.939521e-28
3.9663026e-22
-6.8057014e-22
-1.7114127e-22
-2.8391055e-22
6.8051556e-22
-3.9666248e-22
-4.9390903e-28
2.8578657e-27
1.9050777e-27
1.1275387e-22
-2.838834e-22
1.1275478e-22
-3.9662549e-22
-1.1275577e-22
-2.838834e-22
6.805749e-22
-4.9390903e-28
-9.644802e-22
3.9663026e-22
3.9666484e-22
2.8388481e-22
9.644826e-22
3.9663026e-22
3.9666484e-22
-3.9663026e-22
2.839072e-22
-6.805132e-22
-9.643969e-22
-8.5172421e-22
1.1274241e-22
1.7115542e-22
-5.6776703e-22
1.1819568e-27
1.1274241e-22
-1.7115781e-22
-6.8050826e-22
-1.1275464e-22
1.1274338e-22
1.1819568e-27
-1.0771405e-21
1.1819568e-27
-1.1274481e-22
-1.1819568e-27
6.8051066e-22
-2.8390888e-22
6.8051399e-22
-1.1819568e-27
6.8051302e-22
6.8057e-22
1.1274241e-22
-2.8390888e-22
-5.6776703e-22
6.8057236e-22
-1.7113956e-22
-3.966647e-22
-2.1520322e-27
-1.1818537e-27
-7.9332676e-22
-2.1520322e-27
-3.966647e-22
-1.7113956e-22
1.1275224e-22
-5.6776703e-22
-2.8390888e-22
1.1274241e-22
6.8057e-22
2.8388649e-22
-1.1819568e-27
-2.8388649e-22
-2.8390888e-22
-3.9662772e-22
-1.1819568e-27
-3.9662772e-22
1.1819568e-27
-5.6776703e-22
1.1819568e-27
1.1274815e-22
4.5506547e-22
-6.8050826e-22
-9.6448006e-22
1.1274241e-22
-5.6781894e-22
-2.8388412e-22
1.7115542e-22
1.1274241e-22
2.8388412e-22
3.9665994e-22
-1.1274481e-22
-8.5172421e-22
-8.5165473e-22
-1.1275464e-22
-1.0771405e-21
1.1819568e-27
6.8051159e-22
-3.9665994e-22
-3.9663105e-22
2.8390648e-22
-6.8051066e-22
1.1819568e-27
-5.6776703e-22
5.6781654e-22
-3.9662772e-22
-1.1819568e-27
-1.1274241e-22
-2.8390888e-22
2.8388412e-22
-1.1819568e-27
-2.8388649e-22
6.8057e-22
6.8051399e-22
-2.8390888e-22
-1.1274481e-22
1.1275224e-22
6.8051399e-22
-3.966647e-22
-2.8388649e-22
-1.1818537e-27
-7.9332676e-22
-2.8388649e-22
4.5506547e-22
6.8051399e-22
1.1275224e-22
-5.6776703e-22
1.1819568e-27
2.8388412e-22
6.8057e-22
2.8388649e-22
-1.1819568e-27
-3.9662869e-22
3.966623e-22
-6.8051066e-22
-2.8390888e-22
1.1274241e-22
-1.1819568e-27
-1.1818537e-27
-1.1275464e-22
5.0937228e-22
1.1275224e-22
-2.8388079e-22
-3.966623e-22
-3.9663105e-22
1.1275224e-22
1.1274241e-22
-3.966623e-22
-5.6776703e-22
1.1819568e-27
-2.8388412e-22
-4.9390903e-28
2.8390693e-22
5.677648e-22
6.8057226e-22
-2.8388312e-22
1.1275174e-22
2.8388454e-22
-2.8390788e-22
-4.9390903e-28
6.8056895e-22
3.9662934e-22
1.1275174e-22
2.8388217e-22
-3.8104876e-27
-2.8576165e-27
9.6447873e-22
-3.9663125e-22
-2.8391028e-22
-2.8388552e-22
-4.939521e-28
-3.9662789e-22
-1.127527e-22
5.677648e-22
-2.8391028e-22
-3.8101554e-27
-1.1275605e-22
5.677672e-22
-2.8391028e-22
-3.9662789e-22
5.6776956e-22
-2.8390788e-22
-3.9662789e-22
-2.8391028e-22
5.677672e-22
-1.1275605e-22
-3.8101554e-27
-2.8391028e-22
5.677648e-22
-1.127527e-22
1.1274431e-22
-4.939521e-28
-4.9390903e-28
1.1275174e-22
-3.8101554e-27
6.8056895e-22
-3.8101554e-27
-3.8104876e-27
-1.711374e-22
1.1275174e-22
-2.8388312e-22
-2.8391028e-22
-4.9390903e-28
2.8390693e-22
2.8388454e-22
1.1275174e-22
-4.9390903e-28
6.8057226e-22
5.677648e-22
-3.8101554e-27
-4.939521e-28
-2.8576165e-27
2.8390693e-22
-6.8051388e-22
6.8057226e-22
2.8388217e-22
1.1275174e-22
2.8388217e-22
1.7115137e-22
-6.8051292e-22
-2.8390788e-22
2.8388217e-22
1.1275174e-22
-2.8388312e-22
2.8390693e-22
-3.8101554e-27
9.6447873e-22
2.8388122e-22
1.1275174e-22
-4.9390903e-28
-4.939521e-28
-4.9390903e-28
-1.127527e-22
-2.8388552e-22
-2.8391028e-22
-2.8576165e-27
-1.1275605e-22
-2.8388312e-22
-2.8391028e-22
-4.9390903e-28
-2.8388552e-22
-2.8390788e-22
3.9662694e-22
-2.8391028e-22
1.1274431e-22
-1.1275605e-22
-3.8101554e-27
5.6781907e-22
-6.8051627e-22
-1.127527e-22
1.1274431e-22
-4.939521e-28
-6.8051388e-22
2.8391264e-22
8.5165223e-22
-1.1275506e-22
2.8388454e-22
5.0941948e-22
1.7113645e-22
-4.9395211e-28
1.7113645e-22
2.8390929e-22
-4.9390903e-28
-2.8390788e-22
-6.8051292e-22
-2.8390788e-22
5.677648e-22
-2.8390788e-22
-2.8388312e-22
7.9332926e-22
1.1274523e-22
-5.677687e-22
2.8578657e-27
-4.9390903e-28
3.9666484e-22
-9.6439374e-22
2.8391055e-22
1.1274735e-22
7.9332686e-22
-2.838834e-22
2.8578657e-27
2.8388481e-22
2.8391055e-22
-5.677687e-22
1.7115528e-22
3.9663026e-22
3.966682e-22
3.9663026e-22
-2.8391055e-22
2.8576165e-27
-5.6781486e-22
5.0937479e-22
1.1275478e-22
-4.9390903e-28
-2.8391055e-22
7.9326009e-22
-6.8057014e-22
1.9050777e-27
-1.1275478e-22
3.9662934e-22
1.9050777e-27
-2.8390957e-22
3.9662934e-22
-1.1275478e-22
1.9050777e-27
-6.8057014e-22
7.9326009e-22
-2.8391055e-22
-4.9390903e-28
-1.7115288e-22
-2.8388005e-22
-5.6781486e-22
-2.8388005e-22
-6.8057254e-22
3.9663266e-22
2.8391292e-22
3.9663266e-22
1.7115528e-22
-5.6776299e-22
2.8391055e-22
-6.8050844e-22
-3.9666484e-22
-2.838834e-22
2.8391055e-22
1.1274735e-22
-3.9666484e-22
6.8050988e-22
3.9666484e-22
-4.9390903e-28
1.1274495e-22
-1.7115288e-22
3.9663026e-22
2.8578657e-27
1.7114035e-22
-2.8391055e-22
-6.8051415e-22
2.8391055e-22
1.7114035e-22
6.8057589e-22
2.8388816e-22
6.805749e-22
-2.838834e-22
2.8391055e-22
-9.6439374e-22
-1.1275478e-22
3.9663266e-22
3.966682e-22
-2.838834e-22
-6.8057254e-22
-2.8388005e-22
-5.6781486e-22
-2.8388005e-22
-2.8390815e-22
2.8576165e-27
-2.8391055e-22
3.9663026e-22
-6.8057014e-22
-1.1274259e-22
-1.1275478e-22
-2.8388005e-22
1.1274735e-22
-2.8390957e-22
-2.8388005e-22
-3.9666484e-22
2.8388481e-22
-6.8057014e-22
7.9326009e-22
-2.8391055e-22
6.805132e-22
-1.7115288e-22
-2.8388005e-22
-5.6781486e-22
6.8051655e-22
-6.8057254e-22
5.6776775e-22
3.9666248e-22
1.1274735e-22
1.7115764e-22
-3.9662549e-22
2.8391055e-22
-3.9662885e-22
-2.839048e-22
2.8576165e-27
4.9395211e-28
2.8388816e-22
7.9332686e-22
-4.9390903e-28
4.9395211e-28
-3.9662789e-22
-9.644802e-22
1.0771406e-21
-1.1274218e-22
3.9666114e-22
-1.1274457e-22
-1.127544e-22
-5.6776823e-22
1.7115566e-22
-2.8388386e-22
-1.1274963e-22
6.8051186e-22
3.9666114e-22
-5.6776916e-22
1.7115566e-22
-1.1274218e-22
-5.6782105e-22
2.8388199e-22
2.8391006e-22
9.6439716e-22
-5.6781867e-22
1.4464479e-27
2.8390674e-22
-9.3489923e-28
-6.8057213e-22
-1.1274457e-22
-5.6781867e-22
1.2482825e-21
-3.3165355e-27
-5.6776916e-22
2.8391006e-22
-9.3489923e-28
-9.3489922e-28
1.7115566e-22
-9.3489923e-28
2.8391006e-22
-5.6776916e-22
-3.3165355e-27
1.2482825e-21
-5.6781867e-22
-1.1274457e-22
-6.8057213e-22
-9.3489923e-28
2.8390674e-22
3.9662894e-22
-2.8391099e-22
8.5165591e-22
2.8391006e-22
8.5165591e-22
-5.6782105e-22
-5.6776823e-22
1.7115566e-22
-6.8051279e-22
2.8391006e-22
6.8051186e-22
4.5506572e-22
-2.8388386e-22
1.7115566e-22
-1.7114167e-22
-1.127544e-22
-1.1274457e-22
-3.3162463e-27
-5.6781627e-22
2.8388199e-22
3.9666114e-22
-2.8388624e-22
0
-1.1274218e-22
1.7115566e-22
-3.3162463e-27
-3.9666446e-22
2.8388199e-22
-3.9666446e-22
-5.6776823e-22
1.7115566e-22
-5.6776823e-22
2.8390674e-22
8.5165591e-22
2.8391006e-22
2.838853e-22
-2.8391099e-22
3.9662894e-22
2.8390674e-22
3.9662894e-22
-2.2550641e-22
1.4464479e-27
-5.6781867e-22
2.8388199e-22
-3.3165355e-27
-5.6776916e-22
2.8391006e-22
3.9662894e-22
5.6776729e-22
1.7115566e-22
3.9662894e-22
2.8391006e-22
-5.6776916e-22
-3.3165355e-27
1.2482825e-21
2.3815548e-27
-6.8051279e-22
-6.8057213e-22
-9.3489923e-28
2.8390674e-22
2.8388437e-22
-2.8391099e-22
-9.3489923e-28
1.1275011e-22
-2.8388386e-22
2.8390674e-22
1.1274363e-22
0
-5.6776916e-22
6.805712e-22
-3.9662749e-22
-1.127544e-22
2.8388199e-22
-5.6781536e-22
-1.1274457e-22
-1.127544e-22
-2.8388624e-22
-2.8391099e-22
-1.7114167e-22
1.0771382e-21
-1.1275478e-22
-2.838858e-22
-3.8104876e-27
2.8388005e-22
-2.8391055e-22
-1.127483e-22
-2.8578657e-27
4.9390903e-28
2.839072e-22
2.8388005e-22
-2.8391055e-22
1.0771382e-21
-1.1275478e-22
2.8388005e-22
-6.8057825e-22
-2.8576165e-27
3.9665916e-22
-2.8388481e-22
-2.8391055e-22
2.8388005e-22
-2.839072e-22
-2.838858e-22
3.9665916e-22
7.389038e-22
-5.0942012e-22
2.8388005e-22
2.839072e-22
2.8388005e-22
-2.8576165e-27
1.1275147e-22
2.8388005e-22
2.839072e-22
2.8388005e-22
-1.1275478e-22
7.389038e-22
3.9665916e-22
-2.838858e-22
1.1275478e-22
2.8388005e-22
-2.8391055e-22
3.9662458e-22
-2.8578657e-27
5.6776535e-22
-2.8578657e-27
5.6776535e-22
-1.1275478e-22
2.8388005e-22
-2.8391055e-22
1.711346e-22
2.839072e-22
4.9390903e-28
-2.8578657e-27
-1.127483e-22
-1.7115528e-22
2.8388005e-22
-3.8104876e-27
-2.838858e-22
6.805108e-22
-2.8391055e-22
2.8388005e-22
-1.1275478e-22
-2.8388911e-22
1.1275147e-22
9.6439279e-22
-2.8391055e-22
-4.9390903e-28
5.6781726e-22
-1.127507e-22
2.839072e-22
6.8050748e-22
-2.8391055e-22
2.8388005e-22
6.8056922e-22
5.6776535e-22
-6.8057825e-22
6.805108e-22
-2.8578657e-27
-6.1738629e-27
-2.8391055e-22
3.9662458e-22
3.9666484e-22
-2.8388481e-22
3.9665916e-22
2.8388005e-22
-1.1275478e-22
1.711346e-22
2.839072e-22
3.9662458e-22
-2.838858e-22
1.1275147e-22
3.9662458e-22
2.839072e-22
1.711346e-22
-1.1275478e-22
7.389038e-22
-5.6782061e-22
-2.8388481e-22
1.1275478e-22
2.8388005e-22
-2.8391055e-22
1.1274164e-22
-4.9395209e-28
-2.838858e-22
-5.0942012e-22
-1.127483e-22
2.8390957e-22
-2.8576165e-27
2.839072e-22
3.9663026e-22
-6.805749e-22
-2.8388911e-22
1.1275147e-22
-1.127507e-22
2.839072e-22
-2.838858e-22
1.1275147e-22
-7.9325864e-22
3.9666153e-22
2.8388005e-22
3.9662608e-22
4.586698e-28
-3.9662701e-22
-1.1275154e-22
-2.8388576e-22
-1.1275394e-22
-6.8051563e-22
-4.586698e-28
3.9662941e-22
1.1275394e-22
-9.6439762e-22
-1.1275394e-22
3.9662608e-22
3.9666066e-22
-6.8050995e-22
-1.7115469e-22
-2.8388576e-22
-9.6447935e-22
-2.8388576e-22
-6.8057166e-22
-2.83881e-22
-6.8056929e-22
-3.9662701e-22
-9.6447935e-22
1.711412e-22
-4.586698e-28
-7.9325831e-22
6.8057406e-22
4.3040644e-27
-4.5862981e-28
-2.839096e-22
4.3040644e-27
6.8057406e-22
-7.9325831e-22
-4.586698e-28
1.711412e-22
-9.6447935e-22
-3.9662701e-22
-6.8056929e-22
1.711412e-22
-6.8057166e-22
1.1274647e-22
-3.96664e-22
1.9050777e-27
-1.7115469e-22
1.9050777e-27
3.9666066e-22
-2.8388576e-22
-1.1275394e-22
1.1274411e-22
3.96664e-22
3.9662941e-22
-3.966616e-22
-6.8051563e-22
1.7115612e-22
-5.677687e-22
-1.1275154e-22
-3.9662701e-22
-4.5862981e-28
-2.8391052e-22
-6.8050995e-22
4.586698e-28
-2.8388576e-22
-5.0941599e-22
3.9662608e-22
-1.1275394e-22
-2.8388576e-22
-6.8057166e-22
-4.5862981e-28
-6.8056929e-22
1.1274077e-22
-1.1275394e-22
-2.8388576e-22
-1.7115376e-22
1.9050777e-27
-1.7115469e-22
-5.677687e-22
-3.96664e-22
-2.838834e-22
-6.8057166e-22
1.1274647e-22
-1.3611438e-21
-2.8388576e-22
-9.6447935e-22
-6.8050995e-22
-4.586698e-28
-1.7113883e-22
6.8057406e-22
1.1274647e-22
1.9050777e-27
-2.839096e-22
1.1274647e-22
3.96664e-22
-2.8388245e-22
-4.586698e-28
1.711412e-22
3.96664e-22
-6.8051563e-22
-6.8056929e-22
1.711412e-22
-6.8057166e-22
-4.5862981e-28
1.1275394e-22
2.8576165e-27
-2.8390815e-22
-6.8051563e-22
3.9666636e-22
-4.5862981e-28
1.1275394e-22
-1.1274411e-22
2.839096e-22
1.9050777e-27
-3.96664e-22
-4.5862981e-28
1.1275394e-22
-3.9662701e-22
-3.96664e-22
6.8051232e-22
1.1275394e-22
-5.677687e-22
)
;
    }
    wedgeBack
    {
        type            wedge;
        value           nonuniform List<scalar> 
4800
(
-4.4356722e-24
-6.197889e-24
-4.4356722e-24
-1.76183e-24
1.0633003e-23
2.6742642e-24
6.197331e-24
6.1978714e-24
-4.4356722e-24
-6.197889e-24
8.8714149e-24
2.6742642e-24
-4.4356722e-24
-4.436059e-24
-5.2918825e-29
0
-4.4356722e-24
-1.0633948e-23
-6.1973486e-24
1.76183e-24
0
3.5282293e-29
-4.4356722e-24
-1.0633948e-23
-8.8713796e-24
0
1.0633038e-23
4.4361295e-24
0
-1.7616411e-24
8.8721532e-24
-4.4357075e-24
4.4361295e-24
1.0633038e-23
0
-8.8713796e-24
-1.0633948e-23
-4.4356722e-24
3.5282293e-29
-4.4357075e-24
1.76183e-24
-4.4356722e-24
-1.0633948e-23
-8.8713796e-24
4.436059e-24
-4.4356722e-24
-4.436059e-24
1.0633003e-23
-4.436059e-24
6.197331e-24
4.4361295e-24
-4.4356722e-24
6.1978714e-24
6.197331e-24
2.6742642e-24
1.0633003e-23
2.6742642e-24
-4.4356722e-24
0
1.76183e-24
-5.2918825e-29
-6.197889e-24
-6.1972957e-24
2.6742642e-24
-8.8713796e-24
2.6742642e-24
1.0633003e-23
6.1978714e-24
1.239468e-23
0
3.5279216e-29
2.6742642e-24
6.197331e-24
-4.436059e-24
-4.4356722e-24
0
-4.4356722e-24
-1.0633948e-23
-4.4356722e-24
1.76183e-24
-1.0633021e-23
3.5282293e-29
-6.1973486e-24
-1.0633948e-23
-5.2918825e-29
0
4.4357075e-24
4.4361295e-24
-4.4356722e-24
0
8.8721532e-24
-4.4356722e-24
4.4361295e-24
4.4357075e-24
0
-8.8713796e-24
6.197889e-24
0
3.5282293e-29
-4.4357075e-24
1.76183e-24
-5.2918825e-29
0
-1.7616411e-24
-4.436059e-24
6.197331e-24
8.8721885e-24
4.4356722e-24
-1.0633948e-23
-8.8713796e-24
0
1.0633003e-23
1.0633948e-23
1.239468e-23
-4.4361119e-24
-4.4356722e-24
1.0633948e-23
-4.4356722e-24
0
6.197331e-24
-1.5875647e-28
4.2535668e-23
-1.5875647e-28
-2.3092835e-23
1.2394538e-23
-2.4791609e-23
-4.2532118e-23
-7.0471261e-24
-1.239475e-23
1.7744324e-23
5.3479739e-24
-2.4791609e-23
-5.3482384e-24
-5.348599e-24
-2.4789447e-23
-5.2923439e-29
-3.0137421e-23
2.8441363e-23
-2.4789341e-23
-1.2395672e-23
-7.0466175e-24
3.013989e-23
-1.5875647e-28
1.0697145e-23
-5.3482384e-24
-1.5877032e-28
-7.0466175e-24
3.5488436e-23
-7.0466175e-24
-5.2918824e-29
-3.0140155e-23
-1.239475e-23
4.7884214e-23
-7.0466175e-24
-1.5877032e-28
-5.3482384e-24
2.8441363e-23
-1.5875647e-28
3.013989e-23
-1.239475e-23
-1.2395672e-23
-1.2394856e-23
2.8441363e-23
-5.3482384e-24
-5.2923439e-29
-5.3482384e-24
1.2395778e-23
1.2394538e-23
-5.2923439e-29
7.0464058e-24
3.5488436e-23
5.3480797e-24
-7.0471261e-24
-4.2532118e-23
-2.4791609e-23
1.2394538e-23
-2.3092835e-23
-1.5875647e-28
-1.2394591e-23
-1.2395672e-23
-2.4789447e-23
4.2535668e-23
-1.774283e-23
-2.3092835e-23
-5.3482384e-24
-2.4791609e-23
2.478913e-23
-7.0471261e-24
5.3479739e-24
5.3484402e-24
1.2394538e-23
-2.4791609e-23
-5.2918825e-29
-5.348599e-24
-5.3482384e-24
-5.2923439e-29
-5.3482384e-24
-7.0473907e-24
-2.4789447e-23
-1.2395672e-23
5.3479739e-24
3.013989e-23
-2.4789341e-23
1.0697145e-23
-2.4789447e-23
-1.5877032e-28
7.0464058e-24
3.5488436e-23
-2.4789447e-23
-4.2532013e-23
-3.0140155e-23
-1.2394856e-23
3.5488436e-23
7.0464058e-24
-1.5877032e-28
-5.3482384e-24
1.7744165e-23
-5.2918825e-29
3.013989e-23
-1.239475e-23
-1.2395672e-23
-5.3481326e-24
-4.2535721e-23
-5.2918825e-29
-5.348599e-24
-4.2532118e-23
3.0139996e-23
2.3090751e-23
4.7884214e-23
-1.239475e-23
1.2395619e-23
3.0137368e-23
0
5.3479739e-24
5.3486519e-24
-1.5875647e-28
0
1.7742777e-23
-4.2535721e-23
-1.5875647e-28
1.7742722e-23
1.7744111e-23
1.7742422e-23
1.7744269e-23
1.4092992e-23
-7.0472337e-24
-2.4789447e-23
1.069693e-23
4.2531711e-23
1.7744111e-23
-7.0468309e-24
-7.0472337e-24
1.7742722e-23
-4.2535984e-23
-1.7742775e-23
3.5488451e-23
-3.5485462e-23
-1.0584688e-28
-2.4789289e-23
5.2923439e-29
-1.4093186e-23
7.0470396e-24
1.7742422e-23
-1.0584688e-28
-4.2532328e-23
5.2923439e-29
-4.253217e-23
4.2535473e-23
-1.4093186e-23
4.2531923e-23
-2.4791503e-23
-1.4093186e-23
4.2535473e-23
-4.253217e-23
5.2923439e-29
-4.2532328e-23
-1.0584688e-28
1.7742422e-23
7.0470396e-24
-1.4093186e-23
5.2923439e-29
-6.0274998e-23
-1.0584688e-28
-4.2532328e-23
3.5488451e-23
1.0696156e-23
-2.4791609e-23
1.4092992e-23
4.2535473e-23
4.2532117e-23
4.2535473e-23
4.2531711e-23
1.069693e-23
-2.4789447e-23
-7.0472337e-24
1.4092992e-23
-7.0472866e-24
1.7742422e-23
-4.9578489e-23
5.2923439e-29
-1.7742775e-23
1.7744111e-23
-1.7742934e-23
-7.0472866e-24
1.7742722e-23
-7.0472337e-24
5.322822e-23
1.069693e-23
3.5485392e-23
6.7327029e-23
7.0464605e-24
-7.0472337e-24
3.1835661e-23
-4.2535984e-23
1.0696156e-23
3.5488451e-23
1.0696156e-23
-1.0584688e-28
-3.5485797e-23
5.2923439e-29
-3.5485603e-23
7.0470396e-24
-2.4789289e-23
-1.0584688e-28
-1.7742775e-23
5.2923439e-29
6.7321317e-23
4.2535473e-23
-3.5485797e-23
-1.0696473e-23
-2.4791503e-23
-6.0274998e-23
4.2535473e-23
6.0274786e-23
5.2923439e-29
-4.2532328e-23
5.2923439e-29
-1.7742775e-23
7.0470396e-24
-1.4093186e-23
5.2923439e-29
-1.7742934e-23
4.9582812e-23
-1.4092992e-23
-1.0584688e-28
-2.4789447e-23
7.0471808e-24
5.2918825e-29
4.2535473e-23
-1.7742775e-23
-7.0471279e-24
-2.9987334e-28
5.292344e-29
3.5485392e-23
1.7744111e-23
1.7742422e-23
5.292344e-29
3.548525e-23
4.9582812e-23
7.0464605e-24
-5.6446746e-28
4.958283e-23
-7.0558433e-29
-4.9583253e-23
-3.548573e-23
-6.0280169e-23
-7.0558433e-29
-7.0564585e-29
7.4367689e-23
2.4791485e-23
8.5063884e-23
-6.0280169e-23
-5.6446746e-28
4.9582548e-23
-3.548573e-23
-1.0697057e-23
3.5485307e-23
1.3125694e-22
-1.4111687e-28
-5.6451668e-28
6.0274701e-23
2.4791485e-23
-7.0558433e-29
1.4112917e-28
-2.4789536e-23
-6.0280381e-23
3.5485519e-23
6.0279957e-23
6.0274701e-23
-6.0275125e-23
-7.0977473e-23
-3.5279216e-28
3.5488401e-23
3.5485519e-23
-6.0280381e-23
-2.4789536e-23
1.3125694e-22
-7.0558433e-29
2.4791485e-23
-3.5279216e-28
-5.6451668e-28
2.478883e-23
1.3125694e-22
-6.0274913e-23
1.4094288e-23
-6.0274913e-23
3.5488189e-23
-3.548573e-23
-3.5488825e-23
1.0695912e-23
6.0279957e-23
7.4367689e-23
-7.0564585e-29
-7.0558433e-29
-6.0280169e-23
-7.0558433e-29
-4.9583253e-23
-7.0558433e-29
2.4789324e-23
-5.6451668e-28
-3.548573e-23
4.958283e-23
4.9578224e-23
-4.9583253e-23
-5.6446746e-28
-6.0280169e-23
-7.0558433e-29
-7.0564585e-29
1.0695912e-23
-2.4791697e-23
2.478883e-23
-6.0280169e-23
-3.548573e-23
4.9582548e-23
-6.0274913e-23
-1.0697057e-23
-6.0274913e-23
2.4790674e-23
-2.4789536e-23
-5.6451668e-28
6.027449e-23
2.4791485e-23
-1.4111687e-28
1.4112917e-28
-3.548573e-23
-6.0280381e-23
3.5485095e-23
6.0279957e-23
-2.4789536e-23
1.0696124e-23
-7.0977473e-23
2.478883e-23
6.0279957e-23
3.5485095e-23
-6.0280381e-23
-2.4789536e-23
1.0696845e-23
7.4367407e-23
2.4791485e-23
-3.5279216e-28
-5.6451668e-28
4.9578224e-23
-2.4791627e-23
-5.6446746e-28
-6.0280381e-23
-7.0558433e-29
1.0696845e-23
9.5760361e-23
6.0279957e-23
2.4789042e-23
-6.0280381e-23
-2.4789253e-23
-7.0977473e-23
1.0695912e-23
2.4791485e-23
-7.0558433e-29
-7.0977473e-23
-7.0558433e-29
-2.4791627e-23
3.5485307e-23
-3.5485624e-23
-8.5071407e-23
-1.4092988e-23
-9.9166083e-23
3.5485095e-23
-3.5488613e-23
3.5485377e-23
-4.9582971e-23
4.9578507e-23
-1.4094499e-23
3.5279216e-29
-3.5488613e-23
-3.5485624e-23
-2.8225834e-28
-1.2055007e-22
-4.9583394e-23
-4.957833e-23
-3.5488719e-23
4.5862981e-28
1.4112917e-28
7.0970755e-23
-3.5488295e-23
-1.4092988e-23
4.9582548e-23
-1.4092988e-23
4.9582142e-23
8.5063761e-23
-4.9582971e-23
3.5485377e-23
2.1392389e-23
-3.5488719e-23
7.0970755e-23
-4.9582971e-23
8.5063761e-23
4.9582142e-23
-1.4092988e-23
-3.5488719e-23
-1.4092988e-23
-3.5488295e-23
7.0970755e-23
1.4112917e-28
4.9578507e-23
-3.5488719e-23
-1.4092988e-23
-4.9583394e-23
-1.4092988e-23
4.958283e-23
3.5485095e-23
-1.4112917e-28
-4.957893e-23
-4.9582971e-23
4.9578507e-23
-4.9582971e-23
3.5485377e-23
-3.5488613e-23
3.5485095e-23
-1.3465484e-22
-1.4092988e-23
1.4092847e-23
1.4112917e-28
-1.2055007e-22
-8.5071407e-23
3.5485377e-23
-1.3465484e-22
-7.0971284e-23
-3.5488613e-23
-5.6878278e-23
-4.9582971e-23
3.5485095e-23
3.5488472e-23
-3.5485624e-23
-3.5488613e-23
-1.409327e-23
-2.8225834e-28
-1.4092988e-23
-4.9583394e-23
-1.4092988e-23
-3.5488719e-23
4.9578507e-23
1.4112917e-28
4.9578507e-23
-3.5488295e-23
4.5862981e-28
4.9582548e-23
-1.2055007e-22
4.9582142e-23
-3.5485942e-23
-4.9582971e-23
4.9578507e-23
-4.9578648e-23
-3.5488719e-23
4.9578507e-23
-4.9582971e-23
-7.0971284e-23
4.9582142e-23
-1.4092988e-23
7.0976626e-23
7.0971178e-23
-3.5488295e-23
7.0970755e-23
1.4112917e-28
3.5485377e-23
7.0976626e-23
2.1392389e-23
1.4093988e-23
3.5485377e-23
-2.8225834e-28
4.9578824e-23
-4.9582971e-23
-2.1392495e-23
8.5070896e-23
1.4092847e-23
1.4094393e-23
3.5485095e-23
-4.9582971e-23
-1.4092988e-23
1.4094393e-23
1.4092847e-23
7.0976626e-23
2.1392389e-23
2.1392153e-23
7.097796e-23
-4.9578736e-23
1.2056044e-22
2.8186089e-23
-2.139416e-23
-4.9578736e-23
-7.0977272e-23
5.2918825e-29
7.097796e-23
2.1392153e-23
-2.139416e-23
2.1392153e-23
5.2923439e-29
-4.2784818e-23
-7.0976848e-23
9.9157401e-23
-4.9582054e-23
-4.9578136e-23
7.0977554e-23
-9.9157119e-23
-4.9582459e-23
-4.9578736e-23
-4.9582653e-23
4.9578418e-23
-4.9583059e-23
-4.957856e-23
-2.1393966e-23
-9.9157119e-23
4.9578242e-23
-1.2055996e-22
-9.9157119e-23
-2.1393966e-23
-4.957856e-23
-4.9583059e-23
4.9578418e-23
-4.9582054e-23
-4.9578736e-23
-4.9582459e-23
-9.9157119e-23
7.0977554e-23
1.7012811e-22
-4.9582054e-23
-2.1392294e-23
-7.0976848e-23
4.9579018e-23
5.2923439e-29
2.8186089e-23
-2.139416e-23
2.8186089e-23
-2.1393966e-23
5.2918825e-29
-7.0977272e-23
-4.9578736e-23
-2.139416e-23
7.7764878e-23
1.2056044e-22
-4.9578736e-23
-2.8185807e-23
7.0977554e-23
-4.2784818e-23
7.097796e-23
2.1392576e-23
1.2056044e-22
4.9578418e-23
-2.139416e-23
-4.9578736e-23
-7.0977272e-23
-4.957833e-23
-4.9582459e-23
4.9578418e-23
-2.139416e-23
-2.1392294e-23
5.2923439e-29
4.9579018e-23
-7.0976848e-23
4.9579018e-23
-4.9582054e-23
7.0971365e-23
7.0977554e-23
9.9156802e-23
-4.9582459e-23
-4.9578136e-23
-4.9582653e-23
-4.2784818e-23
-4.9583059e-23
4.9578418e-23
-2.1393966e-23
7.0971365e-23
1.2054973e-22
-1.2055996e-22
1.7012811e-22
-2.1393966e-23
4.9578418e-23
-4.9583059e-23
4.9578418e-23
2.1394442e-23
7.0970942e-23
-4.9582459e-23
-9.9157119e-23
7.0977554e-23
-2.8185807e-23
1.2056024e-22
-2.1392471e-23
-4.9582459e-23
-4.9578736e-23
-2.139416e-23
5.2918825e-29
7.7772259e-23
-2.1392294e-23
5.2923438e-29
-4.9578136e-23
6.5272242e-28
-4.957833e-23
4.9583765e-23
-4.9578736e-23
6.5272242e-28
-4.957833e-23
1.2056024e-22
7.7764878e-23
-7.097072e-23
9.9165977e-23
2.1392954e-23
7.0977085e-23
0
2.1394396e-23
7.0971496e-23
-9.2371128e-23
2.139253e-23
9.9165977e-23
-7.097072e-23
2.1394396e-23
-7.097072e-23
1.205602e-22
-9.9156555e-23
-1.2056002e-22
4.9578542e-23
-4.9583112e-23
2.8186011e-23
2.1394396e-23
-7.097072e-23
1.7641146e-28
2.1392954e-23
0
-9.9156555e-23
2.1394396e-23
-7.097072e-23
9.2370457e-23
-7.097072e-23
-9.9157154e-23
-4.9583112e-23
5.9974668e-28
9.2370457e-23
-7.097072e-23
2.1394396e-23
-9.9156555e-23
-4.9583112e-23
2.1392954e-23
1.7641146e-28
5.9974668e-28
2.1394396e-23
-2.8185835e-23
-4.9583112e-23
-9.9156555e-23
-1.2056002e-22
-9.9156555e-23
1.7014331e-22
0
1.7641146e-28
7.0971319e-23
9.2370457e-23
2.139313e-23
-9.2371128e-23
7.0971496e-23
2.1394396e-23
0
7.0977085e-23
2.1392954e-23
1.2055011e-22
2.1394396e-23
-9.9156555e-23
9.9165977e-23
-4.9577766e-23
7.0977085e-23
-7.097072e-23
2.1394396e-23
7.0971319e-23
-9.2371128e-23
2.139253e-23
1.4874849e-22
-7.097072e-23
2.1394396e-23
0
1.205602e-22
-9.9156555e-23
-1.2056002e-22
-9.9156555e-23
-9.9166224e-23
-2.8185835e-23
2.1394396e-23
-2.8185835e-23
1.7641146e-28
2.8186011e-23
0
-9.9156555e-23
2.1394396e-23
7.0971319e-23
9.2370457e-23
-2.8185835e-23
-4.9578189e-23
-4.9583112e-23
-2.8185835e-23
9.2370457e-23
5.9974668e-28
2.1394396e-23
-9.9156555e-23
-9.9165624e-23
2.8186011e-23
1.7641146e-28
5.9974668e-28
2.1394396e-23
-1.2054909e-22
1.7641146e-28
-1.2054951e-22
2.8188893e-23
7.0971496e-23
7.0977085e-23
-4.233506e-28
2.4111979e-22
-1.2054951e-22
-4.9583112e-23
1.2054968e-22
2.1394396e-23
2.139253e-23
-2.139362e-23
2.1392954e-23
2.1394396e-23
2.8186011e-23
1.7641146e-28
0
9.9156449e-23
-2.818861e-23
2.1392636e-23
7.0976802e-23
2.1391825e-23
2.1394096e-23
2.8186153e-23
2.818861e-23
-4.9579089e-23
-2.818861e-23
7.0971019e-23
2.1394096e-23
9.9156449e-23
-1.2056073e-22
-2.9987334e-28
1.2055991e-22
-4.9579089e-23
1.2055991e-22
2.9987334e-28
-4.9582812e-23
-7.0558433e-28
2.9989949e-28
2.1392636e-23
1.2055991e-22
4.9578083e-23
7.0976802e-23
7.0971019e-23
7.0977208e-23
-7.0558433e-28
9.9156449e-23
1.4874881e-22
-7.0558433e-28
7.0977208e-23
7.0971019e-23
7.0976802e-23
4.9578083e-23
1.2055991e-22
2.1392636e-23
2.9989949e-28
-7.0558433e-28
-4.9582812e-23
-1.4873626e-22
1.2055991e-22
4.9578083e-23
1.2055991e-22
4.9578083e-23
-1.0584688e-28
2.1391825e-23
-1.0584688e-28
1.205494e-22
7.0977208e-23
-4.9579089e-23
2.818861e-23
2.8186153e-23
2.1394096e-23
2.1391825e-23
7.0976802e-23
2.1392636e-23
2.1392231e-23
-4.9582812e-23
-2.9987334e-28
-2.818861e-23
4.9578083e-23
7.0976802e-23
1.7012777e-22
2.1394096e-23
-1.2054981e-22
2.818861e-23
-1.2054981e-22
7.0977208e-23
7.097019e-23
2.1394096e-23
2.1391825e-23
-1.2056073e-22
4.9578083e-23
1.2055991e-22
4.9578083e-23
1.2055991e-22
-9.9157878e-23
-4.9582812e-23
1.0583765e-28
2.9989949e-28
2.9987334e-28
1.2055991e-22
-2.9987334e-28
7.0976802e-23
7.0971019e-23
7.0977208e-23
-9.9157878e-23
9.9156449e-23
1.4874881e-22
-1.4873626e-22
7.0977208e-23
7.0971019e-23
7.0976802e-23
4.9578083e-23
-4.9582812e-23
2.9987334e-28
2.9989949e-28
-7.0558433e-28
-4.9582812e-23
4.9578083e-23
1.2055949e-22
-4.9578683e-23
1.701426e-22
2.8186153e-23
4.9583412e-23
-1.0583765e-28
2.1394096e-23
4.9578083e-23
1.7014303e-22
4.9578083e-23
4.9582583e-23
-1.2054981e-22
-1.0584688e-28
2.1392636e-23
4.9582583e-23
-1.4194214e-22
1.2055949e-22
2.1391825e-23
-1.7012745e-22
-1.983322e-22
-1.701289e-22
-9.9164778e-23
9.9156731e-23
7.0977508e-23
9.9156731e-23
2.8188469e-23
2.8185412e-23
-1.983322e-22
0
7.0977508e-23
-1.7012745e-22
-9.9166224e-23
5.9974668e-28
-8.4677502e-28
-8.4670119e-28
5.9979898e-28
9.9157331e-23
-2.8188716e-23
7.0971319e-23
-9.9166224e-23
-1.701289e-22
-1.7014313e-22
-9.9157578e-23
7.0977508e-23
1.7012745e-22
1.7014229e-22
7.0971319e-23
-9.9156978e-23
5.9979898e-28
7.0971319e-23
1.7014229e-22
1.7012745e-22
7.0977508e-23
-9.9157578e-23
5.9979898e-28
-1.701289e-22
-9.9166224e-23
7.0971319e-23
-2.8188716e-23
-9.9156978e-23
5.9979898e-28
-8.4670119e-28
-8.4677502e-28
-8.4670119e-28
0
9.9156731e-23
5.9979898e-28
-7.0971566e-23
1.7014229e-22
2.8185412e-23
2.8188469e-23
9.9156731e-23
7.0977508e-23
9.9156731e-23
-9.9164778e-23
-1.701289e-22
9.9157578e-23
-2.8188716e-23
5.9974668e-28
-1.983322e-22
1.7012805e-22
-9.9164778e-23
-1.7012745e-22
7.0977508e-23
-1.4194204e-22
2.8188469e-23
-9.9157578e-23
1.4195417e-22
-1.7012745e-22
7.0977508e-23
9.9156731e-23
-9.9166224e-23
-8.4670119e-28
-8.4677502e-28
-8.4670119e-28
-9.9165624e-23
-9.9156978e-23
-2.8188716e-23
-9.9156978e-23
-9.9166224e-23
9.9157331e-23
-1.7014313e-22
5.9974668e-28
7.0977508e-23
-9.9157578e-23
1.7014229e-22
-9.9156978e-23
2.4109877e-22
5.9979898e-28
-9.9156978e-23
1.7014229e-22
-9.9157578e-23
7.0977508e-23
-9.9157578e-23
-2.8188716e-23
9.9157331e-23
-9.9166224e-23
7.0971319e-23
-2.8188716e-23
1.7012805e-22
1.4195357e-22
4.2784461e-23
7.0977261e-23
9.9156731e-23
-1.7014313e-22
-9.9156978e-23
-1.446574e-27
9.9157331e-23
-2.8188716e-23
0
-9.9165624e-23
-9.9157578e-23
-1.4195526e-22
-1.701289e-22
-9.9165624e-23
2.8186611e-23
1.4195357e-22
2.8186011e-23
-5.2918825e-28
7.0976992e-23
-5.2918825e-28
-1.9833155e-22
2.9987334e-28
-2.8189232e-23
1.7012838e-22
-1.4195557e-22
-2.9987334e-28
7.0976992e-23
1.7012838e-22
-2.8189232e-23
-5.2918825e-28
-1.7014345e-22
-5.2918825e-28
1.4195391e-22
-1.1289349e-27
-2.8189002e-23
2.8186315e-23
7.0976393e-23
-9.9157278e-23
2.1293144e-22
-5.2918825e-28
-2.4111977e-22
9.9156449e-23
5.6376629e-23
1.7012838e-22
-1.7014285e-22
-9.9157278e-23
-2.8185945e-23
1.7014237e-22
-2.8185945e-23
-1.7014285e-22
1.7012838e-22
5.6376629e-23
9.9156449e-23
-2.8189002e-23
-5.2918825e-28
2.1293144e-22
-2.8185945e-23
7.0976393e-23
-2.8186545e-23
-2.8189002e-23
2.8185715e-23
4.2788519e-23
2.8185715e-23
7.0977822e-23
2.9987334e-28
-2.8189232e-23
2.9987333e-28
-1.7014285e-22
-4.2785018e-23
-1.4195557e-22
1.7012838e-22
-2.8189232e-23
2.9987334e-28
-1.9833155e-22
-5.2918825e-28
7.0971633e-23
7.0976393e-23
-5.2918825e-28
7.0976992e-23
-1.7012801e-22
-1.9833155e-22
-5.2918825e-28
-2.8189232e-23
9.9157048e-23
-1.4195557e-22
1.1375552e-22
7.0976393e-23
9.9157048e-23
-2.8189232e-23
2.9987334e-28
-1.7014345e-22
2.8185715e-23
1.4195391e-22
2.8185715e-23
-9.9166524e-23
-2.8186545e-23
7.0976393e-23
7.0971033e-23
2.1293144e-22
2.8186315e-23
-2.4111977e-22
-5.2918825e-28
5.6376629e-23
9.9157048e-23
-1.7014285e-22
-2.8186545e-23
7.0971033e-23
1.7014237e-22
-2.8186545e-23
-1.7014285e-22
9.9157048e-23
5.6376629e-23
9.9156449e-23
-7.0977451e-23
-5.2918825e-28
2.1293144e-22
-2.8185945e-23
7.0976393e-23
-9.9156678e-23
-1.7014405e-22
9.9157648e-23
-9.9165924e-23
1.7012838e-22
-7.0978051e-23
7.0558433e-29
-9.9165324e-23
-1.1289349e-27
2.8187926e-23
-7.0971262e-23
9.9164848e-23
1.1375552e-22
7.0976992e-23
-5.2918825e-28
9.9164848e-23
1.4194094e-22
-1.7014405e-22
2.9987334e-28
7.0558433e-28
-7.0977056e-23
9.9157437e-23
-7.0976209e-23
4.5862981e-28
-7.0976209e-23
1.4194251e-22
-7.0976209e-23
5.637275e-23
-7.0977056e-23
-1.4194219e-22
-7.0976209e-23
7.0971467e-23
-9.9165518e-23
4.278578e-23
5.6377666e-23
7.0971185e-23
7.0977056e-23
-7.0970868e-23
7.0564585e-28
-7.0970021e-23
9.9166083e-23
9.9157437e-23
-2.4111995e-22
7.0558433e-28
7.0977973e-23
-7.0971467e-23
9.9166083e-23
-7.0970021e-23
-9.9156872e-23
7.0977374e-23
-7.0970021e-23
9.9166083e-23
-7.0971467e-23
7.0977973e-23
7.0558433e-28
7.0977056e-23
9.9157437e-23
9.9166083e-23
-7.0970021e-23
7.0564585e-28
-1.9831385e-22
7.0977056e-23
7.0558433e-28
5.6377666e-23
7.0558433e-28
-2.8188004e-23
4.5862981e-28
-7.0976209e-23
1.7012936e-22
9.9166083e-23
7.0558433e-28
-7.0976209e-23
1.4194251e-22
-7.0976209e-23
4.5862981e-28
7.097882e-23
9.9157437e-23
-1.4111687e-28
7.0564585e-28
4.278578e-23
-7.0977056e-23
7.0558433e-28
7.097882e-23
7.0971467e-23
-7.0976209e-23
1.305331e-27
-7.0976209e-23
2.1291352e-22
-1.7014243e-22
-2.8185546e-23
-7.0976209e-23
4.5862981e-28
-9.9165518e-23
7.0558433e-28
5.6377666e-23
7.0558433e-28
7.0977056e-23
-1.9831385e-22
7.0564585e-28
-1.9831385e-22
9.9166083e-23
-7.0970868e-23
-2.4111995e-22
4.278578e-23
7.0977973e-23
1.4194336e-22
9.9166083e-23
-1.9831385e-22
-4.2784016e-23
7.0977374e-23
-1.9831385e-22
9.9166083e-23
1.7012936e-22
7.0977973e-23
7.0558433e-28
1.1376561e-22
-7.0970868e-23
9.9166083e-23
-7.0970021e-23
7.0564585e-28
7.0558433e-28
-7.0977656e-23
-1.9831364e-22
-9.9165518e-23
1.4194251e-22
-2.8188004e-23
-7.0970021e-23
-1.4112917e-28
-7.0558433e-28
-1.4195457e-22
9.9157437e-23
9.9166083e-23
2.1291352e-22
-1.7014243e-22
9.9157437e-23
9.9166083e-23
-9.9156872e-23
-7.0977656e-23
4.5862981e-28
7.7614276e-28
-1.4195496e-22
5.637257e-23
4.2787892e-23
5.637257e-23
-4.0574637e-28
-3.4025608e-22
5.6376657e-23
-3.4025608e-22
-1.4195496e-22
1.3588004e-23
-4.0574637e-28
7.7614276e-28
4.3945148e-22
-2.410985e-22
9.9165818e-23
4.2784531e-23
9.9164972e-23
1.4194126e-22
-9.9164636e-23
-4.2785008e-23
1.4195364e-22
5.637257e-23
9.9164972e-23
1.4194126e-22
-9.916663e-23
9.9157172e-23
-1.2525214e-27
-4.2785008e-23
-2.4109932e-22
1.4195364e-22
9.9157507e-23
-1.2525214e-27
9.9157172e-23
-9.916663e-23
1.4194126e-22
9.9164972e-23
5.637257e-23
1.4195364e-22
9.9157507e-23
-9.9164636e-23
-1.9831357e-22
9.9164972e-23
-7.0558433e-29
9.9165818e-23
-7.0558433e-29
4.3945148e-22
5.637257e-23
9.9165818e-23
-2.4109932e-22
-1.2525214e-27
-3.4025608e-22
5.6376657e-23
-3.4025608e-22
-4.0574637e-28
-1.4194259e-22
4.2787892e-23
5.637257e-23
2.4109884e-22
-9.9164636e-23
-2.410985e-22
-1.4195496e-22
-1.4194259e-22
4.2787892e-23
7.7614276e-28
-4.0574637e-28
-1.2524122e-27
5.6376657e-23
-4.0571099e-28
1.983312e-22
-4.2784161e-23
-4.0574637e-28
5.637257e-23
4.3945148e-22
-7.0558433e-29
9.9165818e-23
-7.0558433e-29
9.9164972e-23
-7.0558433e-29
-9.9164636e-23
-1.9831357e-22
1.4195364e-22
1.4194126e-22
9.9164972e-23
-2.410985e-22
-9.916663e-23
-1.8472715e-22
-1.2525214e-27
-7.0558433e-29
2.4109969e-22
1.4195364e-22
-1.9831357e-22
-1.2525214e-27
-1.8472715e-22
-9.916663e-23
1.4194126e-22
7.7621044e-28
1.4194126e-22
1.4195364e-22
9.9157507e-23
-9.9164636e-23
-9.9156802e-23
4.2788262e-23
1.4194126e-22
9.9165818e-23
-3.4025608e-22
-9.9165818e-23
-3.4025608e-22
-1.2525214e-27
-4.0571099e-28
-4.0574636e-28
-5.6372235e-23
2.4111986e-22
-4.0571099e-28
-2.4112034e-22
5.637257e-23
2.4111986e-22
4.2785343e-23
4.2788262e-23
-3.4025689e-22
-4.0571099e-28
-1.4195425e-22
-5.6371251e-23
1.4195462e-22
-9.915599e-23
-2.4111967e-22
7.7614276e-28
-1.5554239e-22
-2.8388418e-22
-1.4195425e-22
-4.2784298e-23
-2.4111967e-22
-4.0571099e-28
2.4112085e-22
-2.8388333e-22
1.5877032e-27
-1.9831475e-22
9.9165818e-23
7.7614276e-28
-5.6377013e-23
-1.5552883e-22
4.0574637e-28
-5.6371251e-23
4.0574637e-28
-1.4194188e-22
4.0574637e-28
5.6372432e-23
2.4112e-22
-1.5552883e-22
1.5875647e-27
1.3588543e-23
4.2786327e-23
2.4112e-22
5.6372432e-23
4.0574637e-28
-1.4194188e-22
9.9165818e-23
-5.6371251e-23
4.0574637e-28
4.2786327e-23
-5.6377013e-23
-9.9156325e-23
9.9165818e-23
-4.0571099e-28
1.5877032e-27
-4.0571099e-28
2.4112085e-22
-9.915599e-23
-2.4111967e-22
1.4194424e-22
2.4112e-22
-2.8388333e-22
-1.5554239e-22
7.7614276e-28
-2.4111967e-22
-9.915599e-23
1.4195462e-22
-5.6371251e-23
4.278548e-23
-5.6377013e-23
-2.8388333e-22
-1.4195425e-22
9.9158354e-23
1.4195462e-22
-4.0571099e-28
-2.4111967e-22
-1.4194188e-22
-1.5554239e-22
9.9157172e-23
9.9167e-23
1.4194225e-22
-2.4111967e-22
4.278548e-23
2.4112085e-22
-4.0571099e-28
1.5877032e-27
-4.0571099e-28
2.4112085e-22
-9.9156325e-23
-5.6377013e-23
-1.983139e-22
4.0574637e-28
7.7614276e-28
4.0574637e-28
-2.8388333e-22
4.0574637e-28
3.4025774e-22
2.4112e-22
-9.9156325e-23
-9.915599e-23
1.3588543e-23
-9.9156325e-23
2.4112e-22
2.4110101e-22
4.0574637e-28
-1.4194188e-22
1.8474424e-22
7.7614276e-28
4.0574637e-28
4.2786327e-23
-5.6377013e-23
1.4194306e-22
-1.419551e-22
9.9158354e-23
1.4195544e-22
7.7614276e-28
4.0574636e-28
-4.2784298e-23
9.9164972e-23
1.4194225e-22
4.2789211e-23
1.4194343e-22
-7.0564586e-29
9.9157172e-23
9.9164972e-23
-5.6371251e-23
-7.0564586e-29
4.278548e-23
-1.419551e-22
-9.915599e-23
-4.2785145e-23
4.2789211e-23
1.5875647e-27
-2.4111967e-22
2.4109898e-22
9.9164972e-23
3.4025656e-22
9.9166154e-23
2.4109898e-22
4.2789211e-23
9.9158354e-23
9.9164972e-23
-4.2785145e-23
-4.2788876e-23
-1.4194188e-22
2.4112085e-22
-1.4194188e-22
9.9164972e-23
-1.4194188e-22
2.4112085e-22
1.9831508e-22
-9.9165448e-23
1.5875647e-27
9.9164972e-23
7.7614276e-28
-4.2788029e-23
2.4109982e-22
-9.9164636e-23
1.9831508e-22
1.4194306e-22
-5.6377824e-23
1.9831508e-22
-9.9164636e-23
2.4109982e-22
-4.2788029e-23
7.7614276e-28
9.9164972e-23
1.5875647e-27
-9.9165448e-23
1.9831508e-22
2.4112085e-22
7.7614276e-28
9.9164972e-23
1.4194225e-22
2.4112085e-22
4.2784669e-23
-4.2788876e-23
2.4109898e-22
-9.9165818e-23
1.983139e-22
-9.9164636e-23
3.4025656e-22
9.9166154e-23
3.4025656e-22
9.9164972e-23
2.4109898e-22
-4.2787218e-23
1.5875647e-27
-1.4194188e-22
2.4112085e-22
-1.4194188e-22
4.2789211e-23
-1.4194188e-22
-4.2787218e-23
-4.2785145e-23
9.9164972e-23
-1.4194306e-22
9.9166154e-23
4.278548e-23
9.9167e-23
9.9157507e-23
9.9164972e-23
4.278548e-23
-4.2788876e-23
4.2784669e-23
2.4112085e-22
4.2784669e-23
9.9164972e-23
7.7614276e-28
2.4112085e-22
7.7614276e-28
-9.9165448e-23
-1.4194188e-22
9.9164972e-23
-1.4194188e-22
-4.2788029e-23
1.5552918e-22
-9.9164636e-23
7.7614276e-28
-9.915599e-23
-5.6377824e-23
7.7614276e-28
-9.9164636e-23
-4.2784298e-23
-4.2788029e-23
7.7614276e-28
9.9166154e-23
-4.2784298e-23
-9.9165448e-23
1.9831508e-22
2.4112085e-22
9.9157983e-23
-1.4195425e-22
1.9831508e-22
-5.6377013e-23
3.4025656e-22
-4.2788029e-23
-7.0558433e-29
-9.9164636e-23
-4.0571099e-28
9.9167e-23
-9.915599e-23
2.4112085e-22
4.278548e-23
-9.9164636e-23
1.5875647e-27
2.4112085e-22
1.8472732e-22
-1.4195425e-22
2.4109898e-22
1.4194122e-22
1.419536e-22
-2.2931491e-28
-2.4112065e-22
-9.9157807e-23
-5.9979898e-28
-2.2931491e-28
9.9164795e-23
-2.2931491e-28
1.419536e-22
-2.293149e-28
-5.9979898e-28
1.4194122e-22
-2.293349e-28
4.2784475e-23
1.4195443e-22
-5.6372274e-23
-3.4028688e-22
9.9156149e-23
-1.4195526e-22
-4.2785304e-23
4.2787377e-23
-2.2931491e-28
-3.4028688e-22
-9.9156978e-23
-9.9166453e-23
4.2784475e-23
1.9833139e-22
-4.2785304e-23
3.4025555e-22
-4.2788206e-23
-4.2785304e-23
-1.0584688e-27
4.2784475e-23
-9.9166453e-23
-9.9156978e-23
-3.4028688e-22
-2.2931491e-28
4.2787377e-23
-4.2785304e-23
-1.4195526e-22
9.915532e-23
-3.4028688e-22
-9.9156978e-23
1.4195443e-22
-1.9831456e-22
-2.293349e-28
-9.9157807e-23
9.9164795e-23
-1.4194408e-22
1.9833139e-22
-1.4194288e-22
9.9164795e-23
-2.2931491e-28
-5.9979898e-28
-9.9157807e-23
-2.4112065e-22
-2.2931491e-28
9.9156149e-23
-1.4195526e-22
4.2784475e-23
1.419536e-22
1.8472595e-22
-2.4112065e-22
1.4194122e-22
-5.9979898e-28
1.4194122e-22
9.9164795e-23
-2.2931491e-28
-1.9833185e-22
4.2783646e-23
-5.9979898e-28
4.2783646e-23
-2.293349e-28
-1.9831456e-22
1.4195443e-22
-1.9831456e-22
-3.4028688e-22
-4.2786133e-23
-1.4195526e-22
9.915532e-23
4.2787377e-23
9.9156149e-23
-3.4028688e-22
4.2784475e-23
-9.9166453e-23
-2.8388553e-22
1.9833139e-22
-4.2786133e-23
2.410988e-22
-4.2788206e-23
9.915532e-23
1.9833139e-22
-2.8388553e-22
-9.9166453e-23
-9.9156978e-23
-4.2788206e-23
9.9156149e-23
4.2787377e-23
-4.2785304e-23
-1.4195526e-22
1.4194122e-22
-9.9166824e-23
9.9156149e-23
-5.6378018e-23
-2.2931491e-28
1.4195443e-22
-2.2931491e-28
9.9165166e-23
-9.9156978e-23
9.9165995e-23
4.2783646e-23
-2.4112065e-22
-2.2931491e-28
1.419536e-22
-2.2931491e-28
-2.4112065e-22
-1.4194288e-22
-9.9166824e-23
4.2783646e-23
4.0571099e-28
1.4195544e-22
1.5875647e-27
4.0574637e-28
4.0571099e-28
4.0574637e-28
-5.6372097e-23
-1.9833204e-22
-5.6372097e-23
1.4195544e-22
-1.4194106e-22
4.0574637e-28
4.0571099e-28
1.4195544e-22
1.4194424e-22
-1.4195344e-22
-1.4194106e-22
1.4195544e-22
1.9831556e-22
-1.4195344e-22
-1.4194272e-22
1.4195544e-22
1.5875647e-27
1.5877032e-27
-1.9831475e-22
-3.4028589e-22
-1.4194106e-22
1.5877032e-27
-1.4194272e-22
-5.6372097e-23
4.0574637e-28
-7.0558433e-29
-1.9833086e-22
-1.4194106e-22
-3.4028589e-22
-1.9831475e-22
1.4195544e-22
1.5875647e-27
1.4195544e-22
-7.0558433e-29
-1.4195344e-22
-3.4025622e-22
1.4195544e-22
-1.9831475e-22
-1.4195344e-22
-5.6372097e-23
4.0574637e-28
4.0571099e-28
-1.4195344e-22
-1.4194106e-22
1.5877032e-27
-5.6372097e-23
-1.9833204e-22
-5.6372097e-23
4.0574637e-28
4.0571099e-28
4.0574637e-28
1.5875647e-27
-1.2524122e-27
-1.4195344e-22
1.4194424e-22
1.4195544e-22
-1.2524122e-27
4.0574637e-28
-1.9831475e-22
4.0574637e-28
4.0571099e-28
-1.9833204e-22
4.0571099e-28
4.0574637e-28
4.0571098e-28
4.0574637e-28
4.0571099e-28
1.4195544e-22
-5.6372097e-23
-1.4195344e-22
-5.6372097e-23
1.4195544e-22
-3.4025622e-22
-1.4195344e-22
-1.9831357e-22
1.4195544e-22
1.9831556e-22
1.5877032e-27
1.4194424e-22
-3.4028589e-22
4.0571099e-28
1.5877032e-27
-3.4025622e-22
-5.6372097e-23
4.0574637e-28
-3.4025622e-22
1.5877032e-27
-1.4194106e-22
-3.4028589e-22
-1.9831475e-22
-5.6377013e-23
1.9831556e-22
1.4195544e-22
-7.0558433e-29
-1.4195344e-22
-1.2524122e-27
1.5877031e-27
-5.6372097e-23
-1.9833204e-22
-5.6372097e-23
1.5877031e-27
1.5875647e-27
1.5877032e-27
-1.4194106e-22
-3.4028589e-22
-3.4025622e-22
4.0574637e-28
4.0571099e-28
1.4195544e-22
1.5875647e-27
4.0574637e-28
-1.9831475e-22
1.5877031e-27
-1.4194106e-22
-1.9831516e-22
0
0
1.4195383e-22
-3.4025495e-22
-1.4195383e-22
0
-1.9833245e-22
1.1994934e-27
0
-5.6372503e-23
-1.4195383e-22
-1.9831516e-22
1.4195503e-22
1.983147e-22
1.4195383e-22
0
-1.9833245e-22
-5.6372503e-23
-5.6377419e-23
2.546872e-22
1.199598e-27
0
-1.6582678e-27
1.4194265e-22
-5.6377419e-23
-3.4025543e-22
2.8391006e-22
2.546872e-22
-1.4194027e-22
-1.9833125e-22
5.6372044e-23
2.8391006e-22
-3.4025543e-22
-5.6377419e-23
1.4194265e-22
-1.9833245e-22
0
1.199598e-27
5.6372044e-23
-5.6377419e-23
5.6372044e-23
-1.9833245e-22
1.4194265e-22
1.4195383e-22
1.4194265e-22
1.4195503e-22
-3.4025495e-22
-1.4195383e-22
-1.4194311e-22
2.8391006e-22
1.1994934e-27
-1.9833245e-22
0
-1.4195383e-22
-3.4025495e-22
1.4195383e-22
0
0
-5.6377419e-23
1.983147e-22
0
-8.5570608e-23
1.4195383e-22
-1.9831516e-22
-1.4195383e-22
1.1994934e-27
-1.9833245e-22
-4.8219926e-22
-5.6377419e-23
0
-1.4195383e-22
-3.4025495e-22
1.4195503e-22
1.4194265e-22
1.4195383e-22
1.4194265e-22
-1.9833245e-22
5.6372044e-23
-5.6377419e-23
5.6372044e-23
1.199598e-27
-5.6372503e-23
-1.6582678e-27
1.983147e-22
-5.6377419e-23
-1.4194311e-22
2.8391006e-22
5.6372044e-23
-2.54686e-22
-1.9833125e-22
5.6372044e-23
2.8391006e-22
-1.9831516e-22
-5.6377419e-23
1.4194265e-22
-4.2586271e-22
3.4025781e-22
1.199598e-27
5.6372044e-23
-5.6377419e-23
-8.5570608e-23
-1.9833245e-22
-5.6372503e-23
2.8390886e-22
0
-5.6377419e-23
-5.6370845e-23
0
1.983135e-22
0
2.8388411e-22
-1.9833125e-22
-4.8219926e-22
0
0
-1.9833125e-22
2.8388411e-22
-1.9833245e-22
5.6372044e-23
-1.419423e-22
-1.9833328e-22
-1.4194348e-22
8.5577258e-23
-5.6374514e-23
-8.2913388e-28
-1.9831717e-22
-5.637659e-23
4.8219797e-22
-1.9833328e-22
-2.8388375e-22
-8.2913388e-28
-1.419423e-22
-2.5470904e-22
-5.6371674e-23
-1.4195468e-22
3.4025532e-22
-8.2913388e-28
-2.8388375e-22
5.6377771e-23
1.4194064e-22
1.9833044e-22
-1.4194348e-22
-8.2913388e-28
-1.419423e-22
-1.4195468e-22
-8.2906158e-28
-1.4195468e-22
1.4194064e-22
3.5279216e-28
-2.8390971e-22
1.4194064e-22
-1.4195468e-22
-8.2906158e-28
-1.4195468e-22
-1.419423e-22
-8.2913388e-28
-1.4194348e-22
1.9833044e-22
1.4194064e-22
5.6377771e-23
3.5279216e-28
-8.2913388e-28
-8.2906158e-28
-1.4195468e-22
-8.2906158e-28
-5.637659e-23
-5.6374514e-23
-8.2913388e-28
-2.0109153e-27
-1.4195468e-22
-8.5570255e-23
-5.637659e-23
-1.9831717e-22
-8.2913388e-28
-5.6374514e-23
-5.6377771e-23
-1.4194348e-22
-1.9831598e-22
5.6377771e-23
-5.6371674e-23
-1.9833328e-22
-1.305331e-27
-5.6377771e-23
-3.4025745e-22
-8.2913388e-28
-1.9831433e-22
-5.637659e-23
5.6371674e-23
-2.8390971e-22
-3.4025745e-22
-8.2913388e-28
-5.6374514e-23
-2.5470904e-22
-8.2906158e-28
-1.4195468e-22
-8.2906158e-28
-1.4195586e-22
2.8388329e-22
5.6377771e-23
5.6372856e-23
1.9833044e-22
-2.8388375e-22
-8.2913388e-28
-5.6371674e-23
-1.4195468e-22
-4.258264e-22
-1.4195468e-22
2.8388329e-22
4.8219679e-22
-2.8390971e-22
3.5279216e-28
-1.4195468e-22
-4.258264e-22
-1.4195468e-22
-1.419423e-22
-1.983321e-22
-1.419411e-22
1.9833044e-22
1.4194064e-22
5.6377771e-23
-5.6373332e-23
1.4195302e-22
-5.6371674e-23
-3.4028665e-22
-1.9831717e-22
1.4195538e-22
-2.8388541e-22
-3.4028713e-22
3.4025532e-22
-1.4195468e-22
5.6371674e-23
5.6377771e-23
5.6371674e-23
-2.4874016e-27
-1.4194348e-22
5.6377771e-23
-8.2906158e-28
1.4195302e-22
-5.6374514e-23
-5.6372274e-23
-1.4195242e-22
-3.4025804e-22
-1.4195526e-22
1.4194122e-22
-4.822399e-22
5.3856986e-22
-8.5575459e-23
1.4194242e-22
-1.4195242e-22
4.8219903e-22
-4.822399e-22
1.4194122e-22
1.419548e-22
-1.9831493e-22
-1.419536e-22
-1.9831373e-22
-5.637599e-23
-2.2931491e-28
-1.4195408e-22
-3.4025804e-22
-1.9833268e-22
-3.4025804e-22
-5.637599e-23
-2.2931491e-28
-3.4028487e-22
3.4025758e-22
2.6108897e-27
-3.4025804e-22
5.6372274e-23
-1.4195242e-22
-3.4025804e-22
2.6108897e-27
3.4025758e-22
-3.4028487e-22
-2.2931491e-28
-5.637599e-23
-3.4025804e-22
-1.9833268e-22
-3.4025804e-22
-1.4195408e-22
-2.8388435e-22
-5.637599e-23
-2.2931491e-28
-1.419536e-22
-2.2931491e-28
1.419548e-22
1.4194122e-22
-4.822399e-22
-1.4288082e-27
2.6108897e-27
1.4194242e-22
-8.5575459e-23
5.3856986e-22
-4.822399e-22
3.4025638e-22
5.6377189e-23
-3.4025804e-22
1.4288083e-27
-1.4195408e-22
-1.9831493e-22
-1.4195242e-22
5.6372274e-23
5.6377189e-23
3.4025638e-22
-4.822399e-22
2.8388388e-22
-8.5575459e-23
9.5253884e-28
-1.4195242e-22
-5.6372274e-23
-4.822399e-22
1.4194122e-22
1.419548e-22
-2.2931491e-28
-1.419536e-22
-2.2931491e-28
8.557904e-23
-8.5570873e-23
-1.4195408e-22
-8.5569197e-23
-1.9833268e-22
-2.2931491e-28
-5.637599e-23
-1.9831493e-22
-3.4028487e-22
-1.4288083e-27
2.6108897e-27
-8.5570873e-23
3.4025638e-22
-1.4195242e-22
-2.8388435e-22
2.6108897e-27
-1.4288083e-27
-3.4028487e-22
-2.2931491e-28
1.4195598e-22
-2.2931491e-28
-1.9833268e-22
-3.4025804e-22
-1.4195408e-22
5.6372274e-23
-2.293349e-28
2.2931491e-28
1.419536e-22
5.3856986e-22
-1.4195408e-22
-2.8388435e-22
-1.4195242e-22
1.4194122e-22
2.6108896e-27
-3.4025638e-22
-3.4028487e-22
9.5253884e-28
-8.5575459e-23
-3.4025804e-22
-3.4028487e-22
2.8388388e-22
-2.293349e-28
1.4194122e-22
-4.821978e-22
1.9833195e-22
1.9831348e-22
-1.9833245e-22
0
-1.4195539e-22
3.4025599e-22
1.4195322e-22
-3.4025767e-22
3.4028566e-22
5.6370965e-23
-1.4195539e-22
-1.9831516e-22
4.8223937e-22
1.4194133e-22
1.9833077e-22
0
-8.557663e-23
1.983123e-22
3.4028448e-22
1.9831348e-22
0
1.9831348e-22
4.8223937e-22
-5.6373823e-23
5.6377062e-23
5.6370965e-23
3.4028448e-22
1.9831348e-22
-5.3857164e-22
-4.2586397e-22
1.9831348e-22
1.9832959e-22
5.6370965e-23
5.6377062e-23
-5.6373823e-23
-8.557663e-23
1.9831348e-22
0
1.9831348e-22
3.4028448e-22
3.4025481e-22
-8.557663e-23
-1.9831516e-22
5.6377062e-23
-1.9831516e-22
4.8223937e-22
0
5.637588e-23
0
3.4028448e-22
-3.4025767e-22
1.4195322e-22
3.4025599e-22
-1.4195539e-22
-1.4194251e-22
-1.9833245e-22
1.9831348e-22
1.4194251e-22
3.4028448e-22
1.4194133e-22
1.9833195e-22
5.6370965e-23
-1.9833245e-22
-1.9831516e-22
-1.4195539e-22
-1.4194251e-22
1.4195322e-22
-4.821978e-22
1.9833077e-22
-2.8388265e-22
-1.4195539e-22
5.6372147e-23
4.8223937e-22
-1.9831516e-22
1.9833077e-22
-1.9831516e-22
-8.557663e-23
5.6372147e-23
3.4028448e-22
3.4025481e-22
0
1.983123e-22
4.8223937e-22
1.4194133e-22
5.6377062e-23
1.9831348e-22
3.4028448e-22
5.6372147e-23
-5.6373823e-23
-4.2586397e-22
3.4025481e-22
3.4028448e-22
1.9831348e-22
5.6377062e-23
-5.6373823e-23
3.4028566e-22
5.6372147e-23
0
1.9831348e-22
3.4028448e-22
-1.9831516e-22
-1.6759089e-27
-5.3857164e-22
3.4028448e-22
3.4025599e-22
-5.6377556e-23
-1.1818537e-27
4.8223937e-22
1.4193966e-22
-1.4195539e-22
-1.9831348e-22
-8.557663e-23
-4.821978e-22
3.4028566e-22
1.9831348e-22
-8.557663e-23
3.4025599e-22
-1.6759089e-27
0
1.9831433e-22
-8.2913388e-28
-5.6371674e-23
-2.8390851e-22
3.5279216e-28
1.9833162e-22
5.6371674e-23
-8.2913388e-28
-8.2906158e-28
-2.8390851e-22
8.2906157e-28
1.9833162e-22
1.9831433e-22
5.3861744e-22
3.4025698e-22
-1.9833162e-22
-8.2906158e-28
-8.2913388e-28
1.4194182e-22
-1.4195586e-22
-8.2906158e-28
1.9832996e-22
-5.6371674e-23
5.6377771e-23
8.5569796e-23
-1.4195348e-22
5.6372856e-23
2.5470856e-22
-8.2906158e-28
-3.4025698e-22
5.6376113e-23
-1.4194348e-22
-1.4195634e-22
5.6372856e-23
-1.4195348e-22
8.5569796e-23
-8.2913388e-28
-5.6371674e-23
1.9832996e-22
-1.4194348e-22
-1.4195586e-22
3.4025532e-22
-8.2913388e-28
8.5569796e-23
-1.9833162e-22
2.8388495e-22
1.4195254e-22
3.5279216e-28
-1.4195468e-22
-3.402558e-22
2.5470856e-22
-8.2906158e-28
-8.2913388e-28
5.6371674e-23
1.9833162e-22
3.5279216e-28
-2.8390851e-22
-5.6371674e-23
-2.5468801e-22
-1.4195586e-22
3.4025698e-22
-8.2913388e-28
-4.258264e-22
-2.8390851e-22
1.9831433e-22
1.9833162e-22
-1.419423e-22
-8.2913388e-28
1.419423e-22
1.4195254e-22
1.4194182e-22
1.9833162e-22
3.5279216e-28
5.3861744e-22
2.8388495e-22
-1.9833162e-22
2.8388495e-22
1.9833162e-22
3.4025532e-22
-1.4195586e-22
1.9831267e-22
1.9832996e-22
1.4194182e-22
5.6377771e-23
3.4025698e-22
-1.4195348e-22
-1.9831433e-22
2.5470856e-22
3.4025532e-22
-2.8388495e-22
5.6376113e-23
3.4025532e-22
2.5470856e-22
-1.9831433e-22
-1.4195348e-22
8.5569796e-23
-2.8390851e-22
-8.2906158e-28
1.9832996e-22
-1.4194348e-22
-1.4195586e-22
-6.805136e-22
1.4195586e-22
-3.4025698e-22
-3.9666407e-22
5.6371674e-23
-4.8224168e-22
5.6372856e-23
5.6376113e-23
3.4025698e-22
-2.8390851e-22
1.9831433e-22
-8.5578916e-23
1.419423e-22
-8.2913386e-28
-5.6371674e-23
-8.5578916e-23
8.5568597e-23
1.4195586e-22
-1.9831314e-22
3.9662923e-22
1.4195443e-22
2.275127e-22
-1.9833067e-22
3.6945295e-22
5.9979898e-28
-5.3857189e-22
-2.2753253e-22
-5.6371427e-23
1.4195443e-22
2.2750982e-22
5.9979898e-28
3.9662923e-22
5.6378018e-23
-5.6373103e-23
-5.9979898e-28
-3.6945367e-22
-4.8223905e-22
5.9974668e-28
-1.9833185e-22
-5.6371427e-23
1.4195492e-22
2.275127e-22
-1.9832899e-22
-1.4194205e-22
-8.5578687e-23
-1.0760161e-27
-1.4195443e-22
-5.6371427e-23
-5.6374285e-23
-8.5577505e-23
-5.6371427e-23
-1.4195443e-22
-1.0760161e-27
-8.5578687e-23
-1.4194205e-22
-4.8223905e-22
2.275127e-22
1.4195492e-22
-5.6371427e-23
-1.9833185e-22
1.7816004e-27
-4.8223905e-22
-1.4194205e-22
-5.9979898e-28
-1.4194205e-22
5.6378018e-23
3.6945295e-22
-1.9833185e-22
1.9831288e-22
-1.4195443e-22
1.4194373e-22
-2.2753253e-22
-5.3857189e-22
5.9979898e-28
3.6945295e-22
1.7817558e-27
2.275127e-22
3.4025721e-22
-1.9833185e-22
-5.6373103e-23
1.4195443e-22
2.5468776e-22
1.7817558e-27
3.9662923e-22
5.9979898e-28
1.4194205e-22
-2.2753253e-22
2.8388352e-22
-1.9833185e-22
1.9831408e-22
5.9979898e-28
3.6945295e-22
5.6378018e-23
-1.4194205e-22
-5.9979898e-28
-1.4194205e-22
-4.8223905e-22
1.7816004e-27
-1.9833185e-22
1.7816004e-27
1.4195492e-22
5.9974668e-28
-1.9832899e-22
-5.6373103e-23
-8.5578687e-23
1.4194087e-22
-1.4195443e-22
1.7816004e-27
1.9831408e-22
-8.5577505e-23
1.7816004e-27
-1.4195443e-22
2.8388232e-22
-8.5578687e-23
-1.4194205e-22
5.6377525e-23
5.9974668e-28
1.4195492e-22
-5.6371427e-23
-1.9833185e-22
2.5468776e-22
2.8390828e-22
8.556955e-23
-5.6378018e-23
-5.3857189e-22
-1.9833137e-22
5.9974668e-28
5.9979898e-28
5.9974668e-28
5.6376343e-23
-5.6371903e-23
-1.4195492e-22
2.8388352e-22
5.6377525e-23
2.275127e-22
-1.4195492e-22
-5.9974668e-28
2.8390828e-22
3.4025553e-22
-1.127458e-22
8.5575344e-23
-1.9831502e-22
-4.8224237e-22
2.8388326e-22
-4.8224068e-22
1.1274414e-22
-2.8390971e-22
-2.8388495e-22
-1.9833232e-22
5.9494316e-22
-4.8224068e-22
-1.9831502e-22
1.9833302e-22
-2.8388495e-22
-1.1275563e-22
1.1274414e-22
-8.5578696e-23
1.127458e-22
-1.9833232e-22
2.8388326e-22
8.5577038e-23
-1.9831502e-22
-8.5578696e-23
-8.5571234e-23
1.9832896e-22
6.8051235e-22
-1.9833232e-22
8.5569576e-23
6.8051235e-22
-1.9833062e-22
2.8388326e-22
-4.8224237e-22
6.8051235e-22
1.9832896e-22
-8.5571234e-23
-8.5578696e-23
-1.9831502e-22
8.5577038e-23
2.8388326e-22
-1.9833232e-22
-2.8388495e-22
-8.5578696e-23
-8.5571234e-23
-3.9666329e-22
1.9831407e-22
1.9833302e-22
2.8388326e-22
-2.8390971e-22
4.8219627e-22
-1.9833232e-22
1.9831407e-22
-2.8390971e-22
1.1274414e-22
-4.8224068e-22
2.8388326e-22
-1.9833232e-22
-1.9831502e-22
-1.9831333e-22
-1.9833232e-22
-2.8388495e-22
8.5575344e-23
6.8051235e-22
-1.9833232e-22
-1.9831502e-22
-4.8224068e-22
1.9831573e-22
-2.8390971e-22
-1.9831333e-22
4.8224068e-22
8.5569576e-23
-4.8224068e-22
1.9831407e-22
1.9833302e-22
1.9831407e-22
-1.1275563e-22
1.9831407e-22
-8.5578696e-23
-2.8388495e-22
-1.9833232e-22
-2.8388495e-22
8.5577038e-23
1.127458e-22
-8.5578696e-23
-2.8388495e-22
1.9832896e-22
3.1105786e-22
-1.9833232e-22
-2.8388495e-22
1.9831167e-22
-1.9833062e-22
-2.8388495e-22
-1.9833232e-22
3.1105786e-22
1.9832896e-22
-8.5571234e-23
-1.1275563e-22
3.9662871e-22
8.5577038e-23
2.8388326e-22
-1.9833232e-22
8.5571234e-23
2.8390971e-22
8.5567883e-23
1.9833302e-22
1.1274414e-22
-4.8224068e-22
2.8388326e-22
-1.9833232e-22
-8.5571234e-23
6.8057169e-22
-1.9831502e-22
-3.9666329e-22
-1.9831333e-22
-1.9833232e-22
-1.9831502e-22
-3.9666329e-22
8.5569576e-23
2.8390971e-22
5.677662e-22
-2.8388245e-22
-1.1275394e-22
-1.9831448e-22
-1.9833103e-22
-8.556917e-23
1.9833343e-22
-8.556917e-23
-8.557829e-23
-8.5570828e-23
-1.1275394e-22
-3.9662941e-22
1.9833343e-22
-2.8388245e-22
2.8390886e-22
-1.9831374e-22
-1.9833343e-22
-8.556917e-23
-8.557829e-23
-1.1994934e-27
-4.8224109e-22
1.9831374e-22
-1.9833177e-22
-1.9831448e-22
-8.7890389e-22
-4.8219904e-22
-1.9832937e-22
-2.8388576e-22
3.966616e-22
5.9494027e-22
-1.9831613e-22
-2.8391052e-22
1.9831374e-22
3.966616e-22
-2.8388576e-22
-1.9832937e-22
-4.8219904e-22
-8.557829e-23
-1.9831448e-22
-1.9833177e-22
1.9831374e-22
-4.8224109e-22
-1.1994934e-27
-8.557829e-23
-4.8219904e-22
-2.8578657e-27
-8.556917e-23
-1.199598e-27
-8.556917e-23
-2.8390886e-22
1.9831448e-22
3.966616e-22
-3.9662701e-22
-8.557829e-23
-8.556917e-23
1.9833343e-22
-2.8388411e-22
1.199598e-27
-1.9831448e-22
-2.838865e-22
-4.8224109e-22
-1.9831374e-22
-1.1275394e-22
1.1994934e-27
1.199598e-27
-6.8051232e-22
1.9833343e-22
-4.8219904e-22
-8.557829e-23
-1.9831613e-22
-8.5576632e-23
-2.8388245e-22
1.9833343e-22
1.1274411e-22
2.8390886e-22
-8.556917e-23
-1.9833343e-22
-8.556917e-23
-4.8224275e-22
-1.1994934e-27
-4.8224109e-22
2.8388411e-22
-1.9833177e-22
-1.1994934e-27
-8.7890389e-22
-1.9831374e-22
-1.9832937e-22
2.8388411e-22
3.966616e-22
-1.1994934e-27
4.8219738e-22
-2.8391052e-22
-1.1994934e-27
3.966616e-22
8.5570828e-23
-1.9832937e-22
-4.8219904e-22
-6.8057166e-22
1.9831208e-22
-1.9833177e-22
1.9831374e-22
-4.8224109e-22
-8.556917e-23
4.8224109e-22
8.556917e-23
1.9833103e-22
-8.556917e-23
-1.9833177e-22
-6.8051232e-22
2.839072e-22
3.9662867e-22
-2.839072e-22
5.9494267e-22
-2.8391052e-22
-1.9831613e-22
-4.586698e-28
-1.9831448e-22
-2.8391052e-22
1.1274411e-22
4.8224109e-22
-8.5570828e-23
4.8219893e-22
4.8224098e-22
3.7043177e-28
-4.8223954e-22
4.8219821e-22
-1.983302e-22
8.5569064e-23
-1.3054448e-27
8.5568341e-23
1.983333e-22
-3.9662784e-22
-1.983302e-22
4.8219893e-22
1.9833092e-22
6.8051221e-22
3.7046407e-28
-6.8051315e-22
4.8223932e-22
3.7043177e-28
-2.8390731e-22
-7.6608113e-22
-8.5575079e-23
3.7043177e-28
4.8223932e-22
-4.8219987e-22
-1.9833186e-22
-3.9662784e-22
1.9833092e-22
-7.6608113e-22
-7.6608279e-22
-1.3054448e-27
-7.6608113e-22
-8.5579137e-23
-3.9662784e-22
-1.9833186e-22
-4.8219987e-22
4.8223932e-22
3.7043177e-28
-8.5575079e-23
-7.6608113e-22
-2.8390731e-22
5.677669e-22
4.8223932e-22
-4.8219987e-22
3.7046407e-28
8.557074e-23
1.9833092e-22
4.8219821e-22
-1.983302e-22
1.9831363e-22
1.9833092e-22
8.5568341e-23
-1.3054448e-27
8.5569064e-23
-1.983302e-22
4.8219821e-22
-4.8223954e-22
3.7043177e-28
1.9831197e-22
-2.8390731e-22
6.8051221e-22
4.8224098e-22
-2.8388661e-22
-4.8223954e-22
4.8219893e-22
-1.983302e-22
6.8051147e-22
-1.3054448e-27
-1.9831456e-22
2.8391043e-22
3.9662856e-22
-1.983302e-22
6.8051147e-22
1.9833092e-22
8.557074e-23
3.7046407e-28
8.557074e-23
4.8223932e-22
5.677669e-22
-2.8390731e-22
2.838816e-22
-8.5575079e-23
3.7043177e-28
4.8223932e-22
6.8051221e-22
-1.9833186e-22
-1.9831291e-22
1.9833092e-22
5.677669e-22
3.7043177e-28
-1.3054448e-27
5.677669e-22
1.9833092e-22
-1.9831291e-22
-1.9833186e-22
-4.8219987e-22
-1.9833186e-22
3.7043177e-28
-8.5575079e-23
-7.6608113e-22
-2.8390731e-22
-2.8388661e-22
3.7046407e-28
-3.9662546e-22
-1.983302e-22
8.5569064e-23
3.9666387e-22
-3.9663024e-22
4.8224098e-22
-3.9662784e-22
3.7046407e-28
1.9831531e-22
1.9833092e-22
-1.9831456e-22
4.8224098e-22
3.7043177e-28
1.9833092e-22
-1.9831291e-22
3.7046407e-28
3.9662856e-22
8.5569435e-23
-1.9833149e-22
-4.9390903e-28
-4.939521e-28
-3.9662789e-22
1.1819568e-27
-1.9831419e-22
-4.939521e-28
-3.1105796e-22
-1.9833149e-22
1.1818537e-27
1.1819568e-27
8.5569435e-23
-2.8390888e-22
-4.821995e-22
1.1819568e-27
1.1818537e-27
8.5578573e-23
1.1818537e-27
-1.127541e-22
1.9831656e-22
-1.9833217e-22
-4.9390903e-28
8.5578573e-23
-4.9390903e-28
-3.1108509e-22
-2.8388172e-22
1.1819568e-27
1.9831656e-22
-3.6945096e-22
-2.8390815e-22
1.9831656e-22
1.1819568e-27
-2.8388172e-22
-3.1108509e-22
-4.9390903e-28
8.5578573e-23
-4.9390903e-28
-1.9833217e-22
1.9831656e-22
-1.127541e-22
2.8388481e-22
8.5578573e-23
-6.805108e-22
1.1819568e-27
-6.805108e-22
-2.8390888e-22
-3.9662789e-22
-1.9832981e-22
1.9831488e-22
1.1819568e-27
-1.1274426e-22
-4.939521e-28
-1.9831419e-22
1.1819568e-27
-3.9662789e-22
-1.9833316e-22
-4.9390903e-28
-2.8388172e-22
-1.127541e-22
-4.821995e-22
-1.9833149e-22
2.8388412e-22
-1.9833316e-22
8.5569435e-23
1.1819568e-27
1.1818537e-27
-4.939521e-28
2.8388481e-22
-1.9833149e-22
-4.9390902e-28
1.1819568e-27
-4.9390903e-28
-2.8390888e-22
-6.805108e-22
1.1819568e-27
-6.805108e-22
8.5578573e-23
2.8388481e-22
-1.127541e-22
8.5569435e-23
-1.9833217e-22
1.1818537e-27
8.5578573e-23
-4.821995e-22
-3.1108509e-22
1.1818537e-27
1.1819568e-27
2.8388481e-22
1.1818537e-27
-2.8390815e-22
2.8388481e-22
1.1819568e-27
1.1818537e-27
-3.1108509e-22
-4.9390903e-28
-4.939521e-28
1.1818537e-27
-1.9833217e-22
1.9831656e-22
-1.127541e-22
-1.1274663e-22
8.5578573e-23
-8.5568024e-23
-2.8390648e-22
-1.9831419e-22
-1.9832909e-22
-1.9831252e-22
-1.9833149e-22
-8.5570423e-23
-1.9832981e-22
-4.9390903e-28
-1.9833076e-22
2.8388481e-22
-3.9666248e-22
-4.9390903e-28
-1.9833076e-22
2.8388649e-22
8.5578573e-23
-4.9390903e-28
8.5572398e-23
-1.1275069e-22
-1.9831456e-22
4.8224026e-22
1.1274398e-22
3.9666315e-22
-1.9831456e-22
-1.9832948e-22
-1.9831456e-22
2.8391043e-22
8.5568341e-23
3.9666315e-22
8.5572398e-23
-8.5576755e-23
-3.9662784e-22
1.9833092e-22
8.5572398e-23
-1.9833186e-22
-4.8219821e-22
1.9833092e-22
-1.9831053e-22
-1.9832614e-22
-1.9831456e-22
-1.9833186e-22
-8.5567618e-23
3.7046407e-28
-1.9831456e-22
1.9833498e-22
2.7517789e-27
1.1274398e-22
2.8391043e-22
-4.8219583e-22
1.9833498e-22
-1.9831456e-22
3.7046407e-28
-8.5567618e-23
-1.9833186e-22
-1.9831456e-22
-1.9832614e-22
-4.8219583e-22
1.9833092e-22
-1.9831456e-22
-1.9833186e-22
4.8219821e-22
-1.983302e-22
3.6945365e-22
-8.5576755e-23
1.1274398e-22
3.9666315e-22
-1.9831053e-22
1.9833498e-22
-1.9831456e-22
-1.9832948e-22
-1.9831456e-22
3.9666315e-22
-8.5570952e-23
8.5575803e-23
-1.9831456e-22
3.7043177e-28
1.9833092e-22
-3.9662784e-22
-1.1275069e-22
-1.9831291e-22
8.5575803e-23
8.5572398e-23
3.9666315e-22
-1.305331e-27
-1.9832948e-22
2.7517789e-27
2.8390875e-22
-1.9831291e-22
3.9666315e-22
-4.8219583e-22
-8.5576755e-23
3.6945365e-22
1.9833092e-22
3.6945365e-22
-1.9833186e-22
-1.9831456e-22
1.9833092e-22
-1.9831456e-22
-1.9832614e-22
-4.8219821e-22
-1.9833186e-22
-3.9662784e-22
3.7046407e-28
5.6776858e-22
1.9833498e-22
-1.9831456e-22
1.9831531e-22
2.8391043e-22
-1.9831456e-22
1.9833498e-22
5.6776858e-22
3.7046407e-28
-8.5567618e-23
1.9833092e-22
1.127416e-22
-1.9832614e-22
-4.8219583e-22
1.9833092e-22
1.9831363e-22
1.0761099e-27
1.9831363e-22
-4.8223954e-22
-1.9831456e-22
-8.5579137e-23
-1.9831456e-22
2.7520189e-27
-8.5569999e-23
3.7046407e-28
-8.5569294e-23
3.7046408e-28
2.7517789e-27
2.7520188e-27
-1.9831456e-22
3.7046408e-28
-2.8388255e-22
1.0761099e-27
-4.8219583e-22
-1.9831333e-22
5.9499504e-22
1.1274414e-22
-2.8390734e-22
3.1106188e-22
1.1275799e-22
1.9831573e-22
2.8391041e-22
4.409902e-27
2.046373e-27
-1.9831333e-22
1.1275799e-22
8.5569576e-23
3.9666403e-22
-4.8219796e-22
-1.1275323e-22
3.5279216e-28
1.9833136e-22
-1.127458e-22
-1.3054448e-27
2.0461945e-27
2.8390875e-22
1.1274414e-22
1.9833136e-22
-1.9831333e-22
2.046373e-27
-2.8388259e-22
-3.6948639e-22
2.0461945e-27
-2.8388259e-22
1.9833302e-22
2.0461945e-27
-3.6948639e-22
-2.8388259e-22
2.046373e-27
-1.9831333e-22
1.9833136e-22
1.1274414e-22
2.8390875e-22
2.0461945e-27
-1.3054448e-27
-4.8219796e-22
1.9833136e-22
-1.9831333e-22
-1.1275323e-22
-1.9831333e-22
3.9666403e-22
3.1106188e-22
-8.5575344e-23
1.9831407e-22
-3.6948639e-22
5.6777026e-22
2.8391041e-22
1.9831573e-22
1.1275799e-22
-4.8219962e-22
-2.8390734e-22
1.1274414e-22
8.5567883e-23
-1.3054448e-27
-4.8219796e-22
5.9499504e-22
8.5571975e-23
-2.8390734e-22
8.5569576e-23
1.1275799e-22
-3.1105878e-22
2.8391041e-22
8.5569576e-23
2.8391041e-22
1.9831742e-22
1.1275799e-22
5.9494482e-22
3.9666403e-22
-1.9831333e-22
-1.1275323e-22
-1.9831333e-22
1.9833136e-22
-1.9831502e-22
-1.3054448e-27
-2.8388259e-22
2.8390875e-22
-1.127458e-22
1.9833136e-22
-4.8219796e-22
2.046373e-27
-2.8388259e-22
-3.6948639e-22
-1.9831502e-22
2.83884e-22
1.9833302e-22
-4.8219796e-22
-3.6948639e-22
-1.9831333e-22
2.046373e-27
-1.9831333e-22
3.5282293e-28
-1.127458e-22
2.8390875e-22
2.0461945e-27
-1.3054448e-27
8.5571975e-23
1.9833302e-22
-2.8388259e-22
4.8224142e-22
1.9831573e-22
-1.9833232e-22
-1.9831502e-22
1.1275634e-22
-1.9831333e-22
8.5579437e-23
-8.5569576e-23
-1.9833232e-22
8.5569576e-23
1.9833302e-22
1.1274414e-22
-1.9833232e-22
2.8388326e-22
1.9833302e-22
3.9662945e-22
-4.9390903e-28
-3.6948572e-22
2.8388217e-22
-2.839086e-22
-1.9831419e-22
1.9833149e-22
-2.8388552e-22
-1.1275674e-22
1.9831252e-22
-3.6948572e-22
-2.8388552e-22
1.9833149e-22
-4.9390903e-28
-2.839086e-22
-1.1818537e-27
2.8390693e-22
-1.9831419e-22
-3.9666484e-22
-4.8219922e-22
6.8057226e-22
-1.9831656e-22
-3.9666416e-22
2.8388217e-22
-1.9833217e-22
-5.6776815e-22
2.8578657e-27
1.9831086e-22
1.9832981e-22
-1.9831656e-22
1.9831488e-22
3.9666318e-22
-1.9831656e-22
1.9832981e-22
1.9831086e-22
2.8578657e-27
-5.6776815e-22
-3.9666484e-22
2.8388217e-22
-3.9666416e-22
-1.9831656e-22
6.8057226e-22
1.9831488e-22
-3.9666484e-22
-2.8388552e-22
-1.1275506e-22
-2.8388552e-22
-8.5575933e-23
-1.9831419e-22
1.9833149e-22
-2.8388385e-22
1.9832981e-22
-1.1818537e-27
-1.1275674e-22
-2.8388552e-22
1.9833149e-22
-1.9831419e-22
-2.839086e-22
2.8388217e-22
-1.1274523e-22
6.8057226e-22
-1.1818537e-27
-3.6948572e-22
1.9831419e-22
-2.839086e-22
-4.9390903e-28
1.9833149e-22
-4.9390903e-28
-1.1275674e-22
4.8219755e-22
8.5575933e-23
-4.9390902e-28
1.9833149e-22
8.5568472e-23
-2.839086e-22
-2.8388552e-22
2.8390693e-22
-2.8388552e-22
-1.9833217e-22
1.1818537e-27
6.8057226e-22
1.9831488e-22
-3.9666416e-22
-4.8219922e-22
-1.9833217e-22
-1.1818537e-27
2.8578657e-27
-1.1818537e-27
1.9832981e-22
1.1818537e-27
1.9831488e-22
3.9666318e-22
1.9831488e-22
1.9832981e-22
-8.5570148e-23
2.8578657e-27
-5.6776815e-22
8.5574257e-23
-8.5568472e-23
-3.9666416e-22
-1.9831656e-22
6.8057226e-22
-1.9831488e-22
-3.9666416e-22
1.1818537e-27
-1.9833149e-22
-2.8388552e-22
2.8390693e-22
-1.9831419e-22
1.127527e-22
-4.9390903e-28
-3.9666248e-22
4.8219755e-22
5.9499585e-22
4.8219755e-22
-8.5578297e-23
2.8388217e-22
5.9499585e-22
-1.9831419e-22
-3.9666416e-22
-3.9662957e-22
2.8388613e-22
-2.8390685e-22
4.8220345e-22
4.8689564e-27
-8.2906158e-28
-3.9666197e-22
1.9831576e-22
1.1275595e-22
8.5572857e-23
-2.8390685e-22
6.8051269e-22
-3.9666197e-22
3.2104087e-27
4.8224146e-22
2.8388448e-22
-4.8223908e-22
-2.8388375e-22
-1.9832808e-22
1.9831245e-22
-2.8390851e-22
8.5572857e-23
-3.1108486e-22
4.8220345e-22
-1.9832808e-22
8.5571199e-23
-1.9832974e-22
3.2104087e-27
8.2913388e-28
8.5572857e-23
-8.5568817e-23
2.8391089e-22
2.4871848e-27
-3.9666363e-22
3.2104087e-27
-1.9832974e-22
8.5571199e-23
-1.9832808e-22
4.8220345e-22
-3.1108486e-22
2.4871848e-27
-2.8390851e-22
1.9831411e-22
-1.9832808e-22
8.5571199e-23
-4.8223908e-22
8.5571199e-23
4.8224146e-22
-8.2906158e-28
-2.8390519e-22
-1.9831245e-22
8.2913388e-28
3.6945578e-22
1.1275595e-22
1.9831576e-22
-3.9666197e-22
-8.2906158e-28
4.8689564e-27
4.8220345e-22
-1.9831245e-22
-2.8390851e-22
2.8388448e-22
-2.8390685e-22
1.9831576e-22
4.8689564e-27
3.2104087e-27
-3.9666197e-22
-8.5567159e-23
1.1275595e-22
8.5572857e-23
-2.8390851e-22
-1.9831411e-22
-3.9666197e-22
-3.9662738e-22
4.8224146e-22
8.5571199e-23
-4.8223908e-22
8.5571199e-23
-1.9832808e-22
1.9831411e-22
-2.8390851e-22
-2.8388613e-22
-3.1108486e-22
1.9831245e-22
-1.9832808e-22
2.8388448e-22
-1.9832974e-22
8.2906158e-28
8.2913388e-28
1.9831411e-22
-1.1274374e-22
2.8391089e-22
1.9831411e-22
8.2913388e-28
3.9662738e-22
-1.9832974e-22
8.5571199e-23
-2.8390851e-22
1.1274446e-22
-3.1108486e-22
2.4871848e-27
-2.8390851e-22
1.9831576e-22
8.5580319e-23
2.8388448e-22
1.1275761e-22
1.9831576e-22
1.983314e-22
-1.9831411e-22
8.2913389e-28
-4.8219703e-22
-3.9666197e-22
2.7178147e-23
-1.983314e-22
8.5572857e-23
-8.5576279e-23
4.8220345e-22
-1.983314e-22
-8.5568817e-23
8.5580319e-23
-3.9662738e-22
3.5279216e-28
3.5282293e-28
-3.966304e-22
-2.8390971e-22
-2.8388259e-22
1.1275708e-22
3.5279216e-28
-1.1275493e-22
2.7164997e-27
3.5282293e-28
5.6776856e-22
1.1275708e-22
3.5279216e-28
-2.8390734e-22
-2.8388019e-22
3.5282293e-28
-3.9662468e-22
-3.9666262e-22
-2.8388259e-22
2.8391041e-22
2.8388326e-22
2.8391041e-22
-3.966304e-22
2.7167365e-27
3.5279216e-28
1.1275799e-22
3.9663015e-22
-6.8056933e-22
-3.9662705e-22
3.9662779e-22
3.5282293e-28
2.8388326e-22
-6.8056933e-22
3.9663015e-22
1.1275799e-22
3.5279216e-28
-3.9666262e-22
-3.966304e-22
2.8391041e-22
2.8388326e-22
2.8391041e-22
6.8051309e-22
-3.9666262e-22
3.5279216e-28
-2.8390734e-22
2.8388566e-22
-2.8390734e-22
-2.8388259e-22
3.9666569e-22
1.1274816e-22
-6.8056933e-22
-2.8388259e-22
-1.1275493e-22
3.5279216e-28
1.1275708e-22
-2.8388259e-22
-2.8390971e-22
-3.966304e-22
3.5279216e-28
2.8391041e-22
-2.8388019e-22
3.5282293e-28
3.5279216e-28
-2.8390971e-22
3.5279216e-28
1.1275708e-22
2.7164997e-27
-1.1275493e-22
1.7113781e-22
2.839071e-22
3.5279216e-28
1.1275708e-22
1.1274485e-22
-2.8390734e-22
2.8388566e-22
3.5282293e-28
2.8388566e-22
-2.8390734e-22
6.8051309e-22
2.8391041e-22
6.8051309e-22
2.8391041e-22
-2.8388259e-22
2.7167365e-27
-2.8388019e-22
1.1275799e-22
5.093756e-22
-6.8056933e-22
6.8051309e-22
3.9662779e-22
3.5282293e-28
6.8051309e-22
-6.8056933e-22
6.8051401e-22
1.1275799e-22
3.5279216e-28
3.5282293e-28
3.5279216e-28
2.8391041e-22
2.8388326e-22
2.8391041e-22
3.5279216e-28
-2.8390971e-22
2.7164997e-27
-3.9666262e-22
3.5279216e-28
3.9666714e-22
3.5279216e-28
-6.8056933e-22
-2.8388259e-22
-2.8390734e-22
-1.1274414e-22
2.8391041e-22
1.7113781e-22
3.5282292e-28
-3.966304e-22
2.8391041e-22
2.8388326e-22
-2.8390971e-22
2.7164997e-27
-2.838834e-22
1.127563e-22
-1.1274502e-22
-1.1274917e-22
5.221324e-27
-1.1275154e-22
6.8051472e-22
5.6782058e-22
2.8388721e-22
3.96664e-22
-2.8388245e-22
-1.1275154e-22
-2.838834e-22
1.9052438e-27
1.1274647e-22
-2.8390484e-22
-4.5862981e-28
-4.586698e-28
-3.9662465e-22
2.8391292e-22
5.6777107e-22
4.3044397e-27
-1.1274502e-22
-5.6781581e-22
1.9050777e-27
-5.6781581e-22
-1.7113883e-22
1.127587e-22
5.6777107e-22
-9.6439526e-22
1.127563e-22
5.6777107e-22
1.127587e-22
-1.7113883e-22
-5.6781581e-22
1.9050777e-27
-4.586698e-28
-1.1274502e-22
4.3044397e-27
5.6777107e-22
2.8391292e-22
2.8388816e-22
-4.586698e-28
1.9050777e-27
2.8578657e-27
1.9050777e-27
3.9666636e-22
5.221324e-27
-1.1275154e-22
-1.1273934e-22
1.127587e-22
4.3040644e-27
5.6782058e-22
6.8051472e-22
-1.1275154e-22
-2.8388008e-22
2.8391528e-22
-1.1274502e-22
1.7114453e-22
2.8391292e-22
1.1274647e-22
1.127563e-22
2.8388816e-22
2.8391528e-22
-2.838834e-22
-1.1275154e-22
1.9050777e-27
5.6782058e-22
5.221324e-27
-1.1275394e-22
3.9663178e-22
-1.1275154e-22
5.221324e-27
1.9052438e-27
1.9050777e-27
-2.8390484e-22
1.9050777e-27
-4.586698e-28
5.221324e-27
2.8391292e-22
2.8576165e-27
4.3044397e-27
-3.9662465e-22
-5.6781581e-22
1.1274647e-22
-5.6781581e-22
4.3040644e-27
1.127587e-22
5.221324e-27
-1.1274502e-22
1.127563e-22
2.8388816e-22
1.127587e-22
1.711436e-22
-5.6781581e-22
1.9050777e-27
1.7115852e-22
-5.6776539e-22
4.3044397e-27
5.6777107e-22
2.8391292e-22
-1.1274171e-22
-1.1275154e-22
6.8051472e-22
-5.6781581e-22
6.8051472e-22
2.8578657e-27
1.711436e-22
-1.7115136e-22
1.9050777e-27
-1.7115136e-22
1.1274647e-22
3.9666636e-22
5.221324e-27
2.8391052e-22
-1.1274502e-22
3.9666636e-22
1.1274647e-22
-1.1275154e-22
5.221324e-27
-1.711412e-22
-6.8057166e-22
5.0937301e-22
2.839072e-22
2.2548534e-22
-5.6781821e-22
-6.8051563e-22
-3.96664e-22
-4.5862981e-28
-1.7115709e-22
2.8388245e-22
-5.6781821e-22
-1.711412e-22
-4.5506382e-22
2.8388245e-22
-1.1275725e-22
5.0937064e-22
-8.5173064e-22
3.9662701e-22
2.839072e-22
-5.6777107e-22
3.9665923e-22
5.0937301e-22
-8.5173064e-22
-5.6777015e-22
3.966616e-22
-2.254877e-22
-1.0772361e-21
-5.6777107e-22
2.8388008e-22
-2.8391292e-22
-5.6777107e-22
-1.0772361e-21
-2.254877e-22
3.966616e-22
-5.6777015e-22
-8.5173064e-22
5.0937301e-22
3.9665923e-22
-5.6777107e-22
2.839072e-22
-9.6439762e-22
-8.5173064e-22
-5.6777015e-22
-1.1275725e-22
-5.6777015e-22
-4.5506382e-22
2.2548534e-22
-5.6781821e-22
5.0937064e-22
-1.0772361e-21
-3.9662701e-22
-3.96664e-22
-6.8051563e-22
-5.6781821e-22
7.9325595e-22
2.839072e-22
5.0937301e-22
1.1274411e-22
2.839072e-22
2.8388245e-22
-6.8057166e-22
-1.1274411e-22
2.839072e-22
-1.711412e-22
-5.6781821e-22
-5.6777107e-22
-3.96664e-22
2.8388008e-22
2.839096e-22
-1.711412e-22
-5.6781821e-22
2.2548534e-22
-4.5506382e-22
-5.6777015e-22
-1.1275725e-22
-5.6777015e-22
-8.5173064e-22
-9.6439762e-22
2.839072e-22
-6.8051232e-22
3.9665923e-22
3.9662701e-22
-8.5173064e-22
2.8388245e-22
3.966616e-22
3.9662701e-22
-1.0772361e-21
-9.6439762e-22
-4.5862981e-28
-2.8391292e-22
-9.6439762e-22
-1.0772361e-21
3.9662701e-22
3.966616e-22
-5.6777015e-22
-2.8578657e-27
3.9662701e-22
3.9665923e-22
-5.6777107e-22
2.839072e-22
-2.8576165e-27
2.839072e-22
-2.8576165e-27
1.1356326e-21
-6.8051563e-22
2.839096e-22
2.838834e-22
-6.8057166e-22
1.7113883e-22
2.839072e-22
2.8388245e-22
2.839072e-22
2.8388008e-22
-3.96664e-22
5.0937301e-22
2.839072e-22
2.8388245e-22
2.839072e-22
7.9325595e-22
-8.5165066e-22
1.0772379e-21
-1.7114035e-22
-6.8057254e-22
-5.677711e-22
6.8057254e-22
-3.9662789e-22
3.9666248e-22
6.805132e-22
1.0772379e-21
-4.9390902e-28
6.8057254e-22
1.1274259e-22
-1.1275478e-22
5.6776535e-22
3.9665916e-22
-2.838858e-22
-3.9666583e-22
-4.9390903e-28
1.1275478e-22
-2.838858e-22
-3.9666153e-22
-1.7114035e-22
6.8057254e-22
-2.838858e-22
-6.8057014e-22
-4.9390903e-28
2.839072e-22
-5.677687e-22
1.9050777e-27
-2.2551246e-22
3.9663026e-22
2.839072e-22
-4.9390903e-28
-6.8057014e-22
-2.838858e-22
-3.9666583e-22
-1.7114035e-22
-3.9666153e-22
3.9663026e-22
1.1275478e-22
-6.8051415e-22
-3.9666583e-22
1.1274164e-22
3.9665916e-22
1.1274164e-22
-1.1275478e-22
-5.677711e-22
2.8391055e-22
1.1274495e-22
2.839072e-22
2.838858e-22
3.9666248e-22
-3.9662789e-22
6.8057254e-22
-5.677711e-22
-5.6781726e-22
-1.7114035e-22
-2.8388245e-22
1.1275478e-22
5.6776535e-22
1.0772379e-21
2.8388245e-22
-5.6781726e-22
-2.8388816e-22
6.8057254e-22
6.8051225e-22
3.9666248e-22
5.6776775e-22
3.9666248e-22
-1.2482814e-21
6.8057254e-22
-5.677711e-22
-1.1275478e-22
1.1274164e-22
3.9665916e-22
1.1274164e-22
3.9666484e-22
-6.8051415e-22
1.1275478e-22
1.1274735e-22
-3.9666153e-22
-4.9390903e-28
6.8057254e-22
5.6776535e-22
-6.8057014e-22
-2.8388245e-22
2.839072e-22
-6.8051415e-22
-4.9390902e-28
-2.2551246e-22
-6.8051415e-22
2.839072e-22
1.1274495e-22
-6.8057014e-22
-2.838858e-22
-5.6782061e-22
-2.838858e-22
-3.9666153e-22
3.9663026e-22
1.1275478e-22
2.8388245e-22
4.5506294e-22
1.7113795e-22
4.9395211e-28
-3.9662789e-22
1.1275478e-22
-3.9662789e-22
1.0772379e-21
1.1274495e-22
-9.644802e-22
2.8388481e-22
2.8390815e-22
5.6776775e-22
6.8057589e-22
-1.7114035e-22
2.8390815e-22
-1.1274735e-22
4.5506294e-22
-2.838858e-22
-9.643969e-22
1.7115448e-22
-1.1818537e-27
-1.1275224e-22
-1.0771405e-21
-6.8057333e-22
-5.6776943e-22
-6.8057236e-22
-2.8388172e-22
1.7115448e-22
-9.6439596e-22
-6.8057333e-22
-9.643969e-22
5.6781654e-22
-1.1274481e-22
-2.8390888e-22
2.8388412e-22
1.1819568e-27
2.8388412e-22
3.9665994e-22
-1.1274338e-22
-1.1819568e-27
-1.1818537e-27
-2.8390888e-22
2.8388412e-22
1.1275224e-22
-5.6776943e-22
-3.966647e-22
1.7113956e-22
-1.1818537e-27
-3.9666564e-22
6.8051636e-22
-3.966647e-22
-5.6776943e-22
1.1275224e-22
2.8388412e-22
1.1819568e-27
-1.1818537e-27
-1.1819568e-27
6.8051636e-22
3.9665994e-22
2.8388412e-22
1.1819568e-27
2.8388412e-22
-2.8390888e-22
2.8388412e-22
5.6781654e-22
-1.0771405e-21
-6.8057333e-22
-2.8388079e-22
-3.966647e-22
-5.6776703e-22
-6.8057236e-22
-5.6776943e-22
-6.8057333e-22
-1.0771405e-21
-3.966623e-22
-1.1818537e-27
6.8051066e-22
3.9665994e-22
-1.1274481e-22
1.7115448e-22
-3.9662869e-22
-3.966623e-22
-9.643969e-22
-6.8057333e-22
-1.2482822e-21
-6.8057236e-22
-1.1274575e-22
2.8390648e-22
-9.643969e-22
-6.8057333e-22
-1.0771405e-21
5.6781654e-22
2.8388412e-22
-2.8390888e-22
2.8388412e-22
-2.8390888e-22
2.8388412e-22
3.9665994e-22
-1.1274575e-22
-1.1819568e-27
2.8388412e-22
-2.8390888e-22
-1.1274481e-22
1.1275224e-22
2.1520322e-27
-3.966647e-22
2.8388412e-22
3.9662535e-22
-3.9666564e-22
2.8388412e-22
-3.966647e-22
-2.8388079e-22
1.1275224e-22
2.8388412e-22
-2.8390888e-22
2.8388412e-22
-1.1819568e-27
6.8051636e-22
3.9665994e-22
-1.1818537e-27
1.1819568e-27
-2.8388412e-22
-2.8390888e-22
-5.6776943e-22
-3.9666564e-22
6.8051159e-22
5.8401019e-23
1.1818537e-27
1.1275224e-22
-2.8388079e-22
-1.1819568e-27
-1.1274575e-22
-2.2550664e-22
-1.1818537e-27
-1.1819568e-27
-3.9663105e-22
1.1819568e-27
-1.0771405e-21
9.6439224e-22
-2.8578657e-27
5.677648e-22
1.7114897e-22
-4.5502007e-22
-2.8391028e-22
1.7113504e-22
2.8390693e-22
-3.9663125e-22
-2.8578657e-27
-2.8388552e-22
-2.8391028e-22
9.6439224e-22
-4.939521e-28
-2.8388789e-22
1.7115233e-22
-1.077146e-21
2.8390453e-22
-5.2566032e-27
3.9665916e-22
2.8388217e-22
-6.8057561e-22
5.677648e-22
6.8056655e-22
1.361023e-21
-5.0941803e-22
-2.8576165e-27
2.8390453e-22
2.8388217e-22
-2.8388552e-22
-5.6781766e-22
2.8388217e-22
2.8390453e-22
-2.8576165e-27
-5.0941803e-22
1.361023e-21
2.8390453e-22
5.677648e-22
-6.8057561e-22
2.8388217e-22
3.9665916e-22
3.9663026e-22
2.8390453e-22
1.361023e-21
1.7115233e-22
1.361023e-21
-3.9666583e-22
-4.5502007e-22
-2.8391028e-22
-2.8576165e-27
2.8390453e-22
-3.9663125e-22
2.8390693e-22
1.7113504e-22
-2.8391028e-22
-4.5502007e-22
1.7114897e-22
5.677648e-22
1.7113645e-22
3.9665916e-22
-2.8388789e-22
-2.8578657e-27
-3.9663361e-22
1.7114897e-22
9.6439224e-22
-2.8391028e-22
-2.8576165e-27
2.8390693e-22
-2.8388789e-22
7.9332686e-22
1.077138e-21
-2.8391028e-22
1.1274523e-22
-4.939521e-28
1.361023e-21
1.7115233e-22
1.361023e-21
2.8390453e-22
7.9325769e-22
3.9665916e-22
3.9663026e-22
-6.8057561e-22
-5.2566032e-27
6.8056655e-22
-2.8388789e-22
-5.0941803e-22
2.8387977e-22
2.8390453e-22
7.9325769e-22
-1.1275098e-22
-5.6781766e-22
3.9663026e-22
2.8390453e-22
-2.8388552e-22
-5.0941803e-22
1.361023e-21
1.7115472e-22
-5.2566032e-27
-6.8057561e-22
2.8388217e-22
3.9665916e-22
-3.9663361e-22
-2.8391264e-22
2.8387977e-22
3.9666484e-22
1.7113504e-22
1.1275506e-22
-3.9663601e-22
2.8390453e-22
5.839168e-23
-3.9666248e-22
1.711374e-22
-5.6781766e-22
-2.8388789e-22
-2.8578657e-27
5.677648e-22
-5.6781766e-22
-1.7114072e-22
-2.8391264e-22
3.9662789e-22
-2.838834e-22
-1.1275242e-22
-4.9390903e-28
9.6448165e-22
-6.8050844e-22
1.1275387e-22
2.8576165e-27
9.644826e-22
-2.838834e-22
-1.1275242e-22
-3.9662789e-22
1.1275387e-22
-2.838834e-22
-1.1275478e-22
-2.8388005e-22
5.2570616e-27
2.8388481e-22
2.8390957e-22
3.9663026e-22
-4.5506057e-22
3.9662934e-22
2.8578657e-27
-4.9390903e-28
6.805749e-22
1.1274735e-22
-6.8057014e-22
1.7113795e-22
-6.8057014e-22
3.9662934e-22
6.8051464e-22
1.7115764e-22
3.9662934e-22
-6.8057014e-22
1.7113795e-22
-6.8057014e-22
1.1274735e-22
2.8390957e-22
-4.9390903e-28
2.8578657e-27
3.9662934e-22
-4.5506057e-22
5.2566032e-27
2.8390957e-22
1.1274735e-22
6.805749e-22
1.1274735e-22
1.7115528e-22
-6.8050844e-22
-4.939521e-28
2.2549185e-22
-6.8057014e-22
-2.838834e-22
9.644826e-22
2.8576165e-27
1.1275387e-22
-9.6439374e-22
1.1275147e-22
-4.9390903e-28
2.8389056e-22
-4.5506057e-22
-2.8388005e-22
-1.1275242e-22
-2.838834e-22
1.1275147e-22
1.1274735e-22
1.1275387e-22
-5.6776634e-22
9.644826e-22
4.5502566e-22
6.805749e-22
1.9050777e-27
1.1275387e-22
1.127464e-22
-1.1275478e-22
1.1274735e-22
5.2570616e-27
1.1274735e-22
1.1275478e-22
5.2566032e-27
-4.5506057e-22
5.2566032e-27
2.8578657e-27
3.9663026e-22
6.805749e-22
-2.8388005e-22
-6.8057014e-22
3.9663026e-22
-6.8057014e-22
5.2566032e-27
3.9663266e-22
1.7115764e-22
5.2566032e-27
-6.8057014e-22
2.8576165e-27
-6.8057014e-22
1.1274735e-22
2.8390957e-22
2.8576165e-27
2.8578657e-27
3.9662934e-22
-4.5506057e-22
-6.805108e-22
-4.9395209e-28
2.8388481e-22
-3.9666008e-22
2.8576165e-27
5.2570615e-27
1.7114035e-22
-3.9666008e-22
-2.8388104e-22
5.2570615e-27
-3.9662549e-22
-2.839072e-22
4.5502566e-22
5.6781726e-22
-4.9390903e-28
-2.839072e-22
-3.9662789e-22
-4.9395209e-28
2.2549185e-22
-1.1274457e-22
3.9666114e-22
-1.1274457e-22
6.805712e-22
2.8388769e-22
5.678168e-22
-2.8388386e-22
8.5173018e-22
2.8388199e-22
3.9666114e-22
1.1274601e-22
5.678168e-22
-1.1274457e-22
-2.8391338e-22
6.8051186e-22
-1.127544e-22
9.6439716e-22
-2.8391099e-22
-5.6776916e-22
6.805712e-22
-9.3489923e-28
-2.8391099e-22
-1.1274457e-22
-5.6781867e-22
6.8051186e-22
-3.3165355e-27
6.8051186e-22
5.6781774e-22
-9.3489923e-28
-9.3489922e-28
5.678168e-22
-9.3489923e-28
5.6781774e-22
6.8051186e-22
-3.3165355e-27
6.8051186e-22
-2.8391099e-22
-1.1274457e-22
-2.8391099e-22
-9.3489923e-28
6.805712e-22
1.1274601e-22
-2.8391099e-22
6.8051186e-22
-1.127544e-22
6.8051186e-22
-2.8391338e-22
2.8388769e-22
5.678168e-22
-7.9325642e-22
5.6781774e-22
-3.3162463e-27
8.5173018e-22
-2.8388386e-22
5.678168e-22
-5.6776823e-22
6.805712e-22
-1.1274457e-22
3.966232e-22
6.805712e-22
6.8051186e-22
3.9666114e-22
-9.3489923e-28
6.805712e-22
1.7114074e-22
5.678168e-22
2.8388199e-22
8.5173018e-22
2.8388199e-22
-6.8057213e-22
5.6777061e-22
5.678168e-22
2.8388769e-22
-2.8391338e-22
6.8051186e-22
-1.127544e-22
6.8051186e-22
-2.8391099e-22
6.8051186e-22
6.805712e-22
1.1274601e-22
-2.8391099e-22
-5.6776916e-22
-5.6781867e-22
6.8051186e-22
-3.3165355e-27
-5.6776916e-22
5.6781774e-22
6.8051186e-22
2.8388199e-22
5.678168e-22
1.1274601e-22
5.6781774e-22
-5.6776916e-22
-3.3165355e-27
6.8051186e-22
1.1275346e-22
1.4464479e-27
-2.8391099e-22
-9.3489923e-28
6.805712e-22
-2.8388624e-22
-2.8391099e-22
-9.3489923e-28
1.1275011e-22
-2.8388386e-22
2.8390674e-22
1.1274363e-22
2.8390768e-22
-2.8388386e-22
3.9666114e-22
-3.9662749e-22
6.805712e-22
2.8388199e-22
0
-1.1274457e-22
6.805712e-22
-2.8388624e-22
-2.8391099e-22
1.7114406e-22
4.5501754e-22
-2.8578657e-27
-8.5165165e-22
-1.7115859e-22
2.8388005e-22
-1.1275814e-22
-1.127483e-22
-2.8391387e-22
4.9390903e-28
-2.8578657e-27
2.8388005e-22
-1.1275814e-22
4.5501754e-22
-5.6782061e-22
2.8388005e-22
1.7115528e-22
-2.8576165e-27
3.9666153e-22
-3.9663026e-22
-2.8391055e-22
-2.838858e-22
3.9666484e-22
-8.5165165e-22
-4.939521e-28
1.1274495e-22
-4.5506625e-22
-1.1274735e-22
-4.939521e-28
-2.838858e-22
-5.6777202e-22
-5.6781821e-22
-2.838858e-22
-4.939521e-28
-1.1274735e-22
-4.5506625e-22
1.1274495e-22
3.9666153e-22
-8.5165165e-22
3.9666484e-22
-2.838858e-22
-2.8391055e-22
5.0937002e-22
3.9666153e-22
2.2548948e-22
1.7115528e-22
2.2548948e-22
-5.6782061e-22
2.8388005e-22
2.839048e-22
2.8388005e-22
-4.939521e-28
4.9390903e-28
-2.8391387e-22
-1.127483e-22
-1.1275814e-22
2.8388005e-22
-1.7115859e-22
-8.5165165e-22
5.8390143e-23
-2.8391055e-22
2.8388005e-22
-2.8578657e-27
-2.8388911e-22
-1.7115859e-22
4.5501754e-22
-1.1275814e-22
-4.9390903e-28
-2.8391387e-22
-1.127507e-22
-6.1744012e-27
5.6776299e-22
-1.1275814e-22
2.8388005e-22
-5.6782061e-22
2.2548948e-22
1.7115528e-22
2.2548948e-22
3.9666153e-22
5.0937002e-22
-2.8391055e-22
-6.1738629e-27
3.9666484e-22
-3.9663026e-22
-4.939521e-28
2.8388005e-22
-4.5506625e-22
2.8388005e-22
-4.939521e-28
5.0937002e-22
-1.1274735e-22
-5.6781821e-22
5.0937002e-22
-4.939521e-28
2.8388005e-22
-4.5506625e-22
1.1274495e-22
1.7115288e-22
-3.9663026e-22
3.9666484e-22
-2.838858e-22
-2.8391055e-22
-2.8388911e-22
1.1275478e-22
-6.1738629e-27
-6.8057589e-22
-1.127483e-22
1.1275147e-22
-2.8576165e-27
-2.8391055e-22
-1.7114035e-22
-1.7115619e-22
2.838858e-22
-5.6781821e-22
-1.127507e-22
1.1275147e-22
-8.5165165e-22
-5.6781821e-22
-6.8051415e-22
1.1275478e-22
2.8388005e-22
1.1274077e-22
3.9666066e-22
2.8388485e-22
-3.9666255e-22
2.8388245e-22
-1.1275394e-22
-9.6439857e-22
-4.586698e-28
1.1274647e-22
3.9666066e-22
-5.6777107e-22
-1.1275394e-22
1.1274077e-22
7.9332512e-22
-6.8050995e-22
-9.6447935e-22
2.8388245e-22
-5.6781821e-22
5.0937398e-22
-7.9332512e-22
2.8388576e-22
-4.586698e-28
2.8388485e-22
-3.96664e-22
-1.7113644e-22
-5.6782058e-22
-9.6439762e-22
3.96664e-22
2.8388576e-22
1.1274411e-22
1.7115612e-22
-3.9662941e-22
7.9332845e-22
-9.6439762e-22
-5.6782058e-22
-1.7113644e-22
-5.6781821e-22
2.8388485e-22
-4.586698e-28
-3.9662941e-22
-7.9332512e-22
6.8051232e-22
-5.6781821e-22
-2.8388008e-22
-9.6447935e-22
-2.8388008e-22
7.9332512e-22
2.8388245e-22
-3.9665923e-22
-1.1274742e-22
3.96664e-22
1.1274647e-22
-4.586698e-28
-9.6439857e-22
-1.1275394e-22
2.8388245e-22
-3.9666255e-22
2.8388485e-22
5.6777107e-22
-7.9332512e-22
-6.8050995e-22
3.9666066e-22
-3.9662701e-22
-3.9666255e-22
1.1274077e-22
-1.1275394e-22
-6.8051232e-22
-4.586698e-28
5.0937301e-22
-2.8578657e-27
3.9662608e-22
-1.1275394e-22
-2.838834e-22
7.9332512e-22
-2.8388008e-22
-9.6447935e-22
-2.8388008e-22
-5.6781821e-22
6.8051232e-22
-7.9332512e-22
2.8388245e-22
-4.586698e-28
5.0937398e-22
-3.96664e-22
-6.8050995e-22
-5.6782058e-22
-3.9663033e-22
3.96664e-22
6.8051232e-22
5.6776775e-22
1.7115612e-22
6.8051232e-22
3.96664e-22
-3.9663033e-22
-5.6782058e-22
-1.7113644e-22
2.8391292e-22
2.8388485e-22
-4.586698e-28
-3.9662941e-22
-7.9332512e-22
-3.9662701e-22
4.586698e-28
7.9325595e-22
-1.7115469e-22
-9.6439857e-22
2.8578657e-27
3.9662941e-22
-4.5866981e-28
2.8576165e-27
-4.586698e-28
2.8388245e-22
-3.96664e-22
5.0937301e-22
-4.586698e-28
2.8388485e-22
-3.96664e-22
2.8388576e-22
4.586698e-28
-2.8576165e-27
)
;
    }
    axis
    {
        type            empty;
    }
}


// ************************************************************************* //
