/*--------------------------------*- C++ -*----------------------------------*\
  =========                 |
  \\      /  F ield         | OpenFOAM: The Open Source CFD Toolbox
   \\    /   O peration     | Website:  https://openfoam.org
    \\  /    A nd           | Version:  13
     \\/     M anipulation  |
\*---------------------------------------------------------------------------*/
FoamFile
{
    format      ascii;
    class       surfaceScalarField;
    location    "0";
    object      phi;
}
// * * * * * * * * * * * * * * * * * * * * * * * * * * * * * * * * * * * * * //

dimensions      [1 0 -1 0 0 0 0];

internalField   nonuniform List<scalar> 
9440
(
-1.5677286e-11
2.4918827e-10
4.7469094e-12
6.2270269e-10
8.0747322e-11
9.6862962e-10
1.6209234e-10
1.4022942e-09
2.4798893e-10
1.8361304e-09
3.4206361e-10
2.2665929e-09
4.330842e-10
2.7123975e-09
5.1074032e-10
3.1740688e-09
5.6330922e-10
3.65562e-09
5.7006256e-10
4.1686168e-09
4.9248545e-10
4.7308205e-09
2.9732379e-10
5.3407893e-09
-8.0780822e-11
6.0312494e-09
-7.1822797e-10
6.8225926e-09
-1.732387e-09
7.7516845e-09
-3.2886819e-09
8.8724895e-09
-5.6316782e-09
1.0269646e-08
-9.1138913e-09
1.2056547e-08
-1.425835e-08
1.4407753e-08
-2.1882825e-08
1.7619157e-08
-3.3268763e-08
2.2157227e-08
-5.0473643e-08
2.8794735e-08
-7.6410302e-08
4.1470906e-08
-1.1597913e-07
6.0911354e-08
-1.6921211e-07
8.4001467e-08
-2.1393573e-07
9.4405556e-08
-1.8095034e-07
4.7210235e-08
-1.0394908e-07
1.8085433e-08
-1.2917804e-07
8.2284735e-08
-6.2224993e-07
5.1012219e-07
-1.488252e-06
8.4377207e-07
-2.4523649e-06
9.7161473e-07
-3.0478282e-06
6.2605386e-07
-3.258566e-06
2.3628049e-07
-3.2756969e-06
2.7961191e-08
-3.3037407e-06
7.1010075e-09
-3.4164858e-06
7.4949984e-08
-3.4241604e-06
-3.3862394e-08
-3.0249684e-06
-4.4573369e-07
-3.0738632e-06
-3.8298282e-11
-1.5471834e-09
-3.1240991e-11
-4.8432017e-09
6.2490299e-11
-8.19867e-09
1.4728945e-10
-1.1403207e-08
2.209575e-10
-1.4605743e-08
2.8834229e-10
-1.7816786e-08
3.3795689e-10
-2.10058e-08
3.5423109e-10
-2.4169626e-08
3.1335104e-10
-2.7297929e-08
1.7974516e-10
-3.037019e-08
-9.5398839e-11
-3.3358424e-08
-5.6774172e-10
-3.6259513e-08
-1.3372131e-09
-3.9002198e-08
-2.5256377e-09
-4.1550153e-08
-4.3040401e-09
-4.3823495e-08
-6.9213499e-09
-4.5701327e-08
-1.073401e-08
-4.7006834e-08
-1.626207e-08
-4.7483223e-08
-2.4291998e-08
-4.6719334e-08
-3.6051055e-08
-4.402468e-08
-5.3542201e-08
-3.8229271e-08
-8.0029136e-08
-2.7532608e-08
-1.2073322e-07
-9.2661953e-09
-1.8423962e-07
2.1824007e-08
-2.7174419e-07
5.6840341e-08
-3.5442159e-07
5.4919217e-08
-3.9507855e-07
-3.7617828e-08
-4.8233901e-07
-5.6652344e-08
-8.3091991e-07
1.9690315e-07
-1.6742216e-06
1.1305106e-06
-2.8585903e-06
1.9285842e-06
-3.7155517e-06
1.7669985e-06
-4.1633834e-06
1.0155123e-06
-4.2711496e-06
2.7253746e-07
-4.1846734e-06
-1.3751662e-07
-4.0420561e-06
-2.1167205e-07
-3.8914674e-06
-1.4465187e-07
-3.6006808e-06
-3.7663858e-07
-2.8964029e-06
-1.1885297e-06
-5.9948726e-06
-6.9707087e-11
-1.9227297e-09
-7.4795844e-11
-6.1666583e-09
2.1561868e-11
-1.0505046e-08
7.8149218e-11
-1.455702e-08
1.0428812e-10
-1.8616248e-08
1.1135899e-10
-2.2695426e-08
8.5037545e-11
-2.6739059e-08
7.7895202e-12
-3.0740937e-08
-1.4937918e-10
-3.4679609e-08
-4.2964733e-10
-3.8520741e-08
-8.8353753e-10
-4.2229282e-08
-1.5858946e-09
-4.5778048e-08
-2.6429988e-09
-4.9064791e-08
-4.1936237e-09
-5.202112e-08
-6.4296468e-09
-5.4514339e-08
-9.6313274e-09
-5.633532e-08
-1.4192645e-08
-5.7193502e-08
-2.0691395e-08
-5.6647282e-08
-3.0000489e-08
-5.3987213e-08
-4.3494927e-08
-4.801154e-08
-6.3405653e-08
-3.6659157e-08
-9.3634231e-08
-1.6269863e-08
-1.4086744e-07
1.8565917e-08
-2.170034e-07
7.8366345e-08
-3.3292044e-07
1.5452573e-07
-4.7721927e-07
1.8416195e-07
-6.4877285e-07
1.1298114e-07
-9.2952043e-07
1.6700617e-07
-1.4915589e-06
6.4268162e-07
-2.3474318e-06
1.8495311e-06
-3.3307752e-06
2.8541837e-06
-3.9716304e-06
2.3849997e-06
-4.2666533e-06
1.2940786e-06
-4.2779736e-06
2.6382382e-07
-4.1049556e-06
-3.341963e-07
-3.8957398e-06
-4.4291155e-07
-3.6910859e-06
-3.6899353e-07
-3.3647513e-06
-7.1931843e-07
-2.5852195e-06
-1.9816328e-06
-8.5921979e-06
-6.3492912e-11
-1.9302845e-09
-7.6971477e-11
-6.3651983e-09
-1.3508022e-11
-1.0921455e-08
8.6951262e-12
-1.507409e-08
-4.5212557e-12
-1.923946e-08
-4.9251584e-11
-2.3428639e-08
-1.3796642e-10
-2.7569774e-08
-2.9111462e-10
-3.1648641e-08
-5.4068165e-10
-3.5632176e-08
-9.2993403e-10
-3.9474571e-08
-1.5160748e-09
-4.3126562e-08
-2.3766277e-09
-4.6540366e-08
-3.6227421e-09
-4.9579236e-08
-5.3997278e-09
-5.2139945e-08
-7.9091991e-09
-5.4031911e-08
-1.1444169e-08
-5.4952108e-08
-1.641328e-08
-5.4490443e-08
-2.341703e-08
-5.2006713e-08
-3.3362993e-08
-4.6471906e-08
-4.767299e-08
-3.6140188e-08
-6.8685177e-08
-1.7931566e-08
-1.0045982e-07
1.3575947e-08
-1.5021084e-07
6.7160264e-08
-2.3299736e-07
1.6150569e-07
-3.6963764e-07
2.9587895e-07
-5.7343565e-07
3.9815117e-07
-8.5275615e-07
3.9551362e-07
-1.2455365e-06
5.2756671e-07
-1.8671425e-06
1.1885136e-06
-2.6764477e-06
2.5761834e-06
-3.4598559e-06
3.6062618e-06
-3.9519481e-06
2.8706298e-06
-4.1515002e-06
1.486855e-06
-4.0749123e-06
1.7690035e-07
-3.8404036e-06
-5.7995555e-07
-3.6180534e-06
-6.7540486e-07
-3.4239313e-06
-5.7316736e-07
-3.0968858e-06
-1.0565629e-06
-2.2921629e-06
-2.796972e-06
-1.0896367e-05
-4.5374179e-11
-1.8542673e-09
-5.58256e-11
-6.2627835e-09
-2.8072672e-11
-1.0796327e-08
-3.3425158e-11
-1.4854872e-08
-6.9346914e-11
-1.8928334e-08
-1.4160749e-10
-2.3019826e-08
-2.6366225e-10
-2.7049647e-08
-4.5746809e-10
-3.0995006e-08
-7.550349e-10
-3.481263e-08
-1.2003797e-09
-3.8444411e-08
-1.8509531e-09
-4.1827301e-08
-2.7864414e-09
-4.4890904e-08
-4.116746e-09
-4.7467191e-08
-5.9906516e-09
-4.9413155e-08
-8.610708e-09
-5.0482642e-08
-1.2269284e-08
-5.0279839e-08
-1.7376282e-08
-4.8272644e-08
-2.4530799e-08
-4.3623981e-08
-3.4633543e-08
-3.4987972e-08
-4.9088963e-08
-2.005732e-08
-7.0194855e-08
5.1348394e-09
-1.019377e-07
4.7810892e-08
-1.5239786e-07
1.2081987e-07
-2.3687336e-07
2.5173012e-07
-3.8274458e-07
4.529216e-07
-6.2174267e-07
6.5547663e-07
-9.7169885e-07
7.5651581e-07
-1.4354149e-06
9.6723072e-07
-2.0814494e-06
1.776878e-06
-2.8096144e-06
3.2497949e-06
-3.4307357e-06
4.208957e-06
-3.8136612e-06
3.2505855e-06
-3.9323371e-06
1.5982774e-06
-3.792766e-06
2.7918825e-08
-3.5432008e-06
-8.3742145e-07
-3.3365024e-06
-8.8908319e-07
-3.1729553e-06
-7.4421515e-07
-2.8677439e-06
-1.3704391e-06
-2.0653604e-06
-3.6092091e-06
-1.297364e-05
-2.4448621e-11
-1.7683666e-09
-2.655386e-11
-6.0778962e-09
-3.1055618e-11
-1.0488272e-08
-5.4321246e-11
-1.44061e-08
-9.9224848e-11
-1.8335767e-08
-1.819302e-10
-2.2267337e-08
-3.1642364e-10
-2.6122993e-08
-5.2525605e-10
-2.987128e-08
-8.4039419e-10
-3.3459314e-08
-1.3048281e-09
-3.681767e-08
-1.9766541e-09
-3.9867841e-08
-2.9341332e-09
-4.2518868e-08
-4.2861393e-09
-4.457114e-08
-6.1806156e-09
-4.5841674e-08
-8.8175645e-09
-4.6030618e-08
-1.2485339e-08
-4.4651078e-08
-1.7587291e-08
-4.1051916e-08
-2.4710469e-08
-3.4205311e-08
-3.473058e-08
-2.2453322e-08
-4.900004e-08
-3.0092414e-09
-6.9712927e-08
2.8971156e-08
-1.0071387e-07
8.2345434e-08
-1.4997742e-07
1.7472774e-07
-2.3250482e-07
3.4149973e-07
-3.8050011e-07
6.1446951e-07
-6.3797657e-07
9.3620761e-07
-1.0264004e-06
1.1625935e-06
-1.5250334e-06
1.4479755e-06
-2.1657513e-06
2.3700628e-06
-2.8187883e-06
3.8630373e-06
-3.3218727e-06
4.6994549e-06
-3.6192756e-06
3.5442708e-06
-3.6661604e-06
1.6365745e-06
-3.4738948e-06
-1.7268479e-07
-3.2147485e-06
-1.1024067e-06
-3.0389927e-06
-1.070333e-06
-2.9191413e-06
-8.6996971e-07
-2.6486923e-06
-1.6483902e-06
-1.8711902e-06
-4.3958709e-06
-1.4856651e-05
-1.5392527e-12
-1.7004316e-09
-2.8413122e-12
-5.8799918e-09
-2.9441811e-11
-1.01354e-08
-6.2256129e-11
-1.3915559e-08
-1.1077664e-10
-1.7697992e-08
-1.9646786e-10
-2.146088e-08
-3.3424549e-10
-2.5132653e-08
-5.4737143e-10
-2.8673376e-08
-8.6712371e-10
-3.2021956e-08
-1.3361483e-09
-3.5097352e-08
-2.0123548e-09
-3.7805469e-08
-2.9733977e-09
-4.0035242e-08
-4.3263148e-09
-4.1556905e-08
-6.2181264e-09
-4.2146716e-08
-8.8465541e-09
-4.1452787e-08
-1.2495113e-08
-3.890027e-08
-1.7560161e-08
-3.3721978e-08
-2.4615287e-08
-2.4706798e-08
-3.4508329e-08
-9.9096759e-09
-4.8538477e-08
1.3902804e-08
-6.877899e-08
5.2389362e-08
-9.8981691e-08
1.1617123e-07
-1.4634842e-07
2.2671626e-07
-2.2512833e-07
4.2736749e-07
-3.6841584e-07
7.7165642e-07
-6.2887986e-07
1.2232384e-06
-1.0341343e-06
1.5924201e-06
-1.548386e-06
1.9506692e-06
-2.1642273e-06
2.9446499e-06
-2.7486958e-06
4.4153713e-06
-3.1617887e-06
5.1023006e-06
-3.3795361e-06
3.7569595e-06
-3.349799e-06
1.598573e-06
-3.104087e-06
-4.2369568e-07
-2.8506239e-06
-1.3601978e-06
-2.7227689e-06
-1.2032103e-06
-2.6608496e-06
-9.3639697e-07
-2.4367179e-06
-1.8788194e-06
-1.6980418e-06
-5.142972e-06
-1.6566423e-05
1.1012628e-11
-1.6498136e-09
1.0420595e-11
-5.696801e-09
-2.691897e-11
-9.7948593e-09
-6.3504351e-11
-1.3453657e-08
-1.1303226e-10
-1.7101009e-08
-1.9860618e-10
-2.0705695e-08
-3.3588228e-10
-2.420337e-08
-5.4836703e-10
-2.7546135e-08
-8.6705705e-10
-3.0665266e-08
-1.3340692e-09
-3.3468414e-08
-2.0069584e-09
-3.5845814e-08
-2.9628191e-09
-3.7666593e-08
-4.3071378e-09
-3.8672072e-08
-6.1855725e-09
-3.8597781e-08
-8.7936421e-09
-3.7041052e-08
-1.2410315e-08
-3.3342129e-08
-1.7425074e-08
-2.6621075e-08
-2.4398407e-08
-1.5488734e-08
-3.4153445e-08
2.2539881e-09
-4.7938678e-08
3.0284678e-08
-6.7763477e-08
7.50187e-08
-9.7116613e-08
1.4873468e-07
-1.4237818e-07
2.7598654e-07
-2.1645432e-07
5.0755879e-07
-3.5038232e-07
9.1838719e-07
-6.0158903e-07
1.5025562e-06
-1.0065726e-06
2.028979e-06
-1.5228604e-06
2.4625497e-06
-2.1040215e-06
3.4889229e-06
-2.6264325e-06
4.9093128e-06
-2.9636248e-06
5.4299798e-06
-3.1018316e-06
3.8896106e-06
-2.9885088e-06
1.4793585e-06
-2.688739e-06
-7.2460061e-07
-2.4499842e-06
-1.6034499e-06
-2.3845555e-06
-1.2746082e-06
-2.3951272e-06
-9.2919154e-07
-2.228407e-06
-2.0506115e-06
-1.5401703e-06
-5.8388776e-06
-1.8118237e-05
1.6691639e-11
-1.6105164e-09
1.5119929e-11
-5.5286783e-09
-2.4785013e-11
-9.4780291e-09
-6.1827646e-11
-1.302841e-08
-1.1116195e-10
-1.655218e-08
-1.9543604e-10
-2.0010602e-08
-3.3078489e-10
-2.3345728e-08
-5.406935e-10
-2.6502231e-08
-8.5596698e-10
-2.9403984e-08
-1.318229e-09
-3.1947712e-08
-1.9845453e-09
-3.4008071e-08
-2.9314503e-09
-3.5434545e-08
-4.2630274e-09
-3.5940638e-08
-6.1233405e-09
-3.5221554e-08
-8.7057138e-09
-3.2824837e-08
-1.2284727e-08
-2.8008643e-08
-1.7243052e-08
-1.97832e-08
-2.4128725e-08
-6.5945764e-09
-3.3741437e-08
1.4010742e-08
-4.7287587e-08
4.612239e-08
-6.6725313e-08
9.692845e-08
-9.5267349e-08
1.8003533e-07
-1.3851469e-07
3.2256714e-07
-2.0754749e-07
5.8153709e-07
-3.2935316e-07
1.0510721e-06
-5.6181224e-07
1.7627736e-06
-9.5253927e-07
2.457755e-06
-1.4584405e-06
2.9722956e-06
-2.0015025e-06
3.998788e-06
-2.4667486e-06
5.3474218e-06
-2.7353806e-06
5.6891787e-06
-2.7946444e-06
3.9439699e-06
-2.5958323e-06
1.2783562e-06
-2.2463684e-06
-1.0720541e-06
-2.0226278e-06
-1.8349853e-06
-2.0246621e-06
-1.2810417e-06
-2.1204044e-06
-8.3606486e-07
-2.0209403e-06
-2.1539616e-06
-1.393356e-06
-6.4733692e-06
-1.952315e-05
1.8381614e-11
-1.5764355e-09
1.5633882e-11
-5.369224e-09
-2.303444e-11
-9.1784878e-09
-5.903537e-11
-1.2626944e-08
-1.07622e-10
-1.6033529e-08
-1.9015284e-10
-1.935338e-08
-3.2305466e-10
-2.2533429e-08
-5.2964294e-10
-2.5511414e-08
-8.4057632e-10
-2.8203832e-08
-1.2969948e-09
-3.0496878e-08
-1.9554163e-09
-3.2249756e-08
-2.8917897e-09
-3.3292432e-08
-4.2088666e-09
-3.3311478e-08
-6.0489808e-09
-3.1962357e-08
-8.6032198e-09
-2.8743583e-08
-1.2141777e-08
-2.2833817e-08
-1.704044e-08
-1.313713e-08
-2.383471e-08
2.0598146e-09
-3.330171e-08
2.5453891e-08
-4.6621264e-08
6.1538128e-08
-6.5688831e-08
1.1823883e-07
-9.3460689e-08
2.1025553e-07
-1.348795e-07
3.6681924e-07
-1.990208e-07
6.4963338e-07
-3.0767615e-07
1.168475e-06
-5.1482715e-07
1.9956579e-06
-8.7983525e-07
2.8660826e-06
-1.3651097e-06
3.4708305e-06
-1.8693055e-06
4.4737056e-06
-2.2813524e-06
5.7322716e-06
-2.4874847e-06
5.8856399e-06
-2.4734587e-06
3.9264149e-06
-2.20042e-06
1.0066149e-06
-1.8136507e-06
-1.4572578e-06
-1.5942814e-06
-2.0687627e-06
-1.6525275e-06
-1.2345162e-06
-1.8377434e-06
-6.5312855e-07
-1.8141284e-06
-2.1803633e-06
-1.2559703e-06
-7.0376884e-06
-2.0790595e-05
1.8188351e-11
-1.5437959e-09
1.4545168e-11
-5.2133702e-09
-2.1403332e-11
-8.8889733e-09
-5.5804108e-11
-1.2237453e-08
-1.03358e-10
-1.5529356e-08
-1.8392479e-10
-1.8714645e-08
-3.1410288e-10
-2.1743495e-08
-5.1694592e-10
-2.4547169e-08
-8.229928e-10
-2.7034669e-08
-1.2728496e-09
-2.90821e-08
-1.9224445e-09
-3.0533308e-08
-2.8470555e-09
-3.1198869e-08
-4.1480822e-09
-3.0739194e-08
-5.9659565e-09
-2.8770637e-08
-8.4893495e-09
-2.4743357e-08
-1.1983839e-08
-1.7758897e-08
-1.6817867e-08
-6.6185957e-09
-2.3513633e-08
1.0545001e-08
-3.2827412e-08
3.6663347e-08
-4.5925759e-08
7.6641871e-08
-6.4614362e-08
1.390543e-07
-9.1621135e-08
2.3954197e-07
-1.3132761e-07
4.0905873e-07
-1.9096064e-07
7.125278e-07
-2.8668513e-07
1.2710307e-06
-4.6470277e-07
2.196195e-06
-7.9437106e-07
3.2424838e-06
-1.2508348e-06
3.9509907e-06
-1.715584e-06
4.9141046e-06
-2.0776733e-06
6.0663457e-06
-2.2279472e-06
6.0256584e-06
-2.1519661e-06
3.8482749e-06
-1.8280488e-06
6.8587714e-07
-1.4227844e-06
-1.8656753e-06
-1.1968339e-06
-2.3172758e-06
-1.2854649e-06
-1.1599101e-06
-1.547461e-06
-3.9325721e-07
-1.6065943e-06
-2.1229963e-06
-1.1261451e-06
-7.5235816e-06
-2.1928132e-05
1.7198604e-11
-1.5107642e-09
1.305583e-11
-5.0586331e-09
-1.9760291e-11
-8.6052077e-09
-5.2405314e-11
-1.1853442e-08
-9.8766682e-11
-1.5031209e-08
-1.772597e-10
-1.8083935e-08
-3.0457206e-10
-2.0963514e-08
-5.0341277e-10
-2.3595182e-08
-8.0435004e-10
-2.5880077e-08
-1.2472788e-09
-2.768497e-08
-1.887572e-09
-2.8838213e-08
-2.7997716e-09
-2.9131197e-08
-4.083903e-09
-2.8198838e-08
-5.8783966e-09
-2.5619059e-08
-8.3693608e-09
-2.0794286e-08
-1.1817549e-08
-1.2751398e-08
-1.6583521e-08
-1.9191222e-10
-2.3176671e-08
1.8900575e-08
-3.2338075e-08
4.7689386e-08
-4.5217634e-08
9.1490096e-08
-6.3508202e-08
1.5942289e-07
-8.9746333e-08
2.6798193e-07
-1.2781785e-07
4.4950721e-07
-1.83379e-07
7.7092375e-07
-2.6724491e-07
1.3602223e-06
-4.1501659e-07
2.3626974e-06
-7.0177753e-07
3.5770652e-06
-1.1223639e-06
4.4063601e-06
-1.5476063e-06
5.321618e-06
-1.8626908e-06
6.3523666e-06
-1.9642497e-06
6.1158532e-06
-1.8397395e-06
3.7223563e-06
-1.4897339e-06
3.3886697e-07
-1.0866165e-06
-2.279745e-06
-8.5699098e-07
-2.5763057e-06
-9.4525369e-07
-1.0856253e-06
-1.251968e-06
-8.8215778e-08
-1.398605e-06
-1.9771075e-06
-1.0034076e-06
-7.9235472e-06
-2.2942857e-05
1.5917344e-11
-1.4766304e-09
1.1620067e-11
-4.9042156e-09
-1.806524e-11
-8.3253346e-09
-4.8918952e-11
-1.1472312e-08
-9.3942597e-11
-1.4535817e-08
-1.7024849e-10
-1.745716e-08
-2.9453405e-10
-2.0188649e-08
-4.8870743e-10
-2.2650302e-08
-7.8465047e-10
-2.473328e-08
-1.2202e-09
-2.6298412e-08
-1.8505707e-09
-2.7156647e-08
-2.7494835e-09
-2.7080868e-08
-4.0155167e-09
-2.5681138e-08
-5.7849527e-09
-2.2497668e-08
-8.2411189e-09
-1.6885811e-08
-1.1639585e-08
-7.8002133e-09
-1.6332385e-08
6.1540947e-09
-2.2816262e-08
2.7138262e-08
-3.1824604e-08
5.8552358e-08
-4.4470816e-08
1.0609254e-07
-6.233753e-08
1.7934956e-07
-8.7785017e-08
2.9559916e-07
-1.2424963e-07
4.8827549e-07
-1.7608717e-07
8.2535619e-07
-2.4950162e-07
1.4378841e-06
-3.681636e-07
2.4962814e-06
-6.0653312e-07
3.8617834e-06
-9.843661e-07
4.8300268e-06
-1.3698787e-06
5.6983148e-06
-1.6404183e-06
6.5932053e-06
-1.6998872e-06
6.1622109e-06
-1.5381199e-06
3.5590397e-06
-1.1800077e-06
-1.7505406e-08
-7.9784557e-07
-2.682599e-06
-5.8580543e-07
-2.8208286e-06
-6.4333779e-07
-1.0398426e-06
-9.5086354e-07
2.1900306e-07
-1.1895923e-06
-1.7379935e-06
-8.8671587e-07
-8.2305593e-06
-2.3840818e-05
1.458624e-11
-1.4411878e-09
1.0366241e-11
-4.7499213e-09
-1.6331734e-11
-8.0485187e-09
-4.5406809e-11
-1.1093062e-08
-8.8972076e-11
-1.404202e-08
-1.6301177e-10
-1.6832824e-08
-2.8416477e-10
-1.9417128e-08
-4.7461542e-10
-2.1709398e-08
-7.6428725e-10
-2.359306e-08
-1.1921851e-09
-2.491986e-08
-1.8122682e-09
-2.5485791e-08
-2.6973775e-09
-2.504484e-08
-3.9445925e-09
-2.318285e-08
-5.6879622e-09
-1.9403048e-08
-8.1078627e-09
-1.3014462e-08
-1.1454402e-08
-2.9019921e-09
-1.6071071e-08
1.2422709e-08
-2.2443428e-08
3.5262859e-08
-3.1300366e-08
6.9261964e-08
-4.3696144e-08
1.2044166e-07
-6.1120789e-08
1.9882899e-07
-8.5761228e-08
3.2239812e-07
-1.2063913e-07
5.2542613e-07
-1.6903416e-07
8.762209e-07
-2.3345512e-07
1.5058334e-06
-3.2591181e-07
2.6002474e-06
-5.1306042e-07
4.0914112e-06
-8.415839e-07
5.2144202e-06
-1.186532e-06
6.0460575e-06
-1.4149525e-06
6.7925354e-06
-1.4378762e-06
6.1697354e-06
-1.244867e-06
3.3634879e-06
-8.8883453e-07
-3.7448207e-07
-5.4656005e-07
-3.0562852e-06
-3.831791e-07
-3.0154004e-06
-4.0430922e-07
-1.0274374e-06
-6.702176e-07
4.8663582e-07
-9.8097521e-07
-1.425525e-06
-7.7597174e-07
-8.4391101e-06
-2.4627969e-05
1.330565e-11
-1.4044508e-09
9.3258318e-12
-4.5958198e-09
-1.456789e-11
-7.7744247e-09
-4.1898962e-11
-1.0715444e-08
-8.3850458e-11
-1.3549693e-08
-1.5552277e-10
-1.6210682e-08
-2.7339634e-10
-1.8648684e-08
-4.5947683e-10
-2.0772634e-08
-7.4304362e-10
-2.2458687e-08
-1.1628879e-09
-2.3549081e-08
-1.7721179e-09
-2.3825481e-08
-2.6426183e-09
-2.3023101e-08
-3.8698844e-09
-2.0704173e-08
-5.5855986e-09
-1.6335742e-08
-7.9669496e-09
-9.1813144e-09
-1.1258215e-08
1.9412905e-09
-1.5794844e-08
1.8611592e-08
-2.2053411e-08
4.3273957e-08
-3.0751489e-08
7.9812889e-08
-4.2876896e-08
1.345203e-07
-5.9837275e-08
2.1784322e-07
-8.3645881e-08
3.4836194e-07
-1.1693572e-07
5.6097665e-07
-1.620817e-07
9.2377434e-07
-2.1877909e-07
1.5656046e-06
-2.8888131e-07
2.6790599e-06
-4.2483444e-07
4.2640994e-06
-6.9782598e-07
5.5510369e-06
-1.0002255e-06
6.3656127e-06
-1.1886508e-06
6.954824e-06
-1.1796285e-06
6.142949e-06
-9.6268995e-07
3.1424456e-06
-6.1585696e-07
-7.2560207e-07
-3.2924256e-07
-3.3830354e-06
-2.3475291e-07
-3.1368831e-06
-2.3166391e-07
-1.0364782e-06
-4.2688637e-07
6.8596703e-07
-7.7540418e-07
-1.0738491e-06
-6.7051696e-07
-8.5470007e-06
-2.5309604e-05
1.2126523e-11
-1.3665001e-09
8.5193417e-12
-4.4419847e-09
-1.2789319e-11
-7.5027385e-09
-3.8332506e-11
-1.0339366e-08
-7.8625301e-11
-1.3058707e-08
-1.4785716e-10
-1.5590591e-08
-2.623509e-10
-1.7883159e-08
-4.4386975e-10
-1.9839901e-08
-7.2122313e-10
-2.1329928e-08
-1.1327699e-09
-2.2185931e-08
-1.7308093e-09
-2.2175627e-08
-2.5862233e-09
-2.1015641e-08
-3.792861e-09
-1.8245252e-08
-5.4799584e-09
-1.3296116e-08
-7.8213457e-09
-5.3871297e-09
-1.1055253e-08
6.728283e-09
-1.5508989e-08
2.4718709e-08
-2.1655305e-08
5.1173994e-08
-3.0185466e-08
9.0197116e-08
-4.2028271e-08
1.4831752e-07
-5.8510478e-08
2.3638025e-07
-8.147289e-08
3.7347971e-07
-1.1318296e-07
5.9494398e-07
-1.5524059e-07
9.6821064e-07
-2.0527211e-07
1.6184357e-06
-2.5713522e-07
2.7375061e-06
-3.450063e-07
4.3819418e-06
-5.5739879e-07
5.8312565e-06
-8.1434417e-07
6.6563134e-06
-9.6446826e-07
7.0853007e-06
-9.2736834e-07
6.086552e-06
-6.9228991e-07
2.9017636e-06
-3.635315e-07
-1.0621204e-06
-1.497695e-07
-3.6393779e-06
-1.2236665e-07
-3.1863298e-06
-1.0933557e-07
-1.05322e-06
-2.22222e-07
8.0489771e-07
-5.7933232e-07
-7.1227878e-07
-5.7038359e-07
-8.5584618e-06
-2.5891049e-05
1.1062111e-11
-1.327456e-09
7.9222657e-12
-4.2885299e-09
-1.09978e-11
-7.2332938e-09
-3.4786658e-11
-9.9648385e-09
-7.3277155e-11
-1.256926e-08
-1.3997778e-10
-1.497271e-08
-2.5095533e-10
-1.7120769e-08
-4.2771122e-10
-1.8911494e-08
-6.9859651e-10
-2.0207143e-08
-1.1014688e-09
-2.0830902e-08
-1.6877787e-09
-2.0536887e-08
-2.5273401e-09
-1.9023363e-08
-3.7122645e-09
-1.5807312e-08
-5.3692116e-09
-1.0285848e-08
-7.6684289e-09
-1.6342611e-09
-1.0842175e-08
1.1456021e-08
-1.5210099e-08
3.0740986e-08
-2.124231e-08
5.8960957e-08
-2.9590885e-08
1.0040084e-07
-4.1136578e-08
1.6181875e-07
-5.712283e-08
2.5442242e-07
-7.9219385e-08
3.977325e-07
-1.0934844e-07
6.2732981e-07
-1.4843318e-07
1.0096612e-06
-1.9261053e-07
1.6652534e-06
-2.3000768e-07
2.7799707e-06
-2.7562255e-07
4.4506803e-06
-4.2415921e-07
6.0472721e-06
-6.3160944e-07
6.9150528e-06
-7.4453317e-07
7.1896219e-06
-6.8258203e-07
6.0059395e-06
-4.3268399e-07
2.6456363e-06
-1.281671e-07
-1.3798768e-06
-9.0592766e-09
-3.7962886e-06
-3.2768148e-08
-3.1801448e-06
-2.5587084e-08
-1.0622718e-06
-5.8943543e-08
8.4526372e-07
-3.9971873e-07
-3.6614889e-07
-4.7520461e-07
-8.485064e-06
-2.6377262e-05
1.0119536e-11
-1.2874312e-09
7.5057831e-12
-4.1354858e-09
-9.2015346e-12
-6.9658711e-09
-3.1245159e-11
-9.591787e-09
-6.7807681e-11
-1.2081395e-08
-1.3194672e-10
-1.4356967e-08
-2.3931488e-10
-1.636149e-08
-4.1118119e-10
-1.7987399e-08
-6.7542726e-10
-1.9090342e-08
-1.0694064e-09
-1.9484034e-08
-1.6436631e-09
-1.8909394e-08
-2.4669132e-09
-1.7046514e-08
-3.6294724e-09
-1.3390778e-08
-5.2553404e-09
-7.3056169e-09
-7.511031e-09
2.0762004e-09
-1.0623296e-08
1.6123484e-08
-1.4905331e-08
3.667866e-08
-2.0819699e-08
6.6631442e-08
-2.8978039e-08
1.1041578e-07
-4.0217747e-08
1.7501551e-07
-5.5697581e-08
2.7195977e-07
-7.6919371e-08
4.2111212e-07
-1.054798e-07
6.5814819e-07
-1.4170401e-07
1.0482468e-06
-1.8066449e-07
1.7067659e-06
-2.0675298e-07
2.8101099e-06
-2.1786915e-07
4.4787989e-06
-3.0211332e-07
6.1938959e-06
-4.5552423e-07
7.1361015e-06
-5.3174666e-07
7.2732047e-06
-4.4769507e-07
5.9075249e-06
-1.8388741e-07
2.3770615e-06
7.5799184e-08
-1.657604e-06
9.8221968e-08
-3.8494629e-06
3.9188615e-08
-3.1335656e-06
3.8044674e-08
-1.0612995e-06
7.021276e-08
8.2009021e-07
-2.4445187e-07
-4.5781976e-08
-3.8515484e-07
-8.3461051e-06
-2.6773376e-05
9.2903663e-12
-1.2465479e-09
7.2411152e-12
-3.9829176e-09
-7.3996424e-12
-6.7003671e-09
-2.7694581e-11
-9.2202772e-09
-6.2322805e-11
-1.1595199e-08
-1.2372576e-10
-1.3743638e-08
-2.2735706e-10
-1.5605564e-08
-3.9414997e-10
-1.7067937e-08
-6.5145885e-10
-1.7979977e-08
-1.0362261e-09
-1.8145816e-08
-1.5979117e-09
-1.7293849e-08
-2.4041127e-09
-1.5086027e-08
-3.5432566e-09
-1.0996915e-08
-5.1365676e-09
-4.3571346e-09
-7.34666e-09
5.7419332e-09
-1.039468e-08
2.0727628e-08
-1.4590009e-08
4.2530637e-08
-2.0378616e-08
7.4177227e-08
-2.8337082e-08
1.2023197e-07
-3.9259244e-08
1.8789593e-07
-5.4218333e-08
2.8897764e-07
-7.4551941e-08
4.436049e-07
-1.0154895e-07
6.874044e-07
-1.3500377e-07
1.0840617e-06
-1.692268e-07
1.7434937e-06
-1.8644037e-07
2.8307282e-06
-1.7137263e-07
4.4758079e-06
-1.9423275e-07
6.2700528e-06
-2.8962781e-07
7.3115445e-06
-3.2900421e-07
7.3400288e-06
-2.2170166e-07
5.7949213e-06
4.4788086e-08
2.1109112e-06
2.3095685e-07
-1.8645356e-06
1.8654349e-07
-3.8275276e-06
9.8578871e-08
-3.0533467e-06
8.685445e-08
-1.0481939e-06
1.6515916e-07
7.4824877e-07
-1.1617941e-07
2.4086009e-07
-3.0010359e-07
-8.1636599e-06
-2.7084391e-05
8.5696437e-12
-1.2049059e-09
7.1101799e-12
-3.8308251e-09
-5.5961448e-12
-6.4366072e-09
-2.4144164e-11
-8.8502493e-09
-5.6720944e-11
-1.1110713e-08
-1.1536596e-10
-1.3132647e-08
-2.1517351e-10
-1.4852967e-08
-3.7677005e-10
-1.6153098e-08
-6.262316e-10
-1.687681e-08
-1.0023148e-09
-1.6815557e-08
-1.551118e-09
-1.5690385e-08
-2.3398257e-09
-1.3142157e-08
-3.4549188e-09
-8.6261474e-09
-5.014775e-09
-1.4410754e-09
-7.1781953e-09
9.3621091e-09
-1.0160538e-08
2.5267296e-08
-1.4269408e-08
4.8297431e-08
-1.9926051e-08
8.1592403e-08
-2.7678716e-08
1.298438e-07
-3.8276538e-08
2.0045355e-07
-5.2707357e-08
3.0546887e-07
-7.214937e-08
4.6520781e-07
-9.760095e-08
7.1511698e-07
-1.2838538e-07
1.117207e-06
-1.5826075e-07
1.7758506e-06
-1.6838966e-07
2.8438736e-06
-1.3463883e-07
4.4505261e-06
-1.0394507e-07
6.2813382e-06
-1.3794925e-07
7.4314348e-06
-1.4010576e-07
7.3913775e-06
-9.1739304e-09
5.6725693e-06
2.3123892e-07
1.878148e-06
3.5531456e-07
-2.0065595e-06
2.5786473e-07
-3.7449045e-06
1.459876e-07
-2.9452002e-06
1.2303848e-07
-1.022748e-06
2.2650026e-07
6.5047057e-07
-1.4095351e-08
4.8591795e-07
-2.2024388e-07
-7.9587893e-06
-2.7315504e-05
7.9443172e-12
-1.1626097e-09
7.0934944e-12
-3.6792544e-09
-3.7850578e-12
-6.1745293e-09
-2.0578075e-11
-8.4817728e-09
-5.1021228e-11
-1.0628098e-08
-1.0683075e-10
-1.252417e-08
-2.0269601e-10
-1.4103934e-08
-3.5892372e-10
-1.5243192e-08
-6.0184822e-10
-1.5779688e-08
-9.6733853e-10
-1.5495338e-08
-1.5027543e-09
-1.4099697e-08
-2.2732512e-09
-1.1215829e-08
-3.3632821e-09
-6.2797088e-09
-4.8882696e-09
1.440911e-09
-7.0034024e-09
1.2934851e-08
-9.9188116e-09
2.9740941e-08
-1.3937802e-08
5.3975317e-08
-1.9455002e-08
8.8869178e-08
-2.6994044e-08
1.3924312e-07
-3.7257817e-08
2.1267829e-07
-5.1149238e-08
3.2142196e-07
-6.969207e-08
4.8591288e-07
-9.3610624e-08
7.4129798e-07
-1.2181086e-07
1.1477693e-06
-1.4764823e-07
1.8041585e-06
-1.5195987e-07
2.85098e-06
-1.0547862e-07
4.4100785e-06
-3.4367994e-08
6.2408429e-06
-6.1525656e-09
7.4859459e-06
3.5153808e-08
7.4187591e-06
1.9933541e-07
5.5352661e-06
3.9441134e-07
1.6988762e-06
4.5579111e-07
-2.0794809e-06
3.132422e-07
-3.610551e-06
1.83226e-07
-2.8158387e-06
1.5077084e-07
-9.8710046e-07
2.5829934e-07
5.4787502e-07
6.4219625e-08
6.8407936e-07
-1.454147e-07
-7.7502828e-06
-2.7471745e-05
7.4070418e-12
-1.1197389e-09
7.1798467e-12
-3.5281951e-09
-1.9601729e-12
-5.9140031e-09
-1.7010999e-11
-8.1147768e-09
-4.5245819e-11
-1.0147355e-08
-9.8162131e-11
-1.1918175e-08
-1.9000261e-10
-1.3358438e-08
-3.4074242e-10
-1.4338213e-08
-5.7643671e-10
-1.4689159e-08
-9.3165049e-10
-1.4184683e-08
-1.4533729e-09
-1.2521913e-08
-2.2052235e-09
-9.3072823e-09
-3.2695799e-09
-3.958007e-09
-4.7588697e-09
4.2882182e-09
-6.8247983e-09
1.6459481e-08
-9.6734272e-09
3.4148982e-08
-1.3598865e-08
5.9560907e-08
-1.8972532e-08
9.6003753e-08
-2.6293468e-08
1.4842575e-07
-3.6217862e-08
2.2456516e-07
-4.9565099e-08
3.3683246e-07
-6.7210211e-08
5.0572193e-07
-8.9619879e-08
7.6597193e-07
-1.1533148e-07
1.1758448e-06
-1.3740362e-07
1.8286973e-06
-1.3678911e-07
2.8530413e-06
-8.1785943e-08
4.3595853e-06
1.9514956e-08
6.160579e-06
1.0825704e-07
7.4702616e-06
1.9948476e-07
7.4090562e-06
3.7537387e-07
5.4040292e-06
5.3232497e-07
1.5651048e-06
5.3206292e-07
-2.0833133e-06
3.5399851e-07
-3.4354424e-06
2.1256106e-07
-2.6729491e-06
1.7310845e-07
-9.4408802e-07
2.7442627e-07
4.5092602e-07
1.2357417e-07
8.387141e-07
-7.8049164e-08
-7.5497144e-06
-2.7560583e-05
6.9437621e-12
-1.0763766e-09
7.3546441e-12
-3.3776891e-09
-6.5589938e-14
-5.6550548e-09
-1.3412504e-11
-7.7492858e-09
-3.9374434e-11
-9.6686281e-09
-8.9326359e-11
-1.1314832e-08
-1.7702947e-10
-1.261671e-08
-3.2210976e-10
-1.3438468e-08
-5.5019367e-10
-1.3605757e-08
-8.9493033e-10
-1.2883965e-08
-1.4024736e-09
-1.0957711e-08
-2.1349862e-09
-7.4174178e-09
-3.172694e-09
-1.6622406e-09
-4.6250248e-09
7.0993361e-09
-6.6398107e-09
1.9933802e-08
-9.4209271e-09
3.849041e-08
-1.3247707e-08
6.5048789e-08
-1.8472381e-08
1.0299035e-07
-2.5568635e-08
1.5738477e-07
-3.5145586e-08
2.3610573e-07
-4.7940511e-08
3.5169188e-07
-6.4685488e-08
5.2463216e-07
-8.5605417e-08
7.8915757e-07
-1.089144e-07
1.2015193e-06
-1.2745551e-07
1.8497042e-06
-1.2255327e-07
2.8507543e-06
-6.1752286e-08
4.3024029e-06
6.2416988e-08
6.0504047e-06
1.997918e-07
7.3926035e-06
3.3799176e-07
7.356703e-06
5.2095229e-07
5.2789301e-06
6.431497e-07
1.4711098e-06
5.8307513e-07
-2.0209444e-06
3.8192978e-07
-3.2335854e-06
2.359074e-07
-2.5242145e-06
1.9184931e-07
-8.963223e-07
2.8178933e-07
3.6499173e-07
1.690683e-07
9.5496474e-07
-1.5974039e-08
-7.3657147e-06
-2.758731e-05
6.5318235e-12
-1.032566e-09
7.6092106e-12
-3.2277397e-09
1.8761739e-12
-5.3976098e-09
-9.8001993e-12
-7.3852079e-09
-3.3437825e-11
-9.191895e-09
-8.0358223e-11
-1.0714116e-08
-1.6384463e-10
-1.1878719e-08
-3.0314804e-10
-1.2543946e-08
-5.2343915e-10
-1.2529524e-08
-8.5750889e-10
-1.1593214e-08
-1.3505715e-09
-9.4072163e-09
-2.0633247e-09
-5.5464634e-09
-3.0738028e-09
6.0721899e-10
-4.4885706e-09
9.8738905e-09
-6.4516671e-09
2.3357507e-08
-9.1646158e-09
4.2764814e-08
-1.288906e-08
7.0435567e-08
-1.7961589e-08
1.0982611e-07
-2.4829495e-08
1.6611684e-07
-3.4055055e-08
2.4729638e-07
-4.6295364e-08
3.6599823e-07
-6.2145709e-08
5.4264942e-07
-8.1605299e-08
8.1088465e-07
-1.0260551e-07
1.2248869e-06
-1.1783587e-07
1.8674015e-06
-1.0913146e-07
2.8446373e-06
-4.4367123e-08
4.2407694e-06
9.3987424e-08
5.9212964e-06
2.701183e-07
7.2619107e-06
4.4967375e-07
7.2593091e-06
6.3560689e-07
5.157279e-06
7.2523001e-07
1.4115739e-06
6.1466744e-07
-1.9038712e-06
4.0166971e-07
-3.0176761e-06
2.5495922e-07
-2.3741452e-06
2.0817429e-07
-8.4580225e-07
2.8596881e-07
2.9099238e-07
2.0466663e-07
1.0395833e-06
3.0408948e-08
-7.1925531e-06
-2.7567621e-05
6.2225876e-12
-9.8841838e-10
7.9306012e-12
-3.0783381e-09
3.7825848e-12
-5.1416115e-09
-6.1357452e-12
-7.022695e-09
-2.73722e-11
-8.7173144e-09
-7.1229744e-11
-1.0116158e-08
-1.504014e-10
-1.1144683e-08
-2.8375337e-10
-1.1654961e-08
-4.9600737e-10
-1.1460857e-08
-8.1908955e-10
-1.0312925e-08
-1.2972005e-09
-7.8710898e-09
-1.9895291e-09
-3.6952963e-09
-2.9718768e-09
2.8492428e-09
-4.3480488e-09
1.2610602e-08
-6.2586731e-09
2.6729555e-08
-8.9004976e-09
4.6968965e-08
-1.2518477e-08
7.5716802e-08
-1.7434334e-08
1.1650617e-07
-2.4068227e-08
1.7461593e-07
-3.2935924e-08
2.5813028e-07
-4.461625e-08
3.7974578e-07
-5.9573532e-08
5.5977487e-07
-7.7597915e-08
8.311779e-07
-9.6374992e-08
1.246033e-06
-1.0849438e-07
1.8819892e-06
-9.6387386e-08
2.8351057e-06
-2.8901623e-08
4.1761634e-06
1.1729622e-07
5.7813819e-06
3.2110183e-07
7.0904892e-06
5.3398042e-07
7.1186993e-06
7.1987358e-07
5.0350427e-06
7.7772161e-07
1.3826477e-06
6.325292e-07
-1.7502646e-06
4.1581335e-07
-2.7969943e-06
2.7081723e-07
-2.2255259e-06
2.227172e-07
-7.9399276e-07
2.8872232e-07
2.286669e-07
2.3303927e-07
1.0984097e-06
6.886397e-08
-7.0294889e-06
-2.7509446e-05
5.9494814e-12
-9.4396192e-10
8.3139066e-12
-2.9294847e-09
5.6949509e-12
-4.8869616e-09
-2.509728e-12
-6.6616432e-09
-2.1343904e-11
-8.2448119e-09
-6.196575e-11
-9.5210363e-09
-1.3673054e-10
-1.0414587e-08
-2.6403204e-10
-1.0771485e-08
-4.6808758e-10
-1.0399774e-08
-7.7997227e-10
-9.0431469e-09
-1.2428398e-09
-6.3494481e-09
-1.9143351e-09
-1.8641268e-09
-2.8680405e-09
5.0635321e-09
-4.2050052e-09
1.5309087e-08
-6.0631638e-09
3.0050186e-08
-8.6314186e-09
5.1100673e-08
-1.2140631e-08
8.0890475e-08
-1.6897319e-08
1.2302835e-07
-2.3294282e-08
1.8287945e-07
-3.1801486e-08
2.6860512e-07
-4.2921775e-08
3.9293482e-07
-5.6994492e-08
5.7601736e-07
-7.3617355e-08
8.5007136e-07
-9.0262764e-08
1.2650493e-06
-9.9463456e-08
1.8936602e-06
-8.4292575e-08
2.8225067e-06
-1.4870182e-08
4.1095003e-06
1.3477632e-07
5.6363008e-06
3.5579286e-07
6.891317e-06
5.9274314e-07
6.9405683e-06
7.7637156e-07
4.9087691e-06
8.056444e-07
1.3788862e-06
6.4056614e-07
-1.5766187e-06
4.2590719e-07
-2.5780536e-06
2.8443336e-07
-2.0803672e-06
2.3599021e-07
-7.418782e-07
2.9103427e-07
1.7724249e-07
2.5619305e-07
1.1362628e-06
1.0289066e-07
-6.8773139e-06
-2.7417221e-05
5.7201758e-12
-8.9924931e-10
8.7492892e-12
-2.7812158e-09
7.6115932e-12
-4.6336584e-09
1.3877945e-12
-6.302383e-09
-1.522031e-11
-7.7742919e-09
-5.2562973e-11
-8.9288993e-09
-1.2279531e-10
-9.6886706e-09
-2.438922e-10
-9.8938089e-09
-4.395188e-10
-9.3466603e-09
-7.3989908e-10
-7.7843606e-09
-1.187064e-09
-4.8429392e-09
-1.8370983e-09
-5.3795985e-11
-2.7613698e-09
7.2490623e-09
-4.0579497e-09
1.7967921e-08
-5.8628889e-09
3.3318389e-08
-8.3543626e-09
5.5156444e-08
-1.1751551e-08
8.5953025e-08
-1.6345139e-08
1.2938839e-07
-2.2500397e-08
1.9090229e-07
-3.0642163e-08
2.787156e-07
-4.1199566e-08
4.0556211e-07
-5.4392776e-08
5.9138157e-07
-6.9643634e-08
8.6759413e-07
-8.424173e-08
1.2820197e-06
-9.0702219e-08
1.9025927e-06
-7.2772511e-08
2.8071486e-06
-1.8143349e-09
4.0412477e-06
1.4818269e-07
5.4899381e-06
3.7748562e-07
6.6762035e-06
6.2905907e-07
6.7334995e-06
8.0862026e-07
4.776781e-06
8.1507231e-07
1.3933622e-06
6.4160246e-07
-1.3954142e-06
4.3303153e-07
-2.3652707e-06
2.9628813e-07
-1.9399652e-06
2.481816e-07
-6.9013416e-07
2.9327863e-07
1.3573416e-07
2.7535649e-07
1.1571022e-06
1.3249567e-07
-6.7355957e-06
-2.7295368e-05
5.5341894e-12
-8.543155e-10
9.2342554e-12
-2.6335118e-09
9.5483228e-12
-4.38163e-09
5.2227715e-12
-5.9447742e-09
-9.0322647e-12
-7.3058071e-09
-4.3045167e-11
-8.3397016e-09
-1.0866063e-10
-8.9669123e-09
-2.2342724e-10
-9.0219305e-09
-4.1046704e-10
-8.3015318e-09
-6.9913521e-10
-6.5366097e-09
-1.1303161e-09
-3.3516695e-09
-1.7585221e-09
1.7355193e-09
-2.6529579e-09
9.4056478e-09
-3.9088605e-09
2.0587033e-08
-5.6598599e-09
3.6533683e-08
-8.0723676e-09
5.9134351e-08
-1.1355733e-08
9.0902928e-08
-1.5784147e-08
1.3558449e-07
-2.1695496e-08
1.9868255e-07
-2.9470431e-08
2.8846065e-07
-3.9466904e-08
4.1762995e-07
-5.1791792e-08
6.0587901e-07
-6.5706989e-08
8.8378292e-07
-7.8345991e-08
1.2970329e-06
-8.223782e-08
1.9089586e-06
-6.1803485e-08
2.7892874e-06
9.9888679e-09
3.97214e-06
1.5878649e-07
5.3443031e-06
3.8968763e-07
6.45445e-06
6.4742455e-07
6.507277e-06
8.2157681e-07
4.6392972e-06
8.1199127e-07
1.4191359e-06
6.3817981e-07
-1.2150388e-06
4.3823447e-07
-2.1613208e-06
3.0688045e-07
-1.805001e-06
2.5954014e-07
-6.3917955e-07
2.9577721e-07
1.0307082e-07
2.9151527e-07
1.1642171e-06
1.5816107e-07
-6.6033988e-06
-2.7147831e-05
5.3858608e-12
-8.0920738e-10
9.7620419e-12
-2.4864056e-09
1.149461e-11
-4.1308879e-09
9.0605955e-12
-5.5888731e-09
-2.7563592e-12
-6.8395238e-09
-3.3404067e-11
-7.7535816e-09
-9.4338521e-11
-8.2494913e-09
-2.025614e-10
-8.1562029e-09
-3.8078935e-10
-7.2647712e-09
-6.5744437e-10
-5.3003752e-09
-1.0722128e-09
-1.876259e-09
-1.6780264e-09
3.5030484e-09
-2.5419094e-09
1.1532336e-08
-3.7566305e-09
2.316568e-08
-5.4516865e-09
3.9693802e-08
-7.7827057e-09
6.3031588e-08
-1.0949498e-08
9.5737132e-08
-1.5209337e-08
1.4161296e-07
-2.087288e-08
2.0621598e-07
-2.8277484e-08
2.9783641e-07
-3.7712454e-08
4.2913738e-07
-4.9177162e-08
6.1951745e-07
-6.1789155e-08
8.9866975e-07
-7.255113e-08
1.3101705e-06
-7.4036085e-08
1.9129193e-06
-5.1320405e-08
2.7691466e-06
2.0698197e-08
3.902799e-06
1.6735524e-07
5.2005847e-06
3.9518616e-07
6.2327301e-06
6.5214333e-07
6.2714275e-06
8.1986047e-07
4.4980857e-06
8.00719e-07
1.4502812e-06
6.3184042e-07
-1.0407e-06
4.4199429e-07
-1.967682e-06
3.1636237e-07
-1.6758025e-06
2.7008011e-07
-5.8929747e-07
2.9851181e-07
7.8205105e-08
3.052057e-07
1.1603333e-06
1.8032685e-07
-6.4796916e-06
-2.6978112e-05
5.2733069e-12
-7.6395643e-10
1.0330257e-11
-2.3398896e-09
1.3458913e-11
-3.8813908e-09
1.2920702e-11
-5.2346559e-09
3.5373638e-12
-6.3754023e-09
-2.3570225e-11
-7.1706677e-09
-7.9693265e-11
-7.5364902e-09
-1.8135767e-10
-7.2965814e-09
-3.5060264e-10
-6.2364767e-09
-6.1502503e-10
-4.0757989e-09
-1.013081e-09
-4.1692882e-10
-1.5961314e-09
5.2485129e-09
-2.4289834e-09
1.3628751e-08
-3.6023152e-09
2.5703757e-08
-5.2397421e-09
4.2797172e-08
-7.4876994e-09
6.684671e-08
-1.0536186e-08
1.0045404e-07
-1.4625435e-08
1.4747191e-07
-2.0039207e-08
2.1350077e-07
-2.7072625e-08
3.0684219e-07
-3.594895e-08
4.4008744e-07
-4.6566131e-08
6.3230969e-07
-5.7911749e-08
9.1229162e-07
-6.6880189e-08
1.3215161e-06
-6.6113802e-08
1.9146304e-06
-4.1321215e-08
2.746931e-06
3.0796363e-08
3.8333579e-06
1.7450923e-07
5.0597119e-06
3.9636104e-07
6.0153103e-06
6.4756391e-07
6.0338665e-06
8.0823158e-07
4.3556316e-06
7.8480416e-07
1.4824463e-06
6.2397895e-07
-8.7526888e-07
4.4483601e-07
-1.7849088e-06
3.2498205e-07
-1.5524116e-06
2.7994176e-07
-5.4066479e-07
3.0157057e-07
6.0138686e-08
3.1696457e-07
1.1477213e-06
1.9948209e-07
-6.363395e-06
-2.6789223e-05
5.1932126e-12
-7.1859115e-10
1.0935119e-11
-2.1939554e-09
1.5442087e-11
-3.6331006e-09
1.6815145e-11
-4.8821106e-09
9.9480852e-12
-5.9134893e-09
-1.3680121e-11
-6.5908555e-09
-6.4907581e-11
-6.8279375e-09
-1.5981525e-10
-6.4432015e-09
-3.1990397e-10
-5.216755e-09
-5.7187943e-10
-2.8630168e-09
-9.5293737e-10
1.0261284e-09
-1.5128742e-09
6.9716567e-09
-2.314192e-09
1.5694491e-08
-3.4457829e-09
2.8201022e-08
-5.0240131e-09
4.5842344e-08
-7.1874868e-09
7.0578415e-08
-1.0116036e-08
1.0505215e-07
-1.4032854e-08
1.5315964e-07
-1.919519e-08
2.2053541e-07
-2.5857048e-08
3.1547775e-07
-3.4178188e-08
4.5048373e-07
-4.396142e-08
6.4426949e-07
-5.4077682e-08
9.2468574e-07
-6.1333529e-08
1.3311508e-06
-5.8463771e-08
1.91424e-06
-3.1781677e-08
2.722828e-06
4.0302722e-08
3.7639516e-06
1.8063892e-07
4.9221762e-06
3.9485697e-07
5.8046678e-06
6.3713017e-07
5.8003877e-06
7.9047431e-07
4.2144407e-06
7.6650765e-07
1.5128522e-06
6.1539203e-07
-7.2012507e-07
4.4702221e-07
-1.6130143e-06
3.3285503e-07
-1.4347246e-06
2.8917686e-07
-4.9339706e-07
3.0492599e-07
4.7950538e-08
3.2714147e-07
1.1282688e-06
2.1603779e-07
-6.2534913e-06
-2.6583768e-05
5.1411384e-12
-6.731487e-10
1.1569731e-11
-2.0486331e-09
1.7442507e-11
-3.3860504e-09
2.0737558e-11
-4.5313114e-09
1.6466027e-11
-5.4539459e-09
-3.5075499e-12
-6.0144219e-09
-4.9915973e-11
-6.1238788e-09
-1.37901e-10
-5.5963667e-09
-2.8861533e-10
-4.2059799e-09
-5.2787799e-10
-1.6624693e-09
-8.9156525e-10
2.4523416e-09
-1.4279038e-09
8.6717769e-09
-2.1971912e-09
1.7728833e-08
-3.2861262e-09
3.0656315e-08
-4.8032849e-09
4.8827177e-08
-6.8804306e-09
7.4224572e-08
-9.6868012e-09
1.0952891e-07
-1.3428565e-08
1.5867319e-07
-1.8336841e-08
2.2731692e-07
-2.462563e-08
3.2374124e-07
-3.2393671e-08
4.6032797e-07
-4.1355105e-08
6.5540859e-07
-5.0276971e-08
9.3588662e-07
-5.5897352e-08
1.3391514e-06
-5.1066641e-08
1.9118902e-06
-2.2671194e-08
2.6970135e-06
4.9235311e-08
3.694725e-06
1.8595658e-07
4.7882413e-06
3.9169649e-07
5.6020988e-06
6.2326212e-07
5.5747473e-06
7.6925485e-07
4.0765845e-06
7.471047e-07
1.539967e-06
6.0641144e-07
-5.7575542e-07
4.4859525e-07
-1.4517349e-06
3.3997245e-07
-1.3225911e-06
2.9774744e-07
-4.4758359e-07
3.0844945e-07
4.0808445e-08
3.3591425e-07
1.1035527e-06
2.3029483e-07
-6.1490856e-06
-2.6364043e-05
5.115925e-12
-6.2764758e-10
1.2238266e-11
-1.9039038e-09
1.9465076e-11
-3.1401868e-09
2.4700749e-11
-4.1822174e-09
2.3024876e-11
-4.9966951e-09
6.9964102e-12
-5.4415645e-09
-3.4719132e-11
-5.4240771e-09
-1.1567721e-10
-4.7560562e-09
-2.5669729e-10
-3.2043286e-09
-4.8323759e-10
-4.7400702e-10
-8.2932227e-10
3.8616579e-09
-1.3417567e-09
1.0348769e-08
-2.0789932e-09
1.973196e-08
-3.1243875e-09
3.3068975e-08
-4.5793889e-09
5.1750828e-08
-6.5692169e-09
7.7784456e-08
-9.2523055e-09
1.138835e-07
-1.2817948e-08
1.6401181e-07
-1.7471634e-08
2.3384509e-07
-2.3388632e-08
3.3163425e-07
-3.0609133e-08
4.6962605e-07
-3.8765026e-08
6.657436e-07
-4.6530915e-08
9.4593308e-07
-5.059276e-08
1.345595e-06
-4.3935555e-08
1.9077157e-06
-1.3968144e-08
2.6696291e-06
5.7643093e-08
3.6257962e-06
1.90691e-07
4.6579768e-06
3.8775039e-07
5.4080344e-06
6.0795974e-07
5.3589083e-06
7.4682947e-07
3.9434215e-06
7.2776266e-07
1.5631314e-06
5.9752882e-07
-4.420394e-07
4.4980699e-07
-1.3005813e-06
3.4651103e-07
-1.2157875e-06
3.0579124e-07
-4.0327456e-07
3.1219188e-07
3.7967774e-08
3.4360424e-07
1.0748781e-06
2.4263593e-07
-6.0493447e-06
-2.6131969e-05
5.1130945e-12
-5.8211933e-10
1.2930391e-11
-1.7597964e-09
2.1504895e-11
-2.8955489e-09
2.8697409e-11
-3.834911e-09
2.9684359e-11
-4.5418896e-09
1.7465353e-11
-4.8722488e-09
-1.9183123e-11
-4.7290254e-09
-9.3119447e-11
-3.9224025e-09
-2.2455446e-10
-2.2118515e-09
-4.3781069e-10
7.0163547e-10
-7.6596052e-10
5.2535517e-09
-1.2540269e-09
1.2001952e-08
-1.958851e-09
2.1703287e-08
-2.9593546e-09
3.5437402e-08
-4.3508435e-09
5.4611673e-08
-6.251756e-09
8.1256182e-08
-8.8096467e-09
1.181137e-07
-1.2197058e-08
1.6917304e-07
-1.6594325e-08
2.4011776e-07
-2.2139227e-08
3.3915612e-07
-2.881585e-08
4.7838126e-07
-3.6180315e-08
6.7528825e-07
-4.2825888e-08
9.5486035e-07
-4.5402266e-08
1.3505544e-06
-3.7049063e-08
1.9018465e-06
-5.6102945e-09
2.6407749e-06
6.5537981e-08
3.5573322e-06
1.9488214e-07
4.5314164e-06
3.8333378e-07
5.222507e-06
5.9213381e-07
5.1537022e-06
7.241835e-07
3.8157275e-06
7.0873535e-07
1.582206e-06
5.8868022e-07
-3.186011e-07
4.5057168e-07
-1.159056e-06
3.5240334e-07
-1.1141126e-06
3.1323423e-07
-3.6051548e-07
3.1599065e-07
3.8771067e-08
3.5025742e-07
1.0433393e-06
2.5325097e-07
-5.9535785e-06
-2.588927e-05
5.1319445e-12
-5.3657717e-10
1.3654163e-11
-1.6162956e-09
2.3569636e-11
-2.6520885e-09
3.2734228e-11
-3.4893467e-09
3.6431406e-11
-4.0895012e-09
2.804912e-11
-4.3064097e-09
-3.5689501e-12
-4.0385777e-09
-7.0334761e-11
-3.0954274e-09
-1.9176296e-10
-1.2288208e-09
-3.9178608e-10
1.864666e-09
-7.0181356e-10
6.6280116e-09
-1.1652297e-09
1.3631238e-08
-1.8374193e-09
2.3642802e-08
-2.7921386e-09
3.7760932e-08
-4.1193706e-09
5.7409219e-08
-5.9305355e-09
8.4639173e-08
-8.3623601e-09
1.2221892e-07
-1.1570851e-08
1.7415651e-07
-1.5711773e-08
2.4613529e-07
-2.0886693e-08
3.4630929e-07
-2.7026147e-08
4.8660065e-07
-3.3616587e-08
6.8406029e-07
-3.91798e-08
9.6270675e-07
-4.0342413e-08
1.3541017e-06
-3.0413703e-08
1.8944036e-06
2.4948004e-09
2.6104529e-06
7.2969924e-08
3.4895438e-06
1.9866824e-07
4.4085042e-06
3.788403e-07
5.0452344e-06
5.7663986e-07
4.9591396e-06
7.0227795e-07
3.693753e-06
6.9054884e-07
1.5973255e-06
5.8012427e-07
-2.0483888e-07
4.5108635e-07
-1.0266067e-06
3.5781479e-07
-1.0173335e-06
3.2021345e-07
-3.1932251e-07
3.1990426e-07
4.2640527e-08
3.5612941e-07
1.0098338e-06
2.6245486e-07
-5.8611567e-06
-2.563736e-05
5.1686085e-12
-4.9104811e-10
1.4392364e-11
-1.4734267e-09
2.5651466e-11
-2.409854e-09
3.6807851e-11
-3.1456106e-09
4.3253047e-11
-3.6396474e-09
3.8754194e-11
-3.7441956e-09
1.2913973e-11
-3.3536026e-09
-4.7189669e-11
-2.2747617e-09
-1.5849255e-10
-2.5551658e-10
-3.4507928e-10
3.0147106e-09
-6.3666625e-10
7.9845268e-09
-1.0751609e-09
1.5236147e-08
-1.7140334e-09
2.5549587e-08
-2.621821e-09
4.0038164e-08
-3.8836552e-09
6.0142044e-08
-5.6036966e-09
8.7931777e-08
-7.9078624e-09
1.2619726e-07
-1.0935822e-08
1.7896027e-07
-1.4819324e-08
2.5189627e-07
-1.9624947e-08
3.5309409e-07
-2.5232377e-08
4.9428898e-07
-3.1064363e-08
6.920749e-07
-3.5580914e-08
9.6950757e-07
-3.5398808e-08
1.3563053e-06
-2.3999823e-08
1.8854917e-06
9.623519e-09
2.5794176e-06
7.9926172e-08
3.4219296e-06
2.0203022e-07
4.2891883e-06
3.7427536e-07
4.8758815e-06
5.6160558e-07
4.7748945e-06
6.8121197e-07
3.5774819e-06
6.7304042e-07
1.6087773e-06
5.7171727e-07
-1.0019763e-07
4.5122825e-07
-9.0270807e-07
3.626621e-07
-9.2525879e-07
3.2664568e-07
-2.7971332e-07
3.2377793e-07
4.9068621e-08
3.612085e-07
9.7511498e-07
2.7036188e-07
-5.7715744e-06
-2.5377535e-05
5.2231613e-12
-4.4554176e-10
1.5155441e-11
-1.3311702e-09
2.7758808e-11
-2.1688038e-09
4.0926275e-11
-2.8036617e-09
5.0162032e-11
-3.1922969e-09
4.959141e-11
-3.1855582e-09
2.9219949e-11
-2.6736817e-09
-2.3792773e-11
-1.4607078e-09
-1.2473335e-10
7.0796926e-10
-2.97746e-10
4.1517853e-09
-5.7081891e-10
9.3231966e-09
-9.8430654e-10
1.6816787e-08
-1.5892976e-09
2.7423292e-08
-2.4494418e-09
4.2268619e-08
-3.6452601e-09
6.2809785e-08
-5.27351e-09
9.1133582e-08
-7.4493827e-09
1.3004836e-07
-1.0296486e-08
1.835843e-07
-1.3923196e-08
2.5740165e-07
-1.8362309e-08
3.5951363e-07
-2.3445438e-08
5.0145433e-07
-2.8537071e-08
6.9935053e-07
-3.2043961e-08
9.7530017e-07
-3.0584336e-08
1.357233e-06
-1.7806829e-08
1.8752029e-06
1.6564057e-08
2.5476365e-06
8.6462257e-08
3.3547219e-06
2.0507698e-07
4.1733644e-06
3.6983799e-07
4.7140125e-06
5.4736948e-07
4.6003896e-06
6.6135764e-07
3.4666857e-06
6.564853e-07
1.6168832e-06
5.6364903e-07
-4.0498443e-09
4.5118179e-07
-7.8683045e-07
3.6710934e-07
-8.376759e-07
3.326678e-07
-2.4167722e-07
3.2768599e-07
5.76116e-08
3.6571502e-07
9.3979077e-07
2.7723477e-07
-5.6843696e-06
-2.5110832e-05
5.2923608e-12
-4.0008204e-10
1.5935925e-11
-1.189557e-09
2.9867553e-11
-1.9289681e-09
4.5076339e-11
-2.463595e-09
5.7142092e-11
-2.7475719e-09
6.05444e-11
-2.6306436e-09
4.5685513e-11
-1.9989776e-09
2.216017e-13
-6.5386369e-10
-9.0480928e-11
1.6616056e-09
-2.5002901e-10
5.2758297e-09
-5.0413049e-10
1.0643374e-08
-8.9228626e-10
1.8372618e-08
-1.4625472e-09
2.9262837e-08
-2.2742319e-09
4.445123e-08
-3.4030551e-09
6.5411193e-08
-4.9383537e-09
9.424314e-08
-6.9846612e-09
1.3377066e-07
-9.6497752e-09
1.8802714e-07
-1.3019337e-08
2.6265072e-07
-1.7093509e-08
3.6556913e-07
-2.1658746e-08
5.0810271e-07
-2.6026625e-08
7.0590338e-07
-2.855909e-08
9.8011938e-07
-2.5887756e-08
1.3569501e-06
-1.1817804e-08
1.8636228e-06
2.3224124e-08
2.5151858e-06
9.2574645e-08
3.2880635e-06
2.0776925e-07
4.0609625e-06
3.6542858e-07
4.5592467e-06
5.3377553e-07
4.4350488e-06
6.4249833e-07
3.3610969e-06
6.406363e-07
1.6219606e-06
5.5572109e-07
8.4175026e-08
4.5081506e-07
-6.7851308e-07
3.710639e-07
-7.5441294e-07
3.3818902e-07
-2.0520656e-07
3.3148363e-07
6.7878431e-08
3.6960239e-07
9.0437005e-07
2.8313063e-07
-5.5991832e-06
-2.4838225e-05
5.3767454e-12
-3.5467543e-10
1.6740084e-11
-1.0485703e-09
3.2035562e-11
-1.6903408e-09
4.9274355e-11
-2.1253399e-09
6.4208253e-11
-2.3054351e-09
7.1630351e-11
-2.0794064e-09
6.2335229e-11
-1.3294307e-09
2.4725001e-11
1.4559774e-10
-5.6173145e-11
2.6059657e-09
-2.0145955e-10
6.3862072e-09
-4.3686951e-10
1.1945516e-08
-7.9941966e-10
1.990356e-08
-1.3347082e-09
3.106819e-08
-2.0971362e-09
4.6585427e-08
-3.1584489e-09
6.7945997e-08
-4.6002745e-09
9.7260195e-08
-6.5166086e-09
1.3736401e-07
-8.9997507e-09
1.922891e-07
-1.2113292e-08
2.6764492e-07
-1.582591e-08
3.7126427e-07
-1.9881754e-08
5.1424299e-07
-2.3544323e-08
7.1175227e-07
-2.5137979e-08
9.840012e-07
-2.131799e-08
1.35552e-06
-6.0170603e-09
1.8508134e-06
2.9602216e-08
2.4821594e-06
9.8320063e-08
3.2220397e-06
2.1020748e-07
3.95187e-06
3.6118676e-07
4.4111633e-06
5.2099753e-07
4.2782391e-06
6.2482156e-07
3.2603863e-06
6.2569046e-07
1.6243017e-06
5.4812279e-07
1.6505328e-07
4.5030684e-07
-5.7728397e-07
3.7468626e-07
-6.7527858e-07
3.4335026e-07
-1.7027291e-07
3.3525962e-07
7.95315e-08
3.7306953e-07
8.6925243e-07
2.8827288e-07
-5.5156812e-06
-2.4560472e-05
5.4735551e-12
-3.093438e-10
1.7561354e-11
-9.082421e-10
3.4207669e-11
-1.4529548e-09
5.3503003e-11
-1.7889877e-09
7.1353868e-11
-1.8660179e-09
8.2823772e-11
-1.5319738e-09
7.9145331e-11
-6.6521497e-10
4.9217871e-11
9.3770493e-10
-2.1341185e-11
3.5403612e-09
-1.5262002e-10
7.4829936e-09
-3.6874139e-10
1.3228832e-08
-7.0539204e-10
2.140911e-08
-1.2043212e-09
3.2837735e-08
-1.9175135e-09
4.8670984e-08
-2.9104808e-09
7.0413093e-08
-4.2578917e-09
1.0018352e-07
-6.0432875e-09
1.4082714e-07
-8.3437868e-09
1.9636918e-07
-1.1201556e-08
2.7238417e-07
-1.4555039e-08
3.7660115e-07
-1.8108915e-08
5.198822e-07
-2.1083458e-08
7.1691408e-07
-2.177265e-08
9.8697953e-07
-1.6866207e-08
1.3530045e-06
-2.8315228e-10
1.8367229e-06
3.5692267e-08
2.4487781e-06
1.0368818e-07
3.1567393e-06
2.1234351e-07
3.8460114e-06
3.5698893e-07
4.2694158e-06
5.0881626e-07
4.1294125e-06
6.080462e-07
3.1642636e-06
6.113794e-07
1.6241773e-06
5.4064094e-07
2.3910337e-07
4.4952118e-07
-4.8274971e-07
3.7787708e-07
-6.0011933e-07
3.4805535e-07
-1.3685233e-07
3.3887798e-07
9.2271748e-08
3.7604662e-07
8.3477043e-07
2.9267572e-07
-5.4336134e-06
-2.4278309e-05
5.5839445e-12
-2.6409212e-10
1.8401966e-11
-7.685526e-10
3.6406427e-11
-1.2167752e-09
5.7779274e-11
-1.4545005e-09
7.879748e-11
-1.4294942e-09
9.4147443e-11
-9.8808829e-10
9.6131946e-11
-6.2662879e-12
7.3926517e-11
1.7225475e-09
1.397864e-11
4.464662e-09
-1.0342274e-10
8.5664842e-09
-3.001463e-10
1.4493388e-08
-6.1047329e-10
2.2889038e-08
-1.0729611e-09
3.4571602e-08
-1.7361987e-09
5.0707408e-08
-2.6603938e-09
7.2812301e-08
-3.9130168e-09
1.03013e-07
-5.5672811e-09
1.4416015e-07
-7.6854798e-09
2.0026803e-07
-1.028898e-08
2.7687027e-07
-1.3287283e-08
3.8158403e-07
-1.6348244e-08
5.2502974e-07
-1.8653221e-08
7.2140762e-07
-1.8471949e-08
9.8908878e-07
-1.2533327e-08
1.3494583e-06
4.8741111e-09
1.8218097e-06
4.1507971e-08
2.41474e-06
1.0873718e-07
3.0922074e-06
2.142742e-07
3.7432731e-06
3.5295974e-07
4.1336305e-06
4.9736817e-07
3.9880067e-06
5.9231982e-07
3.0724189e-06
5.9787117e-07
1.6218361e-06
5.3345408e-07
3.0683397e-07
4.4863311e-07
-3.945123e-07
3.8079491e-07
-5.28764e-07
3.5244717e-07
-1.0490387e-07
3.4244036e-07
1.0584256e-07
3.7871799e-07
8.0117478e-07
2.9653319e-07
-5.3527394e-06
-2.3992285e-05
5.7051018e-12
-2.1894044e-10
1.9258221e-11
-6.2953502e-10
3.8620962e-11
-9.8184741e-10
6.2081506e-11
-1.1219524e-09
8.582788e-11
-9.9550689e-10
1.0571852e-10
-4.4851008e-10
1.1324538e-10
6.4741455e-10
9.8829657e-11
2.4999162e-09
4.9311894e-11
5.3788954e-09
-5.3707705e-11
9.6359933e-09
-2.3095478e-10
1.5738915e-08
-5.1436204e-10
2.4342536e-08
-9.3997647e-10
3.6269125e-08
-1.5538182e-09
5.2695009e-08
-2.4074105e-09
7.5141525e-08
-3.5645085e-09
1.0574761e-07
-5.086982e-09
1.4736207e-07
-7.0226516e-09
2.039851e-07
-9.3726592e-09
2.8110367e-07
-1.2018962e-08
3.8621573e-07
-1.4595223e-08
5.2969344e-07
-1.6248227e-08
7.252501e-07
-1.5229994e-08
9.9036202e-07
-8.3053538e-09
1.3449271e-06
9.8656095e-09
1.8061339e-06
4.7043236e-08
2.3801593e-06
1.1345063e-07
3.0284986e-06
2.1594554e-07
3.6435784e-06
3.4897354e-07
4.0035045e-06
4.864354e-07
3.853549e-06
5.7736898e-07
2.9845931e-06
5.8491553e-07
1.6175009e-06
5.2637312e-07
3.6869122e-07
4.4750488e-07
-3.1222628e-07
3.8333433e-07
-4.61075e-07
3.5642425e-07
-7.4391856e-08
3.4581665e-07
1.2001474e-07
3.8099694e-07
7.6867181e-07
2.9982748e-07
-5.2728874e-06
-2.3702961e-05
5.838272e-12
-1.7389223e-10
2.01355e-11
-4.9117245e-10
4.0864356e-11
-7.4813723e-10
6.6435279e-11
-7.9130641e-10
9.315986e-11
-5.6423117e-10
1.1704067e-10
8.7405117e-11
1.3053712e-10
1.295512e-09
1.2397179e-10
3.2698807e-09
8.5163991e-11
6.2829251e-09
-3.8791149e-12
1.0692092e-08
-1.6142334e-10
1.6965362e-08
-4.1732061e-10
2.5769209e-08
-8.0580643e-10
3.7930263e-08
-1.3675785e-09
5.4631345e-08
-2.1526011e-09
7.7403037e-08
-3.2139429e-09
1.0838739e-07
-4.6046367e-09
1.5043319e-07
-6.3584294e-09
2.0752132e-07
-8.4567653e-09
2.850865e-07
-1.0755479e-08
3.90501e-07
-1.2856427e-08
5.3388305e-07
-1.38756e-08
7.2846003e-07
-1.2053007e-08
9.9083224e-07
-4.1751161e-09
1.339444e-06
1.4717923e-08
1.7897376e-06
5.2325617e-08
2.3451502e-06
1.1788752e-07
2.965637e-06
2.1745158e-07
3.5468165e-06
3.4515035e-07
3.8787098e-06
4.7614877e-07
3.725557e-06
5.6333647e-07
2.9005151e-06
5.7267986e-07
1.6113708e-06
5.1957914e-07
4.2510871e-07
4.463084e-07
-2.3553585e-07
3.8565207e-07
-3.9689828e-07
3.6013122e-07
-4.5267227e-08
3.49118e-07
1.3459375e-07
3.8305712e-07
7.3740631e-07
3.0273075e-07
-5.1938849e-06
-2.3410729e-05
5.9806255e-12
-1.2896594e-10
2.1023032e-11
-3.5349347e-10
4.3121302e-11
-5.1569408e-10
7.0801609e-11
-4.6262682e-10
1.0054299e-10
-1.3578755e-10
1.2863713e-10
6.1933122e-10
1.4792873e-10
1.9380807e-09
1.4937978e-10
4.0321362e-09
1.212891e-10
7.1765853e-09
4.823183e-11
1.1732594e-08
-9.1166682e-11
1.8174095e-08
-3.1922188e-10
2.7168511e-08
-6.7027655e-10
3.9554484e-08
-1.18062e-09
5.6516805e-08
-1.8954307e-09
7.9594936e-08
-2.8604281e-09
1.1093146e-07
-4.1189729e-09
1.5337284e-07
-5.6910579e-09
2.1087656e-07
-7.5389841e-09
2.8881967e-07
-9.4939266e-09
3.944433e-07
-1.1128355e-08
5.3760697e-07
-1.1531281e-08
7.3105459e-07
-8.9364623e-09
9.9053116e-07
-4.5982233e-11
1.3329493e-06
1.9410633e-08
1.7727787e-06
5.7348812e-08
2.3098117e-06
1.2202525e-07
2.9036621e-06
2.1873334e-07
3.4529118e-06
3.4136685e-07
3.7589818e-06
4.6630377e-07
3.6036281e-06
5.4996857e-07
2.8199615e-06
5.60928e-07
1.603626e-06
5.1288757e-07
4.7646721e-07
4.4490381e-07
-1.641311e-07
3.8763664e-07
-3.3610943e-07
3.634622e-07
-1.7487808e-08
3.5221777e-07
1.4940464e-07
3.8479921e-07
7.0749474e-07
3.0520137e-07
-5.1156162e-06
-2.3116022e-05
6.1334612e-12
-8.4163564e-11
2.1927401e-11
-2.164788e-10
4.5406575e-11
-2.8448757e-10
7.5214178e-11
-1.3587147e-10
1.0799845e-10
2.8987334e-10
1.4031271e-10
1.1473565e-09
1.6548962e-10
2.5751405e-09
1.7490665e-10
4.7868589e-09
1.5770499e-10
8.0598496e-09
9.9584036e-11
1.2758712e-08
-2.0286868e-11
1.9363909e-08
-2.2019085e-10
2.8540329e-08
-5.3368759e-10
4.114187e-08
-9.923819e-10
5.8351397e-08
-1.6366214e-09
8.1717104e-08
-2.5053077e-09
1.1338012e-07
-3.6318998e-09
1.561815e-07
-5.023144e-09
2.1405198e-07
-6.6227838e-09
2.9230562e-07
-8.2386971e-09
3.980477e-07
-9.416142e-09
5.408751e-07
-9.2203847e-09
7.3305171e-07
-5.8804846e-09
9.894863e-07
3.6667049e-09
1.3257993e-06
2.3944116e-08
1.7550005e-06
6.2143665e-08
2.2742133e-06
1.2592268e-07
2.8425863e-06
2.1988256e-07
3.3617572e-06
3.3774071e-07
3.6440311e-06
4.5703073e-07
3.4873481e-06
5.3740811e-07
2.7426972e-06
5.4982398e-07
1.5944267e-06
5.0647428e-07
5.2313683e-07
4.4346015e-07
-9.7694118e-08
3.8944279e-07
-2.785685e-07
3.6656279e-07
8.9990167e-09
3.552342e-07
1.6430101e-07
3.8638882e-07
6.7900711e-07
3.0739532e-07
-5.0379567e-06
-2.2819118e-05
6.2937465e-12
-3.9501753e-11
2.2840546e-11
-8.01577e-11
4.770167e-11
-5.4564379e-11
7.9645715e-11
1.8888443e-10
1.1548558e-10
7.126558e-10
1.5207159e-10
1.6713255e-09
1.8310303e-10
3.206604e-09
2.005239e-10
5.5338771e-09
1.9436407e-10
8.9324062e-09
1.5120701e-10
1.3770244e-08
5.2937543e-11
2.053254e-08
-1.2036615e-10
2.9885999e-08
-3.9592779e-10
4.2691818e-08
-8.0268525e-10
6.0134588e-08
-1.3758548e-09
8.3768772e-08
-2.1480581e-09
1.1573291e-07
-3.1424881e-09
1.5885864e-07
-4.3533625e-09
2.1704771e-07
-5.7064173e-09
2.9554572e-07
-6.987607e-09
4.0131814e-07
-7.7172016e-09
5.4369617e-07
-6.9400738e-09
7.344683e-07
-2.872841e-09
9.8771498e-07
7.3298501e-09
1.3179947e-06
2.8311338e-08
1.7365192e-06
6.669933e-08
2.2384276e-06
1.2955149e-07
2.7824385e-06
2.2083674e-07
3.2732784e-06
3.3415194e-07
3.5336247e-06
4.4813833e-07
3.3763731e-06
5.2541965e-07
2.6685304e-06
5.3914435e-07
1.5839199e-06
5.0015905e-07
5.6544331e-07
4.4183636e-07
-3.5947333e-08
3.9095432e-07
-2.2416163e-07
3.6932326e-07
3.423809e-08
3.5804245e-07
1.7915031e-07
3.8771708e-07
6.5199651e-07
3.0925326e-07
-4.9608309e-06
-2.252035e-05
6.4617387e-12
5.0204873e-12
2.3768914e-11
5.5487952e-11
5.0022086e-11
1.7410877e-10
8.4110182e-11
5.1169494e-10
1.2303554e-10
1.1326085e-09
1.6390872e-10
2.191319e-09
2.0087593e-10
3.832498e-09
2.2635527e-10
6.2732599e-09
2.3115959e-10
9.7944806e-09
2.0312113e-10
1.4767193e-08
1.257368e-10
2.1680878e-08
-1.9952736e-11
3.1204706e-08
-2.5754332e-10
4.4204503e-08
-6.1203954e-10
6.1866278e-08
-1.1139068e-09
8.5749961e-08
-1.7893712e-09
1.1798984e-07
-2.6523404e-09
1.6140526e-07
-3.683822e-09
2.1986504e-07
-4.7926193e-09
2.985426e-07
-5.743984e-09
4.0425986e-07
-6.0350927e-09
5.4607992e-07
-4.6928511e-09
7.3532098e-07
1.6168404e-10
9.8515764e-07
1.0915464e-08
1.3096403e-06
3.2525174e-08
1.7174111e-06
7.1048483e-08
2.2025081e-06
1.3297102e-07
2.7232219e-06
2.2168638e-07
3.1873713e-06
3.3071638e-07
3.4275053e-06
4.3975611e-07
3.2703466e-06
5.1414539e-07
2.5972575e-06
5.2904973e-07
1.5722352e-06
4.9411288e-07
6.0370314e-07
4.4019876e-07
2.13927e-08
3.9232401e-07
-1.7276019e-07
3.7188989e-07
5.8282037e-08
3.6076617e-07
1.938439e-07
3.8894351e-07
6.2648103e-07
3.1091918e-07
-4.8841483e-06
-2.2219914e-05
6.6355271e-12
4.9387808e-11
2.4702424e-11
1.9043093e-10
5.2348072e-11
4.0148304e-10
8.8577074e-11
8.3249758e-10
1.3060149e-10
1.5496319e-09
1.7575859e-10
2.7072365e-09
2.1866932e-10
4.4526943e-09
2.5226168e-10
7.0048121e-09
2.6818855e-10
1.0645756e-08
2.5531996e-10
1.5749334e-08
1.9887335e-10
2.2808674e-08
8.1344462e-11
3.2495691e-08
-1.1812543e-10
4.5679543e-08
-4.1989755e-10
6.354576e-08
-8.505518e-10
8.7660487e-08
-1.4291062e-09
1.2015044e-07
-2.1647676e-09
1.638252e-07
-3.0136149e-09
2.225004e-07
-3.8801487e-09
3.0129792e-07
-4.5062627e-09
4.0687707e-07
-4.3679454e-09
5.4803502e-07
-2.4729801e-09
7.3562175e-07
2.8805791e-09
9.8210213e-07
1.4406566e-08
1.3005147e-06
3.6578142e-08
1.6977421e-06
7.5176036e-08
2.166515e-06
1.3614899e-07
2.664956e-06
2.2236675e-07
3.1039628e-06
3.2731705e-07
3.3254668e-06
4.3170374e-07
3.1689744e-06
5.0336527e-07
2.5287136e-06
5.1932794e-07
1.5594934e-06
4.8815958e-07
6.3819568e-07
4.3840561e-07
7.4573804e-08
3.9343072e-07
-1.242574e-07
3.7415028e-07
8.1173501e-08
3.6328126e-07
2.0828357e-07
3.8995197e-07
6.0246986e-07
3.1232061e-07
-4.8078615e-06
-2.1918072e-05
6.8235908e-12
9.359472e-11
2.5636439e-11
3.247106e-10
5.469263e-11
6.2758494e-10
9.3084032e-11
1.1513297e-09
1.382239e-10
1.9637885e-09
1.8771471e-10
3.219124e-09
2.3653449e-10
5.067341e-09
2.7833783e-10
7.7285685e-09
3.0547536e-10
1.1486289e-08
3.0788049e-10
1.6716725e-08
2.7241875e-10
2.3916068e-08
1.8396275e-10
3.3758234e-08
2.3353645e-11
4.7116408e-08
-2.2740765e-10
6.5174972e-08
-5.8620369e-10
8.9499954e-08
-1.0683178e-09
1.2221546e-07
-1.6687772e-09
1.6611084e-07
-2.3450452e-09
2.2496415e-07
-2.9708892e-09
3.0381357e-07
-3.2765026e-09
4.0917484e-07
-2.7171004e-09
5.4957016e-07
-2.552372e-10
7.353568e-07
5.6108542e-09
9.7853532e-07
1.78043e-08
1.2907228e-06
4.0486421e-08
1.6775639e-06
7.911712e-08
2.1304905e-06
1.3914595e-07
2.6076357e-06
2.2296738e-07
3.0229523e-06
3.2406757e-07
3.2272801e-06
4.2410911e-07
3.0719491e-06
4.9322002e-07
2.462722e-06
5.1013617e-07
1.5458e-06
4.8246606e-07
6.6919172e-07
4.3662013e-07
1.2384867e-07
3.9442494e-07
-7.8532505e-08
3.7625223e-07
1.0295902e-07
3.657154e-07
2.2239246e-07
3.9089734e-07
5.799459e-07
3.135927e-07
-4.7319042e-06
-2.1614955e-05
7.013321e-12
1.3763003e-10
2.6589982e-11
4.5828143e-10
5.7024135e-11
8.5239967e-10
9.7579715e-11
1.4681253e-09
1.4584424e-10
2.3749834e-09
1.9964401e-10
3.7269013e-09
2.5444024e-10
5.6762474e-09
3.0450012e-10
8.4443424e-09
3.4286906e-10
1.2315901e-08
3.6069334e-10
1.7669047e-08
3.4636902e-10
2.5002707e-08
2.8592802e-10
3.4993185e-08
1.6541037e-10
4.8513643e-08
-3.3291503e-11
6.6752618e-08
-3.210392e-10
9.1268899e-08
-7.064102e-10
1.241843e-07
-1.1765764e-09
1.6826679e-07
-1.6746783e-09
2.2725037e-07
-2.0638896e-09
3.0609327e-07
-2.0532326e-09
4.1115706e-07
-1.0768508e-09
5.5068906e-07
1.8266289e-09
7.3465102e-07
8.2938727e-09
9.7436819e-07
2.1102183e-08
1.280317e-06
4.4240259e-08
1.6569307e-06
8.2853654e-08
2.0944843e-06
1.4192637e-07
2.5512725e-06
2.2342141e-07
2.9442692e-06
3.208532e-07
3.1327629e-06
4.1680109e-07
2.9790186e-06
4.8350277e-07
2.3991409e-06
5.0127217e-07
1.5312544e-06
4.7685711e-07
6.9693386e-07
4.3469661e-07
1.6943925e-07
3.9518327e-07
-3.5488281e-08
3.7807971e-07
1.2367654e-07
3.6794451e-07
2.3610054e-07
3.91658e-07
5.5888861e-07
3.1465325e-07
-4.6562488e-06
-2.1310772e-05
7.2096242e-12
1.8149588e-10
2.7564199e-11
5.911549e-10
5.9295971e-11
1.0760503e-09
1.0210148e-10
1.7828583e-09
1.5349788e-10
2.7832885e-09
2.1163081e-10
4.230641e-09
2.7244223e-10
6.2794866e-09
3.3082802e-10
9.1521922e-09
3.8049492e-10
1.3134673e-08
4.1384113e-10
1.8606353e-08
4.2073702e-10
2.6068688e-08
3.8905409e-10
3.6199993e-08
3.0773424e-10
4.987235e-08
1.6302731e-10
6.8276994e-08
-5.3660137e-11
9.2967562e-08
-3.445003e-10
1.2605945e-07
-6.835858e-10
1.7029254e-07
-1.005738e-09
2.2936157e-07
-1.1591103e-09
3.0813812e-07
-8.3470505e-10
4.1282657e-07
5.3885868e-10
5.5141187e-07
3.8814346e-09
7.3350729e-07
1.092374e-08
9.6962721e-07
2.4307499e-08
1.269337e-06
4.7859179e-08
1.6358852e-06
8.6423261e-08
2.0585288e-06
1.4455159e-07
2.4958552e-06
2.2381696e-07
2.8678174e-06
3.1778503e-07
3.0417111e-06
4.0990555e-07
2.8899171e-06
4.743524e-07
2.3378163e-06
4.9288982e-07
1.5159424e-06
4.714954e-07
7.2165708e-07
4.3279587e-07
2.115706e-07
3.9585563e-07
4.9845875e-09
3.7977889e-07
1.4336901e-07
3.7009932e-07
2.4935444e-07
3.9238532e-07
5.3925774e-07
3.156309e-07
-4.5808456e-06
-2.100561e-05
7.4095919e-12
2.2517929e-10
2.8529165e-11
7.2331606e-10
6.1764055e-11
1.2982856e-09
1.0659829e-10
2.0956854e-09
1.6112935e-10
3.1886168e-09
2.2361441e-10
4.730221e-09
2.9046646e-10
6.8769132e-09
3.5717647e-10
9.8519806e-09
4.182604e-10
1.3942326e-08
4.6718699e-10
1.9528413e-08
4.9536272e-10
2.7113758e-08
4.9260013e-10
3.7378287e-08
4.5042004e-10
5.1192355e-08
3.5874628e-10
6.9748812e-08
2.1204306e-10
9.459675e-08
1.9743225e-11
1.278366e-07
-1.8807223e-10
1.7218761e-07
-3.3479786e-10
2.3129797e-07
-2.5225219e-10
3.0994769e-07
3.7008026e-10
4.1419883e-07
2.0865421e-09
5.517925e-07
5.9101883e-09
7.3188325e-07
1.349384e-08
9.6434566e-07
2.7412997e-08
1.2578224e-06
5.1331401e-08
1.6144738e-06
8.9804821e-08
2.0226649e-06
1.4698273e-07
2.4413893e-06
2.2408505e-07
2.7935296e-06
3.1475025e-07
2.9539631e-06
4.032594e-07
2.8044281e-06
4.6557348e-07
2.2786255e-06
4.8479581e-07
1.4999467e-06
4.6621304e-07
7.4356973e-07
4.3077659e-07
2.5043998e-07
3.9631622e-07
4.2978728e-08
3.8123061e-07
1.6207148e-07
3.7205527e-07
2.6210495e-07
3.929535e-07
5.2101331e-07
3.1643622e-07
-4.5056808e-06
-2.0699638e-05
7.6147371e-12
2.686837e-10
2.9499505e-11
8.5478979e-10
6.4144962e-11
1.5192404e-09
1.1115248e-10
2.4065215e-09
1.6879674e-10
3.5910672e-09
2.3565296e-10
5.2257164e-09
3.0859475e-10
7.4685899e-09
3.8367994e-10
1.0543786e-08
4.5625323e-10
1.473893e-08
5.2083818e-10
2.0435311e-08
5.7037444e-10
2.8138016e-08
5.9658684e-10
3.8528205e-08
5.9355636e-10
5.2473862e-08
5.5480246e-10
7.116841e-08
4.79158e-10
9.6155637e-08
3.8195124e-10
1.2951946e-07
3.0086356e-10
1.7395681e-07
3.2592924e-10
2.3306349e-07
6.2818874e-10
3.1153852e-07
1.5336461e-09
4.1528899e-07
3.6278574e-09
5.5179645e-07
7.9080989e-09
7.2980373e-07
1.6007449e-08
9.585496e-07
3.0429403e-08
1.2458063e-06
5.4679169e-08
1.5927324e-06
9.3037691e-08
1.9869172e-06
1.4928142e-07
2.387859e-06
2.2431235e-07
2.7213147e-06
3.1185756e-07
2.8693367e-06
3.9698647e-07
2.722321e-06
4.5730289e-07
2.221434e-06
4.7714088e-07
1.483337e-06
4.6116953e-07
7.6287264e-07
4.2879745e-07
2.8624667e-07
3.9671299e-07
7.8598699e-08
3.8258091e-07
1.7982214e-07
3.7394538e-07
2.7431713e-07
3.9351121e-07
5.0410062e-07
3.1719308e-07
-4.4307163e-06
-2.0392907e-05
7.8214535e-12
3.1199812e-10
3.0463771e-11
9.8555696e-10
6.650717e-11
1.7388815e-09
1.1566672e-10
2.7153233e-09
1.7645105e-10
3.9905268e-09
2.4770937e-10
5.716995e-09
3.2659026e-10
8.0545463e-09
4.1018722e-10
1.1227332e-08
4.9429943e-10
1.5524284e-08
5.7457753e-10
2.1326838e-08
6.4551363e-10
2.9141228e-08
7.0074686e-10
3.964949e-08
7.368598e-10
5.3716648e-08
7.5094915e-10
7.2535617e-08
7.4626166e-10
9.7644056e-08
7.4430083e-10
1.311076e-07
7.8951072e-10
1.7560026e-07
9.8046637e-10
2.3466371e-07
1.5025985e-09
3.129101e-07
2.6946191e-09
4.1609324e-07
5.1520695e-09
5.5143785e-07
9.8697418e-09
7.272875e-07
1.8458728e-08
9.5226464e-07
3.3348094e-08
1.2333235e-06
5.7888277e-08
1.5707014e-06
9.6097606e-08
1.9513196e-06
1.5140566e-07
2.3352652e-06
2.2442818e-07
2.6511092e-06
3.0899604e-07
2.7876887e-06
3.9093079e-07
2.643409e-06
4.4935522e-07
2.1661356e-06
4.6973973e-07
1.4661817e-06
4.5620028e-07
7.7974469e-07
4.2671645e-07
3.1916619e-07
3.9691658e-07
1.1193517e-07
3.8370838e-07
1.9665e-07
3.7564436e-07
2.8595865e-07
3.9392954e-07
4.8846766e-07
3.1780668e-07
-4.3559479e-06
-2.0085559e-05
8.0326488e-12
3.5512674e-10
3.1434239e-11
1.1156407e-09
6.8882336e-11
1.9572438e-09
1.2020702e-10
3.0221374e-09
1.8414896e-10
4.3870593e-09
2.5983573e-10
6.2041235e-09
3.449057e-10
8.6346422e-09
4.3634645e-10
1.1903416e-08
5.3252537e-10
1.6298001e-08
6.2855194e-10
2.2203096e-08
7.2093905e-10
3.012352e-08
8.0522311e-10
4.0742306e-08
8.8046661e-10
5.4920937e-08
9.4729871e-10
7.3850774e-08
1.0133641e-09
9.9062456e-08
1.1061357e-09
1.326018e-07
1.2772788e-09
1.7711862e-07
1.634059e-09
2.3609898e-07
2.3736879e-09
3.1406512e-07
3.8465925e-09
4.166176e-07
6.6560165e-09
5.5072832e-07
1.1797201e-08
7.2434884e-07
2.0853857e-08
9.4551316e-07
3.6182295e-08
1.2204029e-06
6.0983093e-08
1.548411e-06
9.9025328e-08
1.9158904e-06
1.5341734e-07
2.2835889e-06
2.2451794e-07
2.582827e-06
3.0627224e-07
2.7088556e-06
3.8521419e-07
2.5674913e-06
4.4186522e-07
2.1126121e-06
4.6274011e-07
1.4485377e-06
4.5146113e-07
7.9435787e-07
4.2468931e-07
3.4937534e-07
3.9707344e-07
1.4308932e-07
3.8475871e-07
2.125861e-07
3.7728699e-07
2.9700937e-07
3.9435507e-07
4.7405147e-07
3.1839739e-07
-4.2813453e-06
-1.9777618e-05
8.2460952e-12
3.9805803e-10
3.2402552e-11
1.2450184e-09
7.1250069e-11
2.1742876e-09
1.2473202e-10
3.3269068e-09
1.9182246e-10
4.7805876e-09
2.719204e-10
6.6870181e-09
3.6311019e-10
9.2088291e-09
4.6347952e-10
1.2570812e-08
5.7068148e-10
1.706097e-08
6.8245981e-10
2.306391e-08
7.9635556e-10
3.1084643e-08
9.0968294e-10
4.180645e-08
1.0239989e-09
5.6086559e-08
1.1434311e-09
7.5113765e-08
1.2799824e-09
1.0041084e-07
1.4668896e-09
1.3400235e-07
1.763013e-09
1.7851253e-07
2.2841802e-09
2.3737045e-07
3.2383503e-09
3.1500619e-07
4.9859355e-09
4.1686791e-07
8.1377312e-09
5.4967707e-07
1.3685702e-08
7.2100409e-07
2.3186033e-08
9.3831873e-07
3.8921576e-08
1.2070759e-06
6.3946979e-08
1.5258968e-06
1.0179372e-07
1.8806576e-06
1.5527175e-07
2.2328274e-06
2.2450965e-07
2.5164085e-06
3.0357714e-07
2.6327104e-06
3.7968706e-07
2.4944067e-06
4.3465628e-07
2.0607714e-06
4.5596387e-07
1.430462e-06
4.4679074e-07
8.0686622e-07
4.2257485e-07
3.7702958e-07
3.9705489e-07
1.7214859e-07
3.856085e-07
2.2765491e-07
3.787471e-07
3.0745061e-07
3.9465649e-07
4.6079334e-07
3.1886641e-07
-4.2069106e-06
-1.9469204e-05
8.4642454e-12
4.4079571e-10
3.3380275e-11
1.3737107e-09
7.3632722e-11
2.3900491e-09
1.2928209e-10
3.6296812e-09
1.9953639e-10
5.1711749e-09
2.8405492e-10
7.1657627e-09
3.8138231e-10
9.777198e-09
4.9026131e-10
1.3230069e-08
6.0916303e-10
1.7812662e-08
7.3665632e-10
2.3909478e-08
8.7077544e-10
3.2026063e-08
1.0143419e-09
4.2840923e-08
1.1676791e-09
5.7213778e-08
1.3395856e-09
7.6324947e-08
1.5463476e-09
1.0168973e-07
1.8267977e-09
1.3531013e-07
2.2468867e-09
1.7978329e-07
2.9314157e-09
2.3847941e-07
4.0961993e-09
3.1573757e-07
6.1131547e-09
4.168498e-07
9.5984511e-09
5.4829334e-07
1.5539305e-08
7.1726752e-07
2.5463517e-08
9.3070153e-07
4.1581224e-08
1.1933679e-06
6.6806201e-08
1.5031843e-06
1.0444486e-07
1.8456341e-06
1.5703105e-07
2.1829591e-06
2.2448765e-07
2.4517726e-06
3.0101532e-07
2.5591064e-06
3.7446921e-07
2.4239795e-06
4.2786099e-07
2.0105097e-06
4.4955586e-07
1.4120005e-06
4.4234158e-07
8.1741729e-07
4.2052663e-07
4.0228449e-07
3.9700775e-07
1.9920843e-07
3.8640291e-07
2.4188382e-07
3.8016081e-07
3.1727406e-07
3.9497879e-07
4.4862659e-07
3.1933157e-07
-4.1326191e-06
-1.9160322e-05
8.6834492e-12
4.8332983e-10
3.4355615e-11
1.501693e-09
7.6004087e-11
2.6044916e-09
1.3381387e-10
3.9304026e-09
2.0721469e-10
5.5587537e-09
2.9614257e-10
7.6402678e-09
3.9960453e-10
1.0339634e-08
5.1697894e-10
1.3881064e-08
6.4749653e-10
1.8552998e-08
7.9082969e-10
2.47395e-08
9.4753674e-10
3.2945218e-08
1.1188449e-09
4.3848008e-08
1.310921e-09
5.8302643e-08
1.5341259e-09
7.7485243e-08
1.8117546e-09
1.028982e-07
2.185053e-09
1.3652555e-07
2.727864e-09
1.8093183e-07
3.5722943e-09
2.3942901e-07
4.9453656e-09
3.1626123e-07
7.2255928e-09
4.1656903e-07
1.1034274e-08
5.4658685e-07
1.7352469e-08
7.1315427e-07
2.767818e-08
9.2268352e-07
4.4148988e-08
1.1793076e-06
6.954185e-08
1.4803046e-06
1.0694903e-07
1.8108428e-06
1.5864823e-07
2.1339787e-06
2.2437896e-07
2.3888635e-06
2.9847957e-07
2.4879304e-06
3.694167e-07
2.3560701e-06
4.2131051e-07
1.9617469e-06
4.4334443e-07
1.3932009e-06
4.3795545e-07
8.2614403e-07
4.1840362e-07
4.2527724e-07
3.9680215e-07
2.2435186e-07
3.8701671e-07
2.5529434e-07
3.8140106e-07
3.2647192e-07
3.9518878e-07
4.3748975e-07
3.1969108e-07
-4.0584771e-06
-1.8851078e-05
8.9057087e-12
5.2566109e-10
3.5337132e-11
1.6289748e-09
7.8383869e-11
2.8176338e-09
1.383566e-10
4.2290988e-09
2.1490449e-10
5.9433608e-09
3.0825797e-10
8.110562e-09
4.1787017e-10
1.0896173e-08
5.4374897e-10
1.4523848e-08
6.8589027e-10
1.9282041e-08
8.4500982e-10
2.5554106e-08
1.0231404e-09
3.3843358e-08
1.2233633e-09
4.4826629e-08
1.4544069e-09
5.9353028e-08
1.7305545e-09
7.8593131e-08
2.0765442e-09
1.0403887e-07
2.5419117e-09
1.376495e-07
3.2062002e-09
1.8195955e-07
4.2091048e-09
2.4022082e-07
5.7864315e-09
3.1658135e-07
8.3241748e-09
4.1603149e-07
1.2447195e-08
5.4456682e-07
1.9129129e-08
7.0867811e-07
2.9837364e-08
9.1428387e-07
4.6637847e-08
1.1649185e-06
7.2175516e-08
1.4572811e-06
1.0933985e-07
1.7762955e-06
1.6017162e-07
2.0858667e-06
2.2424739e-07
2.3276104e-06
2.9604691e-07
2.4190566e-06
3.6461576e-07
2.2905302e-06
4.1509932e-07
1.9143955e-06
4.3743379e-07
1.3741021e-06
4.3374414e-07
8.3317266e-07
4.1632059e-07
4.4614296e-07
3.9654924e-07
2.4766644e-07
3.8756041e-07
2.6790957e-07
3.8257163e-07
3.3504409e-07
3.9539552e-07
4.2731672e-07
3.2003337e-07
-3.9844705e-06
-1.8541489e-05
9.1308933e-12
5.6779097e-10
3.6324673e-11
1.7555653e-09
8.0770133e-11
3.029495e-09
1.4290733e-10
4.5257954e-09
2.226095e-10
6.325028e-09
3.2040074e-10
8.5766789e-09
4.3617487e-10
1.1446856e-08
5.7056479e-10
1.5158474e-08
7.2433173e-10
1.9999863e-08
8.9922919e-10
2.6353384e-08
1.0987534e-09
3.4720605e-08
1.3278327e-09
4.5776936e-08
1.5975746e-09
6.0365309e-08
1.9255133e-09
7.9649865e-08
2.3405112e-09
1.0511123e-07
2.8972545e-09
1.3868281e-07
3.6817811e-09
1.8286781e-07
4.8410447e-09
2.408571e-07
6.6191284e-09
3.167016e-07
9.4087128e-09
4.1524304e-07
1.383723e-08
5.4224226e-07
2.0869778e-08
7.0385236e-07
3.1942447e-08
9.0552085e-07
4.9050616e-08
1.1502228e-06
7.4711948e-08
1.4341351e-06
1.11624e-07
1.7420016e-06
1.6160845e-07
2.0386033e-06
2.2409749e-07
2.2679454e-06
2.9371476e-07
2.3523665e-06
3.6005381e-07
2.2272214e-06
4.092091e-07
1.8683739e-06
4.3180952e-07
1.3547387e-06
4.2970271e-07
8.3861996e-07
4.1428142e-07
4.6500796e-07
3.9625618e-07
2.6923649e-07
3.8804274e-07
2.7975102e-07
3.8367764e-07
3.4299406e-07
3.9560343e-07
4.1804209e-07
3.2036435e-07
-3.9105869e-06
-1.8231567e-05
9.3560946e-12
6.0971002e-10
3.73073e-11
1.8814421e-09
8.3139528e-11
3.2400417e-09
1.4742981e-10
4.8204402e-09
2.3027051e-10
6.7036855e-09
3.3247976e-10
9.0385369e-09
4.5439233e-10
1.199159e-08
5.9725774e-10
1.5784842e-08
7.6260554e-10
2.0706349e-08
9.5322015e-10
2.7137217e-08
1.174044e-09
3.557685e-08
1.4318439e-09
4.6698857e-08
1.740062e-09
6.1339475e-08
2.1194508e-09
8.0655538e-08
2.6028964e-09
1.0611555e-07
3.2500898e-09
1.3962612e-07
4.1533104e-09
1.8365784e-07
5.4664286e-09
2.4134003e-07
7.4412206e-09
3.1662567e-07
1.0476204e-08
4.1420976e-07
1.5200295e-08
5.3962272e-07
2.2568807e-08
6.9869127e-07
3.3985618e-08
8.9641433e-07
5.1376246e-08
1.1352453e-06
7.7135132e-08
1.4108923e-06
1.1377764e-07
1.707978e-06
1.6292258e-07
1.9921802e-06
2.2387477e-07
2.2098181e-06
2.9140456e-07
2.2877646e-06
3.556266e-07
2.1660305e-06
4.0351794e-07
1.8236171e-06
4.263473e-07
1.3351473e-06
4.2571564e-07
8.42593e-07
4.1218211e-07
4.8198611e-07
3.9582635e-07
2.8913799e-07
3.8836985e-07
2.9083648e-07
3.8462381e-07
3.5032585e-07
3.9571205e-07
4.0960495e-07
3.206065e-07
-3.8368364e-06
-1.7921399e-05
9.5842804e-12
6.5142399e-10
3.8297401e-11
2.0066254e-09
8.5521735e-11
3.4493107e-09
1.5197398e-10
5.113083e-09
2.3796248e-10
7.0794028e-09
3.4460127e-10
9.4962165e-09
4.7266578e-10
1.2530468e-08
6.2401378e-10
1.6403071e-08
8.0094745e-10
2.1401639e-08
1.0072708e-09
2.7905781e-08
1.2493611e-09
3.6412313e-08
1.5358109e-09
4.7592652e-08
1.8823682e-09
6.2275871e-08
2.3129537e-09
8.1610633e-08
2.8643997e-09
1.0705254e-07
3.6012831e-09
1.4048045e-07
4.621887e-09
1.8433125e-07
6.0867258e-09
2.4167205e-07
8.2547892e-09
3.1635732e-07
1.1529761e-08
4.1293737e-07
1.6541245e-08
5.3671673e-07
2.4233961e-08
6.9320695e-07
3.5979302e-08
8.8698031e-07
5.3634425e-08
1.1200044e-06
7.9475404e-08
1.3875685e-06
1.1584562e-07
1.6742279e-06
1.6417668e-07
1.9465722e-06
2.2366131e-07
2.1531596e-06
2.8921657e-07
2.2251387e-06
3.5144915e-07
2.1068304e-06
3.9815313e-07
1.780049e-06
4.211854e-07
1.3153544e-06
4.219282e-07
8.4519305e-07
4.1017005e-07
4.9719036e-07
3.9540383e-07
3.0745147e-07
3.8868478e-07
3.0118605e-07
3.8554824e-07
3.570496e-07
3.9586372e-07
4.0194105e-07
3.2087384e-07
-3.7632013e-06
-1.7610962e-05
9.8121234e-12
6.9292374e-10
3.92817e-11
2.1310937e-09
8.7886484e-11
3.6572678e-09
1.5648571e-10
5.4036753e-09
2.4559831e-10
7.45212e-09
3.5663865e-10
9.9496458e-09
4.9082145e-10
1.3063407e-08
6.5060289e-10
1.7013074e-08
8.3905668e-10
2.2085644e-08
1.0610042e-09
2.865898e-08
1.3242304e-09
3.7226931e-08
1.6391465e-09
4.8458297e-08
2.0237677e-09
6.317455e-08
2.5051219e-09
8.2515331e-08
3.1238985e-09
1.079226e-07
3.9494138e-09
1.4124658e-07
5.0856916e-09
1.8488944e-07
6.6995686e-09
2.418555e-07
9.0566863e-09
3.1590042e-07
1.256513e-08
4.1143205e-07
1.7854235e-08
5.3353367e-07
2.5857094e-08
6.8741308e-07
3.7911987e-08
8.7723736e-07
5.580867e-08
1.1045226e-06
8.1708835e-08
1.3641861e-06
1.1779283e-07
1.6407648e-06
1.6531913e-07
1.9017698e-06
2.2338251e-07
2.0979232e-06
2.8704777e-07
2.1644035e-06
3.4738916e-07
2.0495224e-06
3.929617e-07
1.7376133e-06
4.1616575e-07
1.2953905e-06
4.1818943e-07
8.4651307e-07
4.0810532e-07
5.1072145e-07
3.9485692e-07
3.2424803e-07
3.8885854e-07
3.1081587e-07
3.863217e-07
3.631745e-07
3.9592241e-07
3.94992e-07
3.210601e-07
-3.6896931e-06
-1.7300336e-05
1.0042855e-11
7.3421519e-10
4.0272857e-11
2.2548687e-09
9.0262654e-11
3.8639514e-09
1.6101491e-10
5.6922702e-09
2.5325789e-10
7.8219066e-09
3.6870616e-10
1.0398913e-08
5.0901494e-10
1.359051e-08
6.7722838e-10
1.761498e-08
8.771947e-10
2.2758513e-08
1.1147444e-09
2.9396999e-08
1.3990521e-09
3.8020932e-08
1.7423363e-09
4.9296087e-08
2.164851e-09
6.4035892e-08
2.696675e-09
8.3370165e-08
3.382279e-09
1.0872649e-07
4.2955922e-09
1.419256e-07
5.546165e-09
1.8533408e-07
7.3068921e-09
2.4189288e-07
9.849613e-09
3.1525874e-07
1.3586233e-08
4.0969943e-07
1.9145143e-08
5.3008173e-07
2.7447203e-08
6.8132098e-07
3.979754e-08
8.6719998e-07
5.7920192e-08
1.0888159e-06
8.3867144e-08
1.3407582e-06
1.1966503e-07
1.6075889e-06
1.6641277e-07
1.8577471e-06
2.2311968e-07
2.0440444e-06
2.8499689e-07
2.1054577e-06
3.4355988e-07
1.9939941e-06
3.8806891e-07
1.6962424e-06
4.1142424e-07
1.2752768e-06
4.1464208e-07
8.4664034e-07
4.0613313e-07
5.2267882e-07
3.9432866e-07
3.3960213e-07
3.8903321e-07
3.1974429e-07
3.8708277e-07
3.6871445e-07
3.9602975e-07
3.8869729e-07
3.2127851e-07
-3.6162955e-06
-1.698949e-05
1.0272626e-11
7.7529e-10
4.1256163e-11
2.3779295e-09
9.2617347e-11
4.0693287e-09
1.6550286e-10
5.9788245e-09
2.6084911e-10
8.1887071e-09
3.8066922e-10
1.0843951e-08
5.2705939e-10
1.4111701e-08
7.0364026e-10
1.8208715e-08
9.150363e-10
2.3420175e-08
1.1680747e-09
3.0119777e-08
1.4733002e-09
3.879429e-08
1.844721e-09
5.0106041e-08
2.3047932e-09
6.4860005e-08
2.8865797e-09
8.4175386e-08
3.6382423e-09
1.0946468e-07
4.6381624e-09
1.4251842e-07
6.0011841e-09
1.856667e-07
7.9059295e-09
2.4178671e-07
1.0629909e-08
3.1443629e-07
1.4588163e-08
4.0774567e-07
2.0407295e-08
5.263701e-07
2.8995095e-08
6.7494369e-07
4.1623159e-08
8.5688545e-07
5.9950952e-08
1.0729047e-06
8.5924626e-08
1.3173041e-06
1.2142529e-07
1.5747109e-06
1.6740454e-07
1.8144936e-06
2.2279788e-07
1.99148e-06
2.8296245e-07
2.0482252e-06
3.3983284e-07
1.9401592e-06
3.8332699e-07
1.6558872e-06
4.0680738e-07
1.2550388e-06
4.1113789e-07
8.4565575e-07
4.0411428e-07
5.3315168e-07
3.9368701e-07
3.5357988e-07
3.8907867e-07
3.2798647e-07
3.8770146e-07
3.73682e-07
3.9604898e-07
3.8300224e-07
3.2142173e-07
-3.5430212e-06
-1.6678497e-05
1.0504748e-11
8.1615436e-10
4.2244932e-11
2.5002984e-09
9.4980807e-11
4.2734397e-09
1.7000395e-10
6.2633903e-09
2.6845592e-10
8.5525965e-09
3.9265026e-10
1.1284851e-08
5.4512348e-10
1.462709e-08
7.3006173e-10
1.8794416e-08
9.5286765e-10
2.4070794e-08
1.2213588e-09
3.0827516e-08
1.5474255e-09
3.9547261e-08
1.946859e-09
5.0888478e-08
2.4442837e-09
6.5647304e-08
3.0756902e-09
8.4931574e-08
3.8928587e-09
1.10138e-07
4.9784861e-09
1.430262e-07
6.4525262e-09
1.8588901e-07
8.4990655e-09
2.415395e-07
1.1400867e-08
3.1343682e-07
1.5575607e-08
4.0557628e-07
2.1647536e-08
5.2240656e-07
3.0510943e-08
6.6829173e-07
4.340405e-08
8.4630686e-07
6.1923558e-08
1.0568028e-06
8.7914254e-08
1.2938341e-06
1.231202e-07
1.5421287e-06
1.6835736e-07
1.7719833e-06
2.2249768e-07
1.9401698e-06
2.8104177e-07
1.9926146e-06
3.363196e-07
1.8879181e-06
3.7885931e-07
1.6164877e-06
4.0244882e-07
1.2346931e-06
4.0781731e-07
8.4363456e-07
4.0219199e-07
5.4222766e-07
3.9307399e-07
3.662498e-07
3.8913611e-07
3.3555968e-07
3.8831667e-07
3.7809321e-07
3.9612115e-07
3.7785093e-07
3.2160237e-07
-3.4698549e-06
-1.6367322e-05
1.073523e-11
8.5680061e-10
4.3223688e-11
2.621956e-09
9.7318504e-11
4.4762532e-09
1.7445634e-10
6.5459286e-09
2.7598107e-10
8.9135256e-09
4.0450632e-10
1.1721558e-08
5.630069e-10
1.5136612e-08
7.5622493e-10
1.9372024e-08
9.9033673e-10
2.4710317e-08
1.2741425e-09
3.1520174e-08
1.6208513e-09
4.027985e-08
2.0480198e-09
5.1643466e-08
2.5824011e-09
6.6397959e-08
3.2628458e-09
8.5639055e-08
4.1446523e-09
1.1074704e-07
5.31468e-09
1.4344996e-07
6.8977664e-09
1.8600268e-07
9.0831422e-09
2.4115388e-07
1.2158324e-08
3.1226442e-07
1.6543016e-08
4.0319741e-07
2.285838e-08
5.1820009e-07
3.1984542e-08
6.6137754e-07
4.5126176e-08
8.3548029e-07
6.3818502e-08
1.0405286e-06
8.9808671e-08
1.2703652e-06
1.2471115e-07
1.5098506e-06
1.692169e-07
1.7302051e-06
2.2214386e-07
1.8900736e-06
2.7913483e-07
1.9385577e-06
3.3289517e-07
1.8371953e-06
3.7452275e-07
1.5780011e-06
3.9819926e-07
1.2142611e-06
4.045346e-07
8.4064729e-07
4.0022785e-07
5.4998584e-07
3.9235731e-07
3.7767306e-07
3.8907449e-07
3.4247866e-07
3.8879773e-07
3.8196254e-07
3.9610898e-07
3.7319315e-07
3.2171231e-07
-3.3968098e-06
-1.6056034e-05
1.0967538e-11
8.9723549e-10
4.4206482e-11
2.7429264e-09
9.9662468e-11
4.6778102e-09
1.7891671e-10
6.8264964e-09
2.835145e-10
9.2715693e-09
4.1636791e-10
1.2154167e-08
5.8089144e-10
1.5640384e-08
7.8237012e-10
1.9941686e-08
1.0277573e-09
2.5338921e-08
1.3268256e-09
3.2197967e-08
1.6940809e-09
4.0992332e-08
2.1488343e-09
5.237135e-08
2.7199344e-09
6.7112416e-08
3.4490363e-09
8.6298448e-08
4.3948747e-09
1.1129267e-07
5.6483534e-09
1.4379093e-07
7.3390124e-09
1.8600947e-07
9.6609789e-09
2.4063241e-07
1.2906143e-08
3.1092282e-07
1.7495815e-08
4.0061437e-07
2.4047593e-08
5.1375807e-07
3.3427167e-08
6.5421084e-07
4.6805993e-08
8.2441748e-07
6.5659679e-08
1.0240941e-06
9.1641995e-08
1.2469052e-06
1.2624549e-07
1.4778726e-06
1.7004619e-07
1.6891331e-06
2.2181635e-07
1.8411355e-06
2.7733765e-07
1.8859718e-06
3.2966951e-07
1.7879021e-06
3.704389e-07
1.540374e-06
3.9419024e-07
1.1937556e-06
4.0142807e-07
8.3675888e-07
3.983632e-07
5.5650351e-07
3.9167801e-07
3.8791237e-07
3.890342e-07
3.4876007e-07
3.8928369e-07
3.8530705e-07
3.9615305e-07
3.6897806e-07
3.2186373e-07
-3.3238715e-06
-1.5744593e-05
1.1197547e-11
9.3745214e-10
4.5177171e-11
2.8631907e-09
1.0197652e-10
4.8780822e-09
1.8331989e-10
7.1050586e-09
2.9095369e-10
9.626683e-09
4.2808401e-10
1.2582629e-08
5.9856406e-10
1.6138351e-08
8.082112e-10
2.0503354e-08
1.0647515e-09
2.5956572e-08
1.3789174e-09
3.2860884e-08
1.7664869e-09
4.1684744e-08
2.2485035e-09
5.3072239e-08
2.8558685e-09
6.77909e-08
3.6329693e-09
8.6910155e-08
4.6418827e-09
1.1177555e-07
5.9773983e-09
1.4405023e-07
7.7735439e-09
1.8591116e-07
1.0229035e-08
2.3997782e-07
1.3639669e-08
3.0941617e-07
1.8427828e-08
3.9783331e-07
2.5206903e-08
5.0908922e-07
3.4827637e-08
6.4680349e-07
4.8428278e-08
8.1313338e-07
6.7426192e-08
1.0075159e-06
9.3385334e-08
1.2234689e-06
1.276831e-07
1.446201e-06
1.7078978e-07
1.6487558e-06
2.2143975e-07
1.7933181e-06
2.7555158e-07
1.8347959e-06
3.2652078e-07
1.7399724e-06
3.6646883e-07
1.5035689e-06
3.9027628e-07
1.1731947e-06
3.9835437e-07
8.3203093e-07
3.964605e-07
5.6185092e-07
3.9090364e-07
3.9702412e-07
3.8888349e-07
3.5441862e-07
3.8964323e-07
3.8814208e-07
3.9611564e-07
3.651603e-07
3.219479e-07
-3.251054e-06
-1.5433064e-05
1.1428801e-11
9.7745794e-10
4.6150424e-11
2.9827742e-09
1.0429419e-10
5.0771112e-09
1.8772602e-10
7.3816739e-09
2.9839335e-10
9.9789449e-09
4.397938e-10
1.3007043e-08
6.1621847e-10
1.6630636e-08
8.3400771e-10
2.1057185e-08
1.1016586e-09
2.6563455e-08
1.4308553e-09
3.3509155e-08
1.8386245e-09
4.2357389e-08
2.3477283e-09
5.3746508e-08
2.9910914e-09
6.8433894e-08
3.8157662e-09
8.7474837e-08
4.8871085e-09
1.121966e-07
6.3036665e-09
1.4422911e-07
8.2037915e-09
1.8570955e-07
1.0790555e-08
2.3919267e-07
1.436332e-08
3.0774815e-07
1.9345196e-08
3.9485932e-07
2.6344947e-08
5.0420054e-07
3.6198261e-08
6.3916443e-07
5.0010653e-08
8.0163844e-07
6.9143127e-08
9.9080405e-07
9.5073849e-08
1.2000621e-06
1.29072e-07
1.41483e-06
1.7151078e-07
1.6090474e-06
2.2109334e-07
1.7465694e-06
2.7387144e-07
1.784955e-06
3.2355742e-07
1.693327e-06
3.6273242e-07
1.4675382e-06
3.8658694e-07
1.152588e-06
3.9544984e-07
8.2651946e-07
3.9465938e-07
5.6609625e-07
3.9017425e-07
4.0506548e-07
3.8876196e-07
3.5947071e-07
3.9001544e-07
3.9048475e-07
3.9613694e-07
3.6169431e-07
3.2207672e-07
-3.1783433e-06
-1.5121405e-05
1.1656996e-11
1.0172466e-09
4.7109447e-11
3.1016593e-09
1.0657753e-10
5.2748707e-09
1.9206745e-10
7.6563079e-09
3.0572527e-10
1.0328317e-08
4.5133764e-10
1.3427367e-08
6.3363014e-10
1.7117197e-08
8.5945557e-10
2.1603144e-08
1.1380751e-09
2.7159559e-08
1.4821131e-09
3.4142797e-08
1.9098156e-09
4.3010328e-08
2.445642e-09
5.439431e-08
3.1244936e-09
6.904168e-08
3.9960115e-09
8.7992977e-08
5.1287427e-09
1.1255657e-07
6.6248309e-09
1.443288e-07
8.6267483e-09
1.854065e-07
1.1341625e-08
2.3827979e-07
1.5071962e-08
3.0592297e-07
2.0241135e-08
3.9169847e-07
2.7452684e-08
4.9910051e-07
3.752692e-08
6.3130492e-07
5.1536768e-08
7.8994655e-07
7.0788279e-08
9.7397373e-07
9.6677229e-08
1.1766976e-06
1.303707e-07
1.3837642e-06
1.7215275e-07
1.5699964e-06
2.2070165e-07
1.7008549e-06
2.7219986e-07
1.7363947e-06
3.2066046e-07
1.6479077e-06
3.5909454e-07
1.432249e-06
3.8298021e-07
1.1319508e-06
3.925734e-07
8.2027839e-07
3.9282317e-07
5.6930204e-07
3.8935739e-07
4.1208822e-07
3.8853739e-07
3.6393126e-07
3.9026842e-07
3.9235062e-07
3.9607893e-07
3.5853974e-07
3.2214098e-07
-3.1057541e-06
-1.4809679e-05
1.1885941e-11
1.0568259e-09
4.8069635e-11
3.219873e-09
1.0886182e-10
5.4714049e-09
1.9640725e-10
7.9290235e-09
3.1304955e-10
1.0674881e-08
4.6286306e-10
1.3843705e-08
6.5100475e-10
1.7598164e-08
8.8483279e-10
2.2141399e-08
1.1743673e-09
2.7745079e-08
1.5331626e-09
3.4762053e-08
1.9806681e-09
4.3643876e-08
2.5430175e-09
5.501604e-08
3.2570572e-09
6.9614766e-08
4.174959e-09
8.8465263e-08
5.3683949e-09
1.1285641e-07
6.94298e-09
1.4435061e-07
9.045157e-09
1.8500385e-07
1.1885899e-08
2.3724174e-07
1.5770544e-08
3.039442e-07
2.1122437e-08
3.8835565e-07
2.8539574e-08
4.937957e-07
3.8826901e-08
6.2323317e-07
5.3025328e-08
7.7806696e-07
7.2387829e-08
9.5703335e-07
9.8231582e-08
1.1533793e-06
1.316278e-07
1.3529968e-06
1.7277884e-07
1.5315775e-06
2.203434e-07
1.6561258e-06
2.7063058e-07
1.6890464e-06
3.1793689e-07
1.6036439e-06
3.5567345e-07
1.3976585e-06
3.7958382e-07
1.1112901e-06
3.8985952e-07
8.1335606e-07
3.9108992e-07
5.7152849e-07
3.8859209e-07
4.1814432e-07
3.8834868e-07
3.6781658e-07
3.9054121e-07
3.9375635e-07
3.9608147e-07
3.556563e-07
3.2225239e-07
-3.0332732e-06
-1.4497839e-05
1.211125e-11
1.0961904e-09
4.9013576e-11
3.3373986e-09
1.1110768e-10
5.6666888e-09
2.0067421e-10
8.1997918e-09
3.2025331e-10
1.1018602e-08
4.7420274e-10
1.4256022e-08
6.6810587e-10
1.8073504e-08
9.0981645e-10
2.2671924e-08
1.2101058e-09
2.8320022e-08
1.5834441e-09
3.5366962e-08
2.0504545e-09
4.4258139e-08
2.6389209e-09
5.5611888e-08
3.3875832e-09
7.0153487e-08
4.3510723e-09
8.8892245e-08
5.6040936e-09
1.1309697e-07
7.2555714e-09
1.4429585e-07
9.4557309e-09
1.8450356e-07
1.24191e-08
2.3608143e-07
1.6453459e-08
3.018161e-07
2.1981717e-08
3.8483688e-07
2.9595855e-08
4.8829431e-07
4.0085193e-08
6.1495985e-07
5.4458914e-08
7.6601255e-07
7.3918343e-08
9.3999653e-07
9.9705281e-08
1.1301182e-06
1.328006e-07
1.3225307e-06
1.7333178e-07
1.4937789e-06
2.1994307e-07
1.6123506e-06
2.6906742e-07
1.6428617e-06
3.1527036e-07
1.560484e-06
3.5233745e-07
1.3637382e-06
3.7625893e-07
1.090619e-06
3.8716926e-07
8.0579975e-07
3.8932391e-07
5.7283136e-07
3.8774594e-07
4.2328123e-07
3.8806324e-07
3.7114189e-07
3.9070139e-07
3.9471718e-07
3.9600634e-07
3.5300865e-07
3.2230141e-07
-2.9609156e-06
-1.4185947e-05
1.2336906e-11
1.1353482e-09
4.995759e-11
3.4542632e-09
1.1335208e-10
5.8607678e-09
2.0493471e-10
8.4686761e-09
3.2744194e-10
1.1359566e-08
4.8551198e-10
1.4664427e-08
6.8515126e-10
1.8543356e-08
9.3470278e-10
2.3194895e-08
1.2456819e-09
2.8884599e-08
1.6334664e-09
3.5957788e-08
2.1198323e-09
4.4853445e-08
2.7341934e-09
5.6182283e-08
3.5171497e-09
7.0658392e-08
4.5257331e-09
8.9274644e-08
5.8376213e-09
1.1327921e-07
7.5649262e-09
1.4416585e-07
9.8615172e-09
1.8390746e-07
1.294528e-08
2.3480138e-07
1.7126166e-08
2.9954218e-07
2.2826416e-08
3.8114686e-07
3.0631779e-08
4.8260247e-07
4.1316005e-08
6.0649247e-07
5.5857243e-08
7.5379149e-07
7.5407017e-08
9.2287026e-07
1.0113531e-07
1.1069168e-06
1.3393823e-07
1.292358e-06
1.7387476e-07
1.4565761e-06
2.1957884e-07
1.5694836e-06
2.6760309e-07
1.5977781e-06
3.1276652e-07
1.5183648e-06
3.4920326e-07
1.3304493e-06
3.7313157e-07
1.0699423e-06
3.8463539e-07
7.9765117e-07
3.8766166e-07
5.7326385e-07
3.8695702e-07
4.2754607e-07
3.8781939e-07
3.7392346e-07
3.9088787e-07
3.9524901e-07
3.9599313e-07
3.5056161e-07
3.2239959e-07
-2.8886687e-06
-1.3873955e-05
1.2558418e-11
1.1742942e-09
5.0883558e-11
3.5704522e-09
1.1555394e-10
6.0536192e-09
2.0911493e-10
8.7356507e-09
3.3449707e-10
1.1697743e-08
4.9661566e-10
1.5068891e-08
7.0189279e-10
1.9007695e-08
9.5915206e-10
2.3710303e-08
1.280643e-09
2.9438829e-08
1.6826331e-09
3.6534594e-08
2.1880281e-09
4.5429928e-08
2.8278361e-09
5.6727458e-08
3.6444682e-09
7.1129867e-08
4.6972876e-09
8.961307e-08
6.0668484e-09
1.1340407e-07
7.8682929e-09
1.4396201e-07
1.0258958e-08
1.8321762e-07
1.3459809e-08
2.3340459e-07
1.7782614e-08
2.9712671e-07
2.3648593e-08
3.772915e-07
3.1636873e-08
4.7672812e-07
4.2505463e-08
5.9784114e-07
5.7201877e-08
7.4141568e-07
7.6829263e-08
9.0566684e-07
1.0248882e-07
1.0837846e-06
1.3499687e-07
1.2624808e-06
1.7434974e-07
1.4199574e-06
2.1917521e-07
1.5274958e-06
2.6614258e-07
1.5537519e-06
3.1031137e-07
1.4772408e-06
3.4614231e-07
1.2977668e-06
3.7006577e-07
1.049271e-06
3.8212093e-07
7.8895185e-07
3.859684e-07
5.7287575e-07
3.8609306e-07
4.3098226e-07
3.8748429e-07
3.7617683e-07
3.9096778e-07
3.9536649e-07
3.9590348e-07
3.4828461e-07
3.2243714e-07
-2.8165484e-06
-1.3561922e-05
1.2779863e-11
1.2130373e-09
5.1808419e-11
3.685993e-09
1.1775169e-10
6.2452896e-09
2.1328381e-10
9.0007839e-09
3.4152975e-10
1.2033221e-08
5.0767677e-10
1.546953e-08
7.1856031e-10
1.9466666e-08
9.834781e-10
2.4218328e-08
1.3154053e-09
2.9982934e-08
1.7314905e-09
3.7097651e-08
2.2557474e-09
4.5987936e-08
2.9207587e-09
5.7247849e-08
3.7707096e-09
7.156848e-08
4.8672443e-09
8.9908278e-08
6.2937267e-09
1.1347253e-07
8.1682172e-09
1.436857e-07
1.0651395e-08
1.8243587e-07
1.3967124e-08
2.3189356e-07
1.8428751e-08
2.9457309e-07
2.4456302e-08
3.7327527e-07
3.2622128e-08
4.7067698e-07
4.3668636e-08
5.8901268e-07
5.8513475e-08
7.2889228e-07
7.8213212e-08
8.8839194e-07
1.0380359e-07
1.0607225e-06
1.3602612e-07
1.2328899e-06
1.7481995e-07
1.3838987e-06
2.1880988e-07
1.4863446e-06
2.6477762e-07
1.5107265e-06
3.0800932e-07
1.437055e-06
3.432699e-07
1.2656559e-06
3.6718597e-07
1.0286082e-06
3.7975711e-07
7.7973773e-07
3.8437929e-07
5.7171414e-07
3.8529117e-07
4.3363247e-07
3.8719565e-07
3.7791822e-07
3.9107982e-07
3.950846e-07
3.9587678e-07
3.4614728e-07
3.2252553e-07
-2.7445426e-06
-1.3249798e-05
1.2996522e-11
1.251573e-09
5.271336e-11
3.8008727e-09
1.1990268e-10
6.4357602e-09
2.173648e-10
9.2640495e-09
3.4841666e-10
1.2365975e-08
5.1851288e-10
1.5866319e-08
7.3489388e-10
1.9920259e-08
1.0073247e-09
2.4718977e-08
1.3494916e-09
3.0516953e-08
1.7794088e-09
3.7647051e-08
2.3221702e-09
4.652763e-08
3.0118981e-09
5.7743734e-08
3.8945017e-09
7.1974668e-08
5.0338326e-09
9.0160937e-08
6.5159731e-09
1.134856e-07
8.4617484e-09
1.4333838e-07
1.1035005e-08
1.8156433e-07
1.4462254e-08
2.3027134e-07
1.9058095e-08
2.9188559e-07
2.5241056e-08
3.6910399e-07
3.3576396e-08
4.6445671e-07
4.4790838e-08
5.8001668e-07
5.9772645e-08
7.1623232e-07
7.9533201e-08
8.7105665e-07
1.0504566e-07
1.0377387e-06
1.3698117e-07
1.2035866e-06
1.7522671e-07
1.3483888e-06
2.1840741e-07
1.4460031e-06
2.6341429e-07
1.4686624e-06
3.0574853e-07
1.3977672e-06
3.4046023e-07
1.2340943e-06
3.6435887e-07
1.0079634e-06
3.7740884e-07
7.7004535e-07
3.8276049e-07
5.6982364e-07
3.8441925e-07
4.3553637e-07
3.8682055e-07
3.7916341e-07
3.9109074e-07
3.9441731e-07
3.9577458e-07
3.4412355e-07
3.2255477e-07
-2.6726675e-06
-1.2937642e-05
1.3212706e-11
1.28991e-09
5.3615881e-11
3.9151196e-09
1.2204683e-10
6.625078e-09
2.2143039e-10
9.5255183e-09
3.5527296e-10
1.2696098e-08
5.2929515e-10
1.6259377e-08
7.511358e-10
2.0368624e-08
1.0310223e-09
2.5212438e-08
1.3833434e-09
3.1041121e-08
1.8269675e-09
3.818308e-08
2.3880512e-09
4.7049373e-08
3.1022311e-09
5.8215575e-08
4.0171054e-09
7.2349029e-08
5.1986844e-09
9.037183e-08
6.735704e-09
1.1344431e-07
8.7516479e-09
1.4292145e-07
1.1413419e-08
1.8060487e-07
1.4950004e-08
2.285404e-07
1.9677064e-08
2.8906753e-07
2.6011494e-08
3.6478194e-07
3.4511371e-08
4.5807262e-07
4.5887946e-08
5.7085932e-07
6.1000922e-08
7.03442e-07
8.0818225e-08
8.5366546e-07
1.0625352e-07
1.014833e-06
1.3791205e-07
1.1745612e-06
1.7563326e-07
1.3134043e-06
2.1804501e-07
1.4064316e-06
2.6214344e-07
1.4275078e-06
3.0363224e-07
1.3593259e-06
3.3782728e-07
1.2030505e-06
3.6170742e-07
9.8733819e-07
3.7520586e-07
7.5990563e-07
3.8124585e-07
5.6724595e-07
3.8361352e-07
4.3673256e-07
3.8649613e-07
3.7992851e-07
3.9113899e-07
3.9337862e-07
3.9573609e-07
3.4218746e-07
3.2263628e-07
-2.600912e-06
-1.2625402e-05
1.3423535e-11
1.3280446e-09
5.4496698e-11
4.0287216e-09
1.2414022e-10
6.813225e-09
2.2540066e-10
9.7851697e-09
3.6197114e-10
1.302357e-08
5.3983309e-10
1.664869e-08
7.6701497e-10
2.0811754e-08
1.054199e-09
2.5698726e-08
1.4164602e-09
3.1555492e-08
1.8735054e-09
3.8705849e-08
2.4525254e-09
4.7553358e-08
3.1906336e-09
5.8663685e-08
4.1370644e-09
7.2692047e-08
5.3599195e-09
9.0541674e-08
6.9504879e-09
1.1334971e-07
9.0347693e-09
1.4243644e-07
1.1782557e-08
1.7955968e-07
1.5425077e-08
2.2670382e-07
2.0278758e-08
2.8612317e-07
2.6758605e-08
3.603148e-07
3.5415262e-08
4.5153209e-07
4.6944499e-08
5.6154965e-07
6.2178008e-08
6.9053153e-07
8.2041614e-08
8.3622836e-07
1.0739219e-07
9.9201244e-07
1.3877303e-07
1.1458138e-06
1.7598035e-07
1.278934e-06
2.1764736e-07
1.3676053e-06
2.6087216e-07
1.3872273e-06
3.0155058e-07
1.3216955e-06
3.3524781e-07
1.172505e-06
3.5910073e-07
9.6674075e-07
3.7301483e-07
7.4935077e-07
3.7970248e-07
5.6402114e-07
3.8274209e-07
4.3725736e-07
3.8608942e-07
3.8022949e-07
3.9109097e-07
3.9198181e-07
3.9562281e-07
3.4031709e-07
3.226599e-07
-2.5292927e-06
-1.2313134e-05
1.3633467e-11
1.3659865e-09
5.53739e-11
4.1417076e-09
1.2622453e-10
7.00025e-09
2.293506e-10
1.0043076e-08
3.6863177e-10
1.3348485e-08
5.5030541e-10
1.7034378e-08
7.8278523e-10
2.1249809e-08
1.0772022e-09
2.6178039e-08
1.449308e-09
3.2060309e-08
1.9196365e-09
3.9215659e-08
2.516395e-09
4.8039964e-08
3.2781465e-09
5.9088542e-08
4.2557295e-09
7.3004339e-08
5.5192882e-09
9.0671277e-08
7.1626001e-09
1.1320287e-07
9.3140862e-09
1.4188476e-07
1.2146325e-08
1.784306e-07
1.5892634e-08
2.2476405e-07
2.0870045e-08
2.8305571e-07
2.7491582e-08
3.5570663e-07
3.6300425e-08
4.4484009e-07
4.7977135e-08
5.5209325e-07
6.3326252e-08
6.7750622e-07
8.3233161e-08
8.1874876e-07
1.0850082e-07
9.6927562e-07
1.3961455e-07
1.1173345e-06
1.7633123e-07
1.2449553e-06
2.1729125e-07
1.3294869e-06
2.5969047e-07
1.3477734e-06
2.9960569e-07
1.2848292e-06
3.3283452e-07
1.142429e-06
3.5666036e-07
9.4617145e-07
3.7096411e-07
7.3840737e-07
3.7826304e-07
5.6018617e-07
3.819403e-07
4.3714566e-07
3.8573704e-07
3.8008224e-07
3.9108485e-07
3.9023996e-07
3.9557379e-07
3.3849051e-07
3.2273705e-07
-2.4577993e-06
-1.2000787e-05
1.3837484e-11
1.4037324e-09
5.6227607e-11
4.2540672e-09
1.2825416e-10
7.1861396e-09
2.331983e-10
1.0299219e-08
3.7512222e-10
1.3670827e-08
5.6051478e-10
1.7416434e-08
7.9816454e-10
2.1682796e-08
1.0996443e-09
2.6650407e-08
1.4813646e-09
3.2555644e-08
1.9646676e-09
3.9712643e-08
2.5787509e-09
4.8509412e-08
3.3635868e-09
5.9490497e-08
4.371565e-09
7.328643e-08
5.6748013e-09
9.0761414e-08
7.3694667e-09
1.130049e-07
9.5862641e-09
1.41268e-07
1.2500399e-08
1.7721988e-07
1.6347061e-08
2.227242e-07
2.1443627e-08
2.7986938e-07
2.8200915e-08
3.5096302e-07
3.7154455e-08
4.380037e-07
4.8969659e-08
5.424987e-07
6.442451e-08
6.6437553e-07
8.436526e-08
8.012357e-07
1.0954347e-07
9.4662865e-07
1.4039003e-07
1.0891228e-06
1.7662617e-07
1.2114576e-06
2.1690147e-07
1.2920536e-06
2.585064e-07
1.3091142e-06
2.9768952e-07
1.2486956e-06
3.3046651e-07
1.1128052e-06
3.5425767e-07
9.2563731e-07
3.6892199e-07
7.2710387e-07
3.7679554e-07
5.5577706e-07
3.8107655e-07
4.3643072e-07
3.8530602e-07
3.7950279e-07
3.9098674e-07
3.8816575e-07
3.9545055e-07
3.3668948e-07
3.2275744e-07
-2.3864491e-06
-1.1688415e-05
1.4040213e-11
1.441292e-09
5.7076709e-11
4.3658296e-09
1.3027197e-10
7.3709425e-09
2.3702158e-10
1.055367e-08
3.8156795e-10
1.3990694e-08
5.7064776e-10
1.7794983e-08
8.1341791e-10
2.2110879e-08
1.1218891e-09
2.7116029e-08
1.5131185e-09
3.304175e-08
2.0092467e-09
4.0197113e-08
2.6404414e-09
4.8962096e-08
3.4480589e-09
5.9870052e-08
4.4860069e-09
7.3538967e-08
5.8283254e-09
9.0812913e-08
7.5735166e-09
1.1275688e-07
9.8544795e-09
1.405876e-07
1.2848948e-08
1.7592938e-07
1.6793861e-08
2.2058667e-07
2.2006815e-08
2.7656727e-07
2.8896321e-08
3.4608784e-07
3.7990333e-08
4.3102752e-07
4.9939421e-08
5.3277097e-07
6.5495889e-08
6.5114396e-07
8.5468438e-08
7.8369161e-07
1.1055992e-07
9.2406921e-07
1.4115029e-07
1.0611681e-06
1.7692843e-07
1.1784187e-06
2.165544e-07
1.2552706e-06
2.5740924e-07
1.2712061e-06
2.9590319e-07
1.213252e-06
3.282553e-07
1.0836073e-06
3.5201292e-07
9.0513775e-07
3.6701552e-07
7.1546314e-07
3.7543151e-07
5.508266e-07
3.8028531e-07
4.351441e-07
3.8493247e-07
3.785068e-07
3.909345e-07
3.8577139e-07
3.9539197e-07
3.3489562e-07
3.2283248e-07
-2.3152322e-06
-1.1375965e-05
1.4236559e-11
1.4786623e-09
5.7900635e-11
4.4769856e-09
1.3223144e-10
7.5546456e-09
2.4073556e-10
1.0806419e-08
3.8783201e-10
1.4308076e-08
5.8049962e-10
1.8170025e-08
8.2825346e-10
2.2534069e-08
1.1435339e-09
2.7574948e-08
1.544026e-09
3.3518717e-08
2.0526502e-09
4.0669226e-08
2.7005166e-09
4.9398257e-08
3.5303217e-09
6.0227583e-08
4.5974413e-09
7.3762512e-08
5.9777694e-09
9.0826597e-08
7.7720384e-09
1.1245999e-07
1.0115217e-08
1.398452e-07
1.3187415e-08
1.7456138e-07
1.7227121e-08
2.1835461e-07
2.2551927e-08
2.7315358e-07
2.9567806e-08
3.4108656e-07
3.8795072e-08
4.2391838e-07
5.0869533e-08
5.2291817e-07
6.6518445e-08
6.3782027e-07
8.6514221e-08
7.6612464e-07
1.1151335e-07
9.016025e-07
1.41848e-07
1.0334695e-06
1.7717784e-07
1.1458286e-06
2.1617498e-07
1.2191169e-06
2.563079e-07
1.2340203e-06
2.941403e-07
1.1784705e-06
3.2608211e-07
1.0548202e-06
3.497995e-07
8.8467885e-07
3.6511457e-07
7.035104e-07
3.7403987e-07
5.4536727e-07
3.7943529e-07
4.3331631e-07
3.8448348e-07
3.7711027e-07
3.9079398e-07
3.8306906e-07
3.9525959e-07
3.3309399e-07
3.2285177e-07
-2.2441666e-06
-1.106349e-05
1.4431308e-11
1.5158538e-09
5.8718808e-11
4.5875661e-09
1.341771e-10
7.7373002e-09
2.4442085e-10
1.105754e-08
3.9404457e-10
1.4623073e-08
5.9026402e-10
1.8541689e-08
8.4294715e-10
2.2952535e-08
1.1649588e-09
2.8027376e-08
1.574599e-09
3.3986804e-08
2.0955569e-09
4.1129306e-08
2.7598693e-09
4.9818302e-08
3.6115417e-09
6.0563611e-08
4.707388e-09
7.3957723e-08
6.1251101e-09
9.0803315e-08
7.96761e-09
1.1211533e-07
1.0371848e-08
1.3904223e-07
1.3520222e-08
1.7311773e-07
1.7652662e-08
2.1603037e-07
2.3086652e-08
2.696313e-07
3.022559e-08
3.3596285e-07
3.9582243e-08
4.1668051e-07
5.1778011e-08
5.1294475e-07
6.7515987e-08
6.2440824e-07
8.7533813e-08
7.4853637e-07
1.1244408e-07
8.7922541e-07
1.425343e-07
1.0060161e-06
1.7743766e-07
1.1136658e-06
2.1583923e-07
1.1835595e-06
2.5529097e-07
1.1975166e-06
2.9250102e-07
1.1443122e-06
3.2405734e-07
1.0264195e-06
3.4773648e-07
8.642592e-07
3.6334497e-07
6.9126524e-07
3.727511e-07
5.3942816e-07
3.7866017e-07
4.3097594e-07
3.8409466e-07
3.7532853e-07
3.9070271e-07
3.8007027e-07
3.9519215e-07
3.312693e-07
3.2292676e-07
-2.1732435e-06
-1.0750936e-05
1.4619165e-11
1.552864e-09
5.951028e-11
4.697562e-09
1.3606062e-10
7.9188964e-09
2.4799028e-10
1.1307019e-08
4.0006441e-10
1.4935679e-08
5.9973003e-10
1.890998e-08
8.5719678e-10
2.3366305e-08
1.1857465e-09
2.8473364e-08
1.6042728e-09
3.4446116e-08
2.1372149e-09
4.1577527e-08
2.8175093e-09
5.0222505e-08
3.6904227e-09
6.0878552e-08
4.8141599e-09
7.4125208e-08
6.2681558e-09
9.0743939e-08
8.1573873e-09
1.1172413e-07
1.0620685e-08
1.381804e-07
1.3842586e-08
1.7160077e-07
1.806428e-08
2.136171e-07
2.3602939e-08
2.6600458e-07
3.085924e-08
3.3072203e-07
4.0338314e-08
4.0932048e-07
5.2647315e-08
5.0285838e-07
6.8465829e-08
6.1091598e-07
8.8497929e-08
7.3093413e-07
1.133145e-07
8.5694235e-07
1.431612e-07
9.7880658e-07
1.7764737e-07
1.0819205e-06
2.1547223e-07
1.1485793e-06
2.5426818e-07
1.161669e-06
2.9088046e-07
1.1107521e-06
3.2206415e-07
9.983919e-07
3.4569913e-07
8.438841e-07
3.6157802e-07
6.7875009e-07
3.7143498e-07
5.3303862e-07
3.7782897e-07
4.2815107e-07
3.8363319e-07
3.731775e-07
3.9052635e-07
3.7678683e-07
3.9505122e-07
3.2940947e-07
3.2294694e-07
-2.1024813e-06
-1.0438355e-05
1.4805004e-11
1.5897036e-09
6.029502e-11
4.8070047e-09
1.3792808e-10
8.0994855e-09
2.5152717e-10
1.1554937e-08
4.0602592e-10
1.5245997e-08
6.0909861e-10
1.9275031e-08
8.7128879e-10
2.3775547e-08
1.2062921e-09
2.8913127e-08
1.6335817e-09
3.4896925e-08
2.1783357e-09
4.2014223e-08
2.874372e-09
5.0611289e-08
3.7681898e-09
6.1172936e-08
4.9193552e-09
7.4265649e-08
6.408992e-09
9.0649333e-08
8.3440902e-09
1.1128751e-07
1.0865287e-08
1.3726115e-07
1.415917e-08
1.7001234e-07
1.8468105e-08
2.1111713e-07
2.4108874e-08
2.6227632e-07
3.1479442e-08
3.2536754e-07
4.1077408e-08
4.018422e-07
5.3496077e-08
4.9266301e-07
6.9392428e-08
5.9734656e-07
8.9438392e-08
7.1331875e-07
1.1416544e-07
8.3474957e-07
1.4378011e-07
9.5182988e-07
1.7787021e-07
1.050572e-06
2.1514966e-07
1.1141453e-06
2.5332748e-07
1.1264405e-06
2.8937793e-07
1.0777548e-06
3.2021193e-07
9.7071487e-07
3.438054e-07
8.2355146e-07
3.5993847e-07
6.6598173e-07
3.7022103e-07
5.2622449e-07
3.7707462e-07
4.2486763e-07
3.832342e-07
3.7067217e-07
3.9040206e-07
3.7322975e-07
3.9497542e-07
3.2750184e-07
3.230238e-07
-2.0318718e-06
-1.0125693e-05
1.4983466e-11
1.6263707e-09
6.1051433e-11
4.9158866e-09
1.3973016e-10
8.279059e-09
2.5494158e-10
1.1801284e-08
4.1178408e-10
1.5554024e-08
6.1815184e-10
1.9636853e-08
8.8491189e-10
2.4180298e-08
1.2261647e-09
2.9346727e-08
1.661941e-09
3.5339347e-08
2.2181388e-09
4.243959e-08
2.9294287e-09
5.098494e-08
3.8434952e-09
6.1447209e-08
5.0212165e-09
7.4379677e-08
6.545332e-09
9.0520409e-08
8.5247487e-09
1.1080674e-07
1.1101801e-08
1.3628622e-07
1.4464978e-08
1.683548e-07
1.885766e-08
2.0853361e-07
2.4596067e-08
2.5845065e-07
3.2075327e-08
3.1990459e-07
4.1785467e-08
3.9425197e-07
5.4306143e-08
4.8236588e-07
7.0272393e-08
5.8370751e-07
9.0325172e-08
6.9569683e-07
1.1495854e-07
8.1265076e-07
1.4434243e-07
9.2508428e-07
1.7804535e-07
1.0196111e-06
2.1479676e-07
1.0802397e-06
2.5237938e-07
1.0918075e-06
2.8788991e-07
1.0452977e-06
3.1838557e-07
9.4337654e-07
3.4193228e-07
8.0326593e-07
3.5829893e-07
6.5298015e-07
3.6897984e-07
5.1901238e-07
3.7626646e-07
4.2115153e-07
3.8276497e-07
3.678283e-07
3.9019531e-07
3.6941057e-07
3.9482633e-07
3.2553675e-07
3.2304672e-07
-1.9614345e-06
-9.8129989e-06
1.515951e-11
1.6628764e-09
6.180016e-11
5.0242395e-09
1.4151407e-10
8.4576706e-09
2.5831936e-10
1.2046139e-08
4.1747786e-10
1.5859866e-08
6.2709717e-10
1.9995582e-08
8.9836266e-10
2.4580734e-08
1.2457745e-09
2.9774388e-08
1.6899067e-09
3.5773664e-08
2.2573644e-09
4.2853975e-08
2.9836574e-09
5.1343895e-08
3.9176197e-09
6.1701925e-08
5.1214193e-09
7.4467995e-08
6.679363e-09
9.0358052e-08
8.7022198e-09
1.1028295e-07
1.1333962e-08
1.3525706e-07
1.4764905e-08
1.6662998e-07
1.923937e-08
2.0586883e-07
2.5072967e-08
2.5453032e-07
3.2658021e-08
3.1433642e-07
4.2477127e-08
3.8655339e-07
5.509672e-08
4.7197046e-07
7.1130786e-08
5.7000131e-07
9.1190658e-08
6.7806852e-07
1.1573511e-07
7.9064159e-07
1.4489985e-07
8.9855857e-07
1.7823602e-07
9.8901776e-07
2.144889e-07
1.0468334e-06
2.5151122e-07
1.0577356e-06
2.865149e-07
1.0133483e-06
3.1669352e-07
9.1635613e-07
3.401967e-07
7.8302485e-07
3.5678315e-07
6.397597e-07
3.6784005e-07
5.1142524e-07
3.7553675e-07
4.1702634e-07
3.8236015e-07
3.6466055e-07
3.900429e-07
3.6533997e-07
3.9474243e-07
3.2350374e-07
3.2312724e-07
-1.891162e-06
-9.5002168e-06
1.5327633e-11
1.6992193e-09
6.2518988e-11
5.1320575e-09
1.4322927e-10
8.635312e-09
2.6156856e-10
1.2289498e-08
4.2295785e-10
1.6163525e-08
6.3571168e-10
2.0351236e-08
9.1132039e-10
2.4976896e-08
1.2646773e-09
3.0196184e-08
1.7168746e-09
3.6200004e-08
2.295207e-09
4.3257586e-08
3.0359928e-09
5.168847e-08
3.9891658e-09
6.1937552e-08
5.2181379e-09
7.4531274e-08
6.8087097e-09
9.0163209e-08
8.8734142e-09
1.0971747e-07
1.1557763e-08
1.3417545e-07
1.5053752e-08
1.6484029e-07
1.9606505e-08
2.0312594e-07
2.553086e-08
2.5051944e-07
3.321625e-08
3.0866812e-07
4.3137845e-08
3.7875253e-07
5.5849082e-08
4.6148364e-07
7.1943567e-08
5.5623493e-07
9.2004133e-08
6.6043976e-07
1.164561e-07
7.6872517e-07
1.4540322e-07
8.7225076e-07
1.7838111e-07
9.5878295e-07
2.1415148e-07
1.01391e-06
2.5063424e-07
1.0242036e-06
2.8515065e-07
9.8188645e-07
3.1502226e-07
8.8964305e-07
3.3847721e-07
7.6283233e-07
3.5526499e-07
6.2633826e-07
3.6667305e-07
5.0348726e-07
3.7475516e-07
4.1251607e-07
3.8188719e-07
3.6118453e-07
3.8981019e-07
3.6102946e-07
3.9458532e-07
3.2139522e-07
3.2315463e-07
-1.8210744e-06
-9.187396e-06
1.549164e-11
1.7354076e-09
6.3223453e-11
5.2393633e-09
1.449117e-10
8.8120233e-09
2.6475428e-10
1.253142e-08
4.2832994e-10
1.6465083e-08
6.4415219e-10
2.0703926e-08
9.2401108e-10
2.536893e-08
1.283185e-09
3.0612306e-08
1.7432686e-09
3.6618619e-08
2.332231e-09
4.3650746e-08
3.087181e-09
5.201908e-08
4.0591126e-09
6.2154639e-08
5.3126549e-09
7.4570219e-08
6.9350471e-09
8.9936803e-08
9.0405232e-09
1.0911149e-07
1.1776073e-08
1.3304295e-07
1.5335285e-08
1.6298769e-07
1.9964024e-08
2.003074e-07
2.5976254e-08
2.4642103e-07
3.3758584e-08
3.0290325e-07
4.3778893e-08
3.7085335e-07
5.6578004e-08
4.5090934e-07
7.2729977e-08
5.4241149e-07
9.2790376e-08
6.4281162e-07
1.1715299e-07
7.4689857e-07
1.4589171e-07
8.4615184e-07
1.7852827e-07
9.2888999e-07
2.1384093e-07
9.8144476e-07
2.4981346e-07
9.911824e-07
2.838702e-07
9.5088489e-07
3.1345211e-07
8.6322024e-07
3.3686049e-07
7.4268697e-07
3.5383643e-07
6.1272925e-07
3.6557481e-07
4.9521957e-07
3.7402066e-07
4.0764269e-07
3.8144698e-07
3.5741488e-07
3.8959969e-07
3.5648984e-07
3.9445879e-07
3.1920297e-07
3.2321255e-07
-1.7511719e-06
-8.8745048e-06
1.56513e-11
1.77145e-09
6.3913224e-11
5.3461798e-09
1.4656049e-10
8.9878439e-09
2.6787552e-10
1.2771966e-08
4.3359151e-10
1.6764624e-08
6.5241584e-10
2.1053766e-08
9.3642974e-10
2.5756986e-08
1.3012912e-09
3.1022945e-08
1.7690787e-09
3.7029763e-08
2.3684241e-09
4.4033783e-08
3.1372061e-09
5.2336147e-08
4.127441e-09
6.2353737e-08
5.404947e-09
7.4585544e-08
7.0583504e-09
8.9679755e-08
9.2035222e-09
1.0846622e-07
1.1988876e-08
1.3186106e-07
1.5609506e-08
1.6107413e-07
2.0311968e-08
1.9741561e-07
2.6409247e-08
2.4223808e-07
3.4285231e-08
2.9704526e-07
4.440064e-08
3.6285964e-07
5.7284077e-08
4.4025132e-07
7.349087e-08
5.2853386e-07
9.3550532e-08
6.2518486e-07
1.1782713e-07
7.2515866e-07
1.4636667e-07
8.202528e-07
1.7867847e-07
8.9932252e-07
2.1355739e-07
9.4941404e-07
2.4904785e-07
9.5864402e-07
2.8267129e-07
9.2031742e-07
3.1198011e-07
8.3707136e-07
3.3534378e-07
7.2258717e-07
3.5249572e-07
5.9894512e-07
3.6454477e-07
4.8664212e-07
3.7333369e-07
4.0242717e-07
3.8104016e-07
3.5336601e-07
3.8941204e-07
3.5173194e-07
3.943628e-07
3.1691945e-07
3.2330151e-07
-1.6814554e-06
-8.5615102e-06
1.580217e-11
1.807346e-09
6.4570796e-11
5.4525025e-09
1.4813584e-10
9.1627689e-09
2.708593e-10
1.3011134e-08
4.3862518e-10
1.7062154e-08
6.6032511e-10
2.1400777e-08
9.4832177e-10
2.6141119e-08
1.3186423e-09
3.1428191e-08
1.7938245e-09
3.7433588e-08
2.4031419e-09
4.4406932e-08
3.1852143e-09
5.2640012e-08
4.1930275e-09
6.2535359e-08
5.4935458e-09
7.4577966e-08
7.1767061e-09
8.9393069e-08
9.3599228e-09
1.0778303e-07
1.2192945e-08
1.3063164e-07
1.5872235e-08
1.5910205e-07
2.0644928e-08
1.9445376e-07
2.6822882e-08
2.3797462e-07
3.4787239e-08
2.9109907e-07
4.4991606e-08
3.5477715e-07
5.7952626e-08
4.2951591e-07
7.4207566e-08
5.1460828e-07
9.4260937e-08
6.075646e-07
1.1844871e-07
7.035078e-07
1.467909e-07
7.9455135e-07
1.7878581e-07
8.7007218e-07
2.132452e-07
9.1780308e-07
2.4827151e-07
9.2657006e-07
2.8147827e-07
8.901669e-07
3.1052238e-07
8.1118744e-07
3.3383733e-07
7.0253636e-07
3.5114946e-07
5.8500107e-07
3.6348746e-07
4.7777598e-07
3.7259721e-07
3.9689109e-07
3.8056773e-07
3.4905338e-07
3.8914632e-07
3.4676755e-07
3.9419358e-07
3.1453929e-07
3.2333838e-07
-1.6119459e-06
-8.2484591e-06
1.5949533e-11
1.8431079e-09
6.5217905e-11
5.5583645e-09
1.4968824e-10
9.3368539e-09
2.7379759e-10
1.3249009e-08
4.4357957e-10
1.7357785e-08
6.6810396e-10
2.1745108e-08
9.6000742e-10
2.6521515e-08
1.3356828e-09
3.1828278e-08
1.8181099e-09
3.7830391e-08
2.4371941e-09
4.4770565e-08
3.232278e-09
5.2931142e-08
4.2572847e-09
6.2700089e-08
5.5803028e-09
7.4548212e-08
7.2925359e-09
8.9077667e-08
9.5128912e-09
1.0706308e-07
1.2392418e-08
1.2935612e-07
1.6128883e-08
1.5707323e-07
2.0969976e-08
1.9142396e-07
2.7226428e-08
2.3363315e-07
3.5276708e-08
2.8506747e-07
4.5567555e-08
3.4660871e-07
5.8604108e-08
4.1870552e-07
7.4906413e-08
5.0063592e-07
9.4955191e-08
5.8994955e-07
1.1906e-07
6.8194055e-07
1.472166e-07
7.6903615e-07
1.7891348e-07
8.4112056e-07
2.1297905e-07
8.8658668e-07
2.475705e-07
8.9493169e-07
2.803879e-07
8.6040652e-07
3.0918537e-07
7.8555096e-07
3.3245585e-07
6.8253083e-07
3.4991918e-07
5.7090666e-07
3.6252953e-07
4.6863835e-07
3.7194184e-07
3.9105333e-07
3.8016318e-07
3.4449081e-07
3.8893832e-07
3.4160744e-07
3.9408924e-07
3.120557e-07
3.2343472e-07
-1.5426387e-06
-7.9352895e-06
1.6087474e-11
1.8787356e-09
6.5831239e-11
5.6637623e-09
1.511644e-10
9.5100953e-09
2.7659306e-10
1.348559e-08
4.4829692e-10
1.7651528e-08
6.755147e-10
2.2086788e-08
9.7114579e-10
2.6898232e-08
1.3519389e-09
3.2223301e-08
1.8412894e-09
3.8220336e-08
2.469714e-09
4.5124929e-08
3.2772496e-09
5.32099e-08
4.3187012e-09
6.2848461e-08
5.6632392e-09
7.4497038e-08
7.4032582e-09
8.8734579e-08
9.659068e-09
1.0630778e-07
1.2582934e-08
1.2803638e-07
1.6373796e-08
1.5499014e-07
2.1279792e-08
1.8832939e-07
2.7610428e-08
2.2921763e-07
3.5741463e-08
2.7895527e-07
4.611285e-08
3.3835989e-07
5.9218517e-08
4.0782618e-07
7.5561941e-08
4.8662261e-07
9.5601062e-08
5.7234435e-07
1.1962052e-07
6.6045884e-07
1.4759349e-07
7.4370478e-07
1.7899985e-07
8.1245967e-07
2.1268473e-07
8.5575117e-07
2.4685765e-07
8.6371209e-07
2.7930061e-07
8.3102078e-07
3.0785892e-07
7.6015388e-07
3.3108128e-07
6.6257364e-07
3.4868149e-07
5.566756e-07
3.6154424e-07
4.5924856e-07
3.7123824e-07
3.8493413e-07
3.7969436e-07
3.396937e-07
3.8865309e-07
3.362639e-07
3.9391154e-07
3.0946426e-07
3.234794e-07
-1.4735556e-06
-7.6220456e-06
1.6221376e-11
1.9142419e-09
6.6432982e-11
5.7687294e-09
1.5261579e-10
9.6825496e-09
2.7933974e-10
1.3720965e-08
4.5292967e-10
1.7943498e-08
6.8278638e-10
2.2425965e-08
9.8206571e-10
2.7271465e-08
1.3678673e-09
3.2613507e-08
1.863985e-09
3.8603726e-08
2.501536e-09
4.5470407e-08
3.3212361e-09
5.3476753e-08
4.3787356e-09
6.2981071e-08
5.7442697e-09
7.4425177e-08
7.5113798e-09
8.8364739e-08
9.8017305e-09
1.0551831e-07
1.2768778e-08
1.2667384e-07
1.6612584e-08
1.5285452e-07
2.1581685e-08
1.8517215e-07
2.7984428e-08
2.2473047e-07
3.6193938e-08
2.7276508e-07
4.6643646e-08
3.3003327e-07
5.9816737e-08
3.9687996e-07
7.6200936e-08
4.725691e-07
9.6232549e-08
5.5474724e-07
1.2017284e-07
6.3905692e-07
1.4797397e-07
7.185459e-07
1.7910808e-07
7.8407171e-07
2.124367e-07
8.2527262e-07
2.4621857e-07
8.3288425e-07
2.7831261e-07
8.019847e-07
3.0664877e-07
7.3497969e-07
3.298276e-07
6.4266077e-07
3.475572e-07
5.4231595e-07
3.6065758e-07
4.4962197e-07
3.7061648e-07
3.7855085e-07
3.7929433e-07
3.3467572e-07
3.8842599e-07
3.3074816e-07
3.9379836e-07
3.0675895e-07
3.2358394e-07
-1.4046925e-06
-7.3086624e-06
1.6345268e-11
1.9496276e-09
6.6999336e-11
5.8732635e-09
1.5398838e-10
9.8542134e-09
2.8193849e-10
1.3955135e-08
4.573167e-10
1.8233707e-08
6.8967695e-10
2.2762674e-08
9.9241881e-10
2.7641274e-08
1.3829827e-09
3.2998997e-08
1.8855359e-09
3.8980733e-08
2.5317728e-09
4.5807256e-08
3.3630593e-09
5.3732087e-08
4.4358365e-09
6.3098478e-08
5.8213609e-09
7.4333407e-08
7.6142455e-09
8.7969208e-08
9.9374208e-09
1.0469611e-07
1.2945464e-08
1.2527041e-07
1.6839434e-08
1.5066884e-07
2.186812e-08
1.8195544e-07
2.8338708e-08
2.2017559e-07
3.6621636e-08
2.665016e-07
4.714392e-08
3.2163421e-07
6.0378309e-08
3.8587259e-07
7.6797425e-08
4.5848081e-07
9.6816908e-08
5.3716242e-07
1.2067602e-07
6.1773633e-07
1.4830735e-07
6.9355698e-07
1.7917637e-07
7.55949e-07
2.1216093e-07
7.9513832e-07
2.4556663e-07
8.0243276e-07
2.7732522e-07
7.7328427e-07
3.0544593e-07
7.1002114e-07
3.2857788e-07
6.2279496e-07
3.4642387e-07
5.278401e-07
3.5974345e-07
4.3977637e-07
3.6994762e-07
3.719225e-07
3.7883111e-07
3.2945229e-07
3.8812197e-07
3.250733e-07
3.9361149e-07
3.0393593e-07
3.2363695e-07
-1.3360718e-06
-6.9951812e-06
1.6464606e-11
1.9849059e-09
6.7552987e-11
5.9773987e-09
1.5533466e-10
1.0025144e-08
2.8448562e-10
1.4188187e-08
4.6161398e-10
1.8522273e-08
6.9642042e-10
2.3097068e-08
1.0025417e-09
2.800786e-08
1.3977538e-09
3.3380016e-08
1.9065809e-09
3.9351669e-08
2.561282e-09
4.6135867e-08
3.403858e-09
5.3976382e-08
4.4915062e-09
6.3201288e-08
5.8964862e-09
7.422248e-08
7.7144402e-09
8.7548928e-08
1.0069522e-08
1.0384234e-07
1.3117408e-08
1.2382751e-07
1.7060105e-08
1.4843482e-07
2.2146628e-08
1.7868131e-07
2.8683082e-08
2.1555528e-07
3.7037304e-08
2.6016729e-07
4.7630184e-08
3.1316504e-07
6.0924507e-08
3.7480579e-07
7.737859e-08
4.4435811e-07
9.7388498e-08
5.1958773e-07
1.211729e-07
5.9649105e-07
1.4864619e-07
6.6872671e-07
1.7926788e-07
7.2807426e-07
2.1193163e-07
7.6532549e-07
2.4498707e-07
7.723322e-07
2.7643411e-07
7.4489609e-07
3.0435552e-07
6.8526263e-07
3.2744543e-07
6.0297194e-07
3.4540163e-07
5.1325481e-07
3.5892726e-07
4.2972549e-07
3.6936125e-07
3.6506514e-07
3.7843733e-07
3.2403706e-07
3.8787593e-07
3.1925135e-07
3.9348863e-07
3.0098952e-07
3.2374979e-07
-1.2676904e-06
-6.681533e-06
1.6573401e-11
2.0200781e-09
6.8069774e-11
6.0811337e-09
1.5659968e-10
1.019534e-08
2.8688004e-10
1.4420129e-08
4.6565775e-10
1.8809213e-08
7.0277017e-10
2.3429184e-08
1.0120789e-09
2.8371292e-08
1.4116859e-09
3.3756681e-08
1.9264451e-09
3.9716716e-08
2.5891564e-09
4.6456519e-08
3.4424274e-09
5.4210037e-08
4.544156e-09
6.3290076e-08
5.9675607e-09
7.4093193e-08
7.8092417e-09
8.710499e-08
1.0194489e-08
1.0295849e-07
1.3280013e-08
1.2234705e-07
1.7268615e-08
1.4615499e-07
2.2409487e-08
1.7535292e-07
2.900759e-08
2.1087342e-07
3.7428145e-08
2.5376674e-07
4.8086057e-08
3.0463094e-07
6.1434463e-08
3.6368502e-07
7.7918e-08
4.3020607e-07
9.7914096e-08
5.0202698e-07
1.2162208e-07
5.7532232e-07
1.4893947e-07
6.4405249e-07
1.7932065e-07
7.0044017e-07
2.1167493e-07
7.3582228e-07
2.4439376e-07
7.4256841e-07
2.7554147e-07
7.168074e-07
3.0326956e-07
6.6069758e-07
3.2631438e-07
5.8319417e-07
3.4436893e-07
4.9857133e-07
3.5808355e-07
4.1948578e-07
3.6872877e-07
3.5799669e-07
3.7798121e-07
3.1844562e-07
3.8755269e-07
3.1329649e-07
3.9329159e-07
2.9791612e-07
3.2381063e-07
-1.1995708e-06
-6.367755e-06
1.6677196e-11
2.0551577e-09
6.8572858e-11
6.184503e-09
1.5783702e-10
1.0364858e-08
2.8921993e-10
1.4651047e-08
4.6960691e-10
1.9094644e-08
7.0896565e-10
2.3759178e-08
1.0213756e-09
2.8731768e-08
1.4252579e-09
3.4129238e-08
1.9457824e-09
4.007619e-08
2.6162751e-09
4.6769602e-08
3.4799361e-09
5.4433534e-08
4.5953292e-09
6.3365458e-08
6.0366134e-09
7.3946306e-08
7.9013088e-09
8.6638346e-08
1.0315801e-08
1.0204572e-07
1.3437833e-08
1.2083043e-07
1.7470883e-08
1.4383108e-07
2.2664422e-08
1.7197226e-07
2.9322285e-08
2.0613222e-07
3.7807196e-08
2.4730229e-07
4.8528377e-08
2.9603404e-07
6.1929801e-08
3.5251173e-07
7.8443188e-08
4.160247e-07
9.8428394e-08
4.8447766e-07
1.2206666e-07
5.5422386e-07
1.4923986e-07
6.1952305e-07
1.7939782e-07
6.7302991e-07
2.1146486e-07
7.0660694e-07
2.4387159e-07
7.1311738e-07
2.7474246e-07
6.8899622e-07
3.0229264e-07
6.3631114e-07
3.2529743e-07
5.6345713e-07
3.434453e-07
4.8379526e-07
3.5733717e-07
4.0906956e-07
3.6817934e-07
3.5073207e-07
3.7759497e-07
3.1269173e-07
3.8728669e-07
3.0722194e-07
3.9315786e-07
2.9470994e-07
3.239305e-07
-1.13171e-06
-6.0537739e-06
1.6769972e-11
2.0901465e-09
6.9037781e-11
6.2875064e-09
1.589908e-10
1.0533696e-08
2.9140309e-10
1.4880949e-08
4.7329506e-10
1.9378589e-08
7.1475611e-10
2.408709e-08
1.0300699e-09
2.9089367e-08
1.4379664e-09
3.449781e-08
1.9639046e-09
4.0430285e-08
2.641713e-09
4.7075409e-08
3.5151535e-09
5.4647297e-08
4.6434015e-09
6.3428032e-08
6.1015138e-09
7.3782645e-08
7.9878572e-09
8.6150107e-08
1.0429836e-08
1.0110552e-07
1.3586144e-08
1.192796e-07
1.7660795e-08
1.4146564e-07
2.2903531e-08
1.6854247e-07
2.9616988e-08
2.013355e-07
3.8161382e-08
2.4077843e-07
4.8940434e-08
2.8737936e-07
6.2389274e-08
3.4129111e-07
7.8927306e-08
4.0181877e-07
9.8897731e-08
4.6694323e-07
1.2246486e-07
5.3319665e-07
1.4949605e-07
5.9513571e-07
1.7943731e-07
6.4583646e-07
2.1122769e-07
6.7766837e-07
2.4333488e-07
6.8396599e-07
2.7394003e-07
6.6145087e-07
3.0131772e-07
6.1209731e-07
3.2427968e-07
5.4376305e-07
3.4251003e-07
4.6893682e-07
3.565633e-07
3.9849208e-07
3.6758475e-07
3.4328827e-07
3.7714705e-07
3.0679127e-07
3.869426e-07
3.0104343e-07
3.9294929e-07
2.9136712e-07
3.2399689e-07
-1.0641303e-06
-5.7396221e-06
1.685744e-11
2.1250585e-09
6.9488035e-11
6.3901786e-09
1.6011598e-10
1.0701913e-08
2.9352918e-10
1.5109926e-08
4.7688418e-10
1.9661167e-08
7.2038545e-10
2.4413079e-08
1.0385125e-09
2.9444293e-08
1.450301e-09
3.4862651e-08
1.9814804e-09
4.0779321e-08
2.6663688e-09
4.7374342e-08
3.5492763e-09
5.4851819e-08
4.6899554e-09
6.3478424e-08
6.1643405e-09
7.3602978e-08
8.0716187e-09
8.5641221e-08
1.0540174e-08
1.0013905e-07
1.3729582e-08
1.17696e-07
1.7844425e-08
1.3906035e-07
2.3134722e-08
1.6506551e-07
2.9901965e-08
1.9648539e-07
3.8504e-08
2.3419736e-07
4.9339362e-08
2.7866882e-07
6.2834815e-08
3.3002435e-07
7.939821e-08
3.8758796e-07
9.9357081e-08
4.4942085e-07
1.2285997e-07
5.1223421e-07
1.4976083e-07
5.7087926e-07
1.7950223e-07
6.1884344e-07
2.1103726e-07
6.4898574e-07
2.4286821e-07
6.5509148e-07
2.7322895e-07
6.3415058e-07
3.0044889e-07
5.8804189e-07
3.233733e-07
5.241072e-07
3.4168212e-07
4.540006e-07
3.5588628e-07
3.8776441e-07
3.6707373e-07
3.3567921e-07
3.7676925e-07
3.0075828e-07
3.8665431e-07
2.9477584e-07
3.9280311e-07
2.8788136e-07
3.2412024e-07
-9.9682805e-07
-5.4252214e-06
1.6933521e-11
2.1598959e-09
6.9899015e-11
6.4925199e-09
1.6115594e-10
1.0869508e-08
2.9549473e-10
1.5337987e-08
4.802057e-10
1.9942402e-08
7.2559872e-10
2.4737193e-08
1.0463374e-09
2.9796626e-08
1.4617485e-09
3.5223889e-08
1.9978106e-09
4.1123498e-08
2.6893009e-09
4.7666697e-08
3.5810505e-09
5.5047527e-08
4.7333362e-09
6.3517239e-08
6.2229253e-09
7.3408142e-08
8.1497613e-09
8.5112816e-08
1.0643099e-08
9.9147848e-08
1.3863321e-08
1.1608163e-07
1.8015535e-08
1.3661775e-07
2.334993e-08
1.6154449e-07
3.0166837e-08
1.9158567e-07
3.8821726e-08
2.2756348e-07
4.9708148e-08
2.6990728e-07
6.3244834e-08
3.1871641e-07
7.9828664e-08
3.7333679e-07
9.9772394e-08
4.3191369e-07
1.2320983e-07
4.9133729e-07
1.499826e-07
5.4675099e-07
1.7953041e-07
5.9204409e-07
2.1082001e-07
6.2054864e-07
2.4238633e-07
6.2648167e-07
2.7251284e-07
6.0708461e-07
2.9957999e-07
5.6413934e-07
3.2246426e-07
5.0449157e-07
3.4084162e-07
4.3899592e-07
3.5518188e-07
3.7690073e-07
3.6651852e-07
3.2792102e-07
3.7633025e-07
2.9460915e-07
3.8628636e-07
2.8843694e-07
3.9258117e-07
2.8424807e-07
3.241869e-07
-9.2982389e-07
-5.1106002e-06
1.7004123e-11
2.1946728e-09
7.02946e-11
6.5945668e-09
1.6216623e-10
1.1036539e-08
2.9740134e-10
1.5565222e-08
4.8342386e-10
2.0222416e-08
7.3064458e-10
2.5059589e-08
1.0539012e-09
3.0146571e-08
1.4728078e-09
3.5581785e-08
2.013576e-09
4.146314e-08
2.7114269e-09
4.7952884e-08
3.6116993e-09
5.5234922e-08
4.775164e-09
6.3545107e-08
6.2794022e-09
7.3198909e-08
8.2250707e-09
8.4565853e-08
1.0742231e-08
9.8133111e-08
1.3992127e-08
1.1443791e-07
1.8180331e-08
1.3413949e-07
2.3557227e-08
1.5798133e-07
3.0422065e-08
1.866384e-07
3.9128088e-08
2.2087886e-07
5.0064186e-08
2.6109647e-07
6.3641545e-08
3.0736824e-07
8.0246797e-08
3.5906465e-07
1.0017889e-07
4.1441865e-07
1.2355797e-07
4.7049923e-07
1.5021424e-07
5.2273975e-07
1.7958491e-07
5.6542243e-07
2.106496e-07
5.92337e-07
2.4197355e-07
5.9811483e-07
2.718861e-07
5.8023319e-07
2.9881464e-07
5.4037602e-07
3.2166427e-07
4.8491122e-07
3.401071e-07
4.2392643e-07
3.5457407e-07
3.6591099e-07
3.6604752e-07
3.2002672e-07
3.7596152e-07
2.8835838e-07
3.8597204e-07
2.8204394e-07
3.9242048e-07
2.8045988e-07
3.2430614e-07
-8.631118e-07
-4.7956772e-06
1.7063249e-11
2.2293914e-09
7.06499e-11
6.6963205e-09
1.6308966e-10
1.1203006e-08
2.9914415e-10
1.5791644e-08
4.8636784e-10
2.0501236e-08
7.3526443e-10
2.5380321e-08
1.0608319e-09
3.0494216e-08
1.4829586e-09
3.5936474e-08
2.0280672e-09
4.1798455e-08
2.7317916e-09
4.8233214e-08
3.6399504e-09
5.5414449e-08
4.813764e-09
6.3562646e-08
6.3315587e-09
7.2976142e-08
8.2946324e-09
8.4001505e-08
1.0833796e-08
9.7096397e-08
1.4111101e-08
1.127668e-07
1.833246e-08
1.316281e-07
2.3748404e-08
1.5437915e-07
3.0657081e-08
1.8164732e-07
3.9409535e-08
2.1414785e-07
5.0390194e-08
2.5224114e-07
6.400304e-08
2.9598462e-07
8.0625035e-08
3.4477582e-07
1.0054217e-07
3.9693861e-07
1.2386188e-07
4.4972059e-07
1.5040391e-07
4.9884277e-07
1.7960347e-07
5.3897194e-07
2.1045259e-07
5.6434099e-07
2.4154499e-07
5.6997958e-07
2.7125297e-07
5.5358641e-07
2.9804749e-07
5.1674678e-07
3.2086011e-07
4.6536792e-07
3.393593e-07
4.0880063e-07
3.5393917e-07
3.5480842e-07
3.6553342e-07
3.1201164e-07
3.7553199e-07
2.8202305e-07
3.8557574e-07
2.7561729e-07
3.9218292e-07
2.7651099e-07
3.2436251e-07
-7.9670849e-07
-4.4804807e-06
1.7116914e-11
2.264066e-09
7.0988885e-11
6.7978177e-09
1.6398261e-10
1.1368967e-08
3.0082532e-10
1.6017345e-08
4.8920293e-10
2.077899e-08
7.3970857e-10
2.569955e-08
1.0674906e-09
3.0839773e-08
1.4927052e-09
3.6288221e-08
2.0419767e-09
4.2129775e-08
2.7513302e-09
4.8508104e-08
3.667051e-09
5.5586619e-08
4.8507734e-09
6.3570499e-08
6.3815428e-09
7.2740643e-08
8.3612795e-09
8.3420761e-08
1.0921519e-08
9.6038889e-08
1.4225097e-08
1.1106973e-07
1.8478245e-08
1.2908525e-07
2.3931671e-08
1.5073983e-07
3.0882527e-08
1.7661443e-07
3.9679797e-08
2.0737241e-07
5.0703792e-08
2.4334288e-07
6.4351778e-08
2.8456628e-07
8.0991741e-08
3.3046946e-07
1.0089765e-07
3.7947025e-07
1.2416521e-07
4.2899458e-07
1.5060458e-07
4.7504898e-07
1.7964913e-07
5.1267698e-07
2.1030251e-07
5.3654127e-07
2.4118472e-07
5.4205509e-07
2.7070753e-07
5.2712535e-07
2.9738178e-07
4.932384e-07
3.2016311e-07
4.4585653e-07
3.3871644e-07
3.9362131e-07
3.5340083e-07
3.4360194e-07
3.6510439e-07
3.038879e-07
3.7517285e-07
2.7561842e-07
3.8523013e-07
2.6917727e-07
3.9200513e-07
2.7239251e-07
3.2446317e-07
-7.3060238e-07
-4.1649338e-06
1.7159213e-11
2.2986997e-09
7.1285689e-11
6.8990653e-09
1.6478555e-10
1.1534431e-08
3.0233583e-10
1.6242351e-08
4.9175028e-10
2.1055723e-08
7.4370894e-10
2.6017343e-08
1.0734929e-09
3.1183352e-08
1.5015121e-09
3.6637184e-08
2.0545761e-09
4.2457329e-08
2.7690634e-09
4.8777888e-08
3.6916978e-09
5.5751909e-08
4.8844689e-09
6.3569343e-08
6.4271029e-09
7.2493319e-08
8.4220793e-09
8.2824813e-08
1.1001572e-08
9.4962172e-08
1.4329134e-08
1.0934871e-07
1.8611227e-08
1.2651349e-07
2.409869e-08
1.4706652e-07
3.1087667e-08
1.7154346e-07
3.9925123e-08
2.0055683e-07
5.0987453e-08
2.3440633e-07
6.4665567e-08
2.7311787e-07
8.1319025e-08
3.1614965e-07
1.0121061e-07
3.6201628e-07
1.2442519e-07
4.083216e-07
1.5076418e-07
4.513556e-07
1.7965954e-07
4.8653125e-07
2.1012601e-07
5.0892849e-07
2.4080818e-07
5.1433069e-07
2.7015458e-07
5.0084076e-07
2.9671283e-07
4.6984606e-07
3.1946075e-07
4.2637859e-07
3.3805991e-07
3.7839621e-07
3.5283593e-07
3.3230389e-07
3.6463362e-07
2.9567008e-07
3.747534e-07
2.6916244e-07
3.8479945e-07
2.6274793e-07
3.9174903e-07
2.68097e-07
3.2448956e-07
-6.6480146e-07
-3.8490773e-06
1.7196236e-11
2.3333118e-09
7.1563018e-11
7.0001189e-09
1.655519e-10
1.1699483e-08
3.0377393e-10
1.6466793e-08
4.9416981e-10
2.1331613e-08
7.4751213e-10
2.6333921e-08
1.0791979e-09
3.1525227e-08
1.5098859e-09
3.698371e-08
2.0665616e-09
4.2781531e-08
2.7859323e-09
4.9043076e-08
3.7151473e-09
5.5910935e-08
4.9165279e-09
6.3559918e-08
6.4704483e-09
7.2235081e-08
8.4799276e-09
8.2214762e-08
1.1077736e-08
9.3867562e-08
1.4428147e-08
1.0760529e-07
1.8737831e-08
1.2391462e-07
2.4257798e-08
1.4336119e-07
3.1283293e-08
1.6643648e-07
4.0159412e-08
1.937031e-07
5.1258993e-08
2.2543306e-07
6.4967064e-08
2.6164005e-07
8.1635456e-08
3.0181548e-07
1.0151665e-07
3.4457326e-07
1.2468558e-07
3.8769486e-07
1.5093569e-07
4.2775172e-07
1.7969767e-07
4.6051953e-07
2.0999648e-07
4.8148401e-07
2.404992e-07
4.8678639e-07
2.6968787e-07
4.7471459e-07
2.9614356e-07
4.4655701e-07
3.1886401e-07
4.0692887e-07
3.375076e-07
3.6312747e-07
3.5236789e-07
3.2092239e-07
3.6424916e-07
2.8736953e-07
3.7440466e-07
2.6267155e-07
3.8441578e-07
2.5635372e-07
3.9155071e-07
2.6361407e-07
3.2454506e-07
-5.9928134e-07
-3.5328596e-06
1.7222593e-11
2.3679236e-09
7.1795587e-11
7.1010455e-09
1.6622395e-10
1.1864226e-08
3.0503384e-10
1.6690831e-08
4.9628913e-10
2.1606879e-08
7.5085698e-10
2.6649562e-08
1.0842293e-09
3.1865752e-08
1.5172987e-09
3.7328242e-08
2.0772109e-09
4.3102927e-08
2.8009613e-09
4.9304363e-08
3.736096e-09
5.6064565e-08
4.9452242e-09
6.3543311e-08
6.5093048e-09
7.1967284e-08
8.5318442e-09
8.159229e-08
1.1146124e-08
9.2757145e-08
1.4517077e-08
1.0584202e-07
1.8851502e-08
1.2129171e-07
2.4400529e-08
1.3962753e-07
3.1458513e-08
1.6129775e-07
4.0368723e-08
1.8681601e-07
5.1500656e-08
2.1642817e-07
6.5233809e-08
2.5013785e-07
8.1912839e-08
2.8747135e-07
1.0178073e-07
3.2714422e-07
1.2490331e-07
3.6711512e-07
1.5106683e-07
4.0423504e-07
1.7970106e-07
4.3463618e-07
2.0984062e-07
4.541994e-07
2.4017349e-07
4.5941259e-07
2.6921264e-07
4.4873861e-07
2.9556982e-07
4.2336719e-07
3.1826096e-07
3.8750925e-07
3.3694146e-07
3.4782269e-07
3.5187407e-07
3.0946954e-07
3.638247e-07
2.7900068e-07
3.7399631e-07
2.5616565e-07
3.8394328e-07
2.5002414e-07
3.9127158e-07
2.5893588e-07
3.2450565e-07
-5.3402917e-07
-3.2163677e-06
1.7245739e-11
2.4026215e-09
7.2010169e-11
7.2021096e-09
1.6686376e-10
1.2029093e-08
3.0622744e-10
1.691508e-08
4.9828828e-10
2.188232e-08
7.5400977e-10
2.6965244e-08
1.0889662e-09
3.22061e-08
1.524276e-09
3.7672144e-08
2.0872382e-09
4.3423091e-08
2.8151101e-09
4.9563545e-08
3.7558223e-09
5.6214819e-08
4.9722473e-09
6.3521792e-08
6.5458977e-09
7.1692471e-08
8.5807458e-09
8.0960217e-08
1.1210553e-08
9.1634054e-08
1.4600906e-08
1.0406233e-07
1.8958725e-08
1.1864849e-07
2.4535301e-08
1.3586947e-07
3.1624207e-08
1.5613129e-07
4.056706e-08
1.7989952e-07
5.1730356e-08
2.0739516e-07
6.5488565e-08
2.3861381e-07
8.2179818e-08
2.7311819e-07
1.0203848e-07
3.0972755e-07
1.2512211e-07
3.4657743e-07
1.5121049e-07
3.807966e-07
1.7973249e-07
4.0886814e-07
2.0973154e-07
4.2705843e-07
2.399145e-07
4.3219193e-07
2.6882222e-07
4.2289745e-07
2.9509404e-07
4.0026635e-07
3.1776205e-07
3.6811669e-07
3.3647884e-07
3.3248588e-07
3.5147743e-07
2.9795535e-07
3.6348802e-07
2.7057691e-07
3.7365911e-07
2.4966565e-07
3.8351317e-07
2.437924e-07
3.9104568e-07
2.5405561e-07
3.2446768e-07
-4.689856e-07
-2.8996281e-06
1.7262642e-11
2.4376469e-09
7.2183541e-11
7.3040533e-09
1.6741444e-10
1.2195308e-08
3.0724867e-10
1.714127e-08
4.999918e-10
2.2160172e-08
7.5670354e-10
2.7283704e-08
1.0930203e-09
3.254952e-08
1.530273e-09
3.8019192e-08
2.0958954e-09
4.3746324e-08
2.8273681e-09
4.9825478e-08
3.7729789e-09
5.6367127e-08
4.9958149e-09
6.3501388e-08
6.5778826e-09
7.141731e-08
8.6235671e-09
8.0325882e-08
1.1267027e-08
9.050634e-08
1.467444e-08
1.02275e-07
1.9052772e-08
1.1599451e-07
2.4653426e-08
1.3209736e-07
3.1769215e-08
1.5094816e-07
4.0740145e-08
1.7296525e-07
5.1929938e-08
1.9834595e-07
6.5708397e-08
2.2707977e-07
8.2407664e-08
2.5876713e-07
1.0225428e-07
2.923329e-07
1.2529829e-07
3.2608916e-07
1.5131375e-07
3.5744078e-07
1.7972892e-07
3.8321663e-07
2.0959545e-07
4.0005985e-07
2.3963753e-07
4.0512235e-07
2.6842151e-07
3.971908e-07
2.9461177e-07
3.7725865e-07
3.1725497e-07
3.4876152e-07
3.360012e-07
3.1713339e-07
3.5105476e-07
2.8640123e-07
3.6311222e-07
2.6212259e-07
3.7326213e-07
2.432045e-07
3.8298846e-07
2.3770639e-07
3.9072975e-07
2.489816e-07
3.2429723e-07
-4.0407452e-07
-2.5828566e-06
1.7287293e-11
2.4737045e-09
7.2346572e-11
7.409037e-09
1.6793317e-10
1.2366463e-08
3.0819789e-10
1.7374431e-08
5.0156006e-10
2.24469e-08
7.5917979e-10
2.7612827e-08
1.0967407e-09
3.2905323e-08
1.5357778e-09
3.8380106e-08
2.1038527e-09
4.4084748e-08
2.8386417e-09
5.0103678e-08
3.7887769e-09
5.6536385e-08
5.0175376e-09
6.3498346e-08
6.6073869e-09
7.1159379e-08
8.6631062e-09
7.9708134e-08
1.1319216e-08
8.9394082e-08
1.4742478e-08
1.0050126e-07
1.9139904e-08
1.1335203e-07
2.4763045e-08
1.283343e-07
3.1904073e-08
1.4577204e-07
4.0901557e-08
1.6603715e-07
5.2116792e-08
1.8930427e-07
6.5915407e-08
2.1555856e-07
8.2624209e-08
2.4443936e-07
1.0246275e-07
2.749789e-07
1.2547438e-07
3.0566561e-07
1.5142804e-07
3.34179e-07
1.7975143e-07
3.5768936e-07
2.095035e-07
3.7320884e-07
2.3942381e-07
3.7820888e-07
2.6810134e-07
3.7162688e-07
2.9422262e-07
3.543588e-07
3.1684704e-07
3.2946721e-07
3.3562245e-07
3.0179745e-07
3.5072538e-07
2.7484743e-07
3.6282134e-07
2.536834e-07
3.7293219e-07
2.3684029e-07
3.8249564e-07
2.3184393e-07
3.9044555e-07
2.4375632e-07
3.2407714e-07
-3.3912374e-07
-2.2662871e-06
1.7335866e-11
2.5124555e-09
7.2493646e-11
7.5221672e-09
1.6835604e-10
1.255108e-08
3.0894698e-10
1.7626473e-08
5.0278013e-10
2.2757807e-08
7.6111708e-10
2.7971286e-08
1.0996655e-09
3.3295547e-08
1.5401466e-09
3.8780274e-08
2.1102325e-09
4.4467067e-08
2.8477534e-09
5.0430162e-08
3.8016522e-09
5.6757862e-08
5.0353561e-09
6.3551154e-08
6.6317154e-09
7.0960336e-08
8.6958534e-09
7.9151727e-08
1.1362565e-08
8.8345035e-08
1.479913e-08
9.8791722e-08
1.9212528e-08
1.1077434e-07
2.48544e-08
1.2463602e-07
3.2016293e-08
1.4066078e-07
4.1035396e-08
1.5917478e-07
5.227079e-08
1.8033081e-07
6.6084288e-08
2.0411133e-07
8.2797905e-08
2.3019569e-07
1.0262495e-07
2.5772508e-07
1.2560287e-07
2.8536428e-07
1.5149619e-07
3.1106627e-07
1.7973229e-07
3.3233906e-07
2.0937675e-07
3.4655728e-07
2.3918308e-07
3.5150496e-07
2.6776049e-07
3.4626412e-07
2.9381535e-07
3.3163366e-07
3.164184e-07
3.1031135e-07
3.352156e-07
2.8656655e-07
3.5035688e-07
2.633925e-07
3.6247855e-07
2.4536588e-07
3.72528e-07
2.3069577e-07
3.8188592e-07
2.2635399e-07
3.9002237e-07
2.3850862e-07
3.2365622e-07
-2.738773e-07
-1.950468e-06
1.7463867e-11
2.556899e-09
7.2698005e-11
7.6527169e-09
1.687259e-10
1.2764689e-08
3.0954766e-10
1.7919053e-08
5.0372918e-10
2.3120703e-08
7.6263485e-10
2.8393019e-08
1.1019736e-09
3.376024e-08
1.5436383e-09
3.9265818e-08
2.1154048e-09
4.4945421e-08
2.8552203e-09
5.0863033e-08
3.8123206e-09
5.7095541e-08
5.0502551e-09
6.3729555e-08
6.6522126e-09
7.0895562e-08
8.7236363e-09
7.8737469e-08
1.1399547e-08
8.7445207e-08
1.4847717e-08
9.7237269e-08
1.9275087e-08
1.0835681e-07
2.4933399e-08
1.211019e-07
3.2113686e-08
1.3571711e-07
4.1151907e-08
1.5248347e-07
5.2405259e-08
1.7153256e-07
6.6232226e-08
1.9284566e-07
8.2950666e-08
2.1614317e-07
1.0276849e-07
2.4067692e-07
1.2571802e-07
2.652883e-07
1.5156002e-07
2.8820317e-07
1.7972164e-07
3.0726466e-07
2.0927408e-07
3.202049e-07
2.3898281e-07
3.25115e-07
2.6747452e-07
3.2121644e-07
2.9347269e-07
3.0921141e-07
3.160578e-07
2.914395e-07
3.3487427e-07
2.7160417e-07
3.5004689e-07
2.5221666e-07
3.6218471e-07
2.3736426e-07
3.7215204e-07
2.2498775e-07
3.8125854e-07
2.2148893e-07
3.8952419e-07
2.3350182e-07
3.2309999e-07
-2.0797268e-07
-1.6361657e-06
1.773344e-11
2.6094541e-09
7.2996518e-11
7.8084244e-09
1.6890819e-10
1.3020394e-08
3.0970768e-10
1.8270366e-08
5.0392535e-10
2.3558953e-08
7.6301664e-10
2.890656e-08
1.102658e-09
3.4333126e-08
1.5448819e-09
3.9875651e-08
2.1175517e-09
4.5563893e-08
2.8586727e-09
5.1451549e-08
3.8177306e-09
5.7603823e-08
5.0583471e-09
6.4093042e-08
6.6639613e-09
7.102959e-08
8.7402681e-09
7.8534829e-08
1.14224e-08
8.676888e-08
1.4878534e-08
9.5916796e-08
1.931546e-08
1.061827e-07
2.4984918e-08
1.1781919e-07
3.2177426e-08
1.3103175e-07
4.1227703e-08
1.4605683e-07
5.2491245e-08
1.6300522e-07
6.6323537e-08
1.8185844e-07
8.3038772e-08
2.0237891e-07
1.0284025e-07
2.2393074e-07
1.2575591e-07
2.4553264e-07
1.5154364e-07
2.656832e-07
1.7963067e-07
2.825592e-07
2.0909318e-07
2.9424693e-07
2.3870699e-07
2.9914047e-07
2.6711402e-07
2.9659649e-07
2.9305263e-07
2.8722042e-07
3.1561205e-07
2.7299842e-07
3.3443555e-07
2.5707536e-07
3.4962503e-07
2.4150045e-07
3.6176272e-07
2.2987217e-07
3.7162165e-07
2.1992876e-07
3.804209e-07
2.174994e-07
3.8871749e-07
2.2902067e-07
3.2223045e-07
-1.4121603e-07
-1.3247994e-06
1.8174694e-11
2.6624342e-09
7.3339639e-11
7.9668332e-09
1.6856553e-10
1.3281128e-08
3.0877164e-10
1.8628341e-08
5.0232663e-10
2.4005647e-08
7.6075703e-10
2.9430235e-08
1.0996681e-09
3.4917883e-08
1.5411979e-09
4.0498926e-08
2.1132871e-09
4.6197216e-08
2.8539442e-09
5.2056217e-08
3.8128681e-09
5.8129184e-08
5.0537223e-09
6.447427e-08
6.6601313e-09
7.1181514e-08
8.7380021e-09
7.834962e-08
1.1422501e-08
8.6108937e-08
1.4882174e-08
9.4610579e-08
1.932361e-08
1.0402002e-07
2.4998515e-08
1.1454405e-07
3.2196982e-08
1.2634926e-07
4.1252572e-08
1.3962807e-07
5.2519367e-08
1.5447074e-07
6.6350264e-08
1.7086026e-07
8.3056346e-08
1.8860195e-07
1.0283711e-07
2.071736e-07
1.2571691e-07
2.2577203e-07
1.5145145e-07
2.4316858e-07
1.7946852e-07
2.5787262e-07
2.0884817e-07
2.6832291e-07
2.3837455e-07
2.7321323e-07
2.6670218e-07
2.7203144e-07
2.9258168e-07
2.6528556e-07
3.1511002e-07
2.5461076e-07
3.3392939e-07
2.4259839e-07
3.4912219e-07
2.3085168e-07
3.6124365e-07
2.22484e-07
3.7096802e-07
2.1509871e-07
3.7940058e-07
2.1397847e-07
3.8757583e-07
2.2471161e-07
3.2107634e-07
-7.4436259e-08
-1.0185644e-06
1.8599077e-11
2.6745617e-09
7.2990998e-11
8.0046139e-09
1.6599796e-10
1.3341752e-08
3.0369018e-10
1.8705696e-08
4.9413271e-10
2.4091599e-08
7.4887955e-10
2.951317e-08
1.0834037e-09
3.4982235e-08
1.5198867e-09
4.0522311e-08
2.086311e-09
4.6151372e-08
2.8205956e-09
5.1902884e-08
3.7725806e-09
5.7818005e-08
5.0059036e-09
6.3940889e-08
6.6042664e-09
7.0341236e-08
8.6737028e-09
7.7095175e-08
1.1349294e-08
8.430356e-08
1.4799864e-08
9.2083304e-08
1.9231716e-08
1.0056191e-07
2.4896426e-08
1.0990031e-07
3.2083703e-08
1.2022655e-07
4.1125973e-08
1.3168983e-07
5.2376075e-08
1.4436003e-07
6.6184627e-08
1.5822271e-07
8.2860005e-08
1.7312646e-07
1.0259852e-07
1.8866321e-07
1.2542145e-07
2.0420779e-07
1.5108284e-07
2.1880282e-07
1.7901155e-07
2.3128748e-07
2.0829072e-07
2.4045057e-07
2.3771106e-07
2.4528156e-07
2.659375e-07
2.4539462e-07
2.9173073e-07
2.4119918e-07
3.1419491e-07
2.3398099e-07
3.3297119e-07
2.2578403e-07
3.4812696e-07
2.1777789e-07
3.6019132e-07
2.126027e-07
3.6973163e-07
2.0778888e-07
3.7772435e-07
2.0813659e-07
3.8561666e-07
2.17773e-07
3.1920485e-07
-1.1325535e-08
-7.2136684e-07
1.8350189e-11
2.5417933e-09
6.9665121e-11
7.6097789e-09
1.5636762e-10
1.268252e-08
2.8589126e-10
1.7774872e-08
4.6587051e-10
2.2881656e-08
7.0777157e-10
2.8012913e-08
1.0268055e-09
3.3176803e-08
1.4450705e-09
3.8389953e-08
1.9904371e-09
4.3664594e-08
2.7005508e-09
4.902464e-08
3.6251953e-09
5.4499169e-08
4.827774e-09
6.0118724e-08
6.3918253e-09
6.5932996e-08
8.4232774e-09
7.1995948e-08
1.1056911e-08
7.8379637e-08
1.4461628e-08
8.5166958e-08
1.8843298e-08
9.2448594e-08
2.4453282e-08
1.0034018e-07
3.1580909e-08
1.0893194e-07
4.0557588e-08
1.1833108e-07
5.1735139e-08
1.2858734e-07
6.5462221e-08
1.3968963e-07
8.204483e-08
1.5152947e-07
1.0167634e-07
1.6381167e-07
1.2437485e-07
1.7608671e-07
1.4989209e-07
1.8766372e-07
1.7765639e-07
1.9770523e-07
2.0675232e-07
2.0534343e-07
2.3597445e-07
2.0985661e-07
2.6399486e-07
2.1097931e-07
2.8958159e-07
2.0902191e-07
3.1184534e-07
2.0492463e-07
3.3042751e-07
2.0019571e-07
3.4538581e-07
1.9558367e-07
3.5723437e-07
1.9327249e-07
3.6642081e-07
1.9078972e-07
3.7381444e-07
1.9251659e-07
3.8111891e-07
2.0073948e-07
3.1515154e-07
3.9560911e-08
-4.4046589e-07
1.6161609e-11
2.0991775e-09
5.8790658e-11
6.2872705e-09
1.299739e-10
1.0478172e-08
2.3806872e-10
1.4680821e-08
3.9012022e-10
1.8891132e-08
5.9708851e-10
2.3115525e-08
8.7348088e-10
2.7358756e-08
1.2408549e-09
3.1630606e-08
1.7262834e-09
3.5937992e-08
2.3663665e-09
4.0295737e-08
3.209918e-09
4.4721104e-08
4.3189907e-09
4.9231805e-08
5.7756441e-09
5.3858167e-08
7.6842123e-09
5.8632696e-08
1.0177604e-08
6.3599794e-08
1.3422935e-08
6.8809146e-08
1.7623703e-08
7.4316208e-08
2.3029034e-08
8.0192462e-08
2.9925598e-08
8.6491614e-08
3.8641758e-08
9.3280367e-08
4.9526173e-08
1.005887e-07
6.2923637e-08
1.0840913e-07
7.9136024e-08
1.1667468e-07
9.8351787e-08
1.2519997e-07
1.2058382e-07
1.3370589e-07
1.4557875e-07
1.4175994e-07
1.7276025e-07
1.4883802e-07
2.0121151e-07
1.5440283e-07
2.2972893e-07
1.5801065e-07
2.5699033e-07
1.5951e-07
2.8177212e-07
1.5911372e-07
3.0319593e-07
1.5742489e-07
3.2091523e-07
1.5543243e-07
3.3498325e-07
1.5348946e-07
3.4595066e-07
1.533071e-07
3.5410325e-07
1.5257878e-07
3.6034512e-07
1.5513685e-07
3.6641597e-07
1.6160424e-07
3.018683e-07
6.4581612e-08
-1.9267081e-07
1.0667324e-11
1.1924407e-09
3.5889894e-11
3.573242e-09
7.7479777e-11
5.9550997e-09
1.4327737e-10
8.3414162e-09
2.3928532e-10
1.0729774e-08
3.7472914e-10
1.3123537e-08
5.6208619e-10
1.5524258e-08
8.2080189e-10
1.7935311e-08
1.1747421e-09
2.0359526e-08
1.6567564e-09
2.2802958e-08
2.3111582e-09
2.5272063e-08
3.1941393e-09
2.7773591e-08
4.3807542e-09
3.0319809e-08
5.9670111e-09
3.2923326e-08
8.0761583e-09
3.5603015e-08
1.0863734e-08
3.8377972e-08
1.4519824e-08
4.1270953e-08
1.9278534e-08
4.4311783e-08
2.5408972e-08
4.7520873e-08
3.3220881e-08
5.0926426e-08
4.3042988e-08
5.4539859e-08
5.5199822e-08
5.8356983e-08
6.9974327e-08
6.2349244e-08
8.7537417e-08
6.6435478e-08
1.078889e-07
7.0496652e-08
1.3076696e-07
7.4345558e-08
1.5559302e-07
7.7755469e-08
1.8146024e-07
8.0498431e-08
2.0718705e-07
8.2390552e-08
2.3148616e-07
8.338217e-08
2.5318026e-07
8.3586479e-08
2.714421e-07
8.3280049e-08
2.859955e-07
8.2936849e-08
2.9688587e-07
8.2604155e-08
3.0487439e-07
8.3324234e-08
3.0991658e-07
8.3503982e-08
3.1337537e-07
8.5629552e-08
3.1696839e-07
8.9562719e-08
2.5605315e-07
5.0000248e-08
-1.9608125e-08
2.4777235e-12
5.3768812e-12
9.6312869e-12
2.0107284e-11
3.925938e-11
7.262589e-11
1.2719648e-10
2.1421129e-10
3.4795505e-10
5.4827574e-10
8.42166e-10
1.2644207e-09
1.8622903e-09
2.6961173e-09
3.8466316e-09
5.4149259e-09
7.5260232e-09
1.033636e-08
1.4024027e-08
1.8796937e-08
2.4874172e-08
3.2469414e-08
4.1764751e-08
5.2853896e-08
6.5701198e-08
8.0069201e-08
9.5476619e-08
1.1119884e-07
1.2631678e-07
1.398626e-07
1.5099726e-07
1.5918433e-07
1.643987e-07
1.6667869e-07
1.6713611e-07
1.6526052e-07
1.6298465e-07
1.6212979e-07
1.1614265e-07
)
;

boundaryField
{
    piston
    {
        type            calculated;
        value           uniform 0;
    }
    cylinderHead
    {
        type            calculated;
        value           uniform 0;
    }
    cylinderWall
    {
        type            calculated;
        value           uniform 0;
    }
    wedgeFront
    {
        type            wedge;
        value           nonuniform List<scalar> 
4800
(
1.8408761e-16
1.1175471e-16
-5.7385698e-17
-3.7846545e-17
-1.0253962e-16
-2.8042417e-16
-3.1462873e-16
-4.396719e-17
-1.9825882e-16
-2.0698393e-16
-2.4878733e-16
-1.0972128e-16
-2.1908313e-17
8.3519832e-17
1.1111768e-16
2.8491592e-17
-3.3015843e-17
4.8557543e-17
2.7964827e-16
2.7392626e-16
6.4678575e-17
2.6179566e-17
-1.9673481e-16
-8.0660286e-17
8.6788162e-17
1.1253078e-16
-6.1563608e-17
-1.3853959e-16
-6.2120716e-17
-1.7657988e-16
6.910839e-17
-5.6625933e-17
-1.6597081e-16
-1.5621519e-16
7.6056711e-17
1.7648465e-16
7.9549626e-17
-5.2761504e-17
-2.2865931e-16
5.0857556e-17
1.5114903e-16
-9.154654e-17
-1.4385467e-16
-9.3115427e-17
-7.3382728e-17
-1.4798905e-16
-5.2864434e-17
8.7347458e-17
-1.6575801e-16
-1.3942131e-16
-1.7547331e-16
-2.3881243e-16
3.548244e-18
-1.8042817e-16
-1.4886585e-16
5.0045379e-18
1.0462716e-16
-4.5431928e-17
-6.9848941e-17
-2.3456609e-16
-2.3271506e-16
-2.2243072e-16
-2.9678868e-16
-2.8377506e-16
-3.6487713e-16
-1.6665091e-16
-3.082003e-16
-1.0202891e-16
-1.1132406e-16
-1.824569e-16
-2.4703856e-16
-1.8488796e-16
-4.3478842e-17
-1.0056858e-16
-2.0257512e-16
-2.4833848e-17
-8.9385808e-17
-8.791283e-17
-4.1904005e-17
9.5327614e-17
-6.7916155e-17
-3.814569e-16
-1.9380649e-16
-1.73062e-16
-1.2459594e-16
-1.2342216e-16
-1.3013615e-16
-1.8374369e-16
-3.016147e-16
1.5801975e-17
1.0340242e-16
6.8534508e-17
3.2595347e-18
-1.0684424e-16
-1.7971114e-16
-1.8174989e-17
-2.633076e-17
-1.8600755e-16
-2.4376978e-16
-1.6278685e-16
-4.8435919e-17
-8.5278612e-17
-1.8204106e-16
-2.018947e-16
-1.5787799e-16
-1.1685384e-16
-1.348993e-16
-2.0431454e-16
-1.9290207e-16
-1.2944457e-16
-1.2470341e-17
-1.1452211e-16
-1.3052351e-16
-1.5288402e-16
-1.1877375e-16
-1.0956763e-16
-4.7050405e-17
-4.3083723e-17
-5.4480774e-17
-6.1234287e-17
-3.6085295e-16
-5.6094337e-16
-7.381799e-16
-8.1679299e-16
-8.463323e-16
-7.8705278e-16
-7.6015278e-16
-7.4255302e-16
-7.0963698e-16
-6.9673741e-16
-7.2493283e-16
-7.3571054e-16
-7.4828969e-16
-7.3867452e-16
-7.3310702e-16
-6.6681038e-16
-7.2627814e-16
-6.6998254e-16
-6.3735405e-16
-6.2435812e-16
-6.5520525e-16
-6.9972638e-16
-6.3261963e-16
-6.1827207e-16
-6.8729339e-16
-6.7243984e-16
-6.71082e-16
-7.2389727e-16
-6.9947368e-16
-7.2457464e-16
-7.0715564e-16
-7.1694752e-16
-6.7494188e-16
-6.8389482e-16
-6.7117493e-16
-6.8606241e-16
-6.1987709e-16
-5.3288748e-16
-5.7334717e-16
-6.1216433e-16
-6.0559132e-16
-6.9554636e-16
-7.2582933e-16
-6.6906232e-16
-6.4439104e-16
-6.2964449e-16
-6.315836e-16
-6.1888077e-16
-6.163236e-16
-6.0653145e-16
-6.0490271e-16
-6.1115235e-16
-6.2538574e-16
-5.986895e-16
-5.4657017e-16
-5.6072025e-16
-5.7724382e-16
-5.8341514e-16
-6.547335e-16
-7.9153451e-16
-8.4176801e-16
-8.4168933e-16
-8.3828467e-16
-7.8604076e-16
-6.7503625e-16
-7.5095935e-16
-6.6804211e-16
-6.6214204e-16
-6.8707882e-16
-7.3695204e-16
-8.4787202e-16
-8.352057e-16
-8.0408087e-16
-7.2293888e-16
-7.8607045e-16
-7.8934083e-16
-7.8413375e-16
-7.8219243e-16
-7.2321107e-16
-6.9854008e-16
-6.8943913e-16
-7.714752e-16
-8.0226281e-16
-8.3463457e-16
-8.5262298e-16
-8.1496659e-16
-7.8771032e-16
-6.6407325e-16
-6.319451e-16
-7.3302833e-16
-7.7596545e-16
-7.9245084e-16
-8.0219982e-16
-8.4235074e-16
-8.4386205e-16
-9.2505584e-16
-8.6752614e-16
-8.2766943e-16
-8.3218899e-16
-8.1860752e-16
-7.7352876e-16
-7.1328422e-16
-7.6648159e-16
-7.7627017e-16
-7.3972078e-16
-6.7983549e-16
-7.1954473e-16
-7.3820955e-16
-7.1637992e-16
-7.35784e-16
-7.1443703e-16
-7.5692502e-16
-7.8270754e-16
-8.6943233e-16
-8.72463e-16
-8.4853257e-16
-7.5569487e-16
-6.6699835e-16
-5.5445408e-16
-3.3913061e-16
-5.0483038e-18
2.1071436e-17
-1.1300745e-17
1.9833902e-17
-2.7170288e-18
-5.2768351e-17
-3.4124462e-17
5.0629729e-19
-4.8320819e-17
-1.2473515e-16
-1.2729905e-16
-1.0109738e-16
-8.0123174e-17
-5.2697342e-17
-1.0303069e-16
-6.7918212e-17
-1.0819322e-16
-1.0511357e-16
-7.1347305e-17
-1.877009e-17
2.9895078e-17
3.156627e-17
1.3144976e-17
4.1408937e-17
-1.0067437e-17
-3.9269765e-17
-2.3119109e-17
-1.6714378e-17
-3.4868371e-17
-1.201642e-17
-4.3591155e-17
-3.9644655e-17
-1.8507746e-17
-3.8171907e-17
-7.5594233e-17
-8.8195468e-18
2.5452838e-17
2.162682e-17
-7.2704414e-19
-2.3584501e-17
-3.4993846e-17
-2.2455426e-17
-3.0952558e-17
-1.5624014e-17
-1.1051243e-17
2.2215415e-17
-4.7615173e-17
-2.2377385e-17
-1.5042908e-17
-1.2355858e-17
-3.9282614e-17
-2.2573156e-18
-1.0985082e-17
-6.5893575e-17
-1.9943403e-17
3.1781393e-17
2.3451392e-17
-4.2912831e-17
-5.5243114e-17
-8.2155421e-17
-1.2468504e-16
-6.5218513e-17
-4.5758679e-17
-8.9706405e-17
-4.894592e-17
-5.3960509e-17
1.7812757e-18
-2.4334838e-17
-9.6187418e-17
-4.4149427e-17
-9.8234736e-17
-8.4125348e-17
-4.8468001e-17
-8.5171195e-17
-7.1581258e-17
-3.5248202e-17
-1.8687302e-17
-7.3903384e-17
-7.7535566e-17
-1.1461979e-16
-1.2803379e-16
-1.0938264e-16
-8.4449155e-17
-5.525462e-17
-8.9720461e-17
-9.2649299e-17
-5.7591301e-17
-8.3172142e-17
-7.658598e-17
-8.0197601e-17
-5.3775925e-17
-7.7346566e-17
-7.0135741e-17
-4.9824915e-17
-9.7847727e-17
-1.2404091e-16
-1.0358847e-16
-9.1333426e-17
-7.7562068e-17
-9.4536517e-17
-4.0062259e-17
-3.4518391e-17
-8.4643449e-17
-7.1479433e-17
-4.4662538e-17
-2.8134212e-17
-9.8232192e-17
-9.4608426e-17
-1.1699729e-16
-1.1831916e-16
-9.7676005e-17
-1.045806e-16
-9.2774519e-17
-9.7793861e-17
-7.2904273e-17
-8.5856476e-17
-1.1502876e-16
-9.8397845e-17
-5.7894976e-17
-7.6695675e-19
-2.7040106e-17
-5.61176e-17
-4.693751e-17
-8.1788519e-17
-5.8220331e-17
-6.9564273e-17
-7.2903349e-17
-6.4490435e-17
-6.9395593e-17
-7.6987621e-17
-7.5928203e-17
-5.2613544e-17
-7.3323244e-17
-8.5367674e-17
-7.519155e-17
-8.5318742e-17
-1.0369665e-16
-1.0333019e-16
-1.0044007e-16
-1.1127457e-16
-7.4568017e-17
-8.5737503e-17
-8.331741e-17
-9.4289035e-17
-9.3858609e-17
-9.8491627e-17
-1.0135522e-16
-8.0408286e-17
-7.5736768e-17
-7.7467052e-17
-8.0208424e-17
-7.1895009e-17
-8.4499909e-17
-8.3712551e-17
-7.379579e-17
-6.4400055e-17
-8.5781642e-17
-6.6961874e-17
-4.44053e-17
-1.7047356e-17
-5.6614797e-17
-5.2644962e-17
-5.7613231e-17
-7.2494723e-17
-8.7605603e-17
-7.9206649e-17
-6.8454993e-17
-6.8549135e-17
-5.4582525e-17
-8.13016e-17
-9.5544001e-17
-1.1328358e-16
-1.1539288e-16
-1.179516e-16
-9.6163743e-17
-8.6447465e-17
-8.3388361e-17
-7.4286577e-17
-8.5848164e-17
-8.1454723e-17
-9.4597884e-17
-8.3385868e-17
-9.0306817e-17
-8.7361916e-17
-7.3275038e-17
-7.6032678e-17
-7.8959505e-17
-1.0716817e-16
-7.4529143e-17
-7.5046353e-17
-8.7133824e-17
-8.0214225e-17
-9.7325688e-17
-7.5263433e-17
-5.8328053e-17
-4.805855e-17
-6.6161108e-17
-6.9557387e-17
-6.5989078e-17
-7.7059436e-17
-9.6406979e-17
-7.6882802e-17
-5.9224412e-17
-7.4088861e-17
-7.7206185e-17
-7.4628566e-17
-8.1083508e-17
-9.9564734e-17
-6.8084243e-17
-4.1642741e-17
-5.0370818e-17
-6.4425814e-17
-6.3032276e-17
-5.6898571e-17
-8.4154549e-17
-9.2047721e-17
-9.2757493e-17
-1.078057e-16
-5.916795e-17
-2.8871246e-17
-4.5869259e-17
-6.0037853e-17
-6.6371815e-17
-6.2195645e-17
-4.5641597e-17
-3.9890335e-17
-5.5780998e-17
-6.9308273e-17
-8.9529487e-17
-9.3863913e-17
-1.0121586e-16
-9.8291049e-17
-9.7936131e-17
-1.0682318e-16
-1.0539497e-16
-7.7808539e-17
-6.0021454e-17
-4.6719005e-17
-3.1611623e-17
-2.239933e-18
3.4776349e-17
2.7053177e-17
1.663204e-17
9.2465044e-18
2.5981911e-17
4.2613437e-18
-9.2587779e-18
-1.1270555e-17
-1.2545673e-17
-3.7048059e-17
-3.3338027e-17
-1.9976341e-17
-3.1280935e-17
-2.5393212e-17
-2.5492973e-17
-2.5249438e-17
-4.0397159e-17
-3.2418286e-17
-3.1820909e-18
7.5123882e-18
3.5906895e-17
1.4293775e-17
8.1107435e-18
8.2742405e-18
9.6537447e-18
9.3882473e-18
-6.4812436e-19
-2.547308e-18
5.0292514e-18
-8.1161638e-18
-2.4657172e-17
-7.425635e-19
-2.4185043e-17
-3.0141225e-17
-2.7580101e-17
-1.3027746e-17
4.6464844e-18
-4.7812031e-18
4.9391754e-18
2.1074141e-17
-2.1638259e-17
-1.2861272e-17
5.95975e-18
6.3477385e-18
-3.0889518e-19
1.5538347e-17
4.1106496e-18
-6.5371391e-18
-1.5951527e-18
-1.7405168e-17
-2.1320825e-17
-6.8788311e-18
-2.2016495e-17
-1.5017818e-17
-1.8396075e-18
5.179872e-18
5.9077191e-18
4.1926982e-18
-1.4932573e-17
2.3379676e-18
-3.4180571e-18
-1.0647466e-19
-5.502636e-18
-1.4303453e-17
-1.5562474e-17
-1.5383324e-17
-9.5512976e-18
-1.7607298e-17
-1.1965715e-19
-1.175221e-18
-1.6353693e-17
5.4068252e-18
-1.7003185e-17
-1.5077169e-17
-2.8770051e-18
4.0063285e-18
6.9344999e-18
3.6270529e-18
1.1386252e-17
-2.1529903e-17
-1.5675509e-17
-1.1936061e-17
-1.2068903e-17
-2.7499633e-17
-2.0822851e-17
-2.5997822e-17
-2.5255067e-17
-3.0053936e-17
-3.220975e-17
1.0544809e-17
-3.6813809e-18
-5.3500527e-18
-8.1730157e-18
1.9483408e-17
2.6370492e-18
-1.3813554e-17
-8.3217606e-18
-1.0867535e-17
-1.4961311e-17
4.4776974e-18
1.7713008e-17
7.3613456e-18
1.0261141e-18
3.6193699e-18
4.3283552e-18
-4.2097935e-19
-8.5705321e-18
-1.6815618e-17
-2.9269547e-17
-2.0897401e-17
-1.8903125e-17
-2.0896177e-17
-3.4426062e-17
-3.8286067e-17
-3.1911027e-17
-2.1741982e-17
-1.8200273e-17
-9.4618746e-18
-2.7415164e-19
2.9531059e-18
2.563468e-18
2.6060755e-17
2.9471535e-17
3.1423835e-17
2.5028305e-17
1.1038572e-17
1.4253986e-17
-4.0141839e-18
-8.8228524e-18
-1.6831484e-17
-6.8218984e-18
5.8943674e-19
7.2810283e-18
-1.6357402e-18
-6.0752947e-18
-1.3159958e-17
-1.3251622e-17
6.0939138e-19
1.221303e-17
2.3387581e-17
2.6536719e-17
2.9926642e-17
1.7849954e-17
3.8727951e-17
2.5078896e-17
1.2474428e-17
2.5901456e-17
1.2937355e-17
2.0504923e-17
1.0480234e-17
-8.3225097e-18
4.9408652e-18
-1.5853661e-17
-1.4624765e-17
-3.1900262e-17
-8.1800932e-18
1.1693692e-17
2.0407476e-18
1.4739278e-18
-5.3607746e-18
3.8663797e-18
-1.4566165e-17
-3.4553446e-18
-2.9856064e-18
6.7109944e-18
1.391758e-17
-1.6540262e-17
2.6351656e-18
1.5208376e-17
1.4493387e-18
-7.4520329e-18
1.0587822e-18
-1.4196447e-17
4.9921027e-18
8.1523294e-18
-8.2775371e-18
-2.9782533e-18
4.0129998e-18
-1.1649455e-17
-2.8395654e-17
1.2499913e-17
2.5519248e-17
2.3089589e-17
7.582967e-18
4.8294064e-18
1.2031815e-17
2.1369536e-18
-4.8421585e-18
-3.262375e-18
5.7979358e-18
3.2815822e-18
-4.1071634e-18
-1.0899543e-17
-1.2943155e-17
-1.6468465e-18
6.6437005e-18
1.6305032e-17
-6.5431688e-18
-3.7524056e-18
7.8196256e-18
-1.0275731e-17
-1.478613e-17
-9.9128511e-18
1.9423018e-19
-1.6915266e-18
-8.2576111e-18
-7.3262836e-18
-5.9158475e-18
-9.8454028e-18
1.4593536e-18
1.409035e-17
2.3440075e-18
8.546805e-18
4.4592191e-18
-7.0734048e-18
-5.9556288e-18
-3.5945211e-18
7.1179403e-18
3.2508123e-18
9.4173442e-18
2.5540822e-17
2.3343843e-17
1.2042159e-17
1.6434261e-17
-5.6368663e-18
-1.9331998e-20
5.1658782e-18
-1.4867304e-17
-7.7450392e-18
-8.377637e-18
-6.1598086e-18
-9.0963253e-18
-1.678264e-17
-8.3092062e-18
3.091554e-18
-2.6190245e-18
-3.911937e-18
-6.5910854e-18
1.0299804e-17
1.4490759e-17
9.940453e-18
-8.021475e-18
-5.6466406e-18
-1.2750722e-17
-1.1545642e-17
-2.9375296e-17
-3.9219137e-17
-2.7126455e-17
-8.2407003e-18
-1.4409822e-18
1.2912468e-17
1.6174853e-17
1.6073673e-18
-5.4601738e-18
-2.1360813e-18
4.5266628e-18
3.3824679e-18
4.2961648e-18
1.3665976e-17
1.9577123e-17
1.4070196e-17
8.7314062e-18
-8.5788397e-19
-1.4227278e-17
-2.2332482e-17
-2.8548301e-17
-1.7690577e-17
-1.0648282e-17
-9.2227539e-18
-1.2742384e-17
-2.2946904e-17
-2.0010583e-17
-2.0011122e-17
-3.1806549e-17
-2.5566698e-17
-1.9035761e-17
-1.6883063e-17
-2.3284517e-17
-2.8188017e-17
-8.3553107e-18
-7.9259287e-18
-1.0807249e-17
-1.4996605e-18
8.2173316e-18
-3.9659415e-20
-9.1320362e-18
-1.2433733e-17
-1.1731785e-17
-2.3859202e-18
-2.3249266e-18
-6.2237824e-18
1.0332141e-18
9.8987051e-18
1.2172999e-17
2.4828043e-17
2.2331819e-17
1.1053702e-17
5.9168328e-19
-1.0532548e-17
-3.1421129e-18
1.0618219e-17
1.3850844e-17
2.3566157e-18
-4.947962e-18
-3.7902486e-18
-1.6789549e-17
-1.296736e-17
-1.6148425e-17
4.4966004e-19
1.162284e-18
-1.3106935e-17
4.9091053e-18
-1.1530044e-18
6.0693856e-18
6.6317177e-18
4.9526922e-18
9.7989514e-18
1.0729395e-17
1.0604769e-17
-3.7419193e-18
-1.3532208e-17
-6.6192805e-18
-1.4404004e-18
-2.3352863e-18
-4.8500557e-19
-4.7126738e-18
-1.2245256e-17
-2.1371632e-17
-4.5728303e-18
1.5058137e-17
1.4607523e-17
1.8104285e-17
6.5686229e-18
9.3520835e-18
9.9479376e-18
9.2236335e-18
7.8050444e-18
1.3434639e-17
2.5547685e-18
7.726245e-18
6.6137348e-18
6.2411997e-20
-2.6459389e-18
-1.6719048e-19
1.4412695e-18
-3.2346028e-18
-1.1426127e-17
-2.0722416e-17
-1.5021028e-17
-6.6762315e-18
-3.9698377e-18
-4.0832882e-18
-9.5445513e-18
-4.5695473e-18
4.3411241e-18
8.0315448e-18
1.8843062e-18
-9.2474354e-19
1.1133587e-18
1.5408589e-18
1.6362394e-17
1.1855299e-17
1.5665438e-17
6.0670757e-18
9.1410828e-18
2.0394773e-18
-2.9248547e-18
-1.1793542e-17
-1.4250676e-17
-7.5284678e-18
5.8721531e-18
1.7020193e-17
-4.4386614e-20
6.0940819e-18
-5.0732627e-19
-6.0581509e-18
-1.3747572e-17
-2.0421492e-17
-7.9450653e-18
3.6486996e-18
2.6143942e-18
-3.498083e-19
-5.1936937e-19
-5.5864147e-18
-4.4428312e-18
-7.763105e-18
-4.4070634e-18
-4.1337098e-18
5.8332432e-18
1.3694891e-20
-1.3237932e-17
-7.5781956e-18
-1.5704909e-17
-1.8043225e-17
-6.0556116e-18
9.9444776e-19
6.5828388e-18
-2.3028657e-18
-1.0839239e-17
-3.180589e-18
-2.4465318e-17
-1.5233184e-17
-9.1172024e-18
-9.6981953e-19
-9.8475534e-18
-1.3732376e-17
-1.0334609e-17
-1.0989078e-17
-1.0559971e-17
-7.5413134e-18
-7.2634046e-18
-4.1044344e-18
-3.0009734e-18
-1.3643023e-17
-5.1305239e-18
9.7212648e-18
1.1671138e-17
5.8244655e-18
5.911009e-18
7.4068139e-18
8.2034419e-18
1.1481171e-17
5.7905259e-18
-8.1438423e-18
-6.3621064e-18
-8.8204205e-18
-8.1944371e-18
-1.6168246e-17
-1.0183437e-17
-4.8911879e-18
-6.5587763e-18
5.499633e-18
-5.3967912e-18
6.7865352e-18
1.3049179e-17
2.711703e-17
3.4112854e-17
2.3973089e-17
1.4017976e-17
1.4846373e-18
1.3837458e-17
7.2616979e-18
9.4667489e-18
5.0917889e-18
1.4090027e-17
1.7047809e-17
2.5742551e-17
7.9348459e-18
6.744302e-18
1.5132287e-17
1.2028358e-17
4.9858176e-18
-5.000587e-18
1.6960273e-17
6.1272503e-18
7.4965617e-18
3.5848119e-18
5.9038012e-18
1.3577702e-17
1.6863229e-17
1.4195447e-17
4.9675491e-18
-1.5848071e-18
-3.696412e-19
3.4951547e-18
-2.623032e-20
-3.3081906e-18
-6.9122656e-18
-4.6390813e-18
2.5171089e-18
3.4909913e-18
4.6748792e-19
-2.9065145e-18
-4.3450103e-18
-3.7393628e-18
-3.9063119e-18
-6.8131053e-18
-1.8579993e-18
2.9606652e-18
3.0981505e-18
1.7895829e-17
1.2283551e-17
1.636528e-17
6.6032468e-18
8.9834557e-18
-4.5723581e-18
-1.9799208e-17
-1.7268135e-17
-2.0310624e-17
-1.4832256e-17
1.9631229e-18
1.7261567e-17
1.2594654e-17
1.6220157e-17
1.077302e-17
3.4879602e-18
-1.6264587e-17
-1.9526516e-17
-1.0808545e-17
4.5528235e-18
1.3568183e-17
1.6665205e-17
9.1252326e-18
4.2450189e-18
-1.1364816e-18
-5.3923608e-18
1.9020844e-18
7.5485222e-18
1.3161517e-17
2.6837599e-18
-4.0737418e-18
6.9410856e-18
-2.9628953e-18
5.3773053e-18
1.7553409e-17
3.1612651e-17
3.7243732e-17
2.1692812e-17
1.5637478e-17
3.0127966e-17
1.0605246e-17
5.7692158e-18
2.8588921e-19
6.1310253e-18
2.5883869e-18
3.863956e-18
4.736133e-18
7.9279881e-19
-3.4401974e-18
-2.751841e-18
-1.131482e-17
-1.2015085e-18
1.1298078e-17
9.3904749e-18
6.4608012e-18
1.7164736e-17
2.746276e-17
2.3222846e-17
2.3143774e-17
2.3728079e-17
2.5962819e-17
1.9550366e-17
5.1933857e-18
8.0646219e-18
-1.7000825e-18
1.2188077e-18
4.9439023e-19
-3.5039187e-18
-2.0922126e-18
-6.7569678e-18
-1.0081764e-17
-4.831779e-19
-3.1071093e-18
6.1249067e-18
1.4271758e-17
3.0662964e-17
3.3518494e-17
2.4579644e-17
2.0011387e-17
1.01934e-17
1.8023092e-17
2.1607026e-17
2.1437936e-17
1.3964134e-17
1.6342873e-17
2.1786219e-17
2.672857e-17
1.4702751e-17
2.6245478e-17
3.5937646e-17
2.7833317e-17
1.5730965e-17
1.0055911e-17
1.8669997e-17
3.5676015e-18
-6.1943644e-18
4.2457095e-18
-6.6083893e-21
1.2410752e-17
3.0064886e-17
2.5354925e-17
1.2542602e-17
8.7074929e-18
6.2616334e-18
3.8219607e-18
4.7559735e-20
-2.6093269e-18
-3.4693306e-19
3.5921383e-18
1.2292342e-17
1.4824364e-17
1.1123872e-17
8.2561449e-18
7.9045542e-18
9.1086977e-18
1.0887001e-17
1.0241132e-17
1.237736e-17
1.4631248e-17
1.3685009e-17
-5.4130958e-18
-2.3625663e-18
-1.005182e-17
-1.1496125e-17
-1.1587711e-17
-1.4948502e-17
-1.4177981e-17
-1.4088755e-17
-2.2737205e-17
-3.1980592e-17
-3.0158614e-17
-3.1675157e-17
-2.4835667e-17
-2.8250665e-17
-2.6991922e-17
-2.1664001e-17
-8.5333725e-18
-5.3507738e-18
-1.7166776e-17
-1.1056093e-17
-1.173389e-17
-1.3667665e-17
-1.1038066e-17
-9.1293616e-18
-1.3671101e-17
-1.6198109e-17
-7.53092e-18
-4.2099428e-19
-9.585707e-18
-1.2920912e-17
-1.527079e-17
-1.8410914e-17
-2.0495967e-17
-3.013452e-17
-2.9812481e-17
-2.9136123e-17
-2.1025739e-17
-2.0693922e-17
-2.3723025e-17
-2.3226855e-17
-2.196317e-17
-3.1252685e-17
-1.9151611e-17
-1.2112087e-17
-2.6147838e-18
-5.7988374e-18
-4.2734123e-18
-9.7563159e-19
6.8003482e-18
5.4935461e-18
8.8279951e-18
1.145443e-17
6.9927781e-18
-2.568203e-18
9.7718206e-18
5.540171e-18
-6.4237043e-18
-5.5561336e-18
-7.1922236e-18
-2.8141531e-18
1.3935758e-18
1.5847857e-17
2.2527645e-17
2.2709953e-17
5.9501449e-18
8.4974502e-18
3.9545115e-18
8.6567692e-19
-7.9899262e-19
7.6923791e-18
1.4390519e-17
1.5480502e-17
8.0480371e-18
3.964547e-18
-7.083708e-19
2.2315987e-18
2.8969668e-18
4.9626755e-18
4.9980144e-19
1.3183366e-17
1.0810362e-17
8.6448385e-18
1.5202721e-18
-4.107001e-18
5.6017274e-18
5.2717899e-18
7.7615867e-18
1.8909495e-17
2.1341103e-17
1.2863819e-17
1.1268967e-17
1.2835542e-17
1.8670299e-17
2.4753706e-17
2.9310831e-17
2.706169e-17
2.1797221e-17
2.4304032e-17
1.7202014e-17
1.9992416e-17
2.9845601e-17
2.8889699e-17
2.3254644e-17
2.0490994e-17
2.1962402e-17
2.5166791e-17
2.2254757e-17
2.3605892e-17
2.5639084e-17
2.9536982e-17
2.9641034e-17
2.7632163e-17
2.572362e-17
2.5836201e-17
2.0954178e-17
1.7060376e-17
1.640449e-17
1.6708932e-17
1.2006717e-17
-1.0567085e-19
8.4664126e-18
8.5817195e-18
-3.800545e-18
5.1897064e-18
6.2520989e-18
-2.2107182e-18
-1.0282942e-17
4.8726573e-19
4.2265576e-19
2.2274623e-18
4.0290388e-18
-5.6317756e-18
-1.1357347e-19
-1.3932688e-17
-2.6192935e-18
-1.9122304e-18
-7.430085e-18
-3.1028057e-18
-8.0545309e-18
-1.854615e-17
-1.0337049e-17
-3.3827454e-18
4.3870792e-18
3.2940158e-18
-5.5451227e-18
-2.2472283e-18
-2.8857033e-18
-1.3433323e-18
5.2778534e-18
6.1119392e-18
8.5942504e-18
6.4936172e-18
1.1544354e-17
1.0219152e-17
2.1321577e-17
1.1600853e-17
6.5292211e-18
1.5918463e-18
-5.0489611e-18
3.9701519e-18
6.7723973e-18
1.0872903e-17
4.4766471e-18
3.8972087e-18
7.0132568e-18
-3.2648666e-18
1.161324e-17
8.4809394e-18
8.5609775e-18
1.1176041e-17
6.0696632e-18
-3.5908543e-18
-4.6234268e-18
6.7640457e-18
1.8995968e-17
1.1457174e-17
1.8005402e-17
1.1352621e-17
1.1243735e-17
4.5056877e-18
7.8228164e-18
7.8039613e-18
-7.6449754e-18
3.16879e-18
1.6091876e-17
2.146406e-17
2.4079697e-17
1.3006979e-17
1.3147494e-17
1.2296303e-17
1.460431e-17
1.0158714e-17
1.8241825e-17
2.5802084e-17
1.7183306e-17
3.7034552e-17
4.4441858e-17
3.7220677e-17
2.8580469e-17
2.2517939e-17
2.5006913e-17
2.6873633e-17
3.3215089e-17
2.4081999e-17
1.6006454e-17
2.1067716e-17
1.5147115e-17
7.6416251e-18
1.1575896e-17
2.0127433e-17
2.142627e-17
1.5735954e-17
3.0399394e-17
2.70466e-17
2.9106926e-17
2.5963021e-17
1.9367303e-17
3.1662066e-17
2.7060015e-17
2.1878502e-17
1.6177166e-17
1.382839e-17
2.2721847e-17
3.1720869e-17
3.6818584e-17
3.6421727e-17
3.752085e-17
3.3493172e-17
2.6031398e-17
2.8450377e-17
3.683666e-17
3.0129977e-17
2.5299471e-17
2.7267157e-17
2.6393091e-17
2.4172198e-17
2.8582551e-17
3.0059772e-17
1.4351675e-17
3.5599333e-18
-2.2604369e-17
1.0665391e-17
3.7308723e-17
6.1747664e-17
7.0040375e-17
8.266261e-17
7.9823852e-17
7.3616614e-17
7.4299327e-17
8.0770798e-17
8.6374506e-17
8.7663219e-17
7.7656651e-17
7.2660124e-17
6.6429066e-17
7.1031214e-17
7.3297569e-17
7.0341356e-17
7.135214e-17
5.9890408e-17
6.290852e-17
6.1678211e-17
5.9565582e-17
4.036112e-17
4.8885123e-17
5.374479e-17
4.9140752e-17
5.2405025e-17
4.9862103e-17
4.710789e-17
4.9774008e-17
5.2169113e-17
4.3532141e-17
3.8106957e-17
5.0997398e-17
4.2066841e-17
3.0351248e-17
2.4736924e-17
1.4830003e-17
9.4801011e-19
1.5800673e-18
1.7878026e-18
1.0219032e-17
2.5125818e-18
-5.5246256e-18
-6.4533244e-18
-1.1737591e-17
-1.3878393e-17
-1.9059051e-17
-1.4291079e-17
-1.2229742e-17
-1.2362551e-17
-2.8204608e-17
-2.8812572e-17
-3.0453915e-17
-3.7661021e-17
-4.532534e-17
-4.8316009e-17
-5.0110103e-17
-4.3552863e-17
-4.5695651e-17
-4.8681268e-17
-5.2697802e-17
-6.0898145e-17
-6.7850298e-17
-6.6628542e-17
-7.609718e-17
-6.6475763e-17
-7.5717121e-17
-8.1302429e-17
-8.2581854e-17
-7.6979307e-17
-8.8241813e-17
-9.9407517e-17
-9.9235113e-17
-9.6875297e-17
-9.4501744e-17
-9.9125192e-17
-1.0730875e-16
-1.0783896e-16
-1.1273407e-16
-1.1372449e-16
-1.2290091e-16
-1.2356725e-16
-1.2195148e-16
-1.2756669e-16
-1.3360382e-16
-1.3668159e-16
-1.4062422e-16
-1.4404523e-16
-1.4007416e-16
-1.4309501e-16
-1.4850883e-16
-1.5050362e-16
-1.4327908e-16
-1.458294e-16
-1.5489521e-16
-1.5750106e-16
-1.5420137e-16
-1.5710447e-16
-1.5919699e-16
-1.5247617e-16
-1.6299976e-16
-1.5810043e-16
-1.5475097e-16
-1.517933e-16
-1.5046774e-16
-1.4997732e-16
-1.5839475e-16
-1.6523547e-16
-1.5638731e-16
-1.6307059e-16
-1.7021476e-16
-1.7655842e-16
-1.6690787e-16
-1.5944672e-16
-1.5479887e-16
-1.3627697e-16
-1.0309932e-16
-4.0486181e-17
1.1256262e-18
-1.8058932e-18
-1.1150036e-17
-1.373717e-17
-2.1576251e-17
-2.0331524e-17
-2.1826861e-17
-1.8477972e-17
-1.7662355e-17
-1.8051638e-17
-1.3817037e-17
-1.6885803e-17
-1.2583859e-17
-2.0245256e-17
-1.99807e-17
-1.9124712e-17
-1.8341709e-17
-1.1011439e-17
-8.416809e-18
-1.1018421e-17
-7.4817553e-18
-1.7166103e-17
-1.7739278e-17
-1.3707205e-17
-1.4511065e-17
-1.3623797e-17
-1.3729672e-17
-1.8259059e-17
-1.6753585e-17
-1.3996172e-17
-7.8867575e-18
-1.350977e-18
-5.1022158e-18
2.7891537e-18
3.8394604e-18
-1.8268194e-18
-5.7665294e-18
-1.1896704e-17
-1.5805584e-17
-5.4879212e-18
-6.2993799e-18
-1.2045772e-17
-1.1281985e-17
-9.2780003e-18
-1.0981854e-17
-1.1257713e-17
-7.3511431e-18
-6.600442e-18
-1.271098e-17
-9.831453e-18
-1.1004179e-17
-5.5406763e-18
4.0215297e-19
-7.8260953e-19
1.5739153e-18
1.9252719e-18
2.9373601e-18
2.9272029e-18
-1.8617e-18
-5.2635257e-18
-5.3323622e-18
-1.3119616e-18
6.4484792e-18
6.5472728e-18
1.6293732e-17
1.5854781e-17
1.9604432e-17
9.5638963e-18
7.5378945e-18
-4.193946e-19
2.4309463e-18
1.0476606e-17
1.458559e-17
1.6808947e-17
5.7988977e-18
5.9188176e-18
7.3308325e-18
8.0199968e-18
6.8933338e-18
1.085792e-17
1.3013349e-17
1.4780144e-17
1.7303035e-17
1.7559747e-17
1.6390557e-17
1.4677104e-17
1.7077021e-17
1.2221014e-17
1.7696214e-17
1.4102268e-17
2.0228255e-17
1.2196891e-17
2.1872376e-17
2.5073241e-17
3.3559032e-17
2.6205611e-17
2.0790813e-17
2.3696836e-17
1.7974183e-17
2.2620736e-17
1.7703949e-17
2.5860357e-17
2.0765926e-17
2.3763045e-17
2.6369103e-17
2.054369e-17
2.1718825e-17
2.5129599e-17
2.8805398e-17
3.0410765e-17
2.7343674e-17
2.6069555e-17
2.0708827e-17
2.0509909e-17
2.6282748e-17
2.9279991e-17
2.9250893e-17
2.5235662e-17
1.3346479e-17
3.5947451e-18
4.8643053e-18
-6.684839e-18
-2.1754558e-17
-2.3974249e-17
-2.6830924e-17
-2.4529751e-17
-2.765742e-17
-1.9611508e-17
-2.5700963e-17
-1.9946327e-17
-1.8430289e-17
-2.2552496e-17
-1.9562461e-17
-3.1175056e-17
-2.9898232e-17
-2.5998787e-17
-2.4783434e-17
-1.9508479e-17
-1.831449e-17
-2.2727345e-17
-2.2174697e-17
-2.005829e-17
-1.6928042e-17
-1.3862062e-17
-1.4672104e-17
-1.3184554e-17
-9.6806126e-18
-1.7820564e-17
-1.5071268e-17
-1.3321003e-17
-1.5768693e-17
-2.033358e-17
-3.1826447e-17
-2.0418128e-17
-1.5944239e-17
-2.3724268e-17
-2.4066539e-17
-1.9444408e-17
-1.9372175e-17
-8.3165048e-18
-7.6977709e-18
-3.4654998e-18
-3.1648371e-18
-5.2035368e-18
-1.909978e-17
-2.8309476e-17
-2.0371489e-17
-9.4178039e-18
-5.7851227e-18
-1.0817829e-18
5.9502318e-19
-1.4143633e-18
-1.8403811e-18
-9.8251398e-19
8.1866301e-19
-4.4882272e-20
1.8373095e-19
4.1572451e-19
4.6974823e-18
4.9235817e-18
5.0264751e-18
1.0086656e-17
5.4738362e-18
4.2724647e-18
1.9391672e-17
1.7504425e-17
1.0954858e-17
7.7615222e-18
1.0655959e-17
1.4752692e-17
1.5042395e-17
1.7363171e-17
2.2564239e-17
2.3764643e-17
1.8057793e-17
1.665548e-17
2.4779977e-17
2.6512881e-17
2.6064539e-17
2.5039011e-17
2.1611813e-17
2.7919971e-17
2.8881729e-17
3.390313e-17
2.896307e-17
2.5862361e-17
2.6256001e-17
2.2949809e-17
1.6971252e-17
1.8808105e-17
2.8011382e-17
2.7716334e-17
3.145137e-17
3.538415e-17
3.8977724e-17
3.8118054e-17
3.0301918e-17
3.3006785e-17
3.3187179e-17
3.4275757e-17
3.0951856e-17
3.7392121e-17
3.544378e-17
4.1890473e-17
4.1622144e-17
4.0904382e-17
3.9782674e-17
3.9900583e-17
3.7185325e-17
3.5122417e-17
3.5151721e-17
3.6621011e-17
3.9043308e-17
3.9296372e-17
4.1408471e-17
4.5210597e-17
4.0765743e-17
3.9194233e-17
2.7426423e-17
1.4238255e-17
-7.6086678e-18
-2.5914369e-17
-3.2446191e-17
-3.8494501e-17
-4.2794921e-17
-4.306114e-17
-4.3820253e-17
-4.3181588e-17
-2.8850143e-17
-3.1350596e-17
-4.4645263e-17
-4.7824253e-17
-4.5464357e-17
-3.8049633e-17
-2.9547139e-17
-2.5140826e-17
-2.7963326e-17
-2.8690322e-17
-3.0387514e-17
-2.7840043e-17
-3.4184221e-17
-2.9950696e-17
-2.7646546e-17
-2.7671111e-17
-2.8928094e-17
-2.6900111e-17
-2.4134383e-17
-1.689978e-17
-2.5319326e-17
-2.528601e-17
-2.013618e-17
-1.7915438e-17
-1.478691e-17
-2.6270785e-17
-2.8097342e-17
-3.1241393e-17
-2.8386552e-17
-1.9944724e-17
-1.7748621e-17
-1.6668923e-17
-1.6232441e-17
-1.5314478e-17
-1.1658632e-17
-1.3461759e-17
-1.081683e-17
-1.1782557e-17
-1.6905294e-17
-1.3214702e-17
-9.4236669e-18
7.3708848e-19
-3.4213383e-18
-8.1793764e-18
-6.7587651e-18
-3.9689749e-18
-2.4475357e-18
-1.7618832e-18
-5.670133e-18
-6.6639633e-18
-4.1789576e-18
2.0618762e-18
2.6226555e-19
-5.2032817e-20
5.8487921e-18
7.5380846e-18
7.0844357e-18
7.7179865e-18
7.1350062e-18
1.1454038e-17
1.5334156e-17
1.1585694e-17
1.4266503e-17
1.598502e-17
1.8613626e-17
2.2030943e-17
2.1952954e-17
1.9812178e-17
1.9619208e-17
2.9298555e-17
2.6454288e-17
2.1218138e-17
1.8881799e-17
2.4023963e-17
2.5570573e-17
3.3007877e-17
3.0600595e-17
2.9022724e-17
2.772123e-17
2.9094098e-17
2.7865712e-17
2.702041e-17
2.6787226e-17
3.3066422e-17
3.9820456e-17
3.8962766e-17
3.4638436e-17
3.9664248e-17
3.8330893e-17
3.1047524e-17
3.8372997e-17
2.5180612e-17
3.0878895e-17
2.3169409e-17
3.3748044e-17
4.1909764e-17
4.331919e-17
4.2581332e-17
4.0992736e-17
4.1656372e-17
4.1895596e-17
4.2369852e-17
4.6017024e-17
4.387659e-17
4.2399214e-17
4.1260785e-17
4.1107517e-17
4.0617737e-17
3.6596917e-17
3.5497167e-17
3.0276284e-17
1.5803295e-17
-6.7761325e-18
-1.592059e-17
-3.1018759e-17
-3.6294828e-17
-4.8198151e-17
-5.5292533e-17
-5.7619733e-17
-5.1687152e-17
-4.2895647e-17
-3.9847142e-17
-3.642588e-17
-4.0446187e-17
-3.7312057e-17
-4.1699681e-17
-3.5330834e-17
-3.5734778e-17
-3.3881498e-17
-2.4772195e-17
-2.8681472e-17
-3.756705e-17
-4.0761813e-17
-3.8669581e-17
-2.8519939e-17
-2.662835e-17
-2.9810739e-17
-2.6519036e-17
-2.4676716e-17
-2.1825471e-17
-2.3269488e-17
-2.2847462e-17
-2.4814333e-17
-1.9888706e-17
-2.4051808e-17
-2.330182e-17
-1.6164245e-17
-2.3840666e-17
-1.9650452e-17
-2.1134396e-17
-2.2701176e-17
-1.5009048e-17
-1.1922594e-17
-8.8446986e-18
-1.2776157e-17
-1.149199e-17
-7.4529484e-18
-1.0187682e-17
-7.6612466e-18
-7.0698595e-18
-5.8015023e-18
8.7820771e-19
-2.5376265e-18
-1.078379e-18
3.7085171e-18
8.0562867e-19
8.074045e-18
6.0614148e-18
7.0279357e-18
5.7482065e-18
8.2681477e-18
3.9895771e-18
6.6871806e-18
1.1325033e-17
7.0919154e-18
1.448421e-17
2.7605805e-17
2.4940471e-17
2.417652e-17
2.2928925e-17
1.886888e-17
1.7403528e-17
1.7546349e-17
2.2553298e-17
2.2136574e-17
3.2293102e-17
2.5517683e-17
3.2077372e-17
3.4749606e-17
2.7964735e-17
2.9052582e-17
2.7638968e-17
2.9277011e-17
3.3794213e-17
3.7498053e-17
3.761193e-17
3.3681397e-17
3.8007067e-17
3.5268234e-17
3.6907611e-17
3.6506329e-17
3.5677453e-17
3.5767599e-17
3.9249232e-17
4.5939716e-17
4.522064e-17
4.8978057e-17
4.6926333e-17
4.6149428e-17
4.3123302e-17
3.6929551e-17
3.5379117e-17
3.5850977e-17
4.1509321e-17
4.1541839e-17
4.5096117e-17
4.7859309e-17
4.3172027e-17
4.7266034e-17
5.038663e-17
5.1589412e-17
5.1975168e-17
5.7466578e-17
5.1820605e-17
4.6866746e-17
5.0300639e-17
5.1975697e-17
4.993873e-17
5.2017891e-17
4.7838476e-17
3.6689974e-17
1.760966e-17
-1.4548161e-17
-2.5874147e-17
-3.8616907e-17
-5.4033443e-17
-5.7399502e-17
-6.4074223e-17
-5.7406429e-17
-5.5693637e-17
-5.4673569e-17
-5.3306254e-17
-5.3934917e-17
-5.247259e-17
-5.0577139e-17
-4.2004079e-17
-5.3657312e-17
-5.5821554e-17
-4.9152346e-17
-4.5661864e-17
-4.7426888e-17
-4.3446147e-17
-3.9849649e-17
-4.1777949e-17
-3.9380268e-17
-3.858417e-17
-3.6420581e-17
-3.6841028e-17
-3.5783348e-17
-3.2522975e-17
-3.6529273e-17
-3.8653799e-17
-3.3931903e-17
-2.7163277e-17
-2.2681721e-17
-2.1848117e-17
-2.5244572e-17
-2.266493e-17
-2.2503165e-17
-1.9599658e-17
-1.7597498e-17
-2.369133e-17
-2.1014955e-17
-1.7275725e-17
-1.4383899e-17
-2.0258115e-17
-1.9319571e-17
-1.6477335e-17
-9.1968023e-18
-8.0549618e-18
-6.0547461e-18
-5.1805056e-18
-7.4708825e-18
-3.3840556e-18
-1.2114002e-18
2.2783535e-18
2.5480383e-18
6.9826756e-18
4.5454993e-18
6.8222876e-18
1.0767383e-17
1.0049194e-17
5.7813551e-18
8.5663702e-18
1.0886895e-17
1.7451562e-17
2.2561285e-17
2.1487358e-17
1.7493604e-17
1.9238049e-17
1.5032879e-17
1.7299269e-17
1.5324199e-17
2.3908851e-17
2.3093257e-17
2.4312942e-17
3.0216816e-17
2.378061e-17
2.6785672e-17
3.2398507e-17
3.0806169e-17
3.2131868e-17
3.5846865e-17
3.605934e-17
3.4615203e-17
3.8752042e-17
3.9653708e-17
4.5622317e-17
4.7784547e-17
4.9848711e-17
4.4987827e-17
4.3398968e-17
4.0988332e-17
4.3073739e-17
4.4242406e-17
4.9137668e-17
5.1832609e-17
5.3938391e-17
5.444853e-17
5.2399691e-17
4.6324292e-17
4.2329192e-17
4.8213302e-17
5.2625707e-17
5.3134443e-17
5.1680761e-17
5.159949e-17
5.2996121e-17
5.5338422e-17
5.7647284e-17
6.1463524e-17
6.305482e-17
6.2462353e-17
5.948483e-17
5.4953506e-17
5.5025619e-17
5.591946e-17
5.7455788e-17
5.715601e-17
5.2987522e-17
4.2179719e-17
2.1064817e-17
-2.363259e-17
-5.0146739e-17
-6.4650873e-17
-7.666709e-17
-7.4539142e-17
-7.5583698e-17
-6.9724455e-17
-7.2285395e-17
-6.5805504e-17
-7.1383066e-17
-7.5423655e-17
-6.6684276e-17
-6.4343826e-17
-5.9956262e-17
-6.2697492e-17
-6.3937844e-17
-6.7250542e-17
-6.6829746e-17
-6.1504084e-17
-5.8391268e-17
-5.746874e-17
-5.8423952e-17
-6.3913955e-17
-6.1583257e-17
-5.6731036e-17
-5.4783024e-17
-5.3181296e-17
-5.0744036e-17
-4.9284265e-17
-4.864192e-17
-4.339076e-17
-3.9394866e-17
-3.899252e-17
-4.0177117e-17
-4.0982637e-17
-4.1059015e-17
-4.0141802e-17
-4.0563271e-17
-3.2926934e-17
-3.0346367e-17
-2.8286645e-17
-3.125712e-17
-2.8342178e-17
-2.3364509e-17
-2.0928984e-17
-1.7818278e-17
-1.705777e-17
-1.5003999e-17
-9.229273e-18
-4.452905e-19
3.3517037e-19
2.3391801e-18
4.6935792e-18
1.1245967e-17
1.3253029e-17
1.5386062e-17
9.8237648e-18
5.8768277e-18
8.9768246e-18
7.6793934e-18
1.2482442e-17
1.2538956e-17
1.9006519e-17
1.8654553e-17
1.3895799e-17
1.9478781e-17
1.7762793e-17
1.674483e-17
2.3147406e-17
2.4550238e-17
2.6677354e-17
2.9691522e-17
3.1948681e-17
3.2127179e-17
3.679137e-17
2.8609857e-17
2.698436e-17
2.5617618e-17
2.7022174e-17
3.4852868e-17
4.4148807e-17
4.7401841e-17
4.8965046e-17
4.7492834e-17
4.8919285e-17
5.3091123e-17
5.5359249e-17
5.2793385e-17
5.7507942e-17
5.5550291e-17
5.6598457e-17
5.8791463e-17
5.5347594e-17
5.6065062e-17
5.712732e-17
5.4624022e-17
6.2656118e-17
6.5798266e-17
7.1616511e-17
6.690613e-17
6.7682994e-17
6.9201675e-17
6.7777211e-17
6.9718641e-17
6.8905775e-17
6.8327959e-17
6.8848828e-17
6.7120047e-17
6.7700232e-17
6.6206373e-17
6.8544354e-17
7.0340203e-17
6.5931674e-17
5.8984051e-17
6.0830244e-17
6.911173e-17
7.0247063e-17
6.1899322e-17
5.4100601e-17
2.909682e-17
-4.1674063e-17
-6.7115483e-17
-7.7679762e-17
-8.3234967e-17
-8.4278291e-17
-8.3442647e-17
-7.9646145e-17
-9.1805653e-17
-9.3455556e-17
-9.3563865e-17
-8.9396442e-17
-8.9811804e-17
-9.3569775e-17
-8.790022e-17
-8.9041056e-17
-7.75937e-17
-7.1783493e-17
-7.5136088e-17
-7.1981429e-17
-6.6342119e-17
-6.9886456e-17
-6.5732097e-17
-6.4873223e-17
-6.8189872e-17
-6.4993809e-17
-5.9845377e-17
-5.7097389e-17
-5.8746703e-17
-5.8424989e-17
-6.1147717e-17
-5.7310366e-17
-4.9987431e-17
-4.5131465e-17
-3.754386e-17
-3.5884285e-17
-2.988013e-17
-2.7423715e-17
-2.966106e-17
-3.0808972e-17
-3.3281748e-17
-2.4586166e-17
-2.4814094e-17
-2.5936113e-17
-2.6781257e-17
-2.1847362e-17
-2.2360275e-17
-1.6813936e-17
-6.6030621e-18
-5.2260404e-19
1.3203112e-18
-4.582116e-19
3.616586e-18
7.564342e-18
6.9331185e-18
4.2742574e-18
1.3025416e-17
1.4397104e-17
1.2688815e-17
1.8662703e-17
2.3491853e-17
2.5141043e-17
2.3075338e-17
3.0775986e-17
3.7749821e-17
3.4134541e-17
3.7243842e-17
3.1964208e-17
3.6499998e-17
4.0775354e-17
3.984412e-17
4.3857825e-17
4.6931556e-17
4.9212515e-17
5.2941009e-17
5.7987378e-17
5.5306119e-17
5.7698144e-17
5.9865437e-17
5.8455763e-17
6.1704332e-17
6.3304319e-17
6.3740865e-17
6.4468579e-17
6.3972778e-17
6.5862932e-17
7.1892391e-17
7.5298341e-17
7.5630646e-17
7.5121572e-17
7.5817452e-17
7.513137e-17
7.8945657e-17
7.8178402e-17
8.337059e-17
8.5545261e-17
8.6393569e-17
8.7196981e-17
8.8225872e-17
8.9059838e-17
8.5685676e-17
8.9763809e-17
9.2953851e-17
9.4008031e-17
9.6836695e-17
9.8501738e-17
9.6335103e-17
9.9037085e-17
9.9646926e-17
1.0275348e-16
9.8930524e-17
9.564198e-17
9.4379652e-17
9.6672337e-17
9.5644303e-17
9.1936858e-17
9.5977024e-17
9.6826431e-17
8.986649e-17
7.2922338e-17
4.0242202e-17
3.7549191e-16
6.2691995e-16
7.6697387e-16
8.4552726e-16
8.7585593e-16
8.8098469e-16
8.7561755e-16
8.7044912e-16
8.5567181e-16
8.4764421e-16
8.3341987e-16
8.2433128e-16
8.0875796e-16
7.9452021e-16
7.7920656e-16
7.6313021e-16
7.4941594e-16
7.3387177e-16
7.1523767e-16
6.993641e-16
6.8143282e-16
6.6426305e-16
6.4588678e-16
6.2769627e-16
6.1128439e-16
5.9120218e-16
5.7001454e-16
5.4207061e-16
5.2080156e-16
4.972295e-16
4.781571e-16
4.5851162e-16
4.3904767e-16
4.1747544e-16
3.9764783e-16
3.7183332e-16
3.4558097e-16
3.2073619e-16
2.9858747e-16
2.7858971e-16
2.5433984e-16
2.2789803e-16
2.0677939e-16
1.8125752e-16
1.6078719e-16
1.3810297e-16
1.1253249e-16
9.0040168e-17
6.8690413e-17
4.750308e-17
2.2601708e-17
2.2702639e-18
-1.3223554e-17
-3.6898896e-17
-6.1659731e-17
-8.0492958e-17
-1.0224473e-16
-1.2279663e-16
-1.4452351e-16
-1.6782362e-16
-1.91485e-16
-2.1304915e-16
-2.3273261e-16
-2.4938071e-16
-2.6729574e-16
-2.8323487e-16
-3.0066727e-16
-3.1738092e-16
-3.3561768e-16
-3.5678079e-16
-3.7622396e-16
-3.9356221e-16
-4.119479e-16
-4.2416099e-16
-4.4315138e-16
-4.5754389e-16
-4.7512389e-16
-4.8944173e-16
-5.0545029e-16
-5.1884327e-16
-5.3062712e-16
-5.4052725e-16
-5.5440345e-16
-5.6613844e-16
-5.8181156e-16
-5.9427015e-16
-6.0539979e-16
-6.1620908e-16
-6.2721551e-16
-6.4041831e-16
-6.5124623e-16
-6.601534e-16
-6.6556041e-16
-6.7170838e-16
-6.8122487e-16
-6.9158957e-16
-6.9765706e-16
-7.0592593e-16
-7.1710942e-16
-7.277555e-16
-7.3599492e-16
-7.3999681e-16
-7.4513838e-16
-7.52503e-16
-7.5878601e-16
-7.6338591e-16
-7.6711855e-16
-7.692044e-16
-7.7121692e-16
-7.7440885e-16
-7.7931885e-16
-7.8463476e-16
-7.8847134e-16
-7.9050148e-16
-7.8860507e-16
-7.8502237e-16
-7.724513e-16
-7.3443674e-16
-6.3012562e-16
-3.511401e-16
-8.1214593e-17
-1.3263398e-16
-1.5168479e-16
-1.6724554e-16
-1.7185146e-16
-1.7599099e-16
-1.7286412e-16
-1.7351624e-16
-1.7136757e-16
-1.663712e-16
-1.6758594e-16
-1.6127436e-16
-1.6007024e-16
-1.5757763e-16
-1.5928701e-16
-1.5127329e-16
-1.4533334e-16
-1.4155002e-16
-1.3422018e-16
-1.3260913e-16
-1.3231467e-16
-1.3036753e-16
-1.254135e-16
-1.2091539e-16
-1.2029068e-16
-1.1538647e-16
-1.0503131e-16
-1.0099808e-16
-9.8181811e-17
-9.9518258e-17
-9.512492e-17
-8.7419203e-17
-7.9111994e-17
-6.9032139e-17
-7.0248742e-17
-6.619911e-17
-6.1226478e-17
-5.6527913e-17
-5.2886289e-17
-5.0110127e-17
-4.2772273e-17
-3.9707997e-17
-3.580944e-17
-3.2080727e-17
-2.7105879e-17
-2.5020227e-17
-2.3240713e-17
-1.7674061e-17
-1.1182436e-17
-4.8306554e-18
-5.5177266e-18
2.1003417e-18
3.05437e-18
9.0767163e-18
1.430336e-17
2.343091e-17
2.5389565e-17
2.4263267e-17
2.9965313e-17
3.3938063e-17
3.7425658e-17
3.9182658e-17
4.3359437e-17
4.7703775e-17
4.8968614e-17
5.2668964e-17
4.8086409e-17
5.4206046e-17
5.9640694e-17
6.2053137e-17
6.5749869e-17
6.8485832e-17
7.0754721e-17
7.3536673e-17
8.2006585e-17
8.318134e-17
8.7529136e-17
8.8266874e-17
8.6517445e-17
9.2147511e-17
9.1031905e-17
9.2741289e-17
9.7367393e-17
9.9100247e-17
9.9318929e-17
1.0312899e-16
1.0544647e-16
1.0477488e-16
1.0630597e-16
1.0781403e-16
1.1045223e-16
1.1687084e-16
1.160874e-16
1.2094861e-16
1.2207722e-16
1.1895515e-16
1.2222431e-16
1.2565679e-16
1.2671501e-16
1.2384675e-16
1.2618978e-16
1.2540925e-16
1.2511307e-16
1.2824038e-16
1.3019728e-16
1.3160757e-16
1.3369967e-16
1.3335793e-16
1.367605e-16
1.3642508e-16
1.3373657e-16
1.3054931e-16
1.3224734e-16
1.3245308e-16
1.3211976e-16
1.3260551e-16
1.3123383e-16
1.2467598e-16
1.0823441e-16
6.268384e-17
-1.1538663e-16
-1.8052547e-16
-2.0872242e-16
-2.3221916e-16
-2.3917223e-16
-2.4093994e-16
-2.3673843e-16
-2.3348404e-16
-2.2959295e-16
-2.2632622e-16
-2.1756242e-16
-2.1859065e-16
-2.1536868e-16
-2.0994161e-16
-2.0601404e-16
-2.0299727e-16
-1.950452e-16
-1.9031797e-16
-1.8587762e-16
-1.7926188e-16
-1.7656828e-16
-1.7138631e-16
-1.6511995e-16
-1.5747403e-16
-1.5252406e-16
-1.456305e-16
-1.3906854e-16
-1.3337431e-16
-1.299043e-16
-1.2609639e-16
-1.142048e-16
-1.0817688e-16
-9.7803909e-17
-9.1908527e-17
-8.7094353e-17
-8.2661461e-17
-7.9066559e-17
-7.3618242e-17
-6.2780577e-17
-6.2491552e-17
-5.5281309e-17
-5.4966391e-17
-4.6530702e-17
-4.3847676e-17
-4.0507403e-17
-3.1231754e-17
-2.4065003e-17
-1.7202137e-17
-8.8666459e-18
-1.7302811e-18
4.2334616e-18
6.8374774e-18
1.2038707e-17
1.6984165e-17
2.1615462e-17
3.0111516e-17
3.4141074e-17
3.4992083e-17
4.181362e-17
4.6593806e-17
4.6904841e-17
4.950463e-17
5.3145597e-17
5.8776449e-17
6.1263232e-17
6.5873565e-17
6.8553575e-17
7.6127776e-17
7.7406583e-17
8.3112329e-17
8.2162977e-17
8.2736765e-17
8.3969256e-17
8.6715818e-17
9.2889939e-17
9.1934448e-17
9.8863944e-17
1.0841744e-16
1.0583488e-16
1.0785893e-16
1.0970153e-16
1.1173137e-16
1.1520182e-16
1.1675447e-16
1.2292851e-16
1.2380406e-16
1.2419969e-16
1.2956457e-16
1.3041852e-16
1.3457928e-16
1.3601898e-16
1.3215069e-16
1.3243597e-16
1.3586451e-16
1.4124527e-16
1.4118898e-16
1.4092202e-16
1.4495799e-16
1.5024581e-16
1.4876644e-16
1.5451106e-16
1.5278278e-16
1.5256434e-16
1.5106849e-16
1.4911636e-16
1.507731e-16
1.5187718e-16
1.5425566e-16
1.5547714e-16
1.5379831e-16
1.5674105e-16
1.5431039e-16
1.5439381e-16
1.5417578e-16
1.5553199e-16
1.5109154e-16
1.5129278e-16
1.502735e-16
1.3192107e-16
7.6906115e-17
1.34636e-15
2.0818641e-15
2.4349304e-15
2.6029137e-15
2.6456138e-15
2.6208321e-15
2.5806751e-15
2.524481e-15
2.4712788e-15
2.4228419e-15
2.3718175e-15
2.3207399e-15
2.2655644e-15
2.2089217e-15
2.1499453e-15
2.0914251e-15
2.0266083e-15
1.9570709e-15
1.8961135e-15
1.8302929e-15
1.7564997e-15
1.6905783e-15
1.625455e-15
1.5590165e-15
1.4901214e-15
1.4190886e-15
1.3521604e-15
1.2827554e-15
1.2110312e-15
1.1364063e-15
1.0671922e-15
1.0003472e-15
9.3416856e-16
8.7253333e-16
8.0642732e-16
7.3884372e-16
6.7126199e-16
6.0842042e-16
5.4729257e-16
4.8518064e-16
4.2620794e-16
3.5936225e-16
2.9597754e-16
2.3274418e-16
1.7459554e-16
1.1966275e-16
6.491577e-17
1.245671e-17
-3.9345249e-17
-9.4018666e-17
-1.5309445e-16
-2.0421641e-16
-2.5049329e-16
-2.9382387e-16
-3.3797698e-16
-3.8547497e-16
-4.3067099e-16
-4.7835886e-16
-5.1969047e-16
-5.630578e-16
-6.039865e-16
-6.4464415e-16
-6.8234192e-16
-7.1968301e-16
-7.6216009e-16
-7.9841224e-16
-8.3558511e-16
-8.6831368e-16
-9.0087104e-16
-9.3677998e-16
-9.7086899e-16
-1.0008972e-15
-1.031002e-15
-1.0583777e-15
-1.086195e-15
-1.1108891e-15
-1.1383784e-15
-1.1647415e-15
-1.195109e-15
-1.2121208e-15
-1.2338198e-15
-1.2557348e-15
-1.2752259e-15
-1.2984591e-15
-1.322007e-15
-1.3411217e-15
-1.3585714e-15
-1.3784902e-15
-1.3922712e-15
-1.408892e-15
-1.4289876e-15
-1.4429698e-15
-1.4568634e-15
-1.4728098e-15
-1.4838739e-15
-1.4966865e-15
-1.5108539e-15
-1.520644e-15
-1.5318723e-15
-1.5464289e-15
-1.5536473e-15
-1.564256e-15
-1.578903e-15
-1.5867693e-15
-1.5920109e-15
-1.5951835e-15
-1.6019661e-15
-1.6098771e-15
-1.6144481e-15
-1.6150554e-15
-1.619945e-15
-1.6280263e-15
-1.6283103e-15
-1.6311462e-15
-1.6295648e-15
-1.6302834e-15
-1.6161568e-15
-1.5553703e-15
-1.3701235e-15
-8.0825732e-16
-2.4673149e-15
-3.77756e-15
-4.4009021e-15
-4.6987539e-15
-4.7476492e-15
-4.6748693e-15
-4.5554024e-15
-4.4321245e-15
-4.3044568e-15
-4.1860689e-15
-4.0659856e-15
-3.946037e-15
-3.824328e-15
-3.6999805e-15
-3.5740487e-15
-3.4454698e-15
-3.3141046e-15
-3.1856269e-15
-3.055425e-15
-2.9257726e-15
-2.7954516e-15
-2.6655515e-15
-2.5325366e-15
-2.402841e-15
-2.2751314e-15
-2.1462043e-15
-2.0168329e-15
-1.8915789e-15
-1.769524e-15
-1.6510957e-15
-1.5305978e-15
-1.411609e-15
-1.2946217e-15
-1.1784219e-15
-1.0676692e-15
-9.5802462e-16
-8.4898133e-16
-7.427365e-16
-6.3792481e-16
-5.3867403e-16
-4.4096159e-16
-3.4781195e-16
-2.536869e-16
-1.6097522e-16
-7.5689517e-17
9.1071833e-18
9.4974199e-17
1.7987095e-16
2.6399527e-16
3.4302767e-16
4.199245e-16
4.9455036e-16
5.6668662e-16
6.3648982e-16
7.0276345e-16
7.7162256e-16
8.341849e-16
8.9868096e-16
9.6025422e-16
1.0204085e-15
1.0772462e-15
1.1352089e-15
1.1891873e-15
1.2463263e-15
1.2954805e-15
1.3454023e-15
1.393348e-15
1.4402629e-15
1.4857543e-15
1.5278519e-15
1.567127e-15
1.6074953e-15
1.6454284e-15
1.6837253e-15
1.7213883e-15
1.7562865e-15
1.7937452e-15
1.8315601e-15
1.8612043e-15
1.8935651e-15
1.9239647e-15
1.9533962e-15
1.9800128e-15
2.0056345e-15
2.0319674e-15
2.058457e-15
2.083657e-15
2.1052066e-15
2.1252047e-15
2.1443699e-15
2.1619118e-15
2.1826238e-15
2.2036687e-15
2.2194973e-15
2.2391833e-15
2.2545569e-15
2.268621e-15
2.2829085e-15
2.2945768e-15
2.3040598e-15
2.3199024e-15
2.3332466e-15
2.347817e-15
2.3583419e-15
2.3671834e-15
2.3759462e-15
2.3854662e-15
2.3925198e-15
2.3996056e-15
2.4033606e-15
2.4065372e-15
2.410144e-15
2.4136104e-15
2.4166355e-15
2.4176211e-15
2.4144585e-15
2.3929513e-15
2.3107416e-15
2.0472871e-15
1.2263833e-15
-3.5650164e-15
-5.4747936e-15
-6.5016691e-15
-7.0152099e-15
-7.1180444e-15
-6.999775e-15
-6.7714667e-15
-6.5034657e-15
-6.2173114e-15
-5.9347499e-15
-5.6689051e-15
-5.4126104e-15
-5.1670919e-15
-4.9305886e-15
-4.6994617e-15
-4.4764119e-15
-4.2567483e-15
-4.0396784e-15
-3.8244001e-15
-3.6141737e-15
-3.4096654e-15
-3.2094288e-15
-3.0121196e-15
-2.8186532e-15
-2.6296278e-15
-2.4447421e-15
-2.2626177e-15
-2.0849133e-15
-1.9121656e-15
-1.7447827e-15
-1.5806351e-15
-1.4217197e-15
-1.2650056e-15
-1.1133338e-15
-9.6809042e-16
-8.2436902e-16
-6.8882939e-16
-5.5794878e-16
-4.2793999e-16
-3.0472002e-16
-1.8111895e-16
-6.4434024e-17
5.2242949e-17
1.6268608e-16
2.6872682e-16
3.6924772e-16
4.680799e-16
5.6552372e-16
6.6033403e-16
7.517193e-16
8.3710159e-16
9.216859e-16
1.0025266e-15
1.0823658e-15
1.160698e-15
1.2317639e-15
1.3020639e-15
1.3687347e-15
1.4373839e-15
1.5009252e-15
1.5598553e-15
1.6174426e-15
1.6763371e-15
1.7304789e-15
1.7818484e-15
1.8364195e-15
1.8821323e-15
1.9288968e-15
1.9753956e-15
2.0192819e-15
2.0601666e-15
2.1014294e-15
2.1392396e-15
2.177752e-15
2.2153318e-15
2.2495741e-15
2.2840114e-15
2.3176754e-15
2.3474029e-15
2.3779634e-15
2.4077109e-15
2.4337478e-15
2.4597121e-15
2.4852246e-15
2.5080133e-15
2.5339855e-15
2.5566846e-15
2.5751615e-15
2.5917073e-15
2.6087662e-15
2.6282809e-15
2.6489612e-15
2.6655582e-15
2.6801468e-15
2.6976504e-15
2.7131353e-15
2.726841e-15
2.7378792e-15
2.7506517e-15
2.7587514e-15
2.7698992e-15
2.7768458e-15
2.7878665e-15
2.7992843e-15
2.8076706e-15
2.8164112e-15
2.8217797e-15
2.8284703e-15
2.8351928e-15
2.8402438e-15
2.8454597e-15
2.847678e-15
2.849833e-15
2.8511327e-15
2.8529257e-15
2.847779e-15
2.8221308e-15
2.7334639e-15
2.4386214e-15
1.4749591e-15
3.8435152e-15
5.9843409e-15
7.5051735e-15
8.4879196e-15
8.8725835e-15
8.8764685e-15
8.614342e-15
8.1834885e-15
7.662143e-15
7.1088159e-15
6.562613e-15
6.0494049e-15
5.5823292e-15
5.1617587e-15
4.7810132e-15
4.4353517e-15
4.1149291e-15
3.818634e-15
3.5427888e-15
3.2782673e-15
3.029622e-15
2.7879405e-15
2.5568507e-15
2.3353202e-15
2.1212297e-15
1.9133665e-15
1.716459e-15
1.52784e-15
1.34543e-15
1.168358e-15
1.0012976e-15
8.424486e-16
6.8841756e-16
5.4262913e-16
4.0185907e-16
2.6447186e-16
1.3493721e-16
8.0023992e-18
-1.137692e-16
-2.3140626e-16
-3.4639353e-16
-4.5165663e-16
-5.5400287e-16
-6.5253853e-16
-7.4699309e-16
-8.3725552e-16
-9.23838e-16
-1.0044489e-15
-1.0808918e-15
-1.1564071e-15
-1.2305227e-15
-1.2974288e-15
-1.3648206e-15
-1.4259191e-15
-1.4874855e-15
-1.5452573e-15
-1.6002073e-15
-1.650364e-15
-1.7032363e-15
-1.7518035e-15
-1.7984325e-15
-1.8445573e-15
-1.8881629e-15
-1.9299334e-15
-1.9688568e-15
-2.0064905e-15
-2.0429253e-15
-2.075588e-15
-2.1068219e-15
-2.1380366e-15
-2.1688191e-15
-2.1956142e-15
-2.2238294e-15
-2.2501924e-15
-2.2754028e-15
-2.3003127e-15
-2.3229923e-15
-2.3449328e-15
-2.3658193e-15
-2.3854539e-15
-2.4008825e-15
-2.4196053e-15
-2.4323038e-15
-2.4518563e-15
-2.46983e-15
-2.4872234e-15
-2.5000682e-15
-2.512722e-15
-2.5232228e-15
-2.5365071e-15
-2.5480199e-15
-2.5560634e-15
-2.5706942e-15
-2.5793863e-15
-2.5840593e-15
-2.5930226e-15
-2.602202e-15
-2.6113848e-15
-2.618298e-15
-2.6259205e-15
-2.6309102e-15
-2.6336209e-15
-2.639295e-15
-2.6464634e-15
-2.6535192e-15
-2.6564459e-15
-2.660319e-15
-2.665621e-15
-2.6688695e-15
-2.6726509e-15
-2.6762441e-15
-2.678089e-15
-2.6827174e-15
-2.6841726e-15
-2.6816869e-15
-2.6738055e-15
-2.6513495e-15
-2.5703494e-15
-2.3033167e-15
-1.4048843e-15
-4.9499643e-15
-8.6012616e-15
-1.2335074e-14
-1.5456049e-14
-1.7125544e-14
-1.7750343e-14
-1.7595361e-14
-1.687955e-14
-1.576562e-14
-1.4407818e-14
-1.2922135e-14
-1.1412558e-14
-9.9593885e-15
-8.624875e-15
-7.4437211e-15
-6.4298616e-15
-5.575989e-15
-4.8642185e-15
-4.2629396e-15
-3.7446882e-15
-3.2899087e-15
-2.8803642e-15
-2.5043915e-15
-2.1566412e-15
-1.8315768e-15
-1.5275016e-15
-1.2375701e-15
-9.652017e-16
-7.0647356e-16
-4.6137336e-16
-2.2562051e-16
-3.5067266e-18
2.0928302e-16
4.1217071e-16
6.0212691e-16
7.8274281e-16
9.5325454e-16
1.1152876e-15
1.2671142e-15
1.4079955e-15
1.5433785e-15
1.6708029e-15
1.7939821e-15
1.9087625e-15
2.0186666e-15
2.1209598e-15
2.2175966e-15
2.3123918e-15
2.4008825e-15
2.4853536e-15
2.5639375e-15
2.6364254e-15
2.7065451e-15
2.7714552e-15
2.8349366e-15
2.8953054e-15
2.9517063e-15
3.0013399e-15
3.050862e-15
3.097741e-15
3.1402615e-15
3.180763e-15
3.217998e-15
3.2554679e-15
3.2901246e-15
3.3235408e-15
3.3510979e-15
3.3836721e-15
3.410981e-15
3.4378261e-15
3.4623174e-15
3.4856918e-15
3.5052746e-15
3.5235663e-15
3.545524e-15
3.5642677e-15
3.5797859e-15
3.5976681e-15
3.6111421e-15
3.6289969e-15
3.6439328e-15
3.6585206e-15
3.671161e-15
3.6830413e-15
3.6911947e-15
3.7027434e-15
3.7120212e-15
3.7219565e-15
3.7293016e-15
3.7373547e-15
3.745886e-15
3.7544696e-15
3.7598206e-15
3.7667796e-15
3.7697081e-15
3.7744001e-15
3.7805074e-15
3.7871282e-15
3.7935623e-15
3.7952933e-15
3.8036551e-15
3.8056031e-15
3.8057088e-15
3.8095197e-15
3.8116674e-15
3.8142377e-15
3.8178147e-15
3.8185882e-15
3.8223205e-15
3.8237151e-15
3.8257724e-15
3.8252948e-15
3.8277647e-15
3.8246733e-15
3.8234635e-15
3.8144963e-15
3.7847778e-15
3.6786064e-15
3.3088058e-15
2.0268955e-15
2.6068075e-15
7.3920268e-15
1.3537025e-14
1.8449144e-14
2.123758e-14
2.2471955e-14
2.2641804e-14
2.2037023e-14
2.0860098e-14
1.9275285e-14
1.7403112e-14
1.5360913e-14
1.3233482e-14
1.1112239e-14
9.0716534e-15
7.1848192e-15
5.5041702e-15
4.0693428e-15
2.8940889e-15
1.966876e-15
1.250476e-15
6.9871453e-16
2.5789145e-16
-1.0039958e-16
-4.0206923e-16
-6.6690483e-16
-9.0038662e-16
-1.1120275e-15
-1.3036579e-15
-1.4805443e-15
-1.6427473e-15
-1.7926852e-15
-1.9306757e-15
-2.0585552e-15
-2.1776404e-15
-2.2870298e-15
-2.3896439e-15
-2.4848836e-15
-2.5730752e-15
-2.6549383e-15
-2.7286273e-15
-2.7976362e-15
-2.8608698e-15
-2.9200843e-15
-2.9756796e-15
-3.0238113e-15
-3.0713921e-15
-3.1121628e-15
-3.1506322e-15
-3.1849143e-15
-3.2183094e-15
-3.2492447e-15
-3.2791231e-15
-3.3051033e-15
-3.3269133e-15
-3.3463838e-15
-3.3640347e-15
-3.3812963e-15
-3.3959907e-15
-3.4119756e-15
-3.4265525e-15
-3.4402119e-15
-3.4489709e-15
-3.4569716e-15
-3.4678751e-15
-3.4733361e-15
-3.4829455e-15
-3.4894979e-15
-3.4933735e-15
-3.50052e-15
-3.5073028e-15
-3.5108494e-15
-3.5143499e-15
-3.5180157e-15
-3.5165433e-15
-3.5199545e-15
-3.5207816e-15
-3.5218349e-15
-3.5247431e-15
-3.5230973e-15
-3.5224311e-15
-3.5217348e-15
-3.5207748e-15
-3.5205325e-15
-3.5209345e-15
-3.5196613e-15
-3.5194022e-15
-3.5172355e-15
-3.5160965e-15
-3.5155445e-15
-3.5137742e-15
-3.5104532e-15
-3.5127241e-15
-3.5112897e-15
-3.5100124e-15
-3.5079135e-15
-3.5083579e-15
-3.5048257e-15
-3.505305e-15
-3.5078279e-15
-3.5028119e-15
-3.5027253e-15
-3.502514e-15
-3.5015794e-15
-3.5014218e-15
-3.4996075e-15
-3.4998718e-15
-3.498899e-15
-3.4953194e-15
-3.4951131e-15
-3.4923887e-15
-3.4911993e-15
-3.4908022e-15
-3.4901981e-15
-3.4863191e-15
-3.4761552e-15
-3.4508767e-15
-3.3586716e-15
-3.0253655e-15
-1.8503964e-15
2.1958318e-15
2.1365952e-14
4.2743182e-14
5.501618e-14
6.2017511e-14
6.4957106e-14
6.5202978e-14
6.3567948e-14
6.0544315e-14
5.6519954e-14
5.1746338e-14
4.6455976e-14
4.0808682e-14
3.4973428e-14
2.9078637e-14
2.3275459e-14
1.7692107e-14
1.2482822e-14
7.7835583e-15
3.7120632e-15
3.3795478e-16
-2.3556022e-15
-4.4290985e-15
-5.9738204e-15
-7.0874005e-15
-7.8661541e-15
-8.3952316e-15
-8.7502499e-15
-8.9845403e-15
-9.1432292e-15
-9.2515788e-15
-9.3270584e-15
-9.3821725e-15
-9.4224523e-15
-9.45178e-15
-9.4698898e-15
-9.4822794e-15
-9.4858011e-15
-9.4846463e-15
-9.4753434e-15
-9.4643577e-15
-9.4469843e-15
-9.4272983e-15
-9.4027343e-15
-9.3778274e-15
-9.348144e-15
-9.3174646e-15
-9.2843159e-15
-9.2511653e-15
-9.2144043e-15
-9.1781211e-15
-9.1401209e-15
-9.1007303e-15
-9.0616174e-15
-9.0242069e-15
-8.9844283e-15
-8.9466078e-15
-8.905127e-15
-8.8665273e-15
-8.827125e-15
-8.7900599e-15
-8.7531051e-15
-8.7125295e-15
-8.6778013e-15
-8.639422e-15
-8.6035805e-15
-8.5681017e-15
-8.5327183e-15
-8.4983395e-15
-8.4672051e-15
-8.4325302e-15
-8.4024206e-15
-8.3699505e-15
-8.340942e-15
-8.3077585e-15
-8.2784514e-15
-8.2496414e-15
-8.22381e-15
-8.1942012e-15
-8.1693013e-15
-8.1422558e-15
-8.1176263e-15
-8.0939063e-15
-8.0707114e-15
-8.0465848e-15
-8.0236981e-15
-8.0037043e-15
-7.9865939e-15
-7.9666919e-15
-7.9472981e-15
-7.9328235e-15
-7.9132129e-15
-7.895629e-15
-7.8754902e-15
-7.8615016e-15
-7.8459225e-15
-7.8325478e-15
-7.8199902e-15
-7.8070813e-15
-7.7941953e-15
-7.7825491e-15
-7.7716298e-15
-7.7627666e-15
-7.7522908e-15
-7.7435588e-15
-7.7339715e-15
-7.7254025e-15
-7.7171514e-15
-7.7079186e-15
-7.7011011e-15
-7.6950858e-15
-7.6936654e-15
-7.6870528e-15
-7.6810204e-15
-7.6688501e-15
-7.6507127e-15
-7.5908182e-15
-7.3884738e-15
-6.665133e-15
-4.0677518e-15
-4.9989381e-15
-2.6634034e-14
-4.1178916e-14
-4.8546254e-14
-5.211779e-14
-5.3145303e-14
-5.2485772e-14
-5.0673026e-14
-4.8015281e-14
-4.4758877e-14
-4.105774e-14
-3.7056422e-14
-3.2843965e-14
-2.8511374e-14
-2.4116342e-14
-1.9731248e-14
-1.5413337e-14
-1.1236948e-14
-7.2698861e-15
-3.5917088e-15
-2.7067683e-16
2.638994e-15
5.0840251e-15
7.0466249e-15
8.5382019e-15
9.5983911e-15
1.028643e-14
1.06733e-14
1.0830309e-14
1.0829358e-14
1.0727232e-14
1.0563704e-14
1.0372788e-14
1.0170401e-14
9.9663371e-15
9.7680045e-15
9.5766587e-15
9.3922625e-15
9.2183037e-15
9.0478895e-15
8.8894388e-15
8.7352025e-15
8.5900174e-15
8.4476609e-15
8.3141919e-15
8.1842433e-15
8.059083e-15
7.9399311e-15
7.827067e-15
7.7175184e-15
7.6133425e-15
7.5106844e-15
7.4141478e-15
7.3210018e-15
7.2332498e-15
7.1476125e-15
7.0659623e-15
6.9863504e-15
6.9097117e-15
6.8371866e-15
6.7660367e-15
6.6985922e-15
6.6335189e-15
6.5721104e-15
6.5108632e-15
6.4541388e-15
6.3953529e-15
6.3439673e-15
6.2945684e-15
6.244217e-15
6.1948642e-15
6.1505853e-15
6.1055118e-15
6.060956e-15
6.0220051e-15
5.9839004e-15
5.9458746e-15
5.9116853e-15
5.8741862e-15
5.8429717e-15
5.8105983e-15
5.7788097e-15
5.7500132e-15
5.7224426e-15
5.6947248e-15
5.6686591e-15
5.6438099e-15
5.618586e-15
5.5934652e-15
5.5708996e-15
5.5468568e-15
5.5289836e-15
5.5091315e-15
5.4892813e-15
5.471468e-15
5.4546892e-15
5.4389521e-15
5.4249367e-15
5.4126805e-15
5.3960465e-15
5.3842551e-15
5.3714412e-15
5.3595154e-15
5.3492304e-15
5.3422296e-15
5.3331034e-15
5.3248947e-15
5.3145584e-15
5.3098237e-15
5.3035251e-15
5.2966087e-15
5.2865124e-15
5.2815779e-15
5.2751627e-15
5.2684569e-15
5.2545835e-15
5.2172342e-15
5.0774068e-15
4.5756189e-15
2.7739119e-15
1.5553413e-14
3.7120916e-14
4.6401869e-14
5.0198213e-14
5.1222407e-14
5.0610535e-14
4.8896952e-14
4.6412655e-14
4.3353777e-14
3.9904191e-14
3.6186662e-14
3.232157e-14
2.837309e-14
2.4406809e-14
2.0452806e-14
1.6555707e-14
1.274135e-14
9.0540806e-15
5.5282758e-15
2.1902328e-15
-9.8381338e-16
-3.8735329e-15
-6.3795876e-15
-8.4375838e-15
-1.0021213e-14
-1.1149318e-14
-1.1862723e-14
-1.2232175e-14
-1.2330131e-14
-1.2238081e-14
-1.2019707e-14
-1.1725873e-14
-1.1397625e-14
-1.1059551e-14
-1.0728826e-14
-1.0408747e-14
-1.0106444e-14
-9.8194981e-15
-9.5504402e-15
-9.2961429e-15
-9.0561832e-15
-8.8297106e-15
-8.6158759e-15
-8.41319e-15
-8.2235781e-15
-8.0438109e-15
-7.8761494e-15
-7.7144658e-15
-7.5596911e-15
-7.4110215e-15
-7.2744027e-15
-7.1430817e-15
-7.0212394e-15
-6.9017222e-15
-6.7886517e-15
-6.6797714e-15
-6.5777151e-15
-6.4791677e-15
-6.3843809e-15
-6.2960896e-15
-6.2107187e-15
-6.1308166e-15
-6.0531619e-15
-5.9783878e-15
-5.9077189e-15
-5.8395167e-15
-5.7771324e-15
-5.7127246e-15
-5.6500962e-15
-5.5941457e-15
-5.5406092e-15
-5.4890075e-15
-5.4398056e-15
-5.394766e-15
-5.3469937e-15
-5.3064752e-15
-5.2631283e-15
-5.2213438e-15
-5.1830519e-15
-5.1462564e-15
-5.1095572e-15
-5.0776147e-15
-5.0439247e-15
-5.0123963e-15
-4.9840254e-15
-4.9555603e-15
-4.9276321e-15
-4.8997176e-15
-4.8786174e-15
-4.8547493e-15
-4.8337993e-15
-4.8113294e-15
-4.7947444e-15
-4.7728636e-15
-4.7550435e-15
-4.7350531e-15
-4.7187622e-15
-4.7018549e-15
-4.6858458e-15
-4.6729937e-15
-4.6550702e-15
-4.6420172e-15
-4.6308004e-15
-4.6197314e-15
-4.6127635e-15
-4.602147e-15
-4.5933873e-15
-4.5872687e-15
-4.5790714e-15
-4.573239e-15
-4.5659388e-15
-4.5577955e-15
-4.5541645e-15
-4.5525755e-15
-4.5462016e-15
-4.5281781e-15
-4.4928086e-15
-4.3724855e-15
-3.9332744e-15
-2.35747e-15
-3.8796224e-14
-6.3460779e-14
-7.1293778e-14
-7.3113289e-14
-7.1938966e-14
-6.9186525e-14
-6.5352788e-14
-6.073463e-14
-5.5528929e-14
-4.9988302e-14
-4.4308674e-14
-3.8651419e-14
-3.3072673e-14
-2.7604498e-14
-2.2255998e-14
-1.7059804e-14
-1.2028929e-14
-7.2010656e-15
-2.4701784e-15
2.1641724e-15
6.2163432e-15
9.5974363e-15
1.2277159e-14
1.4278924e-14
1.5649544e-14
1.6482602e-14
1.6874682e-14
1.6932283e-14
1.6756837e-14
1.6427913e-14
1.6016e-14
1.5562761e-14
1.5097479e-14
1.4642623e-14
1.4204432e-14
1.3785718e-14
1.3391555e-14
1.3016126e-14
1.2664147e-14
1.232819e-14
1.2012502e-14
1.1714663e-14
1.1435611e-14
1.1165406e-14
1.0912315e-14
1.0670645e-14
1.0443096e-14
1.0228124e-14
1.0023846e-14
9.8252556e-15
9.6400969e-15
9.459842e-15
9.293544e-15
9.1353553e-15
8.9814972e-15
8.8367304e-15
8.697149e-15
8.5643648e-15
8.4381687e-15
8.3185592e-15
8.2027882e-15
8.0932523e-15
7.9875057e-15
7.8889031e-15
7.7935813e-15
7.7009556e-15
7.6111349e-15
7.5302046e-15
7.4482336e-15
7.372899e-15
7.2988139e-15
7.2300471e-15
7.1629973e-15
7.0959201e-15
7.0337467e-15
6.9756706e-15
6.9185531e-15
6.8646757e-15
6.8132013e-15
6.7619396e-15
6.7162345e-15
6.6721983e-15
6.6286177e-15
6.5870062e-15
6.5429524e-15
6.5049891e-15
6.4690705e-15
6.4330541e-15
6.3985955e-15
6.3654321e-15
6.3316933e-15
6.3037185e-15
6.2763752e-15
6.2496935e-15
6.2272217e-15
6.2022259e-15
6.1806257e-15
6.1599388e-15
6.1385808e-15
6.1187554e-15
6.1003798e-15
6.0848896e-15
6.0705444e-15
6.0531211e-15
6.0388247e-15
6.0268113e-15
6.0177635e-15
6.0048886e-15
5.9950826e-15
5.9847301e-15
5.9751611e-15
5.9674287e-15
5.9574954e-15
5.9455346e-15
5.936792e-15
5.9202512e-15
5.8779297e-15
5.7150323e-15
5.1290706e-15
3.0335446e-15
-5.277704e-14
-7.4632049e-14
-7.8817029e-14
-7.7871746e-14
-7.4533883e-14
-7.0080828e-14
-6.4715445e-14
-5.860165e-14
-5.1955241e-14
-4.5171397e-14
-3.8566782e-14
-3.2307231e-14
-2.6349082e-14
-2.0550664e-14
-1.4986958e-14
-9.6535202e-15
-4.4152932e-15
6.3805094e-16
4.6203714e-15
7.5483416e-15
9.8297505e-15
1.15742e-14
1.284935e-14
1.3710856e-14
1.4218448e-14
1.444931e-14
1.4467923e-14
1.434187e-14
1.4125809e-14
1.3856489e-14
1.3568948e-14
1.3269284e-14
1.297549e-14
1.2687406e-14
1.2413725e-14
1.2146446e-14
1.1893453e-14
1.1653169e-14
1.1422802e-14
1.1198688e-14
1.0985638e-14
1.0782997e-14
1.0588717e-14
1.0400423e-14
1.0221505e-14
1.0048024e-14
9.8841795e-15
9.7259322e-15
9.5756467e-15
9.428411e-15
9.2879553e-15
9.1524449e-15
9.0254763e-15
8.9008115e-15
8.7834859e-15
8.6691967e-15
8.5588292e-15
8.4544727e-15
8.3505677e-15
8.2548125e-15
8.1590368e-15
8.0704162e-15
7.9831225e-15
7.9004042e-15
7.8199332e-15
7.7451312e-15
7.6676814e-15
7.5963419e-15
7.5269533e-15
7.4640762e-15
7.3991359e-15
7.3390038e-15
7.27714e-15
7.2199797e-15
7.165724e-15
7.1142084e-15
7.0614474e-15
7.0157875e-15
6.9664722e-15
6.9216251e-15
6.8821119e-15
6.8418758e-15
6.8050474e-15
6.7651431e-15
6.7271453e-15
6.6937711e-15
6.6577597e-15
6.6251883e-15
6.5950519e-15
6.5641722e-15
6.5380411e-15
6.5086615e-15
6.4839086e-15
6.4546216e-15
6.4369115e-15
6.4110616e-15
6.3906536e-15
6.3720162e-15
6.3502832e-15
6.3306401e-15
6.3142898e-15
6.2979926e-15
6.2852877e-15
6.2687649e-15
6.2534017e-15
6.2431857e-15
6.232006e-15
6.2200685e-15
6.2119578e-15
6.1995789e-15
6.1929035e-15
6.1804003e-15
6.1743794e-15
6.1664114e-15
6.1592959e-15
6.1399889e-15
6.0947038e-15
5.9234876e-15
5.2946024e-15
3.0719902e-15
4.6762e-14
6.2583268e-14
6.3617624e-14
6.1109914e-14
5.7227352e-14
5.269536e-14
4.7412717e-14
4.1436854e-14
3.5045632e-14
2.8763519e-14
2.3007423e-14
1.7875366e-14
1.3223088e-14
8.9592024e-15
5.1464822e-15
1.9708059e-15
-4.7114066e-16
-2.2931658e-15
-3.7766982e-15
-5.0030892e-15
-5.979374e-15
-6.7207453e-15
-7.2547403e-15
-7.6170311e-15
-7.8430899e-15
-7.9707864e-15
-8.0272106e-15
-8.0441998e-15
-8.0283427e-15
-7.9954161e-15
-7.9523906e-15
-7.898603e-15
-7.8481242e-15
-7.7885544e-15
-7.7318555e-15
-7.6701579e-15
-7.6066206e-15
-7.5446097e-15
-7.4814157e-15
-7.4204607e-15
-7.3568299e-15
-7.291511e-15
-7.2288235e-15
-7.1652469e-15
-7.1055854e-15
-7.0425045e-15
-6.9808333e-15
-6.9189361e-15
-6.8574044e-15
-6.8005319e-15
-6.7439194e-15
-6.6885112e-15
-6.6316277e-15
-6.575283e-15
-6.5236281e-15
-6.469217e-15
-6.4206811e-15
-6.3684155e-15
-6.3196248e-15
-6.2717707e-15
-6.226305e-15
-6.1790765e-15
-6.1350717e-15
-6.0911543e-15
-6.050263e-15
-6.0101711e-15
-5.9742511e-15
-5.9305602e-15
-5.8929163e-15
-5.8590982e-15
-5.8208423e-15
-5.7852027e-15
-5.7528369e-15
-5.7222256e-15
-5.6916486e-15
-5.6612488e-15
-5.6296701e-15
-5.6005574e-15
-5.5723953e-15
-5.5450354e-15
-5.5175625e-15
-5.4918369e-15
-5.4661105e-15
-5.4458726e-15
-5.4241943e-15
-5.4008909e-15
-5.3793686e-15
-5.3587045e-15
-5.3366228e-15
-5.3189837e-15
-5.3050347e-15
-5.2849276e-15
-5.269559e-15
-5.2510413e-15
-5.2338266e-15
-5.2204154e-15
-5.2089258e-15
-5.1906876e-15
-5.1801558e-15
-5.169092e-15
-5.1572862e-15
-5.1426558e-15
-5.1303062e-15
-5.1218057e-15
-5.113231e-15
-5.1054515e-15
-5.0973025e-15
-5.0905426e-15
-5.081963e-15
-5.0746029e-15
-5.0723438e-15
-5.0685122e-15
-5.0630794e-15
-5.0525221e-15
-5.0481801e-15
-5.033361e-15
-4.9923687e-15
-4.8477313e-15
-4.3059289e-15
-2.4477137e-15
-5.8109007e-14
-7.5698795e-14
-7.4785572e-14
-7.0307253e-14
-6.4890537e-14
-5.8860676e-14
-5.2001256e-14
-4.435724e-14
-3.624512e-14
-2.8321335e-14
-2.1243052e-14
-1.5406018e-14
-1.0825222e-14
-7.3153561e-15
-4.6185992e-15
-2.4932101e-15
-7.4484461e-16
7.4066134e-16
1.9734622e-15
2.9704639e-15
3.7608929e-15
4.3801999e-15
4.8604546e-15
5.2378618e-15
5.5380986e-15
5.785297e-15
5.991865e-15
6.1705354e-15
6.3254072e-15
6.465232e-15
6.590717e-15
6.7021133e-15
6.8018756e-15
6.8918287e-15
6.9725639e-15
7.0432503e-15
7.1074203e-15
7.1614278e-15
7.2092889e-15
7.248082e-15
7.2850722e-15
7.3129559e-15
7.3352467e-15
7.3528691e-15
7.3679135e-15
7.3789484e-15
7.3862295e-15
7.3862318e-15
7.3888476e-15
7.3861846e-15
7.3776946e-15
7.3692514e-15
7.3600023e-15
7.3478647e-15
7.3359243e-15
7.3202627e-15
7.3043435e-15
7.2862752e-15
7.2694115e-15
7.2494626e-15
7.2289626e-15
7.2099429e-15
7.1883178e-15
7.1665498e-15
7.1420932e-15
7.1207756e-15
7.0965026e-15
7.0758419e-15
7.0517373e-15
7.0280529e-15
7.0053439e-15
6.9839286e-15
6.9593826e-15
6.9378215e-15
6.9141446e-15
6.8924942e-15
6.8711242e-15
6.8510146e-15
6.8300961e-15
6.8092365e-15
6.7889819e-15
6.7704386e-15
6.7502365e-15
6.7311536e-15
6.7111121e-15
6.6951779e-15
6.6755165e-15
6.658073e-15
6.6422938e-15
6.6233121e-15
6.6079505e-15
6.5930853e-15
6.5776076e-15
6.5645333e-15
6.5508587e-15
6.5366216e-15
6.5247249e-15
6.5109107e-15
6.4978949e-15
6.4830153e-15
6.4755324e-15
6.4667259e-15
6.4584617e-15
6.4457705e-15
6.4360982e-15
6.4274976e-15
6.4197485e-15
6.4111115e-15
6.4040865e-15
6.3978223e-15
6.3915757e-15
6.3857994e-15
6.3810825e-15
6.3741962e-15
6.3649925e-15
6.3461496e-15
6.2950254e-15
6.1021479e-15
5.3964551e-15
2.9983706e-15
9.0257197e-14
1.1363806e-13
1.1020246e-13
1.0252349e-13
9.44007e-14
8.5640276e-14
7.6102083e-14
6.5709171e-14
5.457265e-14
4.3135059e-14
3.2109959e-14
2.2387827e-14
1.4613052e-14
9.0531818e-15
5.2435259e-15
2.5163939e-15
4.4018364e-16
-1.2017755e-15
-2.5281155e-15
-3.5990273e-15
-4.4589073e-15
-5.1616598e-15
-5.7477968e-15
-6.2451339e-15
-6.6844685e-15
-7.0777913e-15
-7.4292143e-15
-7.7525141e-15
-8.0451428e-15
-8.3178334e-15
-8.5637019e-15
-8.7876284e-15
-8.9956468e-15
-9.1868546e-15
-9.3596601e-15
-9.5177179e-15
-9.6641558e-15
-9.7952934e-15
-9.9162183e-15
-1.002255e-14
-1.0125952e-14
-1.0214435e-14
-1.0292672e-14
-1.0365639e-14
-1.0430878e-14
-1.0485954e-14
-1.0540988e-14
-1.0586234e-14
-1.0627502e-14
-1.0665439e-14
-1.0693001e-14
-1.0717198e-14
-1.0737931e-14
-1.0756969e-14
-1.077639e-14
-1.0784244e-14
-1.0793886e-14
-1.0798399e-14
-1.0805083e-14
-1.0805465e-14
-1.0804241e-14
-1.0804226e-14
-1.0798815e-14
-1.079481e-14
-1.0786856e-14
-1.0782313e-14
-1.0769008e-14
-1.0759144e-14
-1.0740626e-14
-1.0733242e-14
-1.0719139e-14
-1.0705811e-14
-1.0693137e-14
-1.067721e-14
-1.0660423e-14
-1.0645844e-14
-1.0628738e-14
-1.0610375e-14
-1.0596386e-14
-1.0582209e-14
-1.0561384e-14
-1.0543801e-14
-1.0524819e-14
-1.050899e-14
-1.0491668e-14
-1.0475934e-14
-1.0457897e-14
-1.0442819e-14
-1.0423225e-14
-1.0407588e-14
-1.0391899e-14
-1.0375034e-14
-1.0357442e-14
-1.0339301e-14
-1.0326294e-14
-1.030912e-14
-1.0297197e-14
-1.0283362e-14
-1.0268733e-14
-1.0254574e-14
-1.0243273e-14
-1.0223667e-14
-1.0211685e-14
-1.0199336e-14
-1.0189116e-14
-1.0173364e-14
-1.0165615e-14
-1.015404e-14
-1.0147558e-14
-1.0136273e-14
-1.0129035e-14
-1.0118321e-14
-1.0107275e-14
-1.0094218e-14
-1.0081448e-14
-1.0050117e-14
-9.964733e-15
-9.6406852e-15
-8.4671944e-15
-4.5770628e-15
4.5653587e-14
5.4383043e-14
5.1916946e-14
4.8168022e-14
4.4538186e-14
4.0826353e-14
3.6989153e-14
3.2988565e-14
2.8819373e-14
2.4512673e-14
2.0099278e-14
1.5633942e-14
1.1088664e-14
7.1081135e-15
4.1034373e-15
1.9766676e-15
5.9229389e-16
-3.0912023e-16
-9.2359982e-16
-1.3497738e-15
-1.6581707e-15
-1.9077854e-15
-2.1225334e-15
-2.314451e-15
-2.4918014e-15
-2.6563572e-15
-2.8114141e-15
-2.9612315e-15
-3.1006394e-15
-3.240144e-15
-3.3691256e-15
-3.4908257e-15
-3.609194e-15
-3.7191976e-15
-3.8260415e-15
-3.9276885e-15
-4.0212792e-15
-4.1130899e-15
-4.1990393e-15
-4.2804007e-15
-4.3569589e-15
-4.4284031e-15
-4.4968871e-15
-4.5582559e-15
-4.6195669e-15
-4.6743535e-15
-4.7265268e-15
-4.7736944e-15
-4.8193959e-15
-4.8628207e-15
-4.9014189e-15
-4.9377583e-15
-4.9697914e-15
-4.9973526e-15
-5.0260133e-15
-5.0496742e-15
-5.0742298e-15
-5.0937641e-15
-5.1145512e-15
-5.1320508e-15
-5.1483845e-15
-5.1619521e-15
-5.1739375e-15
-5.1854937e-15
-5.194147e-15
-5.2051472e-15
-5.2148615e-15
-5.2180942e-15
-5.2229025e-15
-5.2273898e-15
-5.2312706e-15
-5.2345048e-15
-5.2353431e-15
-5.2392322e-15
-5.2383123e-15
-5.2394696e-15
-5.2408888e-15
-5.2410395e-15
-5.2411362e-15
-5.2401906e-15
-5.237533e-15
-5.2366906e-15
-5.2304374e-15
-5.2293578e-15
-5.2283069e-15
-5.2252561e-15
-5.2205232e-15
-5.2212763e-15
-5.2169845e-15
-5.2141881e-15
-5.2133692e-15
-5.2083771e-15
-5.2046592e-15
-5.1991478e-15
-5.1950592e-15
-5.1921696e-15
-5.1891147e-15
-5.1838079e-15
-5.1818304e-15
-5.1785728e-15
-5.1729687e-15
-5.1677191e-15
-5.1637327e-15
-5.1624157e-15
-5.1579791e-15
-5.1510651e-15
-5.1463277e-15
-5.1431688e-15
-5.137363e-15
-5.1350249e-15
-5.1323349e-15
-5.1278539e-15
-5.122812e-15
-5.1154018e-15
-5.10672e-15
-5.0883552e-15
-5.0410775e-15
-4.8692362e-15
-4.2479617e-15
-2.237564e-15
-5.7666654e-14
-6.341162e-14
-5.9401807e-14
-5.4976645e-14
-5.1032018e-14
-4.7173097e-14
-4.3318476e-14
-3.9424921e-14
-3.5449186e-14
-3.1395602e-14
-2.7237321e-14
-2.2970532e-14
-1.8581732e-14
-1.4092838e-14
-9.5880995e-15
-5.2717279e-15
-1.3939283e-15
1.7700269e-15
4.098505e-15
5.6189588e-15
6.3429765e-15
6.660632e-15
6.7537413e-15
6.7297229e-15
6.6517856e-15
6.5603453e-15
6.4693489e-15
6.391793e-15
6.3269418e-15
6.2771812e-15
6.2409721e-15
6.2162884e-15
6.2039982e-15
6.1968217e-15
6.1995391e-15
6.2098816e-15
6.2249644e-15
6.2421571e-15
6.2628886e-15
6.2804517e-15
6.3045131e-15
6.3276135e-15
6.3511506e-15
6.3740866e-15
6.3966631e-15
6.4168934e-15
6.4392952e-15
6.4608268e-15
6.4825891e-15
6.4995188e-15
6.5176172e-15
6.534719e-15
6.5505388e-15
6.5656694e-15
6.580252e-15
6.5926629e-15
6.604008e-15
6.6132035e-15
6.6242107e-15
6.6330983e-15
6.6394848e-15
6.647683e-15
6.6547779e-15
6.6613022e-15
6.6650251e-15
6.6697258e-15
6.6708673e-15
6.6763964e-15
6.6799883e-15
6.6833387e-15
6.6844311e-15
6.6868361e-15
6.684374e-15
6.6863154e-15
6.6845534e-15
6.6841451e-15
6.6819445e-15
6.6818415e-15
6.6790189e-15
6.6787259e-15
6.6758915e-15
6.6743479e-15
6.671904e-15
6.6711294e-15
6.6674064e-15
6.6646341e-15
6.6608111e-15
6.6555965e-15
6.6506354e-15
6.6450818e-15
6.642321e-15
6.6364988e-15
6.6301573e-15
6.6252366e-15
6.6191028e-15
6.6144465e-15
6.6082954e-15
6.601319e-15
6.5954217e-15
6.5866542e-15
6.5825191e-15
6.5741613e-15
6.5675778e-15
6.5566877e-15
6.5470016e-15
6.5380082e-15
6.5287905e-15
6.5172563e-15
6.5064103e-15
6.4935542e-15
6.4787153e-15
6.4636553e-15
6.4482147e-15
6.4283627e-15
6.4054187e-15
6.371369e-15
6.300648e-15
6.0701433e-15
5.2811855e-15
2.7620926e-15
4.3244848e-14
4.3251613e-14
3.9608259e-14
3.6299148e-14
3.3661647e-14
3.1261027e-14
2.9000747e-14
2.6834604e-14
2.4725216e-14
2.2668054e-14
2.065241e-14
1.8684803e-14
1.6759577e-14
1.4887668e-14
1.3064082e-14
1.1297802e-14
9.5868846e-15
7.943437e-15
6.3720419e-15
4.8854527e-15
3.4935974e-15
2.2699841e-15
1.2132807e-15
3.0581475e-16
-4.6436013e-16
-1.1150957e-15
-1.6668365e-15
-2.134806e-15
-2.5330595e-15
-2.8720353e-15
-3.1596466e-15
-3.405601e-15
-3.6139633e-15
-3.7903348e-15
-3.9408669e-15
-4.0698953e-15
-4.1777959e-15
-4.2709169e-15
-4.3501222e-15
-4.4165362e-15
-4.4739075e-15
-4.5202073e-15
-4.5601341e-15
-4.5941498e-15
-4.6226995e-15
-4.6467694e-15
-4.6672397e-15
-4.6849173e-15
-4.6997926e-15
-4.7120978e-15
-4.7215783e-15
-4.728742e-15
-4.7366204e-15
-4.7423679e-15
-4.7469136e-15
-4.7517072e-15
-4.7545553e-15
-4.7556457e-15
-4.7595126e-15
-4.7619049e-15
-4.7626136e-15
-4.7656185e-15
-4.7657007e-15
-4.766744e-15
-4.7669689e-15
-4.7668009e-15
-4.7688126e-15
-4.7678869e-15
-4.7699745e-15
-4.7705952e-15
-4.7713782e-15
-4.7710375e-15
-4.7711806e-15
-4.7709892e-15
-4.7715466e-15
-4.7725361e-15
-4.7713132e-15
-4.769682e-15
-4.7712832e-15
-4.7724719e-15
-4.7692516e-15
-4.7706566e-15
-4.7692114e-15
-4.7695315e-15
-4.768968e-15
-4.7682502e-15
-4.7703778e-15
-4.7702675e-15
-4.7675059e-15
-4.7697481e-15
-4.7696595e-15
-4.7722916e-15
-4.7724838e-15
-4.7722949e-15
-4.7704767e-15
-4.7715382e-15
-4.7710935e-15
-4.7699041e-15
-4.7709465e-15
-4.7718801e-15
-4.7730206e-15
-4.773671e-15
-4.7747398e-15
-4.7765688e-15
-4.7787589e-15
-4.7786829e-15
-4.7802659e-15
-4.7806843e-15
-4.7821553e-15
-4.7854591e-15
-4.7912898e-15
-4.7924704e-15
-4.791083e-15
-4.7864562e-15
-4.7750895e-15
-4.7556093e-15
-4.697514e-15
-4.5016745e-15
-3.8452861e-15
-1.8743112e-15
-4.0519128e-14
-3.4568701e-14
-2.8167285e-14
-2.3366848e-14
-1.983851e-14
-1.7020191e-14
-1.4670262e-14
-1.2662315e-14
-1.0907384e-14
-9.3575697e-15
-7.9702408e-15
-6.7226726e-15
-5.59233e-15
-4.5659498e-15
-3.6304337e-15
-2.7783651e-15
-2.001969e-15
-1.2966498e-15
-6.560856e-16
-7.5935625e-17
4.4833741e-16
9.2009306e-16
1.341359e-15
1.7143025e-15
2.0445787e-15
2.3372294e-15
2.5949898e-15
2.8215646e-15
3.0219094e-15
3.1985486e-15
3.3543674e-15
3.4904011e-15
3.6113146e-15
3.717712e-15
3.8115573e-15
3.8945306e-15
3.9690344e-15
4.0339759e-15
4.0924741e-15
4.1435666e-15
4.1900023e-15
4.2304254e-15
4.2678061e-15
4.3002147e-15
4.3302313e-15
4.3565301e-15
4.3807227e-15
4.4024682e-15
4.4217561e-15
4.4389533e-15
4.4560777e-15
4.471088e-15
4.4842185e-15
4.495762e-15
4.5069785e-15
4.5166721e-15
4.5270422e-15
4.5355127e-15
4.5433411e-15
4.5518375e-15
4.5589548e-15
4.5666288e-15
4.572699e-15
4.5798243e-15
4.584669e-15
4.5901942e-15
4.594899e-15
4.6014253e-15
4.6061317e-15
4.6108443e-15
4.6146731e-15
4.6195363e-15
4.6232323e-15
4.6275507e-15
4.6317451e-15
4.6370036e-15
4.6414962e-15
4.6461461e-15
4.6495022e-15
4.6543971e-15
4.6583318e-15
4.6624534e-15
4.6669241e-15
4.6715324e-15
4.6753997e-15
4.6806147e-15
4.6853336e-15
4.6902192e-15
4.6942583e-15
4.6994988e-15
4.7051204e-15
4.7096151e-15
4.7150628e-15
4.720392e-15
4.7252627e-15
4.7310437e-15
4.7375993e-15
4.743406e-15
4.7488012e-15
4.7544302e-15
4.761175e-15
4.767394e-15
4.7737895e-15
4.7781285e-15
4.7851841e-15
4.7903451e-15
4.7944551e-15
4.797829e-15
4.8031313e-15
4.8033814e-15
4.8010249e-15
4.7976731e-15
4.7892506e-15
4.7737906e-15
4.7485428e-15
4.6965407e-15
4.5878417e-15
4.3129367e-15
3.5826287e-15
1.562031e-15
)
;
    }
    wedgeBack
    {
        type            wedge;
        value           nonuniform List<scalar> 
4800
(
-1.8465644e-16
-1.1288006e-16
5.5562391e-17
3.6140371e-17
1.0131627e-16
2.7983813e-16
3.1460193e-16
4.428564e-17
1.9873959e-16
2.0752004e-16
2.4932448e-16
1.1023475e-16
2.2387117e-17
-8.3078861e-17
-1.1071447e-16
-2.8124097e-17
3.3350582e-17
-4.8252487e-17
-2.7937023e-16
-2.7367223e-16
-6.4445698e-17
-2.5965532e-17
1.9693254e-16
8.0843573e-17
-8.6617724e-17
-1.1237156e-16
6.171291e-17
1.3868055e-16
6.225439e-17
1.7670733e-16
-6.8986296e-17
5.6743655e-17
1.6608478e-16
1.5632602e-16
-7.5948186e-17
-1.7637789e-16
-7.9444187e-17
5.2865877e-17
2.2876286e-16
-5.0754043e-17
-1.5104551e-16
9.1650654e-17
1.4395969e-16
9.3221359e-17
7.3489638e-17
1.4809764e-16
5.297464e-17
-8.7235682e-17
1.6587211e-16
1.3953726e-16
1.7559167e-16
2.3893324e-16
-3.4250275e-18
1.8055383e-16
1.4899434e-16
-4.8734664e-18
-1.0449302e-16
4.5569114e-17
6.9988916e-17
2.3470913e-16
2.3286113e-16
2.2258007e-16
2.9694122e-16
2.8393058e-16
3.65036e-16
1.66813e-16
3.0836551e-16
1.0219753e-16
1.1149584e-16
1.8263207e-16
2.47217e-16
1.8506987e-16
4.3663844e-17
1.0075708e-16
2.0276692e-16
2.5028721e-17
8.9584049e-17
8.8114411e-17
4.2108561e-17
-9.5120089e-17
6.812693e-17
3.8167052e-16
1.940231e-16
1.732817e-16
1.2481819e-16
1.2364718e-16
1.3036373e-16
1.8397394e-16
3.018476e-16
-1.5566743e-17
-1.0316493e-16
-6.8294646e-17
-3.0176041e-18
1.0708812e-16
1.7995702e-16
1.8422764e-17
2.6580033e-17
1.8625846e-16
2.4402182e-16
1.6304023e-16
4.8690205e-17
8.5533858e-17
1.8229696e-16
2.0215113e-16
1.581349e-16
1.1711063e-16
1.3515609e-16
2.0457143e-16
1.931592e-16
1.2970139e-16
1.272727e-17
1.1477987e-16
1.3078464e-16
1.5315221e-16
1.1905411e-16
1.0986118e-16
4.7346783e-17
4.3351655e-17
5.4664807e-17
6.128462e-17
3.6050462e-16
5.5997392e-16
7.3652775e-16
8.1526433e-16
8.4531995e-16
7.8665842e-16
7.6023887e-16
7.4289228e-16
7.1006231e-16
6.9716376e-16
7.253291e-16
7.3606817e-16
7.486085e-16
7.3895905e-16
7.3336171e-16
6.6703929e-16
7.2648579e-16
6.7017121e-16
6.3752832e-16
6.2452033e-16
6.5535775e-16
6.9987074e-16
6.3275825e-16
6.184064e-16
6.8742513e-16
6.7256999e-16
6.7121176e-16
7.2402649e-16
6.9960546e-16
7.2470861e-16
7.0729271e-16
7.1708774e-16
6.7508467e-16
6.8404328e-16
6.7132822e-16
6.8622103e-16
6.2004097e-16
5.3305764e-16
5.7352305e-16
6.1234779e-16
6.0578145e-16
6.9574316e-16
7.2603336e-16
6.6927396e-16
6.4461035e-16
6.2987176e-16
6.3181884e-16
6.1912386e-16
6.1657595e-16
6.0679141e-16
6.0517104e-16
6.1143053e-16
6.2567275e-16
5.9898618e-16
5.4687563e-16
5.6103385e-16
5.7756704e-16
5.8374725e-16
6.5507493e-16
7.9188523e-16
8.42128e-16
8.4205743e-16
8.3866306e-16
7.8642842e-16
6.7543292e-16
7.5136588e-16
6.6845665e-16
6.6256662e-16
6.8751216e-16
7.3739474e-16
8.4832336e-16
8.3566695e-16
8.0455005e-16
7.2341736e-16
7.8655764e-16
7.898368e-16
7.8463815e-16
7.8270561e-16
7.237324e-16
6.9906978e-16
6.8997628e-16
7.7201997e-16
8.0281609e-16
8.3519517e-16
8.531914e-16
8.1554206e-16
7.8829256e-16
6.6466179e-16
6.3254146e-16
7.3363153e-16
7.7657516e-16
7.9306622e-16
8.0282004e-16
8.4297749e-16
8.4449439e-16
9.256934e-16
8.6816844e-16
8.2831708e-16
8.3284007e-16
8.1926377e-16
7.741888e-16
7.1394772e-16
7.6714883e-16
7.7693992e-16
7.4039329e-16
6.8051092e-16
7.2022077e-16
7.3888756e-16
7.1705878e-16
7.3646529e-16
7.1511853e-16
7.5760757e-16
7.833929e-16
8.7012272e-16
8.7316211e-16
8.4923682e-16
7.5637782e-16
6.6758697e-16
5.5482915e-16
3.3920178e-16
3.5627161e-18
-2.1982604e-17
1.1456568e-17
-1.908713e-17
3.5620289e-18
5.3457932e-17
3.4623728e-17
-1.3891057e-19
4.8617586e-17
1.2499521e-16
1.2753399e-16
1.0130789e-16
8.0308335e-17
5.2856382e-17
1.0316024e-16
6.8017021e-17
1.0826277e-16
1.0515053e-16
7.1352958e-17
1.874263e-17
-2.9954562e-17
-3.1660192e-17
-1.3272618e-17
-4.1570459e-17
9.8725967e-18
3.9039343e-17
2.2853824e-17
1.6412027e-17
3.4531222e-17
1.1641183e-17
4.3180446e-17
3.9196689e-17
1.8020669e-17
3.764799e-17
7.5031189e-17
8.2181096e-18
-2.6095059e-17
-2.2309248e-17
4.373988e-21
2.2821745e-17
3.4188685e-17
2.1609934e-17
3.0062912e-17
1.4692347e-17
1.0074649e-17
-2.3234873e-17
4.6552172e-17
2.1269316e-17
1.3888997e-17
1.1157182e-17
3.8038453e-17
9.6821255e-19
9.6510683e-18
6.451463e-17
1.8518696e-17
-3.3251973e-17
-2.4967463e-17
4.1350836e-17
5.3636266e-17
8.0501517e-17
1.2298598e-16
6.347296e-17
4.3967391e-17
8.7869391e-17
4.706278e-17
5.2031436e-17
-3.7563399e-18
2.2314994e-17
9.4122152e-17
4.2038175e-17
9.6080372e-17
8.1926239e-17
4.6225107e-17
8.288527e-17
6.9252094e-17
3.2875568e-17
1.6273457e-17
7.1447448e-17
7.5040172e-17
1.1208252e-16
1.2545823e-16
1.0676654e-16
8.1795484e-17
5.2562342e-17
8.6991934e-17
8.9884417e-17
5.4790064e-17
8.0336485e-17
7.3718894e-17
7.7296308e-17
5.0843337e-17
7.4384224e-17
6.7141045e-17
4.6801299e-17
9.4797467e-17
1.2096478e-16
1.0048535e-16
8.8206356e-17
7.4410502e-17
9.1363526e-17
3.6866689e-17
3.1302551e-17
8.140774e-17
6.8226519e-17
4.1392419e-17
2.4849153e-17
9.4931993e-17
9.1295909e-17
1.1367134e-16
1.1498389e-16
9.4331396e-17
1.0122666e-16
8.9412525e-17
9.4426156e-17
6.9540068e-17
8.2538865e-17
1.1190077e-16
9.5800449e-17
5.6359528e-17
5.9465209e-19
2.7910207e-17
5.6901316e-17
4.7374068e-17
8.1853926e-17
5.8052322e-17
6.928135e-17
7.2575239e-17
6.4158309e-17
6.9075015e-17
7.6684125e-17
7.5642812e-17
5.235233e-17
7.3082159e-17
8.5146289e-17
7.4991698e-17
8.5139567e-17
1.0353586e-16
1.0318865e-16
1.0032006e-16
1.1117367e-16
7.4485453e-17
8.5674166e-17
8.327516e-17
9.4265865e-17
9.3854423e-17
9.8508312e-17
1.0138946e-16
8.0461564e-17
7.5810484e-17
7.7562223e-17
8.032417e-17
7.2029511e-17
8.465366e-17
8.3887128e-17
7.3993086e-17
6.4616852e-17
8.6018473e-17
6.7221868e-17
4.4685453e-17
1.734983e-17
5.6939686e-17
5.2991409e-17
5.7980825e-17
7.2887387e-17
8.8020857e-17
7.9644908e-17
6.8915178e-17
6.9033246e-17
5.5090318e-17
8.1831964e-17
9.6096049e-17
1.1386061e-16
1.1599355e-16
1.1857467e-16
9.681173e-17
8.7118039e-17
8.4083114e-17
7.5003901e-17
8.658787e-17
8.2219156e-17
9.5385298e-17
8.4194957e-17
9.1139954e-17
8.8219403e-17
7.4155452e-17
7.6936967e-17
7.9885577e-17
1.0811691e-16
7.5500584e-17
7.6041314e-17
8.8150382e-17
8.125442e-17
9.8387556e-17
7.6346237e-17
5.9433253e-17
4.9185345e-17
6.7309078e-17
7.0724708e-17
6.7177715e-17
7.8268124e-17
9.7634475e-17
7.8130989e-17
6.0492139e-17
7.5375277e-17
7.8511274e-17
7.5952582e-17
8.2423146e-17
1.0092119e-16
6.9458856e-17
4.3033224e-17
5.1779352e-17
6.5848304e-17
6.4468369e-17
5.8349366e-17
8.5621891e-17
9.3527045e-17
9.4249832e-17
1.0930981e-16
6.0684137e-17
3.0399286e-17
4.7408701e-17
6.1586992e-17
6.7931855e-17
6.3764115e-17
4.7218358e-17
4.147493e-17
5.7372948e-17
7.0905791e-17
9.1133672e-17
9.5474307e-17
1.0283242e-16
9.9911676e-17
9.9560629e-17
1.0844714e-16
1.0701436e-16
7.9402251e-17
6.1522216e-17
4.7965027e-17
3.2356545e-17
2.3351122e-18
-3.3658616e-17
-2.6036201e-17
-1.6106553e-17
-9.1933266e-18
-2.6214697e-17
-4.6327632e-18
8.8340728e-18
1.0834619e-17
1.2116334e-17
3.663563e-17
3.2944765e-17
1.960247e-17
3.0928673e-17
2.506245e-17
2.5187674e-17
2.4965687e-17
4.0136598e-17
3.2179428e-17
2.9667618e-18
-7.7028652e-18
-3.6074727e-17
-1.443455e-17
-8.227182e-18
-8.3675121e-18
-9.7200604e-18
-9.4292629e-18
6.3209963e-19
2.5598982e-18
-4.992182e-18
8.1805974e-18
2.4749784e-17
8.604676e-19
2.4333078e-17
3.0314827e-17
2.7782692e-17
1.3259506e-17
-4.3863832e-18
5.0713967e-18
-4.6189588e-18
-2.0726262e-17
2.2017488e-17
1.3269645e-17
-5.5201609e-18
-5.8772016e-18
8.1209066e-19
-1.500556e-17
-3.5471706e-18
7.1334349e-18
2.2221484e-18
1.8066118e-17
2.2013387e-17
7.6009372e-18
2.2771591e-17
1.5804482e-17
2.6586174e-18
-4.3297182e-18
-5.0243289e-18
-3.2781364e-18
1.5878543e-17
-1.3608681e-18
4.4303506e-18
1.1502643e-18
6.5762677e-18
1.5411299e-17
1.6700072e-17
1.6551253e-17
1.0750972e-17
1.8838761e-17
1.380594e-18
2.4666489e-18
1.767725e-17
-4.0536621e-18
1.838787e-17
1.6491157e-17
4.3193198e-18
-2.5331797e-18
-5.4351337e-18
-2.0984898e-18
-9.8298236e-18
2.3114638e-17
1.728609e-17
1.3575486e-17
1.3732738e-17
2.9188599e-17
2.2540901e-17
2.7737715e-17
2.7019793e-17
3.1843321e-17
3.4019649e-17
-8.7109172e-18
5.5376485e-18
7.2253207e-18
1.0071305e-17
-1.7564921e-17
-7.0146401e-19
1.5768048e-17
1.0293965e-17
1.2857311e-17
1.6968022e-17
-2.4576499e-18
-1.5676684e-17
-5.3109535e-18
1.0375951e-18
-1.5429939e-18
-2.2410023e-18
2.5196031e-18
1.0679315e-17
1.8932711e-17
3.1396797e-17
2.303116e-17
2.1042422e-17
2.3041065e-17
3.657484e-17
4.0435216e-17
3.4054743e-17
2.3849953e-17
2.0184692e-17
1.1116996e-17
1.2753942e-18
-2.8069438e-18
-6.5234092e-18
-2.9517347e-17
-3.1006265e-17
-3.1193837e-17
-2.3758827e-17
-9.2906089e-18
-1.2332915e-17
5.9683549e-18
1.0744999e-17
1.8695738e-17
8.6211139e-18
1.1377788e-18
-5.6300422e-18
3.207781e-18
7.5667536e-18
1.4569072e-17
1.4571576e-17
6.2632482e-19
-1.1065978e-17
-2.2332948e-17
-2.5571655e-17
-2.9055082e-17
-1.707387e-17
-3.8048929e-17
-2.4500775e-17
-1.1992562e-17
-2.5520309e-17
-1.265972e-17
-2.0329612e-17
-1.0413057e-17
8.2864832e-18
-5.085411e-18
1.5598181e-17
1.4259655e-17
3.142206e-17
7.5857461e-18
-1.2400184e-17
-2.8628079e-18
-2.4132139e-18
4.3020181e-18
-5.0468965e-18
1.3262975e-17
2.0325661e-18
1.4396269e-18
-8.3798078e-18
-1.5712871e-17
1.4620707e-17
-4.6815528e-18
-1.7379573e-17
-3.7482914e-18
5.0274898e-18
-3.6097516e-18
1.1518936e-17
-7.7976354e-18
-1.1084734e-17
5.2172903e-18
-2.1123193e-19
-7.3270077e-18
8.2073317e-18
2.4822454e-17
-1.6197316e-17
-2.9346793e-17
-2.7041946e-17
-1.1665101e-17
-9.0359452e-18
-1.6363584e-17
-6.593042e-18
2.6148153e-19
-1.4420958e-18
-1.0627017e-17
-8.2324939e-18
-9.6509374e-19
5.7068388e-18
7.6328728e-18
-3.7831518e-18
-1.2187578e-17
-2.1966059e-17
7.6953637e-19
-2.1338045e-18
-1.381575e-17
4.1710049e-18
8.576831e-18
3.600232e-18
-6.6101919e-18
-4.8243384e-18
1.6427529e-18
6.1480132e-19
-8.8914817e-19
2.9479195e-18
-8.4472521e-18
-2.1160293e-17
-9.502156e-18
-1.5784128e-17
-1.177547e-17
-3.1833262e-19
-1.5112888e-18
-3.9419677e-18
-1.4721891e-17
-1.0917203e-17
-1.7145539e-17
-3.3330066e-17
-3.1185376e-17
-1.9940001e-17
-2.4378792e-17
-2.3529468e-18
-8.0147747e-18
-1.3240823e-17
6.7593702e-18
-3.9821133e-19
2.0803802e-19
-2.0358757e-18
8.8171293e-19
8.5512254e-18
7.5844231e-20
-1.1301285e-17
-5.4568521e-18
-3.7101418e-18
1.9235865e-19
-1.4259753e-17
-1.5182993e-17
-8.4674362e-18
9.2217076e-18
6.0552486e-18
1.2450045e-17
1.0840288e-17
2.8491186e-17
3.8274798e-17
2.6178079e-17
7.3064041e-18
5.2754682e-19
-1.3793927e-17
-1.7029506e-17
-2.4281516e-18
4.6670068e-18
1.3808224e-18
-5.2480939e-18
-4.0701224e-18
-4.9467158e-18
-1.427974e-17
-2.0154095e-17
-1.4608253e-17
-9.2304042e-18
3.9767392e-19
1.3808418e-17
2.1956083e-17
2.8211575e-17
1.7398706e-17
1.0396966e-17
9.017401e-18
1.2583471e-17
2.2831919e-17
1.9940457e-17
1.9986573e-17
3.1832069e-17
2.5637994e-17
1.9157877e-17
1.7053809e-17
2.3503647e-17
2.8458679e-17
8.6769385e-18
8.298604e-18
1.1232486e-17
1.9776648e-18
-7.6858834e-18
6.2327687e-19
9.7704073e-18
1.3120937e-17
1.2476532e-17
3.1842305e-18
3.1776099e-18
7.1308777e-18
-7.0015212e-20
-8.8803165e-18
-1.1101821e-17
-2.3701021e-17
-2.1148547e-17
-9.8158441e-18
7.0201087e-19
1.1881303e-17
4.5481397e-18
-9.1563633e-18
-1.2337895e-17
-7.8426771e-19
6.5729137e-18
5.4724332e-18
1.8523775e-17
1.4754073e-17
1.7992738e-17
1.4472472e-18
7.8777319e-19
1.5112392e-17
-2.8536913e-18
3.2613807e-18
-3.9112904e-18
-4.4190783e-18
-2.6898028e-18
-7.486171e-18
-8.3673155e-18
-8.1953362e-18
6.1986455e-18
1.60362e-17
9.169511e-18
4.0359246e-18
4.9749367e-18
3.1690973e-18
7.4373257e-18
1.5011794e-17
2.4177962e-17
7.4205388e-18
-1.2171601e-17
-1.1683225e-17
-1.5144087e-17
-3.5748829e-18
-6.3225472e-18
-6.8865137e-18
-6.1284596e-18
-4.6796424e-18
-1.0280295e-17
6.276293e-19
-4.5173841e-18
-3.3796642e-18
3.1977347e-18
5.9271234e-18
3.4723149e-18
1.879802e-18
6.5731931e-18
1.4782932e-17
2.4095365e-17
1.8405559e-17
1.0078769e-17
7.3820226e-18
7.5025943e-18
1.297175e-17
7.9978266e-18
-9.2157414e-19
-4.6648494e-18
1.3019317e-18
3.6209917e-18
5.9697364e-19
-1.1881532e-18
-1.480535e-17
-1.0689725e-17
-1.5460987e-17
-6.7009047e-18
-1.0246657e-17
-3.3449419e-18
1.5562563e-18
1.041875e-17
1.2897265e-17
6.2045505e-18
-7.1623691e-18
-1.8273717e-17
-1.1719116e-18
-7.2678651e-18
-6.2747147e-19
4.9648305e-18
1.2699377e-17
1.9415967e-17
6.9865836e-18
-4.5594052e-18
-3.4777097e-18
-4.6366468e-19
-2.4452602e-19
4.8717183e-18
3.7804519e-18
7.1539889e-18
3.8525421e-18
3.6334841e-18
-6.2756248e-18
-4.0125967e-19
1.2909011e-17
7.3090684e-18
1.5493421e-17
1.7892799e-17
5.9647489e-18
-1.0223031e-18
-6.5479558e-18
2.4032728e-18
1.1005275e-17
3.4100998e-18
2.4761686e-17
1.5598663e-17
9.5452693e-18
1.4669665e-18
1.0412115e-17
1.4366329e-17
1.103838e-17
1.1760305e-17
1.14024e-17
8.4505747e-18
8.2439419e-18
5.1571509e-18
4.1221972e-18
1.483734e-17
6.3947856e-18
-8.3875507e-18
-1.0266193e-17
-4.3472741e-18
-4.3643233e-18
-5.7861502e-18
-6.5128858e-18
-9.7178567e-18
-3.9582368e-18
1.0046559e-17
8.3357628e-18
1.0865321e-17
1.0311303e-17
1.8351299e-17
1.2438862e-17
7.2111299e-18
8.9477221e-18
-3.0421803e-18
7.9194364e-18
-4.1955915e-18
-1.0394124e-17
-2.4397918e-17
-3.1329305e-17
-2.1127733e-17
-1.1106788e-17
1.4859299e-18
-1.0806183e-17
-4.1716405e-18
-6.320108e-18
-1.889052e-18
-1.0830402e-17
-1.3735348e-17
-2.2375894e-17
-4.5158446e-18
-3.2714383e-18
-1.1612365e-17
-8.4603584e-18
-1.3681002e-18
8.6595274e-18
-1.3257381e-17
-2.3836006e-18
-3.7117568e-18
2.4174254e-19
-2.0393366e-18
-9.6775322e-18
-1.2930928e-17
-1.0229331e-17
-9.7183783e-19
5.6083357e-18
4.4233844e-18
5.8022615e-19
4.1298134e-18
7.4321302e-18
1.105789e-17
8.8018938e-18
1.6598416e-18
6.9937769e-19
3.737828e-18
7.120744e-18
8.5645074e-18
7.946135e-18
8.0522561e-18
1.0748105e-17
5.2207282e-18
-7.7419506e-19
-2.5755552e-18
-1.6314005e-17
-1.1259943e-17
-1.6483779e-17
-7.6999851e-18
-1.0627176e-17
2.7022094e-18
1.7857645e-17
1.5325348e-17
1.8393783e-17
1.2956449e-17
-3.7981572e-18
-1.905375e-17
-1.4336654e-17
-1.7914057e-17
-1.241711e-17
-5.0808856e-18
1.4728175e-17
1.8043517e-17
9.3835206e-18
-5.9200328e-18
-1.4877762e-17
-1.7907658e-17
-1.0305834e-17
-5.362969e-18
8.5873755e-20
4.4042129e-18
-2.8222921e-18
-8.4008319e-18
-1.3944174e-17
-3.3907414e-18
3.4384488e-18
-7.5050278e-18
2.4750873e-18
-5.7873693e-18
-1.7886643e-17
-3.1862198e-17
-3.7417415e-17
-2.1782407e-17
-1.5645198e-17
-3.0056896e-17
-1.0449321e-17
-5.5259494e-18
3.8332953e-20
-5.7180998e-18
-2.0906561e-18
-3.2776657e-18
-4.0632194e-18
-3.4437141e-20
4.2892357e-18
3.6891702e-18
1.2338497e-17
2.3162029e-18
-1.0093507e-17
-8.0967594e-18
-5.075103e-18
-1.5689241e-17
-2.5894041e-17
-2.1561898e-17
-2.1393407e-17
-2.1887145e-17
-2.4031537e-17
-1.7525532e-17
-3.082885e-18
-5.860832e-18
3.9956228e-18
1.1628246e-18
1.9783254e-18
6.063465e-18
4.7414107e-18
9.4898125e-18
1.2906774e-17
3.3907425e-18
6.0980848e-18
-3.047035e-18
-1.1109958e-17
-2.7420513e-17
-3.0194168e-17
-2.1175308e-17
-1.6527458e-17
-6.6318292e-18
-1.438243e-17
-1.7891639e-17
-1.7650517e-17
-1.0102784e-17
-1.2412084e-17
-1.7787339e-17
-2.2659364e-17
-1.0570148e-17
-2.2044359e-17
-3.1680553e-17
-2.3510275e-17
-1.1346705e-17
-5.6193526e-18
-1.417395e-17
9.7962012e-19
1.0797692e-17
4.0284895e-19
4.7029071e-18
-7.6649563e-18
-2.5280021e-17
-2.0527106e-17
-7.6763218e-18
-3.8050936e-18
-1.3248386e-18
1.1495212e-18
4.9519463e-18
7.6427267e-18
5.4034933e-18
1.4861039e-18
-7.1943757e-18
-9.7055111e-18
-5.9924311e-18
-3.1098506e-18
-2.7536326e-18
-3.9686379e-18
-5.8148184e-18
-5.4123842e-18
-8.216501e-18
-1.1846469e-17
-1.2918616e-17
1.9005149e-17
8.8313731e-18
4.3335757e-18
-4.3966907e-18
-9.8840333e-18
-8.812169e-18
-1.0258099e-17
-1.0323655e-17
-1.3766283e-18
8.2783714e-18
6.9282547e-18
8.9469492e-18
2.633284e-18
6.5963028e-18
5.9073015e-18
1.1636854e-18
-1.135872e-17
-1.3919712e-17
-1.4586486e-18
-6.9148426e-18
-5.558429e-18
-2.9385903e-18
-4.856471e-18
-6.0407052e-18
-7.6197631e-19
2.5217071e-18
-5.3759116e-18
-1.1694678e-17
-1.7283829e-18
2.4205755e-18
5.599114e-18
9.5887239e-18
1.253431e-17
2.30408e-17
2.3607685e-17
2.382803e-17
1.6630102e-17
1.7222229e-17
2.1182125e-17
2.1634923e-17
2.1323804e-17
3.1576108e-17
2.0444587e-17
1.4380752e-17
5.868428e-18
1.0039683e-17
9.5094669e-18
7.2152116e-18
4.4937502e-19
2.7676252e-18
4.5686072e-19
-1.1500416e-18
4.3436781e-18
1.4929465e-17
3.6303728e-18
8.8965903e-18
2.190379e-17
2.2072637e-17
2.4746948e-17
2.1414016e-17
1.8244062e-17
4.825319e-18
-8.1622019e-19
3.542739e-20
1.7818274e-17
1.6297669e-17
2.1853452e-17
2.5958247e-17
2.8623591e-17
2.1133155e-17
1.5419438e-17
1.5316427e-17
2.371566e-17
2.87648e-17
3.4382491e-17
3.2383862e-17
3.2642851e-17
3.1494599e-17
3.6854016e-17
2.5058855e-17
2.829983e-17
3.1322782e-17
3.9289554e-17
4.5745119e-17
3.6839018e-17
3.7962888e-17
3.6237992e-17
2.5853855e-17
2.4149199e-17
3.3340674e-17
3.5634372e-17
3.4739533e-17
2.9566435e-17
2.410694e-17
2.0166176e-17
2.2996546e-17
2.8835109e-17
2.6864116e-17
3.4488224e-17
3.2193407e-17
2.2815704e-17
2.4215886e-17
3.0280304e-17
3.3436682e-17
3.2343993e-17
2.9476295e-17
3.2719748e-17
3.1655628e-17
2.9897694e-17
2.6232675e-17
2.6346186e-17
2.8532215e-17
3.0582673e-17
3.0531216e-17
3.5310172e-17
3.851715e-17
3.6705887e-17
2.956013e-17
1.9878825e-17
1.0007071e-17
-1.9385468e-18
-7.548365e-18
-3.1865705e-18
-1.8678759e-17
-2.3245974e-17
-1.6190257e-17
-8.5135417e-18
-1.9242591e-17
-1.8964267e-17
-2.0482907e-17
-2.1957436e-17
-1.1957905e-17
-1.7115949e-17
-2.9188138e-18
-1.3838017e-17
-1.4142691e-17
-8.2045788e-18
-1.2097642e-17
-6.6993468e-18
4.2463532e-18
-3.4869831e-18
-9.9649185e-18
-1.7237964e-17
-1.5632098e-17
-6.2819017e-18
-9.0466273e-18
-7.8646763e-18
-8.8592533e-18
-1.4910972e-17
-1.5170685e-17
-1.7070635e-17
-1.4369233e-17
-1.8818493e-17
-1.6872153e-17
-2.7352055e-17
-1.6998462e-17
-1.1279232e-17
-5.6941469e-18
1.6033541e-18
-6.7467363e-18
-8.8820778e-18
-1.2304104e-17
-5.2262736e-18
-3.9649812e-18
-6.3850481e-18
4.5865665e-18
-9.5853039e-18
-5.7450503e-18
-5.111472e-18
-7.0148007e-18
-1.1880152e-18
9.2012204e-18
1.0962005e-17
2.998405e-19
-1.1194975e-17
-2.9242379e-18
-8.738011e-18
-1.3526063e-18
-5.0646383e-19
6.9642108e-18
4.3835512e-18
5.133493e-18
2.1310922e-17
1.1226193e-17
-9.7487928e-19
-5.6219093e-18
-7.5219989e-18
4.2629922e-18
4.8262484e-18
6.3880797e-18
4.7708116e-18
9.9082848e-18
2.5053174e-18
-4.3761955e-18
4.9027703e-18
-1.4284179e-17
-2.104422e-17
-1.3175994e-17
-3.9048505e-18
2.7774155e-18
9.0035163e-19
-3.6726043e-19
-6.1176099e-18
3.5997054e-18
1.2234979e-17
7.7271823e-18
1.4183679e-17
2.2219953e-17
1.8801183e-17
1.0747167e-17
9.9373714e-18
1.610106e-17
1.8915205e-18
5.6867963e-18
4.0572358e-18
7.6076003e-18
1.4602007e-17
2.6871489e-18
7.6534622e-18
1.3183332e-17
1.9214877e-17
2.1874722e-17
1.3280877e-17
4.5598271e-18
-2.7345997e-19
3.5843816e-19
-5.0982856e-19
3.7230358e-18
1.1375906e-17
9.127192e-18
8.9507556e-19
7.720243e-18
1.2652682e-17
1.0735388e-17
1.1559745e-17
1.3353385e-17
7.404904e-18
1.6245724e-18
8.1079377e-18
4.1870887e-18
-1.0337956e-17
8.2520817e-18
4.7554985e-17
7.5271566e-17
9.4665041e-17
9.2926329e-17
9.862651e-17
1.043249e-16
1.0174104e-16
9.2794043e-17
8.4386399e-17
8.0136579e-17
8.6992111e-17
8.8718696e-17
9.1537043e-17
8.3403422e-17
7.7459714e-17
7.6644878e-17
7.171488e-17
7.9170903e-17
7.2006196e-17
6.8995607e-17
6.67383e-17
8.1483975e-17
6.8366984e-17
5.8835859e-17
5.8633881e-17
5.048636e-17
4.8024027e-17
4.5684928e-17
3.782872e-17
3.0145444e-17
3.3416332e-17
3.3373353e-17
1.4955835e-17
1.8268828e-17
2.4319942e-17
2.4195168e-17
2.8308758e-17
3.6332976e-17
2.9790923e-17
2.3606343e-17
9.1413247e-18
1.0754611e-17
1.264312e-17
7.3717964e-18
6.3969861e-18
2.2507818e-18
1.0913885e-18
-1.0049844e-17
-1.8523155e-17
-2.4819377e-17
-1.5454487e-17
-2.1316293e-17
-2.6181717e-17
-2.547812e-17
-2.4339249e-17
-2.7858196e-17
-3.2584214e-17
-4.5647976e-17
-4.9992868e-17
-5.3499628e-17
-5.5933321e-17
-5.4183198e-17
-5.3625443e-17
-6.1230392e-17
-5.8090041e-17
-7.4019464e-17
-7.10043e-17
-7.1638145e-17
-7.6478803e-17
-8.8180631e-17
-8.2924721e-17
-7.773582e-17
-8.3768115e-17
-9.1954068e-17
-1.0003893e-16
-1.0108015e-16
-9.8441374e-17
-1.033996e-16
-1.0386397e-16
-1.0817792e-16
-1.041647e-16
-1.0859528e-16
-1.151592e-16
-1.1443126e-16
-1.1312389e-16
-1.1470151e-16
-1.1525532e-16
-1.1623265e-16
-1.2449666e-16
-1.2559313e-16
-1.2421788e-16
-1.2608419e-16
-1.3708232e-16
-1.3812512e-16
-1.3255665e-16
-1.3326361e-16
-1.3978031e-16
-1.3989546e-16
-1.4072912e-16
-1.5017327e-16
-1.4228202e-16
-1.4960755e-16
-1.55284e-16
-1.6034872e-16
-1.6369039e-16
-1.6597992e-16
-1.5925823e-16
-1.5389308e-16
-1.6410243e-16
-1.5853091e-16
-1.5231855e-16
-1.4645698e-16
-1.5576079e-16
-1.5999517e-16
-1.5268477e-16
-1.3725068e-16
-9.6235497e-17
-3.4808124e-17
6.6861756e-19
-6.4580345e-18
-8.2725548e-18
-1.4218571e-17
-1.0794932e-17
-1.3716623e-17
-1.26258e-17
-1.5844585e-17
-1.6300473e-17
-1.5468311e-17
-1.9204016e-17
-1.5598044e-17
-1.9341039e-17
-1.1098866e-17
-1.0736494e-17
-1.0964752e-17
-1.1082364e-17
-1.7736575e-17
-1.9620765e-17
-1.6291667e-17
-1.9076796e-17
-8.6277517e-18
-7.25834e-18
-1.0482853e-17
-8.8415621e-18
-8.8817555e-18
-7.9026998e-18
-2.4840687e-18
-3.0713652e-18
-4.9061194e-18
-1.0073802e-17
-1.5645955e-17
-1.0927931e-17
-1.7832391e-17
-1.788313e-17
-1.1201556e-17
-6.2431746e-18
9.2850124e-19
5.8838169e-18
-3.3703534e-18
-1.4812095e-18
5.3531717e-18
5.6843513e-18
4.7935394e-18
7.6165363e-18
9.0225324e-18
6.247668e-18
6.649718e-18
1.3916437e-17
1.2186778e-17
1.4525545e-17
1.0236976e-17
5.4663429e-18
7.8241247e-18
6.6505336e-18
7.4751829e-18
7.639617e-18
8.8334114e-18
1.4798116e-17
1.9378762e-17
2.0628253e-17
1.7774949e-17
1.1175425e-17
1.2238527e-17
3.6496536e-18
5.2443443e-18
2.6318087e-18
1.3807816e-17
1.6949956e-17
2.6024648e-17
2.4276171e-17
1.7333268e-17
1.4297991e-17
1.3141205e-17
2.5209737e-17
2.6132484e-17
2.5744679e-17
2.606748e-17
2.8192356e-17
2.5210501e-17
2.4015643e-17
2.3195262e-17
2.1594117e-17
2.2247689e-17
2.4309935e-17
2.6888673e-17
2.5327293e-17
3.1019405e-17
2.6351277e-17
3.0729737e-17
2.5367012e-17
3.4136976e-17
2.5177541e-17
2.2661487e-17
1.4854586e-17
2.2850631e-17
2.8886403e-17
2.6573157e-17
3.2868113e-17
2.8761092e-17
3.4203507e-17
2.6530491e-17
3.2097739e-17
2.9530739e-17
2.733923e-17
3.354543e-17
3.2732894e-17
2.9643059e-17
2.6270261e-17
2.492923e-17
2.8239054e-17
2.9716988e-17
3.5249068e-17
3.5541419e-17
2.9727333e-17
2.6236574e-17
2.4378157e-17
2.295931e-17
2.2709758e-17
1.1127406e-17
-7.4681796e-18
-9.4289699e-18
-7.5891972e-18
-1.5119023e-17
-1.7196445e-17
-2.1291607e-17
-1.8537342e-17
-2.6368401e-17
-1.9821067e-17
-2.5011395e-17
-2.589243e-17
-2.1103196e-17
-2.3378928e-17
-1.1032004e-17
-1.1529851e-17
-1.4630349e-17
-1.4999219e-17
-1.9416263e-17
-1.9707324e-17
-1.4376796e-17
-1.3968173e-17
-1.5101218e-17
-1.722004e-17
-1.9253359e-17
-1.7374001e-17
-1.7770804e-17
-2.0160809e-17
-1.0882476e-17
-1.2477876e-17
-1.3047332e-17
-9.4052433e-18
-3.6294612e-18
9.0989571e-18
-1.0601205e-18
-4.2639608e-18
4.8063841e-18
6.453285e-18
3.1617639e-18
4.4351553e-18
-5.2576886e-18
-4.5068188e-18
-7.3421706e-18
-6.2382455e-18
-2.7783573e-18
1.2549695e-17
2.320362e-17
1.6718227e-17
7.2236417e-18
5.0667526e-18
1.8365529e-18
1.6463805e-18
5.1343149e-18
7.0572105e-18
7.6920181e-18
7.392717e-18
9.7519684e-18
1.102537e-17
1.2286105e-17
9.4999807e-18
1.0759873e-17
1.2145212e-17
8.5638596e-18
1.4655074e-17
1.7323814e-17
3.6615307e-18
6.9965843e-18
1.4985103e-17
1.9604404e-17
1.8122707e-17
1.5432086e-17
1.6529316e-17
1.5585203e-17
1.1738393e-17
1.1884437e-17
1.8912019e-17
2.1621565e-17
1.4784535e-17
1.4319808e-17
1.6012907e-17
1.8264835e-17
2.2895641e-17
1.7776403e-17
1.7966952e-17
1.4081062e-17
2.0129321e-17
2.4318058e-17
2.4979671e-17
2.9322619e-17
3.6299317e-17
3.5442262e-17
2.7192707e-17
2.8403081e-17
2.5565905e-17
2.2489635e-17
1.9732642e-17
2.1388502e-17
2.9982835e-17
2.8009828e-17
2.8545576e-17
2.8127298e-17
3.2093124e-17
2.626296e-17
2.8795035e-17
2.2881968e-17
2.367006e-17
2.4853569e-17
2.6427474e-17
2.6710071e-17
2.9804629e-17
3.2200504e-17
3.2473683e-17
3.1262041e-17
2.9048006e-17
2.892043e-17
2.678337e-17
2.2447704e-17
2.4820423e-17
2.0328068e-17
1.8210575e-17
5.6797169e-18
-1.4044433e-18
-9.7244053e-19
-1.0110458e-17
-1.5214274e-17
-1.6405058e-17
-1.8048882e-17
-1.7604402e-17
-1.7916414e-17
-3.1643764e-17
-2.8430431e-17
-1.433062e-17
-1.0307052e-17
-1.1764362e-17
-1.8235344e-17
-2.5748811e-17
-2.9132143e-17
-2.5229479e-17
-2.3389713e-17
-2.0548049e-17
-2.190399e-17
-1.4328682e-17
-1.7303737e-17
-1.8299083e-17
-1.6936483e-17
-1.4316877e-17
-1.4959431e-17
-1.6305183e-17
-2.2105433e-17
-1.2206505e-17
-1.0751795e-17
-1.4372147e-17
-1.5041447e-17
-1.6598638e-17
-3.5021464e-18
-4.3477477e-20
4.7644639e-18
3.5954287e-18
-3.1445348e-18
-3.6162655e-18
-2.9429964e-18
-1.61018e-18
-7.4445756e-19
-2.5900892e-18
1.0275341e-18
2.1312657e-19
3.028552e-18
1.0008109e-17
8.1828009e-18
6.2666105e-18
-2.0056702e-18
4.0368324e-18
1.0695932e-17
1.1168139e-17
1.0278176e-17
1.0659936e-17
1.1872963e-17
1.7681798e-17
2.0565736e-17
1.9967654e-17
1.5616251e-17
1.9286125e-17
2.146768e-17
1.7426528e-17
1.7593284e-17
1.9870798e-17
2.1063277e-17
2.3449511e-17
2.0927404e-17
1.8819734e-17
2.4333563e-17
2.3383863e-17
2.3387046e-17
2.2453725e-17
2.0719687e-17
2.2446132e-17
2.6215322e-17
2.8015451e-17
1.9922954e-17
2.4311609e-17
3.1078153e-17
3.490253e-17
3.1233451e-17
3.1118487e-17
2.5104852e-17
2.8874486e-17
3.180428e-17
3.4417216e-17
3.4316908e-17
3.678982e-17
3.8839836e-17
4.0262439e-17
3.5112131e-17
2.9463198e-17
3.1389384e-17
3.6743057e-17
3.2703596e-17
3.4993405e-17
4.3180611e-17
3.6735679e-17
5.0757734e-17
4.5862759e-17
5.4315693e-17
4.4461595e-17
3.6961977e-17
3.6190609e-17
3.7507608e-17
3.9647803e-17
3.9482549e-17
3.9708933e-17
3.9651055e-17
3.637692e-17
3.8834445e-17
4.0585734e-17
4.1883593e-17
4.203026e-17
4.1953104e-17
4.3718211e-17
3.8074509e-17
2.7424278e-17
1.0866949e-17
-1.1284701e-17
-2.5803419e-17
-2.9393378e-17
-3.6909636e-17
-3.1095653e-17
-2.5977305e-17
-2.3857624e-17
-2.929105e-17
-3.7284698e-17
-3.9411945e-17
-4.1792235e-17
-3.6680452e-17
-3.8647408e-17
-3.304938e-17
-3.8135063e-17
-3.639575e-17
-3.685559e-17
-4.4527388e-17
-3.9111283e-17
-2.867864e-17
-2.3887314e-17
-2.4355072e-17
-3.2828527e-17
-3.3019303e-17
-2.8087525e-17
-2.960808e-17
-2.9632991e-17
-3.0633347e-17
-2.7291814e-17
-2.5776788e-17
-2.1840095e-17
-2.4749121e-17
-1.8533388e-17
-1.7198773e-17
-2.2218838e-17
-1.2391835e-17
-1.4413333e-17
-1.0720293e-17
-6.923572e-18
-1.2354278e-17
-1.3161151e-17
-1.3931594e-17
-7.6902401e-18
-6.6246539e-18
-8.3156632e-18
-3.208516e-18
-3.3603352e-18
-1.5577589e-18
-4.2618753e-19
-4.7007077e-18
1.1271151e-18
2.0833956e-18
-2.85535e-19
5.0270739e-18
1.7579792e-19
4.5960957e-18
6.0338124e-18
9.7102143e-18
9.5828522e-18
1.6244038e-17
1.5905413e-17
1.3619944e-17
2.0201697e-17
1.5129588e-17
4.3190412e-18
9.2692929e-18
1.2292412e-17
1.5794808e-17
2.2066446e-17
2.5734873e-17
2.7760637e-17
2.4902358e-17
2.7429756e-17
1.9365725e-17
2.8197639e-17
2.3667097e-17
2.298445e-17
3.172616e-17
3.2565574e-17
3.587206e-17
3.6084049e-17
3.3381293e-17
3.1451989e-17
3.3083633e-17
3.870347e-17
3.6051461e-17
4.0394252e-17
4.0339254e-17
4.2268938e-17
4.4583391e-17
4.5939857e-17
4.3857805e-17
3.8525342e-17
4.054377e-17
3.8060185e-17
4.1317861e-17
4.326562e-17
4.7404078e-17
5.4673285e-17
5.7239466e-17
5.7750333e-17
5.3007007e-17
5.3852461e-17
5.1118648e-17
4.9135519e-17
5.4529116e-17
5.1113673e-17
4.8603326e-17
4.7972445e-17
4.8093128e-17
4.3071785e-17
4.909734e-17
5.4383842e-17
5.1159205e-17
4.950182e-17
5.0940729e-17
4.6407415e-17
4.3110695e-17
3.6138112e-17
1.7772841e-17
-1.6186072e-17
-3.6068354e-17
-4.572073e-17
-4.5025257e-17
-4.8398876e-17
-4.3717494e-17
-5.0409014e-17
-5.1386839e-17
-5.1322081e-17
-5.1472834e-17
-4.9487475e-17
-4.9518488e-17
-4.9891613e-17
-5.6871327e-17
-4.3525157e-17
-3.9610638e-17
-4.443034e-17
-4.6031272e-17
-4.2303139e-17
-4.4293838e-17
-4.5839516e-17
-4.1822762e-17
-4.2061544e-17
-4.0661923e-17
-4.0555746e-17
-3.7814387e-17
-3.64846e-17
-3.7324911e-17
-3.0816403e-17
-2.6154057e-17
-2.8289804e-17
-3.2416551e-17
-3.4232907e-17
-3.2329857e-17
-2.6176009e-17
-2.5955112e-17
-2.3281286e-17
-2.3311482e-17
-2.2417089e-17
-1.3392797e-17
-1.3115298e-17
-1.3874259e-17
-1.3768541e-17
-4.8803069e-18
-2.7889845e-18
-2.5804078e-18
-6.8036983e-18
-4.8692385e-18
-3.7944855e-18
-1.5934384e-18
3.7737591e-18
2.7763674e-18
3.6723275e-18
3.2581686e-18
6.0588431e-18
4.6777135e-18
1.0158456e-17
1.0912938e-17
9.9846773e-18
1.3711641e-17
2.0951591e-17
2.1131099e-17
2.1749469e-17
1.8104929e-17
1.5879889e-17
1.9822091e-17
2.6638738e-17
2.7699934e-17
3.4677679e-17
3.5145548e-17
3.9812966e-17
3.3905524e-17
3.7340705e-17
3.8704724e-17
3.5343844e-17
4.4287249e-17
4.3740392e-17
4.0560545e-17
4.4518775e-17
4.5527741e-17
4.4086125e-17
4.6113945e-17
4.9737369e-17
4.7734673e-17
4.8908296e-17
4.4982538e-17
4.4791646e-17
4.4653167e-17
5.1385436e-17
5.4789638e-17
5.8974559e-17
5.8583131e-17
5.9073074e-17
5.5766749e-17
5.4614545e-17
5.397231e-17
5.4903116e-17
5.8285486e-17
6.5679427e-17
7.0904325e-17
6.621336e-17
6.2912681e-17
6.347234e-17
6.5910637e-17
6.6933595e-17
6.6404903e-17
6.4883598e-17
6.3310027e-17
6.0190308e-17
5.920385e-17
6.036505e-17
6.3812264e-17
6.8758124e-17
6.895218e-17
6.8098615e-17
6.5935593e-17
6.3581866e-17
5.946818e-17
4.9593999e-17
2.5453585e-17
-2.4778558e-17
-3.9371172e-17
-5.1848102e-17
-5.6853156e-17
-6.6435256e-17
-6.7312425e-17
-7.2883803e-17
-6.9232197e-17
-7.4237419e-17
-6.7003689e-17
-6.1149329e-17
-6.7974957e-17
-6.8258388e-17
-7.0498517e-17
-6.5496451e-17
-6.1929334e-17
-5.6224149e-17
-5.4188019e-17
-5.6971132e-17
-5.7489231e-17
-5.5714504e-17
-5.1993118e-17
-4.3638428e-17
-4.3040348e-17
-4.4865783e-17
-4.3725492e-17
-4.2153879e-17
-4.1361142e-17
-3.9514647e-17
-3.67884e-17
-3.8614783e-17
-3.9124744e-17
-3.5989827e-17
-3.1211005e-17
-2.6773763e-17
-2.3013745e-17
-2.0215345e-17
-1.6029758e-17
-1.9880188e-17
-1.8636103e-17
-1.6848415e-17
-1.0001174e-17
-9.0309226e-18
-1.0095315e-17
-8.6052777e-18
-7.784852e-18
-4.6055899e-18
-2.7099992e-18
-4.5370241e-18
-9.3796292e-18
-6.217892e-18
-4.2926143e-18
-2.7324417e-18
-5.3640695e-18
-3.4829409e-18
-1.7490111e-18
7.6674825e-18
1.54429e-17
1.6143144e-17
2.1223218e-17
2.0159829e-17
2.3826455e-17
2.1026547e-17
2.5020848e-17
3.3385971e-17
3.1370811e-17
3.6604374e-17
4.1096401e-17
3.8124369e-17
4.0117508e-17
4.1321126e-17
4.1599925e-17
4.2566771e-17
4.5585534e-17
4.4034166e-17
5.5303282e-17
5.9934394e-17
6.4264549e-17
6.5750812e-17
6.0770943e-17
5.4245512e-17
5.3713313e-17
5.4801182e-17
5.8871618e-17
5.9962677e-17
5.8263494e-17
5.8382909e-17
6.3285514e-17
6.0816773e-17
6.4955441e-17
6.6060697e-17
6.5909926e-17
7.1352561e-17
7.2545001e-17
7.3333943e-17
7.7597757e-17
7.1286244e-17
6.9756442e-17
6.5510954e-17
7.16942e-17
7.2345833e-17
7.2154331e-17
7.4857149e-17
7.4098086e-17
7.6050032e-17
7.7659964e-17
7.8111732e-17
8.0732655e-17
8.0986034e-17
8.3194509e-17
8.1548015e-17
8.0313488e-17
8.5212572e-17
9.2481838e-17
9.0722545e-17
8.1786045e-17
7.7784717e-17
7.7001297e-17
6.1179267e-17
3.1532812e-17
-3.1370524e-17
-6.0188761e-17
-8.2368398e-17
-9.662862e-17
-1.0379818e-16
-1.0631964e-16
-1.0933917e-16
-9.5497224e-17
-9.1766643e-17
-8.9367285e-17
-9.1027117e-17
-8.7954708e-17
-8.1398619e-17
-8.4203927e-17
-8.0081116e-17
-8.8477467e-17
-9.1096499e-17
-8.4471681e-17
-8.4194938e-17
-8.6305334e-17
-7.909219e-17
-7.948501e-17
-7.6447121e-17
-6.9165563e-17
-6.82621e-17
-6.9230121e-17
-6.7705265e-17
-6.1708901e-17
-5.7569887e-17
-5.0327257e-17
-4.9584035e-17
-5.2239947e-17
-5.2392748e-17
-5.5192284e-17
-5.2022515e-17
-5.3148349e-17
-5.0694618e-17
-4.3486181e-17
-3.7361274e-17
-2.987045e-17
-3.3527961e-17
-2.8236212e-17
-2.2049332e-17
-1.6118884e-17
-1.5969351e-17
-1.036391e-17
-1.08285e-17
-1.5957059e-17
-1.696335e-17
-1.3755096e-17
-6.9492792e-18
-6.0083082e-18
-4.9672622e-18
6.1337234e-19
8.2191526e-18
4.3476261e-18
7.8395709e-18
1.437121e-17
1.3162505e-17
1.3069328e-17
1.6093501e-17
2.2796761e-17
1.9665829e-17
1.7225408e-17
2.5299792e-17
2.6613845e-17
3.6227766e-17
3.5982373e-17
3.5924051e-17
4.1026253e-17
4.1092202e-17
4.2051511e-17
4.3706364e-17
4.386108e-17
4.2619181e-17
4.9042562e-17
5.0300976e-17
5.1725589e-17
5.6634251e-17
5.6826115e-17
5.8564655e-17
6.1411002e-17
6.3860306e-17
6.7476814e-17
6.8603945e-17
6.5539236e-17
6.4982018e-17
6.7435147e-17
7.0637438e-17
7.2546535e-17
7.5782834e-17
7.4402248e-17
7.7533774e-17
7.4605523e-17
7.463753e-17
7.5871752e-17
7.7097843e-17
7.7980879e-17
7.9008765e-17
8.41195e-17
8.1728117e-17
8.0097911e-17
8.0554977e-17
7.9119167e-17
7.8782221e-17
8.2154456e-17
8.061951e-17
8.1049751e-17
7.8919149e-17
8.3601055e-17
8.7692587e-17
8.9626772e-17
8.7913558e-17
8.9320066e-17
9.3150489e-17
8.8437107e-17
8.4503302e-17
8.1383922e-17
7.1379029e-17
3.8085472e-17
3.7756945e-16
6.2999113e-16
7.716832e-16
8.5590347e-16
8.8830539e-16
8.9125029e-16
8.8491944e-16
8.7179804e-16
8.6507839e-16
8.499848e-16
8.3948915e-16
8.2342694e-16
8.1266154e-16
7.9978201e-16
7.865185e-16
7.7299414e-16
7.5556387e-16
7.3898213e-16
7.2404274e-16
7.0545125e-16
6.8759686e-16
6.6818057e-16
6.4875573e-16
6.284402e-16
6.0525766e-16
5.8512126e-16
5.651232e-16
5.513561e-16
5.3006854e-16
5.1057968e-16
4.8611077e-16
4.6152856e-16
4.3648621e-16
4.1300376e-16
3.8756775e-16
3.6768657e-16
3.4811607e-16
3.2680818e-16
3.0276795e-16
2.7635636e-16
2.5422357e-16
2.3417325e-16
2.0890047e-16
1.8801631e-16
1.6223077e-16
1.3874269e-16
1.1834348e-16
9.504902e-17
7.0871388e-17
4.67791e-17
2.6715675e-17
2.4289061e-18
-2.6367759e-17
-4.6595416e-17
-6.5350333e-17
-8.9584676e-17
-1.1048978e-16
-1.3209807e-16
-1.5205492e-16
-1.6996591e-16
-1.8693193e-16
-2.0552567e-16
-2.2536595e-16
-2.4775588e-16
-2.6820714e-16
-2.9013821e-16
-3.098626e-16
-3.2980269e-16
-3.4745706e-16
-3.6169414e-16
-3.7685557e-16
-3.9360848e-16
-4.0851323e-16
-4.290725e-16
-4.4200374e-16
-4.5902386e-16
-4.7200043e-16
-4.877192e-16
-5.0087725e-16
-5.1612806e-16
-5.3209956e-16
-5.4942858e-16
-5.6188533e-16
-5.7597223e-16
-5.8520023e-16
-5.9713388e-16
-6.094749e-16
-6.2162898e-16
-6.3264735e-16
-6.4085346e-16
-6.5082613e-16
-6.6179227e-16
-6.7575626e-16
-6.8802836e-16
-6.9643963e-16
-7.0304568e-16
-7.1348741e-16
-7.2074844e-16
-7.2462823e-16
-7.2808027e-16
-7.3347722e-16
-7.421195e-16
-7.4919372e-16
-7.5304389e-16
-7.5754661e-16
-7.6274381e-16
-7.6835399e-16
-7.7463533e-16
-7.8054976e-16
-7.8428071e-16
-7.858139e-16
-7.8586948e-16
-7.8673428e-16
-7.8782398e-16
-7.9085948e-16
-7.8942991e-16
-7.7884003e-16
-7.3927911e-16
-6.2832778e-16
-3.5077262e-16
-7.5364537e-17
-1.2028268e-16
-1.5142767e-16
-1.6348801e-16
-1.6851295e-16
-1.6442556e-16
-1.6430503e-16
-1.5940741e-16
-1.5692343e-16
-1.5719636e-16
-1.5105497e-16
-1.5229514e-16
-1.4811085e-16
-1.4500021e-16
-1.3734947e-16
-1.3921054e-16
-1.3870018e-16
-1.3584869e-16
-1.3626889e-16
-1.3079757e-16
-1.2377521e-16
-1.1826651e-16
-1.1554323e-16
-1.1225117e-16
-1.0489563e-16
-1.0172066e-16
-1.038401e-16
-9.9566879e-17
-9.3944987e-17
-8.4100882e-17
-7.993021e-17
-7.8974e-17
-7.859536e-17
-7.9929023e-17
-6.995947e-17
-6.5212416e-17
-6.1395682e-17
-5.7279989e-17
-5.2136963e-17
-4.6116895e-17
-4.4707284e-17
-3.9045389e-17
-3.4261887e-17
-2.9342262e-17
-2.5729535e-17
-1.9283384e-17
-1.259755e-17
-9.7629307e-18
-7.9306559e-18
-6.046569e-18
2.792414e-18
3.2371806e-18
1.0263608e-17
1.2118195e-17
1.4671903e-17
1.3220556e-17
1.8846223e-17
2.7431527e-17
2.9087395e-17
3.2368771e-17
3.5994724e-17
4.1261333e-17
4.3979888e-17
4.6413029e-17
5.1787074e-17
5.4626524e-17
6.5607018e-17
6.5785815e-17
6.6494807e-17
7.0121934e-17
7.2316342e-17
7.5371403e-17
7.8737177e-17
8.1492796e-17
7.8402728e-17
8.2513352e-17
8.328688e-17
8.757315e-17
9.4189936e-17
9.3339882e-17
9.9061551e-17
1.0186693e-16
1.0159793e-16
1.0413014e-16
1.0801351e-16
1.0822213e-16
1.097575e-16
1.1419387e-16
1.1625909e-16
1.1826042e-16
1.1900794e-16
1.1581604e-16
1.197555e-16
1.1788163e-16
1.1966187e-16
1.2552622e-16
1.2493429e-16
1.2400093e-16
1.2537407e-16
1.3051884e-16
1.3037001e-16
1.3318842e-16
1.3543551e-16
1.3411534e-16
1.3389644e-16
1.3404483e-16
1.3345885e-16
1.3513073e-16
1.3299974e-16
1.3443871e-16
1.381677e-16
1.4220762e-16
1.4126934e-16
1.4155891e-16
1.4207933e-16
1.4083504e-16
1.3866339e-16
1.3303299e-16
1.1441475e-16
6.4415831e-17
-1.1201488e-16
-1.77556e-16
-2.1347593e-16
-2.2330942e-16
-2.2644492e-16
-2.2254146e-16
-2.2053918e-16
-2.1688157e-16
-2.1365268e-16
-2.097206e-16
-2.109416e-16
-2.0209236e-16
-1.9702978e-16
-1.9384959e-16
-1.8871992e-16
-1.8239946e-16
-1.8061632e-16
-1.7536115e-16
-1.6948786e-16
-1.6558595e-16
-1.574649e-16
-1.5168735e-16
-1.4674676e-16
-1.4306047e-16
-1.3649303e-16
-1.3179655e-16
-1.2660749e-16
-1.2051108e-16
-1.1207654e-16
-1.0395268e-16
-1.0389621e-16
-9.7924689e-17
-9.6330519e-17
-9.0235133e-17
-8.3111004e-17
-7.5617011e-17
-6.7356671e-17
-6.1005541e-17
-6.0123341e-17
-4.8753415e-17
-4.4418943e-17
-3.3271782e-17
-3.0358352e-17
-2.1814212e-17
-1.4054713e-17
-1.2347076e-17
-8.6800294e-18
-4.8494096e-18
-2.6443514e-18
6.0980897e-19
4.8980457e-18
1.2387683e-17
1.7129819e-17
2.1964302e-17
2.6940029e-17
2.788525e-17
3.3147165e-17
4.1397873e-17
4.3518923e-17
4.7521651e-17
5.5803626e-17
6.1636343e-17
6.6237463e-17
6.8699581e-17
7.4099033e-17
7.7236816e-17
8.2110365e-17
8.1940071e-17
8.7857412e-17
8.9217358e-17
9.7022018e-17
1.031712e-16
1.0846125e-16
1.1210403e-16
1.1212385e-16
1.1913956e-16
1.1807255e-16
1.1425877e-16
1.2236388e-16
1.2575796e-16
1.2913218e-16
1.3220201e-16
1.3363801e-16
1.3688391e-16
1.3530539e-16
1.3891935e-16
1.4281315e-16
1.416471e-16
1.4479571e-16
1.4451197e-16
1.4683842e-16
1.5427203e-16
1.5746278e-16
1.5731994e-16
1.5514374e-16
1.5821203e-16
1.6140438e-16
1.6010697e-16
1.5747909e-16
1.6143523e-16
1.5808646e-16
1.6202732e-16
1.6437615e-16
1.6783224e-16
1.7166255e-16
1.7171446e-16
1.7223069e-16
1.7129765e-16
1.7145365e-16
1.7432741e-16
1.7250508e-16
1.7586007e-16
1.7659197e-16
1.7733227e-16
1.7618036e-16
1.7979343e-16
1.7579005e-16
1.6343193e-16
1.4186384e-16
8.2457781e-17
1.3599453e-15
2.1023156e-15
2.448402e-15
2.6186012e-15
2.658921e-15
2.6292528e-15
2.5757149e-15
2.5316144e-15
2.4839773e-15
2.4318086e-15
2.3791127e-15
2.3239709e-15
2.2681831e-15
2.2105899e-15
2.1507336e-15
2.0876121e-15
2.0268802e-15
1.9687859e-15
1.8989803e-15
1.8326064e-15
1.771798e-15
1.7023047e-15
1.6302913e-15
1.5592882e-15
1.4896009e-15
1.4222185e-15
1.3501258e-15
1.2810868e-15
1.2142332e-15
1.1509864e-15
1.0831962e-15
1.013477e-15
9.444271e-16
8.7162437e-16
8.0484824e-16
7.4063444e-16
6.7813847e-16
6.1222823e-16
5.464532e-16
4.8320917e-16
4.1880035e-16
3.6396055e-16
3.0769342e-16
2.5313805e-16
1.9564097e-16
1.3697507e-16
8.0340709e-17
2.3411982e-17
-3.2209082e-17
-8.2944525e-17
-1.2718761e-16
-1.7724977e-16
-2.3011002e-16
-2.8373964e-16
-3.3453412e-16
-3.7976811e-16
-4.2533499e-16
-4.6618286e-16
-5.1139235e-16
-5.5260451e-16
-5.9402473e-16
-6.3391413e-16
-6.7454062e-16
-7.1374679e-16
-7.4562186e-16
-7.8206192e-16
-8.1539397e-16
-8.5154996e-16
-8.8573294e-16
-9.1504597e-16
-9.4401633e-16
-9.7560748e-16
-1.0050292e-15
-1.0357925e-15
-1.0640377e-15
-1.0940996e-15
-1.119337e-15
-1.1444535e-15
-1.1635693e-15
-1.1948684e-15
-1.2195125e-15
-1.242849e-15
-1.2666538e-15
-1.2856903e-15
-1.3025051e-15
-1.3227897e-15
-1.3428629e-15
-1.3595424e-15
-1.3805082e-15
-1.3975546e-15
-1.4100304e-15
-1.4268333e-15
-1.4429444e-15
-1.4552382e-15
-1.47167e-15
-1.4846093e-15
-1.4955097e-15
-1.5090755e-15
-1.5205453e-15
-1.5269953e-15
-1.5401547e-15
-1.5482808e-15
-1.5517685e-15
-1.5603872e-15
-1.5710773e-15
-1.5821941e-15
-1.5891717e-15
-1.5934184e-15
-1.6004743e-15
-1.6098732e-15
-1.6144528e-15
-1.6140643e-15
-1.6205847e-15
-1.6220098e-15
-1.6250121e-15
-1.6168629e-15
-1.5975326e-15
-1.5385952e-15
-1.3536742e-15
-8.0321984e-16
-2.4624611e-15
-3.7813612e-15
-4.4018691e-15
-4.6962985e-15
-4.7513083e-15
-4.6731356e-15
-4.5629035e-15
-4.4368448e-15
-4.3148117e-15
-4.1892723e-15
-4.0660775e-15
-3.943658e-15
-3.8191963e-15
-3.6953986e-15
-3.5684144e-15
-3.4422142e-15
-3.315046e-15
-3.1842304e-15
-3.0527872e-15
-2.9212217e-15
-2.7893014e-15
-2.6584096e-15
-2.5307272e-15
-2.4020534e-15
-2.2724509e-15
-2.1470689e-15
-2.0239529e-15
-1.9002826e-15
-1.7758829e-15
-1.6515068e-15
-1.5330292e-15
-1.4162685e-15
-1.3018669e-15
-1.1902582e-15
-1.0777518e-15
-9.6799349e-16
-8.6225612e-16
-7.5779127e-16
-6.5655933e-16
-5.5401649e-16
-4.5464766e-16
-3.5518666e-16
-2.6147039e-16
-1.7093495e-16
-7.7394274e-17
1.2562961e-17
9.7352474e-17
1.7888875e-16
2.570269e-16
3.3597802e-16
4.1305647e-16
4.8817916e-16
5.6191156e-16
6.3378772e-16
7.0549594e-16
7.705147e-16
8.3831495e-16
9.0017074e-16
9.6143945e-16
1.0207302e-15
1.0794599e-15
1.1339983e-15
1.1887556e-15
1.2374715e-15
1.2905181e-15
1.340067e-15
1.3880601e-15
1.4345361e-15
1.4789834e-15
1.524465e-15
1.5694281e-15
1.6110786e-15
1.6519301e-15
1.69037e-15
1.7262939e-15
1.7630832e-15
1.794259e-15
1.8233206e-15
1.8575886e-15
1.8875266e-15
1.9165297e-15
1.9450256e-15
1.9735292e-15
2.0016653e-15
2.0263595e-15
2.0496322e-15
2.0715476e-15
2.0959711e-15
2.1193709e-15
2.1421551e-15
2.1652065e-15
2.1825939e-15
2.1987152e-15
2.2176519e-15
2.2318871e-15
2.2480631e-15
2.2647879e-15
2.27895e-15
2.2950601e-15
2.3110638e-15
2.3200871e-15
2.3293653e-15
2.3368252e-15
2.3461572e-15
2.3566211e-15
2.3650158e-15
2.3721507e-15
2.3796103e-15
2.3865661e-15
2.3947189e-15
2.4029611e-15
2.4084331e-15
2.4130695e-15
2.414697e-15
2.4147603e-15
2.4073231e-15
2.3838318e-15
2.3026703e-15
2.0437641e-15
1.2260101e-15
-3.5657293e-15
-5.4722887e-15
-6.490124e-15
-7.0038808e-15
-7.1110309e-15
-6.9905141e-15
-6.7676896e-15
-6.492951e-15
-6.2099937e-15
-5.9353822e-15
-5.6644855e-15
-5.410205e-15
-5.1644465e-15
-4.9282436e-15
-4.6980142e-15
-4.4716341e-15
-4.2489888e-15
-4.0330083e-15
-3.8212523e-15
-3.613117e-15
-3.4055179e-15
-3.2025602e-15
-3.003546e-15
-2.8099043e-15
-2.6192412e-15
-2.4338854e-15
-2.2535954e-15
-2.0784235e-15
-1.9063525e-15
-1.7381148e-15
-1.5757282e-15
-1.4163424e-15
-1.2640108e-15
-1.1148784e-15
-9.6833991e-16
-8.2862602e-16
-6.8959605e-16
-5.5419959e-16
-4.265532e-16
-3.0032023e-16
-1.8223584e-16
-6.427416e-17
4.6675042e-17
1.5692613e-16
2.6465207e-16
3.7081403e-16
4.7207159e-16
5.679552e-16
6.602897e-16
7.4951347e-16
8.3891035e-16
9.2285453e-16
1.0050803e-15
1.0823308e-15
1.1560252e-15
1.2312689e-15
1.3025963e-15
1.3720848e-15
1.4349854e-15
1.4985977e-15
1.5617292e-15
1.6223602e-15
1.6768682e-15
1.7325752e-15
1.7864278e-15
1.833876e-15
1.8857498e-15
1.9336478e-15
1.977621e-15
2.0214941e-15
2.0643795e-15
2.1044566e-15
2.1441441e-15
2.1809394e-15
2.2150035e-15
2.2504126e-15
2.2821373e-15
2.3128346e-15
2.344128e-15
2.3729798e-15
2.3994367e-15
2.42817e-15
2.4538862e-15
2.478775e-15
2.5034291e-15
2.5237768e-15
2.5445387e-15
2.5685123e-15
2.5916786e-15
2.6130023e-15
2.6305859e-15
2.6443932e-15
2.6615718e-15
2.6782326e-15
2.6913731e-15
2.7040675e-15
2.7180228e-15
2.7322441e-15
2.7443054e-15
2.7587162e-15
2.7696773e-15
2.7825921e-15
2.7911098e-15
2.797026e-15
2.8057063e-15
2.8118435e-15
2.8211561e-15
2.8270114e-15
2.8326335e-15
2.8378133e-15
2.8425966e-15
2.8480261e-15
2.8527604e-15
2.8547657e-15
2.852653e-15
2.8452842e-15
2.8220518e-15
2.7318461e-15
2.4366997e-15
1.4772035e-15
3.8480778e-15
5.9866423e-15
7.5070727e-15
8.4984978e-15
8.8809263e-15
8.8849913e-15
8.6225145e-15
8.1952092e-15
7.6733065e-15
7.1202846e-15
6.5732326e-15
6.0604195e-15
5.5877995e-15
5.1629854e-15
4.7810728e-15
4.4367782e-15
4.1226967e-15
3.830585e-15
3.5519446e-15
3.2916126e-15
3.0380963e-15
2.7994566e-15
2.5681481e-15
2.3458297e-15
2.1321776e-15
1.9292758e-15
1.7305642e-15
1.5394808e-15
1.3567052e-15
1.1835272e-15
1.0147431e-15
8.5126197e-16
6.967078e-16
5.4672802e-16
4.043701e-16
2.6937489e-16
1.370344e-16
1.2204554e-17
-1.0799928e-16
-2.2279778e-16
-3.3082717e-16
-4.3905515e-16
-5.413741e-16
-6.3869496e-16
-7.321265e-16
-8.2158297e-16
-9.0746018e-16
-9.9166775e-16
-1.0733738e-15
-1.1488551e-15
-1.2196444e-15
-1.29099e-15
-1.3563544e-15
-1.4218065e-15
-1.4818341e-15
-1.5398577e-15
-1.5962271e-15
-1.6520092e-15
-1.7007288e-15
-1.7496479e-15
-1.7956399e-15
-1.8387201e-15
-1.8797814e-15
-1.9195982e-15
-1.9580353e-15
-1.995039e-15
-2.0292561e-15
-2.0648415e-15
-2.0981369e-15
-2.1292906e-15
-2.1574063e-15
-2.1876307e-15
-2.2131367e-15
-2.2388568e-15
-2.2626258e-15
-2.2852886e-15
-2.3072322e-15
-2.3287115e-15
-2.3484593e-15
-2.3684079e-15
-2.3899365e-15
-2.4072849e-15
-2.4281575e-15
-2.4414383e-15
-2.4539066e-15
-2.4663691e-15
-2.4810922e-15
-2.4955244e-15
-2.509935e-15
-2.5207442e-15
-2.5325577e-15
-2.5458064e-15
-2.5522284e-15
-2.5626251e-15
-2.5768933e-15
-2.5849558e-15
-2.5927471e-15
-2.5986905e-15
-2.6069053e-15
-2.6126237e-15
-2.6210225e-15
-2.6299675e-15
-2.6360684e-15
-2.6389648e-15
-2.6421388e-15
-2.6477854e-15
-2.6526885e-15
-2.6545171e-15
-2.6586338e-15
-2.660592e-15
-2.6629281e-15
-2.6651768e-15
-2.664341e-15
-2.6637577e-15
-2.6643001e-15
-2.6600557e-15
-2.6396456e-15
-2.5634483e-15
-2.2975455e-15
-1.4007461e-15
-4.9438949e-15
-8.5895093e-15
-1.2329894e-14
-1.5452566e-14
-1.7124918e-14
-1.7748856e-14
-1.7597539e-14
-1.6880418e-14
-1.5768785e-14
-1.4409523e-14
-1.292103e-14
-1.1412257e-14
-9.9582738e-15
-8.6238074e-15
-7.4412988e-15
-6.4288765e-15
-5.5755972e-15
-4.8613895e-15
-4.2595169e-15
-3.7462275e-15
-3.2928311e-15
-2.8854082e-15
-2.5105251e-15
-2.1615787e-15
-1.8340583e-15
-1.5252972e-15
-1.2372909e-15
-9.6285739e-16
-7.014e-16
-4.5235883e-16
-2.186749e-16
5.118511e-18
2.157202e-16
4.1468797e-16
6.0616616e-16
7.8608139e-16
9.5672788e-16
1.116849e-15
1.2700018e-15
1.4170395e-15
1.5543717e-15
1.6843035e-15
1.8051019e-15
1.9204364e-15
2.0288423e-15
2.1322431e-15
2.230802e-15
2.3197196e-15
2.4056219e-15
2.4851385e-15
2.5623475e-15
2.6362165e-15
2.7052886e-15
2.7709845e-15
2.8318594e-15
2.8880443e-15
2.9427489e-15
2.9970869e-15
3.0462769e-15
3.0932116e-15
3.1382792e-15
3.1815731e-15
3.2224157e-15
3.2598011e-15
3.2947344e-15
3.3281785e-15
3.362643e-15
3.3897956e-15
3.4177283e-15
3.4442149e-15
3.468921e-15
3.4931719e-15
3.5173897e-15
3.5416176e-15
3.5586005e-15
3.5778302e-15
3.5969176e-15
3.6129297e-15
3.6301967e-15
3.6425656e-15
3.6549008e-15
3.6672639e-15
3.6787865e-15
3.6909151e-15
3.7041304e-15
3.7139457e-15
3.7235257e-15
3.7326006e-15
3.7418833e-15
3.7500543e-15
3.757417e-15
3.7625028e-15
3.7712294e-15
3.7761935e-15
3.7857143e-15
3.7913871e-15
3.7962442e-15
3.7985783e-15
3.8017747e-15
3.8077238e-15
3.8077629e-15
3.8123143e-15
3.8195179e-15
3.8211407e-15
3.8252844e-15
3.8271773e-15
3.8289437e-15
3.8317377e-15
3.8324543e-15
3.8337372e-15
3.8351827e-15
3.8371197e-15
3.8362381e-15
3.8373103e-15
3.8332897e-15
3.823918e-15
3.7951155e-15
3.6873475e-15
3.3145998e-15
2.02766e-15
2.6061883e-15
7.3953123e-15
1.3544356e-14
1.8453015e-14
2.1237194e-14
2.2471854e-14
2.2639629e-14
2.2034647e-14
2.0853871e-14
1.9268073e-14
1.7399179e-14
1.5355679e-14
1.3229433e-14
1.1108634e-14
9.0674903e-15
7.1788347e-15
5.498659e-15
4.0665388e-15
2.8921029e-15
1.9635358e-15
1.2482859e-15
6.9647207e-16
2.5938092e-16
-1.0098675e-16
-4.057788e-16
-6.676891e-16
-9.021426e-16
-1.1127809e-15
-1.305026e-15
-1.4803512e-15
-1.6429096e-15
-1.7922779e-15
-1.9316469e-15
-2.0597558e-15
-2.17833e-15
-2.2881263e-15
-2.3891549e-15
-2.4815178e-15
-2.5677257e-15
-2.6462844e-15
-2.7218031e-15
-2.789779e-15
-2.8540704e-15
-2.9116307e-15
-2.9647642e-15
-3.0158858e-15
-3.0607492e-15
-3.1040227e-15
-3.1439018e-15
-3.1805684e-15
-3.2133959e-15
-3.2421834e-15
-3.2681224e-15
-3.2921686e-15
-3.3172284e-15
-3.3394791e-15
-3.3610113e-15
-3.378331e-15
-3.3956243e-15
-3.4092882e-15
-3.4204473e-15
-3.431209e-15
-3.4433268e-15
-3.4552592e-15
-3.4611103e-15
-3.4717785e-15
-3.4753794e-15
-3.4817135e-15
-3.4880615e-15
-3.4910459e-15
-3.4919551e-15
-3.4962111e-15
-3.4982675e-15
-3.5004443e-15
-3.5056704e-15
-3.5064534e-15
-3.5078965e-15
-3.5096825e-15
-3.5077857e-15
-3.5111389e-15
-3.5117984e-15
-3.5132847e-15
-3.513413e-15
-3.5136936e-15
-3.5117823e-15
-3.5125013e-15
-3.5107271e-15
-3.5118744e-15
-3.5105888e-15
-3.5091705e-15
-3.5094458e-15
-3.5099224e-15
-3.5059507e-15
-3.5043939e-15
-3.5038544e-15
-3.5028688e-15
-3.5005561e-15
-3.5009921e-15
-3.4986347e-15
-3.4930527e-15
-3.4962554e-15
-3.4933669e-15
-3.4918791e-15
-3.4899499e-15
-3.4885634e-15
-3.4876825e-15
-3.4860281e-15
-3.4845033e-15
-3.4869046e-15
-3.4847828e-15
-3.4864321e-15
-3.4851612e-15
-3.4836877e-15
-3.4796645e-15
-3.4765986e-15
-3.4690148e-15
-3.4426736e-15
-3.3473315e-15
-3.0170494e-15
-1.8503153e-15
2.1932628e-15
2.136878e-14
4.2745256e-14
5.5020957e-14
6.2016669e-14
6.4956427e-14
6.5199418e-14
6.3563207e-14
6.0541993e-14
5.6517361e-14
5.1744107e-14
4.6454648e-14
4.0809381e-14
3.4974312e-14
2.9080045e-14
2.3273734e-14
1.7692933e-14
1.2483621e-14
7.7803163e-15
3.7096479e-15
3.3622741e-16
-2.3571281e-15
-4.4305735e-15
-5.9766986e-15
-7.08957e-15
-7.8692586e-15
-8.3988591e-15
-8.7544216e-15
-8.9902588e-15
-9.1482404e-15
-9.2587771e-15
-9.3348469e-15
-9.3917507e-15
-9.42978e-15
-9.45882e-15
-9.4769089e-15
-9.4880039e-15
-9.490752e-15
-9.4892352e-15
-9.4817622e-15
-9.4697611e-15
-9.4523714e-15
-9.4331394e-15
-9.4089192e-15
-9.3825346e-15
-9.3526129e-15
-9.3225977e-15
-9.2881204e-15
-9.2537871e-15
-9.2172655e-15
-9.1814329e-15
-9.14247e-15
-9.1068323e-15
-9.0668179e-15
-9.0276661e-15
-8.9873784e-15
-8.9481624e-15
-8.9096124e-15
-8.8700412e-15
-8.8333031e-15
-8.7917427e-15
-8.7539048e-15
-8.7175249e-15
-8.6792969e-15
-8.6427797e-15
-8.6078794e-15
-8.5708285e-15
-8.5379222e-15
-8.5023852e-15
-8.4679074e-15
-8.4354157e-15
-8.4027349e-15
-8.3709149e-15
-8.340022e-15
-8.3118699e-15
-8.2842288e-15
-8.2546879e-15
-8.2265464e-15
-8.2008038e-15
-8.1747131e-15
-8.1493715e-15
-8.1259312e-15
-8.1002447e-15
-8.0782943e-15
-8.0559285e-15
-8.0365533e-15
-8.0129175e-15
-7.9906098e-15
-7.9696968e-15
-7.9510696e-15
-7.9302636e-15
-7.9131906e-15
-7.8982022e-15
-7.8843407e-15
-7.8684034e-15
-7.8526218e-15
-7.8386765e-15
-7.8224599e-15
-7.810588e-15
-7.7972388e-15
-7.7866461e-15
-7.7738085e-15
-7.7628886e-15
-7.7520922e-15
-7.7434838e-15
-7.7342265e-15
-7.7278771e-15
-7.7196854e-15
-7.7163547e-15
-7.7090405e-15
-7.7045818e-15
-7.6934278e-15
-7.689692e-15
-7.680179e-15
-7.6728067e-15
-7.6495029e-15
-7.5974378e-15
-7.3952208e-15
-6.6658376e-15
-4.0716997e-15
-4.9918783e-15
-2.6626219e-14
-4.117299e-14
-4.8541018e-14
-5.2114129e-14
-5.3141793e-14
-5.2482723e-14
-5.0670917e-14
-4.8015324e-14
-4.4758989e-14
-4.1057759e-14
-3.7056742e-14
-3.2842834e-14
-2.8509026e-14
-2.4114513e-14
-1.9730633e-14
-1.5413403e-14
-1.1234956e-14
-7.2669026e-15
-3.5907877e-15
-2.6973122e-16
2.6408399e-15
5.0862834e-15
7.0498421e-15
8.5404058e-15
9.6023791e-15
1.0288184e-14
1.0675703e-14
1.083378e-14
1.0832833e-14
1.0730125e-14
1.0566567e-14
1.0374766e-14
1.016867e-14
9.9667168e-15
9.7652968e-15
9.5747924e-15
9.3901202e-15
9.2144465e-15
9.047628e-15
8.8868052e-15
8.7326461e-15
8.5856552e-15
8.4452888e-15
8.3107581e-15
8.1809704e-15
8.0598676e-15
7.9401036e-15
7.8264527e-15
7.7159736e-15
7.6115897e-15
7.511433e-15
7.4157844e-15
7.3218266e-15
7.2323514e-15
7.1452444e-15
7.0633378e-15
6.9833576e-15
6.9077859e-15
6.8351825e-15
6.7644643e-15
6.697816e-15
6.6316496e-15
6.5691296e-15
6.5089449e-15
6.4510951e-15
6.397471e-15
6.3429162e-15
6.2882489e-15
6.240647e-15
6.1936441e-15
6.1473525e-15
6.1032093e-15
6.0640223e-15
6.0203867e-15
5.981132e-15
5.9427013e-15
5.9054286e-15
5.8722013e-15
5.8374617e-15
5.8044478e-15
5.775409e-15
5.7437968e-15
5.7153367e-15
5.6873173e-15
5.6618564e-15
5.6353343e-15
5.6132442e-15
5.5911182e-15
5.5693909e-15
5.5519894e-15
5.5283562e-15
5.5104352e-15
5.4923378e-15
5.4758528e-15
5.4580713e-15
5.4427972e-15
5.4254865e-15
5.409882e-15
5.3982824e-15
5.3852314e-15
5.3727784e-15
5.3627682e-15
5.3506528e-15
5.3385254e-15
5.3280354e-15
5.3198471e-15
5.3132671e-15
5.3042432e-15
5.2962171e-15
5.2918043e-15
5.2895762e-15
5.2841929e-15
5.2771926e-15
5.2682815e-15
5.2523589e-15
5.2130722e-15
5.0766924e-15
4.5758247e-15
2.775405e-15
1.5554484e-14
3.712364e-14
4.6404297e-14
5.020178e-14
5.1226031e-14
5.0613374e-14
4.8898833e-14
4.6413941e-14
4.3354298e-14
3.9902458e-14
3.6184911e-14
3.2320433e-14
2.8374403e-14
2.4407797e-14
2.0454591e-14
1.6555524e-14
1.2742815e-14
9.0562269e-15
5.5295646e-15
2.1915236e-15
-9.8445838e-16
-3.8739817e-15
-6.3764743e-15
-8.4327418e-15
-1.0015828e-14
-1.1142502e-14
-1.1855677e-14
-1.2226216e-14
-1.232635e-14
-1.2232459e-14
-1.2014316e-14
-1.1721133e-14
-1.1396712e-14
-1.1058761e-14
-1.0727382e-14
-1.0407225e-14
-1.010501e-14
-9.8178379e-15
-9.5493045e-15
-9.2940702e-15
-9.0570129e-15
-8.8305387e-15
-8.6197024e-15
-8.4182328e-15
-8.2284268e-15
-8.0462936e-15
-7.8738384e-15
-7.7104777e-15
-7.5595206e-15
-7.415436e-15
-7.2764684e-15
-7.1434538e-15
-7.0163414e-15
-6.8966073e-15
-6.784261e-15
-6.6761475e-15
-6.5736992e-15
-6.4750644e-15
-6.3828849e-15
-6.293888e-15
-6.2078833e-15
-6.1262707e-15
-6.0475658e-15
-5.9749923e-15
-5.9027985e-15
-5.8364279e-15
-5.7681296e-15
-5.7094864e-15
-5.6524469e-15
-5.5957981e-15
-5.539636e-15
-5.4881221e-15
-5.4367207e-15
-5.3872657e-15
-5.3427271e-15
-5.2966325e-15
-5.2552329e-15
-5.2176066e-15
-5.1780972e-15
-5.1421156e-15
-5.1073729e-15
-5.0726227e-15
-5.0407382e-15
-5.0112047e-15
-4.9794352e-15
-4.9520455e-15
-4.9248804e-15
-4.9017467e-15
-4.8724423e-15
-4.8489362e-15
-4.8255002e-15
-4.8039941e-15
-4.7802407e-15
-4.7621252e-15
-4.7434343e-15
-4.7271302e-15
-4.7105454e-15
-4.6946632e-15
-4.6812278e-15
-4.6646353e-15
-4.6563664e-15
-4.6431614e-15
-4.6312914e-15
-4.619176e-15
-4.6060555e-15
-4.596439e-15
-4.5880187e-15
-4.5767467e-15
-4.5705295e-15
-4.5617306e-15
-4.5572191e-15
-4.5529441e-15
-4.5461132e-15
-4.534779e-15
-4.5265791e-15
-4.5182147e-15
-4.4872257e-15
-4.3676113e-15
-3.9295922e-15
-2.3594497e-15
-3.8793718e-14
-6.345899e-14
-7.1293214e-14
-7.3108772e-14
-7.1935818e-14
-6.9183295e-14
-6.5351793e-14
-6.0732292e-14
-5.5525635e-14
-4.9985447e-14
-4.4308766e-14
-3.8652902e-14
-3.3071933e-14
-2.7602913e-14
-2.2254257e-14
-1.705443e-14
-1.2023646e-14
-7.1939643e-15
-2.4625321e-15
2.1727371e-15
6.2222074e-15
9.6046768e-15
1.2285193e-14
1.4284455e-14
1.5656381e-14
1.6489754e-14
1.6878714e-14
1.6941215e-14
1.6761824e-14
1.6437114e-14
1.6025884e-14
1.5570195e-14
1.5111491e-14
1.4652062e-14
1.4214583e-14
1.3794496e-14
1.3398779e-14
1.3023196e-14
1.2670193e-14
1.2335901e-14
1.2022234e-14
1.1720771e-14
1.1436581e-14
1.1169521e-14
1.0917268e-14
1.0676102e-14
1.0449188e-14
1.0229254e-14
1.0023947e-14
9.8299515e-15
9.6452002e-15
9.4703591e-15
9.3019239e-15
9.1382917e-15
8.988739e-15
8.841345e-15
8.7053948e-15
8.5724934e-15
8.4466466e-15
8.3271671e-15
8.2118453e-15
8.103468e-15
7.9982743e-15
7.8980179e-15
7.8005607e-15
7.7114913e-15
7.6249095e-15
7.5396655e-15
7.4600628e-15
7.3833001e-15
7.3092551e-15
7.2386902e-15
7.1698495e-15
7.1092271e-15
7.0466573e-15
6.9876441e-15
6.9302169e-15
6.8767236e-15
6.8229998e-15
6.7758033e-15
6.7249015e-15
6.6786933e-15
6.6335885e-15
6.5925457e-15
6.5552133e-15
6.5175437e-15
6.4788587e-15
6.4457384e-15
6.4119341e-15
6.380919e-15
6.354496e-15
6.322887e-15
6.2955594e-15
6.2680045e-15
6.2409877e-15
6.2167732e-15
6.1937486e-15
6.1700101e-15
6.1513597e-15
6.1312724e-15
6.114068e-15
6.0939782e-15
6.0769571e-15
6.0629441e-15
6.0499636e-15
6.0345365e-15
6.0202476e-15
6.009586e-15
5.9998647e-15
5.9904345e-15
5.9840251e-15
5.9750299e-15
5.9708336e-15
5.9654916e-15
5.9548265e-15
5.9364901e-15
5.8907125e-15
5.7321284e-15
5.1380457e-15
3.0360244e-15
-5.2775812e-14
-7.4628916e-14
-7.8817399e-14
-7.7867449e-14
-7.4530723e-14
-7.0078836e-14
-6.4715636e-14
-5.8601496e-14
-5.1956423e-14
-4.5168588e-14
-3.8568306e-14
-3.2310011e-14
-2.6349504e-14
-2.0549228e-14
-1.4988952e-14
-9.6528918e-15
-4.4172029e-15
6.3554773e-16
4.6178417e-15
7.5460892e-15
9.8235784e-15
1.1575151e-14
1.2849036e-14
1.3711254e-14
1.4219863e-14
1.4448515e-14
1.4465757e-14
1.4344047e-14
1.4125254e-14
1.3859847e-14
1.3567165e-14
1.3268478e-14
1.2974942e-14
1.2687748e-14
1.2411762e-14
1.2147761e-14
1.1896272e-14
1.1649808e-14
1.1419e-14
1.1197956e-14
1.0988366e-14
1.0782364e-14
1.0588631e-14
1.0401369e-14
1.0223716e-14
1.0051752e-14
9.887644e-15
9.7278314e-15
9.5762497e-15
9.430455e-15
9.2928636e-15
9.1582109e-15
9.0288783e-15
8.9042977e-15
8.7852222e-15
8.66939e-15
8.5615984e-15
8.4533875e-15
8.3544137e-15
8.2565908e-15
8.1634445e-15
8.0732319e-15
7.9857701e-15
7.9031635e-15
7.8219551e-15
7.7439124e-15
7.6716968e-15
7.6016815e-15
7.5324811e-15
7.4646103e-15
7.4012323e-15
7.3404347e-15
7.2834343e-15
7.2287529e-15
7.1729397e-15
7.1210239e-15
7.0718758e-15
7.0219393e-15
6.9769368e-15
6.933442e-15
6.8857114e-15
6.8444034e-15
6.8005685e-15
6.7653204e-15
6.7288064e-15
6.6929779e-15
6.6602705e-15
6.6292565e-15
6.5961361e-15
6.5675075e-15
6.5378085e-15
6.5115471e-15
6.4853139e-15
6.4636633e-15
6.4350044e-15
6.4144459e-15
6.3928514e-15
6.3693757e-15
6.3533028e-15
6.3349887e-15
6.3175487e-15
6.2998436e-15
6.2826791e-15
6.2690538e-15
6.2583133e-15
6.2421723e-15
6.2309666e-15
6.2201913e-15
6.2095924e-15
6.2028167e-15
6.1941403e-15
6.1903904e-15
6.1827087e-15
6.1734831e-15
6.1610438e-15
6.1443551e-15
6.0966536e-15
5.9238313e-15
5.2886035e-15
3.072759e-15
4.6764409e-14
6.2588466e-14
6.3619851e-14
6.1116229e-14
5.723081e-14
5.269823e-14
4.7408049e-14
4.1437069e-14
3.5044602e-14
2.8763933e-14
2.3007239e-14
1.7872884e-14
1.3220715e-14
8.9555937e-15
5.1422289e-15
1.9664543e-15
-4.7532076e-16
-2.2963752e-15
-3.7786391e-15
-5.0062061e-15
-5.9840133e-15
-6.7270471e-15
-7.2577625e-15
-7.617605e-15
-7.8437164e-15
-7.9721882e-15
-8.0319268e-15
-8.0427695e-15
-8.0261202e-15
-7.9928276e-15
-7.9498554e-15
-7.9019954e-15
-7.8454841e-15
-7.789906e-15
-7.7302485e-15
-7.6699552e-15
-7.6118848e-15
-7.5479191e-15
-7.4864967e-15
-7.4194398e-15
-7.3572224e-15
-7.2940965e-15
-7.2312149e-15
-7.1673277e-15
-7.1029392e-15
-7.0405871e-15
-6.9806631e-15
-6.9200735e-15
-6.8633694e-15
-6.8014584e-15
-6.7435902e-15
-6.6842161e-15
-6.6307685e-15
-6.5766525e-15
-6.5224139e-15
-6.4709022e-15
-6.418097e-15
-6.3691243e-15
-6.3201036e-15
-6.2736005e-15
-6.2248232e-15
-6.1823223e-15
-6.1367135e-15
-6.09543e-15
-6.0512828e-15
-6.0106653e-15
-5.9659725e-15
-5.9333123e-15
-5.8946636e-15
-5.856344e-15
-5.822472e-15
-5.7900926e-15
-5.7543855e-15
-5.7209117e-15
-5.6873269e-15
-5.6574551e-15
-5.6286284e-15
-5.6011291e-15
-5.5725006e-15
-5.5467932e-15
-5.5209705e-15
-5.4970151e-15
-5.4728117e-15
-5.4466546e-15
-5.4216186e-15
-5.4016597e-15
-5.3796044e-15
-5.3600732e-15
-5.3415456e-15
-5.3210042e-15
-5.2991203e-15
-5.2829405e-15
-5.265278e-15
-5.2502878e-15
-5.2371483e-15
-5.219742e-15
-5.2035301e-15
-5.1935663e-15
-5.1789581e-15
-5.164371e-15
-5.1535653e-15
-5.1450373e-15
-5.1372606e-15
-5.1250643e-15
-5.1159666e-15
-5.1055025e-15
-5.0984341e-15
-5.0894087e-15
-5.0852383e-15
-5.079225e-15
-5.0709729e-15
-5.0633739e-15
-5.059181e-15
-5.0569968e-15
-5.0463522e-15
-5.032155e-15
-4.9950207e-15
-4.8457063e-15
-4.3092613e-15
-2.4474713e-15
-5.8104901e-14
-7.5695236e-14
-7.4783061e-14
-7.0304121e-14
-6.4889223e-14
-5.8859162e-14
-5.2002056e-14
-4.4359191e-14
-3.6249607e-14
-2.8322328e-14
-2.1242528e-14
-1.540764e-14
-1.0825464e-14
-7.3160086e-15
-4.6185274e-15
-2.4916411e-15
-7.4299057e-16
7.422224e-16
1.9725481e-15
2.9711417e-15
3.7625095e-15
4.3804262e-15
4.8610878e-15
5.2394802e-15
5.5411644e-15
5.7878983e-15
5.9944895e-15
6.1735152e-15
6.3305666e-15
6.4689345e-15
6.5936455e-15
6.7045124e-15
6.8062418e-15
6.8943337e-15
6.974515e-15
7.0442377e-15
7.1061237e-15
7.1601059e-15
7.2082782e-15
7.2496288e-15
7.2829368e-15
7.3114001e-15
7.3374786e-15
7.3559704e-15
7.370698e-15
7.3786899e-15
7.3855188e-15
7.3902497e-15
7.388667e-15
7.3841158e-15
7.3828209e-15
7.3742711e-15
7.3648922e-15
7.3520617e-15
7.3382564e-15
7.3226115e-15
7.3071061e-15
7.2888735e-15
7.2686568e-15
7.2510244e-15
7.2299015e-15
7.208517e-15
7.1861452e-15
7.1655205e-15
7.1444081e-15
7.1220721e-15
7.0998356e-15
7.0762181e-15
7.0534422e-15
7.03269e-15
7.0086475e-15
6.985909e-15
6.9641684e-15
6.9421831e-15
6.9203708e-15
6.8994231e-15
6.8763343e-15
6.8549976e-15
6.8327078e-15
6.8134463e-15
6.7919403e-15
6.771829e-15
6.7518157e-15
6.7338743e-15
6.7153615e-15
6.6959401e-15
6.6787889e-15
6.662663e-15
6.6434303e-15
6.6294847e-15
6.6140219e-15
6.5966628e-15
6.5831742e-15
6.5659365e-15
6.5525525e-15
6.5384142e-15
6.5251779e-15
6.5125479e-15
6.502378e-15
6.4927882e-15
6.4790651e-15
6.465408e-15
6.4544519e-15
6.4467143e-15
6.439216e-15
6.429451e-15
6.4221429e-15
6.4145582e-15
6.4087223e-15
6.4009674e-15
6.3964187e-15
6.3897871e-15
6.3840026e-15
6.3760413e-15
6.3670867e-15
6.3492758e-15
6.2985521e-15
6.1043284e-15
5.395147e-15
2.9971201e-15
9.026088e-14
1.1364061e-13
1.1020213e-13
1.0252808e-13
9.440046e-14
8.5641899e-14
7.6100246e-14
6.5707159e-14
5.4570573e-14
4.3135277e-14
3.2111287e-14
2.2385859e-14
1.4611369e-14
9.0562119e-15
5.2470599e-15
2.5176224e-15
4.4059785e-16
-1.2046234e-15
-2.5315144e-15
-3.598646e-15
-4.4613189e-15
-5.1655309e-15
-5.7505082e-15
-6.2558605e-15
-6.6915299e-15
-7.0802911e-15
-7.4325315e-15
-7.7522994e-15
-8.0452928e-15
-8.3108909e-15
-8.560477e-15
-8.7881963e-15
-8.9970599e-15
-9.184583e-15
-9.3612235e-15
-9.5193065e-15
-9.6644231e-15
-9.7956932e-15
-9.9166593e-15
-1.0026671e-14
-1.0122608e-14
-1.0210983e-14
-1.029564e-14
-1.0365775e-14
-1.0432236e-14
-1.0491358e-14
-1.0541314e-14
-1.0585504e-14
-1.0626392e-14
-1.0656765e-14
-1.0691867e-14
-1.0717943e-14
-1.0743243e-14
-1.0759097e-14
-1.0771502e-14
-1.0785441e-14
-1.0795587e-14
-1.0801761e-14
-1.0802733e-14
-1.0807405e-14
-1.0805775e-14
-1.0802933e-14
-1.0798232e-14
-1.0792766e-14
-1.0784581e-14
-1.0774103e-14
-1.0766271e-14
-1.0756598e-14
-1.0749872e-14
-1.0734055e-14
-1.0719654e-14
-1.070681e-14
-1.0688383e-14
-1.0675881e-14
-1.0659602e-14
-1.064403e-14
-1.062662e-14
-1.0613604e-14
-1.0592094e-14
-1.0574117e-14
-1.055886e-14
-1.054387e-14
-1.0526544e-14
-1.0509735e-14
-1.0490803e-14
-1.0474077e-14
-1.0456202e-14
-1.0439252e-14
-1.0423481e-14
-1.0405891e-14
-1.0390558e-14
-1.0373225e-14
-1.0360669e-14
-1.034555e-14
-1.0329427e-14
-1.031445e-14
-1.0298371e-14
-1.028121e-14
-1.0269078e-14
-1.0253567e-14
-1.0239444e-14
-1.0230745e-14
-1.0218757e-14
-1.0204344e-14
-1.0192143e-14
-1.0182781e-14
-1.0169866e-14
-1.0158177e-14
-1.0145967e-14
-1.0136047e-14
-1.012651e-14
-1.0117268e-14
-1.0110784e-14
-1.0098893e-14
-1.0081041e-14
-1.0051415e-14
-9.9663795e-15
-9.641955e-15
-8.4667256e-15
-4.5818334e-15
4.5654776e-14
5.4385424e-14
5.1916778e-14
4.8173107e-14
4.4537626e-14
4.0828689e-14
3.6989723e-14
3.2994148e-14
2.8824081e-14
2.4516781e-14
2.0100844e-14
1.5635257e-14
1.1087357e-14
7.1076287e-15
4.1084434e-15
1.9842682e-15
5.9747035e-16
-2.9810407e-16
-9.1489127e-16
-1.3438206e-15
-1.6586735e-15
-1.907914e-15
-2.1206999e-15
-2.312206e-15
-2.4868587e-15
-2.6527726e-15
-2.8095927e-15
-2.9574587e-15
-3.1010426e-15
-3.2322594e-15
-3.3623807e-15
-3.4867654e-15
-3.6041418e-15
-3.7174205e-15
-3.824158e-15
-3.9240909e-15
-4.0229646e-15
-4.1120133e-15
-4.1984089e-15
-4.2782859e-15
-4.3550997e-15
-4.4264935e-15
-4.4936694e-15
-4.5580109e-15
-4.6159322e-15
-4.6710181e-15
-4.7229453e-15
-4.7711309e-15
-4.8157294e-15
-4.85446e-15
-4.8935945e-15
-4.9274805e-15
-4.961901e-15
-4.9938102e-15
-5.0214423e-15
-5.0476724e-15
-5.0703933e-15
-5.0922224e-15
-5.1098126e-15
-5.1279276e-15
-5.1420248e-15
-5.1574751e-15
-5.1697217e-15
-5.1814117e-15
-5.1915924e-15
-5.1988341e-15
-5.2032786e-15
-5.2139699e-15
-5.2192999e-15
-5.2250035e-15
-5.2278153e-15
-5.2316052e-15
-5.2345451e-15
-5.2349987e-15
-5.2372598e-15
-5.238185e-15
-5.2360347e-15
-5.2360886e-15
-5.2335668e-15
-5.2331678e-15
-5.2320091e-15
-5.2302554e-15
-5.2315602e-15
-5.2290297e-15
-5.2242179e-15
-5.2228372e-15
-5.2210202e-15
-5.2152135e-15
-5.2123948e-15
-5.2087713e-15
-5.2038693e-15
-5.2011638e-15
-5.1988494e-15
-5.1964181e-15
-5.1942369e-15
-5.1890012e-15
-5.1856248e-15
-5.1826395e-15
-5.1780499e-15
-5.1728855e-15
-5.1717935e-15
-5.1685031e-15
-5.1656604e-15
-5.1582932e-15
-5.1557263e-15
-5.1537463e-15
-5.1512686e-15
-5.1452783e-15
-5.14358e-15
-5.1364099e-15
-5.1310559e-15
-5.1249929e-15
-5.1197312e-15
-5.111926e-15
-5.1011667e-15
-5.0830348e-15
-5.0351312e-15
-4.8595121e-15
-4.2437759e-15
-2.2355586e-15
-5.7663393e-14
-6.3410101e-14
-5.9400813e-14
-5.4973276e-14
-5.1031702e-14
-4.7170147e-14
-4.3316469e-14
-3.9420986e-14
-3.5448834e-14
-3.1395621e-14
-2.7237322e-14
-2.2972104e-14
-1.8583809e-14
-1.4097167e-14
-9.5918766e-15
-5.2755328e-15
-1.3985639e-15
1.7688756e-15
4.0952441e-15
5.6139002e-15
6.3406595e-15
6.6572125e-15
6.7547039e-15
6.7295774e-15
6.652181e-15
6.5600567e-15
6.4699421e-15
6.3900314e-15
6.3233455e-15
6.2722043e-15
6.2366304e-15
6.2124849e-15
6.1996867e-15
6.1976324e-15
6.2024739e-15
6.2091276e-15
6.2222902e-15
6.2379538e-15
6.2572678e-15
6.2810355e-15
6.302762e-15
6.3245352e-15
6.3485575e-15
6.3707574e-15
6.3949061e-15
6.4180634e-15
6.4399534e-15
6.4588188e-15
6.4779187e-15
6.4977216e-15
6.5165834e-15
6.5321623e-15
6.5492387e-15
6.5626948e-15
6.5769172e-15
6.5890474e-15
6.6025533e-15
6.6140259e-15
6.6229764e-15
6.6334324e-15
6.642347e-15
6.6501327e-15
6.6551382e-15
6.6615079e-15
6.6669421e-15
6.6723467e-15
6.6777054e-15
6.6797726e-15
6.6802899e-15
6.682303e-15
6.6831755e-15
6.684092e-15
6.6866411e-15
6.6862312e-15
6.6863552e-15
6.6867143e-15
6.6857757e-15
6.6844049e-15
6.6827298e-15
6.6802544e-15
6.6774054e-15
6.6750396e-15
6.6706997e-15
6.66651e-15
6.6624186e-15
6.6592602e-15
6.6543673e-15
6.652697e-15
6.6480264e-15
6.64467e-15
6.6392319e-15
6.6340914e-15
6.6313198e-15
6.6243727e-15
6.6204257e-15
6.6121745e-15
6.6072332e-15
6.6002335e-15
6.5938458e-15
6.587365e-15
6.5778493e-15
6.5695269e-15
6.5608958e-15
6.5533749e-15
6.5459652e-15
6.5345314e-15
6.5244234e-15
6.5131209e-15
6.5020308e-15
6.489185e-15
6.4787803e-15
6.4640471e-15
6.4482616e-15
6.4291138e-15
6.4060734e-15
6.3719766e-15
6.3001377e-15
6.0684411e-15
5.2769564e-15
2.7590674e-15
4.32447e-14
4.3252475e-14
3.9608436e-14
3.6303929e-14
3.3662437e-14
3.1262617e-14
2.900399e-14
2.6837375e-14
2.4725919e-14
2.2669547e-14
2.0653233e-14
1.8686123e-14
1.6762123e-14
1.4889312e-14
1.3066208e-14
1.1299576e-14
9.5891312e-15
7.9462437e-15
6.3739617e-15
4.8862357e-15
3.4930656e-15
2.2720513e-15
1.2151572e-15
3.0365112e-16
-4.6796183e-16
-1.1200786e-15
-1.6714907e-15
-2.139998e-15
-2.5367203e-15
-2.8739661e-15
-3.1621838e-15
-3.4052181e-15
-3.614002e-15
-3.7913703e-15
-3.9428809e-15
-4.0693906e-15
-4.1798916e-15
-4.2708634e-15
-4.34927e-15
-4.4150764e-15
-4.4711312e-15
-4.5194252e-15
-4.5609165e-15
-4.5942262e-15
-4.6239527e-15
-4.6475368e-15
-4.6686571e-15
-4.6844889e-15
-4.6992427e-15
-4.7102991e-15
-4.721894e-15
-4.7308525e-15
-4.7379595e-15
-4.7432069e-15
-4.7493398e-15
-4.7519287e-15
-4.7567179e-15
-4.7604448e-15
-4.7612875e-15
-4.763593e-15
-4.7652767e-15
-4.7657442e-15
-4.7670087e-15
-4.7685978e-15
-4.7690314e-15
-4.7712147e-15
-4.7693579e-15
-4.7719147e-15
-4.7696306e-15
-4.7703592e-15
-4.7691584e-15
-4.7706234e-15
-4.7698941e-15
-4.7710818e-15
-4.7698153e-15
-4.769712e-15
-4.7701507e-15
-4.7726084e-15
-4.7701522e-15
-4.7697404e-15
-4.7720848e-15
-4.7714547e-15
-4.7719884e-15
-4.7724557e-15
-4.772144e-15
-4.7736543e-15
-4.7707061e-15
-4.7716798e-15
-4.7736906e-15
-4.7715551e-15
-4.7726578e-15
-4.7694624e-15
-4.7704287e-15
-4.7702141e-15
-4.7733846e-15
-4.7721588e-15
-4.7742069e-15
-4.7754968e-15
-4.7764046e-15
-4.7759235e-15
-4.7771078e-15
-4.7773587e-15
-4.7791104e-15
-4.7787093e-15
-4.7799158e-15
-4.7820785e-15
-4.7846013e-15
-4.7869687e-15
-4.7902734e-15
-4.7902326e-15
-4.7890227e-15
-4.7894716e-15
-4.7907293e-15
-4.7867811e-15
-4.779666e-15
-4.7567218e-15
-4.7012272e-15
-4.505643e-15
-3.8533433e-15
-1.8740063e-15
-4.0514574e-14
-3.4565321e-14
-2.8163678e-14
-2.336228e-14
-1.9834889e-14
-1.7015799e-14
-1.4666689e-14
-1.2658363e-14
-1.0905029e-14
-9.3550127e-15
-7.9683275e-15
-6.7204065e-15
-5.5885973e-15
-4.5612452e-15
-3.6251267e-15
-2.7736044e-15
-1.9980738e-15
-1.2932928e-15
-6.5353806e-16
-7.3818294e-17
4.5064187e-16
9.2272952e-16
1.3440079e-15
1.717363e-15
2.0476692e-15
2.339979e-15
2.5978375e-15
2.8265333e-15
3.0263196e-15
3.2023934e-15
3.3577507e-15
3.4947576e-15
3.6156253e-15
3.7214206e-15
3.8161314e-15
3.8986422e-15
3.9719417e-15
4.036717e-15
4.0947435e-15
4.1459371e-15
4.1920082e-15
4.2327317e-15
4.2693424e-15
4.3017865e-15
4.3314174e-15
4.3573184e-15
4.3816073e-15
4.4022313e-15
4.4227534e-15
4.4401998e-15
4.4560583e-15
4.4696503e-15
4.4841652e-15
4.4964698e-15
4.5086447e-15
4.5190266e-15
4.5287323e-15
4.5373537e-15
4.5461585e-15
4.5540113e-15
4.5606588e-15
4.5674447e-15
4.573502e-15
4.5794055e-15
4.5853712e-15
4.5917486e-15
4.5968806e-15
4.601376e-15
4.6057252e-15
4.611399e-15
4.6160649e-15
4.6211122e-15
4.6255344e-15
4.6307877e-15
4.634466e-15
4.6386171e-15
4.6418546e-15
4.6465352e-15
4.6508752e-15
4.6553606e-15
4.6591891e-15
4.664566e-15
4.6680193e-15
4.6731069e-15
4.6774149e-15
4.6821399e-15
4.6858971e-15
4.6912764e-15
4.6960754e-15
4.7006883e-15
4.7059559e-15
4.7109091e-15
4.7167847e-15
4.7213763e-15
4.7282775e-15
4.7328319e-15
4.7384639e-15
4.7433961e-15
4.750537e-15
4.7558901e-15
4.7618565e-15
4.7666368e-15
4.7727797e-15
4.7790483e-15
4.7838445e-15
4.7881863e-15
4.7942182e-15
4.7979197e-15
4.7993713e-15
4.8013837e-15
4.8036668e-15
4.7994902e-15
4.7934685e-15
4.7788474e-15
4.751286e-15
4.6986008e-15
4.5854248e-15
4.3160961e-15
3.5833346e-15
1.5618915e-15
)
;
    }
    axis
    {
        type            empty;
    }
}


// ************************************************************************* //
