/*--------------------------------*- C++ -*----------------------------------*\
  =========                 |
  \\      /  F ield         | OpenFOAM: The Open Source CFD Toolbox
   \\    /   O peration     | Website:  https://openfoam.org
    \\  /    A nd           | Version:  13
     \\/     M anipulation  |
\*---------------------------------------------------------------------------*/
FoamFile
{
    format      ascii;
    class       surfaceVectorField;
    location    "31";
    object      rhoUf;
}
// * * * * * * * * * * * * * * * * * * * * * * * * * * * * * * * * * * * * * //

dimensions      [1 -2 -1 0 0 0 0];

internalField   nonuniform List<vector> 
9440
(
(0.0010652987 1.0160856e-09 -21.972238)
(0.0053360161 -4.879873e-10 -22.119448)
(-0.014524698 1.1891271e-09 -21.974654)
(-0.0077601156 4.7021947e-09 -22.126963)
(-0.023375213 -1.4923755e-09 -21.976091)
(-0.021577393 -2.7368841e-09 -22.127749)
(-0.02821742 -2.1178713e-10 -21.977117)
(-0.029296119 -3.3323474e-10 -22.128484)
(-0.035173361 2.3790711e-10 -21.977962)
(-0.036973309 -2.2054846e-10 -22.12966)
(-0.042769348 3.0730118e-10 -21.9799)
(-0.044711862 4.8855917e-10 -22.1313)
(-0.058010648 -2.8644214e-11 -21.982803)
(-0.058627687 -6.5911397e-11 -22.133364)
(-0.081781723 -4.2425521e-12 -21.985803)
(-0.078694167 -4.4072518e-11 -22.135946)
(-0.098508923 -2.830932e-11 -21.98892)
(-0.096045765 -3.4258692e-11 -22.139544)
(-0.12278404 -6.1149126e-11 -21.993668)
(-0.12084422 -3.4825364e-11 -22.143678)
(-0.15141721 -1.558686e-11 -21.999481)
(-0.14645936 -5.158924e-11 -22.149251)
(-0.17026554 6.9198691e-11 -22.00615)
(-0.17141565 7.8608944e-11 -22.156487)
(-0.19772208 8.5662334e-11 -22.015633)
(-0.20019246 8.4525946e-11 -22.165272)
(-0.24035473 3.3709396e-11 -22.028226)
(-0.23727282 1.121308e-10 -22.176732)
(-0.28853546 -2.1253394e-11 -22.043886)
(-0.28587498 -3.6151535e-11 -22.191918)
(-0.3458452 -2.7325048e-11 -22.064531)
(-0.34331259 -2.5679375e-11 -22.21183)
(-0.4202255 -8.2743939e-12 -22.092668)
(-0.41523581 -1.3327227e-11 -22.238525)
(-0.506242 -5.7156888e-12 -22.129553)
(-0.50201465 9.5266407e-12 -22.274507)
(-0.59578328 -2.5233679e-12 -22.175265)
(-0.60168022 -5.0854687e-11 -22.322048)
(-0.68889044 7.4877141e-12 -22.220629)
(-0.71344227 1.3478395e-11 -22.379716)
(-0.7666152 -3.6597218e-11 -22.225527)
(-0.82521313 -5.0283427e-11 -22.425236)
(-0.72872212 -4.2025883e-11 -22.111117)
(-0.88025441 -7.4312473e-11 -22.387402)
(-0.4820084 -1.6507268e-11 -21.880372)
(-0.76824636 -3.7654762e-11 -22.159721)
(-0.21140017 -3.0734562e-11 -21.745698)
(-0.49536633 -8.2260684e-12 -21.868399)
(-0.12944881 -1.335781e-11 -22.063921)
(-0.3182621 -2.7561776e-11 -21.881308)
(-0.49774805 1.2620208e-11 -23.17938)
(-0.60231177 6.5251862e-12 -22.6491)
(-1.5320457 7.664597e-12 -24.675958)
(-1.673248 -6.1514035e-12 -24.46618)
(-3.0769564 2.999307e-12 -25.083467)
(-3.1865231 3.4969725e-12 -25.838026)
(-3.8728254 1.8143393e-12 -23.891434)
(-4.0752636 -2.1888149e-11 -25.046732)
(-3.9504986 -2.0757856e-12 -22.384321)
(-4.2996738 -4.360117e-12 -23.078568)
(-3.743756 -3.084073e-11 -21.539117)
(-4.1799814 -2.3918792e-11 -21.80115)
(-3.4959422 -4.3372589e-11 -21.281811)
(-3.8966503 -3.7977718e-11 -21.297317)
(-3.2820146 -5.1099e-11 -21.274841)
(-3.6043673 -3.3989799e-11 -21.251675)
(-3.0432786 -4.5144278e-11 -21.263184)
(-3.3459626 -5.4456522e-11 -21.294431)
(-2.8035094 -1.7001113e-11 -21.100537)
(-3.106899 -2.4119991e-11 -21.244655)
(-2.5426921 -9.5267193e-12 -20.723827)
(-2.8344913 -4.4584772e-12 -20.949473)
(-2.2184909 -1.2303444e-11 -20.195855)
(-2.5126909 -5.784591e-12 -20.427487)
(-1.7124872 -5.7142379e-12 -19.622217)
(-2.0903002 -1.5178328e-11 -19.813708)
(-0.78390486 -1.0559863e-11 -19.120861)
(-1.4403683 5.3239269e-12 -19.265258)
(-0.41799599 -1.235419e-11 -18.96421)
(0.00011126494 1.9006246e-09 -18.939192)
(0.0045852397 -3.1410946e-10 -17.81366)
(-0.015768217 1.4524774e-09 -18.940878)
(-0.0076210877 5.0678716e-09 -17.816461)
(-0.027525683 -1.7164278e-09 -18.941163)
(-0.022202006 -2.8089322e-09 -17.817505)
(-0.03694143 -3.4679861e-10 -18.942079)
(-0.033345371 -3.0181479e-10 -17.818431)
(-0.04733354 6.1346312e-12 -18.943437)
(-0.043676944 -1.2161457e-10 -17.819119)
(-0.058446988 1.3088288e-10 -18.945226)
(-0.053466693 3.0466513e-10 -17.82025)
(-0.074996138 -8.1866143e-11 -18.947534)
(-0.06982031 -1.6102053e-11 -17.820838)
(-0.097099479 -7.4298009e-11 -18.950594)
(-0.088489177 -4.0658226e-11 -17.821667)
(-0.11661179 -4.0764878e-11 -18.954449)
(-0.10376116 -2.7472486e-11 -17.824841)
(-0.1417659 -2.498317e-11 -18.959255)
(-0.13158051 -1.2837799e-11 -17.826993)
(-0.17180643 4.0631549e-11 -18.965458)
(-0.15571727 -2.7407092e-11 -17.830364)
(-0.19940727 9.3855171e-11 -18.973233)
(-0.1829848 9.734565e-11 -17.83642)
(-0.23579326 1.1064117e-10 -18.983051)
(-0.21921796 1.1208146e-10 -17.841749)
(-0.2841969 4.4038707e-11 -18.99584)
(-0.25994252 1.4836605e-10 -17.848437)
(-0.34137745 -4.0695108e-11 -19.012613)
(-0.31209853 -7.6973894e-11 -17.85863)
(-0.40958252 -1.1809542e-11 -19.034857)
(-0.37505199 -3.6906783e-11 -17.872137)
(-0.49637335 4.2501757e-12 -19.064622)
(-0.45401492 1.2611864e-11 -17.889706)
(-0.60022939 -3.5054298e-11 -19.10388)
(-0.54943854 -1.7140633e-12 -17.914836)
(-0.71710693 -3.5419536e-11 -19.152488)
(-0.66395445 -9.2707565e-11 -17.949518)
(-0.84394474 -4.3763722e-11 -19.19768)
(-0.79870175 -1.5665771e-11 -17.990876)
(-0.95391213 -8.7810628e-11 -19.193126)
(-0.93716495 -1.0945987e-10 -18.020403)
(-0.94898982 -7.0220795e-11 -19.061934)
(-1.0199757 -8.4850165e-11 -17.98982)
(-0.76366707 -2.9587663e-11 -18.838609)
(-0.95202915 -5.8246424e-11 -17.834683)
(-0.59115586 -4.9175182e-12 -18.774712)
(-0.77985837 -1.9824725e-12 -17.669173)
(-0.72435988 -7.9058491e-12 -19.252419)
(-0.80434188 -9.1178792e-12 -17.797972)
(-1.4896991 -1.2166479e-11 -20.545556)
(-1.4410029 1.3588158e-12 -18.563495)
(-2.9260218 -1.0379599e-11 -21.98303)
(-2.8925684 -1.6113157e-11 -20.004706)
(-4.441609 -2.1240654e-11 -22.102265)
(-4.3007906 -1.032332e-11 -20.797397)
(-4.9300313 -2.8165027e-11 -20.699302)
(-4.8295118 -3.1473325e-11 -19.943104)
(-4.7645884 -2.6095736e-11 -19.177547)
(-4.8214227 -1.3231165e-11 -18.336672)
(-4.3538674 -3.0980176e-11 -18.413504)
(-4.551632 -2.3441531e-11 -17.433824)
(-3.9746604 -2.8614899e-11 -18.205991)
(-4.1250847 -2.4765685e-11 -17.150907)
(-3.6687349 -3.7243165e-11 -18.210908)
(-3.763509 -1.6968717e-11 -17.135469)
(-3.3801751 -3.3580355e-11 -18.202748)
(-3.4757723 -4.840087e-11 -17.173275)
(-3.0730435 -1.1670707e-11 -18.052654)
(-3.2024466 -1.9348283e-11 -17.136589)
(-2.7081089 -7.0972562e-13 -17.722057)
(-2.8747304 5.1795573e-12 -16.945489)
(-2.2673188 -8.6169485e-12 -17.276865)
(-2.4795943 -1.803665e-13 -16.639772)
(-1.6918315 -4.2300247e-12 -16.856614)
(-1.9929145 -1.0245741e-11 -16.334111)
(-0.99626028 3.6059378e-12 -16.632718)
(-1.3232391 1.5372173e-11 -16.158808)
(-0.5711854 -4.0013458e-12 -16.270327)
(3.1257883e-05 1.5076637e-09 -16.473781)
(0.0036564499 -5.0669603e-10 -15.68559)
(-0.014878265 1.5225309e-09 -16.475091)
(-0.0072875048 4.8939418e-09 -15.683324)
(-0.027775257 -1.5389703e-09 -16.476106)
(-0.021369911 -2.6081806e-09 -15.684235)
(-0.038899781 -8.4313181e-11 -16.476968)
(-0.034025755 -1.3614997e-10 -15.685209)
(-0.050514195 1.6250607e-10 -16.477972)
(-0.045436071 7.4833234e-11 -15.685409)
(-0.063069588 1.6667172e-10 -16.47887)
(-0.055926564 3.1426891e-10 -15.685931)
(-0.079142499 2.5688664e-11 -16.479618)
(-0.073119843 6.6001281e-11 -15.685164)
(-0.09857437 5.8867763e-12 -16.481677)
(-0.090171084 7.2930345e-11 -15.68445)
(-0.11793486 1.8022261e-13 -16.484427)
(-0.10327462 2.458312e-11 -15.686838)
(-0.14224012 -1.5018633e-11 -16.487277)
(-0.13197043 -4.8242193e-11 -15.68691)
(-0.1713424 2.7412376e-11 -16.492012)
(-0.15406982 -6.2592401e-11 -15.687935)
(-0.20161104 1.1536562e-10 -16.497717)
(-0.1812881 1.0609794e-10 -15.692227)
(-0.23983146 1.4933812e-10 -16.503795)
(-0.22058807 1.5181353e-10 -15.693899)
(-0.28894349 3.0041407e-11 -16.512277)
(-0.26167877 1.6844621e-10 -15.695598)
(-0.34723469 -7.3629621e-11 -16.524026)
(-0.31348697 -8.5637496e-11 -15.700443)
(-0.41752592 -1.3001803e-11 -16.53934)
(-0.37688012 -5.3819666e-11 -15.707019)
(-0.5062011 6.7880986e-12 -16.560369)
(-0.45699172 3.2578337e-11 -15.714937)
(-0.6147952 -5.8522649e-11 -16.589604)
(-0.55418151 -5.6828492e-12 -15.728295)
(-0.74264606 -7.3628105e-11 -16.626146)
(-0.67384374 -9.5257013e-11 -15.748772)
(-0.88536881 -8.0577594e-11 -16.658857)
(-0.81911249 -3.5616109e-11 -15.772044)
(-1.0150231 -1.0669384e-10 -16.654376)
(-0.97344677 -1.1172453e-10 -15.786445)
(-1.053513 -7.3077321e-11 -16.563149)
(-1.0839299 -8.6358714e-11 -15.766829)
(-0.97763546 -3.104912e-11 -16.425317)
(-1.0820895 -6.6502412e-11 -15.680982)
(-0.98022701 -6.133187e-12 -16.455873)
(-1.0556285 5.8857245e-12 -15.611856)
(-1.3548628 7.6467831e-14 -16.947166)
(-1.3183671 -5.1864184e-12 -15.80658)
(-2.3932714 -2.4763359e-12 -18.041616)
(-2.2408059 8.8574833e-12 -16.485251)
(-3.8625736 -1.6092322e-11 -19.062556)
(-3.7288459 -8.6681845e-12 -17.513399)
(-4.9675553 -2.04301e-11 -18.909256)
(-4.8045309 -1.3706286e-11 -17.829808)
(-5.1108668 -1.6644982e-11 -17.679673)
(-5.010368 -1.52431e-11 -17.026218)
(-4.8081832 -1.0521066e-11 -16.510707)
(-4.8337209 -6.2646e-12 -15.831128)
(-4.3247543 -1.722067e-11 -15.980026)
(-4.4753471 -7.2048494e-12 -15.295162)
(-3.8993441 -1.3160969e-11 -15.860698)
(-3.9896265 -1.866502e-11 -15.165944)
(-3.5566916 -2.7968132e-11 -15.874898)
(-3.6038367 8.8421848e-13 -15.166928)
(-3.2581308 -3.4311213e-11 -15.875953)
(-3.3130486 -4.1567746e-11 -15.2032)
(-2.9427459 -2.6153328e-12 -15.776201)
(-3.0357085 -1.0950784e-11 -15.189308)
(-2.5646841 5.733388e-12 -15.571462)
(-2.703377 2.6969887e-12 -15.098213)
(-2.1215552 -1.7641832e-12 -15.357797)
(-2.3039299 -3.0559269e-12 -14.969928)
(-1.5819369 9.2433346e-12 -15.24583)
(-1.8230832 -3.1985721e-12 -14.912846)
(-0.93006451 7.8474683e-12 -15.350975)
(-1.1793599 1.4708334e-11 -14.999173)
(-0.48941528 -4.1896952e-12 -15.379682)
(-0.00072157113 1.5294232e-09 -15.029198)
(0.0022008636 2.0407087e-10 -14.610644)
(-0.014511645 1.445239e-09 -15.029431)
(-0.0076975539 5.0123792e-09 -14.603484)
(-0.027502746 -1.3479723e-09 -15.030757)
(-0.020793612 -2.6041365e-09 -14.603924)
(-0.039240778 1.4021126e-11 -15.031232)
(-0.034103261 -8.9403989e-11 -14.604812)
(-0.051352307 2.1850857e-10 -15.031685)
(-0.046056679 9.8255385e-11 -14.604531)
(-0.06463078 2.2056073e-10 -15.031626)
(-0.056821081 3.5675737e-10 -14.604367)
(-0.08016306 1.1307924e-10 -15.030759)
(-0.074367822 1.40697e-10 -14.602449)
(-0.098012315 9.2641566e-11 -15.031508)
(-0.09043838 1.3269476e-10 -14.600397)
(-0.11705797 -2.2485719e-11 -15.032718)
(-0.10208504 6.5748699e-11 -14.601733)
(-0.14028025 -9.5578193e-11 -15.033095)
(-0.13113218 -1.1219423e-10 -14.599789)
(-0.16865869 1.3529891e-11 -15.03559)
(-0.15195432 -1.0855607e-10 -14.598342)
(-0.19988368 1.4191014e-10 -15.038362)
(-0.17871451 1.272149e-10 -14.600451)
(-0.23868748 1.7070854e-10 -15.039666)
(-0.21942014 1.5096499e-10 -14.598362)
(-0.28704562 5.5797974e-11 -15.042524)
(-0.2603619 1.6824849e-10 -14.595155)
(-0.34507992 -6.6181394e-11 -15.047687)
(-0.31130146 -8.4043993e-11 -14.594377)
(-0.41562996 -9.1405736e-12 -15.054093)
(-0.37408776 -7.0323913e-11 -14.593653)
(-0.50428276 2.0483306e-11 -15.063668)
(-0.45404684 2.6111178e-11 -14.591568)
(-0.61472307 -4.1586506e-11 -15.079351)
(-0.55144403 -1.9331068e-11 -14.592216)
(-0.7489576 -5.7768203e-11 -15.099008)
(-0.67315436 -8.8553296e-11 -14.597128)
(-0.90334472 -6.6127851e-11 -15.114948)
(-0.82462329 -5.0993211e-11 -14.602012)
(-1.0537522 -9.1590464e-11 -15.111697)
(-0.9927779 -9.2072714e-11 -14.601623)
(-1.145897 -7.9934523e-11 -15.067149)
(-1.1366427 -9.5136223e-11 -14.590698)
(-1.1892917 -3.0092424e-11 -15.011621)
(-1.2157121 -7.6220369e-11 -14.557199)
(-1.3577606 6.9097837e-12 -15.1034)
(-1.3485701 3.0880879e-13 -14.545398)
(-1.9448042 3.5010146e-12 -15.534695)
(-1.8252601 -1.6722959e-11 -14.741139)
(-3.086477 2.7781777e-12 -16.31132)
(-2.8786476 2.6021991e-12 -15.271807)
(-4.3819024 -6.2507657e-12 -16.868498)
(-4.2012484 -1.3103782e-11 -15.900268)
(-5.0741677 -8.50981e-12 -16.541046)
(-4.9608746 -2.9295357e-11 -15.931191)
(-5.0553913 -4.9140227e-12 -15.612916)
(-4.9488514 -1.0028132e-11 -15.266628)
(-4.6431752 -2.942951e-12 -14.881331)
(-4.675236 -6.0760543e-12 -14.490051)
(-4.144613 -8.5873282e-12 -14.598771)
(-4.2620662 -6.5053423e-12 -14.244008)
(-3.692984 -4.7214535e-12 -14.547042)
(-3.7494817 1.3970207e-12 -14.208029)
(-3.3412842 -1.2500503e-11 -14.565962)
(-3.3575593 6.5513362e-12 -14.218014)
(-3.0519989 -1.8357007e-11 -14.581696)
(-3.0793972 -1.2479932e-11 -14.25261)
(-2.7546943 -5.7035477e-12 -14.551976)
(-2.8170366 -1.2784323e-12 -14.264757)
(-2.4003138 -6.0660049e-12 -14.491885)
(-2.5034144 -7.4973787e-12 -14.259581)
(-1.9836809 -4.4897475e-12 -14.462988)
(-2.1271368 5.5216113e-12 -14.259253)
(-1.4617534 2.1876774e-12 -14.537766)
(-1.673008 -1.9161577e-12 -14.337024)
(-0.82714644 2.7518099e-12 -14.848231)
(-1.068311 2.0229113e-12 -14.55043)
(-0.39184251 9.3778373e-12 -15.08968)
(-0.001893345 2.4849237e-09 -14.269855)
(0.00071220579 3.2115414e-10 -14.049617)
(-0.014740087 1.655408e-09 -14.265945)
(-0.0084185009 5.4252345e-09 -14.038088)
(-0.027424187 -1.4906452e-09 -14.266603)
(-0.02061296 -2.8029912e-09 -14.037878)
(-0.039462407 -1.3154493e-11 -14.266673)
(-0.034256322 -1.8851817e-10 -14.038578)
(-0.05182715 2.2777077e-10 -14.266303)
(-0.046514392 4.8882751e-11 -14.037864)
(-0.065519096 2.8294972e-10 -14.265137)
(-0.057382309 3.4281862e-10 -14.037014)
(-0.080725862 1.6050306e-10 -14.262808)
(-0.075108482 1.5361556e-10 -14.034164)
(-0.097653353 1.0720351e-10 -14.262022)
(-0.09072146 9.7836693e-11 -14.031005)
(-0.1164937 -2.0650992e-11 -14.261275)
(-0.1014352 4.7260833e-11 -14.031211)
(-0.13906165 -1.2523214e-10 -14.258874)
(-0.13066155 -8.6880903e-11 -14.027436)
(-0.16686406 1.5472262e-12 -14.258385)
(-0.15086026 -1.2509345e-10 -14.023614)
(-0.1986172 1.3593927e-10 -14.257389)
(-0.17709904 1.5730189e-10 -14.023419)
(-0.23762516 1.4828353e-10 -14.253338)
(-0.21841222 1.3205539e-10 -14.01777)
(-0.28508386 3.1415791e-11 -14.249652)
(-0.25916866 1.5400688e-10 -14.01009)
(-0.3425996 -8.8338579e-11 -14.246729)
(-0.30925886 -7.3981319e-11 -14.003864)
(-0.41283637 -3.6077268e-11 -14.242335)
(-0.37114548 -9.2070897e-11 -13.996058)
(-0.50085444 -1.3256247e-11 -14.237611)
(-0.45044892 -6.220554e-12 -13.984276)
(-0.61180921 -6.5655594e-11 -14.235291)
(-0.54735305 -3.3955652e-11 -13.972081)
(-0.74997053 -8.21074e-11 -14.234817)
(-0.66951778 -7.2148153e-11 -13.960266)
(-0.91492052 -7.6595154e-11 -14.232608)
(-0.82491673 -5.0582833e-11 -13.946316)
(-1.0895839 -9.5594032e-11 -14.226657)
(-1.006158 -6.9280319e-11 -13.929171)
(-1.2430705 -9.1565151e-11 -14.214187)
(-1.1877517 -8.0554503e-11 -13.916917)
(-1.4069763 -4.63736e-11 -14.209142)
(-1.3551692 -6.7592924e-11 -13.910577)
(-1.7311578 -2.3204766e-11 -14.311073)
(-1.6410628 -2.0065086e-11 -13.919338)
(-2.4517004 -1.7750097e-11 -14.647979)
(-2.2743208 -4.2450131e-11 -14.069283)
(-3.5602332 -1.3178595e-11 -15.135122)
(-3.3212362 -1.5981054e-12 -14.426702)
(-4.6032763 -3.6047565e-11 -15.363276)
(-4.4174719 -2.0831293e-11 -14.737158)
(-4.9809553 -3.0927791e-11 -15.030555)
(-4.9245311 -4.3105402e-11 -14.639766)
(-4.8253009 -1.1212715e-11 -14.397256)
(-4.7662828 -1.8009328e-11 -14.159451)
(-4.3923219 -9.635877e-12 -13.992253)
(-4.4316238 -3.3079196e-13 -13.745273)
(-3.8884722 3.4361777e-12 -13.901392)
(-3.984446 -1.1880702e-11 -13.714987)
(-3.4222393 1.2642482e-11 -13.900516)
(-3.4533704 1.2519812e-11 -13.740756)
(-3.0772752 6.667531e-12 -13.924349)
(-3.0630926 1.0690022e-11 -13.754387)
(-2.8119468 4.5430929e-12 -13.953622)
(-2.8073819 4.2144678e-12 -13.780592)
(-2.545468 -3.042717e-12 -13.97697)
(-2.5741777 1.1152204e-12 -13.812736)
(-2.2261775 4.0296667e-12 -14.008287)
(-2.2915797 3.3745672e-12 -13.862138)
(-1.8406504 8.1283681e-12 -14.089015)
(-1.9513609 1.02304e-11 -13.935196)
(-1.352851 -2.0980874e-12 -14.27725)
(-1.5384077 -3.8865085e-12 -14.087499)
(-0.73790259 8.6173403e-12 -14.701663)
(-0.98250839 1.8966942e-12 -14.370051)
(-0.31234769 1.554608e-11 -15.003201)
(-0.0029558309 1.9854449e-09 -13.868701)
(-0.0005120701 -6.6627582e-11 -13.737285)
(-0.015135974 1.7148554e-09 -13.860395)
(-0.0090796591 5.5212715e-09 -13.722456)
(-0.02751328 -1.6516993e-09 -13.860181)
(-0.020641014 -2.5668736e-09 -13.721619)
(-0.039741415 -1.3658309e-10 -13.860049)
(-0.034492482 -1.939153e-10 -13.722096)
(-0.052254177 1.5400036e-10 -13.859059)
(-0.04687011 4.8154285e-11 -13.721074)
(-0.066122317 2.1878923e-10 -13.857042)
(-0.057716449 2.8026113e-10 -13.719681)
(-0.081173253 9.2286357e-11 -13.853787)
(-0.075515881 1.1397199e-10 -13.716204)
(-0.097580166 3.8953199e-11 -13.851915)
(-0.090982806 5.6261358e-11 -13.712312)
(-0.11633712 -1.6474694e-11 -13.849694)
(-0.10106343 3.5552488e-11 -13.711592)
(-0.13848346 -8.6103212e-11 -13.84525)
(-0.13031799 -6.2670007e-11 -13.706477)
(-0.1658965 2.6370817e-11 -13.842457)
(-0.15028484 -8.7038346e-11 -13.700793)
(-0.19784751 1.5376948e-10 -13.838604)
(-0.17595653 1.4965098e-10 -13.698749)
(-0.23679788 1.3749675e-10 -13.830702)
(-0.21734224 1.6674476e-10 -13.6904)
(-0.28340588 5.1328539e-11 -13.822237)
(-0.25785674 1.6104171e-10 -13.67947)
(-0.34033147 -7.7512343e-11 -13.813265)
(-0.30709694 -2.3970159e-11 -13.669065)
(-0.4099397 -6.3109623e-11 -13.800804)
(-0.36786733 -8.5611613e-11 -13.655904)
(-0.49695358 -2.6647733e-11 -13.785188)
(-0.44609518 -9.088501e-12 -13.636792)
(-0.60764868 -4.0094213e-11 -13.768334)
(-0.54194212 5.2585801e-12 -13.614597)
(-0.7483631 -4.081292e-11 -13.748817)
(-0.66349763 -3.1206189e-11 -13.589441)
(-0.92256087 -4.3112047e-11 -13.725618)
(-0.82105427 -3.5873712e-11 -13.558539)
(-1.1229798 -5.4151245e-11 -13.705669)
(-1.013748 -4.4369555e-11 -13.523487)
(-1.3391481 -5.6680537e-11 -13.698122)
(-1.2333841 -5.2045014e-11 -13.497339)
(-1.6134391 -4.1629032e-11 -13.705683)
(-1.4875179 -4.334696e-11 -13.488843)
(-2.0614683 -3.915491e-11 -13.77737)
(-1.9049972 -2.1368288e-11 -13.488343)
(-2.8372466 -2.6570632e-11 -13.9864)
(-2.6211916 -3.5184491e-11 -13.569305)
(-3.8366705 -9.1274528e-12 -14.23693)
(-3.5861132 7.9412388e-12 -13.756879)
(-4.6293729 -2.7751573e-11 -14.27691)
(-4.4632487 -6.4414526e-12 -13.854963)
(-4.7850234 -3.0336371e-11 -14.005092)
(-4.7756666 -3.1541517e-11 -13.725476)
(-4.5395019 -7.229054e-12 -13.651091)
(-4.526162 -1.6920842e-11 -13.436357)
(-4.1015613 -2.5114275e-12 -13.523358)
(-4.1518075 1.441101e-11 -13.317984)
(-3.5884347 -2.9282993e-12 -13.566316)
(-3.6764678 3.7129682e-12 -13.4417)
(-3.1095779 1.0576885e-11 -13.594901)
(-3.1263422 5.486712e-12 -13.511614)
(-2.7761654 8.2696734e-12 -13.611217)
(-2.7376015 1.5705312e-11 -13.517916)
(-2.5428105 8.0179212e-13 -13.640646)
(-2.5073908 8.8449364e-13 -13.526517)
(-2.3163345 7.5217439e-12 -13.694346)
(-2.3119902 -2.8022225e-12 -13.566692)
(-2.036798 9.5435485e-12 -13.778136)
(-2.0691545 8.9666884e-12 -13.651058)
(-1.6924062 -1.7208719e-12 -13.916775)
(-1.7731531 7.52092e-12 -13.767918)
(-1.2485974 8.2902343e-14 -14.159864)
(-1.4085007 -4.4738036e-12 -13.963635)
(-0.66534397 8.7670902e-12 -14.646927)
(-0.90938355 4.0703133e-12 -14.287058)
(-0.25176118 8.1558233e-12 -14.977199)
(-0.0037999244 2.0722266e-09 -13.632669)
(-0.0015103792 -2.2260609e-10 -13.539294)
(-0.015511205 1.9748351e-09 -13.621357)
(-0.0096377378 5.2873407e-09 -13.521927)
(-0.027612465 -1.2459801e-09 -13.620581)
(-0.0207384 -2.4420248e-09 -13.520518)
(-0.039950727 -1.9475562e-11 -13.620327)
(-0.034701024 -2.0475566e-10 -13.520742)
(-0.052556134 1.6657396e-10 -13.618941)
(-0.047043486 3.1087512e-11 -13.51949)
(-0.066367794 1.8010515e-10 -13.61632)
(-0.057751643 1.9446524e-10 -13.517682)
(-0.081326377 7.9330113e-11 -13.612471)
(-0.075528592 7.5766165e-11 -13.513744)
(-0.097439952 5.3294732e-11 -13.609845)
(-0.091001286 1.4122801e-11 -13.509351)
(-0.11611633 -8.8161553e-12 -13.606543)
(-0.10059825 4.6970952e-11 -13.507857)
(-0.13790762 -6.319702e-11 -13.600591)
(-0.12970745 -9.4496351e-11 -13.501739)
(-0.16500362 3.264599e-11 -13.596029)
(-0.14962647 -8.2827774e-11 -13.494532)
(-0.19683991 1.6238852e-10 -13.590038)
(-0.17466392 6.2190965e-11 -13.490988)
(-0.23539395 1.9036443e-10 -13.579372)
(-0.21570207 1.7892476e-10 -13.480543)
(-0.28109846 8.7950292e-11 -13.567429)
(-0.25583629 1.4231297e-10 -13.467189)
(-0.33726139 -3.1382247e-11 -13.553982)
(-0.30413406 -1.3534405e-11 -13.453487)
(-0.40582348 -3.2387806e-11 -13.535612)
(-0.36353767 -6.2521979e-11 -13.436229)
(-0.49128372 2.2678339e-11 -13.511832)
(-0.44024454 -3.4999999e-11 -13.411537)
(-0.6007386 1.4486079e-11 -13.483848)
(-0.53445259 5.066424e-11 -13.381565)
(-0.74223566 -2.6225603e-11 -13.450178)
(-0.65438774 -1.0662115e-11 -13.346072)
(-0.92344705 -3.7060193e-11 -13.410381)
(-0.81227257 -3.3866545e-11 -13.301813)
(-1.1488683 -4.2202036e-11 -13.37271)
(-1.0136328 -4.5897378e-11 -13.25033)
(-1.4243736 -3.8776887e-11 -13.349945)
(-1.2669371 -6.8955158e-11 -13.205111)
(-1.7919895 -2.324508e-11 -13.339047)
(-1.5980379 -3.1226202e-11 -13.173643)
(-2.3244818 -1.7301271e-11 -13.359397)
(-2.1138838 -2.558203e-11 -13.143464)
(-3.0957364 -9.5957873e-13 -13.446267)
(-2.8559018 -2.0385361e-11 -13.148242)
(-3.955169 1.0720023e-11 -13.5252)
(-3.7097481 7.999655e-12 -13.192507)
(-4.5332116 -1.0075904e-11 -13.474142)
(-4.396433 -5.2314346e-12 -13.16683)
(-4.5399611 -1.8212715e-11 -13.297804)
(-4.5629929 -2.5172003e-11 -13.059252)
(-4.2431666 4.5393886e-12 -13.184219)
(-4.2615298 -1.2418691e-11 -12.947759)
(-3.8003451 2.0695495e-11 -13.268461)
(-3.8622213 9.68386e-12 -13.060861)
(-3.2687179 1.2118851e-11 -13.400724)
(-3.361526 -4.9129588e-13 -13.294093)
(-2.7762627 1.05619e-11 -13.443262)
(-2.7906504 1.88788e-12 -13.396697)
(-2.4524979 8.3950115e-12 -13.442236)
(-2.3990934 -2.5399075e-12 -13.386034)
(-2.2526343 -2.7015393e-12 -13.462024)
(-2.1906269 1.2159377e-12 -13.370104)
(-2.0702504 -1.4135741e-12 -13.530992)
(-2.0358902 4.0564385e-14 -13.409136)
(-1.835546 6.9506849e-12 -13.645421)
(-1.8372794 2.4303287e-12 -13.515327)
(-1.5373861 4.8222104e-12 -13.817191)
(-1.5898774 1.1039224e-11 -13.659823)
(-1.1452746 -5.2389212e-13 -14.091928)
(-1.2763008 -2.4480062e-12 -13.882901)
(-0.60252291 3.4414377e-12 -14.616377)
(-0.84037129 -6.3297096e-12 -14.235097)
(-0.20421658 2.9791309e-12 -14.961986)
(-0.004531515 1.6150338e-09 -13.469723)
(-0.002394431 -5.0388124e-10 -13.391251)
(-0.015858975 1.573161e-09 -13.456886)
(-0.010159916 4.9193482e-09 -13.371899)
(-0.027627305 -1.529866e-09 -13.455874)
(-0.020839627 -2.7672917e-09 -13.369994)
(-0.040005091 -1.6422451e-10 -13.455467)
(-0.034803513 -2.0576161e-10 -13.369929)
(-0.052657742 5.3462365e-11 -13.453831)
(-0.047001007 1.0526927e-11 -13.36849)
(-0.06624199 9.3456631e-11 -13.450796)
(-0.057473315 1.5259539e-10 -13.366384)
(-0.081096853 1.2038443e-11 -13.446533)
(-0.075140108 6.8294449e-11 -13.362059)
(-0.097047257 7.1123627e-12 -13.44336)
(-0.090679596 8.0385094e-12 -13.357293)
(-0.11551635 -3.6077895e-11 -13.439241)
(-0.099859991 4.3968896e-11 -13.355154)
(-0.1369991 -1.1432083e-10 -13.43212)
(-0.12865633 -8.6357335e-11 -13.348228)
(-0.16377265 -5.5483645e-11 -13.426156)
(-0.14859134 -9.1625537e-11 -13.33972)
(-0.19526959 7.7104418e-11 -13.41852)
(-0.17293127 1.9637881e-11 -13.334922)
(-0.23317298 1.3134522e-10 -13.405808)
(-0.21330725 1.2477801e-10 -13.322791)
(-0.27780322 4.2687992e-11 -13.391245)
(-0.25289825 9.6033524e-11 -13.307555)
(-0.33299972 -4.4128675e-11 -13.374409)
(-0.30013595 -4.3543609e-11 -13.29112)
(-0.40015398 -6.5420331e-11 -13.351661)
(-0.35796636 -4.9103842e-11 -13.270633)
(-0.48358679 -7.8540791e-12 -13.321693)
(-0.4327691 -6.2415538e-11 -13.241577)
(-0.59093928 2.6084151e-11 -13.285198)
(-0.52484404 4.2916323e-11 -13.205444)
(-0.73152059 -1.8099554e-11 -13.240193)
(-0.64226823 3.0347279e-12 -13.161494)
(-0.91691064 -4.2603232e-11 -13.185475)
(-0.79867025 -1.3189935e-11 -13.105502)
(-1.1620767 -7.2466537e-11 -13.128513)
(-1.0050822 -4.6891097e-11 -13.0378)
(-1.4878906 -6.1689869e-11 -13.079336)
(-1.2838692 -6.8690094e-11 -12.970249)
(-1.9256393 -3.3603794e-11 -13.035212)
(-1.6747792 -2.2441728e-11 -12.907283)
(-2.5052446 -2.8701917e-11 -12.999027)
(-2.2540357 -3.4884816e-11 -12.838221)
(-3.2394921 -1.161517e-11 -12.98086)
(-2.9884615 -8.9959551e-12 -12.770424)
(-3.9566299 -7.8664388e-12 -12.945755)
(-3.7275387 -4.7497536e-12 -12.705988)
(-4.3622664 -2.020411e-11 -12.867159)
(-4.2558585 -9.4689234e-12 -12.619319)
(-4.2742572 -1.9453884e-11 -12.798779)
(-4.3163772 -2.9808797e-11 -12.561169)
(-3.9511652 -7.400981e-12 -12.879237)
(-3.9899093 -2.1668924e-12 -12.604673)
(-3.5020951 -1.1445503e-11 -13.11776)
(-3.5776716 -6.539786e-12 -12.894505)
(-2.9506028 -1.0734438e-11 -13.312485)
(-3.0566246 -1.9518357e-11 -13.208619)
(-2.4414885 -1.1190264e-11 -13.358787)
(-2.4655326 -4.7937713e-12 -13.336423)
(-2.1215346 -9.7374607e-12 -13.332839)
(-2.0654136 -1.8301735e-11 -13.299348)
(-1.950272 3.9636227e-12 -13.336416)
(-1.8688631 -2.1281665e-12 -13.254412)
(-1.8116098 3.872941e-12 -13.411363)
(-1.7510811 1.028449e-12 -13.286617)
(-1.623764 6.4790102e-12 -13.545001)
(-1.5969555 3.4635937e-12 -13.406285)
(-1.3748576 3.8298025e-12 -13.738279)
(-1.4001377 1.9997368e-12 -13.569272)
(-1.039062 -8.2365841e-12 -14.036283)
(-1.1382295 -9.1025569e-12 -13.811818)
(-0.54422417 -6.8315259e-12 -14.587814)
(-0.77108948 -1.2018828e-11 -14.187971)
(-0.16516026 1.2426392e-12 -14.942153)
(-0.0052233198 1.4446164e-09 -13.336316)
(-0.0032113102 -7.9616975e-10 -13.262132)
(-0.016190137 1.2776644e-09 -13.322782)
(-0.010677117 4.8547877e-09 -13.241225)
(-0.027536779 -1.5909714e-09 -13.321646)
(-0.020911538 -2.9330552e-09 -13.238918)
(-0.039873364 -4.0207167e-11 -13.320997)
(-0.03476794 -1.2144807e-10 -13.238516)
(-0.052508325 1.0486316e-10 -13.319179)
(-0.04675985 8.6202955e-11 -13.236907)
(-0.065781242 1.2979878e-10 -13.315851)
(-0.056926186 2.1065814e-10 -13.234589)
(-0.08048058 6.5741941e-11 -13.311246)
(-0.074406037 8.4784774e-11 -13.2299)
(-0.096338535 4.4144597e-11 -13.307648)
(-0.090032146 7.0391577e-11 -13.224808)
(-0.11426887 -3.8853517e-12 -13.302862)
(-0.098818668 7.4597645e-11 -13.222168)
(-0.13564878 -6.3571169e-11 -13.294748)
(-0.12715713 -5.6017461e-11 -13.214445)
(-0.16204731 -1.8192387e-11 -13.287605)
(-0.14711788 -6.7618611e-11 -13.204795)
(-0.19307005 6.5847136e-11 -13.27863)
(-0.1707127 1.7009543e-11 -13.198887)
(-0.2301104 8.9833293e-11 -13.264305)
(-0.21020544 8.3952049e-11 -13.185321)
(-0.27349869 1.1464679e-11 -13.247623)
(-0.24910285 6.9424514e-11 -13.168519)
(-0.32752866 -4.845714e-11 -13.228061)
(-0.29517822 -3.285354e-11 -13.149644)
(-0.3930166 -4.5959141e-11 -13.201776)
(-0.35129218 -5.5166336e-11 -13.126439)
(-0.47405133 -1.2679257e-11 -13.166886)
(-0.42389816 -5.4444e-11 -13.093758)
(-0.57859997 2.0236235e-11 -13.123502)
(-0.51342351 3.0011532e-11 -13.052343)
(-0.71681685 8.0882227e-12 -13.068732)
(-0.62759499 1.6714517e-11 -13.000874)
(-0.90330177 -1.7195317e-11 -12.999983)
(-0.78086288 1.4646822e-11 -12.933959)
(-1.161392 -4.2939901e-11 -12.922541)
(-0.988396 -2.7485043e-11 -12.849787)
(-1.5230403 -2.9790818e-11 -12.844098)
(-1.2832373 -3.522674e-11 -12.757932)
(-2.0089465 -2.3631981e-11 -12.761812)
(-1.7142452 -1.0036826e-11 -12.6616)
(-2.6084887 -1.5358013e-11 -12.670076)
(-2.3293995 -2.6502474e-11 -12.551473)
(-3.2889063 -2.1583449e-12 -12.57034)
(-3.0370568 -4.4556837e-14 -12.422064)
(-3.87556 -6.3218878e-12 -12.4674)
(-3.6685317 -1.667351e-12 -12.283248)
(-4.1488083 -1.8947929e-11 -12.397963)
(-4.0681092 3.7068457e-13 -12.175733)
(-4.0020708 -1.2686027e-11 -12.433577)
(-4.0535225 -2.8939493e-11 -12.178986)
(-3.6717054 -1.2802194e-12 -12.666878)
(-3.7204556 1.1244434e-11 -12.352161)
(-3.2173952 -1.4540679e-11 -13.019774)
(-3.305943 -1.8620351e-12 -12.776333)
(-2.6492313 -1.3657042e-11 -13.261201)
(-2.7712786 -1.1813721e-11 -13.154058)
(-2.1222787 -1.18349e-11 -13.303027)
(-2.1640519 -2.7641479e-12 -13.301572)
(-1.7982674 -1.0774207e-11 -13.245651)
(-1.752646 -1.4291139e-11 -13.234368)
(-1.6453784 -5.0793122e-12 -13.229153)
(-1.5542681 -4.8547983e-12 -13.155751)
(-1.5452321 6.0732537e-13 -13.304841)
(-1.4632871 2.1924291e-12 -13.174937)
(-1.403272 -1.0093092e-12 -13.451113)
(-1.3498492 1.3326772e-12 -13.302911)
(-1.2050842 -1.0883404e-11 -13.660165)
(-1.204218 -2.275328e-12 -13.479651)
(-0.92831355 -1.287226e-11 -13.977526)
(-0.99327456 -1.042575e-11 -13.737417)
(-0.4879411 -4.0011933e-12 -14.552417)
(-0.69980836 -2.45707e-12 -14.134909)
(-0.13181976 1.0722072e-12 -14.913303)
(-0.0058835426 1.2012754e-09 -13.210466)
(-0.0039505207 -1.0230522e-09 -13.139591)
(-0.016493136 1.3520494e-09 -13.196467)
(-0.011169617 4.8673703e-09 -13.117449)
(-0.027412008 -1.6257382e-09 -13.195145)
(-0.020933257 -2.8839072e-09 -13.114818)
(-0.039583927 -3.8761486e-12 -13.194161)
(-0.034597721 -1.8419519e-10 -13.114054)
(-0.052129454 1.8778884e-10 -13.192175)
(-0.046364751 7.4499092e-11 -13.112275)
(-0.065081694 1.6917115e-10 -13.188606)
(-0.056182431 2.9238478e-10 -13.10981)
(-0.079565603 8.977814e-11 -13.18366)
(-0.07341271 4.0420982e-11 -13.104766)
(-0.095347338 1.0075345e-10 -13.17968)
(-0.089132752 5.5052881e-11 -13.099352)
(-0.11292694 2.489277e-11 -13.174288)
(-0.097527358 6.6071585e-11 -13.096295)
(-0.13391942 -5.9871106e-11 -13.165237)
(-0.12529377 -4.5489221e-11 -13.087833)
(-0.1598618 -3.3701581e-11 -13.15701)
(-0.14527505 -8.3317467e-11 -13.077119)
(-0.1903274 3.4184238e-11 -13.146857)
(-0.16810426 4.7351698e-12 -13.070194)
(-0.22596466 6.3731314e-11 -13.131115)
(-0.20656965 6.543877e-11 -13.055457)
(-0.26843153 2.6325153e-11 -13.112508)
(-0.24465879 6.9045988e-11 -13.037141)
(-0.32110998 -3.9314947e-11 -13.090473)
(-0.28951783 1.2114947e-11 -13.016083)
(-0.38474407 -6.3657762e-11 -13.061212)
(-0.34383936 -7.5509715e-11 -12.9905)
(-0.46312492 -1.2582167e-11 -13.022094)
(-0.4140527 -5.1210321e-11 -12.954683)
(-0.56431307 2.6612714e-11 -12.972552)
(-0.50071444 6.0279886e-11 -12.908544)
(-0.69891668 2.329044e-11 -12.908848)
(-0.61108447 2.3531214e-11 -12.850193)
(-0.88345986 4.7073118e-12 -12.826353)
(-0.75979976 1.5320438e-11 -12.772924)
(-1.1473442 -1.9711662e-11 -12.727778)
(-0.96456775 -5.6668578e-12 -12.672062)
(-1.5308016 -1.5664484e-11 -12.619704)
(-1.2660007 -1.5612113e-11 -12.554327)
(-2.0459172 -1.2788521e-11 -12.500108)
(-1.7194739 1.3544094e-12 -12.42444)
(-2.6457339 -1.1373077e-11 -12.359974)
(-2.3490908 -1.7171842e-11 -12.275757)
(-3.265136 4.5711857e-13 -12.201794)
(-3.0195258 4.4479951e-12 -12.098131)
(-3.7387211 5.0115316e-12 -12.064513)
(-3.5549867 1.0321401e-11 -11.914163)
(-3.9127143 -9.4403891e-12 -12.024368)
(-3.8512688 1.0338409e-11 -11.80997)
(-3.7338028 -5.2487109e-12 -12.153638)
(-3.7845865 -7.2248808e-12 -11.876942)
(-3.40509 1.0737323e-11 -12.506178)
(-3.4575124 9.0636654e-12 -12.157064)
(-2.95058 9.1938638e-13 -12.94681)
(-3.0494021 1.1757256e-11 -12.68285)
(-2.3718558 -9.7019025e-13 -13.225841)
(-2.5082684 4.6480503e-12 -13.114966)
(-1.8312653 -5.1606959e-12 -13.261985)
(-1.8931806 -1.0519592e-12 -13.280165)
(-1.4962937 -8.4195324e-12 -13.171829)
(-1.4736143 3.8874865e-12 -13.184758)
(-1.3476191 2.3819803e-12 -13.127969)
(-1.2592613 -1.649733e-11 -13.068738)
(-1.2758479 2.9217493e-12 -13.197785)
(-1.1799784 7.0813516e-12 -13.067865)
(-1.1763971 8.3308541e-14 -13.353442)
(-1.0992989 1.4393206e-12 -13.198767)
(-1.0290353 -1.7814487e-12 -13.575441)
(-1.0042903 5.0223743e-12 -13.385914)
(-0.81294157 -4.6218779e-14 -13.909752)
(-0.8422392 -7.1692723e-12 -13.655798)
(-0.43238338 2.6008843e-12 -14.506606)
(-0.62624231 1.91125e-11 -14.072537)
(-0.10257431 -2.2870991e-12 -14.874142)
(-0.00647905 1.1704362e-09 -13.08962)
(-0.0045787188 -8.7559671e-10 -13.019396)
(-0.016739119 1.3360745e-09 -13.075061)
(-0.011591197 4.8285307e-09 -12.996253)
(-0.02732156 -1.5981162e-09 -13.073423)
(-0.020889892 -2.6313106e-09 -12.993337)
(-0.039171166 -1.168313e-10 -13.072075)
(-0.034312038 -2.3375619e-10 -12.992236)
(-0.05156229 1.717336e-10 -13.069935)
(-0.045858436 -1.7592503e-11 -12.990275)
(-0.064224561 1.7069907e-10 -13.066165)
(-0.05530585 3.3921371e-10 -12.987705)
(-0.078438169 5.3426524e-12 -13.060881)
(-0.072237009 -2.0255709e-12 -12.982324)
(-0.094129251 2.0138058e-11 -13.056555)
(-0.088056463 4.0869798e-12 -12.976579)
(-0.11134654 -2.2366585e-12 -13.050635)
(-0.096056571 2.4652786e-11 -12.973184)
(-0.13191946 -6.8303234e-11 -13.040722)
(-0.1231636 9.6839206e-12 -12.964033)
(-0.15732409 -4.6218832e-11 -13.0315)
(-0.14315814 -1.047921e-10 -12.952325)
(-0.18718795 3.5144637e-11 -13.020343)
(-0.16522883 2.5310451e-11 -12.944454)
(-0.22157743 7.0707296e-11 -13.003346)
(-0.20257424 6.1208317e-11 -12.928747)
(-0.26291177 5.5515484e-11 -12.982974)
(-0.23977824 4.3722986e-11 -12.909005)
(-0.3140912 -2.3104327e-11 -12.958758)
(-0.28340735 1.1313242e-11 -12.885972)
(-0.37574582 -6.3315714e-11 -12.926848)
(-0.3359191 -9.5083053e-11 -12.858282)
(-0.45136407 2.0558333e-11 -12.88402)
(-0.40361313 -3.654643e-11 -12.819718)
(-0.54882714 5.7539845e-11 -12.828958)
(-0.48721652 5.7708205e-11 -12.769365)
(-0.6788328 1.5633089e-11 -12.756871)
(-0.59342051 1.233888e-11 -12.704744)
(-0.85865735 5.1213297e-12 -12.660826)
(-0.73640928 -1.0189147e-11 -12.617842)
(-1.1215797 -1.4878204e-12 -12.540217)
(-0.93484905 -1.9094722e-11 -12.500582)
(-1.5138952 1.2786209e-12 -12.401258)
(-1.2340058 -2.5578467e-11 -12.355872)
(-2.0415876 -2.8943087e-12 -12.245924)
(-1.6942564 6.0649055e-12 -12.19125)
(-2.6288565 -1.500724e-12 -12.066256)
(-2.3224037 -1.137224e-11 -12.009172)
(-3.185984 1.4273478e-11 -11.869938)
(-2.9508898 4.5857497e-12 -11.796182)
(-3.5646616 1.564846e-11 -11.721515)
(-3.4031396 1.6654846e-11 -11.590068)
(-3.6651075 1.2662986e-11 -11.719515)
(-3.616923 8.1158247e-12 -11.502714)
(-3.4737723 6.9908407e-12 -11.930551)
(-3.515117 -9.5675675e-12 -11.62996)
(-3.1506124 1.0068092e-11 -12.376619)
(-3.2020909 -1.1501666e-11 -11.998653)
(-2.701877 1.5525829e-11 -12.88711)
(-2.8067713 9.2903216e-12 -12.601619)
(-2.1212531 4.5970892e-12 -13.201406)
(-2.265759 -2.9985956e-13 -13.083609)
(-1.5755948 7.9708472e-12 -13.233136)
(-1.654439 5.156584e-12 -13.26815)
(-1.2268669 -4.0872081e-12 -13.109704)
(-1.2358308 1.3202652e-11 -13.147746)
(-1.0678476 -1.1913965e-11 -13.034857)
(-0.99601386 -1.2481855e-11 -12.994731)
(-1.0104431 5.6258681e-12 -13.092903)
(-0.91109 3.6722868e-12 -12.96752)
(-0.94726098 6.3619636e-12 -13.252644)
(-0.85063632 2.868033e-12 -13.094032)
(-0.84924438 -3.1047838e-13 -13.484246)
(-0.80423875 1.7182076e-11 -13.28773)
(-0.69412346 1.1874475e-11 -13.833016)
(-0.68751823 -4.5785862e-12 -13.566747)
(-0.37711757 1.4316308e-11 -14.450472)
(-0.55079739 1.7299008e-11 -14.000017)
(-0.076475704 8.9176077e-12 -14.82459)
(-0.0069612744 1.3564608e-09 -12.968807)
(-0.0050699954 -4.9050122e-10 -12.899505)
(-0.01689519 1.5393071e-09 -12.953545)
(-0.011899189 4.6410286e-09 -12.875586)
(-0.027232213 -1.4052764e-09 -12.9515)
(-0.020772633 -2.4930965e-09 -12.872414)
(-0.038670224 -1.437151e-10 -12.949801)
(-0.033930667 -1.9752499e-10 -12.871025)
(-0.050856735 1.3783428e-10 -12.9475)
(-0.045266002 1.5458178e-11 -12.868857)
(-0.063274909 1.7605639e-10 -12.943539)
(-0.05433408 3.8834368e-10 -12.866197)
(-0.077176582 -3.4275377e-12 -12.937903)
(-0.070924656 4.1263982e-11 -12.860502)
(-0.092739657 8.1713371e-12 -12.933237)
(-0.086847847 2.5974263e-11 -12.854402)
(-0.10957068 3.6850646e-11 -12.926826)
(-0.094448411 3.8096441e-11 -12.850728)
(-0.12975043 -2.4891824e-11 -12.916087)
(-0.12082418 3.6726442e-11 -12.840908)
(-0.1545326 -3.5239753e-11 -12.905914)
(-0.14082214 -1.1330435e-10 -12.828274)
(-0.1837618 5.0873946e-11 -12.893839)
(-0.16215317 7.2623544e-11 -12.819486)
(-0.2170518 3.4449611e-11 -12.875697)
(-0.19831475 7.1119779e-11 -12.802934)
(-0.25725092 -9.1250331e-14 -12.853616)
(-0.23457471 2.5077537e-11 -12.781828)
(-0.30668675 -5.9480556e-11 -12.827387)
(-0.27697805 -2.3966023e-11 -12.757)
(-0.36631436 -6.8924167e-11 -12.793188)
(-0.32767294 -1.1720597e-10 -12.727348)
(-0.43910489 -3.2111911e-13 -12.747075)
(-0.39276601 -2.4114996e-11 -12.686309)
(-0.53261875 1.2928977e-11 -12.687049)
(-0.47318314 3.8975596e-11 -12.632135)
(-0.65723484 -1.3284781e-11 -12.607421)
(-0.57499047 1.1321298e-12 -12.561853)
(-0.82990963 -3.4329841e-11 -12.498805)
(-0.71128532 -2.3268019e-11 -12.466283)
(-1.0857634 -4.3132733e-11 -12.356448)
(-0.90036342 -4.1634769e-11 -12.333741)
(-1.4755409 -2.1031461e-11 -12.185947)
(-1.1894079 -3.5597415e-11 -12.16245)
(-2.0015405 -2.286607e-12 -11.997432)
(-1.6429191 -3.4216454e-12 -11.962862)
(-2.5685436 -5.3965437e-12 -11.78761)
(-2.2576012 -1.1498549e-11 -11.751681)
(-3.0658297 6.8868154e-12 -11.569813)
(-2.8433368 -2.8931312e-12 -11.514606)
(-3.366247 9.1771515e-12 -11.425363)
(-3.2247372 1.6206004e-11 -11.303391)
(-3.4123602 -1.4004794e-11 -11.463093)
(-3.3725268 -2.88569e-12 -11.239772)
(-3.2284924 -2.8047601e-11 -11.744447)
(-3.2481327 -2.7531576e-11 -11.419824)
(-2.9059502 -1.2398375e-11 -12.265216)
(-2.9533486 -1.4675494e-11 -11.86471)
(-2.4678155 -6.4814674e-12 -12.83323)
(-2.5745388 3.4563471e-12 -12.52643)
(-1.8948305 2.3040863e-13 -13.181757)
(-2.0392204 -5.1442484e-12 -13.055287)
(-1.3569149 1.0346404e-11 -13.21282)
(-1.4454077 2.0181019e-11 -13.260114)
(-0.99822193 4.9375182e-12 -13.060575)
(-1.0402434 2.3241857e-12 -13.119642)
(-0.8174604 3.0247783e-12 -12.95252)
(-0.77348787 -3.3776287e-12 -12.934122)
(-0.75788639 9.1841061e-13 -12.99117)
(-0.66807015 2.6002971e-13 -12.876654)
(-0.72171616 1.3621654e-11 -13.149001)
(-0.61150639 -1.6932358e-11 -12.990693)
(-0.6695873 1.3011649e-11 -13.386789)
(-0.60926126 2.6211263e-11 -13.185411)
(-0.57403221 7.5027475e-13 -13.74713)
(-0.53267106 -8.6289353e-14 -13.470078)
(-0.32217086 1.1936199e-11 -14.383769)
(-0.47426415 5.6936837e-12 -13.917286)
(-0.052961062 1.9528736e-11 -14.764822)
(-0.0073109473 1.5111883e-09 -12.848563)
(-0.0054182593 -3.404618e-10 -12.778993)
(-0.016942803 1.2571738e-09 -12.832506)
(-0.012073445 4.4440746e-09 -12.75448)
(-0.027062983 -1.4177823e-09 -12.830033)
(-0.02058272 -2.4792273e-09 -12.751073)
(-0.038090892 -4.741219e-11 -12.828042)
(-0.033472663 -1.8006105e-10 -12.749445)
(-0.050031165 2.5337326e-10 -12.82558)
(-0.044601178 6.32324e-11 -12.747047)
(-0.062242018 2.6328487e-10 -12.821436)
(-0.053286853 4.4279686e-10 -12.74429)
(-0.075800359 7.103435e-11 -12.815454)
(-0.069501489 6.9983829e-11 -12.73831)
(-0.091189268 5.5646796e-11 -12.810459)
(-0.085530357 5.4184141e-11 -12.731825)
(-0.10769813 3.7997745e-11 -12.803599)
(-0.092723019 6.1438797e-11 -12.727898)
(-0.12745996 -4.9177877e-11 -12.79209)
(-0.11830667 3.7419796e-12 -12.717429)
(-0.15151012 -8.265096e-12 -12.781012)
(-0.13829429 -7.4815496e-11 -12.703931)
(-0.18006891 9.2891459e-11 -12.768083)
(-0.15890581 1.2032865e-10 -12.694222)
(-0.21233287 6.2339918e-11 -12.748823)
(-0.19383473 1.0566003e-10 -12.676897)
(-0.25189993 1.7876622e-12 -12.725233)
(-0.22910732 6.3433513e-11 -12.654364)
(-0.29895701 -8.0654475e-11 -12.697203)
(-0.27028826 -4.1835812e-11 -12.628073)
(-0.3565065 -7.3367878e-11 -12.660829)
(-0.31914801 -8.9956942e-11 -12.596432)
(-0.42645651 1.4562876e-11 -12.611751)
(-0.38158696 -1.3090851e-11 -12.553092)
(-0.51588181 2.752991e-11 -12.547235)
(-0.45873338 6.3945031e-11 -12.495399)
(-0.63449774 -8.6367594e-12 -12.460764)
(-0.55597111 -2.7275148e-11 -12.419992)
(-0.79798998 -3.0419647e-11 -12.340687)
(-0.68481879 -3.0665317e-11 -12.316786)
(-1.0415499 -3.4147157e-11 -12.177964)
(-0.86219092 -6.4045474e-11 -12.170579)
(-1.4189036 -1.8231448e-11 -11.976695)
(-1.1346352 -4.0442894e-11 -11.974422)
(-1.9320762 -1.2575303e-11 -11.75681)
(-1.5699532 -2.0184226e-11 -11.741412)
(-2.4736874 -9.0550306e-12 -11.523681)
(-2.1617237 -6.0414794e-12 -11.503674)
(-2.9157856 6.2986461e-12 -11.296793)
(-2.7063687 1.0620311e-12 -11.25202)
(-3.1520573 4.2654717e-12 -11.166068)
(-3.0280295 1.4601528e-11 -11.047139)
(-3.1577715 -1.6260329e-11 -11.241559)
(-3.1227004 -1.0625408e-11 -11.010763)
(-2.9976887 -1.4235642e-11 -11.583698)
(-2.9852404 -2.3227799e-11 -11.233427)
(-2.6679688 1.07534e-12 -12.165939)
(-2.7097127 -4.3760195e-12 -11.748561)
(-2.2438497 4.8416741e-12 -12.781904)
(-2.3481248 -1.7170986e-13 -12.454032)
(-1.6879913 1.4670552e-11 -13.163688)
(-1.8230492 1.2907882e-11 -13.026794)
(-1.1716169 1.2251887e-11 -13.196447)
(-1.2618995 2.8760557e-11 -13.251664)
(-0.81186638 -5.962453e-12 -13.020804)
(-0.88205069 -3.3022797e-12 -13.094903)
(-0.60499467 -6.1604649e-12 -12.882415)
(-0.59446359 -9.8426015e-12 -12.884652)
(-0.52847895 -1.7509359e-11 -12.896955)
(-0.46098605 5.0013848e-13 -12.797433)
(-0.50749883 -4.5430565e-12 -13.045241)
(-0.39121264 -2.8624158e-11 -12.891387)
(-0.49477991 1.3231817e-11 -13.28376)
(-0.42524894 2.5119615e-11 -13.07988)
(-0.45536203 4.8318745e-12 -13.652447)
(-0.38197832 5.9290953e-12 -13.365781)
(-0.26787243 1.3227119e-11 -14.307045)
(-0.39759542 8.5972229e-12 -13.824634)
(-0.031673468 1.9304119e-11 -14.695012)
(-0.0075329613 1.3962935e-09 -12.727114)
(-0.0056338072 -5.0328681e-10 -12.657323)
(-0.016882686 1.337062e-09 -12.71029)
(-0.012117733 4.6891922e-09 -12.632356)
(-0.02678549 -1.3741516e-09 -12.707443)
(-0.020331943 -2.4878447e-09 -12.628732)
(-0.037452932 -7.976849e-11 -12.705221)
(-0.032958769 -1.836917e-10 -12.626899)
(-0.049117121 2.3983327e-10 -12.702588)
(-0.04387731 2.4267514e-11 -12.62426)
(-0.06114358 2.5994863e-10 -12.698255)
(-0.052180857 4.8494816e-10 -12.621389)
(-0.074342146 5.3512857e-11 -12.691922)
(-0.067991008 4.1037648e-11 -12.615154)
(-0.089502575 5.9824098e-11 -12.686576)
(-0.084122534 3.1611394e-11 -12.60826)
(-0.10597987 2.8256179e-11 -12.679282)
(-0.090899932 4.3792476e-11 -12.604037)
(-0.12517162 -2.0582754e-11 -12.667049)
(-0.11564439 -8.3739218e-13 -12.593013)
(-0.14829872 5.0811832e-11 -12.655071)
(-0.13559981 3.3503519e-12 -12.57872)
(-0.17615112 1.3330032e-10 -12.641307)
(-0.15551299 1.3188221e-10 -12.56805)
(-0.20744267 1.0729483e-10 -12.620979)
(-0.18917219 1.6788605e-10 -12.55)
(-0.24505053 2.1064853e-11 -12.595866)
(-0.22342539 1.0726248e-10 -12.52622)
(-0.29096126 -5.0603628e-11 -12.566088)
(-0.26337459 -4.2628195e-11 -12.498309)
(-0.34640445 -3.0482818e-11 -12.527667)
(-0.31038153 -3.4384441e-11 -12.464824)
(-0.41352984 3.5534605e-11 -12.475796)
(-0.37012929 3.6166032e-12 -12.41929)
(-0.49876848 9.9859524e-12 -12.40717)
(-0.44393709 5.5750275e-11 -12.358313)
(-0.61089473 -4.9272832e-11 -12.314799)
(-0.53640533 -5.4229305e-11 -12.278235)
(-0.76374 -6.401181e-11 -12.184857)
(-0.65727023 -4.3594308e-11 -12.168359)
(-0.99085044 -7.0527681e-11 -12.003755)
(-0.82137463 -8.0283556e-11 -12.010331)
(-1.3473821 -4.2548589e-11 -11.774224)
(-1.0722352 -4.9359247e-11 -11.792054)
(-1.8385673 -1.3752918e-11 -11.524996)
(-1.4795889 -2.4476748e-11 -11.52847)
(-2.351517 4.0258665e-12 -11.273581)
(-2.0408937 5.0697551e-12 -11.266111)
(-2.7440408 9.2745202e-12 -11.046793)
(-2.5471264 3.921981e-12 -11.006919)
(-2.9278837 -1.2744103e-13 -10.935637)
(-2.818893 1.8891932e-11 -10.815713)
(-2.9031224 -1.7515016e-11 -11.046233)
(-2.8705471 -1.2551635e-11 -10.808019)
(-2.7235967 -1.3480448e-11 -11.439591)
(-2.7263128 -1.697306e-11 -11.07156)
(-2.4331029 -5.6470601e-12 -12.072841)
(-2.4692817 -1.7111658e-12 -11.637006)
(-2.0248292 7.8217253e-12 -12.73045)
(-2.1234012 -1.0949322e-11 -12.382976)
(-1.495157 2.6912294e-11 -13.143121)
(-1.612222 1.1617602e-11 -12.996637)
(-1.0137677 1.3373408e-11 -13.178431)
(-1.0995098 2.122397e-11 -13.238578)
(-0.66431129 -7.1493537e-12 -12.985517)
(-0.75366065 3.0647293e-12 -13.0679)
(-0.43446804 -3.2327924e-12 -12.822812)
(-0.45598103 -9.1765901e-12 -12.841565)
(-0.33089331 -1.0476142e-11 -12.811218)
(-0.29561198 -3.8100328e-12 -12.72917)
(-0.31299287 7.8946404e-13 -12.942598)
(-0.19928794 -2.320028e-11 -12.797718)
(-0.33022115 1.7903231e-11 -13.175553)
(-0.25834055 1.7674938e-11 -12.972308)
(-0.34111758 9.6826062e-12 -13.549062)
(-0.2403257 4.8370224e-12 -13.254097)
(-0.21467136 1.4628418e-11 -14.220414)
(-0.32187787 4.9205241e-12 -13.723026)
(-0.012370761 1.7783644e-11 -14.615349)
(-0.007653137 1.4914921e-09 -12.603606)
(-0.0057409637 -6.762104e-10 -12.534349)
(-0.016731103 1.5167429e-09 -12.586134)
(-0.012055936 4.69713e-09 -12.509036)
(-0.026404437 -1.4303169e-09 -12.583009)
(-0.020035776 -2.4658758e-09 -12.505208)
(-0.036767157 -8.850502e-11 -12.580616)
(-0.032401304 -7.8462071e-11 -12.503189)
(-0.0481366 2.5381889e-10 -12.577808)
(-0.043098469 4.8224961e-11 -12.500308)
(-0.05998094 2.7848329e-10 -12.573286)
(-0.051020431 5.277679e-10 -12.497298)
(-0.072811398 1.9362156e-11 -12.566616)
(-0.066401136 6.172111e-11 -12.490838)
(-0.087682402 1.532467e-11 -12.560902)
(-0.082626088 4.4222564e-11 -12.483515)
(-0.10396068 1.5528803e-11 -12.55318)
(-0.08898276 5.7483463e-11 -12.47897)
(-0.12293921 2.3025684e-11 -12.540309)
(-0.11285563 -2.6189512e-12 -12.467382)
(-0.14491483 8.2467959e-11 -12.527478)
(-0.13274658 2.0052187e-11 -12.452458)
(-0.17203482 1.6596671e-10 -12.512824)
(-0.15197757 1.1056345e-10 -12.440743)
(-0.2023802 1.6863246e-10 -12.491537)
(-0.18434656 2.0263188e-10 -12.421993)
(-0.23844552 4.535688e-11 -12.465026)
(-0.21752959 1.3700501e-10 -12.397056)
(-0.28272581 -2.6500742e-11 -12.433513)
(-0.25622921 -2.9946779e-11 -12.36752)
(-0.33602492 -6.813805e-13 -12.39311)
(-0.30136912 -2.5252849e-11 -12.332258)
(-0.4003352 2.3320568e-11 -12.338573)
(-0.35838962 1.3402665e-11 -12.284612)
(-0.48128233 -7.4456042e-12 -12.266129)
(-0.42878704 3.026471e-11 -12.22058)
(-0.58650175 -4.8644152e-11 -12.168439)
(-0.51626281 -6.5972253e-11 -12.136219)
(-0.72780543 -5.9560037e-11 -12.03)
(-0.62877293 -4.4050287e-11 -12.020482)
(-0.93551818 -5.9360738e-11 -11.833196)
(-0.77872379 -8.3462497e-11 -11.852452)
(-1.2640702 -3.147604e-11 -11.578668)
(-1.004554 -3.2803803e-11 -11.615312)
(-1.7257361 -5.8683148e-12 -11.302764)
(-1.3757794 -2.1572408e-11 -11.324858)
(-2.2074055 4.9738449e-12 -11.036989)
(-1.9002336 7.6736758e-12 -11.039573)
(-2.5565902 1.343954e-11 -10.816066)
(-2.370891 1.1998037e-11 -10.777678)
(-2.6975611 6.6693987e-12 -10.727792)
(-2.6014267 6.7519125e-12 -10.604567)
(-2.6494383 -1.1982375e-11 -10.872113)
(-2.6182393 -2.1158101e-11 -10.625802)
(-2.4678393 -5.2946538e-12 -11.307037)
(-2.4703 -1.4838964e-11 -10.925722)
(-2.1992344 -6.9603094e-12 -11.981694)
(-2.2302461 6.5370231e-12 -11.530178)
(-1.8069524 -7.278864e-12 -12.678093)
(-1.8980276 -1.9555283e-11 -12.312878)
(-1.311747 5.877613e-12 -13.118014)
(-1.4034073 3.5730865e-12 -12.964271)
(-0.87731986 1.1009902e-11 -13.154353)
(-0.95457825 5.3584197e-12 -13.217541)
(-0.54830371 1.0993367e-12 -12.949302)
(-0.64706109 1.259344e-11 -13.034865)
(-0.30444531 -9.7801447e-12 -12.769793)
(-0.3509075 -1.1479526e-11 -12.799794)
(-0.17089424 -1.6441821e-11 -12.733359)
(-0.17159253 -5.255739e-12 -12.668897)
(-0.14606055 -6.5041118e-12 -12.842161)
(-0.043631395 -1.972116e-11 -12.709932)
(-0.18140343 4.6665716e-12 -13.06302)
(-0.11413059 -1.2665484e-12 -12.864195)
(-0.23428452 7.4573891e-14 -13.437943)
(-0.1127098 7.5675848e-12 -13.135788)
(-0.16313336 8.0207672e-12 -14.12472)
(-0.24833588 -4.7487904e-12 -13.613865)
(0.0051250649 -5.4148807e-13 -14.526083)
(-0.0077571045 1.1860757e-09 -12.479043)
(-0.0057727131 -4.864561e-10 -12.41042)
(-0.016512932 1.365685e-09 -12.461131)
(-0.011922259 4.7154356e-09 -12.384864)
(-0.025928186 -1.2517467e-09 -12.457827)
(-0.019709526 -2.5860881e-09 -12.380842)
(-0.036037143 5.2884695e-11 -12.455296)
(-0.031809917 7.3604225e-11 -12.378637)
(-0.047104919 3.0597606e-10 -12.452305)
(-0.042271616 1.5179713e-10 -12.375519)
(-0.058744579 3.2407497e-10 -12.447589)
(-0.049813429 5.3453811e-10 -12.372345)
(-0.071206107 8.7004699e-11 -12.440589)
(-0.064743913 1.0843089e-10 -12.36568)
(-0.085723384 8.6107509e-11 -12.434482)
(-0.081048789 1.058025e-10 -12.357913)
(-0.10174219 4.0454683e-11 -12.426328)
(-0.086977748 1.0191813e-10 -12.353012)
(-0.12010336 -5.973148e-12 -12.412873)
(-0.10995786 3.0441693e-12 -12.340904)
(-0.14135482 4.67706e-11 -12.399195)
(-0.12974961 -5.7178038e-11 -12.325345)
(-0.16772496 1.4594579e-10 -12.383652)
(-0.14830297 4.0251451e-11 -12.312559)
(-0.19713635 1.7184764e-10 -12.361408)
(-0.1793792 2.0400521e-10 -12.293099)
(-0.23180681 6.369326e-11 -12.333501)
(-0.21143358 1.4567304e-10 -12.267041)
(-0.27424897 -2.8751241e-11 -12.300314)
(-0.24885543 -3.4070475e-11 -12.235916)
(-0.32535008 -1.1572585e-11 -12.258014)
(-0.29211625 -6.1491079e-11 -12.198905)
(-0.38683917 2.0181129e-11 -12.201013)
(-0.34637343 3.5339084e-12 -12.149223)
(-0.46340348 -2.7371026e-11 -12.125057)
(-0.41325985 2.9874203e-12 -12.082372)
(-0.56139682 -6.1571559e-11 -12.022567)
(-0.49553637 -6.0344915e-11 -11.994173)
(-0.69066527 -6.762446e-11 -11.876918)
(-0.59946714 -3.735529e-11 -11.873293)
(-0.87715577 -5.7307806e-11 -11.667091)
(-0.73487788 -7.4764267e-11 -11.696976)
(-1.1721404 -2.2984851e-11 -11.391386)
(-0.93369908 -2.4070914e-11 -11.444405)
(-1.5976771 -8.2426085e-12 -11.091666)
(-1.2623875 -1.7331587e-11 -11.130908)
(-2.0457762 1.466835e-11 -10.814131)
(-1.7440973 6.3151921e-12 -10.824189)
(-2.357738 5.3449607e-12 -10.602543)
(-2.1815324 1.0724992e-11 -10.56262)
(-2.4637551 -2.0898095e-11 -10.5387)
(-2.3785422 -4.268384e-12 -10.41007)
(-2.3974069 -2.4054375e-11 -10.714618)
(-2.3671788 -1.9176943e-11 -10.459822)
(-2.2186293 -3.134451e-12 -11.18391)
(-2.2167994 -2.2288899e-11 -10.79151)
(-1.9652789 -5.9078654e-12 -11.893297)
(-1.9913831 5.6740573e-12 -11.427484)
(-1.5885328 -8.8319561e-12 -12.624981)
(-1.6714024 -1.2927809e-11 -12.243667)
(-1.1348955 3.0441366e-12 -13.086988)
(-1.1953894 4.2090355e-12 -12.928373)
(-0.75716494 6.9040393e-12 -13.122128)
(-0.823871 -4.5047159e-12 -13.186295)
(-0.45554807 1.3614272e-13 -12.908955)
(-0.55535498 1.7960142e-11 -12.993829)
(-0.20879109 -6.9854855e-12 -12.719502)
(-0.27064549 -2.0885761e-11 -12.755047)
(-0.04971734 -8.4657481e-12 -12.661817)
(-0.082667641 2.4710629e-12 -12.612383)
(-0.011396526 -1.4569506e-11 -12.745075)
(0.071999358 -1.4638142e-11 -12.627029)
(-0.052970769 1.594494e-12 -12.947806)
(0.0034580952 -1.5484038e-11 -12.756849)
(-0.13738035 2.798401e-12 -13.320552)
(-0.0035097939 1.7688234e-11 -13.011979)
(-0.11394504 -1.3330196e-11 -14.021088)
(-0.17832608 8.5612905e-13 -13.497953)
(0.020968852 -2.3057801e-11 -14.427607)
(-0.0079478631 1.7424005e-09 -12.352999)
(-0.0057656836 1.9011555e-10 -12.285943)
(-0.016256392 1.4274336e-09 -12.334884)
(-0.011753053 4.7644917e-09 -12.260301)
(-0.025362322 -1.4141722e-09 -12.33147)
(-0.019363546 -2.7136686e-09 -12.256087)
(-0.035275378 1.6918295e-10 -12.328801)
(-0.031187948 6.1200873e-11 -12.253675)
(-0.046049077 3.674254e-10 -12.325617)
(-0.041402042 2.370214e-10 -12.250336)
(-0.057448573 3.3084062e-10 -12.320696)
(-0.048566093 4.0903058e-10 -12.246986)
(-0.069545038 1.272895e-10 -12.313376)
(-0.06302822 1.1390745e-10 -12.240135)
(-0.08364015 1.2169252e-10 -12.306867)
(-0.079396606 1.1701395e-10 -12.231932)
(-0.09937901 6.6344775e-11 -12.298285)
(-0.084896332 1.03786e-10 -12.22664)
(-0.11699659 -4.7151414e-11 -12.284263)
(-0.10696667 -1.5448816e-11 -12.214091)
(-0.13765525 -6.5171308e-11 -12.269682)
(-0.12661964 -1.3061611e-10 -12.197861)
(-0.1632337 9.6033885e-11 -12.253215)
(-0.14450172 -2.5015944e-12 -12.184026)
(-0.19174676 1.7857957e-10 -12.230091)
(-0.17428574 2.0350317e-10 -12.163857)
(-0.22505269 5.00535e-11 -12.200857)
(-0.20515992 1.3859607e-10 -12.13675)
(-0.26558612 -6.6503125e-11 -12.166011)
(-0.24126976 -3.8234886e-11 -12.104103)
(-0.31441245 -4.7060873e-11 -12.12182)
(-0.2826384 -1.1092369e-10 -12.065347)
(-0.37304457 -1.3652589e-11 -12.062439)
(-0.33410034 -2.6556687e-11 -12.013632)
(-0.4450974 -2.9399343e-11 -11.983377)
(-0.39733636 6.708137e-12 -11.944103)
(-0.53568167 -3.6331863e-11 -11.876785)
(-0.47423406 -2.9538295e-11 -11.852498)
(-0.65277556 -4.4184358e-11 -11.725063)
(-0.56952153 -2.148712e-11 -11.72723)
(-0.81718809 -4.1930847e-11 -11.504753)
(-0.69036186 -4.2477614e-11 -11.544224)
(-1.0747871 -1.8468988e-11 -11.211584)
(-0.86146793 -6.8216993e-12 -11.279673)
(-1.4582255 -2.9455375e-12 -10.890218)
(-1.143176 -1.2095159e-11 -10.946887)
(-1.870834 2.3418656e-12 -10.602703)
(-1.5766061 2.0459633e-12 -10.620358)
(-2.1506458 1.211882e-12 -10.402923)
(-1.9820033 2.5666911e-12 -10.360145)
(-2.2283567 -2.4526249e-12 -10.36406)
(-2.1523514 3.3174043e-13 -10.229384)
(-2.1473257 -1.7392613e-11 -10.568952)
(-2.1183211 4.7841585e-13 -10.306925)
(-1.9720125 -1.364632e-11 -11.067174)
(-1.9656476 -1.4599731e-11 -10.666338)
(-1.7308282 -1.2391831e-12 -11.806672)
(-1.7522216 4.4519116e-12 -11.328429)
(-1.3694388 1.7458782e-14 -12.569858)
(-1.4436885 3.7797932e-12 -12.175313)
(-0.96321092 -3.2926065e-12 -13.048026)
(-0.98964902 1.3944059e-11 -12.889022)
(-0.64892196 6.4343701e-12 -13.079587)
(-0.70440665 -9.1585756e-12 -13.143433)
(-0.3784421 -2.8653459e-12 -12.861362)
(-0.47340848 2.4600589e-11 -12.944133)
(-0.13902186 -1.1543491e-11 -12.666965)
(-0.20746831 -2.6792619e-11 -12.704411)
(0.035250011 -3.6201094e-12 -12.5927)
(-0.020042143 8.068954e-12 -12.555093)
(0.087105833 -1.5548703e-11 -12.650585)
(0.14984871 -1.2931842e-11 -12.546403)
(0.050187469 4.6030266e-13 -12.830579)
(0.092818382 -1.2866051e-11 -12.651121)
(-0.052142436 1.5819093e-11 -13.197089)
(0.084443438 1.6202928e-11 -12.884537)
(-0.067842399 -8.7695063e-12 -13.909479)
(-0.11346692 1.0766713e-11 -13.376555)
(0.035261989 -3.1583837e-11 -14.320626)
(-0.0079956491 2.0686216e-09 -12.226804)
(-0.0057479572 1.2831443e-09 -12.161176)
(-0.015984343 1.3032185e-09 -12.208706)
(-0.01157573 4.7849435e-09 -12.135537)
(-0.024696636 -1.3983839e-09 -12.205205)
(-0.018999295 -2.6327121e-09 -12.131164)
(-0.034478011 1.215563e-10 -12.20237)
(-0.030530736 -1.024978e-10 -12.128502)
(-0.044969596 2.7281288e-10 -12.198995)
(-0.040491329 1.8986054e-10 -12.124969)
(-0.05608725 2.0036834e-10 -12.193888)
(-0.04728017 3.3274385e-10 -12.121443)
(-0.067820403 1.0355679e-10 -12.186279)
(-0.061256823 5.5081238e-11 -12.114422)
(-0.081424674 9.9383849e-11 -12.179361)
(-0.07766901 6.3749593e-11 -12.105807)
(-0.096892877 2.4208448e-11 -12.170394)
(-0.08274707 5.2442597e-11 -12.100085)
(-0.11353586 -9.6989004e-11 -12.155799)
(-0.10388835 -3.8972229e-11 -12.087225)
(-0.13383396 -6.9892955e-11 -12.14035)
(-0.12335562 -1.306963e-10 -12.070213)
(-0.15857697 1.0209994e-10 -12.123037)
(-0.14058227 -4.5473709e-12 -12.055413)
(-0.1861943 1.6435307e-10 -12.099049)
(-0.16907298 2.0516883e-10 -12.034547)
(-0.21815391 5.2416466e-11 -12.068577)
(-0.1987156 1.2659653e-10 -12.006457)
(-0.25673746 -8.1847013e-11 -12.032112)
(-0.23347933 -4.3777796e-11 -11.97238)
(-0.30318931 -9.1300676e-11 -11.98603)
(-0.2729369 -1.1573102e-10 -11.931929)
(-0.35893213 -6.5222687e-12 -11.924345)
(-0.32158043 -3.6525409e-11 -11.87823)
(-0.42633227 6.9061376e-12 -11.84238)
(-0.38102484 1.2284864e-11 -11.806285)
(-0.5094376 -1.4763649e-11 -11.732186)
(-0.45238623 -2.4653014e-11 -11.711609)
(-0.6144787 -1.9604628e-11 -11.575559)
(-0.53905973 -9.9719554e-12 -11.582608)
(-0.75671902 -7.6507274e-12 -11.347282)
(-0.64554888 -3.1673368e-11 -11.394463)
(-0.97478497 -4.0739925e-13 -11.040329)
(-0.78923014 3.7433927e-12 -11.121312)
(-1.3108167 -7.2063109e-12 -10.700672)
(-1.0215064 -1.9134786e-11 -10.773094)
(-1.6863879 2.2671685e-12 -10.404027)
(-1.4015606 5.8299716e-12 -10.429737)
(-1.9375769 1.7014705e-12 -10.215802)
(-1.7747357 2.8937414e-12 -10.169848)
(-1.9926177 3.2619966e-12 -10.201828)
(-1.924237 -2.4357633e-12 -10.060202)
(-1.8995235 3.3649821e-12 -10.433411)
(-1.8722681 3.7995423e-12 -10.164654)
(-1.7270417 3.3855243e-12 -10.956479)
(-1.7167893 -6.3131682e-13 -10.548458)
(-1.4959112 9.4750452e-12 -11.722479)
(-1.5126693 -5.9807717e-12 -11.232708)
(-1.1512324 1.7650386e-11 -12.513944)
(-1.214763 8.5512527e-12 -12.107555)
(-0.79710546 8.2026543e-12 -13.001842)
(-0.78992056 2.3808405e-11 -12.846917)
(-0.54935466 8.831823e-12 -13.026847)
(-0.59339071 4.7117578e-12 -13.08834)
(-0.31158219 9.3306133e-13 -12.806192)
(-0.39780554 2.4168596e-11 -12.885819)
(-0.085908662 -7.3509989e-12 -12.609638)
(-0.15552544 -1.2182233e-11 -12.646589)
(0.090660037 -1.14269e-12 -12.522608)
(0.023819021 1.0398245e-11 -12.49319)
(0.15447424 -1.024935e-11 -12.557496)
(0.19747465 -1.18425e-11 -12.465351)
(0.12323091 2.7456631e-12 -12.713393)
(0.15539469 -1.5780623e-12 -12.545761)
(0.018778939 1.117427e-11 -13.070596)
(0.1509097 1.3534067e-11 -12.75588)
(-0.025592002 -1.1866677e-11 -13.791741)
(-0.055565182 6.4359631e-12 -13.251441)
(0.048056602 -2.5029963e-11 -14.206126)
(-0.0079637691 3.1239875e-09 -12.100194)
(-0.0057301009 1.4609236e-09 -12.036287)
(-0.015705311 1.5233388e-09 -12.082241)
(-0.011402773 4.4469247e-09 -12.010703)
(-0.023988016 -1.4827978e-09 -12.078643)
(-0.018611581 -2.3704408e-09 -12.006223)
(-0.033647258 -4.6629743e-11 -12.075597)
(-0.029830702 -1.8275614e-10 -12.003257)
(-0.043868674 2.4496514e-10 -12.072039)
(-0.039542555 1.7580938e-10 -11.999553)
(-0.054669603 1.9524184e-10 -12.066749)
(-0.045959839 3.3860461e-10 -11.99586)
(-0.066041091 1.506866e-11 -12.058863)
(-0.059434809 2.1047471e-11 -11.988677)
(-0.079085765 1.7047386e-11 -12.051527)
(-0.07586602 3.601082e-11 -11.979688)
(-0.094307168 -9.037301e-12 -12.042196)
(-0.080538674 1.6034548e-11 -11.973476)
(-0.11040905 -7.1146393e-11 -12.027069)
(-0.10072665 -6.232176e-12 -11.960355)
(-0.12995562 -6.7267358e-11 -12.01073)
(-0.11996206 -6.8477161e-11 -11.942598)
(-0.15378423 9.5602102e-11 -11.992576)
(-0.13655203 -5.9598858e-12 -11.926862)
(-0.1804768 1.684215e-10 -11.967778)
(-0.16374794 2.1130579e-10 -11.905295)
(-0.21111074 3.2434534e-11 -11.936159)
(-0.19211426 1.341247e-10 -11.876295)
(-0.24772003 -7.6861271e-11 -11.89819)
(-0.22549844 -5.0995064e-11 -11.840909)
(-0.29168878 -6.1782692e-11 -11.85032)
(-0.26301929 -8.7670143e-11 -11.798861)
(-0.34451905 -1.8197042e-11 -11.786523)
(-0.30881858 -2.9229742e-11 -11.743259)
(-0.40714716 -1.8931212e-11 -11.701961)
(-0.36435337 1.0254793e-12 -11.669226)
(-0.48275543 -1.9990071e-11 -11.588624)
(-0.43006666 -3.0155125e-11 -11.571886)
(-0.57600642 -2.1859628e-11 -11.428181)
(-0.50820301 -2.4664845e-12 -11.439671)
(-0.69658437 -2.0560194e-11 -11.194415)
(-0.60073081 -3.9193245e-11 -11.247919)
(-0.87454863 -1.4810161e-11 -10.877454)
(-0.71802368 1.9122944e-11 -10.969401)
(-1.1588334 -6.2795466e-12 -10.52322)
(-0.90041851 -2.5205928e-11 -10.609786)
(-1.4953795 6.4768318e-12 -10.218384)
(-1.2223793 1.1796643e-11 -10.252588)
(-1.7204971 -1.207864e-12 -10.040072)
(-1.5618804 2.4890925e-12 -9.9920511)
(-1.7574844 -1.9380652e-12 -10.049563)
(-1.695254 4.8541672e-12 -9.9009056)
(-1.6543718 -1.6929661e-13 -10.305883)
(-1.629549 -4.2956972e-12 -10.031156)
(-1.4835223 -9.9653952e-12 -10.850508)
(-1.4704558 -5.4823061e-12 -10.436714)
(-1.2603133 -6.9876721e-12 -11.639851)
(-1.2729934 -2.5688557e-11 -11.140279)
(-0.93573092 1.4624561e-11 -12.456753)
(-0.98371253 9.5219817e-12 -12.040896)
(-0.63813384 2.041988e-11 -12.948115)
(-0.60087333 1.8711811e-11 -12.801448)
(-0.4558959 1.9946857e-11 -12.96359)
(-0.48833603 6.5474386e-12 -13.021236)
(-0.25136314 1.1236666e-11 -12.742828)
(-0.32645301 2.9242782e-11 -12.819202)
(-0.044729432 5.4559403e-12 -12.545345)
(-0.11083045 -1.3637104e-11 -12.581044)
(0.1257254 -1.9566476e-13 -12.448401)
(0.054524418 8.8309275e-12 -12.424786)
(0.19701151 -3.2189425e-12 -12.463443)
(0.22386066 -1.6679234e-11 -12.381556)
(0.17741134 9.1420774e-12 -12.595817)
(0.19547201 1.1925e-12 -12.440569)
(0.071841676 8.8269635e-12 -12.942179)
(0.19832474 1.107567e-11 -12.62589)
(0.010141098 -6.5929684e-12 -13.669063)
(-0.0061261884 1.626728e-11 -13.123991)
(0.059368777 -2.5988074e-11 -14.085538)
(-0.0079100242 2.0373309e-09 -11.974132)
(-0.0057085113 5.6424346e-10 -11.911364)
(-0.015418678 1.1728957e-09 -11.956376)
(-0.011232691 4.2717597e-09 -11.885879)
(-0.02333158 -1.196604e-09 -11.95264)
(-0.018192582 -2.425268e-09 -11.881329)
(-0.032777681 2.4426814e-11 -11.949332)
(-0.029080844 -1.7529979e-10 -11.878036)
(-0.042734731 2.6394954e-10 -11.945596)
(-0.038558622 1.6571286e-10 -11.874171)
(-0.053195079 1.7331313e-10 -11.940136)
(-0.044609091 2.9337856e-10 -11.870327)
(-0.064203812 4.1631646e-11 -11.932001)
(-0.057566333 3.3329804e-11 -11.862989)
(-0.076704797 3.5416835e-11 -11.924242)
(-0.073987246 2.5985625e-11 -11.853663)
(-0.091635637 1.9254498e-11 -11.914507)
(-0.078275175 2.002555e-11 -11.846918)
(-0.10729409 -2.5201866e-12 -11.898874)
(-0.097486403 -2.1401594e-11 -11.833563)
(-0.12648353 -8.1178906e-12 -11.881739)
(-0.11644985 -7.6314626e-12 -11.815044)
(-0.1488604 1.0671942e-10 -11.862784)
(-0.13241855 3.3361466e-11 -11.798577)
(-0.17459505 1.7800071e-10 -11.837183)
(-0.15831192 1.6982091e-10 -11.776226)
(-0.2039171 5.2903219e-11 -11.804506)
(-0.18537351 1.1390142e-10 -11.74638)
(-0.23854322 -6.1395408e-11 -11.765121)
(-0.21734373 -3.8390211e-11 -11.70981)
(-0.28023948 -5.5726575e-11 -11.715544)
(-0.25290097 -5.4179627e-11 -11.666216)
(-0.32975912 -1.0303967e-11 -11.649874)
(-0.29580857 -2.8623285e-11 -11.608891)
(-0.38756148 -9.909181e-12 -11.563158)
(-0.34734225 -3.9270999e-12 -11.53303)
(-0.45574953 -1.2874439e-11 -11.447131)
(-0.40737276 -1.9973229e-11 -11.433506)
(-0.53755407 -1.9493708e-11 -11.283771)
(-0.47708911 2.0362775e-12 -11.298688)
(-0.63738624 2.7277264e-14 -11.046776)
(-0.5561381 -3.1021044e-11 -11.104683)
(-0.77606012 9.0638848e-12 -10.723434)
(-0.64860041 1.2302208e-11 -10.823807)
(-1.005611 -7.3980735e-12 -10.358059)
(-0.78247398 -1.3893573e-11 -10.457038)
(-1.3001572 7.8736145e-12 -10.045998)
(-1.0422965 6.560133e-12 -10.088395)
(-1.5009088 8.5356142e-12 -9.8755385)
(-1.34512 -3.8308315e-13 -9.8252972)
(-1.5237133 2.5553399e-12 -9.9062129)
(-1.4660803 1.0107322e-11 -9.7503061)
(-1.4121412 -9.6016362e-12 -10.185467)
(-1.3904988 -3.8747975e-12 -9.9049968)
(-1.2417334 -2.1085455e-11 -10.74938)
(-1.227081 -2.3252048e-11 -10.330216)
(-1.0235734 -9.3814254e-12 -11.560307)
(-1.033641 -1.5601981e-11 -11.051235)
(-0.72393492 1.3558129e-11 -12.398917)
(-0.74833426 1.5989154e-11 -11.97545)
(-0.48824544 4.9043684e-12 -12.886887)
(-0.42637848 8.7964553e-13 -12.750684)
(-0.36682707 1.5725005e-11 -12.890713)
(-0.38717865 4.1836719e-12 -12.943014)
(-0.197441 4.5854618e-12 -12.671837)
(-0.25814697 2.5643756e-11 -12.744269)
(-0.011357838 -1.0372718e-11 -12.473959)
(-0.070942962 -8.1240719e-12 -12.508105)
(0.1469583 -7.531344e-12 -12.369124)
(0.076607518 -7.1417947e-12 -12.349174)
(0.22210955 -1.235081e-11 -12.367522)
(0.236632 -3.1657887e-11 -12.293796)
(0.21088359 3.0813972e-12 -12.477783)
(0.21852625 8.2735652e-12 -12.334092)
(0.11318942 1.8493475e-11 -12.812588)
(0.230445 -1.384075e-12 -12.495991)
(0.037979611 -2.9471079e-12 -13.542849)
(0.034458193 1.7404256e-11 -12.99413)
(0.069161693 -2.5733007e-11 -13.960463)
(-0.0078416 1.8717977e-09 -11.847995)
(-0.0056728947 1.1249551e-09 -11.786444)
(-0.015114685 1.2824134e-09 -11.830411)
(-0.01105545 4.8150889e-09 -11.761099)
(-0.022706344 -1.5337605e-09 -11.826489)
(-0.017734761 -2.6466959e-09 -11.756508)
(-0.031871381 -4.8522933e-11 -11.822882)
(-0.028275948 -2.2760198e-10 -11.752886)
(-0.041563205 1.9083085e-10 -11.818974)
(-0.037540714 1.689102e-10 -11.748859)
(-0.05167263 1.6068668e-10 -11.813365)
(-0.043230473 3.0399416e-10 -11.744882)
(-0.062317924 1.7860491e-11 -11.804997)
(-0.055653689 3.8744928e-11 -11.737394)
(-0.07431606 1.0719833e-11 -11.796811)
(-0.072033094 3.3615629e-11 -11.727761)
(-0.088891362 -1.985913e-11 -11.786679)
(-0.075954134 7.1264526e-11 -11.720457)
(-0.10413211 -2.6742477e-11 -11.770567)
(-0.094177091 -2.9817612e-11 -11.706881)
(-0.12214898 3.3223964e-11 -11.752689)
(-0.11282912 7.7200104e-12 -11.687745)
(-0.14381128 9.4563558e-11 -11.732966)
(-0.12818179 5.5179466e-11 -11.670473)
(-0.16856769 1.0644191e-10 -11.706582)
(-0.1527681 1.6648829e-10 -11.647391)
(-0.19658624 2.4424849e-11 -11.67295)
(-0.17850935 1.1118879e-10 -11.616768)
(-0.22922786 -3.0999562e-11 -11.632261)
(-0.20903145 -2.2164884e-11 -11.579151)
(-0.26841285 -2.7343671e-11 -11.581145)
(-0.24260823 -2.2579941e-11 -11.534123)
(-0.31390273 -2.2488484e-11 -11.513775)
(-0.28256104 -2.3690029e-11 -11.475373)
(-0.36764029 -1.3842312e-11 -11.425196)
(-0.3300303 -3.193184e-12 -11.397699)
(-0.42856139 -5.2559539e-12 -11.307095)
(-0.38441537 -4.9663178e-12 -11.296551)
(-0.49930736 -9.215616e-12 -11.141827)
(-0.44585716 -1.6670559e-11 -11.159786)
(-0.57958252 -1.9089686e-11 -10.903671)
(-0.51197671 -2.1928988e-11 -10.964788)
(-0.68088234 -1.0456126e-11 -10.57757)
(-0.58150553 -6.4403559e-12 -10.684271)
(-0.85426744 -8.3874575e-14 -10.204461)
(-0.66973083 -3.813976e-12 -10.314634)
(-1.1034262 -1.64806e-12 -9.8847518)
(-0.86466502 2.8722781e-12 -9.9369428)
(-1.2800843 1.1188535e-12 -9.7197542)
(-1.1264106 -2.404804e-12 -9.6690598)
(-1.291904 3.7668244e-12 -9.7700702)
(-1.2371804 1.9362156e-12 -9.6077792)
(-1.1734919 -1.7405328e-11 -10.07058)
(-1.1553323 1.8212198e-13 -9.7850701)
(-1.0021618 -1.7814215e-11 -10.652246)
(-0.98741863 -2.2941637e-11 -10.228383)
(-0.78432464 9.5864346e-12 -11.482271)
(-0.79553163 -1.3710515e-11 -10.966598)
(-0.5154197 3.3949209e-12 -12.337579)
(-0.50685156 1.5156872e-11 -11.910071)
(-0.34863394 1.4130941e-13 -12.816972)
(-0.26824131 -6.7854772e-12 -12.691688)
(-0.28204118 1.3990663e-11 -12.808676)
(-0.28851628 1.1037025e-12 -12.854819)
(-0.14216058 1.3104587e-11 -12.59307)
(-0.19221931 1.7327652e-11 -12.662349)
(0.017435485 -4.8981145e-12 -12.394895)
(-0.034498795 -8.7410998e-13 -12.427343)
(0.15976315 -3.115093e-11 -12.283889)
(0.09355141 -2.6191604e-11 -12.266468)
(0.2362884 -1.1218478e-11 -12.268363)
(0.24147587 -4.2065589e-11 -12.201789)
(0.23023297 3.8515856e-12 -12.358835)
(0.22981079 4.804964e-12 -12.225444)
(0.14398908 -2.5551426e-12 -12.681942)
(0.2509837 -1.2378857e-11 -12.366737)
(0.061647965 -5.1971937e-12 -13.413512)
(0.06692877 9.8088514e-12 -12.862634)
(0.077403579 -2.0610958e-11 -13.831732)
(-0.007751958 3.1457823e-09 -11.722641)
(-0.0056119919 1.4202384e-09 -11.66153)
(-0.014782998 1.5643387e-09 -11.705174)
(-0.010857913 5.0355544e-09 -11.636361)
(-0.022087184 -1.4800977e-09 -11.701029)
(-0.017233012 -2.8417245e-09 -11.631745)
(-0.030922073 -2.7040535e-11 -11.697116)
(-0.027415133 -2.1357245e-10 -11.627808)
(-0.040340013 2.775146e-10 -11.693046)
(-0.036491132 2.1300053e-10 -11.623613)
(-0.050097631 1.8949089e-10 -11.687301)
(-0.041827761 2.8020946e-10 -11.619518)
(-0.060377969 5.4625037e-11 -11.678715)
(-0.053702135 7.5466716e-11 -11.611885)
(-0.071906951 9.3376378e-11 -11.670079)
(-0.070005843 8.282966e-11 -11.601967)
(-0.086065676 6.3190216e-11 -11.659536)
(-0.073573334 1.0296978e-10 -11.594097)
(-0.10091107 4.0188382e-12 -11.643042)
(-0.090809474 -3.2582749e-13 -11.580298)
(-0.11794903 2.8954233e-11 -11.624471)
(-0.10910628 2.1285645e-11 -11.560658)
(-0.13864836 1.2555629e-10 -11.603977)
(-0.12383845 5.0849225e-11 -11.542586)
(-0.16239411 1.7194911e-10 -11.576853)
(-0.14712444 1.7620511e-10 -11.51879)
(-0.18910862 6.6191585e-11 -11.542363)
(-0.17153651 1.1473773e-10 -11.487452)
(-0.21977818 -1.3739701e-11 -11.500495)
(-0.20057885 -2.2745368e-11 -11.448921)
(-0.25643623 -1.891426e-11 -11.447957)
(-0.23215487 -4.6490953e-12 -11.40258)
(-0.2994281 -4.5949327e-12 -11.379106)
(-0.2691046 -2.4282434e-11 -11.342417)
(-0.34744408 5.7003123e-12 -11.289036)
(-0.31247778 -6.946677e-12 -11.263547)
(-0.40129832 -1.6278767e-11 -11.169367)
(-0.36128714 -1.1590972e-12 -11.161053)
(-0.4614029 -2.934117e-11 -11.003087)
(-0.41462864 -2.7681203e-11 -11.022953)
(-0.52346458 -9.4021466e-12 -10.765622)
(-0.46841511 -2.6795667e-11 -10.828121)
(-0.59001069 1.8246478e-13 -10.440172)
(-0.51706252 -1.0356628e-11 -10.550403)
(-0.70723434 -9.0634991e-13 -10.062714)
(-0.56362233 -1.3919955e-11 -10.182079)
(-0.90824468 2.1524093e-12 -9.735815)
(-0.69270719 -5.0999312e-13 -9.7978907)
(-1.0608624 -1.6165469e-12 -9.5739847)
(-0.90821163 -4.4627896e-12 -9.5245854)
(-1.0626254 -1.6375322e-12 -9.6412397)
(-1.0089859 4.1965839e-12 -9.4742567)
(-0.93971925 -5.210716e-12 -9.961227)
(-0.92408207 2.7038203e-12 -9.6704389)
(-0.76582492 -1.8892962e-11 -10.560614)
(-0.75221951 -1.7303966e-11 -10.130849)
(-0.54213916 -8.3070391e-12 -11.407578)
(-0.55940849 -2.313824e-11 -10.887426)
(-0.30955345 5.0985145e-12 -12.271735)
(-0.26141001 6.3235903e-12 -11.845758)
(-0.21919338 -5.865842e-12 -12.737914)
(-0.12547891 -9.8096491e-12 -12.621312)
(-0.1990788 4.3556386e-12 -12.718916)
(-0.19158107 -2.0226638e-11 -12.758257)
(-0.091419776 3.4403838e-12 -12.50747)
(-0.12831096 1.5960444e-11 -12.573175)
(0.042477846 -2.2044395e-11 -12.309189)
(-0.00051681462 -2.7959206e-11 -12.339519)
(0.16796597 -3.7030982e-11 -12.193274)
(0.1077863 -3.0871452e-11 -12.177405)
(0.23879472 -2.6260041e-11 -12.166223)
(0.24223928 -3.6609255e-11 -12.104815)
(0.2409512 -1.1348886e-11 -12.23954)
(0.23367383 -1.2224642e-11 -12.115256)
(0.16554207 -1.1206694e-13 -12.551335)
(0.26324065 -1.737878e-11 -12.238025)
(0.081827255 -5.4749007e-12 -13.282144)
(0.092535939 6.4554682e-12 -12.730482)
(0.084164832 -2.5713651e-11 -13.699856)
(-0.0076267296 2.4062218e-09 -11.597215)
(-0.0055184645 8.9296287e-10 -11.536677)
(-0.014413307 1.345619e-09 -11.579797)
(-0.01063004 5.3254503e-09 -11.511713)
(-0.021471 -1.7268101e-09 -11.575415)
(-0.016687269 -3.0949315e-09 -11.50708)
(-0.029938095 8.3146436e-12 -11.571199)
(-0.026502347 -1.421768e-10 -11.502855)
(-0.039068238 2.1342832e-10 -11.566975)
(-0.035413217 1.3298614e-10 -11.49848)
(-0.048483396 1.719267e-10 -11.561112)
(-0.040406756 2.166909e-10 -11.49428)
(-0.05840315 1.0349216e-10 -11.552293)
(-0.051717414 1.2767039e-10 -11.486508)
(-0.069474726 9.2001352e-11 -11.543228)
(-0.067907472 9.8835133e-11 -11.476324)
(-0.083172517 4.1375721e-11 -11.532287)
(-0.071135666 7.6280751e-11 -11.467893)
(-0.097628827 1.6578898e-11 -11.51544)
(-0.087395558 2.9728941e-11 -11.453858)
(-0.11377366 4.2730728e-11 -11.496254)
(-0.10529116 1.0875486e-11 -11.433811)
(-0.13339977 9.9754297e-11 -11.475)
(-0.11939333 2.2168661e-11 -11.414982)
(-0.1561001 1.1978618e-10 -11.44717)
(-0.14139142 1.7563561e-10 -11.390475)
(-0.18150235 2.7442384e-11 -11.411916)
(-0.16447396 1.0600723e-10 -11.358478)
(-0.2102198 -1.3856124e-11 -11.369002)
(-0.19200885 -1.310413e-11 -11.319163)
(-0.24432933 -9.8129855e-12 -11.315166)
(-0.22154386 8.9720638e-12 -11.271633)
(-0.2839308 -2.680312e-11 -11.245121)
(-0.25547528 -2.1484359e-11 -11.210231)
(-0.32708282 -1.3858662e-11 -11.153967)
(-0.29477415 6.8986029e-12 -11.130466)
(-0.3740884 -1.2328897e-11 -11.033216)
(-0.33809061 4.7454892e-12 -11.027029)
(-0.42398161 -2.5143315e-11 -10.866768)
(-0.38354038 -2.4286577e-11 -10.888217)
(-0.4691879 -2.7879706e-11 -10.631754)
(-0.42563952 -1.5650605e-11 -10.694578)
(-0.5030281 -2.4430689e-11 -10.310481)
(-0.45550657 -1.8123261e-11 -10.421991)
(-0.5588364 -1.3620138e-11 -9.9316658)
(-0.46496516 -1.4135501e-11 -10.059933)
(-0.72125318 -7.0972209e-12 -9.5982883)
(-0.52935855 -4.2473899e-12 -9.6686086)
(-0.86075564 1.2924223e-12 -9.4393125)
(-0.69335135 -4.6302956e-12 -9.3904508)
(-0.83795889 8.5469539e-12 -9.5202693)
(-0.78204699 1.4638135e-11 -9.3524186)
(-0.71000431 -9.2656472e-12 -9.8562674)
(-0.69671546 1.8333804e-11 -9.560966)
(-0.53328808 -2.1514361e-11 -10.473065)
(-0.52206541 -1.2455067e-11 -10.037152)
(-0.29708343 -8.676993e-12 -11.335926)
(-0.32512214 -2.041623e-11 -10.814006)
(-0.10600846 -8.4941686e-12 -12.20037)
(-0.021144828 7.2874194e-12 -11.784088)
(-0.098308442 -2.4113424e-11 -12.648609)
(0.0050684145 -1.0314288e-11 -12.537031)
(-0.11630194 -8.8096491e-12 -12.621644)
(-0.096228905 -2.9133623e-11 -12.655073)
(-0.042699807 -1.5216242e-11 -12.41483)
(-0.066352763 1.3366648e-11 -12.476752)
(0.066046942 -3.6771179e-11 -12.217061)
(0.031933607 -4.6099545e-11 -12.245404)
(0.17413094 -3.0422759e-11 -12.097152)
(0.12079588 -1.5085379e-11 -12.082727)
(0.23885931 -2.2686984e-11 -12.060694)
(0.24134217 -2.5577997e-11 -12.003598)
(0.24572235 -1.8230938e-11 -12.119505)
(0.23335817 -2.4305349e-11 -12.003279)
(0.18129818 -1.0915215e-11 -12.420659)
(0.26989613 -9.815587e-12 -12.110059)
(0.097957115 -1.3645331e-11 -13.149013)
(0.11256816 2.5491057e-12 -12.598056)
(0.089600287 -2.654005e-11 -13.565502)
(-0.0074617002 2.7040776e-09 -11.472178)
(-0.0053907965 1.0689937e-09 -11.41189)
(-0.01400373 1.650397e-09 -11.454763)
(-0.010367861 5.5877314e-09 -11.387151)
(-0.020865582 -1.6806483e-09 -11.450152)
(-0.016102319 -3.1595423e-09 -11.382492)
(-0.028918847 -2.9215397e-11 -11.445662)
(-0.025543352 -1.5897316e-10 -11.378025)
(-0.037739114 1.3341868e-10 -11.441292)
(-0.034308144 8.4716289e-11 -11.373456)
(-0.046829259 1.7493058e-10 -11.435311)
(-0.038970619 1.5699397e-10 -11.369156)
(-0.056385105 1.2370517e-10 -11.42629)
(-0.049698698 1.0709357e-10 -11.361253)
(-0.067005414 8.3586645e-11 -11.416813)
(-0.065737377 8.6746937e-11 -11.350823)
(-0.080220232 6.5500268e-11 -11.405454)
(-0.068642301 6.2169014e-11 -11.34184)
(-0.094251498 2.4341015e-11 -11.388302)
(-0.083941765 6.5671455e-11 -11.327561)
(-0.10954294 -9.8595938e-12 -11.368568)
(-0.10139166 8.9527456e-12 -11.30719)
(-0.12808451 9.5913364e-11 -11.34658)
(-0.1148495 1.2017989e-11 -11.287654)
(-0.14969613 1.6275227e-10 -11.318068)
(-0.13557359 2.0070359e-10 -11.262445)
(-0.17376623 6.6882201e-11 -11.282137)
(-0.15733351 1.3622311e-10 -11.229843)
(-0.20055203 9.4790408e-12 -11.238301)
(-0.18333751 1.6550372e-11 -11.189866)
(-0.23209678 -2.3814384e-12 -11.18333)
(-0.2107776 1.9948537e-11 -11.141279)
(-0.26823972 1.1939836e-11 -11.112334)
(-0.24169494 5.8481388e-12 -11.078825)
(-0.30663698 2.5523787e-11 -11.020414)
(-0.27699419 6.8538169e-12 -10.998428)
(-0.34701466 -6.9571553e-12 -10.899067)
(-0.31492081 -1.0255489e-12 -10.894425)
(-0.38713544 -1.4865616e-11 -10.733272)
(-0.35271713 -3.9189709e-11 -10.755518)
(-0.4163026 -5.8739195e-12 -10.502348)
(-0.38384001 -1.4662724e-11 -10.564124)
(-0.41856264 -7.8578514e-12 -10.187654)
(-0.39682672 -2.2402227e-11 -10.298956)
(-0.43687575 -4.8342109e-12 -9.8109863)
(-0.37414307 -8.3969946e-12 -9.9434058)
(-0.52521009 -1.7776586e-12 -9.4731611)
(-0.37725004 2.8203127e-13 -9.5544448)
(-0.632521 8.5870916e-12 -9.3145097)
(-0.48451786 -3.9250513e-12 -9.2698892)
(-0.62915659 2.4401716e-11 -9.4059956)
(-0.55739688 8.9774046e-12 -9.2335288)
(-0.49103608 1.5335197e-11 -9.7565565)
(-0.47344354 2.9853398e-11 -9.4588842)
(-0.2990979 -1.1309253e-11 -10.389451)
(-0.29660637 -1.192143e-11 -9.9498823)
(-0.058378752 -4.6109992e-12 -11.268428)
(-0.090529814 -2.8581814e-11 -10.745047)
(0.075475285 5.5655075e-12 -12.124544)
(0.19956198 5.0509379e-12 -11.721831)
(0.012051462 -1.5233031e-11 -12.54926)
(0.12750158 -8.4137519e-12 -12.440599)
(-0.039251285 -7.1787086e-12 -12.51831)
(-0.0028394289 -3.0430163e-11 -12.546189)
(0.005327462 -1.7216283e-11 -12.316127)
(-0.0063626638 -5.6468733e-12 -12.374399)
(0.088639248 -2.4565486e-11 -12.119458)
(0.063493459 -3.7326287e-11 -12.145437)
(0.17966304 -1.019009e-11 -11.996623)
(0.13337916 -2.8748631e-12 -11.983145)
(0.2375225 -2.7202378e-11 -11.952457)
(0.24018925 -1.9847896e-11 -11.898739)
(0.24694897 -1.595522e-11 -11.999099)
(0.23106551 -2.8513795e-11 -11.8896)
(0.19252045 3.5948865e-12 -12.290419)
(0.27294213 -5.2327061e-13 -11.982845)
(0.11037382 -1.022118e-11 -13.01485)
(0.12817265 -6.149863e-12 -12.465535)
(0.093890633 -1.8438177e-11 -13.429227)
(-0.007258006 2.8229598e-09 -11.347168)
(-0.0052325019 9.5986343e-10 -11.2872)
(-0.013555631 1.5730005e-09 -11.329733)
(-0.010072112 5.3626311e-09 -11.262696)
(-0.020288938 -1.8109735e-09 -11.32493)
(-0.015487592 -3.1080396e-09 -11.257988)
(-0.027872774 -5.541052e-11 -11.320217)
(-0.024549148 -1.5744707e-10 -11.253346)
(-0.036353846 1.0585052e-10 -11.315702)
(-0.033179632 8.4220778e-11 -11.248567)
(-0.04514252 9.0558336e-11 -11.309604)
(-0.037521426 1.4995085e-10 -11.244161)
(-0.054326072 7.0624547e-11 -11.30039)
(-0.047650001 7.2930579e-11 -11.236141)
(-0.06450673 6.5844512e-11 -11.290512)
(-0.063501741 8.5112882e-11 -11.225481)
(-0.077214152 6.2275161e-11 -11.278746)
(-0.066096244 6.835091e-11 -11.215961)
(-0.090766118 5.1230921e-11 -11.261331)
(-0.080454639 8.7464403e-11 -11.201437)
(-0.10524922 3.0782648e-11 -11.241115)
(-0.09742053 1.2635935e-11 -11.180806)
(-0.1227036 1.1418091e-10 -11.218431)
(-0.11021538 5.3031374e-11 -11.160623)
(-0.1432042 1.750024e-10 -11.18927)
(-0.12968053 1.6818315e-10 -11.134727)
(-0.16591597 8.7317828e-11 -11.152748)
(-0.15013204 1.2311272e-10 -11.101574)
(-0.19079286 2.6981577e-11 -11.108124)
(-0.17458759 1.4194154e-11 -11.061049)
(-0.21976059 2.8324347e-11 -11.052176)
(-0.19987965 1.4059797e-11 -11.011545)
(-0.25242466 7.5255401e-13 -10.980439)
(-0.22779915 1.0581954e-11 -10.948226)
(-0.28616362 -1.9621253e-11 -10.888077)
(-0.25920331 -4.7507178e-11 -10.867443)
(-0.32013958 -3.2922329e-11 -10.766625)
(-0.29186583 -2.4576896e-11 -10.763229)
(-0.35112253 -3.9190726e-11 -10.602215)
(-0.32227784 -5.1130227e-11 -10.624765)
(-0.36744936 -3.1128871e-11 -10.376362)
(-0.34313902 -3.9931319e-11 -10.436262)
(-0.35318673 -2.3047129e-11 -10.070238)
(-0.34095602 -2.2201758e-11 -10.178644)
(-0.32099118 -3.3437243e-12 -9.7005381)
(-0.29132835 -1.0729375e-11 -9.8347214)
(-0.34577102 -1.8361271e-12 -9.362116)
(-0.23883604 -3.7390815e-12 -9.4522687)
(-0.40587709 -3.6204672e-12 -9.19979)
(-0.28456929 -2.974899e-11 -9.1647185)
(-0.38946718 1.4295476e-11 -9.2977133)
(-0.3362902 -1.1723319e-12 -9.1243603)
(-0.26490118 2.8550982e-12 -9.6622458)
(-0.25442204 1.2003653e-11 -9.3608713)
(-0.07675894 -2.9094303e-11 -10.312457)
(-0.074663868 -4.0759478e-11 -9.8662072)
(0.15666108 -1.9112866e-11 -11.203553)
(0.14420386 -2.5853684e-11 -10.679783)
(0.24256628 -8.8530963e-12 -12.041413)
(0.39169395 -4.6009811e-12 -11.657771)
(0.12278891 -2.3492249e-11 -12.441551)
(0.2445425 -1.4387599e-11 -12.335461)
(0.036700214 -2.9026852e-11 -12.40902)
(0.087631841 -2.7497545e-11 -12.431333)
(0.049536982 -2.5596603e-11 -12.211681)
(0.051485676 -1.5215379e-11 -12.265837)
(0.11067223 -1.5804832e-11 -12.016907)
(0.094439931 -2.244383e-11 -12.040532)
(0.18535841 -1.2451769e-11 -11.892113)
(0.1459733 -5.8744427e-12 -11.879306)
(0.23579663 -2.1119344e-11 -11.841703)
(0.23955178 -1.9838608e-11 -11.790801)
(0.24630783 -1.3208034e-11 -11.878215)
(0.22818815 -2.5770448e-11 -11.774475)
(0.20046279 -1.0242958e-11 -12.160505)
(0.27378824 -2.5843296e-12 -11.856368)
(0.11996101 -1.4314223e-11 -12.879805)
(0.14029769 -9.2666231e-12 -12.333074)
(0.097215414 -1.0341557e-11 -13.291476)
(-0.0070265138 2.3988428e-09 -11.222041)
(-0.0050524531 -5.2753994e-11 -11.162612)
(-0.013075934 1.4516516e-09 -11.204596)
(-0.0097491089 5.3128386e-09 -11.138346)
(-0.019672358 -1.6247398e-09 -11.199657)
(-0.014855372 -2.736901e-09 -11.133567)
(-0.026807139 -2.8099505e-11 -11.194763)
(-0.02352991 -1.1072895e-10 -11.12881)
(-0.034906031 1.261005e-10 -11.190076)
(-0.03202565 1.5650274e-11 -11.123815)
(-0.043418431 1.3448255e-10 -11.183884)
(-0.036056225 1.932542e-10 -11.119286)
(-0.052231593 8.7126873e-11 -11.174506)
(-0.045574551 6.7027398e-11 -11.111168)
(-0.061976558 8.7970316e-11 -11.164237)
(-0.061203273 2.9978137e-11 -11.100291)
(-0.074157163 9.3184733e-11 -11.152081)
(-0.063496567 7.8302355e-11 -11.090255)
(-0.087182002 5.0120725e-11 -11.134431)
(-0.076938304 9.5721377e-11 -11.075489)
(-0.10089194 3.4270938e-11 -11.113795)
(-0.093386833 1.2754357e-11 -11.054649)
(-0.11728908 1.0543052e-10 -11.090458)
(-0.10549701 1.0347277e-10 -11.03388)
(-0.13664439 1.1687244e-10 -11.060685)
(-0.12371859 1.3289144e-10 -11.007323)
(-0.15796609 5.1287903e-11 -11.023653)
(-0.14288078 1.0135227e-10 -10.973674)
(-0.18096301 1.2738688e-12 -10.978346)
(-0.16576837 4.5651558e-12 -10.932703)
(-0.20735235 -3.6463212e-12 -10.921571)
(-0.18887002 9.4130951e-12 -10.882429)
(-0.23653642 -3.7107619e-11 -10.849328)
(-0.21383102 3.8459254e-13 -10.818434)
(-0.26574613 -5.2675357e-11 -10.756831)
(-0.24145616 -2.8057372e-11 -10.737487)
(-0.29359599 -4.2551668e-11 -10.635715)
(-0.2689955 -2.2048661e-11 -10.63339)
(-0.31587689 -5.1964228e-11 -10.473271)
(-0.29231929 -4.936704e-11 -10.495879)
(-0.31990286 -3.1145024e-11 -10.25311)
(-0.30358851 -4.8953251e-11 -10.310907)
(-0.28622049 -9.9709766e-12 -9.9574553)
(-0.28788321 -1.0607736e-11 -10.061758)
(-0.21666075 -1.1175418e-11 -9.5989842)
(-0.21629847 -1.651456e-11 -9.7314888)
(-0.17940631 -3.1471216e-11 -9.264041)
(-0.11569915 -7.9731268e-12 -9.3606019)
(-0.20024316 -2.7491468e-11 -9.0970433)
(-0.096847881 -4.647372e-11 -9.0721085)
(-0.17671974 -3.5486576e-12 -9.1961726)
(-0.12006248 -2.0055955e-12 -9.0248965)
(-0.050816971 -3.1285076e-11 -9.5729182)
(-0.038783841 -2.6309511e-14 -9.2688466)
(0.14977379 -3.7607614e-11 -10.240235)
(0.14424188 -4.4183721e-11 -9.7890863)
(0.35756491 -1.1464e-11 -11.137359)
(0.37262345 -8.1945965e-12 -10.616785)
(0.38576728 -1.0081094e-11 -11.952306)
(0.55745345 3.1315264e-13 -11.58769)
(0.22769863 -1.8322386e-11 -12.328186)
(0.35628808 4.8469878e-12 -12.225036)
(0.1117536 -1.3750062e-11 -12.293976)
(0.17404583 -1.9261127e-11 -12.311335)
(0.094782247 -1.2026088e-11 -12.101713)
(0.10684741 -3.6057725e-12 -12.151432)
(0.13239064 -1.2594687e-11 -11.909807)
(0.12477474 -3.7747111e-11 -11.930658)
(0.19163692 -1.3194774e-11 -11.784129)
(0.15875975 -9.5044085e-12 -11.771738)
(0.23436939 -2.4462239e-11 -11.728796)
(0.23977707 -2.7395042e-11 -11.680252)
(0.24488091 -1.525121e-11 -11.756945)
(0.22551094 -2.8446234e-11 -11.658161)
(0.206067 -1.5786791e-12 -12.030944)
(0.27337403 -7.6774295e-12 -11.730548)
(0.12735731 -5.289363e-12 -12.744141)
(0.14969658 -2.0453773e-12 -12.200743)
(0.099743105 -1.9236601e-11 -13.152581)
(-0.0067805862 1.5198196e-09 -11.09711)
(-0.0048617021 -7.4289787e-10 -11.038125)
(-0.012574673 1.8560912e-09 -11.079697)
(-0.0094088729 5.5902009e-09 -11.0141)
(-0.018985251 -1.3743934e-09 -11.074662)
(-0.014216791 -2.3843604e-09 -11.009234)
(-0.025724142 -7.2358214e-11 -11.069629)
(-0.022493871 -2.0513214e-10 -11.004403)
(-0.03337941 7.6802504e-11 -11.064796)
(-0.030843723 -1.0054425e-10 -10.999208)
(-0.04165848 1.2933799e-10 -11.058502)
(-0.03457662 1.7578372e-10 -10.994519)
(-0.050105304 1.0764744e-11 -11.048964)
(-0.043480169 1.8206893e-11 -10.986328)
(-0.059410955 1.9296275e-11 -11.03833)
(-0.058846958 -2.023323e-11 -10.97525)
(-0.071050703 8.0514744e-11 -11.025799)
(-0.060845114 2.8077725e-11 -10.96472)
(-0.083512806 5.9742677e-11 -11.00794)
(-0.073397984 4.5556738e-11 -10.94972)
(-0.096471226 8.0579178e-11 -10.986939)
(-0.089300151 3.1811889e-11 -10.928711)
(-0.11184521 1.3052482e-10 -10.962986)
(-0.10070164 1.4150355e-10 -10.907412)
(-0.13023303 1.1777644e-10 -10.932655)
(-0.11769893 1.3054632e-10 -10.880191)
(-0.14992803 5.5783839e-11 -10.895197)
(-0.13559442 8.8144756e-11 -10.846179)
(-0.17106422 1.2650747e-11 -10.849351)
(-0.15688199 -2.3770562e-11 -10.804819)
(-0.19489977 1.3538648e-11 -10.791947)
(-0.17776571 3.3780188e-11 -10.75392)
(-0.22063603 9.7152834e-12 -10.719369)
(-0.19984375 -1.179131e-11 -10.689437)
(-0.24545273 2.5151376e-12 -10.626971)
(-0.223811 3.1722913e-11 -10.60853)
(-0.26744054 -2.8623809e-11 -10.506594)
(-0.24637654 -1.4573505e-11 -10.504855)
(-0.28152724 -4.6359362e-11 -10.34666)
(-0.2629375 -5.2127311e-11 -10.368765)
(-0.27417587 -2.8720457e-11 -10.132816)
(-0.26527324 -3.9681981e-11 -10.18792)
(-0.22383663 -1.7106734e-11 -9.8489475)
(-0.23751932 -3.772755e-11 -9.9478806)
(-0.12215318 -1.3374262e-11 -9.5047721)
(-0.14846037 -2.9016492e-11 -9.6328528)
(-0.030814308 -2.2707872e-11 -9.1768224)
(-0.0081128239 -4.7301763e-12 -9.2767134)
(-0.0088262967 -2.1284291e-11 -9.0060318)
(0.075175617 -4.6392021e-11 -8.990668)
(0.031014649 1.5041966e-12 -9.1040395)
(0.088931023 -1.0390875e-13 -8.9372159)
(0.16705079 -1.2651745e-11 -9.4909023)
(0.17363431 -6.23972e-12 -9.1854654)
(0.36949315 -1.4984381e-11 -10.17076)
(0.35857596 -1.9429427e-11 -9.7178781)
(0.54372226 3.5340472e-12 -11.068118)
(0.58801776 -2.9029925e-12 -10.555868)
(0.52110403 1.5216728e-11 -11.858337)
(0.70287232 8.3875955e-12 -11.512096)
(0.32665077 4.0385164e-12 -12.209727)
(0.46153428 1.8128428e-11 -12.109107)
(0.18241345 -9.1982778e-12 -12.173524)
(0.25544521 -1.4607912e-11 -12.186095)
(0.13563288 -2.9154779e-11 -11.986622)
(0.15938891 -1.5644397e-11 -12.031131)
(0.15373712 -3.4795923e-11 -11.798812)
(0.15433024 -5.1249817e-11 -11.816658)
(0.19866259 -2.3619753e-11 -11.673329)
(0.17178713 -7.2150584e-12 -11.660909)
(0.23356805 -3.1374357e-11 -11.614275)
(0.24097965 -3.0084214e-11 -11.567459)
(0.24328388 -2.0966186e-11 -11.635557)
(0.22343042 -3.2559555e-11 -11.54087)
(0.20999344 -8.1690153e-12 -11.901865)
(0.27230679 -5.7349511e-12 -11.60528)
(0.13303808 -1.5919422e-11 -12.608145)
(0.15696035 -1.0503665e-11 -12.068568)
(0.10162517 -2.4772528e-11 -13.012801)
(-0.0065300036 1.7442025e-09 -10.97186)
(-0.0046732894 -4.7196503e-10 -10.913753)
(-0.012064694 2.0747031e-09 -10.954517)
(-0.0090631672 5.5879229e-09 -10.889971)
(-0.018250464 -1.3408248e-09 -10.949428)
(-0.01357746 -1.9718223e-09 -10.885011)
(-0.024626777 -2.3776421e-10 -10.944323)
(-0.021445354 -1.3412721e-10 -10.880134)
(-0.031790477 -1.0896025e-11 -10.939322)
(-0.029631714 -4.9666672e-11 -10.87477)
(-0.03987445 6.9072323e-11 -10.932902)
(-0.033083101 1.7804598e-10 -10.869867)
(-0.047955261 -1.1868954e-11 -10.923234)
(-0.041371395 5.1538772e-11 -10.861633)
(-0.056815051 -1.2462661e-11 -10.912261)
(-0.056434754 1.7452097e-11 -10.850371)
(-0.06790239 -7.2029106e-12 -10.899373)
(-0.058144497 4.0275594e-11 -10.839371)
(-0.079775102 1.785694e-11 -10.881328)
(-0.069838509 -2.6647387e-11 -10.824149)
(-0.091995054 9.1069441e-11 -10.86001)
(-0.085168473 4.9137948e-11 -10.803003)
(-0.10637714 1.4167729e-10 -10.835496)
(-0.095838073 1.8419463e-10 -10.781228)
(-0.1233707 1.0145976e-10 -10.804657)
(-0.11163132 1.2809003e-10 -10.753429)
(-0.1418278 9.9262028e-12 -10.766852)
(-0.12828581 8.9630831e-11 -10.719035)
(-0.1611079 -3.2810871e-12 -10.720574)
(-0.14793859 -4.0504123e-11 -10.677412)
(-0.1824373 8.9256783e-12 -10.662696)
(-0.16658958 6.098601e-11 -10.626025)
(-0.20479176 9.7892151e-12 -10.589992)
(-0.18588412 -8.9411434e-12 -10.561238)
(-0.22535285 1.506304e-11 -10.497958)
(-0.20632027 4.0951405e-11 -10.48056)
(-0.24174051 -3.7747052e-11 -10.378699)
(-0.22407466 -1.175802e-11 -10.377591)
(-0.24814926 -4.5553756e-11 -10.221791)
(-0.23422123 -4.579149e-11 -10.243345)
(-0.23047317 -4.8704052e-11 -10.014799)
(-0.22827101 -2.9761507e-11 -10.067136)
(-0.1666926 -4.9702456e-11 -9.7436967)
(-0.18980033 -6.5674908e-11 -9.8365327)
(-0.037285876 -2.0548309e-11 -9.4157336)
(-0.08694356 -3.1770636e-11 -9.538193)
(0.10362197 -2.8124692e-11 -9.0985211)
(0.084773574 1.4389416e-12 -9.1988197)
(0.18125759 -2.5520275e-11 -8.9270853)
(0.22871496 -4.033147e-11 -8.9204287)
(0.24593115 -7.8082195e-12 -9.0226799)
(0.28724799 -2.4789096e-12 -8.8624845)
(0.38099275 -1.2935939e-11 -9.4159045)
(0.38101304 -1.2344359e-11 -9.1109027)
(0.57914838 -7.44665e-12 -10.104862)
(0.56584731 -1.0920804e-11 -9.6535335)
(0.71566137 1.8856812e-12 -10.997362)
(0.7867922 -8.0654657e-12 -10.496933)
(0.64643608 1.1245268e-11 -11.758985)
(0.83209314 1.3458936e-11 -11.431613)
(0.41866869 -3.4181871e-13 -12.085688)
(0.55905638 8.8105645e-12 -11.987546)
(0.24792379 -2.1048308e-11 -12.047479)
(0.33096247 -1.1260278e-11 -12.055566)
(0.17601941 -3.7559325e-11 -11.866526)
(0.20877462 -2.9624606e-11 -11.90571)
(0.17474144 -2.3885169e-11 -11.684071)
(0.18289246 -3.7506772e-11 -11.698655)
(0.20672816 -1.3570874e-11 -11.559751)
(0.18502441 8.0188613e-13 -11.54728)
(0.23356743 -3.1257951e-11 -11.498028)
(0.24314358 -3.8370643e-11 -11.452644)
(0.24187956 -1.7449278e-11 -11.513776)
(0.22209499 -2.9786587e-11 -11.42275)
(0.21273673 -8.0486842e-12 -11.772958)
(0.27096543 -3.7972473e-12 -11.480472)
(0.13738209 -1.9295687e-11 -12.471723)
(0.16255055 -2.114886e-11 -11.93657)
(0.10299412 -1.8797263e-11 -12.872355)
(-0.0062870365 1.8567895e-09 -10.846947)
(-0.0044972259 -2.4811089e-10 -10.789474)
(-0.011553158 2.2286551e-09 -10.829737)
(-0.0087180272 6.1176461e-09 -10.765941)
(-0.017480105 -8.7111999e-10 -10.824649)
(-0.012938453 -1.6045749e-09 -10.760886)
(-0.023515026 5.0392e-11 -10.81949)
(-0.020390064 -5.4210712e-11 -10.75598)
(-0.030224467 1.3159013e-10 -10.814299)
(-0.028390262 1.379778e-12 -10.750472)
(-0.038063297 1.6406455e-10 -10.807743)
(-0.031574059 2.4288942e-10 -10.74532)
(-0.045775647 8.168208e-11 -10.797974)
(-0.039251617 8.1091097e-11 -10.737065)
(-0.054184184 6.9716862e-11 -10.786683)
(-0.05397091 2.2592995e-11 -10.725638)
(-0.064713468 2.2077159e-11 -10.773454)
(-0.055397841 6.8323683e-11 -10.714191)
(-0.075976949 3.3655188e-12 -10.755244)
(-0.066263192 -1.3560907e-11 -10.69876)
(-0.087463921 1.4021392e-10 -10.733648)
(-0.080997988 8.9282871e-11 -10.677504)
(-0.10089018 1.7139005e-10 -10.708633)
(-0.090915967 1.9612507e-10 -10.655302)
(-0.11668209 1.1675597e-10 -10.677328)
(-0.10552222 1.3753231e-10 -10.626978)
(-0.13380853 4.0754054e-11 -10.639226)
(-0.12096079 1.1208122e-10 -10.592237)
(-0.15111599 2.2635048e-11 -10.592623)
(-0.13895337 -4.7424859e-11 -10.550482)
(-0.1699835 4.3850453e-11 -10.534434)
(-0.15537178 8.6892163e-11 -10.498714)
(-0.18904664 2.1731991e-11 -10.461796)
(-0.1719884 1.5974961e-11 -10.433799)
(-0.20550297 1.4618873e-11 -10.370343)
(-0.1890208 3.4116871e-11 -10.353528)
(-0.2165543 -1.9502662e-11 -10.252523)
(-0.20214118 4.735581e-12 -10.251524)
(-0.21580164 -3.0132101e-11 -10.099069)
(-0.20623472 -3.4727936e-11 -10.119498)
(-0.18874889 -4.6446998e-11 -9.8993435)
(-0.19263325 -1.3077827e-11 -9.9483598)
(-0.11274025 -4.8000023e-11 -9.6415008)
(-0.14467722 -5.6896179e-11 -9.7275837)
(0.03544669 -1.0023611e-11 -9.3310997)
(-0.030826655 -2.4831543e-11 -9.446087)
(0.22046962 -1.0476632e-11 -9.0281785)
(0.1643952 9.4877333e-13 -9.1258102)
(0.35378622 -1.7542153e-11 -8.8599654)
(0.36218896 -3.1603084e-11 -8.859449)
(0.44796396 -6.9517307e-12 -8.9530034)
(0.47086464 -2.6583807e-12 -8.7999458)
(0.5862054 -1.0337873e-11 -9.3499004)
(0.58019215 -2.4427592e-12 -9.0467623)
(0.77511254 -1.1556846e-11 -10.044345)
(0.76349662 -1.0614597e-11 -9.5967928)
(0.87302718 3.3841079e-12 -10.92586)
(0.96668183 -1.8943753e-11 -10.44002)
(0.75949087 1.1050056e-11 -11.654756)
(0.94713535 1.9229174e-11 -11.34629)
(0.50268978 -2.0000399e-12 -11.956503)
(0.64793493 3.6665067e-12 -11.860457)
(0.30825532 -1.9740826e-11 -11.916603)
(0.39994749 4.8529069e-13 -11.919853)
(0.21420873 -2.9531794e-11 -11.742274)
(0.25474494 -2.3363549e-11 -11.775609)
(0.19532828 -1.3006965e-11 -11.566406)
(0.21026605 -1.8889726e-11 -11.577026)
(0.21754337 -2.3811874e-11 -11.444115)
(0.19839908 1.2107334e-11 -11.431562)
(0.23436426 -3.6939344e-11 -11.38053)
(0.24620869 -5.2404177e-11 -11.335633)
(0.24080238 -1.6251588e-11 -11.392002)
(0.2214936 -1.8599426e-11 -11.303909)
(0.21463608 -1.6821781e-11 -11.644517)
(0.26957686 3.7439965e-12 -11.355987)
(0.14067593 -2.0660561e-11 -12.335258)
(0.1668302 -2.3725049e-11 -11.804718)
(0.10396291 -1.0453029e-11 -12.731388)
(-0.0060538385 2.4212756e-09 -10.721911)
(-0.0043371035 -1.9926361e-10 -10.66531)
(-0.011039304 2.9863944e-09 -10.704888)
(-0.0083766913 6.5818205e-09 -10.642038)
(-0.016689889 -8.7710944e-10 -10.699799)
(-0.012301835 -1.5523701e-09 -10.636889)
(-0.022397079 -1.0557997e-10 -10.694589)
(-0.019332777 -1.6172115e-10 -10.631966)
(-0.028688796 1.0452145e-10 -10.689205)
(-0.027119164 -6.2980564e-11 -10.626335)
(-0.036232129 1.6445235e-10 -10.682509)
(-0.030047771 2.1134057e-10 -10.620914)
(-0.043576821 2.3407547e-11 -10.672657)
(-0.037125337 2.9406937e-11 -10.612652)
(-0.051528347 2.0244808e-11 -10.661071)
(-0.051461824 1.4283084e-12 -10.601077)
(-0.061492303 3.420761e-11 -10.647522)
(-0.052610072 2.0312111e-11 -10.589207)
(-0.07213172 7.063298e-11 -10.629167)
(-0.06267716 7.4449715e-11 -10.573583)
(-0.082888835 1.435706e-10 -10.607327)
(-0.076796416 8.6831901e-11 -10.552242)
(-0.095391628 1.6308349e-10 -10.581867)
(-0.085946246 1.6714401e-10 -10.529655)
(-0.10997519 1.331836e-10 -10.550154)
(-0.099383715 1.7783878e-10 -10.500868)
(-0.12560693 2.5805244e-11 -10.511847)
(-0.11362301 1.4044941e-10 -10.465843)
(-0.14114878 1.5338029e-11 -10.465053)
(-0.12994142 -4.8122166e-11 -10.424019)
(-0.15757463 5.9755486e-11 -10.406683)
(-0.14415612 7.5027066e-11 -10.372011)
(-0.17344714 2.8181422e-11 -10.334259)
(-0.15820056 3.2429719e-11 -10.307128)
(-0.18595444 2.4505368e-11 -10.243599)
(-0.17195005 4.0161714e-11 -10.227431)
(-0.19193193 -1.0143732e-11 -10.127537)
(-0.18062607 1.7983951e-11 -10.126631)
(-0.18452407 -1.7854912e-11 -9.977941)
(-0.17904263 -3.2149881e-11 -9.997155)
(-0.14884193 -2.3180252e-11 -9.7858058)
(-0.15841416 9.3471365e-12 -9.8314811)
(-0.063546709 -3.3971547e-11 -9.541384)
(-0.10210759 -4.0427757e-11 -9.6205827)
(0.098876311 -1.404587e-11 -9.2495563)
(0.020550429 -1.4485627e-11 -9.3560072)
(0.31979119 -1.9950975e-11 -8.9638673)
(0.23238978 1.014178e-12 -9.0565181)
(0.50602411 -1.6912413e-11 -8.802882)
(0.47510938 -2.180566e-11 -8.8056832)
(0.63506738 1.8487271e-12 -8.8946758)
(0.63600648 -1.6204559e-12 -8.7483822)
(0.78036582 -2.6694352e-12 -9.2930942)
(0.76705685 5.8301396e-12 -8.9932511)
(0.95551152 -1.7951559e-11 -9.9886512)
(0.94833089 1.3551815e-12 -9.5476179)
(1.0151519 -3.3178108e-12 -10.852736)
(1.1261009 -3.2892633e-11 -10.384577)
(0.85911364 1.1932068e-11 -11.545245)
(1.0485308 9.183596e-12 -11.255615)
(0.57807426 6.1685003e-12 -11.822009)
(0.72745967 5.7476103e-12 -11.728103)
(0.36304433 -3.0140931e-12 -11.780964)
(0.46195601 4.5523619e-12 -11.779207)
(0.2525812 -1.2745e-11 -11.613993)
(0.29712643 -1.3233508e-11 -11.641848)
(0.21553489 6.0715395e-12 -11.445674)
(0.23631822 -9.6782422e-12 -11.451768)
(0.22606731 -1.6178136e-11 -11.326298)
(0.21180836 1.6819774e-11 -11.313502)
(0.23587125 -3.4220968e-11 -11.261659)
(0.25008202 -4.2178684e-11 -11.217167)
(0.24011033 1.2945292e-12 -11.269891)
(0.22156628 -8.8738944e-12 -11.184482)
(0.21595918 -3.0395179e-12 -11.51615)
(0.26828381 6.8368622e-12 -11.231737)
(0.14315356 -1.3574634e-11 -12.198535)
(0.17008834 -2.1295737e-11 -11.673015)
(0.10462732 -8.14039e-12 -12.590061)
(-0.0058301997 2.266006e-09 -10.597198)
(-0.0041923808 7.1170388e-11 -10.541238)
(-0.010530299 2.7825219e-09 -10.580387)
(-0.0080405389 6.2777575e-09 -10.518241)
(-0.015887257 -9.1721275e-10 -10.57529)
(-0.011667374 -1.3420973e-09 -10.513004)
(-0.021268024 -1.2332396e-10 -10.570035)
(-0.018272501 -5.6030053e-11 -10.508072)
(-0.027167462 3.4569054e-11 -10.564454)
(-0.02581582 3.0911313e-12 -10.502333)
(-0.034377137 8.1393839e-11 -10.55761)
(-0.028501949 1.8077902e-10 -10.496634)
(-0.041354187 8.0980008e-12 -10.54769)
(-0.034994405 6.7175157e-11 -10.488373)
(-0.048845099 1.0996159e-12 -10.535832)
(-0.048910735 4.5988642e-11 -10.47667)
(-0.05824166 5.9548212e-11 -10.521982)
(-0.049783831 2.8093889e-11 -10.4644)
(-0.068246579 9.0442118e-11 -10.503499)
(-0.059083236 4.9730578e-11 -10.4486)
(-0.078273947 1.0918419e-10 -10.481447)
(-0.072567916 7.1544404e-11 -10.427198)
(-0.089880479 1.8175092e-10 -10.455593)
(-0.080936215 1.8214303e-10 -10.404262)
(-0.10324933 1.8558632e-10 -10.423545)
(-0.093227106 2.2241978e-10 -10.375078)
(-0.11721388 6.8771899e-11 -10.385055)
(-0.10626808 1.7483053e-10 -10.339865)
(-0.13176091 1.0196377e-11 -10.338166)
(-0.12091656 -3.9079401e-11 -10.297859)
(-0.14524303 4.8145283e-11 -10.279792)
(-0.13298081 4.9886525e-11 -10.245983)
(-0.15803159 4.4334561e-11 -10.207722)
(-0.14454605 4.3196665e-11 -10.181182)
(-0.1667481 3.3846113e-11 -10.118048)
(-0.15513281 4.5986181e-11 -10.102215)
(-0.16791851 -3.5818666e-12 -10.004001)
(-0.15956414 7.6482017e-12 -10.002838)
(-0.15435335 -5.2936066e-12 -9.8586113)
(-0.15269617 -3.4487749e-11 -9.876197)
(-0.11030585 -7.5046021e-12 -9.6742124)
(-0.12563043 -4.5202451e-12 -9.7164315)
(-0.018195845 -2.1138153e-11 -9.4431469)
(-0.062005291 -4.2240789e-11 -9.5150827)
(0.15469559 4.6242893e-13 -9.1705368)
(0.067661308 -2.3040605e-11 -9.267496)
(0.40252712 -6.8141765e-13 -8.9043136)
(0.29038572 9.4193391e-12 -8.9897774)
(0.6371197 -6.6480621e-12 -8.754123)
(0.56810444 -1.7638646e-11 -8.7572395)
(0.80414461 2.3131854e-12 -8.8468851)
(0.77976975 -7.7012009e-13 -8.705917)
(0.95972971 9.882735e-12 -9.2455093)
(0.93729967 5.8064143e-12 -8.9495034)
(1.1182458 -1.3381841e-11 -9.9374318)
(1.1168041 2.2967688e-11 -9.5051111)
(1.1409324 -2.0633633e-11 -10.777561)
(1.2638698 -3.7078185e-11 -10.329377)
(0.9456951 3.0179907e-12 -11.430527)
(1.1360461 -4.1948608e-12 -11.158815)
(0.64436726 4.1378447e-12 -11.682691)
(0.79708728 6.0736452e-12 -11.590456)
(0.41208885 -5.574458e-12 -11.641129)
(0.51679621 6.6400987e-12 -11.633929)
(0.28284799 -1.0184641e-11 -11.482493)
(0.33580214 -1.7557461e-11 -11.503924)
(0.23696768 9.3992292e-13 -11.32236)
(0.26097638 -7.9941498e-12 -11.324611)
(0.23196235 -8.8995819e-12 -11.206732)
(0.22513222 1.202887e-11 -11.192461)
(0.23801248 -1.6985385e-11 -11.142081)
(0.25457807 -1.8088032e-11 -11.097896)
(0.23980439 -3.4024761e-12 -11.147715)
(0.2222538 1.1930044e-12 -11.064485)
(0.21689944 -1.1296165e-11 -11.388045)
(0.26716466 1.2224308e-13 -11.107622)
(0.14499935 -1.5917789e-11 -12.061819)
(0.17255253 -2.1902896e-11 -11.5414)
(0.105065 -1.3900599e-11 -12.44845)
(-0.0056120505 2.5312678e-09 -10.472696)
(-0.0040588444 -4.7941239e-10 -10.417269)
(-0.010023267 2.8458503e-09 -10.456098)
(-0.007705499 5.915547e-09 -10.394565)
(-0.015073554 -5.5512073e-10 -10.45099)
(-0.01103108 -1.5260653e-09 -10.389246)
(-0.020128062 6.7864021e-11 -10.445686)
(-0.017207843 3.6930966e-11 -10.384312)
(-0.025654762 1.4329517e-10 -10.439905)
(-0.024481413 6.6192958e-11 -10.378476)
(-0.032503407 1.6974309e-10 -10.43291)
(-0.026937839 2.0474523e-10 -10.372499)
(-0.039113398 1.0557103e-10 -10.422935)
(-0.032862973 8.9524074e-11 -10.364241)
(-0.046141015 7.3355702e-11 -10.410828)
(-0.046324293 7.3194356e-11 -10.352431)
(-0.054967501 1.7875056e-11 -10.396695)
(-0.046924011 5.2159013e-11 -10.339784)
(-0.064330696 3.0469723e-11 -10.3781)
(-0.055486018 -1.2907336e-11 -10.323826)
(-0.073628462 1.4282201e-10 -10.35586)
(-0.068318702 9.4932237e-11 -10.302384)
(-0.084359591 2.2225007e-10 -10.329662)
(-0.07589558 2.3350042e-10 -10.279132)
(-0.09652046 2.1227459e-10 -10.297348)
(-0.087063785 2.5201143e-10 -10.249621)
(-0.10891313 6.9530098e-11 -10.258715)
(-0.098902248 1.734651e-10 -10.214298)
(-0.12123922 -3.7894075e-13 -10.211823)
(-0.11189804 -3.6303774e-11 -10.172246)
(-0.13299303 4.5007769e-11 -10.153609)
(-0.12187728 6.8995559e-11 -10.120428)
(-0.14283053 4.4820892e-11 -10.082042)
(-0.13104972 3.3347429e-11 -10.05595)
(-0.14792166 2.0143991e-11 -9.9935307)
(-0.13859712 5.4237443e-11 -9.9778609)
(-0.14455522 -2.2887219e-11 -9.8817304)
(-0.13899175 1.2144961e-11 -9.880103)
(-0.12530112 -3.3963557e-11 -9.7407684)
(-0.12723045 -1.3884221e-11 -9.7565439)
(-0.07626692 -3.8955977e-11 -9.5641967)
(-0.094310352 -1.2901797e-11 -9.6025876)
(0.02322648 -4.4288165e-11 -9.346396)
(-0.024293605 -4.852082e-11 -9.4112073)
(0.20374699 -1.4318656e-11 -9.0932821)
(0.11085496 -3.4388859e-11 -9.180221)
(0.47027893 -7.3496958e-12 -8.848006)
(0.33982746 9.3514924e-12 -8.9246176)
(0.74616538 -1.1873078e-11 -8.711608)
(0.64257915 -2.367844e-11 -8.7123211)
(0.95201171 2.6809207e-12 -8.807813)
(0.90033539 1.1068148e-12 -8.670311)
(1.120328 1.8785142e-11 -9.2056464)
(1.08697 1.2389852e-11 -8.9137592)
(1.2611344 -3.7147208e-13 -9.8891353)
(1.2653147 2.2695798e-11 -9.467528)
(1.2491225 -2.0828484e-11 -10.699046)
(1.3790516 -1.7565664e-11 -10.272711)
(1.0189858 -1.1961596e-12 -11.310009)
(1.2091498 2.2100241e-12 -11.055003)
(0.70133708 8.5727316e-12 -11.538598)
(0.85641276 1.2392939e-11 -11.447502)
(0.45545576 -5.2168442e-12 -11.497312)
(0.56447517 1.2643961e-11 -11.484489)
(0.31283062 -1.5415141e-11 -11.348031)
(0.37074392 -3.5069959e-11 -11.362845)
(0.25307901 2.9965607e-12 -11.196808)
(0.28416193 -9.7548392e-12 -11.194698)
(0.2405333 2.9835336e-12 -11.085594)
(0.23825946 4.2852457e-12 -11.069987)
(0.24078384 5.9679829e-16 -11.02173)
(0.25953995 -4.370926e-12 -10.977506)
(0.23986525 4.7223261e-12 -11.025302)
(0.22349389 2.7952394e-12 -10.94392)
(0.21759785 -1.0387889e-11 -11.260027)
(0.26626382 -3.6679423e-12 -10.983582)
(0.14635695 -1.9919803e-11 -11.92501)
(0.17440478 -3.4617395e-11 -11.40986)
(0.10533859 -1.5461255e-11 -12.306643)
(-0.0053912461 1.3061269e-09 -10.348358)
(-0.0039283376 -6.8279419e-10 -10.293396)
(-0.0095138353 2.2201413e-09 -10.331976)
(-0.0073646665 5.6178208e-09 -10.271001)
(-0.014246999 -1.0241865e-09 -10.326837)
(-0.010388815 -2.1761112e-09 -10.26561)
(-0.018974768 3.4014712e-11 -10.321477)
(-0.016136572 2.3444054e-11 -10.260679)
(-0.02414344 1.229622e-10 -10.315496)
(-0.023116181 8.6740486e-11 -10.254754)
(-0.030612135 1.2775672e-10 -10.30835)
(-0.025355341 1.9213387e-10 -10.248507)
(-0.036853881 5.7538864e-11 -10.298332)
(-0.030731799 2.354448e-11 -10.240251)
(-0.043418148 5.2438199e-11 -10.285997)
(-0.043705153 3.016943e-11 -10.228353)
(-0.051674442 2.2586539e-11 -10.271603)
(-0.044033368 4.8406864e-11 -10.215354)
(-0.060391938 4.9751846e-11 -10.252912)
(-0.051888357 -2.0316616e-11 -10.199256)
(-0.068960086 1.835054e-10 -10.230509)
(-0.064052388 9.8708408e-11 -10.177794)
(-0.078828179 2.6300408e-10 -10.204018)
(-0.070831263 2.549329e-10 -10.154257)
(-0.089788576 2.1421092e-10 -10.171529)
(-0.080896549 2.7028498e-10 -10.124489)
(-0.10063355 7.0132726e-11 -10.132855)
(-0.091534055 1.6346668e-10 -10.089132)
(-0.1110688 3.1898998e-11 -10.085985)
(-0.10290106 -3.7070933e-11 -10.04711)
(-0.12085851 5.7707038e-11 -10.028008)
(-0.11086692 7.6489488e-11 -9.995379)
(-0.12787476 4.255894e-11 -9.9571148)
(-0.11773739 1.548227e-11 -9.9313993)
(-0.12951928 4.662856e-11 -9.8699282)
(-0.12236747 5.5145319e-11 -9.8543256)
(-0.12188919 2.1376484e-11 -9.7605944)
(-0.11894132 3.024116e-11 -9.7583642)
(-0.097192843 7.1693443e-12 -9.6241872)
(-0.10265758 2.8113289e-11 -9.6381364)
(-0.04233475 -2.2183735e-11 -9.4555376)
(-0.064483376 4.6727655e-12 -9.490094)
(0.063158018 -3.8728649e-11 -9.2508512)
(0.01108239 -4.8694995e-11 -9.3087135)
(0.2470047 -1.103587e-11 -9.0170418)
(0.15041233 -2.1301399e-11 -9.0935896)
(0.52488417 -6.7477443e-12 -8.7935131)
(0.38199544 1.1652417e-11 -8.8601783)
(0.83324258 -1.086387e-11 -8.6731867)
(0.70047404 -2.2977185e-11 -8.6692902)
(1.0761888 1.0743383e-11 -8.7750501)
(0.99712609 3.6013218e-12 -8.6391406)
(1.2585918 1.6236862e-11 -9.171206)
(1.2130426 2.2483225e-11 -8.8835968)
(1.3820582 5.7413403e-12 -9.8416312)
(1.3907511 6.2210759e-12 -9.4324179)
(1.3384802 5.3591354e-12 -10.615777)
(1.4710605 -4.9294346e-12 -10.212451)
(1.0786811 1.574253e-11 -11.183268)
(1.2673868 1.3916911e-11 -10.943413)
(0.74897331 1.6462818e-11 -11.389979)
(0.90525127 1.5756232e-11 -11.299344)
(0.49330514 -1.6960563e-11 -11.350133)
(0.60515404 5.0889706e-12 -11.331449)
(0.34026605 -2.953755e-11 -11.210964)
(0.40202983 -3.7988692e-11 -11.219178)
(0.27048817 -8.5349979e-12 -11.069329)
(0.30579962 -2.474337e-11 -11.062785)
(0.249457 -3.027987e-12 -10.963168)
(0.25106689 -8.3127257e-12 -10.945935)
(0.24410864 -1.6094722e-12 -10.900559)
(0.2648544 4.6087847e-12 -10.856083)
(0.24026333 -5.5659085e-12 -10.90261)
(0.22519638 1.7815876e-13 -10.822793)
(0.21816354 -2.7761674e-11 -11.132042)
(0.26559518 -1.1147725e-11 -10.859536)
(0.14734591 -3.0240729e-11 -11.788141)
(0.17578775 -3.3927947e-11 -11.278361)
(0.10549683 -1.7274024e-11 -12.164688)
(-0.0051524459 2.0537664e-09 -10.224431)
(-0.0037922854 -7.0634039e-10 -10.169619)
(-0.0089959879 1.9300993e-09 -10.208255)
(-0.0070104157 5.6945192e-09 -10.147544)
(-0.013405124 -1.2553845e-09 -10.203069)
(-0.0097373472 -2.3921702e-09 -10.142093)
(-0.01780716 7.347744e-11 -10.197645)
(-0.015059029 2.0470102e-11 -10.137167)
(-0.022628566 1.5235237e-10 -10.191469)
(-0.021723796 7.8717568e-11 -10.13116)
(-0.028704349 9.2647485e-11 -10.184177)
(-0.023756687 2.3521565e-10 -10.124651)
(-0.034574707 -3.9854516e-12 -10.174125)
(-0.028603332 1.0288462e-11 -10.116397)
(-0.040677866 2.5755431e-11 -10.161585)
(-0.041058719 2.1272669e-11 -10.104429)
(-0.048365005 6.7812e-12 -10.146948)
(-0.041115985 5.3016758e-11 -10.091101)
(-0.056435167 2.6648936e-11 -10.12818)
(-0.048293293 -5.4738936e-12 -10.074883)
(-0.064275088 1.6776198e-10 -10.105635)
(-0.059773145 8.3966486e-11 -10.053421)
(-0.073284856 2.6200005e-10 -10.078901)
(-0.065750951 2.3346771e-10 -10.029628)
(-0.083050329 2.2091309e-10 -10.046304)
(-0.074731392 2.6073766e-10 -9.9996736)
(-0.092385565 5.8654126e-11 -10.007654)
(-0.084172229 1.6449407e-10 -9.9643513)
(-0.10113613 6.2552024e-12 -9.9608652)
(-0.093942639 -6.1996152e-11 -9.9224057)
(-0.10884758 3.4900417e-11 -9.9032259)
(-0.099970568 6.9943831e-11 -9.8708471)
(-0.1131957 2.767894e-11 -9.8331308)
(-0.10462739 2.3226171e-12 -9.8074916)
(-0.11194439 3.8988542e-11 -9.7474023)
(-0.10646417 4.9667069e-11 -9.7314958)
(-0.10056521 3.6997074e-11 -9.6408008)
(-0.099454899 2.8940076e-11 -9.6375101)
(-0.069485485 2.5812732e-11 -9.5090389)
(-0.07898202 3.6361158e-11 -9.5211317)
(-0.010987794 -2.14146e-11 -9.3482542)
(-0.036125815 5.0670718e-12 -9.3785342)
(0.098578906 -3.1475218e-11 -9.1564355)
(0.044179726 -7.2694201e-11 -9.2072296)
(0.28523202 1.1482745e-12 -8.941456)
(0.18654967 -8.7621907e-12 -9.0076098)
(0.56824818 -4.336335e-12 -8.7398619)
(0.41798465 1.2614124e-11 -8.7957458)
(0.89954386 -8.689218e-12 -8.6370368)
(0.74402388 -2.9943545e-11 -8.6267058)
(1.1752964 1.5220188e-11 -8.74619)
(1.0707189 -5.6709188e-12 -8.6100165)
(1.3718337 1.2567768e-11 -9.139691)
(1.3137333 1.669645e-11 -8.8562508)
(1.4793117 -4.3835805e-12 -9.7926451)
(1.4909479 -1.6899773e-13 -9.396928)
(1.4070916 3.5199268e-12 -10.526555)
(1.5398377 -3.0011516e-12 -10.146212)
(1.1246899 1.3920341e-11 -11.050309)
(1.3106317 1.6853665e-11 -10.823763)
(0.7874929 4.4394262e-12 -11.237382)
(0.94371432 8.4962302e-12 -11.146319)
(0.52586575 -1.5714689e-11 -11.200328)
(0.63914971 4.1110919e-12 -11.175473)
(0.36508952 -3.326153e-11 -11.072006)
(0.42978965 -3.4933166e-11 -11.073465)
(0.28721668 -2.4602102e-11 -10.940359)
(0.32585935 -2.7415325e-11 -10.929256)
(0.25839271 -7.3743289e-13 -10.839649)
(0.2634612 -1.1876987e-11 -10.820447)
(0.24786703 6.4171545e-12 -10.778753)
(0.27040464 4.4517192e-12 -10.733721)
(0.24094233 -5.3526224e-12 -10.779745)
(0.22727138 -3.0003658e-12 -10.701096)
(0.21865779 -1.7213775e-11 -11.004158)
(0.26515558 -1.825709e-11 -10.735426)
(0.14805389 -2.1032178e-11 -11.651304)
(0.17681376 -3.277501e-11 -11.146859)
(0.10557682 -1.1052575e-11 -12.022624)
(-0.0048787178 1.3342172e-09 -10.10053)
(-0.0036467121 -1.0734836e-09 -10.045964)
(-0.0084646033 2.1073981e-09 -10.084518)
(-0.0066394618 5.7084482e-09 -10.024204)
(-0.01254731 -1.2555065e-09 -10.079272)
(-0.00907602 -2.2763816e-09 -10.018708)
(-0.016629024 2.3232986e-11 -10.073782)
(-0.013976133 -1.1205916e-11 -10.013789)
(-0.021111342 1.5629365e-10 -10.067423)
(-0.020307243 6.8654709e-11 -10.007704)
(-0.026785457 1.5916119e-10 -10.059992)
(-0.022143544 2.6498192e-10 -10.000949)
(-0.032280316 3.528219e-11 -10.049913)
(-0.026478649 4.1546291e-11 -9.9926929)
(-0.037926565 4.7868595e-11 -10.037189)
(-0.038388499 5.5304624e-11 -9.9806725)
(-0.045044503 4.1848348e-11 -10.022331)
(-0.038175792 6.4279716e-11 -9.9670397)
(-0.052467325 5.0347355e-11 -10.003505)
(-0.044704478 2.1542021e-11 -9.9507207)
(-0.059582965 1.4740141e-10 -9.9808409)
(-0.055485409 1.0133836e-10 -9.9292778)
(-0.067736859 2.318265e-10 -9.9539052)
(-0.060660127 2.0954906e-10 -9.9052599)
(-0.07631436 2.055554e-10 -9.9212621)
(-0.068576753 2.3039239e-10 -9.8751872)
(-0.084182196 4.6545032e-11 -9.8826979)
(-0.076829674 1.5553078e-10 -9.839962)
(-0.091318392 2.24467e-13 -9.8360661)
(-0.085038846 -5.9919894e-11 -9.7981313)
(-0.097004073 3.8071251e-11 -9.778873)
(-0.089206874 7.7889084e-11 -9.7468349)
(-0.098767965 2.3846153e-11 -9.7097026)
(-0.091740148 6.0137607e-12 -9.684223)
(-0.094028645 3.9810695e-11 -9.6255727)
(-0.09090966 7.7544845e-11 -9.609493)
(-0.07867776 2.8239245e-11 -9.5218431)
(-0.08055493 3.30484e-11 -9.5175987)
(-0.04522602 1.5876786e-11 -9.3948172)
(-0.056223367 3.2273255e-11 -9.4047971)
(0.018944279 -4.559425e-11 -9.2418733)
(-0.009209971 -3.3811734e-12 -9.2682704)
(0.13234232 -5.0465323e-11 -9.0625887)
(0.075068515 -7.2539299e-11 -9.1067214)
(0.31900998 2.5486224e-12 -8.8658019)
(0.21943602 -1.2811564e-11 -8.9218092)
(0.60223609 -1.2697148e-11 -8.6858133)
(0.44868718 6.177892e-12 -8.7307432)
(0.94708149 -2.7086647e-11 -8.6010628)
(0.77552204 -2.1542169e-11 -8.5833573)
(1.2492739 -4.3375746e-12 -8.7183389)
(1.1226576 -1.899044e-11 -8.5807748)
(1.4586951 4.0640716e-12 -9.1078589)
(1.388602 4.6085405e-12 -8.8289559)
(1.5520467 1.2301417e-12 -9.7391923)
(1.5649654 1.1600551e-12 -9.3581964)
(1.4547437 1.0218241e-11 -10.429842)
(1.5859959 5.7431922e-12 -10.071931)
(1.157372 1.1476068e-11 -10.911028)
(1.3392435 1.4320322e-11 -10.696226)
(0.81740949 8.1913776e-12 -11.081127)
(0.97224954 1.8768614e-11 -10.989047)
(0.55348417 -1.4903986e-11 -11.04826)
(0.66691443 1.5359378e-11 -11.017316)
(0.38740243 -2.9125055e-11 -10.931336)
(0.45420024 -3.1877216e-11 -10.926249)
(0.30306065 -1.476667e-11 -10.809889)
(0.34433744 -1.7549162e-11 -10.794442)
(0.26720853 -6.7654397e-12 -10.714908)
(0.27536668 -8.1197566e-12 -10.693709)
(0.25196172 -4.9309782e-12 -10.656109)
(0.27608401 8.2631911e-12 -10.610524)
(0.24186968 -1.5835806e-11 -10.656443)
(0.22963633 -9.0968837e-12 -10.578835)
(0.21912972 -3.3754184e-11 -10.876122)
(0.26493149 -2.3860636e-11 -10.611225)
(0.14855693 -2.2888208e-11 -11.514325)
(0.17757163 -3.4206004e-11 -11.015341)
(0.10560687 -5.6347354e-13 -11.880497)
(-0.0045475035 1.6052792e-09 -9.9770344)
(-0.0034878291 -9.9605914e-10 -9.9224328)
(-0.0079200239 2.0505586e-09 -9.9611545)
(-0.0062497195 5.6128352e-09 -9.9009593)
(-0.011673074 -1.1627593e-09 -9.9558489)
(-0.0084057119 -1.9051171e-09 -9.8954371)
(-0.015439418 3.0817896e-11 -9.9502972)
(-0.012890004 -7.8632228e-11 -9.8905236)
(-0.019587512 1.707111e-10 -9.9437688)
(-0.018870739 7.9157382e-11 -9.8843659)
(-0.024853909 1.5363128e-10 -9.9362075)
(-0.020518274 2.871252e-10 -9.87738)
(-0.029967138 6.1240319e-11 -9.9261078)
(-0.024358874 4.4957952e-11 -9.8691198)
(-0.035162952 7.1529078e-11 -9.9132193)
(-0.035698514 6.2913003e-11 -9.8570617)
(-0.041714051 4.4768261e-11 -9.898162)
(-0.035216547 3.9739128e-11 -9.843149)
(-0.048491746 7.1199781e-11 -9.8792948)
(-0.041124527 2.0783738e-11 -9.8267479)
(-0.054886761 1.6184276e-10 -9.8565357)
(-0.051192808 1.2906663e-10 -9.8053433)
(-0.062183348 2.0782347e-10 -9.8294544)
(-0.055559475 1.7634994e-10 -9.7811309)
(-0.069587372 1.8132812e-10 -9.7968361)
(-0.062436972 2.1129781e-10 -9.7510063)
(-0.076036921 5.1635395e-11 -9.7583965)
(-0.069521179 1.5546801e-10 -9.7159337)
(-0.081609029 1.6212114e-11 -9.7119751)
(-0.076204873 -4.8788455e-11 -9.6742565)
(-0.085332758 4.6581736e-11 -9.6553254)
(-0.078589384 7.6388117e-11 -9.6233085)
(-0.084654702 5.9012278e-11 -9.5872054)
(-0.079094368 1.7023382e-11 -9.5615445)
(-0.076926938 7.1196692e-11 -9.5048099)
(-0.075723117 8.0496549e-11 -9.4882)
(-0.057935681 3.7089699e-11 -9.4039481)
(-0.062230511 4.8012715e-11 -9.39854)
(-0.021095926 1.3312541e-11 -9.2817708)
(-0.034403084 3.207972e-11 -9.2892927)
(0.047400692 -2.977607e-11 -9.1366787)
(0.016277398 -1.1341849e-12 -9.1590322)
(0.16304773 -3.5337509e-11 -8.9693889)
(0.10384832 -6.9668213e-11 -9.0068714)
(0.34879084 -9.3206344e-12 -8.7899455)
(0.24927361 -1.4559131e-11 -8.8360228)
(0.62849673 -2.4739594e-12 -8.6308315)
(0.47483103 3.4288207e-12 -8.6646894)
(0.97832897 -1.3462238e-11 -8.5639892)
(0.79717865 -6.8147675e-12 -8.5382617)
(1.2992376 -1.0195995e-11 -8.6894218)
(1.1552785 -1.3950918e-11 -8.5496003)
(1.5191745 1.725693e-12 -9.0733181)
(1.4385495 8.7979508e-12 -8.7992344)
(1.6004289 5.6460568e-12 -9.6794044)
(1.6132357 -4.7323047e-12 -9.3137307)
(1.4828079 9.795933e-12 -10.325243)
(1.6109313 6.0441252e-12 -9.9882987)
(1.1775426 2.1588698e-11 -10.766208)
(1.3541371 2.0201787e-11 -10.561294)
(0.83945595 2.595592e-11 -10.922216)
(0.99163328 2.4637001e-11 -10.828337)
(0.57654711 -1.3670088e-12 -10.894831)
(0.68901367 2.7982237e-11 -10.85771)
(0.40732533 -2.0373231e-11 -10.789653)
(0.47548095 -2.3406869e-11 -10.777994)
(0.31791491 -1.0948277e-11 -10.678446)
(0.36125609 -1.2702602e-11 -10.658644)
(0.27579669 6.8315896e-12 -10.589353)
(0.28672106 -3.4788628e-12 -10.565857)
(0.25627014 4.178183e-12 -10.532947)
(0.28179827 4.5264431e-12 -10.486559)
(0.24299751 -1.705526e-11 -10.532956)
(0.23221556 -5.6189901e-12 -10.455994)
(0.2195961 -2.4266553e-11 -10.748156)
(0.26490062 -1.3648026e-11 -10.48688)
(0.14890974 -1.202448e-11 -11.377424)
(0.17813032 -2.8539469e-11 -10.883764)
(0.10560729 -2.9282424e-12 -11.738306)
(-0.0041838208 1.3592867e-09 -9.8535288)
(-0.003311116 -1.2438096e-09 -9.7990624)
(-0.0073605199 2.3405935e-09 -9.8377507)
(-0.0058405844 5.884513e-09 -9.7778347)
(-0.010784962 -9.2637715e-10 -9.8323945)
(-0.0077296841 -1.3420346e-09 -9.7723075)
(-0.014245571 -3.700349e-11 -9.8267879)
(-0.01180408 -1.4032593e-10 -9.7673973)
(-0.01806307 1.8854457e-10 -9.8201068)
(-0.017419286 4.3177154e-11 -9.761172)
(-0.022916645 1.8523989e-10 -9.8124257)
(-0.018884184 3.1641153e-10 -9.7539724)
(-0.02764341 4.6201028e-11 -9.8023109)
(-0.022245992 4.9864954e-11 -9.7457056)
(-0.032395664 3.161055e-11 -9.7892773)
(-0.032993837 3.4214216e-11 -9.7336225)
(-0.038378342 1.6108648e-11 -9.7740439)
(-0.032243709 2.7281878e-11 -9.7194562)
(-0.044514401 7.6839535e-11 -9.7551566)
(-0.037558013 -3.1979044e-11 -9.702991)
(-0.050193131 1.4285648e-10 -9.7323289)
(-0.046901474 9.9647342e-11 -9.6816436)
(-0.056626829 1.7933931e-10 -9.7051476)
(-0.050454204 1.4942397e-10 -9.6572694)
(-0.062881461 1.8615463e-10 -9.6726103)
(-0.056320186 1.9702279e-10 -9.6271533)
(-0.067970231 5.7479613e-11 -9.634346)
(-0.062262445 1.6757572e-10 -9.5922822)
(-0.07201844 9.9949732e-12 -9.5882024)
(-0.067457614 -1.8884492e-11 -9.5507995)
(-0.073848856 4.7448905e-11 -9.5321907)
(-0.068134654 5.4515801e-11 -9.5002801)
(-0.070861009 3.7885803e-11 -9.4652322)
(-0.066709657 2.6155364e-11 -9.4394555)
(-0.060345514 5.76144e-11 -9.3847041)
(-0.060927262 6.3474023e-11 -9.367602)
(-0.037885574 4.314229e-11 -9.2867636)
(-0.044488625 4.68243e-11 -9.2803226)
(0.002182191 1.7909772e-11 -9.1694829)
(-0.013515278 2.6360756e-11 -9.1746073)
(0.073778142 -4.0481411e-11 -9.0321556)
(0.040354511 1.925635e-12 -9.0506066)
(0.19104843 -4.9306852e-11 -8.876364)
(0.13059851 -7.0610174e-11 -8.9075699)
(0.37500397 -1.9405083e-12 -8.713352)
(0.27625459 -2.0412096e-11 -8.7501128)
(0.64850151 -8.4089946e-13 -8.5740704)
(0.49701237 8.1331339e-12 -8.597305)
(0.99605354 -7.2561866e-12 -8.5243686)
(0.81100128 -5.029139e-12 -8.4906955)
(1.3274967 4.8963056e-12 -8.6572542)
(1.1714059 -1.1334308e-11 -8.5151278)
(1.5546774 2.4234733e-12 -9.0335407)
(1.4655831 8.9252487e-12 -8.7651099)
(1.6258209 -4.3978553e-12 -9.6113829)
(1.6374359 -4.1925225e-12 -9.2617181)
(1.4932568 1.6368215e-11 -10.212291)
(1.616769 8.5081179e-12 -9.8949078)
(1.186463 2.3225351e-11 -10.616331)
(1.3567265 1.9295574e-11 -10.419894)
(0.85456294 2.6645289e-11 -10.761189)
(1.0028933 1.953126e-11 -10.665218)
(0.59550023 6.2097011e-12 -10.740363)
(0.70608108 3.312655e-11 -10.697413)
(0.42502601 -1.5790569e-11 -10.647069)
(0.49387606 -4.1730534e-12 -10.629179)
(0.33172857 -5.2787254e-12 -10.545986)
(0.37666023 -9.2390818e-12 -10.522146)
(0.28410174 -5.8214451e-12 -10.462826)
(0.29748325 -2.3996906e-12 -10.437057)
(0.26069172 -5.2232298e-12 -10.409046)
(0.28747492 -1.0541692e-11 -10.361932)
(0.2442988 -2.1763932e-12 -10.409012)
(0.23495034 4.808467e-13 -10.332612)
(0.2200686 -1.7855964e-11 -10.619995)
(0.26504345 -3.4780887e-12 -10.36239)
(0.14915834 -1.9552294e-11 -11.240388)
(0.17854654 -2.0596927e-11 -10.752143)
(0.10559415 -1.2301762e-11 -11.596097)
(-0.0038671207 1.4993399e-09 -9.7302217)
(-0.0031159135 -1.2602383e-09 -9.6758158)
(-0.0067893204 2.8588576e-09 -9.714526)
(-0.0054146109 6.2160673e-09 -9.6548187)
(-0.0098864205 -6.2530459e-10 -9.7091345)
(-0.0070519035 -1.5196608e-09 -9.6492994)
(-0.013048124 -6.7954778e-11 -9.7034839)
(-0.010720871 -1.8318202e-10 -9.6443883)
(-0.016536144 1.6181251e-10 -9.6966689)
(-0.015955906 7.692945e-12 -9.6381015)
(-0.020972098 1.8850997e-10 -9.688879)
(-0.017242823 3.4316612e-10 -9.6307067)
(-0.025308053 3.8253114e-11 -9.6787526)
(-0.020139813 3.1951933e-11 -9.6224309)
(-0.029624605 3.0030681e-11 -9.6655927)
(-0.030276622 -6.9283552e-12 -9.6103329)
(-0.035038655 -1.9704827e-11 -9.6502064)
(-0.029260811 5.0958256e-11 -9.5959409)
(-0.040539254 -1.137475e-11 -9.6313175)
(-0.034007745 -5.8946755e-11 -9.5794285)
(-0.045507687 1.0545756e-10 -9.6084409)
(-0.042613254 4.0640735e-11 -9.5581567)
(-0.051074237 1.6644444e-10 -9.5811971)
(-0.045348558 1.2833274e-10 -9.5336554)
(-0.056204666 1.7882195e-10 -9.5487962)
(-0.05023559 1.5238248e-10 -9.5036028)
(-0.059991772 9.3436139e-11 -9.5107579)
(-0.055062858 1.3257767e-10 -9.4689753)
(-0.062555617 2.4819972e-11 -9.4649535)
(-0.058806257 9.6433946e-12 -9.4277314)
(-0.062567142 3.3517686e-11 -9.4096609)
(-0.057853463 1.8752906e-11 -9.3777139)
(-0.057397075 5.1377661e-11 -9.3439569)
(-0.054598681 3.6548315e-11 -9.3179094)
(-0.044270265 5.2838116e-11 -9.2653674)
(-0.04652993 3.9480733e-11 -9.2476424)
(-0.019616109 3.0222074e-11 -9.1704115)
(-0.027340511 1.0809314e-11 -9.1626829)
(0.023928743 1.0580227e-11 -9.058026)
(0.0064577189 2.0002143e-11 -9.0607516)
(0.097654782 -2.762666e-11 -8.9283213)
(0.063064098 -2.2953868e-11 -8.9427808)
(0.2166211 -4.2095771e-11 -8.7835569)
(0.15539591 -6.2287492e-11 -8.8087944)
(0.3980072 -1.0545669e-11 -8.6359842)
(0.30057807 -5.6602089e-11 -8.6639135)
(0.66344083 4.0364851e-12 -8.5152436)
(0.5157337 1.0129089e-11 -8.5283734)
(1.0029767 -9.0652527e-12 -8.4814509)
(0.81872074 -2.4735408e-11 -8.4401437)
(1.3371001 -7.4356344e-12 -8.6205505)
(1.1740765 -9.2305789e-12 -8.4764231)
(1.5676752 2.390263e-12 -8.9871138)
(1.4725643 -1.4288718e-11 -8.7251888)
(1.6305486 8.6381816e-12 -9.5345681)
(1.6402628 -1.8099935e-11 -9.2011426)
(1.4885224 1.1373314e-11 -10.091657)
(1.6062001 9.0968063e-12 -9.7921408)
(1.1857068 1.5599965e-11 -10.462598)
(1.3487851 1.4985256e-12 -10.273211)
(0.86375867 2.5939384e-11 -10.599077)
(1.0072057 -3.6363054e-13 -10.500732)
(0.61080345 2.2938584e-11 -10.585589)
(0.7187741 2.0219443e-11 -10.537051)
(0.44067312 2.4045247e-12 -10.504053)
(0.50963708 8.1580259e-12 -10.480146)
(0.34447347 -6.3936136e-12 -10.412835)
(0.39060747 -2.9319255e-12 -10.385105)
(0.29208432 -7.0811936e-12 -10.335608)
(0.30762305 3.8663235e-12 -10.307427)
(0.26513755 -4.8886549e-12 -10.284628)
(0.2930501 -1.3954244e-11 -10.23669)
(0.24574844 -8.0297391e-13 -10.284786)
(0.23778646 -4.7847119e-13 -10.208696)
(0.2205496 -6.1436315e-12 -10.49179)
(0.26533565 1.8221731e-12 -10.237713)
(0.14934021 -1.3381683e-11 -11.103375)
(0.1788625 -1.4107563e-11 -10.620447)
(0.10557852 -8.6308077e-12 -11.453856)
(-0.0035786839 1.5874102e-09 -9.6069797)
(-0.0029059569 -6.0951501e-10 -9.5526958)
(-0.0062071323 2.5408053e-09 -9.5913722)
(-0.0049763341 6.1933842e-09 -9.5319306)
(-0.0089814994 -1.1546283e-09 -9.5859619)
(-0.006375943 -1.9289039e-09 -9.5264258)
(-0.011852709 -1.1565533e-10 -9.5802788)
(-0.009643851 -2.4690373e-10 -9.5215083)
(-0.015011709 1.7771259e-10 -9.573349)
(-0.014485429 -2.5988498e-11 -9.5151676)
(-0.01902376 1.9533355e-10 -9.565461)
(-0.015597276 3.2696019e-10 -9.5075973)
(-0.02296836 -1.2296094e-11 -9.5553254)
(-0.018041957 -1.18756e-11 -9.4993092)
(-0.026856146 1.2787406e-11 -9.542058)
(-0.027551769 -1.7947357e-11 -9.487205)
(-0.031697152 1.3759113e-11 -9.5265426)
(-0.026273078 3.7949014e-11 -9.4726171)
(-0.036568616 -8.596683e-12 -9.507672)
(-0.03047766 -6.0351873e-11 -9.4560723)
(-0.040832822 6.2184799e-11 -9.4847841)
(-0.038329432 3.2877295e-11 -9.4348948)
(-0.04553548 1.1393739e-10 -9.4575286)
(-0.040247491 1.140734e-10 -9.4103015)
(-0.049571031 1.0639459e-10 -9.4253002)
(-0.044197046 1.0409501e-10 -9.3803622)
(-0.05211241 5.0252103e-11 -9.3875239)
(-0.047934666 1.0574808e-10 -9.3460152)
(-0.053230332 3.4755445e-12 -9.3421195)
(-0.050261636 -1.1136243e-11 -9.3050567)
(-0.051497563 2.159825e-11 -9.2876216)
(-0.047758228 1.7641133e-11 -9.2556072)
(-0.044266492 2.4623336e-11 -9.2232602)
(-0.042775189 2.1528004e-11 -9.1968942)
(-0.028635218 -2.2808142e-12 -9.1466519)
(-0.032535228 2.7153085e-11 -9.1283107)
(-0.0015975673 5.0948479e-13 -9.0547634)
(-0.010794954 -6.0749679e-13 -9.0456648)
(0.04485678 -1.3173017e-11 -8.9472888)
(0.025513156 1.3713089e-11 -8.9476293)
(0.12130864 -5.7301482e-11 -8.8249856)
(0.084453602 -2.8334505e-11 -8.8356705)
(0.23995028 -7.6835962e-11 -8.6907496)
(0.17833049 -7.0638992e-11 -8.7101774)
(0.41813086 -3.6410489e-11 -8.5576321)
(0.32242408 -7.0177338e-11 -8.5773093)
(0.674279 -1.8399936e-11 -8.4540247)
(0.53141832 3.25834e-12 -8.4577525)
(1.0016353 -2.5003719e-11 -8.4346535)
(0.82176725 -4.0495768e-11 -8.386294)
(1.3315312 -1.6050987e-11 -8.5783942)
(1.1663 -5.4159782e-12 -8.4329688)
(1.5614657 -3.4754364e-11 -8.933152)
(1.4628952 -2.9568778e-11 -8.6787007)
(1.617691 -1.7802529e-11 -9.4489204)
(1.6251101 -3.9019715e-11 -9.1318139)
(1.4713691 -7.3396209e-13 -9.9642338)
(1.5822578 -2.2253061e-12 -9.681065)
(1.1771699 -1.44539e-11 -10.306077)
(1.3322762 7.1961814e-13 -10.122668)
(0.86808212 -6.1933934e-12 -10.436604)
(1.0057842 -1.3942424e-11 -10.335908)
(0.62288795 5.5022019e-12 -10.430861)
(0.7277291 8.4543191e-13 -10.377185)
(0.45442806 2.8775898e-12 -10.360761)
(0.52300859 -9.1558026e-12 -10.331206)
(0.35613074 7.2943034e-12 -10.279072)
(0.40316251 -5.1721266e-12 -10.247713)
(0.29970814 -2.9219665e-12 -10.207708)
(0.31712062 1.9173888e-11 -10.177119)
(0.26952348 -9.6063423e-12 -10.159652)
(0.29847206 -1.5474905e-11 -10.110903)
(0.24731618 2.1362298e-12 -10.160194)
(0.24067775 -7.5849053e-12 -10.084294)
(0.22103078 -6.0718773e-12 -10.36344)
(0.2657539 1.6449317e-11 -10.112841)
(0.14947943 -9.3802073e-12 -10.9663)
(0.17911026 -1.8909007e-11 -10.488684)
(0.10556855 -4.2993712e-13 -11.311604)
(-0.0032912255 2.2957341e-09 -9.4837297)
(-0.0026873092 1.0754698e-10 -9.4296951)
(-0.0056185476 2.4620644e-09 -9.4682289)
(-0.0045320279 5.8101474e-09 -9.409165)
(-0.008074099 -1.1182178e-09 -9.4628161)
(-0.005705246 -1.8774535e-09 -9.4036792)
(-0.01066222 -1.6663754e-10 -9.4571122)
(-0.0085750896 -3.0350124e-10 -9.3987489)
(-0.01349192 1.1133518e-10 -9.4500868)
(-0.013010396 -4.0468097e-11 -9.3923629)
(-0.017071387 1.2925113e-10 -9.4421106)
(-0.013948695 3.0159925e-10 -9.3846388)
(-0.020628568 -1.7381306e-11 -9.4319662)
(-0.015952135 -3.6347219e-11 -9.3763326)
(-0.02409382 6.043647e-12 -9.4186099)
(-0.024821668 -2.4537319e-11 -9.3642307)
(-0.028354962 -3.4334054e-11 -9.4029894)
(-0.023284215 2.1092843e-11 -9.3494789)
(-0.032604992 -2.0436907e-11 -9.3841533)
(-0.026969894 -3.3327659e-11 -9.332914)
(-0.03616994 8.3532289e-11 -9.3612772)
(-0.034051361 -1.962793e-12 -9.3118498)
(-0.040020034 1.0436992e-10 -9.3340509)
(-0.035157248 1.2841858e-10 -9.2871982)
(-0.042995471 1.0342727e-10 -9.3020404)
(-0.038215297 1.0772045e-10 -9.2574177)
(-0.044342663 4.5753585e-11 -9.2645699)
(-0.040886246 9.7569144e-11 -9.2233844)
(-0.044052671 2.7091222e-12 -9.2196222)
(-0.041832267 -1.4259661e-12 -9.1827599)
(-0.040647205 1.7530347e-11 -9.1659854)
(-0.037858821 -8.8568907e-12 -9.133938)
(-0.031462726 2.4002542e-11 -9.1030148)
(-0.031244771 -1.5599389e-11 -9.0763804)
(-0.014252447 2.908371e-11 -9.0284515)
(-0.01895442 6.3458974e-11 -9.0094228)
(0.015718223 1.2470379e-11 -8.9397083)
(0.0051419352 6.9268851e-12 -8.9293521)
(0.064564439 -1.0976887e-12 -8.8371418)
(0.043663826 -9.2226986e-12 -8.8351306)
(0.14284628 -4.1336011e-11 -8.7219711)
(0.104569 -2.0645291e-11 -8.7290914)
(0.2611673 -6.3983868e-11 -8.5977258)
(0.19950629 -5.7403951e-11 -8.6116964)
(0.43565594 -3.1040987e-11 -8.478113)
(0.34195924 -6.8865265e-11 -8.4901945)
(0.68178786 -1.8533468e-11 -8.3901572)
(0.54442693 -1.4981536e-11 -8.3853303)
(0.99422983 -2.1142017e-11 -8.3836297)
(0.82126965 -1.4893483e-11 -8.3289582)
(1.3143327 -1.8778867e-11 -8.5303146)
(1.1508372 -4.847116e-12 -8.3845561)
(1.539777 -3.3775763e-11 -8.871418)
(1.440169 -2.6290333e-11 -8.6254217)
(1.5907218 -2.3661581e-11 -9.3550806)
(1.5956945 -8.8884157e-12 -9.0542092)
(1.4447936 -7.8865887e-13 -9.8313114)
(1.5480408 -1.0284974e-11 -9.5631787)
(1.1629028 1.3125801e-12 -10.147909)
(1.3091713 2.2460547e-12 -9.9697139)
(0.8685228 -6.9831312e-12 -10.274447)
(0.99978278 9.6056079e-12 -10.17159)
(0.63217766 -1.3760466e-11 -10.276545)
(0.73352999 -5.1445604e-12 -10.218234)
(0.46645568 -1.7225645e-11 -10.217394)
(0.53422315 -6.613981e-12 -10.18265)
(0.36671801 6.5880808e-12 -10.14481)
(0.41439156 -1.6792421e-11 -10.110097)
(0.30695887 6.7859721e-12 -10.079195)
(0.3259621 2.350764e-11 -10.046254)
(0.27379576 -1.3490009e-11 -10.034139)
(0.30369663 -1.7491418e-11 -9.9846116)
(0.24898195 6.6198936e-12 -10.035228)
(0.24358188 -1.4344407e-11 -9.9594375)
(0.22150972 3.7673041e-12 -10.234924)
(0.26627388 2.1223531e-11 -9.9877531)
(0.14959755 -1.0037724e-11 -10.829163)
(0.1793121 -1.066709e-11 -10.356847)
(0.1055699 -6.6210403e-12 -11.169335)
(-0.0030040308 2.1963074e-09 -9.3606562)
(-0.0024659355 1.8616298e-10 -9.3068067)
(-0.0050271375 2.1694939e-09 -9.3452868)
(-0.004086808 5.7130731e-09 -9.2865158)
(-0.0071667341 -1.1535429e-09 -9.3398866)
(-0.0050413097 -2.1827631e-09 -9.2810523)
(-0.0094794557 -1.8852529e-10 -9.3341711)
(-0.0075162944 -2.6457005e-10 -9.2761016)
(-0.011979715 1.3824039e-10 -9.3270688)
(-0.011534641 -3.290202e-11 -9.2696804)
(-0.015113759 1.4547649e-10 -9.3190125)
(-0.012299074 4.4445352e-10 -9.2618264)
(-0.018294046 -4.3787066e-11 -9.3088585)
(-0.013871267 -3.7426821e-11 -9.2534925)
(-0.021341825 -1.0444179e-11 -9.2954335)
(-0.022091197 -3.9859581e-11 -9.2414018)
(-0.025010797 2.3112764e-11 -9.2797314)
(-0.020298498 1.8918061e-11 -9.2265214)
(-0.028649477 -1.5377901e-11 -9.2609477)
(-0.023484149 2.7731005e-11 -9.2099447)
(-0.03152475 4.0941462e-11 -9.2381113)
(-0.029781668 -5.0835887e-11 -9.1890127)
(-0.034536153 1.3205801e-10 -9.21095)
(-0.030087845 1.181356e-10 -9.1643356)
(-0.036487348 1.0199269e-10 -9.1791921)
(-0.032298895 1.2104806e-10 -9.1347549)
(-0.036693047 5.1570272e-11 -9.1420677)
(-0.033923578 8.5268746e-11 -9.1010649)
(-0.035033074 -1.2909717e-11 -9.0976305)
(-0.033526454 1.8581564e-11 -9.0608254)
(-0.030013284 -4.1917924e-11 -9.0449193)
(-0.0281644 -4.0753171e-11 -9.0126863)
(-0.018912234 2.308104e-11 -8.9833667)
(-0.020007862 -2.36773e-11 -8.9563518)
(0.0002562 4.1826481e-11 -8.9109146)
(-0.005794103 7.3469867e-11 -8.8910406)
(0.032338582 -1.4625147e-11 -8.8253667)
(0.020463247 1.0892395e-11 -8.8135857)
(0.083244501 -2.8675781e-11 -8.7276342)
(0.060929957 -2.2515933e-11 -8.7231803)
(0.16283973 -3.642114e-11 -8.6193422)
(0.12345878 -1.9336154e-11 -8.6229317)
(0.28041479 -6.2198412e-11 -8.5045642)
(0.21902314 -4.0769756e-11 -8.5132535)
(0.45083216 -5.3197128e-11 -8.3975001)
(0.35935957 -7.1544929e-11 -8.4024811)
(0.6865713 -1.1341966e-11 -8.323691)
(0.5550784 -2.3329845e-11 -8.3110491)
(0.9825541 1.3350205e-12 -8.328419)
(0.81810514 1.2747747e-12 -8.2680766)
(1.2887696 -1.2220878e-11 -8.4764373)
(1.1300748 9.4888725e-14 -8.3311907)
(1.506391 -1.5095726e-12 -8.80245)
(1.4078891 -1.5935927e-11 -8.5655598)
(1.553151 4.4972763e-12 -9.2543594)
(1.5557351 8.9192145e-12 -8.9692706)
(1.4114918 -7.3224911e-12 -9.6945253)
(1.5065032 -2.752253e-12 -9.4401485)
(1.1444812 1.0498432e-11 -9.9893162)
(1.2813113 -1.1507355e-12 -9.8156834)
(0.86591369 1.1524014e-11 -10.113306)
(0.99023861 2.1281939e-11 -10.008462)
(0.63903809 2.0100109e-12 -10.12309)
(0.73668657 1.2018467e-11 -10.060478)
(0.47688351 -6.1290318e-12 -10.074268)
(0.54349219 7.4432069e-12 -10.034674)
(0.37624784 -7.0649539e-14 -10.010283)
(0.42436187 1.39247e-14 -9.9723481)
(0.31380536 -5.7468437e-13 -9.9502618)
(0.33413864 1.8302953e-11 -9.9149434)
(0.27789764 -1.8360524e-11 -9.9082392)
(0.30868672 -2.9552529e-11 -9.8578515)
(0.25071099 9.8797317e-14 -9.9100043)
(0.24646037 -7.5244901e-12 -9.8341635)
(0.22197561 6.9291262e-12 -10.106325)
(0.26687179 1.6033626e-11 -9.8624283)
(0.14970399 -7.2676255e-12 -10.692039)
(0.17948262 -2.9785977e-12 -10.224933)
(0.10558624 7.2041092e-13 -11.027043)
(-0.0027200584 2.3211978e-09 -9.2375107)
(-0.0022472052 8.6004275e-10 -9.1840423)
(-0.0044318844 2.0786216e-09 -9.2223004)
(-0.0036454014 5.9257719e-09 -9.1639973)
(-0.0062592032 -1.4044484e-09 -9.2169224)
(-0.004384954 -2.3062365e-09 -9.1585577)
(-0.0083075057 -1.188069e-10 -9.2112002)
(-0.0064681208 -1.3773411e-10 -9.1535772)
(-0.010481438 2.5718101e-10 -9.2040392)
(-0.010061092 -9.5962021e-12 -9.147132)
(-0.01315067 2.7505735e-10 -9.195909)
(-0.010649364 5.1640234e-10 -9.1391767)
(-0.01597455 -3.3441299e-11 -9.1857421)
(-0.01179948 1.5513401e-11 -9.1307979)
(-0.018608171 -1.1728252e-11 -9.1722714)
(-0.019364773 -6.3617971e-12 -9.1187304)
(-0.021662544 2.3372418e-11 -9.1565109)
(-0.017319916 2.7675035e-11 -9.103762)
(-0.024701296 -6.4134012e-12 -9.1377954)
(-0.020019981 -1.0546644e-11 -9.0871754)
(-0.026906012 2.3791551e-11 -9.1150282)
(-0.025523971 -2.9350485e-11 -9.0663929)
(-0.029091672 1.0708578e-10 -9.0879667)
(-0.025050597 8.8229355e-11 -9.0417239)
(-0.030055282 1.0478366e-10 -9.0564926)
(-0.026456109 1.0934942e-10 -9.0123796)
(-0.029178984 5.3075244e-11 -9.0197537)
(-0.027053136 8.8245294e-11 -8.9790575)
(-0.026184054 -8.601755e-12 -8.9758821)
(-0.025354058 -3.1243465e-13 -8.9392579)
(-0.01956808 -2.2691179e-11 -8.924157)
(-0.018685021 -4.1973923e-11 -8.8918597)
(-0.0066140006 2.5757931e-11 -8.8640702)
(-0.0090718762 -1.6730619e-11 -8.8368072)
(0.014547309 4.3115763e-11 -8.7937448)
(0.0069459468 7.4096532e-11 -8.7731807)
(0.048116447 3.2944295e-12 -8.711412)
(0.035171612 1.9128709e-11 -8.6982586)
(0.10089998 -1.320325e-11 -8.6184584)
(0.077322473 -1.429123e-11 -8.6117485)
(0.18137058 -2.3514885e-11 -8.5167843)
(0.14117009 -1.8393476e-11 -8.5171117)
(0.29784671 -4.9883303e-11 -8.4109755)
(0.2369711 -5.6408101e-11 -8.4147811)
(0.46390362 -4.2027557e-11 -8.3155262)
(0.37479145 -7.164438e-11 -8.3141117)
(0.68912707 -1.0884081e-11 -8.2544243)
(0.56364641 -2.54164e-11 -8.2348953)
(0.96804328 4.2548372e-14 -8.2688943)
(0.8129363 5.7288931e-12 -8.2037557)
(1.257693 -3.5175855e-12 -8.416808)
(1.105961 -9.1872502e-12 -8.2730456)
(1.4649 -5.6605231e-12 -8.7267757)
(1.3692268 -8.4844883e-12 -8.4996178)
(1.5083047 1.7392575e-12 -9.1478972)
(1.5086706 7.2160484e-12 -8.878193)
(1.3737077 3.4100009e-12 -9.5551078)
(1.4602846 6.6693719e-12 -9.3135959)
(1.1231134 9.5081268e-12 -9.8310399)
(1.2503083 -1.6658421e-12 -9.6617158)
(0.86090186 2.1825932e-11 -9.9534092)
(0.97804652 2.5815867e-11 -9.8470778)
(0.64380646 1.7475078e-11 -9.9704772)
(0.73763601 1.556465e-11 -9.9041133)
(0.4858445 1.3623157e-11 -9.9313076)
(0.55100692 -1.3469233e-12 -9.8874254)
(0.38476776 1.8297347e-11 -9.8754143)
(0.4331433 4.9464525e-12 -9.8345664)
(0.32023745 -1.04467e-11 -9.8208119)
(0.34164878 2.5350036e-11 -9.7833069)
(0.28180194 -1.8818502e-11 -9.7818234)
(0.3134143 -2.4029474e-11 -9.7306748)
(0.25248069 8.3039712e-12 -9.7843718)
(0.2492809 1.0446914e-13 -9.7085289)
(0.22242886 6.2093281e-12 -9.9774862)
(0.26752701 1.7053761e-11 -9.7368723)
(0.14980773 4.9932926e-12 -10.554798)
(0.17963171 -7.9559355e-12 -10.092958)
(0.10562057 6.1610861e-12 -10.884743)
(-0.0024431349 3.1982325e-09 -9.1146122)
(-0.0020351362 1.1961064e-09 -9.0613791)
(-0.0038220156 2.2892893e-09 -9.0995869)
(-0.0032100558 5.9434659e-09 -9.0415936)
(-0.0053389585 -1.1646151e-09 -9.0942332)
(-0.0037341469 -2.1851102e-09 -9.0361756)
(-0.0071421982 -3.3971453e-11 -9.0885052)
(-0.0054297977 -6.7232331e-11 -9.031152)
(-0.0089985943 2.3185355e-10 -9.0813063)
(-0.0085932958 -1.405303e-11 -9.0246954)
(-0.011171561 2.709018e-10 -9.0731055)
(-0.0089998781 4.6365555e-10 -9.0166751)
(-0.013678093 4.312149e-11 -9.0629195)
(-0.0097364951 6.1531784e-11 -9.0082214)
(-0.015898236 3.2331083e-11 -9.0494318)
(-0.016648115 3.2709115e-11 -8.9961954)
(-0.018304519 -5.5348678e-12 -9.0336313)
(-0.014350064 3.6419764e-11 -8.981186)
(-0.020758949 -3.3170745e-11 -9.0149875)
(-0.016575365 -6.6246757e-11 -8.9645829)
(-0.022324702 3.3301461e-11 -8.9923177)
(-0.021283376 3.02958e-11 -8.9439639)
(-0.023687025 9.0198039e-11 -8.9653937)
(-0.020053983 1.0015565e-10 -8.9193419)
(-0.023706068 9.3081515e-11 -8.9342286)
(-0.020690223 7.9181705e-11 -8.8902625)
(-0.021832382 3.5912733e-11 -8.8979127)
(-0.020279644 9.5060162e-11 -8.857325)
(-0.017541581 -3.3222355e-11 -8.8546652)
(-0.017323793 -6.7793003e-12 -8.8180276)
(-0.0093427467 -3.6277399e-11 -8.8039525)
(-0.0094223912 -2.9132432e-11 -8.7714332)
(0.0047518333 3.0716763e-11 -8.7453846)
(0.001559231 -1.2302749e-11 -8.7175904)
(0.028078024 5.0619373e-11 -8.6771925)
(0.019268914 6.8391506e-11 -8.6558461)
(0.063194762 1.8363816e-12 -8.5980434)
(0.049277844 1.4147455e-11 -8.5833556)
(0.11741889 -1.9447581e-11 -8.5098054)
(0.092860187 -9.8098772e-12 -8.5007284)
(0.1985255 -5.0986261e-11 -8.4144745)
(0.15775564 -1.5567995e-11 -8.4115591)
(0.31359124 -7.805521e-11 -8.3171333)
(0.25344328 -9.0700619e-11 -8.316193)
(0.47506251 -5.5369148e-11 -8.2323974)
(0.38841848 -5.2992638e-11 -8.2250168)
(0.68982602 -9.0197359e-12 -8.1826632)
(0.57037652 -3.0205759e-11 -8.1568651)
(0.95174671 -3.4015996e-12 -8.2054785)
(0.80625474 2.3375332e-11 -8.1361288)
(1.2233851 -1.4159241e-11 -8.3520687)
(1.0799836 -4.314023e-12 -8.2103418)
(1.4183991 4.2956658e-12 -8.6455378)
(1.3268553 -1.7231954e-12 -8.4282184)
(1.4590447 1.2149987e-11 -9.0373254)
(1.4574545 9.0556631e-12 -8.7821881)
(1.3332697 1.6413588e-12 -9.4145802)
(1.4115791 2.1983394e-11 -9.1848977)
(1.099796 1.4489437e-11 -9.6740497)
(1.2174812 8.7113491e-12 -9.508657)
(0.8539773 1.9609596e-11 -9.7953043)
(0.96393865 2.9785297e-11 -9.6877572)
(0.64677093 -3.1703695e-12 -9.819092)
(0.73674884 2.1308969e-11 -9.749289)
(0.4934423 -1.0056716e-11 -9.7888435)
(0.55694076 -8.6455103e-12 -9.740995)
(0.39232189 1.1898745e-11 -9.7405072)
(0.44080568 -1.6143849e-11 -9.6968041)
(0.32623321 1.2003669e-11 -9.691124)
(0.34849665 3.2268105e-11 -9.6514175)
(0.28548284 -5.2175319e-12 -9.6551385)
(0.31785727 -1.2317203e-11 -9.603098)
(0.25425879 8.7779186e-12 -9.6585516)
(0.25201442 9.8862093e-12 -9.5825549)
(0.22286728 2.9980394e-12 -9.8485931)
(0.26822005 2.4442204e-11 -9.6110613)
(0.14991148 -6.8491313e-12 -10.417605)
(0.17976436 -1.2244778e-11 -9.9609052)
(0.10567442 -1.4978732e-12 -10.742412)
(-0.0021735146 2.7545242e-09 -8.9917426)
(-0.0018326215 1.0613663e-09 -8.9388409)
(-0.0032084738 2.2080319e-09 -8.9769228)
(-0.0027810375 5.7654255e-09 -8.9193328)
(-0.0044638436 -1.2099103e-09 -8.9715884)
(-0.0030860471 -2.1161358e-09 -8.9139222)
(-0.0059975247 -4.9576005e-11 -8.9658535)
(-0.0044007582 -5.6056565e-11 -8.9088553)
(-0.0075286095 2.0161184e-10 -8.9586373)
(-0.0071357481 -6.7491123e-12 -8.9023977)
(-0.0091636156 2.6556034e-10 -8.9503643)
(-0.007350578 5.1359224e-10 -8.8943559)
(-0.011429363 5.1809888e-11 -8.9401501)
(-0.0076826809 4.2783512e-11 -8.8857753)
(-0.013220365 3.6719845e-11 -8.9266848)
(-0.013949903 4.2997729e-11 -8.8738253)
(-0.01491526 -2.2382107e-11 -8.9108674)
(-0.011389921 3.7573879e-11 -8.8588316)
(-0.016823803 -4.3962036e-12 -8.8922964)
(-0.013148206 -9.7770294e-11 -8.8421871)
(-0.01780631 9.6085184e-11 -8.8697511)
(-0.017069968 7.8707655e-11 -8.8217415)
(-0.018304225 8.9431346e-11 -8.842996)
(-0.015107917 1.5767429e-10 -8.7972228)
(-0.017444198 8.0957042e-11 -8.8121438)
(-0.015001744 7.5335268e-11 -8.7684174)
(-0.014932057 5.3581604e-11 -8.7763051)
(-0.013613798 1.1190494e-10 -8.7358244)
(-0.0090330804 -2.4423219e-12 -8.7337667)
(-0.0094516922 1.8011658e-11 -8.6972143)
(0.00086669315 -5.3350099e-12 -8.6840574)
(-0.00037328526 4.6255985e-12 -8.6514535)
(0.016180563 2.4580296e-11 -8.6270346)
(0.011881171 1.3393725e-11 -8.5987418)
(0.041037656 3.242336e-11 -8.5610157)
(0.03117189 7.0766216e-11 -8.5389438)
(0.077582277 2.7114831e-12 -8.4850286)
(0.062785842 1.9848531e-11 -8.4688735)
(0.13326747 -5.8830053e-12 -8.4014075)
(0.10756333 6.7604507e-12 -8.3901413)
(0.2143856 -5.468541e-11 -8.3121451)
(0.17326623 3.4148894e-12 -8.3061741)
(0.32778745 -6.5924574e-11 -8.2227986)
(0.26852562 -9.0194979e-11 -8.2174523)
(0.48450913 -2.7995971e-11 -8.1479206)
(0.40039379 -2.2279547e-11 -8.1351731)
(0.68899842 1.8164107e-12 -8.1083053)
(0.57549076 -1.7989819e-11 -8.0770057)
(0.934444 2.264618e-11 -8.1381677)
(0.79843193 3.9962851e-11 -8.0653486)
(1.1876021 8.1041909e-12 -8.2824881)
(1.0532259 2.2003195e-11 -8.1433494)
(1.3694553 2.9703078e-12 -8.559488)
(1.2829038 1.0567314e-11 -8.3520533)
(1.4077412 1.8811729e-11 -8.9236747)
(1.4044875 1.7756349e-11 -8.6824038)
(1.2916555 2.9128196e-11 -9.2737591)
(1.3621273 3.5387862e-11 -9.055193)
(1.0753466 2.3889574e-11 -9.5186668)
(1.1838739 2.6225501e-11 -9.3571652)
(0.84555803 3.1529605e-11 -9.6390208)
(0.94850655 3.0645969e-11 -9.5307058)
(0.64819219 1.5988845e-11 -9.6688892)
(0.73433884 3.7156522e-11 -9.5961192)
(0.49977959 -1.4694508e-11 -9.6467841)
(0.5614568 7.2302193e-12 -9.5954774)
(0.39897131 3.988561e-12 -9.6054697)
(0.44742289 -1.3992932e-11 -9.5591549)
(0.33178247 8.1597895e-12 -9.5610884)
(0.35469727 2.8010299e-11 -9.5193847)
(0.28893071 2.6832756e-12 -9.5280502)
(0.32200538 -1.4188269e-11 -9.4751862)
(0.25602033 2.5483998e-11 -9.5323914)
(0.25464115 2.5472303e-11 -9.456308)
(0.22329481 9.3599839e-12 -9.7194838)
(0.26893773 2.9237869e-11 -9.4850247)
(0.15001597 -6.9394518e-12 -10.280314)
(0.17988499 -7.3681287e-13 -9.8288064)
(0.10574949 1.2470826e-12 -10.60008)
(-0.0019116601 2.8962567e-09 -8.8690994)
(-0.0016394523 5.7545846e-10 -8.8164045)
(-0.0027079181 2.1577616e-09 -8.8544976)
(-0.0023576722 5.2138753e-09 -8.7971683)
(-0.0036233029 -1.0811294e-09 -8.8491827)
(-0.0024389209 -2.1756432e-09 -8.7917861)
(-0.0048020343 -1.5326926e-11 -8.8434389)
(-0.0033794059 -1.076011e-10 -8.7866827)
(-0.0060120276 2.8765457e-10 -8.8362149)
(-0.0056896253 1.4760479e-11 -8.7802199)
(-0.0072822372 3.0401673e-10 -8.8278663)
(-0.0057000008 5.602128e-10 -8.772166)
(-0.0092462706 3.396573e-11 -8.8176231)
(-0.0056381951 1.0852978e-11 -8.7634475)
(-0.010585102 4.396555e-11 -8.8042214)
(-0.011276749 4.3428269e-11 -8.7516026)
(-0.011536365 -3.5297917e-11 -8.7884002)
(-0.0084388934 1.0986558e-11 -8.7366837)
(-0.012896603 -1.7617925e-11 -8.7698846)
(-0.0097342588 -9.8010838e-11 -8.7199677)
(-0.013495105 1.390982e-10 -8.7475128)
(-0.01289454 6.8989655e-11 -8.6996669)
(-0.012801067 1.4472601e-10 -8.7209618)
(-0.010218268 1.8579583e-10 -8.6754054)
(-0.011267074 1.0581408e-10 -8.6904182)
(-0.0093878117 8.8230604e-11 -8.646787)
(-0.0075465781 7.7455332e-11 -8.6551048)
(-0.0070628454 9.0780172e-11 -8.6146424)
(-0.00073879266 2.5229288e-11 -8.6133192)
(-0.0017445277 4.8857781e-12 -8.5766717)
(0.010184216 2.326366e-11 -8.5646292)
(0.0084626444 2.6726005e-11 -8.5317706)
(0.027151674 5.9017461e-11 -8.5091748)
(0.021895483 2.5694495e-11 -8.4803136)
(0.053418727 5.866405e-11 -8.4453389)
(0.042656629 6.2266397e-11 -8.4224269)
(0.091358589 2.4012988e-11 -8.3724914)
(0.075706213 4.0724508e-12 -8.3547815)
(0.14804185 1.608685e-11 -8.2933519)
(0.12146137 3.2110716e-12 -8.2798765)
(0.22901442 -3.1350546e-11 -8.2098737)
(0.18775707 -2.2406949e-12 -8.2009001)
(0.34055296 -4.7064303e-11 -8.1280631)
(0.28230409 -9.8811309e-11 -8.118495)
(0.49240821 -1.2304071e-11 -8.062225)
(0.41086325 -3.9845507e-11 -8.0445325)
(0.68689184 1.9754429e-11 -8.031579)
(0.57918567 -5.6120647e-12 -7.9953465)
(0.91666012 3.9440119e-11 -8.0673298)
(0.7897413 3.0178873e-11 -7.9915848)
(1.1515702 2.4540111e-11 -8.2086898)
(1.0264194 2.2945137e-11 -8.0724059)
(1.3199892 2.5309568e-11 -8.4696268)
(1.2389127 -4.9130411e-12 -8.2717384)
(1.3561722 3.4227917e-11 -8.8081094)
(1.3515497 7.5868666e-12 -8.5797795)
(1.2499608 3.2537943e-11 -9.1335548)
(1.3131945 2.631706e-11 -8.9252818)
(1.0503873 3.2957576e-11 -9.3653723)
(1.1502364 1.1776552e-11 -9.2075819)
(0.83597714 3.6237999e-11 -9.4847707)
(0.93220193 1.4651907e-11 -9.3759894)
(0.64829842 2.8554157e-11 -9.5200353)
(0.73066074 3.5519433e-11 -9.4445938)
(0.50495661 8.0396366e-12 -9.50532)
(0.56470391 7.7275064e-12 -9.4508801)
(0.40479014 9.8230075e-12 -9.4705066)
(0.45306711 -3.4992568e-12 -9.4216532)
(0.3368829 5.8631571e-12 -9.4308984)
(0.36027023 2.0317854e-11 -9.3872538)
(0.29215165 8.4172344e-12 -9.4007326)
(0.32585305 -1.8592245e-11 -9.3469571)
(0.25774493 2.9209309e-11 -9.4060466)
(0.25714451 2.5218736e-11 -9.3298016)
(0.22371933 1.9272841e-11 -9.5902893)
(0.26966781 2.0320671e-11 -9.3587488)
(0.15012352 7.4416343e-12 -10.143044)
(0.17999514 -6.3109126e-12 -9.6966444)
(0.10584663 4.8941577e-12 -10.457722)
(-0.0016551225 1.7335047e-09 -8.7465572)
(-0.0014532402 4.1815362e-10 -8.6940811)
(-0.0021600669 1.5522611e-09 -8.7321816)
(-0.0019385019 4.9485232e-09 -8.6751253)
(-0.0027525114 -1.3214186e-09 -8.7268888)
(-0.0017911321 -2.1392195e-09 -8.66978)
(-0.0036140275 -8.271873e-11 -8.7211304)
(-0.0023641289 -2.1487758e-10 -8.6646409)
(-0.0044984066 2.6889181e-10 -8.7139014)
(-0.0042561497 -1.8514465e-11 -8.6581756)
(-0.0053467503 2.8245228e-10 -8.7054843)
(-0.0040500037 4.6625401e-10 -8.6501297)
(-0.0068095631 1.9534996e-11 -8.6952131)
(-0.0036043325 -4.3027869e-11 -8.6412919)
(-0.0078189028 1.1129582e-11 -8.6818988)
(-0.0086322846 2.2435149e-11 -8.6295228)
(-0.0082802362 -4.9699148e-11 -8.6660938)
(-0.0054987793 -6.1656291e-11 -8.6147093)
(-0.009074012 -1.4195994e-11 -8.6476323)
(-0.0063354252 -9.5970451e-11 -8.5979391)
(-0.0088885894 1.1391335e-10 -8.6254638)
(-0.008765455 2.525517e-11 -8.577828)
(-0.0076852502 1.3065908e-10 -8.5991453)
(-0.0053895535 1.6131373e-10 -8.5537774)
(-0.0051874674 7.3164837e-11 -8.5689247)
(-0.0038501826 9.9366383e-11 -8.5254335)
(-0.00077877197 1.9236503e-11 -8.5341765)
(-0.00063446685 6.5880407e-11 -8.4936923)
(0.0074776788 6.1399863e-12 -8.4931536)
(0.0057962087 -2.2025382e-11 -8.4565071)
(0.019256674 2.9167437e-11 -8.4455234)
(0.017078015 -5.4818292e-13 -8.4123647)
(0.03776688 2.8585301e-11 -8.3916771)
(0.031598727 3.8559547e-11 -8.3622947)
(0.065273456 8.2155636e-12 -8.3300051)
(0.053727401 5.2316075e-11 -8.3062722)
(0.10437544 -1.6720791e-11 -8.2602701)
(0.088047094 -3.2427391e-12 -8.241043)
(0.16191636 -1.5070151e-11 -8.1854725)
(0.13458129 -9.9326735e-12 -8.1699125)
(0.24248451 -6.8933419e-11 -8.1075079)
(0.20127576 8.1248726e-13 -8.0956921)
(0.35200481 -9.2038303e-11 -8.0327903)
(0.29485779 -8.413747e-11 -8.0192929)
(0.49892001 -3.3401149e-11 -7.9752246)
(0.41996004 -4.1650175e-11 -7.9530806)
(0.68372907 4.5641025e-12 -7.9525094)
(0.5816345 9.9616804e-12 -7.9119496)
(0.89875107 1.3732843e-11 -7.9931478)
(0.78039196 2.4814706e-11 -7.9150347)
(1.1161293 -6.3285059e-12 -8.1310459)
(1.0000372 3.3769599e-11 -7.9978509)
(1.2713644 -2.2711627e-11 -8.3765719)
(1.1959325 -2.6022006e-12 -8.1878062)
(1.3056173 -4.3457112e-13 -8.6913207)
(1.2998861 -5.5868961e-12 -8.4750644)
(1.2089632 5.6400096e-12 -8.9943361)
(1.2656467 1.7535669e-11 -8.7956956)
(1.0253769 -6.5440193e-12 -9.2142097)
(1.1170927 8.1600149e-12 -9.0600902)
(0.82549934 1.3821723e-11 -9.3325007)
(0.91536513 7.4942385e-12 -9.2236314)
(0.64727796 1.4837954e-11 -9.3724531)
(0.72592277 5.120099e-11 -9.2947263)
(0.5090542 -3.7543468e-12 -9.3643901)
(0.56681274 1.524362e-11 -9.3072309)
(0.40984058 6.8788854e-12 -9.3355759)
(0.45780211 5.1894039e-12 -9.2843672)
(0.3415248 -3.9519624e-12 -9.3005026)
(0.36523287 1.5602269e-11 -9.2550929)
(0.29514612 -1.9933608e-12 -9.2731188)
(0.32939389 -2.2656232e-11 -9.2184652)
(0.25940746 1.6352518e-11 -9.2794353)
(0.25950739 3.8294076e-11 -9.2030789)
(0.22414319 -5.1455839e-12 -9.4609178)
(0.2703973 1.4944994e-11 -9.2322587)
(0.15023108 -8.9058381e-12 -10.005703)
(0.18009352 -1.0613339e-12 -9.5644351)
(0.10596526 1.4074774e-11 -10.315355)
(-0.0013956107 2.5006007e-09 -8.6242399)
(-0.0012716629 9.4501842e-10 -8.5718582)
(-0.0016054879 1.901392e-09 -8.6100932)
(-0.0015213815 5.3957958e-09 -8.5531914)
(-0.0018655213 -1.1436935e-09 -8.6048136)
(-0.0011394781 -2.2036172e-09 -8.547893)
(-0.0024978636 -1.5903128e-10 -8.5990329)
(-0.0013533068 -2.302324e-10 -8.5426991)
(-0.0030592252 1.6246754e-10 -8.5918151)
(-0.0028385302 1.3916088e-11 -8.5362479)
(-0.0033629321 1.5504934e-10 -8.5833374)
(-0.0024018469 3.9547283e-10 -8.5282553)
(-0.004568229 -4.1698708e-11 -8.5730282)
(-0.0015795296 -5.295617e-11 -8.5192485)
(-0.00518258 -4.8591278e-11 -8.5598229)
(-0.0060188519 1.0729477e-11 -8.5075801)
(-0.0049308518 -1.0729109e-10 -8.5440508)
(-0.0025708337 -6.2466038e-11 -8.4929351)
(-0.0053193842 -5.8547677e-11 -8.5256475)
(-0.0029545906 -9.0332972e-11 -8.4760585)
(-0.0046454119 7.0587247e-11 -8.5037192)
(-0.00468997 -4.8884284e-11 -8.4561536)
(-0.0022916367 1.3088345e-10 -8.4776481)
(-0.00062200075 1.2335983e-10 -8.4324417)
(0.00069268897 9.2512638e-11 -8.4477655)
(0.0016097448 7.5273341e-11 -8.4042569)
(0.0063046064 2.5666978e-11 -8.4136307)
(0.005663639 4.3733767e-11 -8.3730552)
(0.015516571 -2.8953499e-11 -8.3733643)
(0.013172873 -3.3549804e-11 -8.3366178)
(0.028192185 8.4354573e-12 -8.3268229)
(0.02547078 -8.1452508e-11 -8.2932283)
(0.048032633 6.2156214e-11 -8.2746177)
(0.040988576 3.7681589e-11 -8.2446306)
(0.076613296 4.1373641e-11 -8.2150758)
(0.064393612 7.5510323e-11 -8.1904321)
(0.11670501 3.6046679e-12 -8.1484207)
(0.099818739 -5.1817031e-13 -8.1276077)
(0.17492254 5.8609131e-12 -8.0778167)
(0.14695427 -1.0448865e-12 -8.0601966)
(0.25486149 -1.3715339e-11 -8.0050933)
(0.21387211 3.4455527e-12 -7.9904887)
(0.36224152 -3.4069854e-11 -7.9370369)
(0.3062654 -4.9571333e-11 -7.9198028)
(0.50417861 1.3393689e-12 -7.8870179)
(0.42781005 -2.8536937e-11 -7.8607902)
(0.67968066 3.0109776e-11 -7.8712966)
(0.58299051 1.8590198e-11 -7.8268657)
(0.88093666 4.4792579e-11 -7.915948)
(0.77054306 2.4568674e-11 -7.8358798)
(1.0817796 3.7730375e-11 -8.0500365)
(0.97435215 4.714844e-11 -7.9199744)
(1.2244365 1.454198e-11 -8.2809617)
(1.1546017 4.3886813e-12 -8.1007207)
(1.2568712 1.2246009e-11 -8.5738826)
(1.2502691 5.4036874e-12 -8.3687568)
(1.1691653 2.0109979e-11 -8.8564574)
(1.2200036 6.712884e-12 -8.6666965)
(1.0006257 2.2202758e-11 -9.0653397)
(1.0847805 1.6925065e-11 -8.9147854)
(0.81433024 4.4639284e-11 -9.182277)
(0.89824259 4.2911007e-12 -9.0735335)
(0.64529325 5.1795004e-11 -9.2262282)
(0.72029738 6.374619e-11 -9.1464671)
(0.51214953 2.4238929e-11 -9.2241127)
(0.56790336 2.1858583e-11 -9.1645077)
(0.414185 1.386192e-11 -9.2008164)
(0.46169145 2.7394818e-11 -9.1473322)
(0.34570418 -2.9197583e-12 -9.1700333)
(0.3696076 1.7648906e-11 -9.1229287)
(0.29792078 1.7349453e-11 -9.1453296)
(0.33262638 -1.871442e-11 -9.0897387)
(0.26098692 3.6992318e-11 -9.1526634)
(0.26171693 4.8423421e-11 -9.0761503)
(0.22456863 1.9100126e-11 -9.3314592)
(0.27111532 2.3110335e-11 -9.1055564)
(0.1503369 2.185542e-11 -9.8683715)
(0.18017833 1.5808293e-11 -9.4321638)
(0.10610393 2.6596403e-11 -10.172964)
(-0.00113704 2.727513e-09 -8.5021181)
(-0.0010927424 6.5884589e-10 -8.4497486)
(-0.0010189434 1.9816398e-09 -8.4882)
(-0.0011038898 5.5101812e-09 -8.4313876)
(-0.00097597652 -1.4039982e-09 -8.4829189)
(-0.00048011074 -2.5446744e-09 -8.4261341)
(-0.0013466586 -6.7676823e-11 -8.4771065)
(-0.0003456832 -2.2828401e-10 -8.4208771)
(-0.0016247282 2.3402901e-10 -8.4699262)
(-0.0014430836 4.3005265e-11 -8.4144432)
(-0.0013587803 2.0003889e-10 -8.4613849)
(-0.00075484731 3.2953373e-10 -8.4065609)
(-0.0023889609 -2.0557792e-12 -8.4510257)
(0.00043881108 -6.316636e-11 -8.3973145)
(-0.0025945885 -1.6136755e-12 -8.4379834)
(-0.003445685 -1.3540161e-13 -8.3857889)
(-0.0015067877 -4.4991431e-11 -8.4222364)
(0.00034478655 -3.3871236e-11 -8.3713968)
(-0.0017326431 -8.1362076e-11 -8.4038727)
(0.00040842347 -5.4526161e-11 -8.3542938)
(-0.0004144255 1.2733113e-12 -8.382252)
(-0.000680527 -8.8590112e-11 -8.3346836)
(0.0028060431 6.8420869e-11 -8.3564454)
(0.0040831052 1.1955015e-10 -8.311357)
(0.0066560629 2.6901415e-11 -8.3269193)
(0.0069892211 9.8569759e-11 -8.283338)
(0.013298765 -1.4560307e-11 -8.2934113)
(0.011829187 7.4069947e-11 -8.2527126)
(0.023052624 -8.5514227e-11 -8.2538944)
(0.02038662 -5.174834e-11 -8.2169376)
(0.036871938 -5.3447284e-11 -8.2084951)
(0.033633436 -1.1403378e-10 -8.1744146)
(0.057949919 5.0664714e-11 -8.1579353)
(0.050067267 1.4124202e-11 -8.1273136)
(0.087454534 3.4323397e-11 -8.1004934)
(0.074663487 8.4575814e-11 -8.0748872)
(0.12842466 -5.1628609e-12 -8.0368809)
(0.11103121 -6.6454047e-12 -8.0144623)
(0.18709791 -3.4974449e-12 -7.9703167)
(0.15861198 7.513045e-12 -7.9506937)
(0.2662168 -3.1988855e-11 -7.9025714)
(0.22559457 -9.1729903e-13 -7.885258)
(0.37136166 -4.4197601e-11 -7.8407632)
(0.3166033 -4.6632349e-11 -7.8200091)
(0.50831564 -1.1627469e-11 -7.7976131)
(0.43453296 -3.3398349e-11 -7.7676612)
(0.67490335 1.3008023e-11 -7.7880527)
(0.58339384 1.4268216e-11 -7.7401689)
(0.86336541 2.6774415e-11 -7.8359467)
(0.76032983 2.4198131e-11 -7.7543142)
(1.0488117 1.4081629e-11 -7.9660128)
(0.94952266 3.8917297e-11 -7.8390486)
(1.1797162 -4.7553524e-12 -8.1832287)
(1.1152742 -8.3304807e-12 -8.0109334)
(1.2104079 -1.3689478e-13 -8.4561244)
(1.203143 6.6055659e-12 -8.2612528)
(1.1308886 3.4697059e-12 -8.72006)
(1.1765623 -4.2847789e-12 -8.5384962)
(0.97633315 -9.1574595e-13 -8.9187055)
(1.0535099 1.5414401e-11 -8.771664)
(0.80263945 2.3078834e-11 -9.0339842)
(0.88102531 -6.0494355e-12 -8.9255764)
(0.64248522 3.402849e-11 -9.0813004)
(0.71393607 4.6237203e-11 -8.9997844)
(0.51431748 2.4986482e-11 -9.084474)
(0.56809073 1.4669028e-11 -9.0227053)
(0.41787882 3.1229117e-11 -9.0662393)
(0.46480094 1.9005883e-11 -9.0106101)
(0.34942053 2.027297e-12 -9.0394974)
(0.37342355 1.6093981e-11 -8.9908069)
(0.30048079 1.2048756e-11 -9.0173648)
(0.33555557 -1.0845992e-11 -8.9608351)
(0.26246526 3.4655553e-11 -9.0257172)
(0.26376642 3.480207e-11 -8.9490497)
(0.22499451 1.9850516e-11 -9.2018861)
(0.27181466 3.0548889e-11 -8.9786757)
(0.1504376 2.05032e-11 -9.7310089)
(0.18024887 1.2604885e-11 -9.2998446)
(0.10626104 3.8741978e-12 -10.030565)
(-0.00088168361 2.2286803e-09 -8.380079)
(-0.00091455052 2.3359508e-10 -8.3277442)
(-0.00050510537 1.7161262e-09 -8.3663907)
(-0.00068616523 5.1794269e-09 -8.3096898)
(-2.4207416e-05 -1.5025982e-09 -8.3610945)
(0.00018976556 -2.4203452e-09 -8.3045205)
(-0.00023938667 -1.2914615e-10 -8.3552337)
(0.00066075938 -2.0226978e-10 -8.2991491)
(-0.00025940513 1.2882998e-10 -8.3481236)
(-7.6338543e-05 2.813829e-11 -8.2927478)
(0.00057270075 7.7338785e-11 -8.3395161)
(0.00089334511 2.5979294e-10 -8.2850364)
(-0.00025208459 -6.2756998e-11 -8.3290872)
(0.0024551624 -3.2260221e-11 -8.2754872)
(-0.00014060099 -3.1686452e-11 -8.3162626)
(-0.00092237477 3.2902404e-12 -8.2641235)
(0.0016288119 -4.3021885e-11 -8.3005443)
(0.0032463629 4.9272711e-12 -8.250055)
(0.001900775 -6.1184568e-11 -8.2822186)
(0.0037520152 -2.0792559e-11 -8.2326969)
(0.0040478218 2.6524474e-11 -8.2609326)
(0.0032595302 -7.9137491e-11 -8.2134471)
(0.0075553069 1.4999112e-10 -8.2354161)
(0.008722244 1.0951032e-10 -8.1904098)
(0.012444932 1.4605301e-10 -8.2062838)
(0.012281967 1.5159422e-10 -8.1626978)
(0.019891759 3.8382303e-11 -8.1733863)
(0.017865164 1.1685979e-10 -8.1326125)
(0.030503794 -7.9574809e-11 -8.1346393)
(0.027433872 -5.1503343e-11 -8.0975143)
(0.045344922 -4.7799016e-11 -8.0904287)
(0.041558403 -1.0862841e-10 -8.0558929)
(0.067516266 4.7343803e-11 -8.0414978)
(0.05883909 -7.2853555e-12 -8.0103078)
(0.097830757 4.4452523e-11 -7.9861276)
(0.084543317 7.4399848e-11 -7.9596058)
(0.13957123 5.9061964e-12 -7.9255124)
(0.12169459 1.8900135e-11 -7.9015753)
(0.1984792 1.0163506e-11 -7.8628273)
(0.1695842 -3.1425734e-12 -7.8413507)
(0.27662048 -1.5197701e-11 -7.7998093)
(0.23648649 1.9648328e-11 -7.7799577)
(0.3794554 -3.5933424e-11 -7.7438538)
(0.32594028 -3.692751e-11 -7.7198841)
(0.51145036 -7.8482917e-12 -7.7069415)
(0.44023368 -2.9694226e-11 -7.6736846)
(0.66953206 2.5389327e-11 -7.7028035)
(0.58296008 1.2177031e-11 -7.6519229)
(0.84612944 3.6242833e-11 -7.7532723)
(0.7498526 2.308079e-11 -7.6705068)
(1.0173558 1.6808207e-11 -7.8792255)
(0.92560892 2.6939656e-11 -7.7553242)
(1.1374449 2.9381976e-12 -8.083666)
(1.0780657 7.3537418e-12 -7.9187809)
(1.1664469 2.5225277e-12 -8.338202)
(1.1586842 1.4082075e-11 -8.1528619)
(1.0942972 7.5466479e-12 -8.5850874)
(1.1354212 9.1661535e-12 -8.411164)
(0.95263158 1.0399999e-11 -8.7741226)
(1.0233788 2.0162163e-11 -8.6306125)
(0.79057977 1.6827726e-11 -8.8874579)
(0.86384576 -1.0555398e-12 -8.7796104)
(0.63898166 2.7042213e-11 -8.9375579)
(0.70695959 2.69732e-11 -8.8546166)
(0.51564358 8.6665186e-12 -8.9454132)
(0.56747349 2.4088058e-11 -8.8817873)
(0.42098291 3.8850241e-12 -8.931812)
(0.46718783 -7.7778759e-12 -8.8742355)
(0.35268924 3.3489993e-12 -8.9088644)
(0.37670656 1.1482834e-11 -8.8587433)
(0.30284041 1.1695912e-11 -8.8891913)
(0.33818424 -1.3657033e-11 -8.8317908)
(0.2638355 3.0714569e-11 -8.8985552)
(0.26564814 2.1420523e-11 -8.8217861)
(0.22542185 2.3381978e-11 -9.0721566)
(0.27248611 3.4628608e-11 -8.8516299)
(0.15053372 -3.9867978e-12 -9.5935761)
(0.18030267 2.1582169e-11 -9.1674698)
(0.10643384 -2.8214608e-11 -9.8881515)
(-0.00063092582 1.9478684e-09 -8.2582855)
(-0.00073451799 2.7599839e-10 -8.2058297)
(-1.2903099e-05 1.7338445e-09 -8.2448226)
(-0.00026775339 5.1109639e-09 -8.1880797)
(0.00071269616 -1.2479688e-09 -8.2395133)
(0.00087039421 -2.0077456e-09 -8.1829949)
(0.00096263897 -5.4785879e-11 -8.2336028)
(0.0016659469 -1.5078046e-10 -8.177555)
(0.0013416053 1.5127631e-10 -8.2265632)
(0.0012608955 2.5208425e-11 -8.1711806)
(0.0022290835 1.5838678e-10 -8.2179023)
(0.0025412745 3.0461132e-10 -8.1635746)
(0.0020802802 3.2940007e-11 -8.2074234)
(0.0044668189 -3.7928161e-12 -8.1538378)
(0.0027730924 3.9873589e-11 -8.1948086)
(0.0015498753 1.5462858e-11 -8.1426265)
(0.004518984 2.7638721e-11 -8.179143)
(0.0061277428 3.3623632e-11 -8.1287696)
(0.0057259396 -3.7768538e-11 -8.160896)
(0.0070702911 -2.8833574e-11 -8.1113337)
(0.0084874881 9.8085942e-13 -8.1399103)
(0.0071384822 -8.2913184e-11 -8.0923932)
(0.012329972 1.105254e-10 -8.1147083)
(0.013292643 4.0287167e-11 -8.0695955)
(0.018133359 1.2284593e-10 -8.0860272)
(0.017479869 1.4361643e-10 -8.0422994)
(0.026461341 2.8981369e-11 -8.0537267)
(0.023775286 1.1007624e-10 -8.0127546)
(0.037772791 -7.9921301e-11 -8.0157673)
(0.03431297 -6.1236548e-11 -7.9783043)
(0.053578138 -6.9172953e-11 -7.9727735)
(0.049243722 -1.1537013e-10 -7.9376372)
(0.076723019 1.8967379e-11 -7.9254487)
(0.067311107 -3.7870261e-11 -7.8935748)
(0.1077212 4.9362143e-11 -7.8721214)
(0.094040645 4.0561244e-11 -7.8445478)
(0.1501438 1.0045116e-11 -7.8144461)
(0.13182375 2.3018079e-11 -7.7889131)
(0.20909486 6.151935e-12 -7.7554705)
(0.17990328 -8.217458e-12 -7.7321143)
(0.28613049 -1.6313864e-12 -7.6969377)
(0.24659095 2.3059581e-11 -7.6745451)
(0.38659363 -3.0742864e-11 -7.6464522)
(0.33434433 -4.191418e-11 -7.6193975)
(0.51367652 -9.9726256e-12 -7.6151884)
(0.4450113 -1.9757128e-11 -7.5788507)
(0.66366611 9.7918772e-12 -7.6158151)
(0.58179387 -6.4995661e-12 -7.562188)
(0.82926199 1.3750644e-11 -7.6682739)
(0.73919779 5.5175112e-12 -7.5846075)
(0.98741417 1.7610846e-11 -7.7900647)
(0.90262574 1.1739217e-11 -7.669025)
(1.0976448 1.8456915e-11 -7.9826891)
(1.0429592 1.1956145e-11 -7.8244976)
(1.1250047 2.0755968e-11 -8.2204375)
(1.1168963 1.6619281e-11 -8.0437488)
(1.0594305 2.1719217e-11 -8.4516552)
(1.0965532 2.9293477e-11 -8.2846677)
(0.92957047 8.8244579e-12 -8.6315948)
(0.99442676 9.798945e-12 -8.4914731)
(0.77825735 8.9387587e-12 -8.742729)
(0.84679752 -8.3106465e-12 -8.6354688)
(0.63486697 2.4033912e-11 -8.7950875)
(0.69946754 1.3733827e-11 -8.7108878)
(0.51618867 7.8046044e-12 -8.8070614)
(0.56613725 2.6687626e-11 -8.7417042)
(0.42352787 -2.7473583e-13 -8.7976896)
(0.46890213 -1.478409e-11 -8.7382306)
(0.35550985 -5.4039428e-12 -8.7782883)
(0.37947914 1.3309403e-11 -8.7267406)
(0.30499303 -4.0957398e-12 -8.7609595)
(0.34051255 -1.3922052e-11 -8.7026336)
(0.26508079 2.5274755e-11 -8.771314)
(0.26735325 1.0040047e-11 -8.6943596)
(0.2258399 3.2886553e-11 -8.9423919)
(0.27311862 2.7544042e-11 -8.724426)
(0.15062041 -2.4327035e-12 -9.4561706)
(0.1803361 3.2241168e-11 -9.0350256)
(0.1066182 -3.7845068e-11 -9.7457098)
(-0.00037729264 2.230337e-09 -8.1365545)
(-0.0005525065 5.3807519e-10 -8.0840327)
(0.00057004854 2.0165134e-09 -8.1233063)
(0.00015271696 5.1589232e-09 -8.0666054)
(0.0014910038 -1.0177025e-09 -8.1179962)
(0.0015574254 -1.6568964e-09 -8.0615795)
(0.0022020847 -7.8273768e-11 -8.112056)
(0.0026661375 -1.6289741e-10 -8.0561225)
(0.0029521639 1.6910318e-10 -8.1050542)
(0.0025748805 4.2625882e-11 -8.0497635)
(0.0039251794 1.5107898e-10 -8.0963678)
(0.0041828985 2.9162345e-10 -8.042208)
(0.0044912452 -2.1728588e-11 -8.085887)
(0.00646447 -3.6717238e-11 -8.0324012)
(0.0056505029 8.8342666e-12 -8.0734218)
(0.0039792925 3.0010438e-11 -8.0213037)
(0.0074118351 -2.1684568e-11 -8.0578378)
(0.0089810246 2.7272704e-11 -8.0075739)
(0.0094267687 -7.3071953e-11 -8.0397293)
(0.010353586 -5.028244e-11 -7.9902061)
(0.012748911 -4.5476108e-11 -8.0190103)
(0.010962945 -1.1675739e-10 -7.9715356)
(0.017131064 7.1941796e-11 -7.9941431)
(0.017790676 2.0009414e-12 -7.9489763)
(0.023623928 1.3127713e-10 -7.965958)
(0.022574419 1.1213966e-10 -7.9221267)
(0.032839894 2.1901624e-11 -7.9342546)
(0.029559441 8.2221094e-11 -7.8931635)
(0.044844948 -9.608212e-11 -7.8970939)
(0.041021546 -9.4685234e-11 -7.85933)
(0.061568824 -8.4874926e-11 -7.8553397)
(0.056686023 -1.4738566e-10 -7.8196621)
(0.085541851 -1.7044254e-11 -7.8095991)
(0.075488093 -5.4462877e-11 -7.7771101)
(0.11717058 1.4381695e-11 -7.7582916)
(0.10315974 2.4964974e-11 -7.7297241)
(0.16016698 5.030013e-12 -7.7034925)
(0.14143297 1.9217097e-11 -7.6764751)
(0.21898489 8.4291892e-12 -7.6480587)
(0.1896002 -7.8320664e-12 -7.6229701)
(0.29481574 -1.6706334e-11 -7.5937844)
(0.25594841 1.4574073e-11 -7.5690182)
(0.39285815 -3.1096397e-11 -7.5484065)
(0.3418809 -3.5127831e-11 -7.5185548)
(0.51509919 -1.6379848e-11 -7.5222503)
(0.44895881 -1.6324582e-11 -7.4831862)
(0.65741514 -1.0856304e-11 -7.5270617)
(0.57999178 -3.0935149e-11 -7.4710553)
(0.81280255 3.4651456e-12 -7.5810054)
(0.72844489 1.6403491e-12 -7.496781)
(0.95897299 6.083754e-12 -7.6986358)
(0.88057327 3.6645847e-12 -7.5803876)
(1.0602664 1.009017e-11 -7.8803249)
(1.0098818 3.5190163e-12 -7.7283296)
(1.0860064 2.5081086e-11 -8.102661)
(1.0776976 6.1748728e-12 -7.9340166)
(1.0262979 1.7485528e-11 -8.3194819)
(1.0599015 2.6004106e-11 -8.1589676)
(0.9071937 -7.2346361e-12 -8.4908351)
(0.96667064 7.2539977e-12 -8.354117)
(0.76577897 -3.6334515e-12 -8.5995562)
(0.82996275 -1.2801144e-11 -8.4930417)
(0.63022811 1.6320473e-11 -8.6537078)
(0.69155834 4.0908956e-12 -8.5685635)
(0.5160298 4.3086397e-12 -8.6692884)
(0.56417081 4.0356107e-11 -8.602451)
(0.42555182 -1.3376464e-12 -8.6637692)
(0.47000148 -2.9999842e-11 -8.6026548)
(0.35790001 4.9204251e-12 -8.6476718)
(0.38177393 -2.1545732e-12 -8.5948418)
(0.3069389 1.0252929e-13 -8.6325732)
(0.34255044 -1.2825941e-11 -8.5734308)
(0.26619719 1.223118e-11 -8.6438898)
(0.26888215 5.1289101e-12 -8.5668117)
(0.22624129 2.6878379e-11 -8.8124887)
(0.27370705 4.2706452e-12 -8.5971125)
(0.15069564 -2.8715927e-12 -9.3186897)
(0.18034903 4.1237362e-11 -8.9025424)
(0.10681099 -3.8711637e-11 -9.6032732)
(-0.00012665056 2.3114516e-09 -8.0149817)
(-0.00036982883 5.4731605e-10 -7.9623318)
(0.0010702608 2.1051354e-09 -8.0019416)
(0.00057479569 5.460019e-09 -7.945227)
(0.0022718717 -8.8828007e-10 -7.996643)
(0.0022462624 -1.6243108e-09 -7.9402667)
(0.0034107812 -5.0742684e-11 -7.9906921)
(0.0036588786 -9.7344222e-11 -7.9348246)
(0.0045129054 1.5673374e-10 -7.9837042)
(0.0038718795 1.2751642e-10 -7.9284716)
(0.005625721 1.1303202e-10 -7.9750198)
(0.0058121526 2.9192024e-10 -7.9209257)
(0.0067940877 1.3423112e-11 -7.964576)
(0.0084407473 1.9167041e-11 -7.9111355)
(0.0084058055 4.8507294e-11 -7.9522101)
(0.0063747789 9.970919e-11 -7.9001297)
(0.010309629 1.1757634e-13 -7.9367342)
(0.011801108 5.862811e-11 -7.8864694)
(0.013035679 -9.2856797e-11 -7.9188108)
(0.013595499 -4.8991777e-11 -7.8692754)
(0.016884065 -7.1085319e-11 -7.8983635)
(0.014733061 -1.1304139e-10 -7.8508461)
(0.022355069 4.0664642e-11 -7.8738286)
(0.022218425 3.4652762e-11 -7.8286349)
(0.029024384 6.3466096e-11 -7.8461458)
(0.02756512 1.1499999e-10 -7.8020684)
(0.039009085 -3.2257627e-11 -7.8150659)
(0.035214655 7.9039819e-11 -7.7737957)
(0.051713228 -1.454037e-10 -7.7787145)
(0.047559366 -7.5277759e-11 -7.74057)
(0.069313513 -1.1794373e-10 -7.7382096)
(0.063885968 -1.3701243e-10 -7.7019377)
(0.09395894 -1.3233149e-11 -7.6940281)
(0.083376475 -5.8625987e-11 -7.6608623)
(0.12618842 2.9854074e-11 -7.6447183)
(0.11190661 3.18329e-11 -7.6151058)
(0.1696571 6.5925396e-12 -7.5927166)
(0.15054035 3.1846409e-11 -7.5642196)
(0.22818234 -1.874348e-12 -7.5406536)
(0.19870765 -1.9102963e-11 -7.5138649)
(0.30273321 -3.4523032e-12 -7.4904182)
(0.26459947 1.9450956e-11 -7.4633391)
(0.39831492 -2.0498274e-11 -7.4497971)
(0.34861343 -1.9984373e-11 -7.4173254)
(0.51580195 -3.0774336e-11 -7.4282483)
(0.45216044 -1.096494e-11 -7.3866851)
(0.65085791 -1.8665058e-11 -7.4367278)
(0.57763597 -3.3226604e-11 -7.3785814)
(0.7967576 1.8262414e-12 -7.4917189)
(0.7176539 7.3235376e-12 -7.4071452)
(0.9319673 1.1006445e-12 -7.6052224)
(0.85942435 -7.3126061e-13 -7.4895973)
(1.0251789 -4.1296943e-13 -7.7768044)
(0.97870721 -1.7629408e-12 -7.6304506)
(1.0493345 6.9793264e-12 -7.9850217)
(1.0409415 -4.0987894e-12 -7.8237137)
(0.99487357 1.5880343e-11 -8.1885854)
(1.0253604 1.3186635e-11 -8.0339739)
(0.88551481 1.7991953e-12 -8.3517775)
(0.94008557 1.7927211e-11 -8.218356)
(0.75323448 -5.1676877e-12 -8.457921)
(0.81339529 -8.3424428e-12 -8.352175)
(0.62514286 2.7937904e-11 -8.5134483)
(0.68331404 9.3203003e-12 -8.4275507)
(0.51524892 6.4031245e-12 -8.5321702)
(0.56165242 4.5161197e-11 -8.4639698)
(0.42709527 -3.0954113e-11 -8.5301518)
(0.47053948 -2.6652444e-11 -8.4675085)
(0.35988832 -1.9850791e-11 -8.5171228)
(0.38362295 -1.3150216e-11 -8.4630368)
(0.30868375 -7.882933e-12 -8.5041418)
(0.34430829 -2.1206104e-11 -8.4441962)
(0.2671882 -2.8281689e-12 -8.5163841)
(0.27023663 1.0697166e-11 -8.4391342)
(0.22662008 1.8467226e-11 -8.6825409)
(0.27424613 -6.9489106e-12 -8.469687)
(0.15076098 5.73929e-12 -9.1812145)
(0.18034113 4.0916457e-11 -8.7700011)
(0.10700894 -2.1631222e-11 -9.4608202)
(0.00014365086 2.4677034e-09 -7.89346)
(-0.00018686937 7.969882e-10 -7.8407473)
(0.0015643575 2.374595e-09 -7.8806255)
(0.00099655702 6.035032e-09 -7.8239537)
(0.0030558082 -9.2146836e-10 -7.8753589)
(0.002932576 -1.7019568e-09 -7.8190712)
(0.0045800186 7.1343014e-11 -7.8694132)
(0.0046421403 3.4272806e-11 -7.8136656)
(0.0060259513 2.5714601e-10 -7.8624209)
(0.0051547817 2.6977189e-10 -7.8073145)
(0.0073317597 2.0570003e-10 -7.853758)
(0.0074229158 3.6421455e-10 -7.7997498)
(0.009030437 1.0351985e-10 -7.8433822)
(0.010389213 1.0478435e-10 -7.7900396)
(0.011068848 1.1068864e-10 -7.8310842)
(0.0087412638 1.7939283e-10 -7.7791108)
(0.013223918 1.1519651e-11 -7.8157348)
(0.014584285 1.278893e-10 -7.7654883)
(0.016548363 -6.8105988e-11 -7.7980223)
(0.016792618 -2.2469822e-11 -7.7485334)
(0.020732887 -9.5488919e-12 -7.7778527)
(0.018447314 -1.2500928e-10 -7.7302996)
(0.026472173 1.0786772e-10 -7.7536736)
(0.02657163 8.2062767e-11 -7.7084233)
(0.034313697 1.3103381e-10 -7.7265036)
(0.032450619 1.576838e-10 -7.6823104)
(0.045006164 3.7858016e-11 -7.696056)
(0.040739688 1.0726628e-10 -7.6546508)
(0.058382731 -6.6201701e-11 -7.6605303)
(0.053923746 -4.5697591e-11 -7.6220299)
(0.076822191 -7.8513361e-11 -7.6212848)
(0.070842803 -1.1531842e-10 -7.5844672)
(0.10226975 -1.4447781e-11 -7.5786277)
(0.090982373 -4.2395397e-11 -7.5448656)
(0.13479281 3.3825e-11 -7.5312881)
(0.12028644 1.5671595e-11 -7.5006464)
(0.1786351 6.598218e-12 -7.4820075)
(0.15916127 7.7154248e-12 -7.452136)
(0.23672533 1.9006683e-12 -7.4331498)
(0.20725477 -2.1935687e-11 -7.4047792)
(0.309942 3.2319195e-12 -7.3867468)
(0.27258026 -8.3593906e-12 -7.3575034)
(0.40303193 -1.0519688e-11 -7.3505491)
(0.35460035 -1.7472263e-11 -7.3157084)
(0.51586839 -1.3256268e-11 -7.3331524)
(0.45469159 -2.5416329e-11 -7.289371)
(0.64407067 -7.520073e-12 -7.3448422)
(0.57479973 -2.1872125e-11 -7.2848469)
(0.78113771 4.8196811e-12 -7.4005031)
(0.70687862 -4.6237271e-12 -7.3158303)
(0.90632835 -3.5881012e-12 -7.5099378)
(0.83915058 5.269839e-12 -7.396845)
(0.99224327 -5.4341982e-12 -7.6721647)
(0.9493082 -1.8254113e-11 -7.5310399)
(1.0148433 2.0057303e-12 -7.8674101)
(1.0064721 -2.0718481e-11 -7.712891)
(0.96508835 1.5206264e-11 -8.0587516)
(0.99279587 8.8033939e-12 -7.909626)
(0.86453004 7.9314023e-12 -8.2142008)
(0.91463929 -1.9765603e-12 -8.0840503)
(0.74069629 6.0502448e-12 -8.3176505)
(0.79713707 -1.1092897e-11 -8.2127641)
(0.61967003 2.6356904e-11 -8.3741834)
(0.67480684 2.4770679e-11 -8.2877927)
(0.51391603 1.2468269e-11 -8.3956277)
(0.55865062 3.5282926e-11 -8.326243)
(0.42818258 -8.9153548e-12 -8.3967823)
(0.4705637 -1.3179679e-11 -8.3328211)
(0.36149722 -1.4467308e-11 -8.3865932)
(0.38505437 -5.3849712e-12 -8.3313518)
(0.31022169 -2.7738986e-12 -8.3756188)
(0.34579401 -1.9245001e-11 -8.3149737)
(0.26805428 6.6556716e-12 -8.3887437)
(0.27141751 1.8709742e-11 -8.3113554)
(0.22696493 1.5290423e-11 -8.5524944)
(0.27472946 -2.0460487e-12 -8.3421802)
(0.15081465 1.3813082e-11 -9.0436873)
(0.18031137 3.3829331e-11 -8.6374205)
(0.10720822 -6.0829803e-12 -9.3183689)
(0.0004370706 3.0548218e-09 -7.7720766)
(-3.4909405e-06 5.6186308e-10 -7.7192742)
(0.0020797696 2.6618503e-09 -7.7594436)
(0.0014161493 6.1400023e-09 -7.7027743)
(0.0038407084 -8.4638079e-10 -7.7542284)
(0.0036124062 -1.6514398e-09 -7.6979766)
(0.0057088103 2.2268457e-10 -7.7483018)
(0.0056135641 1.5523566e-10 -7.6926235)
(0.0074919184 3.7365298e-10 -7.7412966)
(0.0064248315 4.187754e-10 -7.6862758)
(0.0090452931 2.7057439e-10 -7.7326708)
(0.0090114185 4.0035376e-10 -7.678676)
(0.011200126 1.7887083e-10 -7.7223849)
(0.012306486 1.7144009e-10 -7.6690856)
(0.013632444 1.9767448e-10 -7.7101476)
(0.011080513 2.4972364e-10 -7.6582257)
(0.016287036 9.6698106e-11 -7.6949316)
(0.017330617 1.7639322e-10 -7.6446631)
(0.019921871 -7.7658677e-11 -7.6774528)
(0.019942102 1.988317e-11 -7.6279141)
(0.024978935 -3.6544384e-11 -7.6575465)
(0.022109142 -1.2229711e-10 -7.6099828)
(0.030942046 1.3082672e-10 -7.633752)
(0.030844662 1.0868922e-10 -7.588326)
(0.039493631 1.3456402e-10 -7.6071367)
(0.037225211 1.4489448e-10 -7.5627566)
(0.050838409 2.5534435e-11 -7.5773029)
(0.046139528 1.1238203e-10 -7.5357037)
(0.064859885 -9.4040361e-11 -7.5426277)
(0.060112314 -2.9528979e-11 -7.5036892)
(0.084249721 -7.9961104e-11 -7.5046436)
(0.077558982 -1.1132004e-10 -7.4672564)
(0.11012892 -1.2845919e-11 -7.4634597)
(0.098316431 -9.2293105e-12 -7.4290365)
(0.14299205 -1.0365443e-11 -7.4180615)
(0.1283065 -9.7737443e-12 -7.3863372)
(0.1871151 -2.0558898e-11 -7.371423)
(0.16731333 -2.8276574e-11 -7.3401905)
(0.2446469 -3.2309917e-11 -7.3256068)
(0.21527211 -1.1366804e-11 -7.2956731)
(0.31649158 -2.8992074e-11 -7.2828369)
(0.27992781 -3.9306133e-11 -7.2514866)
(0.40706619 -3.2309275e-11 -7.2507414)
(0.35989938 -2.7259315e-11 -7.2136823)
(0.51536762 -3.4058452e-11 -7.23708)
(0.45662175 -5.0476854e-11 -7.191249)
(0.63710877 -1.9095945e-11 -7.251571)
(0.57154828 -1.4225089e-11 -7.18991)
(0.76593793 -4.2398089e-12 -7.3075754)
(0.69616298 -2.2373692e-11 -7.2229355)
(0.88197153 -9.245458e-12 -7.413023)
(0.8197157 1.6995154e-11 -7.3022854)
(0.96129931 -3.3523943e-11 -7.5665787)
(0.92155282 -2.1109976e-11 -7.4302357)
(0.98236838 -1.4097043e-11 -7.7498813)
(0.97412189 -3.5241241e-11 -7.6015672)
(0.93685259 -8.3180898e-12 -7.9299438)
(0.96206787 7.9158466e-12 -7.7858483)
(0.84422538 -2.0950983e-11 -8.0780468)
(0.89029066 -2.0975557e-11 -7.9510395)
(0.72822513 7.4346936e-12 -8.17872)
(0.78121754 -1.3154357e-11 -8.0746862)
(0.61386245 3.3642131e-11 -8.2359277)
(0.66610086 3.172157e-11 -8.1492002)
(0.51210117 9.8797427e-12 -8.2597163)
(0.55522852 2.9399194e-11 -8.1892263)
(0.42883912 -9.6875369e-12 -8.2637375)
(0.47012111 -8.1097147e-12 -8.1985845)
(0.36275526 -1.0096534e-11 -8.2561689)
(0.38609791 -2.8373736e-12 -8.1997846)
(0.31155119 2.0629906e-12 -8.2470922)
(0.3470182 -2.0465009e-11 -8.1857736)
(0.26880038 1.0101633e-11 -8.2610507)
(0.2724286 1.9110841e-11 -8.1834764)
(0.22726634 1.6335503e-11 -8.4224231)
(0.27515249 1.2743904e-12 -8.2145921)
(0.15085683 1.410388e-11 -8.9061698)
(0.18025951 2.6892735e-11 -8.504792)
(0.10740572 1.3536129e-11 -9.1759058)
(0.00073532756 2.2525307e-09 -7.6507063)
(0.00018067432 2.0071039e-10 -7.5979272)
(0.0026000311 2.5350282e-09 -7.6382711)
(0.001831708 5.9594106e-09 -7.5817024)
(0.0046273351 -7.5405726e-10 -7.6331217)
(0.0042817789 -1.7597019e-09 -7.5769954)
(0.0067957986 3.4010882e-10 -7.6272267)
(0.0065702178 1.3972563e-10 -7.5717023)
(0.0089093196 4.4609655e-10 -7.6202103)
(0.0076815226 4.5720541e-10 -7.5653653)
(0.010773835 3.076366e-10 -7.611627)
(0.010576264 3.9094669e-10 -7.5577284)
(0.013233036 2.4041456e-10 -7.6014402)
(0.014191026 1.5996722e-10 -7.5482572)
(0.015982581 2.2997722e-10 -7.5892801)
(0.01338963 2.4151921e-10 -7.537469)
(0.019178114 1.0248845e-10 -7.5742094)
(0.020038862 1.5719782e-10 -7.5240102)
(0.023427014 -2.2379187e-11 -7.5569785)
(0.023041035 2.0384074e-11 -7.5074856)
(0.028920662 1.9425615e-11 -7.5373262)
(0.025719339 -8.835442e-11 -7.4898277)
(0.035369624 1.2225318e-10 -7.5139246)
(0.035034949 1.3286302e-10 -7.4684011)
(0.044562181 1.2313044e-10 -7.4878973)
(0.041883444 1.1407801e-10 -7.4434062)
(0.056510814 5.9009994e-11 -7.4586753)
(0.051414644 1.0783964e-10 -7.4169563)
(0.071180214 -4.5899839e-11 -7.4248655)
(0.066122655 -4.7147949e-12 -7.3855593)
(0.091105454 -4.1654129e-11 -7.3881383)
(0.084035734 -9.5741197e-11 -7.3502377)
(0.11763776 -6.151975e-12 -7.348392)
(0.10538413 1.3677931e-11 -7.3134229)
(0.15080307 -2.7512908e-11 -7.3049077)
(0.13597122 -1.0022548e-11 -7.2721798)
(0.19511424 -1.9232976e-11 -7.2608245)
(0.17501257 -3.2292093e-11 -7.2283738)
(0.25198548 -1.8130372e-11 -7.2178937)
(0.22278591 -7.8337169e-12 -7.1865345)
(0.32243234 -3.7668819e-11 -7.1785683)
(0.28667456 -4.699733e-11 -7.14529)
(0.41047839 -4.5250529e-11 -7.1502706)
(0.36456255 -2.9605445e-11 -7.1112506)
(0.51437169 -3.0906437e-11 -7.1399683)
(0.45801136 -3.3166219e-11 -7.0923483)
(0.63002912 -1.7446261e-11 -7.1568968)
(0.56793825 -4.551805e-12 -7.0938475)
(0.75116374 -1.4014058e-12 -7.2129635)
(0.68554407 -1.3659895e-11 -7.1285711)
(0.8588283 5.374621e-12 -7.3145228)
(0.80108377 2.4714542e-11 -7.2060787)
(0.93220417 -2.2740298e-11 -7.4600242)
(0.89532005 -1.8934783e-11 -7.3281792)
(0.95176782 -1.3485344e-11 -7.6323132)
(0.94373306 -3.7609743e-11 -7.4897801)
(0.91008991 -4.5756002e-12 -7.8019546)
(0.93304976 2.3627597e-12 -7.6625989)
(0.82459174 -1.3222609e-11 -7.9430877)
(0.86699938 -2.1319353e-11 -7.8192017)
(0.71587534 1.0891073e-11 -8.0409399)
(0.76565935 -1.6228437e-11 -7.9378591)
(0.60776825 2.74909e-11 -8.0985316)
(0.65725287 2.6197403e-11 -8.0117136)
(0.50986972 1.1599186e-11 -8.1243274)
(0.5514417 1.0813159e-11 -8.0529087)
(0.42908703 -1.2856332e-12 -8.1309311)
(0.46925435 2.7723551e-12 -8.0648123)
(0.36369083 -1.3121811e-11 -8.125775)
(0.3867805 -9.933482e-12 -8.0683631)
(0.3126701 -3.6002915e-12 -8.1184899)
(0.34799035 -2.4803439e-11 -8.0566287)
(0.26943217 1.0363956e-11 -8.1332298)
(0.27327356 1.731297e-11 -8.055528)
(0.22751524 1.1719361e-11 -8.2922518)
(0.27551059 -1.1966259e-12 -8.0869476)
(0.15088715 2.6381741e-11 -8.7685896)
(0.18018498 1.7972029e-11 -8.3721377)
(0.10759855 2.6547816e-11 -9.0334488)
(0.0010261813 2.467927e-09 -7.5294803)
(0.0003654556 1.2873162e-09 -7.4766834)
(0.0031236127 2.3664083e-09 -7.5172412)
(0.0022411729 6.436819e-09 -7.4607197)
(0.0054210673 -9.755136e-10 -7.5121682)
(0.0049384639 -1.879503e-09 -7.4561089)
(0.0078414733 2.4330716e-10 -7.5063143)
(0.0075110831 7.55173e-11 -7.4508722)
(0.010242108 4.0429173e-10 -7.4993027)
(0.0089230221 4.1471211e-10 -7.4445526)
(0.0125855 2.4975022e-10 -7.4907588)
(0.012119545 3.8580978e-10 -7.4369176)
(0.015184146 1.5911242e-10 -7.4806795)
(0.016042153 1.1497992e-10 -7.4275042)
(0.018598198 1.7050246e-10 -7.4686167)
(0.01566661 1.7958911e-10 -7.4168863)
(0.022084506 7.7636159e-11 -7.4536996)
(0.02270886 1.3625878e-10 -7.4034668)
(0.02678994 -4.3773964e-11 -7.4367259)
(0.026088839 -1.3832903e-11 -7.387198)
(0.032772051 2.1722178e-11 -7.4173255)
(0.029277773 -1.0065904e-10 -7.3698218)
(0.039719776 1.2494951e-10 -7.3943304)
(0.039140855 1.3886427e-10 -7.3486295)
(0.049512374 9.8866011e-11 -7.3689007)
(0.046425652 1.3502073e-10 -7.3242306)
(0.062017948 4.5456324e-11 -7.3403136)
(0.056562887 1.0557941e-10 -7.2983787)
(0.077708449 -5.3543666e-11 -7.3073559)
(0.071960663 -1.1121689e-13 -7.2676887)
(0.097821252 -4.1550401e-11 -7.2718616)
(0.090280069 -9.5748358e-11 -7.2333288)
(0.12480942 1.0040868e-11 -7.2335451)
(0.11218838 1.2879119e-11 -7.1979669)
(0.1582351 -1.4594615e-11 -7.191936)
(0.14328957 1.784272e-11 -7.1581438)
(0.20263799 -2.1107669e-11 -7.1503129)
(0.18227861 -2.9376132e-11 -7.1166456)
(0.25877035 -3.6375016e-11 -7.1101152)
(0.22982361 -1.5183226e-11 -7.0773263)
(0.32780086 -3.9072167e-11 -7.0740506)
(0.29285412 -6.158291e-11 -7.0388875)
(0.41331413 -1.7492625e-11 -7.0492574)
(0.36864087 -1.7764653e-11 -7.0083904)
(0.51293404 -7.0177644e-12 -7.0419714)
(0.45891544 -3.2064549e-11 -6.9926728)
(0.62286436 -7.0123724e-13 -7.0610105)
(0.56401977 -1.1396958e-11 -6.9967063)
(0.73680133 1.2200829e-11 -7.1168967)
(0.67505077 -2.4834771e-12 -7.0328133)
(0.83681553 6.8482399e-13 -7.2146802)
(0.78321438 2.2012954e-11 -7.1083459)
(0.90480207 -3.3689495e-11 -7.3526875)
(0.87049303 -2.5898202e-11 -7.2249676)
(0.92289215 -2.2000118e-11 -7.5148099)
(0.91515011 -3.4624821e-11 -7.377533)
(0.88470508 -1.4245352e-11 -7.6748065)
(0.90561611 3.9993512e-12 -7.5398076)
(0.80560794 -2.4354083e-11 -7.8093186)
(0.84472054 -1.86765e-11 -7.6883898)
(0.70368256 -1.1509393e-12 -7.904332)
(0.75047401 -1.4972946e-11 -7.802173)
(0.60142527 9.5988374e-12 -7.9620481)
(0.64831028 2.7906379e-11 -7.8752358)
(0.50727713 2.0264273e-12 -7.9895478)
(0.54733832 4.8105876e-12 -7.9172456)
(0.42894654 -5.8134396e-12 -7.9984678)
(0.46800251 9.4437104e-12 -7.9314755)
(0.36432941 -2.1544749e-11 -7.9955255)
(0.38712732 -2.3461371e-11 -7.9370804)
(0.31357706 -4.0852572e-12 -7.9899274)
(0.34872001 -2.0462713e-11 -7.9275319)
(0.26995382 5.8355384e-12 -8.0053926)
(0.27395662 1.0969588e-11 -7.9275069)
(0.2277034 4.9715809e-12 -8.1620838)
(0.27579984 -7.1129402e-12 -7.9592348)
(0.15090535 1.8100995e-11 -8.6310393)
(0.18008708 1.0615974e-11 -8.2394447)
(0.10778425 1.7911467e-11 -8.8909769)
(0.0013096554 3.9687505e-09 -7.4082989)
(0.00054993981 2.009574e-09 -7.3555667)
(0.0036527774 2.9469048e-09 -7.3962601)
(0.0026419591 6.8291074e-09 -7.3398547)
(0.0062555737 -9.412637e-10 -7.391268)
(0.0055817971 -1.8117957e-09 -7.3353512)
(0.0088634797 2.3248902e-10 -7.3854573)
(0.008436096 3.0033534e-11 -7.3301481)
(0.011533263 3.9720698e-10 -7.3784689)
(0.010146523 3.1271364e-10 -7.3238594)
(0.014206628 2.5863236e-10 -7.3699762)
(0.013640028 4.2032699e-10 -7.3162386)
(0.017437527 1.3390913e-10 -7.3600075)
(0.01785997 7.4041437e-11 -7.3069445)
(0.020999135 1.4625419e-10 -7.3480345)
(0.017913348 1.3701855e-10 -7.2964106)
(0.024732125 4.7582331e-11 -7.3332847)
(0.025337884 9.946696e-11 -7.2830461)
(0.030089033 -6.9264652e-11 -7.3165897)
(0.029081011 -9.3428084e-12 -7.2671097)
(0.036541115 1.2844479e-11 -7.2974403)
(0.032782762 -7.918572e-11 -7.2499863)
(0.04398726 1.4898769e-10 -7.2748632)
(0.04315957 1.56846e-10 -7.229036)
(0.054339588 1.4210997e-10 -7.2500332)
(0.050851926 1.7874552e-10 -7.2052466)
(0.067292516 6.1271371e-11 -7.2220962)
(0.061581465 1.3714204e-10 -7.1799739)
(0.08339598 -4.1252369e-11 -7.1899941)
(0.077626965 9.5961009e-12 -7.1499854)
(0.10433063 -4.24518e-11 -7.1557077)
(0.096297683 -7.2951686e-11 -7.1166643)
(0.13165777 2.0631674e-11 -7.1188002)
(0.11873245 8.5510212e-12 -7.0826693)
(0.16530653 3.4978775e-12 -7.0790341)
(0.15026782 2.8743515e-11 -7.0442435)
(0.20970618 -2.3576161e-11 -7.0397757)
(0.18912941 7.1399201e-12 -7.0050087)
(0.26503894 -4.0003912e-11 -7.0021681)
(0.23640982 -1.5359486e-12 -6.9680566)
(0.33264171 -4.0623338e-11 -6.9691895)
(0.29849821 -3.0371112e-11 -6.9322956)
(0.41562714 -3.2227365e-11 -6.9476251)
(0.37218287 -2.2356689e-11 -6.9051205)
(0.51111697 -3.6591987e-11 -6.9430478)
(0.45938527 -3.2325243e-11 -6.8922666)
(0.61565746 -1.3240448e-11 -6.9639049)
(0.55984161 -1.4113248e-11 -6.8985673)
(0.7228554 7.1655254e-12 -7.0194035)
(0.66471361 -6.1779866e-12 -6.9357677)
(0.8158767 -4.2625281e-12 -7.1135329)
(0.76607754 3.3922076e-11 -7.0092333)
(0.87897035 -2.6780013e-11 -7.2445485)
(0.84697871 8.7622765e-12 -7.1207237)
(0.89562797 -8.856055e-12 -7.3972702)
(0.88824365 -2.0575657e-11 -7.2648699)
(0.86062596 -3.0217437e-13 -7.5483347)
(0.87966553 1.2827448e-11 -7.417456)
(0.7872682 -9.3167674e-12 -7.6765596)
(0.82342141 1.3850779e-11 -7.5585181)
(0.69168235 1.3852938e-11 -7.7687343)
(0.7356775 1.1805406e-12 -7.6675776)
(0.5948729 2.3237714e-11 -7.8263478)
(0.63932248 4.1768524e-11 -7.739723)
(0.50437529 1.2203908e-11 -7.855281)
(0.54296753 1.6751995e-11 -7.7822466)
(0.42843947 -8.0427529e-12 -7.8662698)
(0.46640718 1.6102449e-11 -7.7985907)
(0.36469601 -2.239357e-11 -7.8653543)
(0.38716634 -1.9709708e-11 -7.8059807)
(0.31427203 -5.5533601e-12 -7.8613394)
(0.34922061 -7.1439461e-12 -7.7985211)
(0.27037053 -1.8969954e-12 -7.8774715)
(0.27448548 1.9479849e-11 -7.7994596)
(0.22782512 -1.5459674e-12 -8.0318484)
(0.27601927 -4.610629e-12 -7.8314881)
(0.15091019 1.0395683e-11 -8.4934487)
(0.17996634 5.6071114e-12 -8.1067516)
(0.10796154 2.0182514e-11 -8.7485237)
(0.0015821732 3.6650393e-09 -7.2872286)
(0.00073269265 1.2311369e-09 -7.2345527)
(0.0041964682 2.8559406e-09 -7.2753957)
(0.0030322462 6.3770919e-09 -7.2190922)
(0.0070420067 -9.4675813e-10 -7.2704842)
(0.0062124194 -1.7723379e-09 -7.2146897)
(0.009876269 9.8225548e-11 -7.2647252)
(0.0093446672 -3.8713153e-11 -7.2095156)
(0.012981952 3.321963e-10 -7.2577719)
(0.011352219 1.6140839e-10 -7.203299)
(0.01590002 2.4544466e-10 -7.2493423)
(0.015136734 3.957259e-10 -7.1956598)
(0.019429929 7.563954e-11 -7.2394886)
(0.019645828 4.4890817e-12 -7.1864944)
(0.02346422 9.1016236e-11 -7.227589)
(0.02013433 8.1044433e-11 -7.1760788)
(0.027473593 4.456507e-11 -7.2130299)
(0.027921709 5.7636256e-11 -7.1627351)
(0.033321876 -1.809454e-11 -7.196635)
(0.032013412 -7.0955184e-12 -7.1471718)
(0.040226642 6.1231121e-11 -7.1777332)
(0.036234165 -7.8379091e-11 -7.130297)
(0.048169793 1.8629997e-10 -7.155581)
(0.04709013 1.8916876e-10 -7.1095989)
(0.059007948 1.743129e-10 -7.1313541)
(0.05516284 1.7044541e-10 -7.0864192)
(0.07254872 8.6988465e-11 -7.1040605)
(0.066473055 1.3780317e-10 -7.0617469)
(0.089091162 -2.118411e-11 -7.0728306)
(0.083120489 -2.580047e-11 -7.0324345)
(0.11059115 -2.2798422e-11 -7.0397425)
(0.10209262 -6.5285581e-11 -7.0001769)
(0.13818847 1.6464554e-11 -7.0042008)
(0.12502476 -4.4130203e-12 -6.9674952)
(0.17202712 3.2586592e-11 -6.9662442)
(0.15691373 3.3662834e-11 -6.9304505)
(0.21633355 2.9257746e-11 -6.929251)
(0.19558427 3.4020592e-11 -6.8934243)
(0.27082098 8.338679e-12 -6.8940965)
(0.24256886 6.4775607e-12 -6.8586944)
(0.33698937 -1.2167341e-11 -6.8640328)
(0.30363816 8.4159591e-12 -6.825491)
(0.41746015 -2.2378727e-11 -6.8454337)
(0.37523388 -3.0103685e-11 -6.8014221)
(0.50896898 -9.9778315e-12 -6.843286)
(0.45946522 -3.6471057e-11 -6.7911371)
(0.60843417 -7.1057563e-12 -6.8656973)
(0.55544373 -2.2370891e-11 -6.7994703)
(0.70931709 2.0311447e-11 -6.9206316)
(0.65455143 -1.4058015e-11 -6.8374973)
(0.79594508 4.7109644e-11 -7.0112356)
(0.74963407 4.21647e-11 -6.9088391)
(0.85458144 1.5148959e-11 -7.1357139)
(0.82468131 3.3676547e-11 -7.0155182)
(0.86986142 9.0921612e-13 -7.2797349)
(0.86288145 -4.9252092e-12 -7.1517927)
(0.83776979 2.6975262e-11 -7.4225114)
(0.85509177 1.7763267e-11 -7.295483)
(0.76955999 2.4419424e-11 -7.5447654)
(0.80305643 3.6480059e-11 -7.4294631)
(0.67990265 2.8878245e-11 -7.6341244)
(0.72127396 1.9023178e-11 -7.5339783)
(0.58815403 3.5413474e-11 -7.6914363)
(0.63032846 3.828753e-11 -7.6050825)
(0.50121612 2.0654048e-11 -7.7215619)
(0.53837105 1.7522764e-11 -7.6478717)
(0.42759769 4.6114399e-12 -7.7343892)
(0.46450617 -1.0796938e-12 -7.66612)
(0.36482015 -4.5194432e-12 -7.735325)
(0.38692368 -1.6809182e-11 -7.6750574)
(0.31476537 1.7766597e-11 -7.732792)
(0.34950574 1.5080183e-11 -7.6695811)
(0.27069057 1.687527e-11 -7.7495319)
(0.27486825 2.1081882e-11 -7.6713836)
(0.2278803 2.4977353e-12 -7.9016067)
(0.27616871 -9.2903056e-12 -7.7036921)
(0.15090328 1.5331776e-11 -8.355878)
(0.17982301 7.7225035e-12 -7.9740465)
(0.10812978 1.2061505e-11 -8.6060682)
(0.0018359259 2.6567283e-09 -7.1662663)
(0.00091222971 5.9247256e-10 -7.1136476)
(0.0047034629 2.4896803e-09 -7.1546416)
(0.0034120274 5.867958e-09 -7.0984385)
(0.0077436808 -9.6430938e-10 -7.1498136)
(0.0068307104 -1.7604535e-09 -7.0941241)
(0.010889995 1.5956123e-11 -7.1441182)
(0.010236528 -8.2265853e-11 -7.089001)
(0.014236468 2.17025e-10 -7.137205)
(0.012541318 1.433461e-10 -7.0828448)
(0.017545662 1.6574177e-10 -7.1288418)
(0.016610506 3.457904e-10 -7.0752168)
(0.021477523 8.0605897e-12 -7.1191092)
(0.021399678 -6.1712589e-12 -7.0661859)
(0.025794799 4.8155847e-11 -7.1072794)
(0.022330359 7.9230563e-11 -7.0558683)
(0.030201266 7.1803849e-12 -7.092924)
(0.030457613 5.4059617e-11 -7.0425673)
(0.036484681 -6.6186726e-11 -7.0768446)
(0.034882829 -4.2314062e-11 -7.0273863)
(0.043827057 4.5494158e-11 -7.0581954)
(0.039630064 -1.0162432e-10 -7.0107626)
(0.052294297 1.7357521e-10 -7.0364651)
(0.050933374 1.4424805e-10 -6.9903349)
(0.063436486 1.3435609e-10 -7.0128489)
(0.059357557 1.5903875e-10 -6.9677258)
(0.077600941 2.6966852e-11 -6.9861936)
(0.0712397 1.3322453e-10 -6.9437138)
(0.094362677 -6.9461248e-11 -6.9558426)
(0.088441637 -7.4698825e-11 -6.9150047)
(0.11660358 -4.753442e-11 -6.9239482)
(0.10766826 -7.8409765e-11 -6.883907)
(0.14441402 1.2411647e-11 -6.889728)
(0.13107365 -2.4909302e-11 -6.8524435)
(0.17841189 3.509345e-11 -6.8535454)
(0.16323534 4.7544937e-11 -6.8167681)
(0.22253993 1.1482708e-11 -6.818718)
(0.20166212 1.0634472e-11 -6.7818851)
(0.27614834 6.5387222e-12 -6.7858882)
(0.24832326 4.0750427e-12 -6.7492413)
(0.34088018 -9.2145222e-12 -6.7585742)
(0.30830437 4.3081505e-12 -6.7184806)
(0.4188563 -4.4147149e-11 -6.7426928)
(0.37783713 -4.0168722e-11 -6.6973061)
(0.50653833 -4.8965291e-11 -6.7427242)
(0.45919691 -6.8761659e-11 -6.6893202)
(0.60122077 -2.9380303e-11 -6.7664521)
(0.55086556 -4.3307031e-11 -6.6994783)
(0.69618264 7.4205729e-12 -6.8206727)
(0.64458454 -1.3683546e-11 -6.7380858)
(0.77696538 2.8786542e-11 -6.9078834)
(0.73385371 3.8199022e-11 -6.8072789)
(0.83152436 1.3840806e-11 -7.0262342)
(0.80352399 1.2685983e-11 -6.9094399)
(0.84549483 1.1793448e-11 -7.1621927)
(0.83895257 1.3548166e-11 -7.0383355)
(0.81605846 2.716044e-11 -7.2972667)
(0.83180672 2.0691322e-11 -7.1738635)
(0.75247228 3.1180647e-11 -7.4138493)
(0.78358935 2.1406193e-11 -7.3011486)
(0.66835946 2.832887e-11 -7.5004265)
(0.70726967 2.0593704e-11 -7.4013218)
(0.58130238 2.0505413e-11 -7.557263)
(0.62136492 2.0726422e-11 -7.4712615)
(0.49783657 -4.1163203e-12 -7.5883647)
(0.53358756 1.7536656e-11 -7.5141182)
(0.42644453 -2.242245e-11 -7.602815)
(0.46233514 -2.3565981e-11 -7.5340598)
(0.36472094 2.6383684e-12 -7.6054363)
(0.38642377 -1.6127108e-11 -7.5443395)
(0.31506155 1.8367656e-11 -7.6042836)
(0.34958881 9.2705577e-12 -7.5407297)
(0.27091695 -4.9462532e-12 -7.6215713)
(0.27511293 -3.379251e-13 -7.5433109)
(0.22786797 -4.1399909e-12 -7.7713494)
(0.27624872 -1.2840832e-11 -7.5758654)
(0.15088298 4.4339829e-12 -8.2183128)
(0.17965718 5.9794762e-12 -7.8413537)
(0.10828886 1.4151933e-12 -8.4636283)
(0.0020858195 2.4848309e-09 -7.0453849)
(0.0010876003 8.023133e-10 -6.9928433)
(0.0052289032 2.3113158e-09 -7.0339692)
(0.0037824396 5.377173e-09 -6.9778918)
(0.0084838342 -9.7522855e-10 -7.029233)
(0.0074355056 -1.8121612e-09 -6.9736534)
(0.012047756 3.5523617e-11 -7.023606)
(0.011113272 -1.6132672e-10 -6.9686217)
(0.015587522 2.6527218e-10 -7.0167297)
(0.013716014 1.9326135e-10 -6.9624863)
(0.019153519 1.8374548e-10 -7.0084456)
(0.01806024 3.4031586e-10 -6.9548793)
(0.023429203 6.295141e-11 -6.9988344)
(0.0231221 4.4171793e-11 -6.9459996)
(0.02807067 8.5661473e-11 -6.9870791)
(0.024500416 9.5669779e-11 -6.9357778)
(0.032901077 6.3572526e-12 -6.9729369)
(0.032943258 5.9195975e-11 -6.9225397)
(0.039561841 -7.6759853e-11 -6.9571775)
(0.03768768 8.393909e-12 -6.9077347)
(0.047319306 -6.6059391e-12 -6.9388097)
(0.042964335 -9.486958e-11 -6.8913704)
(0.056636909 1.2950568e-10 -6.9174953)
(0.054690568 9.3925795e-11 -6.8712976)
(0.068098878 1.5823879e-10 -6.8944636)
(0.063440695 1.7529195e-10 -6.8491659)
(0.082431597 3.4038346e-11 -6.8684471)
(0.075881622 1.6520276e-10 -6.825785)
(0.09964861 -8.3606047e-11 -6.8389946)
(0.093587827 -5.6772152e-11 -6.7977309)
(0.12237756 -5.634267e-11 -6.8082816)
(0.11302806 -7.0590506e-11 -6.7678007)
(0.15034544 9.5128322e-12 -6.7753401)
(0.13688654 2.5456334e-11 -6.7374947)
(0.18447298 2.3428074e-11 -6.7408935)
(0.16924039 6.9568999e-11 -6.7031812)
(0.22834422 3.2843956e-12 -6.7081321)
(0.20738076 8.2410817e-12 -6.6703669)
(0.2810505 1.8425268e-12 -6.6775057)
(0.25369341 1.4977027e-11 -6.639683)
(0.34434754 -2.6292791e-11 -6.6527812)
(0.31252514 -8.5901375e-12 -6.611255)
(0.41985558 -6.456647e-11 -6.6393847)
(0.38003135 -1.7366339e-11 -6.5927681)
(0.50386873 -6.3287969e-11 -6.6413693)
(0.45861548 -7.6130576e-11 -6.5868364)
(0.59403904 -2.7816112e-11 -6.6661986)
(0.54613936 -2.4532685e-11 -6.5986342)
(0.68344748 1.6748835e-11 -6.7195818)
(0.63482468 -5.399069e-12 -6.6375966)
(0.75888596 2.2262089e-11 -6.8035321)
(0.71870146 4.2274823e-11 -6.7046431)
(0.80969797 1.2388019e-11 -6.9161266)
(0.78343068 -5.2279056e-12 -6.8025503)
(0.82244126 2.2403507e-11 -7.0446061)
(0.81634834 2.7913396e-11 -6.9245152)
(0.79541994 1.4932964e-11 -7.172511)
(0.80972314 3.1227e-11 -7.0525546)
(0.73599993 1.0823765e-11 -7.2837094)
(0.76497893 1.2481786e-11 -7.1734891)
(0.65706923 1.2990542e-11 -7.3675501)
(0.69366461 7.3450392e-12 -7.2695373)
(0.57435902 1.7774285e-11 -7.4237636)
(0.6124615 1.8477873e-11 -7.3381901)
(0.49427612 -1.7053512e-12 -7.4556496)
(0.52865083 2.6886501e-11 -7.3809617)
(0.42501348 -1.7307114e-11 -7.4715236)
(0.4599271 -4.3704858e-12 -7.4023835)
(0.36442239 -9.6158804e-12 -7.4756758)
(0.38568982 -1.5272203e-11 -7.4138326)
(0.31517464 -9.3905231e-12 -7.4758043)
(0.34948369 -1.1789563e-11 -7.4119615)
(0.2710563 -8.176171e-12 -7.4935812)
(0.27522789 1.791814e-12 -7.4152513)
(0.22779273 -2.8039294e-12 -7.6410663)
(0.27626073 -7.8284685e-12 -7.4480049)
(0.15085002 2.9801963e-12 -8.0807468)
(0.17946873 4.3528815e-12 -7.7086751)
(0.10843928 1.2144995e-11 -8.3211985)
(0.0023277777 2.5509422e-09 -6.9246592)
(0.0012579795 5.7070913e-11 -6.8721301)
(0.0057487766 1.9072604e-09 -6.913454)
(0.0041454649 5.0560048e-09 -6.8574449)
(0.0092139597 -1.0935031e-09 -6.9088043)
(0.0080294722 -2.1775874e-09 -6.8532695)
(0.012835439 -1.8679319e-11 -6.9032548)
(0.011975701 -2.2299767e-10 -6.8482952)
(0.016849722 2.6333693e-10 -6.8964211)
(0.014877673 1.6259853e-10 -6.8422587)
(0.020761421 2.0904598e-10 -6.8882169)
(0.019486965 2.9193285e-10 -6.8346553)
(0.025325913 7.5655968e-11 -6.8787286)
(0.024813293 7.1162316e-11 -6.825918)
(0.030294506 6.9967702e-11 -6.8670613)
(0.026641771 6.8912985e-11 -6.8158)
(0.035594081 6.2178828e-11 -6.8531289)
(0.035379801 8.0996536e-11 -6.8026533)
(0.042409722 -7.9871309e-12 -6.8376902)
(0.040427834 7.6441764e-11 -6.7881672)
(0.050664163 2.7940638e-12 -6.8196295)
(0.046232319 -8.5487542e-11 -6.7721256)
(0.060152026 1.3857957e-10 -6.7987435)
(0.058360154 1.3116714e-10 -6.7523486)
(0.072449173 1.8238618e-10 -6.7762791)
(0.067416946 2.0373993e-10 -6.7308186)
(0.087201734 7.7040494e-11 -6.7508855)
(0.080402686 1.9089588e-10 -6.7079972)
(0.10478621 -4.3601753e-11 -6.7223445)
(0.098559468 -3.3593802e-11 -6.6805894)
(0.12791732 1.0208523e-11 -6.6927876)
(0.11817933 -4.4063262e-11 -6.6518334)
(0.15599349 8.5081589e-11 -6.6610925)
(0.14247051 9.0057417e-11 -6.6226303)
(0.1902206 5.4951304e-11 -6.6283402)
(0.17493882 8.5972658e-11 -6.5896749)
(0.23376337 1.9875028e-11 -6.5975449)
(0.21275903 7.7108593e-13 -6.5588468)
(0.28555215 4.7410107e-12 -6.5690071)
(0.25869941 2.9417427e-11 -6.5300068)
(0.34741929 4.0674906e-13 -6.546716)
(0.31632895 -2.1926667e-11 -6.5038054)
(0.42049082 -2.8483969e-11 -6.5355853)
(0.38185351 3.1879177e-11 -6.4878046)
(0.50099464 -3.7748728e-11 -6.5393185)
(0.45775364 -7.7893062e-11 -6.4837067)
(0.58690185 -2.2478929e-12 -6.5650537)
(0.54129572 1.0100293e-11 -6.4969771)
(0.67110031 1.9809007e-11 -6.6174981)
(0.6252819 3.8428955e-12 -6.536088)
(0.74165177 1.5089287e-11 -6.6983199)
(0.70414592 2.5986369e-11 -6.6010136)
(0.78900337 1.0092739e-11 -6.8054966)
(0.76433426 -1.6656112e-11 -6.6949025)
(0.80061327 3.6717549e-11 -6.9270325)
(0.79497095 2.4770746e-11 -6.8103505)
(0.77577697 2.8883986e-11 -7.048253)
(0.78876226 4.80199e-11 -6.9315145)
(0.72012884 9.0315597e-12 -7.1543387)
(0.74718476 6.2349849e-12 -7.0464103)
(0.646034 1.2772489e-11 -7.2354905)
(0.68045657 1.1727033e-11 -7.1385567)
(0.56735435 2.7546547e-11 -7.2909527)
(0.60364227 9.1934474e-12 -7.2058036)
(0.49055998 2.4379991e-11 -7.3234495)
(0.52358958 1.7013147e-11 -7.2483769)
(0.4233301 -2.2817095e-12 -7.3405607)
(0.45731088 4.5876213e-12 -7.2710651)
(0.36393853 -1.7462687e-11 -7.3460983)
(0.38474187 -1.2221034e-11 -7.2835405)
(0.31511407 -6.6988746e-13 -7.3474093)
(0.34920268 -1.5916043e-11 -7.2832705)
(0.2711098 2.1831445e-12 -7.3656162)
(0.27522023 -4.7882818e-12 -7.2872131)
(0.22765783 -7.2504019e-13 -7.5108042)
(0.27620619 -3.8809693e-12 -7.3201082)
(0.15080289 1.348466e-11 -7.9432202)
(0.17925705 2.9276436e-12 -7.5760114)
(0.10858175 9.0690452e-12 -8.1787739)
(0.0025623548 1.3124339e-09 -6.8040078)
(0.00142303 -3.4219659e-10 -6.7515182)
(0.0062490421 1.6287636e-09 -6.7930122)
(0.0045035283 5.0724585e-09 -6.7371068)
(0.0098900347 -1.419838e-09 -6.7884355)
(0.0086163725 -2.4780971e-09 -6.7329763)
(0.013794411 -5.8127087e-11 -6.7829754)
(0.01282236 -1.7610465e-10 -6.7280786)
(0.018083134 1.8682715e-10 -6.7762019)
(0.016024449 8.9469459e-11 -6.7221414)
(0.022348601 1.6024036e-10 -6.7680655)
(0.020892888 1.6097831e-10 -6.7145583)
(0.02710904 6.447356e-11 -6.7587001)
(0.026472201 7.3881439e-11 -6.7059351)
(0.03244848 7.9688494e-11 -6.7471559)
(0.02874719 5.5381287e-11 -6.6959535)
(0.038475171 9.5343263e-11 -6.7334155)
(0.037770627 9.1890923e-11 -6.6829693)
(0.045343853 1.6489302e-12 -6.7182897)
(0.043103409 1.0612439e-10 -6.668681)
(0.054145213 3.9592922e-11 -6.7005502)
(0.049431158 -7.6762424e-11 -6.6530518)
(0.063925163 1.9531563e-10 -6.6800978)
(0.06193987 1.9402037e-10 -6.633526)
(0.076528854 2.124138e-10 -6.6582209)
(0.071282344 2.3088222e-10 -6.6126)
(0.091768243 8.2938474e-11 -6.6334352)
(0.084805012 1.9469288e-10 -6.5903721)
(0.10976302 -3.3939075e-11 -6.6057985)
(0.10335848 -1.3920915e-11 -6.5635981)
(0.13323135 3.438606e-11 -6.5773693)
(0.12312782 -3.3682367e-11 -6.5360035)
(0.16137409 9.0988418e-11 -6.5468936)
(0.14782997 7.5395173e-11 -6.5078525)
(0.19566939 3.2582767e-11 -6.5157927)
(0.180339 7.1858275e-11 -6.4762526)
(0.2388192 1.0062251e-11 -6.4868662)
(0.21781357 -1.5016453e-11 -6.4473219)
(0.28968151 3.1780412e-12 -6.46031)
(0.26335867 4.2585794e-11 -6.4202195)
(0.35012722 9.1181695e-12 -6.4403015)
(0.31974199 -3.3125022e-11 -6.3961417)
(0.42079885 -1.6698056e-11 -6.4312337)
(0.38333684 4.1803636e-11 -6.3824307)
(0.49795425 -3.0682269e-11 -6.4365321)
(0.45664017 -8.1435956e-11 -6.3799697)
(0.57982804 1.6234056e-11 -6.4629959)
(0.53636219 1.7817181e-11 -6.3945593)
(0.65913925 9.8728272e-12 -6.514421)
(0.61596351 1.2174028e-11 -6.4336315)
(0.72522112 -5.4849836e-12 -6.5922425)
(0.69015827 5.6074753e-12 -6.4964819)
(0.76936192 -2.2336075e-12 -6.6943101)
(0.74617493 -2.8337785e-11 -6.5865599)
(0.77994062 3.5934682e-11 -6.809392)
(0.77473275 1.1813534e-11 -6.6958795)
(0.75706592 2.5611247e-11 -6.9243666)
(0.76885432 5.5520628e-11 -6.8107221)
(0.70485395 8.8999395e-12 -7.0256016)
(0.73017098 -8.9457622e-12 -6.9198694)
(0.63525937 8.161744e-12 -7.1041225)
(0.66764396 1.6674491e-11 -7.0083354)
(0.56032362 -1.379903e-12 -7.1587279)
(0.59492944 -5.7865127e-12 -7.0740648)
(0.4867142 -2.715708e-12 -7.1916817)
(0.51843143 -5.5734037e-12 -7.1163587)
(0.42142476 -5.2692025e-12 -7.2098585)
(0.45451482 -1.7996998e-11 -7.1401009)
(0.36328527 -1.0656978e-11 -7.2166459)
(0.38360026 -4.6397362e-12 -7.1534856)
(0.31489399 -2.0085443e-11 -7.219043)
(0.3487593 -8.8108486e-12 -7.1546716)
(0.27108097 -1.0856128e-11 -7.237624)
(0.27509794 -1.9843643e-11 -7.1592235)
(0.22746981 -2.5816754e-13 -7.3805103)
(0.27608788 -1.8901622e-12 -7.1921945)
(0.15074103 -1.5138126e-12 -7.8056839)
(0.17902187 -2.8965158e-12 -7.4433841)
(0.10871744 -1.0484923e-11 -8.0363725)
(0.0028198612 2.0642053e-09 -6.6835231)
(0.0015837499 1.9188861e-10 -6.630996)
(0.0067318896 1.6520129e-09 -6.6727314)
(0.0048591703 5.1097523e-09 -6.6168507)
(0.01062196 -1.3671683e-09 -6.668224)
(0.0091979857 -2.3166645e-09 -6.6127687)
(0.014772612 -3.9808131e-11 -6.6628538)
(0.013654828 -8.919056e-11 -6.6079474)
(0.019261738 6.1197923e-11 -6.6561532)
(0.017154784 8.5447552e-11 -6.6021002)
(0.023996371 7.7056823e-11 -6.648072)
(0.0222814 9.6500135e-11 -6.5945897)
(0.028728957 6.5232704e-11 -6.6388293)
(0.028098118 1.1776583e-10 -6.5859889)
(0.034571445 6.6818413e-11 -6.6274453)
(0.030810558 8.8274981e-11 -6.5762401)
(0.040807057 1.0240776e-10 -6.6139)
(0.040116318 8.1310212e-11 -6.5633671)
(0.04847032 3.0772922e-11 -6.5990794)
(0.04571691 1.0813441e-10 -6.5493879)
(0.057423907 7.355291e-11 -6.5816559)
(0.05256225 -3.5312772e-12 -6.5340573)
(0.067640673 2.2907563e-10 -6.5616425)
(0.065429891 1.85076e-10 -6.5148344)
(0.080701891 2.1362624e-10 -6.5403547)
(0.075037421 2.4348388e-10 -6.4945183)
(0.096189527 1.0032217e-10 -6.5161762)
(0.089089635 1.9879733e-10 -6.4728463)
(0.11457452 -1.344319e-11 -6.4894374)
(0.10798873 2.2266996e-11 -6.4467322)
(0.13832199 6.1875002e-12 -6.4621017)
(0.12788206 -1.4893433e-11 -6.420279)
(0.16649776 5.6297852e-11 -6.4328188)
(0.15297123 5.5198439e-11 -6.3931334)
(0.20082647 2.5063869e-11 -6.4033221)
(0.18545198 5.6086192e-11 -6.3628864)
(0.24352697 1.7001748e-11 -6.3761673)
(0.22256231 -2.2044411e-11 -6.3357602)
(0.29345828 6.9144213e-12 -6.3514909)
(0.26768904 3.6299781e-11 -6.3102987)
(0.3524936 -1.0352319e-12 -6.3336168)
(0.32279074 -3.5148804e-11 -6.288245)
(0.42080617 -2.2000277e-11 -6.3264215)
(0.38451242 2.0884775e-11 -6.2766337)
(0.49477228 -3.3656348e-11 -6.3331185)
(0.45530094 -6.9442878e-11 -6.2756353)
(0.57282351 1.3796231e-11 -6.3601481)
(0.53136273 1.5660935e-11 -6.2914022)
(0.64755063 7.9523712e-12 -6.4104915)
(0.60687193 1.1980917e-11 -6.330267)
(0.7095416 -1.7028251e-11 -6.4854366)
(0.67670813 -1.176314e-12 -6.3911038)
(0.7506905 -1.4539276e-11 -6.5826802)
(0.72889321 -2.8130563e-11 -6.4775504)
(0.76034516 3.1138967e-11 -6.6917588)
(0.75554822 -1.102921e-12 -6.5811096)
(0.73921888 2.133406e-11 -6.8008913)
(0.74993095 4.4434903e-11 -6.6901248)
(0.690161 -1.3141562e-12 -6.8975239)
(0.71389805 -1.0785569e-11 -6.7937986)
(0.62474114 2.8467438e-12 -6.9734671)
(0.65521855 1.5702399e-11 -6.878795)
(0.55329587 -9.9815935e-12 -7.0271268)
(0.58633808 -1.6696653e-12 -6.9429063)
(0.48275782 -2.0792916e-11 -7.0603979)
(0.5131986 -1.6353377e-11 -6.9848642)
(0.41932591 -1.7433691e-11 -7.0794811)
(0.45156289 -1.1504935e-11 -7.0094533)
(0.36247462 -2.7733108e-12 -7.0873908)
(0.38228246 -3.3667318e-12 -7.0236523)
(0.31452886 -8.5173207e-12 -7.0907795)
(0.3481656 -1.0896473e-11 -7.026145)
(0.27097106 -1.0958575e-11 -7.1096796)
(0.27486784 -5.2184107e-12 -7.0312727)
(0.22723492 -4.5243287e-12 -7.2502545)
(0.27590846 1.8671521e-12 -7.0642486)
(0.15066394 -1.1835754e-11 -7.6682032)
(0.17876256 -4.5329296e-13 -7.3107771)
(0.10884744 -6.3914582e-12 -7.8939737)
(0.0030633116 2.0079728e-09 -6.5631409)
(0.0017422754 4.7807232e-10 -6.5105846)
(0.0071776427 1.8161944e-09 -6.5525497)
(0.0052129709 5.1449791e-09 -6.4966953)
(0.011389073 -1.1672059e-09 -6.5481173)
(0.009774064 -2.1063556e-09 -6.4926859)
(0.015869664 2.8629976e-11 -6.5428242)
(0.014476417 -2.0266491e-10 -6.4879468)
(0.020472022 1.2037313e-10 -6.5361971)
(0.018267985 -1.8417338e-12 -6.4821482)
(0.025429166 1.3660965e-10 -6.5281859)
(0.023649761 1.1146912e-10 -6.4747273)
(0.030805206 1.4151091e-10 -6.5190624)
(0.029690971 6.7462863e-11 -6.4662312)
(0.036732689 1.0291067e-10 -6.5078299)
(0.032832881 4.7452119e-11 -6.4566156)
(0.043170025 8.6538927e-11 -6.4945114)
(0.042410467 4.4750849e-11 -6.4438719)
(0.051342798 7.5695068e-11 -6.4800023)
(0.048267939 6.7752902e-11 -6.4302598)
(0.060609514 1.051246e-10 -6.4628819)
(0.055626977 1.3890357e-11 -6.4151941)
(0.071340345 1.9867279e-10 -6.4433247)
(0.068826831 1.2998202e-10 -6.3963128)
(0.08479035 2.2922816e-10 -6.4226037)
(0.078685693 2.6296687e-10 -6.3765859)
(0.10047458 1.2284606e-10 -6.3990293)
(0.093256402 2.2754411e-10 -6.3554344)
(0.11922723 2.1228365e-11 -6.3731901)
(0.11245085 4.1584364e-11 -6.3300109)
(0.14319989 3.3384944e-11 -6.3469138)
(0.13244897 2.0625673e-12 -6.3046729)
(0.17138457 5.4978137e-11 -6.3187992)
(0.15789887 5.3546347e-11 -6.278491)
(0.20570711 9.7029269e-12 -6.2908582)
(0.19028784 8.1621302e-11 -6.2495909)
(0.24790879 -3.2575076e-12 -6.2653824)
(0.2270216 -3.2662358e-11 -6.2241738)
(0.29690815 -5.1668485e-12 -6.242491)
(0.27170677 1.6442139e-11 -6.200265)
(0.35454594 -1.3673154e-11 -6.2266093)
(0.32550087 -3.8048283e-11 -6.180138)
(0.42054526 -2.5872842e-11 -6.2211117)
(0.38540992 1.4904899e-11 -6.1704422)
(0.49147966 -2.0743383e-11 -6.2290568)
(0.45376154 -6.7784836e-11 -6.1707532)
(0.56590339 1.3871187e-11 -6.2565042)
(0.52632289 1.7187101e-11 -6.1875634)
(0.63633321 2.9402669e-12 -6.3057205)
(0.59801278 1.4575892e-11 -6.2260709)
(0.69457656 -1.2106026e-11 -6.3779067)
(0.66377446 1.7007116e-12 -6.2849686)
(0.73292827 -1.4861104e-11 -6.470589)
(0.71244298 -2.8549585e-11 -6.3679386)
(0.74176663 1.1922912e-11 -6.5740765)
(0.73734866 1.2754985e-11 -6.4660917)
(0.7221852 1.2633261e-11 -6.6777322)
(0.73194042 3.1035677e-11 -6.5697175)
(0.67603891 6.0833724e-12 -6.7699998)
(0.69833618 -1.1505173e-11 -6.6681851)
(0.61447745 1.127896e-11 -6.8434232)
(0.64317753 3.2784825e-11 -6.7499083)
(0.54629873 -7.9650561e-12 -6.8960669)
(0.57788633 4.2348975e-12 -6.8123165)
(0.47870722 -7.0906385e-12 -6.9295297)
(0.50791587 3.0870345e-12 -6.853899)
(0.41705944 2.52103e-12 -6.9493731)
(0.44848081 -1.4560567e-11 -6.8791365)
(0.36151659 -1.1453558e-11 -6.9582858)
(0.38080792 -2.764877e-12 -6.8940714)
(0.31403167 -7.6239085e-12 -6.9625741)
(0.34743578 -1.9577179e-11 -6.8977207)
(0.27078166 7.5743794e-12 -6.981741)
(0.27453835 5.9514496e-13 -6.9033976)
(0.22695956 5.9477956e-12 -7.119992)
(0.27567231 6.2920718e-12 -6.9363055)
(0.15057028 5.0154645e-12 -7.5307317)
(0.17847937 1.9006724e-11 -7.1782236)
(0.10897317 -8.6818167e-12 -7.7516116)
(0.0032784241 2.448364e-09 -6.4428859)
(0.0019005366 -3.4717667e-10 -6.3902537)
(0.0075778725 1.8816428e-09 -6.4324962)
(0.0055639065 4.9348334e-09 -6.3766132)
(0.012082971 -1.2516452e-09 -6.4281409)
(0.010344836 -2.2625546e-09 -6.3726985)
(0.016687681 -2.4168967e-10 -6.4229176)
(0.015288149 -2.2607634e-10 -6.3680103)
(0.021702726 -1.4577496e-11 -6.4163646)
(0.019364101 -2.2918712e-11 -6.3623151)
(0.026913481 4.3553611e-11 -6.4084445)
(0.024993336 1.468676e-10 -6.3549583)
(0.032642991 -2.61208e-11 -6.3994363)
(0.031252056 5.8446968e-11 -6.3465866)
(0.03879281 -1.065423e-11 -6.3883349)
(0.03481803 1.881521e-11 -6.3370809)
(0.045579999 2.5535432e-11 -6.3752707)
(0.04464849 5.4512769e-11 -6.3244905)
(0.054125946 6.84702e-12 -6.3610789)
(0.050756221 3.7308829e-11 -6.3112516)
(0.063705617 3.6982147e-11 -6.344283)
(0.05862147 -5.6377359e-11 -6.2964411)
(0.075269181 1.9242458e-10 -6.3251755)
(0.072132685 6.6285876e-11 -6.2780009)
(0.088683126 2.6173874e-10 -6.3049795)
(0.08223443 2.1752954e-10 -6.258706)
(0.10461977 1.4850069e-10 -6.282023)
(0.097302835 1.8486654e-10 -6.2381249)
(0.12371951 2.2858393e-11 -6.2570803)
(0.11674668 3.731078e-11 -6.2134093)
(0.14786813 2.1686662e-11 -6.2318279)
(0.13683586 -2.2355243e-11 -6.1891549)
(0.17604187 7.991463e-11 -6.2048573)
(0.16261817 4.0869244e-11 -6.1639003)
(0.210319 4.0316125e-11 -6.1784196)
(0.1948577 9.4862574e-11 -6.1363375)
(0.25198097 -1.3394104e-11 -6.1545322)
(0.2312076 -3.5465092e-11 -6.112534)
(0.30005029 -1.5985098e-11 -6.1333354)
(0.2754277 -3.4523647e-13 -6.0900977)
(0.35630527 -9.8907074e-12 -6.1193073)
(0.32789691 -4.8060366e-11 -6.071803)
(0.42004199 -2.6380238e-11 -6.1153447)
(0.38605563 1.49635e-11 -6.0638458)
(0.48809796 -3.0470744e-11 -6.1244009)
(0.45204345 -9.4318187e-11 -6.0653328)
(0.5590746 1.791006e-11 -6.1521304)
(0.52126254 1.2568235e-11 -6.0830588)
(0.62547862 1.3422503e-11 -6.2001885)
(0.58938436 -1.6828953e-12 -6.1210772)
(0.68028281 -1.4548907e-11 -6.2697272)
(0.65133092 1.8414423e-11 -6.1781187)
(0.7160141 -1.1882059e-12 -6.3580932)
(0.69677312 -3.1534567e-11 -6.257744)
(0.7241411 3.1759441e-11 -6.4563689)
(0.72006221 1.4538318e-11 -6.3508318)
(0.70591798 7.1416983e-12 -6.554893)
(0.7148267 2.2822508e-11 -6.4494515)
(0.66247113 1.4950375e-11 -6.6430204)
(0.68344569 -2.2003908e-11 -6.5429736)
(0.60446753 2.5894709e-11 -6.7139725)
(0.63151166 2.714512e-11 -6.6216015)
(0.53936143 1.5293604e-11 -6.7655465)
(0.56958514 1.8313717e-11 -6.6822395)
(0.47458192 -4.2936609e-12 -6.799088)
(0.5026032 2.2035375e-11 -6.7234169)
(0.41465702 -1.9904925e-11 -6.8195583)
(0.44529048 -1.1634699e-11 -6.7491174)
(0.36042503 -1.0808409e-11 -6.8293624)
(0.37919403 -1.0128593e-11 -6.7647214)
(0.3134214 -1.1451655e-11 -6.834462)
(0.34658305 -2.5567327e-11 -6.7693806)
(0.27051648 -7.1305701e-13 -6.8538462)
(0.27411713 -3.1786133e-12 -6.7755833)
(0.22665148 1.9295586e-11 -6.9897605)
(0.27538363 -1.3947925e-12 -6.8083517)
(0.15046122 5.427807e-12 -7.3933075)
(0.17817247 3.5831251e-11 -7.0457048)
(0.10909595 -7.3848292e-12 -7.6092658)
(0.003510289 8.1883471e-10 -6.3227533)
(0.0020587512 -1.9039425e-09 -6.2700223)
(0.0080839478 1.4449556e-09 -6.3125584)
(0.0059129024 4.897225e-09 -6.2566408)
(0.012697047 -1.3544721e-09 -6.3082742)
(0.010911185 -2.5446312e-09 -6.2527866)
(0.017599281 -1.5956554e-11 -6.3031304)
(0.016088046 -2.8587222e-10 -6.2481827)
(0.022870218 1.3278634e-10 -6.2966579)
(0.020442281 -3.4946682e-11 -6.2425857)
(0.028369246 1.6423674e-10 -6.2888306)
(0.026311482 2.1173794e-10 -6.2353002)
(0.034392255 1.0432949e-10 -6.2799366)
(0.032781791 7.1164291e-11 -6.2270553)
(0.040806285 8.3232052e-11 -6.2689679)
(0.036765794 1.3191632e-12 -6.2176551)
(0.04795493 6.6604955e-11 -6.25617)
(0.046829059 4.9870449e-11 -6.205237)
(0.056832152 -2.4348043e-11 -6.2422933)
(0.053182811 2.4701961e-11 -6.1923673)
(0.066713793 -2.8935437e-11 -6.2258248)
(0.061545198 -8.396255e-11 -6.1778075)
(0.078198803 8.9288099e-11 -6.207176)
(0.075346149 4.4737761e-12 -6.1597363)
(0.092435735 1.4108021e-10 -6.1874955)
(0.085685529 1.2314437e-10 -6.1410396)
(0.10862895 7.543824e-11 -6.1651516)
(0.10122954 1.1370811e-10 -6.1209293)
(0.12805616 -7.2380946e-12 -6.1410957)
(0.12087935 6.9611082e-12 -6.0969345)
(0.15233542 -3.8314111e-12 -6.1168323)
(0.14104994 -4.8381075e-11 -6.073727)
(0.18048128 5.5287903e-11 -6.0909821)
(0.16713428 3.2741919e-11 -6.0493682)
(0.21467452 2.0289885e-11 -6.0659943)
(0.19917306 7.7621211e-11 -6.0231291)
(0.2557625 -2.2724306e-11 -6.0436088)
(0.23513581 -5.4196845e-11 -6.0008439)
(0.3029057 -3.2022085e-11 -6.0240215)
(0.27886691 -2.6365864e-11 -5.9798066)
(0.35779374 -2.3706349e-11 -6.0117137)
(0.33000294 -7.7671939e-11 -5.9632519)
(0.4193225 -5.2145282e-11 -6.009137)
(0.38647453 1.5276389e-11 -5.9568637)
(0.48464815 -5.2053646e-11 -6.0191795)
(0.45016802 -1.2221988e-10 -5.9594113)
(0.5523454 -6.9250181e-12 -6.0470672)
(0.51620261 1.1907532e-11 -5.9779303)
(0.61498187 3.1752506e-12 -6.0939488)
(0.58098748 -8.6250971e-12 -6.0153459)
(0.66662208 1.7486616e-12 -6.1609441)
(0.6393585 3.7820246e-11 -6.0706193)
(0.69989642 -1.6092166e-11 -6.2452225)
(0.68184216 -3.6999736e-11 -6.147013)
(0.70740938 5.5527737e-12 -6.3386335)
(0.70362972 8.1872364e-12 -6.2353656)
(0.69037095 -6.0649909e-12 -6.4323314)
(0.69854284 -2.6646895e-12 -6.3293133)
(0.64943533 -1.0081631e-11 -6.5165355)
(0.66919194 -3.9399831e-11 -6.418147)
(0.59470533 1.9611796e-11 -6.5850749)
(0.62021604 1.1373785e-11 -6.493839)
(0.53250267 2.5035833e-11 -6.6355332)
(0.56144495 2.4540949e-11 -6.5526591)
(0.47039267 1.4863917e-11 -6.6690501)
(0.49727974 2.3374343e-11 -6.5934058)
(0.41214019 -1.8662446e-12 -6.6900251)
(0.44201214 -3.7068679e-12 -6.6194001)
(0.35920689 -2.4813598e-11 -6.7006158)
(0.37745702 -2.0657157e-11 -6.6356133)
(0.31270987 -1.7397812e-11 -6.7064415)
(0.34561982 -1.8924207e-11 -6.6411427)
(0.27017646 -3.8682998e-12 -6.7259952)
(0.27361124 -1.2084114e-12 -6.6478482)
(0.22631546 1.4977681e-11 -6.8595569)
(0.2750466 -6.0258458e-12 -6.6804097)
(0.15033589 2.3202854e-11 -7.2559217)
(0.17784225 3.5826074e-11 -6.9132371)
(0.10921682 -4.9283845e-12 -7.4669545)
(0.0037439916 4.7415596e-10 -6.2027149)
(0.0022159633 -9.1719205e-10 -6.1498844)
(0.0085762051 1.5841702e-09 -6.1927021)
(0.0062625182 4.9522512e-09 -6.136768)
(0.013328296 -1.6063445e-09 -6.1884835)
(0.011472235 -2.3480011e-09 -6.1329492)
(0.018514804 -3.1554003e-10 -6.1834301)
(0.016873818 -3.4075211e-10 -6.1284554)
(0.024012831 3.5670993e-11 -6.1770384)
(0.021501807 -5.966652e-11 -6.1229476)
(0.029790642 1.2260681e-10 -6.1693089)
(0.027602904 2.5339337e-10 -6.1157437)
(0.036091385 -3.0171669e-11 -6.1605291)
(0.03427983 8.5492531e-11 -6.1076265)
(0.042778059 -3.305922e-11 -6.1497016)
(0.038674741 1.7437263e-11 -6.0983317)
(0.050282565 8.4354669e-12 -6.1371758)
(0.04895137 2.3065065e-11 -6.0861025)
(0.059456398 -3.3095419e-11 -6.123619)
(0.05554681 1.9924074e-12 -6.0735927)
(0.069843981 -5.189694e-11 -6.1074559)
(0.06440258 -7.195989e-11 -6.0593243)
(0.081485733 3.6677961e-11 -6.0892806)
(0.078463421 -4.3826933e-12 -6.0415593)
(0.096066529 9.5893481e-11 -6.0701359)
(0.089034823 7.9578195e-11 -6.0234945)
(0.11250335 4.6503941e-11 -6.0483824)
(0.10503956 1.1791494e-10 -6.0038368)
(0.13223848 -3.3566047e-11 -6.0251999)
(0.12485138 8.357526e-12 -5.9805746)
(0.15660771 -1.2653878e-11 -6.0018907)
(0.14509715 -4.2283436e-11 -5.9583732)
(0.1847112 5.4634726e-11 -5.977138)
(0.17145134 3.6358472e-11 -5.9348833)
(0.21878367 4.3562765e-12 -5.9535446)
(0.20324449 7.5205269e-11 -5.9099501)
(0.25927071 -5.8082745e-11 -5.9325784)
(0.23882009 -4.7397197e-11 -5.8890897)
(0.30549399 -7.1587785e-11 -5.91452)
(0.28203794 -3.4025524e-11 -5.8693842)
(0.3590321 -3.9427444e-11 -5.9038039)
(0.3318409 -8.0665128e-11 -5.8544794)
(0.41841172 -5.375585e-11 -5.9024764)
(0.38668807 2.2365307e-11 -5.8494988)
(0.48114874 -5.923125e-11 -5.9133914)
(0.44815305 -1.064843e-10 -5.8530076)
(0.54572341 1.0350124e-11 -5.9413244)
(0.5111596 2.3721041e-11 -5.8722008)
(0.60483954 2.5710098e-11 -5.9870214)
(0.57281835 1.8621719e-11 -5.908918)
(0.65355846 -4.4829951e-13 -6.0515707)
(0.62783586 5.0105521e-11 -5.962512)
(0.68453081 -1.2999393e-11 -6.1319758)
(0.66760691 -3.120141e-11 -6.0357724)
(0.69151685 3.4390357e-14 -6.2208402)
(0.68799268 2.9590307e-11 -6.1197079)
(0.67550464 -3.5788307e-11 -6.3099948)
(0.68303968 -1.1685725e-11 -6.2092721)
(0.63691689 -1.8226596e-11 -6.3904785)
(0.65554086 -3.4676972e-11 -6.2936721)
(0.5851895 1.6232122e-11 -6.4566637)
(0.60928349 1.2443576e-11 -6.3665664)
(0.52574379 2.2885537e-11 -6.5059766)
(0.55347266 1.3280052e-11 -6.4235425)
(0.4661556 4.9403737e-12 -6.5393763)
(0.49196214 3.1251614e-11 -6.4638318)
(0.40953484 -2.2414666e-11 -6.560746)
(0.4386638 -1.7725192e-11 -6.4899695)
(0.35787407 -1.4776019e-11 -6.5720261)
(0.37561211 -1.6035123e-11 -6.5067347)
(0.31191311 -2.8168533e-12 -6.5784973)
(0.34455802 -1.8746516e-11 -6.5130044)
(0.26976581 -3.344252e-12 -6.5981761)
(0.27302749 -2.3062609e-12 -6.5201874)
(0.22595723 1.4638943e-11 -6.7293709)
(0.27466531 -1.5931512e-12 -6.552481)
(0.15019554 7.8690375e-12 -7.1185649)
(0.17748928 3.4066577e-11 -6.7808146)
(0.10933671 -2.0758059e-11 -7.3246724)
(0.0039775869 2.0935866e-09 -6.0828051)
(0.0023712996 5.3266635e-11 -6.0298332)
(0.0090384542 1.6837415e-09 -6.0729646)
(0.0066138018 4.8808675e-09 -6.0169805)
(0.013987017 -1.1982005e-09 -6.068809)
(0.012027192 -2.2114389e-09 -6.01319)
(0.019419378 -9.6833714e-11 -6.063851)
(0.017644714 -1.888344e-10 -6.0088151)
(0.025133745 1.4748258e-10 -6.057541)
(0.022542542 7.9397238e-11 -6.0033915)
(0.031177052 2.2098929e-10 -6.0499155)
(0.028866973 3.4625003e-10 -5.9962786)
(0.037747673 1.3473743e-10 -6.041252)
(0.035746492 1.8844738e-10 -5.9882911)
(0.044709549 7.3446598e-11 -6.0305742)
(0.04054422 1.3881167e-10 -5.9791036)
(0.052559928 1.7014089e-11 -6.018319)
(0.051017195 9.8530598e-11 -5.9670777)
(0.061935904 -3.5635476e-11 -6.0050827)
(0.057848912 7.9711704e-12 -5.9549021)
(0.07251311 -2.5471615e-11 -5.9892349)
(0.067192869 -7.1444141e-11 -5.9409217)
(0.084702808 3.7348689e-11 -5.971533)
(0.08148568 -6.9371855e-12 -5.9235304)
(0.099577871 1.0110732e-10 -5.9529164)
(0.092284113 3.7740115e-11 -5.9060537)
(0.11624504 8.1075943e-11 -5.9317498)
(0.10873388 9.9624375e-11 -5.8868367)
(0.13626744 2.045712e-13 -5.909425)
(0.12866723 1.5826107e-11 -5.8643175)
(0.16069045 5.9091667e-12 -5.8870357)
(0.14898456 -4.7510674e-11 -5.8430785)
(0.18873849 5.6547776e-11 -5.8633573)
(0.17557486 3.8614734e-11 -5.8204347)
(0.22265518 2.4588725e-11 -5.8411015)
(0.20708401 4.0167526e-11 -5.7967854)
(0.26252017 -2.3456427e-11 -5.8214753)
(0.24227455 -1.7626943e-11 -5.7772587)
(0.30783112 -4.2713068e-11 -5.8048685)
(0.28495447 -3.1176251e-11 -5.7588231)
(0.36003697 -1.9690158e-11 -5.7956208)
(0.33343237 -5.1693949e-11 -5.7454806)
(0.41732969 -2.9385673e-11 -5.7954169)
(0.3867163 7.3236441e-12 -5.7417548)
(0.47761218 -2.4475173e-11 -5.8070995)
(0.44601563 -7.6673791e-11 -5.7461392)
(0.53921103 3.2028661e-11 -5.8349753)
(0.50614907 1.8538081e-11 -5.7658913)
(0.59504275 4.2807605e-11 -5.879488)
(0.56487325 1.6268846e-11 -5.8018322)
(0.64105301 1.9874421e-11 -5.9416816)
(0.61674456 5.2168316e-11 -5.8538327)
(0.66987247 1.1013517e-11 -6.0184158)
(0.65402796 -1.5159101e-11 -5.9240475)
(0.676406 1.8116461e-11 -6.1030245)
(0.67309875 1.9535466e-11 -6.0038706)
(0.6612781 -1.0441501e-11 -6.1878973)
(0.66827175 -2.1969104e-11 -6.0892997)
(0.62489448 -4.2682968e-12 -6.2648521)
(0.64246087 -1.7796135e-11 -6.1695192)
(0.57591427 9.4868234e-12 -6.3287387)
(0.59870656 6.1034967e-12 -6.239732)
(0.51909582 2.1552461e-11 -6.3768835)
(0.54567254 1.871422e-11 -6.2948597)
(0.46187995 8.833588e-12 -6.4100807)
(0.48666407 1.8481061e-11 -6.3346605)
(0.40685822 -1.1353634e-11 -6.4317449)
(0.43526014 -8.9008943e-12 -6.3608123)
(0.35643327 -1.9992849e-11 -6.4436227)
(0.37367204 -7.4465775e-12 -6.378071)
(0.31104125 -1.8312487e-11 -6.4506625)
(0.34340762 -2.5303798e-11 -6.3849643)
(0.26928631 -5.5829691e-13 -6.4704234)
(0.27237133 7.6809314e-12 -6.3925947)
(0.22557931 1.7678127e-11 -6.5992348)
(0.27424315 -1.1066401e-12 -6.4245673)
(0.15004033 5.6737651e-12 -6.9812628)
(0.17711418 2.7422639e-11 -6.6484308)
(0.10945613 -1.2516177e-11 -7.1824143)
(0.0042102355 1.6336599e-09 -5.9629587)
(0.0025242418 -7.9147144e-10 -5.9098811)
(0.0094890586 1.6304432e-09 -5.9532847)
(0.0069662929 4.9623459e-09 -5.8972887)
(0.014648818 -1.3187584e-09 -5.9491916)
(0.012574763 -2.2596606e-09 -5.8935243)
(0.020310314 -2.4019551e-11 -5.9443301)
(0.018399744 -1.8255561e-10 -5.8892714)
(0.026234669 2.6914608e-10 -5.9381041)
(0.023563319 1.3006046e-10 -5.8839283)
(0.032530111 3.1812985e-10 -5.930589)
(0.030102173 4.150048e-10 -5.8769143)
(0.039364795 1.937099e-10 -5.922045)
(0.037180979 1.7084367e-10 -5.8690598)
(0.046604219 1.6473676e-10 -5.9115252)
(0.04237275 1.4934723e-10 -5.859983)
(0.054795447 9.1169619e-11 -5.8995234)
(0.053030001 1.2170173e-10 -5.8481736)
(0.064110229 -2.6509732e-11 -5.8866109)
(0.060087964 2.8626166e-11 -5.8362567)
(0.075288185 -5.3888983e-11 -5.8711144)
(0.069909327 -6.0796993e-11 -5.8226859)
(0.087834272 -7.1665232e-12 -5.8538778)
(0.084413987 1.2585788e-12 -5.8056273)
(0.10297316 3.5464002e-11 -5.8357698)
(0.095435872 1.574226e-11 -5.7887226)
(0.11985885 3.5375085e-11 -5.8151909)
(0.11231127 5.5355728e-11 -5.769938)
(0.1401473 -3.1183494e-11 -5.7937067)
(0.1323297 1.3986388e-11 -5.74817)
(0.16459252 -1.5702825e-11 -5.7722043)
(0.15271724 -4.4840205e-11 -5.7278477)
(0.19257326 2.222018e-11 -5.7495777)
(0.17950858 -2.164022e-12 -5.7060304)
(0.22630143 -1.511745e-12 -5.728603)
(0.21070194 2.5773562e-11 -5.6836391)
(0.2655284 -2.5227763e-11 -5.7102422)
(0.24551129 1.3590469e-11 -5.6653579)
(0.30993616 -3.9986073e-11 -5.6950143)
(0.28762856 -3.9402333e-11 -5.6481349)
(0.360828 -2.5148745e-11 -5.6871175)
(0.33479711 -3.5968075e-11 -5.6362685)
(0.41609977 -3.9327419e-11 -5.6879234)
(0.38657696 -1.4410695e-11 -5.6336537)
(0.4740543 -3.4350643e-11 -5.7002771)
(0.44377142 -5.5459816e-11 -5.6388402)
(0.53281582 2.7948315e-12 -5.728004)
(0.50118507 -9.1598107e-12 -5.659039)
(0.58558821 2.5390575e-11 -5.7713393)
(0.55714834 1.9313833e-11 -5.6941428)
(0.62907602 1.7566656e-11 -5.8312611)
(0.60606858 4.5060817e-11 -5.7446304)
(0.65588825 -6.8509261e-12 -5.904515)
(0.64106975 -2.287731e-12 -5.8118809)
(0.6620299 -2.0301914e-11 -5.9851329)
(0.65890204 9.1616632e-12 -5.8878819)
(0.64766175 -2.9347216e-11 -6.0659662)
(0.65419859 -3.3266494e-11 -5.9693907)
(0.61335158 -7.557077e-12 -6.1395729)
(0.62992429 -9.3756852e-12 -6.0456814)
(0.56688003 1.5262913e-11 -6.201218)
(0.58847941 1.6085135e-11 -6.1133083)
(0.5125704 1.5644196e-11 -6.2481816)
(0.53804939 1.744462e-11 -6.1666041)
(0.45757825 8.8513051e-13 -6.2811)
(0.48139961 1.7082468e-12 -6.205879)
(0.40412769 -5.0011425e-12 -6.3029693)
(0.43181585 -1.6587367e-11 -6.2319369)
(0.3548939 -1.2672677e-11 -6.3153598)
(0.37165004 -4.9741868e-12 -6.2496276)
(0.31010473 5.3634323e-13 -6.3228964)
(0.34217904 -2.141578e-11 -6.2570419)
(0.26874229 7.1719704e-12 -6.3426988)
(0.27164886 1.6846513e-11 -6.2650835)
(0.22518426 8.5129653e-12 -6.4691126)
(0.27378397 -2.083056e-12 -6.2966912)
(0.1498713 9.4033119e-12 -6.8439787)
(0.17671832 1.5659154e-11 -6.5161007)
(0.1095755 -1.0275628e-11 -7.040198)
(0.0044410881 1.098731e-09 -5.8432192)
(0.0026741332 -1.1841033e-09 -5.7900077)
(0.0099303299 1.7287931e-09 -5.8337074)
(0.0073187965 5.1568085e-09 -5.7776707)
(0.01530682 -1.2432868e-09 -5.8296771)
(0.013113851 -2.0892768e-09 -5.7739326)
(0.02118446 -4.1779386e-11 -5.8249121)
(0.019138612 -2.0679006e-10 -5.7698016)
(0.02731408 2.6629254e-10 -5.818773)
(0.024563701 1.2256251e-10 -5.7645366)
(0.033848952 2.7456189e-10 -5.8113751)
(0.031308047 4.1537512e-10 -5.757628)
(0.040942154 1.2699268e-10 -5.8029554)
(0.038583411 1.2156047e-10 -5.7499108)
(0.048460129 1.06888e-10 -5.7926054)
(0.044159404 9.1483528e-11 -5.7409494)
(0.057033875 6.0887372e-11 -5.7808568)
(0.054991521 9.6402529e-11 -5.7293777)
(0.066927358 -4.1645085e-12 -5.7682568)
(0.062266876 2.7741579e-11 -5.7177601)
(0.07800129 -6.5896514e-12 -5.7531206)
(0.072551276 2.4495686e-11 -5.7044738)
(0.090873006 2.3967426e-11 -5.7363515)
(0.08724954 2.8404653e-12 -5.687824)
(0.10625135 3.5125099e-11 -5.7187402)
(0.098492762 4.2707534e-11 -5.671476)
(0.12334391 3.4460312e-11 -5.6987498)
(0.1157723 4.539636e-11 -5.6531174)
(0.14387626 9.8603353e-13 -5.6780871)
(0.13584364 2.8301548e-11 -5.6321072)
(0.16831707 -3.1747401e-11 -5.6574389)
(0.15630157 -6.1145847e-12 -5.6126547)
(0.19621911 1.1139923e-12 -5.6358406)
(0.18325795 -3.3196843e-11 -5.5916475)
(0.22972775 4.0991019e-11 -5.6160893)
(0.21410994 4.4203757e-11 -5.5704847)
(0.26830695 -1.1747686e-13 -5.5989221)
(0.24854282 4.9503845e-11 -5.5533646)
(0.31182219 -3.541273e-11 -5.5850023)
(0.29007273 -4.2034897e-11 -5.5373009)
(0.36141855 -2.5401259e-11 -5.5783439)
(0.33595418 -4.3580294e-12 -5.5268266)
(0.41473829 -3.0231403e-11 -5.5800552)
(0.38628607 -3.3050096e-11 -5.5251887)
(0.47048267 -3.0604498e-11 -5.5929902)
(0.44143439 -3.8070144e-11 -5.5311137)
(0.52653779 7.1615812e-12 -5.6204857)
(0.49627866 -1.2378535e-11 -5.5516504)
(0.57646412 3.881307e-11 -5.6626556)
(0.54963752 2.9161789e-11 -5.5858724)
(0.61759169 2.551053e-11 -5.7203837)
(0.59579053 3.7668586e-11 -5.6349193)
(0.6425398 1.3655271e-11 -5.790338)
(0.6286956 1.5472974e-11 -5.699284)
(0.64833656 -3.5493663e-12 -5.8672071)
(0.64535748 2.7753071e-11 -5.7717355)
(0.63462277 -1.3431463e-11 -5.9442267)
(0.64077864 -2.2789355e-11 -5.8495101)
(0.60226509 1.412621e-11 -6.0146543)
(0.61790151 7.9199178e-12 -5.9221192)
(0.55808438 1.8259695e-11 -6.074115)
(0.57859229 3.7076053e-11 -5.9872367)
(0.50617388 3.5899994e-12 -6.1198901)
(0.53060372 2.7541759e-11 -6.0387356)
(0.45326169 -1.5672725e-11 -6.1524598)
(0.47617922 -7.2908124e-13 -6.0774401)
(0.40135768 -1.661799e-11 -6.1744534)
(0.42834221 -1.9408528e-11 -6.1033176)
(0.3532651 -1.3639036e-11 -6.187277)
(0.36955691 -1.0464307e-11 -6.1213739)
(0.30911254 -5.2831323e-12 -6.1952429)
(0.34088087 -2.9443561e-11 -6.129222)
(0.26813808 7.6768038e-12 -6.2150476)
(0.27086512 2.5692914e-11 -6.1376318)
(0.22477335 4.9851055e-12 -6.3390492)
(0.27329152 -9.6385771e-12 -6.1688395)
(0.14969011 -3.9096559e-12 -6.7067532)
(0.17630341 4.157912e-12 -6.3838035)
(0.10969497 -3.375298e-12 -6.8980017)
(0.0046973654 1.2887358e-09 -5.7235505)
(0.0028210718 -3.3135956e-10 -5.6702484)
(0.010362531 1.9974586e-09 -5.7141948)
(0.0076698861 5.3043927e-09 -5.658147)
(0.015959139 -1.1613896e-09 -5.7102297)
(0.013642882 -2.0950517e-09 -5.6544412)
(0.02204236 -5.6462358e-11 -5.7055607)
(0.019860597 -2.9340693e-10 -5.650429)
(0.028373671 2.6175304e-10 -5.6995115)
(0.025542685 3.9162739e-11 -5.6452409)
(0.035137101 2.7061172e-10 -5.6922367)
(0.032483568 4.4315352e-10 -5.6384427)
(0.04248213 8.6774537e-11 -5.683947)
(0.03995302 8.0115486e-11 -5.6308678)
(0.050280445 8.0896458e-11 -5.6737875)
(0.045900584 3.9670721e-11 -5.6220282)
(0.059407157 6.4533296e-11 -5.6622994)
(0.056901053 5.5420212e-11 -5.610748)
(0.069371653 5.6452742e-11 -5.6499758)
(0.064392536 3.2512096e-11 -5.5993429)
(0.080641419 3.4252578e-11 -5.6351974)
(0.075118964 6.7343231e-11 -5.5863617)
(0.093820999 2.1025721e-11 -5.6189117)
(0.089989765 -1.7840806e-11 -5.5701414)
(0.1094173 5.2943282e-11 -5.6017874)
(0.10145598 6.9935157e-11 -5.5543339)
(0.12670669 3.944118e-11 -5.5823862)
(0.11911635 6.6524184e-11 -5.5363969)
(0.14746012 2.1582773e-11 -5.5625252)
(0.13921277 3.5362595e-11 -5.5161484)
(0.17187403 -7.2828878e-12 -5.5427005)
(0.15974254 1.0499143e-12 -5.4975187)
(0.19968652 9.1327786e-12 -5.5221074)
(0.18682735 -1.5653064e-11 -5.4773069)
(0.23294595 5.266682e-11 -5.503523)
(0.21731864 3.6805131e-11 -5.4573393)
(0.27087213 8.3896293e-12 -5.4874828)
(0.25138046 6.4300331e-11 -5.4413002)
(0.31350703 -1.1295768e-11 -5.4748039)
(0.29229898 -4.684879e-11 -5.4263455)
(0.3618261 -1.1779724e-11 -5.469278)
(0.33692209 1.9262172e-11 -5.41718)
(0.41326584 -4.08502e-11 -5.4718001)
(0.38585933 -3.5303773e-11 -5.4163952)
(0.46690975 -2.0031047e-11 -5.4852333)
(0.43901977 -2.9131641e-11 -5.4230024)
(0.52038355 9.3329125e-12 -5.5124252)
(0.49144256 -1.3162612e-12 -5.4437721)
(0.56766663 2.7961155e-11 -5.5534446)
(0.54233896 2.7736067e-11 -5.4770833)
(0.60657549 2.7773257e-11 -5.6090519)
(0.58589978 2.904252e-11 -5.5247518)
(0.6298004 2.9494072e-11 -5.6758775)
(0.61687746 2.701841e-11 -5.5863106)
(0.63528592 8.8133584e-12 -5.749217)
(0.63243111 3.1472117e-11 -5.6554669)
(0.62213834 -1.615195e-12 -5.8226332)
(0.62797988 -2.1772864e-11 -5.7296715)
(0.59161613 3.0706817e-11 -5.8900399)
(0.606371 1.5105119e-11 -5.798841)
(0.54952771 4.6407856e-11 -5.9473695)
(0.56904104 3.963008e-11 -5.8615103)
(0.4999108 2.336889e-11 -5.9919537)
(0.52334067 4.2461248e-11 -5.9112637)
(0.44894099 -4.3711314e-12 -6.0241144)
(0.47101626 1.2527257e-12 -5.949347)
(0.39855812 -1.3298883e-11 -6.0461597)
(0.42485249 -9.9663797e-12 -5.9749774)
(0.35155557 -2.6177754e-11 -6.0593421)
(0.3674053 -1.8457714e-11 -5.9933281)
(0.30807001 1.2767733e-12 -6.0676744)
(0.33952308 -2.9898207e-11 -6.0015374)
(0.26747931 8.536676e-12 -6.0874433)
(0.27002659 2.9812744e-11 -6.0102661)
(0.2243482 -1.0525448e-11 -6.2090214)
(0.27277075 -1.7599323e-11 -6.0410473)
(0.14949798 4.7239987e-12 -6.5695606)
(0.17587244 2.5623509e-12 -6.2515689)
(0.10981486 8.9359843e-12 -6.7558577)
(0.0049348197 2.2753862e-09 -5.6039676)
(0.0029657067 4.7371045e-10 -5.5505764)
(0.010785218 1.8845558e-09 -5.5947618)
(0.0080182533 5.1304122e-09 -5.538698)
(0.016602139 -1.3310148e-09 -5.590865)
(0.014160313 -2.2646936e-09 -5.5350294)
(0.022881192 -2.1193798e-10 -5.5862914)
(0.020564989 -3.6779789e-10 -5.5311313)
(0.029411183 2.069134e-10 -5.5803351)
(0.026499404 -3.3085061e-11 -5.5260202)
(0.036393759 2.6283573e-10 -5.5731893)
(0.033627938 4.3789966e-10 -5.5193361)
(0.043981989 3.3979794e-11 -5.5650378)
(0.041288862 5.4978832e-11 -5.5119084)
(0.052080648 1.3862811e-11 -5.5550702)
(0.047596782 -1.6495691e-11 -5.5032025)
(0.061146439 2.382388e-11 -5.543848)
(0.058757954 5.8282684e-12 -5.4921458)
(0.071698002 4.2819754e-11 -5.5317983)
(0.066466012 3.8634547e-11 -5.4810725)
(0.083203779 1.6543555e-11 -5.5173739)
(0.077613355 3.5037184e-11 -5.4683359)
(0.096674707 2.9846889e-11 -5.5015728)
(0.092635038 -1.4096877e-11 -5.4525555)
(0.1124699 8.3560712e-11 -5.484926)
(0.10432721 6.9878219e-11 -5.4372719)
(0.12994611 6.2817841e-11 -5.4661143)
(0.12234351 5.5233347e-11 -5.4197537)
(0.15089737 1.521138e-11 -5.4470336)
(0.14244128 3.169147e-11 -5.4002685)
(0.17526672 -7.146042e-12 -5.428002)
(0.16304523 -3.321315e-11 -5.3824155)
(0.20297913 1.1504463e-11 -5.4083898)
(0.19022172 -1.5525599e-11 -5.3629857)
(0.23596365 4.8183672e-11 -5.3909159)
(0.22033865 1.8267308e-11 -5.3441775)
(0.27323549 1.0037796e-11 -5.3759388)
(0.25403515 7.5776879e-11 -5.3291439)
(0.31500397 -1.6842417e-11 -5.3644353)
(0.29431909 -4.1362134e-11 -5.3152511)
(0.36206438 -3.8282687e-12 -5.3599411)
(0.33771791 1.6725588e-11 -5.3073126)
(0.41169872 -2.3631534e-11 -5.3631877)
(0.38531025 -3.0572254e-11 -5.3072678)
(0.46334297 -1.0618285e-11 -5.377041)
(0.43654014 -1.6125642e-11 -5.3145067)
(0.5143557 1.6885231e-11 -5.4038662)
(0.4866851 4.9641832e-13 -5.3354087)
(0.55918651 2.8808741e-11 -5.4437523)
(0.53524703 1.8174652e-11 -5.367794)
(0.59600073 2.8300669e-11 -5.4973075)
(0.57638163 2.7844579e-11 -5.4141352)
(0.61764044 2.8968936e-11 -5.5611665)
(0.60558352 2.6094303e-11 -5.4729709)
(0.62283701 1.20273e-12 -5.6311764)
(0.62008658 2.7037975e-11 -5.5390649)
(0.61018515 -5.2646944e-12 -5.701191)
(0.61576543 -1.576316e-11 -5.6098459)
(0.58138486 2.3891896e-11 -5.7657225)
(0.59530597 9.3481704e-12 -5.6758089)
(0.54121465 3.5667951e-11 -5.8209746)
(0.55981903 2.1078672e-11 -5.7360786)
(0.49378789 2.0559705e-11 -5.8643726)
(0.51626169 2.6452297e-11 -5.7841496)
(0.44463169 -4.2858408e-12 -5.8960677)
(0.46592056 -1.3953877e-13 -5.8215554)
(0.39574306 -1.5083624e-11 -5.9181)
(0.42135759 -1.8046933e-11 -5.8468904)
(0.34977875 -2.2123568e-11 -5.9315724)
(0.3652064 -1.5018816e-11 -5.8654594)
(0.30698627 -1.6388556e-12 -5.9402132)
(0.33811469 -2.1174096e-11 -5.8739716)
(0.26677371 3.8902379e-12 -5.95991)
(0.26913935 1.4729595e-11 -5.8829644)
(0.22391135 -4.5998111e-12 -6.0790544)
(0.27222564 -1.4690232e-11 -5.9132999)
(0.14929823 6.747148e-12 -6.4324238)
(0.17542859 -1.5333853e-12 -6.1193752)
(0.10993523 3.8791394e-12 -6.6137445)
(0.0051615525 2.164564e-09 -5.4844495)
(0.0031079492 8.364623e-10 -5.4310007)
(0.011198086 1.6534511e-09 -5.4753909)
(0.0083621582 4.8660654e-09 -5.4193353)
(0.017234659 -1.4109109e-09 -5.4715651)
(0.014664892 -2.4123523e-09 -5.4157094)
(0.02370126 -2.0318831e-10 -5.4670861)
(0.021251389 -3.2799245e-10 -5.4119193)
(0.030427223 1.8199026e-10 -5.461226)
(0.027433277 -7.163869e-12 -5.4068859)
(0.037623343 2.4077949e-10 -5.4542136)
(0.034740799 3.7906255e-10 -5.4003191)
(0.045440271 6.2175351e-12 -5.4462101)
(0.042589628 5.4054565e-11 -5.393042)
(0.053862195 -2.499669e-11 -5.4364215)
(0.049251374 -7.069559e-12 -5.3844887)
(0.06312978 2.0029002e-11 -5.4254737)
(0.060560539 -7.4125743e-12 -5.3736342)
(0.073948859 3.0912458e-11 -5.4137144)
(0.06848473 3.241854e-11 -5.362905)
(0.08569113 5.143551e-12 -5.3996326)
(0.080036643 1.5593404e-11 -5.3504077)
(0.099436784 2.4765523e-11 -5.3843123)
(0.095186586 -1.2899801e-12 -5.3350748)
(0.11541321 4.1740122e-11 -5.3681338)
(0.10710782 7.234999e-11 -5.3202979)
(0.13306711 2.4388763e-11 -5.3499112)
(0.12545376 5.4410589e-11 -5.3031972)
(0.15419256 -1.6009975e-11 -5.3315894)
(0.1455332 3.0682474e-11 -5.2844739)
(0.17850313 -4.1776247e-11 -5.3133222)
(0.16621406 -4.4642749e-11 -5.2673533)
(0.20610518 -9.0938779e-12 -5.2946663)
(0.19344551 -3.3880503e-11 -5.2486928)
(0.23879206 4.5327549e-11 -5.2782481)
(0.22317973 -3.479468e-12 -5.2310055)
(0.27541059 2.5404958e-11 -5.2642748)
(0.25651645 7.4132935e-11 -5.2169061)
(0.31632783 -8.2788591e-12 -5.2538834)
(0.29614392 -3.0760819e-11 -5.2040307)
(0.36214782 -9.6425743e-12 -5.2503268)
(0.33835715 8.6598387e-12 -5.197238)
(0.41005349 -2.3175894e-11 -5.2542198)
(0.38465093 -5.4891796e-11 -5.1978312)
(0.45979033 -5.1316142e-12 -5.26842)
(0.43400779 -4.5620405e-12 -5.2056547)
(0.5084582 1.6634188e-12 -5.2948246)
(0.48201412 -1.1149697e-11 -5.2265937)
(0.55101618 1.7146308e-11 -5.3335952)
(0.52835802 4.0943042e-12 -5.2580505)
(0.58584554 2.5649511e-11 -5.3851633)
(0.56722466 2.296478e-11 -5.3031039)
(0.6060339 2.4157646e-11 -5.4462087)
(0.59478684 2.0701028e-11 -5.3593047)
(0.61095344 1.0326693e-11 -5.5130696)
(0.60829429 1.2509032e-11 -5.4225477)
(0.59873604 -1.2947908e-12 -5.5798496)
(0.60410354 -1.36124e-11 -5.4900383)
(0.57155386 6.4702285e-12 -5.6416442)
(0.58468863 4.229388e-12 -5.5530197)
(0.53314746 1.1834768e-11 -5.6948921)
(0.55092117 8.1793697e-12 -5.6109288)
(0.48780404 5.8919985e-12 -5.737108)
(0.50936773 2.2824703e-11 -5.6573885)
(0.44034398 -1.3809901e-11 -5.7682883)
(0.46090071 -1.0311069e-11 -5.6940582)
(0.3929187 -1.7996893e-11 -5.7902492)
(0.417867 -1.4432737e-11 -5.7190646)
(0.34794413 -1.4040248e-11 -5.8039474)
(0.36297002 -8.8937202e-12 -5.7377725)
(0.30586442 -4.9718355e-12 -5.8128429)
(0.33666334 -2.2722744e-11 -5.7465416)
(0.26602706 -3.7181137e-12 -5.8324303)
(0.2682093 3.3797338e-12 -5.7557395)
(0.22346281 -1.1681332e-11 -5.9491285)
(0.27165917 -1.4961157e-11 -5.7856163)
(0.14909256 -4.4242243e-12 -6.2953212)
(0.17497416 -1.1626797e-11 -5.9872375)
(0.11005538 1.276427e-12 -6.4716785)
(0.0053790626 2.5305729e-09 -5.3650047)
(0.0032475271 8.1074367e-10 -5.3115045)
(0.011600524 1.4619307e-09 -5.3560933)
(0.0086999711 4.9027264e-09 -5.3000443)
(0.017854478 -1.4496866e-09 -5.3523409)
(0.015155795 -2.3474213e-09 -5.2964666)
(0.024500962 -1.4561873e-10 -5.3479553)
(0.021919704 -2.3281759e-10 -5.2927773)
(0.031420179 1.7686012e-10 -5.342195)
(0.028343921 7.0520555e-11 -5.2878235)
(0.038833025 2.0144895e-10 -5.3353163)
(0.035823011 4.0954357e-10 -5.2813785)
(0.046790782 4.2233759e-11 -5.3274672)
(0.043854977 7.326884e-11 -5.2742374)
(0.055449584 1.0522711e-11 -5.3178669)
(0.050863792 5.7415432e-11 -5.2658541)
(0.065080196 4.2358668e-12 -5.3071928)
(0.062309725 1.6723095e-11 -5.2552272)
(0.076130132 1.7380472e-11 -5.295721)
(0.070449614 3.4506085e-11 -5.2448196)
(0.088102614 9.4164973e-12 -5.2819828)
(0.082389382 3.0270187e-11 -5.2325618)
(0.10210614 4.5269861e-11 -5.2671381)
(0.0976464 -2.8550487e-11 -5.2176817)
(0.11824768 8.5252092e-11 -5.2514195)
(0.10979974 1.0325867e-10 -5.2033945)
(0.13606996 6.0988258e-11 -5.233785)
(0.12844803 1.1964318e-10 -5.1867112)
(0.1573459 2.8884045e-12 -5.2161997)
(0.14849318 3.6084298e-11 -5.168746)
(0.18158723 -3.6859123e-11 -5.1986691)
(0.16925378 2.4028326e-11 -5.1523156)
(0.2090689 -2.8565018e-11 -5.1809438)
(0.19650392 -5.7952573e-11 -5.1344118)
(0.24143902 2.4605979e-11 -5.165527)
(0.22585176 -1.8311527e-11 -5.1178055)
(0.27740777 1.88879e-11 -5.1525011)
(0.2588338 4.721339e-11 -5.1045732)
(0.31749012 -1.415108e-11 -5.14316)
(0.29778442 -3.1017482e-11 -5.0926734)
(0.36208815 -3.6085346e-11 -5.1404525)
(0.33885426 -9.5803124e-12 -5.0869461)
(0.40834313 -3.665986e-11 -5.1449208)
(0.38389214 -9.0396333e-11 -5.0880867)
(0.45625673 -1.0532504e-11 -5.1593987)
(0.43143363 -1.32173e-11 -5.0964495)
(0.50269245 -8.8250208e-12 -5.1853373)
(0.47743478 -2.3179121e-11 -5.1173361)
(0.54314461 9.7867046e-12 -5.2230106)
(0.52166684 4.6664128e-13 -5.1478728)
(0.57608806 1.8030608e-11 -5.2726533)
(0.55841583 4.7828255e-12 -5.1916662)
(0.59495344 9.102595e-12 -5.3310307)
(0.58445979 7.3166928e-12 -5.245326)
(0.59959993 -1.1275113e-11 -5.3949067)
(0.59702485 -7.9562009e-12 -5.3059068)
(0.5877745 -8.1909983e-12 -5.4586437)
(0.59296424 -1.4565316e-11 -5.3702312)
(0.5621072 5.9165616e-12 -5.5178294)
(0.57450015 -5.152059e-12 -5.4304439)
(0.52532784 1.9090737e-11 -5.569109)
(0.54233733 2.8389497e-12 -5.486024)
(0.48195934 6.7942983e-12 -5.610151)
(0.50265795 2.7435648e-11 -5.530948)
(0.43609005 -1.0913002e-11 -5.6407747)
(0.45596359 -2.2088425e-11 -5.5668224)
(0.39009276 -5.3563785e-12 -5.6626118)
(0.41438896 5.7662949e-12 -5.5914795)
(0.34606358 -1.7510447e-11 -5.6764762)
(0.36070515 1.3716857e-12 -5.6102451)
(0.30470954 -1.4492323e-11 -5.685577)
(0.33517617 -2.7775799e-11 -5.6192357)
(0.26524688 -7.7807833e-12 -5.7050207)
(0.26724328 -1.1103139e-11 -5.6285773)
(0.22300174 -1.4921338e-11 -5.8192641)
(0.27107435 -1.1639492e-11 -5.6579862)
(0.14888233 -5.9813424e-12 -6.158271)
(0.17451055 -2.3297063e-11 -5.8551427)
(0.1101743 -5.5746962e-13 -6.3296446)
(0.0055870424 2.1599116e-09 -5.2456403)
(0.0033841336 1.8997534e-10 -5.1920975)
(0.011992354 1.7524705e-09 -5.2368773)
(0.0090301813 5.1969492e-09 -5.1808365)
(0.018461033 -1.2525542e-09 -5.2332001)
(0.015632511 -2.2187767e-09 -5.1773125)
(0.025281052 -2.9589487e-11 -5.2289065)
(0.022570017 -1.4315763e-10 -5.1737163)
(0.03239213 2.9174741e-10 -5.2232537)
(0.029230239 1.1472874e-10 -5.1688447)
(0.04008126 2.9078931e-10 -5.2165082)
(0.036875721 5.1887784e-10 -5.1625382)
(0.048254784 8.8829289e-11 -5.2088085)
(0.045086671 8.8704158e-11 -5.1555233)
(0.057073038 6.4466539e-11 -5.19941)
(0.052432279 8.1760354e-11 -5.1472993)
(0.066981181 4.6661477e-11 -5.1890129)
(0.064005785 1.6898437e-11 -5.1369217)
(0.078245574 4.7465812e-11 -5.1778203)
(0.072362383 2.1259387e-11 -5.126825)
(0.090440953 -6.8026991e-12 -5.1644285)
(0.084671667 4.2510922e-11 -5.1148083)
(0.10468582 2.7603808e-11 -5.1500532)
(0.10001662 -3.885431e-11 -5.1003847)
(0.12097772 1.3743786e-10 -5.1347862)
(0.11240485 1.2658253e-10 -5.0865703)
(0.13895942 9.5734719e-11 -5.1177376)
(0.13132749 1.5252914e-10 -5.0703053)
(0.16036067 5.7356885e-11 -5.1008664)
(0.15132597 6.1420854e-11 -5.053091)
(0.18452633 3.7888468e-12 -5.0840461)
(0.17216902 6.3119029e-11 -5.037312)
(0.21187793 -4.8087635e-11 -5.0672251)
(0.1994024 -5.5274693e-11 -5.0201517)
(0.2439147 3.6891176e-12 -5.0527572)
(0.22836453 -5.277098e-12 -5.004585)
(0.27923927 -2.0045902e-12 -5.0406259)
(0.26099642 2.7490704e-11 -4.9921566)
(0.31850379 -2.6625176e-11 -5.032275)
(0.29925194 -2.3145906e-11 -4.9811928)
(0.36189831 -6.3248675e-11 -5.0303343)
(0.33922359 -2.1887292e-11 -4.9764507)
(0.40658154 -6.7538023e-11 -5.0353129)
(0.38304509 -6.6272922e-11 -4.9780597)
(0.45274844 -2.5791267e-11 -5.0500031)
(0.4288298 -3.6672986e-11 -4.9869168)
(0.49706199 -1.4051618e-11 -5.0754389)
(0.47295325 -1.4681411e-11 -5.0076683)
(0.53556313 -4.5656357e-12 -5.1120322)
(0.5151717 -5.8291133e-12 -5.0373026)
(0.56671158 -5.9466858e-12 -5.1598086)
(0.54994616 -5.4353608e-12 -5.0798532)
(0.58437545 -9.6472707e-12 -5.2156547)
(0.57458037 -1.8404477e-11 -5.1310722)
(0.58874651 -1.1207052e-11 -5.2766949)
(0.58625556 -5.6024621e-12 -5.1891576)
(0.57728481 -1.1580409e-11 -5.3375474)
(0.58232381 -9.0254436e-12 -5.2504353)
(0.55301844 -8.2736943e-12 -5.3942423)
(0.56472212 -1.4452102e-11 -5.3080764)
(0.51775693 1.1051795e-11 -5.4436112)
(0.53406056 5.1502403e-12 -5.3613597)
(0.47625218 -1.1888357e-12 -5.4834893)
(0.49613417 1.5223799e-11 -5.4048223)
(0.43187988 -5.5499983e-12 -5.5135195)
(0.45111739 -1.6263625e-11 -5.4398452)
(0.38726972 1.2515419e-11 -5.5351842)
(0.41093307 6.0718524e-12 -5.4641417)
(0.3441474 -8.7550849e-12 -5.549159)
(0.35842171 2.0696939e-12 -5.4828838)
(0.30352442 -2.446356e-11 -5.5584192)
(0.33366094 -2.0239637e-11 -5.4920683)
(0.26444104 -1.4959235e-11 -5.5776857)
(0.26624902 -1.9372807e-11 -5.5014922)
(0.22252679 -1.9963937e-11 -5.6894654)
(0.27047523 -5.1317986e-12 -5.5304255)
(0.14866771 -1.7970062e-11 -6.0212729)
(0.17403956 -1.576026e-11 -5.7231067)
(0.11029139 -5.431372e-12 -6.1876588)
(0.005785313 1.9752695e-09 -5.1263238)
(0.0035176994 7.2808393e-10 -5.0727693)
(0.012373252 1.8998586e-09 -5.1177115)
(0.0093516488 5.1961572e-09 -5.0617037)
(0.019052772 -1.2291275e-09 -5.1141108)
(0.01609465 -2.2869713e-09 -5.0582389)
(0.026041255 -9.8132926e-12 -5.1099082)
(0.023201846 -2.7722398e-10 -5.0547277)
(0.033347057 3.2820551e-10 -5.1043761)
(0.030089395 1.9235004e-11 -5.0499426)
(0.04138148 3.2885366e-10 -5.0977605)
(0.037899935 5.0601784e-10 -5.0438048)
(0.049611722 8.1801684e-11 -5.0901993)
(0.046286514 2.2380462e-11 -5.0368633)
(0.058659179 3.5550617e-11 -5.0810146)
(0.0539546 2.7772866e-11 -5.0288284)
(0.068827521 -8.5847452e-12 -5.0708966)
(0.065647939 -3.7549785e-11 -5.0187069)
(0.080295493 1.5949121e-11 -5.0599785)
(0.07422315 1.3934285e-11 -5.0089112)
(0.092705973 1.1695483e-11 -5.0469355)
(0.086882582 3.3302074e-11 -4.9971379)
(0.10717603 5.7821269e-11 -5.0330229)
(0.10229802 -5.5058328e-12 -4.9831729)
(0.12360521 1.4134051e-10 -5.0181998)
(0.11492374 1.5961887e-10 -4.9698149)
(0.14173711 1.1930175e-10 -5.0017341)
(0.13409216 1.3988832e-10 -4.9539696)
(0.16323994 6.7164102e-11 -4.9855549)
(0.15403465 9.5492936e-11 -4.9374964)
(0.18732554 5.2903658e-12 -4.9694198)
(0.17496277 2.3748542e-11 -4.9223335)
(0.21453796 -1.2954894e-11 -4.9534757)
(0.20214502 -2.7338251e-11 -4.9059027)
(0.24622792 1.822077e-11 -4.9399055)
(0.23072601 4.3674207e-11 -4.8913335)
(0.28091628 6.7939541e-12 -4.9286192)
(0.26301167 2.5123169e-11 -4.87965)
(0.31938084 -1.841852e-11 -4.9212)
(0.30055607 -1.2925126e-11 -4.8695845)
(0.36159119 -2.4559005e-11 -4.9199498)
(0.33947673 -5.3887157e-12 -4.8657483)
(0.40478137 -3.5632282e-11 -4.9253796)
(0.3821182 -1.0122838e-11 -4.8677577)
(0.44927186 -2.5722589e-11 -4.9402202)
(0.42620547 -4.2741155e-11 -4.8770633)
(0.49157089 -6.520416e-12 -4.9651242)
(0.46857164 -9.52549e-12 -4.8976047)
(0.52826319 -6.7014648e-12 -5.0006542)
(0.50886781 1.5099113e-11 -4.9263612)
(0.55770225 -1.7809975e-11 -5.0466213)
(0.54180326 -9.0726926e-12 -4.9676763)
(0.57427795 -1.4438729e-11 -5.1000649)
(0.56512415 -1.7400425e-11 -5.0165607)
(0.5783675 -3.4004714e-12 -5.1584056)
(0.57596183 9.3053581e-12 -5.0722956)
(0.56725159 -1.1865934e-11 -5.2165253)
(0.57215527 -1.2272564e-11 -5.1306436)
(0.54427045 -1.1371099e-12 -5.2708405)
(0.55533589 1.4591918e-12 -5.1858917)
(0.51043944 9.2680666e-12 -5.3183531)
(0.52608238 2.9244121e-11 -5.2369146)
(0.47068397 3.130601e-13 -5.3570761)
(0.4897958 -8.9992287e-13 -5.2789846)
(0.4277274 -4.7546138e-12 -5.3864827)
(0.44636799 7.2605266e-13 -5.3131053)
(0.38445764 -4.3542491e-12 -5.4079344)
(0.40750719 -2.2172231e-11 -5.3370357)
(0.34220903 -9.3086054e-12 -5.4219684)
(0.35612827 2.2149009e-12 -5.3556755)
(0.30231471 -1.5152899e-11 -5.4313464)
(0.33212438 -9.5236059e-12 -5.3650318)
(0.2636189 -9.6095343e-12 -5.4504019)
(0.26523292 -2.1198918e-11 -5.3744786)
(0.22203851 -8.8149437e-13 -5.5597095)
(0.26986556 3.9250656e-12 -5.4029279)
(0.14845058 -3.2657207e-12 -5.8843081)
(0.17356323 1.0198871e-11 -5.591124)
(0.11040708 -2.009264e-11 -6.045713)
(0.0059734654 2.8320002e-09 -5.0070901)
(0.0036480888 1.1603938e-09 -4.9535029)
(0.012742865 1.6895999e-09 -4.998632)
(0.0096636588 5.420988e-09 -4.9426311)
(0.019628459 -1.451027e-09 -4.9951085)
(0.016542735 -2.6181379e-09 -4.9392306)
(0.026784751 -2.6080467e-10 -4.9910005)
(0.023814992 -4.1805675e-10 -4.9357973)
(0.034397902 1.8059393e-10 -4.9855829)
(0.030924197 -9.1082017e-11 -4.9311263)
(0.042264538 2.1309827e-10 -4.9790954)
(0.038897565 3.8865781e-10 -4.9250661)
(0.050916846 -3.178383e-11 -4.9716858)
(0.04745437 -6.4332508e-12 -4.9183044)
(0.060200939 -4.3963865e-11 -4.9627169)
(0.055432073 -3.0325092e-11 -4.9104288)
(0.07061664 -1.5988513e-11 -4.9528758)
(0.067238188 -4.4320582e-11 -4.9005663)
(0.082279408 3.0964183e-11 -4.9422284)
(0.076033497 5.7511394e-11 -4.8910627)
(0.094897213 1.6690635e-11 -4.9295359)
(0.08902338 3.7557838e-11 -4.879535)
(0.10957661 9.3994946e-11 -4.9160786)
(0.10449411 1.2730666e-11 -4.8660292)
(0.12613139 1.5842107e-10 -4.9016921)
(0.1173592 1.9885324e-10 -4.8531119)
(0.14440394 1.1660878e-10 -4.8858047)
(0.13674492 1.4530969e-10 -4.8376883)
(0.16598621 5.2874938e-11 -4.8702952)
(0.15662473 7.9359783e-11 -4.8219441)
(0.18998824 -8.3479716e-12 -4.8548212)
(0.17763974 -3.0290261e-12 -4.8073653)
(0.21705276 2.8596116e-11 -4.8397258)
(0.20473781 -2.2123322e-11 -4.7916491)
(0.24838467 5.0750328e-11 -4.8270033)
(0.2329451 5.0711523e-11 -4.7780348)
(0.28244659 5.7380774e-12 -4.816515)
(0.26488728 2.4169078e-11 -4.7670412)
(0.32012905 4.2826629e-14 -4.8099696)
(0.30170702 -1.3380232e-11 -4.7578382)
(0.36117517 9.0868897e-12 -4.809339)
(0.33962467 2.3991612e-11 -4.7548289)
(0.40294941 -1.6983414e-11 -4.8151658)
(0.3811195 1.9099618e-12 -4.7571819)
(0.44582812 -2.6784959e-11 -4.830098)
(0.42356951 -1.515704e-11 -4.7668885)
(0.48621779 1.1923943e-11 -4.8544481)
(0.46429099 -1.9405915e-11 -4.7871526)
(0.52123034 1.2890187e-11 -4.8889299)
(0.50275097 2.9375796e-11 -4.8150613)
(0.54904213 -8.6092306e-12 -4.9331428)
(0.53397523 -1.9500951e-11 -4.8551405)
(0.56463355 6.1798623e-12 -4.9843052)
(0.55606839 1.0122893e-11 -4.9018003)
(0.56843337 5.6196621e-13 -5.0400714)
(0.56612091 1.0359898e-11 -4.9553094)
(0.55765351 9.7430709e-13 -5.0956008)
(0.56243294 -6.463099e-12 -5.0108439)
(0.53584114 3.1687798e-11 -5.1476375)
(0.54632425 2.8431014e-11 -5.0638573)
(0.50337325 1.9238797e-11 -5.1933454)
(0.51839386 3.6241154e-11 -5.1126644)
(0.46525029 -4.9544584e-13 -5.2309274)
(0.48363979 -1.2911399e-11 -5.153401)
(0.42363954 -1.6576527e-11 -5.2596856)
(0.44171844 4.9036427e-12 -5.1865763)
(0.38165866 -1.5723281e-11 -5.2808829)
(0.40411634 -4.8495058e-11 -5.2101382)
(0.34025691 2.0564283e-12 -5.2949281)
(0.353831 1.3631501e-11 -5.2286012)
(0.30108171 -1.5515573e-11 -5.3043855)
(0.33057112 -1.301286e-11 -5.2381103)
(0.2627857 -7.7774168e-12 -5.3231958)
(0.2641994 -2.8952341e-11 -5.2475245)
(0.2215365 1.4978774e-11 -5.4300223)
(0.26924756 1.1950043e-11 -5.2754787)
(0.14823238 -6.4987456e-12 -5.7474009)
(0.17308369 2.0137244e-11 -5.4591822)
(0.11052215 -3.1655505e-11 -5.9037914)
(0.0061506698 2.6842411e-09 -4.8879235)
(0.0037752646 4.9973986e-10 -4.8343204)
(0.01310076 1.844071e-09 -4.8796231)
(0.0099656772 5.7334804e-09 -4.8236432)
(0.020188386 -1.7120812e-09 -4.87618)
(0.016976445 -2.7546903e-09 -4.8203117)
(0.027572945 -2.6224783e-10 -4.8721618)
(0.024410654 -4.4006305e-10 -4.8169628)
(0.035164686 1.0077882e-10 -4.8668438)
(0.031737819 -1.3379143e-10 -4.8123567)
(0.043300144 1.8020543e-10 -4.8604977)
(0.039866151 3.3068726e-10 -4.8064254)
(0.052185375 -4.403259e-12 -4.8532581)
(0.048587936 -7.7829416e-12 -4.7998393)
(0.061699826 -3.0389451e-11 -4.8444987)
(0.056866148 -6.5686538e-11 -4.7921238)
(0.07235077 2.7283381e-11 -4.8349313)
(0.068777287 -4.2052158e-11 -4.7825224)
(0.084200425 6.4436891e-11 -4.8245512)
(0.077793723 8.349709e-11 -4.7733022)
(0.097019065 3.3974121e-11 -4.8122102)
(0.091094019 -3.2688789e-11 -4.7620228)
(0.11189261 1.1499669e-10 -4.7992002)
(0.10660679 1.359168e-11 -4.748975)
(0.12856272 1.8642814e-10 -4.7852435)
(0.11971252 1.8394436e-10 -4.7364834)
(0.14696661 1.0884758e-10 -4.7699287)
(0.1392873 1.4287311e-10 -4.7214834)
(0.16860736 2.4374165e-11 -4.7550674)
(0.15910016 1.9125106e-11 -4.7064536)
(0.19252253 -1.6604767e-11 -4.7402319)
(0.18020335 -5.4496312e-11 -4.6924302)
(0.21943096 -7.2120502e-13 -4.7259564)
(0.20718596 -2.4035014e-11 -4.6774127)
(0.2503949 2.437773e-11 -4.7140343)
(0.23502984 1.547737e-11 -4.6647103)
(0.28384205 5.3804548e-12 -4.7042999)
(0.26663055 1.3415138e-11 -4.6543554)
(0.32076008 1.0256286e-11 -4.6985719)
(0.3027152 -2.8336765e-11 -4.6459802)
(0.36066269 1.6989636e-11 -4.6984963)
(0.33967837 2.1453927e-11 -4.6437197)
(0.4010964 3.864581e-12 -4.70467)
(0.38005784 1.6639139e-11 -4.6463696)
(0.44242357 -7.7482282e-12 -4.7196383)
(0.42093229 -1.1042549e-11 -4.6564274)
(0.48100715 -2.2922441e-12 -4.7434188)
(0.46011408 -2.2142028e-11 -4.6763558)
(0.51445695 -2.6884724e-12 -4.7768664)
(0.49682057 2.5142903e-11 -4.7034499)
(0.5407223 -9.5923529e-13 -4.8193788)
(0.52645432 -2.1842187e-11 -4.7422868)
(0.55542335 1.4301022e-11 -4.8683731)
(0.54739618 3.5318613e-12 -4.7868359)
(0.55892447 3.4348473e-12 -4.9216797)
(0.55671635 3.5806073e-12 -4.8382254)
(0.5484769 2.0791888e-11 -4.9747505)
(0.55313779 -6.0949842e-12 -4.8910641)
(0.52771798 3.2940896e-11 -5.0246048)
(0.53767816 1.9363979e-11 -4.9419811)
(0.49655854 4.3561242e-12 -5.0685603)
(0.5109915 2.4307008e-11 -4.9886277)
(0.45995031 -7.6047388e-12 -5.1050115)
(0.47766525 5.155922e-12 -5.0280783)
(0.4196238 -2.674456e-11 -5.1331009)
(0.43717498 1.8519356e-11 -5.0602752)
(0.37887593 -1.9444702e-11 -5.1540075)
(0.40076871 -3.7806679e-11 -5.0834668)
(0.33830061 -1.3107046e-12 -5.1680186)
(0.35153882 2.085039e-11 -5.1016849)
(0.29982734 -2.6375215e-11 -5.1775201)
(0.32900794 -2.4706549e-11 -5.1113282)
(0.26194699 -9.4090821e-12 -5.1960522)
(0.26315464 -1.4725851e-11 -5.1206605)
(0.22102183 1.7072481e-11 -5.3003878)
(0.26862427 1.107114e-11 -5.1481045)
(0.14801454 -4.7982238e-12 -5.6105343)
(0.17260397 3.5380918e-11 -5.3273123)
(0.11063796 -2.4382962e-11 -5.7619242)
(0.0063157124 2.2405319e-09 -4.7688319)
(0.0038993889 -4.9967501e-11 -4.7151975)
(0.013442546 1.9063722e-09 -4.7606939)
(0.010257518 5.5937447e-09 -4.7047177)
(0.020727401 -1.6162058e-09 -4.7573307)
(0.017396327 -2.6207317e-09 -4.7014604)
(0.028204011 -3.2464119e-10 -4.7533914)
(0.024991078 -4.2721342e-10 -4.6981751)
(0.035998758 8.0424625e-11 -4.7481764)
(0.032529563 -1.2894853e-10 -4.6936532)
(0.044332493 1.5218796e-10 -4.7419839)
(0.040804083 3.1967341e-10 -4.6878512)
(0.053416662 -6.7679849e-11 -4.7349156)
(0.049687572 -5.173545e-11 -4.6814417)
(0.063152841 -7.7845502e-11 -4.7263673)
(0.058257018 -7.3057421e-11 -4.6738914)
(0.074026914 1.1826524e-11 -4.7170702)
(0.070265925 -5.2697301e-11 -4.6645522)
(0.086056546 -1.1687767e-11 -4.7069547)
(0.079504191 5.1291225e-11 -4.6556081)
(0.099069134 -5.3776761e-11 -4.6949653)
(0.093094758 -1.4495778e-10 -4.6445794)
(0.11412214 8.016682e-11 -4.6823944)
(0.10863801 2.0910008e-11 -4.631987)
(0.13089878 1.4091569e-10 -4.6688608)
(0.12198515 1.1384751e-10 -4.6199071)
(0.14942422 5.4624863e-11 -4.654112)
(0.1417212 8.9683311e-11 -4.6053327)
(0.17110497 -5.8928417e-11 -4.6398774)
(0.16146487 -3.1111565e-11 -4.5910012)
(0.19493084 -6.2245525e-11 -4.6256583)
(0.1826571 -1.3308027e-10 -4.5775073)
(0.22167602 -8.2244675e-12 -4.6121731)
(0.20949485 -2.1761431e-11 -4.5631719)
(0.25226459 4.5333512e-12 -4.6010048)
(0.2369879 -6.4197594e-12 -4.5513385)
(0.28511072 -1.993621e-11 -4.5919826)
(0.26824835 -3.6158472e-12 -4.5415751)
(0.32128193 -1.7555176e-11 -4.5870163)
(0.30359058 -4.5492925e-11 -4.533994)
(0.36006361 2.1141786e-11 -4.5874359)
(0.3396473 -3.7617621e-12 -4.5324054)
(0.39922945 1.9418113e-12 -4.5939107)
(0.37894063 2.2950424e-11 -4.5353154)
(0.43906187 -2.5356348e-11 -4.6088626)
(0.41830198 -5.8222093e-11 -4.5456722)
(0.47594044 4.9647595e-12 -4.6320635)
(0.45604059 -2.6919611e-11 -4.565215)
(0.50793201 6.3028352e-12 -4.6644899)
(0.49107324 1.8394438e-11 -4.5915292)
(0.53273159 -1.7514277e-11 -4.7053541)
(0.51922931 -8.1704868e-12 -4.6291136)
(0.54662556 -7.1894411e-12 -4.7522861)
(0.53908785 -2.5391131e-11 -4.671666)
(0.54982033 -5.8918662e-12 -4.8032404)
(0.54772843 -3.3975644e-12 -4.7210257)
(0.53970634 -7.6700569e-12 -4.8539754)
(0.544248 -1.9308314e-11 -4.7712874)
(0.51989554 1.0702012e-11 -4.901753)
(0.52938658 -4.7649636e-12 -4.8202257)
(0.48998922 2.5210374e-11 -4.9440055)
(0.5038654 1.3481856e-11 -4.8647757)
(0.45478613 3.1211453e-11 -4.9793214)
(0.47186753 2.8654859e-11 -4.9029769)
(0.41568991 7.7427411e-12 -5.006729)
(0.43274125 4.183999e-11 -4.9341719)
(0.3761169 2.2013866e-12 -5.0273124)
(0.39747079 -1.7013723e-11 -4.9569904)
(0.33635134 -2.3285077e-12 -5.0412482)
(0.34925942 1.3931238e-11 -4.9749026)
(0.29855753 -1.3103047e-11 -5.0507618)
(0.32744058 -7.9710397e-12 -4.9846604)
(0.26110846 5.6385504e-12 -5.0689841)
(0.26210419 9.0220329e-12 -4.9938684)
(0.22049735 2.9273264e-11 -5.1708198)
(0.2679984 4.8793731e-12 -5.0207823)
(0.14779993 1.6052207e-11 -5.4737244)
(0.17212671 4.7153321e-11 -5.195495)
(0.11075622 -1.9150226e-11 -5.6200867)
(0.0064680908 1.8923267e-09 -4.6498064)
(0.0040210513 -3.8896644e-10 -4.5961425)
(0.013733952 1.8134135e-09 -4.6418362)
(0.010538572 5.3222743e-09 -4.585857)
(0.021246435 -1.5582901e-09 -4.6385496)
(0.017803803 -2.6544668e-09 -4.5826925)
(0.028850645 -2.4421508e-10 -4.6346845)
(0.025556969 -4.3071418e-10 -4.5794532)
(0.036827924 9.5143727e-11 -4.6295804)
(0.0332987 -1.4996969e-10 -4.5750253)
(0.045343935 1.2616406e-10 -4.6235422)
(0.041712056 2.4321021e-10 -4.5693531)
(0.054613091 -5.6602181e-11 -4.6166473)
(0.050753701 -8.6040483e-11 -4.5631211)
(0.06456191 -4.8336417e-11 -4.6083132)
(0.059604749 -7.5566437e-11 -4.5557416)
(0.075646471 -1.5165543e-11 -4.5992834)
(0.071704956 -5.1590108e-11 -4.5466651)
(0.087850076 -7.8695213e-11 -4.58943)
(0.081165177 -2.3257944e-11 -4.5379906)
(0.10105053 -7.2790504e-11 -4.5777918)
(0.095026001 -1.5701077e-10 -4.5272153)
(0.11626905 5.3297589e-11 -4.5656514)
(0.11058992 2.1539574e-11 -4.515074)
(0.13314458 6.2927668e-11 -4.5525348)
(0.12417849 9.1610813e-11 -4.5033931)
(0.15178192 5.3887116e-12 -4.5383443)
(0.14404879 8.0535562e-11 -4.4892455)
(0.17348539 -1.0412751e-10 -4.5247158)
(0.16372267 -1.9752563e-11 -4.4755949)
(0.19721953 -9.3756397e-11 -4.5110923)
(0.1850041 -1.4371002e-10 -4.4626072)
(0.22379497 -2.010698e-11 -4.4983673)
(0.21166965 -4.9634142e-12 -4.4489365)
(0.25400176 -1.4594424e-11 -4.487909)
(0.23882617 2.8167813e-11 -4.437929)
(0.286262 -2.8804657e-11 -4.4795597)
(0.26974675 -2.2874515e-11 -4.428714)
(0.32170356 -3.2047185e-11 -4.4753004)
(0.30434271 -3.4448993e-11 -4.4218939)
(0.35938839 -2.1646492e-12 -4.4761609)
(0.33953991 -2.3712788e-11 -4.4209016)
(0.39735591 -3.6597061e-11 -4.4828942)
(0.3777749 3.4784262e-11 -4.4240436)
(0.43574753 -6.0011382e-11 -4.4977805)
(0.41568678 -9.1144453e-11 -4.4346449)
(0.47101977 -1.3804283e-11 -4.5203964)
(0.45207047 -1.7103881e-11 -4.453761)
(0.50164612 4.0983701e-12 -4.5518133)
(0.48550727 5.9899281e-12 -4.4793295)
(0.52506103 -1.5936941e-11 -4.5910802)
(0.51229112 1.1217629e-11 -4.5156498)
(0.53822069 -2.1734682e-11 -4.636048)
(0.53112736 -2.7928712e-11 -4.556319)
(0.54110312 -1.6718977e-11 -4.6847505)
(0.53914084 -2.6955418e-13 -4.6037245)
(0.5313262 -1.6486602e-11 -4.7332632)
(0.53574546 -1.9818053e-11 -4.6515298)
(0.51236539 -2.0861788e-12 -4.7790469)
(0.52143913 -1.3250203e-11 -4.6985886)
(0.48365366 1.6844966e-11 -4.8196482)
(0.49700533 1.9510713e-11 -4.7411126)
(0.44975702 3.9214482e-11 -4.8538405)
(0.46624454 2.7910801e-11 -4.7780933)
(0.411843 1.7380595e-11 -4.880552)
(0.42842061 5.7091961e-11 -4.8082718)
(0.37338487 -5.4353973e-12 -4.9007819)
(0.39422876 -1.6650912e-11 -4.8307119)
(0.33441657 8.3927279e-12 -4.9146043)
(0.34699971 1.4244408e-12 -4.8482658)
(0.29727478 1.4074598e-11 -4.9240988)
(0.32587453 3.5168641e-12 -4.8581158)
(0.26027406 8.2814485e-12 -4.9419791)
(0.2610534 2.1514802e-11 -4.867165)
(0.21996563 2.2574158e-11 -5.0413063)
(0.26737192 2.0176804e-12 -4.893524)
(0.14758969 1.2234403e-11 -5.3369597)
(0.17165376 4.4219202e-11 -5.0637464)
(0.11087865 -1.9411511e-11 -5.4782928)
(0.0066103289 1.6131633e-09 -4.5308573)
(0.0041407503 -5.865484e-10 -4.4771385)
(0.014045721 1.5795455e-09 -4.5230611)
(0.0108083 5.0941326e-09 -4.4670538)
(0.021746599 -1.655187e-09 -4.5198508)
(0.018199881 -2.7169832e-09 -4.4639877)
(0.029496021 -3.4841822e-10 -4.5160557)
(0.026109158 -5.5027877e-10 -4.4607869)
(0.037635809 -1.5189311e-11 -4.5110655)
(0.034045127 -1.6156766e-10 -4.4564555)
(0.046328798 4.0234663e-11 -4.5051817)
(0.042590848 1.956484e-10 -4.4509162)
(0.055773591 -1.0525716e-10 -4.498463)
(0.051786737 -6.325319e-11 -4.4448618)
(0.065925772 -7.9323097e-11 -4.4903459)
(0.060909644 -1.0154325e-10 -4.4376589)
(0.077209136 -6.0210579e-11 -4.4815804)
(0.073095412 -3.8052211e-11 -4.4288449)
(0.089580378 -9.9337399e-11 -4.4719874)
(0.082777187 -4.1563562e-11 -4.4204346)
(0.10296229 -6.5393182e-11 -4.4606994)
(0.096888673 -1.2876937e-10 -4.4099151)
(0.11833298 5.8877446e-11 -4.4489808)
(0.11246499 9.0068185e-12 -4.3982196)
(0.13530087 1.0936225e-10 -4.4362753)
(0.12629431 9.4599897e-11 -4.3869259)
(0.15404032 5.6591626e-11 -4.4226342)
(0.14627285 1.0069034e-10 -4.3732061)
(0.17575119 -5.7954461e-11 -4.4095914)
(0.16587772 5.6315647e-12 -4.3602176)
(0.19939151 -5.6363181e-11 -4.3965434)
(0.18724782 -1.1386666e-10 -4.3477154)
(0.22579181 4.2987911e-11 -4.3845483)
(0.21371603 6.8138601e-12 -4.3346915)
(0.25561205 2.0361778e-11 -4.3747576)
(0.24055159 6.540208e-11 -4.3244671)
(0.28730279 -2.8417221e-11 -4.3670438)
(0.27113191 -3.7847619e-11 -4.3157616)
(0.32203131 -2.6203984e-11 -4.3634379)
(0.30498124 -1.1221731e-11 -4.3096696)
(0.35864568 1.2771918e-11 -4.3646898)
(0.33936401 -4.7251389e-11 -4.3092001)
(0.39548051 -1.8807981e-11 -4.3716419)
(0.37656732 3.3398091e-11 -4.3125535)
(0.43248347 -4.8773509e-11 -4.3864165)
(0.41309398 -1.1173701e-10 -4.3233428)
(0.46624568 2.5303092e-12 -4.408446)
(0.44820258 -2.8925152e-12 -4.3419998)
(0.49558848 1.3074563e-11 -4.4388644)
(0.48012015 7.5135304e-12 -4.3668548)
(0.51770043 -5.2265924e-13 -4.4765839)
(0.50562961 3.136042e-11 -4.4018998)
(0.53018839 -6.6339857e-12 -4.5196781)
(0.52349849 -3.236649e-11 -4.4407957)
(0.53275541 -3.2518621e-12 -4.5662232)
(0.5309364 1.0432873e-11 -4.4863105)
(0.52331964 -1.6619422e-11 -4.6126191)
(0.52761184 -6.9424083e-13 -4.5317811)
(0.5051172 8.1648959e-12 -4.6564895)
(0.51382257 -2.872548e-11 -4.5770415)
(0.47754622 3.0531744e-11 -4.6954888)
(0.49040174 3.6216957e-11 -4.6176164)
(0.44486405 4.563642e-11 -4.7285663)
(0.46079513 2.15012e-11 -4.6533981)
(0.40808966 2.3433172e-11 -4.754575)
(0.4242159 5.6628957e-11 -4.6825539)
(0.37068485 -9.8798256e-12 -4.774424)
(0.39104798 -2.0093306e-11 -4.7046064)
(0.33250444 -3.4617124e-12 -4.7880949)
(0.34476586 1.6410188e-11 -4.721759)
(0.29598498 1.0873627e-11 -4.7975435)
(0.32431579 -4.1921579e-12 -4.7316748)
(0.2594473 1.5339073e-11 -4.8150536)
(0.26000795 2.1745021e-11 -4.7405389)
(0.21942926 2.3477612e-11 -4.911861)
(0.26674632 1.9160147e-11 -4.7663134)
(0.1473851 1.284529e-11 -5.2002523)
(0.17118615 2.428013e-11 -4.9320539)
(0.11100726 -2.3452959e-11 -5.3365252)
(0.0067469256 1.4742544e-09 -4.4119702)
(0.0042568631 -4.8160333e-10 -4.3581963)
(0.014437195 1.5077068e-09 -4.4043522)
(0.011067499 5.1538754e-09 -4.3483413)
(0.022230279 -1.737075e-09 -4.4012098)
(0.018585959 -2.6946897e-09 -4.3453436)
(0.030125363 -3.7996825e-10 -4.3974847)
(0.02664757 -4.9891291e-10 -4.3421881)
(0.038421325 3.7200522e-11 -4.3926103)
(0.034768505 -7.8841741e-11 -4.3379549)
(0.047287336 9.9417866e-11 -4.386882)
(0.043440602 2.4423492e-10 -4.3325517)
(0.056900034 -5.8622647e-11 -4.3803417)
(0.0527866 1.4174875e-11 -4.3266743)
(0.067246479 -6.1602507e-11 -4.3724442)
(0.06217146 -9.3012614e-11 -4.3196532)
(0.078717752 -1.9341016e-11 -4.3639405)
(0.074437646 2.0864412e-12 -4.3111012)
(0.091249905 -6.9538056e-11 -4.3546067)
(0.084340013 -6.3187392e-12 -4.3029502)
(0.10480738 -5.6462827e-11 -4.3436671)
(0.098683001 -1.2030908e-10 -4.2926893)
(0.12031744 4.3538096e-11 -4.3323618)
(0.11426483 7.9084882e-12 -4.2814328)
(0.13737241 8.5850398e-11 -4.3200617)
(0.12833346 1.0717543e-10 -4.2705161)
(0.15620435 5.0864016e-11 -4.3069607)
(0.1483953 1.0304204e-10 -4.257224)
(0.17790842 -4.8951148e-11 -4.294484)
(0.16793303 3.4336811e-11 -4.244878)
(0.2014527 -5.1948463e-11 -4.2819924)
(0.18939061 -1.0243182e-10 -4.2328426)
(0.22767327 2.8653362e-11 -4.2706968)
(0.21563875 1.10839e-11 -4.2204471)
(0.25710303 8.1500166e-12 -4.2615337)
(0.24216985 6.8924615e-11 -4.2109632)
(0.28824182 -2.0886098e-11 -4.2544205)
(0.27240888 -3.4432034e-11 -4.2027319)
(0.32227329 -3.1968464e-11 -4.2514155)
(0.30551498 4.5944005e-12 -4.1973351)
(0.3578457 -2.7264681e-11 -4.2530139)
(0.33912623 -5.7835032e-11 -4.1973176)
(0.39360942 -5.8429585e-11 -4.2601478)
(0.37532393 1.5519653e-11 -4.2008681)
(0.42927465 -6.6644749e-11 -4.274768)
(0.41053038 -1.2076748e-10 -4.2117876)
(0.46162026 2.018414e-12 -4.2962124)
(0.44443575 -1.180994e-12 -4.2299613)
(0.48975131 2.5639981e-11 -4.325643)
(0.4749101 1.0140459e-11 -4.2541316)
(0.51064258 -7.4715437e-14 -4.3618635)
(0.49923581 3.9233077e-11 -4.2878925)
(0.52251202 -1.5563702e-11 -4.4031675)
(0.51618744 -3.116468e-11 -4.3251207)
(0.52476347 1.3056304e-11 -4.4476452)
(0.5230999 2.0877142e-11 -4.3687989)
(0.51567146 -1.2639231e-11 -4.4920216)
(0.51983141 1.1589325e-11 -4.412057)
(0.49814267 -1.0340924e-12 -4.5340605)
(0.50652388 -2.7175941e-11 -4.4555842)
(0.47166153 2.7265646e-11 -4.5715073)
(0.48404518 4.2720144e-11 -4.4942926)
(0.44010948 3.2311084e-11 -4.6034724)
(0.45552029 1.3468203e-11 -4.5288903)
(0.40443497 1.3490355e-11 -4.6287708)
(0.42013038 4.9090105e-11 -4.5570251)
(0.36802007 6.0172834e-12 -4.6482131)
(0.38793353 -2.0450557e-11 -4.5786765)
(0.33062175 1.577734e-11 -4.6616993)
(0.34256389 1.5234258e-11 -4.5953949)
(0.29469409 6.5592309e-12 -4.6710778)
(0.32277004 -4.5504995e-12 -4.6053457)
(0.2586312 2.5577462e-11 -4.6881909)
(0.25897362 1.7192769e-11 -4.6140062)
(0.21889058 1.99403e-11 -4.7824666)
(0.26612369 1.0665321e-11 -4.639162)
(0.14718645 -1.1813414e-11 -5.0635849)
(0.17072499 1.0604093e-11 -4.8004333)
(0.11114422 -2.4515829e-11 -5.1947972)
(0.0068880391 1.7891652e-09 -4.2931618)
(0.004367581 8.3842425e-12 -4.2392979)
(0.014759216 1.664993e-09 -4.2857245)
(0.011317736 5.4136242e-09 -4.2296822)
(0.022695666 -1.5831987e-09 -4.2826407)
(0.01896368 -2.8733268e-09 -4.2267468)
(0.030735229 -2.156528e-10 -4.2789861)
(0.027172231 -4.1686972e-10 -4.223636)
(0.039182094 1.1728229e-10 -4.2742292)
(0.035469164 -7.6210997e-11 -4.219502)
(0.048217062 1.6544583e-10 -4.2686573)
(0.044262205 2.8536273e-10 -4.2142385)
(0.057990585 -1.7643291e-11 -4.2622971)
(0.053754137 2.1864585e-11 -4.2085369)
(0.068522384 -3.1313614e-11 -4.2546215)
(0.063390961 -8.7671281e-11 -4.2017026)
(0.080171455 1.5266904e-11 -4.2463771)
(0.075732992 -3.7047714e-12 -4.1934117)
(0.092857653 -5.5182789e-11 -4.2373017)
(0.085854357 2.4262157e-12 -4.1855159)
(0.10658405 -5.7885834e-11 -4.2267084)
(0.1004105 -1.4700032e-10 -4.1755162)
(0.12222155 7.0165326e-11 -4.2158076)
(0.11599225 5.0992069e-12 -4.164691)
(0.13935875 1.2442228e-10 -4.2039075)
(0.13029798 1.2842465e-10 -4.1541422)
(0.15827355 8.7336136e-11 -4.1913362)
(0.1504196 1.2753291e-10 -4.141277)
(0.17995852 -1.7620243e-11 -4.1794064)
(0.16989272 4.9049911e-11 -4.1295536)
(0.20340483 -4.0582832e-11 -4.1674528)
(0.19143578 -1.1472634e-10 -4.1179681)
(0.22944218 5.0788641e-11 -4.1568259)
(0.21744347 1.7844396e-11 -4.1061828)
(0.25847904 2.7301602e-11 -4.1482522)
(0.24368691 1.0276216e-10 -4.0973969)
(0.28908416 -9.2935365e-12 -4.1417062)
(0.27358299 9.5744008e-12 -4.0896088)
(0.32243409 -2.0750846e-11 -4.1392506)
(0.30595284 1.3635072e-11 -4.084874)
(0.35699529 -1.5632683e-11 -4.1411547)
(0.33883261 -3.3269519e-11 -4.0852405)
(0.39174476 -4.5784358e-11 -4.1484359)
(0.37405038 1.9436495e-11 -4.0889791)
(0.42612271 -5.6170265e-11 -4.1628624)
(0.40800167 -9.7310113e-11 -4.0999703)
(0.45714127 6.8626492e-12 -4.1837254)
(0.44076785 1.887924e-12 -4.117644)
(0.4841237 2.3539387e-11 -4.2121782)
(0.46987418 1.8292204e-11 -4.1411543)
(0.50387649 8.5950765e-12 -4.2469474)
(0.49309942 4.2132461e-11 -4.1736261)
(0.51517203 4.9558923e-12 -4.2865375)
(0.50917977 -4.4601107e-12 -4.2092851)
(0.5171114 1.9465817e-11 -4.3290334)
(0.51561468 3.8471269e-11 -4.2511732)
(0.5083635 -2.7239479e-12 -4.3714799)
(0.51238768 -5.0647376e-12 -4.2923401)
(0.49142784 1.619078e-11 -4.4117461)
(0.49952796 2.4190365e-12 -4.3341837)
(0.4659941 2.9080123e-11 -4.4476901)
(0.47792572 5.2987884e-11 -4.3711146)
(0.43549605 3.006151e-11 -4.4785645)
(0.45041953 2.2465423e-11 -4.4045366)
(0.40088261 1.5500625e-11 -4.5031464)
(0.4161656 4.8858274e-11 -4.4316585)
(0.36539487 -1.1409511e-11 -4.5221589)
(0.38488918 -1.7875418e-11 -4.4528902)
(0.32877399 -5.0004878e-12 -4.5354302)
(0.34039846 -2.1655879e-12 -4.4691522)
(0.29340899 5.9823073e-12 -4.5447138)
(0.32124107 -1.6840277e-11 -4.4791024)
(0.25782858 2.3087673e-12 -4.5614032)
(0.25795512 2.4231912e-11 -4.4875474)
(0.21835353 1.3283662e-12 -4.6531367)
(0.26550661 -7.996422e-12 -4.5120465)
(0.14699501 -1.947665e-12 -4.9269736)
(0.17027161 1.9746071e-11 -4.6688638)
(0.11129168 -1.3062122e-11 -5.0530832)
(0.0070636113 2.2815064e-09 -4.1744254)
(0.004473512 -1.2366244e-11 -4.1204817)
(0.01506601 1.6286652e-09 -4.1671653)
(0.011560054 5.5615039e-09 -4.1110946)
(0.023144293 -1.8487021e-09 -4.1641361)
(0.019333346 -2.8766321e-09 -4.1082215)
(0.031326961 -2.9191987e-10 -4.1605513)
(0.027682912 -4.6495837e-10 -4.1051552)
(0.03992046 7.9656186e-11 -4.1559134)
(0.036146826 -1.3250342e-10 -4.1011208)
(0.049120516 1.4917019e-10 -4.150499)
(0.045055902 2.8366283e-10 -4.0960006)
(0.059048266 -4.5536023e-11 -4.1443205)
(0.05468955 2.5587614e-11 -4.0904733)
(0.069756907 -6.1819233e-11 -4.1368689)
(0.064568221 -8.941178e-11 -4.0838302)
(0.08157393 -1.6657723e-11 -4.1288816)
(0.076982043 -3.6571447e-11 -4.0757991)
(0.094407411 -8.6890822e-11 -4.1200642)
(0.087320163 -3.6567061e-11 -4.0681547)
(0.10829674 -8.6324559e-11 -4.1098146)
(0.10207188 -1.6675187e-10 -4.0584192)
(0.12405069 6.1642114e-11 -4.09931)
(0.11764909 1.1603694e-11 -4.0480165)
(0.14126579 1.3154635e-10 -4.0878049)
(0.13218893 1.3894273e-10 -4.0378276)
(0.16025428 9.018244e-11 -4.0757522)
(0.15234829 1.5072622e-10 -4.0253875)
(0.18190832 -4.6232186e-11 -4.064351)
(0.17175993 2.8707334e-11 -4.0142659)
(0.20525433 -5.7680922e-11 -4.0529181)
(0.19338574 -1.1844125e-10 -4.0031154)
(0.23110556 6.8983435e-11 -4.0429295)
(0.21913526 8.8750457e-12 -3.9919214)
(0.25974761 8.5895499e-11 -4.0349094)
(0.24510803 9.495804e-11 -3.9837913)
(0.28983805 3.2465078e-11 -4.0288991)
(0.27465916 4.2601015e-11 -3.9764192)
(0.32252135 1.5064037e-12 -4.0269431)
(0.30630372 -1.7412645e-12 -3.9723126)
(0.35610424 1.3801117e-12 -4.0291162)
(0.33848921 -1.2297884e-11 -3.9729987)
(0.38989175 -3.1205003e-11 -4.0365119)
(0.37275309 -1.3829585e-12 -3.9769204)
(0.42303286 -3.9972089e-11 -4.0507088)
(0.4055146 -6.6960491e-11 -3.9879247)
(0.45281003 1.3203148e-11 -4.070995)
(0.43719884 -2.3433019e-12 -4.0050889)
(0.47869971 3.6725538e-11 -4.0984802)
(0.46501215 1.7368021e-11 -4.0279587)
(0.49739578 2.9374956e-11 -4.1318441)
(0.48721366 3.4686046e-11 -4.0591419)
(0.50815461 2.8788835e-11 -4.1697899)
(0.50246583 3.7680644e-12 -4.0933229)
(0.5097885 1.4200235e-11 -4.210386)
(0.50846842 3.6370017e-11 -4.133462)
(0.50138167 3.5065173e-14 -4.2509844)
(0.50526922 -2.235275e-11 -4.1726578)
(0.48496645 3.8933856e-11 -4.2895525)
(0.49282607 1.7794113e-11 -4.2128549)
(0.46053896 4.6536388e-11 -4.324041)
(0.47203825 4.2780407e-11 -4.248103)
(0.43102724 4.1124076e-11 -4.3538229)
(0.44549334 4.3156973e-11 -4.2803526)
(0.39743555 1.5819356e-11 -4.3776845)
(0.41232519 2.6298737e-11 -4.3064746)
(0.36281301 -8.7086739e-12 -4.3962507)
(0.3819205 -7.5699789e-12 -4.327264)
(0.32696406 -1.3934998e-11 -4.4092774)
(0.33827533 3.6210411e-12 -4.3430573)
(0.29213444 1.2193693e-12 -4.4184413)
(0.3197332 -4.225865e-11 -4.3529675)
(0.25704182 1.4071288e-11 -4.4346836)
(0.25695716 2.9069198e-11 -4.361191)
(0.21782244 1.0299087e-11 -4.5238628)
(0.26489855 -2.4586116e-12 -4.3849929)
(0.14681103 8.7712657e-12 -4.7904071)
(0.16982797 1.2769241e-11 -4.5373741)
(0.11145201 -1.7153316e-12 -4.9114118)
(0.0071922433 1.8741525e-09 -4.0557582)
(0.0045752926 -3.9760198e-10 -4.001711)
(0.015361332 1.8233147e-09 -4.0486719)
(0.01179505 5.4274588e-09 -3.9925617)
(0.023575142 -1.6320176e-09 -4.0456945)
(0.019694778 -2.8093773e-09 -3.9897459)
(0.031898414 -3.196897e-10 -4.0421791)
(0.028179113 -4.1182562e-10 -3.9867248)
(0.040634177 5.7442968e-11 -4.0376618)
(0.036800931 -7.4091072e-11 -3.9827903)
(0.049994929 1.6731652e-10 -4.0324055)
(0.045821651 1.657235e-10 -3.977817)
(0.060070713 -1.5530489e-11 -4.0264099)
(0.055592843 7.3150258e-11 -3.9724618)
(0.07094788 -6.5270692e-11 -4.019184)
(0.065703258 -8.461315e-11 -3.966014)
(0.082923721 -5.6481955e-11 -4.0114516)
(0.078185247 -1.5216673e-11 -3.9582413)
(0.095897856 -1.1425186e-10 -4.002892)
(0.088737421 -3.8233552e-11 -3.9508451)
(0.10994315 -7.153295e-11 -3.9929832)
(0.10366788 -1.2551279e-10 -3.9413764)
(0.12580343 8.7132247e-11 -3.9828664)
(0.1192369 4.2323664e-11 -3.9313869)
(0.1430922 1.5797195e-10 -3.9717513)
(0.13400726 1.8450772e-10 -3.9215512)
(0.16214558 9.0706205e-11 -3.9602056)
(0.15418379 1.9042957e-10 -3.9095336)
(0.18375881 -4.1864198e-11 -3.9493152)
(0.17353749 4.9626792e-11 -3.898993)
(0.20700278 -5.3213099e-11 -3.9383862)
(0.19524283 -8.4055621e-11 -3.888264)
(0.23266621 3.400377e-11 -3.9290054)
(0.22071908 4.1558625e-12 -3.8776428)
(0.26091333 5.2147921e-11 -3.9215047)
(0.24643804 8.2755138e-11 -3.8701267)
(0.29050844 8.7833315e-12 -3.9160003)
(0.27564195 4.7738981e-11 -3.8631471)
(0.32253995 -1.5457965e-11 -3.9144955)
(0.30657572 -1.785917e-12 -3.8596343)
(0.35517991 -1.5148097e-11 -3.9169042)
(0.33810093 3.2136637e-12 -3.8605797)
(0.38805282 -3.6641453e-11 -3.9243839)
(0.37143721 -2.2279679e-11 -3.864682)
(0.42000815 -2.9799962e-11 -3.9383188)
(0.40307382 -4.3436392e-11 -3.8756419)
(0.44862512 1.6842933e-12 -3.9580339)
(0.43372681 -3.4349791e-12 -3.892293)
(0.47347195 1.5212426e-11 -3.984562)
(0.46032122 2.031365e-11 -3.9145366)
(0.49119149 9.2768947e-12 -4.0165658)
(0.4815691 2.1086078e-11 -3.9444373)
(0.50144474 1.1147426e-11 -4.0529307)
(0.49603372 1.0888896e-11 -3.9772227)
(0.5027833 1.6630943e-13 -4.0917057)
(0.50164587 2.3621579e-11 -4.0156501)
(0.49471128 -4.8246752e-12 -4.1305314)
(0.49846236 -1.7695165e-11 -4.0529913)
(0.47875819 2.1501324e-11 -4.1674695)
(0.48640836 2.3292993e-11 -4.0915689)
(0.4552833 3.9398773e-11 -4.2005423)
(0.46637534 2.996439e-11 -4.1252291)
(0.42670998 2.8419119e-11 -4.2292377)
(0.44074027 4.0839463e-11 -4.1563102)
(0.39409721 3.0801611e-12 -4.2523837)
(0.40860829 -2.7562236e-12 -4.1814458)
(0.36028185 4.7052288e-12 -4.2704846)
(0.37903092 1.6556173e-12 -4.2017671)
(0.32519579 -2.4484388e-11 -4.2832433)
(0.3361991 2.1978628e-12 -4.2170882)
(0.29087818 -1.4739599e-11 -4.292266)
(0.31824988 -5.1150589e-11 -4.2269162)
(0.25627345 1.2681312e-11 -4.3080375)
(0.25598328 7.7732972e-12 -4.2349164)
(0.21730273 -5.554459e-14 -4.39465)
(0.26430287 -4.0044041e-12 -4.2579791)
(0.14663654 2.344382e-12 -4.6538926)
(0.16939589 -6.9479531e-12 -4.4059423)
(0.11162769 -6.6274354e-13 -4.7697567)
(0.0073386023 1.6994438e-09 -3.9371604)
(0.0046727238 1.5313927e-11 -3.883005)
(0.015646483 1.5435773e-09 -3.9302464)
(0.012022893 5.1623754e-09 -3.8740917)
(0.023988933 -1.7275031e-09 -3.9273182)
(0.020047761 -2.6990037e-09 -3.8713306)
(0.03245047 -1.8060247e-10 -3.9238721)
(0.028660456 -3.1462211e-10 -3.8683561)
(0.041324864 2.6088484e-11 -3.9194769)
(0.037431317 3.1988887e-11 -3.8645215)
(0.050841801 7.41553e-11 -3.9143797)
(0.046559932 1.4109287e-10 -3.8596987)
(0.061059954 7.848958e-12 -3.9085679)
(0.056464622 8.6798358e-11 -3.8545133)
(0.072097581 -3.601326e-11 -3.9015692)
(0.066796667 -3.4040566e-11 -3.8482644)
(0.084223353 3.4580946e-12 -3.8940897)
(0.079343598 1.8736956e-11 -3.8407485)
(0.097331758 -4.8036777e-11 -3.885788)
(0.090106456 1.1110234e-11 -3.8335974)
(0.11152625 -1.4207664e-11 -3.8762169)
(0.10519981 -9.2022747e-11 -3.8243983)
(0.1274836 1.3771833e-10 -3.8664799)
(0.12075781 7.0797656e-11 -3.8148121)
(0.14484211 2.1688766e-10 -3.85575)
(0.13575438 2.2346232e-10 -3.8053238)
(0.16395193 1.5102759e-10 -3.8446992)
(0.15592921 2.2034011e-10 -3.7937252)
(0.18551503 8.9215462e-12 -3.8343024)
(0.17522861 6.6359421e-11 -3.7837445)
(0.20865508 -2.7607427e-11 -3.8238616)
(0.19700952 -5.2960903e-11 -3.7734248)
(0.23412951 5.2135265e-11 -3.8150585)
(0.22220015 1.0689698e-11 -3.7633581)
(0.26198237 7.8670031e-11 -3.8080455)
(0.24768161 8.5420966e-11 -3.7564143)
(0.29110164 3.7603752e-11 -3.8030187)
(0.27653594 4.5735151e-11 -3.7498073)
(0.32249582 1.6843129e-11 -3.8019185)
(0.30677707 3.3487913e-11 -3.7468532)
(0.35423029 -3.715749e-12 -3.8045325)
(0.33767278 6.1938193e-13 -3.748002)
(0.38623113 -2.8914441e-11 -3.812067)
(0.37010852 -2.0271433e-11 -3.7522836)
(0.41705231 -1.7361797e-11 -3.8257109)
(0.40068463 -3.622687e-11 -3.7631437)
(0.44458571 1.5028997e-11 -3.8448606)
(0.43035156 4.2759577e-14 -3.7792831)
(0.46843483 2.618185e-11 -3.8704423)
(0.45580045 3.9993449e-11 -3.8009098)
(0.48525552 2.2763109e-11 -3.9011295)
(0.47615883 2.6262368e-11 -3.8295407)
(0.49502923 2.3284084e-11 -3.9359706)
(0.48987502 1.0251817e-11 -3.8610037)
(0.49608542 6.0059628e-12 -3.9729999)
(0.4951348 2.2149499e-11 -3.8977545)
(0.48833804 1.0186415e-11 -4.0101222)
(0.49195677 -6.0710026e-12 -3.9333535)
(0.47280089 3.1718703e-11 -4.0454859)
(0.48026693 1.3316169e-11 -3.9703321)
(0.45022048 3.1346812e-11 -4.0772019)
(0.46093533 2.884958e-11 -4.0024969)
(0.42254292 9.8917606e-12 -4.1048224)
(0.43615954 3.3538897e-11 -4.0324159)
(0.39086554 -4.2028573e-12 -4.1272369)
(0.40501015 8.5993057e-13 -4.0565784)
(0.35780499 -8.5425568e-13 -4.1448586)
(0.37622381 7.7780868e-12 -4.0764039)
(0.3234707 -2.4214263e-11 -4.1573261)
(0.33417466 5.7904293e-12 -4.0912566)
(0.28964395 -2.8910201e-11 -4.1661829)
(0.3167947 -3.698756e-11 -4.1009582)
(0.2555253 -8.858765e-12 -4.1814629)
(0.25503641 -3.469639e-12 -4.108737)
(0.21679819 -1.0883604e-11 -4.2654987)
(0.26372262 -2.8413819e-12 -4.131018)
(0.14647216 -9.9816078e-12 -4.5174275)
(0.16897722 -1.5440324e-11 -4.2745815)
(0.11182117 1.0340265e-11 -4.6281303)
(0.0074888895 2.1914801e-09 -3.8186195)
(0.0047662729 5.8231622e-10 -3.7643586)
(0.015920645 1.6344649e-09 -3.8118732)
(0.012243677 5.107771e-09 -3.7556748)
(0.024384906 -1.4236833e-09 -3.8089929)
(0.020391344 -2.4104926e-09 -3.7529668)
(0.03298206 -1.1678016e-10 -3.8056167)
(0.029125865 -3.6393805e-10 -3.750041)
(0.041991781 1.4330733e-10 -3.8013453)
(0.038037097 -4.2733469e-12 -3.7463064)
(0.051659966 1.5525821e-10 -3.7964079)
(0.047270415 1.3261068e-10 -3.7416373)
(0.062015376 4.7805658e-11 -3.7907807)
(0.057304706 3.8725158e-11 -3.7366195)
(0.073205577 1.9604361e-11 -3.7840103)
(0.067848317 1.5829317e-11 -3.7305724)
(0.085472928 2.6530915e-11 -3.7767817)
(0.080457265 -3.0067046e-12 -3.7233115)
(0.098709446 -3.1151109e-11 -3.7687382)
(0.091426976 2.9485788e-11 -3.7164031)
(0.1130459 -9.4911378e-12 -3.7595012)
(0.10666812 -1.2711013e-10 -3.707476)
(0.12909182 1.5441632e-10 -3.7501365)
(0.12221279 7.3027673e-11 -3.6982829)
(0.14651612 2.2695488e-10 -3.7397871)
(0.13743068 2.1566853e-10 -3.689137)
(0.16567452 1.3750817e-10 -3.7292187)
(0.15758652 1.9785343e-10 -3.6779533)
(0.18717946 5.8047204e-12 -3.7192991)
(0.17683538 5.1087417e-11 -3.6685114)
(0.21021407 -1.5327669e-11 -3.7093315)
(0.19868739 -7.4516678e-11 -3.65859)
(0.23549914 4.3241895e-11 -3.7010763)
(0.22358281 8.0567851e-13 -3.6490596)
(0.26296009 5.2853926e-11 -3.6945211)
(0.24884252 6.2693912e-11 -3.6426474)
(0.29162283 4.1726838e-11 -3.689945)
(0.2773449 2.2604951e-11 -3.6363963)
(0.32239434 1.7538314e-11 -3.6892048)
(0.3069149 4.459833e-11 -3.6339652)
(0.35326305 -1.5770376e-11 -3.6919966)
(0.3372087 -2.0702938e-11 -3.6352662)
(0.38442931 -2.7462904e-11 -3.6995586)
(0.36877168 -2.4286067e-11 -3.6397259)
(0.41416908 -1.9085302e-11 -3.7128862)
(0.39835073 -4.7472905e-11 -3.6504339)
(0.44069083 2.4729616e-11 -3.7314757)
(0.42707195 -3.9806858e-12 -3.6660672)
(0.46358407 4.0165556e-11 -3.7561224)
(0.45144745 3.0059759e-11 -3.6870807)
(0.47958003 1.3853758e-11 -3.7855354)
(0.4709748 2.3509993e-11 -3.7144606)
(0.48889659 9.0437556e-12 -3.8189044)
(0.48398061 -1.1624115e-11 -3.7446653)
(0.48968609 1.0240571e-11 -3.8542602)
(0.48892191 1.8385016e-11 -3.7797733)
(0.4822493 -3.0527235e-12 -3.8897435)
(0.48574144 2.8289876e-13 -3.8137371)
(0.46709276 1.0360717e-11 -3.9235874)
(0.47439258 -7.6853172e-12 -3.8491328)
(0.44535355 3.1016445e-11 -3.9540042)
(0.45571672 1.774632e-11 -3.8798911)
(0.418516 2.4677325e-11 -3.9805607)
(0.43174553 2.5370366e-11 -3.9086537)
(0.38774042 1.2805924e-11 -4.002227)
(0.40152484 9.1655061e-12 -3.93186)
(0.35538952 1.4432518e-11 -4.0193575)
(0.37350267 -1.2425204e-13 -3.9511594)
(0.32179182 -6.7791281e-12 -4.0315157)
(0.33220687 1.5416982e-11 -3.9655531)
(0.28843829 -1.170223e-11 -4.0401883)
(0.31537163 -2.9230485e-11 -3.9750836)
(0.2547989 2.5449135e-12 -4.0549571)
(0.25411906 -4.4120557e-12 -3.9826446)
(0.21631263 -7.342831e-12 -4.1364007)
(0.26316003 1.2498042e-12 -4.0041022)
(0.14631975 4.7713514e-12 -4.3810034)
(0.16857396 -6.0971856e-12 -4.143283)
(0.11203507 1.0980068e-11 -4.4865213)
(0.0076375671 2.3672482e-09 -3.7001414)
(0.0048566404 7.5131642e-10 -3.6457645)
(0.016182603 1.7462948e-09 -3.6935564)
(0.012457551 5.6966358e-09 -3.6373017)
(0.024762511 -1.4688191e-09 -3.6907242)
(0.020724658 -2.2288665e-09 -3.6346455)
(0.033492619 -2.6674021e-10 -3.6874193)
(0.029574773 -4.3313314e-10 -3.6317715)
(0.042634807 -1.9598909e-11 -3.6832732)
(0.038618279 -1.1300584e-10 -3.628137)
(0.052449012 1.8706204e-11 -3.6784963)
(0.047953783 1.0354133e-10 -3.6236245)
(0.062937124 7.2965836e-12 -3.6730539)
(0.058114023 -1.6033096e-11 -3.6187721)
(0.074272097 -6.3879867e-12 -3.6665126)
(0.068859225 -9.1834793e-12 -3.6129292)
(0.086673118 -6.5677662e-13 -3.6595333)
(0.081527543 -2.4637607e-11 -3.6059213)
(0.10003171 -6.3855471e-11 -3.6517479)
(0.092699671 3.6798502e-11 -3.5992534)
(0.1145026 -4.7633029e-11 -3.6428415)
(0.10807455 -1.3357336e-10 -3.5906006)
(0.13062927 1.3229349e-10 -3.6338415)
(0.1236041 1.0102012e-10 -3.5817905)
(0.14811504 1.8679484e-10 -3.623868)
(0.13903777 2.0070544e-10 -3.5729825)
(0.16731494 1.1318221e-10 -3.6137692)
(0.15915914 1.7756987e-10 -3.5622091)
(0.18875453 -2.7837228e-11 -3.6043108)
(0.17836096 5.0783259e-11 -3.5532848)
(0.21168233 -5.9170158e-11 -3.5948022)
(0.20027885 -8.0289881e-11 -3.5437519)
(0.23677788 1.9649603e-11 -3.5870658)
(0.22487218 -2.3642058e-11 -3.5347401)
(0.26385102 3.2815965e-11 -3.5809403)
(0.24992477 4.5198542e-11 -3.5288193)
(0.29207604 2.5282902e-11 -3.5767894)
(0.27807296 5.6446525e-12 -3.5229105)
(0.32223959 6.9014504e-12 -3.5763668)
(0.30699637 4.691499e-11 -3.5209661)
(0.35228398 -2.9190536e-11 -3.5793111)
(0.33671273 -3.3556419e-11 -3.5223735)
(0.38264865 -4.4120743e-11 -3.5868745)
(0.36743158 -5.709959e-11 -3.5270087)
(0.41136057 -3.268402e-11 -3.5998639)
(0.39607563 -6.2298575e-11 -3.5375163)
(0.43693769 1.1122843e-12 -3.6178977)
(0.42388757 -1.5263944e-11 -3.5526517)
(0.4589144 1.3447156e-11 -3.6416212)
(0.44726011 -5.0374277e-13 -3.5730514)
(0.47415555 -1.7429756e-12 -3.6698004)
(0.46600967 1.5486653e-11 -3.5992051)
(0.48303465 -2.4684945e-12 -3.7017442)
(0.47834255 -1.7818136e-11 -3.6282065)
(0.48357533 8.5350858e-12 -3.7354953)
(0.48299482 4.9703632e-12 -3.6617051)
(0.47643121 -4.3039128e-12 -3.769399)
(0.47980623 1.042301e-11 -3.6941339)
(0.4616291 -4.4134859e-13 -3.8017735)
(0.46877654 -1.3393239e-11 -3.7279612)
(0.44067836 1.205872e-11 -3.8309357)
(0.45071365 1.3175439e-11 -3.7573966)
(0.41461793 9.9425728e-12 -3.8564418)
(0.42749018 2.2201186e-11 -3.7850061)
(0.38472129 -3.7181887e-12 -3.8773556)
(0.39815027 4.1408367e-12 -3.80728)
(0.3530411 7.8363429e-13 -3.8939833)
(0.37087097 -1.1817745e-11 -3.8260202)
(0.32016048 -6.8217337e-12 -3.9058157)
(0.33029941 2.1148355e-11 -3.8399673)
(0.28726659 -2.2055536e-11 -3.9142834)
(0.31398469 -2.8806264e-11 -3.8492832)
(0.25409415 -5.7329011e-12 -3.9285217)
(0.25323333 -1.1770756e-11 -3.8566301)
(0.21584846 2.5279503e-12 -4.0073601)
(0.26261702 4.5137484e-12 -3.8772247)
(0.14618087 3.8405806e-14 -4.2446221)
(0.16818812 -7.4241763e-12 -4.0120382)
(0.11227197 -4.8706267e-13 -4.3449183)
(0.0077808169 2.8443611e-09 -3.5817118)
(0.0049442936 1.3609079e-09 -3.5272337)
(0.016431236 2.4419554e-09 -3.5752807)
(0.012664159 5.9730291e-09 -3.5189825)
(0.025121857 -1.2967853e-09 -3.5724972)
(0.021046197 -2.2720857e-09 -3.5163775)
(0.033982621 -2.9302048e-10 -3.5692655)
(0.0300059 -5.0904965e-10 -3.5135588)
(0.043255066 2.8180196e-12 -3.5652464)
(0.039174129 -2.3718263e-10 -3.5100248)
(0.053209893 7.2153135e-11 -3.5606306)
(0.04860989 1.6735371e-10 -3.5056711)
(0.063826767 -3.267627e-11 -3.5553732)
(0.058892634 -3.3713818e-11 -3.5009821)
(0.075298923 -2.7108887e-11 -3.5490614)
(0.069829547 -6.9397487e-11 -3.4953451)
(0.087826111 1.1674922e-11 -3.5423295)
(0.082554761 -5.5267478e-11 -3.4885885)
(0.10130094 -3.0071288e-11 -3.5348026)
(0.093924362 1.2758896e-11 -3.482159)
(0.11589893 1.1514024e-11 -3.5262229)
(0.10941971 -8.6937e-11 -3.4737823)
(0.1320992 1.6804331e-10 -3.5175807)
(0.1249327 1.3540183e-10 -3.465345)
(0.14964196 1.9177753e-10 -3.5079786)
(0.140576 1.9156246e-10 -3.4568711)
(0.16887705 1.1668276e-10 -3.4983366)
(0.1606491 1.7761997e-10 -3.446503)
(0.19024461 -2.1161928e-13 -3.489324)
(0.17980726 6.9548117e-11 -3.4380751)
(0.21306437 -4.5353009e-11 -3.480261)
(0.20178523 -4.5091015e-11 -3.4289217)
(0.23797046 1.2316968e-12 -3.4730148)
(0.22607239 -4.3111996e-11 -3.4204109)
(0.26466133 1.839424e-11 -3.4672931)
(0.25093153 2.8963609e-11 -3.4149426)
(0.29246682 2.691436e-11 -3.463543)
(0.27872359 5.6954444e-12 -3.4093646)
(0.32203737 7.1283073e-12 -3.4633981)
(0.30702781 6.089254e-11 -3.4078702)
(0.35129992 -6.1277606e-11 -3.4664712)
(0.33618846 -3.7731489e-11 -3.4093433)
(0.38089266 -7.5237158e-11 -3.4740116)
(0.36609275 -9.1942422e-11 -3.4141495)
(0.40863081 -4.5219202e-11 -3.4866443)
(0.39386238 -5.0202995e-11 -3.4244135)
(0.43332565 -1.6982037e-11 -3.5041257)
(0.42079853 -2.8851797e-11 -3.4390613)
(0.45442364 1.4294233e-12 -3.5269382)
(0.44323668 -6.1805941e-12 -3.4588422)
(0.46897498 -3.7494675e-13 -3.5539231)
(0.46125701 1.3851426e-11 -3.4837998)
(0.47743454 -1.0519792e-11 -3.5844842)
(0.47295429 -1.1394444e-11 -3.5116448)
(0.47774595 6.8258668e-12 -3.6166959)
(0.47734258 -9.8224446e-12 -3.543568)
(0.47087273 1.4704667e-12 -3.6490759)
(0.47414256 1.3493914e-11 -3.5745546)
(0.45640596 7.5875581e-14 -3.680028)
(0.46341148 -1.0254923e-11 -3.6068285)
(0.43618414 2.3269056e-11 -3.7079646)
(0.44591854 1.0185802e-11 -3.635017)
(0.41084604 1.6493366e-11 -3.7324321)
(0.42338883 1.7020258e-11 -3.6614774)
(0.38181197 -3.8780922e-12 -3.7526037)
(0.39488849 -1.5514452e-11 -3.6828497)
(0.35076512 8.3851227e-12 -3.7687215)
(0.36833218 -3.7757871e-12 -3.7009936)
(0.31857876 -5.9842494e-13 -3.7802127)
(0.32845569 1.7931786e-11 -3.7145091)
(0.28613422 -1.8600475e-11 -3.788455)
(0.31263855 -3.5517822e-11 -3.7235688)
(0.25341256 -1.5975908e-12 -3.8021459)
(0.25238199 -1.8891241e-11 -3.7307044)
(0.21540788 -5.3857907e-12 -3.8783666)
(0.26209634 4.1145067e-12 -3.7503994)
(0.14605742 -7.9790781e-12 -4.1082712)
(0.16782236 -2.0500009e-11 -3.8808596)
(0.11253464 -3.5122501e-12 -4.2033326)
(0.0079145992 3.3365725e-09 -3.4633318)
(0.0050295799 1.3333025e-09 -3.408743)
(0.016664368 2.0085199e-09 -3.4570489)
(0.012863109 5.3196577e-09 -3.4006951)
(0.025461785 -1.5860796e-09 -3.4543159)
(0.021354699 -2.6196865e-09 -3.3981412)
(0.034450304 -4.6478999e-10 -3.45116)
(0.030418495 -5.9833324e-10 -3.3953818)
(0.043850897 -8.6318552e-11 -3.4472694)
(0.03970467 -3.3287666e-10 -3.3919488)
(0.053940745 6.7123905e-11 -3.4428151)
(0.049239341 1.8187487e-10 -3.3877557)
(0.064682812 -6.958162e-11 -3.4377425)
(0.059641401 -6.07302e-11 -3.3832288)
(0.076284648 -9.7855859e-11 -3.43166)
(0.07076034 -1.2974709e-10 -3.3777985)
(0.088931038 -5.5452131e-11 -3.4251737)
(0.083540114 -9.7645755e-11 -3.3712912)
(0.10251617 -4.2440341e-11 -3.4179052)
(0.09510177 -5.9767895e-11 -3.3650986)
(0.11723343 3.3574042e-11 -3.4096481)
(0.11070529 -7.0071293e-11 -3.3569994)
(0.13350064 1.581386e-10 -3.4013565)
(0.12620053 1.4461655e-10 -3.348925)
(0.1510955 1.7758323e-10 -3.3921216)
(0.14204676 1.7061575e-10 -3.3407816)
(0.17036013 1.3177491e-10 -3.3829232)
(0.16205957 1.5931088e-10 -3.3308137)
(0.19165019 2.5945808e-11 -3.3743415)
(0.18117707 7.3658262e-11 -3.322861)
(0.21436119 -4.2870508e-11 -3.3657112)
(0.20320871 -4.8836287e-11 -3.3140793)
(0.2390786 -1.608847e-11 -3.3589276)
(0.22718821 -3.0078119e-11 -3.3060523)
(0.26539449 1.6480377e-11 -3.3535854)
(0.25186625 1.1258552e-11 -3.3009989)
(0.29279777 3.9189689e-11 -3.3502128)
(0.2793006 4.5553081e-11 -3.2957424)
(0.32179075 1.6855876e-11 -3.350308)
(0.30701531 5.6032316e-11 -3.2946612)
(0.35031441 -6.79661e-11 -3.353488)
(0.33563939 1.6553296e-14 -3.2961648)
(0.37916209 -6.7224247e-11 -3.3609822)
(0.36475936 -8.503353e-11 -3.3011348)
(0.40598085 -3.3989792e-11 -3.373243)
(0.39171303 -6.419781e-12 -3.3111171)
(0.42985104 -1.820795e-11 -3.3901741)
(0.4178046 -2.1497874e-11 -3.3252885)
(0.45010748 6.1080456e-12 -3.4120886)
(0.43937433 6.7153662e-12 -3.3444423)
(0.46402865 2.9940243e-12 -3.4379166)
(0.45670957 2.2057182e-12 -3.368238)
(0.47208556 -1.0706815e-11 -3.4671327)
(0.46780844 9.9659613e-12 -3.3949658)
(0.47218901 -3.2937857e-12 -3.4978666)
(0.47195349 -1.1992455e-11 -3.4253482)
(0.46556179 1.9051016e-12 -3.5287757)
(0.4687408 3.245717e-11 -3.4549766)
(0.45141749 -2.5861605e-13 -3.5583489)
(0.45828909 1.6905079e-11 -3.4857137)
(0.43186313 3.8991889e-12 -3.5851034)
(0.44132455 -3.376972e-12 -3.5127222)
(0.40719752 -1.4819763e-11 -3.6085338)
(0.41944088 -1.3105421e-12 -3.5380388)
(0.37901732 -1.5472085e-11 -3.6279555)
(0.39173992 -3.6525406e-11 -3.5585477)
(0.34856542 5.6642872e-12 -3.6435688)
(0.36588378 6.895501e-12 -3.5760522)
(0.31704801 -1.6733927e-11 -3.6547072)
(0.32667763 6.7549235e-12 -3.5891534)
(0.28504646 -3.5886535e-11 -3.6627058)
(0.31133649 -4.5748086e-11 -3.5979188)
(0.25275628 -1.3283436e-11 -3.6758322)
(0.25156766 -2.0648864e-11 -3.6048434)
(0.21499331 -1.0892029e-11 -3.7494243)
(0.26160065 9.4418283e-13 -3.6236057)
(0.14595249 -1.6106238e-11 -3.971955)
(0.16747962 -2.3849985e-11 -3.7497242)
(0.11282597 -3.7159886e-12 -4.0617361)
(0.0080369144 2.3198544e-09 -3.3449974)
(0.0051125465 9.6994886e-10 -3.290314)
(0.016881136 1.413242e-09 -3.338858)
(0.013053578 4.6763345e-09 -3.2824627)
(0.02578424 -1.7485479e-09 -3.3361779)
(0.021648581 -2.639532e-09 -3.2799611)
(0.034897332 -4.7771523e-10 -3.3331006)
(0.030811493 -5.6191026e-10 -3.2772647)
(0.044424384 -8.2073704e-11 -3.3293399)
(0.040209608 -3.4441487e-10 -3.2739338)
(0.054643667 6.0823133e-11 -3.3250474)
(0.049842327 1.7012779e-10 -3.2699022)
(0.065507836 -1.1923844e-10 -3.3201596)
(0.060360718 -5.5772999e-11 -3.2655361)
(0.077232232 -1.302075e-10 -3.3143059)
(0.071652161 -1.34444e-10 -3.2603129)
(0.089991158 -1.0266329e-10 -3.3080635)
(0.084484208 -8.3977038e-11 -3.254053)
(0.10368083 -8.7224103e-11 -3.3010532)
(0.096232041 -1.3059144e-10 -3.2480954)
(0.11851015 3.7709259e-11 -3.2931146)
(0.11193225 -8.2020895e-11 -3.2402751)
(0.13483814 1.5673182e-10 -3.2851672)
(0.12740877 1.0398429e-10 -3.2325536)
(0.15248016 1.5248999e-10 -3.2762951)
(0.14345066 1.7601209e-10 -3.2247374)
(0.17176936 1.0221726e-10 -3.2675273)
(0.16339298 1.5540874e-10 -3.2151645)
(0.19297656 2.4064115e-13 -3.2593623)
(0.18247251 5.6767867e-11 -3.2076657)
(0.21557809 -3.6239913e-11 -3.2511526)
(0.20455084 -5.7781489e-11 -3.1992485)
(0.24010754 -3.1375349e-12 -3.2448048)
(0.22822391 -1.5907812e-11 -3.1916885)
(0.26605699 4.0012101e-11 -3.2398192)
(0.252732 3.7360985e-12 -3.1870137)
(0.29307438 6.2302443e-11 -3.2368016)
(0.27980774 1.0448185e-10 -3.182071)
(0.32150551 3.9658963e-11 -3.2371023)
(0.30696475 3.7753183e-11 -3.1813662)
(0.34933367 -1.6378183e-11 -3.2403684)
(0.33506943 4.1698608e-11 -3.1828702)
(0.37746083 -2.4827349e-11 -3.2477944)
(0.36343626 -5.2537049e-11 -3.1879938)
(0.40341439 6.1792736e-12 -3.2596713)
(0.38963042 2.9792225e-11 -3.197662)
(0.42651318 3.2282332e-12 -3.2760529)
(0.41490744 -9.729337e-12 -3.2113687)
(0.44596501 2.8432975e-12 -3.2970823)
(0.4356722 1.9289191e-11 -3.2298844)
(0.45931 9.1275504e-12 -3.3217894)
(0.45236274 -2.0751324e-11 -3.2525562)
(0.46698068 8.8148625e-12 -3.3496967)
(0.46290075 3.1661378e-11 -3.2781994)
(0.46689835 2.3492365e-11 -3.3790104)
(0.46681936 3.6621127e-12 -3.3070771)
(0.46048925 4.7544077e-11 -3.4084972)
(0.46359445 4.9865958e-11 -3.3354224)
(0.44665906 1.389867e-11 -3.4367315)
(0.45340425 5.1489253e-11 -3.3646431)
(0.42771616 -8.5971341e-12 -3.4623443)
(0.43692971 -2.7318074e-14 -3.3905297)
(0.4036758 -2.2832277e-11 -3.4847856)
(0.41565219 6.2864192e-12 -3.4147096)
(0.37633072 -1.4377245e-11 -3.503453)
(0.38870199 -3.2885687e-11 -3.4343981)
(0.34644354 7.9866997e-12 -3.5185259)
(0.36351842 3.4748374e-12 -3.4512185)
(0.3155682 -2.200889e-11 -3.5292979)
(0.32496845 7.6654121e-12 -3.463923)
(0.28400637 -3.0626944e-11 -3.5370316)
(0.31008212 -3.9021409e-11 -3.4723602)
(0.25212802 -6.5189038e-12 -3.5495777)
(0.25079392 -7.2689862e-12 -3.4790711)
(0.21460667 -1.1904946e-11 -3.6205301)
(0.26113322 5.8087545e-12 -3.4968712)
(0.1458685 -1.1546046e-11 -3.8356665)
(0.16716355 -1.7317267e-11 -3.618659)
(0.11314909 -1.9527413e-12 -3.9201547)
(0.0081455364 2.3998348e-09 -3.2267012)
(0.0051929451 7.4485312e-10 -3.1719222)
(0.017079362 1.2886355e-09 -3.2207031)
(0.013234439 4.6770003e-09 -3.1642628)
(0.02608898 -1.5727525e-09 -3.2180794)
(0.021926261 -2.384279e-09 -3.1618162)
(0.035321775 -4.3786393e-10 -3.2150839)
(0.031183823 -5.7383644e-10 -3.159186)
(0.044973273 -1.095973e-10 -3.2114544)
(0.04068857 -3.2584249e-10 -3.1559587)
(0.055316009 5.9865311e-11 -3.2073238)
(0.050418843 2.18236e-10 -3.152089)
(0.066299766 -6.9091236e-11 -3.2026201)
(0.061050766 -4.8454433e-11 -3.1478834)
(0.078139804 -8.9269319e-11 -3.1969941)
(0.072505428 -1.1447448e-10 -3.1428666)
(0.091005122 -1.1103862e-10 -3.1909937)
(0.085387448 -6.3004477e-11 -3.1368525)
(0.10479339 -1.2620151e-10 -3.1842411)
(0.097315299 -1.5153554e-10 -3.1311283)
(0.11972715 -1.8573353e-11 -3.1766166)
(0.11310138 -4.2845478e-11 -3.1235877)
(0.13611018 1.2226088e-10 -3.1690067)
(0.1285583 6.3054982e-11 -3.1162097)
(0.1537941 1.7919624e-10 -3.1604933)
(0.14478812 1.9240798e-10 -3.1087173)
(0.17310354 1.1113589e-10 -3.1521431)
(0.16465138 2.0763685e-10 -3.0995346)
(0.19422381 2.039002e-14 -3.1443806)
(0.18369543 4.71159e-11 -3.0924685)
(0.21671592 -3.7886186e-11 -3.1365799)
(0.20581306 -3.3483054e-11 -3.0844095)
(0.24105892 -9.227155e-12 -3.1306421)
(0.22918347 7.3677365e-12 -3.0772999)
(0.26665241 6.7272795e-11 -3.1259922)
(0.25353162 6.0649552e-11 -3.0729693)
(0.29329931 8.0518931e-11 -3.1233082)
(0.28024847 1.0825141e-10 -3.0683338)
(0.3211851 3.9759923e-11 -3.1237822)
(0.30688106 3.1278558e-12 -3.067969)
(0.34836096 6.2888285e-12 -3.1271148)
(0.33448177 4.1060062e-11 -3.0694487)
(0.37579072 1.4591058e-12 -3.1344522)
(0.36212705 -2.403828e-11 -3.0747121)
(0.40093294 1.4170401e-11 -3.1459359)
(0.38761568 3.171922e-11 -3.0840399)
(0.42330928 6.1300664e-12 -3.1617677)
(0.41210734 9.7967614e-12 -3.0972927)
(0.44199414 -4.0385386e-12 -3.1819254)
(0.43212742 5.5200619e-11 -3.1151576)
(0.45481125 1.4461495e-12 -3.2055458)
(0.44821006 -1.0903578e-11 -3.1367455)
(0.46211236 2.668203e-11 -3.232177)
(0.45822496 3.5241772e-11 -3.161331)
(0.46186687 2.9760759e-11 -3.2601238)
(0.46193023 5.0813976e-11 -3.1887408)
(0.45564677 5.380197e-11 -3.2882349)
(0.45869505 2.9340407e-11 -3.2158685)
(0.44212606 3.7850228e-11 -3.315168)
(0.44875003 5.5855483e-11 -3.2435973)
(0.42374454 1.4822918e-11 -3.339668)
(0.43272989 3.3155868e-11 -3.2684114)
(0.40029086 -3.5623761e-12 -3.3611562)
(0.4120241 1.8681327e-11 -3.2914633)
(0.37373131 -1.5217322e-11 -3.3790701)
(0.3857662 -2.0743008e-11 -3.3103721)
(0.34440538 3.1328693e-12 -3.3935793)
(0.36122973 -2.8506413e-12 -3.3264714)
(0.31414064 -9.124399e-12 -3.4039809)
(0.32333081 2.772996e-11 -3.3387917)
(0.28301855 -1.5810102e-11 -3.4114312)
(0.30887841 -2.3373259e-11 -3.3468726)
(0.25153195 5.0000636e-12 -3.4233815)
(0.25006415 6.5958451e-13 -3.3533631)
(0.2142506 4.9822584e-13 -3.4916865)
(0.26069729 2.2784573e-11 -3.3701749)
(0.14580996 -7.7895345e-12 -3.6994063)
(0.16687826 -1.0795807e-11 -3.4876415)
(0.11350761 -6.5971518e-12 -3.7785594)
(0.0082410379 2.0389917e-09 -3.1084434)
(0.005270255 1.5533213e-10 -3.0535757)
(0.017262245 1.6460103e-09 -3.1025865)
(0.013404478 4.5033114e-09 -3.0461061)
(0.026376802 -1.4898139e-09 -3.100023)
(0.022186554 -2.3193294e-09 -3.043718)
(0.035724916 -4.7236698e-10 -3.0971124)
(0.03153499 -5.37314e-10 -3.0411567)
(0.045498685 -1.639273e-11 -3.0936156)
(0.041141801 -1.968988e-10 -3.038035)
(0.055959246 1.17392e-10 -3.0896471)
(0.050969422 3.2383585e-10 -3.034327)
(0.067060023 -9.225437e-11 -3.0851271)
(0.06171222 7.9414178e-12 -3.0302821)
(0.079009291 -8.9287541e-11 -3.0797272)
(0.073321036 -5.8810683e-11 -3.0254704)
(0.091975075 -1.018554e-10 -3.0739669)
(0.086250672 -2.128148e-11 -3.0197002)
(0.10585607 -6.9998602e-11 -3.0674715)
(0.098352011 -1.1475169e-10 -3.0142079)
(0.12088717 3.7172401e-11 -3.0601568)
(0.11421397 2.2290275e-11 -3.0069476)
(0.13731982 1.3140103e-10 -3.0528781)
(0.12965055 7.5587822e-11 -2.9999038)
(0.15504037 2.2065184e-10 -3.0447194)
(0.14606003 2.0133068e-10 -2.9927321)
(0.17436625 1.4553014e-10 -3.0367738)
(0.16583746 2.4975322e-10 -2.9839349)
(0.19539594 1.4508933e-11 -3.0294004)
(0.18484816 5.4833614e-11 -2.9772803)
(0.21777879 1.1343441e-11 -3.0219977)
(0.20699717 -6.5575233e-13 -2.9695739)
(0.24193685 7.6719123e-11 -3.0164452)
(0.23007114 6.073556e-11 -2.9628985)
(0.26718626 1.0118603e-10 -3.0121111)
(0.25426811 1.153359e-10 -2.9588797)
(0.29347688 3.1784607e-11 -3.0097397)
(0.28062664 9.2444609e-11 -2.9545452)
(0.3208342 4.1125846e-12 -3.010358)
(0.30676923 -1.3667454e-11 -2.9544846)
(0.34740064 1.1249863e-11 -3.0137382)
(0.3338802 4.4991917e-11 -2.9559202)
(0.37415486 5.7990193e-12 -3.0209675)
(0.36083602 -4.0207638e-12 -2.9613062)
(0.39853859 2.7504175e-11 -3.0320513)
(0.38567047 3.6186639e-11 -2.9702731)
(0.42023738 5.8550395e-11 -3.0473316)
(0.40940603 3.8580934e-11 -2.983082)
(0.43819357 4.8775067e-11 -3.066631)
(0.42873846 9.0347911e-11 -3.0002823)
(0.45052532 2.2595518e-11 -3.0891972)
(0.44424693 1.0205228e-11 -3.0208275)
(0.45747358 5.9276659e-11 -3.1145829)
(0.45377668 3.6340443e-11 -3.0443776)
(0.45708763 5.052092e-11 -3.1412121)
(0.45727863 7.7701649e-11 -3.070358)
(0.45102638 3.1242078e-11 -3.1679914)
(0.45403609 1.9279285e-11 -3.0963239)
(0.43781241 5.1286911e-11 -3.193659)
(0.44432118 5.3193916e-11 -3.1225902)
(0.41994544 3.7091516e-11 -3.2170724)
(0.42872179 4.7687414e-11 -3.1463732)
(0.39703839 1.7059536e-12 -3.2375992)
(0.40855416 9.5264731e-12 -3.1683068)
(0.37120659 -8.4669045e-12 -3.2547403)
(0.38293215 -1.5504595e-11 -3.1864731)
(0.34245725 2.1595997e-11 -3.2687106)
(0.35901779 3.0246917e-12 -3.2018279)
(0.31276593 1.3723866e-11 -3.2787602)
(0.32176257 3.5503888e-11 -3.2137668)
(0.28208343 -7.0151165e-12 -3.2859064)
(0.30772875 -1.0954178e-12 -3.2214697)
(0.25097228 1.8344043e-11 -3.2972419)
(0.2493819 -2.9048802e-13 -3.2277304)
(0.21392715 1.1637552e-11 -3.3628924)
(0.26029628 2.9507586e-11 -3.2435301)
(0.14578063 -9.6213209e-12 -3.5631716)
(0.16662881 -3.7172512e-12 -3.356685)
(0.11390536 -2.387778e-12 -3.6369595)
(0.0083251078 1.532657e-09 -2.9902134)
(0.00534363 -9.7124786e-11 -2.9352635)
(0.017432717 1.1582114e-09 -2.9844997)
(0.013562244 4.2347874e-09 -2.9279844)
(0.026646851 -1.4696382e-09 -2.9820006)
(0.022428152 -2.7545437e-09 -2.9256577)
(0.036106227 -2.7633157e-10 -2.9791783)
(0.031864156 -4.9401209e-10 -2.9231684)
(0.045999609 1.2573742e-10 -2.9758155)
(0.041569049 -1.288277e-10 -2.9201548)
(0.056572888 2.2324213e-10 -2.9720091)
(0.051493969 3.2195858e-10 -2.9166077)
(0.067787759 4.2985326e-11 -2.9676721)
(0.062345077 7.6011867e-11 -2.912724)
(0.079840288 8.4094261e-12 -2.9624965)
(0.074099185 -1.7037844e-11 -2.9081157)
(0.092900868 -3.243967e-11 -2.9569745)
(0.08707394 -1.2510695e-11 -2.9025879)
(0.10686862 -2.4754473e-11 -2.9507354)
(0.099342005 -4.0445724e-11 -2.8973256)
(0.12199005 5.9895953e-11 -2.9437261)
(0.11527037 4.522326e-11 -2.890346)
(0.13846728 1.4376693e-10 -2.9367723)
(0.13068595 5.7570894e-11 -2.8836277)
(0.15621911 2.2981004e-10 -2.9289644)
(0.14726633 1.830984e-10 -2.8767732)
(0.17555817 1.6138111e-10 -2.9214108)
(0.1669528 2.4110822e-10 -2.8683572)
(0.19649457 4.0286391e-11 -2.9144133)
(0.18593213 5.9541749e-11 -2.8620931)
(0.21876889 4.809604e-11 -2.9073983)
(0.20810423 2.3233105e-11 -2.8547345)
(0.24274397 9.8816422e-11 -2.9022076)
(0.2308903 6.3402553e-11 -2.8484773)
(0.26766282 1.0680665e-10 -2.8981708)
(0.25494384 7.4302131e-11 -2.8447401)
(0.29361047 4.7924165e-11 -2.8960917)
(0.28094549 8.1470782e-11 -2.8407008)
(0.32045688 2.6722614e-11 -2.896828)
(0.30663311 -3.3697597e-12 -2.8409096)
(0.34645603 3.0110574e-11 -2.9002378)
(0.33326775 5.1739969e-11 -2.842286)
(0.37255613 2.6062044e-11 -2.9073408)
(0.35956641 -1.5471656e-11 -2.8477739)
(0.39623284 4.7246037e-11 -2.9180205)
(0.38379526 2.6724839e-11 -2.8563652)
(0.41729532 7.0018749e-11 -2.9327468)
(0.40680431 3.2001455e-11 -2.8687386)
(0.43456246 5.2312642e-11 -2.9512012)
(0.42550277 5.7016534e-11 -2.8852606)
(0.44644586 2.3782537e-11 -2.9727439)
(0.44046793 1.7116742e-11 -2.9048039)
(0.45305834 5.451e-11 -2.9969134)
(0.44955051 2.7874136e-11 -2.9273375)
(0.45255446 4.6807886e-11 -3.0222695)
(0.45285678 3.3057049e-11 -2.9519278)
(0.44662227 4.1036118e-11 -3.0477584)
(0.44961042 1.6650066e-11 -2.9767779)
(0.43371288 4.9625021e-11 -3.0721948)
(0.44011182 4.7807092e-11 -3.0016161)
(0.41631687 2.0327609e-11 -3.0945453)
(0.42490174 2.2157818e-11 -3.0244014)
(0.39392075 -7.5536626e-12 -3.1141568)
(0.40524056 1.1434111e-11 -3.0452275)
(0.3687618 -4.1066092e-12 -3.1305634)
(0.38020775 -1.076615e-11 -3.0626848)
(0.3405968 1.6773325e-11 -3.1439636)
(0.35687925 -8.5363394e-12 -3.0772828)
(0.31144434 2.0858917e-11 -3.1536259)
(0.32025292 1.8465572e-11 -3.0888353)
(0.28120368 5.6254828e-12 -3.1604546)
(0.30663663 8.8878038e-12 -3.0961453)
(0.25045368 1.0738796e-11 -3.1711557)
(0.24875188 1.3950515e-11 -3.1021636)
(0.21364068 1.4298538e-11 -3.2341435)
(0.25993422 1.0758527e-11 -3.116929)
(0.14578595 3.5106089e-12 -3.4269559)
(0.16642164 1.7157697e-11 -3.2257816)
(0.11434674 -6.4142424e-12 -3.4953402)
(0.00839956 1.5220273e-09 -2.8720114)
(0.0054122163 -2.1270641e-10 -2.8169755)
(0.017590865 9.5742024e-10 -2.8664442)
(0.013706812 4.330263e-09 -2.8098892)
(0.026898712 -1.9093449e-09 -2.8640139)
(0.022650658 -3.0245491e-09 -2.8076265)
(0.036465918 -3.6205032e-10 -2.8612836)
(0.032171467 -5.9671929e-10 -2.8052128)
(0.046475716 5.2162217e-11 -2.8580564)
(0.041971071 -2.3505375e-10 -2.8023098)
(0.057157154 1.816229e-10 -2.8544122)
(0.051993229 3.0976111e-10 -2.7989229)
(0.068482705 1.8218664e-11 -2.8502574)
(0.062950092 -6.4195453e-12 -2.7952012)
(0.080632969 -3.8054043e-11 -2.845304)
(0.074840875 -7.6236928e-11 -2.790794)
(0.093782772 -1.9996953e-11 -2.8400182)
(0.087858138 -3.8763924e-11 -2.7855069)
(0.10783127 2.8100865e-11 -2.8340343)
(0.10028589 -4.7928882e-11 -2.7804729)
(0.12303627 4.2710135e-11 -2.8273261)
(0.11627198 2.3075476e-11 -2.7737744)
(0.13955328 9.5153496e-11 -2.8206911)
(0.13166604 7.6199206e-12 -2.7673728)
(0.15733103 1.9365041e-10 -2.8132302)
(0.14840811 1.6631486e-10 -2.7608323)
(0.17668034 1.414335e-10 -2.8060563)
(0.16800017 2.2264866e-10 -2.7527937)
(0.19752156 4.2892562e-11 -2.7994219)
(0.18694978 2.9758574e-11 -2.7468994)
(0.21968845 3.8120369e-11 -2.7927846)
(0.20913628 3.9544333e-12 -2.7398842)
(0.24348273 3.8779642e-11 -2.7879335)
(0.231645 3.7022501e-11 -2.7340296)
(0.26808589 4.8898236e-11 -2.7841766)
(0.25556178 3.0602311e-11 -2.7305463)
(0.2937029 3.0921255e-11 -2.7823703)
(0.28120893 2.9215934e-11 -2.7267959)
(0.32005647 2.1187787e-11 -2.7832012)
(0.30647663 -1.1432046e-11 -2.7272406)
(0.34552941 6.690928e-12 -2.7866231)
(0.33264796 2.1426574e-11 -2.7285472)
(0.37099667 -1.5129877e-11 -2.7935827)
(0.35832174 -3.18536e-11 -2.7341129)
(0.39401597 1.1441019e-11 -2.8038558)
(0.38199051 -4.5823706e-12 -2.7423195)
(0.41447995 1.8824026e-11 -2.8180248)
(0.40430338 1.7730523e-11 -2.7542637)
(0.43109873 2.2085949e-11 -2.835647)
(0.42241797 1.3098893e-11 -2.7700945)
(0.44256584 2.1139277e-11 -2.8561949)
(0.43686812 3.6241306e-11 -2.7886753)
(0.44885972 6.3878631e-12 -2.8791763)
(0.44554118 6.4418903e-13 -2.8102087)
(0.44825988 2.9957264e-12 -2.9032996)
(0.44865763 -1.3442889e-12 -2.8334489)
(0.44242825 2.3241404e-11 -2.9275369)
(0.44541112 5.0673294e-12 -2.85722)
(0.42982062 2.0481641e-11 -2.9507749)
(0.43611597 2.0583626e-11 -2.880669)
(0.4128555 1.3321803e-11 -2.9720833)
(0.42126621 -2.4737261e-12 -2.902483)
(0.39094461 8.337721e-12 -2.9907967)
(0.40208179 1.298314e-11 -2.9222148)
(0.36639897 -1.5207449e-11 -3.006484)
(0.37759857 -4.9450515e-12 -2.93899)
(0.33880258 -6.9771416e-12 -3.0192857)
(0.35480986 -2.80045e-11 -2.9528266)
(0.31017515 6.5396843e-12 -3.0285482)
(0.31879066 1.5090309e-11 -2.9639879)
(0.28038154 1.7189704e-11 -3.0350748)
(0.30559971 4.6603757e-12 -2.9708936)
(0.24998112 1.3984716e-11 -3.0451238)
(0.24817923 1.2362139e-11 -2.9766538)
(0.2133967 1.3589593e-11 -3.1054416)
(0.25961649 9.9632401e-12 -2.9903641)
(0.14583176 7.3337068e-12 -3.2907571)
(0.16626481 2.7056471e-11 -3.0949234)
(0.11483649 -2.0900017e-11 -3.3536864)
(0.0084661309 1.4597886e-09 -2.7538311)
(0.0054750352 -1.8011792e-10 -2.6987216)
(0.017737237 1.016911e-09 -2.7484144)
(0.013837212 4.3696821e-09 -2.6918312)
(0.027133083 -1.8519922e-09 -2.7460573)
(0.022853527 -2.8529635e-09 -2.6896351)
(0.036805322 -4.8510938e-10 -2.7434231)
(0.032456673 -6.0797361e-10 -2.687301)
(0.046927812 4.1405734e-12 -2.7403328)
(0.04234809 -2.7165546e-10 -2.6845112)
(0.057713373 1.3058495e-10 -2.736851)
(0.052467304 3.1224321e-10 -2.6812835)
(0.069145536 -9.9198227e-11 -2.7328779)
(0.063527294 -5.9062891e-11 -2.6777247)
(0.081388649 -7.77305e-11 -2.7281445)
(0.075546283 -1.2280841e-10 -2.6735162)
(0.094622111 -6.6524158e-11 -2.723093)
(0.088603272 -6.3162351e-11 -2.6684679)
(0.10874552 -5.4139385e-11 -2.7173631)
(0.10118343 -7.9226182e-11 -2.6636604)
(0.1240279 -1.1778436e-11 -2.7109519)
(0.11721908 -1.8261134e-11 -2.657243)
(0.14058022 7.6572504e-11 -2.7046296)
(0.13259129 -4.4170047e-11 -2.6511501)
(0.15837875 1.9458943e-10 -2.6975122)
(0.14948531 1.4564117e-10 -2.64492)
(0.17773571 1.1327473e-10 -2.6907061)
(0.16898114 1.7930687e-10 -2.6372555)
(0.19848056 -8.8910024e-12 -2.6844225)
(0.18790257 5.1283415e-12 -2.6317103)
(0.22054142 2.5126299e-12 -2.6781533)
(0.21009446 -3.4121271e-11 -2.6250348)
(0.24415711 2.8908456e-11 -2.6736211)
(0.23233837 1.2030634e-11 -2.6195673)
(0.26846067 1.0933897e-11 -2.6701278)
(0.25612428 3.0131188e-11 -2.6163129)
(0.2937586 -1.2779302e-11 -2.6685748)
(0.28142043 -8.0335139e-12 -2.6128444)
(0.31963774 -1.1466433e-11 -2.6694797)
(0.3063029 -1.2287884e-11 -2.6134929)
(0.34462433 -1.6694137e-11 -2.6728968)
(0.33202407 -1.5085149e-11 -2.6147234)
(0.36948026 -2.1512662e-11 -2.6796968)
(0.3571052 -2.3612527e-11 -2.6203397)
(0.39188955 1.5456142e-12 -2.6895628)
(0.38025643 -1.6541719e-11 -2.6281572)
(0.41178958 1.2037758e-11 -2.7031707)
(0.40190448 -3.4188236e-12 -2.639677)
(0.42780162 2.7099749e-11 -2.7199736)
(0.41948191 1.6591616e-11 -2.6548052)
(0.43888005 1.5974659e-11 -2.7395534)
(0.43344321 4.240574e-11 -2.6724605)
(0.44487241 -7.0753151e-12 -2.7613741)
(0.44174389 -2.8325762e-11 -2.6930082)
(0.44419757 6.8919942e-13 -2.7843008)
(0.44467537 -1.8018727e-12 -2.7149395)
(0.43844006 2.320905e-12 -2.8073231)
(0.44143223 2.9992225e-12 -2.7376599)
(0.42612971 -2.2429769e-12 -2.8293946)
(0.4323285 -5.4869632e-12 -2.7597622)
(0.40955906 -2.8950766e-12 -2.8496797)
(0.41781261 -4.0809686e-12 -2.7806256)
(0.38811255 -2.0599319e-13 -2.8675134)
(0.3990757 2.8981569e-12 -2.799279)
(0.36411966 -1.762554e-11 -2.8824732)
(0.37510719 5.3348831e-12 -2.8153917)
(0.33706875 -6.1483823e-12 -2.8946946)
(0.3528163 -3.361336e-11 -2.8284689)
(0.30895352 1.3260492e-11 -2.9035571)
(0.31737062 9.6924189e-12 -2.8392361)
(0.27961477 -2.0238351e-13 -2.9097495)
(0.30460649 1.1170372e-12 -2.8457296)
(0.24956113 8.3516262e-12 -2.9191409)
(0.24766623 -1.8259345e-12 -2.8512143)
(0.21320287 2.3354864e-11 -2.9767823)
(0.2593504 1.3003086e-11 -2.8638487)
(0.14592492 -9.7203913e-13 -3.1545685)
(0.1661685 2.0603374e-11 -2.9641235)
(0.11537979 -2.4504747e-11 -3.2120055)
(0.008525237 1.5923328e-09 -2.635672)
(0.0055314189 -5.1044081e-11 -2.5804793)
(0.017870919 1.156419e-09 -2.6304108)
(0.013953201 4.5561312e-09 -2.5737886)
(0.02734893 -1.7384574e-09 -2.6281317)
(0.023037061 -2.6069072e-09 -2.5716614)
(0.037123554 -4.0882694e-10 -2.6255981)
(0.032720374 -6.3108622e-10 -2.5694118)
(0.047354555 1.6721581e-11 -2.622646)
(0.042701061 -2.6054193e-10 -2.5667375)
(0.058240613 1.3300597e-10 -2.6193266)
(0.052916828 2.943392e-10 -2.5636683)
(0.069774698 -8.1143941e-11 -2.6155342)
(0.064077183 -6.4259311e-11 -2.5602732)
(0.082106066 -1.0949113e-10 -2.6110183)
(0.076216085 -1.4026662e-10 -2.556261)
(0.095417587 -7.556616e-11 -2.6061988)
(0.089309891 -7.701405e-11 -2.5514496)
(0.10960997 -4.4366878e-11 -2.6007218)
(0.10203498 -3.9723968e-11 -2.5468666)
(0.12496349 -5.0261216e-11 -2.5946033)
(0.11811272 -1.4343346e-11 -2.5407305)
(0.14154696 2.2253173e-11 -2.5885877)
(0.13346294 -1.1071255e-10 -2.5349385)
(0.15936111 1.2992261e-10 -2.5818106)
(0.15049878 1.063599e-10 -2.5290151)
(0.1787234 7.323538e-11 -2.5753606)
(0.16989814 1.3600443e-10 -2.521722)
(0.19937177 -1.9665762e-11 -2.5694159)
(0.18879276 -9.5451467e-12 -2.5165059)
(0.2213285 -2.508615e-11 -2.5635057)
(0.21098082 -2.178397e-11 -2.5101668)
(0.24476835 1.307484e-11 -2.5592732)
(0.23297399 1.1520097e-12 -2.5050712)
(0.26878956 1.151755e-11 -2.5560282)
(0.25663418 2.4871492e-11 -2.5020234)
(0.29377948 -7.5044566e-12 -2.5547095)
(0.28158392 -1.6192601e-11 -2.4988292)
(0.31920315 -1.5883511e-11 -2.5556706)
(0.30611485 -8.3151173e-12 -2.4996508)
(0.3437416 -2.1936098e-11 -2.5590667)
(0.33139936 -3.3577127e-11 -2.5008027)
(0.36800848 -1.8695034e-11 -2.5656918)
(0.35591967 -2.894186e-11 -2.5064397)
(0.38985279 -2.1602574e-11 -2.5751513)
(0.37859264 -2.0886915e-11 -2.5138683)
(0.4092206 9.9538945e-13 -2.5881944)
(0.39960817 -1.085317e-11 -2.5249658)
(0.42466838 3.1725674e-11 -2.60419)
(0.41669166 1.49642e-11 -2.5393822)
(0.43538223 -1.4420015e-12 -2.6228261)
(0.43018822 4.8763931e-11 -2.5561459)
(0.44109 -2.3217004e-11 -2.6435132)
(0.43815253 -3.5369913e-11 -2.575721)
(0.44035983 4.7955114e-13 -2.6652755)
(0.44090348 -2.0328758e-11 -2.5963849)
(0.43465329 -4.7602378e-12 -2.6871164)
(0.43766678 1.0047317e-11 -2.6180746)
(0.42263365 -7.3330469e-12 -2.7080523)
(0.42874306 -1.4731036e-11 -2.6388758)
(0.40642469 1.6749793e-12 -2.7273311)
(0.41453726 -2.5059521e-11 -2.658804)
(0.38542491 8.4268093e-12 -2.7443018)
(0.39621903 1.7727754e-11 -2.6763973)
(0.36192965 -1.0455777e-11 -2.7585608)
(0.37273463 8.9969166e-12 -2.6918598)
(0.33540337 -1.798555e-11 -2.7702088)
(0.35090836 -2.5869866e-11 -2.7041857)
(0.30776763 -2.4110496e-12 -2.778641)
(0.3159933 1.0733431e-12 -2.7145534)
(0.27889429 -4.9289978e-13 -2.7844689)
(0.30364391 -1.5475522e-11 -2.7206347)
(0.24919853 2.758406e-12 -2.7931998)
(0.24720557 1.2032461e-11 -2.7258263)
(0.21306703 1.0217536e-11 -2.8481745)
(0.2591414 6.692543e-12 -2.737362)
(0.14607392 -2.7366177e-12 -3.0183897)
(0.16614525 1.0297614e-11 -2.8333592)
(0.11598219 -7.1287439e-12 -3.0702654)
(0.0085779633 1.7609513e-09 -2.5175376)
(0.0055808206 -2.4474632e-10 -2.4622714)
(0.017993226 1.4439742e-09 -2.5124366)
(0.014054725 4.6795348e-09 -2.4557844)
(0.027548502 -1.6135326e-09 -2.5102401)
(0.023201628 -2.503921e-09 -2.4537287)
(0.037423062 -4.9856414e-10 -2.5078115)
(0.032963115 -6.5720894e-10 -2.4515691)
(0.04775795 -1.6692574e-12 -2.5049989)
(0.043030741 -2.586567e-10 -2.4490122)
(0.058740793 1.0712952e-10 -2.5018421)
(0.05334213 2.0472461e-10 -2.446101)
(0.070371656 -1.2155769e-10 -2.4982297)
(0.064599826 -1.1364032e-10 -2.4428698)
(0.0827872 -1.0911422e-10 -2.4939291)
(0.076850427 -1.4828092e-10 -2.4390519)
(0.096171128 -4.1867112e-11 -2.4893395)
(0.08997802 -6.1576492e-11 -2.4344751)
(0.11042701 -1.012673e-11 -2.4841143)
(0.10284032 -1.3408687e-11 -2.4301146)
(0.12584613 -7.3329297e-11 -2.4782848)
(0.11895326 -5.4655167e-11 -2.4242599)
(0.14245693 -2.9624993e-11 -2.4725701)
(0.13428166 -1.074977e-10 -2.4187611)
(0.16028206 1.1206188e-10 -2.4661301)
(0.15144874 9.8515168e-11 -2.4131406)
(0.17964747 5.4960586e-11 -2.4600253)
(0.17075294 1.3285058e-10 -2.4062165)
(0.20019996 -1.1527611e-11 -2.4544081)
(0.18962213 -1.1989846e-11 -2.4013101)
(0.2220546 4.2133612e-12 -2.4488478)
(0.211797 -1.2350954e-11 -2.3953043)
(0.24532122 1.2715869e-11 -2.4448971)
(0.233555 1.7251966e-11 -2.3905657)
(0.2690778 -2.4572811e-12 -2.4418858)
(0.25709419 4.4636296e-11 -2.3877051)
(0.29377046 -1.7071899e-11 -2.4407827)
(0.28170343 -1.405074e-11 -2.3847762)
(0.31875774 -2.5797487e-11 -2.4417848)
(0.30591527 -7.463262e-12 -2.3857421)
(0.34288452 -4.0618685e-11 -2.445144)
(0.33077749 -2.0387786e-11 -2.3868163)
(0.3665854 -3.1194123e-11 -2.4515798)
(0.35476857 -3.5279106e-11 -2.392442)
(0.38790696 -1.0210887e-11 -2.4606346)
(0.37699951 -1.4832756e-11 -2.3994857)
(0.4067715 2.9361442e-12 -2.4731093)
(0.39741594 -2.6036113e-12 -2.4101611)
(0.42169768 3.1777002e-11 -2.4883093)
(0.41404563 1.8389978e-11 -2.4238593)
(0.43206804 1.5374687e-11 -2.5060242)
(0.42710004 5.3418228e-11 -2.4397617)
(0.43750745 -3.2574044e-11 -2.5256044)
(0.43476264 -1.734562e-11 -2.4583768)
(0.43673976 -1.0941241e-11 -2.5462313)
(0.43733766 -2.3240511e-11 -2.4778153)
(0.43106466 2.1871916e-13 -2.5669224)
(0.43410992 -4.5012381e-13 -2.4984877)
(0.41932659 -3.239874e-11 -2.5867521)
(0.42535526 -1.1426792e-11 -2.5180353)
(0.40344955 -9.2362693e-12 -2.605041)
(0.41143821 -2.7849162e-11 -2.5370401)
(0.38288095 1.8342808e-11 -2.6211632)
(0.39351034 2.8201055e-11 -2.5535942)
(0.35983605 -6.2412543e-12 -2.6347268)
(0.37048212 1.7348794e-11 -2.5684129)
(0.33381127 -6.9436894e-12 -2.6457978)
(0.34909356 -2.6470436e-11 -2.5799997)
(0.30661584 -1.1911793e-11 -2.6538301)
(0.31466824 5.6694799e-12 -2.5899594)
(0.27820397 -3.0774179e-12 -2.6592793)
(0.30270905 -1.4569157e-11 -2.5956349)
(0.24889217 1.5989935e-11 -2.6673063)
(0.24678083 1.735174e-11 -2.6005215)
(0.21299734 6.7569946e-12 -2.7196201)
(0.25898714 1.4383175e-11 -2.610933)
(0.14628812 5.9794996e-12 -2.8822171)
(0.16621084 1.9821285e-11 -2.7026574)
(0.11664931 -6.0085852e-12 -2.9284879)
(0.0086237622 1.4427582e-09 -2.3994257)
(0.0056228883 -1.0714979e-10 -2.3440749)
(0.018103035 1.3846791e-09 -2.39449)
(0.014142005 4.838837e-09 -2.3377962)
(0.027731021 -1.6541396e-09 -2.3923814)
(0.023347737 -2.7326331e-09 -2.3358147)
(0.037702547 -4.3425942e-10 -2.3900621)
(0.033185441 -6.5369424e-10 -2.3337508)
(0.048136691 -6.7919398e-11 -2.3873897)
(0.043337745 -2.7583794e-10 -2.3313132)
(0.059212478 -7.122223e-12 -2.3843954)
(0.053743329 1.2834641e-10 -2.3285595)
(0.070934542 -1.3953363e-10 -2.3809619)
(0.065095016 -1.440067e-10 -2.3254925)
(0.083430227 -1.0255881e-10 -2.3768742)
(0.077449158 -1.4346339e-10 -2.3218669)
(0.09688086 -3.401354e-11 -2.372512)
(0.090607394 -1.094106e-10 -2.3175222)
(0.11119465 -5.7248672e-11 -2.3675374)
(0.10359901 -4.4003015e-11 -2.3133823)
(0.12667377 -8.8021141e-11 -2.3619931)
(0.11974072 -9.105769e-11 -2.3078091)
(0.14330841 1.7775728e-11 -2.3565736)
(0.13504777 -4.6251142e-11 -2.3025965)
(0.16113995 1.1886298e-10 -2.3504677)
(0.15233516 9.179168e-11 -2.297275)
(0.18050654 6.762772e-11 -2.3446976)
(0.17154685 1.412777e-10 -2.2907181)
(0.20096508 -1.2809205e-11 -2.3393968)
(0.19039216 3.8558001e-12 -2.2861027)
(0.22272016 3.787807e-13 -2.3341779)
(0.21254449 -2.2910317e-11 -2.2804276)
(0.24581691 4.8904598e-11 -2.3304928)
(0.23408408 3.5764667e-11 -2.276031)
(0.26932717 3.358778e-11 -2.3277016)
(0.25750674 6.3832593e-11 -2.2733414)
(0.2937337 -4.499594e-12 -2.3267957)
(0.2817827 -2.7153616e-12 -2.2706676)
(0.3183042 -1.9451097e-12 -2.3278262)
(0.30570617 -1.4545035e-11 -2.2717508)
(0.34205374 -1.4929232e-11 -2.3311336)
(0.33016144 1.5667861e-12 -2.2727511)
(0.36521302 -1.9072412e-11 -2.3373663)
(0.35365433 -1.8829171e-11 -2.278332)
(0.38605154 -7.3140749e-12 -2.3460187)
(0.3754763 -2.222124e-11 -2.2849977)
(0.40443956 1.2704617e-11 -2.3579218)
(0.39532786 3.3603056e-12 -2.2952492)
(0.41888698 3.9797777e-11 -2.3723373)
(0.41154084 3.0818767e-11 -2.3082257)
(0.42893298 2.1151917e-11 -2.3891509)
(0.42417433 4.6541276e-11 -2.3232929)
(0.43411981 -7.9750101e-12 -2.407651)
(0.43156803 -6.0559423e-12 -2.3409598)
(0.43332995 -1.2885151e-11 -2.4271668)
(0.43397231 -1.6567782e-12 -2.3592147)
(0.42767193 -1.2032855e-11 -2.4467366)
(0.43075565 -4.7452175e-12 -2.3788777)
(0.41620375 -6.7852459e-12 -2.4654906)
(0.42215928 1.3539377e-12 -2.3972191)
(0.40063158 9.2872184e-12 -2.4828053)
(0.40851211 -3.1999217e-13 -2.4153091)
(0.38048054 2.7263826e-11 -2.498092)
(0.39094733 3.2533373e-11 -2.430847)
(0.35784215 -2.6589128e-12 -2.5109689)
(0.36834837 3.377632e-11 -2.4450224)
(0.33230095 -1.4015054e-11 -2.521469)
(0.34737551 -1.4528776e-11 -2.4558868)
(0.30550823 3.1089165e-12 -2.5290967)
(0.31340555 6.0406595e-12 -2.4654263)
(0.27753222 5.7124055e-12 -2.534192)
(0.30180948 4.3497945e-12 -2.4707042)
(0.24863245 1.575835e-11 -2.5414941)
(0.24637512 2.850687e-11 -2.4752836)
(0.21300897 2.7424173e-11 -2.5911077)
(0.25887731 7.1854608e-12 -2.4845462)
(0.14657979 7.9436617e-12 -2.7460486)
(0.16638219 3.5239594e-11 -2.5719939)
(0.11738694 -1.8010663e-12 -2.7866401)
(0.008663188 2.0524157e-09 -2.2813345)
(0.0056575715 5.769393e-10 -2.2258986)
(0.018201544 1.4098392e-09 -2.2765693)
(0.014215802 4.6955619e-09 -2.2198329)
(0.027898832 -1.8521213e-09 -2.2745533)
(0.023476505 -2.7378465e-09 -2.2179289)
(0.037963702 -5.1134965e-10 -2.2723474)
(0.033388489 -6.0885525e-10 -2.2159667)
(0.048492473 -9.3226295e-11 -2.2698161)
(0.043623134 -2.5928461e-10 -2.2136497)
(0.059656576 -9.0215507e-13 -2.2669841)
(0.054120816 1.2731961e-10 -2.2110533)
(0.07146415 -1.4794925e-10 -2.2637286)
(0.065562688 -1.2345004e-10 -2.2081503)
(0.084036044 -1.51027e-10 -2.2598515)
(0.078012231 -9.4536001e-11 -2.2047156)
(0.097547659 -1.2061398e-10 -2.2557143)
(0.09119788 -1.0718302e-10 -2.2006)
(0.11191419 -7.7024627e-11 -2.2509893)
(0.10431067 -6.2893903e-11 -2.196679)
(0.12744813 -4.9969471e-11 -2.2457267)
(0.12047527 -1.13533e-10 -2.1913874)
(0.14410358 2.5842813e-11 -2.240597)
(0.13576187 -8.2646185e-12 -2.1864543)
(0.16193749 1.1357086e-10 -2.2348222)
(0.15315825 9.3674381e-11 -2.1814276)
(0.18130289 7.9144231e-11 -2.2293771)
(0.17228142 1.5415924e-10 -2.1752366)
(0.20167067 -5.9476564e-12 -2.2243822)
(0.19110451 1.7118027e-11 -2.1708946)
(0.22332901 1.1863261e-11 -2.2194961)
(0.21322507 -6.21755e-11 -2.1655474)
(0.24625931 5.0417128e-11 -2.2160618)
(0.23456391 4.4260181e-11 -2.1614785)
(0.26954166 2.814642e-11 -2.213478)
(0.25787436 7.0162931e-11 -2.1589462)
(0.29367333 -1.2656721e-11 -2.212751)
(0.28182567 -7.773992e-12 -2.1565166)
(0.31784672 -1.1167273e-11 -2.2137993)
(0.30548941 -2.4053892e-11 -2.1576915)
(0.34125119 -2.1715065e-12 -2.2170406)
(0.32955435 -1.4689281e-11 -2.1586244)
(0.3638944 -2.1952205e-11 -2.2230572)
(0.35257963 1.6484862e-11 -2.1641259)
(0.38428667 -1.1732229e-11 -2.2313098)
(0.37402267 -4.0731481e-11 -2.1704231)
(0.40222282 2.1283427e-11 -2.2426388)
(0.39334423 9.4418688e-12 -2.1802466)
(0.41623352 3.7457456e-11 -2.2562807)
(0.40917485 3.6263917e-11 -2.1925018)
(0.42597282 1.9670785e-11 -2.2722108)
(0.42140771 4.616265e-11 -2.2067555)
(0.43092188 2.348977e-13 -2.2896571)
(0.42856307 -1.2780075e-11 -2.2234856)
(0.43012272 6.5010154e-12 -2.3080865)
(0.43080291 1.4427622e-11 -2.2405986)
(0.4244719 8.6059422e-12 -2.3265612)
(0.42759883 -4.819964e-12 -2.2592558)
(0.41325974 7.8280954e-12 -2.3442656)
(0.41914983 -7.6776443e-13 -2.2764379)
(0.39796732 2.2749102e-11 -2.3606214)
(0.40575592 1.3730136e-11 -2.2936193)
(0.37822139 3.9039069e-11 -2.3750836)
(0.3885282 2.6227064e-11 -2.3081663)
(0.35594898 2.2149819e-11 -2.3872822)
(0.36633193 5.3584942e-11 -2.3216936)
(0.33087402 5.4255467e-12 -2.3972101)
(0.3457549 -2.0184166e-11 -2.3318564)
(0.30445546 7.2894764e-12 -2.4044306)
(0.31221038 4.1082107e-12 -2.340961)
(0.27688277 2.7031798e-11 -2.4091849)
(0.30095508 -5.8835219e-13 -2.3458487)
(0.24840172 2.002993e-11 -2.4157167)
(0.24598479 3.2543917e-11 -2.3501257)
(0.21312097 1.4878151e-11 -2.4626108)
(0.25880316 2.3829128e-12 -2.3582266)
(0.14695964 2.565271e-11 -2.6098739)
(0.16666887 4.6971798e-11 -2.4413773)
(0.1182 -4.0931189e-12 -2.644728)
(0.0086959897 2.1904337e-09 -2.1632607)
(0.0056850427 1.9328475e-10 -2.1077241)
(0.018288579 1.2236352e-09 -2.1586713)
(0.014277162 4.6631888e-09 -2.1018767)
(0.028052542 -1.6174006e-09 -2.1567526)
(0.023589293 -2.5588619e-09 -2.1000539)
(0.038206166 -3.7166175e-10 -2.1546638)
(0.033573528 -5.2451038e-10 -2.0981989)
(0.048825198 -5.1798513e-11 -2.1522738)
(0.043887955 -1.5863127e-10 -2.0960044)
(0.06007222 1.1803002e-11 -2.1496034)
(0.054474919 1.3823573e-10 -2.0935646)
(0.071959522 -7.0727829e-11 -2.1465248)
(0.066002635 -8.7782044e-11 -2.0908255)
(0.084603359 -5.0424415e-11 -2.1428558)
(0.078539479 -5.506718e-11 -2.0875805)
(0.098170311 -5.0284587e-11 -2.1389411)
(0.09174926 -5.4520237e-11 -2.083691)
(0.11258455 -9.8556063e-11 -2.1344647)
(0.10497487 -3.4224406e-11 -2.0799873)
(0.12816805 -7.3428122e-11 -2.1294807)
(0.12115705 -1.6839756e-10 -2.0749773)
(0.14484164 5.8148677e-11 -2.1246352)
(0.13642449 9.2607903e-12 -2.0703177)
(0.16267421 1.3348633e-10 -2.1191889)
(0.15391831 9.8359058e-11 -2.0655816)
(0.18203601 9.3767658e-11 -2.1140597)
(0.17295809 1.4198326e-10 -2.0597554)
(0.20231732 -3.8228351e-11 -2.1093608)
(0.19176083 1.3232699e-11 -2.0556707)
(0.22388224 -3.0889898e-11 -2.1047991)
(0.21384064 -1.1961561e-10 -2.0506487)
(0.24665011 6.3752107e-11 -2.1016025)
(0.23499693 1.9344956e-11 -2.0468932)
(0.26972296 3.4965086e-11 -2.0992143)
(0.2581995 4.71664e-11 -2.0445077)
(0.29359169 -1.9028407e-11 -2.0986482)
(0.28183627 -3.0508578e-11 -2.0423102)
(0.31738795 -2.7654458e-11 -2.0997058)
(0.3052665 -2.5812159e-11 -2.0435533)
(0.34047708 3.7196475e-12 -2.1028675)
(0.32895898 -3.4329098e-11 -2.0444272)
(0.36263118 -1.8601097e-12 -2.1086554)
(0.35154663 -5.2817846e-13 -2.0498148)
(0.3826114 -1.9921411e-11 -2.1165111)
(0.37263781 -4.0331124e-11 -2.0557542)
(0.40011867 2.4236067e-11 -2.1272642)
(0.39146449 -7.6303921e-12 -2.0651442)
(0.41373364 4.4903287e-11 -2.1401429)
(0.4069445 2.5208329e-11 -2.0766815)
(0.42318327 1.4089662e-11 -2.1552048)
(0.41879627 2.9740232e-11 -2.0901393)
(0.42790869 1.2446516e-12 -2.1716233)
(0.42574122 -1.8731516e-11 -2.1059436)
(0.42711049 3.2211617e-12 -2.1889871)
(0.42782423 6.4957116e-12 -2.1219554)
(0.42146107 -1.4217594e-11 -2.2063904)
(0.42463357 -2.8602553e-11 -2.1396072)
(0.41049008 5.0536262e-12 -2.2230715)
(0.41632092 -1.6273208e-11 -2.1556747)
(0.39545378 1.7140733e-11 -2.2384841)
(0.40316571 -3.0438938e-12 -2.1719519)
(0.37610098 4.0630445e-11 -2.2521309)
(0.38625071 1.1174075e-11 -2.1855348)
(0.35415782 1.1623355e-11 -2.2636588)
(0.36443076 4.1445604e-11 -2.1984044)
(0.32952839 -2.1621356e-11 -2.273018)
(0.34423024 -4.2723387e-11 -2.2078886)
(0.30346299 -3.7475509e-12 -2.2798238)
(0.31108409 6.3554692e-12 -2.2165435)
(0.27627203 4.7697129e-12 -2.2842396)
(0.30015005 -8.2191226e-12 -2.2210479)
(0.24818913 1.5032656e-11 -2.2900434)
(0.24562424 2.7320337e-11 -2.2250271)
(0.21333202 3.4281479e-11 -2.3342089)
(0.25876232 1.3933925e-11 -2.2319716)
(0.14742842 1.7444019e-11 -2.4736874)
(0.167068 3.3890091e-11 -2.3107867)
(0.11909278 -1.3176192e-11 -2.5027297)
(0.008722935 1.5485814e-09 -2.0452044)
(0.0057056564 -1.0111508e-09 -1.9895571)
(0.018365711 1.5372328e-09 -2.0407963)
(0.014327344 5.116946e-09 -1.9839337)
(0.028194725 -1.5833392e-09 -2.0389791)
(0.023687743 -2.6232182e-09 -1.9821966)
(0.038431479 -3.2705044e-10 -2.0370107)
(0.033742004 -5.2538517e-10 -1.9804537)
(0.049136462 2.1371707e-11 -2.0347621)
(0.044133297 -1.229222e-10 -1.9783834)
(0.060459907 4.4986739e-11 -2.0322526)
(0.054805932 2.5185377e-10 -1.9760994)
(0.072421236 -7.2905596e-11 -2.0293499)
(0.066414514 -3.3661664e-11 -1.9735242)
(0.085132516 -5.9174217e-11 -2.0258867)
(0.079030601 -5.956269e-11 -1.9704679)
(0.098749333 -3.8837771e-11 -2.0221918)
(0.092261214 -1.7338392e-11 -1.9668012)
(0.11320676 -1.0182212e-10 -2.0179631)
(0.10559109 -1.600793e-11 -1.9633133)
(0.12883478 -8.8407383e-11 -2.0132547)
(0.12178607 -2.1002502e-10 -1.9585852)
(0.1455243 4.8231052e-11 -2.0086884)
(0.13703613 4.5014875e-11 -1.9541935)
(0.16335246 1.0629634e-10 -2.0035678)
(0.15461565 1.0866803e-10 -1.9497438)
(0.18270827 6.2984495e-11 -1.9987463)
(0.17357817 1.1201919e-10 -1.9442816)
(0.20290815 -6.6675503e-11 -1.9943341)
(0.19236276 -4.9674634e-12 -1.9404394)
(0.22438329 -7.0829061e-11 -1.9900884)
(0.21439326 -1.5563328e-10 -1.9357399)
(0.24699295 2.4878487e-12 -1.9871176)
(0.23538551 -2.460363e-12 -1.9322839)
(0.26987439 -1.7585875e-11 -1.984914)
(0.25848467 3.6799414e-11 -1.9300374)
(0.29349261 -3.7333063e-11 -1.9844911)
(0.28181857 -3.0661656e-11 -1.9280593)
(0.31693174 -3.2415631e-11 -1.9855512)
(0.30503897 -1.7045503e-11 -1.9293486)
(0.33973266 -3.8844226e-11 -1.9886207)
(0.32837824 -2.3663954e-11 -1.9301737)
(0.36142577 -3.8696442e-11 -1.9941682)
(0.35055775 -4.516792e-11 -1.9354132)
(0.38102541 -2.8276988e-11 -2.0016295)
(0.37132142 -4.3275919e-11 -1.9410069)
(0.39812535 -6.8854584e-12 -2.0118059)
(0.38968831 -1.6580978e-11 -1.949956)
(0.41138366 1.0015998e-11 -2.0239316)
(0.40484715 1.8135881e-11 -1.9607826)
(0.42056035 -2.7696159e-12 -2.0381384)
(0.41633713 3.1780929e-12 -1.9734582)
(0.42507539 -1.3635844e-11 -2.0535546)
(0.42309664 -1.6545563e-11 -1.9883469)
(0.42428539 -2.5118239e-11 -2.0698723)
(0.42503169 8.9476862e-13 -2.0032972)
(0.41863553 -3.0728609e-11 -2.0862255)
(0.42185487 -1.3125149e-11 -2.0199426)
(0.40789041 -2.4443446e-11 -2.1019076)
(0.41366756 -1.3011452e-11 -2.0349376)
(0.39308742 -9.0863027e-12 -2.1163924)
(0.40073804 -7.7512377e-12 -2.0503133)
(0.37411526 1.1832306e-11 -2.1292315)
(0.38411321 2.4273252e-11 -2.0629606)
(0.35246941 -1.2475253e-11 -2.1400947)
(0.36264329 4.0391833e-12 -2.0751588)
(0.32826092 -1.4987395e-11 -2.1488907)
(0.34279975 -1.5409208e-11 -2.0839887)
(0.3025312 1.9531565e-12 -2.1552784)
(0.31002678 1.9209702e-11 -2.0921799)
(0.27571171 1.4166651e-11 -2.1593588)
(0.29939424 9.5231423e-13 -2.0963089)
(0.24800687 2.6281613e-11 -2.1644653)
(0.24531104 2.9160878e-11 -2.0999929)
(0.21361558 1.3455558e-11 -2.2058904)
(0.25875502 2.6159403e-11 -2.1057976)
(0.14798232 3.4714439e-12 -2.337484)
(0.16757498 -6.1168751e-12 -2.1802323)
(0.120069 1.8967436e-11 -2.3606596)
(0.0087441046 1.0251897e-09 -1.9271569)
(0.0057196473 -1.9847863e-09 -1.871382)
(0.018433356 1.6601459e-09 -1.9229357)
(0.01436723 5.1806862e-09 -1.8659887)
(0.028326302 -1.6862931e-09 -1.921224)
(0.023773064 -2.5320493e-09 -1.8643423)
(0.038639655 -3.3838301e-10 -1.9193785)
(0.033894795 -3.8053964e-10 -1.8627155)
(0.049426258 9.4898535e-11 -1.917271)
(0.044359643 -3.1230091e-11 -1.8607718)
(0.060818863 1.8121049e-10 -1.9149213)
(0.055113603 3.7723604e-10 -1.8586421)
(0.072848507 -1.9697843e-11 -1.9121937)
(0.066797375 3.6404117e-11 -1.856231)
(0.085622182 -1.8611143e-11 -1.9089338)
(0.079484633 -2.9507831e-12 -1.8533627)
(0.0992836 5.4667094e-12 -1.905456)
(0.092732702 6.071622e-11 -1.8499156)
(0.11377969 -1.209664e-10 -1.9014742)
(0.10615807 -3.5936321e-11 -1.8466423)
(0.12944729 -8.0477555e-11 -1.8970388)
(0.12236137 -2.0040843e-10 -1.8421961)
(0.14615099 1.045657e-10 -1.8927467)
(0.13759634 8.2706085e-11 -1.8380676)
(0.16397215 1.1434783e-10 -1.8879493)
(0.1552496 1.5210432e-10 -1.8339)
(0.18331963 4.5462303e-11 -1.883428)
(0.17414175 1.1237526e-10 -1.8288011)
(0.20344397 -9.2248691e-11 -1.8792941)
(0.19291077 -1.6208403e-11 -1.8251886)
(0.2248335 -8.8862213e-11 -1.875356)
(0.21488395 -1.4534689e-10 -1.8208089)
(0.24728988 3.1465858e-11 -1.8726006)
(0.23573084 9.2380913e-13 -1.8176388)
(0.26999752 2.4348917e-11 -1.8705716)
(0.25873129 7.9762023e-11 -1.8155263)
(0.29337857 -1.0493639e-11 -1.8702748)
(0.28177565 -2.050786e-12 -1.8137543)
(0.31648099 -8.2386229e-12 -1.8713319)
(0.30480727 6.2981304e-12 -1.8150696)
(0.33901812 -2.9816853e-11 -1.8742979)
(0.32781388 -2.9867952e-12 -1.8158572)
(0.36027965 -4.9761741e-11 -1.8795938)
(0.34961424 -6.1521417e-11 -1.8209156)
(0.37952788 -3.1773472e-11 -1.8866627)
(0.37007225 -4.9570881e-11 -1.8261758)
(0.39624115 8.1991329e-12 -1.8962627)
(0.38801403 -1.1081935e-11 -1.8346755)
(0.40917964 1.1397748e-11 -1.9076455)
(0.40287905 4.0975272e-11 -1.8448017)
(0.41810038 -1.0471358e-11 -1.9210082)
(0.41402658 -7.7552134e-12 -1.8567053)
(0.42241778 -2.1226553e-12 -1.9354465)
(0.42062256 -7.506193e-12 -1.8706881)
(0.42164009 1.2971339e-11 -1.9507367)
(0.42241968 2.428474e-11 -1.8846149)
(0.41599141 4.5913539e-12 -1.9660579)
(0.41925697 1.8162437e-11 -1.9002518)
(0.40545765 3.6515221e-12 -1.980763)
(0.41118418 2.8271695e-12 -1.9142132)
(0.3908656 2.5436083e-11 -1.9943371)
(0.39846837 2.5788251e-11 -1.9286883)
(0.37226018 1.658555e-11 -2.0063753)
(0.38211328 3.8327572e-11 -1.9404295)
(0.3508849 1.2034824e-12 -2.0165789)
(0.36096739 -1.7886258e-11 -1.9519399)
(0.32706964 1.861814e-11 -2.0248178)
(0.3414606 1.3551121e-11 -1.960139)
(0.3016592 1.8295815e-11 -2.0307853)
(0.30903742 2.6252138e-11 -1.9678541)
(0.27520537 1.5815899e-11 -2.0345366)
(0.29868577 2.2980209e-11 -1.9716173)
(0.2478687 2.9052192e-11 -2.0389365)
(0.2450508 2.4805659e-11 -1.9750078)
(0.21395572 6.7285655e-12 -2.0776095)
(0.25878028 2.3967432e-11 -1.9796926)
(0.14862717 9.2718957e-12 -2.2012595)
(0.16819542 -1.8038129e-11 -2.0497059)
(0.12113201 3.5659895e-11 -2.2185139)
(0.0087598445 3.7930687e-10 -1.8091083)
(0.005727685 -2.8966714e-09 -1.7531747)
(0.018492516 1.6896501e-09 -1.80508)
(0.014398436 5.0169836e-09 -1.7480185)
(0.028448369 -1.3504031e-09 -1.8034774)
(0.023847455 -2.3922902e-09 -1.7464685)
(0.038831289 -8.82373e-11 -1.8017568)
(0.034033729 -3.6098534e-10 -1.7449608)
(0.049694664 2.3731568e-10 -1.79979)
(0.044568276 -2.288903e-11 -1.7431462)
(0.061148554 2.4198904e-10 -1.7975985)
(0.055398318 3.3538439e-10 -1.7411687)
(0.07324072 5.4098647e-11 -1.7950452)
(0.067150863 8.8767487e-12 -1.7389224)
(0.086071146 7.5048356e-11 -1.7919864)
(0.079901405 -1.2319937e-11 -1.7362413)
(0.099772137 2.1111312e-11 -1.7887232)
(0.093163602 4.1595436e-11 -1.7330109)
(0.11430233 -1.1262753e-10 -1.7849877)
(0.10667559 -1.081588e-10 -1.7299512)
(0.13000471 -4.1523985e-11 -1.7808229)
(0.12288335 -1.7954449e-10 -1.7257871)
(0.14672121 1.2927992e-10 -1.7768005)
(0.13810596 7.8137932e-11 -1.7219177)
(0.16453329 1.5064409e-10 -1.7723237)
(0.15582109 1.5811295e-10 -1.7180282)
(0.18386999 5.2238294e-11 -1.7680961)
(0.17465038 1.1287203e-10 -1.7132922)
(0.20392541 -6.7868272e-11 -1.7642325)
(0.19340665 -5.8786894e-11 -1.7098983)
(0.22523388 -5.7084775e-11 -1.7605937)
(0.21531528 -1.2819096e-10 -1.7058356)
(0.24754243 4.8447085e-11 -1.7580449)
(0.23603501 -2.5280041e-11 -1.7029384)
(0.27009317 5.4122252e-11 -1.7561816)
(0.2589416 7.2761511e-11 -1.700957)
(0.29325119 1.4669058e-11 -1.7559939)
(0.28171127 -3.2769188e-13 -1.6993779)
(0.31603762 1.1628487e-11 -1.7570437)
(0.30457229 6.6402733e-12 -1.7007004)
(0.33833228 -3.4226688e-11 -1.7598957)
(0.32726781 -5.7052382e-12 -1.7014624)
(0.35919284 -6.142179e-11 -1.7649295)
(0.34871738 -5.2180601e-11 -1.706309)
(0.37811668 -2.9158282e-11 -1.7716074)
(0.36888927 -4.1402893e-11 -1.7112476)
(0.39446325 2.1333205e-11 -1.7806322)
(0.38643965 -2.8093599e-11 -1.7192883)
(0.4071159 2.2147942e-11 -1.7912823)
(0.40103609 3.4881539e-11 -1.7287272)
(0.41579809 -4.7913354e-12 -1.8038096)
(0.41186069 -2.3109906e-11 -1.7398662)
(0.41993027 1.870601e-11 -1.8172935)
(0.41831178 -4.3790485e-12 -1.7529516)
(0.41916611 2.9513197e-11 -1.8315741)
(0.4199818 1.9018605e-11 -1.7658907)
(0.41352322 1.6487079e-11 -1.8458825)
(0.41683359 1.1244746e-11 -1.7805176)
(0.4031869 2.4837447e-11 -1.8596302)
(0.40886456 7.6175871e-12 -1.7934805)
(0.38878421 3.8613021e-11 -1.8723076)
(0.39635084 2.1620975e-11 -1.8070538)
(0.37052956 4.14796e-12 -1.8835512)
(0.38024738 1.048672e-11 -1.817919)
(0.34940352 -5.6978192e-12 -1.8930984)
(0.35940025 -3.013947e-11 -1.8287238)
(0.32595177 2.1122978e-11 -1.9007871)
(0.34020895 1.280989e-12 -1.8363135)
(0.30084381 3.0952807e-11 -1.906334)
(0.30811353 1.6682051e-11 -1.8435422)
(0.27475097 3.1962398e-11 -1.9097623)
(0.29802161 3.3348419e-11 -1.8469509)
(0.24777372 1.9724166e-11 -1.9134654)
(0.24484016 3.5460424e-12 -1.8500482)
(0.21435163 -6.153858e-13 -1.949377)
(0.25883395 1.5236194e-11 -1.8536367)
(0.14937497 8.1202792e-12 -2.0650073)
(0.1689411 -2.1249393e-11 -1.9191959)
(0.12228408 1.0472638e-11 -2.0762885)
(0.0087713402 -2.3737469e-10 -1.6910566)
(0.0057301147 -2.8997349e-09 -1.6349516)
(0.018545754 1.6086177e-09 -1.6872279)
(0.014421933 4.8897472e-09 -1.6300397)
(0.028563197 -1.5200539e-09 -1.6857378)
(0.02391245 -2.2992127e-09 -1.6285921)
(0.039008632 -3.1001204e-10 -1.6841439)
(0.034159874 -5.4222254e-10 -1.6272051)
(0.049942647 6.3085377e-11 -1.6823178)
(0.044759688 -1.5111087e-10 -1.6255223)
(0.061449718 1.1143366e-10 -1.6802833)
(0.055659754 2.3444749e-10 -1.6236945)
(0.073598483 -5.7027626e-11 -1.6779042)
(0.067473898 -6.6623429e-11 -1.621614)
(0.086479811 -4.6895314e-11 -1.6750442)
(0.08027994 -9.3501877e-11 -1.6191194)
(0.10021572 -8.4884181e-11 -1.6719934)
(0.093552931 -4.408139e-11 -1.6161029)
(0.11477594 -1.7387868e-10 -1.6685034)
(0.1071426 -1.3147868e-10 -1.6132559)
(0.13050872 -6.3796297e-11 -1.6646073)
(0.12335133 -2.2581819e-10 -1.6093741)
(0.14723704 1.0585887e-10 -1.6608504)
(0.13856482 5.3039459e-11 -1.6057606)
(0.16503892 1.2092368e-10 -1.6566914)
(0.15633002 1.0669411e-10 -1.6021449)
(0.18436205 3.896521e-12 -1.6527521)
(0.17510435 8.6152132e-11 -1.597771)
(0.20435587 -1.1833452e-10 -1.6491518)
(0.1938511 -8.8368301e-11 -1.5945867)
(0.22558807 -9.7457404e-11 -1.645804)
(0.21568886 -1.7260757e-10 -1.5908378)
(0.24775446 -1.9251659e-12 -1.6434539)
(0.23629924 -4.5546494e-11 -1.5882008)
(0.27016411 1.8990934e-11 -1.6417483)
(0.25911708 2.3649871e-11 -1.58635)
(0.29311385 -8.4163912e-12 -1.6416537)
(0.28162864 -1.6415809e-11 -1.5849507)
(0.31560523 -1.0589267e-11 -1.6426926)
(0.30433464 -5.8287571e-12 -1.5862631)
(0.33767567 -2.3290618e-11 -1.6454214)
(0.32674161 -1.9624977e-11 -1.5870111)
(0.35816646 -3.2245003e-11 -1.6501837)
(0.34786835 -1.979337e-11 -1.591618)
(0.37679091 -4.0434099e-11 -1.6564715)
(0.36777185 -4.1682905e-11 -1.5962462)
(0.39279037 -1.4980861e-11 -1.6649231)
(0.38496348 -3.7101201e-11 -1.6038179)
(0.40518762 -9.9877384e-12 -1.6748506)
(0.39931477 1.7016447e-11 -1.612585)
(0.41364906 -2.2816764e-11 -1.6865498)
(0.40983662 -1.4995015e-11 -1.6229649)
(0.41760817 -4.2096978e-12 -1.699101)
(0.4161583 -1.8965506e-11 -1.6351609)
(0.41685597 7.9801081e-13 -1.7123893)
(0.41771269 -2.9237711e-12 -1.6471459)
(0.41122555 2.3968792e-12 -1.7257009)
(0.41457964 5.1955392e-12 -1.660763)
(0.40107276 4.3244102e-12 -1.7385068)
(0.40670369 -8.9952496e-13 -1.6727589)
(0.38683988 -6.4429819e-12 -1.7503029)
(0.39438048 1.721822e-13 -1.6854284)
(0.36891671 -2.3587531e-11 -1.7607591)
(0.37851229 -1.5788692e-11 -1.6954476)
(0.34802416 -2.3318437e-11 -1.769651)
(0.35793955 -2.4956072e-11 -1.7055294)
(0.32490486 -3.2341247e-12 -1.7767968)
(0.33904122 -2.9882839e-11 -1.7125283)
(0.30008134 1.8998939e-11 -1.7819251)
(0.3072521 7.6518106e-12 -1.7192623)
(0.27434326 5.0715561e-12 -1.7850363)
(0.29739811 2.588732e-11 -1.7223298)
(0.24771801 -9.9346935e-13 -1.788057)
(0.24467323 -1.2500212e-11 -1.7251339)
(0.21480283 -5.2374988e-12 -1.8212131)
(0.25890445 1.3776573e-11 -1.7276544)
(0.15023934 -1.9031144e-11 -1.9287462)
(0.16982246 -1.5974867e-11 -1.7887426)
(0.12352697 -2.0827083e-11 -1.9340378)
(0.0087780886 2.8003065e-10 -1.5729965)
(0.0057269668 -2.6967324e-09 -1.516691)
(0.018593278 1.635459e-09 -1.5693746)
(0.014438181 4.7860587e-09 -1.512032)
(0.028669845 -1.4227435e-09 -1.5679998)
(0.02396908 -2.8367755e-09 -1.5106924)
(0.039171292 -3.9996688e-10 -1.5665336)
(0.034273758 -5.0107557e-10 -1.5094271)
(0.050168622 7.2241179e-12 -1.5648476)
(0.044933855 -1.1680313e-10 -1.5078784)
(0.061720971 6.483038e-11 -1.5629689)
(0.055897162 1.2862961e-10 -1.5061976)
(0.073919862 -1.0245457e-10 -1.5607639)
(0.067765042 -5.0955989e-11 -1.504284)
(0.086845647 -9.1724161e-11 -1.5581009)
(0.080618907 -8.015092e-11 -1.5019751)
(0.10061194 -8.9050839e-11 -1.5552606)
(0.093899325 -3.0806523e-11 -1.49917)
(0.11519787 -1.8184083e-10 -1.5520155)
(0.10755771 -1.1285319e-10 -1.4965349)
(0.13095657 -1.1322043e-10 -1.5483865)
(0.12376411 -2.3082767e-10 -1.4929356)
(0.14769599 5.3126309e-11 -1.5448914)
(0.1389722 4.5887172e-11 -1.4895753)
(0.16548709 7.2185116e-11 -1.5410476)
(0.15677585 5.2472682e-11 -1.4862294)
(0.18479383 -4.0317434e-12 -1.5373917)
(0.17550326 6.3188371e-11 -1.4822166)
(0.20473397 -1.417046e-10 -1.5340487)
(0.19424417 -9.0303356e-11 -1.4792349)
(0.22589532 -1.2202261e-10 -1.5309835)
(0.21600583 -1.8387346e-10 -1.4757963)
(0.24792626 -2.0651147e-11 -1.5288255)
(0.23652409 -4.0682523e-11 -1.4734072)
(0.27020968 -1.1386342e-11 -1.5272705)
(0.25925859 -1.7095359e-11 -1.4716879)
(0.29296698 -1.3921275e-11 -1.5272536)
(0.2815303 -1.7799434e-11 -1.4704556)
(0.31518518 -1.4749509e-11 -1.5282783)
(0.30409449 8.9935966e-12 -1.471742)
(0.33704704 -1.6126196e-11 -1.530876)
(0.32623615 -2.448805e-11 -1.4724869)
(0.35719968 -2.9065242e-11 -1.5353581)
(0.3470676 -3.8010234e-11 -1.4768293)
(0.37554831 -3.8383173e-11 -1.5412556)
(0.36671894 -4.8297627e-11 -1.4811574)
(0.39122062 -5.4796671e-12 -1.5491371)
(0.3835831 -2.5503233e-11 -1.4882495)
(0.40338942 1.22233e-11 -1.5583523)
(0.39771093 1.4822282e-11 -1.4963619)
(0.41164849 -1.1117974e-11 -1.5692296)
(0.40795095 6.876696e-12 -1.5059868)
(0.41544707 -1.7779019e-11 -1.5808683)
(0.41415576 -3.1477485e-11 -1.5173006)
(0.41470322 1.4254286e-12 -1.5931816)
(0.41560615 -1.5867547e-11 -1.5283623)
(0.40909278 1.9341684e-12 -1.605512)
(0.41248909 9.6564484e-12 -1.540972)
(0.3991107 -5.0579653e-12 -1.6173909)
(0.40469627 -2.3249172e-12 -1.5520289)
(0.38502987 -9.0877592e-12 -1.628321)
(0.39255137 -8.5879185e-12 -1.5637917)
(0.36741514 -1.7109294e-11 -1.6379963)
(0.37690309 -9.1925433e-12 -1.5729942)
(0.34674443 -3.1495807e-11 -1.6462328)
(0.35658164 -1.6468069e-11 -1.5823378)
(0.32392744 -1.9181385e-11 -1.6528419)
(0.33795246 -3.051413e-11 -1.5887611)
(0.29936646 1.4453218e-11 -1.6575561)
(0.30644787 7.8539574e-12 -1.5949937)
(0.27397515 8.4934307e-12 -1.6603567)
(0.29680925 2.4695446e-11 -1.5977357)
(0.24769093 2.151524e-12 -1.6627114)
(0.24454081 -8.3893908e-12 -1.6002461)
(0.21530565 3.1699536e-12 -1.6931539)
(0.25896076 1.1325212e-11 -1.6017341)
(0.15123685 -1.775003e-11 -1.792515)
(0.17084612 -1.0272233e-11 -1.6583584)
(0.1248678 -2.251606e-11 -1.7917816)
(0.0087804697 -6.1392772e-11 -1.4549248)
(0.0057180818 -2.3921415e-09 -1.3984276)
(0.01863704 1.0068259e-09 -1.4515176)
(0.014447498 4.5030539e-09 -1.3940308)
(0.028768941 -2.0498425e-09 -1.4502612)
(0.024018265 -3.1409345e-09 -1.3928042)
(0.039320652 -2.3426836e-10 -1.4489238)
(0.03437576 -3.8729266e-10 -1.391661)
(0.050372328 -3.6889672e-12 -1.4473776)
(0.045090532 -9.5992656e-11 -1.3902478)
(0.061962423 1.7879646e-11 -1.4456539)
(0.056109527 2.7995979e-11 -1.3887111)
(0.074204488 -2.7954492e-11 -1.4436234)
(0.068022607 -1.2245136e-11 -1.3869655)
(0.087168228 -2.0268625e-11 -1.441156)
(0.080916683 -2.9975882e-11 -1.3848416)
(0.10096054 -5.3084185e-11 -1.4385246)
(0.094201134 5.048226e-12 -1.3822456)
(0.11556827 -1.5986781e-10 -1.435524)
(0.10791931 -1.0745887e-10 -1.3798214)
(0.13134864 -7.5925176e-11 -1.4321608)
(0.12412022 -2.8151035e-10 -1.3765044)
(0.14809869 4.5142083e-11 -1.4289243)
(0.13932709 6.3311046e-11 -1.3733951)
(0.16587947 4.3339073e-11 -1.4253927)
(0.15715796 3.8388476e-11 -1.3703149)
(0.18516655 -2.1252376e-11 -1.4220162)
(0.17584643 3.9742506e-11 -1.366661)
(0.20506154 -1.3143128e-10 -1.4189253)
(0.19458564 -1.0186083e-10 -1.3638768)
(0.22615779 -1.0402738e-10 -1.4161344)
(0.21626726 -1.9269887e-10 -1.3607444)
(0.24806055 -3.7357792e-11 -1.4141628)
(0.23671003 -3.4087838e-11 -1.3585907)
(0.27023139 -2.3501594e-11 -1.4127527)
(0.25936692 -1.8775351e-11 -1.3570051)
(0.29281259 4.8796935e-12 -1.4127989)
(0.2814189 -4.7820231e-12 -1.3559274)
(0.31478 -4.6607094e-13 -1.4138065)
(0.30385255 1.0204347e-11 -1.3571731)
(0.33644646 -4.6263865e-11 -1.4162663)
(0.32575274 -2.0888562e-11 -1.357924)
(0.35629258 -5.7163864e-11 -1.4204607)
(0.34631624 -6.4295577e-11 -1.3619809)
(0.37438753 -3.5583045e-11 -1.4259668)
(0.36573086 -3.8509173e-11 -1.3660173)
(0.38975309 -5.4814841e-12 -1.433281)
(0.38229753 -1.3877658e-11 -1.3726191)
(0.40171653 9.5287495e-12 -1.4417943)
(0.39622207 1.8557285e-11 -1.3800948)
(0.40979175 -1.3236776e-11 -1.4518544)
(0.40620229 2.2083181e-11 -1.3889689)
(0.41344273 -2.966209e-11 -1.4625986)
(0.41230029 -1.9460689e-11 -1.3994077)
(0.41270189 -7.7882561e-12 -1.4739536)
(0.41365817 -1.7850867e-11 -1.409575)
(0.40711848 5.4661579e-12 -1.4853176)
(0.41055798 1.5609629e-11 -1.4211834)
(0.39729554 -5.8200422e-12 -1.4962818)
(0.40283915 2.4849311e-12 -1.4313275)
(0.38334943 -8.6894617e-12 -1.5063565)
(0.39085886 -9.0553637e-12 -1.4421811)
(0.36601758 -8.5136478e-12 -1.5152588)
(0.37541476 3.7880734e-12 -1.4505961)
(0.34555939 -1.541587e-11 -1.5228424)
(0.35532223 -1.8575613e-12 -1.4591906)
(0.32301542 -3.6673439e-12 -1.5289192)
(0.33693671 -9.6751106e-12 -1.4650506)
(0.29869178 1.8015878e-11 -1.5332252)
(0.30569269 7.781241e-12 -1.4707763)
(0.2736342 7.9658656e-12 -1.5357224)
(0.29624544 2.569025e-11 -1.4732109)
(0.24766789 6.9551042e-13 -1.5374311)
(0.24442765 -1.7454268e-12 -1.4754254)
(0.21583416 -2.0220861e-12 -1.5652243)
(0.25893908 1.3314401e-11 -1.4759276)
(0.15239323 -1.4986003e-11 -1.6563258)
(0.17201134 -1.5603806e-11 -1.5281408)
(0.12632478 -8.5562849e-12 -1.6496517)
(0.0087775782 4.4852028e-10 -1.3368509)
(0.0057029076 -1.5615852e-09 -1.280243)
(0.018677236 1.0502023e-09 -1.3336663)
(0.014449773 4.3309428e-09 -1.2761193)
(0.028859159 -1.6372375e-09 -1.3325307)
(0.024060431 -2.5578608e-09 -1.2750093)
(0.039456019 -2.6141345e-10 -1.3313223)
(0.03446587 -4.4848685e-10 -1.2739882)
(0.050551813 -6.8498279e-11 -1.3299155)
(0.04522921 -1.5113207e-10 -1.2727107)
(0.062172601 -1.001061e-12 -1.3283462)
(0.056295759 1.8787578e-11 -1.2713155)
(0.07445005 -1.3841089e-11 -1.326491)
(0.068245031 -4.4799284e-11 -1.2697384)
(0.087444888 -5.3921145e-12 -1.3242182)
(0.081171723 -4.4293158e-11 -1.2677981)
(0.10125876 -4.7234217e-11 -1.3217946)
(0.094456844 -8.5194796e-12 -1.2654089)
(0.1158843 -2.2619267e-10 -1.3190385)
(0.1082261 -6.8301952e-11 -1.2631941)
(0.13168204 -1.4751491e-10 -1.3159404)
(0.12441837 -3.5534947e-10 -1.2601584)
(0.14844224 5.6904722e-11 -1.3129598)
(0.13962887 3.7601768e-11 -1.2572979)
(0.16621411 3.4774281e-11 -1.3097375)
(0.15747637 1.5655788e-11 -1.2544788)
(0.18547808 -3.9177815e-11 -1.3066375)
(0.17613386 1.4083203e-11 -1.25118)
(0.20533701 -1.6211845e-10 -1.3037944)
(0.19487636 -8.2728432e-11 -1.2485895)
(0.22637457 -1.2441423e-10 -1.3012696)
(0.21647573 -2.2217522e-10 -1.2457575)
(0.24815768 -1.56551e-11 -1.2994793)
(0.23685945 -5.6555018e-11 -1.2438263)
(0.27022874 -1.8484448e-13 -1.2982089)
(0.2594451 -1.5423027e-11 -1.2423759)
(0.29265112 4.1093486e-13 -1.2983048)
(0.28129969 2.3130323e-13 -1.2414401)
(0.31439143 -9.9590646e-12 -1.2992916)
(0.30361298 -1.760427e-11 -1.2426304)
(0.3358739 -3.8575304e-11 -1.3016076)
(0.32529621 -1.3910676e-11 -1.2433934)
(0.35544533 -4.5836063e-11 -1.3055079)
(0.3456192 -7.0072926e-11 -1.2471466)
(0.37330802 -1.6981879e-11 -1.3106215)
(0.36481226 -2.3284083e-11 -1.2508988)
(0.38838864 9.9361597e-12 -1.3173728)
(0.38111018 -2.0701631e-11 -1.2570016)
(0.40016632 3.1088787e-11 -1.3251959)
(0.39485016 2.3366997e-11 -1.2638603)
(0.40807659 1.6126509e-11 -1.3344443)
(0.40459357 2.7341986e-11 -1.2719901)
(0.41159392 -7.6588067e-12 -1.3443114)
(0.41059242 -9.3879791e-12 -1.281563)
(0.41085006 5.3481388e-12 -1.3547259)
(0.41186838 -1.0513226e-11 -1.2908639)
(0.40529933 1.2704066e-11 -1.3651391)
(0.40878521 2.1134862e-11 -1.3014828)
(0.39562434 -6.8611383e-13 -1.3751987)
(0.40113142 6.5689161e-12 -1.3107409)
(0.38179684 3.3534255e-12 -1.3844328)
(0.38929972 -9.6921846e-12 -1.3206859)
(0.36471733 1.0474092e-11 -1.3925689)
(0.37404153 1.9927327e-12 -1.3283433)
(0.34446306 3.9232207e-12 -1.3994966)
(0.35415434 2.5427009e-12 -1.3361847)
(0.32216261 1.6880255e-12 -1.4050458)
(0.33598456 5.7709823e-13 -1.3414924)
(0.29804645 1.5370245e-11 -1.4089496)
(0.3049726 5.3364805e-12 -1.3467075)
(0.27330204 1.6106243e-11 -1.4111475)
(0.29569071 3.4540713e-11 -1.3488553)
(0.24760396 1.0805886e-11 -1.412228)
(0.24430909 5.8546543e-12 -1.3507667)
(0.21631228 -1.4040426e-13 -1.4372159)
(0.25877075 2.2611648e-11 -1.3503401)
(0.1537612 -9.2040542e-12 -1.519996)
(0.17329103 -7.5639147e-12 -1.3983006)
(0.12787469 4.1769676e-12 -1.5077646)
(0.0087689228 8.4769433e-10 -1.2188258)
(0.0056806298 -6.0178742e-11 -1.1623232)
(0.01871466 1.3491259e-09 -1.2158703)
(0.014444377 4.4386404e-09 -1.1584854)
(0.028940522 -1.490809e-09 -1.214857)
(0.024094952 -2.2463893e-09 -1.1574937)
(0.039577632 -3.5085643e-10 -1.2137779)
(0.034542761 -3.9973742e-10 -1.1565945)
(0.050706678 -6.9586704e-11 -1.2125095)
(0.04534778 -7.1272324e-11 -1.155451)
(0.062351632 -2.3227225e-11 -1.2110945)
(0.05645294 -2.8855362e-11 -1.1541947)
(0.07465635 -7.5261809e-11 -1.2094151)
(0.068428641 -2.1020244e-11 -1.1527854)
(0.087675534 -4.8168542e-11 -1.2073362)
(0.081379774 -3.8993148e-11 -1.1510269)
(0.10150659 -2.8476064e-11 -1.2051197)
(0.094661878 -2.3286106e-11 -1.1488414)
(0.11614661 -1.9265956e-10 -1.2026076)
(0.10847347 -5.2956108e-12 -1.1468336)
(0.13195773 -1.7620207e-10 -1.199774)
(0.1246533 -3.20559e-10 -1.1440767)
(0.14872795 -3.3399973e-12 -1.197047)
(0.13987288 2.3862934e-11 -1.1414619)
(0.16649403 -5.0140022e-12 -1.1941303)
(0.15772691 -1.8036854e-11 -1.1388981)
(0.18573157 -2.8313229e-11 -1.1913039)
(0.17636098 1.7268348e-11 -1.1359472)
(0.20556468 -1.4123407e-10 -1.188705)
(0.19511264 -3.1361043e-11 -1.1335467)
(0.22655113 -1.5604261e-10 -1.1864376)
(0.21662928 -2.0704848e-10 -1.1310067)
(0.24822489 -5.6725544e-11 -1.1848237)
(0.23697053 -9.3387496e-11 -1.1292829)
(0.27020864 -1.5151567e-11 -1.1836886)
(0.259492 -1.7889433e-12 -1.1279674)
(0.29249045 -1.762682e-11 -1.1838212)
(0.28117413 -1.8037045e-11 -1.1271596)
(0.31402925 -2.1586371e-11 -1.1847828)
(0.30337682 -6.2752343e-12 -1.128279)
(0.33533784 -4.4962055e-11 -1.1869493)
(0.3248684 -1.6553407e-11 -1.1290549)
(0.35466632 -4.7875596e-11 -1.1905496)
(0.34497871 -7.9092712e-11 -1.1324886)
(0.37231729 -2.7022286e-11 -1.1952679)
(0.36396558 -2.6579627e-11 -1.1359594)
(0.38713619 -7.576524e-12 -1.2014595)
(0.38002248 -3.9280676e-11 -1.1415521)
(0.39874392 1.9593995e-11 -1.2086026)
(0.39359505 1.8664312e-11 -1.1478102)
(0.40650721 2.0634462e-12 -1.2170435)
(0.40312538 1.4460546e-11 -1.1552015)
(0.40990488 -1.2235324e-11 -1.2260473)
(0.40903014 -1.9803961e-11 -1.163917)
(0.40915072 5.0850586e-12 -1.2355375)
(0.41023257 -9.6341853e-12 -1.1723771)
(0.40363482 1.50834e-11 -1.2450149)
(0.4071641 3.5243433e-11 -1.1820222)
(0.39409468 -2.3467364e-12 -1.2541782)
(0.3995644 2.7410744e-12 -1.1904212)
(0.38037065 -1.1115326e-11 -1.2625819)
(0.3878604 -6.8747489e-12 -1.1994611)
(0.36350635 -5.9410757e-12 -1.2699644)
(0.37276374 -8.9931203e-13 -1.2063905)
(0.34344352 -7.9336248e-13 -1.2762351)
(0.35305332 -1.5752598e-12 -1.2134834)
(0.3213558 4.2021475e-12 -1.2812547)
(0.33506563 -1.6663883e-12 -1.2182501)
(0.29741258 2.4367611e-11 -1.2847679)
(0.30424855 8.9060321e-12 -1.2229537)
(0.27295157 2.4421751e-11 -1.2866743)
(0.29510255 4.9987101e-11 -1.2248401)
(0.24745932 1.7584731e-11 -1.2871539)
(0.24412973 7.2648579e-12 -1.2264404)
(0.21671505 1.5320095e-11 -1.3095864)
(0.2584056 2.8146123e-11 -1.2251643)
(0.15528639 5.7665125e-12 -1.3839128)
(0.17461213 6.0549405e-12 -1.2691019)
(0.12939756 7.6361391e-12 -1.3662777)
(0.0087528979 2.4061477e-09 -1.1008694)
(0.0056506763 7.6790269e-10 -1.0449461)
(0.018747238 1.4508604e-09 -1.0981445)
(0.01443043 4.2711286e-09 -1.0414083)
(0.029010219 -1.2618429e-09 -1.0972534)
(0.024120045 -2.0308861e-09 -1.0405349)
(0.039681198 -1.3411871e-10 -1.0963029)
(0.03460349 -3.1912645e-10 -1.0397568)
(0.050832175 -3.1971931e-11 -1.0951715)
(0.045442096 -6.5346022e-12 -1.0387442)
(0.062494121 -2.6868256e-11 -1.0939108)
(0.056575825 -5.3466267e-11 -1.0376245)
(0.074816617 1.5684242e-11 -1.0924082)
(0.068566971 1.6131121e-11 -1.0363813)
(0.087852155 -1.4437813e-11 -1.0905236)
(0.081532875 -1.1358919e-11 -1.0348023)
(0.10169499 -4.3865769e-13 -1.0885145)
(0.094807412 -1.370863e-11 -1.0328172)
(0.11634552 -1.2791957e-10 -1.0862472)
(0.10865224 4.3414728e-11 -1.0310133)
(0.13216528 -1.2572401e-10 -1.0836786)
(0.12481415 -2.7898882e-10 -1.0285319)
(0.14894475 9.7501039e-12 -1.0812044)
(0.1400488 1.6013823e-11 -1.0261593)
(0.16670902 3.7924521e-12 -1.0785906)
(0.1578995 -3.2150031e-11 -1.023845)
(0.18591646 1.4802797e-11 -1.0760366)
(0.17651683 1.5734017e-11 -1.0212324)
(0.20573448 -9.5217957e-11 -1.0736803)
(0.19528464 -8.9910563e-12 -1.0190202)
(0.22667809 -1.4557831e-10 -1.0716624)
(0.21671962 -1.5801834e-10 -1.0167621)
(0.24825487 -3.9349008e-11 -1.0702213)
(0.23703569 -9.3220775e-11 -1.0152307)
(0.27016367 -4.5232404e-12 -1.0692179)
(0.25950075 1.6968187e-11 -1.0140488)
(0.29232411 -6.7881306e-12 -1.0693762)
(0.28103842 -3.1534721e-11 -1.0133553)
(0.31368926 -1.1554257e-12 -1.0703078)
(0.30314073 5.4348254e-12 -1.0143897)
(0.33483345 -5.018763e-11 -1.0723198)
(0.32446671 -2.5806065e-11 -1.0151763)
(0.35395075 -5.8195407e-11 -1.0756155)
(0.3443928 -9.8737816e-11 -1.0182791)
(0.37140993 -3.8746563e-11 -1.0799347)
(0.36318926 -6.7279597e-11 -1.0214707)
(0.38599211 -1.3442788e-11 -1.0855689)
(0.37903172 -5.7474651e-11 -1.0265458)
(0.39744225 1.3558573e-11 -1.0920414)
(0.39245166 -7.1144668e-12 -1.032221)
(0.405075 -7.1876139e-12 -1.0996788)
(0.40179211 1.8713145e-11 -1.0388847)
(0.40836641 -1.7265902e-11 -1.1078308)
(0.40760399 -3.0829486e-11 -1.0467562)
(0.40759292 2.0257797e-11 -1.1164113)
(0.40873642 -1.4427745e-11 -1.0544027)
(0.40210783 2.308843e-11 -1.1249668)
(0.405674 4.0415648e-11 -1.063097)
(0.39268351 -1.7334635e-12 -1.1332396)
(0.39811103 -7.3924177e-12 -1.0706679)
(0.37904444 3.309916e-12 -1.1408196)
(0.38650362 -3.5444579e-13 -1.0788131)
(0.36235003 3.4705396e-12 -1.1474577)
(0.37153179 9.4075325e-12 -1.0850449)
(0.34245403 -2.4479155e-12 -1.1530745)
(0.35195826 -1.7627999e-12 -1.0914025)
(0.32054081 2.9855894e-12 -1.1575602)
(0.33410754 -4.4118359e-12 -1.0956405)
(0.29672861 3.4330409e-11 -1.1606837)
(0.30343205 4.9010031e-12 -1.0998335)
(0.27250884 3.3028538e-11 -1.1622978)
(0.29438636 4.6998498e-11 -1.1014844)
(0.24716618 1.7732175e-11 -1.1622063)
(0.24377289 9.7541449e-12 -1.1027623)
(0.21704579 1.8978081e-11 -1.1822276)
(0.25776627 1.6837905e-11 -1.1007408)
(0.1568633 7.917926e-12 -1.2479911)
(0.17582323 6.8134246e-12 -1.1409488)
(0.13066637 1.2108008e-11 -1.2255825)
(0.0087293091 1.7571126e-09 -0.98305745)
(0.0056133309 1.9641987e-10 -0.92869123)
(0.018773105 1.3622971e-09 -0.98055791)
(0.014407234 4.2098513e-09 -0.9254684)
(0.029066502 -1.1869291e-09 -0.97978703)
(0.024133081 -2.1639146e-09 -0.92471154)
(0.039762427 -2.0484026e-10 -0.97896394)
(0.034643636 -4.4040242e-10 -0.92405282)
(0.050924099 -2.6443714e-11 -0.97796809)
(0.045505852 -8.4673273e-11 -0.92316652)
(0.062594723 -1.2419011e-11 -0.9768622)
(0.056656607 -1.1740189e-11 -0.9221804)
(0.074924273 -1.0251615e-11 -0.9755372)
(0.068650105 -1.4637753e-11 -0.92110024)
(0.087966797 -1.0580738e-11 -0.9738478)
(0.081618104 -3.3736685e-11 -0.91969713)
(0.10181494 2.9080927e-11 -0.97204716)
(0.094878937 -1.7800684e-11 -0.917908)
(0.11647166 -1.0226458e-10 -0.97002577)
(0.10874709 -1.3066114e-11 -0.91630398)
(0.1322947 -1.4173206e-10 -0.96772358)
(0.12488243 -2.1793626e-10 -0.91409206)
(0.14908207 -2.5213884e-11 -0.96550305)
(0.14013903 2.8508077e-11 -0.91195699)
(0.16684999 -2.0822233e-11 -0.96318957)
(0.15797639 -1.516947e-11 -0.90988524)
(0.18602367 -7.7637567e-12 -0.96090795)
(0.17658223 1.7107791e-11 -0.90759701)
(0.20583849 -7.0134498e-11 -0.95879435)
(0.19537482 -4.5776665e-11 -0.90557142)
(0.22674883 -1.0633881e-10 -0.95701935)
(0.21673061 -1.000423e-10 -0.90358208)
(0.24824376 -3.7985186e-11 -0.95574859)
(0.23704067 -9.7881926e-11 -0.90222625)
(0.27009091 -9.5934524e-12 -0.95487527)
(0.25945766 -2.0969399e-11 -0.90117377)
(0.2921503 -1.9635639e-11 -0.9550506)
(0.28088283 -3.2181979e-11 -0.90057979)
(0.31337269 -1.8954269e-11 -0.95594727)
(0.30289597 -2.7449892e-11 -0.90151503)
(0.33436169 -7.3775702e-11 -0.95780114)
(0.32408275 -4.9464953e-11 -0.90230394)
(0.35329947 -1.0805777e-10 -0.96078919)
(0.34385319 -1.1808578e-10 -0.90506803)
(0.37058533 -8.6076195e-11 -0.96470596)
(0.3624741 -9.8665667e-11 -0.90797978)
(0.38495658 -5.1494177e-11 -0.96978516)
(0.37812596 -7.7398342e-11 -0.91253212)
(0.39625673 -2.1313143e-12 -0.97559669)
(0.39140254 -4.6529463e-11 -0.91764025)
(0.40377076 -4.6111304e-12 -0.98243558)
(0.40057213 4.4847162e-12 -0.92359114)
(0.40696507 -2.8092029e-11 -0.98974549)
(0.40628395 -3.5099485e-11 -0.93063585)
(0.40615738 5.404355e-12 -0.99742983)
(0.4073391 -2.748212e-11 -0.93749698)
(0.40068742 1.0210395e-11 -1.0050773)
(0.40426011 2.6155727e-11 -0.94527009)
(0.39134663 -6.0522784e-12 -1.0124654)
(0.39670138 -1.0467548e-11 -0.95204727)
(0.37776333 5.6905387e-12 -1.0192269)
(0.3851398 -1.6835602e-11 -0.95931587)
(0.3611787 4.2323491e-12 -1.0251299)
(0.37023319 -3.6700719e-12 -0.96488133)
(0.34140545 -3.713268e-12 -1.0300929)
(0.35073503 -1.6079843e-11 -0.97052582)
(0.31961102 -2.5417845e-12 -1.0340404)
(0.33295657 -2.8032319e-12 -0.97424988)
(0.29587618 1.7369521e-11 -1.0367827)
(0.30234308 -9.3916654e-12 -0.97793825)
(0.2718365 2.3897095e-11 -1.0381077)
(0.29335291 2.7783489e-11 -0.97938147)
(0.24658862 8.8284446e-12 -1.0374903)
(0.24301106 7.4064994e-12 -0.98032991)
(0.21723812 4.7180044e-12 -1.0552025)
(0.25666539 -8.2256193e-12 -0.97770956)
(0.15824559 1.0980707e-11 -1.1124002)
(0.17658758 -9.5959615e-12 -1.0144862)
(0.13129007 1.3944562e-11 -1.0863005)
(0.0086980212 1.6457977e-09 -0.86571226)
(0.005568622 2.8431749e-10 -0.81436179)
(0.018787989 1.2630698e-09 -0.8634334)
(0.014373143 4.2649229e-09 -0.81146826)
(0.029104816 -1.5168303e-09 -0.86277849)
(0.024130056 -2.3391487e-09 -0.81082503)
(0.03981299 -3.3537641e-10 -0.86207958)
(0.03465625 -3.9319693e-10 -0.81028215)
(0.050973605 -7.2434956e-11 -0.8612163)
(0.045528787 -1.0982718e-10 -0.80951703)
(0.06264186 -1.387773e-11 -0.86026392)
(0.056682544 2.6253291e-11 -0.80866099)
(0.074964489 -3.7665721e-11 -0.85911583)
(0.068661363 1.9398413e-11 -0.80773929)
(0.088001093 -4.1291209e-11 -0.85762154)
(0.081613138 -1.0814164e-11 -0.80650776)
(0.1018457 -6.00382e-11 -0.85602936)
(0.094851079 1.0282768e-11 -0.80490964)
(0.11650208 -1.2531252e-10 -0.85425355)
(0.10873077 -1.0108235e-10 -0.80350048)
(0.13232132 -5.1437859e-11 -0.85221762)
(0.12482495 -1.7527156e-10 -0.80155072)
(0.14911405 3.916231e-11 -0.85025019)
(0.14011128 8.5269936e-11 -0.79964751)
(0.16689132 2.2347104e-11 -0.84823189)
(0.15792377 2.5043822e-11 -0.79781144)
(0.18602772 -2.0155555e-11 -0.8462206)
(0.1765204 1.7093555e-11 -0.79583045)
(0.20585194 -7.5080758e-11 -0.84434835)
(0.19534779 -9.120559e-11 -0.79399071)
(0.22673973 -9.1607548e-11 -0.84280669)
(0.21662662 -8.708916e-11 -0.79225499)
(0.24817143 -8.1622246e-11 -0.84170096)
(0.23695202 -1.1577256e-10 -0.79105785)
(0.26997173 -4.3454923e-11 -0.84095318)
(0.25932807 -6.9653474e-11 -0.79012828)
(0.29195132 -4.0038335e-11 -0.84113556)
(0.28067611 -5.0056287e-11 -0.78961886)
(0.31306424 -5.7778014e-11 -0.84198866)
(0.30261096 -2.4925134e-11 -0.79044247)
(0.33390637 -9.3230544e-11 -0.84367851)
(0.32368243 -8.3260725e-11 -0.79122027)
(0.35269396 -1.0884093e-10 -0.84635564)
(0.34332248 -1.2885619e-10 -0.79364153)
(0.36982009 -9.0142133e-11 -0.84986577)
(0.36177678 -1.204625e-10 -0.79627054)
(0.38400291 -7.2648697e-11 -0.85439251)
(0.37725384 -8.1271082e-11 -0.80029781)
(0.39515166 -4.025475e-11 -0.85955408)
(0.39038309 -6.5908602e-11 -0.80485262)
(0.40254792 -2.5750345e-11 -0.86560442)
(0.39938827 -4.1993452e-11 -0.81010855)
(0.40564226 -3.4536794e-11 -0.87208604)
(0.40497478 -6.0127662e-11 -0.81634678)
(0.40477156 -7.0504714e-12 -0.87889365)
(0.40592337 -4.5950477e-11 -0.82245021)
(0.39927969 5.6882404e-12 -0.88565511)
(0.40277783 2.532453e-11 -0.82933484)
(0.38996489 -2.1215894e-11 -0.89217339)
(0.39516134 -2.297299e-11 -0.83535361)
(0.37638453 -2.6267892e-11 -0.89812928)
(0.38356073 -3.4709489e-11 -0.84176927)
(0.35982387 -2.3918377e-11 -0.90331452)
(0.36862195 -1.9575837e-11 -0.8466973)
(0.34009686 -1.5237195e-11 -0.90763387)
(0.34910151 -3.0817916e-11 -0.85165637)
(0.31833848 -9.6210006e-12 -0.91104257)
(0.33130034 8.8276373e-13 -0.85488256)
(0.29460616 8.4479669e-13 -0.91341151)
(0.30063118 -1.7539785e-11 -0.85807623)
(0.27066044 1.1386924e-11 -0.91445381)
(0.29164071 1.3558978e-11 -0.85933944)
(0.24543799 -9.5776351e-12 -0.91338787)
(0.24142344 -1.4799136e-12 -0.85995557)
(0.2170029 -2.2534318e-11 -0.9289881)
(0.25472573 -2.3005709e-11 -0.85692163)
(0.1589213 -6.7332136e-12 -0.97742609)
(0.17631954 -2.3170074e-11 -0.89048939)
(0.13069103 8.2396132e-12 -0.9492514)
(0.0086576488 1.9082842e-09 -0.74974968)
(0.0055146709 8.4930191e-10 -0.70307551)
(0.018787038 1.2630742e-09 -0.74770316)
(0.014324537 4.7401926e-09 -0.70052388)
(0.029118532 -1.3277869e-09 -0.74715994)
(0.024106063 -1.95627e-09 -0.69999077)
(0.039822349 -1.7971023e-10 -0.74657982)
(0.034631923 -3.651709e-10 -0.69955839)
(0.050967826 -1.5737787e-11 -0.74584429)
(0.045495921 -1.2736361e-10 -0.69890907)
(0.062618261 5.9719618e-11 -0.74504101)
(0.056634621 2.8173245e-11 -0.69817891)
(0.074914717 4.6971933e-11 -0.74406528)
(0.068575179 1.4145076e-11 -0.69741015)
(0.087926869 4.0315764e-11 -0.74276202)
(0.081483156 -1.3332566e-11 -0.6963453)
(0.10175537 -2.8691392e-11 -0.74137399)
(0.094683883 2.3524835e-11 -0.69493334)
(0.11640103 -1.4980011e-10 -0.73983827)
(0.10855994 -1.0081175e-10 -0.69371417)
(0.13220626 -4.2522388e-11 -0.73806291)
(0.12458876 -1.8498536e-10 -0.69201847)
(0.14899945 7.1988996e-11 -0.73634281)
(0.13991281 1.2344975e-10 -0.69034181)
(0.16679047 1.9892468e-11 -0.7346074)
(0.15768541 2.5819863e-11 -0.68873584)
(0.18588502 -5.2664121e-11 -0.73285754)
(0.17626927 2.5288012e-11 -0.68704299)
(0.20573046 -1.0325903e-10 -0.73121879)
(0.19514137 -7.6758602e-11 -0.68539119)
(0.22660592 -1.1095447e-10 -0.72989348)
(0.21634228 -1.0298557e-10 -0.68389362)
(0.24799469 -1.0425584e-10 -0.72893962)
(0.23670522 -7.228117e-11 -0.68284075)
(0.26976295 -7.6435579e-11 -0.72830517)
(0.2590419 -3.1835015e-11 -0.68202738)
(0.29168206 -3.516386e-11 -0.72847883)
(0.28034876 -5.3855725e-11 -0.68158941)
(0.31271736 -4.9921496e-11 -0.72927168)
(0.30221141 -4.0665972e-13 -0.68229309)
(0.33341563 -1.1852354e-10 -0.73078559)
(0.3231821 -7.4983213e-11 -0.68304287)
(0.35207378 -1.4054052e-10 -0.73314543)
(0.34270549 -7.6186465e-11 -0.68512293)
(0.36904079 -1.1187503e-10 -0.73624268)
(0.36098573 -1.3633226e-10 -0.68746492)
(0.38304478 -7.4637679e-11 -0.74021904)
(0.37628455 -5.1131529e-11 -0.69096924)
(0.39402161 -6.7806072e-11 -0.74474388)
(0.38923462 -4.0149085e-11 -0.69498155)
(0.40127753 -7.6253087e-11 -0.75002336)
(0.39805366 -4.1578905e-11 -0.69956217)
(0.40424255 -7.1627886e-11 -0.75569863)
(0.4034547 -7.6180135e-11 -0.70501529)
(0.40325053 -1.3999688e-11 -0.76165902)
(0.40422748 -2.3941331e-11 -0.71038487)
(0.3976623 -3.0587555e-12 -0.7675697)
(0.40091802 1.8858961e-11 -0.71641216)
(0.38827296 -3.6400943e-11 -0.77324946)
(0.39313197 -2.5928592e-11 -0.7217032)
(0.37460101 -2.8098776e-11 -0.77842734)
(0.38135467 -1.0805342e-11 -0.72729086)
(0.35793754 -2.6416736e-11 -0.78292632)
(0.3662313 -5.3991099e-12 -0.73160364)
(0.33813429 -1.4858121e-11 -0.78662814)
(0.34653901 -1.0450258e-11 -0.73590533)
(0.31628885 -6.9457611e-12 -0.78951199)
(0.32857926 1.1424517e-12 -0.73864835)
(0.29245605 -4.9735592e-12 -0.79152651)
(0.29768731 -1.570817e-11 -0.74136065)
(0.26848389 7.6208051e-13 -0.79230282)
(0.28863311 -3.627326e-13 -0.74246793)
(0.24319756 -1.4810858e-11 -0.79089839)
(0.2383118 4.1134845e-12 -0.74275284)
(0.21573725 -2.3640714e-11 -0.80464183)
(0.25132201 -1.3989586e-11 -0.73951016)
(0.15816161 -8.3314622e-12 -0.84481352)
(0.17422845 1.042232e-12 -0.76995902)
(0.12819122 8.9516247e-12 -0.81550224)
(0.0086030256 2.7084876e-09 -0.63674149)
(0.0054485143 9.7694525e-10 -0.59614049)
(0.018764624 2.1296173e-09 -0.63495495)
(0.014256153 4.8253799e-09 -0.59394246)
(0.029098369 -1.0854482e-09 -0.63451959)
(0.024055012 -1.4167178e-09 -0.59351519)
(0.039776099 -3.2294373e-10 -0.63405116)
(0.034557602 -3.7708945e-10 -0.59318624)
(0.050886919 -8.8707191e-11 -0.6334375)
(0.045385327 -2.6032142e-11 -0.59264767)
(0.062497185 -1.7007982e-11 -0.63277636)
(0.056484494 -6.2041939e-11 -0.5920389)
(0.074738898 -4.5500713e-11 -0.63196562)
(0.06835292 4.8108212e-11 -0.59141692)
(0.087698659 -3.0895379e-11 -0.63084686)
(0.081175052 1.1319141e-11 -0.59051424)
(0.10149247 -4.6283466e-11 -0.62965595)
(0.094315925 3.7547174e-11 -0.58928553)
(0.11610988 -1.3458942e-10 -0.62835118)
(0.1081674 -7.2729443e-11 -0.58825267)
(0.13188519 -2.3699238e-11 -0.6268271)
(0.12409165 -2.0570849e-10 -0.58680413)
(0.14866975 7.8639785e-11 -0.62534568)
(0.13945973 7.448388e-11 -0.5853511)
(0.16647405 3.1222239e-11 -0.62387632)
(0.15717035 7.7493167e-12 -0.58397295)
(0.18551894 2.4104413e-12 -0.62237483)
(0.17572711 3.5978443e-11 -0.58255009)
(0.2053935 -7.6193295e-11 -0.62095839)
(0.19464975 -5.5030712e-11 -0.58109332)
(0.22626302 -6.4632519e-11 -0.6198284)
(0.21576276 -1.2320522e-10 -0.57982127)
(0.24762704 -2.5733162e-13 -0.61900902)
(0.23618212 -2.0551166e-11 -0.57890408)
(0.26937405 -9.0510551e-12 -0.61847124)
(0.25846698 3.1128693e-12 -0.5782028)
(0.29124451 -1.9567784e-11 -0.61861859)
(0.27976175 -2.0269779e-11 -0.57782759)
(0.3122243 -2.4846351e-11 -0.61932986)
(0.30154397 -1.339532e-11 -0.57841015)
(0.33276712 -3.2636584e-11 -0.6206524)
(0.32240594 -4.4536734e-11 -0.5791138)
(0.35129561 -7.1522234e-11 -0.62268747)
(0.3417993 -3.0621269e-11 -0.58086104)
(0.36807615 -7.6206545e-11 -0.62536525)
(0.35986276 -1.0070458e-10 -0.58291056)
(0.38188029 -1.6719247e-11 -0.62879322)
(0.37494113 -1.9171603e-11 -0.5858982)
(0.39262762 -1.3912381e-11 -0.63269491)
(0.3876285 -9.3341774e-12 -0.58937368)
(0.39967695 -4.128404e-11 -0.63722601)
(0.39618695 -2.6210115e-11 -0.59329655)
(0.40243455 -2.8816189e-11 -0.64212012)
(0.40128238 -5.250531e-11 -0.59798188)
(0.40121102 8.6624664e-12 -0.64726523)
(0.40174574 -2.8241989e-12 -0.60263152)
(0.39539295 -3.7533526e-12 -0.65236368)
(0.39810242 1.4059403e-11 -0.60782305)
(0.38576427 -4.1704116e-13 -0.65724275)
(0.3899616 -1.1809308e-11 -0.61240395)
(0.37184356 1.1865248e-11 -0.6616755)
(0.377798 2.047344e-12 -0.61718221)
(0.35489357 1.0593685e-11 -0.66552271)
(0.36226822 3.2704332e-12 -0.62088883)
(0.33483347 5.4917475e-12 -0.66863992)
(0.34219079 -2.0676364e-11 -0.62455485)
(0.31272941 -7.537332e-12 -0.67102373)
(0.3238909 -1.0104595e-11 -0.62682399)
(0.2886593 -1.1170429e-11 -0.67270955)
(0.2925555 -9.5989748e-12 -0.62907038)
(0.26450272 2.9679407e-12 -0.6732421)
(0.28338064 -1.6633558e-11 -0.63003846)
(0.23905286 5.0163215e-12 -0.6716257)
(0.23263058 4.9802554e-12 -0.62999841)
(0.21253705 1.0627415e-11 -0.68370008)
(0.24553994 -2.757404e-12 -0.62674845)
(0.15512373 1.8291511e-11 -0.71575214)
(0.16931993 -1.9896437e-12 -0.65399732)
(0.12306147 7.1763386e-12 -0.68636377)
(0.0085291609 2.1317131e-09 -0.52843601)
(0.005369381 1.061974e-09 -0.49486506)
(0.018714969 1.8465001e-09 -0.52693718)
(0.014163124 4.5017505e-09 -0.49303254)
(0.029032214 -7.6832899e-10 -0.5266058)
(0.023968693 -1.2180147e-09 -0.49270526)
(0.039654545 -9.5110252e-11 -0.52624228)
(0.03441431 -4.5490174e-10 -0.49247113)
(0.050701444 1.8521282e-12 -0.52574568)
(0.045164723 -3.6903888e-11 -0.49203834)
(0.062239093 -1.360856e-14 -0.52522018)
(0.056189898 -4.0793926e-11 -0.49154647)
(0.074383024 1.0581413e-10 -0.52456778)
(0.067937348 -1.2359747e-11 -0.49106449)
(0.087248252 7.9215422e-11 -0.52362935)
(0.080610506 -3.1901274e-11 -0.49032048)
(0.10097963 1.3153429e-11 -0.52263152)
(0.093655706 -4.6505959e-12 -0.48927544)
(0.11553945 -1.4162498e-10 -0.52155119)
(0.10745203 -9.4339753e-11 -0.48842729)
(0.13125899 -1.1178471e-10 -0.52027292)
(0.12321047 -1.8726409e-10 -0.48722192)
(0.14801798 4.5204393e-12 -0.51902684)
(0.13862153 3.4548407e-11 -0.48599405)
(0.16582415 1.2142372e-11 -0.51781116)
(0.15623491 2.3866158e-11 -0.48484638)
(0.18480328 -2.0378045e-11 -0.51655084)
(0.17473089 2.6682075e-11 -0.48367945)
(0.20470389 -1.012847e-10 -0.51535294)
(0.19369674 -6.5894602e-11 -0.482432)
(0.22556262 -8.0195e-11 -0.51440521)
(0.21469198 -1.4660639e-10 -0.48137853)
(0.24690898 -1.7413701e-11 -0.51371078)
(0.23517248 -1.4246054e-12 -0.48059734)
(0.26863166 -7.8890943e-12 -0.51325995)
(0.25736389 4.1006089e-12 -0.48000954)
(0.29044599 -1.4157523e-11 -0.51337285)
(0.27865254 -2.5277696e-11 -0.47969512)
(0.31136653 -3.2826179e-11 -0.51398697)
(0.30031355 -4.3376268e-11 -0.4801642)
(0.33171042 -4.2632217e-11 -0.51510754)
(0.3210136 -5.0732985e-11 -0.48080419)
(0.35006649 -5.9271975e-11 -0.51681489)
(0.34021008 -4.2395062e-11 -0.48223396)
(0.3665812 -4.4259952e-11 -0.5190686)
(0.35794953 -6.8513848e-11 -0.48398403)
(0.38010603 -1.1854756e-11 -0.5219483)
(0.37269636 -9.6585166e-12 -0.48646411)
(0.39050148 -2.1519553e-11 -0.52523319)
(0.38495254 1.3134757e-11 -0.48940068)
(0.3972055 -3.7262633e-11 -0.52903077)
(0.39308923 -2.5345829e-11 -0.49267646)
(0.39959931 -2.682008e-11 -0.5331556)
(0.39766725 -5.0417108e-11 -0.49660099)
(0.39795418 2.4720359e-12 -0.53749897)
(0.39759504 -1.1827247e-11 -0.50052804)
(0.39168939 6.1524601e-12 -0.54180273)
(0.39334987 1.5322137e-11 -0.50488816)
(0.38157204 -9.4221786e-12 -0.54590055)
(0.38457497 -1.3422825e-11 -0.50875591)
(0.36716547 -6.5545517e-12 -0.54960313)
(0.37173204 7.6551878e-13 -0.5127313)
(0.34967871 -2.7875903e-11 -0.55281434)
(0.3555024 5.4116225e-12 -0.51582409)
(0.32911959 -3.6327257e-11 -0.55536723)
(0.33476537 -4.6512357e-11 -0.51886578)
(0.30654089 -1.2168843e-11 -0.5572718)
(0.31590858 -1.59358e-11 -0.52066402)
(0.2820693 -1.5028705e-11 -0.55864995)
(0.28386746 -9.2204235e-12 -0.52246083)
(0.25754026 -1.4721827e-11 -0.55895737)
(0.27455304 -2.3352172e-11 -0.52329766)
(0.2318517 -2.7588197e-12 -0.55724952)
(0.22295839 -2.5319708e-12 -0.52295039)
(0.20624841 -1.5378541e-11 -0.56769956)
(0.2361623 -9.4459611e-12 -0.51988468)
(0.14875375 -1.3144854e-11 -0.59164975)
(0.16033889 -2.4397654e-11 -0.54366871)
(0.11448966 1.143542e-11 -0.56331323)
(0.0084344619 2.5720552e-09 -0.42637199)
(0.0052786077 7.5535423e-10 -0.40029111)
(0.018631989 1.957211e-09 -0.42517899)
(0.014039553 4.5839139e-09 -0.39883616)
(0.028902906 -9.4860832e-10 -0.42494538)
(0.023832558 -1.3886573e-09 -0.39860045)
(0.039428079 -4.1447379e-10 -0.42468037)
(0.034171196 -5.1282188e-10 -0.39845096)
(0.050367006 -7.9416302e-11 -0.4242968)
(0.044784485 -9.72264e-11 -0.39811901)
(0.06178498 -5.3935813e-11 -0.42390081)
(0.055686366 2.6194707e-11 -0.39774017)
(0.073766938 -1.4959971e-10 -0.42340087)
(0.067243278 -5.2015198e-11 -0.39739024)
(0.086474552 -1.1633265e-10 -0.42264191)
(0.07967523 -7.6490354e-11 -0.39680311)
(0.10010143 -1.1047262e-10 -0.42183664)
(0.092568251 -6.9614528e-11 -0.39594629)
(0.11455539 -1.3842503e-10 -0.42097705)
(0.10626257 -1.0861975e-10 -0.39528222)
(0.13017574 -4.4302791e-11 -0.41994362)
(0.12176289 -1.4721587e-10 -0.39431862)
(0.14687696 5.4041488e-11 -0.41893576)
(0.13719629 7.4947037e-11 -0.39332129)
(0.16465162 3.8368972e-11 -0.41796759)
(0.15465293 7.5410799e-11 -0.39240924)
(0.18353043 -1.7730574e-11 -0.41694898)
(0.17302092 4.0641971e-11 -0.39148756)
(0.20342931 -1.1031791e-10 -0.4159751)
(0.19199137 -4.4954611e-11 -0.39046822)
(0.22424666 -6.9350573e-11 -0.41520746)
(0.21279952 -1.3598764e-10 -0.38963073)
(0.24555341 2.0034451e-11 -0.41463974)
(0.23330893 2.9456501e-11 -0.38899345)
(0.26721528 -1.3015551e-11 -0.41427644)
(0.25531039 -1.1263578e-11 -0.38852463)
(0.28892488 -5.4336447e-11 -0.41436012)
(0.27654456 -5.4749338e-11 -0.38827431)
(0.30972855 -6.1220938e-11 -0.41487125)
(0.29797877 -5.4628757e-11 -0.38864462)
(0.32976936 -5.0561838e-11 -0.41578696)
(0.31838145 -6.7274986e-11 -0.3892035)
(0.34783401 -5.1439143e-11 -0.41717049)
(0.33721949 -5.0016953e-11 -0.39033574)
(0.36391658 -3.4339441e-11 -0.41900024)
(0.35441977 -5.0571475e-11 -0.3917773)
(0.37698531 1.5171881e-11 -0.42133213)
(0.36861142 1.2400048e-11 -0.39376112)
(0.386805 9.5643062e-12 -0.42399961)
(0.3801397 2.8374711e-11 -0.39615014)
(0.39291739 -3.8339481e-11 -0.42706962)
(0.38756379 -2.3371817e-12 -0.39878302)
(0.39467979 -3.5662352e-11 -0.43042143)
(0.39128471 -7.0815439e-11 -0.40194463)
(0.39231559 8.6123925e-13 -0.43395322)
(0.39033039 -2.6175547e-11 -0.40513032)
(0.38528468 -4.0875875e-12 -0.43745145)
(0.38509957 2.1028709e-11 -0.40864376)
(0.37433579 -3.3141476e-12 -0.44076291)
(0.37530947 -2.7812339e-11 -0.41177297)
(0.35912376 1.2706179e-11 -0.44372948)
(0.36141763 -3.9259814e-12 -0.41493696)
(0.3407926 -1.2954714e-11 -0.44630005)
(0.34414489 1.7103706e-11 -0.41739241)
(0.31944711 -2.6275648e-11 -0.4482948)
(0.32244354 -5.2321192e-11 -0.41980955)
(0.296161 -1.3020285e-11 -0.4497366)
(0.30281592 -1.5587548e-11 -0.42113702)
(0.27112298 -1.7476518e-11 -0.45082098)
(0.26980717 -7.4239761e-12 -0.42250182)
(0.2460304 -1.1258836e-11 -0.45092145)
(0.26042489 -3.2296988e-11 -0.42320583)
(0.22010716 -9.187785e-12 -0.44924028)
(0.20752074 -2.4360382e-13 -0.42259509)
(0.19544828 -1.8399399e-11 -0.45797347)
(0.22167888 -1.3644648e-11 -0.4198999)
(0.13776676 2.909319e-14 -0.47408775)
(0.14578368 -2.4940632e-11 -0.43975695)
(0.10161353 1.175428e-11 -0.44788931)
(0.0083176514 1.8100314e-09 -0.33038819)
(0.005174471 6.392329e-10 -0.31268933)
(0.01850188 1.7809967e-09 -0.32951075)
(0.013868038 4.6121131e-09 -0.31161725)
(0.028681905 -1.0034029e-09 -0.32936527)
(0.023610053 -1.9915272e-09 -0.31146078)
(0.039047609 -2.1324841e-10 -0.32919161)
(0.033766303 -4.4692554e-10 -0.31138249)
(0.049814586 4.2195512e-12 -0.32891712)
(0.044155587 -3.6895939e-11 -0.31114507)
(0.061045337 3.0312729e-11 -0.32864356)
(0.054861105 3.3747528e-11 -0.31087435)
(0.072771695 2.169025e-11 -0.32828858)
(0.066128947 2.1536313e-11 -0.31064461)
(0.085229366 -2.9911511e-11 -0.32771224)
(0.078188507 -2.5747281e-11 -0.31021185)
(0.09868736 -6.703398e-11 -0.32710526)
(0.090837842 -2.6023173e-11 -0.30955283)
(0.11295755 -1.1676399e-10 -0.32646696)
(0.10435166 -6.2383535e-11 -0.30907246)
(0.12840528 -3.1340634e-11 -0.32568323)
(0.11945714 -1.3378085e-10 -0.30835241)
(0.14498784 9.6312201e-11 -0.32492449)
(0.13484427 7.1941316e-11 -0.30759597)
(0.1626568 7.8132605e-11 -0.32420542)
(0.15203668 1.462727e-10 -0.30692672)
(0.18136389 1.4440434e-11 -0.32343681)
(0.17014874 8.5738013e-11 -0.30624521)
(0.20118333 -6.9609139e-11 -0.32270085)
(0.18901535 -2.0853561e-11 -0.30547629)
(0.22187611 -3.890453e-11 -0.32212204)
(0.20948845 -1.0765067e-10 -0.30485699)
(0.24305982 -1.443024e-12 -0.3216933)
(0.22990774 4.5247159e-11 -0.30437748)
(0.26455497 -5.2596466e-11 -0.32142413)
(0.25152066 -3.1760692e-11 -0.30403559)
(0.2860321 -5.5042745e-11 -0.32149087)
(0.27253563 -4.4701415e-11 -0.30385499)
(0.30655989 -6.0577291e-11 -0.32189781)
(0.29351157 -1.2672335e-11 -0.3041422)
(0.32608839 -6.6868064e-11 -0.32260744)
(0.31333565 -6.6599825e-11 -0.30459999)
(0.34361492 -4.9144955e-11 -0.3236683)
(0.33149253 -4.0955442e-11 -0.30545217)
(0.35896209 -4.2869484e-12 -0.32506858)
(0.34776559 -5.3038115e-11 -0.30656864)
(0.37124696 2.5492442e-11 -0.32684496)
(0.36100004 2.3654611e-11 -0.30806217)
(0.38011803 1.6678467e-11 -0.32887843)
(0.37132052 1.5527249e-11 -0.30988349)
(0.38524327 -3.4373743e-11 -0.33120712)
(0.37755941 3.6195279e-12 -0.31186509)
(0.38596134 -6.1605733e-11 -0.33375908)
(0.3799186 -6.9271997e-11 -0.31424734)
(0.38245228 -6.2895427e-12 -0.33644764)
(0.3775929 -3.7018193e-11 -0.31665888)
(0.3742274 -2.4151208e-12 -0.33910664)
(0.3708771 2.7712914e-11 -0.31930172)
(0.36202367 -2.8558303e-11 -0.34160568)
(0.35960916 -3.1118461e-11 -0.32165734)
(0.34562792 3.5776865e-13 -0.34381611)
(0.34426422 -1.6730385e-11 -0.32400064)
(0.32612915 -2.1901556e-11 -0.34572986)
(0.32561854 8.2195206e-12 -0.32579535)
(0.30371416 -4.1819521e-11 -0.34716843)
(0.30269719 -5.7964214e-11 -0.32758828)
(0.27953667 -1.0031105e-11 -0.34816139)
(0.28217689 -1.5365882e-11 -0.32845487)
(0.25382781 -2.2126237e-11 -0.34896242)
(0.24803339 -1.1874956e-11 -0.32941214)
(0.22803131 -2.1430761e-11 -0.34888935)
(0.23882284 -2.2315963e-11 -0.32997325)
(0.20203159 -4.6398385e-12 -0.34736894)
(0.18421774 -1.1015083e-11 -0.32918526)
(0.17843084 -2.0136421e-11 -0.35418966)
(0.20028162 -6.577621e-12 -0.32702666)
(0.12076372 -1.3373027e-11 -0.3631367)
(0.12399287 -2.4657296e-11 -0.34236868)
(0.083563191 6.9686223e-13 -0.34133643)
(0.0081685932 2.4480597e-09 -0.24318905)
(0.0050373838 4.1497559e-10 -0.23084141)
(0.018281904 1.4399384e-09 -0.24262343)
(0.01358231 4.7273518e-09 -0.2301563)
(0.02830231 -1.5241331e-09 -0.24254615)
(0.023182609 -2.459773e-09 -0.23006466)
(0.038412264 -2.8801706e-10 -0.24244725)
(0.03302918 -3.279254e-10 -0.23003958)
(0.048912799 -9.7537989e-12 -0.24226927)
(0.043055848 -2.9642058e-11 -0.22989085)
(0.059857088 2.5313756e-11 -0.24210357)
(0.053436675 -4.8061725e-11 -0.22972354)
(0.071193675 -2.476517e-11 -0.24188382)
(0.064258409 3.0974637e-11 -0.22959784)
(0.083264683 -2.1853606e-11 -0.24149063)
(0.075750229 2.4851399e-11 -0.22931797)
(0.096447625 -2.0699132e-11 -0.24107887)
(0.087989715 4.2262032e-12 -0.22887135)
(0.11040526 -7.820857e-11 -0.24065886)
(0.10116 -9.1069068e-12 -0.22857157)
(0.12554926 -3.3624293e-11 -0.24013111)
(0.1156497 -1.2625117e-10 -0.22809757)
(0.14188914 1.2086566e-10 -0.23962121)
(0.13080153 1.0567439e-10 -0.22759441)
(0.15929971 1.5465155e-10 -0.23914632)
(0.14750338 1.4130043e-10 -0.22717189)
(0.17768387 5.1713092e-11 -0.2386343)
(0.16509547 1.0090566e-10 -0.22672767)
(0.19724268 -5.7929889e-11 -0.2381441)
(0.18358066 -3.3675525e-11 -0.22622793)
(0.21761597 -2.5094501e-11 -0.23775863)
(0.20339347 -1.0871749e-10 -0.2258287)
(0.23846482 1.5684406e-11 -0.23747524)
(0.22338987 6.6669597e-11 -0.22552016)
(0.25954501 -2.3747273e-11 -0.23730748)
(0.24419746 1.6363154e-11 -0.22530939)
(0.28050509 -2.6150698e-12 -0.23736633)
(0.26457043 -3.6403479e-11 -0.22520017)
(0.30041199 -1.8247384e-11 -0.23766434)
(0.28459283 4.8800753e-11 -0.2254118)
(0.31903461 -4.0892303e-11 -0.23816426)
(0.30327736 -6.3621456e-11 -0.22574227)
(0.3355673 -4.4757243e-11 -0.2389029)
(0.32013802 3.1330289e-12 -0.2263215)
(0.34966306 -2.5651484e-11 -0.2398704)
(0.33480686 -5.9979647e-11 -0.22708564)
(0.36061105 1.3746531e-11 -0.24108475)
(0.34639144 2.6539044e-11 -0.22808582)
(0.36795137 2.5485089e-12 -0.24247242)
(0.35476093 1.8829229e-11 -0.2293106)
(0.37149951 -3.0811436e-11 -0.2440531)
(0.35909607 -2.1271306e-11 -0.23062502)
(0.37058662 -4.4884559e-11 -0.24578671)
(0.359395 -5.5944319e-11 -0.23220421)
(0.36537492 -3.4013313e-12 -0.247603)
(0.35506846 -1.8540027e-11 -0.23380284)
(0.35544469 -6.522486e-13 -0.24939218)
(0.34630509 8.6701071e-12 -0.23554335)
(0.34153938 -1.9371009e-11 -0.25106182)
(0.33311053 -3.2193307e-11 -0.23708684)
(0.32359722 -9.002308e-12 -0.25250829)
(0.31600779 -6.0424815e-12 -0.23860067)
(0.30269753 -2.7498014e-11 -0.25375883)
(0.29583857 -2.674595e-11 -0.2397236)
(0.27903529 -3.1726336e-11 -0.25465156)
(0.27168669 -6.1842674e-11 -0.24089426)
(0.25397519 -1.7226458e-11 -0.25523711)
(0.25043839 -2.4106029e-11 -0.24134033)
(0.22766442 -1.2015507e-11 -0.25576478)
(0.21533225 -1.5501479e-11 -0.24191878)
(0.2011869 -1.1953141e-11 -0.25557093)
(0.20681833 -9.0974211e-12 -0.24232316)
(0.17554547 -1.2972404e-11 -0.25434369)
(0.15055617 -3.6916232e-11 -0.24151542)
(0.15325814 -1.1019679e-11 -0.25905456)
(0.16965672 2.6348428e-12 -0.24003573)
(0.096325204 -1.0695927e-11 -0.26216507)
(0.09327587 -3.6013319e-11 -0.25033024)
(0.059756425 -1.0355259e-11 -0.24390994)
(0.0079355358 1.6161509e-09 -0.1502407)
(0.0047287494 -4.3820506e-10 -0.15015699)
(0.017827417 1.4810161e-09 -0.14997228)
(0.012831336 4.5837061e-09 -0.14984703)
(0.027547359 -1.3865529e-09 -0.1499428)
(0.021967375 -2.5522655e-09 -0.14980481)
(0.037230841 -8.2237686e-11 -0.14990572)
(0.031153833 -2.0143555e-10 -0.14980825)
(0.047296709 -6.7329271e-11 -0.14982795)
(0.040458521 -1.6701842e-11 -0.14974022)
(0.05777103 -4.461873e-11 -0.14975768)
(0.050137382 -1.031378e-10 -0.14966679)
(0.068496404 8.0740877e-11 -0.14965061)
(0.06010231 6.0751745e-11 -0.14962075)
(0.07995368 5.1365149e-11 -0.14945021)
(0.070582227 6.7320122e-12 -0.1494877)
(0.092645434 1.6067364e-11 -0.14925054)
(0.081944504 2.08034e-11 -0.14926563)
(0.10602872 -5.5189947e-11 -0.14903842)
(0.094248283 6.8816946e-12 -0.14913289)
(0.12059949 9.5250803e-12 -0.14876098)
(0.10756935 -1.1120519e-10 -0.14890245)
(0.13641564 1.2561332e-10 -0.1485168)
(0.121847 1.6293581e-10 -0.1486585)
(0.15320991 8.8071628e-11 -0.14828502)
(0.13736914 8.8598436e-11 -0.14846947)
(0.17092187 1.7120982e-11 -0.14802521)
(0.15367817 7.1637032e-11 -0.1482566)
(0.18978511 -8.3628786e-11 -0.14778431)
(0.17091011 -5.8690065e-11 -0.14802489)
(0.20937889 -1.8782546e-11 -0.14759682)
(0.18913546 -1.1758158e-10 -0.1478379)
(0.22937165 6.7843539e-11 -0.14746475)
(0.2076646 6.5936454e-11 -0.14769773)
(0.24945531 4.1967943e-12 -0.14738017)
(0.22655898 6.7100194e-11 -0.14760657)
(0.26927616 1.426475e-11 -0.14742218)
(0.24509304 1.1601745e-11 -0.14755821)
(0.28783 4.3649865e-12 -0.14758976)
(0.26290839 4.5723236e-11 -0.14767879)
(0.30479779 -2.0125756e-11 -0.1478571)
(0.27915003 -8.0907149e-12 -0.14784947)
(0.31949123 -1.1610014e-11 -0.1482451)
(0.29337994 -1.4280733e-11 -0.14814337)
(0.33147326 -8.4159908e-12 -0.14874951)
(0.30512692 -1.3755721e-11 -0.14852341)
(0.34017421 3.1675803e-11 -0.14938457)
(0.31377729 2.9607239e-11 -0.14901809)
(0.3450981 -4.723305e-12 -0.15009945)
(0.3190035 5.375447e-11 -0.14962233)
(0.34622715 -4.6182235e-11 -0.15090936)
(0.32037086 -2.0590529e-11 -0.15026266)
(0.34291796 -2.9830372e-11 -0.15179635)
(0.31774795 -3.0501694e-11 -0.1510315)
(0.33536825 -6.6306978e-12 -0.15272648)
(0.31079953 1.6634819e-11 -0.15180657)
(0.32324578 -2.2636591e-11 -0.15363235)
(0.29965915 -2.5420908e-11 -0.1526481)
(0.30734731 -1.9010106e-11 -0.15446617)
(0.28452943 -4.5959988e-12 -0.15338533)
(0.28773397 -2.3675176e-11 -0.15517263)
(0.26600029 1.9845906e-11 -0.15410216)
(0.26556159 -6.0908668e-11 -0.15578951)
(0.24496279 -4.7937527e-11 -0.1545982)
(0.24084954 -5.4413635e-11 -0.15620946)
(0.22051695 -7.2069761e-11 -0.15517347)
(0.21538531 -2.2423384e-11 -0.15642916)
(0.19965101 -2.3829309e-11 -0.15530104)
(0.18905383 -1.261391e-11 -0.15670453)
(0.16504341 -5.6393632e-12 -0.15555313)
(0.16233082 -3.3932274e-11 -0.15652705)
(0.15830146 -1.1870826e-11 -0.15577282)
(0.13801847 -2.1487419e-11 -0.1557987)
(0.10241841 -4.8334168e-11 -0.15519828)
(0.11754112 -2.2189553e-11 -0.15819258)
(0.12517079 9.7957665e-12 -0.15445812)
(0.063362737 -3.5783009e-11 -0.15808673)
(0.05153813 -5.3059948e-11 -0.15943059)
(0.029939007 -1.3037256e-11 -0.15316254)
(0.0073338624 1.2738817e-09 -0.073022968)
(0.016370587 1.1991566e-09 -0.072992288)
(0.025259459 -1.5027699e-09 -0.072997941)
(0.033964648 -1.4375903e-10 -0.072997633)
(0.043036323 -4.9590729e-11 -0.072977699)
(0.052434163 -2.3635259e-12 -0.072968951)
(0.061900925 -1.1959595e-11 -0.072963119)
(0.072064587 -2.4122363e-11 -0.072923176)
(0.083516132 1.1876722e-11 -0.072878581)
(0.09547458 -4.7159074e-11 -0.072854135)
(0.10857111 3.8039768e-11 -0.072819406)
(0.12286514 1.2695578e-10 -0.072770459)
(0.13788648 7.2382152e-11 -0.072739215)
(0.15371862 -2.6193195e-12 -0.072710987)
(0.17049417 -9.1987312e-11 -0.072677447)
(0.18783165 -3.4776284e-11 -0.072654194)
(0.20534743 6.5181758e-11 -0.072642451)
(0.22270802 7.5017614e-11 -0.072650754)
(0.23962861 4.2759881e-11 -0.072670409)
(0.25495208 3.3715583e-11 -0.072716374)
(0.26846085 -2.1970175e-12 -0.072778553)
(0.27947554 -1.6430288e-11 -0.072859056)
(0.28765399 2.3952203e-11 -0.072954815)
(0.29250389 5.1517579e-11 -0.073067795)
(0.29362197 3.8381966e-11 -0.073199088)
(0.29119494 -4.8475527e-12 -0.073339327)
(0.28470037 1.5671155e-11 -0.073490824)
(0.27447214 -1.9051021e-12 -0.073645211)
(0.26026839 -7.5004702e-12 -0.073800026)
(0.24300466 3.4122723e-11 -0.073940547)
(0.2227588 -4.0524278e-12 -0.074037851)
(0.20095044 -5.8972944e-11 -0.074139261)
(0.17684283 -4.1729495e-11 -0.074179555)
(0.15310544 -7.1348979e-12 -0.074212126)
(0.12904867 -4.8668122e-12 -0.074245923)
(0.10414191 -2.6104061e-11 -0.074163747)
(0.083634326 -1.7313007e-11 -0.073970701)
(0.066415617 -2.079892e-11 -0.07436299)
(0.019802275 -3.0485415e-11 -0.073390231)
)
;

boundaryField
{
    piston
    {
        type            calculated;
        value           nonuniform List<vector> 
40
(
(0 0 -95.983977)
(0 0 -95.983976)
(0 0 -95.983977)
(0 0 -95.983977)
(0 0 -95.983977)
(0 0 -95.983977)
(0 0 -95.983977)
(0 0 -95.983977)
(0 0 -95.983978)
(0 0 -95.983978)
(0 0 -95.983978)
(0 0 -95.983979)
(0 0 -95.983979)
(0 0 -95.98398)
(0 0 -95.98398)
(0 0 -95.983981)
(0 0 -95.983982)
(0 0 -95.983983)
(0 0 -95.983983)
(0 0 -95.983984)
(0 0 -95.983985)
(0 0 -95.983985)
(0 0 -95.983984)
(0 0 -95.983982)
(0 0 -95.983978)
(0 0 -95.983973)
(0 0 -95.983966)
(0 0 -95.983963)
(0 0 -95.983959)
(0 0 -95.983959)
(0 0 -95.983962)
(0 0 -95.983962)
(0 0 -95.983961)
(0 0 -95.98396)
(0 0 -95.983959)
(0 0 -95.983958)
(0 0 -95.983958)
(0 0 -95.983957)
(0 0 -95.983957)
(0 0 -95.983956)
)
;
    }
    cylinderHead
    {
        type            calculated;
        value           uniform (-0 0 0);
    }
    cylinderWall
    {
        type            calculated;
        value           nonuniform List<vector> 
120
(
(-1.1094503e-14 -0 -0)
(8.1593814e-12 0 0)
(8.1593819e-12 0 0)
(8.1593822e-12 0 0)
(8.1593826e-12 0 0)
(0 0 0)
(-8.1704778e-12 0 0)
(-1.1094506e-14 0 0)
(8.159384e-12 0 0)
(-1.1094507e-14 0 0)
(-1.1094508e-14 0 0)
(-1.1094508e-14 0 0)
(-1.1094509e-14 0 0)
(-1.1094509e-14 0 0)
(-1.109451e-14 -0 -0)
(8.1593864e-12 0 0)
(8.1593867e-12 0 0)
(-1.1094511e-14 0 0)
(-1.1094511e-14 0 0)
(8.1593877e-12 0 0)
(-1.1094512e-14 -0 -0)
(0 0 0)
(-1.1094513e-14 0 0)
(-1.1094514e-14 0 0)
(8.1593893e-12 0 0)
(-8.1704841e-12 0 0)
(8.1593899e-12 0 0)
(-1.1094515e-14 -0 -0)
(-1.1094516e-14 0 0)
(8.1593909e-12 0 0)
(8.1482966e-12 0 0)
(-1.1094517e-14 -0 -0)
(8.1593917e-12 0 0)
(8.159392e-12 0 0)
(0 0 0)
(-8.1704871e-12 0 0)
(-1.1094519e-14 -0 -0)
(8.1593931e-12 0 0)
(8.1593934e-12 0 0)
(-1.109452e-14 0 0)
(8.1593939e-12 0 0)
(-8.1704887e-12 0 0)
(0 0 0)
(8.1593947e-12 0 0)
(-1.1094522e-14 0 0)
(-1.1094522e-14 0 0)
(8.1593954e-12 0 0)
(-8.1704902e-12 0 0)
(-8.1704904e-12 0 0)
(-1.1094523e-14 0 0)
(-1.1094524e-14 0 0)
(8.1593966e-12 0 0)
(8.1593968e-12 0 0)
(8.159397e-12 0 0)
(-8.1704918e-12 0 0)
(-8.170492e-12 0 0)
(8.1593977e-12 0 0)
(-8.1704924e-12 0 0)
(0 0 0)
(-1.1094526e-14 0 0)
(-8.170493e-12 -0 -0)
(0 0 0)
(-8.1704934e-12 0 0)
(0 0 0)
(8.1593992e-12 0 0)
(-8.1704939e-12 0 0)
(-1.1094528e-14 0 0)
(8.1593997e-12 0 0)
(8.1593999e-12 0 0)
(0 0 0)
(-1.1094529e-14 0 0)
(-8.1704949e-12 0 0)
(8.1594005e-12 0 0)
(8.1483061e-12 0 0)
(-1.109453e-14 0 0)
(8.1594009e-12 0 0)
(0 0 0)
(-1.109453e-14 -0 -0)
(8.1483068e-12 0 0)
(8.1594015e-12 0 0)
(-8.1704961e-12 0 0)
(-1.1094531e-14 0 0)
(0 0 0)
(-8.1704965e-12 0 0)
(0 0 0)
(-1.1094531e-14 0 0)
(-8.1704968e-12 0 0)
(8.1594024e-12 0 0)
(-1.1094532e-14 0 0)
(-8.1704971e-12 -0 -0)
(0 0 0)
(-1.1094532e-14 0 0)
(-1.1094532e-14 0 0)
(-8.1704975e-12 0 0)
(8.159403e-12 0 0)
(8.1594031e-12 0 0)
(-8.1704977e-12 0 0)
(8.1594032e-12 0 0)
(8.1594033e-12 0 0)
(-1.1094533e-14 -0 -0)
(8.1594034e-12 0 0)
(-1.1094533e-14 -0 -0)
(0 0 0)
(-1.1094533e-14 0 0)
(8.1594036e-12 0 0)
(-8.1704982e-12 0 0)
(8.1594037e-12 0 0)
(-1.1094534e-14 0 0)
(-1.1094534e-14 0 0)
(8.1594038e-12 0 0)
(-1.1094534e-14 -0 -0)
(8.1594039e-12 0 0)
(0 0 0)
(0 0 0)
(8.1594039e-12 0 0)
(0 0 0)
(-8.1704985e-12 0 0)
(-8.1704985e-12 0 0)
(-1.1094534e-14 -0 -0)
(-1.1094534e-14 0 0)
)
;
    }
    wedgeFront
    {
        type            wedge;
        value           nonuniform List<vector> 
4800
(
(0.0058052712 0.00025346261 -21.971135)
(0.0048565517 0.0002120416 -18.938164)
(0.0043052296 0.00018796973 -16.473294)
(0.0030006743 0.00013101187 -15.029556)
(0.0013969073 6.0991075e-05 -14.27239)
(2.6148579e-05 1.1415202e-06 -13.873438)
(-0.0010493434 -4.5815299e-05 -13.638944)
(-0.0019685147 -8.5947663e-05 -13.476837)
(-0.0028158356 -0.00012294292 -13.343864)
(-0.0036006289 -0.00015720788 -13.218304)
(-0.0042929114 -0.00018743389 -13.097751)
(-0.0048557949 -0.00021200931 -12.977258)
(-0.0052745563 -0.0002302923 -12.857355)
(-0.0055516408 -0.0002423903 -12.736231)
(-0.0057052492 -0.00024909709 -12.613004)
(-0.0057657531 -0.00025173934 -12.488637)
(-0.0057686843 -0.00025186634 -12.362681)
(-0.0057517071 -0.00025112437 -12.236466)
(-0.0057332663 -0.00025031777 -12.109778)
(-0.0057160276 -0.00024956621 -11.983607)
(-0.0056901293 -0.00024843616 -11.857367)
(-0.005644859 -0.00024645781 -11.731925)
(-0.0055684462 -0.00024312278 -11.606442)
(-0.0054579751 -0.00023829933 -11.481368)
(-0.0053133603 -0.00023198513 -11.356332)
(-0.0051416833 -0.00022448996 -11.231175)
(-0.0049536002 -0.0002162797 -11.106199)
(-0.0047605548 -0.00020785126 -10.980878)
(-0.0045771181 -0.00019984159 -10.85588)
(-0.0044087822 -0.00019249174 -10.730728)
(-0.0042571648 -0.00018587238 -10.60588)
(-0.0041196202 -0.00017986646 -10.481241)
(-0.0039903424 -0.00017422342 -10.356761)
(-0.0038588513 -0.00016848146 -10.232691)
(-0.0037185043 -0.00016235476 -10.108669)
(-0.0035679699 -0.00015578169 -9.9850719)
(-0.003401058 -0.0001484946 -9.8614869)
(-0.0032148659 -0.00014036533 -9.7381177)
(-0.0030110352 -0.00013146588 -9.6148165)
(-0.0027953469 -0.00012204778 -9.4915025)
(-0.00257415 -0.00011238962 -9.3683561)
(-0.0023530329 -0.00010273543 -9.2451266)
(-0.0021370881 -9.3305737e-05 -9.1221313)
(-0.0019293217 -8.4235135e-05 -8.999152)
(-0.0017324275 -7.5638498e-05 -8.8763921)
(-0.0015433616 -6.7384724e-05 -8.7537308)
(-0.0013603476 -5.9393105e-05 -8.6312924)
(-0.0011805626 -5.1543525e-05 -8.5090478)
(-0.0010028421 -4.3784652e-05 -8.3868872)
(-0.00082450831 -3.5998713e-05 -8.2649775)
(-0.00064313938 -2.8079958e-05 -8.143132)
(-0.00046081694 -2.0119082e-05 -8.021445)
(-0.00027814176 -1.2143452e-05 -7.8998132)
(-9.5236335e-05 -4.1569903e-06 -7.7783262)
(8.8256039e-05 3.8533489e-06 -7.6568579)
(0.00027275873 1.1909297e-05 -7.5355384)
(0.00045744661 1.9974731e-05 -7.4142653)
(0.00064139101 2.8005574e-05 -7.2931019)
(0.00082259451 3.5915872e-05 -7.1720442)
(0.0010001284 4.3666757e-05 -7.0510639)
(0.0011730066 5.1215614e-05 -6.930235)
(0.0013405531 5.8528878e-05 -6.8094763)
(0.001502807 6.5614208e-05 -6.6888847)
(0.0016616693 7.2550179e-05 -6.5684001)
(0.0018195693 7.9444919e-05 -6.4480474)
(0.0019778818 8.6354662e-05 -6.3278182)
(0.0021357018 9.3244444e-05 -6.2076821)
(0.002292011 0.00010007181 -6.087675)
(0.0024460701 0.00010679736 -5.9677332)
(0.0025976168 0.00011341316 -5.8479006)
(0.0027455513 0.0001198722 -5.7281438)
(0.0028912262 0.00012623413 -5.6084784)
(0.0030345379 0.00013249124 -5.4888818)
(0.0031754482 0.0001386439 -5.3693606)
(0.0033134204 0.00014466746 -5.2499215)
(0.003448405 0.00015056056 -5.130531)
(0.0035803048 0.00015632096 -5.0112232)
(0.0037089214 0.00016193581 -4.8919819)
(0.0038344248 0.00016741476 -4.7728144)
(0.0039569269 0.00017276287 -4.6537129)
(0.0040775248 0.00017802805 -4.5346869)
(0.0041960904 0.00018320458 -4.4157166)
(0.0043095388 0.00018815821 -4.2968185)
(0.0044173033 0.00019286392 -4.177993)
(0.004521208 0.00019739984 -4.0592375)
(0.0046206652 0.00020174212 -3.9405509)
(0.0047158877 0.00020590057 -3.821923)
(0.0048075876 0.00020990446 -3.703361)
(0.0048964458 0.00021378424 -3.5848517)
(0.0049827342 0.00021755275 -3.4663954)
(0.0050668468 0.00022122406 -3.3479876)
(0.0051485163 0.00022479022 -3.22962)
(0.0052274866 0.00022823694 -3.1112921)
(0.0053029911 0.00023153356 -2.9929919)
(0.0053740989 0.00023463767 -2.8747189)
(0.0054400295 0.00023751655 -2.7564664)
(0.0054996222 0.00024011855 -2.6382331)
(0.0055526833 0.00024243538 -2.5200227)
(0.0055983357 0.00024442808 -2.4018326)
(0.0056367363 0.00024610549 -2.2836612)
(0.005667638 0.00024745525 -2.1655049)
(0.0056916251 0.00024850121 -2.0473638)
(0.0057088268 0.00024925119 -1.929229)
(0.0057195808 0.00024971984 -1.8110908)
(0.0057248861 0.00024995052 -1.692947)
(0.005724436 0.00024993182 -1.5747919)
(0.0057185963 0.00024967631 -1.456622)
(0.0057066825 0.00024915729 -1.3384464)
(0.0056882776 0.00024835423 -1.2203165)
(0.0056621672 0.00024721671 -1.1022541)
(0.0056284307 0.00024574292 -0.98433825)
(0.0055875446 0.00024395748 -0.86689029)
(0.0055391005 0.00024184286 -0.75081702)
(0.0054797438 0.00023925192 -0.63768155)
(0.0054069111 0.0002360716 -0.52923231)
(0.0053216322 0.00023234879 -0.42701258)
(0.0052255298 0.0002281517 -0.33086461)
(0.0051135684 0.0002232643 -0.24349828)
(0.0049516059 0.00021619148 -0.15038757)
(0.0044969039 0.00019633844 -0.073040483)
(-0.0075038318 -0.00032762 -21.974075)
(-0.0080016551 -0.00034935469 -18.940904)
(-0.0072260559 -0.00031549131 -16.474591)
(-0.0073350849 -0.00032025196 -15.028601)
(-0.0080453511 -0.00035126227 -14.265631)
(-0.0087756261 -0.00038314651 -13.860806)
(-0.0093664251 -0.0004089414 -13.622212)
(-0.0098906907 -0.00043183175 -13.457866)
(-0.010409831 -0.00045449821 -13.323736)
(-0.010924052 -0.00047694941 -13.197401)
(-0.011393934 -0.00049746505 -13.076069)
(-0.011766385 -0.00051372655 -12.954723)
(-0.012009349 -0.00052433491 -12.833911)
(-0.012114557 -0.00052892843 -12.711919)
(-0.012097842 -0.00052819822 -12.587943)
(-0.011991076 -0.00052353712 -12.463054)
(-0.011830756 -0.00051653696 -12.336864)
(-0.011652973 -0.00050877515 -12.210699)
(-0.011476458 -0.00050106793 -12.084221)
(-0.011307379 -0.00049368685 -11.95834)
(-0.011136625 -0.00048623086 -11.832376)
(-0.01095322 -0.00047822287 -11.707167)
(-0.01074195 -0.00046899852 -11.581836)
(-0.01049789 -0.00045834202 -11.456862)
(-0.010218104 -0.00044612654 -11.331896)
(-0.0099069479 -0.00043254139 -11.206818)
(-0.0095727033 -0.00041794771 -11.081963)
(-0.0092271421 -0.0004028601 -10.956829)
(-0.0088819218 -0.00038778754 -10.832058)
(-0.0085375567 -0.00037275098 -10.707217)
(-0.0081998718 -0.00035800767 -10.582729)
(-0.0078659101 -0.00034342699 -10.458454)
(-0.0075304206 -0.00032877953 -10.334355)
(-0.0071848844 -0.00031369336 -10.210665)
(-0.0068226126 -0.00029787582 -10.086965)
(-0.0064436521 -0.00028133032 -9.9636386)
(-0.0060439126 -0.00026387723 -9.8402653)
(-0.0056261275 -0.00024563588 -9.7170616)
(-0.0051927997 -0.00022671618 -9.5939184)
(-0.0047503963 -0.0002074008 -9.4707751)
(-0.0043050209 -0.00018795569 -9.3478229)
(-0.0038608284 -0.00016856151 -9.2248176)
(-0.0034230117 -0.00014944592 -9.1020803)
(-0.0029910134 -0.00013058454 -8.9793937)
(-0.0025657565 -0.00011201771 -8.8569448)
(-0.0021451118 -9.3652782e-05 -8.7346012)
(-0.0017281909 -7.5449342e-05 -8.6124857)
(-0.0013116879 -5.7263816e-05 -8.4905686)
(-0.00089399095 -3.9027276e-05 -8.3687319)
(-0.00047701102 -2.0821704e-05 -8.2471321)
(-5.8009408e-05 -2.5276744e-06 -8.1255921)
(0.00036316368 1.5861208e-05 -8.0042097)
(0.00078532152 3.4293664e-05 -7.8828713)
(0.0012059065 5.2657183e-05 -7.7616605)
(0.0016236845 7.0897706e-05 -7.6404535)
(0.0020362666 8.8911242e-05 -7.5193833)
(0.0024417903 0.00010661781 -7.398355)
(0.0028371091 0.00012387756 -7.2774397)
(0.0032216001 0.00014066414 -7.1566365)
(0.0035959591 0.00015700853 -7.0359199)
(0.0039617295 0.00017297789 -6.9153664)
(0.0043212989 0.00018867713 -6.7948935)
(0.004677204 0.00020421621 -6.6745869)
(0.0050318671 0.00021970128 -6.5543755)
(0.0053841607 0.00023508268 -6.4342835)
(0.0057330512 0.0002503151 -6.3143117)
(0.0060814976 0.00026552899 -6.1944363)
(0.0064316268 0.00028081568 -6.0746886)
(0.0067833771 0.00029617356 -5.9550013)
(0.0071359669 0.00031156799 -5.8354168)
(0.0074876748 0.00032692425 -5.7158951)
(0.0078375064 0.00034219816 -5.5964495)
(0.0081837271 0.0003573142 -5.4770624)
(0.0085246803 0.00037220029 -5.3577448)
(0.0088586914 0.00038678384 -5.238505)
(0.0091844814 0.00040100841 -5.1193118)
(0.0095010316 0.00041482902 -5.0002016)
(0.0098078734 0.00042822674 -4.8811595)
(0.010104518 0.00044117845 -4.7621945)
(0.010390984 0.0004536856 -4.6432957)
(0.010666107 0.00046569739 -4.5244746)
(0.010929911 0.00047721523 -4.4057263)
(0.011184033 0.00048831063 -4.2870672)
(0.011429881 0.0004990448 -4.1684795)
(0.011668226 0.00050945128 -4.0499595)
(0.011899415 0.00051954491 -3.9315098)
(0.012123484 0.00052932761 -3.8131138)
(0.012340569 0.00053880603 -3.6947753)
(0.012550813 0.00054798636 -3.5764786)
(0.012753409 0.00055683155 -3.4582259)
(0.012948312 0.00056534037 -3.3400138)
(0.013133999 0.00057344719 -3.2218365)
(0.013309681 0.00058111807 -3.1036957)
(0.013473758 0.00058828104 -2.9855825)
(0.013624918 0.00059488094 -2.8674988)
(0.01376261 0.00060089277 -2.749439)
(0.013885481 0.00060625758 -2.6314035)
(0.013994353 0.00061101126 -2.5133958)
(0.014088345 0.00061511507 -2.395414)
(0.014168742 0.00061862557 -2.2774566)
(0.014235803 0.00062155294 -2.1595204)
(0.014291341 0.00062397827 -2.0416055)
(0.014336073 0.00062593173 -1.9237033)
(0.01437104 0.00062745812 -1.805804)
(0.014398422 0.0006286536 -1.687906)
(0.014417991 0.00062950782 -1.5700042)
(0.014430885 0.00063007077 -1.4520962)
(0.01443661 0.00063032027 -1.3341918)
(0.01443543 0.00063026884 -1.2163414)
(0.014425827 0.00062984958 -1.0985616)
(0.014407564 0.00062905185 -0.98092278)
(0.014379479 0.00062782576 -0.86374886)
(0.014339448 0.00062607808 -0.74797078)
(0.014282357 0.0006235864 -0.63517473)
(0.014202809 0.00062011223 -0.52710885)
(0.014096481 0.00061547022 -0.42530434)
(0.013955893 0.0006093319 -0.32959417)
(0.013753795 0.00060050839 -0.24267368)
(0.01338496 0.00058440479 -0.14999593)
(0.012253317 0.00053499572 -0.072993777)
(-0.020511165 -0.00089553929 -21.975349)
(-0.022602661 -0.00098685636 -18.940846)
(-0.021759134 -0.00095002693 -16.47569)
(-0.020939988 -0.00091426192 -15.030426)
(-0.020607663 -0.00089975263 -14.266322)
(-0.020579018 -0.00089850214 -13.859902)
(-0.020663719 -0.00090219963 -13.620331)
(-0.0207736 -0.00090699751 -13.45571)
(-0.020865988 -0.0009110316 -13.321637)
(-0.020917278 -0.00091327093 -13.195347)
(-0.020909389 -0.00091292626 -13.073851)
(-0.020830633 -0.00090948743 -12.952132)
(-0.020675086 -0.00090269617 -12.830821)
(-0.02045118 -0.00089292015 -12.708336)
(-0.020174002 -0.00088081841 -12.583964)
(-0.019859393 -0.00086708213 -12.458823)
(-0.019522159 -0.00085235854 -12.332509)
(-0.019168063 -0.00083689826 -12.206314)
(-0.01879437 -0.00082058244 -12.079866)
(-0.018393352 -0.00080307305 -11.954019)
(-0.017957193 -0.00078403061 -11.828052)
(-0.017478543 -0.00076313208 -11.702782)
(-0.016954705 -0.00074026145 -11.57735)
(-0.016388052 -0.00071552074 -11.452244)
(-0.01578595 -0.00068923266 -11.327138)
(-0.015159752 -0.00066189195 -11.201929)
(-0.014522697 -0.00063407701 -11.076979)
(-0.01388384 -0.00060618374 -10.951743)
(-0.013245199 -0.00057829951 -10.826952)
(-0.012607113 -0.00055043989 -10.702093)
(-0.011973123 -0.00052275936 -10.577576)
(-0.011339434 -0.00049509141 -10.453271)
(-0.010701727 -0.00046724926 -10.329122)
(-0.010056108 -0.00043906146 -10.205364)
(-0.0094000682 -0.00041041818 -10.081582)
(-0.0087346584 -0.00038136556 -9.9581737)
(-0.0080608013 -0.00035194378 -9.8347331)
(-0.0073838344 -0.00032238612 -9.7114834)
(-0.0067065672 -0.00029281701 -9.5883169)
(-0.0060331816 -0.00026341624 -9.4651733)
(-0.0053664317 -0.00023430526 -9.3422436)
(-0.0047066091 -0.00020549752 -9.2192798)
(-0.0040549161 -0.00017704351 -9.0965949)
(-0.0034063049 -0.0001487247 -8.9739577)
(-0.0027598971 -0.0001205017 -8.851561)
(-0.0021133195 -9.2271868e-05 -8.729278)
(-0.0014655172 -6.3987713e-05 -8.6072223)
(-0.00081128759 -3.5424131e-05 -8.4853576)
(-0.00014801975 -6.4652912e-06 -8.3635813)
(0.00052722673 2.3016978e-05 -8.2420511)
(0.0012118676 5.2909494e-05 -8.1205632)
(0.0019000374 8.2955951e-05 -7.99922)
(0.0025881928 0.00011300121 -7.8779305)
(0.0032713957 0.00014283052 -7.7567833)
(0.003946522 0.00017230716 -7.6356521)
(0.0046089215 0.00020122793 -7.5146706)
(0.0052585703 0.00022959218 -7.3937463)
(0.0058944163 0.00025735397 -7.2729429)
(0.00651858 0.00028460554 -7.1522476)
(0.0071298384 0.00031129369 -7.0316284)
(0.0077270355 0.00033736766 -6.9111592)
(0.0083166084 0.00036310845 -6.7907546)
(0.008899767 0.00038856969 -6.6705048)
(0.0094786641 0.00041384521 -6.5503588)
(0.010050874 0.00043882861 -6.4303514)
(0.010619091 0.00046363695 -6.3104544)
(0.01118251 0.00048823624 -6.1906211)
(0.011740137 0.00051258331 -6.0708959)
(0.012291337 0.00053664902 -5.9512249)
(0.012834281 0.0005603546 -5.8316562)
(0.013368428 0.00058367609 -5.7121545)
(0.013891381 0.00060650849 -5.5927367)
(0.014402276 0.00062881451 -5.4733852)
(0.014899606 0.00065052838 -5.3541116)
(0.01538312 0.00067163924 -5.2349241)
(0.015852144 0.00069211721 -5.1157912)
(0.016306543 0.00071195666 -4.9967484)
(0.016747414 0.00073120494 -4.8777793)
(0.017173172 0.00074979416 -4.7588931)
(0.017586356 0.00076783417 -4.6400848)
(0.017987372 0.00078534276 -4.5213648)
(0.018377735 0.00080238641 -4.4027033)
(0.018758825 0.00081902522 -4.2841133)
(0.019132417 0.00083533618 -4.1655883)
(0.019497484 0.00085127569 -4.0471268)
(0.019854574 0.00086686634 -3.9287304)
(0.020202786 0.00088207006 -3.8103844)
(0.020541096 0.00089684122 -3.6920938)
(0.02086876 0.00091114756 -3.5738433)
(0.021183589 0.00092489291 -3.4556365)
(0.021485143 0.00093805865 -3.337471)
(0.021770817 0.0009505318 -3.219343)
(0.022039959 0.00096228302 -3.1012556)
(0.022290916 0.00097323986 -2.9832002)
(0.022522701 0.00098335917 -2.8651786)
(0.022735493 0.00099265001 -2.7471849)
(0.022928069 0.0010010582 -2.6292196)
(0.02310219 0.0010086608 -2.5112855)
(0.023256905 0.0010154158 -2.3933812)
(0.023394123 0.0010214065 -2.2755045)
(0.023514201 0.0010266496 -2.1576524)
(0.023619478 0.0010312461 -2.0398252)
(0.023710917 0.0010352382 -1.9220145)
(0.023789962 0.0010386897 -1.8042112)
(0.023859549 0.001041728 -1.6864142)
(0.023919834 0.0010443603 -1.568619)
(0.023972698 0.0010466671 -1.4508233)
(0.024018114 0.0010486506 -1.3330358)
(0.024056946 0.0010503465 -1.215305)
(0.024087093 0.0010516629 -1.097644)
(0.024107082 0.0010525359 -0.98012007)
(0.024113141 0.0010528 -0.86305486)
(0.024101039 0.0010522717 -0.74738201)
(0.0240652 0.0010507076 -0.63469121)
(0.023999032 0.001047819 -0.52673119)
(0.023892731 0.0010431777 -0.42502857)
(0.023727009 0.001035942 -0.32941066)
(0.023448169 0.0010237666 -0.24256312)
(0.022872904 0.00099864997 -0.14994391)
(0.02102008 0.00091775379 -0.0729905)
(-0.025865922 -0.0011293307 -21.976925)
(-0.032670922 -0.0014264435 -18.94152)
(-0.033956275 -0.001482563 -16.476572)
(-0.034030467 -0.0014858022 -15.031128)
(-0.034111134 -0.0014893243 -14.266919)
(-0.0343363 -0.0014991553 -13.860494)
(-0.034583012 -0.0015099269 -13.620861)
(-0.034752976 -0.0015173478 -13.456058)
(-0.034787802 -0.0015188682 -13.321657)
(-0.034681902 -0.0015142444 -13.194919)
(-0.034447676 -0.0015040181 -13.072943)
(-0.034111095 -0.0014893226 -12.95079)
(-0.033685639 -0.0014707468 -12.829149)
(-0.033195983 -0.0014493679 -12.706441)
(-0.032658817 -0.0014259147 -12.581936)
(-0.032082081 -0.0014007337 -12.456709)
(-0.031477234 -0.0013743254 -12.330304)
(-0.030839276 -0.0013464717 -12.203959)
(-0.030164098 -0.001316993 -12.07727)
(-0.029440502 -0.0012854001 -11.951092)
(-0.028665849 -0.0012515781 -11.824734)
(-0.027832176 -0.0012151792 -11.699061)
(-0.026945952 -0.0011764857 -11.573243)
(-0.026008267 -0.0011355455 -11.447804)
(-0.02502984 -0.0010928265 -11.322453)
(-0.024021724 -0.0010488111 -11.197107)
(-0.022993276 -0.0010039081 -11.072062)
(-0.021951676 -0.0009584311 -10.946828)
(-0.020898151 -0.00091243284 -10.822063)
(-0.019843222 -0.00086637383 -10.697224)
(-0.018785503 -0.00082019286 -10.572725)
(-0.017724745 -0.00077387894 -10.448429)
(-0.016658185 -0.00072731199 -10.324273)
(-0.015584211 -0.00068042126 -10.200493)
(-0.014505209 -0.00063331109 -10.07668)
(-0.013420394 -0.000585947 -9.9532394)
(-0.012335137 -0.00053856378 -9.8297695)
(-0.011250524 -0.0004912086 -9.706498)
(-0.010170839 -0.00044406865 -9.5833186)
(-0.0090985049 -0.00039724954 -9.4601703)
(-0.0080353221 -0.00035083003 -9.3372411)
(-0.0069829878 -0.00030488405 -9.2142764)
(-0.0059408844 -0.00025938466 -9.0915823)
(-0.0049084316 -0.00021430679 -8.9689289)
(-0.0038846798 -0.00016960882 -8.8465133)
(-0.0028677269 -0.00012520781 -8.7242071)
(-0.001856003 -8.1035098e-05 -8.60211)
(-0.00084806211 -3.7027382e-05 -8.4801816)
(0.00015735376 6.8699502e-06 -8.3583033)
(0.0011629622 5.0775876e-05 -8.2366646)
(0.0021657057 9.4556585e-05 -8.1151148)
(0.0031615214 0.00013803482 -7.9937505)
(0.0041492439 0.00018115985 -7.8724724)
(0.0051262267 0.00022381601 -7.7513607)
(0.0060901893 0.00026590359 -7.6302814)
(0.0070377912 0.00030727663 -7.5093594)
(0.0079700264 0.00034797886 -7.3884863)
(0.0088861321 0.00038797684 -7.2677245)
(0.0097853896 0.00042723924 -7.1470815)
(0.01066818 0.00046578262 -7.0265443)
(0.011537233 0.00050372619 -6.9061611)
(0.01239135 0.00054101772 -6.7858324)
(0.013229009 0.00057759081 -6.6656638)
(0.01405461 0.00061363738 -6.5456012)
(0.014870689 0.0006492679 -6.4256596)
(0.015676484 0.00068444988 -6.305827)
(0.016468984 0.00071905088 -6.1860842)
(0.017246554 0.00075300049 -6.0664666)
(0.018009267 0.00078630131 -5.9469093)
(0.018755238 0.00081887108 -5.8274558)
(0.019485515 0.00085075566 -5.7080692)
(0.020197893 0.00088185857 -5.5887641)
(0.020892919 0.0009122041 -5.4695221)
(0.021569423 0.00094174095 -5.3503533)
(0.022228242 0.00097050571 -5.231265)
(0.022868829 0.00099847435 -5.1122245)
(0.02349073 0.0010256269 -4.9932678)
(0.024093888 0.0010519614 -4.8743848)
(0.024680969 0.0010775938 -4.755577)
(0.025253599 0.0011025954 -4.6368263)
(0.025811706 0.0011269628 -4.5181513)
(0.026356896 0.0011507662 -4.3995334)
(0.026887549 0.0011739352 -4.2809877)
(0.027405162 0.0011965346 -4.162506)
(0.027907979 0.0012184881 -4.0440868)
(0.028396593 0.0012398215 -3.9257331)
(0.028869763 0.0012604806 -3.807431)
(0.029326536 0.0012804236 -3.6891869)
(0.029766701 0.0012996417 -3.5709862)
(0.030188003 0.001318036 -3.4528335)
(0.030591061 0.0013356338 -3.3347264)
(0.030973284 0.0013523221 -3.216661)
(0.031334991 0.0013681145 -3.0986396)
(0.03167496 0.001382958 -2.9806541)
(0.031992706 0.001396831 -2.8627066)
(0.03228898 0.0014097665 -2.7447916)
(0.032562598 0.001421713 -2.6269106)
(0.032815851 0.0014327701 -2.5090667)
(0.033047639 0.0014428903 -2.3912591)
(0.033260066 0.001452165 -2.2734855)
(0.03345336 0.0014606046 -2.1557426)
(0.033629781 0.0014683073 -2.0380294)
(0.033789996 0.0014753024 -1.9203367)
(0.03393508 0.0014816372 -1.8026537)
(0.034067586 0.0014874223 -1.6849785)
(0.034187141 0.001492642 -1.5673047)
(0.034295131 0.0014973572 -1.4496303)
(0.034390955 0.001501541 -1.3319638)
(0.034475176 0.001505218 -1.2143542)
(0.034544596 0.0015082492 -1.0968149)
(0.034596511 0.0015105158 -0.97941321)
(0.034624815 0.0015117514 -0.86246827)
(0.034621716 0.0015116163 -0.74691067)
(0.034576207 0.0015096292 -0.63432696)
(0.034473211 0.0015051325 -0.52646506)
(0.034289904 0.0014971288 -0.424852)
(0.033987423 0.0014839224 -0.32931433)
(0.033480935 0.0014618086 -0.2425271)
(0.032514526 0.0014196145 -0.14994156)
(0.029733913 0.0012982103 -0.073006293)
(-0.031620135 -0.0013805649 -21.977327)
(-0.042256683 -0.0018449667 -18.942688)
(-0.045013913 -0.0019653496 -16.477399)
(-0.045771759 -0.0019984378 -15.031345)
(-0.046253914 -0.0020194892 -14.266405)
(-0.046686328 -0.0020383689 -13.859564)
(-0.046964681 -0.0020505219 -13.619745)
(-0.04703274 -0.0020534936 -13.454823)
(-0.046879798 -0.0020468159 -13.320278)
(-0.04655091 -0.0020324563 -13.193337)
(-0.046090322 -0.0020123467 -13.07113)
(-0.04553927 -0.0019882873 -12.948724)
(-0.04490655 -0.001960662 -12.826836)
(-0.044210924 -0.0019302904 -12.703893)
(-0.043460172 -0.0018975119 -12.579179)
(-0.042654681 -0.0018623433 -12.453758)
(-0.041808131 -0.001825382 -12.327165)
(-0.040917117 -0.0017864795 -12.200639)
(-0.039988489 -0.0017459348 -12.073775)
(-0.039021323 -0.0017037073 -11.947416)
(-0.03802255 -0.0016601001 -11.820866)
(-0.036987361 -0.0016149027 -11.694997)
(-0.035925497 -0.0015685407 -11.568973)
(-0.034833497 -0.0015208631 -11.44333)
(-0.033717513 -0.0014721382 -11.317783)
(-0.032578591 -0.0014224118 -11.192211)
(-0.031411713 -0.0013714649 -11.06698)
(-0.030217053 -0.0013193051 -10.941596)
(-0.028989902 -0.0012657262 -10.816687)
(-0.027736648 -0.0012110081 -10.691719)
(-0.026450023 -0.0011548329 -10.567106)
(-0.025132511 -0.0010973089 -10.4427)
(-0.023783713 -0.0010384191 -10.318432)
(-0.022404608 -0.00097820604 -10.194543)
(-0.021001669 -0.00091695254 -10.070628)
(-0.019574083 -0.00085462274 -9.9470934)
(-0.018131552 -0.00079164051 -9.8235413)
(-0.016673821 -0.00072799463 -9.7002019)
(-0.015207658 -0.00066398067 -9.5769689)
(-0.013735626 -0.00059971038 -9.4537823)
(-0.012260359 -0.0005352988 -9.3308283)
(-0.010787007 -0.00047097087 -9.2078506)
(-0.0093159445 -0.00040674287 -9.0851545)
(-0.0078543691 -0.00034292916 -8.9625048)
(-0.0064035042 -0.00027958298 -8.8400913)
(-0.0049649551 -0.00021677459 -8.7177803)
(-0.0035392035 -0.00015452499 -8.5956822)
(-0.0021324919 -9.3106568e-05 -8.4737581)
(-0.00075092818 -3.2786213e-05 -8.3518913)
(0.00059847012 2.6129807e-05 -8.2302689)
(0.0019208485 8.3866059e-05 -8.1087254)
(0.0032240466 0.00014076497 -7.9873619)
(0.0045123069 0.00019701173 -7.8660821)
(0.0057874789 0.00025268712 -7.744971)
(0.0070499196 0.00030780658 -7.6239005)
(0.0082985716 0.00036232386 -7.5029986)
(0.0095304198 0.00041610742 -7.382159)
(0.010743344 0.00046906471 -7.2614594)
(0.011939451 0.00052128773 -7.1408915)
(0.013119311 0.00057280164 -7.0204065)
(0.01428664 0.0006237683 -6.9000901)
(0.015440354 0.00067414049 -6.7798645)
(0.016578103 0.00072381558 -6.659794)
(0.017698748 0.00077274407 -6.5398003)
(0.018802479 0.00082093373 -6.4199319)
(0.019888833 0.00086836518 -6.3001941)
(0.020956816 0.00091499411 -6.18054)
(0.022005897 0.00096079814 -6.0610029)
(0.023036248 0.0010057843 -5.9415217)
(0.024045591 0.0010498532 -5.8221423)
(0.025034999 0.0010930516 -5.7028293)
(0.026001775 0.0011352619 -5.5835989)
(0.026946564 0.0011765122 -5.4644335)
(0.027867795 0.0012167341 -5.3453441)
(0.028766067 0.0012559536 -5.2263384)
(0.029638769 0.0012940565 -5.107386)
(0.03048279 0.0013309071 -4.9885317)
(0.031306694 0.0013668796 -4.8697413)
(0.03210855 0.0014018893 -4.7510116)
(0.032888633 0.0014359485 -4.6323523)
(0.033645402 0.0014689896 -4.5137738)
(0.034380024 0.001501064 -4.3952538)
(0.035090841 0.001532099 -4.2768065)
(0.035779931 0.0015621852 -4.1584229)
(0.036444931 0.0015912197 -4.0401018)
(0.037086862 0.0016192472 -3.9218457)
(0.03770452 0.0016462148 -3.8036412)
(0.038297285 0.0016720953 -3.6854945)
(0.038865746 0.0016969148 -3.5673917)
(0.039407972 0.0017205887 -3.4493377)
(0.03992576 0.0017431958 -3.3313303)
(0.040416929 0.0017646407 -3.2133666)
(0.040882746 0.0017849787 -3.0954495)
(0.04132254 0.0018041807 -2.9775712)
(0.041736439 0.001822252 -2.8597342)
(0.042125798 0.0018392515 -2.741933)
(0.04248979 0.0018551439 -2.6241689)
(0.042831029 0.0018700426 -2.5064446)
(0.043148551 0.001883906 -2.3887586)
(0.043444435 0.0018968245 -2.2711081)
(0.043718801 0.0019088036 -2.1534892)
(0.04397356 0.0019199268 -2.0359014)
(0.044209023 0.0019302073 -1.9183352)
(0.044425833 0.0019396736 -1.8007801)
(0.04462587 0.0019484072 -1.6832352)
(0.044808308 0.0019563726 -1.5656939)
(0.044973864 0.001963601 -1.4481544)
(0.045121372 0.0019700413 -1.3306239)
(0.045250949 0.0019756988 -1.2131504)
(0.045358296 0.0019803858 -1.0957453)
(0.04543939 0.0019839264 -0.97847473)
(0.045485693 0.0019859479 -0.86165634)
(0.045485214 0.001985927 -0.74621955)
(0.045420024 0.0019830807 -0.63375084)
(0.045264233 0.001976279 -0.5259997)
(0.044979247 0.0019638359 -0.42449349)
(0.044504448 0.0019431059 -0.32905798)
(0.043722716 0.0019089747 -0.2423603)
(0.042306982 0.0018471625 -0.14986669)
(0.038533147 0.0016823933 -0.072988204)
(-0.037812129 -0.0016509124 -21.978641)
(-0.051527233 -0.002249727 -18.944238)
(-0.055304171 -0.0024146317 -16.478586)
(-0.056442529 -0.0024643334 -15.032048)
(-0.057091453 -0.002492666 -14.266195)
(-0.057563934 -0.002513295 -13.858518)
(-0.057759103 -0.0025218164 -13.618081)
(-0.057634252 -0.0025163654 -13.452769)
(-0.057202951 -0.0024975344 -13.318003)
(-0.056541094 -0.002468637 -13.190933)
(-0.055716799 -0.0024326473 -13.068658)
(-0.05478965 -0.0023921672 -12.946192)
(-0.053775055 -0.0023478689 -12.824236)
(-0.052697246 -0.0023008108 -12.701191)
(-0.051565138 -0.0022513818 -12.576342)
(-0.050378539 -0.0021995737 -12.450751)
(-0.049153563 -0.0021460901 -12.32396)
(-0.047886139 -0.0020907534 -12.197236)
(-0.046584235 -0.002033911 -12.070181)
(-0.045247918 -0.0019755663 -11.943648)
(-0.043885385 -0.0019160768 -11.816951)
(-0.042493193 -0.0018552924 -11.69096)
(-0.041082784 -0.0017937126 -11.564836)
(-0.039653773 -0.0017313207 -11.439112)
(-0.038213321 -0.0016684293 -11.313475)
(-0.036758106 -0.0016048932 -11.187792)
(-0.035285668 -0.0015406052 -11.062458)
(-0.033801794 -0.0014758179 -10.93689)
(-0.032301351 -0.0014103071 -10.811744)
(-0.030786746 -0.0013441779 -10.686514)
(-0.029251557 -0.0012771503 -10.561617)
(-0.027698128 -0.001209326 -10.436915)
(-0.026126272 -0.0011406973 -10.312354)
(-0.0245361 -0.0010712689 -10.18818)
(-0.022932096 -0.0010012366 -10.063995)
(-0.021312752 -0.00093053447 -9.9402116)
(-0.019684829 -0.00085945776 -9.8164321)
(-0.018047548 -0.00078797253 -9.692889)
(-0.016405321 -0.00071627137 -9.5694759)
(-0.01475954 -0.00064441507 -9.4461328)
(-0.013111253 -0.00057244923 -9.3230463)
(-0.011463529 -0.00050050788 -9.1999613)
(-0.0098148381 -0.00042852457 -9.0771889)
(-0.0081678763 -0.00035661665 -8.9544993)
(-0.0065192424 -0.00028463567 -8.8320675)
(-0.004869954 -0.00021262621 -8.7097513)
(-0.0032222991 -0.00014068819 -8.5876774)
(-0.0015768677 -6.8847146e-05 -8.4658263)
(6.8609975e-05 2.9958576e-06 -8.3440924)
(0.0017164697 7.4942947e-05 -8.2225983)
(0.0033611521 0.00014675139 -8.1011263)
(0.0049967272 0.00021816207 -7.9797907)
(0.0066164699 0.00028888162 -7.8585036)
(0.0082152755 0.00035868702 -7.7373653)
(0.0097903648 0.00042745692 -7.6162621)
(0.011342116 0.00049520781 -7.4953483)
(0.012873821 0.00056208349 -7.3745208)
(0.014380313 0.00062785841 -7.2538265)
(0.015864302 0.00069265067 -7.1332608)
(0.01732509 0.00075643002 -7.0127957)
(0.01876105 0.00081912539 -6.8924956)
(0.020175747 0.00088089227 -6.7722831)
(0.021570335 0.00094178112 -6.6522579)
(0.022949977 0.0010020176 -6.532342)
(0.024304564 0.0010611602 -6.4125479)
(0.025634496 0.0011192263 -6.2928743)
(0.026938384 0.0011761553 -6.173292)
(0.028214915 0.00123189 -6.0538371)
(0.029464046 0.0012864283 -5.9344475)
(0.030683065 0.0013396518 -5.8151682)
(0.031873368 0.0013916216 -5.6959618)
(0.033031965 0.001442207 -5.576843)
(0.034159867 0.0014914522 -5.4577941)
(0.03525563 0.0015392943 -5.3388258)
(0.036322171 0.0015858606 -5.2199533)
(0.037359076 0.0016311328 -5.1011557)
(0.038368706 0.0016752141 -4.9824278)
(0.039352326 0.0017181598 -4.8637436)
(0.040304114 0.0017597158 -4.7451429)
(0.041226353 0.0017999816 -4.6266147)
(0.042118383 0.0018389283 -4.5081678)
(0.042982215 0.001876644 -4.389782)
(0.043816343 0.0019130629 -4.2714717)
(0.044623767 0.0019483158 -4.1532285)
(0.045402292 0.0019823069 -4.0350512)
(0.046153765 0.0020151167 -3.9169425)
(0.04687747 0.0020467145 -3.798889)
(0.047573397 0.0020770992 -3.6808966)
(0.048242868 0.0021063291 -3.562951)
(0.048884415 0.0021343396 -3.4450564)
(0.049500504 0.0021612386 -3.3272102)
(0.050089288 0.0021869455 -3.2094084)
(0.050652406 0.0022115319 -3.0916535)
(0.051189415 0.0022349782 -2.9739371)
(0.051700515 0.0022572933 -2.8562613)
(0.052186957 0.0022785319 -2.7386207)
(0.052647802 0.0022986527 -2.6210166)
(0.0530851 0.0023177455 -2.503452)
(0.053497631 0.0023357569 -2.3859252)
(0.053886713 0.0023527446 -2.2684338)
(0.054251906 0.0023686893 -2.1509733)
(0.054594226 0.0023836353 -2.033543)
(0.054913312 0.002397567 -1.9161325)
(0.055208999 0.0024104771 -1.7987307)
(0.055482169 0.0024224038 -1.6813362)
(0.055731394 0.0024332851 -1.563942)
(0.055956521 0.0024431143 -1.4465465)
(0.056155731 0.0024518119 -1.3291575)
(0.05632862 0.0024593604 -1.2118237)
(0.056469806 0.0024655246 -1.0945575)
(0.056574143 0.0024700801 -0.97742601)
(0.056631224 0.0024725723 -0.86074548)
(0.056625967 0.0024723429 -0.74544279)
(0.056535467 0.0024683915 -0.63310224)
(0.056325993 0.0024592456 -0.52547391)
(0.055946853 0.0024426921 -0.42408636)
(0.055319842 0.0024153162 -0.32876641)
(0.054297992 0.0023707013 -0.24217187)
(0.052473588 0.0022910459 -0.14978649)
(0.047705867 0.0020828829 -0.07296646)
(-0.049882886 -0.0021779337 -21.981232)
(-0.067261835 -0.0029367149 -18.946272)
(-0.072245605 -0.0031543109 -16.479171)
(-0.073854937 -0.0032245757 -15.03118)
(-0.074739119 -0.0032631799 -14.264017)
(-0.075334871 -0.003289191 -13.85548)
(-0.075553147 -0.0032987212 -13.614457)
(-0.075360269 -0.0032903 -13.44871)
(-0.074776881 -0.0032648287 -13.313574)
(-0.073893604 -0.003226264 -13.186144)
(-0.07279204 -0.0031781688 -13.063529)
(-0.071544505 -0.0031237002 -12.940732)
(-0.070169761 -0.0030636775 -12.818475)
(-0.068700957 -0.0029995482 -12.69515)
(-0.067151634 -0.0029319033 -12.570055)
(-0.06552415 -0.0028608458 -12.444244)
(-0.063840525 -0.0027873371 -12.317243)
(-0.062095891 -0.0027111647 -12.190347)
(-0.060301198 -0.0026328069 -12.063119)
(-0.058455233 -0.0025522103 -11.936422)
(-0.056567904 -0.0024698077 -11.809573)
(-0.054633428 -0.0023853467 -11.683431)
(-0.052668725 -0.0022995658 -11.557173)
(-0.050667602 -0.0022121949 -11.431291)
(-0.048635246 -0.0021234604 -11.305509)
(-0.046574051 -0.0020334667 -11.17975)
(-0.044488239 -0.0019423982 -11.054318)
(-0.042389389 -0.0018507605 -10.928684)
(-0.040274533 -0.0017584238 -10.803512)
(-0.038154099 -0.0016658437 -10.678272)
(-0.036025846 -0.0015729222 -10.553373)
(-0.033896409 -0.0014799489 -10.428674)
(-0.03176698 -0.0013869761 -10.304116)
(-0.029638059 -0.0012940255 -10.179944)
(-0.027514214 -0.0012012964 -10.055759)
(-0.025392564 -0.0011086631 -9.9319724)
(-0.02327893 -0.0010163799 -9.8081882)
(-0.02117065 -0.00092433036 -9.6846378)
(-0.019070696 -0.0008326445 -9.5612145)
(-0.016978874 -0.00074131358 -9.4378562)
(-0.014894974 -0.00065032856 -9.314746)
(-0.012821213 -0.00055978622 -9.1916229)
(-0.010755174 -0.00046958092 -9.0687866)
(-0.0086993946 -0.00037982367 -8.9459907)
(-0.0066512869 -0.0002904014 -8.8234227)
(-0.0046144264 -0.00020147019 -8.7009711)
(-0.0025873221 -0.000112965 -8.5787471)
(-0.00056878548 -2.4833756e-05 -8.4566874)
(0.0014455723 6.3114939e-05 -8.3346758)
(0.003460189 0.00015107514 -8.2129355)
(0.0054648365 0.00023859984 -8.0913347)
(0.0074518522 0.00032535483 -7.9699736)
(0.0094135214 0.00041100324 -7.8487386)
(0.011345182 0.00049534145 -7.7277055)
(0.013244313 0.00057825932 -7.6067245)
(0.015110828 0.00065975304 -7.4859045)
(0.016942841 0.00073974043 -7.3651694)
(0.018743152 0.00081834362 -7.2445994)
(0.020511059 0.00089553205 -7.1241679)
(0.022247562 0.00097134945 -7.0038446)
(0.02395267 0.0010457961 -6.8836914)
(0.025626637 0.0011188831 -6.7636045)
(0.027267464 0.0011905232 -6.6436447)
(0.028875198 0.0012607184 -6.5237899)
(0.030450268 0.0013294872 -6.4041043)
(0.031994312 0.0013969018 -6.2845537)
(0.033506867 0.0014629413 -6.165096)
(0.034987579 0.0015275907 -6.0457677)
(0.03643732 0.0015908878 -5.9265079)
(0.03785394 0.0016527387 -5.8073631)
(0.039239362 0.0017132274 -5.6882968)
(0.040590663 0.0017722265 -5.5693247)
(0.04190843 0.0018297614 -5.4504265)
(0.043189789 0.0018857067 -5.3316044)
(0.044436651 0.0019401459 -5.2128644)
(0.045650867 0.0019931598 -5.0941694)
(0.046834116 0.0020448214 -4.9755707)
(0.04798423 0.0020950365 -4.8570644)
(0.049099183 0.0021437163 -4.7386426)
(0.050181348 0.0021909647 -4.6202923)
(0.05122947 0.0022367266 -4.5020233)
(0.052245398 0.0022810831 -4.3838148)
(0.053227374 0.0023239571 -4.2656806)
(0.054178523 0.0023654851 -4.147612)
(0.055096499 0.0024055649 -4.0296072)
(0.055983338 0.0024442852 -3.911669)
(0.056838422 0.0024816189 -3.7937838)
(0.05766193 0.002517574 -3.6759576)
(0.058455471 0.0025522207 -3.5581764)
(0.059217733 0.0025855017 -3.4404444)
(0.059951499 0.0026175386 -3.3227598)
(0.060655057 0.0026482567 -3.205119)
(0.061330243 0.0026777359 -3.087525)
(0.061976725 0.002705962 -2.96997)
(0.062594768 0.0027329464 -2.8524564)
(0.063185572 0.0027587412 -2.7349792)
(0.06374812 0.0027833027 -2.6175391)
(0.064284242 0.0028067102 -2.5001393)
(0.064792454 0.0028288992 -2.3827773)
(0.065273653 0.0028499088 -2.2654507)
(0.065726933 0.0028696994 -2.1481545)
(0.066152685 0.0028882882 -2.0308877)
(0.066549918 0.0029056319 -1.9136402)
(0.066917699 0.0029216896 -1.796401)
(0.067256183 0.002936468 -1.6791698)
(0.06756318 0.0029498717 -1.5619397)
(0.067837901 0.0029618664 -1.4447098)
(0.068077835 0.0029723421 -1.3274882)
(0.068282314 0.0029812698 -1.2103231)
(0.068444719 0.0029883607 -1.0932268)
(0.068558697 0.002993337 -0.97626586)
(0.068610836 0.0029956134 -0.85975458)
(0.068581191 0.0029943192 -0.74461605)
(0.068438631 0.0029880948 -0.63243169)
(0.068137087 0.0029749293 -0.52495182)
(0.0676083 0.0029518416 -0.42370455)
(0.066750207 0.0029143767 -0.32851362)
(0.065381882 0.0028546343 -0.24203132)
(0.063012552 0.0027511872 -0.1497272)
(0.057077821 0.0024920713 -0.072971585)
(-0.070358815 -0.0030719319 -21.984452)
(-0.086880622 -0.0037932896 -18.948858)
(-0.089929122 -0.0039263898 -16.480087)
(-0.09024141 -0.0039400245 -15.030317)
(-0.09046319 -0.0039497076 -14.26154)
(-0.090807036 -0.0039647203 -13.852011)
(-0.09098539 -0.0039725074 -13.610387)
(-0.090843959 -0.0039663325 -13.444249)
(-0.090342592 -0.0039444423 -13.308804)
(-0.089550363 -0.0039098528 -13.181054)
(-0.088545444 -0.0038659771 -13.058104)
(-0.087399892 -0.0038159613 -12.934935)
(-0.086130446 -0.003760536 -12.812284)
(-0.084767494 -0.0037010282 -12.688536)
(-0.083317442 -0.0036377176 -12.563009)
(-0.081777367 -0.0035704765 -12.436754)
(-0.080166018 -0.0035001234 -12.309319)
(-0.078476012 -0.0034263362 -12.182012)
(-0.076714209 -0.0033494143 -12.054399)
(-0.074873365 -0.0032690413 -11.927362)
(-0.072960341 -0.0031855169 -11.800196)
(-0.070968618 -0.0030985564 -11.673767)
(-0.06890992 -0.0030086716 -11.547174)
(-0.0667757 -0.0029154896 -11.421043)
(-0.064573979 -0.0028193604 -11.29502)
(-0.062308623 -0.0027204528 -11.169005)
(-0.059981356 -0.0026188423 -11.043346)
(-0.057600606 -0.0025148965 -10.917515)
(-0.055161343 -0.0024083959 -10.792163)
(-0.052677877 -0.0022999655 -10.666765)
(-0.050147741 -0.0021894974 -10.541729)
(-0.047580695 -0.0020774177 -10.416915)
(-0.04497971 -0.0019638563 -10.292264)
(-0.04234733 -0.0018489241 -10.16802)
(-0.039692023 -0.001732991 -10.043781)
(-0.037011754 -0.0016159678 -9.919955)
(-0.034317467 -0.0014983328 -9.7961448)
(-0.031607327 -0.0013800056 -9.6725782)
(-0.028888357 -0.0012612928 -9.549147)
(-0.026162734 -0.0011422895 -9.4257869)
(-0.023433279 -0.001023119 -9.3026818)
(-0.020707139 -0.00090409315 -9.1795725)
(-0.017985397 -0.00078525926 -9.0567643)
(-0.015279291 -0.00066710815 -8.9340227)
(-0.012593888 -0.0005498609 -8.8115386)
(-0.0099382172 -0.00043391185 -8.6891723)
(-0.0073098481 -0.00031915482 -8.5670285)
(-0.0047164693 -0.00020592548 -8.445086)
(-0.0021683416 -9.4671849e-05 -8.323224)
(0.0003254841 1.4210966e-05 -8.2016404)
(0.0027711827 0.00012099244 -8.0801717)
(0.0051798933 0.00022615905 -7.9589133)
(0.0075574649 0.00032996615 -7.8377628)
(0.0099084874 0.00043261409 -7.7168029)
(0.012231384 0.00053403397 -7.5958963)
(0.014522513 0.00063406674 -7.475198)
(0.016780761 0.0007326639 -7.3545921)
(0.019011898 0.0008300774 -7.2341269)
(0.021218376 0.00092641423 -7.1138021)
(0.023399835 0.0010216589 -6.9935781)
(0.025554418 0.00111573 -6.8735221)
(0.027678352 0.0012084629 -6.7535549)
(0.029761421 0.0012994116 -6.6337775)
(0.031800934 0.0013884587 -6.5141026)
(0.033802383 0.0014758437 -6.394539)
(0.035767345 0.0015616359 -6.2750926)
(0.037694257 0.0016457666 -6.1557379)
(0.039581656 0.0017281723 -6.0365146)
(0.041429555 0.0018088534 -5.9173628)
(0.043235385 0.0018876976 -5.7983311)
(0.044999267 0.0019647103 -5.6793836)
(0.046714573 0.0020396021 -5.5605402)
(0.048388341 0.0021126803 -5.4417865)
(0.050020699 0.0021839507 -5.3231268)
(0.05161002 0.002253342 -5.2045533)
(0.053154731 0.0023207855 -5.0860341)
(0.054651845 0.0023861508 -4.9676102)
(0.056106703 0.0024496713 -4.8492648)
(0.057517384 0.0025112628 -4.7310056)
(0.058885719 0.0025710057 -4.6128232)
(0.060210353 0.0026288404 -4.4947277)
(0.061492955 0.00268484 -4.3766979)
(0.062731686 0.0027389242 -4.2587474)
(0.063929503 0.002791222 -4.1408674)
(0.06508406 0.002841631 -4.0230555)
(0.066197355 0.0028902385 -3.9053145)
(0.067268828 0.0029370201 -3.78763)
(0.068298681 0.0029819845 -3.6700075)
(0.069288665 0.0030252081 -3.5524324)
(0.070237556 0.0030666375 -3.4349079)
(0.071148379 0.0031064048 -3.3174316)
(0.072019573 0.003144442 -3.1999986)
(0.072853243 0.0031808408 -3.0826114)
(0.073649259 0.0032155957 -2.9652614)
(0.07440808 0.0032487265 -2.8479505)
(0.075131187 0.003280298 -2.7306735)
(0.07581761 0.0033102678 -2.6134308)
(0.076469443 0.0033387274 -2.4962263)
(0.077085138 0.0033656093 -2.3790573)
(0.077665733 0.0033909586 -2.2619218)
(0.078210242 0.0034147325 -2.1448151)
(0.078719198 0.003436954 -2.0277365)
(0.079191564 0.0034575779 -1.9106761)
(0.079626423 0.0034765644 -1.7936228)
(0.080024269 0.0034939346 -1.6765764)
(0.080382802 0.0035095884 -1.5595302)
(0.08070154 0.0035235049 -1.4424836)
(0.080977804 0.0035355669 -1.3254448)
(0.081211121 0.0035457537 -1.2084624)
(0.081393525 0.0035537177 -1.0915494)
(0.081517016 0.0035591094 -0.97477274)
(0.081563828 0.0035611532 -0.8584457)
(0.081507094 0.0035586762 -0.74348746)
(0.08130411 0.0035498137 -0.63147666)
(0.080891461 0.0035317972 -0.52416487)
(0.080176124 0.0035005646 -0.42308226)
(0.079022606 0.0034502011 -0.32805249)
(0.07720567 0.003370872 -0.24172907)
(0.074150509 0.0032374809 -0.14957026)
(0.066879787 0.0029200342 -0.072954238)
(-0.088495814 -0.0038638103 -21.987212)
(-0.1034137 -0.0045151394 -18.952404)
(-0.10391108 -0.0045368553 -16.483336)
(-0.10244154 -0.0044726935 -15.03275)
(-0.10153424 -0.0044330799 -14.262524)
(-0.10114308 -0.0044160017 -13.851815)
(-0.1007914 -0.004400647 -13.60928)
(-0.10021362 -0.0043754207 -13.442434)
(-0.099316223 -0.0043362394 -13.306443)
(-0.098133071 -0.0042845818 -13.178247)
(-0.096735958 -0.0042235826 -13.054939)
(-0.095194378 -0.0041562758 -12.931466)
(-0.09352261 -0.0040832848 -12.808556)
(-0.091746973 -0.0040057588 -12.684533)
(-0.089879858 -0.0039242389 -12.558705)
(-0.087916171 -0.0038385024 -12.432112)
(-0.085873869 -0.0037493336 -12.30431)
(-0.083757132 -0.0036569149 -12.176597)
(-0.081579554 -0.0035618398 -12.048532)
(-0.079344423 -0.0034642519 -11.920988)
(-0.077056988 -0.0033643804 -11.793282)
(-0.074706568 -0.0032617587 -11.666233)
(-0.07230018 -0.0031566936 -11.539113)
(-0.069835674 -0.003049091 -11.412402)
(-0.067318332 -0.0029391815 -11.285811)
(-0.064748339 -0.0028269731 -11.159265)
(-0.062123854 -0.0027123857 -11.033099)
(-0.059450624 -0.00259567 -10.906782)
(-0.056727539 -0.0024767775 -10.780968)
(-0.053962842 -0.0023560683 -10.655132)
(-0.051157078 -0.002233566 -10.529684)
(-0.048315894 -0.0021095172 -10.40448)
(-0.045442806 -0.0019840755 -10.279462)
(-0.042540031 -0.0018573376 -10.154874)
(-0.039613753 -0.0017295736 -10.030315)
(-0.036665 -0.0016008282 -9.9061954)
(-0.033701219 -0.0014714268 -9.7821161)
(-0.03072474 -0.0013414709 -9.6583083)
(-0.027741263 -0.0012112095 -9.5346657)
(-0.024754881 -0.0010808213 -9.4111259)
(-0.021769145 -0.00095046129 -9.287875)
(-0.018789292 -0.00082035814 -9.164658)
(-0.015817408 -0.00069060282 -9.0417857)
(-0.012855567 -0.00056128607 -8.9190331)
(-0.0099025143 -0.00043235302 -8.7965913)
(-0.006959289 -0.00030384911 -8.6743141)
(-0.0040277222 -0.00017585423 -8.5523091)
(-0.0011091311 -4.8425749e-05 -8.430577)
(0.0017980479 7.8504414e-05 -8.3090033)
(0.0046886562 0.00020471118 -8.1876844)
(0.0075550083 0.00032985876 -8.0663831)
(0.010390022 0.00045363817 -7.9452201)
(0.013189653 0.00057587269 -7.8241198)
(0.01595123 0.00069644585 -7.7032076)
(0.01867694 0.00081545291 -7.5823808)
(0.021362785 0.0009327194 -7.4617539)
(0.024011563 0.0010483675 -7.3411963)
(0.026616044 0.0011620815 -7.2207714)
(0.029174153 0.0012737709 -7.1004777)
(0.031683096 0.0013833137 -6.9803021)
(0.034140778 0.0014906185 -6.8603241)
(0.036551411 0.001595869 -6.7404832)
(0.038918073 0.0016991997 -6.6208422)
(0.041238072 0.001800493 -6.5012888)
(0.043502193 0.0018993466 -6.3818653)
(0.045709736 0.00199573 -6.2625811)
(0.047859241 0.0020895794 -6.143407)
(0.049950374 0.0021808802 -6.0243798)
(0.051986845 0.0022697946 -5.9054378)
(0.053972319 0.0023564822 -5.7866347)
(0.055905937 0.0024409058 -5.6679521)
(0.057787906 0.0025230742 -5.5493662)
(0.059616102 0.0026028949 -5.430827)
(0.061389743 0.0026803338 -5.312382)
(0.06311105 0.0027554877 -5.1940466)
(0.064778681 0.0028282979 -5.0757804)
(0.06639232 0.0028987509 -4.9576143)
(0.067955978 0.0029670218 -4.8395287)
(0.069467715 0.0030330255 -4.7215307)
(0.07093034 0.0030968851 -4.6036102)
(0.072343117 0.0031585683 -4.4857766)
(0.073708529 0.0032181835 -4.3680086)
(0.07502514 0.003275668 -4.2503192)
(0.076296612 0.0033311816 -4.1326994)
(0.077520967 0.0033846381 -4.0151468)
(0.078700666 0.0034361449 -3.8976636)
(0.079835496 0.0034856927 -3.7802356)
(0.080925908 0.003533301 -3.6628681)
(0.081973957 0.0035790598 -3.5455463)
(0.082978472 0.0036229178 -3.4282732)
(0.08394268 0.003665016 -3.3110464)
(0.084864942 0.0037052829 -3.193861)
(0.08574739 0.0037438114 -3.0767195)
(0.086589772 0.0037805907 -2.9596134)
(0.08739238 0.0038156333 -2.8425443)
(0.088156633 0.0038490012 -2.7255073)
(0.08888129 0.0038806404 -2.6085026)
(0.089568448 0.0039106424 -2.4915337)
(0.09021633 0.0039389296 -2.3745977)
(0.090825965 0.0039655467 -2.2576925)
(0.09139621 0.0039904442 -2.1408128)
(0.091927647 0.0040136472 -2.0239577)
(0.092419157 0.0040351071 -1.907117)
(0.092869749 0.0040547805 -1.79028)
(0.09328009 0.0040726962 -1.6734465)
(0.093647698 0.0040887463 -1.5566105)
(0.093972199 0.0041029144 -1.4397717)
(0.094250758 0.0041150765 -1.3229391)
(0.09448312 0.0041252216 -1.2061619)
(0.094660451 0.0041329641 -1.089454)
(0.094773895 0.0041379172 -0.9728833)
(0.094803373 0.0041392042 -0.85676211)
(0.094718233 0.0041354869 -0.74200554)
(0.094469297 0.0041246181 -0.63019012)
(0.093983005 0.0041033862 -0.52307092)
(0.09315015 0.0040670229 -0.42218273)
(0.09181007 0.0040085137 -0.32735743)
(0.089692815 0.0039160724 -0.24124199)
(0.086119023 0.0037600373 -0.14932502)
(0.077614231 0.0033887102 -0.072890784)
(-0.11089957 -0.0048419795 -21.990693)
(-0.13055991 -0.0057003684 -18.95657)
(-0.13235053 -0.0057785483 -16.48556)
(-0.13133909 -0.0057343882 -15.032685)
(-0.13067566 -0.0057054222 -14.259979)
(-0.13039872 -0.0056933304 -13.847493)
(-0.12998917 -0.0056754494 -13.603702)
(-0.12917884 -0.0056400696 -13.435928)
(-0.12788884 -0.0055837466 -13.299146)
(-0.12618346 -0.0055092884 -13.170179)
(-0.12416552 -0.0054211829 -13.046167)
(-0.12192729 -0.0053234597 -12.922011)
(-0.119491 -0.0052170892 -12.798454)
(-0.11689721 -0.005103842 -12.673832)
(-0.11417144 -0.0049848322 -12.547444)
(-0.11132484 -0.0048605468 -12.420325)
(-0.10838173 -0.0047320481 -12.292032)
(-0.10534792 -0.0045995889 -12.163955)
(-0.10223111 -0.0044635062 -12.03562)
(-0.099030358 -0.0043237583 -11.907781)
(-0.095756965 -0.004180839 -11.779825)
(-0.092417763 -0.0040350462 -11.652586)
(-0.089028509 -0.0038870682 -11.525203)
(-0.08559615 -0.0037372082 -11.398242)
(-0.082127686 -0.0035857717 -11.271413)
(-0.078628443 -0.0034329915 -11.144625)
(-0.075101613 -0.0032790068 -11.018223)
(-0.071554736 -0.0031241469 -10.891682)
(-0.067989146 -0.0029684699 -10.765655)
(-0.064411297 -0.0028122577 -10.639623)
(-0.060823616 -0.002655616 -10.513989)
(-0.057230485 -0.0024987367 -10.388615)
(-0.05363593 -0.002341795 -10.263445)
(-0.050041914 -0.0021848769 -10.138721)
(-0.04645284 -0.0020281746 -10.014044)
(-0.042870823 -0.0018717803 -9.8898241)
(-0.039300144 -0.0017158811 -9.7656658)
(-0.035744291 -0.0015606294 -9.6417974)
(-0.03220656 -0.0014061686 -9.5181116)
(-0.028690744 -0.0012526649 -9.3945447)
(-0.02519761 -0.0011001513 -9.2712792)
(-0.021726079 -0.00094858097 -9.1480551)
(-0.018275585 -0.00079792923 -9.0251678)
(-0.01484378 -0.00064809345 -8.9023922)
(-0.01142751 -0.00049893593 -8.7798987)
(-0.0080225707 -0.00035027304 -8.657562)
(-0.0046361275 -0.00020241779 -8.5354796)
(-0.0012675215 -5.5341248e-05 -8.4135798)
(0.002083591 9.097148e-05 -8.2917647)
(0.005413479 0.00023635757 -8.1702779)
(0.0087134643 0.00038043797 -8.0489686)
(0.011974087 0.00052279984 -7.9279268)
(0.015190942 0.00066325074 -7.8070319)
(0.018362413 0.00080172021 -7.6863421)
(0.021483744 0.00093800044 -7.5657283)
(0.024554634 0.0010720784 -7.4453401)
(0.027573217 0.0012038725 -7.3250733)
(0.030533529 0.0013331225 -7.2049951)
(0.033432277 0.0014596845 -7.085084)
(0.03626698 0.0015834503 -6.9652926)
(0.039036715 0.0017043797 -6.8456611)
(0.041741922 0.0018224915 -6.7260801)
(0.044382991 0.0019378032 -6.6066946)
(0.046963662 0.0020504776 -6.4874771)
(0.049480403 0.0021603608 -6.3684262)
(0.051935354 0.0022675463 -6.249516)
(0.054329032 0.0023720565 -6.1307085)
(0.056658916 0.0024737814 -6.0120286)
(0.058928728 0.0025728836 -5.8933848)
(0.06113294 0.0026691215 -5.7748599)
(0.063282166 0.0027629587 -5.6564325)
(0.065380389 0.0028545691 -5.5381207)
(0.067425058 0.0029438413 -5.4199175)
(0.069414091 0.0030306844 -5.3018069)
(0.071350979 0.0031152507 -5.1837884)
(0.073236042 0.0031975543 -5.0658278)
(0.07506907 0.0032775861 -4.9479578)
(0.076853092 0.0033554782 -4.8301596)
(0.078586316 0.0034311524 -4.7124407)
(0.08027068 0.0035046932 -4.5947925)
(0.081905217 0.0035760586 -4.4772251)
(0.083491542 0.003645319 -4.3597183)
(0.085028022 0.0037124032 -4.2422857)
(0.086517183 0.0037774214 -4.1249191)
(0.087956963 0.0038402834 -4.0076163)
(0.089348923 0.0039010578 -3.8903803)
(0.090692466 0.0039597182 -3.773197)
(0.091987486 0.0040162599 -3.656072)
(0.093235362 0.0040707434 -3.5389909)
(0.094434637 0.0041231048 -3.4219568)
(0.095587807 0.0041734532 -3.3049675)
(0.096693122 0.0042217122 -3.1880176)
(0.097752202 0.0042679527 -3.07111)
(0.098764601 0.004312155 -2.9542357)
(0.099730333 0.0043543199 -2.8373964)
(0.10065052 0.0043944959 -2.7205871)
(0.10152377 0.0044326231 -2.6038077)
(0.10235192 0.0044687806 -2.4870621)
(0.10313299 0.0045028831 -2.3703472)
(0.1038678 0.0045349657 -2.2536611)
(0.10455499 0.0045649688 -2.1369985)
(0.10519492 0.0045929088 -2.0203589)
(0.10578627 0.0046187276 -1.903732)
(0.10632782 0.0046423724 -1.7871075)
(0.10682027 0.0046638732 -1.6704853)
(0.10726098 0.0046831151 -1.5538596)
(0.10764969 0.0047000861 -1.4372302)
(0.10798351 0.0047146613 -1.3206067)
(0.10826266 0.0047268494 -1.204038)
(0.1084778 0.0047362427 -1.0875394)
(0.10861984 0.0047424444 -0.97117933)
(0.10866734 0.0047445178 -0.85526884)
(0.10858724 0.0047410204 -0.74071851)
(0.108326 0.0047296145 -0.62910154)
(0.10780288 0.0047067749 -0.52217548)
(0.10689666 0.0046672082 -0.42147744)
(0.10542612 0.0046030032 -0.32684353)
(0.1030787 0.0045005126 -0.24090958)
(0.099048622 0.0043245558 -0.14917324)
(0.089268805 0.0038975598 -0.072865916)
(-0.13676642 -0.0059713503 -21.996744)
(-0.15587456 -0.0068056295 -18.96203)
(-0.15526359 -0.0067789542 -16.489052)
(-0.15258269 -0.0066619035 -15.03352)
(-0.15103675 -0.0065944062 -14.257731)
(-0.15039661 -0.0065664573 -13.842931)
(-0.14988698 -0.006544206 -13.597374)
(-0.14908116 -0.0065090234 -13.428183)
(-0.1478186 -0.0064538986 -13.290201)
(-0.14613722 -0.0063804881 -13.160127)
(-0.14413629 -0.0062931258 -13.035092)
(-0.14190754 -0.0061958163 -12.909962)
(-0.13946862 -0.0060893309 -12.78551)
(-0.13685677 -0.0059752951 -12.660035)
(-0.13408473 -0.0058542651 -12.532932)
(-0.13115557 -0.0057263753 -12.405166)
(-0.12809683 -0.0055928278 -12.27623)
(-0.12490134 -0.00545331 -12.147366)
(-0.12157517 -0.005308086 -12.018228)
(-0.11812051 -0.0051572523 -11.889664)
(-0.11455761 -0.0050016928 -11.760993)
(-0.11088565 -0.0048413715 -11.633173)
(-0.10711942 -0.0046769344 -11.505344)
(-0.10326237 -0.004508532 -11.378024)
(-0.099328052 -0.0043367559 -11.250906)
(-0.095327563 -0.0041620908 -11.12389)
(-0.091268226 -0.0039848563 -10.997308)
(-0.087162201 -0.0038055834 -10.870623)
(-0.083012397 -0.003624399 -10.744479)
(-0.078829624 -0.0034417753 -10.618355)
(-0.074616906 -0.003257844 -10.492652)
(-0.070380904 -0.0030728962 -10.367226)
(-0.066126451 -0.0028871428 -10.242022)
(-0.061856281 -0.0027007032 -10.117281)
(-0.057576344 -0.0025138371 -9.9926068)
(-0.05328862 -0.002326631 -9.8684074)
(-0.048999782 -0.0021393763 -9.7442899)
(-0.04471377 -0.0019522451 -9.6204812)
(-0.040431739 -0.0017652876 -9.4968774)
(-0.036154162 -0.0015785246 -9.3734085)
(-0.031883625 -0.001392069 -9.2502647)
(-0.027623136 -0.0012060521 -9.1271867)
(-0.023375987 -0.0010206175 -9.0044609)
(-0.019150481 -0.0008361279 -8.8818572)
(-0.014956847 -0.00065302989 -8.75953)
(-0.010807801 -0.00047187869 -8.6373648)
(-0.0067063111 -0.00029280382 -8.5154809)
(-0.0026648116 -0.00011634827 -8.3938354)
(0.0013050531 5.6979741e-05 -8.2723477)
(0.0052080158 0.00022738676 -8.151195)
(0.0090551499 0.00039535625 -8.0301756)
(0.012849975 0.00056104182 -7.9093848)
(0.016588001 0.00072424759 -7.7887063)
(0.020271612 0.00088507742 -7.6682611)
(0.023904488 0.0010436923 -7.5479312)
(0.027485427 0.0012000394 -7.4278188)
(0.031014194 0.0013541087 -7.3078176)
(0.03448902 0.0015058229 -7.1879905)
(0.037910243 0.0016551967 -7.0683249)
(0.041274447 0.001802081 -6.9487865)
(0.044572529 0.0019460783 -6.8294482)
(0.047804015 0.002087168 -6.7102344)
(0.050964378 0.0022251525 -6.5912052)
(0.054059899 0.0023603059 -6.4722733)
(0.057088249 0.0024925265 -6.3534818)
(0.060043021 0.0026215345 -6.234825)
(0.062930221 0.0027475924 -6.1162884)
(0.065752422 0.0028708124 -5.9979006)
(0.068505335 0.0029910071 -5.8796065)
(0.071180388 0.0031078025 -5.761429)
(0.073783917 0.0032214751 -5.6432996)
(0.076311087 0.0033318137 -5.5252608)
(0.078767815 0.0034390767 -5.4073002)
(0.081153182 0.003543224 -5.2894281)
(0.083468687 0.0036443212 -5.1716492)
(0.08571347 0.0037423305 -5.0539303)
(0.087886426 0.0038372039 -4.9363041)
(0.089990757 0.0039290809 -4.8187521)
(0.092023934 0.0040178512 -4.701282)
(0.093988316 0.0041036179 -4.583885)
(0.09588285 0.004186335 -4.4665716)
(0.097710013 0.0042661107 -4.3493213)
(0.099468238 0.0043428764 -4.2321483)
(0.10116154 0.0044168074 -4.1150442)
(0.10278797 0.0044878191 -3.998007)
(0.10435041 0.0045560369 -3.8810396)
(0.10584895 0.0046214642 -3.7641277)
(0.10728428 0.0046841322 -3.6472767)
(0.10865906 0.0047441562 -3.5304719)
(0.10997216 0.0048014874 -3.4137158)
(0.11122762 0.004856302 -3.2970057)
(0.11242384 0.0049085301 -3.1803361)
(0.1135636 0.0049582932 -3.0637092)
(0.11464693 0.0050055924 -2.947116)
(0.11567442 0.0050504539 -2.8305578)
(0.11664818 0.0050929689 -2.7140295)
(0.11756691 0.0051330814 -2.597531)
(0.11843366 0.0051709247 -2.4810663)
(0.11924645 0.005206412 -2.3646321)
(0.12000703 0.0052396193 -2.2482267)
(0.12071421 0.0052704955 -2.1318448)
(0.12136925 0.005299095 -2.0154859)
(0.12197107 0.005325371 -1.8991397)
(0.12251878 0.0053492846 -1.7827958)
(0.12301399 0.0053709059 -1.6664541)
(0.12345388 0.0053901121 -1.5501088)
(0.12383874 0.0054069155 -1.4337598)
(0.12416544 0.0054211794 -1.3174169)
(0.12443446 0.0054329248 -1.2011286)
(0.12463487 0.0054416749 -1.084911)
(0.12475584 0.0054469567 -0.96883297)
(0.12477131 0.0054476321 -0.85320373)
(0.12464099 0.0054419424 -0.73892808)
(0.12429936 0.0054270265 -0.62757529)
(0.12364771 0.0053985747 -0.52090568)
(0.12253872 0.0053501554 -0.42045964)
(0.12075519 0.0052722847 -0.32607758)
(0.11793185 0.0051490149 -0.24039962)
(0.11314727 0.0049401157 -0.14889902)
(0.10178697 0.0044441146 -0.072841954)
(-0.15954483 -0.006965877 -22.002303)
(-0.18296145 -0.0079882687 -18.968992)
(-0.18265985 -0.0079751003 -16.495063)
(-0.17957118 -0.0078402461 -15.037723)
(-0.17751771 -0.0077505897 -14.25906)
(-0.17634325 -0.0076993116 -13.841967)
(-0.17523484 -0.0076509175 -13.594643)
(-0.17376055 -0.0075865485 -13.424066)
(-0.17177269 -0.0074997568 -13.28493)
(-0.16932788 -0.0073930142 -13.153796)
(-0.16656057 -0.0072721908 -13.027798)
(-0.16358264 -0.0071421715 -12.901741)
(-0.16041495 -0.007003867 -12.776375)
(-0.15709428 -0.0068588835 -12.649954)
(-0.15363567 -0.0067078774 -12.521855)
(-0.15002998 -0.0065504496 -12.393039)
(-0.14629387 -0.0063873274 -12.262931)
(-0.14243441 -0.0062188198 -12.133118)
(-0.13846263 -0.0060454084 -12.003)
(-0.13438138 -0.0058672173 -11.87357)
(-0.13020376 -0.0056848182 -11.744128)
(-0.12591558 -0.0054975924 -11.615501)
(-0.12152582 -0.0053059313 -11.486883)
(-0.11703344 -0.0051097899 -11.35882)
(-0.11244706 -0.0049095441 -11.231021)
(-0.10777389 -0.0047055091 -11.103389)
(-0.10301918 -0.004497914 -10.976251)
(-0.098192538 -0.0042871782 -10.84907)
(-0.093300907 -0.0040736049 -10.722482)
(-0.088358234 -0.0038578032 -10.59596)
(-0.083370519 -0.0036400349 -10.469897)
(-0.078347981 -0.0034207461 -10.344143)
(-0.073298708 -0.0032002901 -10.218641)
(-0.068228848 -0.0029789353 -10.093629)
(-0.063148031 -0.0027571021 -9.9687119)
(-0.058056474 -0.0025347999 -9.8442978)
(-0.052956993 -0.0023121518 -9.7199989)
(-0.047855234 -0.0020894042 -9.5960292)
(-0.042755699 -0.0018667538 -9.4723178)
(-0.037662669 -0.0016443873 -9.3487715)
(-0.032584765 -0.0014226812 -9.2255829)
(-0.027533789 -0.001202151 -9.1024946)
(-0.022519446 -0.00098322005 -8.9797998)
(-0.017550617 -0.00076627629 -8.8572715)
(-0.012636324 -0.00055171355 -8.7351247)
(-0.0077808942 -0.00033972096 -8.6131957)
(-0.0029878225 -0.00013045098 -8.4915946)
(0.0017448758 7.6183018e-05 -8.3703112)
(0.0064135621 0.00028002228 -8.2491652)
(0.011014574 0.0004809067 -8.1282774)
(0.015545161 0.0006787163 -8.0075004)
(0.020002449 0.00087332568 -7.8870022)
(0.024391988 0.0010649771 -7.7666642)
(0.028700809 0.0012531043 -7.6465013)
(0.032929685 0.0014377411 -7.5263939)
(0.037073749 0.0016186748 -7.4065085)
(0.041133232 0.0017959156 -7.2867428)
(0.045103859 0.001969277 -7.1671593)
(0.048986655 0.0021388035 -7.0477533)
(0.052783139 0.0023045615 -6.928525)
(0.056493992 0.0024665808 -6.809508)
(0.060115126 0.002624683 -6.6905671)
(0.063646901 0.0027788836 -6.571812)
(0.067088144 0.0029291315 -6.4532008)
(0.070434594 0.0030752406 -6.3348003)
(0.073693379 0.0032175221 -6.216547)
(0.076855494 0.003355583 -6.0983509)
(0.079922072 0.0034894726 -5.9803019)
(0.082894094 0.0036192339 -5.8623603)
(0.08577335 0.003744945 -5.7445558)
(0.088559493 0.0038665905 -5.6268453)
(0.091248809 0.0039840086 -5.5092436)
(0.093844861 0.0040973547 -5.3917284)
(0.096347186 0.0042066085 -5.2743078)
(0.098759673 0.0043119399 -5.1569849)
(0.10108317 0.004413386 -5.0397248)
(0.10331826 0.0045109722 -4.9225588)
(0.10547093 0.0046049597 -4.8054664)
(0.10753977 0.0046952875 -4.6884537)
(0.1095294 0.0047821562 -4.5715106)
(0.11143998 0.0048655739 -4.454646)
(0.11327587 0.0049457307 -4.3378385)
(0.11503637 0.0050225959 -4.2211008)
(0.11672724 0.0050964207 -4.1044237)
(0.11834703 0.0051671424 -3.9878045)
(0.11989975 0.0052349355 -3.8712454)
(0.121386 0.0052998268 -3.754732)
(0.12280697 0.0053618676 -3.6382694)
(0.12416591 0.0054212002 -3.5218429)
(0.12546175 0.0054777776 -3.4054549)
(0.12669902 0.0055317981 -3.2891034)
(0.12787603 0.0055831876 -3.1727824)
(0.12899582 0.0056320787 -3.0564948)
(0.13005848 0.0056784754 -2.9402317)
(0.13106468 0.0057224067 -2.8239947)
(0.13201675 0.0057639751 -2.7077793)
(0.13291349 0.0058031276 -2.5915853)
(0.13375829 0.0058400123 -2.4754175)
(0.13454943 0.0058745543 -2.3592726)
(0.13528903 0.0059068458 -2.2431496)
(0.13597631 0.0059368532 -2.1270437)
(0.13661296 0.0059646502 -2.0109547)
(0.13719845 0.0059902131 -1.8948731)
(0.13773233 0.0060135229 -1.7787891)
(0.13821668 0.0060346698 -1.6627034)
(0.13864921 0.0060535547 -1.546611)
(0.13903063 0.0060702079 -1.4305124)
(0.13935834 0.0060845157 -1.3144183)
(0.13963361 0.0060965343 -1.1983776)
(0.1398459 0.0061058034 -1.0824081)
(0.13998509 0.0061118803 -0.96657996)
(0.14002622 0.0061136761 -0.85120109)
(0.13992963 0.006109459 -0.73717105)
(0.13962966 0.0060963623 -0.62605582)
(0.13902431 0.006069932 -0.51962065)
(0.1379549 0.0060232402 -0.41941168)
(0.13617644 0.005945591 -0.32527672)
(0.13325557 0.0058180634 -0.23985431)
(0.12809835 0.0055928944 -0.14861869)
(0.11536406 0.0050369031 -0.072796163)
(-0.18295692 -0.0079880704 -22.010107)
(-0.2170488 -0.0094765541 -18.977594)
(-0.22096961 -0.0096477405 -16.500446)
(-0.21978658 -0.0095960882 -15.039018)
(-0.21863606 -0.0095458553 -14.25567)
(-0.21777261 -0.0095081564 -13.835146)
(-0.21649812 -0.0094525107 -13.585303)
(-0.21449548 -0.0093650739 -13.412817)
(-0.21171283 -0.0092435807 -13.272152)
(-0.20829809 -0.0090944901 -13.139723)
(-0.20444787 -0.0089263859 -13.012678)
(-0.20031511 -0.0087459455 -12.885715)
(-0.19593677 -0.0085547831 -12.759556)
(-0.19136384 -0.0083551245 -12.632416)
(-0.18662045 -0.0081480237 -12.503538)
(-0.18172149 -0.0079341304 -12.374001)
(-0.17669573 -0.0077147012 -12.243224)
(-0.17154385 -0.0074897653 -12.11267)
(-0.16628042 -0.007259959 -11.981858)
(-0.16090361 -0.0070252023 -11.851693)
(-0.15541902 -0.0067857403 -11.721489)
(-0.14982607 -0.0065415466 -11.592127)
(-0.14414307 -0.0062934213 -11.462782)
(-0.13837047 -0.0060413845 -11.333995)
(-0.1325188 -0.0057858949 -11.205485)
(-0.1265954 -0.0055272738 -11.077162)
(-0.12060612 -0.0052657762 -10.949348)
(-0.11456785 -0.0050021398 -10.821539)
(-0.10848195 -0.0047364237 -10.694393)
(-0.10236195 -0.0044692187 -10.567377)
(-0.096216127 -0.0042008862 -10.440885)
(-0.09006079 -0.0039321384 -10.314772)
(-0.083901049 -0.0036631982 -10.188983)
(-0.077737891 -0.003394109 -10.063758)
(-0.071582806 -0.0031253722 -9.9386804)
(-0.065439825 -0.0028571639 -9.8141918)
(-0.059315601 -0.0025897746 -9.6898769)
(-0.053217397 -0.0023235213 -9.5659462)
(-0.047158322 -0.0020589765 -9.4423218)
(-0.041151638 -0.001796719 -9.3189147)
(-0.035206048 -0.001537129 -9.195904)
(-0.02933042 -0.0012805935 -9.0730286)
(-0.02353112 -0.0010273907 -8.9505809)
(-0.017810253 -0.0007776123 -8.8283174)
(-0.012164523 -0.00053111441 -8.7063989)
(-0.006593382 -0.00028787316 -8.5846981)
(-0.0010995042 -4.8005272e-05 -8.4633078)
(0.0043157817 0.00018843111 -8.3421882)
(0.0096493561 0.0004213001 -8.2212788)
(0.014891485 0.00065017632 -8.1007561)
(0.020034698 0.00087473385 -7.9804086)
(0.025071307 0.0010946369 -7.860283)
(0.030006327 0.0013101045 -7.7403161)
(0.034833271 0.0015208535 -7.6206427)
(0.039546162 0.0017266227 -7.5011032)
(0.04414125 0.0019272485 -7.3818084)
(0.048621436 0.0021228577 -7.2626482)
(0.052985737 0.0023134072 -7.1436758)
(0.057234823 0.0024989262 -7.0248581)
(0.061367301 0.0026793541 -6.9061542)
(0.065393437 0.002855139 -6.7876751)
(0.069312017 0.0030262279 -6.6693329)
(0.073117189 0.0031923653 -6.5511858)
(0.076814612 0.0033537983 -6.4331698)
(0.08040709 0.0035106493 -6.3152789)
(0.083905136 0.0036633771 -6.1975404)
(0.087302815 0.0038117229 -6.0799541)
(0.090597437 0.0039555692 -5.9625164)
(0.093795033 0.0040951791 -5.8451559)
(0.096895213 0.0042305359 -5.7279155)
(0.099902661 0.004361844 -5.6107542)
(0.10281625 0.0044890538 -5.4936855)
(0.10563951 0.00461232 -5.3766868)
(0.10837232 0.0047316371 -5.2597659)
(0.11101809 0.0048471539 -5.1429257)
(0.11357765 0.0049589068 -5.0261317)
(0.1160512 0.0050669043 -4.9094153)
(0.11844367 0.0051713617 -4.7927571)
(0.12075355 0.0052722136 -4.676164)
(0.12298448 0.005369618 -4.5596268)
(0.12513617 0.0054635625 -4.4431557)
(0.12721199 0.005554195 -4.3267304)
(0.12921074 0.0056414622 -4.210365)
(0.13113708 0.0057255681 -4.0940518)
(0.13298919 0.0058064331 -3.9777889)
(0.13477018 0.0058841928 -3.8615799)
(0.13648016 0.005958852 -3.7454112)
(0.13811964 0.0060304331 -3.6292886)
(0.1396912 0.0060990489 -3.5131981)
(0.14119329 0.0061646316 -3.3971424)
(0.14262976 0.0062273492 -3.2811199)
(0.14399854 0.0062871114 -3.1651245)
(0.14530206 0.0063440242 -3.0491594)
(0.14653996 0.0063980725 -2.9332154)
(0.14771241 0.0064492625 -2.8172941)
(0.14882127 0.0064976765 -2.7013909)
(0.14986485 0.0065432399 -2.5855054)
(0.15084618 0.0065860859 -2.4696424)
(0.15176304 0.0066261167 -2.3537984)
(0.15261727 0.0066634133 -2.2379722)
(0.15340771 0.0066979248 -2.1221587)
(0.1541359 0.0067297182 -2.006358)
(0.15480107 0.0067587602 -1.8905602)
(0.15540263 0.0067850247 -1.7747557)
(0.15594291 0.0068086138 -1.658945)
(0.15641955 0.0068294245 -1.5431233)
(0.15683371 0.0068475071 -1.4272913)
(0.15718306 0.0068627599 -1.3114601)
(0.15746991 0.0068752839 -1.1956788)
(0.15768368 0.0068846173 -1.0799668)
(0.15781475 0.0068903398 -0.96439572)
(0.15783732 0.0068913256 -0.84927244)
(0.1577096 0.0068857492 -0.73549119)
(0.15736105 0.0068705311 -0.62461548)
(0.15668045 0.0068408154 -0.51841626)
(0.15549199 0.0067889263 -0.41844641)
(0.15351938 0.0067028001 -0.32456233)
(0.15026476 0.0065607006 -0.23938153)
(0.14446105 0.0063073051 -0.14841203)
(0.13001612 0.005676626 -0.072744029)
(-0.21678293 -0.0094649462 -22.021304)
(-0.25731325 -0.011234538 -18.988651)
(-0.26207671 -0.011442515 -16.507232)
(-0.26078268 -0.011386016 -15.040331)
(-0.25944554 -0.011327635 -14.250945)
(-0.25839843 -0.011281918 -13.826142)
(-0.25682416 -0.011213183 -13.573287)
(-0.25436149 -0.011105661 -13.398616)
(-0.25095343 -0.010956862 -13.256252)
(-0.24677833 -0.010774573 -13.122283)
(-0.24207341 -0.010569152 -12.993772)
(-0.23702677 -0.010348811 -12.865418)
(-0.23167597 -0.01011519 -12.73781)
(-0.22610269 -0.0098718556 -12.609244)
(-0.22032278 -0.0096194991 -12.479223)
(-0.214322 -0.0093574993 -12.348488)
(-0.20814302 -0.0090877196 -12.216617)
(-0.2017861 -0.0088101704 -12.085073)
(-0.19526702 -0.008525541 -11.95333)
(-0.18859563 -0.0082342619 -11.822294)
(-0.1817987 -0.0079375018 -11.691287)
(-0.17487982 -0.007635417 -11.561182)
(-0.16786705 -0.007329233 -11.431151)
(-0.16076758 -0.0070192631 -11.301726)
(-0.15360014 -0.0067063261 -11.172632)
(-0.14637815 -0.0063910071 -11.043779)
(-0.13911123 -0.0060737266 -10.915527)
(-0.13181971 -0.0057553719 -10.787337)
(-0.12450732 -0.0054361064 -10.659819)
(-0.11718441 -0.0051163811 -10.532482)
(-0.10984512 -0.0047959407 -10.405754)
(-0.10248896 -0.0044747641 -10.27947)
(-0.095127267 -0.0041533455 -10.15362)
(-0.087766402 -0.0038319633 -10.028397)
(-0.08041803 -0.0035111265 -9.9033904)
(-0.073094669 -0.0031913817 -9.7790286)
(-0.065815749 -0.0028735771 -9.6548944)
(-0.058590425 -0.0025581127 -9.5311999)
(-0.051430671 -0.0022455113 -9.4078357)
(-0.044347413 -0.0019362495 -9.284727)
(-0.037347059 -0.0016306076 -9.1620454)
(-0.030435709 -0.0013288515 -9.0395262)
(-0.023618692 -0.0010312142 -8.9174506)
(-0.016902359 -0.00073797275 -8.7955493)
(-0.010299142 -0.00044967008 -8.6740216)
(-0.0038132814 -0.00016649137 -8.5527407)
(0.0025457292 0.00011114899 -8.4318187)
(0.0087705977 0.00038293254 -8.311253)
(0.014865258 0.00064903124 -8.1908985)
(0.020831388 0.00090951805 -8.070915)
(0.026673606 0.0011645948 -7.9511312)
(0.032389163 0.0014141413 -7.8316407)
(0.037972961 0.0016579352 -7.7123316)
(0.043429015 0.0018961516 -7.5932792)
(0.048762066 0.0021289977 -7.4743477)
(0.053969635 0.002356365 -7.3556571)
(0.059048191 0.0025780995 -7.2370899)
(0.063997651 0.0027941976 -7.1187118)
(0.068821792 0.0030048241 -7.0005271)
(0.073521998 0.0032100396 -6.8824687)
(0.078096926 0.0034097852 -6.7645864)
(0.082555273 0.0036044409 -6.6468196)
(0.086893556 0.0037938543 -6.5292417)
(0.091115897 0.0039782057 -6.4117626)
(0.0952195 0.004157373 -6.2944121)
(0.09920084 0.0043312019 -6.1771891)
(0.10306555 0.0044999389 -6.0600623)
(0.10681372 0.0046635874 -5.9430665)
(0.11044697 0.0048222183 -5.8261394)
(0.11396197 0.0049756868 -5.7093261)
(0.11736207 0.005124138 -5.5925874)
(0.12064397 0.0052674292 -5.4759386)
(0.12381007 0.005405664 -5.3593583)
(0.12685873 0.0055387711 -5.2428558)
(0.12979274 0.005666873 -5.1264348)
(0.13261226 0.0057899757 -5.0100616)
(0.13531695 0.0059080652 -4.8937679)
(0.13791244 0.0060213868 -4.7775342)
(0.14039708 0.0061298681 -4.6613675)
(0.14277549 0.0062337119 -4.5452582)
(0.14504794 0.0063329293 -4.4292157)
(0.14721926 0.0064277311 -4.3132194)
(0.14928898 0.0065180969 -4.1972821)
(0.15126378 0.0066043186 -4.0813954)
(0.15314285 0.0066863605 -3.9655566)
(0.15493119 0.0067644412 -3.8497684)
(0.15663042 0.0068386311 -3.7340166)
(0.15824269 0.0069090244 -3.6183063)
(0.15977258 0.0069758208 -3.5026233)
(0.16121989 0.0070390119 -3.38697)
(0.16259069 0.0070988622 -3.2713447)
(0.16388427 0.0071553412 -3.1557416)
(0.16510502 0.0072086404 -3.0401638)
(0.16625421 0.0072588152 -2.9246028)
(0.16733361 0.0073059426 -2.8090605)
(0.16834691 0.0073501841 -2.6935326)
(0.16929377 0.0073915248 -2.5780195)
(0.17017906 0.0074301776 -2.4625264)
(0.1710018 0.0074660993 -2.3470503)
(0.17176533 0.0074994354 -2.2315903)
(0.17246959 0.0075301844 -2.1161419)
(0.17311733 0.0075584649 -2.0007051)
(0.17370859 0.0075842803 -1.8852705)
(0.17424345 0.0076076326 -1.7698284)
(0.17472483 0.0076286502 -1.6543792)
(0.17515056 0.007647238 -1.5389179)
(0.17552187 0.0076634494 -1.4234446)
(0.17583626 0.007677176 -1.30797)
(0.17609618 0.0076885242 -1.1925416)
(0.17629009 0.0076969906 -1.0771787)
(0.17640755 0.007702119 -0.96195204)
(0.17642078 0.0077026967 -0.84716425)
(0.176284 0.0076967248 -0.73370061)
(0.17591901 0.0076807891 -0.62311793)
(0.17520069 0.0076494265 -0.5171903)
(0.17392852 0.0075938822 -0.41747631)
(0.17178386 0.0075002444 -0.32383923)
(0.16818993 0.0073433303 -0.238905)
(0.16168657 0.0070593873 -0.1481547)
(0.14537768 0.0063473258 -0.072734274)
(-0.26186797 -0.011433401 -22.035315)
(-0.3093404 -0.013506092 -19.003202)
(-0.3142623 -0.013720987 -16.517444)
(-0.31211485 -0.013627227 -15.04477)
(-0.30989556 -0.013530331 -14.248327)
(-0.30803346 -0.01344903 -13.818237)
(-0.30557578 -0.013341725 -13.561429)
(-0.30211349 -0.013190559 -13.383696)
(-0.29758684 -0.012992921 -13.238785)
(-0.29220801 -0.012758076 -13.102498)
(-0.28627637 -0.012499095 -12.971916)
(-0.27999902 -0.01222502 -12.84153)
(-0.27342965 -0.011938195 -12.712352)
(-0.26663255 -0.011641427 -12.582165)
(-0.25961529 -0.011335047 -12.450485)
(-0.252355 -0.011018056 -12.318153)
(-0.24488255 -0.010691802 -12.184717)
(-0.23719748 -0.010356265 -12.051683)
(-0.22931695 -0.010012193 -11.918574)
(-0.22125046 -0.0096600026 -11.786289)
(-0.21302351 -0.0093008062 -11.65417)
(-0.20464104 -0.0089348198 -11.523089)
(-0.1961353 -0.0085634513 -11.392218)
(-0.18751666 -0.0081871534 -11.262076)
(-0.17880961 -0.0078069951 -11.132385)
(-0.17003324 -0.0074238109 -11.00304)
(-0.1611877 -0.0070376063 -10.874376)
(-0.15227788 -0.0066485952 -10.745873)
(-0.14331721 -0.0062573636 -10.618135)
(-0.13432551 -0.0058647779 -10.490714)
(-0.12530972 -0.00547114 -10.363857)
(-0.11629347 -0.0050774818 -10.23746)
(-0.10728961 -0.0046843652 -10.11159)
(-0.098316377 -0.0042925853 -9.98641)
(-0.089390321 -0.0039028653 -9.8615059)
(-0.080525012 -0.0035157976 -9.7372663)
(-0.071740155 -0.0031322425 -9.6133016)
(-0.063046427 -0.0027526661 -9.4898224)
(-0.054454381 -0.0023775294 -9.3667219)
(-0.045973214 -0.0020072337 -9.2439262)
(-0.037611462 -0.0016421517 -9.1216078)
(-0.029377851 -0.0012826645 -8.999504)
(-0.021281561 -0.00092917293 -8.8779031)
(-0.013333483 -0.00058215237 -8.7565963)
(-0.0055516971 -0.00024239227 -8.6357314)
(0.0020657545 9.0192755e-05 -8.5151642)
(0.0095158329 0.00041547017 -8.3950038)
(0.016804639 0.00073370625 -8.2751389)
(0.023929795 0.0010447972 -8.1554515)
(0.030886107 0.0013485163 -8.0361235)
(0.037674145 0.0016448885 -7.9169706)
(0.044291042 0.0019337883 -7.7980911)
(0.050736983 0.0022152242 -7.6793876)
(0.057008033 0.0024890242 -7.560941)
(0.063102001 0.0027550926 -7.4426246)
(0.069017763 0.0030133803 -7.3245997)
(0.074766267 0.0032643654 -7.2067406)
(0.080340048 0.0035077219 -7.0890556)
(0.085742557 0.0037436004 -6.971514)
(0.090972363 0.0039719386 -6.854087)
(0.09602528 0.0041925538 -6.7368539)
(0.10090591 0.0044056467 -6.6197276)
(0.10561456 0.0046112308 -6.5027952)
(0.11015708 0.0048095615 -6.3859886)
(0.11453069 0.0050005172 -6.2693348)
(0.11874033 0.0051843143 -6.1528234)
(0.12278826 0.0053610508 -6.0364206)
(0.12667694 0.0055308342 -5.92016)
(0.13041249 0.0056939318 -5.8039781)
(0.1339952 0.0058503561 -5.6879182)
(0.13743331 0.0060004671 -5.5719387)
(0.14072733 0.0061442873 -5.4560528)
(0.143884 0.0062821106 -5.3402361)
(0.14690544 0.0064140293 -5.2244952)
(0.14979817 0.0065403287 -5.1088306)
(0.15256571 0.0066611622 -4.9932057)
(0.15521052 0.0067766372 -4.8776493)
(0.15774065 0.006887105 -4.7621397)
(0.16015688 0.0069925995 -4.6466814)
(0.16246544 0.0070933936 -4.5312634)
(0.16466831 0.0071895729 -4.4158938)
(0.16677131 0.0072813918 -4.3005509)
(0.16877518 0.0073688829 -4.1852468)
(0.17068676 0.0074523439 -4.0699728)
(0.17250619 0.0075317823 -3.9547255)
(0.17423839 0.0076074118 -3.8395077)
(0.17588527 0.0076793161 -3.7243051)
(0.17744891 0.007747586 -3.6091227)
(0.17893346 0.0078124027 -3.4939464)
(0.18033886 0.007873764 -3.3787786)
(0.18167033 0.0079318971 -3.2636177)
(0.18292738 0.007986781 -3.1484576)
(0.18411376 0.0080385797 -3.0333019)
(0.18523069 0.0080873458 -2.9181418)
(0.18627966 0.0081331449 -2.8029796)
(0.187264 0.008176122 -2.6878113)
(0.1881835 0.0082162683 -2.5726374)
(0.18904259 0.0082537769 -2.4574639)
(0.18984073 0.0082886245 -2.3422881)
(0.19058114 0.0083209512 -2.2271104)
(0.19126412 0.0083507709 -2.1119273)
(0.1918925 0.0083782067 -1.9967402)
(0.19246684 0.0084032826 -1.8815411)
(0.19298752 0.0084260159 -1.7663221)
(0.1934576 0.0084465403 -1.6510857)
(0.1938756 0.0084647905 -1.5358286)
(0.19424297 0.0084808304 -1.4205533)
(0.19455791 0.0084945808 -1.3052727)
(0.19482384 0.0085061916 -1.1900363)
(0.19503005 0.0085151949 -1.074867)
(0.19516748 0.0085211953 -0.95983866)
(0.19521026 0.008523063 -0.84525417)
(0.19511347 0.0085188371 -0.73199412)
(0.1947978 0.0085050546 -0.62161379)
(0.19413116 0.0084759487 -0.51589593)
(0.19289364 0.0084219173 -0.41640891)
(0.1907235 0.0083271671 -0.32302467)
(0.1869476 0.0081623075 -0.23835707)
(0.17986407 0.007853034 -0.14789259)
(0.1616313 0.0070569743 -0.072687137)
(-0.31438052 -0.013726148 -22.052649)
(-0.37159427 -0.016224154 -19.022235)
(-0.37779544 -0.016494903 -16.530756)
(-0.37524731 -0.01638365 -15.05067)
(-0.37221619 -0.016251308 -14.245094)
(-0.36936827 -0.016126965 -13.808182)
(-0.36566603 -0.015965322 -13.546368)
(-0.36071743 -0.015749261 -13.364912)
(-0.35453355 -0.015479267 -13.217097)
(-0.3473825 -0.015167046 -13.078177)
(-0.33964149 -0.014829066 -12.945304)
(-0.3315575 -0.014476111 -12.812925)
(-0.32316441 -0.014109661 -12.681713)
(-0.31452434 -0.013732428 -12.54965)
(-0.30564788 -0.013344873 -12.416159)
(-0.29651619 -0.012946175 -12.282073)
(-0.28716076 -0.012537708 -12.146883)
(-0.27757776 -0.012119306 -12.012102)
(-0.26777676 -0.011691385 -11.877348)
(-0.25776088 -0.011254082 -11.743476)
(-0.24755991 -0.010808698 -11.609858)
(-0.23719416 -0.01035612 -11.477392)
(-0.22667423 -0.0098968097 -11.345263)
(-0.21599147 -0.0094303902 -11.213992)
(-0.2051628 -0.0089576003 -11.083318)
(-0.19421602 -0.0084796538 -10.953095)
(-0.18316419 -0.0079971203 -10.823762)
(-0.17202915 -0.0075109541 -10.694707)
(-0.16083229 -0.0070220884 -10.566537)
(-0.14961613 -0.0065323804 -10.438815)
(-0.1384214 -0.0060436081 -10.311897)
(-0.12728739 -0.005557487 -10.185609)
(-0.11623516 -0.0050749361 -10.059805)
(-0.10528733 -0.0045969437 -9.9347455)
(-0.094463798 -0.004124378 -9.8100538)
(-0.083779556 -0.0036578939 -9.6861148)
(-0.073250187 -0.0031981718 -9.5625383)
(-0.06288914 -0.0027457988 -9.439525)
(-0.052707937 -0.002301278 -9.3169635)
(-0.042717609 -0.0018650908 -9.1947712)
(-0.0329277 -0.0014376543 -9.0731135)
(-0.02334775 -0.0010193847 -8.9517285)
(-0.013986212 -0.00061065121 -8.8309043)
(-0.0048411335 -0.00021136844 -8.7104232)
(0.0040955176 0.00017881415 -8.5904025)
(0.012813424 0.00055944615 -8.4706476)
(0.021310329 0.00093042894 -8.3512378)
(0.029582519 0.0012916004 -8.2321719)
(0.037620331 0.0016425388 -8.1133587)
(0.045417793 0.0019829834 -7.994953)
(0.052975499 0.0023129599 -7.8767698)
(0.060288842 0.0026322672 -7.7589018)
(0.06736129 0.002941057 -7.6412486)
(0.07418965 0.0032391896 -7.5239022)
(0.080780495 0.0035269521 -7.4067066)
(0.087131352 0.0038042365 -7.2897239)
(0.093256599 0.0040716705 -7.1728708)
(0.099155619 0.0043292273 -7.0562404)
(0.10483513 0.0045772 -6.9398185)
(0.11029643 0.0048156457 -6.8235626)
(0.11554466 0.0050447883 -6.7075086)
(0.1205889 0.0052650244 -6.5915559)
(0.12543263 0.0054765063 -6.4757789)
(0.1300878 0.0056797556 -6.3601035)
(0.13455814 0.0058749345 -6.2445501)
(0.13885299 0.0060624516 -6.1291041)
(0.14297841 0.0062425712 -6.0137267)
(0.1469398 0.0064155295 -5.8984485)
(0.15074562 0.006581695 -5.7832041)
(0.15439835 0.0067411767 -5.6680347)
(0.15790708 0.0068943713 -5.5528997)
(0.16127401 0.0070413746 -5.4378115)
(0.164506 0.0071824861 -5.3227481)
(0.1676058 0.0073178265 -5.2077174)
(0.1705795 0.007447661 -5.0927231)
(0.1734308 0.0075721514 -4.9777318)
(0.17616184 0.0076913911 -4.8627756)
(0.17877934 0.0078056738 -4.747836)
(0.18128439 0.0079150464 -4.6329204)
(0.18368206 0.0080197307 -4.5180207)
(0.18597405 0.0081198014 -4.4031472)
(0.18816509 0.0082154641 -4.2882805)
(0.19025573 0.0083067435 -4.1734345)
(0.19225131 0.0083938725 -4.0586027)
(0.19415211 0.0084768629 -3.9437831)
(0.19596186 0.0085558785 -3.82898)
(0.19768217 0.0086309889 -3.7141805)
(0.19931444 0.0087022552 -3.5993907)
(0.20086197 0.0087698221 -3.4845976)
(0.20232445 0.0088336754 -3.3698046)
(0.20370608 0.0088939983 -3.2550112)
(0.20500627 0.0089507661 -3.1402118)
(0.20622804 0.0090041096 -3.025411)
(0.20737228 0.0090540683 -2.9106008)
(0.20844008 0.0091006893 -2.7957841)
(0.20943435 0.0091441003 -2.6809574)
(0.21035469 0.0091842832 -2.5661219)
(0.21120528 0.0092214208 -2.4512835)
(0.21198556 0.0092554886 -2.3364403)
(0.21269881 0.0092866294 -2.2215925)
(0.21334546 0.009314863 -2.1067366)
(0.21392874 0.0093403291 -1.9918739)
(0.21444967 0.0093630735 -1.8769964)
(0.21490922 0.009383138 -1.7620959)
(0.21531145 0.0094006999 -1.6471745)
(0.21565571 0.0094157303 -1.5322288)
(0.21594477 0.0094283509 -1.4172606)
(0.21617809 0.0094385379 -1.3022828)
(0.2163613 0.0094465372 -1.1873437)
(0.2164849 0.0094519336 -1.0724668)
(0.2165418 0.0094544179 -0.95772654)
(0.21650686 0.0094528925 -0.84342214)
(0.21633403 0.0094453466 -0.73042601)
(0.21593872 0.0094280868 -0.62028823)
(0.21517606 0.0093947887 -0.51479773)
(0.21379926 0.0093346762 -0.41553153)
(0.21139457 0.009229685 -0.32236974)
(0.20718379 0.0090458386 -0.23792634)
(0.19921577 0.0086979471 -0.14767358)
(0.17869569 0.0078020213 -0.072667538)
(-0.38026688 -0.016602809 -22.076664)
(-0.44941808 -0.019622015 -19.047746)
(-0.45774706 -0.019985666 -16.548105)
(-0.45536641 -0.019881725 -15.057587)
(-0.45186307 -0.019728766 -14.239517)
(-0.44817731 -0.019567842 -13.79327)
(-0.44316374 -0.019348945 -13.524629)
(-0.43648749 -0.019057453 -13.338129)
(-0.42822645 -0.018696769 -13.186132)
(-0.41876347 -0.018283606 -13.043888)
(-0.40855348 -0.017837828 -12.908002)
(-0.39790477 -0.017372895 -12.773035)
(-0.38687929 -0.016891513 -12.639505)
(-0.37556856 -0.016397676 -12.505221)
(-0.36398546 -0.015891947 -12.369575)
(-0.35211091 -0.015373493 -12.233447)
(-0.33997727 -0.014843726 -12.096229)
(-0.32758709 -0.014302759 -11.959409)
(-0.31496198 -0.013751536 -11.822722)
(-0.30208698 -0.013189401 -11.687024)
(-0.28896744 -0.01261659 -11.551826)
(-0.27561604 -0.012033655 -11.417902)
(-0.26208164 -0.01144273 -11.284434)
(-0.24838223 -0.010844601 -11.152022)
(-0.23454796 -0.010240584 -11.020377)
(-0.22061671 -0.0096323326 -10.889382)
(-0.2066379 -0.0090220045 -10.759461)
(-0.19266958 -0.0084121345 -10.630011)
(-0.17874406 -0.0078041332 -10.501653)
(-0.16490611 -0.0071999554 -10.373873)
(-0.1511935 -0.0066012498 -10.247012)
(-0.13762383 -0.0060087853 -10.120934)
(-0.12422616 -0.0054238307 -9.9955401)
(-0.11102415 -0.0048474185 -9.8710418)
(-0.098031825 -0.0042801615 -9.747035)
(-0.085273141 -0.0037231053 -9.623887)
(-0.072765717 -0.0031770194 -9.5012033)
(-0.060526277 -0.002642634 -9.3791674)
(-0.048567479 -0.0021205017 -9.2576612)
(-0.036901474 -0.001611153 -9.1365929)
(-0.025528281 -0.0011145887 -9.0161308)
(-0.014449659 -0.0006308857 -8.8960044)
(-0.0036762357 -0.00016050792 -8.7764325)
(0.006791158 0.00029650832 -8.6571358)
(0.016948845 0.00074000252 -8.5383125)
(0.026800172 0.0011701207 -8.4198696)
(0.036337393 0.0015865247 -8.3018933)
(0.045561484 0.0019892571 -8.1843191)
(0.054477744 0.0023785494 -8.0670153)
(0.063088903 0.0027545207 -7.9501265)
(0.071404726 0.0031175973 -7.8334578)
(0.079427983 0.0034679002 -7.7170811)
(0.087166043 0.0038057512 -7.6009001)
(0.094625717 0.0041314475 -7.4849791)
(0.1018198 0.0044455479 -7.3691785)
(0.10874824 0.0047480503 -7.2536227)
(0.1154146 0.0050391098 -7.1381828)
(0.12182446 0.0053189703 -7.0228968)
(0.1279869 0.0055880279 -6.9077433)
(0.13391089 0.0058466751 -6.7926785)
(0.13960178 0.0060951446 -6.6777563)
(0.1450679 0.0063338007 -6.5628836)
(0.15031091 0.0065627156 -6.4481362)
(0.15534007 0.0067822934 -6.333446)
(0.16015724 0.0069926152 -6.2188375)
(0.16476943 0.0071939879 -6.1043018)
(0.16918098 0.0073866005 -5.9898053)
(0.17339545 0.0075706081 -5.8753824)
(0.17741994 0.0077463209 -5.7609727)
(0.18125572 0.0079137948 -5.6466198)
(0.18491113 0.0080733935 -5.5322862)
(0.18838803 0.0082251982 -5.4179857)
(0.19169322 0.0083695056 -5.3036976)
(0.19482966 0.0085064455 -5.18943)
(0.19780405 0.0086363102 -5.0751862)
(0.20062117 0.0087593085 -4.9609324)
(0.20328422 0.0088755797 -4.8466991)
(0.20580154 0.0089854884 -4.7324674)
(0.20817606 0.009089162 -4.6182432)
(0.2104148 0.0091869074 -4.5040177)
(0.21252163 0.0092788937 -4.3898004)
(0.21450357 0.0093654269 -4.2755717)
(0.21636356 0.0094466358 -4.161345)
(0.21810937 0.0095228599 -4.0471136)
(0.21974406 0.0095942317 -3.9328755)
(0.22127392 0.0096610267 -3.8186354)
(0.22270341 0.0097234397 -3.7043804)
(0.22403664 0.00978165 -3.5901171)
(0.22527962 0.0098359195 -3.4758329)
(0.22643489 0.0098863595 -3.3615315)
(0.22750901 0.0099332568 -3.2472126)
(0.22850439 0.0099767162 -3.1328714)
(0.22942626 0.010016966 -3.0185124)
(0.23027806 0.010054156 -2.9041282)
(0.23106305 0.01008843 -2.7897218)
(0.23178599 0.010119994 -2.67529)
(0.23244852 0.01014892 -2.5608344)
(0.23305595 0.010175441 -2.4463608)
(0.23360947 0.010199609 -2.3318678)
(0.23411309 0.010221597 -2.2173555)
(0.23456824 0.010241469 -2.1028209)
(0.23497828 0.010259372 -1.9882653)
(0.23534467 0.010275369 -1.8736809)
(0.2356683 0.010289499 -1.7590599)
(0.2359524 0.010301903 -1.6444046)
(0.23619627 0.010312551 -1.5297121)
(0.23640168 0.010321519 -1.4149845)
(0.2365678 0.010328772 -1.3002351)
(0.23670023 0.010334554 -1.1855124)
(0.23678975 0.010338462 -1.070841)
(0.23683042 0.010340238 -0.95629724)
(0.2367997 0.010338897 -0.84217827)
(0.23665329 0.010332505 -0.72934973)
(0.23630657 0.010317367 -0.61935888)
(0.23560807 0.010286869 -0.51400441)
(0.23428926 0.010229289 -0.41487656)
(0.23188435 0.010124288 -0.32186912)
(0.22749373 0.0099325895 -0.23758739)
(0.21886054 0.0095556567 -0.14751844)
(0.19607397 0.0085607737 -0.072640569)
(-0.45976715 -0.020073865 -22.10899)
(-0.54331111 -0.023721473 -19.081833)
(-0.55451947 -0.02421084 -16.572876)
(-0.5527886 -0.024135269 -15.06987)
(-0.54904986 -0.023972032 -14.235667)
(-0.54461432 -0.023778372 -13.776945)
(-0.53823814 -0.023499982 -13.498782)
(-0.52964993 -0.023125013 -13.304931)
(-0.51903851 -0.022661708 -13.147259)
(-0.50683185 -0.022128754 -12.999868)
(-0.49364353 -0.02155294 -12.859561)
(-0.47986244 -0.020951244 -12.720601)
(-0.46560272 -0.020328651 -12.583447)
(-0.45099121 -0.019690699 -12.445786)
(-0.43603792 -0.019037825 -12.306955)
(-0.4207191 -0.01836899 -12.167935)
(-0.4050148 -0.017683326 -12.027979)
(-0.38890113 -0.016979788 -11.888587)
(-0.3724237 -0.016260368 -11.749606)
(-0.35558902 -0.01552535 -11.611988)
(-0.33843476 -0.014776379 -11.47497)
(-0.32099666 -0.014015015 -11.339541)
(-0.30336505 -0.013245203 -11.205028)
(-0.28562164 -0.012470509 -11.071858)
(-0.26783995 -0.011694143 -10.939709)
(-0.25007326 -0.010918433 -10.808481)
(-0.23237895 -0.010145883 -10.678482)
(-0.2148175 -0.0093791336 -10.549179)
(-0.19742935 -0.0086199506 -10.421148)
(-0.18025337 -0.0078700311 -10.293859)
(-0.16331895 -0.0071306583 -10.167653)
(-0.14665183 -0.0064029566 -10.042379)
(-0.13027857 -0.0056880845 -9.9179277)
(-0.11422299 -0.0049870828 -9.7944681)
(-0.098503113 -0.0043007383 -9.6716302)
(-0.083142316 -0.0036300714 -9.5497965)
(-0.068160593 -0.0029759554 -9.428548)
(-0.053577554 -0.0023392462 -9.3080485)
(-0.039394122 -0.0017199843 -9.1881772)
(-0.025614402 -0.0011183487 -9.068771)
(-0.012257993 -0.00053519537 -8.949953)
(0.00068046249 2.9709694e-05 -8.831503)
(0.013198893 0.00057627611 -8.7137212)
(0.025301594 0.0011046914 -8.5963366)
(0.036983167 0.0016147199 -8.4794595)
(0.048248584 0.0021065785 -8.3629256)
(0.05910424 0.0025805466 -8.2468012)
(0.069560121 0.0030370602 -8.1310285)
(0.079624728 0.0034764904 -8.0154744)
(0.089301502 0.0038989874 -7.9002816)
(0.098600268 0.0043049802 -7.7852674)
(0.10752309 0.0046945592 -7.670518)
(0.11607688 0.0050680253 -7.5559139)
(0.12426726 0.005425625 -7.4415137)
(0.13210128 0.0057676659 -7.3271933)
(0.13958273 0.0060943129 -7.2130695)
(0.14672326 0.0064060754 -7.0990334)
(0.15352651 0.0067031114 -6.985134)
(0.16000209 0.0069858414 -6.8713555)
(0.16615786 0.0072546083 -6.757658)
(0.17200092 0.0075097217 -6.6440984)
(0.17754356 0.0077517183 -6.5305867)
(0.18279144 0.0079808458 -6.4171978)
(0.18775923 0.008197744 -6.3038621)
(0.19245436 0.008402738 -6.1905999)
(0.19688999 0.0085964019 -6.0773983)
(0.20107698 0.0087792097 -5.9642196)
(0.20502522 0.0089515935 -5.8510937)
(0.2087485 0.0091141552 -5.7379567)
(0.21225448 0.0092672299 -5.6248478)
(0.21555765 0.0094114492 -5.5117267)
(0.21866604 0.0095471646 -5.3986036)
(0.22159176 0.009674904 -5.285456)
(0.22434295 0.0097950235 -5.1722894)
(0.22693057 0.0099080017 -5.0591061)
(0.22936378 0.010014238 -4.9458712)
(0.23164916 0.01011402 -4.8326141)
(0.23379749 0.010207818 -4.7193163)
(0.23581484 0.010295897 -4.6059826)
(0.23770978 0.010378632 -4.4926049)
(0.239488 0.010456271 -4.3791921)
(0.24115724 0.010529151 -4.2657252)
(0.24272156 0.010597451 -4.1522172)
(0.2441883 0.010661491 -4.0386625)
(0.24556121 0.010721433 -3.9250585)
(0.24684572 0.010777516 -3.8114107)
(0.24804602 0.010829922 -3.6977068)
(0.24916535 0.010878793 -3.583954)
(0.25020842 0.010924335 -3.4701409)
(0.25117703 0.010966625 -3.3562721)
(0.25207598 0.011005874 -3.2423492)
(0.25290696 0.011042155 -3.1283686)
(0.25367364 0.011075629 -3.0143369)
(0.25437855 0.011106406 -2.9002489)
(0.25502384 0.01113458 -2.7861098)
(0.25561323 0.011160314 -2.6719191)
(0.2561478 0.011183653 -2.557681)
(0.25663202 0.011204795 -2.4434043)
(0.25706698 0.011223785 -2.3290905)
(0.25745632 0.011240784 -2.2147424)
(0.25780153 0.011255857 -2.1003599)
(0.25810596 0.011269148 -1.9859471)
(0.25837133 0.011280735 -1.8714989)
(0.25859874 0.011290664 -1.7570098)
(0.25879153 0.011299081 -1.6424844)
(0.25894938 0.011305973 -1.5279214)
(0.25907428 0.011311426 -1.4133248)
(0.25916584 0.011315424 -1.2987084)
(0.2592305 0.011318247 -1.1841215)
(0.25925955 0.011319515 -1.0695893)
(0.25924797 0.01131901 -0.95518907)
(0.25917346 0.011315756 -0.84121418)
(0.25898905 0.011307705 -0.72852139)
(0.25860165 0.011290791 -0.61865222)
(0.25784028 0.011257549 -0.51341133)
(0.25639762 0.011194561 -0.41439823)
(0.25373701 0.011078396 -0.321514)
(0.2488258 0.010863968 -0.23736087)
(0.23910402 0.010439506 -0.14741)
(0.21358337 0.0093252506 -0.072644371)
(-0.54809068 -0.023930153 -22.150501)
(-0.65413022 -0.028559939 -19.126339)
(-0.67251381 -0.029362584 -16.606645)
(-0.67389101 -0.029422714 -15.08901)
(-0.67113639 -0.029302445 -14.234908)
(-0.6666247 -0.02910546 -13.759563)
(-0.65910734 -0.028777245 -13.468635)
(-0.64842278 -0.028310747 -13.265095)
(-0.63489036 -0.027719909 -13.0993)
(-0.61910582 -0.027030741 -12.944725)
(-0.60189942 -0.026279493 -12.797782)
(-0.58381248 -0.025489801 -12.652869)
(-0.56507342 -0.024671636 -12.510345)
(-0.545811 -0.02383062 -12.367831)
(-0.52597858 -0.022964718 -12.22454)
(-0.50556319 -0.022073363 -12.081377)
(-0.48456742 -0.021156668 -11.93794)
(-0.46299739 -0.0202149 -11.79531)
(-0.44091454 -0.019250742 -11.653425)
(-0.41839952 -0.018267716 -11.513416)
(-0.39557116 -0.017271008 -11.374491)
(-0.37252657 -0.016264859 -11.237586)
(-0.34936125 -0.01525344 -11.10195)
(-0.32617576 -0.01424114 -10.968008)
(-0.30306702 -0.01323219 -10.835479)
(-0.28010905 -0.012229824 -10.704215)
(-0.25736929 -0.011236984 -10.574496)
(-0.23491541 -0.010256627 -10.44578)
(-0.21280616 -0.0092913166 -10.318587)
(-0.19109259 -0.0083432818 -10.192398)
(-0.16981514 -0.0074142885 -10.067514)
(-0.14900996 -0.0065059148 -9.9437681)
(-0.12870896 -0.0056195541 -9.8210307)
(-0.10894672 -0.004756716 -9.6994557)
(-0.089774283 -0.0039196294 -9.5786535)
(-0.07118122 -0.0031078388 -9.4589814)
(-0.053162327 -0.002321117 -9.3400399)
(-0.03572976 -0.0015599948 -9.2218878)
(-0.018899677 -0.00082517765 -9.1043496)
(-0.002669682 -0.00011656081 -8.9873777)
(0.012944191 0.00056515551 -8.8711457)
(0.02794294 0.001220015 -8.75528)
(0.042334119 0.0018483474 -8.6399804)
(0.056127012 0.002450558 -8.5250339)
(0.069325516 0.0030268171 -8.4105798)
(0.081942455 0.0035776844 -8.2964686)
(0.093984459 0.0041034497 -8.1827568)
(0.1054627 0.0046046002 -8.0693871)
(0.11638836 0.005081625 -7.9562316)
(0.12676973 0.0055348852 -7.8434342)
(0.13662629 0.0059652321 -7.730811)
(0.14597068 0.006373217 -7.6184358)
(0.15482322 0.0067597268 -7.5062015)
(0.16319659 0.0071253161 -7.3941705)
(0.17111136 0.0074708823 -7.282205)
(0.17858105 0.0077970162 -7.1704071)
(0.1856288 0.0081047277 -7.0586605)
(0.19227018 0.0083946966 -6.9470009)
(0.19852587 0.0086678259 -6.8354022)
(0.20441449 0.0089249282 -6.7238153)
(0.20995242 0.0091667198 -6.6122872)
(0.2151605 0.0093941094 -6.500722)
(0.22005229 0.0096076892 -6.3891868)
(0.22464843 0.0098083613 -6.2776109)
(0.22896273 0.0099967277 -6.1660115)
(0.23301223 0.010173533 -6.0543768)
(0.23681179 0.010339425 -5.9426698)
(0.24037388 0.010494949 -5.8309224)
(0.24371394 0.010640779 -5.7190743)
(0.24684146 0.01077733 -5.6071669)
(0.24977091 0.010905232 -5.4951659)
(0.25251158 0.011024893 -5.3830843)
(0.25507507 0.011136817 -5.2709054)
(0.2574696 0.011241364 -5.1586381)
(0.25970523 0.011338974 -5.0462894)
(0.2617908 0.011430032 -4.9338282)
(0.26373198 0.011514786 -4.8212875)
(0.26553826 0.011593649 -4.7086534)
(0.26721534 0.011666873 -4.5959339)
(0.26877069 0.01173478 -4.4831253)
(0.27020937 0.011797595 -4.3702401)
(0.2715383 0.011855617 -4.2572638)
(0.27276099 0.011909001 -4.144213)
(0.27388414 0.011958039 -4.031086)
(0.27491137 0.012002888 -3.9178844)
(0.27584781 0.012043774 -3.8046173)
(0.27669767 0.01208088 -3.6912758)
(0.2774642 0.012114347 -3.5778703)
(0.27815237 0.012144393 -3.4643921)
(0.27876428 0.01217111 -3.3508483)
(0.27930524 0.012194729 -3.2372419)
(0.27977763 0.012215354 -3.1235714)
(0.28018584 0.012233177 -3.0098436)
(0.28053326 0.012248345 -2.8960538)
(0.28082294 0.012260993 -2.7822074)
(0.28105963 0.012271327 -2.668303)
(0.28124554 0.012279444 -2.5543444)
(0.28138628 0.012285589 -2.4403388)
(0.28148435 0.012289871 -2.3262868)
(0.28154466 0.012292504 -2.21219)
(0.28157022 0.01229362 -2.0980473)
(0.28156583 0.012293428 -1.9838615)
(0.28153486 0.012292076 -1.869627)
(0.28148006 0.012289684 -1.7553378)
(0.28140623 0.01228646 -1.6409984)
(0.28131495 0.012282475 -1.5266075)
(0.28120975 0.012277882 -1.4121699)
(0.28109235 0.012272756 -1.2977)
(0.28097157 0.012267482 -1.1832475)
(0.28084145 0.012261801 -1.0688396)
(0.28070044 0.012255644 -0.9545556)
(0.28053055 0.012248227 -0.8406873)
(0.2802874 0.012237611 -0.7280849)
(0.27987645 0.012219668 -0.61828687)
(0.27911449 0.0121864 -0.51310573)
(0.2776602 0.012122905 -0.41415238)
(0.27490235 0.012002494 -0.32133258)
(0.26965041 0.01177319 -0.23725309)
(0.25898653 0.011307595 -0.14734979)
(0.23073376 0.010074053 -0.072657257)
(-0.64350678 -0.02809611 -22.200468)
(-0.78202724 -0.034144043 -19.1791)
(-0.81385415 -0.035533636 -16.645993)
(-0.82281185 -0.035924737 -15.109182)
(-0.82486495 -0.036014378 -14.234724)
(-0.82339823 -0.035950339 -13.737881)
(-0.81714722 -0.035677414 -13.431394)
(-0.80585203 -0.035184255 -13.214849)
(-0.78996729 -0.034490713 -13.037622)
(-0.77027313 -0.033630848 -12.872336)
(-0.74787946 -0.032653119 -12.715236)
(-0.72353796 -0.031590346 -12.561167)
(-0.69767801 -0.030461276 -12.410305)
(-0.67065672 -0.029281502 -12.260827)
(-0.64263259 -0.028057942 -12.111344)
(-0.6137148 -0.026795364 -11.962714)
(-0.58407999 -0.02550148 -11.814547)
(-0.55387813 -0.024182839 -11.667945)
(-0.52321604 -0.022844103 -11.522675)
(-0.49222174 -0.021490863 -11.379671)
(-0.46104917 -0.020129839 -11.238505)
(-0.42981473 -0.018766114 -11.09994)
(-0.39865498 -0.017405651 -10.963264)
(-0.36769484 -0.016053902 -10.828904)
(-0.33706885 -0.014716742 -10.696552)
(-0.30687336 -0.013398379 -10.566001)
(-0.27720797 -0.01210316 -10.437488)
(-0.24816732 -0.010835218 -10.31043)
(-0.21982774 -0.0095978854 -10.185289)
(-0.19225062 -0.0083938426 -10.061528)
(-0.16549309 -0.0072255834 -9.9393623)
(-0.1396093 -0.0060954732 -9.8185938)
(-0.1146094 -0.005003954 -9.6990875)
(-0.09050968 -0.0039517375 -9.5811068)
(-0.067304646 -0.0029385839 -9.4640264)
(-0.045033847 -0.0019662199 -9.3479399)
(-0.023707997 -0.0010351133 -9.2325435)
(-0.0032962741 -0.00014391837 -9.1180233)
(0.016198887 0.00070725863 -9.0042988)
(0.03477886 0.0015184777 -8.8911944)
(0.052466158 0.0022907217 -8.7787767)
(0.069277312 0.0030247125 -8.6667668)
(0.085221316 0.0037208426 -8.5553634)
(0.10032147 0.0043801294 -8.4443147)
(0.11460082 0.0050035794 -8.3337282)
(0.12809034 0.0055925442 -8.2234303)
(0.14081641 0.0061481765 -8.1134764)
(0.15281206 0.0066719181 -8.003799)
(0.16410998 0.0071651956 -7.894249)
(0.1747362 0.0076291463 -7.7849446)
(0.18472737 0.0080653702 -7.6756901)
(0.19411238 0.0084751287 -7.5665417)
(0.20292442 0.0088598704 -7.457385)
(0.21119084 0.0092207901 -7.3482725)
(0.21894339 0.0095592739 -7.2390652)
(0.22620474 0.009876311 -7.1298628)
(0.23300463 0.010173201 -7.0205563)
(0.23936517 0.010450908 -6.9111866)
(0.24531065 0.010710493 -6.8017382)
(0.25086318 0.010952922 -6.692171)
(0.25604086 0.011178984 -6.5825415)
(0.26086538 0.011389627 -6.4727649)
(0.26535089 0.011585469 -6.3629171)
(0.2695174 0.011767383 -6.2529373)
(0.27337903 0.011935985 -6.1428495)
(0.27695197 0.012091983 -6.03265)
(0.28025101 0.012236022 -5.9223082)
(0.28328807 0.012368623 -5.8118608)
(0.28607836 0.01249045 -5.7012536)
(0.28863139 0.012601917 -5.5905312)
(0.29096178 0.012703664 -5.4796636)
(0.29307982 0.01279614 -5.3686667)
(0.29499805 0.012879892 -5.2575267)
(0.29672612 0.012955341 -5.1462554)
(0.29827584 0.013023003 -5.034862)
(0.29965841 0.013083367 -4.923318)
(0.30088167 0.013136776 -4.8116579)
(0.30195799 0.013183769 -4.6998694)
(0.3028962 0.013224732 -4.5879614)
(0.30370704 0.013260134 -4.4759309)
(0.30439906 0.013290348 -4.3637909)
(0.30498286 0.013315838 -4.2515269)
(0.30546556 0.013336913 -4.139155)
(0.3058577 0.013354034 -4.0266734)
(0.30616667 0.013367524 -3.9140828)
(0.30640118 0.013377763 -3.8013917)
(0.306569 0.01338509 -3.6885907)
(0.30667657 0.013389787 -3.5756894)
(0.30673178 0.013392197 -3.4626789)
(0.30673941 0.01339253 -3.349566)
(0.3067068 0.013391107 -3.2363536)
(0.30663836 0.013388119 -3.1230404)
(0.3065396 0.013383806 -3.009634)
(0.3064149 0.013378362 -2.8961304)
(0.30626763 0.013371932 -2.7825362)
(0.30610223 0.013364711 -2.6688514)
(0.30592049 0.013356775 -2.5550811)
(0.30572653 0.013348307 -2.4412345)
(0.30552169 0.013339364 -2.3273136)
(0.30530873 0.013330065 -2.2133219)
(0.30508857 0.013320453 -2.0992598)
(0.30486334 0.013310619 -1.9851319)
(0.30463394 0.013300604 -1.8709341)
(0.30440037 0.013290406 -1.7566617)
(0.30416445 0.013280105 -1.6423207)
(0.3039255 0.013269672 -1.5279112)
(0.30368463 0.013259156 -1.4134392)
(0.30344207 0.013248565 -1.2989203)
(0.30320595 0.013238256 -1.184405)
(0.30297019 0.013227963 -1.0699224)
(0.30273424 0.013217661 -0.95555438)
(0.30248112 0.013206609 -0.84159175)
(0.30216477 0.013192797 -0.72887973)
(0.30168276 0.013171752 -0.61895618)
(0.30083114 0.01313457 -0.51364471)
(0.29922435 0.013064416 -0.41457154)
(0.2961658 0.012930877 -0.32165197)
(0.29029895 0.012674725 -0.23748157)
(0.27834464 0.012152788 -0.14749586)
(0.24697253 0.010783052 -0.072683793)
(-0.73735327 -0.032193536 -22.24113)
(-0.91151165 -0.039797454 -19.216572)
(-0.9610316 -0.041959541 -16.671938)
(-0.98400956 -0.042962781 -15.120811)
(-0.999656 -0.043645919 -14.230456)
(-1.0107447 -0.044130062 -13.71315)
(-1.0148217 -0.044308066 -13.389014)
(-1.0105145 -0.04412001 -13.155606)
(-0.99773596 -0.043562088 -12.96171)
(-0.97717569 -0.042664407 -12.779596)
(-0.95012297 -0.04148326 -12.6055)
(-0.91779648 -0.040071855 -12.435394)
(-0.88121547 -0.038474694 -12.269898)
(-0.84152623 -0.036741825 -12.107608)
(-0.79965949 -0.034913883 -11.947288)
(-0.75630338 -0.033020915 -11.789678)
(-0.71205592 -0.031089029 -11.634073)
(-0.66735243 -0.029137233 -11.481619)
(-0.62251772 -0.027179708 -11.332097)
(-0.57779915 -0.025227253 -11.186258)
(-0.53341962 -0.023289601 -11.043523)
(-0.48955683 -0.02137451 -10.904604)
(-0.44638409 -0.019489548 -10.768649)
(-0.40408355 -0.017642667 -10.636032)
(-0.36286693 -0.01584311 -10.50629)
(-0.32275792 -0.014091914 -10.37898)
(-0.28384014 -0.012392727 -10.254304)
(-0.2462024 -0.010749428 -10.13166)
(-0.20990311 -0.0091645666 -10.0114)
(-0.17499862 -0.0076406038 -9.8929483)
(-0.14152725 -0.0061792124 -9.776502)
(-0.10949534 -0.0047806691 -9.6616338)
(-0.078945842 -0.0034468496 -9.5480271)
(-0.049897369 -0.0021785659 -9.4357587)
(-0.022286248 -0.00097303849 -9.3244437)
(0.0038852669 0.00016963438 -9.2144887)
(0.028637192 0.0012503267 -9.1053615)
(0.05199565 0.0022701788 -8.9970193)
(0.074011898 0.0032314288 -8.8893199)
(0.094734544 0.004136199 -8.7821799)
(0.11420494 0.0049862948 -8.6756313)
(0.13247711 0.0057840749 -8.5693374)
(0.14959528 0.0065314702 -8.463481)
(0.16561483 0.007230899 -8.3577785)
(0.18058821 0.0078846507 -8.2522963)
(0.19456815 0.0084950277 -8.1468762)
(0.20760059 0.0090640366 -8.0415571)
(0.21973617 0.0095938874 -7.9362713)
(0.23102353 0.010086704 -7.830877)
(0.24149985 0.01054411 -7.7255006)
(0.25121212 0.010968157 -7.6199625)
(0.26019773 0.011360477 -7.5143299)
(0.26849729 0.011722844 -7.408507)
(0.27614456 0.012056731 -7.3025599)
(0.28317801 0.012363818 -7.1963661)
(0.28962576 0.012645332 -7.0900353)
(0.29552469 0.012902885 -6.9834706)
(0.30090367 0.013137736 -6.8767189)
(0.30579452 0.013351275 -6.7697715)
(0.31022735 0.013544817 -6.6625936)
(0.31422813 0.013719495 -6.5552451)
(0.31782752 0.013876648 -6.4476457)
(0.32104799 0.014017256 -6.3398724)
(0.32391889 0.014142603 -6.231869)
(0.3264633 0.014253694 -6.1236612)
(0.32870628 0.014351624 -6.0152479)
(0.33067143 0.014437425 -5.9066008)
(0.33237873 0.014511967 -5.7977586)
(0.33385127 0.01457626 -5.68867)
(0.33510572 0.01463103 -5.5793805)
(0.33616307 0.014677195 -5.4698626)
(0.33703979 0.014715473 -5.3601327)
(0.33775315 0.014746619 -5.2501787)
(0.33831709 0.014771241 -5.1400126)
(0.3387464 0.014789986 -5.0296445)
(0.33905504 0.014803461 -4.9190464)
(0.33925222 0.01481207 -4.8082528)
(0.33935062 0.014816367 -4.6972527)
(0.33935952 0.014816755 -4.5860553)
(0.33928855 0.014813656 -4.4746593)
(0.33914493 0.014807386 -4.363079)
(0.3389371 0.014798312 -4.2513022)
(0.3386698 0.014786641 -4.1393478)
(0.33835044 0.014772698 -4.0272174)
(0.33798363 0.014756682 -3.9149152)
(0.33757464 0.014738826 -3.8024541)
(0.33712815 0.014719331 -3.6898293)
(0.33664734 0.014698339 -3.5770556)
(0.33613717 0.014676064 -3.4641293)
(0.33559976 0.014652601 -3.3510625)
(0.33504014 0.014628167 -3.2378636)
(0.33446088 0.014602876 -3.1245366)
(0.33386598 0.014576902 -3.0110941)
(0.33325885 0.014550394 -2.8975374)
(0.33264224 0.014523472 -2.7838774)
(0.33202049 0.014496326 -2.6701185)
(0.3313956 0.014469043 -2.55627)
(0.33077233 0.01444183 -2.4423444)
(0.33015299 0.014414789 -2.3283473)
(0.32954143 0.014388088 -2.2142847)
(0.32893992 0.014361826 -2.1001593)
(0.32835185 0.01433615 -1.9859775)
(0.32777954 0.014311162 -1.8717364)
(0.32722419 0.014286915 -1.7574322)
(0.32668849 0.014263526 -1.6430708)
(0.32617275 0.014241008 -1.5286517)
(0.32567857 0.014219432 -1.41418)
(0.32520681 0.014198834 -1.2996693)
(0.32476641 0.014179606 -1.185167)
(0.32435197 0.014161511 -1.0706998)
(0.32396382 0.014144564 -0.95634676)
(0.32358476 0.014128014 -0.84239224)
(0.32316396 0.014109642 -0.72967021)
(0.32258505 0.014084366 -0.61970982)
(0.32161309 0.014041929 -0.51433498)
(0.3198031 0.013962903 -0.415176)
(0.31635355 0.013812292 -0.32214778)
(0.30972166 0.013522738 -0.23785017)
(0.29625538 0.012934788 -0.14768524)
(0.26151424 0.011417957 -0.072749503)
(-0.77718833 -0.033932772 -22.209674)
(-0.98165604 -0.042860023 -19.169304)
(-1.0563498 -0.046121223 -16.636532)
(-1.1094482 -0.04843955 -15.102437)
(-1.1616722 -0.050719696 -14.222797)
(-1.2115702 -0.052898292 -13.698069)
(-1.2528513 -0.054700663 -13.356145)
(-1.2786106 -0.055825337 -13.100986)
(-1.2866845 -0.05617785 -12.882744)
(-1.277348 -0.055770212 -12.67513)
(-1.2522429 -0.054674099 -12.473888)
(-1.2134207 -0.052979088 -12.276239)
(-1.1631295 -0.050783324 -12.084558)
(-1.1039828 -0.048200923 -11.898238)
(-1.0384465 -0.045339551 -11.717277)
(-0.96874533 -0.04229633 -11.54254)
(-0.89687941 -0.039158596 -11.373363)
(-0.82441461 -0.035994715 -11.210795)
(-0.75254529 -0.032856834 -11.054528)
(-0.68213334 -0.029782581 -10.905061)
(-0.61383471 -0.026800599 -10.761579)
(-0.54806582 -0.023929068 -10.624416)
(-0.48507841 -0.021178978 -10.492667)
(-0.42506601 -0.018558781 -10.366524)
(-0.36783362 -0.016059961 -10.244353)
(-0.31342939 -0.013684621 -10.125225)
(-0.26178762 -0.011429893 -10.009382)
(-0.21280023 -0.0092910576 -9.896067)
(-0.16643661 -0.0072667784 -9.7854932)
(-0.12264483 -0.0053547883 -9.6769477)
(-0.081374854 -0.0035529025 -9.570285)
(-0.04251876 -0.001856409 -9.4651994)
(-0.0060222068 -0.00026293525 -9.3615671)
(0.028166825 0.0012297899 -9.2593485)
(0.060107657 0.0026243566 -9.1579807)
(0.089888102 0.0039245988 -9.0576229)
(0.11760934 0.0051349339 -8.9577776)
(0.14333978 0.0062583492 -8.8585233)
(0.16715558 0.0072981695 -8.7596212)
(0.18916593 0.0082591618 -8.6607982)
(0.20946743 0.0091455446 -8.5621518)
(0.22816141 0.0099617412 -8.4633897)
(0.24533064 0.010711366 -8.3646832)
(0.26107261 0.011398675 -8.265781)
(0.27546786 0.012027185 -8.1667717)
(0.28860257 0.012600659 -8.0675093)
(0.30055205 0.013122384 -7.9680456)
(0.31139546 0.013595818 -7.868332)
(0.32120846 0.014024263 -7.768244)
(0.33005213 0.014410386 -7.6679176)
(0.33799966 0.014757382 -7.5671871)
(0.34511155 0.015067894 -7.4661236)
(0.35145153 0.015344703 -7.3646381)
(0.35707432 0.0155902 -7.2627982)
(0.36203921 0.015806972 -7.1604857)
(0.36639217 0.015997026 -7.0578099)
(0.37018763 0.016162739 -6.9546797)
(0.37346973 0.016306039 -6.8511435)
(0.37628366 0.016428898 -6.7471976)
(0.37867137 0.016533147 -6.6428116)
(0.38066799 0.016620321 -6.5380503)
(0.38231211 0.016692106 -6.4328397)
(0.38363193 0.01674973 -6.3272609)
(0.38466092 0.016794656 -6.2212653)
(0.38542529 0.01682803 -6.1148837)
(0.38595108 0.016850986 -6.0081229)
(0.3862623 0.016864575 -5.9009623)
(0.38637776 0.016869615 -5.7934486)
(0.3863187 0.016867037 -5.6855401)
(0.38609934 0.016857459 -5.5772908)
(0.3857375 0.016841661 -5.4686841)
(0.38524664 0.01682023 -5.3597464)
(0.38464041 0.016793761 -5.2504772)
(0.38392922 0.01676271 -5.1408995)
(0.38312433 0.016727568 -5.0310351)
(0.38223669 0.016688812 -4.9208677)
(0.38127228 0.016646705 -4.8104427)
(0.38024129 0.016601691 -4.6997598)
(0.37915091 0.016554084 -4.5888386)
(0.37800905 0.01650423 -4.4776866)
(0.3768216 0.016452385 -4.3663264)
(0.37559624 0.016398884 -4.2547529)
(0.3743371 0.016343909 -4.1429906)
(0.3730517 0.016287787 -4.0310454)
(0.37174489 0.01623073 -3.9189251)
(0.37042251 0.016172994 -3.8066442)
(0.36909001 0.016114816 -3.6941987)
(0.36775134 0.016056368 -3.5816027)
(0.36641243 0.01599791 -3.4688506)
(0.36507611 0.015939566 -3.3559523)
(0.36374835 0.015881594 -3.2429133)
(0.36243231 0.015824135 -3.1297344)
(0.3611325 0.015767384 -3.0164246)
(0.35985267 0.015711505 -2.9029815)
(0.35859566 0.015656623 -2.7894128)
(0.35736577 0.015602925 -2.6757195)
(0.35616479 0.015550489 -2.5619081)
(0.35499711 0.015499507 -2.4479885)
(0.35386469 0.015450064 -2.3339644)
(0.3527708 0.015402304 -2.2198406)
(0.35171727 0.015356306 -2.105619)
(0.35070683 0.015312189 -1.9913063)
(0.34974136 0.015270036 -1.8769003)
(0.34882156 0.015229876 -1.7623986)
(0.34794944 0.015191799 -1.6478097)
(0.34712506 0.015155806 -1.5331359)
(0.3463495 0.015121944 -1.418386)
(0.34562373 0.015090256 -1.303577)
(0.34495679 0.015061137 -1.1887601)
(0.34434392 0.015034378 -1.0739658)
(0.34378613 0.015010025 -0.9592788)
(0.34326569 0.014987302 -0.84498536)
(0.34272574 0.014963727 -0.73191882)
(0.34203288 0.014933476 -0.62161007)
(0.34091505 0.014884671 -0.51589246)
(0.33885756 0.014794839 -0.41640771)
(0.33493929 0.014623764 -0.32307445)
(0.32741516 0.014295253 -0.23848338)
(0.31225107 0.013633175 -0.14803172)
(0.27395139 0.011960974 -0.072808068)
(-0.64992757 -0.028376447 -22.011055)
(-0.8851156 -0.038644977 -18.952925)
(-1.0171232 -0.044408555 -16.488645)
(-1.1449994 -0.049991748 -15.031322)
(-1.2841067 -0.056065305 -14.205446)
(-1.4236521 -0.062157985 -13.698177)
(-1.5485555 -0.067611388 -13.343651)
(-1.6444757 -0.07179935 -13.057355)
(-1.7018978 -0.074306454 -12.804861)
(-1.7233282 -0.075242126 -12.563431)
(-1.7123462 -0.074762643 -12.327517)
(-1.6729426 -0.073042241 -12.094276)
(-1.6097664 -0.070283913 -11.867185)
(-1.5271538 -0.066676966 -11.648315)
(-1.4292075 -0.062400539 -11.437942)
(-1.3197265 -0.057620497 -11.237923)
(-1.2026519 -0.05250891 -11.047333)
(-1.0815207 -0.047220206 -10.867259)
(-0.95955091 -0.041894893 -10.697674)
(-0.83956883 -0.036656363 -10.539032)
(-0.7238928 -0.031605839 -10.390749)
(-0.61428799 -0.02682039 -10.253113)
(-0.51188937 -0.02234957 -10.125512)
(-0.41715327 -0.018213303 -10.006052)
(-0.33042304 -0.01442658 -9.8934623)
(-0.25167911 -0.010988546 -9.7871222)
(-0.18050415 -0.0078809803 -9.6860617)
(-0.11613574 -0.0050705953 -9.5889984)
(-0.057582679 -0.0025141137 -9.4953084)
(-0.0040148764 -0.00017529321 -9.4037491)
(0.045077957 0.0019681459 -9.3140663)
(0.090114632 0.0039344894 -9.2257777)
(0.13138427 0.0057363605 -9.1384438)
(0.16915511 0.0073854709 -9.0519501)
(0.20358818 0.0088888511 -8.9657393)
(0.23486787 0.010254551 -8.8798068)
(0.26320331 0.011491703 -8.7937065)
(0.2887807 0.012608436 -8.7074452)
(0.31180265 0.013613596 -8.6208258)
(0.33243175 0.014514282 -8.5336898)
(0.3508363 0.015317842 -8.4460967)
(0.36719832 0.016032223 -8.3577605)
(0.38167194 0.016664155 -8.268857)
(0.39442496 0.017220964 -8.1791594)
(0.40560075 0.017708909 -8.0887631)
(0.41534339 0.018134282 -7.9975408)
(0.4237775 0.018502523 -7.9055545)
(0.43102804 0.018819089 -7.8127732)
(0.43721072 0.01908903 -7.7190909)
(0.44241893 0.019316425 -7.624659)
(0.44675632 0.0195058 -7.529339)
(0.45030678 0.019660817 -7.4332211)
(0.4531533 0.019785098 -7.3362448)
(0.4553644 0.019881637 -7.2385005)
(0.45700986 0.019953479 -7.1398995)
(0.45814107 0.020002869 -7.0405743)
(0.4588162 0.020032346 -6.9404627)
(0.45907988 0.020043858 -6.8396368)
(0.45897594 0.02003932 -6.7381193)
(0.45854376 0.020020451 -6.6359054)
(0.45781419 0.019988597 -6.5330826)
(0.45682175 0.019945266 -6.4296031)
(0.45558928 0.019891455 -6.3255693)
(0.45414598 0.019828439 -6.2209557)
(0.4525133 0.019757155 -6.1158127)
(0.45071316 0.019678559 -6.0101665)
(0.44876596 0.019593543 -5.9040135)
(0.44668699 0.019502773 -5.7974152)
(0.44449532 0.019407083 -5.6903431)
(0.44220264 0.019306982 -5.5828618)
(0.43982598 0.019203215 -5.4749636)
(0.43737779 0.019096325 -5.3666815)
(0.43487158 0.018986901 -5.2580196)
(0.43231777 0.018875399 -5.1490035)
(0.4297283 0.018762341 -5.039656)
(0.42711499 0.018648241 -4.9299605)
(0.4244845 0.018533391 -4.819961)
(0.42184837 0.018418296 -4.7096552)
(0.41921486 0.018303314 -4.5990603)
(0.41659291 0.018188837 -4.4881813)
(0.41398929 0.018075161 -4.3770386)
(0.4114124 0.017962651 -4.2656252)
(0.40886676 0.017851506 -4.1539644)
(0.40636006 0.017742061 -4.042062)
(0.40389715 0.017634528 -3.929926)
(0.40148329 0.017529137 -3.8175726)
(0.39912326 0.017426096 -3.7050003)
(0.39681986 0.017325527 -3.5922269)
(0.39457751 0.017227624 -3.4792514)
(0.39239738 0.017132438 -3.3660888)
(0.39028314 0.017040128 -3.25275)
(0.38823596 0.016950746 -3.1392421)
(0.3862576 0.016864369 -3.0255798)
(0.3843492 0.016781047 -2.9117667)
(0.38251069 0.016700776 -2.7978162)
(0.38074324 0.016623607 -2.6837348)
(0.37904569 0.01654949 -2.5695333)
(0.37741902 0.016478468 -2.455226)
(0.37586231 0.016410501 -2.3408202)
(0.37437559 0.01634559 -2.2263228)
(0.37295774 0.016283685 -2.1117382)
(0.37160858 0.016224779 -1.9970739)
(0.37032743 0.016168843 -1.8823284)
(0.36911256 0.016115801 -1.7674991)
(0.36796384 0.016065647 -1.652594)
(0.36687975 0.016018314 -1.5376142)
(0.36586009 0.015973795 -1.422567)
(0.36490541 0.015932113 -1.3074682)
(0.36402468 0.015893659 -1.1923665)
(0.36321361 0.015858247 -1.0772903)
(0.36247361 0.015825938 -0.96232266)
(0.36178459 0.015795854 -0.84774686)
(0.36108033 0.015765106 -0.73439077)
(0.36020396 0.015726843 -0.62378133)
(0.35883651 0.015667139 -0.51775142)
(0.35638123 0.015559939 -0.41794492)
(0.3517834 0.015359193 -0.32427122)
(0.34308626 0.014979468 -0.23932883)
(0.32588967 0.014228649 -0.14846174)
(0.28378449 0.012390297 -0.072910824)
(-0.34350123 -0.014997586 -21.747781)
(-0.64630502 -0.028218283 -18.722623)
(-0.91191271 -0.039814964 -16.361064)
(-1.1973427 -0.052277107 -14.991633)
(-1.4972222 -0.065370126 -14.212891)
(-1.7817796 -0.077794168 -13.713299)
(-2.0245952 -0.088395726 -13.334376)
(-2.1991437 -0.096016675 -13.012745)
(-2.3046427 -0.10062286 -12.718134)
(-2.3497196 -0.10259096 -12.435859)
(-2.3439903 -0.10234081 -12.163139)
(-2.2963975 -0.10026287 -11.899174)
(-2.2145051 -0.096687372 -11.644823)
(-2.1048303 -0.091898864 -11.399876)
(-1.9730721 -0.086146181 -11.165612)
(-1.8237697 -0.079627495 -10.943274)
(-1.6611139 -0.072525791 -10.730808)
(-1.4890924 -0.06501517 -10.531652)
(-1.3113658 -0.057255459 -10.346216)
(-1.1310611 -0.04938319 -10.174442)
(-0.95155277 -0.041545687 -10.015452)
(-0.77612174 -0.033886204 -9.8695342)
(-0.6079832 -0.026545117 -9.7349878)
(-0.44972191 -0.019635281 -9.6130714)
(-0.30406403 -0.013275721 -9.5047957)
(-0.1731534 -0.0075600403 -9.4080979)
(-0.058021512 -0.0025332738 -9.3208344)
(0.041808581 0.0018254017 -9.2399377)
(0.12758188 0.0055703445 -9.1644922)
(0.20089158 0.0087711146 -9.0931111)
(0.26344732 0.011502357 -9.0249108)
(0.3167699 0.013830471 -8.9588511)
(0.36223814 0.015815657 -8.8938664)
(0.40102665 0.0175092 -8.8293477)
(0.43414608 0.018955225 -8.7644046)
(0.46237572 0.020187758 -8.6987715)
(0.48638115 0.021235857 -8.6318238)
(0.50669806 0.022122913 -8.5634793)
(0.52378713 0.022869037 -8.4935153)
(0.53803793 0.023491241 -8.4217244)
(0.54977991 0.024003906 -8.3481936)
(0.55932001 0.024420436 -8.272675)
(0.56690029 0.024751398 -8.1954053)
(0.57276668 0.025007531 -8.1162255)
(0.57711947 0.025197578 -8.0352993)
(0.58014928 0.025329862 -7.9525824)
(0.5820126 0.025411216 -7.8682105)
(0.58285863 0.025448155 -7.7822316)
(0.58281852 0.025446403 -7.6946148)
(0.5819919 0.025410312 -7.6055795)
(0.58048844 0.02534467 -7.5150581)
(0.57839102 0.025253095 -7.4232028)
(0.57578143 0.025139157 -7.3300149)
(0.57272378 0.025005658 -7.2356387)
(0.56928489 0.024855512 -7.1400381)
(0.5655103 0.02469071 -7.043389)
(0.56145582 0.024513688 -6.9456705)
(0.55716159 0.024326198 -6.8469885)
(0.55266868 0.024130033 -6.7473963)
(0.54801383 0.023926798 -6.6469129)
(0.54322514 0.023717719 -6.5456454)
(0.53833604 0.023504257 -6.4435624)
(0.53336707 0.023287307 -6.3407779)
(0.52834719 0.023068134 -6.2372762)
(0.52329657 0.022847619 -6.1331145)
(0.51823639 0.022626687 -6.0283242)
(0.51318621 0.022406192 -5.9229063)
(0.50815983 0.022186735 -5.8169252)
(0.50317497 0.021969091 -5.7103562)
(0.49824088 0.021753664 -5.6032666)
(0.49337202 0.021541085 -5.495653)
(0.48857748 0.021331751 -5.3875519)
(0.48386641 0.021126061 -5.2789724)
(0.47924415 0.020924249 -5.1699457)
(0.47471671 0.020726577 -5.0605013)
(0.47028949 0.02053328 -4.9506298)
(0.4659616 0.02034432 -4.8403831)
(0.46173681 0.020159862 -4.7297672)
(0.45761538 0.019979917 -4.6188082)
(0.45359781 0.019804506 -4.5075199)
(0.44968249 0.019633559 -4.3959314)
(0.4458696 0.019467085 -4.2840445)
(0.44215569 0.019304932 -4.1718904)
(0.43854118 0.019147119 -4.0594819)
(0.43502417 0.018993563 -3.9468341)
(0.43160391 0.018844232 -3.8339681)
(0.42828001 0.018699107 -3.7208873)
(0.42505085 0.018558119 -3.6076125)
(0.42191748 0.018421313 -3.4941452)
(0.4188784 0.018288624 -3.3805018)
(0.41593566 0.018160141 -3.2666936)
(0.41308935 0.018035869 -3.1527275)
(0.41034094 0.01791587 -3.0386174)
(0.40769178 0.017800206 -2.9243657)
(0.40514238 0.017688897 -2.8099837)
(0.40269482 0.017582034 -2.6954759)
(0.40034897 0.017479612 -2.5808514)
(0.39810681 0.017381717 -2.4661221)
(0.39596851 0.017288356 -2.3512931)
(0.39393473 0.01719956 -2.2363696)
(0.39200492 0.017115303 -2.1213537)
(0.39017892 0.017035578 -2.0062516)
(0.38845591 0.016960349 -1.8910602)
(0.38683347 0.016889512 -1.7757758)
(0.38531031 0.016823009 -1.6604056)
(0.38388382 0.016760728 -1.5449502)
(0.38255225 0.01670259 -1.4294162)
(0.38131505 0.016648573 -1.3138207)
(0.38017987 0.01659901 -1.1982117)
(0.37914164 0.01655368 -1.0826177)
(0.37820035 0.016512582 -0.96712407)
(0.37733177 0.016474659 -0.85201564)
(0.37645781 0.016436501 -0.73812165)
(0.375395 0.016390098 -0.62697232)
(0.37377348 0.016319301 -0.52040503)
(0.37090987 0.016194273 -0.42007097)
(0.36561101 0.01596292 -0.32587759)
(0.35570243 0.015530302 -0.24041989)
(0.33642055 0.014688437 -0.14904149)
(0.290538 0.012685162 -0.072999449)
(-0.086531337 -0.0037780396 -21.743586)
(-0.54941231 -0.023987857 -18.82753)
(-1.0577126 -0.046180724 -16.552009)
(-1.5765261 -0.06883261 -15.216732)
(-2.0705062 -0.090400243 -14.410629)
(-2.473806 -0.10800869 -13.842338)
(-2.7635954 -0.12066117 -13.384769)
(-2.9427668 -0.12848396 -12.985118)
(-3.0284721 -0.13222593 -12.621345)
(-3.0398596 -0.13272312 -12.283026)
(-2.9934428 -0.13069652 -11.968017)
(-2.902722 -0.12673556 -11.674485)
(-2.7785359 -0.12131348 -11.400843)
(-2.629054 -0.11478696 -11.14552)
(-2.4603503 -0.1074212 -10.906566)
(-2.2769086 -0.099411966 -10.68318)
(-2.0820141 -0.090902689 -10.472805)
(-1.8782142 -0.082004593 -10.274616)
(-1.6678847 -0.072821412 -10.088762)
(-1.4528971 -0.063434851 -9.9157555)
(-1.2347883 -0.053912018 -9.7522228)
(-1.0158768 -0.044354135 -9.6002245)
(-0.79882947 -0.034877644 -9.4596757)
(-0.5865476 -0.025609219 -9.3312929)
(-0.38157141 -0.016659766 -9.2174395)
(-0.18702548 -0.0081657082 -9.1179681)
(-0.0064809944 -0.00028296654 -9.0307952)
(0.15668467 0.0068409995 -8.9551255)
(0.30031773 0.013112154 -8.8899572)
(0.42336401 0.01848447 -8.8328149)
(0.52595315 0.022963608 -8.7820287)
(0.60917204 0.026597022 -8.7356096)
(0.67476308 0.029460789 -8.6917554)
(0.72485298 0.031647761 -8.6491237)
(0.76177749 0.03325992 -8.6061222)
(0.78779176 0.034395727 -8.5619407)
(0.80504712 0.035149112 -8.5155088)
(0.81541194 0.03560165 -8.4663328)
(0.82047091 0.03582253 -8.4139815)
(0.82149931 0.03586743 -8.3581483)
(0.8194766 0.035779117 -8.2988456)
(0.8151765 0.035591371 -8.2359182)
(0.8091483 0.035328174 -8.1697428)
(0.80182683 0.035008511 -8.1002742)
(0.79351694 0.034645694 -8.0278066)
(0.78446259 0.034250373 -7.9524353)
(0.77483555 0.033830047 -7.8744259)
(0.76478407 0.03339119 -7.7939554)
(0.75442825 0.032939045 -7.7111068)
(0.74384898 0.032477144 -7.6261939)
(0.73314008 0.032009584 -7.5392332)
(0.72236277 0.031539036 -7.4504421)
(0.71157923 0.031068217 -7.359877)
(0.70083212 0.030598988 -7.2677263)
(0.69016895 0.030133424 -7.1739915)
(0.67961364 0.029672569 -7.0788786)
(0.66920347 0.029218051 -6.9823944)
(0.65895814 0.02877073 -6.884668)
(0.64889902 0.02833154 -6.7857745)
(0.63904305 0.027901219 -6.6857542)
(0.62939763 0.027480091 -6.5847336)
(0.61997616 0.027068741 -6.4827013)
(0.61077784 0.026667133 -6.3797893)
(0.6018113 0.026275646 -6.2760014)
(0.59307567 0.02589424 -6.1714125)
(0.58457135 0.025522934 -6.0660725)
(0.57629767 0.025161697 -5.9600003)
(0.56824843 0.02481026 -5.8532781)
(0.56042301 0.024468594 -5.7458987)
(0.55281269 0.024136321 -5.6379458)
(0.54541649 0.023813396 -5.5294322)
(0.53822887 0.023499577 -5.4204089)
(0.53124651 0.023194721 -5.3108986)
(0.52446359 0.022898572 -5.2009443)
(0.51787726 0.022611007 -5.0905855)
(0.51148548 0.022331936 -4.9798214)
(0.50528114 0.022061049 -4.8687099)
(0.49926411 0.02179834 -4.7572614)
(0.49343115 0.021543667 -4.6455043)
(0.48778069 0.021296962 -4.5334531)
(0.48230951 0.021058086 -4.4211356)
(0.477017 0.02082701 -4.3085506)
(0.47189891 0.020603549 -4.1957259)
(0.46695529 0.020387706 -4.0826691)
(0.4621837 0.020179374 -3.9693905)
(0.45758261 0.019978486 -3.8559055)
(0.45315065 0.019784983 -3.7422124)
(0.44888477 0.01959873 -3.6283269)
(0.44478418 0.019419694 -3.5142458)
(0.44084524 0.019247717 -3.3999818)
(0.43706726 0.019082767 -3.2855432)
(0.43344771 0.018924734 -3.1709344)
(0.42998464 0.018773533 -3.0561677)
(0.42667616 0.018629082 -2.9412452)
(0.42351933 0.018491251 -2.8261784)
(0.42051259 0.018359974 -2.7109732)
(0.41765257 0.018235103 -2.5956402)
(0.4149377 0.018116569 -2.4801943)
(0.41236532 0.018004257 -2.3646432)
(0.40993303 0.017898061 -2.2489957)
(0.40763773 0.017797846 -2.1332574)
(0.40547668 0.017703492 -2.0174379)
(0.40344697 0.017614873 -1.901538)
(0.40154413 0.017531793 -1.7855567)
(0.39976474 0.017454104 -1.6695039)
(0.39810462 0.017381621 -1.5533825)
(0.3965602 0.017314191 -1.4371998)
(0.39512967 0.017251732 -1.3209746)
(0.39381906 0.01719451 -1.2047528)
(0.39262174 0.017142233 -1.0885613)
(0.39153458 0.017094767 -0.9724835)
(0.39052541 0.017050706 -0.85680263)
(0.38949768 0.017005834 -0.74234579)
(0.38823063 0.016950513 -0.6306396)
(0.38628845 0.016865716 -0.52351317)
(0.38288395 0.016717072 -0.42261093)
(0.3766715 0.016445831 -0.32782586)
(0.36526332 0.015947739 -0.24175891)
(0.34358264 0.01500114 -0.14973245)
(0.29381848 0.012828391 -0.073137097)
(-0.1955448 -0.0085376693 -22.388558)
(-1.0079766 -0.044009203 -19.683014)
(-1.8712391 -0.081700054 -17.347631)
(-2.6061273 -0.11378596 -15.856929)
(-3.1456735 -0.13734306 -14.888517)
(-3.4904767 -0.15239749 -14.132397)
(-3.6749284 -0.16045082 -13.508592)
(-3.7375044 -0.16318295 -12.976545)
(-3.710476 -0.16200286 -12.518649)
(-3.6196092 -0.15803553 -12.119472)
(-3.4835934 -0.15209695 -11.770541)
(-3.3162124 -0.14478894 -11.463734)
(-3.1271183 -0.13653292 -11.191347)
(-2.9231822 -0.12762888 -10.946739)
(-2.7092379 -0.11828787 -10.724351)
(-2.4886514 -0.10865685 -10.520822)
(-2.2639177 -0.09884477 -10.332102)
(-2.0366818 -0.088923439 -10.156198)
(-1.8081356 -0.078944896 -9.9907283)
(-1.5791392 -0.068946698 -9.8347815)
(-1.3502369 -0.05895261 -9.6868496)
(-1.1217563 -0.048976931 -9.5473925)
(-0.89430738 -0.039046299 -9.4186757)
(-0.66829175 -0.029178245 -9.297501)
(-0.44544705 -0.019448636 -9.1819035)
(-0.22649321 -0.0098889057 -9.0758374)
(-0.013397398 -0.00058494277 -8.9809358)
(0.19108457 0.008342932 -8.8986685)
(0.38287509 0.016716686 -8.8295709)
(0.55794831 0.024360547 -8.7725471)
(0.7128582 0.031124058 -8.7258425)
(0.84519334 0.036901934 -8.6872841)
(0.9537636 0.041642214 -8.6543687)
(1.0385928 0.045345936 -8.6247876)
(1.100805 0.048062181 -8.5959354)
(1.1423754 0.04987718 -8.5660651)
(1.1659813 0.050907837 -8.5333474)
(1.1746008 0.051284174 -8.4967721)
(1.1713173 0.051140814 -8.4556031)
(1.1590625 0.050605757 -8.4094532)
(1.1404206 0.049791835 -8.3583896)
(1.1175784 0.048794522 -8.3023133)
(1.092237 0.047688091 -8.2416942)
(1.0656758 0.046528407 -8.1765702)
(1.0387703 0.045353687 -8.1073837)
(1.0121154 0.044189906 -8.0344071)
(0.98605477 0.043052076 -7.9580278)
(0.96079548 0.041949232 -7.878502)
(0.93644236 0.040885952 -7.7960041)
(0.91301226 0.039862972 -7.7109191)
(0.89052224 0.038881036 -7.6233386)
(0.86894748 0.037939062 -7.53355)
(0.84826582 0.037036081 -7.4416749)
(0.82843744 0.036170356 -7.3479597)
(0.8094341 0.035340652 -7.252459)
(0.79120753 0.034544863 -7.1554255)
(0.77373129 0.033781834 -7.0569096)
(0.75696506 0.033049805 -6.9570782)
(0.74087655 0.032347365 -6.8560396)
(0.72543394 0.031673126 -6.7538638)
(0.71060048 0.031025484 -6.6507026)
(0.69635136 0.030403354 -6.5465667)
(0.68265067 0.029805169 -6.4416061)
(0.66947816 0.029230044 -6.3358388)
(0.65680688 0.028676805 -6.2293511)
(0.64461544 0.028144515 -6.1221994)
(0.6328845 0.027632331 -6.0144053)
(0.62159179 0.027139281 -5.9060498)
(0.61072362 0.026664766 -5.7971216)
(0.60025928 0.026207883 -5.6876972)
(0.59018822 0.025768171 -5.5777794)
(0.58049579 0.025344991 -5.4674091)
(0.57117056 0.024937842 -5.3565967)
(0.56219877 0.024546126 -5.2453733)
(0.55357015 0.024169392 -5.133767)
(0.54527531 0.023807232 -5.0217667)
(0.53729941 0.023458996 -4.9094215)
(0.52963501 0.023124361 -4.7967348)
(0.5222713 0.022802855 -4.6837304)
(0.51519913 0.022494077 -4.5704201)
(0.50840774 0.022197559 -4.4568314)
(0.50188916 0.021912952 -4.3429648)
(0.49563179 0.021639749 -4.2288514)
(0.48962874 0.02137765 -4.1145035)
(0.48387099 0.021126261 -3.9999373)
(0.47835066 0.020885239 -3.8851743)
(0.4730606 0.02065427 -3.7702193)
(0.46799232 0.020432984 -3.655094)
(0.46314007 0.02022113 -3.5398011)
(0.45849568 0.020018351 -3.4243579)
(0.45405434 0.019824438 -3.3087764)
(0.44980993 0.019639123 -3.1930641)
(0.44575712 0.019462174 -3.0772348)
(0.44189109 0.019293379 -2.9612908)
(0.43820621 0.019132494 -2.8452428)
(0.43469852 0.018979345 -2.7290949)
(0.43136264 0.018833698 -2.6128546)
(0.42819509 0.018695399 -2.4965333)
(0.42519189 0.018564277 -2.3801347)
(0.42234941 0.018440171 -2.2636635)
(0.41966376 0.018322913 -2.1471209)
(0.41713165 0.018212359 -2.0305125)
(0.4147501 0.018108378 -1.9138351)
(0.41251481 0.018010784 -1.7970848)
(0.41042268 0.017919439 -1.680269)
(0.40847035 0.017834199 -1.5633888)
(0.40665504 0.01775494 -1.4464505)
(0.40497627 0.017681644 -1.3294739)
(0.40344075 0.017614602 -1.212504)
(0.40204256 0.017553555 -1.0955683)
(0.40077689 0.017498295 -0.97875169)
(0.39960484 0.017447122 -0.86234247)
(0.39841147 0.017395019 -0.74717417)
(0.39693812 0.017330691 -0.63477782)
(0.39468154 0.017232166 -0.5269763)
(0.39074877 0.017060458 -0.42540693)
(0.38364067 0.016750112 -0.32994513)
(0.37076015 0.016187736 -0.24319552)
(0.34674776 0.015139333 -0.15047139)
(0.29338557 0.012809489 -0.073261911)
(-0.97641874 -0.042631358 -23.980411)
(-2.366968 -0.10334405 -21.419234)
(-3.4126056 -0.14899756 -18.744561)
(-4.0380053 -0.1763031 -16.771577)
(-4.3564854 -0.19020824 -15.38491)
(-4.4700494 -0.19516655 -14.342813)
(-4.4479513 -0.19420173 -13.542022)
(-4.3365489 -0.18933779 -12.914567)
(-4.1670575 -0.18193764 -12.41549)
(-3.9614282 -0.17295967 -12.008846)
(-3.7337721 -0.16301999 -11.671856)
(-3.4931955 -0.15251619 -11.386497)
(-3.2454315 -0.14169858 -11.140462)
(-2.994032 -0.13072225 -10.924391)
(-2.7415978 -0.11970073 -10.731277)
(-2.489883 -0.10871063 -10.556809)
(-2.2399822 -0.097799724 -10.39643)
(-1.9926209 -0.086999698 -10.248047)
(-1.748358 -0.076334951 -10.109158)
(-1.5076314 -0.065824602 -9.9785666)
(-1.2707258 -0.055481081 -9.8543651)
(-1.0377269 -0.045308131 -9.7362984)
(-0.80869069 -0.035308195 -9.6231743)
(-0.58340784 -0.025472134 -9.5158908)
(-0.36258405 -0.01583076 -9.4150181)
(-0.14577572 -0.0063647048 -9.3180612)
(0.068287709 0.0029815052 -9.2287324)
(0.27864464 0.012165886 -9.1482921)
(0.48266731 0.021073707 -9.0780293)
(0.67660198 0.029541077 -9.0183812)
(0.85605648 0.037376229 -8.9694902)
(1.0167543 0.044392445 -8.9298979)
(1.1551166 0.050433475 -8.8972895)
(1.2686626 0.055391 -8.8691597)
(1.3563008 0.059217363 -8.8423226)
(1.4182634 0.061922709 -8.8143709)
(1.4560951 0.063574478 -8.7827605)
(1.4722817 0.064281202 -8.7459269)
(1.4700439 0.064183495 -8.7027704)
(1.4529617 0.063437673 -8.6527362)
(1.424634 0.062200857 -8.596009)
(1.3884651 0.060621689 -8.5327808)
(1.3473799 0.05882787 -8.4638681)
(1.3038073 0.056925449 -8.3897733)
(1.2595571 0.054993443 -8.3113037)
(1.2159113 0.053087827 -8.2289322)
(1.1736761 0.0512438 -8.143233)
(1.1333305 0.049482271 -8.0546533)
(1.095095 0.047812876 -7.9635213)
(1.0589823 0.04623616 -7.8702321)
(1.0249527 0.044750395 -7.7749051)
(0.99288774 0.04335041 -7.67782)
(0.96266447 0.042030834 -7.579082)
(0.93414409 0.040785607 -7.4789263)
(0.90720806 0.039609555 -7.3773877)
(0.88172636 0.038497 -7.2746999)
(0.85760399 0.037443795 -7.1708871)
(0.83474054 0.036445555 -7.0660922)
(0.81305284 0.03549865 -6.9603965)
(0.7924656 0.034599791 -6.8538417)
(0.77290393 0.033745711 -6.7465518)
(0.75431015 0.032933889 -6.638508)
(0.73661837 0.032161449 -6.5298329)
(0.71978149 0.031426335 -6.4205177)
(0.70374786 0.030726292 -6.3106245)
(0.68847245 0.030059353 -6.2001891)
(0.67391396 0.029423715 -6.0892159)
(0.66002865 0.02881747 -5.9777734)
(0.64678265 0.028239137 -5.8658414)
(0.63413584 0.027686966 -5.7534922)
(0.62205926 0.027159691 -5.6407281)
(0.61052109 0.026655924 -5.527592)
(0.59949349 0.026174448 -5.4140988)
(0.5889477 0.025714009 -5.3002855)
(0.5788596 0.025273553 -5.1861865)
(0.56920739 0.024852129 -5.0717967)
(0.55996466 0.024448583 -4.9571705)
(0.5511141 0.024062159 -4.8423152)
(0.54263604 0.023691999 -4.7272569)
(0.5345137 0.02333737 -4.6120071)
(0.52672977 0.022997516 -4.4965914)
(0.51927091 0.022671855 -4.3810062)
(0.51212098 0.022359683 -4.2652769)
(0.50526969 0.022060549 -4.1494085)
(0.49870532 0.021773942 -4.033409)
(0.49241806 0.021499434 -3.9172907)
(0.48639947 0.021236657 -3.8010491)
(0.4806403 0.020985206 -3.6846967)
(0.47513441 0.020744814 -3.5682275)
(0.46987359 0.020515122 -3.4516504)
(0.46485306 0.020295921 -3.3349704)
(0.46006715 0.020086963 -3.2181887)
(0.45551064 0.019888022 -3.1013141)
(0.45117893 0.019698895 -2.9843448)
(0.44706624 0.019519332 -2.8672883)
(0.44316812 0.019349136 -2.7501469)
(0.43947857 0.019188047 -2.6329264)
(0.43599263 0.019035847 -2.5156376)
(0.43270496 0.018892305 -2.3982835)
(0.42960967 0.018757161 -2.2808684)
(0.4267006 0.018630148 -2.1633931)
(0.42397149 0.018510993 -2.0458628)
(0.4214164 0.018399435 -1.9282738)
(0.41902791 0.018295152 -1.8106212)
(0.41679949 0.018197857 -1.6929118)
(0.41472487 0.018107277 -1.5751457)
(0.41279834 0.018023163 -1.4573279)
(0.41101736 0.017945403 -1.3394789)
(0.40938594 0.017874174 -1.2216415)
(0.40789566 0.017809107 -1.1038425)
(0.4065365 0.017749765 -0.98616703)
(0.40525798 0.017693944 -0.86890847)
(0.40392072 0.017635558 -0.75290932)
(0.40222068 0.017561332 -0.6397058)
(0.39958015 0.017446044 -0.53111176)
(0.3949975 0.017245961 -0.42875378)
(0.38682665 0.016889214 -0.3324854)
(0.37228815 0.01625445 -0.24492175)
(0.34581699 0.015098694 -0.15135299)
(0.28907561 0.012621312 -0.073417741)
(-2.4349438 -0.10631193 -25.38015)
(-3.9321183 -0.17167998 -22.553833)
(-4.6612362 -0.20351394 -19.384502)
(-4.9386875 -0.21562773 -16.966624)
(-4.9736175 -0.2171528 -15.341374)
(-4.8660705 -0.2124572 -14.210188)
(-4.6761667 -0.20416582 -13.405418)
(-4.4411397 -0.19390432 -12.819162)
(-4.1833841 -0.18265047 -12.380218)
(-3.9159595 -0.17097446 -12.040083)
(-3.646002 -0.15918787 -11.767766)
(-3.3775481 -0.14746692 -11.540641)
(-3.112527 -0.13589585 -11.343913)
(-2.8522783 -0.12453315 -11.169589)
(-2.5951575 -0.11330701 -11.0147)
(-2.3407263 -0.10219831 -10.874388)
(-2.0886664 -0.091193134 -10.743618)
(-1.8388803 -0.080287241 -10.621077)
(-1.591437 -0.069483631 -10.505053)
(-1.3466688 -0.058796822 -10.394938)
(-1.1051639 -0.048252493 -10.289482)
(-0.86778079 -0.037888123 -10.188951)
(-0.63523904 -0.027735132 -10.092257)
(-0.4078918 -0.017808938 -10.000213)
(-0.18476242 -0.0080669006 -9.9125461)
(0.035576812 0.001553317 -9.8309426)
(0.25263831 0.011030426 -9.7563304)
(0.46382528 0.020251047 -9.6868428)
(0.6668033 0.029113258 -9.6251502)
(0.8587261 0.037492787 -9.5712214)
(1.0361353 0.04523864 -9.5249588)
(1.1953426 0.052189779 -9.4848219)
(1.3328783 0.058194716 -9.4485267)
(1.4459797 0.063132829 -9.4135844)
(1.5330757 0.066935523 -9.3766953)
(1.5938794 0.069590268 -9.3354836)
(1.6295192 0.071146339 -9.2874377)
(1.6422359 0.071701561 -9.2312982)
(1.6351675 0.071392947 -9.1663968)
(1.6119592 0.070379652 -9.0928176)
(1.5763912 0.068826719 -9.0114568)
(1.5321187 0.066893741 -8.9231816)
(1.4823479 0.064720699 -8.8294653)
(1.4297896 0.062425953 -8.7313119)
(1.3765105 0.060099741 -8.6299175)
(1.3240175 0.057807845 -8.5260465)
(1.2732789 0.055592553 -8.4204021)
(1.2248807 0.053479439 -8.3134021)
(1.179115 0.051481268 -8.205304)
(1.1360453 0.049600804 -8.0965438)
(1.0956235 0.047835949 -7.9870548)
(1.0577192 0.046181012 -7.877019)
(1.0221833 0.044629482 -7.7664042)
(0.98884412 0.043173862 -7.6553205)
(0.95754622 0.041807366 -7.5436877)
(0.92812184 0.04052267 -7.4316443)
(0.90043784 0.039313961 -7.3191254)
(0.87435794 0.038175288 -7.2062009)
(0.84976309 0.037101454 -7.0928901)
(0.82654506 0.036087733 -6.9791855)
(0.80459707 0.035129463 -6.8651739)
(0.78383214 0.034222846 -6.7508058)
(0.76415754 0.033363835 -6.6361842)
(0.74550169 0.032549303 -6.5212827)
(0.72779156 0.031776062 -6.4061518)
(0.71096265 0.031041296 -6.2908155)
(0.6949574 0.030342492 -6.1752672)
(0.67971791 0.029677122 -6.0595634)
(0.6651987 0.029043199 -5.9436692)
(0.65135037 0.028438568 -5.8276417)
(0.63813683 0.027861652 -5.7114637)
(0.62552118 0.027310842 -5.5951583)
(0.61347194 0.02678476 -5.4787177)
(0.60195841 0.026282069 -5.3621579)
(0.59095513 0.025801655 -5.2454891)
(0.58044003 0.025342556 -5.1286845)
(0.57038671 0.024903619 -5.0117772)
(0.56077799 0.024484093 -4.8947549)
(0.55159471 0.024083143 -4.7776263)
(0.54281976 0.02370002 -4.6603877)
(0.5344354 0.023333951 -4.5430517)
(0.52642695 0.022984295 -4.4256043)
(0.51877668 0.022650277 -4.3080623)
(0.51147158 0.022331329 -4.1904246)
(0.50449717 0.02202682 -4.0726949)
(0.49783984 0.021736155 -3.9548826)
(0.49148723 0.021458793 -3.8369816)
(0.48542573 0.021194143 -3.7190035)
(0.47964467 0.020941736 -3.6009429)
(0.47413154 0.020701028 -3.4828075)
(0.46887735 0.020471625 -3.364606)
(0.46387263 0.020253114 -3.2463391)
(0.45910866 0.020045115 -3.1280167)
(0.45457815 0.019847309 -3.0096382)
(0.45027326 0.019659353 -2.8912119)
(0.44618807 0.01948099 -2.7727409)
(0.44231599 0.019311931 -2.6542315)
(0.43865189 0.019151953 -2.5356951)
(0.43519084 0.019000841 -2.4171349)
(0.43192777 0.018858371 -2.298555)
(0.42885791 0.018724339 -2.1799559)
(0.42597624 0.018598522 -2.061342)
(0.42327807 0.018480718 -1.9427083)
(0.42075705 0.018370647 -1.8240487)
(0.41840723 0.018268052 -1.7053671)
(0.41622295 0.018172684 -1.586662)
(0.41419828 0.018084285 -1.4679347)
(0.4123306 0.018002741 -1.349204)
(0.4106222 0.01792815 -1.2305079)
(0.40906196 0.017860029 -1.1118688)
(0.4076329 0.017797635 -0.99336842)
(0.40626987 0.017738124 -0.87530311)
(0.4048042 0.017674131 -0.75852261)
(0.40288128 0.017590175 -0.64456444)
(0.39984538 0.017457624 -0.53522485)
(0.394588 0.017228082 -0.43210981)
(0.38532925 0.016823837 -0.33504859)
(0.36913867 0.016116941 -0.24666242)
(0.34032158 0.014858759 -0.15224521)
(0.28068749 0.012255079 -0.073564815)
(-3.4886842 -0.15231922 -24.783231)
(-4.6541492 -0.20320452 -21.645287)
(-4.9956625 -0.21811531 -18.428316)
(-5.0155365 -0.21898303 -16.110369)
(-4.8727498 -0.21274883 -14.716014)
(-4.6507428 -0.2030558 -13.797538)
(-4.3929583 -0.19180068 -13.1889)
(-4.1219967 -0.17997024 -12.778151)
(-3.850212 -0.16810387 -12.487575)
(-3.5836317 -0.15646472 -12.268553)
(-3.3248044 -0.14516408 -12.095285)
(-3.0732889 -0.13418268 -11.950695)
(-2.8277798 -0.12346352 -11.826355)
(-2.5864942 -0.11292876 -11.712829)
(-2.3473688 -0.10248832 -11.602877)
(-2.108865 -0.092075024 -11.497141)
(-1.8701235 -0.081651347 -11.394607)
(-1.6309777 -0.071210016 -11.295899)
(-1.391488 -0.06075367 -11.200101)
(-1.152069 -0.050300415 -11.108069)
(-0.91325193 -0.039873436 -11.019356)
(-0.67628405 -0.029527196 -10.936731)
(-0.44148088 -0.01927547 -10.858434)
(-0.20813813 -0.0090875062 -10.783352)
(0.027244405 0.0011895162 -10.717158)
(0.26088881 0.01139065 -10.654431)
(0.48365486 0.021116825 -10.590155)
(0.69125566 0.03018087 -10.527889)
(0.88084139 0.038458362 -10.468561)
(1.0506728 0.045873362 -10.411082)
(1.1993895 0.052366469 -10.354846)
(1.3259409 0.057891822 -10.298292)
(1.4295371 0.062414932 -10.239445)
(1.5097858 0.065918664 -10.176247)
(1.5669569 0.06841481 -10.106032)
(1.6020178 0.069945601 -10.027445)
(1.6167775 0.070590021 -9.939209)
(1.6136828 0.070454904 -9.8414712)
(1.5956605 0.069668034 -9.7348287)
(1.5658432 0.068366184 -9.6204855)
(1.5272905 0.066682937 -9.500172)
(1.4828494 0.064742597 -9.375305)
(1.4349374 0.062650712 -9.2476756)
(1.3855365 0.060493825 -9.1183421)
(1.3361238 0.058336418 -8.9884361)
(1.2877667 0.056225102 -8.858575)
(1.2411162 0.0541883 -8.7292019)
(1.1965698 0.052243361 -8.6005566)
(1.1543152 0.050398485 -8.4726922)
(1.1143636 0.04865416 -8.3458154)
(1.0766576 0.047007879 -8.2196522)
(1.0411268 0.045456573 -8.0943182)
(1.007643 0.04399464 -7.969626)
(0.976058 0.042615608 -7.845575)
(0.9462472 0.04131404 -7.7220005)
(0.91807467 0.040084001 -7.5989717)
(0.89143511 0.038920893 -7.4763511)
(0.86622076 0.037820011 -7.35415)
(0.84233572 0.036777167 -7.2323255)
(0.81969434 0.035788624 -7.1108105)
(0.79821001 0.034850598 -6.9896322)
(0.77781361 0.033960072 -6.8686801)
(0.75843042 0.033113784 -6.7479993)
(0.74000495 0.03230931 -6.6275027)
(0.72248212 0.031544247 -6.5071875)
(0.70581102 0.030816371 -6.3870243)
(0.68994494 0.030123643 -6.2669592)
(0.67483381 0.029463877 -6.1470063)
(0.66043799 0.028835342 -6.0270932)
(0.64671314 0.028236102 -5.9072465)
(0.63362509 0.027664666 -5.7874226)
(0.62113894 0.027119509 -5.667626)
(0.6092201 0.026599121 -5.5478331)
(0.59783672 0.026102112 -5.4280478)
(0.58696333 0.025627369 -5.3082746)
(0.57657582 0.025173841 -5.1884829)
(0.56664506 0.024740255 -5.0687044)
(0.55715072 0.024325723 -4.9489271)
(0.54807168 0.023929323 -4.8291614)
(0.53938856 0.02355021 -4.7094051)
(0.53108231 0.023187552 -4.5896724)
(0.52313724 0.022840663 -4.4699503)
(0.51553563 0.022508769 -4.3502558)
(0.50826477 0.022191316 -4.2305865)
(0.50131168 0.021887738 -4.1109442)
(0.49466437 0.02159751 -3.9913342)
(0.4883127 0.02132019 -3.8717459)
(0.48224538 0.021055285 -3.7521847)
(0.47645391 0.020802425 -3.6326377)
(0.47092836 0.020561174 -3.5131062)
(0.46566125 0.020331207 -3.3935873)
(0.46064504 0.020112194 -3.2740737)
(0.45587204 0.019903801 -3.1545655)
(0.45133586 0.019705747 -3.0350521)
(0.44702901 0.019517706 -2.915532)
(0.44294547 0.019339415 -2.7959993)
(0.43907848 0.019170578 -2.6764517)
(0.43542215 0.01901094 -2.5568937)
(0.43197125 0.01886027 -2.4373189)
(0.42872018 0.018718325 -2.3177321)
(0.42566345 0.018584865 -2.1981265)
(0.42279546 0.018459647 -2.0785048)
(0.42011125 0.018342451 -1.9588613)
(0.41760447 0.018233003 -1.8391897)
(0.41526938 0.018131051 -1.7194956)
(0.41310065 0.018036362 -1.5997793)
(0.41109238 0.017948679 -1.4800446)
(0.409242 0.01786789 -1.360314)
(0.40755032 0.017794029 -1.2406274)
(0.40600272 0.01772646 -1.1210082)
(0.40457313 0.017664042 -1.0015399)
(0.40317752 0.017603109 -0.88252721)
(0.40161147 0.017534733 -0.76483301)
(0.3994614 0.017440859 -0.64999838)
(0.39598553 0.0172891 -0.53980034)
(0.38996562 0.017026265 -0.43581872)
(0.3794999 0.016569322 -0.33786345)
(0.3615493 0.015785582 -0.24855485)
(0.33040081 0.014425609 -0.15321351)
(0.26834876 0.011716359 -0.07372657)
(-3.8366818 -0.16751313 -22.989322)
(-4.7545312 -0.20758729 -19.742375)
(-4.8791296 -0.21302738 -16.92237)
(-4.7791082 -0.20866035 -15.109708)
(-4.5624701 -0.19920173 -14.074811)
(-4.2923417 -0.18740766 -13.50295)
(-4.0033622 -0.17479055 -13.179484)
(-3.7137364 -0.16214521 -12.981491)
(-3.4347813 -0.14996577 -12.848254)
(-3.170826 -0.13844124 -12.746551)
(-2.9221666 -0.12758453 -12.661206)
(-2.6860396 -0.11727501 -12.583376)
(-2.458131 -0.10732431 -12.509451)
(-2.2336548 -0.097523465 -12.437018)
(-2.0091056 -0.087719437 -12.364892)
(-1.7833243 -0.07786161 -12.294036)
(-1.5563113 -0.06795001 -12.223504)
(-1.3283114 -0.057995321 -12.153992)
(-1.0989086 -0.04797938 -12.084687)
(-0.86663758 -0.037838209 -12.017775)
(-0.62861295 -0.027445831 -11.95054)
(-0.384112 -0.01677069 -11.883871)
(-0.13822383 -0.0060349821 -11.818941)
(0.095980824 0.004190613 -11.759115)
(0.30275761 0.013218681 -11.695574)
(0.47988469 0.020952216 -11.625872)
(0.63396528 0.027679519 -11.551609)
(0.77043767 0.033638032 -11.472266)
(0.89217132 0.038953037 -11.388448)
(1.0002906 0.043673624 -11.299497)
(1.0947777 0.04779902 -11.205165)
(1.1751498 0.051308142 -11.104435)
(1.2408482 0.054176596 -10.996461)
(1.2915143 0.056388725 -10.880915)
(1.3272533 0.057949126 -10.757396)
(1.3486856 0.058884877 -10.626486)
(1.3570105 0.05924835 -10.488532)
(1.3538599 0.059110794 -10.344736)
(1.341143 0.058555563 -10.196292)
(1.3208734 0.057670571 -10.044576)
(1.2949764 0.056539886 -9.8911266)
(1.2652079 0.055240162 -9.7369904)
(1.233027 0.053835116 -9.5834153)
(1.1996197 0.052376519 -9.4309738)
(1.1658737 0.050903139 -9.280352)
(1.1324105 0.049442103 -9.1316675)
(1.0996475 0.048011642 -8.9851847)
(1.0678495 0.046623311 -8.8409456)
(1.0371649 0.045283591 -8.6987826)
(1.0076431 0.043994644 -8.5587192)
(0.97931899 0.042757986 -8.4204662)
(0.95218143 0.041573135 -8.2839429)
(0.92620091 0.040438801 -8.1489081)
(0.90133593 0.039353172 -8.0152885)
(0.87755132 0.038314714 -7.8828335)
(0.85479581 0.037321187 -7.7515185)
(0.83303849 0.036371242 -7.6211508)
(0.81223633 0.035463 -7.4916636)
(0.79234842 0.034594675 -7.3629589)
(0.77333869 0.033764693 -7.2349251)
(0.75516249 0.032971103 -7.1075519)
(0.73778519 0.032212393 -6.9806972)
(0.72116593 0.031486781 -6.8543951)
(0.70527209 0.030792841 -6.7285426)
(0.69007054 0.030129127 -6.6031503)
(0.67552027 0.029493849 -6.4781626)
(0.66158976 0.02888563 -6.3535281)
(0.64824373 0.028302929 -6.2292613)
(0.63545539 0.027744579 -6.1052889)
(0.62319342 0.027209209 -5.9816347)
(0.61143403 0.026695784 -5.8582511)
(0.6001534 0.02620326 -5.7351442)
(0.58932565 0.025730511 -5.6122365)
(0.57893834 0.025276991 -5.4895934)
(0.56896864 0.024841705 -5.3671588)
(0.55940061 0.024423955 -5.2448922)
(0.55021356 0.02402284 -5.1228083)
(0.54139547 0.023637834 -5.0008725)
(0.53293712 0.023268534 -4.8790764)
(0.52482855 0.022914507 -4.7573973)
(0.51705691 0.02257519 -4.6358313)
(0.50961034 0.022250066 -4.5143483)
(0.50247283 0.021938435 -4.3929494)
(0.49563259 0.021639784 -4.2716182)
(0.48908125 0.021353746 -4.1503453)
(0.48280973 0.021079926 -4.0291276)
(0.47680991 0.020817968 -3.9079492)
(0.47107206 0.020567448 -3.7868124)
(0.46558883 0.020328045 -3.6657041)
(0.46035172 0.020099388 -3.5446264)
(0.45535435 0.019881198 -3.4235795)
(0.45059093 0.019673223 -3.3025599)
(0.44605502 0.019475181 -3.1815725)
(0.44174155 0.019286851 -3.0606116)
(0.43764419 0.019107956 -2.9396806)
(0.43375769 0.018938268 -2.8187778)
(0.43007614 0.018777528 -2.6979045)
(0.42659403 0.018625496 -2.577067)
(0.42330671 0.018481968 -2.4562632)
(0.42020834 0.01834669 -2.3354923)
(0.41729337 0.01821942 -2.2147498)
(0.41455607 0.018099907 -2.0940355)
(0.41199161 0.01798794 -1.9733378)
(0.40959391 0.017883255 -1.8526527)
(0.40735704 0.01778559 -1.731978)
(0.40527611 0.017694735 -1.6113109)
(0.40334611 0.01761047 -1.4906515)
(0.40156532 0.017532719 -1.37002)
(0.39993398 0.017461493 -1.2494532)
(0.39843414 0.017396008 -1.1289711)
(0.39703016 0.017334709 -1.0086557)
(0.39561741 0.017273027 -0.88881919)
(0.3939531 0.017200362 -0.77033804)
(0.3915625 0.017095986 -0.65475634)
(0.38761827 0.016923777 -0.54382828)
(0.3807998 0.016626077 -0.43910306)
(0.36910407 0.01611543 -0.3403642)
(0.34943078 0.015256476 -0.25023919)
(0.31615527 0.013803636 -0.15405604)
(0.25236372 0.011018437 -0.073874332)
(-3.8138414 -0.16651589 -21.772557)
(-4.5382042 -0.19814225 -18.606406)
(-4.5563945 -0.19893646 -16.094441)
(-4.385776 -0.1914871 -14.650401)
(-4.1302503 -0.1803306 -13.908773)
(-3.8310571 -0.16726755 -13.543995)
(-3.5148714 -0.15346258 -13.358432)
(-3.2017903 -0.13979317 -13.255552)
(-2.9056242 -0.12686228 -13.19321)
(-2.6316726 -0.1149013 -13.149307)
(-2.3800827 -0.10391664 -13.115539)
(-2.1471287 -0.093745653 -13.085877)
(-1.9274243 -0.084153155 -13.057403)
(-1.7152096 -0.074887658 -13.027162)
(-1.5061656 -0.065760602 -12.994795)
(-1.2979663 -0.056670425 -12.959624)
(-1.0905483 -0.047614363 -12.920084)
(-0.8868603 -0.038721153 -12.877919)
(-0.6914825 -0.030190775 -12.832978)
(-0.50911539 -0.022228456 -12.784318)
(-0.34283448 -0.014968475 -12.728944)
(-0.19312936 -0.0084322091 -12.663933)
(-0.057597012 -0.0025147398 -12.586063)
(0.067727616 0.0029570511 -12.494057)
(0.18702958 0.0081658866 -12.391117)
(0.30158992 0.013167699 -12.282389)
(0.41031099 0.017914562 -12.168495)
(0.51187623 0.022348996 -12.048909)
(0.60517743 0.026422614 -11.92404)
(0.68945444 0.030102228 -11.79374)
(0.76408219 0.033360545 -11.658408)
(0.82857331 0.036176288 -11.517881)
(0.88262198 0.038536103 -11.372162)
(0.92615856 0.040436952 -11.221596)
(0.95947276 0.041891481 -11.066378)
(0.98317687 0.042926425 -10.907492)
(0.99820124 0.043582403 -10.745558)
(1.0056764 0.043908777 -10.581778)
(1.0068177 0.043958605 -10.41709)
(1.0028362 0.043784767 -10.252398)
(0.99482604 0.043435038 -10.088603)
(0.9837665 0.042952168 -9.9261407)
(0.97046405 0.042371371 -9.7656972)
(0.95557916 0.041721482 -9.60734)
(0.93962796 0.041025038 -9.4513428)
(0.92300185 0.040299126 -9.2976746)
(0.90598551 0.039556177 -9.1463905)
(0.88879028 0.038805417 -8.9973346)
(0.87158326 0.038054143 -8.8503046)
(0.85446296 0.037306654 -8.7052849)
(0.83752107 0.036566956 -8.5619905)
(0.82082408 0.035837949 -8.4203702)
(0.8044186 0.03512167 -8.2802233)
(0.7883377 0.034419564 -8.1415066)
(0.77261072 0.033732909 -8.0040153)
(0.75724967 0.033062231 -7.8677647)
(0.7422706 0.032408231 -7.7325878)
(0.7276836 0.031771349 -7.5984608)
(0.71349173 0.031151718 -7.4653085)
(0.69970129 0.030549615 -7.3330389)
(0.68630714 0.029964814 -7.2016485)
(0.67331107 0.029397393 -7.0710078)
(0.66070526 0.028847011 -6.9411348)
(0.64848526 0.028313475 -6.8119203)
(0.63664515 0.027796525 -6.6833362)
(0.62517637 0.027295787 -6.5553372)
(0.6140751 0.026811095 -6.427842)
(0.60333178 0.026342032 -6.3008407)
(0.59294195 0.025888402 -6.1742401)
(0.58289612 0.025449791 -6.0480431)
(0.57318761 0.025025909 -5.9221841)
(0.56381101 0.024616518 -5.7966426)
(0.55476166 0.024221414 -5.6713806)
(0.54603173 0.023840257 -5.5463809)
(0.53761078 0.023472591 -5.4216286)
(0.52949371 0.023118192 -5.2970789)
(0.5216692 0.022776567 -5.1727442)
(0.51413214 0.022447492 -5.0486024)
(0.50687796 0.022130767 -4.924683)
(0.49989389 0.021825836 -4.8009385)
(0.49317051 0.021532287 -4.6773786)
(0.48669963 0.021249762 -4.553993)
(0.48046898 0.020977726 -4.4307529)
(0.47447304 0.020715938 -4.3076873)
(0.46870475 0.020464089 -4.1847851)
(0.46315832 0.020221927 -4.0620271)
(0.45783493 0.019989503 -3.9394004)
(0.45273088 0.019766655 -3.8169017)
(0.44783858 0.019553053 -3.694512)
(0.4431494 0.019348319 -3.5722247)
(0.43865986 0.019152301 -3.4500304)
(0.43436772 0.018964902 -3.3279171)
(0.43026845 0.018785924 -3.2058807)
(0.42635904 0.018615235 -3.0839075)
(0.42263552 0.018452663 -2.9619933)
(0.41909511 0.018298085 -2.8401301)
(0.4157346 0.018151363 -2.7183134)
(0.41255099 0.018012363 -2.5965455)
(0.40954215 0.017880994 -2.4748212)
(0.40670453 0.017757101 -2.353137)
(0.40403487 0.017640541 -2.2314863)
(0.40152918 0.01753114 -2.1098677)
(0.39918408 0.017428751 -1.9882711)
(0.39699403 0.017333132 -1.8666857)
(0.39495328 0.017244031 -1.7451086)
(0.39305691 0.017161234 -1.6235388)
(0.39129864 0.017084466 -1.501975)
(0.38967502 0.017013577 -1.3804352)
(0.3881834 0.016948452 -1.258956)
(0.38679901 0.016888008 -1.1375558)
(0.38547257 0.016830094 -1.0163177)
(0.38407386 0.016769025 -0.89556507)
(0.38231751 0.016692341 -0.77619342)
(0.3796659 0.016576569 -0.65975695)
(0.37521082 0.016382056 -0.54799599)
(0.36754586 0.016047397 -0.44244132)
(0.35460073 0.0154822 -0.34286103)
(0.33327355 0.014551036 -0.25189363)
(0.29813953 0.013017051 -0.15488089)
(0.23335647 0.010188562 -0.074007502)
(-3.632008 -0.15857688 -21.303153)
(-4.1539035 -0.18136332 -18.218516)
(-4.0884171 -0.17850412 -15.864373)
(-3.8832359 -0.16954572 -14.546582)
(-3.6085978 -0.15755476 -13.893931)
(-3.2915694 -0.14371301 -13.588879)
(-2.9551546 -0.12902482 -13.443472)
(-2.6208431 -0.11442847 -13.370035)
(-2.3055116 -0.1006608 -13.329928)
(-2.0184884 -0.088129096 -13.303203)
(-1.7642621 -0.077029338 -13.288201)
(-1.5414727 -0.067302143 -13.278675)
(-1.346586 -0.058793206 -13.271123)
(-1.1748157 -0.051293555 -13.260335)
(-1.022111 -0.044626324 -13.242565)
(-0.88522095 -0.038649577 -13.21573)
(-0.76095955 -0.033224208 -13.177352)
(-0.64650975 -0.028227222 -13.127105)
(-0.53914505 -0.023539579 -13.064498)
(-0.43659462 -0.019062131 -12.990566)
(-0.33702837 -0.014714975 -12.905953)
(-0.23944964 -0.010454596 -12.812695)
(-0.14335305 -0.0062589287 -12.711832)
(-0.048919 -0.0021358494 -12.605059)
(0.04324303 0.0018880313 -12.492531)
(0.13185384 0.0057568624 -12.374477)
(0.21590881 0.0094267811 -12.251405)
(0.29449321 0.01285785 -12.122864)
(0.36680568 0.01601508 -11.989317)
(0.43232439 0.018875689 -11.850585)
(0.49070985 0.021424853 -11.707237)
(0.54189741 0.023659749 -11.559539)
(0.58597843 0.025584368 -11.407989)
(0.62317872 0.027208567 -11.253339)
(0.6539032 0.028550027 -11.096036)
(0.67865751 0.029630824 -10.9371)
(0.6980572 0.030477832 -10.776988)
(0.71276129 0.031119826 -10.616564)
(0.72341839 0.031585126 -10.456329)
(0.73065453 0.031901062 -10.296735)
(0.73500926 0.032091194 -10.138277)
(0.7369615 0.032176431 -9.9809726)
(0.73690639 0.032174024 -9.8252316)
(0.73518894 0.032099039 -9.6710441)
(0.7320908 0.031963771 -9.5185601)
(0.72783994 0.031778175 -9.3677034)
(0.72262361 0.031550425 -9.2185517)
(0.71660018 0.031287436 -9.0710301)
(0.70991295 0.030995465 -8.925013)
(0.70266009 0.030678799 -8.780578)
(0.69494393 0.030341904 -8.6375281)
(0.68685611 0.029988782 -8.4958779)
(0.67847148 0.029622701 -8.3554824)
(0.66985743 0.029246604 -8.2163358)
(0.66107656 0.028863223 -8.0782638)
(0.65217757 0.028474685 -7.9412947)
(0.64320937 0.028083125 -7.8052717)
(0.63421836 0.027690568 -7.6701736)
(0.62523895 0.027298519 -7.5359243)
(0.61630809 0.026908589 -7.4024344)
(0.60744881 0.026521785 -7.2696984)
(0.59868689 0.026139231 -7.1375952)
(0.59003904 0.025761658 -7.006149)
(0.58152145 0.025389772 -6.8752668)
(0.57315095 0.025024308 -6.7449401)
(0.56493531 0.024665606 -6.6151342)
(0.55688586 0.024314159 -6.4857972)
(0.54900568 0.023970103 -6.3569384)
(0.5413009 0.023633705 -6.2284877)
(0.53377326 0.023305041 -6.1004689)
(0.52642455 0.02298419 -5.9728273)
(0.51926037 0.022671395 -5.8455697)
(0.51228046 0.022366645 -5.7186578)
(0.5054852 0.022069958 -5.5920828)
(0.49887404 0.021781309 -5.4658315)
(0.49244988 0.021500824 -5.3398573)
(0.48620902 0.021228342 -5.2141695)
(0.48015025 0.020963811 -5.0887341)
(0.47427082 0.020707109 -4.9635369)
(0.46856616 0.020458038 -4.8385602)
(0.46303524 0.020216553 -4.7137948)
(0.45767802 0.019982652 -4.589211)
(0.45249517 0.019756364 -4.4648104)
(0.44748676 0.019537692 -4.3405715)
(0.44265177 0.019326591 -4.2164698)
(0.43798992 0.019123051 -4.0925407)
(0.43349891 0.018926969 -3.9687659)
(0.42917019 0.018737973 -3.8451214)
(0.42499654 0.018555748 -3.7215626)
(0.42097496 0.018380162 -3.5981214)
(0.41710859 0.018211352 -3.4747914)
(0.41340446 0.018049627 -3.3515459)
(0.40985952 0.017894851 -3.2283852)
(0.40647109 0.017746909 -3.1052982)
(0.40323855 0.017605773 -2.9822824)
(0.40015973 0.017471349 -2.8593325)
(0.39723183 0.017343515 -2.7364463)
(0.39445215 0.017222151 -2.6136282)
(0.3918194 0.017107203 -2.4908757)
(0.38933113 0.016998563 -2.3681869)
(0.38698563 0.016896155 -2.2455575)
(0.38478061 0.016799883 -2.1229876)
(0.38271463 0.01670968 -2.0004686)
(0.38078446 0.016625407 -1.8779903)
(0.37898657 0.016546909 -1.7555535)
(0.37731744 0.016474034 -1.6331549)
(0.37577132 0.016406528 -1.5107854)
(0.37434354 0.01634419 -1.3884737)
(0.37302754 0.016286732 -1.266247)
(0.3717903 0.016232713 -1.1441186)
(0.37056612 0.016179264 -1.0221676)
(0.36919547 0.016119421 -0.90072122)
(0.36734679 0.016038705 -0.78068542)
(0.36441868 0.015910861 -0.6636148)
(0.35942802 0.015692965 -0.55122764)
(0.35090029 0.015320636 -0.44503156)
(0.33673362 0.014702106 -0.34478153)
(0.31388487 0.013704508 -0.2531296)
(0.27722811 0.012104039 -0.15546752)
(0.21223294 0.009266289 -0.074068527)
(-3.3913385 -0.14806902 -21.260246)
(-3.8105579 -0.16637253 -18.193334)
(-3.7093016 -0.16195159 -15.856984)
(-3.4915058 -0.15244242 -14.547507)
(-3.217229 -0.14046724 -13.90717)
(-2.9031254 -0.12675318 -13.600986)
(-2.5668573 -0.1120714 -13.44305)
(-2.2267719 -0.097222948 -13.34742)
(-1.9001059 -0.082960407 -13.275845)
(-1.6018661 -0.069938976 -13.220335)
(-1.3425504 -0.05861701 -13.177494)
(-1.1267646 -0.049195601 -13.146274)
(-0.95173731 -0.041553744 -13.120989)
(-0.81068889 -0.035395438 -13.09567)
(-0.69519777 -0.030352987 -13.065217)
(-0.59768736 -0.026095591 -13.027546)
(-0.51197014 -0.022353097 -12.980797)
(-0.43394354 -0.018946382 -12.92554)
(-0.36091229 -0.015757769 -12.861625)
(-0.2913704 -0.012721505 -12.789814)
(-0.22443397 -0.0097989977 -12.71038)
(-0.15963522 -0.0069698232 -12.624154)
(-0.096745894 -0.0042240165 -12.530511)
(-0.035831661 -0.0015644439 -12.430652)
(0.023116836 0.0010093027 -12.324633)
(0.07975651 0.0034822441 -12.212633)
(0.13373638 0.005839056 -12.094826)
(0.18473664 0.0080657749 -11.971304)
(0.23241779 0.010147579 -11.843127)
(0.27658477 0.01207595 -11.710614)
(0.31710359 0.01384504 -11.574328)
(0.35386047 0.01544988 -11.434434)
(0.38692164 0.016893362 -11.291671)
(0.41637355 0.01817926 -11.146762)
(0.44238692 0.019315028 -10.999983)
(0.46515021 0.020308895 -10.852119)
(0.4849055 0.021171429 -10.703355)
(0.50190696 0.021913729 -10.55429)
(0.51639668 0.022546363 -10.405127)
(0.52862492 0.02308026 -10.256144)
(0.53880474 0.02352472 -10.107745)
(0.54714485 0.023888857 -9.9598718)
(0.55382047 0.024180321 -9.812888)
(0.5590006 0.024406491 -9.6667117)
(0.56284434 0.024574312 -9.521526)
(0.56548846 0.024689757 -9.3772526)
(0.5670581 0.024758289 -9.2339852)
(0.56766758 0.024784899 -9.0916782)
(0.5674325 0.024774635 -8.9502341)
(0.5664342 0.024731049 -8.809749)
(0.56476272 0.02465807 -8.6700569)
(0.56250491 0.024559492 -8.5312026)
(0.55973088 0.024438375 -8.3930803)
(0.55650686 0.024297612 -8.2557248)
(0.55289336 0.024139843 -8.1190117)
(0.54894012 0.02396724 -7.9830188)
(0.54469486 0.023781889 -7.8476446)
(0.5402065 0.023585923 -7.7129216)
(0.53551091 0.023380909 -7.5788252)
(0.53064848 0.023168611 -7.4453162)
(0.52564673 0.022950229 -7.3124296)
(0.52053588 0.022727085 -7.1800818)
(0.51533983 0.02250022 -7.0483244)
(0.51008075 0.022270604 -6.9170849)
(0.504784 0.022039343 -6.7863688)
(0.49946581 0.021807146 -6.6561458)
(0.49414708 0.021574925 -6.5263674)
(0.48884058 0.021343238 -6.3970376)
(0.48356132 0.021112741 -6.2680818)
(0.47832125 0.020883955 -6.1395147)
(0.47313104 0.020657345 -6.0112804)
(0.46800474 0.020433526 -5.8833724)
(0.46294962 0.020212815 -5.7557514)
(0.45797432 0.019995589 -5.6284085)
(0.45308504 0.019782118 -5.5013321)
(0.44829101 0.019572806 -5.3744752)
(0.44359502 0.019367775 -5.2478609)
(0.43900127 0.019167207 -5.1214594)
(0.43451639 0.018971393 -4.9952711)
(0.43014247 0.018780424 -4.8692809)
(0.4258831 0.018594456 -4.7434924)
(0.4217413 0.018413621 -4.6178832)
(0.41771951 0.018238026 -4.4924627)
(0.4138197 0.018067756 -4.3672132)
(0.41004569 0.01790298 -4.2421392)
(0.40639318 0.017743508 -4.1172327)
(0.40285615 0.017589078 -3.9924791)
(0.3994291 0.017439449 -3.8678808)
(0.39611364 0.017294693 -3.7434154)
(0.39291147 0.017154883 -3.6190552)
(0.38982283 0.017020031 -3.4948844)
(0.38684115 0.016889847 -3.3708672)
(0.383957 0.016763923 -3.2469097)
(0.38117837 0.016642605 -3.1231082)
(0.37851332 0.016526247 -2.9994002)
(0.37596511 0.01641499 -2.8757801)
(0.3735351 0.016308893 -2.7522396)
(0.37122476 0.016208021 -2.6287771)
(0.36903418 0.016112379 -2.5053839)
(0.36696144 0.016021881 -2.3820525)
(0.36500503 0.015936462 -2.2587732)
(0.36316282 0.01585603 -2.1355408)
(0.36143345 0.015780524 -2.0123439)
(0.35981413 0.015709822 -1.8891703)
(0.35830231 0.015643815 -1.7660193)
(0.3568954 0.015582388 -1.6428885)
(0.35558915 0.015525356 -1.519779)
(0.3543789 0.015472515 -1.3967069)
(0.35325566 0.015423473 -1.2737207)
(0.35217887 0.01537646 -1.1508318)
(0.35106774 0.015327947 -1.0281232)
(0.34973463 0.015269742 -0.90593499)
(0.34780392 0.015185445 -0.78519069)
(0.34461445 0.01504619 -0.6674506)
(0.33911561 0.014806106 -0.55441767)
(0.32977813 0.014398423 -0.44758183)
(0.31449432 0.013731117 -0.34668813)
(0.29032517 0.012675869 -0.25439465)
(0.25253001 0.011025697 -0.15611486)
(0.18808589 0.0082120063 -0.074210737)
(-3.1564429 -0.13781326 -21.289585)
(-3.5291335 -0.15408528 -18.22866)
(-3.415801 -0.14913707 -15.892993)
(-3.2039839 -0.13988894 -14.584604)
(-2.9489558 -0.12875418 -13.941703)
(-2.660464 -0.11615835 -13.621552)
(-2.3495362 -0.10258296 -13.441414)
(-2.0275565 -0.088525017 -13.318109)
(-1.7065947 -0.074511524 -13.21515)
(-1.3989998 -0.061081643 -13.12283)
(-1.1171181 -0.048774426 -13.041224)
(-0.87302029 -0.038116885 -12.974005)
(-0.6724776 -0.029361003 -12.919601)
(-0.51532228 -0.022499454 -12.874245)
(-0.39577179 -0.017279767 -12.83221)
(-0.30537029 -0.013332754 -12.789159)
(-0.23540932 -0.010278192 -12.740713)
(-0.17913085 -0.0078210208 -12.685632)
(-0.13162528 -0.0057468833 -12.622825)
(-0.089823508 -0.0039217787 -12.552662)
(-0.051928406 -0.0022672429 -12.474569)
(-0.017001606 -0.00074230609 -12.3896)
(0.01596716 0.00069714113 -12.297974)
(0.047840138 0.0020887453 -12.200438)
(0.079025066 0.0034503085 -12.097581)
(0.10967502 0.0047885144 -11.989666)
(0.13963776 0.0060967155 -11.877318)
(0.16872814 0.007366829 -11.760684)
(0.19671016 0.0085885499 -11.640398)
(0.22342024 0.0097547371 -11.51639)
(0.24876705 0.010861403 -11.389724)
(0.27268827 0.011905826 -11.26075)
(0.29509467 0.01288411 -11.129437)
(0.31592304 0.013793496 -10.99649)
(0.33517484 0.014634048 -10.861992)
(0.35284553 0.015405567 -10.726553)
(0.36897809 0.01610993 -10.590211)
(0.38362577 0.016749461 -10.453306)
(0.39684527 0.017326637 -10.315946)
(0.4087123 0.017844762 -10.178251)
(0.4192823 0.018306258 -10.04045)
(0.42863339 0.018714536 -9.9024532)
(0.43682915 0.01907237 -9.7645548)
(0.44394272 0.019382955 -9.6266541)
(0.45005154 0.019649672 -9.4889493)
(0.4552201 0.019875337 -9.351397)
(0.45951278 0.020062759 -9.2141399)
(0.46299118 0.020214629 -9.0771968)
(0.46572592 0.020334031 -8.9405435)
(0.46776054 0.020422864 -8.8043465)
(0.46915107 0.020483576 -8.6685121)
(0.46995725 0.020518774 -8.5331475)
(0.47022601 0.020530508 -8.3982009)
(0.47000565 0.020520887 -8.2637484)
(0.46934168 0.020491898 -8.1296971)
(0.4682737 0.020445269 -7.996143)
(0.46684052 0.020382695 -7.8629951)
(0.46508595 0.020306089 -7.7302899)
(0.46304223 0.020216858 -7.5980011)
(0.46074797 0.020116689 -7.466088)
(0.45823067 0.020006781 -7.3345814)
(0.45552065 0.019888459 -7.2033993)
(0.45264364 0.019762846 -7.072594)
(0.44962272 0.01963095 -6.9421009)
(0.44648509 0.019493958 -6.8119365)
(0.44324832 0.019352638 -6.6820855)
(0.43993457 0.019207956 -6.5525173)
(0.43655792 0.019060528 -6.4232563)
(0.4331339 0.018911033 -6.2942505)
(0.42967563 0.018760041 -6.1655362)
(0.4261936 0.018608013 -6.0370788)
(0.42270255 0.01845559 -5.9088918)
(0.41921065 0.01830313 -5.7809525)
(0.41572782 0.018151067 -5.6532664)
(0.41226138 0.017999719 -5.5258307)
(0.40882252 0.017849575 -5.3986122)
(0.40541596 0.017700841 -5.2716304)
(0.40204766 0.017553778 -5.1448606)
(0.39872679 0.017408786 -5.0183032)
(0.39545827 0.017266079 -4.8919376)
(0.39224873 0.017125947 -4.7657701)
(0.38910294 0.016988599 -4.639769)
(0.38602549 0.016854235 -4.5139386)
(0.38302037 0.016723029 -4.3882621)
(0.38009355 0.016595241 -4.2627321)
(0.37724687 0.016470952 -4.1373427)
(0.3744846 0.016350349 -4.012074)
(0.37180968 0.01623356 -3.8869266)
(0.36922635 0.016120769 -3.7618853)
(0.36673674 0.01601207 -3.6369462)
(0.36433446 0.015907185 -3.5121086)
(0.36201034 0.015805711 -3.3873564)
(0.35976156 0.015707527 -3.2626504)
(0.35759061 0.015612742 -3.1380942)
(0.35548849 0.015520961 -3.0136398)
(0.35345588 0.015432215 -2.8892343)
(0.351505 0.015347038 -2.7649462)
(0.34964384 0.015265778 -2.640737)
(0.3478787 0.015188711 -2.5166107)
(0.34621112 0.015115902 -2.392565)
(0.34464047 0.015047326 -2.268594)
(0.34316479 0.014982897 -2.1446949)
(0.34178217 0.01492253 -2.0208569)
(0.34048896 0.014866067 -1.8970663)
(0.33928139 0.014813344 -1.7733197)
(0.33815564 0.014764193 -1.6496111)
(0.337106 0.014718364 -1.5259369)
(0.33612602 0.014675577 -1.4023146)
(0.33520355 0.014635302 -1.2787751)
(0.33428984 0.014595408 -1.15534)
(0.33328931 0.014551724 -1.0320826)
(0.33198998 0.014494994 -0.90935)
(0.32998011 0.014407241 -0.78808019)
(0.32655294 0.014257608 -0.66984131)
(0.32061216 0.013998228 -0.55632643)
(0.31060391 0.013561258 -0.44901501)
(0.29445063 0.012855991 -0.34765361)
(0.26936739 0.011760833 -0.25491107)
(0.23103162 0.010087057 -0.15630501)
(0.16789208 0.0073303258 -0.074148057)
(-2.9446366 -0.1285656 -21.236523)
(-3.2632647 -0.1424772 -18.176581)
(-3.1355394 -0.13690059 -15.858745)
(-2.9300933 -0.12793062 -14.578761)
(-2.6986239 -0.11782445 -13.96566)
(-2.4448315 -0.10674363 -13.659927)
(-2.1747406 -0.094951215 -13.482836)
(-1.893172 -0.082657664 -13.354904)
(-1.6056413 -0.070103806 -13.243293)
(-1.3181632 -0.05755224 -13.133158)
(-1.0395398 -0.045387284 -13.028428)
(-0.78091293 -0.034095391 -12.930823)
(-0.55394946 -0.024185953 -12.844862)
(-0.36715022 -0.016030123 -12.770872)
(-0.22351102 -0.0097587009 -12.70676)
(-0.11934171 -0.005210571 -12.649159)
(-0.045840225 -0.0020014272 -12.592489)
(0.0057955005 0.00025303699 -12.532895)
(0.041796217 0.001824862 -12.467101)
(0.067149521 0.0029318111 -12.394479)
(0.085919176 0.0037513118 -12.314435)
(0.10100639 0.0044100336 -12.227986)
(0.1143603 0.0049930781 -12.13535)
(0.12700185 0.0055450199 -12.03768)
(0.13950223 0.0060907982 -11.935439)
(0.15216651 0.0066437325 -11.82916)
(0.16505114 0.0072062878 -11.719532)
(0.17819575 0.0077801937 -11.606704)
(0.19150159 0.008361139 -11.491685)
(0.20491817 0.0089469196 -11.374261)
(0.21829572 0.0095309959 -11.254333)
(0.23153981 0.010109245 -11.132235)
(0.24452557 0.010676216 -11.008629)
(0.25713063 0.011226565 -10.883675)
(0.26928993 0.011757451 -10.757272)
(0.28091988 0.012265226 -10.629864)
(0.29197583 0.012747939 -10.501326)
(0.30242468 0.013204145 -10.371965)
(0.31223558 0.013632498 -10.241834)
(0.321402 0.014032713 -10.11104)
(0.32990194 0.014403828 -9.9798188)
(0.33773907 0.014746005 -9.8481088)
(0.34490854 0.01505903 -9.7162226)
(0.35142103 0.015343372 -9.5840766)
(0.35729848 0.015599987 -9.4518822)
(0.36255604 0.015829537 -9.3195989)
(0.36721459 0.016032933 -9.1873616)
(0.37129693 0.016211172 -9.0551738)
(0.37483934 0.016365837 -8.9229946)
(0.37785686 0.016497585 -8.790967)
(0.38037891 0.0166077 -8.6589795)
(0.38244227 0.016697788 -8.5271265)
(0.38407334 0.016769002 -8.3953497)
(0.38530247 0.016822667 -8.2637265)
(0.38615837 0.016860037 -8.1321772)
(0.3866664 0.016882218 -8.0008155)
(0.38685131 0.016890291 -7.8695769)
(0.38674437 0.016885622 -7.7385288)
(0.38636647 0.016869122 -7.6076763)
(0.3857455 0.01684201 -7.4770127)
(0.38489994 0.016805092 -7.3465989)
(0.38385145 0.016759314 -7.2163814)
(0.38261879 0.016705495 -7.086436)
(0.38121851 0.016644358 -6.956717)
(0.3796724 0.016576853 -6.8272553)
(0.3779939 0.016503568 -6.698043)
(0.37620162 0.016425316 -6.5690557)
(0.37430754 0.016342618 -6.4403172)
(0.37232529 0.016256071 -6.3117741)
(0.37026723 0.016166214 -6.1834584)
(0.36814324 0.016073479 -6.0553301)
(0.36596792 0.015978503 -5.9273989)
(0.36374976 0.015881656 -5.7996376)
(0.36149929 0.015783398 -5.6720493)
(0.35922445 0.015684077 -5.5446299)
(0.35693668 0.01558419 -5.4173484)
(0.35464182 0.015483995 -5.2902266)
(0.35234677 0.01538379 -5.1632446)
(0.35006163 0.015284019 -5.0364105)
(0.34779244 0.015184944 -4.9097134)
(0.34554639 0.01508688 -4.7831632)
(0.34332911 0.014990071 -4.6567405)
(0.34114646 0.014894775 -4.5304603)
(0.33900261 0.014801172 -4.404318)
(0.33690406 0.014709548 -4.2783135)
(0.33485423 0.01462005 -4.1524486)
(0.33285898 0.014532935 -4.0267129)
(0.33092233 0.014448379 -3.9011095)
(0.3290478 0.014366536 -3.7756251)
(0.32723825 0.014287529 -3.6502568)
(0.32549526 0.014211428 -3.5250065)
(0.323823 0.014138416 -3.3998636)
(0.32222318 0.014068567 -3.2748305)
(0.32068947 0.014001603 -3.1498909)
(0.31920672 0.013936865 -3.0249873)
(0.3177678 0.01387404 -2.9002088)
(0.31636923 0.013812977 -2.7755232)
(0.31501594 0.013753892 -2.6509084)
(0.31372152 0.013697376 -2.5263751)
(0.31249302 0.013643739 -2.401901)
(0.31133339 0.013593108 -2.2774856)
(0.31024264 0.013545485 -2.1531277)
(0.30922077 0.013500869 -2.0288178)
(0.30826575 0.013459172 -1.9045446)
(0.30737484 0.013420274 -1.7803082)
(0.30654446 0.013384019 -1.6561046)
(0.30576797 0.013350116 -1.5319308)
(0.30503548 0.013318135 -1.4078038)
(0.3043292 0.013287298 -1.2837586)
(0.30358872 0.013254968 -1.1598022)
(0.30269782 0.013216071 -1.0360176)
(0.30141278 0.013159965 -0.91275183)
(0.29927737 0.013066731 -0.79095789)
(0.29553058 0.012903142 -0.6722178)
(0.28902334 0.01261903 -0.55822648)
(0.27817151 0.012145229 -0.45046531)
(0.26092829 0.011392374 -0.34867417)
(0.23466777 0.010245815 -0.25556637)
(0.19558577 0.008539458 -0.15655454)
(0.13418856 0.0058587984 -0.074276827)
(-2.7172098 -0.11863593 -20.963251)
(-2.9463898 -0.12864214 -17.927541)
(-2.7976071 -0.12214615 -15.692866)
(-2.6039956 -0.11369289 -14.524935)
(-2.3980734 -0.10470214 -13.988389)
(-2.1807238 -0.095212448 -13.729095)
(-1.9536402 -0.085297766 -13.57961)
(-1.7174277 -0.074984503 -13.468363)
(-1.4734301 -0.064331339 -13.366979)
(-1.2237125 -0.053428436 -13.26303)
(-0.97278585 -0.042472743 -13.157995)
(-0.72687427 -0.031736013 -13.052095)
(-0.49496813 -0.021610773 -12.949547)
(-0.28671815 -0.012518383 -12.851951)
(-0.11147838 -0.0048672505 -12.760213)
(0.024306056 0.0010612252 -12.674597)
(0.1195504 0.0052196827 -12.592913)
(0.17986342 0.0078530057 -12.512223)
(0.21470903 0.0093743977 -12.429521)
(0.23258665 0.010154951 -12.343527)
(0.24022669 0.010488523 -12.25305)
(0.2422655 0.010577539 -12.158229)
(0.24175198 0.010555118 -12.05859)
(0.24047292 0.010499273 -11.955174)
(0.23944838 0.010454541 -11.848372)
(0.23919917 0.01044366 -11.738667)
(0.23989856 0.010474196 -11.626685)
(0.24160198 0.010548569 -11.512349)
(0.24422248 0.010662983 -11.396089)
(0.24772604 0.010815951 -11.277876)
(0.25196208 0.011000901 -11.158675)
(0.25670933 0.01120817 -11.038507)
(0.26187651 0.011433774 -10.917273)
(0.26732827 0.011671803 -10.795201)
(0.27296613 0.011917957 -10.672139)
(0.27867666 0.012167284 -10.548454)
(0.28438316 0.012416435 -10.423959)
(0.2900196 0.012662528 -10.298902)
(0.2955226 0.012902794 -10.173256)
(0.30085335 0.01313554 -10.047044)
(0.30596195 0.013358586 -9.9204219)
(0.31082376 0.013570857 -9.7932537)
(0.31540849 0.01377103 -9.6657852)
(0.31970076 0.013958435 -9.5378802)
(0.32369716 0.014132922 -9.4097137)
(0.32738857 0.014294092 -9.2812237)
(0.33077228 0.014441828 -9.1525391)
(0.33384721 0.014576082 -9.023671)
(0.33662517 0.014697371 -8.8945989)
(0.3390997 0.014805411 -8.7654883)
(0.3412771 0.014900478 -8.6362559)
(0.34317177 0.014983201 -8.5070233)
(0.34478935 0.015053827 -8.3777529)
(0.34614047 0.015112818 -8.248539)
(0.34723533 0.01516062 -8.1193114)
(0.348083 0.01519763 -7.990185)
(0.34869319 0.015224272 -7.8610914)
(0.34908328 0.015241304 -7.7320906)
(0.34926288 0.015249145 -7.6031749)
(0.34924927 0.015248551 -7.4743262)
(0.34905285 0.015239975 -7.345593)
(0.3486878 0.015224036 -7.2169129)
(0.34816688 0.015201293 -7.0883547)
(0.34750159 0.015172245 -6.9598695)
(0.34670858 0.015137622 -6.8314897)
(0.3457978 0.015097856 -6.7032132)
(0.34478393 0.01505359 -6.5750249)
(0.3436762 0.015005225 -6.4469598)
(0.34248538 0.014953233 -6.3189798)
(0.34122129 0.014898041 -6.1911321)
(0.33989163 0.014839988 -6.0633924)
(0.33850819 0.014779585 -5.9357858)
(0.3370776 0.014717124 -5.8082984)
(0.33560819 0.014652968 -5.6809455)
(0.33410616 0.014587388 -5.5537315)
(0.33258059 0.01452078 -5.4266327)
(0.33103588 0.014453337 -5.2996745)
(0.32947719 0.014385283 -5.1728383)
(0.32791237 0.014316961 -5.0461321)
(0.32634554 0.014248552 -4.919542)
(0.32478316 0.014180338 -4.7930738)
(0.3232311 0.014112573 -4.6667057)
(0.32169448 0.014045483 -4.5404477)
(0.32017623 0.013979195 -4.4142842)
(0.3186815 0.013913933 -4.2882202)
(0.31721249 0.013849795 -4.1622503)
(0.31577387 0.013786983 -4.0363644)
(0.31436903 0.013725647 -3.9105669)
(0.31300269 0.013665991 -3.7848442)
(0.31167921 0.013608207 -3.6592001)
(0.31040118 0.013552407 -3.5336303)
(0.30917277 0.013498773 -3.4081377)
(0.3079961 0.013447399 -3.2827274)
(0.30687561 0.013398477 -3.1573967)
(0.30581393 0.013352123 -3.0321432)
(0.30480379 0.013308019 -2.9069374)
(0.30382929 0.013265472 -2.7817886)
(0.30288057 0.01322405 -2.6567797)
(0.30196128 0.013183913 -2.5318444)
(0.30108318 0.013145574 -2.4069844)
(0.30025408 0.013109375 -2.2821844)
(0.29947468 0.013075345 -2.1574496)
(0.29874388 0.013043438 -2.0327716)
(0.29805905 0.013013538 -1.9081404)
(0.29741692 0.012985502 -1.7835576)
(0.29681317 0.012959142 -1.6590216)
(0.29624034 0.012934131 -1.534532)
(0.2956866 0.012909954 -1.4101063)
(0.29513198 0.012885739 -1.2857869)
(0.29451135 0.012858642 -1.1615736)
(0.29370104 0.012823263 -1.0375551)
(0.29244634 0.012768481 -0.9140775)
(0.29027999 0.012673897 -0.79210058)
(0.2864368 0.012506099 -0.67320601)
(0.27978487 0.01221567 -0.55907747)
(0.26879888 0.011736011 -0.45118007)
(0.25155422 0.010983093 -0.34925342)
(0.22563825 0.0098515776 -0.25596509)
(0.18760367 0.0081909522 -0.15685596)
(0.12869953 0.0056191422 -0.074214723)
(-2.4569187 -0.10727138 -20.482175)
(-2.5636858 -0.11193293 -17.514662)
(-2.3907923 -0.10438423 -15.448929)
(-2.212677 -0.096607555 -14.458526)
(-2.0375522 -0.088961442 -14.02837)
(-1.8614551 -0.081272877 -13.827633)
(-1.6814709 -0.073414595 -13.711845)
(-1.4952626 -0.065284566 -13.622352)
(-1.302337 -0.056861256 -13.53603)
(-1.1038175 -0.04819371 -13.444694)
(-0.90284592 -0.0394191 -13.348173)
(-0.7041061 -0.030741933 -13.246809)
(-0.51325145 -0.02240904 -13.141826)
(-0.33644177 -0.014689363 -13.034088)
(-0.17974756 -0.0078479473 -12.924871)
(-0.048289175 -0.0021083507 -12.816208)
(0.05519313 0.0024097838 -12.708794)
(0.130269 0.0056876667 -12.603191)
(0.18022321 0.0078687146 -12.49768)
(0.21034953 0.0091840578 -12.391739)
(0.22628655 0.0098798833 -12.283818)
(0.23289793 0.010168542 -12.174291)
(0.23400484 0.010216871 -12.062817)
(0.23226724 0.010141006 -11.949716)
(0.22942401 0.010016867 -11.834973)
(0.22651792 0.0098899847 -11.718833)
(0.22407461 0.0097833078 -11.60175)
(0.22236096 0.009708488 -11.483574)
(0.22140619 0.009666802 -11.364826)
(0.22115939 0.0096560266 -11.245292)
(0.22155142 0.0096731427 -11.125332)
(0.22253309 0.0097160033 -11.004797)
(0.22402926 0.0097813277 -10.88369)
(0.22593487 0.0098645283 -10.762151)
(0.22817521 0.0099623438 -10.639929)
(0.23066046 0.010070852 -10.517296)
(0.23332847 0.01018734 -10.393994)
(0.23612504 0.010309441 -10.270221)
(0.23899517 0.010434753 -10.145922)
(0.24190219 0.010561677 -10.021113)
(0.24479797 0.010688109 -9.8959432)
(0.24765355 0.010812786 -9.7702866)
(0.25043389 0.010934179 -9.6443927)
(0.25311507 0.011051242 -9.5181289)
(0.25568258 0.011163341 -9.391668)
(0.25811688 0.011269625 -9.2649385)
(0.26040398 0.011369482 -9.1380531)
(0.26253163 0.011462377 -9.0109999)
(0.26449911 0.011548279 -8.8837334)
(0.26629159 0.011626541 -8.7563886)
(0.26790589 0.011697023 -8.6288562)
(0.26934661 0.011759926 -8.5012334)
(0.27061221 0.011815183 -8.3734648)
(0.27170617 0.011862946 -8.2456319)
(0.27263243 0.011903387 -8.1176608)
(0.27339455 0.011936662 -7.9896673)
(0.27399716 0.011962973 -7.8615898)
(0.27445132 0.011982802 -7.7334998)
(0.27476195 0.011996365 -7.6054025)
(0.27494021 0.012004148 -7.4772962)
(0.27499166 0.012006394 -7.3492424)
(0.27492491 0.01200348 -7.2211929)
(0.27474729 0.011995724 -7.0932269)
(0.27446519 0.011983407 -6.9653039)
(0.27408891 0.011966979 -6.837462)
(0.27362357 0.011946662 -6.7096999)
(0.27307808 0.011922845 -6.582002)
(0.27245715 0.011895735 -6.4543996)
(0.27176706 0.011865605 -6.3268494)
(0.27101353 0.011832705 -6.1993919)
(0.27020116 0.011797236 -6.0719962)
(0.26933797 0.011759549 -5.9446818)
(0.26842842 0.011719837 -5.8174296)
(0.26747961 0.011678411 -5.6902516)
(0.26649826 0.011635564 -5.5631505)
(0.26549297 0.011591672 -5.436104)
(0.26446793 0.011546918 -5.3091403)
(0.26342801 0.011501514 -5.1822454)
(0.2623803 0.01145577 -5.0554346)
(0.26132917 0.011409877 -4.928698)
(0.26028067 0.011364098 -4.8020547)
(0.25924031 0.011318675 -4.6754906)
(0.2582139 0.011273861 -4.5490196)
(0.25720537 0.011229828 -4.422637)
(0.2562198 0.011186797 -4.2963495)
(0.25525952 0.01114487 -4.1701522)
(0.25432783 0.011104192 -4.0440477)
(0.25342654 0.011064841 -3.9180345)
(0.25255809 0.011026923 -3.7920994)
(0.25172543 0.010990568 -3.666244)
(0.25093106 0.010955885 -3.5404646)
(0.25017936 0.010923066 -3.4147553)
(0.24947294 0.010892223 -3.2891149)
(0.24881615 0.010863546 -3.1635409)
(0.24821409 0.01083726 -3.0380335)
(0.24767196 0.01081359 -2.9125878)
(0.24718902 0.010792505 -2.7871741)
(0.24675158 0.010773406 -2.6618022)
(0.2463403 0.010755449 -2.5365614)
(0.24594097 0.010738013 -2.4114058)
(0.24556035 0.010721395 -2.2863138)
(0.24522058 0.01070656 -2.1612858)
(0.24493454 0.010694072 -2.0363182)
(0.24470057 0.010683856 -1.9113992)
(0.24451369 0.010675697 -1.7865288)
(0.24436701 0.010669293 -1.6617043)
(0.24424911 0.010664145 -1.5369239)
(0.2441409 0.010659421 -1.4121985)
(0.24401224 0.010653803 -1.28757)
(0.24378249 0.010643772 -1.1630287)
(0.24329928 0.010622675 -1.0386654)
(0.24226022 0.010577309 -0.91483363)
(0.24012716 0.010484177 -0.79250694)
(0.2360428 0.01030585 -0.67327853)
(0.22877534 0.0099885458 -0.55883615)
(0.21671736 0.0094620831 -0.45066043)
(0.19792807 0.0086417253 -0.34852188)
(0.17015826 0.0074292692 -0.25517311)
(0.13066641 0.0057050178 -0.15619508)
(0.073976993 0.0032299049 -0.074112297)
(-2.0963614 -0.091529105 -19.906944)
(-2.0802592 -0.090826067 -17.036915)
(-1.901786 -0.083033761 -15.265839)
(-1.7409056 -0.076009573 -14.467489)
(-1.6019295 -0.069941747 -14.15021)
(-1.4719575 -0.064267045 -14.006724)
(-1.3423591 -0.058608658 -13.923492)
(-1.2078167 -0.05273441 -13.855254)
(-1.0664679 -0.046562988 -13.785424)
(-0.91819859 -0.040089412 -13.707371)
(-0.76467236 -0.033386312 -13.621552)
(-0.60905963 -0.026592115 -13.528036)
(-0.45526433 -0.019877268 -13.42698)
(-0.3079692 -0.013446224 -13.318299)
(-0.17222472 -0.007519493 -13.202419)
(-0.052973817 -0.0023128865 -13.080595)
(0.045955507 0.0020064606 -12.953466)
(0.12277272 0.0053603724 -12.824593)
(0.17875788 0.0078047367 -12.694843)
(0.21751514 0.0094969152 -12.564606)
(0.2429355 0.010606792 -12.43453)
(0.258555 0.011288754 -12.30538)
(0.26742472 0.011676014 -12.176707)
(0.27185389 0.011869396 -12.048928)
(0.27351076 0.011941736 -11.921848)
(0.27354456 0.011943212 -11.795401)
(0.27268308 0.011905599 -11.669671)
(0.27141217 0.01185011 -11.544252)
(0.27000281 0.011788576 -11.419423)
(0.26863783 0.01172898 -11.294714)
(0.26741906 0.011675767 -11.1703)
(0.26640172 0.011631349 -11.045993)
(0.26561908 0.011597178 -10.921702)
(0.26506569 0.011573017 -10.797498)
(0.26474073 0.011558829 -10.673106)
(0.26461793 0.011553467 -10.548758)
(0.26467905 0.011556136 -10.424166)
(0.26490334 0.011565928 -10.299481)
(0.26526287 0.011581626 -10.174596)
(0.26573905 0.011602416 -10.049471)
(0.26630187 0.011626989 -9.9241927)
(0.26693368 0.011654575 -9.7985845)
(0.26761112 0.011684153 -9.6728386)
(0.26831836 0.011715031 -9.5467831)
(0.26904519 0.011746765 -9.4205555)
(0.26977708 0.01177872 -9.2940634)
(0.27050282 0.011810407 -9.1674061)
(0.27121171 0.011841358 -9.0405677)
(0.2719002 0.011871418 -8.9135111)
(0.27255337 0.011899936 -8.7863745)
(0.27316395 0.011926595 -8.6590596)
(0.27372914 0.011951271 -8.5316718)
(0.27424106 0.011973622 -8.4041609)
(0.27469491 0.011993438 -8.2766092)
(0.27508629 0.012010525 -8.1489398)
(0.27541047 0.01202468 -8.0212602)
(0.27566419 0.012035757 -7.8934969)
(0.27584893 0.012043823 -7.7657092)
(0.27596279 0.012048794 -7.6378864)
(0.2760088 0.012050803 -7.5100136)
(0.27598678 0.012049842 -7.3821383)
(0.27589983 0.012046045 -7.2542038)
(0.27575037 0.01203952 -7.1262813)
(0.27554136 0.012030394 -6.9983268)
(0.2752785 0.012018917 -6.8703787)
(0.27496457 0.012005211 -6.742438)
(0.27460506 0.011989515 -6.6144966)
(0.27420271 0.011971948 -6.4865923)
(0.27376156 0.011952687 -6.3586917)
(0.27328519 0.011931888 -6.2308451)
(0.27277764 0.011909728 -6.1030302)
(0.2722446 0.011886455 -5.975276)
(0.2716885 0.011862175 -5.8475667)
(0.2711127 0.011837035 -5.7199234)
(0.27052 0.011811157 -5.5923524)
(0.2699156 0.011784768 -5.4648291)
(0.26930178 0.011757968 -5.3373786)
(0.26868085 0.011730858 -5.2099839)
(0.26805634 0.011703591 -5.0826563)
(0.26743034 0.011676259 -4.9553805)
(0.26680454 0.011648937 -4.8281702)
(0.26618034 0.011621684 -4.7010063)
(0.26556042 0.011594617 -4.5738989)
(0.26494743 0.011567853 -4.4468393)
(0.2643454 0.011541568 -4.3198313)
(0.26375724 0.011515888 -4.192876)
(0.26318599 0.011490947 -4.0659652)
(0.26263312 0.011466808 -3.939104)
(0.26210102 0.011443577 -3.8122834)
(0.2615927 0.011421383 -3.6855072)
(0.26111066 0.011400336 -3.5587732)
(0.26065868 0.011380603 -3.4320859)
(0.26023966 0.011362308 -3.3054426)
(0.25985742 0.011345619 -3.1788393)
(0.25951621 0.011330721 -3.0522781)
(0.25922259 0.011317901 -2.9257533)
(0.25898452 0.011307507 -2.7992801)
(0.25880501 0.01129967 -2.6728603)
(0.25867627 0.011294049 -2.5464713)
(0.25858556 0.011290088 -2.4200666)
(0.25852811 0.01128758 -2.2938066)
(0.25850397 0.011286526 -2.1676736)
(0.25851351 0.011286943 -2.0415785)
(0.25855445 0.01128873 -1.9155502)
(0.25862074 0.011291624 -1.7895989)
(0.25869533 0.011294881 -1.6637276)
(0.25873324 0.011296536 -1.5379429)
(0.25865201 0.011292989 -1.4122578)
(0.25839692 0.011281852 -1.2867341)
(0.25792236 0.011261132 -1.1613765)
(0.25711956 0.011226081 -1.0363046)
(0.25572261 0.011165089 -0.91192903)
(0.25324404 0.011056872 -0.78927527)
(0.24892157 0.010868149 -0.66995791)
(0.24169071 0.010552443 -0.55564852)
(0.23018467 0.010050078 -0.44780727)
(0.21275016 0.0092888715 -0.34620557)
(0.18743321 0.0081835099 -0.25350676)
(0.1515563 0.0066170904 -0.15539874)
(0.098548449 0.0043027177 -0.073827822)
(-1.4757982 -0.064434734 -19.33498)
(-1.4021925 -0.061221038 -16.674725)
(-1.2417755 -0.054217085 -15.225645)
(-1.1146958 -0.048668665 -14.608662)
(-1.0198951 -0.044529578 -14.40541)
(-0.94325139 -0.04118324 -14.314353)
(-0.87378276 -0.038150175 -14.26185)
(-0.80536199 -0.03516286 -14.218908)
(-0.73534532 -0.032105867 -14.171321)
(-0.66294323 -0.028944724 -14.113917)
(-0.58834726 -0.025687793 -14.046343)
(-0.51220112 -0.022363181 -13.968155)
(-0.4354223 -0.019010946 -13.879901)
(-0.35901378 -0.015674879 -13.781859)
(-0.28412924 -0.012405349 -13.675542)
(-0.21206587 -0.0092589946 -13.562623)
(-0.14425054 -0.006298114 -13.442859)
(-0.082465616 -0.0036005262 -13.318766)
(-0.028560449 -0.001246976 -13.191695)
(0.01632096 0.00071258843 -13.062756)
(0.052528843 0.0022934586 -12.931535)
(0.081202861 0.0035453931 -12.799457)
(0.10369164 0.0045272743 -12.666761)
(0.12123088 0.005293054 -12.534037)
(0.13487007 0.0058885536 -12.401265)
(0.14545824 0.0063508432 -12.268562)
(0.15365018 0.006708511 -12.136106)
(0.15997157 0.0069845086 -12.00368)
(0.16482037 0.0071962119 -11.871595)
(0.16852225 0.0073578397 -11.739538)
(0.17133073 0.0074804602 -11.607709)
(0.17344581 0.0075728065 -11.475947)
(0.17503177 0.0076420511 -11.344237)
(0.17620914 0.0076934564 -11.21264)
(0.17708178 0.0077315568 -11.080928)
(0.17772349 0.0077595742 -10.949313)
(0.17819804 0.0077802935 -10.81755)
(0.17855518 0.0077958865 -10.685793)
(0.17882933 0.0078078564 -10.553949)
(0.17905024 0.0078175016 -10.422011)
(0.17923263 0.0078254647 -10.290062)
(0.17939096 0.0078323775 -10.157964)
(0.17953054 0.0078384716 -10.025896)
(0.17965599 0.0078439489 -9.8937065)
(0.17977159 0.007848996 -9.7615188)
(0.17987607 0.0078535578 -9.6292427)
(0.17996816 0.0078575786 -9.4969581)
(0.18004552 0.0078609562 -9.3646261)
(0.1801091 0.0078637325 -9.2322002)
(0.18015303 0.0078656503 -9.0997842)
(0.1801759 0.0078666488 -8.9672699)
(0.18017886 0.0078667781 -8.8347396)
(0.18016012 0.0078659597 -8.702135)
(0.18011939 0.0078641818 -8.569522)
(0.18005648 0.007861435 -8.4368268)
(0.17997048 0.0078576801 -8.3041484)
(0.17986088 0.0078528946 -8.171419)
(0.17972922 0.0078471464 -8.0387019)
(0.17957451 0.0078403915 -7.9059885)
(0.17939787 0.0078326793 -7.7732739)
(0.17919796 0.0078239511 -7.640604)
(0.17897492 0.0078142128 -7.5079299)
(0.17872803 0.0078034335 -7.3753203)
(0.17845682 0.007791592 -7.2427295)
(0.17816217 0.0077787274 -7.1101944)
(0.17784362 0.0077648191 -6.9777079)
(0.17750235 0.007749919 -6.8452574)
(0.17713833 0.0077340258 -6.7128701)
(0.17675289 0.007717197 -6.5805067)
(0.17634732 0.0076994896 -6.448207)
(0.17592391 0.0076810028 -6.3159466)
(0.17548618 0.0076618914 -6.1837473)
(0.17503707 0.0076422825 -6.0515853)
(0.17457817 0.0076222468 -5.9194803)
(0.17411074 0.0076018382 -5.7874342)
(0.17363709 0.0075811581 -5.6554261)
(0.17315895 0.0075602823 -5.5234825)
(0.17267897 0.007539326 -5.3915884)
(0.17220039 0.0075184307 -5.2597603)
(0.17172538 0.0074976912 -5.1279895)
(0.17125538 0.0074771708 -4.9962893)
(0.17079107 0.0074568983 -4.8646448)
(0.17033389 0.0074369375 -4.7330729)
(0.16988523 0.0074173485 -4.6015651)
(0.16944742 0.0073982334 -4.4701281)
(0.16902191 0.007379655 -4.3387614)
(0.16861088 0.007361709 -4.207457)
(0.16821614 0.0073444746 -4.0762177)
(0.16783995 0.0073280495 -3.9450321)
(0.16748529 0.0073125648 -3.8139048)
(0.16715516 0.0072981509 -3.6828313)
(0.16685372 0.0072849901 -3.5518124)
(0.16658514 0.0072732633 -3.4208484)
(0.16635529 0.0072632281 -3.2899351)
(0.16617118 0.0072551897 -3.1590735)
(0.16604194 0.007249547 -3.028261)
(0.16597875 0.0072467879 -2.8974998)
(0.16599548 0.0072475184 -2.766792)
(0.1661098 0.0072525098 -2.6361374)
(0.16633784 0.0072624664 -2.5055298)
(0.16668265 0.0072775207 -2.3749672)
(0.16713532 0.0072972847 -2.2444441)
(0.16769566 0.0073217499 -2.1139581)
(0.16837506 0.0073514128 -1.9835018)
(0.16918552 0.0073867983 -1.8531059)
(0.17013617 0.0074283047 -1.7228395)
(0.17123082 0.0074760982 -1.5927461)
(0.17246447 0.0075299603 -1.462394)
(0.17378769 0.0075877336 -1.3326401)
(0.17510425 0.0076452158 -1.2032625)
(0.17620745 0.0076933827 -1.0742669)
(0.17663158 0.0077119005 -0.9461975)
(0.17567189 0.0076699993 -0.82014381)
(0.17245337 0.0075294757 -0.69756337)
(0.16586401 0.0072417784 -0.57985681)
(0.15450887 0.006746002 -0.46822926)
(0.13678003 0.0059719442 -0.36224411)
(0.11097109 0.0048451018 -0.26465124)
(0.075402124 0.0032921274 -0.16101105)
(0.027577336 0.0012040523 -0.074902874)
(-0.23516409 -0.010267485 -18.904904)
(-0.60005215 -0.02619884 -16.590352)
(-0.54123459 -0.02363081 -15.47738)
(-0.43666149 -0.01906505 -15.089857)
(-0.34628011 -0.015118914 -15.00046)
(-0.27782071 -0.012129913 -14.982356)
(-0.22522097 -0.0098333588 -14.973947)
(-0.18282461 -0.0079822941 -14.959888)
(-0.14717957 -0.0064259981 -14.936785)
(-0.11621071 -0.0050738687 -14.902667)
(-0.088741895 -0.0038745544 -14.85807)
(-0.064064611 -0.002797121 -14.802952)
(-0.041756089 -0.00182311 -14.737856)
(-0.021531108 -0.00094006835 -14.662734)
(-0.003186865 -0.00013914151 -14.577754)
(0.013428146 0.00058628545 -14.48349)
(0.02846882 0.0012429754 -14.380104)
(0.041988404 0.0018332531 -14.268777)
(0.054032993 0.0023591311 -14.150529)
(0.064591838 0.0028201402 -14.027063)
(0.073599648 0.0032134297 -13.899626)
(0.081060576 0.0035391808 -13.768975)
(0.087108546 0.0038032408 -13.635406)
(0.0919216 0.0040133833 -13.499792)
(0.095680837 0.0041775151 -13.362453)
(0.098564935 0.0043034375 -13.223803)
(0.10073147 0.0043980304 -13.084236)
(0.10232537 0.0044676217 -12.943785)
(0.10346688 0.0045174611 -12.802902)
(0.10426099 0.0045521328 -12.661474)
(0.10479449 0.0045754257 -12.519827)
(0.1051355 0.0045903143 -12.377929)
(0.10534117 0.0045992944 -12.235855)
(0.10545167 0.0046041186 -12.093734)
(0.10550099 0.0046062723 -11.951443)
(0.10551172 0.0046067407 -11.809212)
(0.10550184 0.0046063093 -11.666856)
(0.10548546 0.0046055943 -11.524542)
(0.10547061 0.0046049456 -11.382191)
(0.10546555 0.0046047248 -11.239811)
(0.10547329 0.0046050628 -11.097467)
(0.1054982 0.0046061503 -10.955038)
(0.1055419 0.0046080583 -10.812676)
(0.10560577 0.0046108471 -10.670241)
(0.10569192 0.0046146083 -10.527844)
(0.10579985 0.0046193206 -10.385396)
(0.10592897 0.0046249581 -10.242974)
(0.10607692 0.0046314179 -10.100537)
(0.10624288 0.004638664 -9.9580546)
(0.1064222 0.004646493 -9.8156169)
(0.10661123 0.0046547463 -9.6731268)
(0.10680744 0.0046633131 -9.530664)
(0.10700673 0.004672014 -9.3881719)
(0.10720565 0.0046806993 -9.2457079)
(0.10740133 0.0046892429 -9.1032008)
(0.10759095 0.0046975221 -8.9607367)
(0.10777236 0.0047054423 -8.8182432)
(0.10794522 0.0047129895 -8.6757773)
(0.10810851 0.0047201189 -8.5333185)
(0.10826307 0.0047268673 -8.3908596)
(0.10840907 0.0047332415 -8.2484345)
(0.10854773 0.0047392959 -8.1059943)
(0.1086802 0.0047450793 -7.9636006)
(0.10880748 0.0047506368 -7.8212067)
(0.10893143 0.0047560485 -7.6788513)
(0.10905279 0.0047613471 -7.5365242)
(0.10917296 0.0047665937 -7.3942188)
(0.10929234 0.004771806 -7.2519598)
(0.10941156 0.0047770112 -7.1097129)
(0.10953087 0.0047822206 -6.9675192)
(0.10965026 0.0047874332 -6.825352)
(0.10977043 0.00479268 -6.6832353)
(0.10989076 0.0047979335 -6.5411497)
(0.11001052 0.0048031625 -6.3991119)
(0.11012834 0.0048083068 -6.2571193)
(0.11024448 0.0048133776 -6.1151551)
(0.11035951 0.0048183997 -5.9732417)
(0.11047439 0.0048234156 -5.8313599)
(0.11059093 0.0048285038 -5.6895254)
(0.11071067 0.0048337319 -5.5477242)
(0.11083556 0.0048391847 -5.4059664)
(0.11096765 0.0048449518 -5.2642331)
(0.11110923 0.0048511333 -5.122539)
(0.11126228 0.0048578156 -4.9808705)
(0.11142958 0.0048651202 -4.8392349)
(0.11161331 0.0048731417 -4.6976275)
(0.11181617 0.0048819991 -4.5560398)
(0.11204071 0.0048918024 -4.4144724)
(0.1122895 0.004902665 -4.2729119)
(0.11256557 0.0049147184 -4.1313623)
(0.11287158 0.004928079 -3.9898139)
(0.11321122 0.004942908 -3.8482674)
(0.11358793 0.0049593554 -3.7067166)
(0.11400596 0.0049776074 -3.5651531)
(0.11446985 0.0049978612 -3.4235712)
(0.11498452 0.0050203321 -3.2819605)
(0.11555546 0.0050452596 -3.1403174)
(0.11618812 0.0050728823 -2.9986332)
(0.11688846 0.0051034599 -2.8569035)
(0.11766194 0.0051372307 -2.7151138)
(0.11851308 0.0051743923 -2.5732551)
(0.11944575 0.0052151134 -2.4313226)
(0.12046369 0.0052595576 -2.2893103)
(0.12156981 0.005307852 -2.1472126)
(0.12276551 0.0053600572 -2.005036)
(0.12405332 0.0054162844 -1.8627889)
(0.12544454 0.0054770265 -1.7204515)
(0.12696458 0.0055433928 -1.5780925)
(0.12854133 0.0056122352 -1.4356257)
(0.13000755 0.0056762514 -1.2931037)
(0.1310764 0.0057229185 -1.1508608)
(0.13125383 0.0057306652 -1.0089228)
(0.12987949 0.0056706606 -0.86969504)
(0.12625893 0.0055125833 -0.73409708)
(0.11962957 0.0052231393 -0.60354393)
(0.1091321 0.0047648098 -0.47999653)
(0.093900695 0.0040997924 -0.36403695)
(0.073067758 0.0031902069 -0.25965755)
(0.046330611 0.0020228379 -0.1551373)
(0.01349131 0.00058904324 -0.0718646)
)
;
    }
    wedgeBack
    {
        type            wedge;
        value           nonuniform List<vector> 
4800
(
(0.0058052712 -0.00025346456 -21.971135)
(0.0048565517 -0.0002120416 -18.938164)
(0.0043052296 -0.00018797099 -16.473294)
(0.0030006742 -0.00013101264 -15.029556)
(0.0013969073 -6.098949e-05 -14.27239)
(2.6148566e-05 -1.1418222e-06 -13.873438)
(-0.0010493434 4.5815335e-05 -13.638944)
(-0.0019685148 8.5946737e-05 -13.476837)
(-0.0028158357 0.00012294113 -13.343864)
(-0.003600629 0.00015720579 -13.218304)
(-0.0042929115 0.0001874312 -13.097751)
(-0.004855795 0.00021200781 -12.977258)
(-0.0052745563 0.00023029185 -12.857355)
(-0.0055516409 0.00024238939 -12.736231)
(-0.0057052492 0.00024909598 -12.613004)
(-0.0057657532 0.00025173705 -12.488637)
(-0.0057686843 0.00025186599 -12.362681)
(-0.0057517071 0.00025112548 -12.236466)
(-0.0057332662 0.00025032179 -12.109778)
(-0.0057160275 0.00024956803 -11.983607)
(-0.0056901293 0.0002484366 -11.857367)
(-0.0056448589 0.00024646187 -11.731925)
(-0.0055684461 0.00024312439 -11.606442)
(-0.005457975 0.00023830129 -11.481368)
(-0.0053133602 0.00023198745 -11.356332)
(-0.0051416832 0.00022449147 -11.231175)
(-0.0049536002 0.00021627797 -11.106199)
(-0.0047605549 0.00020784932 -10.980878)
(-0.0045771181 0.00019984095 -10.85588)
(-0.0044087822 0.00019249139 -10.730728)
(-0.0042571649 0.00018587124 -10.60588)
(-0.0041196202 0.0001798665 -10.481241)
(-0.0039903425 0.00017422077 -10.356761)
(-0.0038588514 0.00016848068 -10.232691)
(-0.0037185045 0.00016235202 -10.108669)
(-0.00356797 0.00015578014 -9.9850719)
(-0.0034010581 0.00014849217 -9.8614869)
(-0.003214866 0.0001403628 -9.7381177)
(-0.0030110354 0.00013146338 -9.6148165)
(-0.0027953469 0.00012204715 -9.4915025)
(-0.00257415 0.00011238999 -9.3683561)
(-0.0023530329 0.00010273581 -9.2451266)
(-0.0021370879 9.3308796e-05 -9.1221313)
(-0.0019293217 8.4236856e-05 -8.999152)
(-0.0017324274 7.5640321e-05 -8.8763921)
(-0.0015433616 6.7384504e-05 -8.7537308)
(-0.0013603475 5.9394996e-05 -8.6312924)
(-0.0011805625 5.154541e-05 -8.5090478)
(-0.0010028421 4.37854e-05 -8.3868872)
(-0.0008245083 3.5998899e-05 -8.2649775)
(-0.00064313937 2.8080179e-05 -8.143132)
(-0.00046081689 2.0120315e-05 -8.021445)
(-0.00027814172 1.2144407e-05 -7.8998132)
(-9.5236238e-05 4.1592209e-06 -7.7783262)
(8.825604e-05 -3.8533341e-06 -7.6568579)
(0.00027275877 -1.1908509e-05 -7.5355384)
(0.0004574468 -1.9970374e-05 -7.4142653)
(0.00064139117 -2.80019e-05 -7.2931019)
(0.00082259457 -3.5914626e-05 -7.1720442)
(0.0010001284 -4.3666332e-05 -7.0510639)
(0.0011730067 -5.1213529e-05 -6.930235)
(0.0013405531 -5.8530735e-05 -6.8094763)
(0.001502807 -6.5613719e-05 -6.6888847)
(0.0016616693 -7.2549901e-05 -6.5684001)
(0.0018195693 -7.9443286e-05 -6.4480474)
(0.0019778817 -8.6357683e-05 -6.3278182)
(0.0021357016 -9.3249032e-05 -6.2076821)
(0.002292011 -0.00010007089 -6.087675)
(0.0024460701 -0.00010679807 -5.9677332)
(0.0025976167 -0.00011341561 -5.8479006)
(0.0027455512 -0.00011987448 -5.7281438)
(0.0028912262 -0.00012623317 -5.6084784)
(0.003034538 -0.0001324903 -5.4888818)
(0.0031754482 -0.00013864219 -5.3693606)
(0.0033134204 -0.00014466662 -5.2499215)
(0.003448405 -0.00015056064 -5.130531)
(0.0035803049 -0.00015631797 -5.0112232)
(0.0037089214 -0.00016193416 -4.8919819)
(0.0038344249 -0.00016741441 -4.7728144)
(0.0039569269 -0.00017276341 -4.6537129)
(0.0040775247 -0.00017802906 -4.5346869)
(0.0041960904 -0.00018320591 -4.4157166)
(0.0043095388 -0.0001881588 -4.2968185)
(0.0044173034 -0.0001928633 -4.177993)
(0.0045212079 -0.00019740052 -4.0592375)
(0.0046206652 -0.00020174304 -3.9405509)
(0.0047158877 -0.00020589959 -3.821923)
(0.0048075877 -0.00020990311 -3.703361)
(0.0048964458 -0.00021378259 -3.5848517)
(0.0049827344 -0.00021754896 -3.4663954)
(0.0050668469 -0.00022122252 -3.3479876)
(0.0051485164 -0.00022478788 -3.22962)
(0.0052274866 -0.000228237 -3.1112921)
(0.0053029911 -0.00023153358 -2.9929919)
(0.0053740988 -0.00023463873 -2.8747189)
(0.0054400295 -0.00023751703 -2.7564664)
(0.0054996222 -0.00024011878 -2.6382331)
(0.0055526833 -0.00024243534 -2.5200227)
(0.0055983357 -0.00024442909 -2.4018326)
(0.0056367363 -0.00024610491 -2.2836612)
(0.005667638 -0.00024745353 -2.1655049)
(0.005691625 -0.00024850216 -2.0473638)
(0.0057088267 -0.00024925428 -1.929229)
(0.0057195806 -0.00024972468 -1.8110908)
(0.0057248858 -0.00024995726 -1.692947)
(0.0057244358 -0.00024993667 -1.5747919)
(0.0057185961 -0.00024968224 -1.456622)
(0.0057066823 -0.00024916092 -1.3384464)
(0.0056882775 -0.00024835684 -1.2203165)
(0.0056621673 -0.00024721435 -1.1022541)
(0.0056284308 -0.00024574221 -0.98433825)
(0.0055875446 -0.0002439574 -0.86689029)
(0.0055391006 -0.0002418418 -0.75081702)
(0.0054797439 -0.00023924959 -0.63768155)
(0.0054069112 -0.00023607003 -0.52923231)
(0.0053216323 -0.00023234612 -0.42701258)
(0.0052255298 -0.00022815136 -0.33086461)
(0.0051135685 -0.00022326209 -0.24349828)
(0.0049516059 -0.00021619203 -0.15038757)
(0.0044969038 -0.00019633964 -0.073040483)
(-0.0075038314 0.00032762866 -21.974075)
(-0.0080016547 0.00034936482 -18.940904)
(-0.0072260555 0.00031550143 -16.474591)
(-0.0073350845 0.00032026139 -15.028601)
(-0.0080453507 0.00035127287 -14.265631)
(-0.0087756256 0.0003831576 -13.860806)
(-0.0093664246 0.00040895239 -13.622212)
(-0.0098906902 0.0004318419 -13.457866)
(-0.01040983 0.00045450772 -13.323736)
(-0.010924052 0.0004769593 -13.197401)
(-0.011393933 0.00049747461 -13.076069)
(-0.011766385 0.00051373629 -12.954723)
(-0.012009349 0.00052434395 -12.833911)
(-0.012114556 0.00052893738 -12.711919)
(-0.012097841 0.00052820801 -12.587943)
(-0.011991075 0.0005235461 -12.463054)
(-0.011830755 0.00051654682 -12.336864)
(-0.011652973 0.00050878433 -12.210699)
(-0.011476457 0.00050107787 -12.084221)
(-0.011307379 0.00049369468 -11.95834)
(-0.011136625 0.00048624011 -11.832376)
(-0.01095322 0.00047823287 -11.707167)
(-0.010741949 0.00046900865 -11.581836)
(-0.01049789 0.00045835341 -11.456862)
(-0.010218104 0.00044613748 -11.331896)
(-0.0099069474 0.00043255187 -11.206818)
(-0.0095727028 0.00041795868 -11.081963)
(-0.0092271416 0.00040287123 -10.956829)
(-0.0088819213 0.00038779851 -10.832058)
(-0.0085375561 0.00037276446 -10.707217)
(-0.0081998712 0.00035802049 -10.582729)
(-0.0078659095 0.00034343902 -10.458454)
(-0.0075304201 0.00032879091 -10.334355)
(-0.0071848839 0.0003137042 -10.210665)
(-0.0068226121 0.0002978875 -10.086965)
(-0.0064436516 0.00028134145 -9.9636386)
(-0.0060439121 0.00026388853 -9.8402653)
(-0.0056261269 0.0002456481 -9.7170616)
(-0.0051927992 0.00022672881 -9.5939184)
(-0.0047503957 0.00020741269 -9.4707751)
(-0.0043050204 0.00018796679 -9.3478229)
(-0.0038608279 0.00016857325 -9.2248176)
(-0.0034230112 0.00014945786 -9.1020803)
(-0.0029910129 0.00013059635 -8.9793937)
(-0.002565756 0.00011202894 -8.8569448)
(-0.0021451114 9.3662387e-05 -8.7346012)
(-0.0017281905 7.5459513e-05 -8.6124857)
(-0.0013116874 5.7275207e-05 -8.4905686)
(-0.0008939905 3.9037672e-05 -8.3687319)
(-0.00047701058 2.0831774e-05 -8.2471321)
(-5.8008967e-05 2.5377967e-06 -8.1255921)
(0.00036316413 -1.5850946e-05 -8.0042097)
(0.00078532203 -3.4282107e-05 -7.8828713)
(0.001205907 -5.2644856e-05 -7.7616605)
(0.0016236851 -7.0885496e-05 -7.6404535)
(0.0020362672 -8.8899404e-05 -7.5193833)
(0.0024417909 -0.00010660392 -7.398355)
(0.0028371097 -0.00012386415 -7.2774397)
(0.0032216007 -0.00014065206 -7.1566365)
(0.0035959596 -0.00015699739 -7.0359199)
(0.0039617299 -0.00017296778 -6.9153664)
(0.0043212993 -0.00018866681 -6.7948935)
(0.0046772044 -0.00020420603 -6.6745869)
(0.0050318675 -0.00021969081 -6.5543755)
(0.0053841611 -0.00023507235 -6.4342835)
(0.0057330516 -0.00025030571 -6.3143117)
(0.006081498 -0.00026551881 -6.1944363)
(0.0064316272 -0.00028080606 -6.0746886)
(0.0067833775 -0.00029616367 -5.9550013)
(0.0071359673 -0.00031155805 -5.8354168)
(0.0074876753 -0.00032691358 -5.7158951)
(0.0078375068 -0.00034218763 -5.5964495)
(0.0081837275 -0.00035730423 -5.4770624)
(0.0085246807 -0.00037219081 -5.3577448)
(0.0088586918 -0.00038677373 -5.238505)
(0.0091844818 -0.00040099776 -5.1193118)
(0.0095010321 -0.00041481891 -5.0002016)
(0.0098078739 -0.00042821519 -4.8811595)
(0.010104519 -0.00044116708 -4.7621945)
(0.010390984 -0.00045367461 -4.6432957)
(0.010666108 -0.00046568711 -4.5244746)
(0.010929912 -0.00047720515 -4.4057263)
(0.011184033 -0.00048830011 -4.2870672)
(0.011429882 -0.00049903391 -4.1684795)
(0.011668227 -0.00050944017 -4.0499595)
(0.011899415 -0.00051953433 -3.9315098)
(0.012123485 -0.0005293178 -3.8131138)
(0.01234057 -0.00053879567 -3.6947753)
(0.012550813 -0.00054797419 -3.5764786)
(0.012753409 -0.00055682008 -3.4582259)
(0.012948313 -0.00056533058 -3.3400138)
(0.013134 -0.00057343829 -3.2218365)
(0.013309681 -0.00058110827 -3.1036957)
(0.013473759 -0.00058827284 -2.9855825)
(0.013624918 -0.00059487245 -2.8674988)
(0.013762611 -0.00060088419 -2.749439)
(0.013885481 -0.0006062487 -2.6314035)
(0.013994354 -0.00061100193 -2.5133958)
(0.014088346 -0.0006151057 -2.395414)
(0.014168743 -0.0006186156 -2.2774566)
(0.014235804 -0.00062154414 -2.1595204)
(0.014291341 -0.00062396843 -2.0416055)
(0.014336074 -0.00062592112 -1.9237033)
(0.01437104 -0.00062744803 -1.805804)
(0.014398422 -0.00062864364 -1.687906)
(0.014417992 -0.00062949824 -1.5700042)
(0.014430886 -0.00063006122 -1.4520962)
(0.01443661 -0.00063031158 -1.3341918)
(0.01443543 -0.00063025998 -1.2163414)
(0.014425827 -0.0006298407 -1.0985616)
(0.014407564 -0.00062904366 -0.98092278)
(0.014379479 -0.00062781735 -0.86374886)
(0.014339448 -0.00062606944 -0.74797078)
(0.014282358 -0.00062357586 -0.63517473)
(0.014202809 -0.00062010372 -0.52710885)
(0.014096482 -0.00061546098 -0.42530434)
(0.013955893 -0.00060932283 -0.32959417)
(0.013753795 -0.0006004988 -0.24267368)
(0.01338496 -0.00058439502 -0.14999593)
(0.012253318 -0.00053498694 -0.072993777)
(-0.020511165 0.00089553412 -21.975349)
(-0.022602662 0.00098685045 -18.940846)
(-0.021759134 0.00095002147 -16.47569)
(-0.020939988 0.00091425709 -15.030426)
(-0.020607663 0.00089974719 -14.266322)
(-0.020579019 0.00089849638 -13.859902)
(-0.02066372 0.00090219513 -13.620331)
(-0.020773601 0.00090699225 -13.45571)
(-0.020865989 0.00091102566 -13.321637)
(-0.020917278 0.000913265 -13.195347)
(-0.020909389 0.0009129208 -13.073851)
(-0.020830633 0.00090948252 -12.952132)
(-0.020675086 0.00090269113 -12.830821)
(-0.020451181 0.00089291529 -12.708336)
(-0.020174002 0.00088081333 -12.583964)
(-0.019859393 0.00086707736 -12.458823)
(-0.019522159 0.00085235298 -12.332509)
(-0.019168063 0.00083689297 -12.206314)
(-0.01879437 0.0008205772 -12.079866)
(-0.018393352 0.00080306896 -11.954019)
(-0.017957193 0.00078402515 -11.828052)
(-0.017478543 0.0007631271 -11.702782)
(-0.016954705 0.00074025522 -11.57735)
(-0.016388053 0.00071551475 -11.452244)
(-0.015785951 0.00068922616 -11.327138)
(-0.015159752 0.00066188603 -11.201929)
(-0.014522697 0.00063407213 -11.076979)
(-0.01388384 0.00060617923 -10.951743)
(-0.013245199 0.00057829615 -10.826952)
(-0.012607113 0.00055043684 -10.702093)
(-0.011973123 0.00052275621 -10.577576)
(-0.011339434 0.0004950892 -10.453271)
(-0.010701727 0.00046724565 -10.329122)
(-0.010056108 0.00043905679 -10.205364)
(-0.0094000684 0.00041041342 -10.081582)
(-0.0087346586 0.00038136121 -9.9581737)
(-0.0080608014 0.00035194051 -9.8347331)
(-0.0073838345 0.00032238416 -9.7114834)
(-0.0067065674 0.00029281303 -9.5883169)
(-0.0060331818 0.00026341251 -9.4651733)
(-0.0053664318 0.00023430163 -9.3422436)
(-0.0047066093 0.00020549243 -9.2192798)
(-0.0040549162 0.00017703938 -9.0965949)
(-0.0034063051 0.00014872024 -8.9739577)
(-0.0027598972 0.0001204977 -8.851561)
(-0.0021133197 9.2267166e-05 -8.729278)
(-0.0014655173 6.3984005e-05 -8.6072223)
(-0.00081128781 3.5419033e-05 -8.4853576)
(-0.00014801998 6.460081e-06 -8.3635813)
(0.00052722653 -2.302144e-05 -8.2420511)
(0.0012118675 -5.2913055e-05 -8.1205632)
(0.0019000372 -8.2958871e-05 -7.99922)
(0.0025881926 -0.00011300464 -7.8779305)
(0.0032713955 -0.00014283389 -7.7567833)
(0.0039465218 -0.00017231053 -7.6356521)
(0.0046089214 -0.00020123174 -7.5146706)
(0.0052585701 -0.00022959603 -7.3937463)
(0.0058944161 -0.00025735751 -7.2729429)
(0.0065185798 -0.00028460909 -7.1522476)
(0.0071298382 -0.00031129717 -7.0316284)
(0.0077270353 -0.00033737156 -6.9111592)
(0.0083166082 -0.00036311339 -6.7907546)
(0.0088997667 -0.00038857465 -6.6705048)
(0.0094786639 -0.00041384951 -6.5503588)
(0.010050874 -0.00043883258 -6.4303514)
(0.010619091 -0.00046364202 -6.3104544)
(0.01118251 -0.00048824149 -6.1906211)
(0.011740137 -0.00051258745 -6.0708959)
(0.012291337 -0.00053665358 -5.9512249)
(0.012834281 -0.00056035893 -5.8316562)
(0.013368428 -0.00058368011 -5.7121545)
(0.013891381 -0.00060651299 -5.5927367)
(0.014402275 -0.00062881921 -5.4733852)
(0.014899606 -0.00065053318 -5.3541116)
(0.01538312 -0.00067164367 -5.2349241)
(0.015852144 -0.00069212178 -5.1157912)
(0.016306542 -0.00071196123 -4.9967484)
(0.016747414 -0.00073121069 -4.8777793)
(0.017173172 -0.00074979942 -4.7588931)
(0.017586355 -0.00076783939 -4.6400848)
(0.017987372 -0.00078534829 -4.5213648)
(0.018377735 -0.00080239188 -4.4027033)
(0.018758824 -0.00081903052 -4.2841133)
(0.019132417 -0.00083534237 -4.1655883)
(0.019497483 -0.00085128114 -4.0471268)
(0.019854573 -0.00086687226 -3.9287304)
(0.020202785 -0.00088207508 -3.8103844)
(0.020541096 -0.00089684584 -3.6920938)
(0.02086876 -0.0009111517 -3.5738433)
(0.021183589 -0.00092489784 -3.4556365)
(0.021485143 -0.00093806433 -3.337471)
(0.021770817 -0.00095053681 -3.219343)
(0.022039959 -0.00096228753 -3.1012556)
(0.022290916 -0.00097324475 -2.9832002)
(0.0225227 -0.00098336529 -2.8651786)
(0.022735492 -0.00099265585 -2.7471849)
(0.022928069 -0.0010010638 -2.6292196)
(0.02310219 -0.0010086658 -2.5112855)
(0.023256905 -0.0010154208 -2.3933812)
(0.023394123 -0.0010214122 -2.2755045)
(0.023514201 -0.0010266546 -2.1576524)
(0.023619478 -0.0010312511 -2.0398252)
(0.023710917 -0.0010352436 -1.9220145)
(0.023789962 -0.0010386944 -1.8042112)
(0.023859548 -0.0010417326 -1.6864142)
(0.023919834 -0.0010443646 -1.568619)
(0.023972698 -0.0010466739 -1.4508233)
(0.024018113 -0.0010486561 -1.3330358)
(0.024056946 -0.0010503512 -1.215305)
(0.024087092 -0.0010516672 -1.097644)
(0.024107082 -0.0010525397 -0.98012007)
(0.024113141 -0.0010528048 -0.86305486)
(0.024101039 -0.0010522762 -0.74738201)
(0.0240652 -0.0010507108 -0.63469121)
(0.023999032 -0.0010478214 -0.52673119)
(0.023892731 -0.0010431804 -0.42502857)
(0.023727009 -0.001035945 -0.32941066)
(0.023448168 -0.0010237715 -0.24256312)
(0.022872904 -0.00099865491 -0.14994391)
(0.02102008 -0.00091775906 -0.0729905)
(-0.025865922 0.0011293301 -21.976925)
(-0.032670922 0.0014264427 -18.94152)
(-0.033956275 0.0014825626 -16.476572)
(-0.034030467 0.0014858021 -15.031128)
(-0.034111134 0.001489324 -14.266919)
(-0.0343363 0.0014991548 -13.860494)
(-0.034583012 0.0015099266 -13.620861)
(-0.034752976 0.0015173472 -13.456058)
(-0.034787802 0.0015188679 -13.321657)
(-0.034681902 0.0015142443 -13.194919)
(-0.034447676 0.0015040176 -13.072943)
(-0.034111095 0.0014893222 -12.95079)
(-0.033685639 0.0014707464 -12.829149)
(-0.033195983 0.0014493676 -12.706441)
(-0.032658817 0.0014259145 -12.581936)
(-0.032082081 0.0014007338 -12.456709)
(-0.031477234 0.0013743257 -12.330304)
(-0.030839276 0.0013464717 -12.203959)
(-0.030164098 0.0013169926 -12.07727)
(-0.029440503 0.0012853998 -11.951092)
(-0.028665849 0.0012515777 -11.824734)
(-0.027832176 0.0012151787 -11.699061)
(-0.026945952 0.0011764854 -11.573243)
(-0.026008267 0.0011355452 -11.447804)
(-0.02502984 0.0010928261 -11.322453)
(-0.024021724 0.0010488109 -11.197107)
(-0.022993276 0.0010039079 -11.072062)
(-0.021951677 0.00095843048 -10.946828)
(-0.020898151 0.00091243292 -10.822063)
(-0.019843222 0.00086637353 -10.697224)
(-0.018785503 0.00082019251 -10.572725)
(-0.017724745 0.00077387906 -10.448429)
(-0.016658185 0.00072731201 -10.324273)
(-0.015584211 0.00068042133 -10.200493)
(-0.014505209 0.00063331101 -10.07668)
(-0.013420394 0.00058594694 -9.9532394)
(-0.012335137 0.00053856352 -9.8297695)
(-0.011250524 0.0004912083 -9.706498)
(-0.010170839 0.00044406813 -9.5833186)
(-0.0090985049 0.00039724898 -9.4601703)
(-0.0080353221 0.00035082937 -9.3372411)
(-0.0069829878 0.00030488355 -9.2142764)
(-0.0059408844 0.00025938451 -9.0915823)
(-0.0049084316 0.00021430667 -8.9689289)
(-0.0038846799 0.00016960871 -8.8465133)
(-0.0028677269 0.00012520748 -8.7242071)
(-0.001856003 8.1034566e-05 -8.60211)
(-0.00084806213 3.7026994e-05 -8.4801816)
(0.00015735374 -6.8704744e-06 -8.3583033)
(0.0011629621 -5.0776161e-05 -8.2366646)
(0.0021657057 -9.4556903e-05 -8.1151148)
(0.0031615214 -0.00013803516 -7.9937505)
(0.0041492439 -0.00018115991 -7.8724724)
(0.0051262267 -0.00022381572 -7.7513607)
(0.0060901893 -0.00026590317 -7.6302814)
(0.0070377912 -0.0003072765 -7.5093594)
(0.0079700264 -0.00034797879 -7.3884863)
(0.0088861321 -0.00038797689 -7.2677245)
(0.0097853896 -0.00042723934 -7.1470815)
(0.01066818 -0.00046578285 -7.0265443)
(0.011537233 -0.00050372661 -6.9061611)
(0.01239135 -0.00054101819 -6.7858324)
(0.013229009 -0.00057759104 -6.6656638)
(0.01405461 -0.00061363751 -6.5456012)
(0.014870689 -0.00064926859 -6.4256596)
(0.015676484 -0.0006844501 -6.305827)
(0.016468984 -0.00071905171 -6.1860842)
(0.017246554 -0.00075300093 -6.0664666)
(0.018009267 -0.00078630163 -5.9469093)
(0.018755238 -0.0008188715 -5.8274558)
(0.019485515 -0.00085075608 -5.7080692)
(0.020197893 -0.00088185933 -5.5887641)
(0.020892919 -0.00091220481 -5.4695221)
(0.021569423 -0.00094174155 -5.3503533)
(0.022228242 -0.00097050605 -5.231265)
(0.022868829 -0.00099847469 -5.1122245)
(0.02349073 -0.0010256278 -4.9932678)
(0.024093888 -0.0010519621 -4.8743848)
(0.024680969 -0.0010775947 -4.755577)
(0.025253599 -0.0011025962 -4.6368263)
(0.025811706 -0.0011269638 -4.5181513)
(0.026356896 -0.0011507674 -4.3995334)
(0.026887549 -0.001173936 -4.2809877)
(0.027405162 -0.0011965356 -4.162506)
(0.027907979 -0.001218489 -4.0440868)
(0.028396593 -0.0012398222 -3.9257331)
(0.028869763 -0.0012604813 -3.807431)
(0.029326536 -0.0012804245 -3.6891869)
(0.029766701 -0.0012996425 -3.5709862)
(0.030188003 -0.0013180371 -3.4528335)
(0.030591061 -0.001335635 -3.3347264)
(0.030973284 -0.0013523232 -3.216661)
(0.031334991 -0.0013681157 -3.0986396)
(0.03167496 -0.0013829589 -2.9806541)
(0.031992706 -0.001396832 -2.8627066)
(0.03228898 -0.0014097678 -2.7447916)
(0.032562598 -0.0014217141 -2.6269106)
(0.032815851 -0.0014327715 -2.5090667)
(0.033047639 -0.0014428915 -2.3912591)
(0.033260066 -0.0014521664 -2.2734855)
(0.03345336 -0.0014606056 -2.1557426)
(0.033629781 -0.0014683083 -2.0380294)
(0.033789996 -0.0014753035 -1.9203367)
(0.03393508 -0.0014816377 -1.8026537)
(0.034067586 -0.0014874233 -1.6849785)
(0.034187141 -0.0014926432 -1.5673047)
(0.034295131 -0.001497358 -1.4496303)
(0.034390955 -0.0015015417 -1.3319638)
(0.034475176 -0.001505219 -1.2143542)
(0.034544596 -0.0015082498 -1.0968149)
(0.034596511 -0.0015105165 -0.97941321)
(0.034624815 -0.0015117524 -0.86246827)
(0.034621716 -0.0015116168 -0.74691067)
(0.034576207 -0.0015096301 -0.63432696)
(0.034473211 -0.001505133 -0.52646506)
(0.034289904 -0.00149713 -0.424852)
(0.033987423 -0.0014839232 -0.32931433)
(0.033480935 -0.0014618095 -0.2425271)
(0.032514526 -0.0014196149 -0.14994156)
(0.029733913 -0.0012982107 -0.073006293)
(-0.031620135 0.0013805646 -21.977327)
(-0.042256683 0.0018449661 -18.942688)
(-0.045013913 0.0019653497 -16.477399)
(-0.045771759 0.0019984381 -15.031345)
(-0.046253914 0.0020194893 -14.266405)
(-0.046686328 0.0020383689 -13.859564)
(-0.046964681 0.0020505221 -13.619745)
(-0.04703274 0.0020534935 -13.454823)
(-0.046879798 0.002046816 -13.320278)
(-0.04655091 0.0020324565 -13.193337)
(-0.046090322 0.0020123467 -13.07113)
(-0.04553927 0.0019882872 -12.948724)
(-0.04490655 0.0019606622 -12.826836)
(-0.044210924 0.0019302905 -12.703893)
(-0.043460172 0.0018975119 -12.579179)
(-0.042654681 0.0018623435 -12.453758)
(-0.041808131 0.0018253824 -12.327165)
(-0.040917117 0.00178648 -12.200639)
(-0.039988489 0.0017459351 -12.073775)
(-0.039021323 0.0017037078 -11.947416)
(-0.03802255 0.0016601003 -11.820866)
(-0.036987361 0.0016149031 -11.694997)
(-0.035925497 0.0015685411 -11.568973)
(-0.034833497 0.0015208632 -11.44333)
(-0.033717513 0.0014721383 -11.317783)
(-0.032578591 0.0014224119 -11.192211)
(-0.031411713 0.0013714648 -11.06698)
(-0.030217053 0.0013193047 -10.941596)
(-0.028989902 0.0012657264 -10.816687)
(-0.027736648 0.001211008 -10.691719)
(-0.026450023 0.0011548327 -10.567106)
(-0.025132511 0.0010973091 -10.4427)
(-0.023783713 0.0010384193 -10.318432)
(-0.022404608 0.00097820635 -10.194543)
(-0.021001669 0.00091695263 -10.070628)
(-0.019574083 0.00085462293 -9.9470934)
(-0.018131552 0.00079164064 -9.8235413)
(-0.016673821 0.00072799467 -9.7002019)
(-0.015207658 0.00066398057 -9.5769689)
(-0.013735626 0.00059971029 -9.4537823)
(-0.012260359 0.00053529873 -9.3308283)
(-0.010787007 0.00047097081 -9.2078506)
(-0.0093159445 0.00040674289 -9.0851545)
(-0.0078543691 0.00034292909 -8.9625048)
(-0.0064035042 0.00027958303 -8.8400913)
(-0.0049649551 0.0002167746 -8.7177803)
(-0.0035392035 0.0001545249 -8.5956822)
(-0.0021324919 9.310663e-05 -8.4737581)
(-0.00075092818 3.2786245e-05 -8.3518913)
(0.00059847012 -2.6129726e-05 -8.2302689)
(0.0019208485 -8.3866039e-05 -8.1087254)
(0.0032240466 -0.00014076482 -7.9873619)
(0.0045123069 -0.00019701137 -7.8660821)
(0.0057874789 -0.0002526864 -7.744971)
(0.0070499196 -0.00030780563 -7.6239005)
(0.0082985716 -0.00036232299 -7.5029986)
(0.0095304198 -0.00041610672 -7.382159)
(0.010743344 -0.00046906424 -7.2614594)
(0.011939451 -0.00052128755 -7.1408915)
(0.013119311 -0.00057280125 -7.0204065)
(0.01428664 -0.00062376792 -6.9000901)
(0.015440354 -0.00067414022 -6.7798645)
(0.016578103 -0.00072381549 -6.659794)
(0.017698748 -0.00077274381 -6.5398003)
(0.018802479 -0.00082093399 -6.4199319)
(0.019888833 -0.00086836501 -6.3001941)
(0.020956816 -0.00091499434 -6.18054)
(0.022005897 -0.00096079807 -6.0610029)
(0.023036248 -0.0010057841 -5.9415217)
(0.024045591 -0.0010498529 -5.8221423)
(0.025034999 -0.0010930514 -5.7028293)
(0.026001775 -0.0011352619 -5.5835989)
(0.026946564 -0.0011765123 -5.4644335)
(0.027867795 -0.0012167341 -5.3453441)
(0.028766067 -0.0012559534 -5.2263384)
(0.029638769 -0.0012940564 -5.107386)
(0.03048279 -0.0013309073 -4.9885317)
(0.031306694 -0.0013668797 -4.8697413)
(0.03210855 -0.0014018896 -4.7510116)
(0.032888633 -0.0014359487 -4.6323523)
(0.033645402 -0.00146899 -4.5137738)
(0.034380024 -0.0015010642 -4.3952538)
(0.035090841 -0.0015320991 -4.2768065)
(0.035779931 -0.0015621855 -4.1584229)
(0.036444931 -0.00159122 -4.0401018)
(0.037086862 -0.0016192472 -3.9218457)
(0.03770452 -0.0016462147 -3.8036412)
(0.038297285 -0.0016720955 -3.6854945)
(0.038865746 -0.0016969151 -3.5673917)
(0.039407972 -0.0017205894 -3.4493377)
(0.03992576 -0.0017431965 -3.3313303)
(0.040416929 -0.0017646414 -3.2133666)
(0.040882746 -0.0017849794 -3.0954495)
(0.04132254 -0.001804181 -2.9775712)
(0.041736439 -0.0018222522 -2.8597342)
(0.042125798 -0.0018392521 -2.741933)
(0.04248979 -0.0018551444 -2.6241689)
(0.042831029 -0.0018700432 -2.5064446)
(0.043148551 -0.0018839065 -2.3887586)
(0.043444435 -0.0018968251 -2.2711081)
(0.043718801 -0.0019088041 -2.1534892)
(0.04397356 -0.001919927 -2.0359014)
(0.044209023 -0.0019302076 -1.9183352)
(0.044425833 -0.0019396735 -1.8007801)
(0.04462587 -0.0019484075 -1.6832352)
(0.044808308 -0.001956373 -1.5656939)
(0.044973864 -0.0019636011 -1.4481544)
(0.045121372 -0.0019700416 -1.3306239)
(0.045250949 -0.001975699 -1.2131504)
(0.045358296 -0.0019803857 -1.0957453)
(0.04543939 -0.0019839264 -0.97847473)
(0.045485693 -0.0019859482 -0.86165634)
(0.045485214 -0.0019859272 -0.74621955)
(0.045420024 -0.001983081 -0.63375084)
(0.045264233 -0.0019762788 -0.5259997)
(0.044979247 -0.0019638363 -0.42449349)
(0.044504448 -0.0019431059 -0.32905798)
(0.043722716 -0.0019089749 -0.2423603)
(0.042306982 -0.0018471625 -0.14986669)
(0.038533147 -0.0016823934 -0.072988204)
(-0.037812129 0.0016509137 -21.978641)
(-0.051527233 0.0022497276 -18.944238)
(-0.055304171 0.0024146323 -16.478586)
(-0.056442529 0.0024643341 -15.032048)
(-0.057091453 0.0024926668 -14.266195)
(-0.057563934 0.0025132957 -13.858518)
(-0.057759103 0.0025218169 -13.618081)
(-0.057634252 0.0025163657 -13.452769)
(-0.057202951 0.0024975347 -13.318003)
(-0.056541094 0.0024686375 -13.190933)
(-0.055716799 0.0024326481 -13.068658)
(-0.05478965 0.0023921678 -12.946192)
(-0.053775055 0.0023478698 -12.824236)
(-0.052697246 0.0023008117 -12.701191)
(-0.051565138 0.0022513828 -12.576342)
(-0.050378539 0.0021995748 -12.450751)
(-0.049153563 0.0021460912 -12.32396)
(-0.047886139 0.0020907541 -12.197236)
(-0.046584235 0.0020339118 -12.070181)
(-0.045247918 0.0019755669 -11.943648)
(-0.043885385 0.0019160774 -11.816951)
(-0.042493193 0.001855293 -11.69096)
(-0.041082783 0.0017937131 -11.564836)
(-0.039653773 0.0017313211 -11.439112)
(-0.038213321 0.0016684296 -11.313475)
(-0.036758106 0.0016048936 -11.187792)
(-0.035285668 0.0015406056 -11.062458)
(-0.033801794 0.0014758182 -10.93689)
(-0.032301351 0.0014103075 -10.811744)
(-0.030786746 0.0013441785 -10.686514)
(-0.029251557 0.0012771506 -10.561617)
(-0.027698128 0.0012093264 -10.436915)
(-0.026126272 0.0011406978 -10.312354)
(-0.0245361 0.0010712694 -10.18818)
(-0.022932096 0.0010012371 -10.063995)
(-0.021312752 0.00093053498 -9.9402116)
(-0.019684829 0.0008594584 -9.8164321)
(-0.018047548 0.00078797321 -9.692889)
(-0.016405321 0.00071627206 -9.5694759)
(-0.01475954 0.00064441562 -9.4461328)
(-0.013111253 0.00057244994 -9.3230463)
(-0.011463529 0.00050050895 -9.1999613)
(-0.009814838 0.00042852551 -9.0771889)
(-0.0081678763 0.00035661763 -8.9544993)
(-0.0065192424 0.00028463681 -8.8320675)
(-0.004869954 0.00021262731 -8.7097513)
(-0.003222299 0.00014068901 -8.5876774)
(-0.0015768677 6.8847901e-05 -8.4658263)
(6.8609999e-05 -2.9952953e-06 -8.3440924)
(0.0017164697 -7.4942408e-05 -8.2225983)
(0.0033611521 -0.00014675071 -8.1011263)
(0.0049967272 -0.00021816152 -7.9797907)
(0.0066164699 -0.00028888094 -7.8585036)
(0.0082152755 -0.00035868625 -7.7373653)
(0.0097903648 -0.0004274561 -7.6162621)
(0.011342116 -0.00049520707 -7.4953483)
(0.012873821 -0.00056208268 -7.3745208)
(0.014380313 -0.00062785747 -7.2538265)
(0.015864302 -0.00069264996 -7.1332608)
(0.01732509 -0.00075642934 -7.0127957)
(0.01876105 -0.0008191247 -6.8924956)
(0.020175747 -0.00088089179 -6.7722831)
(0.021570335 -0.00094178096 -6.6522579)
(0.022949977 -0.0010020174 -6.532342)
(0.024304564 -0.00106116 -6.4125479)
(0.025634496 -0.0011192259 -6.2928743)
(0.026938384 -0.0011761549 -6.173292)
(0.028214915 -0.0012318894 -6.0538371)
(0.029464046 -0.0012864275 -5.9344475)
(0.030683065 -0.001339651 -5.8151682)
(0.031873368 -0.0013916207 -5.6959618)
(0.033031965 -0.0014422061 -5.576843)
(0.034159867 -0.0014914514 -5.4577941)
(0.03525563 -0.0015392935 -5.3388258)
(0.036322171 -0.0015858596 -5.2199533)
(0.037359076 -0.0016311317 -5.1011557)
(0.038368706 -0.0016752132 -4.9824278)
(0.039352326 -0.0017181591 -4.8637436)
(0.040304114 -0.0017597151 -4.7451429)
(0.041226353 -0.001799981 -4.6266147)
(0.042118383 -0.0018389279 -4.5081678)
(0.042982215 -0.0018766436 -4.389782)
(0.043816343 -0.0019130624 -4.2714717)
(0.044623767 -0.0019483152 -4.1532285)
(0.045402292 -0.0019823064 -4.0350512)
(0.046153765 -0.0020151166 -3.9169425)
(0.04687747 -0.0020467141 -3.798889)
(0.047573397 -0.0020770991 -3.6808966)
(0.048242868 -0.0021063287 -3.562951)
(0.048884415 -0.0021343393 -3.4450564)
(0.049500504 -0.0021612382 -3.3272102)
(0.050089288 -0.0021869452 -3.2094084)
(0.050652406 -0.0022115313 -3.0916535)
(0.051189415 -0.0022349776 -2.9739371)
(0.051700515 -0.0022572927 -2.8562613)
(0.052186957 -0.0022785312 -2.7386207)
(0.052647802 -0.0022986521 -2.6210166)
(0.0530851 -0.002317745 -2.503452)
(0.053497631 -0.0023357566 -2.3859252)
(0.053886713 -0.0023527443 -2.2684338)
(0.054251906 -0.002368689 -2.1509733)
(0.054594226 -0.0023836349 -2.033543)
(0.054913312 -0.0023975664 -1.9161325)
(0.055208999 -0.0024104763 -1.7987307)
(0.055482169 -0.0024224032 -1.6813362)
(0.055731394 -0.0024332847 -1.563942)
(0.055956521 -0.0024431141 -1.4465465)
(0.056155731 -0.0024518119 -1.3291575)
(0.05632862 -0.0024593604 -1.2118237)
(0.056469806 -0.0024655248 -1.0945575)
(0.056574143 -0.0024700802 -0.97742601)
(0.056631224 -0.0024725723 -0.86074548)
(0.056625967 -0.0024723428 -0.74544279)
(0.056535467 -0.0024683915 -0.63310224)
(0.056325993 -0.0024592458 -0.52547391)
(0.055946853 -0.0024426921 -0.42408636)
(0.055319842 -0.0024153162 -0.32876641)
(0.054297992 -0.0023707012 -0.24217187)
(0.052473588 -0.0022910463 -0.14978649)
(0.047705867 -0.002082883 -0.07296646)
(-0.049882886 0.0021779335 -21.981232)
(-0.067261835 0.0029367148 -18.946272)
(-0.072245605 0.0031543109 -16.479171)
(-0.073854937 0.0032245759 -15.03118)
(-0.074739119 0.0032631802 -14.264017)
(-0.075334871 0.0032891913 -13.85548)
(-0.075553147 0.0032987214 -13.614457)
(-0.075360269 0.0032903001 -13.44871)
(-0.074776881 0.0032648289 -13.313574)
(-0.073893604 0.0032262642 -13.186144)
(-0.07279204 0.0031781688 -13.063529)
(-0.071544505 0.0031237002 -12.940732)
(-0.070169761 0.0030636777 -12.818475)
(-0.068700957 0.0029995483 -12.69515)
(-0.067151634 0.0029319034 -12.570055)
(-0.06552415 0.002860846 -12.444244)
(-0.063840525 0.0027873373 -12.317243)
(-0.062095891 0.0027111649 -12.190347)
(-0.060301198 0.0026328069 -12.063119)
(-0.058455233 0.0025522103 -11.936422)
(-0.056567904 0.0024698078 -11.809573)
(-0.054633428 0.0023853468 -11.683431)
(-0.052668725 0.002299566 -11.557173)
(-0.050667602 0.0022121951 -11.431291)
(-0.048635246 0.0021234605 -11.305509)
(-0.046574051 0.0020334668 -11.17975)
(-0.044488239 0.0019423983 -11.054318)
(-0.042389389 0.0018507605 -10.928684)
(-0.040274533 0.001758424 -10.803512)
(-0.038154099 0.0016658438 -10.678272)
(-0.036025846 0.0015729222 -10.553373)
(-0.033896409 0.0014799491 -10.428674)
(-0.03176698 0.0013869762 -10.304116)
(-0.029638059 0.0012940255 -10.179944)
(-0.027514214 0.0012012964 -10.055759)
(-0.025392564 0.0011086632 -9.9319724)
(-0.02327893 0.00101638 -9.8081882)
(-0.02117065 0.00092433048 -9.6846378)
(-0.019070696 0.00083264446 -9.5612145)
(-0.016978874 0.00074131353 -9.4378562)
(-0.014894974 0.00065032847 -9.314746)
(-0.012821213 0.00055978616 -9.1916229)
(-0.010755174 0.00046958104 -9.0687866)
(-0.0086993946 0.00037982379 -8.9459907)
(-0.0066512869 0.00029040145 -8.8234227)
(-0.0046144264 0.00020147018 -8.7009711)
(-0.0025873221 0.00011296483 -8.5787471)
(-0.00056878548 2.483366e-05 -8.4566874)
(0.0014455723 -6.3115149e-05 -8.3346758)
(0.003460189 -0.00015107506 -8.2129355)
(0.0054648365 -0.00023859994 -8.0913347)
(0.0074518522 -0.00032535488 -7.9699736)
(0.0094135214 -0.00041100311 -7.8487386)
(0.011345182 -0.0004953411 -7.7277055)
(0.013244313 -0.00057825893 -7.6067245)
(0.015110828 -0.00065975279 -7.4859045)
(0.016942841 -0.00073974022 -7.3651694)
(0.018743152 -0.00081834354 -7.2445994)
(0.020511059 -0.00089553211 -7.1241679)
(0.022247562 -0.00097134941 -7.0038446)
(0.02395267 -0.001045796 -6.8836914)
(0.025626637 -0.0011188829 -6.7636045)
(0.027267464 -0.001190523 -6.6436447)
(0.028875198 -0.0012607181 -6.5237899)
(0.030450268 -0.0013294873 -6.4041043)
(0.031994312 -0.0013969015 -6.2845537)
(0.033506867 -0.0014629412 -6.165096)
(0.03498758 -0.0015275904 -6.0457677)
(0.03643732 -0.0015908874 -5.9265079)
(0.03785394 -0.0016527384 -5.8073631)
(0.039239362 -0.0017132272 -5.6882968)
(0.040590663 -0.0017722264 -5.5693247)
(0.04190843 -0.0018297613 -5.4504265)
(0.043189789 -0.0018857066 -5.3316044)
(0.044436651 -0.0019401458 -5.2128644)
(0.045650867 -0.0019931596 -5.0941694)
(0.046834116 -0.0020448215 -4.9755707)
(0.04798423 -0.0020950365 -4.8570644)
(0.049099183 -0.0021437164 -4.7386426)
(0.050181348 -0.0021909648 -4.6202923)
(0.05122947 -0.0022367268 -4.5020233)
(0.052245398 -0.0022810831 -4.3838148)
(0.053227374 -0.0023239571 -4.2656806)
(0.054178523 -0.0023654851 -4.147612)
(0.055096499 -0.0024055648 -4.0296072)
(0.055983338 -0.002444285 -3.911669)
(0.056838422 -0.0024816188 -3.7937838)
(0.05766193 -0.002517574 -3.6759576)
(0.058455471 -0.0025522207 -3.5581764)
(0.059217733 -0.0025855018 -3.4404444)
(0.059951499 -0.0026175388 -3.3227598)
(0.060655057 -0.0026482567 -3.205119)
(0.061330243 -0.002677736 -3.087525)
(0.061976725 -0.0027059619 -2.96997)
(0.062594768 -0.0027329462 -2.8524564)
(0.063185572 -0.0027587414 -2.7349792)
(0.06374812 -0.0027833027 -2.6175391)
(0.064284242 -0.0028067104 -2.5001393)
(0.064792454 -0.0028288994 -2.3827773)
(0.065273653 -0.0028499091 -2.2654507)
(0.065726933 -0.0028696996 -2.1481545)
(0.066152685 -0.0028882884 -2.0308877)
(0.066549918 -0.0029056318 -1.9136402)
(0.066917699 -0.0029216894 -1.796401)
(0.067256183 -0.0029364681 -1.6791698)
(0.06756318 -0.0029498719 -1.5619397)
(0.067837901 -0.0029618664 -1.4447098)
(0.068077835 -0.0029723422 -1.3274882)
(0.068282314 -0.0029812699 -1.2103231)
(0.068444719 -0.0029883606 -1.0932268)
(0.068558697 -0.002993337 -0.97626586)
(0.068610836 -0.0029956135 -0.85975458)
(0.068581191 -0.0029943191 -0.74461605)
(0.068438631 -0.0029880949 -0.63243169)
(0.068137087 -0.002974929 -0.52495182)
(0.0676083 -0.002951842 -0.42370455)
(0.066750207 -0.0029143766 -0.32851362)
(0.065381882 -0.0028546343 -0.24203132)
(0.063012552 -0.0027511871 -0.1497272)
(0.057077821 -0.0024920712 -0.072971585)
(-0.070358815 0.0030719319 -21.984452)
(-0.086880622 0.0037932894 -18.948858)
(-0.089929122 0.0039263898 -16.480087)
(-0.09024141 0.0039400247 -15.030317)
(-0.09046319 0.0039497079 -14.26154)
(-0.090807036 0.0039647204 -13.852011)
(-0.09098539 0.0039725075 -13.610387)
(-0.090843959 0.0039663324 -13.444249)
(-0.090342592 0.0039444423 -13.308804)
(-0.089550363 0.003909853 -13.181054)
(-0.088545444 0.0038659771 -13.058104)
(-0.087399892 0.0038159613 -12.934935)
(-0.086130446 0.0037605361 -12.812284)
(-0.084767494 0.0037010284 -12.688536)
(-0.083317442 0.0036377177 -12.563009)
(-0.081777367 0.0035704767 -12.436754)
(-0.080166018 0.0035001237 -12.309319)
(-0.078476011 0.0034263364 -12.182012)
(-0.076714209 0.0033494144 -12.054399)
(-0.074873365 0.0032690414 -11.927362)
(-0.072960341 0.0031855169 -11.800196)
(-0.070968618 0.0030985565 -11.673767)
(-0.06890992 0.0030086719 -11.547174)
(-0.0667757 0.0029154898 -11.421043)
(-0.064573979 0.0028193606 -11.29502)
(-0.062308623 0.002720453 -11.169005)
(-0.059981356 0.0026188423 -11.043346)
(-0.057600606 0.0025148965 -10.917515)
(-0.055161343 0.002408396 -10.792163)
(-0.052677877 0.0022999655 -10.666765)
(-0.050147741 0.0021894974 -10.541729)
(-0.047580695 0.0020774179 -10.416915)
(-0.04497971 0.0019638564 -10.292264)
(-0.04234733 0.0018489241 -10.16802)
(-0.039692023 0.001732991 -10.043781)
(-0.037011754 0.001615968 -9.919955)
(-0.034317467 0.0014983329 -9.7961448)
(-0.031607327 0.0013800056 -9.6725782)
(-0.028888357 0.0012612928 -9.549147)
(-0.026162734 0.0011422895 -9.4257869)
(-0.023433279 0.0010231189 -9.3026818)
(-0.020707139 0.00090409303 -9.1795725)
(-0.017985397 0.00078525931 -9.0567643)
(-0.015279291 0.00066710823 -8.9340227)
(-0.012593888 0.00054986099 -8.8115386)
(-0.0099382172 0.00043391193 -8.6891723)
(-0.0073098481 0.00031915483 -8.5670285)
(-0.0047164693 0.00020592547 -8.445086)
(-0.0021683416 9.4671812e-05 -8.323224)
(0.0003254841 -1.4210916e-05 -8.2016404)
(0.0027711827 -0.00012099243 -8.0801717)
(0.0051798933 -0.00022615895 -7.9589133)
(0.0075574649 -0.00032996586 -7.8377628)
(0.0099084874 -0.00043261362 -7.7168029)
(0.012231384 -0.0005340334 -7.5958963)
(0.014522513 -0.00063406634 -7.475198)
(0.016780761 -0.00073266362 -7.3545921)
(0.019011898 -0.00083007718 -7.2341269)
(0.021218376 -0.00092641413 -7.1138021)
(0.023399835 -0.0010216587 -6.9935781)
(0.025554418 -0.0011157298 -6.8735221)
(0.027678352 -0.0012084627 -6.7535549)
(0.029761421 -0.0012994115 -6.6337775)
(0.031800934 -0.0013884585 -6.5141026)
(0.033802383 -0.0014758438 -6.394539)
(0.035767345 -0.0015616358 -6.2750926)
(0.037694257 -0.0016457667 -6.1557379)
(0.039581656 -0.0017281721 -6.0365146)
(0.041429555 -0.0018088531 -5.9173628)
(0.043235385 -0.0018876973 -5.7983311)
(0.044999267 -0.0019647102 -5.6793836)
(0.046714573 -0.0020396021 -5.5605402)
(0.048388341 -0.0021126804 -5.4417865)
(0.050020699 -0.0021839506 -5.3231268)
(0.05161002 -0.0022533418 -5.2045533)
(0.053154731 -0.0023207854 -5.0860341)
(0.054651845 -0.0023861508 -4.9676102)
(0.056106703 -0.0024496713 -4.8492648)
(0.057517384 -0.002511263 -4.7310056)
(0.058885719 -0.0025710058 -4.6128232)
(0.060210353 -0.0026288406 -4.4947277)
(0.061492955 -0.0026848402 -4.3766979)
(0.062731686 -0.0027389243 -4.2587474)
(0.063929503 -0.0027912222 -4.1408674)
(0.06508406 -0.0028416312 -4.0230555)
(0.066197355 -0.0028902387 -3.9053145)
(0.067268828 -0.0029370201 -3.78763)
(0.068298681 -0.0029819845 -3.6700075)
(0.069288665 -0.0030252082 -3.5524324)
(0.070237556 -0.0030666377 -3.4349079)
(0.071148379 -0.0031064051 -3.3174316)
(0.072019573 -0.0031444422 -3.1999986)
(0.072853243 -0.003180841 -3.0826114)
(0.073649259 -0.0032155958 -2.9652614)
(0.07440808 -0.0032487266 -2.8479505)
(0.075131187 -0.0032802982 -2.7306735)
(0.07581761 -0.0033102681 -2.6134308)
(0.076469443 -0.0033387278 -2.4962263)
(0.077085138 -0.0033656096 -2.3790573)
(0.077665733 -0.0033909589 -2.2619218)
(0.078210242 -0.0034147326 -2.1448151)
(0.078719198 -0.0034369541 -2.0277365)
(0.079191564 -0.003457578 -1.9106761)
(0.079626423 -0.0034765643 -1.7936228)
(0.080024269 -0.0034939347 -1.6765764)
(0.080382802 -0.0035095887 -1.5595302)
(0.08070154 -0.003523505 -1.4424836)
(0.080977804 -0.0035355669 -1.3254448)
(0.081211121 -0.0035457538 -1.2084624)
(0.081393525 -0.0035537177 -1.0915494)
(0.081517016 -0.0035591094 -0.97477274)
(0.081563828 -0.0035611533 -0.8584457)
(0.081507094 -0.0035586762 -0.74348746)
(0.08130411 -0.0035498138 -0.63147666)
(0.080891461 -0.003531797 -0.52416487)
(0.080176124 -0.0035005649 -0.42308226)
(0.079022606 -0.0034502011 -0.32805249)
(0.07720567 -0.003370872 -0.24172907)
(0.074150509 -0.0032374807 -0.14957026)
(0.066879787 -0.0029200343 -0.072954238)
(-0.088495814 0.0038638102 -21.987212)
(-0.1034137 0.0045151393 -18.952404)
(-0.10391108 0.0045368553 -16.483336)
(-0.10244154 0.0044726936 -15.03275)
(-0.10153424 0.0044330801 -14.262524)
(-0.10114308 0.0044160017 -13.851815)
(-0.1007914 0.0044006471 -13.60928)
(-0.10021362 0.0043754208 -13.442434)
(-0.099316223 0.0043362395 -13.306443)
(-0.098133071 0.0042845821 -13.178247)
(-0.096735958 0.0042235827 -13.054939)
(-0.095194378 0.0041562759 -12.931466)
(-0.09352261 0.004083285 -12.808556)
(-0.091746973 0.004005759 -12.684533)
(-0.089879858 0.003924239 -12.558705)
(-0.087916171 0.0038385026 -12.432112)
(-0.085873869 0.0037493338 -12.30431)
(-0.083757132 0.0036569151 -12.176597)
(-0.081579554 0.0035618398 -12.048532)
(-0.079344423 0.003464252 -11.920988)
(-0.077056988 0.0033643804 -11.793282)
(-0.074706568 0.003261759 -11.666233)
(-0.07230018 0.0031566937 -11.539113)
(-0.069835674 0.0030490911 -11.412402)
(-0.067318332 0.0029391816 -11.285811)
(-0.064748339 0.0028269733 -11.159265)
(-0.062123854 0.0027123858 -11.033099)
(-0.059450624 0.00259567 -10.906782)
(-0.056727539 0.0024767777 -10.780968)
(-0.053962842 0.0023560683 -10.655132)
(-0.051157078 0.002233566 -10.529684)
(-0.048315894 0.0021095173 -10.40448)
(-0.045442806 0.0019840756 -10.279462)
(-0.042540031 0.0018573377 -10.154874)
(-0.039613753 0.0017295736 -10.030315)
(-0.036665 0.0016008284 -9.9061954)
(-0.033701219 0.0014714268 -9.7821161)
(-0.03072474 0.001341471 -9.6583083)
(-0.027741263 0.0012112096 -9.5346657)
(-0.024754881 0.0010808213 -9.4111259)
(-0.021769145 0.00095046133 -9.287875)
(-0.018789292 0.00082035813 -9.164658)
(-0.015817408 0.0006906029 -9.0417857)
(-0.012855567 0.00056128613 -8.9190331)
(-0.0099025143 0.0004323531 -8.7965913)
(-0.006959289 0.00030384906 -8.6743141)
(-0.0040277222 0.00017585403 -8.5523091)
(-0.0011091311 4.8425663e-05 -8.430577)
(0.0017980479 -7.8504504e-05 -8.3090033)
(0.0046886562 -0.00020471107 -8.1876844)
(0.0075550083 -0.00032985874 -8.0663831)
(0.010390022 -0.00045363808 -7.9452201)
(0.013189653 -0.00057587254 -7.8241198)
(0.01595123 -0.00069644549 -7.7032076)
(0.01867694 -0.00081545257 -7.5823808)
(0.021362785 -0.00093271911 -7.4617539)
(0.024011563 -0.0010483673 -7.3411963)
(0.026616044 -0.0011620814 -7.2207714)
(0.029174153 -0.0012737709 -7.1004777)
(0.031683096 -0.0013833136 -6.9803021)
(0.034140778 -0.0014906184 -6.8603241)
(0.036551411 -0.0015958688 -6.7404832)
(0.038918073 -0.0016991995 -6.6208422)
(0.041238072 -0.0018004928 -6.5012888)
(0.043502193 -0.0018993465 -6.3818653)
(0.045709736 -0.0019957298 -6.2625811)
(0.047859241 -0.0020895794 -6.143407)
(0.049950374 -0.0021808801 -6.0243798)
(0.051986845 -0.0022697943 -5.9054378)
(0.053972319 -0.002356482 -5.7866347)
(0.055905937 -0.0024409056 -5.6679521)
(0.057787906 -0.0025230742 -5.5493662)
(0.059616102 -0.002602895 -5.430827)
(0.061389743 -0.0026803338 -5.312382)
(0.06311105 -0.0027554876 -5.1940466)
(0.064778681 -0.002828298 -5.0757804)
(0.06639232 -0.0028987511 -4.9576143)
(0.067955978 -0.0029670218 -4.8395287)
(0.069467715 -0.0030330256 -4.7215307)
(0.07093034 -0.0030968852 -4.6036102)
(0.072343117 -0.0031585684 -4.4857766)
(0.073708529 -0.0032181835 -4.3680086)
(0.07502514 -0.003275668 -4.2503192)
(0.076296612 -0.0033311817 -4.1326994)
(0.077520967 -0.0033846382 -4.0151468)
(0.078700666 -0.0034361449 -3.8976636)
(0.079835496 -0.0034856926 -3.7802356)
(0.080925908 -0.0035333011 -3.6628681)
(0.081973957 -0.0035790599 -3.5455463)
(0.082978472 -0.003622918 -3.4282732)
(0.08394268 -0.0036650163 -3.3110464)
(0.084864942 -0.003705283 -3.193861)
(0.08574739 -0.0037438115 -3.0767195)
(0.086589772 -0.0037805907 -2.9596134)
(0.08739238 -0.0038156333 -2.8425443)
(0.088156632 -0.0038490013 -2.7255073)
(0.08888129 -0.0038806406 -2.6085026)
(0.089568448 -0.0039106426 -2.4915337)
(0.09021633 -0.0039389297 -2.3745977)
(0.090825965 -0.003965547 -2.2576925)
(0.09139621 -0.0039904443 -2.1408128)
(0.091927647 -0.0040136473 -2.0239577)
(0.092419157 -0.0040351071 -1.907117)
(0.092869749 -0.0040547803 -1.79028)
(0.09328009 -0.0040726963 -1.6734465)
(0.093647698 -0.0040887464 -1.5566105)
(0.093972199 -0.0041029144 -1.4397717)
(0.094250758 -0.0041150765 -1.3229391)
(0.09448312 -0.0041252217 -1.2061619)
(0.094660451 -0.0041329641 -1.089454)
(0.094773895 -0.0041379172 -0.9728833)
(0.094803373 -0.0041392042 -0.85676211)
(0.094718233 -0.0041354868 -0.74200554)
(0.094469297 -0.0041246181 -0.63019012)
(0.093983005 -0.0041033861 -0.52307092)
(0.09315015 -0.004067023 -0.42218273)
(0.09181007 -0.0040085138 -0.32735743)
(0.089692815 -0.0039160725 -0.24124199)
(0.086119023 -0.0037600373 -0.14932502)
(0.077614231 -0.0033887101 -0.072890784)
(-0.11089957 0.0048419794 -21.990693)
(-0.13055991 0.0057003683 -18.95657)
(-0.13235053 0.0057785483 -16.48556)
(-0.13133909 0.005734388 -15.032685)
(-0.13067566 0.0057054219 -14.259979)
(-0.13039872 0.0056933302 -13.847493)
(-0.12998917 0.0056754492 -13.603702)
(-0.12917884 0.0056400694 -13.435928)
(-0.12788884 0.0055837465 -13.299146)
(-0.12618346 0.0055092883 -13.170179)
(-0.12416552 0.0054211829 -13.046167)
(-0.12192729 0.0053234598 -12.922011)
(-0.119491 0.0052170892 -12.798454)
(-0.11689721 0.0051038419 -12.673832)
(-0.11417144 0.0049848322 -12.547444)
(-0.11132484 0.0048605468 -12.420325)
(-0.10838173 0.0047320482 -12.292032)
(-0.10534792 0.0045995888 -12.163955)
(-0.10223111 0.0044635061 -12.03562)
(-0.099030358 0.0043237584 -11.907781)
(-0.095756965 0.0041808389 -11.779825)
(-0.092417763 0.0040350462 -11.652586)
(-0.089028509 0.0038870682 -11.525203)
(-0.08559615 0.0037372083 -11.398242)
(-0.082127686 0.0035857719 -11.271413)
(-0.078628443 0.0034329917 -11.144625)
(-0.075101613 0.0032790069 -11.018223)
(-0.071554736 0.0031241469 -10.891682)
(-0.067989146 0.0029684698 -10.765655)
(-0.064411297 0.0028122577 -10.639623)
(-0.060823616 0.0026556162 -10.513989)
(-0.057230486 0.0024987367 -10.388615)
(-0.05363593 0.002341795 -10.263445)
(-0.050041914 0.0021848769 -10.138721)
(-0.04645284 0.0020281746 -10.014044)
(-0.042870823 0.0018717803 -9.8898241)
(-0.039300144 0.0017158812 -9.7656658)
(-0.035744291 0.0015606292 -9.6417974)
(-0.03220656 0.0014061686 -9.5181116)
(-0.028690744 0.0012526647 -9.3945447)
(-0.02519761 0.0011001513 -9.2712792)
(-0.021726079 0.00094858103 -9.1480551)
(-0.018275585 0.00079792913 -9.0251678)
(-0.01484378 0.00064809329 -8.9023922)
(-0.01142751 0.0004989357 -8.7798987)
(-0.0080225707 0.00035027288 -8.657562)
(-0.0046361275 0.00020241756 -8.5354796)
(-0.0012675215 5.5341111e-05 -8.4135798)
(0.002083591 -9.0971597e-05 -8.2917647)
(0.005413479 -0.00023635757 -8.1702779)
(0.0087134643 -0.00038043808 -8.0489686)
(0.011974087 -0.00052279993 -7.9279268)
(0.015190942 -0.00066325085 -7.8070319)
(0.018362413 -0.00080172019 -7.6863421)
(0.021483744 -0.00093800038 -7.5657283)
(0.024554634 -0.0010720783 -7.4453401)
(0.027573217 -0.0012038726 -7.3250733)
(0.030533529 -0.0013331225 -7.2049951)
(0.033432277 -0.0014596846 -7.085084)
(0.03626698 -0.0015834504 -6.9652926)
(0.039036715 -0.0017043795 -6.8456611)
(0.041741922 -0.0018224914 -6.7260801)
(0.044382991 -0.0019378029 -6.6066946)
(0.046963662 -0.0020504775 -6.4874771)
(0.049480403 -0.0021603608 -6.3684262)
(0.051935354 -0.0022675462 -6.249516)
(0.054329032 -0.0023720565 -6.1307085)
(0.056658916 -0.0024737814 -6.0120286)
(0.058928728 -0.0025728835 -5.8933848)
(0.06113294 -0.0026691215 -5.7748599)
(0.063282166 -0.0027629587 -5.6564325)
(0.065380389 -0.0028545691 -5.5381207)
(0.067425058 -0.0029438412 -5.4199175)
(0.069414091 -0.0030306843 -5.3018069)
(0.071350979 -0.0031152506 -5.1837884)
(0.073236042 -0.0031975543 -5.0658278)
(0.07506907 -0.003277586 -4.9479578)
(0.076853092 -0.003355478 -4.8301596)
(0.078586316 -0.0034311522 -4.7124407)
(0.08027068 -0.0035046932 -4.5947925)
(0.081905217 -0.0035760587 -4.4772251)
(0.083491542 -0.0036453191 -4.3597183)
(0.085028022 -0.0037124032 -4.2422857)
(0.086517183 -0.0037774214 -4.1249191)
(0.087956963 -0.0038402836 -4.0076163)
(0.089348923 -0.0039010578 -3.8903803)
(0.090692466 -0.0039597181 -3.773197)
(0.091987486 -0.0040162599 -3.656072)
(0.093235362 -0.0040707433 -3.5389909)
(0.094434637 -0.0041231049 -3.4219568)
(0.095587807 -0.0041734534 -3.3049675)
(0.096693122 -0.0042217126 -3.1880176)
(0.097752202 -0.004267953 -3.07111)
(0.098764601 -0.0043121552 -2.9542357)
(0.099730333 -0.0043543199 -2.8373964)
(0.10065052 -0.0043944961 -2.7205871)
(0.10152377 -0.0044326232 -2.6038077)
(0.10235192 -0.0044687807 -2.4870621)
(0.10313299 -0.0045028831 -2.3703472)
(0.1038678 -0.0045349659 -2.2536611)
(0.10455499 -0.0045649689 -2.1369985)
(0.10519492 -0.0045929088 -2.0203589)
(0.10578627 -0.0046187276 -1.903732)
(0.10632782 -0.0046423726 -1.7871075)
(0.10682027 -0.0046638735 -1.6704853)
(0.10726098 -0.0046831153 -1.5538596)
(0.10764969 -0.0047000864 -1.4372302)
(0.10798351 -0.0047146615 -1.3206067)
(0.10826266 -0.0047268495 -1.204038)
(0.1084778 -0.0047362426 -1.0875394)
(0.10861984 -0.0047424442 -0.97117933)
(0.10866734 -0.004744518 -0.85526884)
(0.10858724 -0.0047410207 -0.74071851)
(0.10832599 -0.0047296146 -0.62910154)
(0.10780288 -0.0047067751 -0.52217548)
(0.10689666 -0.0046672084 -0.42147744)
(0.10542612 -0.0046030034 -0.32684353)
(0.1030787 -0.0045005126 -0.24090958)
(0.099048622 -0.0043245557 -0.14917324)
(0.089268805 -0.0038975598 -0.072865916)
(-0.13676642 0.0059713501 -21.996744)
(-0.15587456 0.0068056294 -18.96203)
(-0.15526359 0.0067789541 -16.489052)
(-0.15258269 0.0066619034 -15.03352)
(-0.15103675 0.0065944059 -14.257731)
(-0.15039661 0.0065664571 -13.842931)
(-0.14988698 0.0065442059 -13.597374)
(-0.14908116 0.0065090231 -13.428183)
(-0.1478186 0.0064538985 -13.290201)
(-0.14613722 0.006380488 -13.160127)
(-0.14413629 0.0062931256 -13.035092)
(-0.14190754 0.006195816 -12.909962)
(-0.13946862 0.0060893307 -12.78551)
(-0.13685677 0.0059752951 -12.660035)
(-0.13408473 0.0058542651 -12.532932)
(-0.13115557 0.0057263753 -12.405166)
(-0.12809683 0.0055928275 -12.27623)
(-0.12490134 0.0054533097 -12.147366)
(-0.12157517 0.0053080857 -12.018228)
(-0.11812051 0.0051572522 -11.889664)
(-0.11455761 0.0050016928 -11.760993)
(-0.11088565 0.0048413715 -11.633173)
(-0.10711942 0.0046769345 -11.505344)
(-0.10326237 0.004508532 -11.378024)
(-0.099328052 0.004336756 -11.250906)
(-0.095327563 0.0041620908 -11.12389)
(-0.091268226 0.0039848564 -10.997308)
(-0.087162201 0.0038055835 -10.870623)
(-0.083012397 0.0036243992 -10.744479)
(-0.078829624 0.0034417754 -10.618355)
(-0.074616906 0.0032578442 -10.492652)
(-0.070380904 0.0030728964 -10.367226)
(-0.066126451 0.002887143 -10.242022)
(-0.061856281 0.0027007033 -10.117281)
(-0.057576344 0.0025138373 -9.9926068)
(-0.05328862 0.0023266313 -9.8684074)
(-0.048999782 0.0021393766 -9.7442899)
(-0.04471377 0.0019522452 -9.6204812)
(-0.040431739 0.0017652877 -9.4968774)
(-0.036154162 0.0015785247 -9.3734085)
(-0.031883625 0.001392069 -9.2502647)
(-0.027623136 0.001206052 -9.1271867)
(-0.023375987 0.0010206175 -9.0044609)
(-0.019150481 0.00083612805 -8.8818572)
(-0.014956847 0.00065303006 -8.75953)
(-0.010807801 0.0004718788 -8.6373648)
(-0.0067063111 0.00029280385 -8.5154809)
(-0.0026648116 0.00011634808 -8.3938354)
(0.0013050531 -5.6979939e-05 -8.2723477)
(0.0052080158 -0.00022738695 -8.151195)
(0.0090551499 -0.00039535643 -8.0301756)
(0.012849975 -0.00056104207 -7.9093848)
(0.016588001 -0.00072424775 -7.7887063)
(0.020271612 -0.00088507775 -7.6682611)
(0.023904488 -0.0010436924 -7.5479312)
(0.027485427 -0.0012000396 -7.4278188)
(0.031014194 -0.0013541089 -7.3078176)
(0.03448902 -0.001505823 -7.1879905)
(0.037910243 -0.0016551969 -7.0683249)
(0.041274447 -0.0018020812 -6.9487865)
(0.044572529 -0.0019460785 -6.8294482)
(0.047804015 -0.0020871682 -6.7102344)
(0.050964378 -0.0022251526 -6.5912052)
(0.054059899 -0.0023603058 -6.4722733)
(0.057088249 -0.0024925265 -6.3534818)
(0.060043021 -0.0026215347 -6.234825)
(0.062930221 -0.0027475926 -6.1162884)
(0.065752422 -0.0028708124 -5.9979006)
(0.068505335 -0.0029910073 -5.8796065)
(0.071180388 -0.0031078026 -5.761429)
(0.073783917 -0.0032214749 -5.6432996)
(0.076311087 -0.0033318136 -5.5252608)
(0.078767815 -0.0034390767 -5.4073002)
(0.081153182 -0.003543224 -5.2894281)
(0.083468687 -0.0036443211 -5.1716492)
(0.08571347 -0.0037423305 -5.0539303)
(0.087886426 -0.0038372038 -4.9363041)
(0.089990757 -0.0039290808 -4.8187521)
(0.092023934 -0.0040178514 -4.701282)
(0.093988316 -0.0041036182 -4.583885)
(0.09588285 -0.0041863353 -4.4665716)
(0.097710013 -0.0042661109 -4.3493213)
(0.099468238 -0.0043428767 -4.2321483)
(0.10116154 -0.0044168077 -4.1150442)
(0.10278797 -0.0044878194 -3.998007)
(0.10435041 -0.0045560371 -3.8810396)
(0.10584895 -0.0046214643 -3.7641277)
(0.10728428 -0.0046841325 -3.6472767)
(0.10865906 -0.0047441564 -3.5304719)
(0.10997216 -0.0048014875 -3.4137158)
(0.11122762 -0.0048563022 -3.2970057)
(0.11242384 -0.0049085303 -3.1803361)
(0.1135636 -0.0049582931 -3.0637092)
(0.11464693 -0.0050055923 -2.947116)
(0.11567442 -0.0050504538 -2.8305578)
(0.11664818 -0.0050929689 -2.7140295)
(0.11756691 -0.0051330815 -2.597531)
(0.11843366 -0.0051709247 -2.4810663)
(0.11924645 -0.0052064122 -2.3646321)
(0.12000703 -0.0052396194 -2.2482267)
(0.12071421 -0.0052704958 -2.1318448)
(0.12136925 -0.0052990954 -2.0154859)
(0.12197107 -0.0053253714 -1.8991397)
(0.12251878 -0.0053492849 -1.7827958)
(0.12301399 -0.0053709063 -1.6664541)
(0.12345388 -0.0053901126 -1.5501088)
(0.12383874 -0.0054069159 -1.4337598)
(0.12416544 -0.0054211801 -1.3174169)
(0.12443446 -0.0054329255 -1.2011286)
(0.12463487 -0.0054416755 -1.084911)
(0.12475584 -0.0054469572 -0.96883297)
(0.12477131 -0.0054476324 -0.85320373)
(0.12464099 -0.0054419428 -0.73892808)
(0.12429936 -0.0054270269 -0.62757529)
(0.12364771 -0.0053985752 -0.52090568)
(0.12253872 -0.0053501557 -0.42045964)
(0.12075519 -0.005272285 -0.32607758)
(0.11793185 -0.0051490151 -0.24039962)
(0.11314727 -0.004940116 -0.14889902)
(0.10178697 -0.0044441148 -0.072841954)
(-0.15954483 0.0069658771 -22.002303)
(-0.18296145 0.0079882689 -18.968992)
(-0.18265985 0.0079751005 -16.495063)
(-0.17957118 0.0078402463 -15.037723)
(-0.17751771 0.00775059 -14.25906)
(-0.17634325 0.0076993119 -13.841967)
(-0.17523484 0.0076509178 -13.594643)
(-0.17376055 0.0075865485 -13.424066)
(-0.17177269 0.0074997569 -13.28493)
(-0.16932788 0.0073930142 -13.153796)
(-0.16656057 0.0072721908 -13.027798)
(-0.16358264 0.0071421716 -12.901741)
(-0.16041495 0.0070038672 -12.776375)
(-0.15709428 0.0068588838 -12.649954)
(-0.15363567 0.0067078777 -12.521855)
(-0.15002998 0.0065504497 -12.393039)
(-0.14629387 0.0063873274 -12.262931)
(-0.14243441 0.0062188198 -12.133118)
(-0.13846263 0.0060454083 -12.003)
(-0.13438138 0.0058672173 -11.87357)
(-0.13020376 0.0056848183 -11.744128)
(-0.12591558 0.0054975925 -11.615501)
(-0.12152582 0.0053059314 -11.486883)
(-0.11703344 0.0051097899 -11.35882)
(-0.11244706 0.0049095442 -11.231021)
(-0.10777389 0.0047055093 -11.103389)
(-0.10301918 0.0044979143 -10.976251)
(-0.098192538 0.0042871785 -10.84907)
(-0.093300907 0.0040736053 -10.722482)
(-0.088358234 0.0038578036 -10.59596)
(-0.083370519 0.0036400352 -10.469897)
(-0.078347981 0.0034207466 -10.344143)
(-0.073298708 0.0032002906 -10.218641)
(-0.068228848 0.0029789358 -10.093629)
(-0.063148031 0.0027571025 -9.9687119)
(-0.058056474 0.0025348003 -9.8442978)
(-0.052956993 0.0023121522 -9.7199989)
(-0.047855234 0.0020894045 -9.5960292)
(-0.042755699 0.001866754 -9.4723178)
(-0.037662669 0.0016443876 -9.3487715)
(-0.032584765 0.0014226815 -9.2255829)
(-0.027533789 0.0012021511 -9.1024946)
(-0.022519446 0.00098322021 -8.9797998)
(-0.017550617 0.00076627653 -8.8572715)
(-0.012636324 0.00055171394 -8.7351247)
(-0.0077808941 0.00033972131 -8.6131957)
(-0.0029878225 0.00013045128 -8.4915946)
(0.0017448758 -7.6182818e-05 -8.3703112)
(0.0064135621 -0.000280022 -8.2491652)
(0.011014574 -0.00048090657 -8.1282774)
(0.015545161 -0.0006787163 -8.0075004)
(0.020002449 -0.00087332567 -7.8870022)
(0.024391988 -0.001064977 -7.7666642)
(0.028700809 -0.0012531042 -7.6465013)
(0.032929685 -0.0014377408 -7.5263939)
(0.037073749 -0.0016186745 -7.4065085)
(0.041133232 -0.0017959154 -7.2867428)
(0.045103859 -0.0019692766 -7.1671593)
(0.048986655 -0.0021388031 -7.0477533)
(0.052783139 -0.0023045613 -6.928525)
(0.056493992 -0.0024665806 -6.809508)
(0.060115126 -0.0026246826 -6.6905671)
(0.063646901 -0.0027788832 -6.571812)
(0.067088144 -0.0029291312 -6.4532008)
(0.070434594 -0.0030752403 -6.3348003)
(0.073693379 -0.003217522 -6.216547)
(0.076855494 -0.003355583 -6.0983509)
(0.079922072 -0.0034894726 -5.9803019)
(0.082894094 -0.0036192339 -5.8623603)
(0.08577335 -0.0037449449 -5.7445558)
(0.088559493 -0.0038665906 -5.6268453)
(0.091248809 -0.0039840086 -5.5092436)
(0.093844861 -0.0040973547 -5.3917284)
(0.096347186 -0.0042066085 -5.2743078)
(0.098759673 -0.00431194 -5.1569849)
(0.10108317 -0.0044133861 -5.0397248)
(0.10331826 -0.0045109722 -4.9225588)
(0.10547093 -0.0046049596 -4.8054664)
(0.10753977 -0.0046952875 -4.6884537)
(0.1095294 -0.0047821561 -4.5715106)
(0.11143998 -0.0048655739 -4.454646)
(0.11327587 -0.0049457307 -4.3378385)
(0.11503637 -0.0050225959 -4.2211008)
(0.11672724 -0.0050964207 -4.1044237)
(0.11834703 -0.0051671424 -3.9878045)
(0.11989975 -0.0052349353 -3.8712454)
(0.121386 -0.0052998266 -3.754732)
(0.12280697 -0.0053618675 -3.6382694)
(0.12416591 -0.0054211999 -3.5218429)
(0.12546175 -0.0054777774 -3.4054549)
(0.12669902 -0.0055317978 -3.2891034)
(0.12787603 -0.0055831875 -3.1727824)
(0.12899582 -0.0056320786 -3.0564948)
(0.13005848 -0.0056784752 -2.9402317)
(0.13106468 -0.0057224067 -2.8239947)
(0.13201675 -0.0057639751 -2.7077793)
(0.13291349 -0.0058031278 -2.5915853)
(0.13375829 -0.0058400126 -2.4754175)
(0.13454943 -0.0058745544 -2.3592726)
(0.13528903 -0.0059068458 -2.2431496)
(0.13597631 -0.0059368531 -2.1270437)
(0.13661296 -0.0059646502 -2.0109547)
(0.13719845 -0.0059902129 -1.8948731)
(0.13773233 -0.0060135227 -1.7787891)
(0.13821668 -0.0060346696 -1.6627034)
(0.13864921 -0.0060535546 -1.546611)
(0.13903063 -0.0060702078 -1.4305124)
(0.13935834 -0.0060845156 -1.3144183)
(0.13963361 -0.0060965343 -1.1983776)
(0.1398459 -0.0061058033 -1.0824081)
(0.13998509 -0.0061118803 -0.96657996)
(0.14002622 -0.006113676 -0.85120109)
(0.13992963 -0.0061094587 -0.73717105)
(0.13962966 -0.006096362 -0.62605582)
(0.13902431 -0.006069932 -0.51962065)
(0.1379549 -0.0060232401 -0.41941168)
(0.13617644 -0.0059455909 -0.32527672)
(0.13325557 -0.0058180632 -0.23985431)
(0.12809835 -0.0055928941 -0.14861869)
(0.11536406 -0.0050369028 -0.072796163)
(-0.18295692 0.0079880706 -22.010107)
(-0.2170488 0.0094765543 -18.977594)
(-0.22096961 0.0096477408 -16.500446)
(-0.21978658 0.0095960885 -15.039018)
(-0.21863606 0.0095458556 -14.25567)
(-0.21777261 0.0095081566 -13.835146)
(-0.21649812 0.0094525112 -13.585303)
(-0.21449548 0.0093650742 -13.412817)
(-0.21171283 0.0092435809 -13.272152)
(-0.20829809 0.0090944902 -13.139723)
(-0.20444787 0.0089263861 -13.012678)
(-0.20031511 0.0087459457 -12.885715)
(-0.19593677 0.0085547832 -12.759556)
(-0.19136384 0.0083551248 -12.632416)
(-0.18662045 0.0081480241 -12.503538)
(-0.18172149 0.0079341308 -12.374001)
(-0.17669573 0.0077147016 -12.243224)
(-0.17154385 0.0074897657 -12.11267)
(-0.16628042 0.0072599594 -11.981858)
(-0.16090361 0.0070252027 -11.851693)
(-0.15541902 0.0067857406 -11.721489)
(-0.14982607 0.006541547 -11.592127)
(-0.14414307 0.0062934217 -11.462782)
(-0.13837047 0.0060413849 -11.333995)
(-0.1325188 0.0057858952 -11.205485)
(-0.1265954 0.0055272741 -11.077162)
(-0.12060612 0.0052657764 -10.949348)
(-0.11456785 0.00500214 -10.821539)
(-0.10848195 0.004736424 -10.694393)
(-0.10236195 0.004469219 -10.567377)
(-0.096216127 0.0042008866 -10.440885)
(-0.09006079 0.0039321388 -10.314772)
(-0.083901049 0.0036631987 -10.188983)
(-0.077737891 0.0033941095 -10.063758)
(-0.071582806 0.0031253727 -9.9386804)
(-0.065439825 0.0028571644 -9.8141918)
(-0.059315601 0.002589775 -9.6898769)
(-0.053217397 0.0023235216 -9.5659462)
(-0.047158322 0.0020589767 -9.4423218)
(-0.041151638 0.0017967192 -9.3189147)
(-0.035206048 0.0015371292 -9.195904)
(-0.02933042 0.0012805938 -9.0730286)
(-0.02353112 0.0010273909 -8.9505809)
(-0.017810253 0.00077761245 -8.8283174)
(-0.012164523 0.00053111459 -8.7063989)
(-0.006593382 0.00028787333 -8.5846981)
(-0.0010995042 4.8005501e-05 -8.4633078)
(0.0043157817 -0.00018843104 -8.3421882)
(0.0096493561 -0.00042129978 -8.2212788)
(0.014891485 -0.00065017606 -8.1007561)
(0.020034698 -0.00087473356 -7.9804086)
(0.025071307 -0.0010946367 -7.860283)
(0.030006327 -0.0013101042 -7.7403161)
(0.034833271 -0.0015208531 -7.6206427)
(0.039546162 -0.0017266224 -7.5011032)
(0.04414125 -0.0019272483 -7.3818084)
(0.048621436 -0.0021228573 -7.2626482)
(0.052985737 -0.0023134068 -7.1436758)
(0.057234823 -0.0024989259 -7.0248581)
(0.061367301 -0.0026793537 -6.9061542)
(0.065393437 -0.0028551386 -6.7876751)
(0.069312017 -0.0030262275 -6.6693329)
(0.073117189 -0.0031923648 -6.5511858)
(0.076814612 -0.0033537978 -6.4331698)
(0.080407091 -0.0035106487 -6.3152789)
(0.083905136 -0.0036633768 -6.1975404)
(0.087302815 -0.0038117227 -6.0799541)
(0.090597437 -0.003955569 -5.9625164)
(0.093795033 -0.0040951791 -5.8451559)
(0.096895213 -0.0042305359 -5.7279155)
(0.099902661 -0.0043618438 -5.6107542)
(0.10281625 -0.0044890536 -5.4936855)
(0.10563951 -0.0046123199 -5.3766868)
(0.10837232 -0.0047316369 -5.2597659)
(0.11101809 -0.0048471536 -5.1429257)
(0.11357765 -0.0049589066 -5.0261317)
(0.1160512 -0.0050669039 -4.9094153)
(0.11844367 -0.0051713613 -4.7927571)
(0.12075355 -0.0052722133 -4.676164)
(0.12298448 -0.0053696179 -4.5596268)
(0.12513617 -0.0054635623 -4.4431557)
(0.12721199 -0.0055541948 -4.3267304)
(0.12921074 -0.0056414619 -4.210365)
(0.13113708 -0.0057255679 -4.0940518)
(0.13298919 -0.0058064328 -3.9777889)
(0.13477018 -0.0058841924 -3.8615799)
(0.13648016 -0.0059588515 -3.7454112)
(0.13811964 -0.0060304327 -3.6292886)
(0.1396912 -0.0060990485 -3.5131981)
(0.14119329 -0.0061646312 -3.3971424)
(0.14262976 -0.0062273489 -3.2811199)
(0.14399854 -0.006287111 -3.1651245)
(0.14530206 -0.0063440238 -3.0491594)
(0.14653996 -0.0063980721 -2.9332154)
(0.14771241 -0.0064492621 -2.8172941)
(0.14882127 -0.0064976762 -2.7013909)
(0.14986485 -0.0065432397 -2.5855054)
(0.15084618 -0.0065860857 -2.4696424)
(0.15176304 -0.0066261165 -2.3537984)
(0.15261727 -0.0066634131 -2.2379722)
(0.15340771 -0.0066979245 -2.1221587)
(0.1541359 -0.006729718 -2.006358)
(0.15480107 -0.0067587599 -1.8905602)
(0.15540263 -0.0067850243 -1.7747557)
(0.15594291 -0.0068086136 -1.658945)
(0.15641955 -0.0068294243 -1.5431233)
(0.15683371 -0.006847507 -1.4272913)
(0.15718306 -0.0068627598 -1.3114601)
(0.15746991 -0.0068752839 -1.1956788)
(0.15768368 -0.0068846173 -1.0799668)
(0.15781475 -0.0068903399 -0.96439572)
(0.15783732 -0.0068913255 -0.84927244)
(0.1577096 -0.0068857491 -0.73549119)
(0.15736105 -0.0068705311 -0.62461548)
(0.15668045 -0.0068408154 -0.51841626)
(0.15549199 -0.0067889262 -0.41844641)
(0.15351938 -0.0067027998 -0.32456233)
(0.15026476 -0.0065607003 -0.23938153)
(0.14446105 -0.0063073049 -0.14841203)
(0.13001612 -0.0056766259 -0.072744029)
(-0.21678293 0.0094649464 -22.021304)
(-0.25731325 0.011234538 -18.988651)
(-0.26207671 0.011442515 -16.507232)
(-0.26078268 0.011386017 -15.040331)
(-0.25944554 0.011327636 -14.250945)
(-0.25839843 0.011281918 -13.826142)
(-0.25682416 0.011213184 -13.573287)
(-0.25436149 0.011105661 -13.398616)
(-0.25095343 0.010956862 -13.256252)
(-0.24677833 0.010774573 -13.122283)
(-0.24207341 0.010569152 -12.993772)
(-0.23702677 0.010348811 -12.865418)
(-0.23167597 0.01011519 -12.73781)
(-0.22610269 0.0098718558 -12.609244)
(-0.22032278 0.0096194993 -12.479223)
(-0.214322 0.0093574996 -12.348488)
(-0.20814302 0.0090877199 -12.216617)
(-0.2017861 0.0088101707 -12.085073)
(-0.19526702 0.0085255413 -11.95333)
(-0.18859563 0.0082342622 -11.822294)
(-0.1817987 0.007937502 -11.691287)
(-0.17487982 0.0076354173 -11.561182)
(-0.16786705 0.0073292332 -11.431151)
(-0.16076758 0.0070192633 -11.301726)
(-0.15360014 0.0067063264 -11.172632)
(-0.14637815 0.0063910073 -11.043779)
(-0.13911123 0.0060737269 -10.915527)
(-0.13181971 0.0057553721 -10.787337)
(-0.12450732 0.0054361066 -10.659819)
(-0.11718441 0.0051163813 -10.532482)
(-0.10984512 0.004795941 -10.405754)
(-0.10248896 0.0044747645 -10.27947)
(-0.095127267 0.0041533458 -10.15362)
(-0.087766402 0.0038319636 -10.028397)
(-0.08041803 0.0035111268 -9.9033904)
(-0.073094669 0.003191382 -9.7790286)
(-0.065815749 0.0028735775 -9.6548944)
(-0.058590425 0.0025581131 -9.5311999)
(-0.051430671 0.0022455115 -9.4078357)
(-0.044347413 0.0019362498 -9.284727)
(-0.037347059 0.0016306077 -9.1620454)
(-0.030435709 0.0013288517 -9.0395262)
(-0.023618692 0.0010312144 -8.9174506)
(-0.016902359 0.00073797296 -8.7955493)
(-0.010299142 0.00044967032 -8.6740216)
(-0.0038132814 0.00016649152 -8.5527407)
(0.0025457292 -0.00011114885 -8.4318187)
(0.0087705977 -0.00038293251 -8.311253)
(0.014865258 -0.00064903098 -8.1908985)
(0.020831388 -0.00090951784 -8.070915)
(0.026673606 -0.0011645946 -7.9511312)
(0.032389163 -0.0014141412 -7.8316407)
(0.037972961 -0.001657935 -7.7123316)
(0.043429015 -0.0018961514 -7.5932792)
(0.048762066 -0.0021289974 -7.4743477)
(0.053969635 -0.0023563648 -7.3556571)
(0.059048191 -0.0025780993 -7.2370899)
(0.063997651 -0.0027941973 -7.1187118)
(0.068821792 -0.0030048239 -7.0005271)
(0.073521998 -0.0032100393 -6.8824687)
(0.078096926 -0.0034097849 -6.7645864)
(0.082555273 -0.0036044405 -6.6468196)
(0.086893556 -0.003793854 -6.5292417)
(0.091115897 -0.0039782053 -6.4117626)
(0.0952195 -0.0041573725 -6.2944121)
(0.09920084 -0.0043312016 -6.1771891)
(0.10306555 -0.0044999387 -6.0600623)
(0.10681372 -0.0046635871 -5.9430665)
(0.11044697 -0.0048222181 -5.8261394)
(0.11396197 -0.0049756867 -5.7093261)
(0.11736207 -0.0051241378 -5.5925874)
(0.12064397 -0.005267429 -5.4759386)
(0.12381007 -0.005405664 -5.3593583)
(0.12685873 -0.0055387709 -5.2428558)
(0.12979274 -0.0056668727 -5.1264348)
(0.13261226 -0.0057899754 -5.0100616)
(0.13531695 -0.005908065 -4.8937679)
(0.13791244 -0.0060213864 -4.7775342)
(0.14039708 -0.0061298679 -4.6613675)
(0.14277549 -0.0062337118 -4.5452582)
(0.14504794 -0.0063329291 -4.4292157)
(0.14721926 -0.0064277308 -4.3132194)
(0.14928898 -0.0065180967 -4.1972821)
(0.15126378 -0.0066043183 -4.0813954)
(0.15314285 -0.0066863602 -3.9655566)
(0.15493119 -0.0067644407 -3.8497684)
(0.15663042 -0.0068386306 -3.7340166)
(0.15824269 -0.006909024 -3.6183063)
(0.15977258 -0.0069758204 -3.5026233)
(0.16121989 -0.0070390116 -3.38697)
(0.16259069 -0.0070988619 -3.2713447)
(0.16388427 -0.0071553408 -3.1557416)
(0.16510502 -0.00720864 -3.0401638)
(0.16625421 -0.0072588147 -2.9246028)
(0.16733361 -0.0073059421 -2.8090605)
(0.16834691 -0.0073501837 -2.6935326)
(0.16929377 -0.0073915245 -2.5780195)
(0.17017906 -0.0074301773 -2.4625264)
(0.1710018 -0.007466099 -2.3470503)
(0.17176533 -0.0074994351 -2.2315903)
(0.17246959 -0.0075301841 -2.1161419)
(0.17311733 -0.0075584647 -2.0007051)
(0.17370859 -0.0075842801 -1.8852705)
(0.17424345 -0.0076076324 -1.7698284)
(0.17472483 -0.00762865 -1.6543792)
(0.17515056 -0.0076472378 -1.5389179)
(0.17552187 -0.0076634493 -1.4234446)
(0.17583626 -0.007677176 -1.30797)
(0.17609618 -0.0076885242 -1.1925416)
(0.17629009 -0.0076969906 -1.0771787)
(0.17640755 -0.007702119 -0.96195204)
(0.17642078 -0.0077026967 -0.84716425)
(0.176284 -0.0076967248 -0.73370061)
(0.17591901 -0.0076807891 -0.62311793)
(0.17520069 -0.0076494265 -0.5171903)
(0.17392852 -0.0075938822 -0.41747631)
(0.17178386 -0.0075002443 -0.32383923)
(0.16818993 -0.00734333 -0.238905)
(0.16168657 -0.0070593872 -0.1481547)
(0.14537768 -0.0063473256 -0.072734274)
(-0.26186797 0.011433401 -22.035315)
(-0.3093404 0.013506092 -19.003202)
(-0.3142623 0.013720987 -16.517444)
(-0.31211485 0.013627227 -15.04477)
(-0.30989556 0.013530331 -14.248327)
(-0.30803346 0.01344903 -13.818237)
(-0.30557578 0.013341725 -13.561429)
(-0.30211349 0.013190559 -13.383696)
(-0.29758684 0.012992921 -13.238785)
(-0.29220801 0.012758076 -13.102498)
(-0.28627637 0.012499095 -12.971916)
(-0.27999902 0.01222502 -12.84153)
(-0.27342965 0.011938195 -12.712352)
(-0.26663255 0.011641427 -12.582165)
(-0.25961529 0.011335047 -12.450485)
(-0.252355 0.011018056 -12.318153)
(-0.24488255 0.010691802 -12.184717)
(-0.23719748 0.010356264 -12.051683)
(-0.22931695 0.010012193 -11.918574)
(-0.22125046 0.0096600025 -11.786289)
(-0.21302351 0.0093008062 -11.65417)
(-0.20464104 0.0089348198 -11.523089)
(-0.1961353 0.0085634512 -11.392218)
(-0.18751666 0.0081871535 -11.262076)
(-0.17880961 0.0078069952 -11.132385)
(-0.17003324 0.0074238109 -11.00304)
(-0.1611877 0.0070376063 -10.874376)
(-0.15227788 0.0066485951 -10.745873)
(-0.14331721 0.0062573636 -10.618135)
(-0.13432551 0.0058647778 -10.490714)
(-0.12530972 0.00547114 -10.363857)
(-0.11629347 0.0050774818 -10.23746)
(-0.10728961 0.0046843651 -10.11159)
(-0.098316377 0.0042925852 -9.98641)
(-0.089390321 0.0039028652 -9.8615059)
(-0.080525012 0.0035157975 -9.7372663)
(-0.071740155 0.0031322424 -9.6133016)
(-0.063046427 0.0027526662 -9.4898224)
(-0.054454381 0.0023775294 -9.3667219)
(-0.045973214 0.0020072337 -9.2439262)
(-0.037611462 0.0016421517 -9.1216078)
(-0.029377851 0.0012826645 -8.999504)
(-0.021281561 0.0009291729 -8.8779031)
(-0.013333483 0.00058215238 -8.7565963)
(-0.0055516971 0.00024239234 -8.6357314)
(0.0020657545 -9.0192804e-05 -8.5151642)
(0.0095158328 -0.00041547021 -8.3950038)
(0.016804639 -0.00073370634 -8.2751389)
(0.023929795 -0.0010447974 -8.1554515)
(0.030886107 -0.0013485165 -8.0361235)
(0.037674145 -0.0016448886 -7.9169706)
(0.044291041 -0.0019337885 -7.7980911)
(0.050736983 -0.0022152243 -7.6793876)
(0.057008033 -0.0024890243 -7.560941)
(0.063102001 -0.0027550926 -7.4426246)
(0.069017763 -0.0030133803 -7.3245997)
(0.074766267 -0.0032643654 -7.2067406)
(0.080340048 -0.0035077218 -7.0890556)
(0.085742557 -0.0037436005 -6.971514)
(0.090972363 -0.0039719388 -6.854087)
(0.09602528 -0.0041925538 -6.7368539)
(0.10090591 -0.0044056467 -6.6197276)
(0.10561456 -0.0046112307 -6.5027952)
(0.11015708 -0.0048095614 -6.3859886)
(0.11453069 -0.0050005171 -6.2693348)
(0.11874033 -0.0051843142 -6.1528234)
(0.12278826 -0.0053610508 -6.0364206)
(0.12667694 -0.0055308342 -5.92016)
(0.13041249 -0.0056939318 -5.8039781)
(0.1339952 -0.0058503561 -5.6879182)
(0.13743331 -0.006000467 -5.5719387)
(0.14072733 -0.0061442872 -5.4560528)
(0.143884 -0.0062821106 -5.3402361)
(0.14690544 -0.0064140292 -5.2244952)
(0.14979817 -0.0065403286 -5.1088306)
(0.15256571 -0.006661162 -4.9932057)
(0.15521052 -0.006776637 -4.8776493)
(0.15774065 -0.0068871049 -4.7621397)
(0.16015688 -0.0069925995 -4.6466814)
(0.16246544 -0.0070933937 -4.5312634)
(0.16466831 -0.0071895729 -4.4158938)
(0.16677131 -0.0072813918 -4.3005509)
(0.16877518 -0.0073688828 -4.1852468)
(0.17068676 -0.0074523439 -4.0699728)
(0.17250619 -0.0075317823 -3.9547255)
(0.17423839 -0.0076074117 -3.8395077)
(0.17588527 -0.007679316 -3.7243051)
(0.17744891 -0.0077475859 -3.6091227)
(0.17893346 -0.0078124026 -3.4939464)
(0.18033886 -0.0078737639 -3.3787786)
(0.18167033 -0.007931897 -3.2636177)
(0.18292738 -0.0079867809 -3.1484576)
(0.18411376 -0.0080385796 -3.0333019)
(0.18523069 -0.0080873456 -2.9181418)
(0.18627966 -0.0081331448 -2.8029796)
(0.187264 -0.008176122 -2.6878113)
(0.1881835 -0.0082162683 -2.5726374)
(0.18904259 -0.0082537769 -2.4574639)
(0.18984073 -0.0082886245 -2.3422881)
(0.19058114 -0.0083209511 -2.2271104)
(0.19126412 -0.0083507709 -2.1119273)
(0.1918925 -0.0083782067 -1.9967402)
(0.19246684 -0.0084032826 -1.8815411)
(0.19298752 -0.008426016 -1.7663221)
(0.1934576 -0.0084465405 -1.6510857)
(0.1938756 -0.0084647907 -1.5358286)
(0.19424297 -0.0084808306 -1.4205533)
(0.19455791 -0.008494581 -1.3052727)
(0.19482384 -0.0085061917 -1.1900363)
(0.19503005 -0.0085151949 -1.074867)
(0.19516748 -0.0085211954 -0.95983866)
(0.19521026 -0.0085230632 -0.84525417)
(0.19511347 -0.0085188373 -0.73199412)
(0.1947978 -0.0085050547 -0.62161379)
(0.19413116 -0.0084759488 -0.51589593)
(0.19289364 -0.0084219175 -0.41640891)
(0.1907235 -0.0083271671 -0.32302467)
(0.1869476 -0.0081623076 -0.23835707)
(0.17986407 -0.0078530341 -0.14789259)
(0.1616313 -0.0070569744 -0.072687137)
(-0.31438052 0.013726148 -22.052649)
(-0.37159427 0.016224154 -19.022235)
(-0.37779544 0.016494903 -16.530756)
(-0.37524731 0.01638365 -15.05067)
(-0.37221619 0.016251308 -14.245094)
(-0.36936827 0.016126965 -13.808182)
(-0.36566603 0.015965322 -13.546368)
(-0.36071743 0.015749261 -13.364912)
(-0.35453355 0.015479267 -13.217097)
(-0.3473825 0.015167046 -13.078177)
(-0.33964149 0.014829066 -12.945304)
(-0.3315575 0.014476111 -12.812925)
(-0.32316441 0.014109661 -12.681713)
(-0.31452434 0.013732428 -12.54965)
(-0.30564788 0.013344873 -12.416159)
(-0.29651619 0.012946175 -12.282073)
(-0.28716076 0.012537708 -12.146883)
(-0.27757776 0.012119305 -12.012102)
(-0.26777676 0.011691384 -11.877348)
(-0.25776088 0.011254082 -11.743476)
(-0.24755991 0.010808698 -11.609858)
(-0.23719416 0.01035612 -11.477392)
(-0.22667423 0.0098968097 -11.345263)
(-0.21599147 0.0094303902 -11.213992)
(-0.2051628 0.0089576004 -11.083318)
(-0.19421602 0.0084796538 -10.953095)
(-0.18316419 0.0079971203 -10.823762)
(-0.17202915 0.0075109542 -10.694707)
(-0.16083229 0.0070220886 -10.566537)
(-0.14961613 0.0065323806 -10.438815)
(-0.1384214 0.0060436083 -10.311897)
(-0.12728739 0.0055574871 -10.185609)
(-0.11623516 0.0050749363 -10.059805)
(-0.10528733 0.0045969438 -9.9347455)
(-0.094463798 0.0041243781 -9.8100538)
(-0.083779556 0.0036578941 -9.6861148)
(-0.073250187 0.0031981719 -9.5625383)
(-0.06288914 0.0027457989 -9.439525)
(-0.052707937 0.002301278 -9.3169635)
(-0.042717609 0.0018650909 -9.1947712)
(-0.0329277 0.0014376542 -9.0731135)
(-0.02334775 0.0010193846 -8.9517285)
(-0.013986212 0.0006106511 -8.8309043)
(-0.0048411335 0.00021136842 -8.7104232)
(0.0040955176 -0.00017881412 -8.5904025)
(0.012813424 -0.00055944607 -8.4706476)
(0.021310329 -0.000930429 -8.3512378)
(0.029582519 -0.0012916007 -8.2321719)
(0.037620331 -0.001642539 -8.1133587)
(0.045417793 -0.0019829836 -7.994953)
(0.052975499 -0.0023129601 -7.8767698)
(0.060288842 -0.0026322676 -7.7589018)
(0.06736129 -0.0029410572 -7.6412486)
(0.07418965 -0.0032391898 -7.5239022)
(0.080780495 -0.0035269523 -7.4067066)
(0.087131352 -0.0038042367 -7.2897239)
(0.093256599 -0.0040716707 -7.1728708)
(0.099155619 -0.0043292274 -7.0562404)
(0.10483513 -0.0045772002 -6.9398185)
(0.11029643 -0.0048156459 -6.8235626)
(0.11554466 -0.0050447885 -6.7075086)
(0.1205889 -0.0052650245 -6.5915559)
(0.12543263 -0.0054765063 -6.4757789)
(0.1300878 -0.0056797555 -6.3601035)
(0.13455814 -0.0058749344 -6.2445501)
(0.13885299 -0.0060624517 -6.1291041)
(0.14297841 -0.0062425714 -6.0137267)
(0.1469398 -0.0064155295 -5.8984485)
(0.15074562 -0.0065816951 -5.7832041)
(0.15439835 -0.0067411767 -5.6680347)
(0.15790708 -0.0068943713 -5.5528997)
(0.16127401 -0.0070413746 -5.4378115)
(0.164506 -0.0071824863 -5.3227481)
(0.1676058 -0.0073178265 -5.2077174)
(0.1705795 -0.0074476609 -5.0927231)
(0.1734308 -0.0075721514 -4.9777318)
(0.17616184 -0.0076913911 -4.8627756)
(0.17877934 -0.0078056738 -4.747836)
(0.18128439 -0.0079150466 -4.6329204)
(0.18368206 -0.008019731 -4.5180207)
(0.18597405 -0.0081198016 -4.4031472)
(0.18816509 -0.0082154643 -4.2882805)
(0.19025573 -0.0083067437 -4.1734345)
(0.19225131 -0.0083938727 -4.0586027)
(0.19415211 -0.0084768631 -3.9437831)
(0.19596186 -0.0085558786 -3.82898)
(0.19768217 -0.008630989 -3.7141805)
(0.19931444 -0.0087022554 -3.5993907)
(0.20086197 -0.0087698222 -3.4845976)
(0.20232445 -0.0088336754 -3.3698046)
(0.20370608 -0.0088939984 -3.2550112)
(0.20500627 -0.0089507662 -3.1402118)
(0.20622804 -0.0090041096 -3.025411)
(0.20737228 -0.0090540683 -2.9106008)
(0.20844008 -0.0091006892 -2.7957841)
(0.20943435 -0.0091441003 -2.6809574)
(0.21035469 -0.0091842833 -2.5661219)
(0.21120528 -0.0092214208 -2.4512835)
(0.21198556 -0.0092554886 -2.3364403)
(0.21269881 -0.0092866295 -2.2215925)
(0.21334546 -0.0093148632 -2.1067366)
(0.21392874 -0.0093403294 -1.9918739)
(0.21444967 -0.0093630738 -1.8769964)
(0.21490922 -0.0093831382 -1.7620959)
(0.21531145 -0.0094007002 -1.6471745)
(0.21565571 -0.0094157307 -1.5322288)
(0.21594477 -0.0094283512 -1.4172606)
(0.21617809 -0.0094385383 -1.3022828)
(0.2163613 -0.0094465376 -1.1873437)
(0.2164849 -0.0094519339 -1.0724668)
(0.2165418 -0.0094544182 -0.95772654)
(0.21650686 -0.0094528926 -0.84342214)
(0.21633403 -0.0094453467 -0.73042601)
(0.21593872 -0.009428087 -0.62028823)
(0.21517606 -0.0093947889 -0.51479773)
(0.21379926 -0.0093346765 -0.41553153)
(0.21139457 -0.0092296853 -0.32236974)
(0.20718379 -0.0090458388 -0.23792634)
(0.19921577 -0.0086979473 -0.14767358)
(0.17869569 -0.0078020215 -0.072667538)
(-0.38026688 0.016602809 -22.076664)
(-0.44941808 0.019622015 -19.047746)
(-0.45774706 0.019985666 -16.548105)
(-0.45536641 0.019881725 -15.057587)
(-0.45186307 0.019728766 -14.239517)
(-0.44817731 0.019567842 -13.79327)
(-0.44316374 0.019348945 -13.524629)
(-0.43648749 0.019057453 -13.338129)
(-0.42822645 0.018696769 -13.186132)
(-0.41876347 0.018283606 -13.043888)
(-0.40855348 0.017837828 -12.908002)
(-0.39790477 0.017372895 -12.773035)
(-0.38687929 0.016891513 -12.639505)
(-0.37556856 0.016397676 -12.505221)
(-0.36398546 0.015891947 -12.369575)
(-0.35211091 0.015373493 -12.233447)
(-0.33997727 0.014843726 -12.096229)
(-0.32758709 0.014302759 -11.959409)
(-0.31496198 0.013751536 -11.822722)
(-0.30208698 0.013189401 -11.687024)
(-0.28896744 0.01261659 -11.551826)
(-0.27561604 0.012033655 -11.417902)
(-0.26208164 0.01144273 -11.284434)
(-0.24838223 0.010844601 -11.152022)
(-0.23454796 0.010240584 -11.020377)
(-0.22061671 0.0096323326 -10.889382)
(-0.2066379 0.0090220045 -10.759461)
(-0.19266958 0.0084121345 -10.630011)
(-0.17874406 0.0078041332 -10.501653)
(-0.16490611 0.0071999554 -10.373873)
(-0.1511935 0.0066012499 -10.247012)
(-0.13762383 0.0060087854 -10.120934)
(-0.12422616 0.0054238307 -9.9955401)
(-0.11102415 0.0048474185 -9.8710418)
(-0.098031825 0.0042801614 -9.747035)
(-0.085273141 0.0037231053 -9.623887)
(-0.072765717 0.0031770195 -9.5012033)
(-0.060526277 0.0026426341 -9.3791674)
(-0.048567479 0.0021205017 -9.2576612)
(-0.036901474 0.001611153 -9.1365929)
(-0.025528281 0.0011145887 -9.0161308)
(-0.014449659 0.00063088567 -8.8960044)
(-0.0036762357 0.00016050788 -8.7764325)
(0.006791158 -0.00029650833 -8.6571358)
(0.016948845 -0.00074000246 -8.5383125)
(0.026800172 -0.0011701206 -8.4198696)
(0.036337393 -0.0015865246 -8.3018933)
(0.045561484 -0.0019892571 -8.1843191)
(0.054477744 -0.0023785494 -8.0670153)
(0.063088903 -0.0027545207 -7.9501265)
(0.071404726 -0.0031175974 -7.8334578)
(0.079427983 -0.0034679003 -7.7170811)
(0.087166043 -0.0038057513 -7.6009001)
(0.094625717 -0.0041314476 -7.4849791)
(0.1018198 -0.0044455479 -7.3691785)
(0.10874824 -0.0047480502 -7.2536227)
(0.1154146 -0.0050391098 -7.1381828)
(0.12182446 -0.0053189702 -7.0228968)
(0.1279869 -0.005588028 -6.9077433)
(0.13391089 -0.0058466751 -6.7926785)
(0.13960178 -0.0060951444 -6.6777563)
(0.1450679 -0.0063338005 -6.5628836)
(0.15031091 -0.0065627155 -6.4481362)
(0.15534007 -0.0067822933 -6.333446)
(0.16015724 -0.0069926151 -6.2188375)
(0.16476943 -0.0071939878 -6.1043018)
(0.16918098 -0.0073866004 -5.9898053)
(0.17339545 -0.007570608 -5.8753824)
(0.17741994 -0.0077463209 -5.7609727)
(0.18125572 -0.0079137949 -5.6466198)
(0.18491113 -0.0080733936 -5.5322862)
(0.18838803 -0.0082251982 -5.4179857)
(0.19169322 -0.0083695057 -5.3036976)
(0.19482966 -0.0085064456 -5.18943)
(0.19780405 -0.0086363104 -5.0751862)
(0.20062117 -0.0087593086 -4.9609324)
(0.20328422 -0.0088755797 -4.8466991)
(0.20580154 -0.0089854884 -4.7324674)
(0.20817606 -0.0090891621 -4.6182432)
(0.2104148 -0.0091869075 -4.5040177)
(0.21252163 -0.0092788937 -4.3898004)
(0.21450357 -0.0093654269 -4.2755717)
(0.21636356 -0.0094466358 -4.161345)
(0.21810937 -0.0095228598 -4.0471136)
(0.21974406 -0.0095942317 -3.9328755)
(0.22127392 -0.0096610267 -3.8186354)
(0.22270341 -0.0097234397 -3.7043804)
(0.22403664 -0.00978165 -3.5901171)
(0.22527962 -0.0098359196 -3.4758329)
(0.22643489 -0.0098863596 -3.3615315)
(0.22750901 -0.0099332568 -3.2472126)
(0.22850439 -0.0099767162 -3.1328714)
(0.22942626 -0.010016966 -3.0185124)
(0.23027806 -0.010054156 -2.9041282)
(0.23106305 -0.010088429 -2.7897218)
(0.23178599 -0.010119994 -2.67529)
(0.23244852 -0.01014892 -2.5608344)
(0.23305595 -0.010175441 -2.4463608)
(0.23360947 -0.010199609 -2.3318678)
(0.23411309 -0.010221597 -2.2173555)
(0.23456824 -0.010241469 -2.1028209)
(0.23497828 -0.010259372 -1.9882653)
(0.23534467 -0.010275369 -1.8736809)
(0.2356683 -0.010289499 -1.7590599)
(0.2359524 -0.010301903 -1.6444046)
(0.23619627 -0.010312551 -1.5297121)
(0.23640168 -0.010321519 -1.4149845)
(0.2365678 -0.010328772 -1.3002351)
(0.23670023 -0.010334554 -1.1855124)
(0.23678975 -0.010338463 -1.070841)
(0.23683042 -0.010340238 -0.95629724)
(0.2367997 -0.010338897 -0.84217827)
(0.23665329 -0.010332505 -0.72934973)
(0.23630657 -0.010317367 -0.61935888)
(0.23560807 -0.010286869 -0.51400441)
(0.23428926 -0.010229289 -0.41487656)
(0.23188435 -0.010124288 -0.32186912)
(0.22749373 -0.0099325895 -0.23758739)
(0.21886054 -0.0095556565 -0.14751844)
(0.19607397 -0.0085607736 -0.072640569)
(-0.45976715 0.020073865 -22.10899)
(-0.54331111 0.023721473 -19.081833)
(-0.55451947 0.02421084 -16.572876)
(-0.5527886 0.024135269 -15.06987)
(-0.54904986 0.023972032 -14.235667)
(-0.54461432 0.023778372 -13.776945)
(-0.53823814 0.023499982 -13.498782)
(-0.52964993 0.023125013 -13.304931)
(-0.51903851 0.022661708 -13.147259)
(-0.50683185 0.022128754 -12.999868)
(-0.49364353 0.02155294 -12.859561)
(-0.47986244 0.020951244 -12.720601)
(-0.46560272 0.020328652 -12.583447)
(-0.45099121 0.019690699 -12.445786)
(-0.43603792 0.019037825 -12.306955)
(-0.4207191 0.018368991 -12.167935)
(-0.4050148 0.017683326 -12.027979)
(-0.38890113 0.016979788 -11.888587)
(-0.3724237 0.016260368 -11.749606)
(-0.35558902 0.01552535 -11.611988)
(-0.33843476 0.014776379 -11.47497)
(-0.32099666 0.014015015 -11.339541)
(-0.30336505 0.013245203 -11.205028)
(-0.28562164 0.012470509 -11.071858)
(-0.26783995 0.011694143 -10.939709)
(-0.25007326 0.010918433 -10.808481)
(-0.23237895 0.010145883 -10.678482)
(-0.2148175 0.0093791337 -10.549179)
(-0.19742935 0.0086199507 -10.421148)
(-0.18025337 0.0078700312 -10.293859)
(-0.16331895 0.0071306584 -10.167653)
(-0.14665183 0.0064029567 -10.042379)
(-0.13027857 0.0056880847 -9.9179277)
(-0.11422299 0.0049870829 -9.7944681)
(-0.098503113 0.0043007384 -9.6716302)
(-0.083142316 0.0036300716 -9.5497965)
(-0.068160593 0.0029759555 -9.428548)
(-0.053577554 0.0023392463 -9.3080485)
(-0.039394122 0.0017199843 -9.1881772)
(-0.025614402 0.0011183489 -9.068771)
(-0.012257993 0.00053519554 -8.949953)
(0.0006804625 -2.9709563e-05 -8.831503)
(0.013198893 -0.00057627597 -8.7137212)
(0.025301594 -0.0011046913 -8.5963366)
(0.036983167 -0.0016147197 -8.4794595)
(0.048248584 -0.0021065784 -8.3629256)
(0.05910424 -0.0025805465 -8.2468012)
(0.069560121 -0.00303706 -8.1310285)
(0.079624728 -0.0034764902 -8.0154744)
(0.089301502 -0.0038989873 -7.9002816)
(0.098600268 -0.0043049802 -7.7852674)
(0.10752309 -0.0046945591 -7.670518)
(0.11607688 -0.0050680252 -7.5559139)
(0.12426726 -0.005425625 -7.4415137)
(0.13210128 -0.0057676659 -7.3271933)
(0.13958273 -0.0060943129 -7.2130695)
(0.14672326 -0.0064060753 -7.0990334)
(0.15352651 -0.0067031114 -6.985134)
(0.16000209 -0.0069858413 -6.8713555)
(0.16615786 -0.0072546081 -6.757658)
(0.17200092 -0.0075097215 -6.6440984)
(0.17754356 -0.0077517181 -6.5305867)
(0.18279144 -0.0079808457 -6.4171978)
(0.18775923 -0.0081977439 -6.3038621)
(0.19245436 -0.0084027377 -6.1905999)
(0.19688999 -0.0085964018 -6.0773983)
(0.20107698 -0.0087792095 -5.9642196)
(0.20502522 -0.0089515934 -5.8510937)
(0.2087485 -0.0091141552 -5.7379567)
(0.21225448 -0.0092672298 -5.6248478)
(0.21555765 -0.0094114491 -5.5117267)
(0.21866604 -0.0095471646 -5.3986036)
(0.22159176 -0.009674904 -5.285456)
(0.22434295 -0.0097950235 -5.1722894)
(0.22693057 -0.0099080018 -5.0591061)
(0.22936378 -0.010014238 -4.9458712)
(0.23164916 -0.01011402 -4.8326141)
(0.23379749 -0.010207818 -4.7193163)
(0.23581484 -0.010295897 -4.6059826)
(0.23770978 -0.010378632 -4.4926049)
(0.239488 -0.010456271 -4.3791921)
(0.24115724 -0.010529151 -4.2657252)
(0.24272156 -0.010597451 -4.1522172)
(0.2441883 -0.01066149 -4.0386625)
(0.24556121 -0.010721433 -3.9250585)
(0.24684572 -0.010777516 -3.8114107)
(0.24804602 -0.010829922 -3.6977068)
(0.24916535 -0.010878793 -3.583954)
(0.25020842 -0.010924334 -3.4701409)
(0.25117703 -0.010966625 -3.3562721)
(0.25207598 -0.011005874 -3.2423492)
(0.25290696 -0.011042155 -3.1283686)
(0.25367364 -0.011075629 -3.0143369)
(0.25437855 -0.011106406 -2.9002489)
(0.25502384 -0.01113458 -2.7861098)
(0.25561323 -0.011160314 -2.6719191)
(0.2561478 -0.011183653 -2.557681)
(0.25663202 -0.011204795 -2.4434043)
(0.25706698 -0.011223785 -2.3290905)
(0.25745632 -0.011240784 -2.2147424)
(0.25780153 -0.011255857 -2.1003599)
(0.25810596 -0.011269148 -1.9859471)
(0.25837133 -0.011280735 -1.8714989)
(0.25859874 -0.011290664 -1.7570098)
(0.25879153 -0.011299081 -1.6424844)
(0.25894938 -0.011305973 -1.5279214)
(0.25907428 -0.011311426 -1.4133248)
(0.25916584 -0.011315424 -1.2987084)
(0.2592305 -0.011318247 -1.1841215)
(0.25925955 -0.011319515 -1.0695893)
(0.25924797 -0.01131901 -0.95518907)
(0.25917346 -0.011315756 -0.84121418)
(0.25898905 -0.011307705 -0.72852139)
(0.25860165 -0.011290791 -0.61865222)
(0.25784028 -0.011257549 -0.51341133)
(0.25639762 -0.011194561 -0.41439823)
(0.25373701 -0.011078396 -0.321514)
(0.2488258 -0.010863968 -0.23736087)
(0.23910402 -0.010439506 -0.14741)
(0.21358337 -0.0093252504 -0.072644371)
(-0.54809068 0.023930153 -22.150501)
(-0.65413022 0.028559939 -19.126339)
(-0.67251381 0.029362584 -16.606645)
(-0.67389101 0.029422714 -15.08901)
(-0.67113639 0.029302444 -14.234908)
(-0.6666247 0.02910546 -13.759563)
(-0.65910734 0.028777245 -13.468635)
(-0.64842278 0.028310747 -13.265095)
(-0.63489036 0.027719909 -13.0993)
(-0.61910582 0.027030741 -12.944725)
(-0.60189942 0.026279494 -12.797782)
(-0.58381248 0.025489801 -12.652869)
(-0.56507342 0.024671636 -12.510345)
(-0.545811 0.02383062 -12.367831)
(-0.52597858 0.022964718 -12.22454)
(-0.50556319 0.022073363 -12.081377)
(-0.48456742 0.021156668 -11.93794)
(-0.46299739 0.0202149 -11.79531)
(-0.44091454 0.019250742 -11.653425)
(-0.41839952 0.018267716 -11.513416)
(-0.39557116 0.017271008 -11.374491)
(-0.37252657 0.016264859 -11.237586)
(-0.34936125 0.01525344 -11.10195)
(-0.32617576 0.01424114 -10.968008)
(-0.30306702 0.01323219 -10.835479)
(-0.28010905 0.012229824 -10.704215)
(-0.25736929 0.011236984 -10.574496)
(-0.23491541 0.010256627 -10.44578)
(-0.21280616 0.0092913166 -10.318587)
(-0.19109259 0.0083432818 -10.192398)
(-0.16981514 0.0074142885 -10.067514)
(-0.14900996 0.0065059148 -9.9437681)
(-0.12870896 0.0056195541 -9.8210307)
(-0.10894672 0.0047567161 -9.6994557)
(-0.089774283 0.0039196294 -9.5786535)
(-0.07118122 0.0031078389 -9.4589814)
(-0.053162327 0.0023211171 -9.3400399)
(-0.03572976 0.0015599949 -9.2218878)
(-0.018899677 0.00082517762 -9.1043496)
(-0.002669682 0.00011656084 -8.9873777)
(0.012944191 -0.00056515551 -8.8711457)
(0.02794294 -0.0012200149 -8.75528)
(0.042334119 -0.0018483473 -8.6399804)
(0.056127012 -0.002450558 -8.5250339)
(0.069325516 -0.003026817 -8.4105798)
(0.081942455 -0.0035776845 -8.2964686)
(0.093984459 -0.0041034496 -8.1827568)
(0.1054627 -0.0046046002 -8.0693871)
(0.11638836 -0.005081625 -7.9562316)
(0.12676973 -0.0055348851 -7.8434342)
(0.13662629 -0.0059652321 -7.730811)
(0.14597068 -0.006373217 -7.6184358)
(0.15482322 -0.0067597268 -7.5062015)
(0.16319659 -0.0071253161 -7.3941705)
(0.17111136 -0.0074708824 -7.282205)
(0.17858105 -0.0077970162 -7.1704071)
(0.1856288 -0.0081047277 -7.0586605)
(0.19227018 -0.0083946965 -6.9470009)
(0.19852587 -0.0086678258 -6.8354022)
(0.20441449 -0.0089249282 -6.7238153)
(0.20995242 -0.0091667197 -6.6122872)
(0.2151605 -0.0093941094 -6.500722)
(0.22005229 -0.0096076893 -6.3891868)
(0.22464843 -0.0098083613 -6.2776109)
(0.22896273 -0.0099967278 -6.1660115)
(0.23301223 -0.010173533 -6.0543768)
(0.23681179 -0.010339425 -5.9426698)
(0.24037388 -0.010494949 -5.8309224)
(0.24371394 -0.010640779 -5.7190743)
(0.24684146 -0.01077733 -5.6071669)
(0.24977091 -0.010905232 -5.4951659)
(0.25251158 -0.011024892 -5.3830843)
(0.25507507 -0.011136817 -5.2709054)
(0.2574696 -0.011241364 -5.1586381)
(0.25970523 -0.011338974 -5.0462894)
(0.2617908 -0.011430032 -4.9338282)
(0.26373198 -0.011514786 -4.8212875)
(0.26553826 -0.011593649 -4.7086534)
(0.26721534 -0.011666873 -4.5959339)
(0.26877069 -0.01173478 -4.4831253)
(0.27020937 -0.011797595 -4.3702401)
(0.2715383 -0.011855617 -4.2572638)
(0.27276099 -0.011909001 -4.144213)
(0.27388414 -0.011958038 -4.031086)
(0.27491137 -0.012002888 -3.9178844)
(0.27584781 -0.012043774 -3.8046173)
(0.27669767 -0.01208088 -3.6912758)
(0.2774642 -0.012114347 -3.5778703)
(0.27815237 -0.012144393 -3.4643921)
(0.27876428 -0.01217111 -3.3508483)
(0.27930524 -0.012194729 -3.2372419)
(0.27977763 -0.012215354 -3.1235714)
(0.28018584 -0.012233176 -3.0098436)
(0.28053326 -0.012248345 -2.8960538)
(0.28082294 -0.012260993 -2.7822074)
(0.28105963 -0.012271327 -2.668303)
(0.28124554 -0.012279444 -2.5543444)
(0.28138628 -0.012285589 -2.4403388)
(0.28148435 -0.012289871 -2.3262868)
(0.28154466 -0.012292504 -2.21219)
(0.28157022 -0.01229362 -2.0980473)
(0.28156583 -0.012293428 -1.9838615)
(0.28153486 -0.012292076 -1.869627)
(0.28148006 -0.012289684 -1.7553378)
(0.28140623 -0.01228646 -1.6409984)
(0.28131495 -0.012282475 -1.5266075)
(0.28120975 -0.012277882 -1.4121699)
(0.28109235 -0.012272756 -1.2977)
(0.28097157 -0.012267482 -1.1832475)
(0.28084145 -0.012261801 -1.0688396)
(0.28070044 -0.012255644 -0.9545556)
(0.28053055 -0.012248227 -0.8406873)
(0.2802874 -0.012237611 -0.7280849)
(0.27987645 -0.012219669 -0.61828687)
(0.27911449 -0.0121864 -0.51310573)
(0.2776602 -0.012122905 -0.41415238)
(0.27490235 -0.012002495 -0.32133258)
(0.26965041 -0.01177319 -0.23725309)
(0.25898653 -0.011307595 -0.14734979)
(0.23073376 -0.010074052 -0.072657257)
(-0.64350678 0.02809611 -22.200468)
(-0.78202724 0.034144043 -19.1791)
(-0.81385415 0.035533636 -16.645993)
(-0.82281185 0.035924737 -15.109182)
(-0.82486495 0.036014378 -14.234724)
(-0.82339823 0.035950339 -13.737881)
(-0.81714722 0.035677414 -13.431394)
(-0.80585203 0.035184255 -13.214849)
(-0.78996729 0.034490713 -13.037622)
(-0.77027313 0.033630848 -12.872336)
(-0.74787946 0.032653119 -12.715236)
(-0.72353796 0.031590346 -12.561167)
(-0.69767801 0.030461276 -12.410305)
(-0.67065672 0.029281502 -12.260827)
(-0.64263259 0.028057942 -12.111344)
(-0.6137148 0.026795364 -11.962714)
(-0.58407999 0.02550148 -11.814547)
(-0.55387813 0.024182839 -11.667945)
(-0.52321604 0.022844103 -11.522675)
(-0.49222174 0.021490863 -11.379671)
(-0.46104917 0.020129839 -11.238505)
(-0.42981473 0.018766114 -11.09994)
(-0.39865498 0.01740565 -10.963264)
(-0.36769484 0.016053902 -10.828904)
(-0.33706885 0.014716742 -10.696552)
(-0.30687336 0.013398379 -10.566001)
(-0.27720797 0.01210316 -10.437488)
(-0.24816732 0.010835218 -10.31043)
(-0.21982774 0.0095978853 -10.185289)
(-0.19225062 0.0083938425 -10.061528)
(-0.16549309 0.0072255833 -9.9393623)
(-0.1396093 0.0060954731 -9.8185938)
(-0.1146094 0.005003954 -9.6990875)
(-0.09050968 0.0039517376 -9.5811068)
(-0.067304646 0.002938584 -9.4640264)
(-0.045033847 0.00196622 -9.3479399)
(-0.023707997 0.0010351134 -9.2325435)
(-0.003296274 0.00014391841 -9.1180233)
(0.016198887 -0.0007072586 -9.0042988)
(0.03477886 -0.0015184777 -8.8911944)
(0.052466158 -0.0022907217 -8.7787767)
(0.069277312 -0.0030247125 -8.6667668)
(0.085221316 -0.0037208426 -8.5553634)
(0.10032147 -0.0043801294 -8.4443147)
(0.11460082 -0.0050035793 -8.3337282)
(0.12809034 -0.0055925443 -8.2234303)
(0.14081641 -0.0061481765 -8.1134764)
(0.15281206 -0.0066719181 -8.003799)
(0.16410998 -0.0071651956 -7.894249)
(0.1747362 -0.0076291463 -7.7849446)
(0.18472737 -0.0080653702 -7.6756901)
(0.19411238 -0.0084751288 -7.5665417)
(0.20292442 -0.0088598705 -7.457385)
(0.21119084 -0.0092207901 -7.3482725)
(0.21894339 -0.0095592739 -7.2390652)
(0.22620474 -0.009876311 -7.1298628)
(0.23300463 -0.010173201 -7.0205563)
(0.23936517 -0.010450908 -6.9111866)
(0.24531065 -0.010710493 -6.8017382)
(0.25086318 -0.010952922 -6.692171)
(0.25604086 -0.011178984 -6.5825415)
(0.26086538 -0.011389627 -6.4727649)
(0.26535089 -0.011585469 -6.3629171)
(0.2695174 -0.011767383 -6.2529373)
(0.27337903 -0.011935985 -6.1428495)
(0.27695197 -0.012091983 -6.03265)
(0.28025101 -0.012236022 -5.9223082)
(0.28328807 -0.012368623 -5.8118608)
(0.28607836 -0.01249045 -5.7012536)
(0.28863139 -0.012601917 -5.5905312)
(0.29096178 -0.012703664 -5.4796636)
(0.29307982 -0.01279614 -5.3686667)
(0.29499805 -0.012879892 -5.2575267)
(0.29672612 -0.012955341 -5.1462554)
(0.29827584 -0.013023003 -5.034862)
(0.29965841 -0.013083367 -4.923318)
(0.30088167 -0.013136776 -4.8116579)
(0.30195799 -0.013183769 -4.6998694)
(0.3028962 -0.013224732 -4.5879614)
(0.30370704 -0.013260134 -4.4759309)
(0.30439906 -0.013290348 -4.3637909)
(0.30498286 -0.013315838 -4.2515269)
(0.30546556 -0.013336913 -4.139155)
(0.3058577 -0.013354034 -4.0266734)
(0.30616667 -0.013367524 -3.9140828)
(0.30640118 -0.013377763 -3.8013917)
(0.306569 -0.01338509 -3.6885907)
(0.30667657 -0.013389787 -3.5756894)
(0.30673178 -0.013392197 -3.4626789)
(0.30673941 -0.01339253 -3.349566)
(0.3067068 -0.013391107 -3.2363536)
(0.30663836 -0.013388119 -3.1230404)
(0.3065396 -0.013383807 -3.009634)
(0.3064149 -0.013378362 -2.8961304)
(0.30626763 -0.013371932 -2.7825362)
(0.30610223 -0.013364711 -2.6688514)
(0.30592049 -0.013356775 -2.5550811)
(0.30572653 -0.013348307 -2.4412345)
(0.30552169 -0.013339364 -2.3273136)
(0.30530873 -0.013330065 -2.2133219)
(0.30508857 -0.013320453 -2.0992598)
(0.30486334 -0.013310619 -1.9851319)
(0.30463394 -0.013300604 -1.8709341)
(0.30440037 -0.013290406 -1.7566617)
(0.30416445 -0.013280105 -1.6423207)
(0.3039255 -0.013269672 -1.5279112)
(0.30368463 -0.013259156 -1.4134392)
(0.30344207 -0.013248565 -1.2989203)
(0.30320595 -0.013238256 -1.184405)
(0.30297019 -0.013227963 -1.0699224)
(0.30273424 -0.013217661 -0.95555438)
(0.30248112 -0.013206609 -0.84159175)
(0.30216477 -0.013192797 -0.72887973)
(0.30168276 -0.013171752 -0.61895618)
(0.30083114 -0.01313457 -0.51364471)
(0.29922435 -0.013064416 -0.41457154)
(0.2961658 -0.012930877 -0.32165197)
(0.29029895 -0.012674724 -0.23748157)
(0.27834464 -0.012152788 -0.14749586)
(0.24697253 -0.010783052 -0.072683793)
(-0.73735327 0.032193536 -22.24113)
(-0.91151165 0.039797454 -19.216572)
(-0.9610316 0.041959541 -16.671938)
(-0.98400956 0.04296278 -15.120811)
(-0.999656 0.043645919 -14.230456)
(-1.0107447 0.044130062 -13.71315)
(-1.0148217 0.044308066 -13.389014)
(-1.0105145 0.04412001 -13.155606)
(-0.99773596 0.043562088 -12.96171)
(-0.97717569 0.042664407 -12.779596)
(-0.95012297 0.04148326 -12.6055)
(-0.91779648 0.040071855 -12.435394)
(-0.88121547 0.038474694 -12.269898)
(-0.84152623 0.036741825 -12.107608)
(-0.79965949 0.034913883 -11.947288)
(-0.75630338 0.033020915 -11.789678)
(-0.71205592 0.031089029 -11.634073)
(-0.66735243 0.029137233 -11.481619)
(-0.62251772 0.027179708 -11.332097)
(-0.57779915 0.025227253 -11.186258)
(-0.53341962 0.023289601 -11.043523)
(-0.48955683 0.02137451 -10.904604)
(-0.44638409 0.019489548 -10.768649)
(-0.40408355 0.017642667 -10.636032)
(-0.36286693 0.01584311 -10.50629)
(-0.32275792 0.014091913 -10.37898)
(-0.28384014 0.012392727 -10.254304)
(-0.2462024 0.010749428 -10.13166)
(-0.20990311 0.0091645666 -10.0114)
(-0.17499862 0.0076406038 -9.8929483)
(-0.14152725 0.0061792124 -9.776502)
(-0.10949534 0.0047806691 -9.6616338)
(-0.078945842 0.0034468495 -9.5480271)
(-0.049897369 0.0021785659 -9.4357587)
(-0.022286248 0.00097303849 -9.3244437)
(0.0038852669 -0.0001696344 -9.2144887)
(0.028637192 -0.0012503267 -9.1053615)
(0.05199565 -0.0022701789 -8.9970193)
(0.074011898 -0.0032314289 -8.8893199)
(0.094734544 -0.0041361991 -8.7821799)
(0.11420494 -0.0049862949 -8.6756313)
(0.13247711 -0.0057840749 -8.5693374)
(0.14959528 -0.0065314702 -8.463481)
(0.16561483 -0.007230899 -8.3577785)
(0.18058821 -0.0078846506 -8.2522963)
(0.19456815 -0.0084950278 -8.1468762)
(0.20760059 -0.0090640365 -8.0415571)
(0.21973617 -0.0095938875 -7.9362713)
(0.23102353 -0.010086704 -7.830877)
(0.24149985 -0.01054411 -7.7255006)
(0.25121212 -0.010968157 -7.6199625)
(0.26019773 -0.011360477 -7.5143299)
(0.26849729 -0.011722844 -7.408507)
(0.27614456 -0.012056731 -7.3025599)
(0.28317801 -0.012363818 -7.1963661)
(0.28962576 -0.012645332 -7.0900353)
(0.29552469 -0.012902885 -6.9834706)
(0.30090367 -0.013137736 -6.8767189)
(0.30579452 -0.013351275 -6.7697715)
(0.31022735 -0.013544817 -6.6625936)
(0.31422813 -0.013719495 -6.5552451)
(0.31782752 -0.013876648 -6.4476457)
(0.32104799 -0.014017256 -6.3398724)
(0.32391889 -0.014142603 -6.231869)
(0.3264633 -0.014253694 -6.1236612)
(0.32870628 -0.014351624 -6.0152479)
(0.33067143 -0.014437425 -5.9066008)
(0.33237873 -0.014511967 -5.7977586)
(0.33385127 -0.01457626 -5.68867)
(0.33510572 -0.01463103 -5.5793805)
(0.33616307 -0.014677195 -5.4698626)
(0.33703979 -0.014715473 -5.3601327)
(0.33775315 -0.014746619 -5.2501787)
(0.33831709 -0.014771241 -5.1400126)
(0.3387464 -0.014789986 -5.0296445)
(0.33905504 -0.014803461 -4.9190464)
(0.33925222 -0.01481207 -4.8082528)
(0.33935062 -0.014816366 -4.6972527)
(0.33935952 -0.014816755 -4.5860553)
(0.33928855 -0.014813656 -4.4746593)
(0.33914493 -0.014807386 -4.363079)
(0.3389371 -0.014798312 -4.2513022)
(0.3386698 -0.014786641 -4.1393478)
(0.33835044 -0.014772698 -4.0272174)
(0.33798363 -0.014756682 -3.9149152)
(0.33757464 -0.014738826 -3.8024541)
(0.33712815 -0.014719331 -3.6898293)
(0.33664734 -0.014698339 -3.5770556)
(0.33613717 -0.014676064 -3.4641293)
(0.33559976 -0.014652601 -3.3510625)
(0.33504014 -0.014628167 -3.2378636)
(0.33446088 -0.014602876 -3.1245366)
(0.33386598 -0.014576902 -3.0110941)
(0.33325885 -0.014550394 -2.8975374)
(0.33264224 -0.014523472 -2.7838774)
(0.33202049 -0.014496326 -2.6701185)
(0.3313956 -0.014469043 -2.55627)
(0.33077233 -0.01444183 -2.4423444)
(0.33015299 -0.014414789 -2.3283473)
(0.32954143 -0.014388088 -2.2142847)
(0.32893992 -0.014361826 -2.1001593)
(0.32835185 -0.01433615 -1.9859775)
(0.32777954 -0.014311162 -1.8717364)
(0.32722419 -0.014286915 -1.7574322)
(0.32668849 -0.014263526 -1.6430708)
(0.32617275 -0.014241008 -1.5286517)
(0.32567857 -0.014219432 -1.41418)
(0.32520681 -0.014198835 -1.2996693)
(0.32476641 -0.014179606 -1.185167)
(0.32435197 -0.014161511 -1.0706998)
(0.32396382 -0.014144564 -0.95634676)
(0.32358476 -0.014128014 -0.84239224)
(0.32316396 -0.014109642 -0.72967021)
(0.32258505 -0.014084366 -0.61970982)
(0.32161309 -0.014041929 -0.51433498)
(0.3198031 -0.013962903 -0.415176)
(0.31635355 -0.013812293 -0.32214778)
(0.30972166 -0.013522738 -0.23785017)
(0.29625538 -0.012934788 -0.14768524)
(0.26151424 -0.011417957 -0.072749503)
(-0.77718833 0.033932772 -22.209674)
(-0.98165604 0.042860023 -19.169304)
(-1.0563498 0.046121223 -16.636532)
(-1.1094482 0.04843955 -15.102437)
(-1.1616722 0.050719696 -14.222797)
(-1.2115702 0.052898292 -13.698069)
(-1.2528513 0.054700663 -13.356145)
(-1.2786106 0.055825337 -13.100986)
(-1.2866845 0.05617785 -12.882744)
(-1.277348 0.055770212 -12.67513)
(-1.2522429 0.054674099 -12.473888)
(-1.2134207 0.052979088 -12.276239)
(-1.1631295 0.050783324 -12.084558)
(-1.1039828 0.048200923 -11.898238)
(-1.0384465 0.04533955 -11.717277)
(-0.96874533 0.04229633 -11.54254)
(-0.89687941 0.039158596 -11.373363)
(-0.82441461 0.035994715 -11.210795)
(-0.75254529 0.032856834 -11.054528)
(-0.68213334 0.029782581 -10.905061)
(-0.61383471 0.026800599 -10.761579)
(-0.54806582 0.023929068 -10.624416)
(-0.48507841 0.021178978 -10.492667)
(-0.42506601 0.018558781 -10.366524)
(-0.36783362 0.016059961 -10.244353)
(-0.31342939 0.013684621 -10.125225)
(-0.26178762 0.011429893 -10.009382)
(-0.21280023 0.0092910575 -9.896067)
(-0.16643661 0.0072667783 -9.7854932)
(-0.12264483 0.0053547882 -9.6769477)
(-0.081374854 0.0035529024 -9.570285)
(-0.04251876 0.0018564089 -9.4651994)
(-0.0060222068 0.00026293516 -9.3615671)
(0.028166825 -0.00122979 -9.2593485)
(0.060107657 -0.0026243568 -9.1579807)
(0.089888102 -0.0039245989 -9.0576229)
(0.11760934 -0.0051349341 -8.9577776)
(0.14333978 -0.0062583493 -8.8585233)
(0.16715558 -0.0072981697 -8.7596212)
(0.18916593 -0.0082591619 -8.6607982)
(0.20946743 -0.0091455447 -8.5621518)
(0.22816141 -0.0099617413 -8.4633897)
(0.24533064 -0.010711366 -8.3646832)
(0.26107261 -0.011398675 -8.265781)
(0.27546786 -0.012027185 -8.1667717)
(0.28860257 -0.012600659 -8.0675093)
(0.30055205 -0.013122384 -7.9680456)
(0.31139546 -0.013595818 -7.868332)
(0.32120846 -0.014024263 -7.768244)
(0.33005213 -0.014410386 -7.6679176)
(0.33799966 -0.014757382 -7.5671871)
(0.34511155 -0.015067894 -7.4661236)
(0.35145153 -0.015344703 -7.3646381)
(0.35707432 -0.0155902 -7.2627982)
(0.36203921 -0.015806972 -7.1604857)
(0.36639217 -0.015997026 -7.0578099)
(0.37018763 -0.016162739 -6.9546797)
(0.37346973 -0.016306039 -6.8511435)
(0.37628366 -0.016428898 -6.7471976)
(0.37867137 -0.016533147 -6.6428116)
(0.38066799 -0.016620321 -6.5380503)
(0.38231211 -0.016692106 -6.4328397)
(0.38363193 -0.01674973 -6.3272609)
(0.38466092 -0.016794656 -6.2212653)
(0.38542529 -0.01682803 -6.1148837)
(0.38595108 -0.016850986 -6.0081229)
(0.3862623 -0.016864574 -5.9009623)
(0.38637776 -0.016869615 -5.7934486)
(0.3863187 -0.016867037 -5.6855401)
(0.38609934 -0.016857459 -5.5772908)
(0.3857375 -0.016841661 -5.4686841)
(0.38524664 -0.01682023 -5.3597464)
(0.38464041 -0.016793761 -5.2504772)
(0.38392922 -0.01676271 -5.1408995)
(0.38312433 -0.016727568 -5.0310351)
(0.38223669 -0.016688813 -4.9208677)
(0.38127228 -0.016646705 -4.8104427)
(0.38024129 -0.016601691 -4.6997598)
(0.37915091 -0.016554084 -4.5888386)
(0.37800905 -0.01650423 -4.4776866)
(0.3768216 -0.016452385 -4.3663264)
(0.37559624 -0.016398884 -4.2547529)
(0.3743371 -0.016343909 -4.1429906)
(0.3730517 -0.016287787 -4.0310454)
(0.37174489 -0.01623073 -3.9189251)
(0.37042251 -0.016172994 -3.8066442)
(0.36909001 -0.016114816 -3.6941987)
(0.36775134 -0.016056368 -3.5816027)
(0.36641243 -0.01599791 -3.4688506)
(0.36507611 -0.015939566 -3.3559523)
(0.36374835 -0.015881594 -3.2429133)
(0.36243231 -0.015824135 -3.1297344)
(0.3611325 -0.015767384 -3.0164246)
(0.35985267 -0.015711505 -2.9029815)
(0.35859566 -0.015656623 -2.7894128)
(0.35736577 -0.015602925 -2.6757195)
(0.35616479 -0.015550489 -2.5619081)
(0.35499711 -0.015499507 -2.4479885)
(0.35386469 -0.015450064 -2.3339644)
(0.3527708 -0.015402304 -2.2198406)
(0.35171727 -0.015356306 -2.105619)
(0.35070683 -0.015312189 -1.9913063)
(0.34974136 -0.015270036 -1.8769003)
(0.34882156 -0.015229876 -1.7623986)
(0.34794944 -0.015191799 -1.6478097)
(0.34712506 -0.015155806 -1.5331359)
(0.3463495 -0.015121944 -1.418386)
(0.34562373 -0.015090256 -1.303577)
(0.34495679 -0.015061137 -1.1887601)
(0.34434392 -0.015034379 -1.0739658)
(0.34378613 -0.015010025 -0.9592788)
(0.34326569 -0.014987302 -0.84498536)
(0.34272574 -0.014963728 -0.73191882)
(0.34203288 -0.014933476 -0.62161007)
(0.34091505 -0.014884671 -0.51589246)
(0.33885756 -0.014794839 -0.41640771)
(0.33493929 -0.014623764 -0.32307445)
(0.32741516 -0.014295253 -0.23848338)
(0.31225107 -0.013633175 -0.14803172)
(0.27395139 -0.011960975 -0.072808068)
(-0.64992757 0.028376447 -22.011055)
(-0.8851156 0.038644977 -18.952925)
(-1.0171232 0.044408555 -16.488645)
(-1.1449994 0.049991748 -15.031322)
(-1.2841067 0.056065304 -14.205446)
(-1.4236521 0.062157984 -13.698177)
(-1.5485555 0.067611388 -13.343651)
(-1.6444757 0.07179935 -13.057355)
(-1.7018978 0.074306454 -12.804861)
(-1.7233282 0.075242126 -12.563431)
(-1.7123462 0.074762643 -12.327517)
(-1.6729426 0.073042241 -12.094276)
(-1.6097664 0.070283913 -11.867185)
(-1.5271538 0.066676965 -11.648315)
(-1.4292075 0.062400539 -11.437942)
(-1.3197265 0.057620497 -11.237923)
(-1.2026519 0.05250891 -11.047333)
(-1.0815207 0.047220206 -10.867259)
(-0.95955091 0.041894893 -10.697674)
(-0.83956883 0.036656363 -10.539032)
(-0.7238928 0.031605839 -10.390749)
(-0.61428799 0.02682039 -10.253113)
(-0.51188937 0.02234957 -10.125512)
(-0.41715327 0.018213303 -10.006052)
(-0.33042304 0.01442658 -9.8934623)
(-0.25167911 0.010988546 -9.7871222)
(-0.18050415 0.0078809802 -9.6860617)
(-0.11613574 0.0050705953 -9.5889984)
(-0.057582679 0.0025141137 -9.4953084)
(-0.0040148764 0.00017529317 -9.4037491)
(0.045077957 -0.0019681459 -9.3140663)
(0.090114632 -0.0039344895 -9.2257777)
(0.13138427 -0.0057363606 -9.1384438)
(0.16915511 -0.0073854709 -9.0519501)
(0.20358818 -0.0088888511 -8.9657393)
(0.23486787 -0.010254551 -8.8798068)
(0.26320331 -0.011491703 -8.7937065)
(0.2887807 -0.012608436 -8.7074452)
(0.31180265 -0.013613597 -8.6208258)
(0.33243175 -0.014514282 -8.5336898)
(0.3508363 -0.015317842 -8.4460967)
(0.36719832 -0.016032223 -8.3577605)
(0.38167194 -0.016664155 -8.268857)
(0.39442496 -0.017220964 -8.1791594)
(0.40560075 -0.017708909 -8.0887631)
(0.41534339 -0.018134282 -7.9975408)
(0.4237775 -0.018502523 -7.9055545)
(0.43102804 -0.018819089 -7.8127732)
(0.43721072 -0.01908903 -7.7190909)
(0.44241893 -0.019316425 -7.624659)
(0.44675632 -0.0195058 -7.529339)
(0.45030678 -0.019660817 -7.4332211)
(0.4531533 -0.019785098 -7.3362448)
(0.4553644 -0.019881637 -7.2385005)
(0.45700986 -0.019953479 -7.1398995)
(0.45814107 -0.020002869 -7.0405743)
(0.4588162 -0.020032346 -6.9404627)
(0.45907988 -0.020043858 -6.8396368)
(0.45897594 -0.02003932 -6.7381193)
(0.45854376 -0.020020451 -6.6359054)
(0.45781419 -0.019988597 -6.5330826)
(0.45682175 -0.019945266 -6.4296031)
(0.45558928 -0.019891456 -6.3255693)
(0.45414598 -0.01982844 -6.2209557)
(0.4525133 -0.019757155 -6.1158127)
(0.45071316 -0.01967856 -6.0101665)
(0.44876596 -0.019593543 -5.9040135)
(0.44668699 -0.019502773 -5.7974152)
(0.44449532 -0.019407083 -5.6903431)
(0.44220264 -0.019306982 -5.5828618)
(0.43982598 -0.019203215 -5.4749636)
(0.43737779 -0.019096325 -5.3666815)
(0.43487158 -0.018986901 -5.2580196)
(0.43231777 -0.018875399 -5.1490035)
(0.4297283 -0.018762341 -5.039656)
(0.42711499 -0.018648241 -4.9299605)
(0.4244845 -0.018533392 -4.819961)
(0.42184837 -0.018418296 -4.7096552)
(0.41921486 -0.018303314 -4.5990603)
(0.41659291 -0.018188837 -4.4881813)
(0.41398929 -0.018075161 -4.3770386)
(0.4114124 -0.017962651 -4.2656252)
(0.40886676 -0.017851507 -4.1539644)
(0.40636006 -0.017742062 -4.042062)
(0.40389715 -0.017634528 -3.929926)
(0.40148329 -0.017529137 -3.8175726)
(0.39912326 -0.017426096 -3.7050003)
(0.39681986 -0.017325528 -3.5922269)
(0.39457751 -0.017227624 -3.4792514)
(0.39239738 -0.017132438 -3.3660888)
(0.39028314 -0.017040128 -3.25275)
(0.38823596 -0.016950746 -3.1392421)
(0.3862576 -0.016864369 -3.0255798)
(0.3843492 -0.016781047 -2.9117667)
(0.38251069 -0.016700776 -2.7978162)
(0.38074324 -0.016623607 -2.6837348)
(0.37904569 -0.01654949 -2.5695333)
(0.37741902 -0.016478468 -2.455226)
(0.37586231 -0.016410501 -2.3408202)
(0.37437559 -0.01634559 -2.2263228)
(0.37295774 -0.016283685 -2.1117382)
(0.37160858 -0.016224779 -1.9970739)
(0.37032743 -0.016168843 -1.8823284)
(0.36911256 -0.016115801 -1.7674991)
(0.36796384 -0.016065647 -1.652594)
(0.36687975 -0.016018314 -1.5376142)
(0.36586009 -0.015973795 -1.422567)
(0.36490541 -0.015932113 -1.3074682)
(0.36402468 -0.015893659 -1.1923665)
(0.36321361 -0.015858247 -1.0772903)
(0.36247361 -0.015825938 -0.96232266)
(0.36178459 -0.015795854 -0.84774686)
(0.36108033 -0.015765106 -0.73439077)
(0.36020396 -0.015726843 -0.62378133)
(0.35883651 -0.015667139 -0.51775142)
(0.35638123 -0.015559939 -0.41794492)
(0.3517834 -0.015359193 -0.32427122)
(0.34308626 -0.014979468 -0.23932883)
(0.32588967 -0.014228649 -0.14846174)
(0.28378449 -0.012390297 -0.072910824)
(-0.34350123 0.014997586 -21.747781)
(-0.64630502 0.028218283 -18.722623)
(-0.91191271 0.039814964 -16.361064)
(-1.1973427 0.052277107 -14.991633)
(-1.4972222 0.065370126 -14.212891)
(-1.7817796 0.077794168 -13.713299)
(-2.0245952 0.088395726 -13.334376)
(-2.1991437 0.096016675 -13.012745)
(-2.3046427 0.10062286 -12.718134)
(-2.3497196 0.10259096 -12.435859)
(-2.3439903 0.10234081 -12.163139)
(-2.2963975 0.10026287 -11.899174)
(-2.2145051 0.096687372 -11.644823)
(-2.1048303 0.091898864 -11.399876)
(-1.9730721 0.086146181 -11.165612)
(-1.8237697 0.079627495 -10.943274)
(-1.6611139 0.072525791 -10.730808)
(-1.4890924 0.06501517 -10.531652)
(-1.3113658 0.057255459 -10.346216)
(-1.1310611 0.04938319 -10.174442)
(-0.95155277 0.041545687 -10.015452)
(-0.77612174 0.033886204 -9.8695342)
(-0.6079832 0.026545117 -9.7349878)
(-0.44972191 0.019635281 -9.6130714)
(-0.30406403 0.013275721 -9.5047957)
(-0.1731534 0.0075600402 -9.4080979)
(-0.058021512 0.0025332738 -9.3208344)
(0.041808581 -0.0018254017 -9.2399377)
(0.12758188 -0.0055703445 -9.1644922)
(0.20089158 -0.0087711147 -9.0931111)
(0.26344732 -0.011502357 -9.0249108)
(0.3167699 -0.013830471 -8.9588511)
(0.36223814 -0.015815657 -8.8938664)
(0.40102665 -0.0175092 -8.8293477)
(0.43414608 -0.018955225 -8.7644046)
(0.46237572 -0.020187758 -8.6987715)
(0.48638115 -0.021235857 -8.6318238)
(0.50669806 -0.022122913 -8.5634793)
(0.52378713 -0.022869037 -8.4935153)
(0.53803793 -0.023491241 -8.4217244)
(0.54977991 -0.024003906 -8.3481936)
(0.55932001 -0.024420436 -8.272675)
(0.56690029 -0.024751398 -8.1954053)
(0.57276668 -0.025007531 -8.1162255)
(0.57711947 -0.025197578 -8.0352993)
(0.58014928 -0.025329862 -7.9525824)
(0.5820126 -0.025411216 -7.8682105)
(0.58285863 -0.025448155 -7.7822316)
(0.58281852 -0.025446403 -7.6946148)
(0.5819919 -0.025410312 -7.6055795)
(0.58048844 -0.02534467 -7.5150581)
(0.57839102 -0.025253095 -7.4232028)
(0.57578143 -0.025139158 -7.3300149)
(0.57272378 -0.025005658 -7.2356387)
(0.56928489 -0.024855512 -7.1400381)
(0.5655103 -0.02469071 -7.043389)
(0.56145582 -0.024513688 -6.9456705)
(0.55716159 -0.024326198 -6.8469885)
(0.55266868 -0.024130033 -6.7473963)
(0.54801383 -0.023926798 -6.6469129)
(0.54322514 -0.023717719 -6.5456454)
(0.53833604 -0.023504257 -6.4435624)
(0.53336707 -0.023287307 -6.3407779)
(0.52834719 -0.023068134 -6.2372762)
(0.52329657 -0.022847619 -6.1331145)
(0.51823639 -0.022626687 -6.0283242)
(0.51318621 -0.022406192 -5.9229063)
(0.50815983 -0.022186735 -5.8169252)
(0.50317497 -0.021969091 -5.7103562)
(0.49824088 -0.021753664 -5.6032666)
(0.49337202 -0.021541085 -5.495653)
(0.48857748 -0.021331751 -5.3875519)
(0.48386641 -0.021126061 -5.2789724)
(0.47924415 -0.020924249 -5.1699457)
(0.47471671 -0.020726577 -5.0605013)
(0.47028949 -0.02053328 -4.9506298)
(0.4659616 -0.02034432 -4.8403831)
(0.46173681 -0.020159862 -4.7297672)
(0.45761538 -0.019979917 -4.6188082)
(0.45359781 -0.019804506 -4.5075199)
(0.44968249 -0.019633559 -4.3959314)
(0.4458696 -0.019467085 -4.2840445)
(0.44215569 -0.019304932 -4.1718904)
(0.43854118 -0.019147119 -4.0594819)
(0.43502417 -0.018993563 -3.9468341)
(0.43160391 -0.018844232 -3.8339681)
(0.42828001 -0.018699107 -3.7208873)
(0.42505085 -0.018558119 -3.6076125)
(0.42191748 -0.018421313 -3.4941452)
(0.4188784 -0.018288624 -3.3805018)
(0.41593566 -0.018160141 -3.2666936)
(0.41308935 -0.018035869 -3.1527275)
(0.41034094 -0.01791587 -3.0386174)
(0.40769178 -0.017800206 -2.9243657)
(0.40514238 -0.017688897 -2.8099837)
(0.40269482 -0.017582034 -2.6954759)
(0.40034897 -0.017479612 -2.5808514)
(0.39810681 -0.017381717 -2.4661221)
(0.39596851 -0.017288356 -2.3512931)
(0.39393473 -0.01719956 -2.2363696)
(0.39200492 -0.017115303 -2.1213537)
(0.39017892 -0.017035578 -2.0062516)
(0.38845591 -0.016960349 -1.8910602)
(0.38683347 -0.016889512 -1.7757758)
(0.38531031 -0.016823009 -1.6604056)
(0.38388382 -0.016760728 -1.5449502)
(0.38255225 -0.01670259 -1.4294162)
(0.38131505 -0.016648573 -1.3138207)
(0.38017987 -0.01659901 -1.1982117)
(0.37914164 -0.01655368 -1.0826177)
(0.37820035 -0.016512582 -0.96712407)
(0.37733177 -0.016474659 -0.85201564)
(0.37645781 -0.016436501 -0.73812165)
(0.375395 -0.016390098 -0.62697232)
(0.37377348 -0.016319301 -0.52040503)
(0.37090987 -0.016194273 -0.42007097)
(0.36561101 -0.01596292 -0.32587759)
(0.35570243 -0.015530302 -0.24041989)
(0.33642055 -0.014688437 -0.14904149)
(0.290538 -0.012685161 -0.072999449)
(-0.086531337 0.0037780395 -21.743586)
(-0.54941231 0.023987857 -18.82753)
(-1.0577126 0.046180724 -16.552009)
(-1.5765261 0.06883261 -15.216732)
(-2.0705062 0.090400243 -14.410629)
(-2.473806 0.10800869 -13.842338)
(-2.7635954 0.12066117 -13.384769)
(-2.9427668 0.12848396 -12.985118)
(-3.0284721 0.13222593 -12.621345)
(-3.0398596 0.13272312 -12.283026)
(-2.9934428 0.13069652 -11.968017)
(-2.902722 0.12673556 -11.674485)
(-2.7785359 0.12131348 -11.400843)
(-2.629054 0.11478696 -11.14552)
(-2.4603503 0.1074212 -10.906566)
(-2.2769086 0.099411966 -10.68318)
(-2.0820141 0.090902689 -10.472805)
(-1.8782142 0.082004593 -10.274616)
(-1.6678847 0.072821412 -10.088762)
(-1.4528971 0.063434851 -9.9157555)
(-1.2347883 0.053912018 -9.7522228)
(-1.0158768 0.044354135 -9.6002245)
(-0.79882947 0.034877644 -9.4596757)
(-0.5865476 0.025609219 -9.3312929)
(-0.38157141 0.016659766 -9.2174395)
(-0.18702548 0.0081657081 -9.1179681)
(-0.0064809944 0.00028296646 -9.0307952)
(0.15668467 -0.0068409995 -8.9551255)
(0.30031773 -0.013112154 -8.8899572)
(0.42336401 -0.01848447 -8.8328149)
(0.52595315 -0.022963608 -8.7820287)
(0.60917204 -0.026597022 -8.7356096)
(0.67476308 -0.029460789 -8.6917554)
(0.72485298 -0.031647761 -8.6491237)
(0.76177749 -0.03325992 -8.6061222)
(0.78779176 -0.034395727 -8.5619407)
(0.80504712 -0.035149112 -8.5155088)
(0.81541194 -0.03560165 -8.4663328)
(0.82047091 -0.03582253 -8.4139815)
(0.82149931 -0.03586743 -8.3581483)
(0.8194766 -0.035779117 -8.2988456)
(0.8151765 -0.035591371 -8.2359182)
(0.8091483 -0.035328174 -8.1697428)
(0.80182683 -0.035008511 -8.1002742)
(0.79351694 -0.034645694 -8.0278066)
(0.78446259 -0.034250373 -7.9524353)
(0.77483555 -0.033830047 -7.8744259)
(0.76478407 -0.03339119 -7.7939554)
(0.75442825 -0.032939045 -7.7111068)
(0.74384898 -0.032477144 -7.6261939)
(0.73314008 -0.032009584 -7.5392332)
(0.72236277 -0.031539036 -7.4504421)
(0.71157923 -0.031068217 -7.359877)
(0.70083212 -0.030598988 -7.2677263)
(0.69016895 -0.030133424 -7.1739915)
(0.67961364 -0.029672569 -7.0788786)
(0.66920347 -0.029218051 -6.9823944)
(0.65895814 -0.02877073 -6.884668)
(0.64889902 -0.02833154 -6.7857745)
(0.63904305 -0.027901219 -6.6857542)
(0.62939763 -0.027480091 -6.5847336)
(0.61997616 -0.027068741 -6.4827013)
(0.61077784 -0.026667133 -6.3797893)
(0.6018113 -0.026275646 -6.2760014)
(0.59307567 -0.02589424 -6.1714125)
(0.58457135 -0.025522934 -6.0660725)
(0.57629767 -0.025161697 -5.9600003)
(0.56824843 -0.02481026 -5.8532781)
(0.56042301 -0.024468594 -5.7458987)
(0.55281269 -0.024136321 -5.6379458)
(0.54541649 -0.023813396 -5.5294322)
(0.53822887 -0.023499577 -5.4204089)
(0.53124651 -0.023194721 -5.3108986)
(0.52446359 -0.022898572 -5.2009443)
(0.51787726 -0.022611007 -5.0905855)
(0.51148548 -0.022331936 -4.9798214)
(0.50528114 -0.022061049 -4.8687099)
(0.49926411 -0.02179834 -4.7572614)
(0.49343115 -0.021543667 -4.6455043)
(0.48778069 -0.021296962 -4.5334531)
(0.48230951 -0.021058086 -4.4211356)
(0.477017 -0.02082701 -4.3085506)
(0.47189891 -0.020603549 -4.1957259)
(0.46695529 -0.020387706 -4.0826691)
(0.4621837 -0.020179374 -3.9693905)
(0.45758261 -0.019978486 -3.8559055)
(0.45315065 -0.019784983 -3.7422124)
(0.44888477 -0.01959873 -3.6283269)
(0.44478418 -0.019419694 -3.5142458)
(0.44084524 -0.019247717 -3.3999818)
(0.43706726 -0.019082767 -3.2855432)
(0.43344771 -0.018924734 -3.1709344)
(0.42998464 -0.018773533 -3.0561677)
(0.42667616 -0.018629081 -2.9412452)
(0.42351933 -0.018491251 -2.8261784)
(0.42051259 -0.018359974 -2.7109732)
(0.41765257 -0.018235103 -2.5956402)
(0.4149377 -0.018116569 -2.4801943)
(0.41236532 -0.018004257 -2.3646432)
(0.40993303 -0.017898061 -2.2489957)
(0.40763773 -0.017797846 -2.1332574)
(0.40547668 -0.017703492 -2.0174379)
(0.40344697 -0.017614873 -1.901538)
(0.40154413 -0.017531793 -1.7855567)
(0.39976474 -0.017454104 -1.6695039)
(0.39810462 -0.017381621 -1.5533825)
(0.3965602 -0.017314191 -1.4371998)
(0.39512967 -0.017251732 -1.3209746)
(0.39381906 -0.01719451 -1.2047528)
(0.39262174 -0.017142233 -1.0885613)
(0.39153458 -0.017094767 -0.9724835)
(0.39052541 -0.017050706 -0.85680263)
(0.38949768 -0.017005834 -0.74234579)
(0.38823063 -0.016950513 -0.6306396)
(0.38628845 -0.016865716 -0.52351317)
(0.38288395 -0.016717072 -0.42261093)
(0.3766715 -0.016445831 -0.32782586)
(0.36526332 -0.015947739 -0.24175891)
(0.34358264 -0.01500114 -0.14973245)
(0.29381848 -0.012828391 -0.073137097)
(-0.1955448 0.0085376694 -22.388558)
(-1.0079766 0.044009203 -19.683014)
(-1.8712391 0.081700054 -17.347631)
(-2.6061273 0.11378596 -15.856929)
(-3.1456735 0.13734306 -14.888517)
(-3.4904767 0.15239749 -14.132397)
(-3.6749284 0.16045082 -13.508592)
(-3.7375044 0.16318295 -12.976545)
(-3.710476 0.16200286 -12.518649)
(-3.6196092 0.15803553 -12.119472)
(-3.4835934 0.15209695 -11.770541)
(-3.3162124 0.14478894 -11.463734)
(-3.1271183 0.13653292 -11.191347)
(-2.9231822 0.12762888 -10.946739)
(-2.7092379 0.11828787 -10.724351)
(-2.4886514 0.10865685 -10.520822)
(-2.2639177 0.09884477 -10.332102)
(-2.0366818 0.088923439 -10.156198)
(-1.8081356 0.078944896 -9.9907283)
(-1.5791392 0.068946698 -9.8347815)
(-1.3502369 0.05895261 -9.6868496)
(-1.1217563 0.048976931 -9.5473925)
(-0.89430738 0.039046299 -9.4186757)
(-0.66829175 0.029178245 -9.297501)
(-0.44544705 0.019448636 -9.1819035)
(-0.22649321 0.0098889057 -9.0758374)
(-0.013397398 0.00058494275 -8.9809358)
(0.19108457 -0.008342932 -8.8986685)
(0.38287509 -0.016716686 -8.8295709)
(0.55794831 -0.024360547 -8.7725471)
(0.7128582 -0.031124058 -8.7258425)
(0.84519334 -0.036901934 -8.6872841)
(0.9537636 -0.041642214 -8.6543687)
(1.0385928 -0.045345936 -8.6247876)
(1.100805 -0.048062181 -8.5959354)
(1.1423754 -0.04987718 -8.5660651)
(1.1659813 -0.050907837 -8.5333474)
(1.1746008 -0.051284174 -8.4967721)
(1.1713173 -0.051140814 -8.4556031)
(1.1590625 -0.050605757 -8.4094532)
(1.1404206 -0.049791835 -8.3583896)
(1.1175784 -0.048794522 -8.3023133)
(1.092237 -0.047688091 -8.2416942)
(1.0656758 -0.046528407 -8.1765702)
(1.0387703 -0.045353687 -8.1073837)
(1.0121154 -0.044189906 -8.0344071)
(0.98605477 -0.043052076 -7.9580278)
(0.96079548 -0.041949232 -7.878502)
(0.93644236 -0.040885952 -7.7960041)
(0.91301226 -0.039862972 -7.7109191)
(0.89052224 -0.038881036 -7.6233386)
(0.86894748 -0.037939062 -7.53355)
(0.84826582 -0.037036081 -7.4416749)
(0.82843744 -0.036170356 -7.3479597)
(0.8094341 -0.035340652 -7.252459)
(0.79120753 -0.034544863 -7.1554255)
(0.77373129 -0.033781834 -7.0569096)
(0.75696506 -0.033049805 -6.9570782)
(0.74087655 -0.032347365 -6.8560396)
(0.72543394 -0.031673126 -6.7538638)
(0.71060048 -0.031025484 -6.6507026)
(0.69635136 -0.030403353 -6.5465667)
(0.68265067 -0.029805169 -6.4416061)
(0.66947816 -0.029230044 -6.3358388)
(0.65680688 -0.028676805 -6.2293511)
(0.64461544 -0.028144515 -6.1221994)
(0.6328845 -0.027632331 -6.0144053)
(0.62159179 -0.027139281 -5.9060498)
(0.61072362 -0.026664766 -5.7971216)
(0.60025928 -0.026207883 -5.6876972)
(0.59018822 -0.025768171 -5.5777794)
(0.58049579 -0.025344991 -5.4674091)
(0.57117056 -0.024937842 -5.3565967)
(0.56219877 -0.024546126 -5.2453733)
(0.55357015 -0.024169392 -5.133767)
(0.54527531 -0.023807232 -5.0217667)
(0.53729941 -0.023458996 -4.9094215)
(0.52963501 -0.023124361 -4.7967348)
(0.5222713 -0.022802855 -4.6837304)
(0.51519913 -0.022494077 -4.5704201)
(0.50840774 -0.022197559 -4.4568314)
(0.50188916 -0.021912951 -4.3429648)
(0.49563179 -0.021639749 -4.2288514)
(0.48962874 -0.02137765 -4.1145035)
(0.48387099 -0.021126261 -3.9999373)
(0.47835066 -0.020885239 -3.8851743)
(0.4730606 -0.02065427 -3.7702193)
(0.46799232 -0.020432984 -3.655094)
(0.46314007 -0.02022113 -3.5398011)
(0.45849568 -0.020018351 -3.4243579)
(0.45405434 -0.019824438 -3.3087764)
(0.44980993 -0.019639124 -3.1930641)
(0.44575712 -0.019462174 -3.0772348)
(0.44189109 -0.019293379 -2.9612908)
(0.43820621 -0.019132494 -2.8452428)
(0.43469852 -0.018979345 -2.7290949)
(0.43136264 -0.018833697 -2.6128546)
(0.42819509 -0.018695399 -2.4965333)
(0.42519189 -0.018564277 -2.3801347)
(0.42234941 -0.018440171 -2.2636635)
(0.41966376 -0.018322913 -2.1471209)
(0.41713165 -0.018212359 -2.0305125)
(0.4147501 -0.018108378 -1.9138351)
(0.41251481 -0.018010784 -1.7970848)
(0.41042268 -0.017919439 -1.680269)
(0.40847035 -0.017834199 -1.5633888)
(0.40665504 -0.01775494 -1.4464505)
(0.40497627 -0.017681644 -1.3294739)
(0.40344075 -0.017614602 -1.212504)
(0.40204256 -0.017553555 -1.0955683)
(0.40077689 -0.017498295 -0.97875169)
(0.39960484 -0.017447122 -0.86234247)
(0.39841147 -0.017395019 -0.74717417)
(0.39693812 -0.017330691 -0.63477782)
(0.39468154 -0.017232166 -0.5269763)
(0.39074877 -0.017060458 -0.42540693)
(0.38364067 -0.016750112 -0.32994513)
(0.37076015 -0.016187736 -0.24319552)
(0.34674776 -0.015139333 -0.15047139)
(0.29338557 -0.012809489 -0.073261911)
(-0.97641874 0.042631358 -23.980411)
(-2.366968 0.10334405 -21.419234)
(-3.4126056 0.14899756 -18.744561)
(-4.0380053 0.1763031 -16.771577)
(-4.3564854 0.19020824 -15.38491)
(-4.4700494 0.19516655 -14.342813)
(-4.4479513 0.19420173 -13.542022)
(-4.3365489 0.18933779 -12.914567)
(-4.1670575 0.18193764 -12.41549)
(-3.9614282 0.17295967 -12.008846)
(-3.7337721 0.16301999 -11.671856)
(-3.4931955 0.15251619 -11.386497)
(-3.2454315 0.14169858 -11.140462)
(-2.994032 0.13072225 -10.924391)
(-2.7415978 0.11970073 -10.731277)
(-2.489883 0.10871063 -10.556809)
(-2.2399822 0.097799724 -10.39643)
(-1.9926209 0.086999698 -10.248047)
(-1.748358 0.076334951 -10.109158)
(-1.5076314 0.065824602 -9.9785666)
(-1.2707258 0.055481081 -9.8543651)
(-1.0377269 0.045308131 -9.7362984)
(-0.80869069 0.035308195 -9.6231743)
(-0.58340784 0.025472134 -9.5158908)
(-0.36258405 0.01583076 -9.4150181)
(-0.14577572 0.0063647048 -9.3180612)
(0.068287709 -0.0029815052 -9.2287324)
(0.27864464 -0.012165886 -9.1482921)
(0.48266731 -0.021073707 -9.0780293)
(0.67660198 -0.029541077 -9.0183812)
(0.85605648 -0.037376229 -8.9694902)
(1.0167543 -0.044392445 -8.9298979)
(1.1551166 -0.050433475 -8.8972895)
(1.2686626 -0.055391 -8.8691597)
(1.3563008 -0.059217363 -8.8423226)
(1.4182634 -0.061922709 -8.8143709)
(1.4560951 -0.063574478 -8.7827605)
(1.4722817 -0.064281202 -8.7459269)
(1.4700439 -0.064183495 -8.7027704)
(1.4529617 -0.063437673 -8.6527362)
(1.424634 -0.062200857 -8.596009)
(1.3884651 -0.060621689 -8.5327808)
(1.3473799 -0.05882787 -8.4638681)
(1.3038073 -0.056925449 -8.3897733)
(1.2595571 -0.054993443 -8.3113037)
(1.2159113 -0.053087827 -8.2289322)
(1.1736761 -0.0512438 -8.143233)
(1.1333305 -0.049482271 -8.0546533)
(1.095095 -0.047812876 -7.9635213)
(1.0589823 -0.04623616 -7.8702321)
(1.0249527 -0.044750395 -7.7749051)
(0.99288774 -0.04335041 -7.67782)
(0.96266447 -0.042030834 -7.579082)
(0.93414409 -0.040785607 -7.4789263)
(0.90720806 -0.039609555 -7.3773877)
(0.88172636 -0.038497 -7.2746999)
(0.85760399 -0.037443795 -7.1708871)
(0.83474054 -0.036445555 -7.0660922)
(0.81305284 -0.03549865 -6.9603965)
(0.7924656 -0.034599791 -6.8538417)
(0.77290393 -0.033745711 -6.7465518)
(0.75431015 -0.032933889 -6.638508)
(0.73661837 -0.032161449 -6.5298329)
(0.71978149 -0.031426335 -6.4205177)
(0.70374786 -0.030726292 -6.3106245)
(0.68847245 -0.030059353 -6.2001891)
(0.67391396 -0.029423716 -6.0892159)
(0.66002865 -0.02881747 -5.9777734)
(0.64678265 -0.028239137 -5.8658414)
(0.63413584 -0.027686966 -5.7534922)
(0.62205926 -0.027159691 -5.6407281)
(0.61052109 -0.026655924 -5.527592)
(0.59949349 -0.026174448 -5.4140988)
(0.5889477 -0.025714009 -5.3002855)
(0.5788596 -0.025273553 -5.1861865)
(0.56920739 -0.024852129 -5.0717967)
(0.55996466 -0.024448583 -4.9571705)
(0.5511141 -0.024062159 -4.8423152)
(0.54263604 -0.023691999 -4.7272569)
(0.5345137 -0.02333737 -4.6120071)
(0.52672977 -0.022997516 -4.4965914)
(0.51927091 -0.022671855 -4.3810062)
(0.51212098 -0.022359683 -4.2652769)
(0.50526969 -0.022060548 -4.1494085)
(0.49870532 -0.021773942 -4.033409)
(0.49241806 -0.021499434 -3.9172907)
(0.48639947 -0.021236657 -3.8010491)
(0.4806403 -0.020985206 -3.6846967)
(0.47513441 -0.020744814 -3.5682275)
(0.46987359 -0.020515122 -3.4516504)
(0.46485306 -0.020295921 -3.3349704)
(0.46006715 -0.020086963 -3.2181887)
(0.45551064 -0.019888022 -3.1013141)
(0.45117893 -0.019698895 -2.9843448)
(0.44706624 -0.019519332 -2.8672883)
(0.44316812 -0.019349136 -2.7501469)
(0.43947857 -0.019188047 -2.6329264)
(0.43599263 -0.019035847 -2.5156376)
(0.43270496 -0.018892305 -2.3982835)
(0.42960967 -0.018757161 -2.2808684)
(0.4267006 -0.018630149 -2.1633931)
(0.42397149 -0.018510993 -2.0458628)
(0.4214164 -0.018399435 -1.9282738)
(0.41902791 -0.018295152 -1.8106212)
(0.41679949 -0.018197857 -1.6929118)
(0.41472487 -0.018107277 -1.5751457)
(0.41279834 -0.018023163 -1.4573279)
(0.41101736 -0.017945403 -1.3394789)
(0.40938594 -0.017874174 -1.2216415)
(0.40789566 -0.017809107 -1.1038425)
(0.4065365 -0.017749765 -0.98616703)
(0.40525798 -0.017693944 -0.86890847)
(0.40392072 -0.017635558 -0.75290932)
(0.40222068 -0.017561332 -0.6397058)
(0.39958015 -0.017446044 -0.53111176)
(0.3949975 -0.017245961 -0.42875378)
(0.38682665 -0.016889214 -0.3324854)
(0.37228815 -0.01625445 -0.24492175)
(0.34581699 -0.015098694 -0.15135299)
(0.28907561 -0.012621312 -0.073417741)
(-2.4349438 0.10631193 -25.38015)
(-3.9321183 0.17167998 -22.553833)
(-4.6612362 0.20351394 -19.384502)
(-4.9386875 0.21562773 -16.966624)
(-4.9736175 0.2171528 -15.341374)
(-4.8660705 0.2124572 -14.210188)
(-4.6761667 0.20416582 -13.405418)
(-4.4411397 0.19390432 -12.819162)
(-4.1833841 0.18265047 -12.380218)
(-3.9159595 0.17097446 -12.040083)
(-3.646002 0.15918787 -11.767766)
(-3.3775481 0.14746692 -11.540641)
(-3.112527 0.13589585 -11.343913)
(-2.8522783 0.12453315 -11.169589)
(-2.5951575 0.11330701 -11.0147)
(-2.3407263 0.10219831 -10.874388)
(-2.0886664 0.091193134 -10.743618)
(-1.8388803 0.080287241 -10.621077)
(-1.591437 0.069483631 -10.505053)
(-1.3466688 0.058796822 -10.394938)
(-1.1051639 0.048252493 -10.289482)
(-0.86778079 0.037888123 -10.188951)
(-0.63523904 0.027735132 -10.092257)
(-0.4078918 0.017808938 -10.000213)
(-0.18476242 0.0080669005 -9.9125461)
(0.035576812 -0.0015533172 -9.8309426)
(0.25263831 -0.011030426 -9.7563304)
(0.46382528 -0.020251047 -9.6868428)
(0.6668033 -0.029113258 -9.6251502)
(0.8587261 -0.037492787 -9.5712214)
(1.0361353 -0.04523864 -9.5249588)
(1.1953426 -0.052189778 -9.4848219)
(1.3328783 -0.058194716 -9.4485267)
(1.4459797 -0.063132829 -9.4135844)
(1.5330757 -0.066935523 -9.3766953)
(1.5938794 -0.069590268 -9.3354836)
(1.6295192 -0.071146339 -9.2874377)
(1.6422359 -0.071701561 -9.2312982)
(1.6351675 -0.071392947 -9.1663968)
(1.6119592 -0.070379653 -9.0928176)
(1.5763912 -0.068826719 -9.0114568)
(1.5321187 -0.066893741 -8.9231816)
(1.4823479 -0.064720699 -8.8294653)
(1.4297896 -0.062425953 -8.7313119)
(1.3765105 -0.060099741 -8.6299175)
(1.3240175 -0.057807845 -8.5260465)
(1.2732789 -0.055592553 -8.4204021)
(1.2248807 -0.053479439 -8.3134021)
(1.179115 -0.051481268 -8.205304)
(1.1360453 -0.049600804 -8.0965438)
(1.0956235 -0.047835949 -7.9870548)
(1.0577192 -0.046181012 -7.877019)
(1.0221833 -0.044629482 -7.7664042)
(0.98884412 -0.043173862 -7.6553205)
(0.95754622 -0.041807366 -7.5436877)
(0.92812184 -0.04052267 -7.4316443)
(0.90043784 -0.039313961 -7.3191254)
(0.87435794 -0.038175288 -7.2062009)
(0.84976309 -0.037101454 -7.0928901)
(0.82654506 -0.036087732 -6.9791855)
(0.80459707 -0.035129463 -6.8651739)
(0.78383214 -0.034222846 -6.7508058)
(0.76415754 -0.033363835 -6.6361842)
(0.74550169 -0.032549303 -6.5212827)
(0.72779156 -0.031776062 -6.4061518)
(0.71096265 -0.031041296 -6.2908155)
(0.6949574 -0.030342492 -6.1752672)
(0.67971791 -0.029677121 -6.0595634)
(0.6651987 -0.029043199 -5.9436692)
(0.65135037 -0.028438568 -5.8276417)
(0.63813683 -0.027861652 -5.7114637)
(0.62552118 -0.027310841 -5.5951583)
(0.61347194 -0.02678476 -5.4787177)
(0.60195841 -0.026282069 -5.3621579)
(0.59095513 -0.025801655 -5.2454891)
(0.58044003 -0.025342556 -5.1286845)
(0.57038671 -0.024903619 -5.0117772)
(0.56077799 -0.024484093 -4.8947549)
(0.55159471 -0.024083143 -4.7776263)
(0.54281976 -0.02370002 -4.6603877)
(0.5344354 -0.023333951 -4.5430517)
(0.52642695 -0.022984295 -4.4256043)
(0.51877668 -0.022650277 -4.3080623)
(0.51147158 -0.022331329 -4.1904246)
(0.50449717 -0.02202682 -4.0726949)
(0.49783984 -0.021736155 -3.9548826)
(0.49148723 -0.021458793 -3.8369816)
(0.48542573 -0.021194143 -3.7190035)
(0.47964467 -0.020941736 -3.6009429)
(0.47413154 -0.020701028 -3.4828075)
(0.46887735 -0.020471625 -3.364606)
(0.46387263 -0.020253114 -3.2463391)
(0.45910866 -0.020045115 -3.1280167)
(0.45457815 -0.019847308 -3.0096382)
(0.45027326 -0.019659353 -2.8912119)
(0.44618807 -0.01948099 -2.7727409)
(0.44231599 -0.019311931 -2.6542315)
(0.43865189 -0.019151953 -2.5356951)
(0.43519084 -0.019000841 -2.4171349)
(0.43192777 -0.018858371 -2.298555)
(0.42885791 -0.018724339 -2.1799559)
(0.42597624 -0.018598522 -2.061342)
(0.42327807 -0.018480718 -1.9427083)
(0.42075705 -0.018370647 -1.8240487)
(0.41840723 -0.018268052 -1.7053671)
(0.41622295 -0.018172684 -1.586662)
(0.41419828 -0.018084285 -1.4679347)
(0.4123306 -0.018002741 -1.349204)
(0.4106222 -0.01792815 -1.2305079)
(0.40906196 -0.017860029 -1.1118688)
(0.4076329 -0.017797635 -0.99336842)
(0.40626987 -0.017738124 -0.87530311)
(0.4048042 -0.017674131 -0.75852261)
(0.40288128 -0.017590175 -0.64456444)
(0.39984538 -0.017457624 -0.53522485)
(0.394588 -0.017228082 -0.43210981)
(0.38532925 -0.016823837 -0.33504859)
(0.36913867 -0.016116941 -0.24666242)
(0.34032158 -0.014858759 -0.15224521)
(0.28068749 -0.012255079 -0.073564815)
(-3.4886842 0.15231922 -24.783231)
(-4.6541492 0.20320452 -21.645287)
(-4.9956625 0.21811531 -18.428316)
(-5.0155365 0.21898303 -16.110369)
(-4.8727498 0.21274883 -14.716014)
(-4.6507428 0.2030558 -13.797538)
(-4.3929583 0.19180068 -13.1889)
(-4.1219967 0.17997024 -12.778151)
(-3.850212 0.16810387 -12.487575)
(-3.5836317 0.15646472 -12.268553)
(-3.3248044 0.14516408 -12.095285)
(-3.0732889 0.13418268 -11.950695)
(-2.8277798 0.12346352 -11.826355)
(-2.5864942 0.11292876 -11.712829)
(-2.3473688 0.10248832 -11.602877)
(-2.108865 0.092075024 -11.497141)
(-1.8701235 0.081651347 -11.394607)
(-1.6309777 0.071210016 -11.295899)
(-1.391488 0.06075367 -11.200101)
(-1.152069 0.050300415 -11.108069)
(-0.91325193 0.039873436 -11.019356)
(-0.67628405 0.029527196 -10.936731)
(-0.44148088 0.01927547 -10.858434)
(-0.20813813 0.0090875062 -10.783352)
(0.027244405 -0.0011895163 -10.717158)
(0.26088881 -0.01139065 -10.654431)
(0.48365486 -0.021116825 -10.590155)
(0.69125566 -0.03018087 -10.527889)
(0.88084139 -0.038458362 -10.468561)
(1.0506728 -0.045873362 -10.411082)
(1.1993895 -0.052366469 -10.354846)
(1.3259409 -0.057891822 -10.298292)
(1.4295371 -0.062414932 -10.239445)
(1.5097858 -0.065918664 -10.176247)
(1.5669569 -0.06841481 -10.106032)
(1.6020178 -0.069945601 -10.027445)
(1.6167775 -0.070590021 -9.939209)
(1.6136828 -0.070454904 -9.8414712)
(1.5956605 -0.069668034 -9.7348287)
(1.5658432 -0.068366184 -9.6204855)
(1.5272905 -0.066682937 -9.500172)
(1.4828494 -0.064742597 -9.375305)
(1.4349374 -0.062650712 -9.2476756)
(1.3855365 -0.060493825 -9.1183421)
(1.3361238 -0.058336418 -8.9884361)
(1.2877667 -0.056225102 -8.858575)
(1.2411162 -0.0541883 -8.7292019)
(1.1965698 -0.052243361 -8.6005566)
(1.1543152 -0.050398485 -8.4726922)
(1.1143636 -0.04865416 -8.3458154)
(1.0766576 -0.047007879 -8.2196522)
(1.0411268 -0.045456573 -8.0943182)
(1.007643 -0.04399464 -7.969626)
(0.976058 -0.042615608 -7.845575)
(0.9462472 -0.04131404 -7.7220005)
(0.91807467 -0.040084001 -7.5989717)
(0.89143511 -0.038920893 -7.4763511)
(0.86622076 -0.037820011 -7.35415)
(0.84233572 -0.036777167 -7.2323255)
(0.81969434 -0.035788624 -7.1108105)
(0.79821001 -0.034850598 -6.9896322)
(0.77781361 -0.033960072 -6.8686801)
(0.75843042 -0.033113783 -6.7479993)
(0.74000495 -0.03230931 -6.6275027)
(0.72248212 -0.031544247 -6.5071875)
(0.70581102 -0.030816371 -6.3870243)
(0.68994494 -0.030123643 -6.2669592)
(0.67483381 -0.029463877 -6.1470063)
(0.66043799 -0.028835342 -6.0270932)
(0.64671314 -0.028236102 -5.9072465)
(0.63362509 -0.027664666 -5.7874226)
(0.62113894 -0.027119509 -5.667626)
(0.6092201 -0.026599121 -5.5478331)
(0.59783672 -0.026102112 -5.4280478)
(0.58696333 -0.025627369 -5.3082746)
(0.57657582 -0.025173841 -5.1884829)
(0.56664506 -0.024740255 -5.0687044)
(0.55715072 -0.024325723 -4.9489271)
(0.54807168 -0.023929323 -4.8291614)
(0.53938856 -0.02355021 -4.7094051)
(0.53108231 -0.023187552 -4.5896724)
(0.52313724 -0.022840663 -4.4699503)
(0.51553563 -0.022508769 -4.3502558)
(0.50826477 -0.022191316 -4.2305865)
(0.50131168 -0.021887738 -4.1109442)
(0.49466437 -0.02159751 -3.9913342)
(0.4883127 -0.02132019 -3.8717459)
(0.48224538 -0.021055285 -3.7521847)
(0.47645391 -0.020802425 -3.6326377)
(0.47092836 -0.020561174 -3.5131062)
(0.46566125 -0.020331207 -3.3935873)
(0.46064504 -0.020112194 -3.2740737)
(0.45587204 -0.019903801 -3.1545655)
(0.45133586 -0.019705747 -3.0350521)
(0.44702901 -0.019517706 -2.915532)
(0.44294547 -0.019339415 -2.7959993)
(0.43907848 -0.019170578 -2.6764517)
(0.43542215 -0.01901094 -2.5568937)
(0.43197125 -0.01886027 -2.4373189)
(0.42872018 -0.018718325 -2.3177321)
(0.42566345 -0.018584865 -2.1981265)
(0.42279546 -0.018459647 -2.0785048)
(0.42011125 -0.018342451 -1.9588613)
(0.41760447 -0.018233003 -1.8391897)
(0.41526938 -0.018131051 -1.7194956)
(0.41310065 -0.018036362 -1.5997793)
(0.41109238 -0.017948679 -1.4800446)
(0.409242 -0.01786789 -1.360314)
(0.40755032 -0.017794029 -1.2406274)
(0.40600272 -0.01772646 -1.1210082)
(0.40457313 -0.017664042 -1.0015399)
(0.40317752 -0.017603109 -0.88252721)
(0.40161147 -0.017534733 -0.76483301)
(0.3994614 -0.017440859 -0.64999838)
(0.39598553 -0.0172891 -0.53980034)
(0.38996562 -0.017026265 -0.43581872)
(0.3794999 -0.016569322 -0.33786345)
(0.3615493 -0.015785582 -0.24855485)
(0.33040081 -0.014425609 -0.15321351)
(0.26834876 -0.011716359 -0.07372657)
(-3.8366818 0.16751313 -22.989322)
(-4.7545312 0.20758729 -19.742375)
(-4.8791296 0.21302738 -16.92237)
(-4.7791082 0.20866035 -15.109708)
(-4.5624701 0.19920173 -14.074811)
(-4.2923417 0.18740766 -13.50295)
(-4.0033622 0.17479055 -13.179484)
(-3.7137364 0.16214521 -12.981491)
(-3.4347813 0.14996577 -12.848254)
(-3.170826 0.13844124 -12.746551)
(-2.9221666 0.12758454 -12.661206)
(-2.6860396 0.11727501 -12.583376)
(-2.458131 0.10732431 -12.509451)
(-2.2336548 0.097523465 -12.437018)
(-2.0091056 0.087719437 -12.364892)
(-1.7833243 0.07786161 -12.294036)
(-1.5563113 0.06795001 -12.223504)
(-1.3283114 0.057995321 -12.153992)
(-1.0989086 0.04797938 -12.084687)
(-0.86663758 0.037838209 -12.017775)
(-0.62861295 0.027445831 -11.95054)
(-0.384112 0.01677069 -11.883871)
(-0.13822383 0.0060349821 -11.818941)
(0.095980825 -0.004190613 -11.759115)
(0.30275761 -0.013218681 -11.695574)
(0.47988469 -0.020952216 -11.625872)
(0.63396528 -0.027679519 -11.551609)
(0.77043767 -0.033638031 -11.472266)
(0.89217132 -0.038953037 -11.388448)
(1.0002906 -0.043673624 -11.299497)
(1.0947777 -0.04779902 -11.205165)
(1.1751498 -0.051308142 -11.104435)
(1.2408482 -0.054176596 -10.996461)
(1.2915143 -0.056388725 -10.880915)
(1.3272533 -0.057949126 -10.757396)
(1.3486856 -0.058884877 -10.626486)
(1.3570105 -0.05924835 -10.488532)
(1.3538599 -0.059110794 -10.344736)
(1.341143 -0.058555563 -10.196292)
(1.3208734 -0.05767057 -10.044576)
(1.2949764 -0.056539886 -9.8911266)
(1.2652079 -0.055240162 -9.7369904)
(1.233027 -0.053835116 -9.5834153)
(1.1996197 -0.052376519 -9.4309738)
(1.1658737 -0.050903139 -9.280352)
(1.1324105 -0.049442103 -9.1316675)
(1.0996475 -0.048011642 -8.9851847)
(1.0678495 -0.046623311 -8.8409456)
(1.0371649 -0.045283591 -8.6987826)
(1.0076431 -0.043994644 -8.5587192)
(0.97931899 -0.042757986 -8.4204662)
(0.95218143 -0.041573135 -8.2839429)
(0.92620091 -0.040438801 -8.1489081)
(0.90133593 -0.039353172 -8.0152885)
(0.87755132 -0.038314714 -7.8828335)
(0.85479581 -0.037321187 -7.7515185)
(0.83303849 -0.036371242 -7.6211508)
(0.81223633 -0.035463 -7.4916636)
(0.79234842 -0.034594675 -7.3629589)
(0.77333869 -0.033764693 -7.2349251)
(0.75516249 -0.032971103 -7.1075519)
(0.73778519 -0.032212393 -6.9806972)
(0.72116593 -0.031486781 -6.8543951)
(0.70527209 -0.030792841 -6.7285426)
(0.69007054 -0.030129127 -6.6031503)
(0.67552027 -0.029493849 -6.4781626)
(0.66158976 -0.02888563 -6.3535281)
(0.64824373 -0.028302929 -6.2292613)
(0.63545539 -0.027744579 -6.1052889)
(0.62319342 -0.027209209 -5.9816347)
(0.61143403 -0.026695784 -5.8582511)
(0.6001534 -0.02620326 -5.7351442)
(0.58932565 -0.025730511 -5.6122365)
(0.57893834 -0.025276991 -5.4895934)
(0.56896864 -0.024841705 -5.3671588)
(0.55940061 -0.024423955 -5.2448922)
(0.55021356 -0.02402284 -5.1228083)
(0.54139547 -0.023637834 -5.0008725)
(0.53293712 -0.023268534 -4.8790764)
(0.52482855 -0.022914507 -4.7573973)
(0.51705691 -0.02257519 -4.6358313)
(0.50961034 -0.022250066 -4.5143483)
(0.50247283 -0.021938435 -4.3929494)
(0.49563259 -0.021639784 -4.2716182)
(0.48908125 -0.021353746 -4.1503453)
(0.48280973 -0.021079926 -4.0291276)
(0.47680991 -0.020817968 -3.9079492)
(0.47107206 -0.020567448 -3.7868124)
(0.46558883 -0.020328045 -3.6657041)
(0.46035172 -0.020099388 -3.5446264)
(0.45535435 -0.019881198 -3.4235795)
(0.45059093 -0.019673223 -3.3025599)
(0.44605502 -0.019475181 -3.1815725)
(0.44174155 -0.019286851 -3.0606116)
(0.43764419 -0.019107956 -2.9396806)
(0.43375769 -0.018938268 -2.8187778)
(0.43007614 -0.018777528 -2.6979045)
(0.42659403 -0.018625496 -2.577067)
(0.42330671 -0.018481968 -2.4562632)
(0.42020834 -0.01834669 -2.3354923)
(0.41729337 -0.01821942 -2.2147498)
(0.41455607 -0.018099907 -2.0940355)
(0.41199161 -0.01798794 -1.9733378)
(0.40959391 -0.017883254 -1.8526527)
(0.40735704 -0.01778559 -1.731978)
(0.40527611 -0.017694735 -1.6113109)
(0.40334611 -0.01761047 -1.4906515)
(0.40156532 -0.017532719 -1.37002)
(0.39993398 -0.017461493 -1.2494532)
(0.39843414 -0.017396008 -1.1289711)
(0.39703016 -0.01733471 -1.0086557)
(0.39561741 -0.017273027 -0.88881919)
(0.3939531 -0.017200362 -0.77033804)
(0.3915625 -0.017095986 -0.65475634)
(0.38761827 -0.016923777 -0.54382828)
(0.3807998 -0.016626077 -0.43910306)
(0.36910407 -0.01611543 -0.3403642)
(0.34943078 -0.015256476 -0.25023919)
(0.31615527 -0.013803636 -0.15405604)
(0.25236372 -0.011018437 -0.073874332)
(-3.8138414 0.16651589 -21.772557)
(-4.5382042 0.19814225 -18.606406)
(-4.5563945 0.19893646 -16.094441)
(-4.385776 0.1914871 -14.650401)
(-4.1302503 0.1803306 -13.908773)
(-3.8310571 0.16726755 -13.543995)
(-3.5148714 0.15346258 -13.358432)
(-3.2017903 0.13979317 -13.255552)
(-2.9056242 0.12686228 -13.19321)
(-2.6316726 0.1149013 -13.149307)
(-2.3800827 0.10391664 -13.115539)
(-2.1471287 0.093745653 -13.085877)
(-1.9274243 0.084153155 -13.057403)
(-1.7152096 0.074887658 -13.027162)
(-1.5061656 0.065760602 -12.994795)
(-1.2979663 0.056670425 -12.959624)
(-1.0905483 0.047614363 -12.920084)
(-0.8868603 0.038721153 -12.877919)
(-0.6914825 0.030190775 -12.832978)
(-0.50911539 0.022228456 -12.784318)
(-0.34283448 0.014968475 -12.728944)
(-0.19312936 0.0084322091 -12.663933)
(-0.057597012 0.0025147397 -12.586063)
(0.067727616 -0.0029570511 -12.494057)
(0.18702958 -0.0081658866 -12.391117)
(0.30158992 -0.013167699 -12.282389)
(0.41031099 -0.017914562 -12.168495)
(0.51187623 -0.022348996 -12.048909)
(0.60517743 -0.026422614 -11.92404)
(0.68945444 -0.030102228 -11.79374)
(0.76408219 -0.033360545 -11.658408)
(0.82857331 -0.036176288 -11.517881)
(0.88262198 -0.038536103 -11.372162)
(0.92615856 -0.040436951 -11.221596)
(0.95947276 -0.041891481 -11.066378)
(0.98317687 -0.042926425 -10.907492)
(0.99820124 -0.043582403 -10.745558)
(1.0056764 -0.043908777 -10.581778)
(1.0068177 -0.043958605 -10.41709)
(1.0028362 -0.043784767 -10.252398)
(0.99482604 -0.043435038 -10.088603)
(0.9837665 -0.042952168 -9.9261407)
(0.97046405 -0.042371371 -9.7656972)
(0.95557916 -0.041721482 -9.60734)
(0.93962796 -0.041025038 -9.4513428)
(0.92300185 -0.040299127 -9.2976746)
(0.90598551 -0.039556177 -9.1463905)
(0.88879028 -0.038805417 -8.9973346)
(0.87158326 -0.038054143 -8.8503046)
(0.85446296 -0.037306654 -8.7052849)
(0.83752107 -0.036566956 -8.5619905)
(0.82082408 -0.03583795 -8.4203702)
(0.8044186 -0.03512167 -8.2802233)
(0.7883377 -0.034419564 -8.1415066)
(0.77261072 -0.033732909 -8.0040153)
(0.75724967 -0.033062231 -7.8677647)
(0.7422706 -0.032408231 -7.7325878)
(0.7276836 -0.031771348 -7.5984608)
(0.71349173 -0.031151718 -7.4653085)
(0.69970129 -0.030549614 -7.3330389)
(0.68630714 -0.029964814 -7.2016485)
(0.67331107 -0.029397393 -7.0710078)
(0.66070526 -0.028847011 -6.9411348)
(0.64848526 -0.028313475 -6.8119203)
(0.63664515 -0.027796525 -6.6833362)
(0.62517637 -0.027295787 -6.5553372)
(0.6140751 -0.026811095 -6.427842)
(0.60333178 -0.026342032 -6.3008407)
(0.59294195 -0.025888402 -6.1742401)
(0.58289612 -0.025449791 -6.0480431)
(0.57318761 -0.025025909 -5.9221841)
(0.56381101 -0.024616518 -5.7966426)
(0.55476166 -0.024221414 -5.6713806)
(0.54603173 -0.023840257 -5.5463809)
(0.53761078 -0.023472591 -5.4216286)
(0.52949371 -0.023118192 -5.2970789)
(0.5216692 -0.022776567 -5.1727442)
(0.51413214 -0.022447492 -5.0486024)
(0.50687796 -0.022130767 -4.924683)
(0.49989389 -0.021825836 -4.8009385)
(0.49317051 -0.021532287 -4.6773786)
(0.48669963 -0.021249762 -4.553993)
(0.48046898 -0.020977726 -4.4307529)
(0.47447304 -0.020715938 -4.3076873)
(0.46870475 -0.020464089 -4.1847851)
(0.46315832 -0.020221927 -4.0620271)
(0.45783493 -0.019989503 -3.9394004)
(0.45273088 -0.019766655 -3.8169017)
(0.44783858 -0.019553053 -3.694512)
(0.4431494 -0.019348319 -3.5722247)
(0.43865986 -0.019152301 -3.4500304)
(0.43436772 -0.018964902 -3.3279171)
(0.43026845 -0.018785924 -3.2058807)
(0.42635904 -0.018615235 -3.0839075)
(0.42263552 -0.018452663 -2.9619933)
(0.41909511 -0.018298085 -2.8401301)
(0.4157346 -0.018151363 -2.7183134)
(0.41255099 -0.018012363 -2.5965455)
(0.40954215 -0.017880994 -2.4748212)
(0.40670453 -0.017757101 -2.353137)
(0.40403487 -0.017640541 -2.2314863)
(0.40152918 -0.017531141 -2.1098677)
(0.39918408 -0.017428751 -1.9882711)
(0.39699403 -0.017333132 -1.8666857)
(0.39495328 -0.017244031 -1.7451086)
(0.39305691 -0.017161234 -1.6235388)
(0.39129864 -0.017084466 -1.501975)
(0.38967502 -0.017013577 -1.3804352)
(0.3881834 -0.016948452 -1.258956)
(0.38679901 -0.016888008 -1.1375558)
(0.38547257 -0.016830094 -1.0163177)
(0.38407386 -0.016769025 -0.89556507)
(0.38231751 -0.016692341 -0.77619342)
(0.3796659 -0.016576569 -0.65975695)
(0.37521082 -0.016382056 -0.54799599)
(0.36754586 -0.016047397 -0.44244132)
(0.35460073 -0.0154822 -0.34286103)
(0.33327355 -0.014551036 -0.25189363)
(0.29813953 -0.013017051 -0.15488089)
(0.23335647 -0.010188562 -0.074007502)
(-3.632008 0.15857688 -21.303153)
(-4.1539035 0.18136332 -18.218516)
(-4.0884171 0.17850412 -15.864373)
(-3.8832359 0.16954572 -14.546582)
(-3.6085978 0.15755476 -13.893931)
(-3.2915694 0.14371301 -13.588879)
(-2.9551546 0.12902482 -13.443472)
(-2.6208431 0.11442847 -13.370035)
(-2.3055116 0.1006608 -13.329928)
(-2.0184884 0.088129097 -13.303203)
(-1.7642621 0.077029338 -13.288201)
(-1.5414727 0.067302143 -13.278675)
(-1.346586 0.058793206 -13.271123)
(-1.1748157 0.051293555 -13.260335)
(-1.022111 0.044626324 -13.242565)
(-0.88522095 0.038649577 -13.21573)
(-0.76095955 0.033224208 -13.177352)
(-0.64650975 0.028227222 -13.127105)
(-0.53914505 0.023539579 -13.064498)
(-0.43659462 0.019062131 -12.990566)
(-0.33702837 0.014714975 -12.905953)
(-0.23944964 0.010454596 -12.812695)
(-0.14335305 0.0062589287 -12.711832)
(-0.048919 0.0021358493 -12.605059)
(0.04324303 -0.0018880314 -12.492531)
(0.13185384 -0.0057568625 -12.374477)
(0.21590881 -0.0094267811 -12.251405)
(0.29449321 -0.01285785 -12.122864)
(0.36680568 -0.01601508 -11.989317)
(0.43232439 -0.018875689 -11.850585)
(0.49070985 -0.021424853 -11.707237)
(0.54189741 -0.023659749 -11.559539)
(0.58597843 -0.025584368 -11.407989)
(0.62317872 -0.027208567 -11.253339)
(0.6539032 -0.028550027 -11.096036)
(0.67865751 -0.029630823 -10.9371)
(0.6980572 -0.030477832 -10.776988)
(0.71276129 -0.031119826 -10.616564)
(0.72341839 -0.031585125 -10.456329)
(0.73065453 -0.031901062 -10.296735)
(0.73500926 -0.032091194 -10.138277)
(0.7369615 -0.03217643 -9.9809726)
(0.73690639 -0.032174024 -9.8252316)
(0.73518894 -0.032099039 -9.6710441)
(0.7320908 -0.031963771 -9.5185601)
(0.72783994 -0.031778175 -9.3677034)
(0.72262361 -0.031550425 -9.2185517)
(0.71660018 -0.031287436 -9.0710301)
(0.70991295 -0.030995465 -8.925013)
(0.70266009 -0.030678799 -8.780578)
(0.69494393 -0.030341904 -8.6375281)
(0.68685611 -0.029988782 -8.4958779)
(0.67847148 -0.029622701 -8.3554824)
(0.66985743 -0.029246604 -8.2163358)
(0.66107656 -0.028863223 -8.0782638)
(0.65217757 -0.028474685 -7.9412947)
(0.64320937 -0.028083125 -7.8052717)
(0.63421836 -0.027690568 -7.6701736)
(0.62523895 -0.027298519 -7.5359243)
(0.61630809 -0.026908589 -7.4024344)
(0.60744881 -0.026521785 -7.2696984)
(0.59868689 -0.026139231 -7.1375952)
(0.59003904 -0.025761658 -7.006149)
(0.58152145 -0.025389772 -6.8752668)
(0.57315095 -0.025024308 -6.7449401)
(0.56493531 -0.024665606 -6.6151342)
(0.55688586 -0.024314159 -6.4857972)
(0.54900568 -0.023970103 -6.3569384)
(0.5413009 -0.023633705 -6.2284877)
(0.53377326 -0.023305041 -6.1004689)
(0.52642455 -0.02298419 -5.9728273)
(0.51926037 -0.022671395 -5.8455697)
(0.51228046 -0.022366645 -5.7186578)
(0.5054852 -0.022069958 -5.5920828)
(0.49887404 -0.021781309 -5.4658315)
(0.49244988 -0.021500824 -5.3398573)
(0.48620902 -0.021228342 -5.2141695)
(0.48015025 -0.020963811 -5.0887341)
(0.47427082 -0.020707109 -4.9635369)
(0.46856616 -0.020458038 -4.8385602)
(0.46303524 -0.020216553 -4.7137948)
(0.45767802 -0.019982652 -4.589211)
(0.45249517 -0.019756363 -4.4648104)
(0.44748676 -0.019537692 -4.3405715)
(0.44265177 -0.019326591 -4.2164698)
(0.43798992 -0.019123051 -4.0925407)
(0.43349891 -0.018926969 -3.9687659)
(0.42917019 -0.018737973 -3.8451214)
(0.42499654 -0.018555748 -3.7215626)
(0.42097496 -0.018380162 -3.5981214)
(0.41710859 -0.018211352 -3.4747914)
(0.41340446 -0.018049627 -3.3515459)
(0.40985952 -0.017894851 -3.2283852)
(0.40647109 -0.017746909 -3.1052982)
(0.40323855 -0.017605773 -2.9822824)
(0.40015973 -0.017471349 -2.8593325)
(0.39723183 -0.017343515 -2.7364463)
(0.39445215 -0.017222151 -2.6136282)
(0.3918194 -0.017107202 -2.4908757)
(0.38933113 -0.016998562 -2.3681869)
(0.38698563 -0.016896155 -2.2455575)
(0.38478061 -0.016799883 -2.1229876)
(0.38271463 -0.01670968 -2.0004686)
(0.38078446 -0.016625407 -1.8779903)
(0.37898657 -0.016546909 -1.7555535)
(0.37731744 -0.016474034 -1.6331549)
(0.37577132 -0.016406528 -1.5107854)
(0.37434354 -0.01634419 -1.3884737)
(0.37302754 -0.016286732 -1.266247)
(0.3717903 -0.016232713 -1.1441186)
(0.37056612 -0.016179264 -1.0221676)
(0.36919547 -0.016119421 -0.90072122)
(0.36734679 -0.016038705 -0.78068542)
(0.36441868 -0.015910861 -0.6636148)
(0.35942802 -0.015692965 -0.55122764)
(0.35090029 -0.015320636 -0.44503156)
(0.33673362 -0.014702106 -0.34478153)
(0.31388487 -0.013704508 -0.2531296)
(0.27722811 -0.01210404 -0.15546752)
(0.21223294 -0.0092662892 -0.074068527)
(-3.3913385 0.14806902 -21.260246)
(-3.8105579 0.16637253 -18.193334)
(-3.7093016 0.16195159 -15.856984)
(-3.4915058 0.15244242 -14.547507)
(-3.217229 0.14046724 -13.90717)
(-2.9031254 0.12675318 -13.600986)
(-2.5668573 0.1120714 -13.44305)
(-2.2267719 0.097222948 -13.34742)
(-1.9001059 0.082960407 -13.275845)
(-1.6018661 0.069938976 -13.220335)
(-1.3425504 0.05861701 -13.177494)
(-1.1267646 0.049195601 -13.146274)
(-0.95173731 0.041553744 -13.120989)
(-0.81068889 0.035395438 -13.09567)
(-0.69519777 0.030352987 -13.065217)
(-0.59768736 0.026095591 -13.027546)
(-0.51197014 0.022353097 -12.980797)
(-0.43394354 0.018946382 -12.92554)
(-0.36091229 0.015757769 -12.861625)
(-0.2913704 0.012721505 -12.789814)
(-0.22443397 0.0097989977 -12.71038)
(-0.15963522 0.0069698233 -12.624154)
(-0.096745894 0.0042240165 -12.530511)
(-0.035831661 0.0015644439 -12.430652)
(0.023116836 -0.0010093028 -12.324633)
(0.07975651 -0.0034822441 -12.212633)
(0.13373638 -0.005839056 -12.094826)
(0.18473664 -0.0080657749 -11.971304)
(0.23241779 -0.010147579 -11.843127)
(0.27658477 -0.012075951 -11.710614)
(0.31710359 -0.01384504 -11.574328)
(0.35386047 -0.01544988 -11.434434)
(0.38692164 -0.016893362 -11.291671)
(0.41637355 -0.01817926 -11.146762)
(0.44238692 -0.019315028 -10.999983)
(0.46515021 -0.020308895 -10.852119)
(0.4849055 -0.021171429 -10.703355)
(0.50190696 -0.021913729 -10.55429)
(0.51639668 -0.022546363 -10.405127)
(0.52862492 -0.02308026 -10.256144)
(0.53880474 -0.02352472 -10.107745)
(0.54714485 -0.023888857 -9.9598718)
(0.55382047 -0.024180321 -9.812888)
(0.5590006 -0.024406491 -9.6667117)
(0.56284434 -0.024574312 -9.521526)
(0.56548846 -0.024689757 -9.3772526)
(0.5670581 -0.024758288 -9.2339852)
(0.56766758 -0.024784899 -9.0916782)
(0.5674325 -0.024774635 -8.9502341)
(0.5664342 -0.024731049 -8.809749)
(0.56476272 -0.02465807 -8.6700569)
(0.56250491 -0.024559492 -8.5312026)
(0.55973088 -0.024438375 -8.3930803)
(0.55650686 -0.024297611 -8.2557248)
(0.55289336 -0.024139843 -8.1190117)
(0.54894012 -0.02396724 -7.9830188)
(0.54469486 -0.023781889 -7.8476446)
(0.5402065 -0.023585923 -7.7129216)
(0.53551091 -0.023380909 -7.5788252)
(0.53064848 -0.023168611 -7.4453162)
(0.52564673 -0.022950229 -7.3124296)
(0.52053588 -0.022727085 -7.1800818)
(0.51533983 -0.02250022 -7.0483244)
(0.51008075 -0.022270604 -6.9170849)
(0.504784 -0.022039343 -6.7863688)
(0.49946581 -0.021807146 -6.6561458)
(0.49414708 -0.021574925 -6.5263674)
(0.48884058 -0.021343238 -6.3970376)
(0.48356132 -0.021112741 -6.2680818)
(0.47832125 -0.020883955 -6.1395147)
(0.47313104 -0.020657345 -6.0112804)
(0.46800474 -0.020433526 -5.8833724)
(0.46294962 -0.020212815 -5.7557514)
(0.45797432 -0.019995589 -5.6284085)
(0.45308504 -0.019782118 -5.5013321)
(0.44829101 -0.019572806 -5.3744752)
(0.44359502 -0.019367775 -5.2478609)
(0.43900127 -0.019167207 -5.1214594)
(0.43451639 -0.018971393 -4.9952711)
(0.43014247 -0.018780424 -4.8692809)
(0.4258831 -0.018594456 -4.7434924)
(0.4217413 -0.018413621 -4.6178832)
(0.41771951 -0.018238025 -4.4924627)
(0.4138197 -0.018067756 -4.3672132)
(0.41004569 -0.01790298 -4.2421392)
(0.40639318 -0.017743508 -4.1172327)
(0.40285615 -0.017589078 -3.9924791)
(0.3994291 -0.017439449 -3.8678808)
(0.39611364 -0.017294693 -3.7434154)
(0.39291147 -0.017154883 -3.6190552)
(0.38982283 -0.017020031 -3.4948844)
(0.38684115 -0.016889847 -3.3708672)
(0.383957 -0.016763923 -3.2469097)
(0.38117837 -0.016642605 -3.1231082)
(0.37851332 -0.016526247 -2.9994002)
(0.37596511 -0.01641499 -2.8757801)
(0.3735351 -0.016308893 -2.7522396)
(0.37122476 -0.016208021 -2.6287771)
(0.36903418 -0.016112379 -2.5053839)
(0.36696144 -0.016021881 -2.3820525)
(0.36500503 -0.015936462 -2.2587732)
(0.36316282 -0.01585603 -2.1355408)
(0.36143345 -0.015780524 -2.0123439)
(0.35981413 -0.015709822 -1.8891703)
(0.35830231 -0.015643815 -1.7660193)
(0.3568954 -0.015582388 -1.6428885)
(0.35558915 -0.015525356 -1.519779)
(0.3543789 -0.015472515 -1.3967069)
(0.35325566 -0.015423473 -1.2737207)
(0.35217887 -0.01537646 -1.1508318)
(0.35106774 -0.015327947 -1.0281232)
(0.34973463 -0.015269742 -0.90593499)
(0.34780392 -0.015185445 -0.78519069)
(0.34461445 -0.01504619 -0.6674506)
(0.33911561 -0.014806106 -0.55441767)
(0.32977813 -0.014398423 -0.44758183)
(0.31449432 -0.013731117 -0.34668813)
(0.29032517 -0.012675869 -0.25439465)
(0.25253001 -0.011025697 -0.15611486)
(0.18808589 -0.0082120065 -0.074210737)
(-3.1564429 0.13781326 -21.289585)
(-3.5291335 0.15408528 -18.22866)
(-3.415801 0.14913707 -15.892993)
(-3.2039839 0.13988894 -14.584604)
(-2.9489558 0.12875418 -13.941703)
(-2.660464 0.11615835 -13.621552)
(-2.3495362 0.10258296 -13.441414)
(-2.0275565 0.088525017 -13.318109)
(-1.7065947 0.074511524 -13.21515)
(-1.3989998 0.061081643 -13.12283)
(-1.1171181 0.048774426 -13.041224)
(-0.87302029 0.038116885 -12.974005)
(-0.6724776 0.029361003 -12.919601)
(-0.51532228 0.022499454 -12.874245)
(-0.39577179 0.017279767 -12.83221)
(-0.30537029 0.013332754 -12.789159)
(-0.23540932 0.010278192 -12.740713)
(-0.17913085 0.0078210207 -12.685632)
(-0.13162528 0.0057468833 -12.622825)
(-0.089823508 0.0039217786 -12.552662)
(-0.051928406 0.0022672429 -12.474569)
(-0.017001606 0.00074230606 -12.3896)
(0.01596716 -0.00069714123 -12.297974)
(0.047840138 -0.0020887453 -12.200438)
(0.079025066 -0.0034503085 -12.097581)
(0.10967502 -0.0047885145 -11.989666)
(0.13963776 -0.0060967156 -11.877318)
(0.16872814 -0.0073668291 -11.760684)
(0.19671016 -0.00858855 -11.640398)
(0.22342024 -0.0097547371 -11.51639)
(0.24876705 -0.010861403 -11.389724)
(0.27268827 -0.011905826 -11.26075)
(0.29509467 -0.01288411 -11.129437)
(0.31592304 -0.013793496 -10.99649)
(0.33517484 -0.014634048 -10.861992)
(0.35284553 -0.015405567 -10.726553)
(0.36897809 -0.01610993 -10.590211)
(0.38362577 -0.016749461 -10.453306)
(0.39684527 -0.017326637 -10.315946)
(0.4087123 -0.017844762 -10.178251)
(0.4192823 -0.018306259 -10.04045)
(0.42863339 -0.018714536 -9.9024532)
(0.43682915 -0.01907237 -9.7645548)
(0.44394272 -0.019382955 -9.6266541)
(0.45005154 -0.019649672 -9.4889493)
(0.4552201 -0.019875337 -9.351397)
(0.45951278 -0.020062759 -9.2141399)
(0.46299118 -0.020214629 -9.0771968)
(0.46572592 -0.020334031 -8.9405435)
(0.46776054 -0.020422864 -8.8043465)
(0.46915107 -0.020483576 -8.6685121)
(0.46995725 -0.020518775 -8.5331475)
(0.47022601 -0.020530509 -8.3982009)
(0.47000565 -0.020520887 -8.2637484)
(0.46934168 -0.020491898 -8.1296971)
(0.4682737 -0.020445269 -7.996143)
(0.46684052 -0.020382695 -7.8629951)
(0.46508595 -0.020306089 -7.7302899)
(0.46304223 -0.020216858 -7.5980011)
(0.46074797 -0.020116689 -7.466088)
(0.45823067 -0.020006781 -7.3345814)
(0.45552065 -0.019888459 -7.2033993)
(0.45264364 -0.019762846 -7.072594)
(0.44962272 -0.01963095 -6.9421009)
(0.44648509 -0.019493958 -6.8119365)
(0.44324832 -0.019352638 -6.6820855)
(0.43993457 -0.019207956 -6.5525173)
(0.43655792 -0.019060528 -6.4232563)
(0.4331339 -0.018911033 -6.2942505)
(0.42967563 -0.018760041 -6.1655362)
(0.4261936 -0.018608013 -6.0370788)
(0.42270255 -0.01845559 -5.9088918)
(0.41921065 -0.01830313 -5.7809525)
(0.41572782 -0.018151067 -5.6532664)
(0.41226138 -0.017999719 -5.5258307)
(0.40882252 -0.017849575 -5.3986122)
(0.40541596 -0.017700841 -5.2716304)
(0.40204766 -0.017553778 -5.1448606)
(0.39872679 -0.017408786 -5.0183032)
(0.39545827 -0.017266079 -4.8919376)
(0.39224873 -0.017125947 -4.7657701)
(0.38910294 -0.016988599 -4.639769)
(0.38602549 -0.016854235 -4.5139386)
(0.38302037 -0.016723029 -4.3882621)
(0.38009355 -0.016595241 -4.2627321)
(0.37724687 -0.016470952 -4.1373427)
(0.3744846 -0.016350349 -4.012074)
(0.37180968 -0.01623356 -3.8869266)
(0.36922635 -0.016120769 -3.7618853)
(0.36673674 -0.01601207 -3.6369462)
(0.36433446 -0.015907184 -3.5121086)
(0.36201034 -0.015805711 -3.3873564)
(0.35976156 -0.015707527 -3.2626504)
(0.35759061 -0.015612741 -3.1380942)
(0.35548849 -0.015520961 -3.0136398)
(0.35345588 -0.015432215 -2.8892343)
(0.351505 -0.015347038 -2.7649462)
(0.34964384 -0.015265778 -2.640737)
(0.3478787 -0.015188711 -2.5166107)
(0.34621112 -0.015115902 -2.392565)
(0.34464047 -0.015047326 -2.268594)
(0.34316479 -0.014982897 -2.1446949)
(0.34178217 -0.01492253 -2.0208569)
(0.34048896 -0.014866067 -1.8970663)
(0.33928139 -0.014813344 -1.7733197)
(0.33815564 -0.014764193 -1.6496111)
(0.337106 -0.014718364 -1.5259369)
(0.33612602 -0.014675577 -1.4023146)
(0.33520355 -0.014635302 -1.2787751)
(0.33428984 -0.014595408 -1.15534)
(0.33328931 -0.014551724 -1.0320826)
(0.33198998 -0.014494994 -0.90935)
(0.32998011 -0.014407241 -0.78808019)
(0.32655294 -0.014257608 -0.66984131)
(0.32061216 -0.013998228 -0.55632643)
(0.31060391 -0.013561258 -0.44901501)
(0.29445063 -0.012855991 -0.34765361)
(0.26936739 -0.011760833 -0.25491107)
(0.23103162 -0.010087057 -0.15630501)
(0.16789208 -0.0073303259 -0.074148057)
(-2.9446366 0.1285656 -21.236523)
(-3.2632647 0.1424772 -18.176581)
(-3.1355394 0.13690059 -15.858745)
(-2.9300933 0.12793062 -14.578761)
(-2.6986239 0.11782445 -13.96566)
(-2.4448315 0.10674363 -13.659927)
(-2.1747406 0.094951215 -13.482836)
(-1.893172 0.082657664 -13.354904)
(-1.6056413 0.070103806 -13.243293)
(-1.3181632 0.05755224 -13.133158)
(-1.0395398 0.045387284 -13.028428)
(-0.78091293 0.034095391 -12.930823)
(-0.55394946 0.024185953 -12.844862)
(-0.36715022 0.016030123 -12.770872)
(-0.22351102 0.0097587009 -12.70676)
(-0.11934171 0.005210571 -12.649159)
(-0.045840225 0.0020014273 -12.592489)
(0.0057955005 -0.00025303697 -12.532895)
(0.041796217 -0.001824862 -12.467101)
(0.067149521 -0.0029318111 -12.394479)
(0.085919176 -0.0037513118 -12.314435)
(0.10100639 -0.0044100337 -12.227986)
(0.1143603 -0.0049930782 -12.13535)
(0.12700185 -0.0055450199 -12.03768)
(0.13950223 -0.0060907982 -11.935439)
(0.15216651 -0.0066437325 -11.82916)
(0.16505114 -0.0072062878 -11.719532)
(0.17819575 -0.0077801937 -11.606704)
(0.19150159 -0.008361139 -11.491685)
(0.20491817 -0.0089469196 -11.374261)
(0.21829572 -0.0095309959 -11.254333)
(0.23153981 -0.010109245 -11.132235)
(0.24452557 -0.010676216 -11.008629)
(0.25713063 -0.011226565 -10.883675)
(0.26928993 -0.011757451 -10.757272)
(0.28091988 -0.012265226 -10.629864)
(0.29197583 -0.012747939 -10.501326)
(0.30242468 -0.013204145 -10.371965)
(0.31223558 -0.013632498 -10.241834)
(0.321402 -0.014032713 -10.11104)
(0.32990194 -0.014403828 -9.9798188)
(0.33773907 -0.014746005 -9.8481088)
(0.34490854 -0.01505903 -9.7162226)
(0.35142103 -0.015343372 -9.5840766)
(0.35729848 -0.015599987 -9.4518822)
(0.36255604 -0.015829537 -9.3195989)
(0.36721459 -0.016032933 -9.1873616)
(0.37129693 -0.016211172 -9.0551738)
(0.37483934 -0.016365837 -8.9229946)
(0.37785686 -0.016497585 -8.790967)
(0.38037891 -0.0166077 -8.6589795)
(0.38244227 -0.016697788 -8.5271265)
(0.38407334 -0.016769002 -8.3953497)
(0.38530247 -0.016822667 -8.2637265)
(0.38615837 -0.016860037 -8.1321772)
(0.3866664 -0.016882218 -8.0008155)
(0.38685131 -0.016890291 -7.8695769)
(0.38674437 -0.016885622 -7.7385288)
(0.38636647 -0.016869122 -7.6076763)
(0.3857455 -0.01684201 -7.4770127)
(0.38489994 -0.016805092 -7.3465989)
(0.38385145 -0.016759314 -7.2163814)
(0.38261879 -0.016705495 -7.086436)
(0.38121851 -0.016644358 -6.956717)
(0.3796724 -0.016576853 -6.8272553)
(0.3779939 -0.016503568 -6.698043)
(0.37620162 -0.016425316 -6.5690557)
(0.37430754 -0.016342618 -6.4403172)
(0.37232529 -0.016256071 -6.3117741)
(0.37026723 -0.016166214 -6.1834584)
(0.36814324 -0.016073479 -6.0553301)
(0.36596792 -0.015978503 -5.9273989)
(0.36374976 -0.015881656 -5.7996376)
(0.36149929 -0.015783398 -5.6720493)
(0.35922445 -0.015684077 -5.5446299)
(0.35693668 -0.01558419 -5.4173484)
(0.35464182 -0.015483995 -5.2902266)
(0.35234677 -0.01538379 -5.1632446)
(0.35006163 -0.015284019 -5.0364105)
(0.34779244 -0.015184944 -4.9097134)
(0.34554639 -0.01508688 -4.7831632)
(0.34332911 -0.014990071 -4.6567405)
(0.34114646 -0.014894775 -4.5304603)
(0.33900261 -0.014801172 -4.404318)
(0.33690406 -0.014709548 -4.2783135)
(0.33485423 -0.01462005 -4.1524486)
(0.33285898 -0.014532935 -4.0267129)
(0.33092233 -0.014448379 -3.9011095)
(0.3290478 -0.014366536 -3.7756251)
(0.32723825 -0.014287529 -3.6502568)
(0.32549526 -0.014211428 -3.5250065)
(0.323823 -0.014138416 -3.3998636)
(0.32222318 -0.014068566 -3.2748305)
(0.32068947 -0.014001603 -3.1498909)
(0.31920672 -0.013936865 -3.0249873)
(0.3177678 -0.01387404 -2.9002088)
(0.31636923 -0.013812977 -2.7755232)
(0.31501594 -0.013753892 -2.6509084)
(0.31372152 -0.013697376 -2.5263751)
(0.31249302 -0.013643739 -2.401901)
(0.31133339 -0.013593108 -2.2774856)
(0.31024264 -0.013545485 -2.1531277)
(0.30922077 -0.013500869 -2.0288178)
(0.30826575 -0.013459172 -1.9045446)
(0.30737484 -0.013420274 -1.7803082)
(0.30654446 -0.013384019 -1.6561046)
(0.30576797 -0.013350116 -1.5319308)
(0.30503548 -0.013318135 -1.4078038)
(0.3043292 -0.013287298 -1.2837586)
(0.30358872 -0.013254968 -1.1598022)
(0.30269782 -0.013216071 -1.0360176)
(0.30141278 -0.013159965 -0.91275183)
(0.29927737 -0.013066731 -0.79095789)
(0.29553058 -0.012903142 -0.6722178)
(0.28902334 -0.01261903 -0.55822648)
(0.27817151 -0.012145229 -0.45046531)
(0.26092829 -0.011392374 -0.34867417)
(0.23466777 -0.010245815 -0.25556637)
(0.19558577 -0.008539458 -0.15655454)
(0.13418856 -0.0058587984 -0.074276827)
(-2.7172098 0.11863593 -20.963251)
(-2.9463898 0.12864214 -17.927541)
(-2.7976071 0.12214615 -15.692866)
(-2.6039956 0.11369289 -14.524935)
(-2.3980734 0.10470214 -13.988389)
(-2.1807238 0.095212448 -13.729095)
(-1.9536402 0.085297766 -13.57961)
(-1.7174277 0.074984503 -13.468363)
(-1.4734301 0.064331339 -13.366979)
(-1.2237125 0.053428436 -13.26303)
(-0.97278585 0.042472743 -13.157995)
(-0.72687427 0.031736013 -13.052095)
(-0.49496813 0.021610773 -12.949547)
(-0.28671815 0.012518383 -12.851951)
(-0.11147838 0.0048672504 -12.760213)
(0.024306056 -0.0010612252 -12.674597)
(0.1195504 -0.0052196828 -12.592913)
(0.17986342 -0.0078530058 -12.512223)
(0.21470903 -0.0093743978 -12.429521)
(0.23258665 -0.010154951 -12.343527)
(0.24022669 -0.010488523 -12.25305)
(0.2422655 -0.010577539 -12.158229)
(0.24175198 -0.010555118 -12.05859)
(0.24047292 -0.010499273 -11.955174)
(0.23944838 -0.010454541 -11.848372)
(0.23919917 -0.01044366 -11.738667)
(0.23989856 -0.010474196 -11.626685)
(0.24160198 -0.010548569 -11.512349)
(0.24422248 -0.010662983 -11.396089)
(0.24772604 -0.010815951 -11.277876)
(0.25196208 -0.011000901 -11.158675)
(0.25670933 -0.01120817 -11.038507)
(0.26187651 -0.011433774 -10.917273)
(0.26732827 -0.011671803 -10.795201)
(0.27296613 -0.011917957 -10.672139)
(0.27867666 -0.012167284 -10.548454)
(0.28438316 -0.012416435 -10.423959)
(0.2900196 -0.012662528 -10.298902)
(0.2955226 -0.012902794 -10.173256)
(0.30085335 -0.01313554 -10.047044)
(0.30596195 -0.013358586 -9.9204219)
(0.31082376 -0.013570857 -9.7932537)
(0.31540849 -0.01377103 -9.6657852)
(0.31970076 -0.013958435 -9.5378802)
(0.32369716 -0.014132922 -9.4097137)
(0.32738857 -0.014294092 -9.2812237)
(0.33077228 -0.014441828 -9.1525391)
(0.33384721 -0.014576082 -9.023671)
(0.33662517 -0.014697371 -8.8945989)
(0.3390997 -0.014805411 -8.7654883)
(0.3412771 -0.014900478 -8.6362559)
(0.34317177 -0.014983201 -8.5070233)
(0.34478935 -0.015053827 -8.3777529)
(0.34614047 -0.015112818 -8.248539)
(0.34723533 -0.01516062 -8.1193114)
(0.348083 -0.01519763 -7.990185)
(0.34869319 -0.015224272 -7.8610914)
(0.34908328 -0.015241304 -7.7320906)
(0.34926288 -0.015249145 -7.6031749)
(0.34924927 -0.015248551 -7.4743262)
(0.34905285 -0.015239975 -7.345593)
(0.3486878 -0.015224036 -7.2169129)
(0.34816688 -0.015201293 -7.0883547)
(0.34750159 -0.015172245 -6.9598695)
(0.34670858 -0.015137622 -6.8314897)
(0.3457978 -0.015097857 -6.7032132)
(0.34478393 -0.01505359 -6.5750249)
(0.3436762 -0.015005225 -6.4469598)
(0.34248538 -0.014953233 -6.3189798)
(0.34122129 -0.014898042 -6.1911321)
(0.33989163 -0.014839988 -6.0633924)
(0.33850819 -0.014779585 -5.9357858)
(0.3370776 -0.014717124 -5.8082984)
(0.33560819 -0.014652968 -5.6809455)
(0.33410616 -0.014587388 -5.5537315)
(0.33258059 -0.01452078 -5.4266327)
(0.33103588 -0.014453337 -5.2996745)
(0.32947719 -0.014385283 -5.1728383)
(0.32791237 -0.014316962 -5.0461321)
(0.32634554 -0.014248552 -4.919542)
(0.32478316 -0.014180338 -4.7930738)
(0.3232311 -0.014112573 -4.6667057)
(0.32169448 -0.014045483 -4.5404477)
(0.32017623 -0.013979195 -4.4142842)
(0.3186815 -0.013913933 -4.2882202)
(0.31721249 -0.013849795 -4.1622503)
(0.31577387 -0.013786983 -4.0363644)
(0.31436903 -0.013725647 -3.9105669)
(0.31300269 -0.013665991 -3.7848442)
(0.31167921 -0.013608207 -3.6592001)
(0.31040118 -0.013552407 -3.5336303)
(0.30917277 -0.013498773 -3.4081377)
(0.3079961 -0.013447399 -3.2827274)
(0.30687561 -0.013398477 -3.1573967)
(0.30581393 -0.013352123 -3.0321432)
(0.30480379 -0.013308019 -2.9069374)
(0.30382929 -0.013265472 -2.7817886)
(0.30288057 -0.01322405 -2.6567797)
(0.30196128 -0.013183913 -2.5318444)
(0.30108318 -0.013145574 -2.4069844)
(0.30025408 -0.013109375 -2.2821844)
(0.29947468 -0.013075346 -2.1574496)
(0.29874388 -0.013043438 -2.0327716)
(0.29805905 -0.013013537 -1.9081404)
(0.29741692 -0.012985501 -1.7835576)
(0.29681317 -0.012959141 -1.6590216)
(0.29624034 -0.012934131 -1.534532)
(0.2956866 -0.012909954 -1.4101063)
(0.29513198 -0.012885739 -1.2857869)
(0.29451135 -0.012858642 -1.1615736)
(0.29370104 -0.012823263 -1.0375551)
(0.29244634 -0.012768481 -0.9140775)
(0.29027999 -0.012673896 -0.79210058)
(0.2864368 -0.012506099 -0.67320601)
(0.27978487 -0.01221567 -0.55907747)
(0.26879888 -0.011736011 -0.45118007)
(0.25155422 -0.010983093 -0.34925342)
(0.22563825 -0.0098515776 -0.25596509)
(0.18760367 -0.0081909523 -0.15685596)
(0.12869953 -0.0056191422 -0.074214723)
(-2.4569187 0.10727138 -20.482175)
(-2.5636858 0.11193293 -17.514662)
(-2.3907923 0.10438423 -15.448929)
(-2.212677 0.096607555 -14.458526)
(-2.0375522 0.088961442 -14.02837)
(-1.8614551 0.081272877 -13.827633)
(-1.6814709 0.073414595 -13.711845)
(-1.4952626 0.065284566 -13.622352)
(-1.302337 0.056861256 -13.53603)
(-1.1038175 0.04819371 -13.444694)
(-0.90284592 0.0394191 -13.348173)
(-0.7041061 0.030741933 -13.246809)
(-0.51325145 0.02240904 -13.141826)
(-0.33644177 0.014689363 -13.034088)
(-0.17974756 0.0078479473 -12.924871)
(-0.048289175 0.0021083507 -12.816208)
(0.05519313 -0.0024097839 -12.708794)
(0.130269 -0.0056876667 -12.603191)
(0.18022321 -0.0078687146 -12.49768)
(0.21034953 -0.0091840578 -12.391739)
(0.22628655 -0.0098798832 -12.283818)
(0.23289793 -0.010168542 -12.174291)
(0.23400484 -0.010216871 -12.062817)
(0.23226724 -0.010141006 -11.949716)
(0.22942401 -0.010016867 -11.834973)
(0.22651792 -0.0098899848 -11.718833)
(0.22407461 -0.0097833079 -11.60175)
(0.22236096 -0.009708488 -11.483574)
(0.22140619 -0.0096668021 -11.364826)
(0.22115939 -0.0096560266 -11.245292)
(0.22155142 -0.0096731427 -11.125332)
(0.22253309 -0.0097160033 -11.004797)
(0.22402926 -0.0097813277 -10.88369)
(0.22593487 -0.0098645283 -10.762151)
(0.22817521 -0.0099623438 -10.639929)
(0.23066046 -0.010070852 -10.517296)
(0.23332847 -0.01018734 -10.393994)
(0.23612504 -0.010309441 -10.270221)
(0.23899517 -0.010434753 -10.145922)
(0.24190219 -0.010561677 -10.021113)
(0.24479797 -0.010688109 -9.8959432)
(0.24765355 -0.010812786 -9.7702866)
(0.25043389 -0.010934179 -9.6443927)
(0.25311507 -0.011051242 -9.5181289)
(0.25568258 -0.011163341 -9.391668)
(0.25811688 -0.011269625 -9.2649385)
(0.26040398 -0.011369482 -9.1380531)
(0.26253163 -0.011462377 -9.0109999)
(0.26449911 -0.011548279 -8.8837334)
(0.26629159 -0.011626541 -8.7563886)
(0.26790589 -0.011697023 -8.6288562)
(0.26934661 -0.011759926 -8.5012334)
(0.27061221 -0.011815183 -8.3734648)
(0.27170617 -0.011862946 -8.2456319)
(0.27263243 -0.011903387 -8.1176608)
(0.27339455 -0.011936662 -7.9896673)
(0.27399716 -0.011962973 -7.8615898)
(0.27445132 -0.011982802 -7.7334998)
(0.27476195 -0.011996365 -7.6054025)
(0.27494021 -0.012004148 -7.4772962)
(0.27499166 -0.012006394 -7.3492424)
(0.27492491 -0.01200348 -7.2211929)
(0.27474729 -0.011995724 -7.0932269)
(0.27446519 -0.011983407 -6.9653039)
(0.27408891 -0.011966979 -6.837462)
(0.27362357 -0.011946662 -6.7096999)
(0.27307808 -0.011922845 -6.582002)
(0.27245715 -0.011895735 -6.4543996)
(0.27176706 -0.011865605 -6.3268494)
(0.27101353 -0.011832705 -6.1993919)
(0.27020116 -0.011797236 -6.0719962)
(0.26933797 -0.011759549 -5.9446818)
(0.26842842 -0.011719837 -5.8174296)
(0.26747961 -0.011678411 -5.6902516)
(0.26649826 -0.011635564 -5.5631505)
(0.26549297 -0.011591672 -5.436104)
(0.26446793 -0.011546918 -5.3091403)
(0.26342801 -0.011501514 -5.1822454)
(0.2623803 -0.01145577 -5.0554346)
(0.26132917 -0.011409877 -4.928698)
(0.26028067 -0.011364098 -4.8020547)
(0.25924031 -0.011318675 -4.6754906)
(0.2582139 -0.011273861 -4.5490196)
(0.25720537 -0.011229828 -4.422637)
(0.2562198 -0.011186797 -4.2963495)
(0.25525952 -0.01114487 -4.1701522)
(0.25432783 -0.011104192 -4.0440477)
(0.25342654 -0.011064841 -3.9180345)
(0.25255809 -0.011026923 -3.7920994)
(0.25172543 -0.010990568 -3.666244)
(0.25093106 -0.010955885 -3.5404646)
(0.25017936 -0.010923066 -3.4147553)
(0.24947294 -0.010892223 -3.2891149)
(0.24881615 -0.010863546 -3.1635409)
(0.24821409 -0.01083726 -3.0380335)
(0.24767196 -0.01081359 -2.9125878)
(0.24718902 -0.010792505 -2.7871741)
(0.24675158 -0.010773406 -2.6618022)
(0.2463403 -0.010755449 -2.5365614)
(0.24594097 -0.010738013 -2.4114058)
(0.24556035 -0.010721395 -2.2863138)
(0.24522058 -0.01070656 -2.1612858)
(0.24493454 -0.010694072 -2.0363182)
(0.24470057 -0.010683856 -1.9113992)
(0.24451369 -0.010675697 -1.7865288)
(0.24436701 -0.010669293 -1.6617043)
(0.24424911 -0.010664145 -1.5369239)
(0.2441409 -0.010659421 -1.4121985)
(0.24401224 -0.010653803 -1.28757)
(0.24378249 -0.010643772 -1.1630287)
(0.24329928 -0.010622675 -1.0386654)
(0.24226022 -0.010577309 -0.91483363)
(0.24012716 -0.010484177 -0.79250694)
(0.2360428 -0.01030585 -0.67327853)
(0.22877534 -0.0099885458 -0.55883615)
(0.21671736 -0.0094620831 -0.45066043)
(0.19792807 -0.0086417253 -0.34852188)
(0.17015826 -0.0074292692 -0.25517311)
(0.13066641 -0.0057050179 -0.15619508)
(0.073976993 -0.003229905 -0.074112297)
(-2.0963614 0.091529105 -19.906944)
(-2.0802592 0.090826067 -17.036915)
(-1.901786 0.083033761 -15.265839)
(-1.7409056 0.076009573 -14.467489)
(-1.6019295 0.069941747 -14.15021)
(-1.4719575 0.064267045 -14.006724)
(-1.3423591 0.058608658 -13.923492)
(-1.2078167 0.05273441 -13.855254)
(-1.0664679 0.046562988 -13.785424)
(-0.91819859 0.040089412 -13.707371)
(-0.76467236 0.033386312 -13.621552)
(-0.60905963 0.026592115 -13.528036)
(-0.45526433 0.019877268 -13.42698)
(-0.3079692 0.013446224 -13.318299)
(-0.17222472 0.007519493 -13.202419)
(-0.052973817 0.0023128866 -13.080595)
(0.045955507 -0.0020064605 -12.953466)
(0.12277272 -0.0053603723 -12.824593)
(0.17875788 -0.0078047367 -12.694843)
(0.21751514 -0.0094969152 -12.564606)
(0.2429355 -0.010606792 -12.43453)
(0.258555 -0.011288754 -12.30538)
(0.26742472 -0.011676014 -12.176707)
(0.27185389 -0.011869396 -12.048928)
(0.27351076 -0.011941736 -11.921848)
(0.27354456 -0.011943212 -11.795401)
(0.27268308 -0.011905599 -11.669671)
(0.27141217 -0.01185011 -11.544252)
(0.27000281 -0.011788576 -11.419423)
(0.26863783 -0.01172898 -11.294714)
(0.26741906 -0.011675767 -11.1703)
(0.26640172 -0.011631349 -11.045993)
(0.26561908 -0.011597178 -10.921702)
(0.26506569 -0.011573017 -10.797498)
(0.26474073 -0.011558829 -10.673106)
(0.26461793 -0.011553467 -10.548758)
(0.26467905 -0.011556136 -10.424166)
(0.26490334 -0.011565928 -10.299481)
(0.26526287 -0.011581626 -10.174596)
(0.26573905 -0.011602416 -10.049471)
(0.26630187 -0.011626989 -9.9241927)
(0.26693368 -0.011654575 -9.7985845)
(0.26761112 -0.011684153 -9.6728386)
(0.26831836 -0.011715031 -9.5467831)
(0.26904519 -0.011746765 -9.4205555)
(0.26977708 -0.01177872 -9.2940634)
(0.27050282 -0.011810407 -9.1674061)
(0.27121171 -0.011841358 -9.0405677)
(0.2719002 -0.011871418 -8.9135111)
(0.27255337 -0.011899936 -8.7863745)
(0.27316395 -0.011926594 -8.6590596)
(0.27372914 -0.011951271 -8.5316718)
(0.27424106 -0.011973622 -8.4041609)
(0.27469491 -0.011993438 -8.2766092)
(0.27508629 -0.012010525 -8.1489398)
(0.27541047 -0.01202468 -8.0212602)
(0.27566419 -0.012035757 -7.8934969)
(0.27584893 -0.012043823 -7.7657092)
(0.27596279 -0.012048794 -7.6378864)
(0.2760088 -0.012050803 -7.5100136)
(0.27598678 -0.012049842 -7.3821383)
(0.27589983 -0.012046045 -7.2542038)
(0.27575037 -0.01203952 -7.1262813)
(0.27554136 -0.012030394 -6.9983268)
(0.2752785 -0.012018917 -6.8703787)
(0.27496457 -0.012005211 -6.742438)
(0.27460506 -0.011989515 -6.6144966)
(0.27420271 -0.011971948 -6.4865923)
(0.27376156 -0.011952687 -6.3586917)
(0.27328519 -0.011931888 -6.2308451)
(0.27277764 -0.011909728 -6.1030302)
(0.2722446 -0.011886455 -5.975276)
(0.2716885 -0.011862175 -5.8475667)
(0.2711127 -0.011837035 -5.7199234)
(0.27052 -0.011811157 -5.5923524)
(0.2699156 -0.011784768 -5.4648291)
(0.26930178 -0.011757968 -5.3373786)
(0.26868085 -0.011730858 -5.2099839)
(0.26805634 -0.011703591 -5.0826563)
(0.26743034 -0.011676259 -4.9553805)
(0.26680454 -0.011648937 -4.8281702)
(0.26618034 -0.011621684 -4.7010063)
(0.26556042 -0.011594617 -4.5738989)
(0.26494743 -0.011567853 -4.4468393)
(0.2643454 -0.011541568 -4.3198313)
(0.26375724 -0.011515888 -4.192876)
(0.26318599 -0.011490947 -4.0659652)
(0.26263312 -0.011466808 -3.939104)
(0.26210102 -0.011443577 -3.8122834)
(0.2615927 -0.011421383 -3.6855072)
(0.26111066 -0.011400336 -3.5587732)
(0.26065868 -0.011380603 -3.4320859)
(0.26023966 -0.011362308 -3.3054426)
(0.25985742 -0.011345619 -3.1788393)
(0.25951621 -0.011330721 -3.0522781)
(0.25922259 -0.011317901 -2.9257533)
(0.25898452 -0.011307507 -2.7992801)
(0.25880501 -0.011299669 -2.6728603)
(0.25867627 -0.011294049 -2.5464713)
(0.25858556 -0.011290088 -2.4200666)
(0.25852811 -0.01128758 -2.2938066)
(0.25850397 -0.011286526 -2.1676736)
(0.25851351 -0.011286943 -2.0415785)
(0.25855445 -0.01128873 -1.9155502)
(0.25862074 -0.011291624 -1.7895989)
(0.25869533 -0.011294881 -1.6637276)
(0.25873324 -0.011296536 -1.5379429)
(0.25865201 -0.011292989 -1.4122578)
(0.25839692 -0.011281852 -1.2867341)
(0.25792236 -0.011261132 -1.1613765)
(0.25711956 -0.011226081 -1.0363046)
(0.25572261 -0.011165089 -0.91192903)
(0.25324404 -0.011056872 -0.78927527)
(0.24892157 -0.010868149 -0.66995791)
(0.24169071 -0.010552443 -0.55564852)
(0.23018467 -0.010050078 -0.44780727)
(0.21275016 -0.0092888715 -0.34620557)
(0.18743321 -0.0081835099 -0.25350676)
(0.1515563 -0.0066170904 -0.15539874)
(0.098548449 -0.0043027177 -0.073827822)
(-1.4757982 0.064434734 -19.33498)
(-1.4021925 0.061221038 -16.674725)
(-1.2417755 0.054217085 -15.225645)
(-1.1146958 0.048668665 -14.608662)
(-1.0198951 0.044529578 -14.40541)
(-0.94325139 0.041183241 -14.314353)
(-0.87378276 0.038150175 -14.26185)
(-0.80536199 0.03516286 -14.218908)
(-0.73534532 0.032105867 -14.171321)
(-0.66294323 0.028944724 -14.113917)
(-0.58834726 0.025687793 -14.046343)
(-0.51220112 0.022363181 -13.968155)
(-0.4354223 0.019010946 -13.879901)
(-0.35901378 0.015674879 -13.781859)
(-0.28412924 0.012405349 -13.675542)
(-0.21206587 0.0092589946 -13.562623)
(-0.14425054 0.006298114 -13.442859)
(-0.082465616 0.0036005262 -13.318766)
(-0.028560449 0.001246976 -13.191695)
(0.01632096 -0.00071258838 -13.062756)
(0.052528843 -0.0022934586 -12.931535)
(0.081202861 -0.0035453931 -12.799457)
(0.10369164 -0.0045272743 -12.666761)
(0.12123088 -0.005293054 -12.534037)
(0.13487007 -0.0058885536 -12.401265)
(0.14545824 -0.0063508433 -12.268562)
(0.15365018 -0.006708511 -12.136106)
(0.15997157 -0.0069845086 -12.00368)
(0.16482037 -0.0071962119 -11.871595)
(0.16852225 -0.0073578397 -11.739538)
(0.17133073 -0.0074804603 -11.607709)
(0.17344581 -0.0075728066 -11.475947)
(0.17503177 -0.0076420512 -11.344237)
(0.17620914 -0.0076934564 -11.21264)
(0.17708178 -0.0077315568 -11.080928)
(0.17772349 -0.0077595743 -10.949313)
(0.17819804 -0.0077802936 -10.81755)
(0.17855518 -0.0077958865 -10.685793)
(0.17882933 -0.0078078564 -10.553949)
(0.17905024 -0.0078175016 -10.422011)
(0.17923263 -0.0078254647 -10.290062)
(0.17939096 -0.0078323775 -10.157964)
(0.17953054 -0.0078384716 -10.025896)
(0.17965599 -0.0078439489 -9.8937065)
(0.17977159 -0.007848996 -9.7615188)
(0.17987607 -0.0078535578 -9.6292427)
(0.17996816 -0.0078575785 -9.4969581)
(0.18004552 -0.0078609562 -9.3646261)
(0.1801091 -0.0078637324 -9.2322002)
(0.18015303 -0.0078656502 -9.0997842)
(0.1801759 -0.0078666487 -8.9672699)
(0.18017886 -0.007866778 -8.8347396)
(0.18016012 -0.0078659596 -8.702135)
(0.18011939 -0.0078641817 -8.569522)
(0.18005648 -0.0078614349 -8.4368268)
(0.17997048 -0.00785768 -8.3041484)
(0.17986088 -0.0078528946 -8.171419)
(0.17972922 -0.0078471464 -8.0387019)
(0.17957451 -0.0078403915 -7.9059885)
(0.17939787 -0.0078326793 -7.7732739)
(0.17919796 -0.007823951 -7.640604)
(0.17897492 -0.0078142128 -7.5079299)
(0.17872803 -0.0078034335 -7.3753203)
(0.17845682 -0.007791592 -7.2427295)
(0.17816217 -0.0077787274 -7.1101944)
(0.17784362 -0.007764819 -6.9777079)
(0.17750235 -0.0077499189 -6.8452574)
(0.17713833 -0.0077340258 -6.7128701)
(0.17675289 -0.007717197 -6.5805067)
(0.17634732 -0.0076994896 -6.448207)
(0.17592391 -0.0076810028 -6.3159466)
(0.17548618 -0.0076618914 -6.1837473)
(0.17503707 -0.0076422825 -6.0515853)
(0.17457817 -0.0076222468 -5.9194803)
(0.17411074 -0.0076018383 -5.7874342)
(0.17363709 -0.0075811581 -5.6554261)
(0.17315895 -0.0075602822 -5.5234825)
(0.17267897 -0.007539326 -5.3915884)
(0.17220039 -0.0075184306 -5.2597603)
(0.17172538 -0.0074976911 -5.1279895)
(0.17125538 -0.0074771707 -4.9962893)
(0.17079107 -0.0074568983 -4.8646448)
(0.17033389 -0.0074369374 -4.7330729)
(0.16988523 -0.0074173484 -4.6015651)
(0.16944742 -0.0073982334 -4.4701281)
(0.16902191 -0.0073796551 -4.3387614)
(0.16861088 -0.007361709 -4.207457)
(0.16821614 -0.0073444746 -4.0762177)
(0.16783995 -0.0073280495 -3.9450321)
(0.16748529 -0.0073125648 -3.8139048)
(0.16715516 -0.007298151 -3.6828313)
(0.16685372 -0.0072849901 -3.5518124)
(0.16658514 -0.0072732633 -3.4208484)
(0.16635529 -0.0072632281 -3.2899351)
(0.16617118 -0.0072551897 -3.1590735)
(0.16604194 -0.007249547 -3.028261)
(0.16597875 -0.0072467879 -2.8974998)
(0.16599548 -0.0072475184 -2.766792)
(0.1661098 -0.0072525098 -2.6361374)
(0.16633784 -0.0072624663 -2.5055298)
(0.16668265 -0.0072775206 -2.3749672)
(0.16713532 -0.0072972847 -2.2444441)
(0.16769566 -0.0073217499 -2.1139581)
(0.16837506 -0.0073514129 -1.9835018)
(0.16918552 -0.0073867984 -1.8531059)
(0.17013617 -0.0074283047 -1.7228395)
(0.17123082 -0.0074760982 -1.5927461)
(0.17246447 -0.0075299604 -1.462394)
(0.17378769 -0.0075877336 -1.3326401)
(0.17510425 -0.0076452158 -1.2032625)
(0.17620745 -0.0076933827 -1.0742669)
(0.17663158 -0.0077119005 -0.9461975)
(0.17567189 -0.0076699994 -0.82014381)
(0.17245337 -0.0075294757 -0.69756337)
(0.16586401 -0.0072417785 -0.57985681)
(0.15450887 -0.006746002 -0.46822926)
(0.13678003 -0.0059719442 -0.36224411)
(0.11097109 -0.0048451019 -0.26465124)
(0.075402124 -0.0032921275 -0.16101105)
(0.027577336 -0.0012040524 -0.074902874)
(-0.23516409 0.010267485 -18.904904)
(-0.60005215 0.02619884 -16.590352)
(-0.54123459 0.02363081 -15.47738)
(-0.43666149 0.01906505 -15.089857)
(-0.34628011 0.015118914 -15.00046)
(-0.27782071 0.012129913 -14.982356)
(-0.22522097 0.0098333588 -14.973947)
(-0.18282461 0.0079822941 -14.959888)
(-0.14717957 0.0064259981 -14.936785)
(-0.11621071 0.0050738687 -14.902667)
(-0.088741895 0.0038745544 -14.85807)
(-0.064064611 0.002797121 -14.802952)
(-0.041756089 0.00182311 -14.737856)
(-0.021531108 0.00094006838 -14.662734)
(-0.003186865 0.00013914153 -14.577754)
(0.013428146 -0.00058628548 -14.48349)
(0.02846882 -0.0012429754 -14.380104)
(0.041988404 -0.0018332531 -14.268777)
(0.054032993 -0.0023591312 -14.150529)
(0.064591838 -0.0028201403 -14.027063)
(0.073599648 -0.0032134297 -13.899626)
(0.081060576 -0.0035391808 -13.768975)
(0.087108546 -0.0038032409 -13.635406)
(0.0919216 -0.0040133833 -13.499792)
(0.095680837 -0.0041775151 -13.362453)
(0.098564935 -0.0043034375 -13.223803)
(0.10073147 -0.0043980304 -13.084236)
(0.10232537 -0.0044676217 -12.943785)
(0.10346688 -0.0045174611 -12.802902)
(0.10426099 -0.0045521328 -12.661474)
(0.10479449 -0.0045754257 -12.519827)
(0.1051355 -0.0045903144 -12.377929)
(0.10534117 -0.0045992945 -12.235855)
(0.10545167 -0.0046041187 -12.093734)
(0.10550099 -0.0046062723 -11.951443)
(0.10551172 -0.0046067407 -11.809212)
(0.10550184 -0.0046063093 -11.666856)
(0.10548546 -0.0046055943 -11.524542)
(0.10547061 -0.0046049456 -11.382191)
(0.10546555 -0.0046047248 -11.239811)
(0.10547329 -0.0046050628 -11.097467)
(0.1054982 -0.0046061502 -10.955038)
(0.1055419 -0.0046080583 -10.812676)
(0.10560577 -0.0046108471 -10.670241)
(0.10569192 -0.0046146083 -10.527844)
(0.10579985 -0.0046193206 -10.385396)
(0.10592897 -0.004624958 -10.242974)
(0.10607692 -0.0046314178 -10.100537)
(0.10624288 -0.004638664 -9.9580546)
(0.1064222 -0.004646493 -9.8156169)
(0.10661123 -0.0046547464 -9.6731268)
(0.10680744 -0.0046633132 -9.530664)
(0.10700673 -0.004672014 -9.3881719)
(0.10720565 -0.0046806993 -9.2457079)
(0.10740133 -0.0046892428 -9.1032008)
(0.10759095 -0.004697522 -8.9607367)
(0.10777236 -0.0047054423 -8.8182432)
(0.10794522 -0.0047129894 -8.6757773)
(0.10810851 -0.0047201189 -8.5333185)
(0.10826307 -0.0047268672 -8.3908596)
(0.10840907 -0.0047332415 -8.2484345)
(0.10854773 -0.0047392959 -8.1059943)
(0.1086802 -0.0047450793 -7.9636006)
(0.10880748 -0.0047506367 -7.8212067)
(0.10893143 -0.0047560486 -7.6788513)
(0.10905279 -0.0047613471 -7.5365242)
(0.10917296 -0.0047665938 -7.3942188)
(0.10929234 -0.004771806 -7.2519598)
(0.10941156 -0.0047770112 -7.1097129)
(0.10953087 -0.0047822206 -6.9675192)
(0.10965026 -0.0047874332 -6.825352)
(0.10977043 -0.00479268 -6.6832353)
(0.10989076 -0.0047979335 -6.5411497)
(0.11001052 -0.0048031625 -6.3991119)
(0.11012834 -0.0048083069 -6.2571193)
(0.11024448 -0.0048133776 -6.1151551)
(0.11035951 -0.0048183998 -5.9732417)
(0.11047439 -0.0048234157 -5.8313599)
(0.11059093 -0.0048285038 -5.6895254)
(0.11071067 -0.0048337319 -5.5477242)
(0.11083556 -0.0048391848 -5.4059664)
(0.11096765 -0.0048449518 -5.2642331)
(0.11110923 -0.0048511333 -5.122539)
(0.11126228 -0.0048578156 -4.9808705)
(0.11142958 -0.0048651202 -4.8392349)
(0.11161331 -0.0048731417 -4.6976275)
(0.11181617 -0.004881999 -4.5560398)
(0.11204071 -0.0048918024 -4.4144724)
(0.1122895 -0.004902665 -4.2729119)
(0.11256557 -0.0049147184 -4.1313623)
(0.11287158 -0.004928079 -3.9898139)
(0.11321122 -0.004942908 -3.8482674)
(0.11358793 -0.0049593555 -3.7067166)
(0.11400596 -0.0049776074 -3.5651531)
(0.11446985 -0.0049978612 -3.4235712)
(0.11498452 -0.0050203321 -3.2819605)
(0.11555546 -0.0050452597 -3.1403174)
(0.11618812 -0.0050728823 -2.9986332)
(0.11688846 -0.00510346 -2.8569035)
(0.11766194 -0.0051372306 -2.7151138)
(0.11851308 -0.0051743924 -2.5732551)
(0.11944575 -0.0052151134 -2.4313226)
(0.12046369 -0.0052595575 -2.2893103)
(0.12156981 -0.0053078519 -2.1472126)
(0.12276551 -0.0053600572 -2.005036)
(0.12405332 -0.0054162844 -1.8627889)
(0.12544454 -0.0054770265 -1.7204515)
(0.12696458 -0.0055433928 -1.5780925)
(0.12854133 -0.0056122352 -1.4356257)
(0.13000755 -0.0056762514 -1.2931037)
(0.1310764 -0.0057229185 -1.1508608)
(0.13125383 -0.0057306652 -1.0089228)
(0.12987949 -0.0056706606 -0.86969504)
(0.12625893 -0.0055125833 -0.73409708)
(0.11962957 -0.0052231393 -0.60354393)
(0.1091321 -0.0047648098 -0.47999653)
(0.093900695 -0.0040997924 -0.36403695)
(0.073067758 -0.0031902069 -0.25965755)
(0.046330611 -0.002022838 -0.1551373)
(0.01349131 -0.00058904327 -0.0718646)
)
;
    }
    axis
    {
        type            empty;
    }
}


// ************************************************************************* //
