/*--------------------------------*- C++ -*----------------------------------*\
  =========                 |
  \\      /  F ield         | OpenFOAM: The Open Source CFD Toolbox
   \\    /   O peration     | Website:  https://openfoam.org
    \\  /    A nd           | Version:  13
     \\/     M anipulation  |
\*---------------------------------------------------------------------------*/
FoamFile
{
    format      ascii;
    class       surfaceScalarField;
    location    "-9.57852e-14";
    object      phi;
}
// * * * * * * * * * * * * * * * * * * * * * * * * * * * * * * * * * * * * * //

dimensions      [1 0 -1 0 0 0 0];

internalField   nonuniform List<scalar> 
9440
(
1.0072978e-11
-3.4993194e-09
7.2027094e-11
-1.053049e-08
1.915814e-10
-1.7567372e-08
3.4699566e-10
-2.4581634e-08
5.3062295e-10
-3.1588032e-08
7.4117168e-10
-3.8592642e-08
9.6624354e-10
-4.5584663e-08
1.1945453e-09
-5.2564709e-08
1.4033558e-09
-5.9521851e-08
1.5627976e-09
-6.6449212e-08
1.6317996e-09
-7.3336288e-08
1.5532453e-09
-8.016769e-08
1.2459466e-09
-8.6919534e-08
5.9636358e-10
-9.355777e-08
-5.6060176e-10
-1.000331e-07
-2.4342932e-09
-1.0631133e-07
-5.3690871e-09
-1.1226734e-07
-9.9306873e-09
-1.1769748e-07
-1.6893344e-08
-1.2241431e-07
-2.724417e-08
-1.2621296e-07
-4.293773e-08
-1.28203e-07
-6.6822562e-08
-1.275482e-07
-1.0086811e-07
-1.2495827e-07
-1.4284311e-07
-1.2358258e-07
-1.6817449e-07
-1.4195664e-07
-1.3677548e-07
-1.9680705e-07
-7.1100032e-08
-2.4102269e-07
-3.3913866e-08
-2.4240859e-07
-2.0460039e-07
-8.3407072e-08
-8.0336535e-07
3.2609871e-07
-1.7403254e-06
6.8203819e-07
-2.4651682e-06
4.944762e-07
-2.7843671e-06
9.7618921e-08
-2.8015006e-06
-1.883163e-07
-2.7806192e-06
-2.484874e-07
-2.9222018e-06
-1.0650598e-07
-3.2133437e-06
2.5221804e-08
-3.3038979e-06
-1.6174267e-07
-2.8457813e-06
-7.0837884e-07
-3.0731592e-06
8.0133966e-12
-4.9386221e-09
8.1095576e-11
-1.4896405e-08
2.3146303e-10
-2.4871472e-08
4.2147662e-10
-3.4788001e-08
6.405143e-10
-4.468731e-08
8.821785e-10
-5.4579523e-08
1.1294543e-09
-6.4443961e-08
1.3608519e-09
-7.4276997e-08
1.5411858e-09
-8.4055065e-08
1.6227659e-09
-9.3759717e-08
1.5406617e-09
-1.0336456e-07
1.2047247e-09
-1.1283059e-07
4.8800742e-10
-1.2209882e-07
-7.8166347e-10
-1.3109121e-07
-2.8415721e-09
-1.3969731e-07
-6.0640887e-09
-1.4775826e-07
-1.0943381e-08
-1.5503653e-07
-1.832377e-08
-1.6100076e-07
-2.9397502e-08
-1.6513945e-07
-4.5819577e-08
-1.6680215e-07
-7.0658613e-08
-1.637687e-07
-1.0874471e-07
-1.5352685e-07
-1.6514798e-07
-1.3639108e-07
-2.389526e-07
-1.2042766e-07
-3.0333125e-07
-1.4731194e-07
-3.2600423e-07
-2.4341177e-07
-3.5935162e-07
-2.9000997e-07
-5.5795866e-07
-1.5576957e-07
-1.1428486e-06
3.6991835e-07
-2.1585551e-06
1.2370252e-06
-3.2438932e-06
1.7000565e-06
-3.9116188e-06
1.1131188e-06
-4.1171793e-06
2.4220856e-07
-4.045633e-06
-3.3971468e-07
-3.9518262e-06
-4.3506393e-07
-3.9281172e-06
-2.2838056e-07
-3.9026182e-06
-9.3180936e-08
-3.6341918e-06
-5.2401613e-07
-2.8792566e-06
-1.5462432e-06
-6.0180882e-06
3.7800418e-12
-5.633711e-09
6.8168606e-11
-1.7032893e-08
2.0661417e-10
-2.8462022e-08
3.7645056e-10
-3.9792252e-08
5.6631992e-10
-5.1095182e-08
7.6598986e-10
-6.2381877e-08
9.5574622e-10
-7.3622912e-08
1.10877e-09
-8.4807921e-08
1.1835381e-09
-9.5899567e-08
1.1236559e-09
-1.068654e-07
8.5274256e-10
-1.1766021e-07
2.646995e-10
-1.2821677e-07
-7.8320542e-10
-1.3844115e-07
-2.492828e-09
-1.4819811e-07
-5.1492414e-09
-1.5729771e-07
-9.1735517e-09
-1.6545275e-07
-1.5139499e-08
-1.7228021e-07
-2.4013159e-08
-1.7687472e-07
-3.7188176e-08
-1.7831644e-07
-5.6652521e-08
-1.7537934e-07
-8.6174344e-08
-1.6413111e-07
-1.3179503e-07
-1.3986271e-07
-2.0077912e-07
-1.0154014e-07
-2.9639176e-07
-6.0281085e-08
-4.0158146e-07
-7.6288138e-08
-5.0758434e-07
-1.7397955e-07
-6.8826415e-07
-1.6263688e-07
-1.1117421e-06
1.8538908e-07
-1.8767905e-06
1.0495838e-06
-2.9131424e-06
2.2164472e-06
-3.8009042e-06
2.5689896e-06
-4.2759976e-06
1.5807495e-06
-4.356867e-06
3.0178281e-07
-4.2161478e-06
-5.1710658e-07
-4.0615243e-06
-6.3279404e-07
-3.9566571e-06
-3.7783442e-07
-3.8164114e-06
-2.7477285e-07
-3.4718298e-06
-9.0469121e-07
-2.636367e-06
-2.4104037e-06
-8.6774938e-06
1.6407657e-12
-5.975938e-09
5.4556691e-11
-1.8105284e-08
1.7097302e-10
-3.0275955e-08
3.0935783e-10
-4.2308794e-08
4.5907052e-10
-5.4304851e-08
6.0664303e-10
-6.6272231e-08
7.3084256e-10
-7.8174394e-08
8.0190705e-10
-8.9992883e-08
7.751611e-10
-1.0167618e-07
5.8981548e-10
-1.1317648e-07
1.6374841e-10
-1.2442819e-07
-6.1325022e-10
-1.3533715e-07
-1.8971362e-09
-1.4576521e-07
-3.9019057e-09
-1.5552087e-07
-6.9262645e-09
-1.6433329e-07
-1.141229e-08
-1.7177708e-07
-1.7972734e-08
-1.7730366e-07
-2.7630466e-08
-1.7960951e-07
-4.1890468e-08
-1.7730619e-07
-6.2896634e-08
-1.6854376e-07
-9.4672656e-08
-1.4755025e-07
-1.4435444e-07
-1.0655277e-07
-2.2151529e-07
-4.1969927e-08
-3.3608053e-07
3.5830874e-08
-4.8546535e-07
5.5291805e-08
-6.7848261e-07
-3.8627971e-09
-9.9160866e-07
1.0640697e-07
-1.5364259e-06
6.6180749e-07
-2.3324864e-06
1.7838433e-06
-3.2581792e-06
3.1062638e-06
-3.9571875e-06
3.2652485e-06
-4.2737352e-06
1.8999473e-06
-4.2520301e-06
2.705557e-07
-4.0399126e-06
-7.4817974e-07
-3.8575351e-06
-8.3772275e-07
-3.7320642e-06
-5.257196e-07
-3.5769424e-06
-4.4978937e-07
-3.2251034e-06
-1.2731578e-06
-2.350184e-06
-3.2990255e-06
-1.1042013e-05
2.2071395e-12
-6.1241573e-09
4.7060185e-11
-1.8585685e-08
1.4186442e-10
-3.1095042e-08
2.5206916e-10
-4.3434644e-08
3.6798925e-10
-5.5728751e-08
4.7353333e-10
-6.7979017e-08
5.4649443e-10
-8.0143314e-08
5.535818e-10
-9.2192566e-08
4.5074353e-10
-1.0406505e-07
1.7572637e-10
-1.1569539e-07
-3.549593e-10
-1.2699748e-07
-1.2568224e-09
-1.3784605e-07
-2.6883986e-09
-1.4806108e-07
-4.8681511e-09
-1.573926e-07
-8.1028909e-09
-1.654824e-07
-1.2850614e-08
-1.717569e-07
-1.9725094e-08
-1.7551565e-07
-2.9790855e-08
-1.7500914e-07
-4.4545917e-08
-1.6842175e-07
-6.6206939e-08
-1.5319398e-07
-9.9171875e-08
-1.2137987e-07
-1.5073766e-07
-6.2292419e-08
-2.3256632e-07
3.209114e-08
-3.6105677e-07
1.5709687e-07
-5.5021252e-07
2.3856344e-07
-8.1723036e-07
2.4812075e-07
-1.2194337e-06
4.7038495e-07
-1.8226544e-06
1.2047694e-06
-2.5963322e-06
2.5099357e-06
-3.3812078e-06
3.8667062e-06
-3.9122517e-06
3.7994796e-06
-4.1010429e-06
2.0913517e-06
-3.9951319e-06
1.5909086e-07
-3.7470961e-06
-1.007291e-06
-3.5666038e-06
-1.0316539e-06
-3.4591605e-06
-6.4605978e-07
-3.3272548e-06
-5.9320099e-07
-2.9944807e-06
-1.6160136e-06
-2.1177105e-06
-4.1854938e-06
-1.3172677e-05
5.8106661e-12
-6.176881e-09
4.6077168e-11
-1.8765379e-08
1.2322278e-10
-3.1403516e-08
2.1296198e-10
-4.3849505e-08
3.0592974e-10
-5.624152e-08
3.8378737e-10
-6.8572239e-08
4.2383108e-10
-8.0795478e-08
3.9215524e-10
-9.2871316e-08
2.4419937e-10
-1.0472766e-07
-8.2717355e-11
-1.1628131e-07
-6.7195745e-10
-1.2742577e-07
-1.640768e-09
-1.3800215e-07
-3.1480744e-09
-1.4778891e-07
-5.409117e-09
-1.5647987e-07
-8.7233373e-09
-1.6363284e-07
-1.3560922e-08
-1.6850286e-07
-2.0532996e-08
-1.702475e-07
-3.0632104e-08
-1.6673065e-07
-4.5323185e-08
-1.5565579e-07
-6.7001589e-08
-1.3351872e-07
-9.9661265e-08
-9.0739187e-08
-1.5100183e-07
-1.2798355e-08
-2.3446751e-07
1.1429768e-07
-3.7241619e-07
2.9527672e-07
-5.9037607e-07
4.5821172e-07
-9.0856028e-07
5.571107e-07
-1.3622506e-06
8.891672e-07
-1.9895489e-06
1.77808e-06
-2.7162816e-06
3.1986611e-06
-3.3721253e-06
4.5050459e-06
-3.7661252e-06
4.1973011e-06
-3.8573177e-06
2.1841139e-06
-3.677165e-06
-2.4042023e-08
-3.4007476e-06
-1.2912719e-06
-3.2423862e-06
-1.1997577e-06
-3.1700826e-06
-7.2727966e-07
-3.0732656e-06
-6.9815305e-07
-2.7691243e-06
-1.9279397e-06
-1.9182437e-06
-5.0447989e-06
-1.5103636e-05
9.9039012e-12
-6.1955271e-09
4.860461e-11
-1.8827154e-08
1.1320933e-10
-3.1504636e-08
1.898935e-10
-4.3979258e-08
2.6925859e-10
-5.639152e-08
3.3139155e-10
-6.8723621e-08
3.5341837e-10
-8.0926906e-08
3.0109783e-10
-9.2950651e-08
1.3023888e-10
-1.0471333e-07
-2.2056803e-10
-1.1611512e-07
-8.3546211e-10
-1.270275e-07
-1.8284396e-09
-1.3726257e-07
-3.355559e-09
-1.465577e-07
-5.6390032e-09
-1.5454185e-07
-8.9842514e-09
-1.6069097e-07
-1.3827265e-08
-1.6413033e-07
-2.0756111e-08
-1.6386852e-07
-3.0782059e-08
-1.5734317e-07
-4.5299737e-08
-1.4187146e-07
-6.6701536e-08
-1.1294114e-07
-9.9018853e-08
-5.928145e-08
-1.4913361e-07
3.6907845e-08
-2.3182511e-07
1.9753092e-07
-3.7328225e-07
4.3983592e-07
-6.0840822e-07
6.9977206e-07
-9.612601e-07
9.0493963e-07
-1.4409007e-06
1.3372429e-06
-2.0677098e-06
2.3564153e-06
-2.7358562e-06
3.8338963e-06
-3.2797931e-06
5.0355315e-06
-3.5604257e-06
4.4813706e-06
-3.5610872e-06
2.1860907e-06
-3.308196e-06
-2.7834033e-07
-3.0170128e-06
-1.5887265e-06
-2.8938005e-06
-1.3319728e-06
-2.87196e-06
-7.5646919e-07
-2.8199125e-06
-7.5721674e-07
-2.551899e-06
-2.203032e-06
-1.7414053e-06
-5.8627574e-06
-1.6857561e-05
1.3748829e-11
-6.1082678e-09
5.2057229e-11
-1.8560561e-08
1.0875302e-10
-3.1052083e-08
1.7808224e-10
-4.3336746e-08
2.5032246e-10
-5.5549817e-08
3.0459028e-10
-6.7662392e-08
3.1782776e-10
-7.9623867e-08
2.5595852e-10
-9.1372797e-08
7.4536855e-11
-1.028175e-07
-2.863259e-10
-1.1384296e-07
-9.1094709e-10
-1.2429647e-07
-1.9115648e-09
-1.3396251e-07
-3.4422194e-09
-1.425369e-07
-5.7216667e-09
-1.495841e-07
-9.046855e-09
-1.5450198e-07
-1.3830481e-08
-1.5629919e-07
-2.0731218e-08
-1.5373455e-07
-3.0595264e-08
-1.4405948e-07
-4.4815878e-08
-1.2403281e-07
-6.5775685e-08
-8.8135912e-08
-9.7215409e-08
-2.3661804e-08
-1.4593143e-07
9.0324886e-08
-2.2632062e-07
2.8333141e-07
-3.6663289e-07
5.8776992e-07
-6.0816909e-07
9.520253e-07
-9.7943602e-07
1.2752356e-06
-1.4685014e-06
1.7985401e-06
-2.0790344e-06
2.922596e-06
-2.6854799e-06
4.4112593e-06
-3.1327722e-06
5.4719336e-06
-3.3172173e-06
4.668876e-06
-3.2279769e-06
2.0986949e-06
-2.9062713e-06
-6.0004871e-07
-2.6055377e-06
-1.8966785e-06
-2.5219382e-06
-1.4258122e-06
-2.562461e-06
-7.2279372e-07
-2.5628656e-06
-7.6255607e-07
-2.338735e-06
-2.4328712e-06
-1.5803768e-06
-6.6277221e-06
-1.8450343e-05
1.6665075e-11
-5.9655997e-09
5.5052786e-11
-1.8120549e-08
1.0749513e-10
-3.0307006e-08
1.7340135e-10
-4.2286327e-08
2.4278348e-10
-5.4184064e-08
2.9426567e-10
-6.595995e-08
3.0464256e-10
-7.7561534e-08
2.4005106e-10
-8.891671e-08
5.6253822e-11
-9.9923337e-08
-3.0587257e-10
-1.1045138e-07
-9.2999e-10
-1.2032343e-07
-1.9269257e-09
-1.2929645e-07
-3.4485551e-09
-1.3702471e-07
-5.710503e-09
-1.430081e-07
-9.0021851e-09
-1.4656944e-07
-1.3732376e-08
-1.4659555e-07
-2.0530011e-08
-1.4162255e-07
-3.0219692e-08
-1.286961e-07
-4.4142409e-08
-1.040453e-07
-6.4540755e-08
-6.1223492e-08
-9.5018886e-08
1.3839773e-08
-1.4183972e-07
1.4482917e-07
-2.1863576e-07
3.6945144e-07
-3.5399465e-07
7.3597608e-07
-5.9368494e-07
1.2089838e-06
-9.6935443e-07
1.6551353e-06
-1.4562256e-06
2.261731e-06
-2.040294e-06
3.4655543e-06
-2.58622e-06
4.930714e-06
-2.9496121e-06
5.8260147e-06
-3.0509461e-06
4.7732058e-06
-2.8773503e-06
1.9276417e-06
-2.4961538e-06
-9.8128343e-07
-2.1833233e-06
-2.2203836e-06
-2.1307034e-06
-1.4914532e-06
-2.2396484e-06
-6.2051311e-07
-2.3001757e-06
-7.0658801e-07
-2.1287644e-06
-2.6089978e-06
-1.4312857e-06
-7.3310316e-06
-1.9893922e-05
1.859456e-11
-5.8144713e-09
5.7170622e-11
-1.7650382e-08
1.0790538e-10
-2.9510115e-08
1.7292893e-10
-4.1164377e-08
2.4195798e-10
-5.2726527e-08
2.9357883e-10
-6.414514e-08
3.0458915e-10
-7.5365849e-08
2.4137175e-10
-8.6305973e-08
5.9887859e-11
-9.685271e-08
-2.9800517e-10
-1.0686163e-07
-9.1543624e-10
-1.1612989e-07
-1.9018291e-09
-1.243876e-07
-3.4068704e-09
-1.3124784e-07
-5.6434675e-09
-1.3614602e-07
-8.8944693e-09
-1.3833307e-07
-1.356077e-08
-1.3657469e-07
-2.0248177e-08
-1.2919801e-07
-2.9757274e-08
-1.1304318e-07
-4.3358588e-08
-8.3854134e-08
-6.3217461e-08
-3.4250031e-08
-9.2675388e-08
5.11218e-08
-1.3738279e-07
1.9839183e-07
-2.0968448e-07
4.5257144e-07
-3.3680877e-07
8.7878653e-07
-5.6705892e-07
1.4620088e-06
-9.3706994e-07
2.037467e-06
-1.4131035e-06
2.7187791e-06
-1.963625e-06
3.9776945e-06
-2.4521107e-06
5.3944137e-06
-2.743189e-06
6.1087115e-06
-2.7729449e-06
4.8060658e-06
-2.529853e-06
1.6871742e-06
-2.1054742e-06
-1.4080198e-06
-1.7743482e-06
-2.5682374e-06
-1.7333238e-06
-1.5489781e-06
-1.9027144e-06
-4.5832265e-07
-2.0300248e-06
-5.8306206e-07
-1.9203889e-06
-2.7224129e-06
-1.291441e-06
-7.9650372e-06
-2.1197547e-05
1.9665429e-11
-5.6677116e-09
5.8478533e-11
-1.7190485e-08
1.0918785e-10
-2.8729979e-08
1.7480548e-10
-4.0066432e-08
2.4487769e-10
-5.1300055e-08
2.9815857e-10
-6.236859e-08
3.1173833e-10
-7.3215872e-08
2.520723e-10
-8.3748413e-08
7.5893953e-11
-9.3843455e-08
-2.7493048e-10
-1.0334141e-07
-8.8214025e-10
-1.1201544e-07
-1.8540535e-09
-1.1956849e-07
-3.3381594e-09
-1.2557364e-07
-5.5457249e-09
-1.2940136e-07
-8.7487394e-09
-1.3024007e-07
-1.3348375e-08
-1.2672371e-07
-1.9924464e-08
-1.1699689e-07
-2.9256317e-08
-9.7691507e-08
-4.2566957e-08
-6.4093444e-08
-6.1898208e-08
-7.9628959e-09
-9.0311665e-08
8.7036015e-08
-1.3289428e-07
2.4947595e-07
-2.0030172e-07
5.3086666e-07
-3.1691325e-07
1.0116998e-06
-5.3137952e-07
1.7026929e-06
-8.8689965e-07
2.4139599e-06
-1.3473315e-06
3.1656933e-06
-1.8589655e-06
4.4535186e-06
-2.2939746e-06
5.8055712e-06
-2.5230227e-06
6.3297681e-06
-2.4939817e-06
4.7800988e-06
-2.2011476e-06
1.3962171e-06
-1.7533928e-06
-1.8621905e-06
-1.4038721e-06
-2.9415411e-06
-1.3537759e-06
-1.6178948e-06
-1.5562767e-06
-2.6364119e-07
-1.7520518e-06
-3.9040508e-07
-1.7136862e-06
-2.7636261e-06
-1.1597143e-06
-8.5232995e-06
-2.236934e-05
2.0118513e-11
-5.5281328e-09
5.9229488e-11
-1.6750912e-08
1.1088799e-10
-2.7984066e-08
1.7784557e-10
-3.9016512e-08
2.496e-10
-4.9935437e-08
3.054837e-10
-6.0668384e-08
3.2251989e-10
-7.1156786e-08
2.6774071e-10
-8.1297041e-08
9.8112487e-11
-9.0956161e-08
-2.4381614e-10
-9.995994e-08
-8.3869981e-10
-1.0805806e-07
-1.7936896e-09
-1.1492658e-07
-3.2569591e-09
-1.2009693e-07
-5.4244718e-09
-1.2289097e-07
-8.5817344e-09
-1.2240645e-07
-1.3109459e-08
-1.1718027e-07
-1.9572859e-08
-1.0516999e-07
-2.8727779e-08
-8.2810804e-08
-4.1769985e-08
-4.4938245e-08
-6.0604555e-08
1.7422241e-08
-8.7997615e-08
1.2146359e-07
-1.285069e-07
2.9790108e-07
-1.910057e-07
6.032228e-07
-2.9589052e-07
1.1321964e-06
-4.8961583e-07
1.9242432e-06
-8.2283446e-07
2.7763112e-06
-1.2635226e-06
3.5990966e-06
-1.7334048e-06
4.8904177e-06
-2.1189181e-06
6.1675614e-06
-2.2947076e-06
6.4974845e-06
-2.2192636e-06
4.7074094e-06
-1.8955201e-06
1.0727835e-06
-1.4413165e-06
-2.3273866e-06
-1.0870382e-06
-3.3251855e-06
-1.0170958e-06
-1.7073098e-06
-1.2143601e-06
-7.4340873e-08
-1.4683246e-06
-1.3889221e-07
-1.5085341e-06
-2.7251472e-06
-1.0350713e-06
-9.0002969e-06
-2.3416389e-05
2.0196721e-11
-5.3936891e-09
5.9678671e-11
-1.6326695e-08
1.1277472e-10
-2.7264458e-08
1.8144115e-10
-3.8003235e-08
2.5527736e-10
-4.8617985e-08
3.1406483e-10
-5.9026412e-08
3.351111e-10
-6.9167422e-08
2.858692e-10
-7.892749e-08
1.2365895e-10
-8.8163401e-08
-2.0840908e-10
-9.668663e-08
-7.8964857e-10
-1.0422427e-07
-1.7261918e-09
-1.1042533e-07
-3.1630998e-09
-1.1478195e-07
-5.2948574e-09
-1.1656604e-07
-8.3998756e-09
-1.1479081e-07
-1.2851612e-08
-1.0789712e-07
-1.9197837e-08
-9.3666838e-08
-2.8180488e-08
-6.833733e-08
-4.0958652e-08
-2.6320216e-08
-5.9310976e-08
4.1987153e-08
-8.5755688e-08
1.5455751e-07
-1.242784e-07
3.4377244e-07
-1.8208073e-07
6.6991142e-07
-2.7501346e-07
1.2389285e-06
-4.4463881e-07
2.1213093e-06
-7.4871822e-07
3.1170043e-06
-1.1627675e-06
4.0128947e-06
-1.5925382e-06
5.2907959e-06
-1.9321526e-06
6.4835102e-06
-2.0620326e-06
6.6187702e-06
-1.9502147e-06
4.5976918e-06
-1.6083065e-06
7.289184e-07
-1.1614585e-06
-2.7907491e-06
-8.2724494e-07
-3.6953343e-06
-7.3985005e-07
-1.8149421e-06
-8.9717584e-07
7.5326565e-08
-1.1851671e-06
1.4775129e-07
-1.3054373e-06
-2.6052978e-06
-9.1690721e-07
-9.3916365e-06
-2.4345176e-05
2.0079365e-11
-5.2619006e-09
6.001011e-11
-1.5911125e-08
1.1477516e-10
-2.6560109e-08
1.8533647e-10
-3.7010961e-08
2.6139836e-10
-4.7327444e-08
3.2330326e-10
-5.7417884e-08
3.4869456e-10
-6.7218466e-08
3.0536913e-10
-7.6605787e-08
1.5110739e-10
-8.5426565e-08
-1.7043281e-10
-9.3478104e-08
-7.3707896e-10
-1.0046593e-07
-1.6537688e-09
-1.0601182e-07
-3.06309e-09
-1.0957003e-07
-5.1567556e-09
-1.1036309e-07
-8.2066468e-09
-1.0732372e-07
-1.2578604e-08
-9.8798374e-08
-1.8804332e-08
-8.2402494e-08
-2.7614533e-08
-5.4172351e-08
-4.0125093e-08
-8.1305257e-09
-5.7995856e-08
6.5868966e-08
-8.353725e-08
1.8650033e-07
-1.2019663e-07
3.8737579e-07
-1.736336e-07
7.314324e-07
-2.5513679e-07
1.3324753e-06
-3.9903067e-07
2.2906723e-06
-6.6809512e-07
3.4278609e-06
-1.0498228e-06
4.4047833e-06
-1.4407654e-06
5.6564444e-06
-1.7374644e-06
6.7560981e-06
-1.8273876e-06
6.6991482e-06
-1.6864278e-06
4.4577937e-06
-1.3336812e-06
3.7150119e-07
-9.061343e-07
-3.2409507e-06
-6.189e-07
-4.0229143e-06
-5.2149882e-07
-1.9294267e-06
-6.2420853e-07
1.7211468e-07
-9.1429545e-07
4.3772914e-07
-1.10558e-06
-2.4128286e-06
-8.0481816e-07
-9.6945877e-06
-2.5161774e-05
1.987659e-11
-5.1311483e-09
6.0324594e-11
-1.5499727e-08
1.1683114e-10
-2.5863558e-08
1.8936821e-10
-3.6029187e-08
2.6776777e-10
-4.6050261e-08
3.3306579e-10
-5.5826305e-08
3.6300044e-10
-6.5290194e-08
3.2574006e-10
-7.4308947e-08
1.7998965e-10
-8.2719792e-08
-1.3062211e-10
-9.0304939e-08
-6.8185896e-10
-9.6750482e-08
-1.5776692e-09
-1.0164994e-07
-2.9580344e-09
-1.0442141e-07
-5.0115472e-09
-1.0423866e-07
-8.00357e-09
-9.9957489e-08
-1.229192e-08
-8.9831777e-08
-1.8394835e-08
-7.1316396e-08
-2.7029429e-08
-4.0247508e-08
-3.9262713e-08
9.7038453e-09
-5.6643963e-08
8.9168389e-08
-8.1296881e-08
2.1741974e-07
-1.1620198e-07
4.2898109e-07
-1.6564574e-07
7.8840028e-07
-2.3672057e-07
1.4140524e-06
-3.5492209e-07
2.4316423e-06
-5.8435602e-07
3.7014986e-06
-9.2890502e-07
4.7707318e-06
-1.2816629e-06
5.9891169e-06
-1.5377092e-06
6.9875378e-06
-1.59243e-06
6.7429455e-06
-1.4270499e-06
4.2916279e-06
-1.0672013e-06
5.4086289e-09
-6.703392e-07
-3.666606e-06
-4.5180174e-07
-4.2811525e-06
-3.5701489e-07
-2.0368022e-06
-4.045021e-07
2.1907897e-07
-6.6224213e-07
6.9765107e-07
-9.1092316e-07
-2.1613509e-06
-6.9851859e-07
-9.9084662e-06
-2.5872007e-05
1.9650371e-11
-5.0006133e-09
6.067517e-11
-1.509021e-08
1.1894222e-10
-2.5170928e-08
1.9352165e-10
-3.5052499e-08
2.7439178e-10
-4.477949e-08
3.431454e-10
-5.4243037e-08
3.7772513e-10
-6.3372363e-08
3.4701181e-10
-7.2025422e-08
2.0992594e-10
-8.0029468e-08
-8.9318091e-11
-8.7152001e-08
-6.2439831e-10
-9.3061202e-08
-1.4984434e-09
-9.7321108e-08
-2.848626e-09
-9.9315655e-08
-4.8601922e-09
-9.8170447e-08
-7.7918961e-09
-9.2667734e-08
-1.1993848e-08
-8.0970037e-08
-1.7971914e-08
-6.0376539e-08
-2.6425737e-08
-2.6528852e-08
-3.8369188e-08
2.7216864e-08
-5.5250011e-08
1.1192817e-07
-7.9016176e-08
2.4738814e-07
-1.1223936e-07
4.6877453e-07
-1.5804092e-07
8.4137708e-07
-2.1991239e-07
1.4852325e-06
-3.1392367e-07
2.5450067e-06
-5.0070967e-07
3.9320309e-06
-8.0350159e-07
5.1069397e-06
-1.1181976e-06
6.2905264e-06
-1.3352601e-06
7.1798611e-06
-1.3585513e-06
6.7536365e-06
-1.1700983e-06
4.1004935e-06
-8.071237e-07
-3.6538462e-07
-4.5398262e-07
-4.0565737e-06
-3.1511381e-07
-4.4561001e-06
-2.3496526e-07
-2.1258148e-06
-2.3224993e-07
2.2125042e-07
-4.349041e-07
9.0556659e-07
-7.2435508e-07
-1.8674011e-06
-5.9786836e-07
-1.0035764e-05
-2.6481526e-05
1.9427327e-11
-4.8699819e-09
6.1069688e-11
-1.4681681e-08
1.2107784e-10
-2.4480651e-08
1.9773734e-10
-3.4078754e-08
2.8118557e-10
-4.3512418e-08
3.5349314e-10
-5.266471e-08
3.9297915e-10
-6.1461098e-08
3.6885825e-10
-6.975044e-08
2.4082981e-10
-7.7350457e-08
-4.6756174e-11
-8.4013307e-08
-5.6473274e-10
-8.9391974e-08
-1.4159662e-09
-9.3018436e-08
-2.7345012e-09
-9.4245361e-08
-4.7019663e-09
-9.2150698e-08
-7.570425e-09
-8.544624e-08
-1.1682715e-08
-7.2203808e-08
-1.7532634e-08
-4.9571763e-08
-2.5796584e-08
-1.3008585e-08
-3.7434812e-08
4.4413786e-08
-5.3799556e-08
1.3415669e-07
-7.6668344e-08
2.7643125e-07
-1.0824506e-07
5.0685778e-07
-1.506832e-07
8.907894e-07
-2.0457481e-07
1.5475847e-06
-2.7696249e-07
2.633696e-06
-4.1999758e-07
4.1162246e-06
-6.7660196e-07
5.4084233e-06
-9.5209173e-07
6.5608036e-06
-1.1318387e-06
7.335768e-06
-1.1267769e-06
6.7342233e-06
-9.1738995e-07
3.8864351e-06
-5.5937446e-07
-7.3315006e-07
-2.6202645e-07
-4.3979328e-06
-2.0227468e-07
-4.5465402e-06
-1.4324338e-07
-2.1905713e-06
-1.0281822e-07
1.891492e-07
-2.3879807e-07
1.0502101e-06
-5.495328e-07
-1.5504859e-06
-5.0262937e-07
-1.0082863e-05
-2.6995743e-05
1.9225975e-11
-4.739137e-09
6.1525008e-11
-1.4273769e-08
1.2326956e-10
-2.3792042e-08
2.0204002e-10
-3.3107029e-08
2.8812757e-10
-4.2247873e-08
3.6412211e-10
-5.1089937e-08
4.0859454e-10
-5.9554673e-08
3.9140976e-10
-6.7482234e-08
2.7270302e-10
-7.4680604e-08
-2.8793752e-12
-8.0886458e-08
-5.0307855e-10
-8.574038e-08
-1.3306673e-09
-8.8739297e-08
-2.6164097e-09
-8.9207799e-08
-4.5381067e-09
-8.6176736e-08
-7.3412855e-09
-7.8290162e-08
-1.1361839e-08
-6.3529638e-08
-1.7080961e-08
-3.8898377e-08
-2.5147508e-08
3.1320714e-10
-3.6468632e-08
6.12918e-08
-5.2304871e-08
1.5585269e-07
-7.426826e-08
3.045591e-07
-1.0422456e-07
5.4329285e-07
-1.435217e-07
9.3695317e-07
-1.9053641e-07
1.6024974e-06
-2.4451483e-07
2.7013667e-06
-3.4488035e-07
4.2536173e-06
-5.512631e-07
5.6687523e-06
-7.8557283e-07
6.8000007e-06
-9.2957691e-07
7.4585608e-06
-8.987791e-07
6.6875807e-06
-6.6910282e-07
3.650187e-06
-3.2696319e-07
-1.086967e-06
-1.0034779e-07
-4.6702667e-06
-1.1115383e-07
-4.5606263e-06
-7.1828231e-08
-2.2327842e-06
-1.1424757e-08
1.38825e-07
-7.8155329e-08
1.1286112e-06
-3.9300187e-07
-1.2279229e-06
-4.1289061e-07
-1.0062601e-05
-2.7420157e-05
1.9051035e-11
-4.6080621e-09
6.2036817e-11
-1.3866378e-08
1.2549255e-10
-2.3104868e-08
2.064012e-10
-3.2137054e-08
2.9521334e-10
-4.0985555e-08
3.7499867e-10
-4.9518349e-08
4.2467694e-10
-5.7652739e-08
4.145913e-10
-6.5220308e-08
3.0550386e-10
-7.2019448e-08
4.3578804e-11
-7.7772242e-08
-4.3944409e-10
-8.2104843e-08
-1.2425119e-09
-8.4483465e-08
-2.4942492e-09
-8.4202942e-08
-4.3684274e-09
-8.0248914e-08
-7.1043932e-09
-7.1199849e-08
-1.1031104e-08
-5.4947813e-08
-1.6615204e-08
-2.8358495e-08
-2.4475718e-08
1.3430423e-08
-3.546847e-08
7.7842742e-08
-5.0764048e-08
1.7700829e-07
-7.1812567e-08
3.317699e-07
-1.0016438e-07
5.7811292e-07
-1.3648863e-07
9.8008989e-07
-1.7752951e-07
1.6510827e-06
-2.1643091e-07
2.7519003e-06
-2.7725911e-07
4.3464576e-06
-4.3040811e-07
5.8814055e-06
-6.2135563e-07
7.0115583e-06
-7.302597e-07
7.551101e-06
-6.7601757e-07
6.6168254e-06
-4.2310094e-07
3.3892101e-06
-1.0464275e-07
-1.419179e-06
2.9199992e-08
-4.8452085e-06
-3.45692e-08
-4.516457e-06
-1.378377e-08
-2.2537569e-06
5.6644421e-08
7.9204166e-08
4.8769725e-08
1.1500703e-06
-2.5161428e-07
-9.1852947e-07
-3.2859053e-07
-9.9847325e-06
-2.7760206e-05
1.8904957e-11
-4.4767732e-09
6.2605839e-11
-1.3459498e-08
1.2775369e-10
-2.2419045e-08
2.1084332e-10
-3.1168785e-08
3.024365e-10
-3.9725407e-08
3.8616513e-10
-4.7949959e-08
4.411632e-10
-5.5755246e-08
4.3837637e-10
-6.2964666e-08
3.3917395e-10
-6.9367029e-08
9.1204139e-11
-7.4670701e-08
-3.7388554e-10
-7.8485825e-08
-1.1515624e-09
-8.0251481e-08
-2.3681109e-09
-7.92316e-08
-4.1931062e-09
-7.4368469e-08
-6.8601317e-09
-6.4176543e-08
-1.0690991e-08
-4.645978e-08
-1.6134903e-08
-1.7956619e-08
-2.3781143e-08
2.6335635e-08
-3.4435644e-08
9.4057657e-08
-4.9179834e-08
1.9761435e-07
-6.9305604e-08
3.5805886e-07
-9.6066455e-08
6.1133932e-07
-1.2955181e-07
1.0203623e-06
-1.6532713e-07
1.6941904e-06
-1.9217989e-07
2.7888667e-06
-2.1834167e-07
4.3990757e-06
-3.1718194e-07
6.0407778e-06
-4.6187766e-07
7.1931083e-06
-5.3593028e-07
7.6164332e-06
-4.6010125e-07
6.525536e-06
-1.8397132e-07
3.1043546e-06
9.1960336e-08
-1.7135648e-06
1.3440508e-07
-4.9221981e-06
3.4297454e-08
-4.4298008e-06
3.3582744e-08
-2.250693e-06
1.0318311e-07
2.0927678e-08
1.4396969e-07
1.1238656e-06
-1.2783644e-07
-6.3680809e-07
-2.4973868e-07
-9.8614821e-06
-2.8021338e-05
1.8788499e-11
-4.3452978e-09
6.3228947e-11
-1.3053148e-08
1.3005097e-10
-2.1734547e-08
2.1534663e-10
-3.0202233e-08
3.0984546e-10
-3.8467536e-08
3.975792e-10
-4.6384804e-08
4.5803731e-10
-5.3862302e-08
4.6275856e-10
-6.0715483e-08
3.7380117e-10
-6.6723666e-08
1.399512e-10
-7.158195e-08
-3.0645635e-10
-7.488402e-08
-1.0578761e-09
-7.6044143e-08
-2.2380793e-09
-7.4294851e-08
-4.0123782e-09
-6.8536825e-08
-6.6088507e-09
-5.7221745e-08
-1.0341606e-08
-3.8067659e-08
-1.5639971e-08
-7.6979485e-09
-2.3064296e-08
3.9021407e-08
-3.3371792e-08
1.0992802e-07
-4.7555241e-08
2.1766205e-07
-6.6752542e-08
3.8342143e-07
-9.193672e-08
6.4298971e-07
-1.2269598e-07
1.057898e-06
-1.537516e-07
1.7324567e-06
-1.710471e-07
2.8152225e-06
-1.6869542e-07
4.4178136e-06
-2.143974e-07
6.1436322e-06
-3.0971323e-07
7.3409883e-06
-3.4891672e-07
7.6555986e-06
-2.5024398e-07
6.414773e-06
3.336953e-08
2.8133822e-06
2.541758e-07
-1.9567064e-06
2.22184e-07
-4.9168073e-06
9.5111956e-08
-4.3104326e-06
7.3868191e-08
-2.2242605e-06
1.3572046e-07
-2.9714027e-08
2.0817952e-07
1.0657826e-06
-2.3869206e-08
-3.9411959e-07
-1.7635779e-07
-9.707258e-06
-2.8209022e-05
1.8702976e-11
-4.2136565e-09
6.3905129e-11
-1.2647319e-08
1.3239417e-10
-2.1051315e-08
2.1993078e-10
-2.9237359e-08
3.173751e-10
-3.7211888e-08
4.0924546e-10
-4.4822902e-08
4.7532859e-10
-5.197394e-08
4.8776218e-10
-5.8472807e-08
4.0934946e-10
-6.4089482e-08
1.8971708e-10
-6.8505891e-08
-2.3723062e-10
-7.1299986e-08
-9.6157326e-10
-7.1862032e-08
-2.1043808e-09
-6.9393482e-08
-3.8267713e-09
-6.2754909e-08
-6.3513764e-09
-5.0336464e-08
-9.9834796e-09
-2.9773665e-08
-1.5131825e-08
2.4134066e-09
-2.2327868e-08
5.1481767e-08
-3.2280867e-08
1.2544678e-07
-4.5896552e-08
2.3714491e-07
-6.4163258e-08
4.0785632e-07
-8.7788862e-08
6.7308398e-07
-1.1592426e-07
1.0928069e-06
-1.4268569e-07
1.7663627e-06
-1.523378e-07
2.8332439e-06
-1.2882971e-07
4.4111077e-06
-1.234239e-07
6.1887911e-06
-1.6765756e-07
7.4505242e-06
-1.719827e-07
7.6745372e-06
-4.6857336e-08
6.2830717e-06
2.2303715e-07
2.5381648e-06
3.9089872e-07
-2.145657e-06
2.9627102e-07
-4.8405075e-06
1.4556351e-07
-4.1622491e-06
1.0761632e-07
-2.1790559e-06
1.5961411e-07
-7.03856e-08
2.4556247e-07
9.9326831e-07
4.9952723e-08
-1.8797403e-07
-1.083893e-07
-9.5468655e-06
-2.8328668e-05
1.8643603e-11
-4.081898e-09
6.4620534e-11
-1.2242091e-08
1.3475604e-10
-2.036944e-08
2.2455209e-10
-2.827434e-08
3.2501588e-10
-3.5958739e-08
4.2108795e-10
-4.3264567e-08
4.9294297e-10
-5.0090598e-08
5.1322828e-10
-5.6237116e-08
4.4555218e-10
-6.1465051e-08
2.4105799e-10
-6.5443871e-08
-1.6624256e-10
-6.7734383e-08
-8.6250548e-10
-6.7706667e-08
-1.9666617e-09
-6.4529313e-08
-3.63569e-09
-5.702478e-08
-6.0866603e-09
-4.3523116e-08
-9.6142867e-09
-2.158232e-08
-1.460704e-08
1.2371132e-08
-2.1567725e-08
6.3708856e-08
-3.1157758e-08
1.4060465e-07
-4.4197155e-08
2.560536e-07
-6.1529598e-08
4.3135909e-07
-8.3612524e-08
7.0163762e-07
-1.0921349e-07
1.1251809e-06
-1.3201431e-07
1.796273e-06
-1.3542742e-07
2.8445943e-06
-9.6995537e-08
4.3862201e-06
-4.8992143e-08
6.1827735e-06
-3.8332193e-08
7.5122553e-06
-8.9733032e-09
7.6780872e-06
1.5283329e-07
6.1223085e-06
3.9033021e-07
2.299062e-06
5.0964618e-07
-2.281766e-06
3.5685117e-07
-4.698012e-06
1.8710676e-07
-3.9906675e-06
1.3579054e-07
-2.1192459e-06
1.7839925e-07
-1.016801e-07
2.6724182e-07
9.1710777e-07
1.0566272e-07
-1.6089173e-08
-4.6579789e-08
-9.392344e-06
-2.8386432e-05
1.8613543e-11
-3.9500424e-09
6.5384407e-11
-1.1837456e-08
1.3716372e-10
-1.9688874e-08
2.2925765e-10
-2.7313151e-08
3.3282561e-10
-3.4708091e-08
4.3318619e-10
-4.1709783e-08
5.1094763e-10
-4.8212292e-08
5.394015e-10
-5.4008587e-08
4.8288184e-10
-5.8850636e-08
2.9343124e-10
-6.2395619e-08
-9.3702594e-11
-6.4187536e-08
-7.60933e-10
-6.3578787e-08
-1.8254965e-09
-5.970305e-08
-3.4401356e-09
-5.1347216e-08
-5.8161766e-09
-3.6782727e-08
-9.2360944e-09
-1.3496568e-08
-1.4069058e-08
2.2171335e-08
-2.0789502e-08
7.5698106e-08
-3.001107e-08
1.5539648e-07
-4.2469873e-08
2.7438418e-07
-5.8870204e-08
4.5393232e-07
-7.9434362e-08
7.2867516e-07
-1.025924e-07
1.1551136e-06
-1.2171194e-07
1.8224854e-06
-1.1989897e-07
2.8504627e-06
-7.1132458e-08
4.3487082e-06
7.9930904e-09
6.1369832e-06
7.453265e-08
7.5181764e-06
1.5177339e-07
7.6507439e-06
3.3169732e-07
5.9569512e-06
5.3535225e-07
2.1009284e-06
5.970141e-07
-2.3533061e-06
4.0437528e-07
-4.5086674e-06
2.2103017e-07
-3.8018103e-06
1.59856e-07
-2.0485644e-06
1.9430262e-07
-1.2490475e-07
2.8088657e-07
8.4254873e-07
1.5080024e-07
1.2377444e-07
8.8213794e-09
-9.2479334e-06
-2.8388718e-05
1.8610397e-11
-3.818118e-09
6.6192378e-11
-1.1433435e-08
1.3961249e-10
-1.9009621e-08
2.3403777e-10
-2.6353833e-08
3.4074695e-10
-3.3459994e-08
4.4553048e-10
-4.01587e-08
5.2935154e-10
-4.6339191e-08
5.6604988e-10
-5.1787318e-08
5.209138e-10
-5.6246488e-08
3.4687666e-10
-5.9361533e-08
-2.0049978e-11
-6.0659515e-08
-6.5683603e-10
-5.9479835e-08
-1.6808804e-09
-5.4915657e-08
-3.2400454e-09
-4.5723338e-08
-5.5394298e-09
-3.0117065e-08
-8.8482799e-09
-5.5198106e-09
-1.3517187e-08
3.1809706e-08
-1.9992541e-08
8.7444544e-08
-2.8840191e-08
1.6981677e-07
-4.071439e-08
2.9213262e-07
-5.6185243e-08
4.7557862e-07
-7.5255663e-08
7.5422163e-07
-9.6058095e-08
1.182693e-06
-1.1173341e-07
1.8452466e-06
-1.0542749e-07
2.8516937e-06
-4.9373575e-08
4.3024055e-06
5.7275214e-08
6.0558255e-06
1.7105716e-07
7.4714863e-06
2.9215005e-07
7.5926436e-06
4.8577553e-07
5.7926279e-06
6.5770404e-07
1.9429609e-06
6.6093235e-07
-2.3586666e-06
4.3994477e-07
-4.285266e-06
2.4868247e-07
-3.6029e-06
1.809853e-07
-1.9707536e-06
2.0852746e-07
-1.4134548e-07
2.9040778e-07
7.7219873e-07
1.8832957e-07
2.3543901e-07
4.9262467e-08
-9.1063534e-06
-2.8350483e-05
1.8633005e-11
-3.6861518e-09
6.704068e-11
-1.1030046e-08
1.4209935e-10
-1.8331684e-08
2.3888435e-10
-2.5396424e-08
3.4882464e-10
-3.2214548e-08
4.5809892e-10
-3.8611399e-08
5.48112e-10
-4.4471445e-08
5.9334117e-10
-4.9573613e-08
5.5972133e-10
-5.365276e-08
4.0187884e-10
-5.6342416e-08
5.7426375e-11
-5.7152612e-08
-5.5027025e-10
-5.5408488e-08
-1.5329505e-09
-5.0168009e-08
-3.035627e-09
-4.0154193e-08
-5.2563306e-09
-2.3528192e-08
-8.4511843e-09
2.3449824e-09
-1.2952145e-08
4.1282308e-08
-1.9177813e-08
9.8943523e-08
-2.7646834e-08
1.8386076e-07
-3.8933645e-08
3.0929607e-07
-5.3479417e-08
4.9630236e-07
-7.1083543e-08
7.7830447e-07
-8.9616405e-08
1.2080054e-06
-1.0205792e-07
1.8647721e-06
-9.1813686e-08
2.8489093e-06
-3.0547285e-08
4.2499623e-06
9.4887227e-08
5.9499052e-06
2.4954442e-07
7.3748517e-06
4.1159632e-07
7.5010107e-06
6.1341634e-07
5.6329748e-06
7.5703775e-07
1.8210516e-06
7.0484747e-07
-2.3014945e-06
4.6517409e-07
-4.0389876e-06
2.7135591e-07
-3.399904e-06
1.9986819e-07
-1.8888402e-06
2.217009e-07
-1.5219291e-07
2.9788539e-07
7.0720611e-07
2.202796e-07
3.2251423e-07
8.6033012e-08
-8.9695244e-06
-2.827541e-05
1.8680179e-11
-3.5541698e-09
6.7927936e-11
-1.0627309e-08
1.446263e-10
-1.7655072e-08
2.4380022e-10
-2.4440963e-08
3.5701573e-10
-3.097181e-08
4.7089515e-10
-3.7068009e-08
5.6719915e-10
-4.2609169e-08
6.2114541e-10
-4.7367679e-08
5.9950022e-10
-5.1069934e-08
4.5792738e-10
-5.3338369e-08
1.36386e-10
-5.3667294e-08
-4.4133418e-10
-5.136566e-08
-1.3818218e-09
-4.5460969e-08
-2.8270068e-09
-3.4640823e-08
-4.966841e-09
-1.7018336e-08
-8.0448189e-09
1.009489e-08
-1.2374342e-08
5.0585606e-08
-1.8346301e-08
1.1019097e-07
-2.6432704e-08
1.9752441e-07
-3.7130514e-08
3.2587289e-07
-5.0757285e-08
5.1610956e-07
-6.6924612e-08
8.0095312e-07
-8.3272983e-08
1.231136e-06
-9.2673103e-08
1.8812568e-06
-7.8934679e-08
2.8425922e-06
-1.3823635e-08
4.1931338e-06
1.2361497e-07
5.8276519e-06
3.1049596e-07
7.235456e-06
5.0834313e-07
7.3746487e-06
7.1416613e-07
5.4782244e-06
8.3309972e-07
1.7295379e-06
7.3175529e-07
-2.1897931e-06
4.814233e-07
-3.7790883e-06
2.9021711e-07
-3.1986757e-06
2.1699829e-07
-1.8050708e-06
2.3410729e-07
-1.5841191e-07
3.0425793e-07
6.4803078e-07
2.4841223e-07
3.8773571e-07
1.1833659e-07
-8.8368099e-06
-2.8167973e-05
1.8750709e-11
-3.4221963e-09
6.8852587e-11
-1.022524e-08
1.4719414e-10
-1.6979794e-08
2.4879353e-10
-2.3487494e-08
3.6535855e-10
-2.9731864e-08
4.8391687e-10
-3.5528618e-08
5.8671606e-10
-4.0752585e-08
6.4948815e-10
-4.5169642e-08
6.3995064e-10
-4.8498163e-08
5.1494811e-10
-5.0349716e-08
2.1669048e-10
-5.020396e-08
-3.3015448e-10
-4.735228e-08
-1.227625e-09
-4.079539e-08
-2.6142214e-09
-2.9184357e-08
-4.6709982e-09
-1.0589722e-08
-7.629367e-09
1.772714e-08
-1.1784301e-08
5.9716405e-08
-1.7498997e-08
1.211833e-07
-2.5199486e-08
2.1080438e-07
-3.5307798e-08
3.4186253e-07
-4.8023224e-08
5.3500784e-07
-6.2784975e-08
8.2219876e-07
-7.7032989e-08
1.2521688e-06
-8.3571099e-08
1.8948813e-06
-6.6707465e-08
2.8331321e-06
1.561938e-09
4.1328503e-06
1.4545345e-07
5.6960201e-06
3.5541376e-07
7.0629166e-06
5.8205301e-07
7.2149441e-06
7.8882634e-07
5.3264056e-06
8.8131184e-07
1.6673395e-06
7.4457432e-07
-2.0395039e-06
4.9116969e-07
-3.5149647e-06
3.0623403e-07
-3.0033486e-06
2.3268872e-07
-1.7209521e-06
2.4585108e-07
-1.6075499e-07
3.0986957e-07
5.9485573e-07
2.7317887e-07
4.3373068e-07
1.4653233e-07
-8.707483e-06
-2.8032289e-05
1.8844675e-11
-3.2902455e-09
6.9817891e-11
-9.8238279e-09
1.4981424e-10
-1.6305814e-08
2.5387742e-10
-2.253599e-08
3.7386249e-10
-2.8494698e-08
4.972011e-10
-3.3993223e-08
6.0657063e-10
-3.8901643e-08
6.7842546e-10
-4.2979618e-08
6.813935e-10
-4.5937685e-08
5.7352294e-10
-4.7376838e-08
2.9856904e-10
-4.6762427e-08
-2.1691571e-10
-4.3368615e-08
-1.0705756e-09
-3.617183e-08
-2.3974199e-09
-2.3785701e-08
-4.3692005e-09
-4.2440121e-09
-7.2056013e-09
2.5239669e-08
-1.1183381e-08
6.8672422e-08
-1.6638041e-08
1.3191805e-07
-2.3950502e-08
2.2369892e-07
-3.3470437e-08
3.5726649e-07
-4.5284529e-08
5.530076e-07
-5.8674253e-08
8.4207536e-07
-7.090577e-08
1.2711883e-06
-7.4751506e-08
1.9058162e-06
-5.5043085e-08
2.8208208e-06
1.4882481e-08
4.0707605e-06
1.6212468e-07
5.5591802e-06
3.8656025e-07
6.8667639e-06
6.3400433e-07
7.0259218e-06
8.3942831e-07
5.1748851e-06
9.0647448e-07
1.6306064e-06
7.4588001e-07
-1.8641203e-06
4.9830919e-07
-3.2561696e-06
3.201686e-07
-2.8147185e-06
2.472046e-07
-1.6374353e-06
2.5704572e-07
-1.598231e-07
3.1470607e-07
5.4796211e-07
2.9394415e-07
4.6374815e-07
1.7110516e-07
-8.5819258e-06
-2.7871987e-05
1.8956785e-11
-3.1583581e-09
7.0807969e-11
-9.423148e-09
1.5245574e-10
-1.5633242e-08
2.5899947e-10
-2.1586626e-08
3.8244437e-10
-2.7260552e-08
5.1062344e-10
-3.2462132e-08
6.2667861e-10
-3.7056754e-08
7.0778877e-10
-4.0798118e-08
7.2344015e-10
-4.3389061e-08
6.3290358e-10
-4.4420367e-08
3.8170804e-10
-4.3343627e-08
-1.0191821e-10
-3.9415682e-08
-9.105688e-10
-3.159205e-08
-2.1760896e-09
-1.844704e-08
-4.0607844e-09
2.0160473e-09
-6.7724443e-09
3.2629004e-08
-1.0569827e-08
7.7449631e-08
-1.5760926e-08
1.4239092e-07
-2.2682361e-08
2.3620419e-07
-3.161392e-08
3.7208389e-07
-4.2535682e-08
5.7011694e-07
-5.4585342e-08
8.6061392e-07
-6.4880543e-08
1.2882736e-06
-6.6195778e-08
1.9142227e-06
-4.3890056e-08
2.8059102e-06
2.7279317e-08
4.0073518e-06
1.7510598e-07
5.4206449e-06
4.0648279e-07
6.6566718e-06
6.6659493e-07
6.8137789e-06
8.6876823e-07
5.0216656e-06
9.1385581e-07
1.6136381e-06
7.3987344e-07
-1.675223e-06
5.0328333e-07
-3.0083853e-06
3.3248705e-07
-2.6334673e-06
2.6067041e-07
-1.5550993e-06
2.6770466e-07
-1.5611532e-07
3.1962563e-07
5.0676408e-07
3.115935e-07
4.8100398e-07
1.9247841e-07
-8.4600581e-06
-2.7690271e-05
1.9089785e-11
-3.0265453e-09
7.183569e-11
-9.023188e-09
1.5515035e-10
-1.4962045e-08
2.6421321e-10
-2.0639373e-08
3.9117776e-10
-2.6029401e-08
5.2431859e-10
-3.0935361e-08
6.4719725e-10
-3.521793e-08
7.3772606e-10
-3.8625161e-08
7.6631537e-10
-4.0852383e-08
6.9340009e-10
-4.1480407e-08
4.6688283e-10
-3.9948279e-08
1.4443259e-11
-3.549259e-08
-7.4790449e-10
-2.7057108e-08
-1.9507709e-09
-1.3169443e-08
-3.7468062e-09
8.1891596e-09
-6.3317735e-09
3.9893486e-08
-9.9466443e-09
8.6046231e-08
-1.4872209e-08
1.5260027e-07
-2.1401808e-08
2.4831973e-07
-2.9747866e-08
3.8631798e-07
-3.9790085e-08
5.8634903e-07
-5.0535403e-08
8.7785056e-07
-5.8975586e-08
1.3035064e-06
-5.7917153e-08
1.9202581e-06
-3.3235174e-08
2.7886242e-06
3.8818246e-08
3.9430245e-06
1.8560357e-07
5.2825235e-06
4.1796282e-07
6.4405598e-06
6.8335609e-07
6.5861177e-06
8.8072055e-07
4.8659981e-06
9.0867876e-07
1.6103206e-06
7.3185241e-07
-1.4846166e-06
5.0672986e-07
-2.7723331e-06
3.4360398e-07
-2.4599649e-06
2.7325383e-07
-1.4742585e-06
2.7791658e-07
-1.5005507e-07
3.2484481e-07
4.7053609e-07
3.2682491e-07
4.8822929e-07
2.1109424e-07
-8.3415441e-06
-2.7489905e-05
1.9241091e-11
-2.8948267e-09
7.2894769e-11
-8.6239641e-09
1.5788682e-10
-1.429224e-08
2.6950028e-10
-1.969427e-08
4.0004595e-10
-2.4801317e-08
5.3821602e-10
-2.941299e-08
6.6808309e-10
-3.338535e-08
7.6816539e-10
-3.64609e-08
8.0993817e-10
-3.8327915e-08
7.5507663e-10
-3.8557415e-08
5.5310343e-10
-3.6576271e-08
1.3594176e-10
-3.1603456e-08
-5.8253856e-10
-2.2564595e-08
-1.7213424e-09
-7.9543536e-09
-3.4270593e-09
1.4273634e-08
-5.8833817e-09
4.7031129e-08
-9.3136378e-09
9.4460079e-08
-1.3971683e-08
1.6254407e-07
-2.0108718e-08
2.6004477e-07
-2.7872272e-08
3.9997174e-07
-3.7048005e-08
6.017169e-07
-4.6524445e-08
8.9382072e-07
-5.3188403e-08
1.3169655e-06
-4.9907406e-08
1.9240736e-06
-2.3049165e-08
2.769164e-06
4.9600467e-08
3.8780866e-06
1.9436026e-07
5.1460917e-06
4.2344601e-07
6.2243651e-06
6.8795639e-07
6.3499608e-06
8.7920335e-07
4.7084964e-06
8.9511187e-07
1.6154242e-06
7.2204082e-07
-1.2988299e-06
5.0902603e-07
-2.5487041e-06
3.537086e-07
-2.2943491e-06
2.8501689e-07
-1.3950964e-06
2.8767747e-07
-1.4200331e-07
3.3013485e-07
4.3876722e-07
3.4004413e-07
4.8751588e-07
2.2730122e-07
-8.2259907e-06
-2.7273301e-05
1.940947e-11
-2.7632203e-09
7.3983563e-11
-8.2254925e-09
1.6066465e-10
-1.3623844e-08
2.7486e-10
-1.8751357e-08
4.0904458e-10
-2.3576367e-08
5.5232665e-10
-2.7895115e-08
6.8924828e-10
-3.1559096e-08
7.9914109e-10
-3.4305607e-08
8.5429295e-10
-3.5815873e-08
8.1790631e-10
-3.5651829e-08
6.4108064e-10
-3.3228229e-08
2.5812253e-10
-2.774723e-08
-4.1456765e-10
-1.8116462e-08
-1.4878981e-09
-2.8032088e-09
-3.1017427e-09
2.0267884e-08
-5.4276583e-09
5.4040135e-08
-8.6714329e-09
1.0268928e-07
-1.3060347e-08
1.7222067e-07
-1.880467e-08
2.7137913e-07
-2.5989489e-08
4.1304887e-07
-3.4312772e-08
6.1623454e-07
-4.2556312e-08
9.0856033e-07
-4.7521052e-08
1.3287279e-06
-4.2163047e-08
1.9258146e-06
-1.3299647e-08
2.747701e-06
5.9704481e-08
3.8127893e-06
2.018205e-07
5.0121331e-06
4.2495693e-07
6.0120388e-06
6.8394779e-07
6.1121829e-06
8.6805184e-07
4.5507782e-06
8.7652624e-07
1.624176e-06
7.1113277e-07
-1.1217298e-06
5.104841e-07
-2.3377143e-06
3.629335e-07
-2.1365607e-06
2.960169e-07
-1.3177212e-06
2.9699428e-07
-1.3227352e-07
3.3541459e-07
4.1102939e-07
3.5156798e-07
4.8055446e-07
2.4141314e-07
-8.1130019e-06
-2.7042558e-05
1.9593697e-11
-2.6317431e-09
7.5100442e-11
-7.8277883e-09
1.6348308e-10
-1.2956874e-08
2.8029113e-10
-1.7810671e-08
4.1816731e-10
-2.2354613e-08
5.6664526e-10
-2.6381829e-08
7.107722e-10
-2.9739331e-08
8.3059609e-10
-3.215942e-08
8.9935929e-10
-3.3316505e-08
8.8162346e-10
-3.2763848e-08
7.3029061e-10
-2.9904522e-08
3.8226067e-10
-2.3924661e-08
-2.4417003e-10
-1.3713205e-08
-1.2506237e-09
2.282559e-09
-2.7711229e-09
2.617041e-08
-4.9650035e-09
6.091881e-08
-8.0206578e-09
1.1073214e-07
-1.2139191e-08
1.8162879e-07
-1.7491157e-08
2.8232313e-07
-2.4101787e-08
4.255539e-07
-3.1587514e-08
6.2991681e-07
-3.8634459e-08
9.2210566e-07
-4.1975077e-08
1.3388686e-06
-3.4679728e-08
1.9256209e-06
-3.9154058e-09
2.7243397e-06
6.9189664e-08
3.7473906e-06
2.0828639e-07
4.8811119e-06
4.2398618e-07
5.8059428e-06
6.7435194e-07
5.8779652e-06
8.5060905e-07
4.3948842e-06
8.5533801e-07
1.6338456e-06
6.9972011e-07
-9.5521017e-07
5.1131841e-07
-2.1391717e-06
3.7136711e-07
-1.9864114e-06
3.0630269e-07
-1.2422039e-06
3.0587312e-07
-1.2113862e-07
3.4063566e-07
3.8694625e-07
3.6164521e-07
4.6873617e-07
2.5370333e-07
-8.0022056e-06
-2.67995e-05
1.9792643e-11
-2.5004108e-09
7.6244024e-11
-7.4308667e-09
1.663419e-10
-1.2291349e-08
2.8579385e-10
-1.6872251e-08
4.2741726e-10
-2.113612e-08
5.8117783e-10
-2.4873233e-08
7.3263768e-10
-2.7926197e-08
8.6252924e-10
-3.0022489e-08
9.4512455e-10
-3.083005e-08
9.4632793e-10
-2.9893778e-08
8.2076015e-10
-2.6605442e-08
5.0782504e-10
-2.013594e-08
-7.2103935e-11
-9.3550907e-09
-1.0096888e-09
7.3009298e-09
-2.4354763e-09
3.1979811e-08
-4.495825e-09
6.7665605e-08
-7.3619431e-09
1.1858724e-07
-1.1209201e-08
1.9076749e-07
-1.6169626e-08
2.9287754e-07
-2.2211356e-08
4.3749208e-07
-2.8875157e-08
6.427793e-07
-3.4761967e-08
9.3449312e-07
-3.655165e-08
1.3474607e-06
-2.7447555e-08
1.9236209e-06
4.8992253e-09
2.6993986e-06
7.8095857e-08
3.6819018e-06
2.1397178e-07
4.7532747e-06
4.2153577e-07
5.6073262e-06
6.6149093e-07
5.6508582e-06
8.2954531e-07
4.2427549e-06
8.3314058e-07
1.6426085e-06
6.8820238e-07
-7.9993515e-07
5.1167085e-07
-1.95263e-06
3.7907627e-07
-1.8436416e-06
3.1591645e-07
-1.1685928e-06
3.1432088e-07
-1.0883765e-07
3.4576384e-07
3.661812e-07
3.7047788e-07
4.5321426e-07
2.6440957e-07
-7.8932653e-06
-2.6545715e-05
2.0006709e-11
-2.3692288e-09
7.7418713e-11
-7.0347144e-09
1.6925316e-10
-1.1627242e-08
2.9138793e-10
-1.5936067e-08
4.3682438e-10
-1.9920866e-08
5.9595619e-10
-2.3369305e-08
7.5485024e-10
-2.6119667e-08
8.9498809e-10
-2.7894847e-08
9.9159476e-10
-2.8356521e-08
1.0120207e-09
-2.7041717e-08
9.1250027e-10
-2.3331069e-08
6.3510194e-10
-1.6381285e-08
1.049035e-10
-5.045106e-09
-7.6521878e-10
1.2253573e-08
-2.0951405e-09
3.7695216e-08
-4.0208032e-09
7.4279668e-08
-6.6963731e-09
1.2625386e-07
-1.0272051e-08
1.9963682e-07
-1.484251e-08
3.0304431e-07
-2.0321664e-08
4.4887012e-07
-2.6180188e-08
6.5483907e-07
-3.0943614e-08
9.457599e-07
-3.1253946e-08
1.3545763e-06
-2.0447367e-08
1.9199215e-06
1.3075711e-08
2.6732843e-06
8.6454136e-08
3.6162338e-06
2.190389e-07
4.6287144e-06
4.1827344e-07
5.4167035e-06
6.4704223e-07
5.4329478e-06
8.0686725e-07
4.0958688e-06
8.1096739e-07
1.6495188e-06
6.7687189e-07
-6.5586073e-07
5.1167092e-07
-1.7774944e-06
3.8614332e-07
-1.7079494e-06
3.2491987e-07
-1.0969168e-06
3.2236907e-07
-9.5579122e-08
3.5079872e-07
3.4842957e-07
3.7826108e-07
4.3494619e-07
2.7375789e-07
-7.7858742e-06
-2.6282563e-05
2.0230712e-11
-2.2382295e-09
7.8606856e-11
-6.6394022e-09
1.721806e-10
-1.0964667e-08
2.9701184e-10
-1.500229e-08
4.462921e-10
-1.8709083e-08
6.1084751e-10
-2.1870346e-08
7.7725895e-10
-2.4320118e-08
9.2776346e-10
-2.5776951e-08
1.0386261e-09
-2.5896545e-08
1.0784614e-09
-2.4208279e-08
1.0052893e-09
-2.0082174e-08
7.6400945e-10
-1.2661794e-08
2.8431972e-10
-7.8459076e-10
-5.172916e-10
1.7138832e-08
-1.7499523e-09
4.3314577e-08
-3.5395177e-09
8.0758893e-08
-6.0231869e-09
1.3372993e-07
-9.3265732e-09
2.0823527e-07
-1.3508109e-08
3.1282364e-07
-1.8430478e-08
4.5969292e-07
-2.3499717e-08
6.661112e-07
-2.717543e-08
9.559407e-07
-2.6076787e-08
1.3602849e-06
-1.3671665e-08
1.9146254e-06
2.0958977e-08
2.6460644e-06
9.4282664e-08
3.5506224e-06
2.2354035e-07
4.5074757e-06
4.14504e-07
5.234189e-06
6.3192989e-07
5.2252616e-06
7.8370848e-07
3.9551768e-06
7.8920916e-07
1.6542046e-06
6.6571818e-07
-5.2259942e-07
5.1127259e-07
-1.6131558e-06
3.9253272e-07
-1.5790499e-06
3.3328099e-07
-1.0272118e-06
3.29958e-07
-8.1547061e-08
3.5564674e-07
3.3341785e-07
3.8505557e-07
4.147327e-07
2.8187108e-07
-7.6797888e-06
-2.6011279e-05
2.0467977e-11
-2.1074164e-09
7.982383e-11
-6.2449164e-09
1.7515952e-10
-1.0303599e-08
3.0272538e-10
-1.407089e-08
4.5591171e-10
-1.7500747e-08
6.2597306e-10
-2.0376332e-08
8.0000646e-10
-2.2527526e-08
9.6103056e-10
-2.3668809e-08
1.0863169e-09
-2.3450123e-08
1.1457781e-09
-2.1393495e-08
1.0992637e-09
-1.685886e-08
8.9468819e-10
-8.9778276e-09
4.6639606e-10
3.4258126e-09
-2.6649552e-10
2.1956765e-08
-1.4006482e-09
4.8836933e-08
-3.0532515e-09
8.7102716e-08
-5.3444558e-09
1.4101519e-07
-8.3759155e-09
2.1656355e-07
-1.2170946e-08
3.2221832e-07
-1.6544026e-08
4.6996838e-07
-2.0841643e-08
6.7661374e-07
-2.3466004e-08
9.6507231e-07
-2.1027239e-08
1.3646555e-06
-7.1100111e-09
1.9078197e-06
2.8518322e-08
2.6178494e-06
1.0163292e-07
3.4852228e-06
2.2759291e-07
4.3895343e-06
4.1055239e-07
5.0596054e-06
6.1693074e-07
5.028036e-06
7.610335e-07
3.8210978e-06
7.683336e-07
1.6566241e-06
6.5495174e-07
-3.9955883e-07
5.1062503e-07
-1.4589557e-06
3.9837215e-07
-1.4566376e-06
3.4110049e-07
-9.5948429e-07
3.3716727e-07
-6.6902468e-08
3.6036868e-07
3.2089345e-07
3.9106321e-07
3.9323523e-07
2.8896178e-07
-7.574775e-06
-2.573289e-05
2.0716202e-11
-1.9768013e-09
8.1062744e-11
-5.8512707e-09
1.781769e-10
-9.644058e-09
3.0850588e-10
-1.3141902e-08
4.656484e-10
-1.6295916e-08
6.4128374e-10
-1.8887339e-08
8.2304152e-10
-2.0742006e-08
9.947143e-10
-2.1570562e-08
1.1345955e-09
-2.1017444e-08
1.2139115e-09
-1.8597612e-08
1.194252e-09
-1.3661347e-08
1.0267901e-09
-5.3298186e-09
6.4991585e-10
7.5860564e-09
-1.4091464e-11
2.6707178e-08
-1.0473611e-09
5.425984e-08
-2.5621216e-09
9.331023e-08
-4.660315e-09
1.4810908e-07
-7.4202161e-09
2.24622e-07
-1.0831243e-08
3.3123081e-07
-1.4662608e-08
4.7970404e-07
-1.8206178e-08
6.8636425e-07
-1.9814784e-08
9.731903e-07
-1.6102498e-08
1.3677549e-06
-6.8860773e-10
1.8995197e-06
3.5752799e-08
2.5888238e-06
1.0852882e-07
3.4201642e-06
2.3123259e-07
4.2748507e-06
4.0652409e-07
4.8926593e-06
6.023497e-07
4.8410745e-06
7.3921286e-07
3.6936903e-06
7.4841282e-07
1.6568969e-06
6.4453911e-07
-2.8608156e-07
5.0973349e-07
-1.3142846e-06
4.0367329e-07
-1.3404164e-06
3.4838935e-07
-8.9374162e-07
3.4398608e-07
-5.1785451e-08
3.649304e-07
3.1062632e-07
3.9636159e-07
3.7100277e-07
2.9514721e-07
-7.4706381e-06
-2.5448301e-05
2.0974497e-11
-1.8463952e-09
8.2322309e-11
-5.4584784e-09
1.8123148e-10
-8.9860662e-09
3.1435108e-10
-1.221536e-08
4.7549698e-10
-1.5094644e-08
6.5677058e-10
-1.7403443e-08
8.463408e-10
-1.8963658e-08
1.0287845e-09
-1.9482347e-08
1.1834182e-09
-1.8598678e-08
1.2826951e-09
-1.5820753e-08
1.2905738e-09
-1.0490336e-08
1.1608952e-09
-1.7184558e-09
8.361652e-10
1.1695393e-08
2.4517253e-10
3.1385919e-08
-6.9039957e-10
5.9586453e-08
-2.0665481e-09
9.9380635e-08
-3.9713921e-09
1.5501121e-07
-6.4603475e-09
2.324112e-07
-9.4902575e-09
3.3986398e-07
-1.2787901e-08
4.8890785e-07
-1.5595233e-08
6.953805e-07
-1.6223265e-08
9.803298e-07
-1.1296642e-08
1.3696422e-06
5.2565426e-09
1.8900827e-06
4.2663601e-08
2.558835e-06
1.1499806e-07
3.3555498e-06
2.3449966e-07
4.1633714e-06
4.0249289e-07
4.7330002e-06
5.8835593e-07
4.6639425e-06
7.1844009e-07
3.5727789e-06
7.2948134e-07
1.6552067e-06
6.3448612e-07
-1.8150745e-07
5.0862235e-07
-1.1785572e-06
4.084738e-07
-1.2301043e-06
3.5517845e-07
-8.2998452e-07
3.5042704e-07
-3.6317887e-08
3.693258e-07
3.0240506e-07
4.0104082e-07
3.4848809e-07
3.0054545e-07
-7.3672114e-06
-2.5158301e-05
2.1242095e-11
-1.7162083e-09
8.3601314e-11
-5.0665523e-09
1.8432206e-10
-8.3296438e-09
3.2025985e-10
-1.1291298e-08
4.8545176e-10
-1.3896983e-08
6.7242045e-10
-1.592471e-08
8.6989359e-10
-1.7192585e-08
1.0632161e-09
-1.7404286e-08
1.2327258e-09
-1.6193966e-08
1.3523291e-09
-1.30633e-08
1.3878797e-09
-7.3459797e-09
1.2964217e-09
1.855802e-09
1.0242583e-09
1.575338e-08
5.0613764e-10
3.5993102e-08
-3.3029668e-10
6.4815306e-08
-1.5669534e-09
1.0531302e-07
-3.2783153e-09
1.6172144e-07
-5.4971631e-09
2.3993195e-07
-8.1491923e-09
3.4812102e-07
-1.0921469e-08
4.9758814e-07
-1.3010498e-08
7.0368039e-07
-1.2692785e-08
9.8652562e-07
-6.6013848e-09
1.3703669e-06
1.0999863e-08
1.8796e-06
4.9258706e-08
2.5279968e-06
1.2106632e-07
3.2914648e-06
2.3742757e-07
4.055035e-06
3.9849685e-07
4.5802622e-06
5.7501209e-07
4.4961012e-06
6.9877134e-07
3.4580609e-06
7.1152264e-07
1.6517507e-06
6.2478475e-07
-8.5200044e-08
5.07316e-07
-1.0512238e-06
4.1280868e-07
-1.1254304e-06
3.6149736e-07
-7.6820836e-07
3.5650335e-07
-2.0605297e-08
3.7355137e-07
2.9603499e-07
4.0517897e-07
3.2606238e-07
3.052591e-07
-7.2643525e-06
-2.4863576e-05
2.1518223e-11
-1.58625e-09
8.4898636e-11
-4.6755047e-09
1.8744747e-10
-7.6748122e-09
3.2622742e-10
-1.0369745e-08
4.9550664e-10
-1.2702983e-08
6.8823184e-10
-1.445121e-08
8.9369775e-10
-1.5428886e-08
1.0980403e-09
-1.5336532e-08
1.2825968e-09
-1.3803494e-08
1.4226004e-09
-1.0325345e-08
1.4861759e-09
-4.2286494e-09
1.4332628e-09
5.3926095e-09
1.2140023e-09
1.9759658e-08
7.6973639e-10
4.0527722e-08
3.1566095e-11
6.9947247e-08
-1.0637572e-09
1.1110553e-07
-2.5817e-09
1.682398e-07
-4.5314797e-09
2.4718528e-07
-6.8091741e-09
3.5600544e-07
-9.0647311e-09
5.0575353e-07
-1.0453396e-08
7.1128182e-07
-9.2240569e-09
9.9181183e-07
-1.9978467e-09
1.3699589e-06
1.6573785e-08
1.8681492e-06
5.5550816e-08
2.4964428e-06
1.2675761e-07
3.2279831e-06
2.4004521e-07
3.9497748e-06
3.945546e-07
4.4340848e-06
5.6232378e-07
4.3369837e-06
6.801903e-07
3.349179e-06
6.9449548e-07
1.6467175e-06
6.1542296e-07
3.439758e-09
5.058365e-07
-9.3177045e-07
4.1671085e-07
-1.0261351e-06
3.6737408e-07
-7.0840364e-07
3.6222858e-07
-4.7387829e-09
3.7760561e-07
2.9133647e-07
4.0884381e-07
3.0402753e-07
3.0937732e-07
-7.1619399e-06
-2.4564722e-05
2.180378e-11
-1.4565198e-09
8.6219757e-11
-4.2853204e-09
1.9061932e-10
-7.0215441e-09
3.3227471e-10
-9.4506663e-09
5.0569372e-10
-1.1512605e-08
7.0424734e-10
-1.2982909e-08
9.1780418e-10
-1.3672532e-08
1.1332728e-09
-1.3279043e-08
1.3329928e-09
-1.1427209e-08
1.4936497e-09
-7.6069525e-09
1.5855508e-09
-1.138438e-09
1.5715583e-09
8.8918199e-09
1.4060292e-09
2.3713645e-08
1.0355851e-09
4.4990064e-08
4.0011463e-10
7.4978128e-08
-5.573996e-10
1.1676198e-07
-1.8822094e-09
1.7456689e-07
-3.5642689e-09
2.5417286e-07
-5.4715659e-09
3.6352156e-07
-7.2193692e-09
5.1341336e-07
-7.9255117e-09
7.1820306e-07
-5.8155707e-09
9.9621989e-07
2.4242282e-09
1.36854e-06
2.1966882e-08
1.85573e-06
6.1557066e-08
2.4642785e-06
1.3210399e-07
3.1651643e-06
2.4239537e-07
3.847514e-06
3.9070248e-07
4.2941121e-06
5.5030791e-07
4.1860235e-06
6.6269377e-07
3.2457561e-06
6.7839935e-07
1.6402762e-06
6.06431e-07
8.4976931e-08
5.0423977e-07
-8.1970886e-07
4.2024099e-07
-9.3196278e-07
3.7286173e-07
-6.5055265e-07
3.6764285e-07
1.12043e-08
3.8151579e-07
2.8814347e-07
4.121237e-07
2.8262503e-07
3.1299958e-07
-7.0598634e-06
-2.4262236e-05
2.2093469e-11
-1.3270442e-09
8.7544629e-11
-3.8960663e-09
1.9379444e-10
-6.3699512e-09
3.3832766e-10
-8.5342202e-09
5.1589866e-10
-1.0326065e-08
7.2030921e-10
-1.1520078e-08
9.4199885e-10
-1.1923856e-08
1.1686397e-09
-1.1232201e-08
1.3835929e-09
-9.0655613e-09
1.5650913e-09
-4.9087358e-09
1.6856726e-09
1.9238296e-09
1.7108543e-09
1.2352664e-08
1.5994405e-09
2.7614396e-08
1.3031556e-09
4.9379167e-08
7.6980844e-10
7.9907875e-08
-4.8993203e-11
1.2228078e-07
-1.1799315e-09
1.8070124e-07
-2.5954518e-09
2.6089511e-07
-4.1361296e-09
3.7067233e-07
-5.3849e-09
5.2057549e-07
-5.4259385e-09
7.2446059e-07
-2.4572426e-09
9.9977069e-07
6.6395309e-09
1.3662656e-06
2.7170956e-08
1.8423237e-06
6.7275722e-08
2.4316013e-06
1.3709777e-07
3.1030723e-06
2.4444913e-07
3.7481953e-06
3.8686149e-07
4.160036e-06
5.3881522e-07
4.0427134e-06
6.4607973e-07
3.1474468e-06
6.6304566e-07
1.6325723e-06
5.9766858e-07
1.5992419e-07
5.0243738e-07
-7.1460511e-07
4.2333847e-07
-8.42688e-07
3.7790612e-07
-5.9464631e-07
3.7268106e-07
2.7155217e-08
3.852021e-07
2.8630237e-07
4.1498132e-07
2.6205189e-07
3.1612763e-07
-6.958052e-06
-2.3956613e-05
2.2391299e-11
-1.1978215e-09
8.8890309e-11
-3.5077251e-09
1.9701103e-10
-5.7200048e-09
3.4445316e-10
-7.6203686e-09
5.2622644e-10
-9.1433223e-09
7.3655473e-10
-1.0062672e-08
9.6646295e-10
-1.0182815e-08
1.2043629e-09
-9.1959447e-09
1.4346755e-09
-6.7185101e-09
1.6372655e-09
-2.2307563e-09
1.7867633e-09
4.9581262e-09
1.8516013e-09
1.5774889e-08
1.7944305e-09
3.1462033e-08
1.5727809e-09
5.369482e-08
1.1411645e-09
8.4737167e-08
4.6314462e-10
1.2766017e-07
-4.7522062e-10
1.8664448e-07
-1.6261397e-09
2.673543e-07
-2.8045757e-09
3.7746248e-07
-3.5632681e-09
5.2724926e-07
-2.9551054e-09
7.3007074e-07
8.4859528e-10
1.0024884e-06
1.0772173e-08
1.3631664e-06
3.2194334e-08
1.8280288e-06
7.273134e-08
2.3984942e-06
1.4178673e-07
3.0417493e-06
2.4627935e-07
3.6517378e-06
3.8311705e-07
4.0315372e-06
5.2792753e-07
3.9065479e-06
6.3042561e-07
3.0539029e-06
6.4851925e-07
1.6237415e-06
5.8923869e-07
2.2877704e-07
5.0055351e-07
-6.1604451e-07
4.2611957e-07
-7.5807515e-07
3.8260988e-07
-5.4065967e-07
3.7743563e-07
4.3057735e-08
3.8874775e-07
2.8567103e-07
4.1754942e-07
2.4245756e-07
3.1888528e-07
-6.8564252e-06
-2.3648224e-05
2.2695206e-11
-1.0688586e-09
9.0249427e-11
-3.1203068e-09
2.0025423e-10
-5.071722e-09
3.5062565e-10
-6.7091379e-09
5.3663612e-10
-7.9644205e-09
7.529293e-10
-8.6107454e-09
9.9110392e-10
-8.449467e-09
1.2403339e-09
-7.1703568e-09
1.4861407e-09
-4.3862029e-09
1.71002e-09
4.2677225e-10
1.8886369e-09
7.9642296e-09
1.9934042e-09
1.9158203e-08
1.9910253e-09
3.5255984e-08
1.8440185e-09
5.7936996e-08
1.5152352e-09
8.946488e-08
9.7672223e-10
1.3290139e-07
2.3225403e-10
1.9239525e-07
-6.5521377e-10
2.7355155e-07
-1.4761049e-09
3.8389669e-07
-1.7527867e-09
5.3344271e-07
-4.9872574e-10
7.3503677e-07
3.9744308e-09
1.0045386e-06
1.4802958e-08
1.3591643e-06
3.7039507e-08
1.8129215e-06
7.7930434e-08
2.3650354e-06
1.461798e-07
2.9812348e-06
2.4788839e-07
3.558067e-06
3.7944278e-07
3.9083244e-06
5.1757098e-07
3.7770669e-06
6.1562293e-07
2.9648064e-06
6.3472252e-07
1.6139066e-06
5.8108671e-07
2.9198736e-07
4.9856831e-07
-5.2364783e-07
4.2857986e-07
-6.7790481e-07
3.8696874e-07
-4.8856871e-07
3.8189437e-07
5.8862779e-08
3.9212888e-07
2.8611822e-07
4.1983742e-07
2.2395753e-07
3.213017e-07
-6.7549224e-06
-2.333741e-05
2.3004865e-11
-9.4016209e-10
9.1621205e-11
-2.7338209e-09
2.0352312e-10
-4.42512e-09
3.5684335e-10
-5.8005531e-09
5.471214e-10
-6.7893968e-09
7.6941869e-10
-7.164347e-09
1.0159046e-09
-6.7238683e-09
1.2765287e-09
-5.1555143e-09
1.5379728e-09
-2.0687978e-09
1.7833222e-09
3.0636532e-09
1.9912668e-09
1.0941916e-08
2.1362669e-09
2.2502282e-08
2.1888321e-09
3.8996067e-08
2.116969e-09
6.2105168e-08
1.8904532e-09
9.4091555e-08
1.4917219e-09
1.3800415e-07
9.3594188e-10
1.9795874e-07
3.1527373e-10
2.794835e-07
-1.4417623e-10
3.8997104e-07
6.8595492e-11
5.3914837e-07
1.8656664e-09
7.3946154e-07
7.0666029e-09
1.0058628e-06
1.8728293e-08
1.3543309e-06
4.1710484e-08
1.7970707e-06
8.2883462e-08
2.3312967e-06
1.5029418e-07
2.9215612e-06
2.4929447e-07
3.4671069e-06
3.7583995e-07
3.790123e-06
5.0771324e-07
3.6538433e-06
6.0161479e-07
2.8798624e-06
6.2161114e-07
1.6031773e-06
5.7320398e-07
3.4997131e-07
4.964964e-07
-4.3705919e-07
4.3074304e-07
-6.0196662e-07
3.910037e-07
-4.3834668e-07
3.8607146e-07
7.4528087e-08
3.9534906e-07
2.875233e-07
4.21879e-07
2.0663723e-07
3.2342113e-07
-6.6534933e-06
-2.302447e-05
2.3320015e-11
-8.1173823e-10
9.3004922e-11
-2.3482762e-09
2.0681656e-10
-3.7802156e-09
3.6310338e-10
-4.8946379e-09
5.5767428e-10
-5.6182843e-09
7.8600697e-10
-5.7235164e-09
1.0408424e-09
-5.0060662e-09
1.312939e-09
-3.1515072e-09
1.5901573e-09
2.3355537e-10
1.8571115e-09
5.6797375e-09
2.0945994e-09
1.3890953e-08
2.2801073e-09
2.5806831e-08
2.3878888e-09
4.2681971e-08
2.3910725e-09
6.6199415e-08
2.2671416e-09
9.8616851e-08
2.0077504e-09
1.4296886e-07
1.6411011e-09
2.0333447e-07
1.2725804e-09
2.8516475e-07
1.1526909e-09
3.9570736e-07
1.7952303e-09
5.4442588e-07
4.1883028e-09
7.4329202e-07
1.0102766e-08
1.0064752e-06
2.2547352e-08
1.3487166e-06
4.6211304e-08
1.7805402e-06
8.7600661e-08
2.2973437e-06
1.5414626e-07
2.862755e-06
2.5051466e-07
3.3787811e-06
3.723098e-07
3.6766746e-06
4.9832455e-07
3.5364809e-06
5.8834882e-07
2.7987981e-06
6.0914412e-07
1.5916515e-06
5.6558218e-07
4.031123e-07
4.9435123e-07
-3.5594441e-07
4.3263124e-07
-5.3005893e-07
3.9473467e-07
-3.8996464e-07
3.899804e-07
9.0017791e-08
3.984123e-07
2.8977511e-07
4.2370352e-07
1.9055669e-07
3.2528201e-07
-6.552097e-06
-2.2709662e-05
2.3640377e-11
-6.8359302e-10
9.439982e-11
-1.963681e-09
2.1013279e-10
-3.1370241e-09
3.6940007e-10
-3.9914115e-09
5.6828541e-10
-4.4511109e-09
8.0267826e-10
-4.2882881e-09
1.0659052e-09
-3.2961142e-09
1.349556e-09
-1.1584294e-09
1.6426652e-09
2.5207261e-09
1.9313213e-09
8.2749118e-09
2.1985737e-09
1.6811102e-08
2.4247766e-09
2.9071647e-08
2.5879996e-09
4.631345e-08
2.6665619e-09
7.0219383e-08
2.6448269e-09
1.0304114e-07
2.5244755e-09
1.477958e-07
2.3459763e-09
2.0852341e-07
2.2291586e-09
2.9059573e-07
2.4441659e-09
4.0111029e-07
3.5267258e-09
5.4926496e-07
6.4833054e-09
7.4656067e-07
1.3078421e-08
1.0064088e-06
2.6260178e-08
1.3423669e-06
5.0546188e-08
1.7633895e-06
9.2092139e-08
2.2632363e-06
1.5775167e-07
2.8048372e-06
2.5156491e-07
3.2930129e-06
3.6885349e-07
3.5677352e-06
4.8937747e-07
3.4246118e-06
5.7577687e-07
2.7213611e-06
5.9728348e-07
1.5794166e-06
5.5821332e-07
4.5176374e-07
4.9214506e-07
-2.7998963e-07
4.3426517e-07
-4.6198853e-07
3.9818035e-07
-3.4339159e-07
3.9363417e-07
1.0530174e-07
4.0132289e-07
2.9277119e-07
4.2533663e-07
1.7575462e-07
3.2691773e-07
-6.4506999e-06
-2.2393212e-05
2.3967314e-11
-5.5572308e-10
9.5811588e-11
-1.5800155e-09
2.1348483e-10
-2.4955147e-09
3.7575469e-10
-3.0908261e-09
5.7898638e-10
-3.2878193e-09
8.1947873e-10
-2.858591e-09
1.0911616e-09
-1.5939463e-09
1.3864691e-09
8.2376705e-10
1.695584e-09
4.7927701e-09
2.0060947e-09
1.0849215e-08
2.3033128e-09
1.9702374e-08
2.5703804e-09
3.229679e-08
2.7891681e-09
4.9890632e-08
2.9432097e-09
7.4165242e-08
3.0236667e-09
1.073647e-07
3.0416344e-09
1.52486e-07
3.0497317e-09
2.1352743e-07
3.1828175e-09
2.9577859e-07
3.728832e-09
4.061841e-07
5.2430675e-09
5.5367435e-07
8.7456566e-09
7.4928539e-07
1.5992925e-08
1.0056925e-06
2.9869578e-08
1.3353247e-06
5.472367e-08
1.7456732e-06
9.6374863e-08
2.2290262e-06
1.6113693e-07
2.7478196e-06
2.5247806e-07
3.2097197e-06
3.6549785e-07
3.4630677e-06
4.808806e-07
3.317887e-06
5.6389432e-07
2.647313e-06
5.8603523e-07
1.5665505e-06
5.5112855e-07
4.962546e-07
4.8992376e-07
-2.0889495e-07
4.3569522e-07
-3.97566e-07
4.0138688e-07
-2.985916e-07
3.9707379e-07
1.2035557e-07
4.0411408e-07
2.9641759e-07
4.2683116e-07
1.6225081e-07
3.2838043e-07
-6.3492677e-06
-2.2075295e-05
2.429528e-11
-4.2815176e-10
9.7218159e-11
-1.1973406e-09
2.1682355e-10
-1.8557908e-09
3.820809e-10
-2.1930229e-09
5.8964386e-10
-2.128595e-09
8.3622477e-10
-1.4346595e-09
1.1163714e-09
1.0013935e-10
1.423366e-09
2.7947168e-09
1.7484868e-09
7.0493077e-09
2.0809595e-09
1.3402116e-08
2.4082532e-09
2.2564186e-08
2.7162674e-09
3.5481643e-08
2.9906701e-09
5.3412909e-08
3.2201369e-09
7.8036443e-08
3.4028018e-09
1.1158689e-07
3.5584673e-09
1.5703939e-07
3.7516833e-09
2.1834727e-07
4.1318455e-09
3.0071537e-07
5.0036338e-09
4.1093319e-07
6.939967e-09
5.5766275e-07
1.0971102e-08
7.5148273e-07
1.8841638e-08
1.0043541e-06
3.3369924e-08
1.3276321e-06
5.8736487e-08
1.7274459e-06
1.0043771e-07
2.1947676e-06
1.6428156e-07
2.6917218e-06
2.5321392e-07
3.128837e-06
3.6216588e-07
3.3624698e-06
4.7270851e-07
3.2160043e-06
5.525409e-07
2.576448e-06
5.7524255e-07
1.5531254e-06
5.4420378e-07
5.3687906e-07
4.8759352e-07
-1.423929e-07
4.3684674e-07
-3.3662327e-07
4.0428551e-07
-2.5553681e-07
4.002264e-07
1.3515684e-07
4.0670472e-07
3.0062636e-07
4.2811504e-07
1.5005396e-07
3.296264e-07
-6.247795e-06
-2.1756124e-05
2.4628817e-11
-3.0087466e-10
9.8638062e-11
-8.1563406e-10
2.2019086e-10
-1.2178175e-09
3.884528e-10
-1.2979489e-09
6.0037416e-10
-9.7337459e-10
8.5308554e-10
-1.6425571e-11
1.1417596e-09
1.7862096e-09
1.4605111e-09
4.7545006e-09
1.8017265e-09
9.2904211e-09
2.156316e-09
1.5933649e-08
2.5138114e-09
2.5396625e-08
2.86288e-09
3.8626325e-08
3.1929602e-09
5.6880468e-08
3.4977967e-09
8.1833313e-08
3.7822975e-09
1.1570836e-07
4.0750943e-09
1.6145684e-07
4.4518236e-09
2.2298487e-07
5.0759927e-09
3.0540949e-07
6.2682801e-09
4.153632e-07
8.6170431e-09
5.6124022e-07
1.3160148e-08
7.5316969e-07
2.1627425e-08
1.0024206e-06
3.6769023e-08
1.319328e-06
6.2601222e-08
1.7087548e-06
1.0431074e-07
2.1605027e-06
1.6723333e-07
2.6365474e-06
2.5383904e-07
3.0502832e-06
3.5893602e-07
3.2657293e-06
4.6494198e-07
3.1186607e-06
5.417992e-07
2.5085606e-06
5.6499987e-07
1.5392035e-06
5.3754868e-07
5.739181e-07
4.8526794e-07
-8.0217816e-08
4.3782938e-07
-2.7898614e-07
4.069769e-07
-2.1418819e-07
4.0318879e-07
1.4968927e-07
4.0918532e-07
3.0531813e-07
4.2929679e-07
1.3915679e-07
3.3074635e-07
-6.1462579e-06
-2.1435828e-05
2.496552e-11
-1.7389561e-10
1.0006275e-10
-4.3489978e-10
2.2356854e-10
-5.8160447e-10
3.9483985e-10
-4.0561432e-10
6.1113231e-10
1.7782213e-10
8.699992e-10
1.3960782e-09
1.167236e-09
3.4642194e-09
1.4977582e-09
6.7030933e-09
1.8551695e-09
1.1515996e-08
2.2319808e-09
1.8443695e-08
2.6197551e-09
2.8199598e-08
3.0099387e-09
4.1730758e-08
3.3957063e-09
6.0293282e-08
3.7758065e-09
8.5555938e-08
4.1617698e-09
1.1972946e-07
4.5908066e-09
1.6573923e-07
5.1494764e-09
2.2744179e-07
6.0145663e-09
3.0986402e-07
7.5216071e-09
4.1947986e-07
1.0272845e-08
5.6441669e-07
1.531123e-08
7.5436293e-07
2.4348972e-08
9.9991834e-07
4.0066492e-08
1.3104497e-06
6.6318935e-08
1.6896453e-06
1.0799631e-07
2.1262719e-06
1.6999339e-07
2.5823005e-06
2.5434716e-07
2.9739836e-06
3.5578247e-07
3.1726528e-06
4.5752651e-07
3.0255813e-06
5.3159421e-07
2.443465e-06
5.5523703e-07
1.5248416e-06
5.3111706e-07
6.0762805e-07
4.8292057e-07
-2.2124488e-08
4.3862735e-07
-2.2449177e-07
4.0944809e-07
-1.7451023e-07
4.0594426e-07
1.6393956e-07
4.1153222e-07
3.1041971e-07
4.303609e-07
1.2954318e-07
3.3173646e-07
-6.0446445e-06
-2.1114537e-05
2.5304833e-11
-4.7218003e-11
1.0149117e-10
-5.5140874e-11
2.2695431e-10
5.2840665e-11
4.0123958e-10
4.8397157e-10
6.2191547e-10
1.3249763e-09
8.8695843e-10
2.8028225e-09
1.1927699e-09
5.1341481e-09
1.5351062e-09
8.6404422e-09
1.9088049e-09
1.372593e-08
2.3079033e-09
2.0932175e-08
2.7260103e-09
3.0973018e-08
3.1573401e-09
4.4794894e-08
3.5987661e-09
6.3651361e-08
4.0539728e-09
8.9204455e-08
4.5409672e-09
1.2365061e-07
5.1053064e-09
1.6988746e-07
5.8441185e-09
2.3171979e-07
6.9468519e-09
3.1408221e-07
8.762797e-09
4.2328899e-07
1.1906459e-08
5.6720219e-07
1.7423604e-08
7.5507893e-07
2.7006338e-08
9.9687268e-07
4.3264195e-08
1.3010328e-06
6.9894472e-08
1.6701597e-06
1.1150314e-07
2.0921118e-06
1.7257352e-07
2.5289825e-06
2.5474896e-07
2.8998645e-06
3.5270525e-07
3.0830576e-06
4.5044327e-07
2.9365104e-06
5.2189375e-07
2.380989e-06
5.4592764e-07
1.510091e-06
5.2490207e-07
6.3824568e-07
4.8055906e-07
3.2117822e-08
4.3925685e-07
-1.729859e-07
4.1171152e-07
-1.3646372e-07
4.0850387e-07
1.7789577e-07
4.1375031e-07
3.1586407e-07
4.3132043e-07
1.2118886e-07
3.3261341e-07
-5.9429463e-06
-2.0792364e-05
2.5646391e-11
7.9155207e-11
1.0292302e-10
3.2363922e-10
2.303462e-10
6.8551165e-10
4.0765007e-10
1.3707991e-09
6.3271871e-10
2.4680728e-09
9.0394491e-10
4.2037933e-09
1.2183339e-09
6.7959831e-09
1.5725536e-09
1.0566466e-08
1.9626031e-09
1.5920144e-08
2.3840315e-09
2.3399032e-08
2.8325028e-09
3.3716835e-08
3.3049807e-09
4.7818716e-08
3.8019986e-09
6.6954755e-08
4.3321007e-09
9.2779058e-08
4.919629e-09
1.2747228e-07
5.6182548e-09
1.7390255e-07
6.5353009e-09
2.3582076e-07
7.8722476e-09
3.1806745e-07
9.9911165e-09
4.2679654e-07
1.3517102e-08
5.6960678e-07
1.9496716e-08
7.5533396e-07
2.9599787e-08
9.9330826e-07
4.6364103e-08
1.2911111e-06
7.3332591e-08
1.6503378e-06
1.1483961e-07
2.0580551e-06
1.749848e-07
2.4765916e-06
2.5505429e-07
2.8278535e-06
3.497042e-07
2.996771e-06
4.4367471e-07
2.8512092e-06
5.1266806e-07
2.3209724e-06
5.3704705e-07
1.4949974e-06
5.1889808e-07
6.6598879e-07
4.781902e-07
8.2727423e-08
4.3973093e-07
-1.2432053e-07
4.137809e-07
-1.0001005e-07
4.1087833e-07
1.9154899e-07
4.1584445e-07
3.2159004e-07
4.3218688e-07
1.1406292e-07
3.3339166e-07
-5.8411579e-06
-2.0469408e-05
2.5991792e-11
2.0523029e-10
1.043655e-10
7.0146401e-10
2.337593e-10
1.3164481e-09
4.140973e-10
2.2549231e-09
6.4357473e-10
3.6071855e-09
9.2099759e-10
5.5990874e-09
1.2440261e-09
8.4497951e-09
1.6102121e-09
1.2481234e-08
2.0166735e-09
1.8098752e-08
2.4604898e-09
2.5844396e-08
2.9393708e-09
3.6431215e-08
3.4530077e-09
5.0802444e-08
4.0055548e-09
7.0203779e-08
4.6103347e-09
9.6280236e-08
5.2978837e-09
1.3119528e-07
6.1297649e-09
1.7778582e-07
7.2231213e-09
2.3974696e-07
8.7908439e-09
3.2182355e-07
1.1206731e-08
4.3000879e-07
1.5105224e-08
5.7164069e-07
2.153177e-08
7.5514398e-07
3.2132094e-08
9.8924862e-07
4.9371855e-08
1.2807161e-06
7.6643505e-08
1.6302149e-06
1.180222e-07
2.0241292e-06
1.7725027e-07
2.4251204e-06
2.5529033e-07
2.7578746e-06
3.468035e-07
2.913624e-06
4.3723529e-07
2.7694497e-06
5.0392501e-07
2.2632623e-06
5.2860947e-07
1.4796011e-06
5.1313376e-07
6.9106135e-07
4.7585071e-07
1.2991519e-07
4.400937e-07
-7.8354322e-08
4.1569801e-07
-6.510758e-08
4.1310739e-07
2.0489307e-07
4.1784911e-07
3.2754247e-07
4.3300123e-07
1.0812861e-07
3.3410726e-07
-5.7392686e-06
-2.0145733e-05
2.633504e-11
3.3098708e-10
1.0579511e-10
1.0782774e-09
2.3714016e-10
1.9455583e-09
4.2048103e-10
3.1362192e-09
6.5432653e-10
4.7421561e-09
9.3792403e-10
6.988483e-09
1.2695901e-09
1.0095294e-08
1.6477143e-09
1.4384439e-08
2.0705475e-09
2.0261412e-08
2.5366979e-09
2.8267883e-08
3.0459095e-09
3.9115769e-08
3.6005772e-09
5.3745694e-08
4.2084332e-09
7.3398097e-08
4.8874905e-09
9.9707789e-08
5.6743278e-09
1.3481969e-07
6.638172e-09
1.8153788e-07
7.9055779e-09
2.4349992e-07
9.7001863e-09
3.2535362e-07
1.2406575e-08
4.3293144e-07
1.6666936e-08
5.7331367e-07
2.3523771e-08
7.545247e-07
3.459675e-08
9.8471737e-07
5.2278788e-08
1.2698799e-06
7.9815177e-08
1.6098284e-06
1.2103315e-07
1.9903652e-06
1.7934174e-07
2.37457e-06
2.5541092e-07
2.689868e-06
3.4392889e-07
2.8334737e-06
4.3101687e-07
2.6910355e-06
4.95532e-07
2.2077283e-06
5.2048121e-07
1.4639415e-06
5.0749233e-07
7.136484e-07
4.734427e-07
1.7387082e-07
4.4026348e-07
-3.4964318e-08
4.1738609e-07
-3.1721801e-08
4.1511245e-07
2.1792145e-07
4.1968033e-07
3.3366929e-07
4.3367948e-07
1.0334724e-07
3.3470091e-07
-5.6372932e-06
-1.9821459e-05
2.6680302e-11
4.5643372e-10
1.0723081e-10
1.4541056e-09
2.4052927e-10
2.5728906e-09
4.2687903e-10
4.0147525e-09
6.6511635e-10
5.8730508e-09
9.549364e-10
8.3720422e-09
1.2952788e-09
1.1732574e-08
1.6853772e-09
1.6276196e-08
2.1246159e-09
2.2408261e-08
2.6131252e-09
3.0669661e-08
3.1526688e-09
4.1770708e-08
3.748319e-09
5.6648747e-08
4.4113428e-09
7.6538102e-08
5.1643548e-09
1.0306231e-07
6.0498279e-09
1.3834647e-07
7.1444433e-09
1.8516024e-07
8.5837803e-09
2.4708208e-07
1.0601629e-08
3.2866165e-07
1.3592463e-08
4.3557092e-07
1.8204946e-08
5.7463587e-07
2.5477117e-08
7.5349151e-07
3.70012e-08
9.7973653e-07
5.5097533e-08
1.2586311e-06
8.2868399e-08
1.5892092e-06
1.2390494e-07
1.9567845e-06
1.813062e-07
2.3249288e-06
2.5547816e-07
2.6237606e-06
3.4115371e-07
2.7561679e-06
4.2509832e-07
2.6157668e-06
4.8757262e-07
2.1542373e-06
5.1275471e-07
1.448051e-06
5.0207699e-07
7.3392625e-07
4.7107264e-07
2.1478308e-07
4.403451e-07
5.9762896e-09
4.1894427e-07
1.8971253e-10
4.1699124e-07
2.3063121e-07
4.2143144e-07
3.3992514e-07
4.3432218e-07
9.9674872e-08
3.3525225e-07
-5.5352248e-06
-1.9496629e-05
2.702437e-11
5.8157073e-10
1.0866244e-10
1.8289496e-09
2.4390867e-10
3.1984473e-09
4.3327295e-10
4.8905124e-09
6.7591429e-10
6.9998517e-09
9.719644e-10
9.7497504e-09
1.3209875e-09
1.3361621e-08
1.7230615e-09
1.8156494e-08
2.1786997e-09
2.4539281e-08
2.6895463e-09
3.3049737e-08
3.2593692e-09
4.439607e-08
3.8958905e-09
5.95117e-08
4.6138651e-09
7.9623995e-08
5.4404188e-09
1.063442e-07
6.4237702e-09
1.4177634e-07
7.6478362e-09
1.8865419e-07
9.2568279e-09
2.5049569e-07
1.1494089e-08
3.3175145e-07
1.4763106e-08
4.3793347e-07
1.9717773e-08
5.7561721e-07
2.7390199e-08
7.5205946e-07
3.934386e-08
9.7432757e-07
5.7826731e-08
1.2469972e-06
8.5802091e-08
1.5683871e-06
1.2663623e-07
1.9234079e-06
1.8313972e-07
2.2761873e-06
2.5548094e-07
2.559486e-06
3.3845253e-07
2.6815681e-06
4.1943503e-07
2.5434624e-06
4.7998867e-07
2.102669e-06
5.0537334e-07
1.43196e-06
4.9684533e-07
7.5205632e-07
4.6871155e-07
2.5282668e-07
4.4031777e-07
4.4585366e-08
4.203534e-07
3.0667033e-08
4.1872342e-07
2.4301989e-07
4.2307749e-07
3.4626845e-07
4.3490535e-07
9.706597e-08
3.3574624e-07
-5.4330658e-06
-1.9171302e-05
2.736822e-11
7.0639763e-10
1.1009344e-10
2.2028077e-09
2.4728851e-10
3.8222243e-09
4.3966944e-10
5.763492e-09
6.867163e-10
8.1225507e-09
9.8899655e-10
1.11216e-08
1.3466983e-09
1.4982428e-08
1.7607408e-09
2.0025323e-08
2.232761e-09
2.6654476e-08
2.7659076e-09
3.5408138e-08
3.3659361e-09
4.6991916e-08
4.0431894e-09
6.2334677e-08
4.8158598e-09
8.2656015e-08
5.715493e-09
1.095539e-07
6.7959099e-09
1.451101e-07
8.1480363e-09
1.9202111e-07
9.9243273e-09
2.5374311e-07
1.2377105e-08
3.3462689e-07
1.5918022e-08
4.4002534e-07
2.1205025e-08
5.7626751e-07
2.9262959e-08
7.5024326e-07
4.1625435e-08
9.6851124e-07
6.0468487e-08
1.2350047e-06
8.8620452e-08
1.54739e-06
1.2923366e-07
1.8902539e-06
1.8485041e-07
2.2283343e-06
2.5542574e-07
2.4969792e-06
3.3582454e-07
2.6095431e-06
4.1401441e-07
2.4739526e-06
4.7275944e-07
2.0529114e-06
4.9831936e-07
1.4156957e-06
4.9179165e-07
7.6818799e-07
4.6636329e-07
2.8816673e-07
4.4019122e-07
8.0974933e-08
4.2162234e-07
5.9751081e-08
4.2031754e-07
2.5508532e-07
4.2462301e-07
3.5266173e-07
4.3543501e-07
9.5473467e-08
3.3619015e-07
-5.3308196e-06
-1.8845527e-05
2.7712849e-11
8.3091295e-10
1.1152502e-10
2.5756782e-09
2.5066873e-10
4.4442178e-09
4.4606505e-10
6.6336877e-09
6.9751486e-10
9.2411455e-09
1.0060208e-09
1.2487587e-08
1.3723932e-09
1.6594992e-08
1.7983882e-09
2.1882683e-08
2.2867615e-09
2.8753866e-08
2.8421554e-09
3.7744903e-08
3.4722948e-09
4.9558327e-08
4.1901142e-09
6.511783e-08
5.0171882e-09
8.5634439e-08
5.9893896e-09
1.126919e-07
7.1660051e-09
1.4834861e-07
8.644734e-09
1.9526244e-07
1.0585897e-08
2.5682672e-07
1.3250236e-08
3.3729191e-07
1.7056758e-08
4.418528e-07
2.2666357e-08
5.7659648e-07
3.1095396e-08
7.4805729e-07
4.3846675e-08
9.6230752e-07
6.3024896e-08
1.2226785e-06
9.1327564e-08
1.5262438e-06
1.3170361e-07
1.8573388e-06
1.8644593e-07
2.1813575e-06
2.5531851e-07
2.436177e-06
3.3326881e-07
2.5399686e-06
4.0882463e-07
2.4070789e-06
4.6586561e-07
2.0048598e-06
4.9157614e-07
1.3992828e-06
4.8691031e-07
7.8245965e-07
4.6403075e-07
3.2095983e-07
4.399741e-07
1.1525115e-07
4.2275923e-07
8.7483268e-08
4.2178181e-07
2.6682528e-07
4.2607238e-07
3.5907126e-07
4.3591655e-07
9.4849322e-08
3.365903e-07
-5.2284907e-06
-1.8519347e-05
2.8058046e-11
9.5511557e-10
1.1295626e-10
2.9475601e-09
2.5404686e-10
5.064427e-09
4.5245518e-10
7.5010987e-09
7.0830233e-10
1.0355635e-08
1.0230252e-09
1.3847712e-08
1.3980538e-09
1.8199312e-08
1.8359773e-09
2.3728588e-08
2.3406633e-09
3.083748e-08
2.9182362e-09
4.0060089e-08
3.5783709e-09
5.2095406e-08
4.3365643e-09
6.7861335e-08
5.2177141e-09
8.8559578e-08
6.2619233e-09
1.1575876e-07
7.5338175e-09
1.5149277e-07
9.137627e-09
1.9837967e-07
1.124117e-08
2.59749e-07
1.4113065e-08
3.3975048e-07
1.8178894e-08
4.4342214e-07
2.4101467e-08
5.7661372e-07
3.2887555e-08
7.4551559e-07
4.6008369e-08
9.5573566e-07
6.5498047e-08
1.2100423e-06
9.3927389e-08
1.5049725e-06
1.3405213e-07
1.8246767e-06
1.8793344e-07
2.1352435e-06
2.5516472e-07
2.3770179e-06
3.3078436e-07
2.4727267e-06
4.0385457e-07
2.3426928e-06
4.5928914e-07
1.9584166e-06
4.8512807e-07
1.3827433e-06
4.8219586e-07
7.9499953e-07
4.617174e-07
3.5135364e-07
4.3967493e-07
1.4751505e-07
4.2377233e-07
1.1390516e-07
4.2312406e-07
2.7823796e-07
4.2742988e-07
3.6546692e-07
4.3635476e-07
9.5144967e-08
3.3695222e-07
-5.1260843e-06
-1.8192803e-05
2.8405502e-11
1.0790133e-09
1.1439424e-10
3.3184793e-09
2.5743884e-10
5.6828951e-09
4.588681e-10
8.3657869e-09
7.1912246e-10
1.1466097e-08
1.040072e-09
1.520207e-08
1.423764e-09
1.979551e-08
1.8736158e-09
2.5563192e-08
2.3946002e-09
3.2905506e-08
2.994312e-09
4.235393e-08
3.6843564e-09
5.4603453e-08
4.482763e-09
7.0565587e-08
5.4176939e-09
9.1431982e-08
6.5333873e-09
1.1875526e-07
7.8996887e-09
1.5454373e-07
9.6271225e-09
2.0137458e-07
1.1890658e-08
2.6251268e-07
1.4966286e-08
3.420068e-07
1.9285449e-08
4.4473969e-07
2.5511955e-08
5.7632866e-07
3.4642051e-08
7.4263162e-07
4.811483e-08
9.4881366e-07
6.7894916e-08
1.1971177e-06
9.6430712e-08
1.4835968e-06
1.3629477e-07
1.7922773e-06
1.8933319e-07
2.0899746e-06
2.5498751e-07
2.3194382e-06
3.283934e-07
2.407701e-06
3.9912198e-07
2.2806508e-06
4.5304516e-07
1.9134873e-06
4.7899429e-07
1.3660962e-06
4.7767672e-07
8.0592725e-07
4.5945906e-07
3.7948913e-07
4.393328e-07
1.7786527e-07
4.2469991e-07
1.3905996e-07
4.24382e-07
2.8932288e-07
4.2873007e-07
3.7182244e-07
4.3678501e-07
9.6311672e-08
3.3730444e-07
-5.0235986e-06
-1.7865903e-05
2.8748836e-11
1.2025878e-09
1.1581347e-10
3.6883828e-09
2.6078718e-10
6.2995339e-09
4.6520118e-10
9.2276276e-09
7.2981385e-10
1.2572376e-08
1.0569269e-09
1.655048e-08
1.4492014e-09
2.138338e-08
1.9108766e-09
2.7386264e-08
2.4480223e-09
3.4957702e-08
3.069689e-09
4.4626187e-08
3.7893896e-09
5.7082254e-08
4.6276497e-09
7.3230436e-08
5.6158299e-09
9.4251627e-08
6.8022037e-09
1.2168161e-07
8.2616938e-09
1.5750207e-07
1.0110864e-08
2.0424838e-07
1.2531461e-08
2.6511996e-07
1.5806294e-08
3.440646e-07
2.0371902e-08
4.4581154e-07
2.6892091e-08
5.757507e-07
3.635154e-08
7.3941911e-07
5.0156533e-08
9.4156032e-07
7.020294e-08
1.1839276e-06
9.882055e-08
1.4621402e-06
1.3840787e-07
1.7601558e-06
1.9061106e-07
2.0455421e-06
2.5473714e-07
2.2633879e-06
3.2602492e-07
2.3447947e-06
3.9453219e-07
2.2208315e-06
4.4702168e-07
1.869993e-06
4.7305931e-07
1.3493617e-06
4.7324628e-07
8.1535152e-07
4.5716118e-07
4.0549312e-07
4.388616e-07
2.0638988e-07
4.2545939e-07
1.6298517e-07
4.2547189e-07
3.0007844e-07
4.29886e-07
3.7811253e-07
4.371175e-07
9.8301622e-08
3.3758025e-07
-4.9210554e-06
-1.7538723e-05
2.9093787e-11
1.3258472e-09
1.172372e-10
4.0572969e-09
2.6414423e-10
6.9143877e-09
4.7154743e-10
1.0086687e-08
7.4052195e-10
1.3674561e-08
1.0737992e-09
1.7893052e-08
1.4746505e-09
2.296306e-08
1.9481317e-09
2.9197977e-08
2.501401e-09
3.699428e-08
3.1449507e-09
4.6877125e-08
3.8941814e-09
5.9532149e-08
4.7720777e-09
7.5856333e-08
5.813138e-09
9.7019136e-08
7.0695878e-09
1.2453869e-07
8.6212885e-09
1.6036908e-07
1.0590618e-08
2.0700294e-07
1.3165775e-08
2.6757366e-07
1.6635913e-08
3.4592815e-07
2.1442024e-08
4.4664399e-07
2.824712e-08
5.74889e-07
3.8023577e-08
7.3589084e-07
5.214461e-08
9.3399225e-07
7.2438628e-08
1.1704913e-06
1.0112108e-07
1.4406203e-06
1.4042574e-07
1.7283185e-06
1.9181337e-07
2.0019268e-06
2.5447222e-07
2.2088065e-06
3.2374779e-07
2.2839024e-06
3.9016103e-07
2.163108e-06
4.4130054e-07
1.8278504e-06
4.6741223e-07
1.3325549e-06
4.6900122e-07
8.2337552e-07
4.5492402e-07
4.2949092e-07
4.3836169e-07
2.3317899e-07
4.2614817e-07
1.8572348e-07
4.264912e-07
3.1050524e-07
4.3099254e-07
3.8431674e-07
4.3744907e-07
1.0106697e-07
3.3785417e-07
-4.8184537e-06
-1.7211266e-05
2.9438032e-11
1.4487914e-09
1.1865628e-10
4.4252234e-09
2.6748931e-10
7.5274611e-09
4.7786989e-10
1.0942972e-08
7.5118833e-10
1.4772664e-08
1.0906034e-09
1.9229806e-08
1.499993e-09
2.4534579e-08
1.9852229e-09
3.0998378e-08
2.5545305e-09
3.9015315e-08
3.2198348e-09
4.9106863e-08
3.9984025e-09
6.1953319e-08
4.9156366e-09
7.8443563e-08
6.0091078e-09
9.9734965e-08
7.334915e-09
1.273272e-07
8.9777065e-09
1.6314585e-07
1.1065449e-08
2.0964e-07
1.3792462e-08
2.6987648e-07
1.7453768e-08
3.4760156e-07
2.249417e-08
4.4724325e-07
2.9575112e-08
5.7375261e-07
3.9655949e-08
7.320594e-07
5.4076586e-08
9.2612586e-07
7.4599211e-08
1.1568278e-06
1.0332901e-07
1.4190544e-06
1.4234376e-07
1.6967725e-06
1.929323e-07
1.9591122e-06
2.5417854e-07
2.1556395e-06
3.2153745e-07
2.2249285e-06
3.8597132e-07
2.1073656e-06
4.3583561e-07
1.7869849e-06
4.6200673e-07
1.3156905e-06
4.6490266e-07
8.3009428e-07
4.5271728e-07
4.515986e-07
4.3780825e-07
2.5831653e-07
4.26743e-07
2.0731531e-07
4.2741611e-07
3.206037e-07
4.3202319e-07
3.9041656e-07
4.3775159e-07
1.0456086e-07
3.3810585e-07
-4.7158004e-06
-1.6883554e-05
2.9781255e-11
1.5714209e-09
1.2006958e-10
4.7921655e-09
2.7081991e-10
8.1387596e-09
4.8416389e-10
1.1796494e-08
7.6180516e-10
1.5866701e-08
1.1073274e-09
2.0560766e-08
1.5252106e-09
2.6097976e-08
2.0221237e-09
3.2787523e-08
2.6073732e-09
4.1020893e-08
3.294289e-09
5.1315533e-08
4.1019816e-09
6.4345964e-08
5.0582296e-09
8.0992435e-08
6.2036091e-09
1.023996e-07
7.5980175e-09
1.3004788e-07
9.3307355e-09
1.6583352e-07
1.1535096e-08
2.1216134e-07
1.441122e-08
2.7203114e-07
1.8259538e-08
3.4908897e-07
2.3528063e-08
4.4761544e-07
3.0875949e-08
5.723504e-07
4.1248898e-08
7.2793704e-07
5.5953375e-08
9.1797689e-07
7.6686668e-08
1.1429549e-06
1.0544773e-07
1.3974587e-06
1.4416673e-07
1.6655239e-06
1.9397313e-07
1.9170812e-06
2.5385967e-07
2.1038338e-06
3.1939267e-07
2.1677822e-06
3.8195483e-07
2.0534967e-06
4.3061395e-07
1.7473263e-06
4.568313e-07
1.2987816e-06
4.6094587e-07
8.3559608e-07
4.50543e-07
4.7192544e-07
4.3720722e-07
2.818825e-07
4.2725033e-07
2.278005e-07
4.2825265e-07
3.3037469e-07
4.3298164e-07
3.9639582e-07
4.3802769e-07
1.0873751e-07
3.3833817e-07
-4.6131026e-06
-1.6555607e-05
3.0123139e-11
1.6937364e-09
1.2147598e-10
5.1581268e-09
2.7413348e-10
8.7482905e-09
4.9042476e-10
1.2647264e-08
7.7236467e-10
1.695669e-08
1.1239589e-09
2.1885962e-08
1.5502851e-09
2.7653293e-08
2.0588076e-09
3.4565479e-08
2.6598917e-09
4.3011112e-08
3.3682614e-09
5.3503279e-08
4.2048472e-09
6.6710303e-08
5.1997591e-09
8.3503289e-08
6.3965155e-09
1.0501356e-07
7.858731e-09
1.3270152e-07
9.6801676e-09
1.6843329e-07
1.1999305e-08
2.1456878e-07
1.5021757e-08
2.7404041e-07
1.9052922e-08
3.5039452e-07
2.4543448e-08
4.4776668e-07
3.2149536e-08
5.7069109e-07
4.280269e-08
7.2353564e-07
5.7775898e-08
9.0956042e-07
7.8702942e-08
1.1288896e-06
1.0748051e-07
1.3758478e-06
1.458992e-07
1.634577e-06
1.9494082e-07
1.8758166e-06
2.5351892e-07
2.0533382e-06
3.1731221e-07
2.1123773e-06
3.7810379e-07
2.0014002e-06
4.2562342e-07
1.708809e-06
4.5187515e-07
1.2818399e-06
4.5712629e-07
8.3996296e-07
4.4840296e-07
4.9057437e-07
4.3656411e-07
3.0395321e-07
4.2767626e-07
2.4721836e-07
4.2900653e-07
3.3981941e-07
4.3387143e-07
4.022405e-07
4.3827971e-07
1.1355231e-07
3.3855365e-07
-4.5103676e-06
-1.622744e-05
3.046337e-11
1.815739e-09
1.2287436e-10
5.5231121e-09
2.7742755e-10
9.3560628e-09
4.9664787e-10
1.3495296e-08
7.8285902e-10
1.8042655e-08
1.1404858e-09
2.3205426e-08
1.5751982e-09
2.9200579e-08
2.0952483e-09
3.6332318e-08
2.7120488e-09
4.498608e-08
3.4417014e-09
5.5670263e-08
4.3069291e-09
6.9046576e-08
5.340128e-09
8.5976485e-08
6.5877028e-09
1.0757739e-07
8.116895e-09
1.3528892e-07
1.00258e-08
1.7094639e-07
1.2457833e-08
2.1686418e-07
1.5623796e-08
2.7590708e-07
1.9833633e-08
3.5152237e-07
2.554009e-08
4.4770301e-07
3.3395808e-08
5.6878323e-07
4.4317614e-08
7.1886673e-07
5.9545084e-08
9.0089089e-07
8.0649941e-08
1.1146478e-06
1.0943051e-07
1.3542353e-06
1.475455e-07
1.6039352e-06
1.9584001e-07
1.8353006e-06
2.5315929e-07
2.004103e-06
3.1529483e-07
2.0586318e-06
3.7441086e-07
1.9509808e-06
4.2085263e-07
1.6713711e-06
4.4712809e-07
1.2648762e-06
4.534395e-07
8.4327118e-07
4.4629872e-07
5.0764236e-07
4.3588402e-07
3.2460141e-07
4.2802651e-07
2.6560755e-07
4.2968318e-07
3.4893941e-07
4.3469597e-07
4.0793861e-07
4.385098e-07
1.1896193e-07
3.3875452e-07
-4.4076029e-06
-1.589907e-05
3.0803835e-11
1.9374387e-09
1.2427248e-10
5.8871528e-09
2.8071968e-10
9.9621291e-09
5.0286453e-10
1.4340667e-08
7.9333721e-10
1.9124696e-08
1.1569788e-09
2.451929e-08
1.6000467e-09
3.074e-08
2.1315725e-09
3.8088246e-08
2.7640059e-09
4.6946056e-08
3.514811e-09
5.781681e-08
4.408475e-09
7.1355202e-08
5.4796348e-09
8.8412587e-08
6.7775369e-09
1.1009184e-07
8.3729565e-09
1.3781112e-07
1.0368184e-08
1.7337427e-07
1.2911375e-08
2.190496e-07
1.6218242e-08
2.776341e-07
2.0602893e-08
3.5247673e-07
2.6519696e-08
4.4743039e-07
3.4617221e-08
5.6663504e-07
4.5797284e-08
7.1394112e-07
6.1266275e-08
8.9198149e-07
8.2535459e-08
1.1002433e-06
1.1130875e-07
1.332632e-06
1.4912042e-07
1.5735986e-06
1.9668909e-07
1.7955125e-06
2.5280151e-07
1.9560767e-06
3.1336144e-07
2.0064642e-06
3.7089535e-07
1.9021459e-06
4.1632031e-07
1.6349524e-06
4.4261181e-07
1.2478987e-06
4.4991306e-07
8.4559183e-07
4.4426308e-07
5.2322183e-07
4.3520258e-07
3.4389772e-07
4.2833689e-07
2.830073e-07
4.3031833e-07
3.5773703e-07
4.3548941e-07
4.1348051e-07
4.3875114e-07
1.2492466e-07
3.389666e-07
-4.3048082e-06
-1.5570485e-05
3.1137655e-11
2.05882e-09
1.2564276e-10
6.2502032e-09
2.839474e-10
1.0566415e-08
5.0896273e-10
1.5183275e-08
8.0362212e-10
2.020269e-08
1.1731788e-09
2.5827407e-08
1.6244707e-09
3.2271397e-08
2.167299e-09
3.9833103e-08
2.8151361e-09
4.8890889e-08
3.5867889e-09
5.9942803e-08
4.5084728e-09
7.3636133e-08
5.6170142e-09
9.0811664e-08
6.9644471e-09
1.1255714e-07
8.6249688e-09
1.4026863e-07
1.0704907e-08
1.757179e-07
1.3356935e-08
2.2112667e-07
1.6801361e-08
2.7922408e-07
2.1356025e-08
3.5326162e-07
2.7476379e-08
4.4695481e-07
3.5806322e-08
5.6425505e-07
4.7232197e-08
7.0877035e-07
6.292726e-08
8.8284672e-07
8.4343634e-08
1.0856924e-06
1.1309435e-07
1.3110519e-06
1.50596e-07
1.5435729e-06
1.9745018e-07
1.7564397e-06
2.5239423e-07
1.9092198e-06
3.1144407e-07
1.9558076e-06
3.6747182e-07
1.854818e-06
4.1192793e-07
1.5995034e-06
4.3822319e-07
1.2309184e-06
4.4644723e-07
8.4699057e-07
4.4220281e-07
5.3739658e-07
4.3443157e-07
3.6190561e-07
4.2852151e-07
2.994523e-07
4.3082478e-07
3.6621365e-07
4.3616247e-07
4.1885633e-07
4.3891141e-07
1.3139986e-07
3.391203e-07
-4.2020069e-06
-1.5241743e-05
3.1471122e-11
2.1798934e-09
1.2701057e-10
6.6122965e-09
2.8716808e-10
1.1168977e-08
5.1504491e-10
1.6023202e-08
8.1387508e-10
2.1276744e-08
1.1893203e-09
2.7129919e-08
1.6487932e-09
3.3794947e-08
2.2028557e-09
4.1567112e-08
2.8659921e-09
5.0820861e-08
3.6583331e-09
6.2048594e-08
4.6077905e-09
7.588983e-08
5.7533418e-09
9.317432e-08
7.1497571e-09
1.149741e-07
8.8745615e-09
1.4266256e-07
1.1037986e-08
1.7797878e-07
1.3797037e-08
2.2309752e-07
1.7376357e-08
2.8068002e-07
2.2097174e-08
3.5388128e-07
2.8415612e-08
4.462821e-07
3.6970483e-08
5.6165113e-07
4.8632456e-08
7.0336456e-07
6.4542025e-08
8.7349857e-07
8.6093847e-08
1.0710073e-06
1.1481387e-07
1.2895038e-06
1.5200777e-07
1.5138563e-06
1.9816907e-07
1.7180613e-06
2.5199367e-07
1.8634838e-06
3.0960826e-07
1.9065877e-06
3.6421318e-07
1.8089146e-06
4.077548e-07
1.5649705e-06
4.3404804e-07
1.2139416e-06
4.4313386e-07
8.4752903e-07
4.4021341e-07
5.5024888e-07
4.3366772e-07
3.786895e-07
4.2867618e-07
3.1498035e-07
4.3129901e-07
3.7437228e-07
4.3681058e-07
4.2405957e-07
4.39086e-07
1.383489e-07
3.3928844e-07
-4.099199e-06
-1.4912829e-05
3.180179e-11
2.3006613e-09
1.2836613e-10
6.9734403e-09
2.9035948e-10
1.1769828e-08
5.2107107e-10
1.686047e-08
8.2403257e-10
2.2346892e-08
1.2053101e-09
2.8426875e-08
1.6728839e-09
3.5310723e-08
2.2380675e-09
4.3290375e-08
2.9163446e-09
5.2736118e-08
3.7291477e-09
6.4134402e-08
4.7060491e-09
7.8116611e-08
5.8881451e-09
9.5501011e-08
7.3328778e-09
1.1734338e-07
9.1210022e-09
1.4499385e-07
1.1366515e-08
1.8015832e-07
1.4230566e-08
2.2496416e-07
1.7941865e-08
2.8200482e-07
2.2824677e-08
3.5433982e-07
2.9335384e-08
4.4541807e-07
3.8107301e-08
5.5883117e-07
4.9995209e-08
6.9773387e-07
6.6107194e-08
8.6394911e-07
8.7782029e-08
1.0562003e-06
1.1646218e-07
1.2679969e-06
1.5334873e-07
1.4844484e-06
1.9883543e-07
1.6803588e-06
2.5158401e-07
1.8188252e-06
3.0783046e-07
1.8587375e-06
3.6108717e-07
1.7643609e-06
4.037624e-07
1.5313056e-06
4.3004677e-07
1.1969752e-06
4.3993711e-07
8.4726447e-07
4.3826417e-07
5.6185516e-07
4.3288389e-07
3.9430949e-07
4.2877511e-07
3.2962718e-07
4.3171465e-07
3.8221575e-07
4.3740579e-07
4.2908448e-07
4.3924498e-07
1.4573448e-07
3.3944868e-07
-3.9963922e-06
-1.4583751e-05
3.2129394e-11
2.4211262e-09
1.2970839e-10
7.3336432e-09
2.9351922e-10
1.2368985e-08
5.270367e-10
1.7695103e-08
8.3408712e-10
2.3413173e-08
1.2211363e-09
2.9718329e-08
1.6967253e-09
3.6818802e-08
2.2729097e-09
4.5003007e-08
2.9661591e-09
5.4636822e-08
3.7991835e-09
6.6200455e-08
4.8031812e-09
8.0316813e-08
6.0213377e-09
9.7792207e-08
7.5136973e-09
1.1966564e-07
9.3641478e-09
1.4726349e-07
1.169032e-08
1.8225792e-07
1.4657318e-08
2.2672863e-07
1.8497665e-08
2.832014e-07
2.3538329e-08
3.5464139e-07
3.0235564e-08
4.4436842e-07
3.921682e-08
5.5580283e-07
5.1320834e-08
6.9188811e-07
6.7623698e-08
8.5420985e-07
8.9409897e-08
1.0412831e-06
1.1804191e-07
1.2465392e-06
1.5462228e-07
1.4553479e-06
1.9945268e-07
1.6433139e-06
2.5116721e-07
1.7752021e-06
3.061094e-07
1.8121931e-06
3.5808824e-07
1.7210866e-06
3.9994237e-07
1.4984632e-06
4.2621179e-07
1.1800253e-06
4.3685329e-07
8.4625021e-07
4.3635579e-07
5.7228746e-07
4.3208358e-07
4.0882288e-07
4.2882264e-07
3.4342768e-07
4.3207566e-07
3.8974724e-07
4.3795091e-07
4.3392653e-07
4.393895e-07
1.5352095e-07
3.3960232e-07
-3.8935946e-06
-1.4254516e-05
3.2453668e-11
2.5412907e-09
1.3103638e-10
7.6929145e-09
2.9664491e-10
1.2966464e-08
5.3293734e-10
1.852713e-08
8.4403134e-10
2.4475626e-08
1.2367874e-09
3.1004341e-08
1.7203003e-09
3.8319271e-08
2.3073581e-09
4.6705127e-08
3.0154012e-09
5.652314e-08
3.8683899e-09
6.8247002e-08
4.8991218e-09
8.2490786e-08
6.1528347e-09
1.000484e-07
7.6921052e-09
1.219416e-07
9.6038587e-09
1.4947247e-07
1.200923e-08
1.8427902e-07
1.5077097e-08
2.2839298e-07
1.9043544e-08
2.8427267e-07
2.4237933e-08
3.5479008e-07
3.1116032e-08
4.4313881e-07
4.0299098e-08
5.5257364e-07
5.2609722e-08
6.8583674e-07
6.909246e-08
8.4429178e-07
9.0979119e-08
1.0262665e-06
1.195556e-07
1.2251383e-06
1.5583163e-07
1.426553e-06
2.0002401e-07
1.6069084e-06
2.5074506e-07
1.7325738e-06
3.0444385e-07
1.7668934e-06
3.5521116e-07
1.6790252e-06
3.9628687e-07
1.4664007e-06
4.2253594e-07
1.1630971e-06
4.3387886e-07
8.4453595e-07
4.3448886e-07
5.8161369e-07
4.3127002e-07
4.2228435e-07
4.2882282e-07
3.5641593e-07
4.3238577e-07
3.9697028e-07
4.3844857e-07
4.3858225e-07
4.3952059e-07
1.6167423e-07
3.3975051e-07
-3.7908142e-06
-1.3925129e-05
3.2774346e-11
2.6611581e-09
1.3234907e-10
8.0512644e-09
2.9973419e-10
1.3562284e-08
5.3876858e-10
1.9356579e-08
8.5385786e-10
2.5534296e-08
1.2522519e-09
3.2284973e-08
1.7435921e-09
3.9812216e-08
2.3413889e-09
4.839686e-08
3.0640365e-09
5.8395255e-08
3.936717e-09
7.0274303e-08
4.9938078e-09
8.4638895e-08
6.2825533e-09
1.022701e-07
7.8679933e-09
1.2417198e-07
9.8399986e-09
1.5162184e-07
1.2323081e-08
1.8622309e-07
1.5489711e-08
2.2995931e-07
1.9579303e-08
2.8522159e-07
2.4923309e-08
3.5478998e-07
3.1976686e-08
4.417348e-07
4.1354207e-08
5.4915091e-07
5.3862267e-08
6.7958891e-07
7.0514392e-08
8.3420536e-07
9.2491319e-08
1.0111608e-06
1.210057e-07
1.2038007e-06
1.5697986e-07
1.3980611e-06
2.0055243e-07
1.5711239e-06
2.5031919e-07
1.6909012e-06
3.0283257e-07
1.7227806e-06
3.5245099e-07
1.6381142e-06
3.9278851e-07
1.4350779e-06
4.1901245e-07
1.1461955e-06
4.3101041e-07
8.4216805e-07
4.3266385e-07
5.8989788e-07
4.3044622e-07
4.3474603e-07
4.2877948e-07
3.6862515e-07
4.3264851e-07
4.0388869e-07
4.3890125e-07
4.4304923e-07
4.3963919e-07
1.7016189e-07
3.3989433e-07
-3.6880592e-06
-1.3595594e-05
3.3093495e-11
2.7807402e-09
1.3365495e-10
8.408729e-09
3.028063e-10
1.4156507e-08
5.4456491e-10
2.0183541e-08
8.6362115e-10
2.6589302e-08
1.2676095e-09
3.3560382e-08
1.7667109e-09
4.1297841e-08
2.3751486e-09
5.007846e-08
3.1122521e-09
6.0253489e-08
4.0044036e-09
7.2282776e-08
5.0875428e-09
8.6761666e-08
6.4108722e-09
1.04458e-07
8.0418334e-09
1.2635768e-07
1.0073159e-08
1.5371281e-07
1.263262e-08
1.8809178e-07
1.5896122e-08
2.3142982e-07
2.0106195e-08
2.8605116e-07
2.5596129e-08
3.5464515e-07
3.2819795e-08
4.4016177e-07
4.2385279e-08
5.4554155e-07
5.5082826e-08
6.7315299e-07
7.1895548e-08
8.2395981e-07
9.3954798e-08
9.9597428e-07
1.2240328e-07
1.1825306e-06
1.5808113e-07
1.3698673e-06
2.0105506e-07
1.5359399e-06
2.4990884e-07
1.6501435e-06
3.012957e-07
1.6797962e-06
3.498278e-07
1.5982914e-06
3.8946787e-07
1.4044545e-06
4.1566433e-07
1.1293234e-06
4.2827498e-07
8.3918952e-07
4.3091165e-07
5.972009e-07
4.296454e-07
4.4625844e-07
4.2872664e-07
3.8008858e-07
4.3289797e-07
4.1050697e-07
4.3934247e-07
4.4732639e-07
4.3977746e-07
1.7895331e-07
3.4005868e-07
-3.5853305e-06
-1.3265891e-05
3.34037e-11
2.9000237e-09
1.3492439e-10
8.7652693e-09
3.0579416e-10
1.474907e-08
5.5020578e-10
2.1007931e-08
8.7312971e-10
2.7640546e-08
1.2825785e-09
3.4830459e-08
1.7892638e-09
4.2776032e-08
2.4081063e-09
5.1749829e-08
3.159347e-09
6.2097783e-08
4.0705492e-09
7.4272421e-08
5.1791793e-09
8.8859191e-08
6.5363413e-09
1.0661234e-07
8.2118028e-09
1.2849918e-07
1.0301056e-08
1.5574617e-07
1.293499e-08
1.8988634e-07
1.6292752e-08
2.3280644e-07
2.0619734e-08
2.8676421e-07
2.6250755e-08
3.5435966e-07
3.3638256e-08
4.3842534e-07
4.3383336e-08
5.4175306e-07
5.6260013e-08
6.6653843e-07
7.322143e-08
8.135661e-07
9.5350998e-08
9.8071801e-07
1.2372443e-07
1.1613361e-06
1.5910445e-07
1.341972e-06
2.0149165e-07
1.5013433e-06
2.4946213e-07
1.6102697e-06
2.997679e-07
1.6378936e-06
3.4726271e-07
1.5595067e-06
3.8623558e-07
1.374499e-06
4.1239717e-07
1.1124868e-06
4.2557836e-07
8.356411e-07
4.2914094e-07
6.0357864e-07
4.287787e-07
4.5686746e-07
4.2857659e-07
3.9083598e-07
4.330447e-07
4.168291e-07
4.3968124e-07
4.5141191e-07
4.3984196e-07
1.8801851e-07
3.4017284e-07
-3.4826521e-06
-1.2936068e-05
3.3711655e-11
3.0190211e-09
1.3618467e-10
9.120923e-09
3.0875995e-10
1.5340037e-08
5.5580295e-10
2.1829843e-08
8.8256061e-10
2.8688153e-08
1.2974186e-09
3.6095368e-08
1.8116112e-09
4.4247002e-08
2.4407427e-09
5.3411239e-08
3.205949e-09
6.3928486e-08
4.1359621e-09
7.6243671e-08
5.2697413e-09
9.093203e-08
6.6602463e-09
1.0873383e-07
8.3795115e-09
1.3059743e-07
1.0525709e-08
1.5772318e-07
1.3232729e-08
1.9160845e-07
1.6682813e-08
2.3409143e-07
2.1124026e-08
2.8736376e-07
2.6892486e-08
3.539375e-07
3.4438989e-08
4.3653073e-07
4.435751e-08
5.3779199e-07
5.7405971e-08
6.5975301e-07
7.4508227e-08
8.0303251e-07
9.6701425e-08
9.6539913e-07
1.249974e-07
1.1402201e-06
1.6008616e-07
1.314369e-06
2.0190755e-07
1.4673137e-06
2.4903358e-07
1.5712417e-06
2.9831224e-07
1.5970195e-06
3.4482611e-07
1.5217043e-06
3.8316848e-07
1.3451753e-06
4.0929386e-07
1.0956878e-06
4.2300875e-07
8.3156028e-07
4.2744364e-07
6.0908539e-07
4.2793996e-07
4.6661925e-07
4.2842365e-07
4.0089893e-07
4.3318407e-07
4.2286027e-07
4.400129e-07
4.5530625e-07
4.399274e-07
1.9733008e-07
3.4030918e-07
-3.3800253e-06
-1.2606104e-05
3.4014667e-11
3.1377369e-09
1.3742521e-10
9.4757034e-09
3.1167999e-10
1.5929432e-08
5.6131394e-10
2.2649314e-08
8.9184639e-10
2.9732178e-08
1.3120303e-09
3.7355187e-08
1.833612e-09
4.571086e-08
2.4728646e-09
5.506285e-08
3.2518067e-09
6.5745817e-08
4.2003179e-09
7.8196832e-08
5.3588131e-09
9.2980603e-08
6.7820599e-09
1.1082308e-07
8.5442968e-09
1.3265324e-07
1.0746287e-08
1.5964498e-07
1.3524805e-08
1.932597e-07
1.7065029e-08
2.3528696e-07
2.1617494e-08
2.8785278e-07
2.7519391e-08
3.5338266e-07
3.5219638e-08
4.3448317e-07
4.5304939e-08
5.3366498e-07
5.8517235e-08
6.5280464e-07
7.5751732e-08
7.9236762e-07
9.8000893e-08
9.5002527e-07
1.2621561e-07
1.1191864e-06
1.6101753e-07
1.287054e-06
2.0229082e-07
1.4338333e-06
2.486066e-07
1.5330251e-06
2.9690615e-07
1.5571257e-06
3.4248913e-07
1.484834e-06
3.8023304e-07
1.3164514e-06
4.0631943e-07
1.078929e-06
4.2053281e-07
8.2698225e-07
4.2578926e-07
6.1377186e-07
4.2710084e-07
4.7555706e-07
4.2824045e-07
4.1030728e-07
4.3328795e-07
4.2860569e-07
4.4030836e-07
4.5901012e-07
4.4000297e-07
2.0686165e-07
3.4044465e-07
-3.2774592e-06
-1.2275997e-05
3.4312421e-11
3.2561758e-09
1.3864498e-10
9.8296247e-09
3.1455212e-10
1.6517279e-08
5.6673492e-10
2.3466383e-08
9.0098074e-10
3.0772678e-08
1.3264028e-09
3.8609998e-08
1.8552484e-09
4.7167728e-08
2.5044477e-09
5.6704828e-08
3.2968897e-09
6.7550006e-08
4.2635747e-09
8.0132218e-08
5.4463378e-09
9.5005349e-08
6.9017075e-09
1.1288069e-07
8.7060635e-09
1.3466746e-07
1.0962674e-08
1.6151273e-07
1.381108e-08
1.9484167e-07
1.7439246e-08
2.363952e-07
2.2099986e-08
2.8823422e-07
2.8131347e-08
3.5269911e-07
3.5980164e-08
4.3228784e-07
4.6225757e-08
5.2937852e-07
5.9594226e-08
6.4570097e-07
7.6952796e-08
7.8157958e-07
9.9250811e-08
9.3460354e-07
1.2738105e-07
1.0982383e-06
1.6190096e-07
1.2600221e-06
2.0264365e-07
1.4008847e-06
2.481822e-07
1.4955869e-06
2.9554849e-07
1.5181664e-06
3.4024798e-07
1.4488484e-06
3.7742376e-07
1.2882969e-06
4.0346879e-07
1.0622129e-06
4.1814775e-07
8.2193988e-07
4.2417787e-07
6.176859e-07
4.2626336e-07
4.8372225e-07
4.2802985e-07
4.1909005e-07
4.3335881e-07
4.3407094e-07
4.405695e-07
4.6252477e-07
4.4006913e-07
2.1658826e-07
3.4058001e-07
-3.1749632e-06
-1.1945749e-05
3.4604649e-11
3.3743429e-09
1.3984309e-10
1.0182701e-08
3.173744e-10
1.7103604e-08
5.720622e-10
2.4281089e-08
9.0995688e-10
3.1809713e-08
1.3405244e-09
3.9859889e-08
1.8765029e-09
4.8617728e-08
2.5354701e-09
5.8337346e-08
3.3411682e-09
6.9341287e-08
4.3256913e-09
8.2050155e-08
5.5322594e-09
9.7006722e-08
7.0191161e-09
1.1490729e-07
8.8647189e-09
1.3664095e-07
1.1174755e-08
1.6332761e-07
1.409142e-08
1.9635598e-07
1.7805314e-08
2.3741836e-07
2.2571355e-08
2.8851105e-07
2.872824e-08
3.5189075e-07
3.6720539e-08
4.2994978e-07
4.7120101e-08
5.2493889e-07
6.0637362e-08
6.3844936e-07
7.8112251e-08
7.7067612e-07
1.0045254e-07
9.1914047e-07
1.2849564e-07
1.0773783e-06
1.6273869e-07
1.2332681e-06
2.0296809e-07
1.3684505e-06
2.4776136e-07
1.4588951e-06
2.9423818e-07
1.4800978e-06
3.380991e-07
1.4137027e-06
3.7473546e-07
1.260683e-06
4.0073714e-07
1.0455413e-06
4.1585092e-07
8.1646391e-07
4.2260951e-07
6.208727e-07
4.2542937e-07
4.9115429e-07
4.277945e-07
4.2727543e-07
4.33399e-07
4.3926191e-07
4.4079805e-07
4.658521e-07
4.4012629e-07
2.2648628e-07
3.4071599e-07
-3.0725472e-06
-1.1615356e-05
3.4893606e-11
3.4922518e-09
1.4102878e-10
1.0534973e-08
3.2016767e-10
1.7688475e-08
5.7733286e-10
2.5093534e-08
9.1883282e-10
3.2843421e-08
1.3544797e-09
4.110504e-08
1.8974953e-09
5.0061093e-08
2.5660945e-09
5.9960695e-08
3.384855e-09
7.1120031e-08
4.3869409e-09
8.3951116e-08
5.6169254e-09
9.8985328e-08
7.1347251e-09
1.1690366e-07
9.0208188e-09
1.3857472e-07
1.1383236e-08
1.6509095e-07
1.4366724e-08
1.9780437e-07
1.8164395e-08
2.3835871e-07
2.3033113e-08
2.8868623e-07
2.9312066e-08
3.5096142e-07
3.7443425e-08
4.2747383e-07
4.7991551e-08
5.2035191e-07
6.165147e-08
6.3105637e-07
7.9236576e-08
7.5966378e-07
1.0161465e-07
9.0364104e-07
1.2957043e-07
1.0566071e-06
1.6354449e-07
1.2067846e-06
2.0328052e-07
1.3365113e-06
2.4736249e-07
1.4229164e-06
2.9299493e-07
1.4428753e-06
3.3606292e-07
1.3793517e-06
3.7218964e-07
1.2335806e-06
3.9814813e-07
1.0289148e-06
4.1366908e-07
8.1058264e-07
4.2111397e-07
6.2337509e-07
4.2463072e-07
4.9789139e-07
4.2756722e-07
4.3489142e-07
4.3344152e-07
4.4418509e-07
4.4102686e-07
4.689949e-07
4.4020616e-07
2.3653387e-07
3.4087728e-07
-2.9702136e-06
-1.1284793e-05
3.5171584e-11
3.6098914e-09
1.4217109e-10
1.0886407e-08
3.2286124e-10
1.8271839e-08
5.8241911e-10
2.5903648e-08
9.2740458e-10
3.387372e-08
1.3679688e-09
4.2345368e-08
1.9178064e-09
5.1497749e-08
2.595753e-09
6.1574827e-08
3.4271988e-09
7.2886237e-08
4.4463467e-09
8.5835181e-08
5.6990828e-09
1.0094137e-07
7.2469415e-09
1.1887016e-07
9.1723488e-09
1.404694e-07
1.1585577e-08
1.6680372e-07
1.4633798e-08
1.9918829e-07
1.851247e-08
2.3921833e-07
2.3480205e-08
2.8876269e-07
2.9876462e-08
3.499151e-07
3.8140805e-08
4.2486521e-07
4.8829995e-08
5.1562421e-07
6.2623786e-08
6.2352988e-07
8.0309633e-08
7.485511e-07
1.0271671e-07
8.8811301e-07
1.3057951e-07
1.0359293e-06
1.6428552e-07
1.1805697e-06
2.0353941e-07
1.3050547e-06
2.4693367e-07
1.3876259e-06
2.9175529e-07
1.4064641e-06
3.3406469e-07
1.3457598e-06
3.6970248e-07
1.2069677e-06
3.9561276e-07
1.012337e-06
4.115118e-07
8.0432376e-07
4.1960161e-07
6.2523302e-07
4.237786e-07
5.0396869e-07
4.2725951e-07
4.4196346e-07
4.3339578e-07
4.4884673e-07
4.4116384e-07
4.7195521e-07
4.4021482e-07
2.4670903e-07
3.409927e-07
-2.8679885e-06
-1.0954103e-05
3.544573e-11
3.7272758e-09
1.4329896e-10
1.1237044e-08
3.2552086e-10
1.8853766e-08
5.8743922e-10
2.6711533e-08
9.3586121e-10
3.4900755e-08
1.3812709e-09
4.3581061e-08
1.9378269e-09
5.2927934e-08
2.6249721e-09
6.3180047e-08
3.4688917e-09
7.4640295e-08
4.5048036e-09
8.7702846e-08
5.7798753e-09
1.0287547e-07
7.3572164e-09
1.2080763e-07
9.3211433e-09
1.4232604e-07
1.1784098e-08
1.6846728e-07
1.4895578e-08
2.0050951e-07
1.8853274e-08
2.3999953e-07
2.3917408e-08
2.8874339e-07
3.0427576e-08
3.4875554e-07
3.8820643e-08
4.2212859e-07
4.9645804e-08
5.107613e-07
6.3567846e-08
6.1587593e-07
8.1349074e-08
7.3734387e-07
1.037816e-07
8.7256042e-07
1.3155218e-07
1.0153446e-06
1.6499852e-07
1.1546154e-06
2.0378976e-07
1.2740618e-06
2.4652836e-07
1.3529921e-06
2.9058073e-07
1.3708233e-06
3.3217304e-07
1.3128861e-06
3.6734902e-07
1.1808177e-06
3.9321186e-07
9.9580782e-07
4.0946488e-07
7.9771204e-07
4.1816199e-07
6.2648478e-07
4.2296491e-07
5.0942122e-07
4.2696444e-07
4.4851805e-07
4.3335625e-07
4.53254e-07
4.4130393e-07
4.7473684e-07
4.4024665e-07
2.569923e-07
3.4113462e-07
-2.7658753e-06
-1.0623258e-05
3.5713268e-11
3.8444111e-09
1.4440137e-10
1.1586901e-08
3.2812159e-10
1.9434287e-08
5.9234858e-10
2.751724e-08
9.4413204e-10
3.5924595e-08
1.3942817e-09
4.4812218e-08
1.9574092e-09
5.4351789e-08
2.6535511e-09
6.477655e-08
3.5096669e-09
7.6382473e-08
4.5619643e-09
8.9554478e-08
5.8588566e-09
1.0478815e-07
7.4649821e-09
1.2271674e-07
9.4664851e-09
1.4414557e-07
1.1977896e-08
1.7008289e-07
1.5150939e-08
2.0176971e-07
1.9185404e-08
2.4070455e-07
2.4342985e-08
2.8863127e-07
3.0963265e-08
3.4748654e-07
3.9480307e-08
4.1926869e-07
5.0435755e-08
5.0576884e-07
6.4479707e-08
6.0810084e-07
8.235006e-08
7.2604834e-07
1.0480331e-07
8.5698796e-07
1.3248086e-07
9.9485394e-07
1.6567375e-07
1.1289155e-06
2.0401875e-07
1.2435161e-06
2.4612962e-07
1.3189871e-06
2.8944943e-07
1.3359162e-06
3.3036118e-07
1.2806941e-06
3.6509866e-07
1.1551073e-06
3.9091327e-07
9.7932795e-07
4.0749669e-07
7.9077102e-07
4.1676505e-07
6.2716641e-07
4.2216083e-07
5.1428201e-07
4.2665378e-07
4.5458037e-07
4.3329382e-07
4.5741418e-07
4.4141713e-07
4.7734375e-07
4.4027049e-07
2.6736471e-07
3.4127972e-07
-2.6638853e-06
-1.0292253e-05
3.5973947e-11
3.9613038e-09
1.4547743e-10
1.1935998e-08
3.3066155e-10
2.0013435e-08
5.9714398e-10
2.8320819e-08
9.5221168e-10
3.6945314e-08
1.4069924e-09
4.6038945e-08
1.9765402e-09
5.576946e-08
2.6814702e-09
6.6364537e-08
3.5494973e-09
7.811305e-08
4.6177919e-09
9.1390461e-08
5.9359779e-09
1.0667991e-07
7.5701754e-09
1.245982e-07
9.6082952e-09
1.4592894e-07
1.2166877e-08
1.7165182e-07
1.5399769e-08
2.029706e-07
1.9508746e-08
2.4133563e-07
2.4756829e-08
2.8842926e-07
3.1483459e-08
3.4611183e-07
4.011981e-08
4.1629017e-07
5.1200012e-08
5.0065234e-07
6.5359777e-08
6.002107e-07
8.3313336e-08
7.1467039e-07
1.05783e-07
8.4139992e-07
1.3336709e-07
9.7445757e-07
1.6631292e-07
1.1034636e-06
2.0422786e-07
1.2134015e-06
2.4573806e-07
1.2855838e-06
2.8836045e-07
1.3017075e-06
3.2862639e-07
1.249149e-06
3.6294756e-07
1.1298143e-06
3.8871337e-07
9.6289795e-07
4.0560512e-07
7.8352277e-07
4.1541064e-07
6.2731196e-07
4.2136761e-07
5.1858269e-07
4.2632946e-07
4.601749e-07
4.3321008e-07
4.613349e-07
4.4150456e-07
4.7978035e-07
4.4028645e-07
2.7780828e-07
3.4142862e-07
-2.5620305e-06
-9.9610808e-06
3.6227547e-11
4.0779606e-09
1.465264e-10
1.2284352e-08
3.3313905e-10
2.0591243e-08
6.0182224e-10
2.9122321e-08
9.6009468e-10
3.7962988e-08
1.4193942e-09
4.7261346e-08
1.9952065e-09
5.7181096e-08
2.7087105e-09
6.7944216e-08
3.5883563e-09
7.9832311e-08
4.6722505e-09
9.3211182e-08
6.0111915e-09
1.085513e-07
7.672735e-09
1.2645272e-07
9.7464968e-09
1.4767712e-07
1.2350948e-08
1.7317537e-07
1.5641964e-08
2.0411388e-07
1.9823187e-08
2.4189502e-07
2.5158837e-08
2.8814027e-07
3.1988093e-08
3.4463513e-07
4.0739169e-08
4.1319759e-07
5.1938741e-08
4.9541717e-07
6.6208454e-08
5.9221135e-07
8.4239623e-08
7.0321562e-07
1.0672178e-07
8.2580021e-07
1.3421234e-07
9.541556e-07
1.6691769e-07
1.0782531e-06
2.0441849e-07
1.183702e-06
2.4535421e-07
1.2527559e-06
2.8731286e-07
1.2681636e-06
3.2696609e-07
1.2182176e-06
3.6089207e-07
1.1049176e-06
3.8660876e-07
9.4651812e-07
4.0378815e-07
7.7598793e-07
4.1409856e-07
6.2695367e-07
4.205864e-07
5.2235358e-07
4.259933e-07
4.6532547e-07
4.3310649e-07
4.6502412e-07
4.4156717e-07
4.820516e-07
4.4029466e-07
2.8830587e-07
3.4158184e-07
-2.4603233e-06
-9.629734e-06
3.6473831e-11
4.1943882e-09
1.4754752e-10
1.2631983e-08
3.3555244e-10
2.1167744e-08
6.0638015e-10
2.9921798e-08
9.6777548e-10
3.8977694e-08
1.4314782e-09
4.8479535e-08
2.0133951e-09
5.8586854e-08
2.7352533e-09
6.9515801e-08
3.626218e-09
8.1540546e-08
4.7253049e-09
9.5017039e-08
6.0844514e-09
1.1040284e-07
7.7726015e-09
1.2828104e-07
9.8810154e-09
1.4939108e-07
1.2530019e-08
1.7465484e-07
1.5877422e-08
2.0520129e-07
2.0128619e-08
2.4238498e-07
2.5548912e-08
2.8776722e-07
3.2477108e-08
3.430601e-07
4.1338408e-08
4.0999544e-07
5.2652109e-08
4.9006856e-07
6.7026129e-08
5.8410841e-07
8.5129621e-08
6.9168927e-07
1.076207e-07
8.1019237e-07
1.3501801e-07
9.3394772e-07
1.674896e-07
1.0532773e-06
2.0459196e-07
1.1544018e-06
2.4497856e-07
1.2204782e-06
2.8630578e-07
1.2352521e-06
3.2537785e-07
1.1878684e-06
3.5892877e-07
1.0803969e-06
3.8459623e-07
9.3018857e-07
4.0204386e-07
7.6818587e-07
4.1282862e-07
6.2612206e-07
4.1981826e-07
5.256237e-07
4.2564698e-07
4.7005528e-07
4.3298444e-07
4.6849014e-07
4.4160576e-07
4.8416298e-07
4.4029522e-07
2.9884101e-07
3.4173991e-07
-2.3587766e-06
-9.2982038e-06
3.6715128e-11
4.3106022e-09
1.4855053e-10
1.2978935e-08
3.3792405e-10
2.1743016e-08
6.1085794e-10
3.0719364e-08
9.7531813e-10
3.9989584e-08
1.4433391e-09
4.969371e-08
2.0312381e-09
5.9986989e-08
2.7612775e-09
7.1079621e-08
3.6633189e-09
8.3238178e-08
4.7772625e-09
9.6808569e-08
6.1561526e-09
1.1223523e-07
7.8702798e-09
1.3008402e-07
1.0012495e-08
1.5107193e-07
1.2704913e-08
1.7609165e-07
1.6107197e-08
2.0623462e-07
2.0426404e-08
2.428078e-07
2.592882e-08
2.8731298e-07
3.2952808e-08
3.4139026e-07
4.192055e-08
4.0668788e-07
5.3344095e-08
4.8461119e-07
6.7818029e-08
5.759067e-07
8.5990144e-08
6.8009551e-07
1.0848854e-07
7.9457848e-07
1.3579511e-07
9.138319e-07
1.6804207e-07
1.0285274e-06
2.0476404e-07
1.1254835e-06
2.4462892e-07
1.1887236e-06
2.853586e-07
1.2029398e-06
3.2388232e-07
1.1580692e-06
3.5707975e-07
1.0562314e-06
3.8269985e-07
9.1390804e-07
4.0039881e-07
7.6013418e-07
4.116298e-07
6.2484593e-07
4.190939e-07
5.2842111e-07
4.2532224e-07
4.7438725e-07
4.3287595e-07
4.717417e-07
4.4165228e-07
4.8612087e-07
4.4031953e-07
3.0939843e-07
3.4192739e-07
-2.2573962e-06
-8.9664568e-06
3.6943251e-11
4.4265935e-09
1.495028e-10
1.3325179e-08
3.4017994e-10
2.2317011e-08
6.1512205e-10
3.151496e-08
9.8250904e-10
4.0998597e-08
1.4546603e-09
5.0903816e-08
2.0482898e-09
6.1381466e-08
2.7861762e-09
7.2635677e-08
3.6988527e-09
8.4925269e-08
4.8270709e-09
9.858593e-08
6.224938e-09
1.1404875e-07
7.9640347e-09
1.3186217e-07
1.013873e-08
1.5272045e-07
1.2872836e-08
1.7748693e-07
1.6327757e-08
2.0721549e-07
2.0712082e-08
2.4316569e-07
2.6292939e-08
2.8678049e-07
3.3408111e-08
3.3962945e-07
4.2476676e-08
4.0327971e-07
5.4003478e-08
4.790508e-07
6.8570052e-08
5.676126e-07
8.6803496e-08
6.6844068e-07
1.0930311e-07
7.7896363e-07
1.3651595e-07
8.938101e-07
1.6854069e-07
1.0040001e-06
2.0489224e-07
1.0969359e-06
2.4425357e-07
1.157473e-06
2.8440971e-07
1.1712013e-06
3.2240836e-07
1.1287953e-06
3.5526594e-07
1.032406e-06
3.8083531e-07
8.9767855e-07
3.9876604e-07
7.51851e-07
4.1041427e-07
6.2315282e-07
4.1832502e-07
5.3077213e-07
4.2493013e-07
4.7834271e-07
4.326897e-07
4.7478761e-07
4.4161355e-07
4.8793117e-07
4.4027344e-07
3.1996183e-07
3.4207254e-07
-2.156211e-06
-8.6345284e-06
3.7165661e-11
4.5423783e-09
1.5043496e-10
1.3670762e-08
3.4239036e-10
2.2889808e-08
6.1929934e-10
3.23087e-08
9.8955076e-10
4.200489e-08
1.4657414e-09
5.2110058e-08
2.0649708e-09
6.277055e-08
2.8105205e-09
7.418431e-08
3.7335761e-09
8.6602255e-08
4.8757153e-09
1.0034968e-07
6.2920762e-09
1.1584412e-07
8.0554876e-09
1.3361636e-07
1.0261784e-08
1.5433777e-07
1.3036412e-08
1.7884213e-07
1.6542442e-08
2.0814572e-07
2.098991e-08
2.4346094e-07
2.6646707e-08
2.8617259e-07
3.3849988e-08
3.3778109e-07
4.3015743e-08
3.9977496e-07
5.464178e-08
4.733918e-07
6.9297007e-08
5.592305e-07
8.7588628e-08
6.5672837e-07
1.1008849e-07
7.6334927e-07
1.3721068e-07
8.7387972e-07
1.6902256e-07
9.7968651e-07
2.0502127e-07
1.068742e-06
2.4390502e-07
1.1267009e-06
2.8351917e-07
1.1400057e-06
3.2102297e-07
1.1000173e-06
3.5356061e-07
1.0089016e-06
3.7908149e-07
8.8149849e-07
3.9722924e-07
7.4335176e-07
4.092695e-07
6.2106863e-07
4.1760173e-07
5.3270262e-07
4.2456246e-07
4.8194353e-07
4.3251918e-07
4.7763734e-07
4.4158365e-07
4.8960149e-07
4.4025108e-07
3.3051684e-07
3.422477e-07
-2.0552277e-06
-8.3023831e-06
3.7379394e-11
4.6579648e-09
1.5133554e-10
1.4015704e-08
3.4452967e-10
2.3461444e-08
6.2334355e-10
3.3100645e-08
9.963692e-10
4.3008548e-08
1.4764722e-09
5.3312558e-08
2.0811261e-09
6.4154413e-08
2.8340987e-09
7.5725754e-08
3.7672072e-09
8.8269452e-08
4.9228274e-09
1.0210024e-07
6.3570923e-09
1.1762192e-07
8.1440317e-09
1.3534739e-07
1.0380888e-08
1.5592492e-07
1.319467e-08
1.8015859e-07
1.6750029e-08
2.0902708e-07
2.1258361e-08
2.4369581e-07
2.6988224e-08
2.8549215e-07
3.4276079e-08
3.3584872e-07
4.3534835e-08
3.961778e-07
5.5255403e-08
4.6763889e-07
6.9994463e-08
5.5076522e-07
8.8340074e-08
6.4496274e-07
1.1083789e-07
7.4773767e-07
1.3787084e-07
8.5403933e-07
1.6947702e-07
9.5557937e-07
2.0513761e-07
1.0408871e-06
2.4356622e-07
1.0963847e-06
2.8266593e-07
1.1093255e-06
3.1970117e-07
1.0717087e-06
3.5193566e-07
9.8570116e-07
3.7740863e-07
8.6536728e-07
3.9575835e-07
7.3465146e-07
4.0816601e-07
6.1861797e-07
4.1689503e-07
5.3423725e-07
4.2419034e-07
4.8521073e-07
4.3233452e-07
4.8030053e-07
4.4153151e-07
4.9113987e-07
4.4022107e-07
3.4104872e-07
3.4242906e-07
-1.9544606e-06
-7.9700073e-06
3.7584122e-11
4.7733617e-09
1.5220365e-10
1.4360028e-08
3.4659621e-10
2.4031956e-08
6.2725171e-10
3.3890853e-08
1.0029594e-09
4.400966e-08
1.4868451e-09
5.4511442e-08
2.0967442e-09
6.5533225e-08
2.8568949e-09
7.7260247e-08
3.7997241e-09
8.9927187e-08
4.9683777e-09
1.0383805e-07
6.4199472e-09
1.1938273e-07
8.2296174e-09
1.3705605e-07
1.049598e-08
1.5748295e-07
1.3347536e-08
1.814377e-07
1.695044e-08
2.0986134e-07
2.1517355e-08
2.4387258e-07
2.7317423e-08
2.8474202e-07
3.4686354e-08
3.3383581e-07
4.4033994e-08
3.9249232e-07
5.5844516e-08
4.6179663e-07
7.0662775e-08
5.4222137e-07
8.9058435e-08
6.3314773e-07
1.1155219e-07
7.3213083e-07
1.3849753e-07
8.3428727e-07
1.6990525e-07
9.3167147e-07
2.0524223e-07
1.0133566e-06
2.4323747e-07
1.0665028e-06
2.8184926e-07
1.079134e-06
3.1844112e-07
1.0438445e-06
3.5038857e-07
9.6278869e-07
3.7581434e-07
8.4928415e-07
3.9435193e-07
7.2576419e-07
4.0710357e-07
6.1582421e-07
4.1620568e-07
5.353997e-07
4.2381499e-07
4.8816484e-07
4.3213652e-07
4.8278727e-07
4.4145719e-07
4.9255509e-07
4.4018335e-07
3.5154281e-07
3.4261669e-07
-1.8539244e-06
-7.6373863e-06
3.7779551e-11
4.8885778e-09
1.530385e-10
1.4703756e-08
3.4858842e-10
2.4601385e-08
6.3102095e-10
3.4679388e-08
1.0093166e-09
4.5008315e-08
1.4968527e-09
5.5706838e-08
2.1118141e-09
6.6907167e-08
2.8788933e-09
7.8788032e-08
3.8311052e-09
9.157579e-08
5.0123373e-09
1.0556357e-07
6.4806032e-09
1.2112716e-07
8.3121964e-09
1.3874312e-07
1.0607e-08
1.5901291e-07
1.3494941e-08
1.8268082e-07
1.7143597e-08
2.1065029e-07
2.1766813e-08
2.4399351e-07
2.7634239e-08
2.8392502e-07
3.5080787e-08
3.317458e-07
4.4513266e-08
3.8872255e-07
5.6409286e-08
4.5586945e-07
7.1302287e-08
5.3360338e-07
8.9744289e-08
6.2128702e-07
1.1223222e-07
7.1653047e-07
1.3909182e-07
8.1462167e-07
1.7030838e-07
9.0795548e-07
2.0533599e-07
9.8613627e-07
2.4291904e-07
1.0370338e-06
2.8106848e-07
1.0494058e-06
3.1724109e-07
1.0164003e-06
3.4891694e-07
9.401487e-07
3.7429638e-07
8.3324823e-07
3.9300856e-07
7.1670318e-07
4.06082e-07
6.1270952e-07
4.1553436e-07
5.3621277e-07
4.2343752e-07
4.90826e-07
4.3192592e-07
4.8510799e-07
4.4136056e-07
4.9385682e-07
4.4013786e-07
3.6198439e-07
3.4281048e-07
-1.7536339e-06
-7.3045048e-06
3.7965384e-11
5.0036222e-09
1.5383927e-10
1.5046912e-08
3.505048e-10
2.516977e-08
6.3464848e-10
3.5466311e-08
1.0154361e-09
4.6004607e-08
1.5064876e-09
5.6898874e-08
2.1263251e-09
6.8276418e-08
2.9000789e-09
8.0309357e-08
3.8613297e-09
9.3215598e-08
5.0546781e-09
1.0727725e-07
6.5390238e-09
1.2285581e-07
8.3917225e-09
1.4040941e-07
1.0713892e-08
1.6051587e-07
1.3636818e-08
1.8388935e-07
1.7329426e-08
2.113957e-07
2.2006663e-08
2.4406087e-07
2.7938613e-08
2.8304398e-07
3.5459355e-08
3.2958211e-07
4.49727e-08
3.8487246e-07
5.6949874e-08
4.4986169e-07
7.1913333e-08
5.2491553e-07
9.0398189e-08
6.0938408e-07
1.1287879e-07
7.009381e-07
1.3965471e-07
7.9504043e-07
1.7068746e-07
8.8442403e-07
2.0541975e-07
9.5921202e-07
2.4261119e-07
1.0079573e-06
2.8032293e-07
1.020116e-06
3.1609947e-07
9.8935298e-07
3.4751857e-07
9.1776629e-07
3.7285265e-07
8.1725851e-07
3.9172696e-07
7.0748089e-07
4.0510108e-07
6.0929499e-07
4.1488174e-07
5.3669839e-07
4.2305898e-07
4.9321393e-07
4.3170338e-07
4.8727354e-07
4.4124125e-07
4.9505569e-07
4.4008456e-07
3.7235836e-07
3.4301006e-07
-1.6536034e-06
-6.9713464e-06
3.8144019e-11
5.1185128e-09
1.5461617e-10
1.5389544e-08
3.52369e-10
2.573719e-08
6.3817701e-10
3.6251743e-08
1.0213861e-09
4.6998701e-08
1.5158509e-09
5.8087769e-08
2.1404194e-09
6.9641259e-08
2.920645e-09
8.1824583e-08
3.8906548e-09
9.4847068e-08
5.0957366e-09
1.0897966e-07
6.595644e-09
1.2456941e-07
8.468755e-09
1.4205587e-07
1.0817374e-08
1.61993e-07
1.3774087e-08
1.8506476e-07
1.7509106e-08
2.1209942e-07
2.2238422e-08
2.4407693e-07
2.8232505e-08
2.8210163e-07
3.5824593e-08
3.2734795e-07
4.5415581e-08
3.8094566e-07
5.7470537e-08
4.4377712e-07
7.2501403e-08
5.161613e-07
9.1027152e-08
5.9744131e-07
1.1350075e-07
6.8535386e-07
1.4019712e-07
7.7553992e-07
1.7105565e-07
8.6106803e-07
2.0550889e-07
9.3256812e-07
2.4233136e-07
9.792511e-07
2.7963183e-07
9.9123892e-07
3.1503708e-07
9.6267842e-07
3.462159e-07
8.9562562e-07
3.7150753e-07
8.0131272e-07
3.9053359e-07
6.9810836e-07
4.0418932e-07
6.0560037e-07
4.1427782e-07
5.3687772e-07
4.2271033e-07
4.9534819e-07
4.3150012e-07
4.8929526e-07
4.4112999e-07
4.9616364e-07
4.4005473e-07
3.826497e-07
3.4323901e-07
-1.5538396e-06
-6.6378717e-06
3.8306942e-11
5.233243e-09
1.5533536e-10
1.5731628e-08
3.5410429e-10
2.6303608e-08
6.4146785e-10
3.7035637e-08
1.0269442e-09
4.799055e-08
1.5246123e-09
5.9273489e-08
2.1536304e-09
7.1001684e-08
2.9399545e-09
8.3333748e-08
3.918231e-09
9.6470317e-08
5.1343998e-09
1.1067103e-07
6.6490232e-09
1.2626836e-07
8.5414445e-09
1.4368307e-07
1.0915084e-08
1.6344517e-07
1.3903747e-08
1.862083e-07
1.7678836e-08
2.1276316e-07
2.245728e-08
2.4404395e-07
2.8509839e-08
2.811009e-07
3.6168844e-08
3.2504698e-07
4.5832271e-08
3.7694652e-07
5.7959171e-08
4.3762071e-07
7.3051345e-08
5.0734586e-07
9.1612277e-08
5.8546348e-07
1.140746e-07
6.6978101e-07
1.4069007e-07
7.5612044e-07
1.7137743e-07
8.3788335e-07
2.0556033e-07
9.0619473e-07
2.420281e-07
9.5089975e-07
2.7893503e-07
9.6275554e-07
3.1398539e-07
9.363589e-07
3.4493327e-07
8.7371604e-07
3.7018008e-07
7.8541187e-07
3.8934417e-07
6.885979e-07
4.0326049e-07
6.0164524e-07
4.1363502e-07
5.3677109e-07
4.2230263e-07
4.9724739e-07
4.3122446e-07
4.9118494e-07
4.4093242e-07
4.9719296e-07
4.3995417e-07
3.9284127e-07
3.4342379e-07
-1.4543707e-06
-6.3041118e-06
3.846188e-11
5.3478314e-09
1.5602882e-10
1.6073212e-08
3.5578441e-10
2.6869105e-08
6.4465431e-10
3.7818117e-08
1.0323237e-09
4.8980325e-08
1.5330882e-09
6.0456258e-08
2.1664043e-09
7.2357982e-08
2.9586157e-09
8.4837224e-08
3.9448678e-09
9.8085814e-08
5.1717276e-09
1.1235197e-07
6.7005328e-09
1.2795341e-07
8.6115524e-09
1.4529199e-07
1.1009276e-08
1.648736e-07
1.4028672e-08
1.8732147e-07
1.7842277e-08
2.1338877e-07
2.2667909e-08
2.4396419e-07
2.8776576e-08
2.800445e-07
3.6499716e-08
3.2268233e-07
4.6232486e-08
3.7287853e-07
5.8428161e-08
4.3139605e-07
7.3578894e-08
4.9847241e-07
9.2173434e-08
5.734526e-07
1.1462523e-07
6.5421929e-07
1.4116427e-07
7.3677802e-07
1.7169014e-07
8.1486084e-07
2.0561856e-07
8.800765e-07
2.4175328e-07
9.2288219e-07
2.7829158e-07
9.3464154e-07
3.1301023e-07
9.1037185e-07
3.4374267e-07
8.5202267e-07
3.6894779e-07
7.6955348e-07
3.8824086e-07
6.7895923e-07
4.0240058e-07
5.9744746e-07
4.1304216e-07
5.3639818e-07
4.2192668e-07
4.9893047e-07
4.3096892e-07
4.9295491e-07
4.4074121e-07
4.9815811e-07
4.3987686e-07
4.0291649e-07
3.4363526e-07
-1.3552011e-06
-5.9700296e-06
3.8605678e-11
5.4622889e-09
1.5668456e-10
1.6414324e-08
3.5738295e-10
2.7433724e-08
6.4768874e-10
3.8599252e-08
1.0374482e-09
4.9968127e-08
1.5411647e-09
6.1636218e-08
2.1785801e-09
7.3710349e-08
2.9764085e-09
8.6335278e-08
3.9702718e-09
9.9693923e-08
5.2073352e-09
1.1402295e-07
6.749675e-09
1.296252e-07
8.6784404e-09
1.4688346e-07
1.1099135e-08
1.6627938e-07
1.4147831e-08
1.8840569e-07
1.7998131e-08
2.1397807e-07
2.2868676e-08
2.4383993e-07
2.9030677e-08
2.7893521e-07
3.6814664e-08
3.2025731e-07
4.6613062e-08
3.687454e-07
5.8873588e-08
4.2510706e-07
7.4079209e-08
4.895446e-07
9.2704646e-08
5.6141139e-07
1.1514524e-07
6.3866935e-07
1.4161061e-07
7.1750988e-07
1.7198246e-07
7.9199298e-07
2.0566964e-07
8.5420021e-07
2.4148985e-07
8.9517983e-07
2.7768108e-07
9.0687533e-07
3.1208796e-07
8.8469731e-07
3.4261777e-07
8.3053267e-07
3.6778264e-07
7.5373609e-07
3.8719491e-07
6.692021e-07
4.0158076e-07
5.9302431e-07
4.1247039e-07
5.3577797e-07
4.2155337e-07
5.0041587e-07
4.3070311e-07
4.9461808e-07
4.4052389e-07
4.9907483e-07
4.3979138e-07
4.1285708e-07
3.438471e-07
-1.2563408e-06
-5.6356147e-06
3.8737857e-11
5.5766277e-09
1.5730149e-10
1.6754991e-08
3.5889846e-10
2.7997511e-08
6.5056871e-10
3.9379117e-08
1.0423135e-09
5.0954065e-08
1.5488356e-09
6.281352e-08
2.1901487e-09
7.5058993e-08
2.9933199e-09
8.782819e-08
3.9944254e-09
1.0129502e-07
5.2411993e-09
1.1568448e-07
6.7964194e-09
1.3128439e-07
8.7420704e-09
1.4845836e-07
1.1184617e-08
1.6766365e-07
1.426117e-08
1.8946243e-07
1.8146341e-08
2.1453288e-07
2.3059528e-08
2.4367345e-07
2.9272098e-08
2.7777579e-07
3.7113681e-08
3.1777515e-07
4.6974049e-08
3.645508e-07
5.9295594e-08
4.1875756e-07
7.4552568e-08
4.8056598e-07
9.3206359e-08
5.4934238e-07
1.1563526e-07
6.2313169e-07
1.4202983e-07
6.9831316e-07
1.722552e-07
7.6927226e-07
2.0571418e-07
8.2855279e-07
2.4123798e-07
8.6777458e-07
2.7710305e-07
8.79436e-07
3.1121742e-07
8.5931603e-07
3.4155702e-07
8.0923363e-07
3.6668319e-07
7.3795816e-07
3.8620545e-07
6.5933573e-07
4.0080097e-07
5.8839224e-07
4.1192031e-07
5.3492881e-07
4.2118354e-07
5.0172179e-07
4.3042722e-07
4.9618801e-07
4.4027903e-07
4.999605e-07
4.3969756e-07
4.2264346e-07
3.4405641e-07
-1.1577967e-06
-5.3008625e-06
3.8857916e-11
5.6908617e-09
1.5787843e-10
1.7095247e-08
3.6032951e-10
2.8560521e-08
6.5329183e-10
4.0157797e-08
1.0469156e-09
5.1938261e-08
1.5560946e-09
6.3988333e-08
2.201101e-09
7.6404143e-08
3.0093373e-09
8.9316267e-08
4.0173111e-09
1.028895e-07
5.2732965e-09
1.1733708e-07
6.8407363e-09
1.3293168e-07
8.8024048e-09
1.5001759e-07
1.1265674e-08
1.6902757e-07
1.4368638e-08
1.9049316e-07
1.8286849e-08
2.150551e-07
2.324041e-08
2.4346706e-07
2.9500799e-08
2.7656904e-07
3.7396753e-08
3.1523914e-07
4.7315492e-08
3.6029837e-07
5.9694312e-08
4.1235135e-07
7.4999231e-08
4.7153998e-07
9.3678993e-08
5.3724799e-07
1.1609588e-07
6.0760665e-07
1.4242267e-07
6.7918486e-07
1.7250907e-07
7.4669119e-07
2.0575271e-07
8.0312143e-07
2.4099782e-07
8.4064876e-07
2.7655704e-07
8.5230326e-07
3.1039752e-07
8.342094e-07
3.4055896e-07
7.8811353e-07
3.6564806e-07
7.2221808e-07
3.8527165e-07
6.4936884e-07
4.0006119e-07
5.8356696e-07
4.1139252e-07
5.3386848e-07
4.2081807e-07
5.0286624e-07
4.301414e-07
4.9767905e-07
4.4000492e-07
5.0083444e-07
4.3959515e-07
4.322546e-07
3.442593e-07
-1.0595721e-06
-4.965777e-06
3.8965334e-11
5.8050095e-09
1.5841408e-10
1.7435139e-08
3.6167467e-10
2.9122829e-08
6.5585579e-10
4.0935406e-08
1.0512504e-09
5.2920877e-08
1.5629357e-09
6.5160873e-08
2.2114279e-09
7.7746081e-08
3.024448e-09
9.0799875e-08
4.0389118e-09
1.0447786e-07
5.3036042e-09
1.1898138e-07
6.882596e-09
1.3456786e-07
8.8594068e-09
1.5156215e-07
1.1342264e-08
1.7037242e-07
1.4470183e-08
1.9149948e-07
1.8419599e-08
2.1554669e-07
2.3411266e-08
2.4322318e-07
2.9716737e-08
2.7531785e-07
3.7663867e-08
3.1265262e-07
4.7637428e-08
3.5599181e-07
6.006986e-08
4.0589224e-07
7.541944e-08
4.6247004e-07
9.4122935e-08
5.251306e-07
1.1652765e-07
5.9209455e-07
1.4278979e-07
6.6012197e-07
1.7274477e-07
7.2424235e-07
2.0578577e-07
7.7789354e-07
2.4076949e-07
8.1378518e-07
2.760426e-07
8.2545751e-07
3.0962726e-07
8.0935949e-07
3.3962224e-07
7.6716084e-07
3.6467603e-07
7.0651427e-07
3.8439277e-07
6.3930979e-07
3.9936142e-07
5.785636e-07
4.1088763e-07
5.3261436e-07
4.204578e-07
5.0386719e-07
4.2984572e-07
4.9910656e-07
4.3969951e-07
5.017183e-07
4.3948367e-07
4.4166809e-07
3.4445066e-07
-9.6166411e-07
-4.6303757e-06
3.9062362e-11
5.9191083e-09
1.5891829e-10
1.7774768e-08
3.6295828e-10
2.9684597e-08
6.5830497e-10
4.1712187e-08
1.055389e-09
5.3902236e-08
1.569464e-09
6.6331549e-08
2.2212782e-09
7.9085317e-08
3.0388551e-09
9.2279638e-08
4.0594986e-09
1.0606083e-07
5.3324782e-09
1.2061828e-07
6.9224611e-09
1.3619402e-07
8.9136732e-09
1.5309338e-07
1.1415152e-08
1.716998e-07
1.4566787e-08
1.9248331e-07
1.8545855e-08
2.1600993e-07
2.3573718e-08
2.4294446e-07
2.9921995e-08
2.7402528e-07
3.7917701e-08
3.10019e-07
4.7943298e-08
3.5163474e-07
6.0426642e-08
3.9938379e-07
7.5818803e-08
4.5335912e-07
9.4545262e-08
5.1299187e-07
1.1693936e-07
5.765947e-07
1.4314197e-07
6.4112031e-07
1.7297517e-07
7.0191701e-07
2.0582841e-07
7.5285518e-07
2.4057016e-07
7.8716538e-07
2.7557887e-07
7.9887805e-07
3.0892761e-07
7.8474746e-07
3.3876962e-07
7.4636315e-07
3.6379172e-07
6.9084429e-07
3.8359534e-07
6.291661e-07
3.9872999e-07
5.7339661e-07
4.1043535e-07
5.3118358e-07
4.2013337e-07
5.047429e-07
4.2957071e-07
5.004873e-07
4.3939156e-07
5.0263688e-07
4.3939334e-07
4.5086131e-07
3.446483e-07
-8.6405494e-07
-4.2946717e-06
3.9140176e-11
6.0331968e-09
1.593556e-10
1.811424e-08
3.6410112e-10
3.0245997e-08
6.6049631e-10
4.2488391e-08
1.0591012e-09
5.4882679e-08
1.5753374e-09
6.75008e-08
2.2301672e-09
8.0422401e-08
3.0518956e-09
9.3756241e-08
4.0781855e-09
1.0763928e-07
5.358755e-09
1.2224882e-07
6.9588215e-09
1.3781145e-07
8.9632611e-09
1.5461283e-07
1.1481853e-08
1.7301161e-07
1.4655286e-08
1.9344699e-07
1.8661595e-08
2.1644764e-07
2.3722674e-08
2.4263431e-07
3.0110135e-08
2.7269535e-07
3.8150134e-08
3.0734294e-07
4.8222885e-08
3.4723239e-07
6.0751844e-08
3.9283159e-07
7.6181329e-08
4.442127e-07
9.4926112e-08
5.0083661e-07
1.1730652e-07
5.6111032e-07
1.4344921e-07
6.221803e-07
1.7316394e-07
6.7971185e-07
2.0583712e-07
7.279986e-07
2.4034859e-07
7.6077762e-07
2.7510665e-07
7.7255103e-07
3.0823178e-07
7.6036095e-07
3.3792767e-07
7.2571363e-07
3.6291648e-07
6.7520981e-07
3.8279694e-07
6.1894799e-07
3.9808194e-07
5.6808193e-07
4.0994882e-07
5.2959418e-07
4.197562e-07
5.0551241e-07
4.2922437e-07
5.0184047e-07
4.3898501e-07
5.0361825e-07
4.3922788e-07
4.598116e-07
3.4477112e-07
-7.6673725e-07
-3.9587766e-06
3.9206846e-11
6.1473954e-09
1.5975799e-10
1.8453908e-08
3.6517832e-10
3.0807607e-08
6.6256606e-10
4.3264838e-08
1.0626051e-09
5.5863271e-08
1.5808798e-09
6.8669941e-08
2.2385532e-09
8.175891e-08
3.0641963e-09
9.5231531e-08
4.09581e-09
1.0921532e-07
5.3835346e-09
1.2387545e-07
6.9931063e-09
1.3942292e-07
9.0100119e-09
1.5612365e-07
1.1544729e-08
1.743114e-07
1.4738699e-08
1.9439447e-07
1.8770674e-08
2.1686425e-07
2.3863048e-08
2.422976e-07
3.0287423e-08
2.7133341e-07
3.8369145e-08
3.0463018e-07
4.8486332e-08
3.4279068e-07
6.1058318e-08
3.8624147e-07
7.6523231e-08
4.3503594e-07
9.5285784e-08
4.8866864e-07
1.1765429e-07
5.4564285e-07
1.4374234e-07
6.0329989e-07
1.7334824e-07
6.5762049e-07
2.0585594e-07
7.0331248e-07
2.4015588e-07
7.3460645e-07
2.7468405e-07
7.4645915e-07
3.0760451e-07
7.3618466e-07
3.3716722e-07
7.0520325e-07
3.6212652e-07
6.5961132e-07
3.8207838e-07
6.0866556e-07
3.9750191e-07
5.6263642e-07
4.095157e-07
5.2786623e-07
4.1941617e-07
5.0619782e-07
4.2889781e-07
5.0318963e-07
4.3856953e-07
5.0469769e-07
4.3907646e-07
4.6850276e-07
3.448817e-07
-6.6966688e-07
-3.6227701e-06
3.9259976e-11
6.2619373e-09
1.6011245e-10
1.8794464e-08
3.6616053e-10
3.1370573e-08
6.6446094e-10
4.4043143e-08
1.0658145e-09
5.6846101e-08
1.5859628e-09
6.9841534e-08
2.2462544e-09
8.3097889e-08
3.0755087e-09
9.6709047e-08
4.1120404e-09
1.1079302e-07
5.4063828e-09
1.2550274e-07
7.0247533e-09
1.4103355e-07
9.0532053e-09
1.5763154e-07
1.1602862e-08
1.7560547e-07
1.4815863e-08
1.9533271e-07
1.8871625e-08
2.1726736e-07
2.3992999e-08
2.4194262e-07
3.0451552e-08
2.6994835e-07
3.8571852e-08
3.0189017e-07
4.8730052e-08
3.3831948e-07
6.1341609e-08
3.7962338e-07
7.6839011e-08
4.2583829e-07
9.5617511e-08
4.7649623e-07
1.1797438e-07
5.3019843e-07
1.4401124e-07
5.8448199e-07
1.7351576e-07
6.356418e-07
2.0587002e-07
6.7879117e-07
2.3997438e-07
7.0864246e-07
2.7429045e-07
7.2059142e-07
3.0702233e-07
7.1220969e-07
3.3646233e-07
6.8482931e-07
3.6139415e-07
6.4405528e-07
3.8141086e-07
5.9833463e-07
3.969606e-07
5.5708254e-07
4.0910633e-07
5.260257e-07
4.1908322e-07
5.0682766e-07
4.2855882e-07
5.0456693e-07
4.3810901e-07
5.0592096e-07
4.3889851e-07
4.7693088e-07
3.4494349e-07
-5.7278818e-07
-3.2868089e-06
3.9301618e-11
6.3772827e-09
1.6041812e-10
1.9137295e-08
3.6704151e-10
3.193719e-08
6.6616836e-10
4.4826529e-08
1.0687078e-09
5.7835321e-08
1.5905544e-09
7.1020657e-08
2.2532258e-09
8.4445349e-08
3.0857718e-09
9.8195738e-08
4.1267972e-09
1.1238027e-07
5.4271972e-09
1.2713955e-07
7.0536337e-09
1.4265317e-07
9.0926808e-09
1.5914729e-07
1.1656056e-08
1.769056e-07
1.488654e-08
1.9627446e-07
1.8964164e-08
2.1767071e-07
2.4112195e-08
2.4158405e-07
3.0602139e-08
2.6855579e-07
3.8757826e-08
2.9913929e-07
4.8953574e-08
3.3383569e-07
6.1601207e-08
3.7299443e-07
7.7128141e-08
4.1663636e-07
9.5920747e-08
4.6433492e-07
1.182662e-07
5.1479048e-07
1.4425528e-07
5.657368e-07
1.7366572e-07
6.137821e-07
2.0587833e-07
6.5443664e-07
2.3980264e-07
6.8288423e-07
2.7392387e-07
6.9494529e-07
3.0648272e-07
6.8843617e-07
3.3581009e-07
6.645986e-07
3.607163e-07
6.285582e-07
3.8079149e-07
5.8798171e-07
3.964555e-07
5.514541e-07
4.0871858e-07
5.2411076e-07
4.1875544e-07
5.0744365e-07
4.2820385e-07
5.060204e-07
4.3759608e-07
5.0735292e-07
4.3867715e-07
4.8511724e-07
3.4494264e-07
-4.7602673e-07
-2.9511233e-06
3.933761e-11
6.4942468e-09
1.6067705e-10
1.9484871e-08
3.6781008e-10
3.2511574e-08
6.6766396e-10
4.5620754e-08
1.0712439e-09
5.8838338e-08
1.5945932e-09
7.2216359e-08
2.2593815e-09
8.5811981e-08
3.0948706e-09
9.9703934e-08
4.1399298e-09
1.1399103e-07
5.4457858e-09
1.2880146e-07
7.0795056e-09
1.4429899e-07
9.1281389e-09
1.6068975e-07
1.1703944e-08
1.7823226e-07
1.4950284e-08
1.9724179e-07
1.9047758e-08
2.180979e-07
2.422e-08
2.4124695e-07
3.0738438e-08
2.6718211e-07
3.8926194e-08
2.9640509e-07
4.9155895e-08
3.293677e-07
6.1835964e-08
3.6638344e-07
7.7389337e-08
4.074587e-07
9.6194049e-08
4.5221224e-07
1.1852815e-07
4.9944452e-07
1.4447264e-07
5.4708674e-07
1.7379601e-07
5.9206013e-07
2.0587835e-07
6.3026364e-07
2.396376e-07
6.5734366e-07
2.7358059e-07
6.6953232e-07
3.0598123e-07
6.6487924e-07
3.3520545e-07
6.4453401e-07
3.6008757e-07
6.1315381e-07
3.8021474e-07
5.7765171e-07
3.9598123e-07
5.4580461e-07
4.0834726e-07
5.2218059e-07
4.1842775e-07
5.0810999e-07
4.2782579e-07
5.0762385e-07
4.3701901e-07
5.0908802e-07
4.3838432e-07
4.9312422e-07
3.4486483e-07
-3.7930084e-07
-2.6160414e-06
3.9383263e-11
6.6140124e-09
1.6090816e-10
1.984081e-08
3.6847169e-10
3.3099769e-08
6.6894791e-10
4.6434267e-08
1.0734198e-09
5.9866011e-08
1.5980754e-09
7.3441898e-08
2.264719e-09
8.7213442e-08
3.1028071e-09
1.0125168e-07
4.1514492e-09
1.1564573e-07
5.4621753e-09
1.3051129e-07
7.1024225e-09
1.4599617e-07
9.159673e-09
1.6228639e-07
1.1746679e-08
1.7961519e-07
1.5007339e-08
1.9826666e-07
1.9122774e-08
2.1858301e-07
2.4316964e-08
2.4096738e-07
3.0861246e-08
2.6586519e-07
3.9078094e-08
2.9372697e-07
4.9338607e-08
3.2495606e-07
6.2048058e-08
3.5983157e-07
7.7625553e-08
3.9834621e-07
9.6441327e-08
4.4016813e-07
1.1876529e-07
4.8419839e-07
1.4466974e-07
5.2856653e-07
1.7391458e-07
5.7050704e-07
2.0587969e-07
6.0629963e-07
2.394905e-07
6.3204601e-07
2.7327332e-07
6.4437853e-07
3.0553192e-07
6.4156996e-07
3.3466361e-07
6.2467605e-07
3.5952422e-07
5.9789538e-07
3.7969782e-07
5.6741112e-07
3.955559e-07
5.4021096e-07
4.0801128e-07
5.2031956e-07
4.1811973e-07
5.0891742e-07
4.2744231e-07
5.0948131e-07
4.3639049e-07
5.1125503e-07
4.3800933e-07
5.0106778e-07
3.4472187e-07
-2.8255263e-07
-2.2819976e-06
3.9449653e-11
6.7375109e-09
1.6108776e-10
2.0208042e-08
3.6890345e-10
3.3706717e-08
6.6978003e-10
4.7273952e-08
1.0748456e-09
6.0927196e-08
1.6004241e-09
7.4708105e-08
2.2684285e-09
8.8662552e-08
3.1084851e-09
1.0285381e-07
4.1599101e-09
1.1736121e-07
5.4744949e-09
1.3228789e-07
7.1199947e-09
1.4776561e-07
9.1842613e-09
1.6396015e-07
1.1780466e-08
1.8107939e-07
1.5052959e-08
1.9937608e-07
1.9183304e-08
2.1915504e-07
2.4395742e-08
2.4077628e-07
3.096145e-08
2.6463785e-07
3.9202236e-08
2.9113948e-07
4.9487754e-08
3.2063668e-07
6.2220277e-08
3.5337574e-07
7.7815662e-08
3.8933604e-07
9.6636767e-08
4.2823935e-07
1.189463e-07
4.6908745e-07
1.4480895e-07
5.1020908e-07
1.7397666e-07
5.4915295e-07
2.0582981e-07
5.8257172e-07
2.3930057e-07
6.0701697e-07
2.7293293e-07
6.1951093e-07
3.0505749e-07
6.1854083e-07
3.3409984e-07
6.0506667e-07
3.5893512e-07
5.8283737e-07
3.7914448e-07
5.5732687e-07
3.9507926e-07
5.3474961e-07
4.0760741e-07
5.186106e-07
4.1772607e-07
5.0995334e-07
4.2694252e-07
5.1169579e-07
4.355919e-07
5.1398212e-07
4.3740543e-07
5.090796e-07
3.4443285e-07
-1.8587838e-07
-1.9496614e-06
3.9562856e-11
6.8630897e-09
1.6124073e-10
2.0581816e-08
3.6906825e-10
3.4324624e-08
6.700697e-10
4.8128862e-08
1.0753751e-09
6.200786e-08
1.6014332e-09
7.5997903e-08
2.2702414e-09
9.0139258e-08
3.1115752e-09
1.0448734e-07
4.1649298e-09
1.1911169e-07
5.4823259e-09
1.3410277e-07
7.1317969e-09
1.4957622e-07
9.2015177e-09
1.6567753e-07
1.1805025e-08
1.8258907e-07
1.5087069e-08
2.0053221e-07
1.9229605e-08
2.1977425e-07
2.4457104e-08
2.4063214e-07
3.1040562e-08
2.6345683e-07
3.9301168e-08
2.8859768e-07
4.9607294e-08
3.1636291e-07
6.2358421e-08
3.4696742e-07
7.7967864e-08
3.8037721e-07
9.6791552e-08
4.1637212e-07
1.19086e-07
4.540542e-07
1.4490942e-07
4.9195229e-07
1.7400637e-07
5.2793082e-07
2.0575841e-07
5.5900767e-07
2.3910334e-07
5.8218064e-07
2.7260067e-07
5.9485266e-07
3.0460454e-07
5.9571781e-07
3.3356543e-07
5.8563803e-07
3.5837541e-07
5.6792043e-07
3.7861293e-07
5.4734722e-07
3.9461195e-07
5.2937262e-07
4.0719831e-07
5.170052e-07
4.1731149e-07
5.1116625e-07
4.263898e-07
5.142251e-07
4.3468091e-07
5.1724567e-07
4.3661265e-07
5.1743161e-07
3.4406492e-07
-8.9691336e-08
-1.6198333e-06
3.9710959e-11
6.9808543e-09
1.6125072e-10
2.0932706e-08
3.6860705e-10
3.4904641e-08
6.6914755e-10
4.8930579e-08
1.073948e-09
6.3020125e-08
1.599564e-09
7.7204054e-08
2.2680458e-09
9.1517089e-08
3.109294e-09
1.0600674e-07
4.1629509e-09
1.2073272e-07
5.4812292e-09
1.3577282e-07
7.1323962e-09
1.5122652e-07
9.2048977e-09
1.6721897e-07
1.1812578e-08
1.83907e-07
1.5100526e-08
2.0148055e-07
1.925104e-08
2.2016939e-07
2.4488776e-08
2.4024759e-07
3.1084521e-08
2.6201946e-07
3.9358878e-08
2.8578431e-07
4.9679088e-08
3.1180349e-07
6.2442003e-08
3.4026201e-07
7.8059116e-08
3.7111198e-07
9.6879782e-08
4.0419594e-07
1.1915532e-07
4.3871503e-07
1.4493857e-07
4.7339884e-07
1.7396718e-07
5.0642963e-07
2.0562482e-07
5.3518142e-07
2.3885381e-07
5.5709644e-07
2.7222709e-07
5.6994955e-07
3.041191e-07
5.7263488e-07
3.330021e-07
5.6591291e-07
3.5778289e-07
5.526564e-07
3.7803745e-07
5.3697034e-07
3.9408511e-07
5.2355944e-07
4.0671242e-07
5.1495905e-07
4.1680316e-07
5.119846e-07
4.257066e-07
5.1648487e-07
4.3357609e-07
5.2045239e-07
4.3554893e-07
5.25198e-07
3.4358043e-07
4.8939693e-09
-1.2938062e-06
3.9805453e-11
7.0689137e-09
1.6073553e-10
2.1195303e-08
3.6660573e-10
3.5337991e-08
6.6536444e-10
4.9526817e-08
1.0679732e-09
6.3768353e-08
1.591064e-09
7.8087732e-08
2.2567005e-09
9.2514244e-08
3.0948787e-09
1.0708748e-07
4.1453492e-09
1.2185738e-07
5.4604759e-09
1.3688911e-07
7.1087126e-09
1.5226604e-07
9.1787256e-09
1.6809307e-07
1.1784615e-08
1.8450158e-07
1.5071762e-08
2.0165014e-07
1.9222779e-08
2.1973112e-07
2.4462502e-08
2.3897602e-07
3.1061511e-08
2.5964314e-07
3.9339915e-08
2.8198214e-07
4.9664037e-08
3.0620793e-07
6.2428292e-08
3.3247725e-07
7.804315e-08
3.6072741e-07
9.6851683e-08
3.9086813e-07
1.1910097e-07
4.2219763e-07
1.4483958e-07
4.5364614e-07
1.7379828e-07
4.8351901e-07
2.0536385e-07
5.0992135e-07
2.3848184e-07
5.3055008e-07
2.7173636e-07
5.4354313e-07
3.0351897e-07
5.4798762e-07
3.3232055e-07
5.4453935e-07
3.5706031e-07
5.35643e-07
3.7731189e-07
5.2473982e-07
3.9338316e-07
5.1605574e-07
4.0602444e-07
5.1116092e-07
4.1606777e-07
5.1103613e-07
4.2475029e-07
5.1705772e-07
4.321242e-07
5.2214342e-07
4.3407655e-07
5.3022523e-07
3.4284187e-07
9.5752794e-08
-9.7245645e-07
3.9594348e-11
7.0714247e-09
1.5872471e-10
2.1202299e-08
3.6091653e-10
3.5346039e-08
6.548856e-10
4.9527517e-08
1.0514231e-09
6.3751191e-08
1.5671749e-09
7.803647e-08
2.2241539e-09
9.2407354e-08
3.0523894e-09
1.0689555e-07
4.091668e-09
1.2154136e-07
5.3944254e-09
1.3639741e-07
7.0292179e-09
1.5153116e-07
9.0848437e-09
1.6702742e-07
1.1675575e-08
1.8299234e-07
1.4947011e-08
1.9955338e-07
1.9082047e-08
2.1686577e-07
2.4305691e-08
2.3511897e-07
3.0888355e-08
2.54526e-07
3.9149784e-08
2.7528743e-07
4.9455679e-08
2.975723e-07
6.2198254e-08
3.2151088e-07
7.7787847e-08
3.4719144e-07
9.6561485e-08
3.742689e-07
1.1876285e-07
4.0229484e-07
1.444348e-07
4.3040107e-07
1.7330685e-07
4.5720681e-07
2.0476332e-07
4.8116099e-07
2.3775343e-07
5.0039535e-07
2.7086983e-07
5.1340334e-07
3.0251762e-07
5.1945775e-07
3.3120291e-07
5.1910764e-07
3.5585513e-07
5.1437409e-07
3.7604898e-07
5.0804711e-07
3.9207665e-07
5.0363193e-07
4.0466298e-07
5.0225631e-07
4.1459446e-07
5.0483789e-07
4.2297462e-07
5.1206004e-07
4.2974406e-07
5.183302e-07
4.3162625e-07
5.2932586e-07
3.4121248e-07
1.7881559e-07
-6.584594e-07
3.8589376e-11
6.9297087e-09
1.5336325e-10
2.0777829e-08
3.4751267e-10
3.4635768e-08
6.3051836e-10
4.852249e-08
1.0129437e-09
6.2441326e-08
1.5112917e-09
7.6405958e-08
2.1473784e-09
9.0435236e-08
2.9510865e-09
1.0455304e-07
3.9620296e-09
1.1879019e-07
5.2324744e-09
1.3318697e-07
6.8308073e-09
1.4779507e-07
8.8456571e-09
1.6267949e-07
1.1391144e-08
1.7792141e-07
1.4612757e-08
1.9361757e-07
1.869336e-08
2.0988644e-07
2.3857859e-08
2.2687594e-07
3.0376239e-08
2.4475446e-07
3.8567746e-08
2.6367405e-07
4.8797521e-08
2.8375864e-07
6.1457277e-08
3.0511225e-07
7.6952797e-08
3.2780938e-07
9.5620117e-08
3.515743e-07
1.1769827e-07
3.7605473e-07
1.432246e-07
4.0058225e-07
1.7192595e-07
4.240837e-07
2.0318264e-07
4.4535019e-07
2.3594543e-07
4.6293819e-07
2.6881239e-07
4.7568901e-07
3.0019821e-07
4.8305436e-07
3.2862082e-07
4.8547649e-07
3.5301846e-07
4.8455609e-07
3.7296859e-07
4.8244682e-07
3.8875573e-07
4.8194888e-07
4.0108383e-07
4.8376058e-07
4.107066e-07
4.8875369e-07
4.1859167e-07
4.9729967e-07
4.2457027e-07
5.0471673e-07
4.2625974e-07
5.1782403e-07
3.3679137e-07
2.4954507e-07
-3.5646701e-07
3.6087175e-11
6.582642e-09
1.4206008e-10
1.9738533e-08
3.2079887e-10
3.2901531e-08
5.8220614e-10
4.6084041e-08
9.3651487e-10
5.9289033e-08
1.3996954e-09
7.2524697e-08
1.993002e-09
8.5804829e-08
2.7456655e-09
9.9145656e-08
3.6965241e-09
1.1256876e-07
4.8969431e-09
1.261023e-07
6.4142683e-09
1.3978253e-07
8.3359321e-09
1.5365502e-07
1.077471e-08
1.6777649e-07
1.3874624e-08
1.8221363e-07
1.7817007e-08
1.9704894e-07
2.2825023e-08
2.1238918e-07
2.9166453e-08
2.2835835e-07
3.7158236e-08
2.4506089e-07
4.7163268e-08
2.6257735e-07
5.957099e-08
2.8098556e-07
7.4781567e-08
3.0034664e-07
9.3128438e-08
3.2045289e-07
1.1484495e-07
3.4104947e-07
1.3996186e-07
3.6166364e-07
1.68201e-07
3.8152359e-07
1.9893597e-07
3.9975984e-07
2.3111673e-07
4.1534177e-07
2.6334458e-07
4.2744954e-07
2.9404161e-07
4.3570811e-07
3.2173756e-07
4.4045269e-07
3.4538258e-07
4.4287e-07
3.6456473e-07
4.4449186e-07
3.79578e-07
4.474245e-07
3.9111257e-07
4.5196403e-07
3.9991742e-07
4.5893022e-07
4.0683549e-07
4.6850886e-07
4.1164085e-07
4.7687078e-07
4.1288515e-07
4.9145879e-07
3.2504321e-07
3.0277961e-07
-7.6751639e-08
3.1496543e-11
5.9229489e-09
1.226385e-10
1.7762441e-08
2.7612682e-10
2.96065e-08
5.0142562e-10
4.1461176e-08
8.0820016e-10
5.3329267e-08
1.2110288e-09
6.5214231e-08
1.7297867e-09
7.7124835e-08
2.3918463e-09
8.9070131e-08
3.2337892e-09
1.0106287e-07
4.3042111e-09
1.1311959e-07
5.6670982e-09
1.2526173e-07
7.4058347e-09
1.3751616e-07
9.6283735e-09
1.4991616e-07
1.2473095e-08
1.6249991e-07
1.6114857e-08
1.7531538e-07
2.0769332e-08
1.8842872e-07
2.6695474e-08
2.01919e-07
3.4200555e-08
2.1584521e-07
4.3637378e-08
2.3024833e-07
5.5384816e-08
2.4517942e-07
6.9829732e-08
2.6068358e-07
8.7295364e-08
2.7662191e-07
1.0800338e-07
2.928373e-07
1.3197387e-07
3.0904516e-07
1.5892082e-07
3.2476821e-07
1.8821181e-07
3.3947106e-07
2.1880041e-07
3.5252318e-07
2.4929938e-07
3.6343067e-07
2.7815086e-07
3.7198474e-07
3.0391286e-07
3.784126e-07
3.2557201e-07
3.8348976e-07
3.4274602e-07
3.8814282e-07
3.5577842e-07
3.9377591e-07
3.6534749e-07
4.003548e-07
3.7224635e-07
4.085745e-07
3.7725036e-07
4.1858493e-07
3.801466e-07
4.2731397e-07
3.8057195e-07
4.4169128e-07
2.9593316e-07
3.2975747e-07
1.5144284e-07
2.4738458e-11
4.5918327e-09
9.5082614e-11
1.3772713e-08
2.1368743e-10
2.2955639e-08
3.880986e-10
3.2142021e-08
6.2688859e-10
4.1333757e-08
9.4163334e-10
5.0531349e-08
1.3492287e-09
5.9738537e-08
1.8727168e-09
6.8958488e-08
2.5433019e-09
7.8196127e-08
3.4027158e-09
8.7457777e-08
4.5063169e-09
9.6751713e-08
5.9267152e-09
1.0608822e-07
7.7585268e-09
1.1547994e-07
1.0123851e-08
1.2494047e-07
1.3177956e-08
1.344876e-07
1.7113129e-08
1.4414897e-07
2.2160575e-08
1.5395931e-07
2.8595937e-08
1.6393866e-07
3.6737402e-08
1.7409735e-07
4.6926775e-08
1.8445872e-07
5.9511397e-08
1.9504687e-07
7.4779769e-08
2.0579402e-07
9.2922991e-08
2.1663554e-07
1.1394086e-07
2.2745714e-07
1.3754175e-07
2.3805808e-07
1.6310679e-07
2.4821662e-07
1.8962905e-07
2.5767185e-07
2.1578711e-07
2.6622975e-07
2.4011354e-07
2.7382136e-07
2.6127177e-07
2.8056238e-07
2.7836815e-07
2.8681399e-07
2.9109907e-07
2.9294796e-07
2.9993353e-07
2.996296e-07
3.0549769e-07
3.066821e-07
3.0869207e-07
3.1449605e-07
3.1037325e-07
3.232811e-07
3.1014569e-07
3.3094879e-07
3.0946757e-07
3.4222812e-07
2.3290069e-07
2.9842038e-07
2.6828e-07
1.5124636e-11
5.7595347e-11
1.2960626e-10
2.347534e-10
3.7880267e-10
5.6792126e-10
8.1237731e-10
1.1258444e-09
1.5273014e-09
2.0423553e-09
2.7053778e-09
3.5618715e-09
4.6717246e-09
6.1131224e-09
7.9864912e-09
1.0416777e-08
1.3553829e-08
1.7577717e-08
2.2698463e-08
2.914012e-08
3.7129019e-08
4.6844949e-08
5.8396239e-08
7.174798e-08
8.6645586e-08
1.0259531e-07
1.1881813e-07
1.3431915e-07
1.4802811e-07
1.590137e-07
1.6674723e-07
1.7111441e-07
1.727221e-07
1.720193e-07
1.6982494e-07
1.6727139e-07
1.6316805e-07
1.6150057e-07
1.0411744e-07
)
;

boundaryField
{
    piston
    {
        type            calculated;
        value           uniform 0;
    }
    cylinderHead
    {
        type            calculated;
        value           uniform 0;
    }
    cylinderWall
    {
        type            calculated;
        value           uniform 0;
    }
    wedgeFront
    {
        type            wedge;
        value           nonuniform List<scalar> 
4800
(
-4.3699348e-17
-6.4997571e-17
-9.3088977e-17
-1.2679142e-16
-1.5579028e-16
-1.5516327e-16
-1.2063556e-16
-4.1386188e-17
-5.7391279e-17
-8.4379178e-17
-9.8519066e-17
-1.7110825e-16
-2.0616487e-16
-1.8730417e-16
-1.8610073e-16
-1.3435387e-16
-1.1409561e-16
-5.5921628e-17
-1.1564876e-16
-8.3548883e-17
-7.1179373e-17
-1.931703e-16
-2.0921666e-16
-2.2318757e-16
-2.345963e-16
-2.1743369e-16
-2.4173648e-16
-3.0764269e-16
-1.3148767e-16
-1.0128363e-16
-1.858439e-16
-1.6773403e-16
-1.4438999e-16
-2.0283573e-16
-1.8155775e-16
-2.0336153e-16
-1.3217078e-16
-2.0580185e-16
-3.0289327e-16
-1.9426232e-16
-2.1410948e-16
-2.6161374e-16
-2.836879e-16
-2.2139481e-16
-1.1252274e-16
-8.6839723e-17
-5.5417464e-17
-1.3245675e-16
-4.6068297e-17
-1.7537829e-17
-1.5275543e-17
1.2781664e-17
-4.553676e-17
-9.781557e-17
-4.0285297e-17
8.2817409e-17
-1.2204792e-18
-7.706773e-17
-1.8826547e-17
-1.3680138e-16
-6.7145558e-17
-1.0344334e-16
-1.9776446e-16
-1.8161577e-16
-1.3704673e-16
-1.9348928e-16
-1.1538754e-16
-5.7959753e-17
-7.4743507e-17
-8.2385405e-17
-1.0856232e-16
-8.1021724e-17
-1.5348031e-16
-1.8117898e-16
-8.6974044e-17
-6.4468194e-17
-1.530082e-16
-1.0367375e-16
-2.0181871e-16
-1.1126617e-16
-1.2047074e-16
-1.0378198e-16
-8.7965457e-17
-1.1564326e-16
-1.3049257e-16
-3.0492164e-17
-1.5875803e-16
-1.9660203e-16
-2.374787e-16
-1.5101984e-16
-1.020858e-16
-2.0162581e-16
-1.0813328e-16
-1.973965e-16
-1.3557711e-16
-1.8429003e-16
-1.3283733e-16
-2.346429e-17
-4.2143146e-17
-1.17374e-16
-1.304422e-16
-9.7700662e-17
-9.9837083e-17
-1.0236625e-16
-1.054211e-16
-1.0451508e-16
-8.391748e-17
-1.0981962e-16
-1.0905066e-16
-1.2076977e-16
-1.3214524e-16
-1.2840667e-16
-1.0903529e-16
-1.008541e-16
-8.5335682e-17
-1.4786632e-16
-1.7424662e-16
-1.7651008e-16
-1.5931761e-16
-1.0043682e-16
-1.4667385e-16
-2.4945654e-16
-3.0326429e-16
-3.2722633e-16
-3.624786e-16
-3.8974262e-16
-4.1927947e-16
-4.2907476e-16
-4.0789069e-16
-4.1098984e-16
-4.0447484e-16
-3.8338013e-16
-3.7222024e-16
-3.654887e-16
-3.726314e-16
-3.6078815e-16
-3.5022988e-16
-3.298428e-16
-3.1971964e-16
-3.2757943e-16
-3.3409324e-16
-3.2593115e-16
-3.1577594e-16
-3.3447441e-16
-3.2598785e-16
-3.2484328e-16
-2.986983e-16
-2.8418474e-16
-2.943868e-16
-2.6692739e-16
-2.5658041e-16
-2.4401462e-16
-2.2945589e-16
-2.3344938e-16
-2.3840914e-16
-2.2354695e-16
-2.2236717e-16
-2.7351983e-16
-2.7560289e-16
-2.6349351e-16
-2.1598276e-16
-1.9862696e-16
-2.0712513e-16
-2.3194846e-16
-2.1467418e-16
-2.0692899e-16
-2.3007987e-16
-2.5698506e-16
-3.0121122e-16
-2.8185475e-16
-2.2899405e-16
-2.6995022e-16
-2.8279229e-16
-2.9659977e-16
-2.674269e-16
-2.9589002e-16
-2.7234417e-16
-2.6024109e-16
-2.6172469e-16
-2.9627516e-16
-3.1073651e-16
-3.3492471e-16
-3.3250969e-16
-3.7465803e-16
-3.5286106e-16
-3.6734332e-16
-3.5763263e-16
-3.1796847e-16
-3.7739812e-16
-3.9832653e-16
-4.0443537e-16
-4.049966e-16
-3.8413433e-16
-4.0225763e-16
-3.4428624e-16
-3.3337759e-16
-3.4811506e-16
-4.0962834e-16
-3.7214382e-16
-3.5242789e-16
-3.5353628e-16
-3.8096221e-16
-4.1877568e-16
-4.1880984e-16
-4.4534158e-16
-4.2102176e-16
-3.7981224e-16
-3.8910562e-16
-3.8671347e-16
-4.0492873e-16
-4.1467095e-16
-3.9827626e-16
-3.8746401e-16
-3.5428262e-16
-3.4607551e-16
-3.4763458e-16
-3.5814856e-16
-3.6789677e-16
-3.4980876e-16
-3.4493981e-16
-3.3185344e-16
-3.3888989e-16
-3.4906097e-16
-3.4841739e-16
-3.5294267e-16
-3.5029399e-16
-3.8220009e-16
-3.8962744e-16
-3.657006e-16
-3.8077615e-16
-3.7198255e-16
-3.6980668e-16
-3.6847745e-16
-3.5631645e-16
-3.7217265e-16
-3.7036153e-16
-3.6613397e-16
-3.746973e-16
-2.8723736e-16
-1.2070589e-16
-3.8751778e-17
-6.5220961e-17
-6.9155482e-17
-8.4970134e-17
-7.6673313e-17
-9.2110796e-17
-8.4336162e-17
-7.8072984e-17
-9.9073604e-17
-1.014511e-16
-9.4601048e-17
-1.2182615e-16
-9.9276205e-17
-9.7608602e-17
-9.2106202e-17
-8.9582855e-17
-1.2062899e-16
-1.1207976e-16
-1.0098757e-16
-6.1644966e-17
-6.5660944e-17
-7.106502e-17
-7.688335e-17
-3.9351842e-17
-4.0828579e-17
-6.0210545e-17
-6.1593216e-17
-5.1628842e-17
-4.8877769e-17
-6.3196793e-17
-4.7214243e-17
-3.0205184e-17
-3.6088658e-17
-3.6434502e-17
-2.5703726e-17
-4.6408505e-17
-3.8375399e-17
-1.2539207e-17
-2.0714846e-17
-4.3805202e-17
-3.8025925e-17
-6.3389245e-17
-7.4581509e-17
-5.9786957e-17
-4.0948615e-17
-2.0804749e-17
-3.7668557e-17
-1.9827051e-17
-5.0382318e-17
-4.0364226e-17
-1.6843513e-17
-1.8093185e-17
-2.537009e-17
-3.7882168e-17
-7.3688623e-17
-6.7164972e-17
-6.1143881e-17
-7.4896527e-17
-6.2740596e-17
-8.728374e-17
-8.4877619e-17
-9.4904114e-17
-9.4267615e-17
-6.9731279e-17
-6.2104854e-17
-9.1147307e-17
-9.4843841e-17
-7.1005106e-17
-8.4592352e-17
-8.9002729e-17
-1.0128551e-16
-1.0714478e-16
-9.0482105e-17
-8.3103551e-17
-8.6135693e-17
-1.1237175e-16
-1.0933204e-16
-1.1205825e-16
-1.1030357e-16
-7.9978645e-17
-8.9881742e-17
-1.0468628e-16
-1.0987595e-16
-1.2198741e-16
-8.639389e-17
-8.2632547e-17
-9.7195463e-17
-1.0003739e-16
-1.0435538e-16
-1.1599508e-16
-9.6011231e-17
-9.5695069e-17
-9.6965022e-17
-1.0475283e-16
-9.6034099e-17
-1.0318598e-16
-1.3859123e-16
-1.0570461e-16
-1.0004507e-16
-1.0683407e-16
-9.7441024e-17
-1.1103452e-16
-1.1859569e-16
-1.3132032e-16
-1.089661e-16
-1.2770633e-16
-1.3092948e-16
-1.4784341e-16
-1.141637e-16
-1.0904336e-16
-1.157493e-16
-1.146443e-16
-1.06051e-16
-1.2715868e-16
-1.0571542e-16
-1.1626772e-16
-1.1510009e-16
-7.8114548e-17
-7.7926438e-17
-2.431484e-17
-2.8891479e-17
-3.5929562e-17
-3.3456397e-17
-3.7392204e-17
-4.3403564e-17
-4.7585977e-17
-5.1394782e-17
-4.7655933e-17
-5.429259e-17
-6.853941e-17
-7.0307576e-17
-6.0868166e-17
-5.4108499e-17
-5.2169618e-17
-5.0483358e-17
-4.6317017e-17
-4.522857e-17
-4.5000788e-17
-5.3407474e-17
-4.5308591e-17
-2.728744e-17
-4.2341285e-17
-5.4672923e-17
-5.2278032e-17
-5.6041813e-17
-4.3377532e-17
-3.794747e-17
-3.5302417e-17
-1.6600112e-17
-1.7946336e-17
-2.7625411e-17
-3.6682455e-17
-3.1748649e-17
-2.5587735e-17
-4.076024e-17
-3.7425379e-17
-3.8908176e-17
-4.5557856e-17
-5.1906147e-17
-3.5408919e-17
-5.6469801e-17
-5.6335617e-17
-6.38864e-17
-5.9621267e-17
-5.0832452e-17
-5.3179992e-17
-4.7937186e-17
-5.3891579e-17
-4.744436e-17
-4.715135e-17
-4.3366346e-17
-3.6117333e-17
-3.3058492e-17
-4.0026116e-17
-4.122756e-17
-2.5490063e-17
-3.9911935e-17
-5.4208701e-17
-6.8405026e-17
-5.9668207e-17
-5.5564611e-17
-6.297557e-17
-7.2189052e-17
-6.3311978e-17
-6.5723973e-17
-7.5465889e-17
-7.1558786e-17
-6.5772547e-17
-6.1845094e-17
-6.3577573e-17
-6.1663173e-17
-6.3451567e-17
-4.8373021e-17
-5.5864856e-17
-6.4593419e-17
-6.8723129e-17
-8.0705922e-17
-6.4155628e-17
-7.2308219e-17
-7.2370348e-17
-7.7695328e-17
-7.7809357e-17
-5.7431887e-17
-5.0920425e-17
-4.4594989e-17
-4.6833735e-17
-3.8573055e-17
-4.4052071e-17
-4.9092336e-17
-5.4102187e-17
-5.5039262e-17
-6.2364968e-17
-7.1103601e-17
-7.3943759e-17
-7.5521447e-17
-7.4428071e-17
-7.1466675e-17
-7.1266421e-17
-7.9325063e-17
-8.4520371e-17
-8.5023647e-17
-8.5230876e-17
-7.5916006e-17
-7.0526923e-17
-6.5415911e-17
-6.5189208e-17
-6.0945791e-17
-6.0719854e-17
-6.2736863e-17
-6.279006e-17
-6.9646839e-17
-7.3026835e-17
-7.2234279e-17
-6.8674517e-17
-6.5252067e-17
-6.5202588e-17
-6.620774e-17
-6.1936652e-17
-5.4313638e-17
-2.8675863e-17
-9.569828e-18
-1.2836564e-17
-5.4417834e-18
-4.4525024e-18
-6.0900587e-18
-3.5129641e-18
-2.8035052e-18
2.9585315e-18
-1.1045619e-18
-8.3116275e-18
-1.1683321e-17
-6.6528985e-19
3.8168317e-18
-1.7244212e-18
-1.7795077e-18
-8.3273401e-18
-1.4066682e-18
7.994485e-18
1.0912831e-17
1.1791385e-17
1.8290038e-17
6.7801553e-18
-1.075291e-18
3.8171377e-19
1.5972288e-18
2.220553e-18
8.5200959e-19
2.9610296e-19
1.4142647e-17
1.4199872e-17
7.8839192e-18
2.7104933e-18
8.1384843e-18
1.0792797e-17
-2.7260724e-18
-4.2792789e-18
3.3211159e-19
-4.3492948e-18
-2.0024401e-18
1.241221e-17
3.3157047e-18
2.1426893e-19
-8.4201426e-18
-3.7255588e-18
-3.5427161e-18
-2.3117739e-18
-2.1528995e-18
-9.0942394e-18
-1.7083193e-18
1.3135002e-18
6.2323942e-18
1.4139231e-17
1.7217361e-17
2.3284624e-17
1.867673e-17
2.1746485e-17
1.8262852e-17
8.8861521e-18
-3.6363254e-18
3.0981795e-18
-3.6912406e-18
-8.9643043e-18
-1.6013571e-17
-4.425305e-18
-4.7516478e-18
-6.8093043e-18
-2.7032729e-18
-6.4389581e-18
-3.5600577e-18
-1.7224873e-18
2.2558219e-18
-1.0043435e-19
2.0761572e-18
-9.7400101e-18
-1.3303443e-17
-1.3679819e-17
-2.5651987e-17
-5.4137222e-18
-7.7300849e-18
-2.8120334e-18
2.2069904e-18
2.2043984e-19
8.2970319e-18
4.4603356e-18
4.5165162e-18
-1.0541486e-19
1.376012e-18
-1.2389957e-17
-1.3756724e-17
-1.6422119e-17
-9.8383326e-18
-1.4214631e-17
-2.0811582e-17
-1.3828597e-17
-1.0754556e-17
-8.2025491e-18
7.0221603e-19
-9.5733247e-19
-1.0336245e-17
-1.3195366e-17
-1.3138784e-17
-1.0086291e-17
-7.8946992e-18
-1.0910313e-17
-9.89654e-18
-1.0036426e-17
-1.126347e-17
-1.4032547e-17
-1.435178e-17
-1.1327734e-17
-1.1739484e-17
-1.0355382e-17
-8.3562042e-18
-4.7386622e-18
-3.814221e-18
-5.5998062e-18
-9.70318e-18
-1.327166e-17
-1.363526e-17
-9.1791207e-18
-1.7096168e-17
-1.8660939e-17
-2.4528054e-17
-2.5678299e-17
-1.1462463e-17
-1.7035813e-17
-1.2082608e-17
-6.2685867e-18
5.1643005e-18
7.1787891e-18
2.1797213e-19
8.2099851e-18
1.4873173e-17
5.2684159e-18
7.3178099e-18
1.0196457e-17
-1.4824684e-18
5.0589619e-18
1.4363423e-17
1.0361784e-17
-6.9648478e-19
2.7386981e-18
-6.4614519e-18
-1.1865942e-17
-3.2927255e-18
-1.2218411e-17
-7.1642152e-19
-8.387605e-18
-6.6585617e-18
-7.6539164e-18
-1.376373e-18
-8.0606768e-19
-1.0545422e-18
-4.7542428e-18
-5.2863179e-18
4.4266279e-18
-4.5972867e-19
-5.2577213e-18
-2.4040843e-18
-2.9182227e-18
-5.1089691e-18
-5.1394177e-19
-1.7709439e-17
-6.0803049e-18
-3.9969257e-18
-2.3410452e-18
4.1962842e-18
6.8895236e-18
-7.7346383e-19
3.8166259e-19
1.144417e-18
-1.2680522e-18
5.6372778e-18
9.239376e-18
9.418032e-18
1.4889179e-17
8.9446887e-18
-1.2703402e-18
-2.4582815e-18
-5.4146336e-18
-2.2814071e-18
-1.5045804e-18
-1.8263236e-17
-1.9828658e-17
-8.0956837e-18
-3.7327916e-18
-1.4353587e-18
-3.0043549e-18
-3.5007946e-18
-1.1308161e-19
-9.0640468e-18
2.3535149e-18
1.1712387e-17
1.4687225e-17
-5.174078e-19
-9.4189883e-18
-1.5854392e-17
9.4062735e-19
7.6914987e-18
2.1639791e-18
-1.8664803e-18
8.8088218e-19
-8.6732623e-18
-8.3488489e-18
-5.8759658e-18
-3.0268597e-18
-7.8611009e-18
-1.5990763e-17
-4.3560277e-18
-7.3048943e-18
-2.6349958e-18
3.506912e-18
1.8353887e-18
2.5516659e-18
-1.3130537e-17
-1.2110223e-17
-1.0913173e-17
-6.6441568e-18
-8.5882152e-18
-1.2642569e-17
-9.1670871e-19
-7.9606144e-18
-2.1169657e-17
-6.2026052e-18
-7.6693771e-18
-2.0137554e-17
-1.2401879e-17
-1.785864e-17
-1.7438349e-17
-1.9019372e-17
-1.7864721e-17
-1.0177438e-17
-6.752128e-18
-3.710815e-18
-6.6313839e-18
-6.666515e-18
-2.8672485e-18
-2.5579727e-18
-1.1484238e-17
-1.7179245e-18
1.1717541e-19
6.2441478e-19
6.5724405e-18
1.1354528e-17
6.9294853e-18
1.0126719e-17
8.9075497e-18
4.7613634e-18
4.9048247e-18
-1.1488249e-18
1.9178999e-18
7.7826913e-18
1.0124063e-17
5.4479518e-18
8.2908523e-18
1.8797727e-18
-1.7988733e-18
-2.1186101e-18
-7.8932891e-18
-9.3549646e-18
-5.7155291e-18
-4.7440914e-18
-5.0413193e-18
-3.7902965e-18
-2.5586487e-18
-5.7981062e-19
1.009136e-18
5.5588105e-19
8.6220044e-18
6.4371965e-18
4.2401891e-18
6.8127795e-19
3.0424848e-18
6.2972612e-18
-6.9457522e-18
-2.2736883e-18
1.7677802e-18
-2.0611456e-18
2.7327063e-19
1.4657076e-18
-5.8457086e-18
-5.9635881e-18
-7.0669713e-18
-4.9068637e-18
-3.7140447e-19
4.1803494e-19
4.3847451e-18
5.7243473e-19
-4.1899198e-18
-8.491645e-18
-1.036881e-17
-9.5109445e-18
-4.8626133e-18
-3.2466538e-18
-2.3914535e-18
4.0857611e-18
5.612164e-18
-6.4554586e-18
-1.3921864e-17
-1.1362157e-17
-8.5626818e-18
-5.871158e-18
-9.049342e-18
5.0738227e-19
3.4866917e-18
4.0458389e-19
1.5350406e-18
1.5938031e-18
2.0380296e-18
1.9171782e-18
3.1484986e-18
4.897365e-18
1.498343e-17
5.8635197e-18
3.4218096e-18
5.7731476e-18
-4.113809e-18
5.1932758e-19
3.6782035e-18
6.1325448e-18
8.4899507e-18
8.8454727e-19
6.793697e-18
9.9572286e-18
1.3669787e-17
1.3258413e-17
1.8921413e-17
1.486049e-17
1.3869967e-17
1.0295975e-17
1.076365e-17
2.4099711e-18
-5.937027e-18
2.0830714e-18
2.0263169e-18
6.0667137e-18
9.0688416e-18
1.2187085e-17
9.2586117e-18
5.8477817e-18
8.7016898e-18
7.3954767e-18
3.8103569e-18
-8.2396117e-19
-4.2937474e-18
-7.2664547e-18
-7.9614494e-18
-9.4917285e-18
-9.5204279e-18
-7.3891666e-18
-7.3109527e-18
-4.4741642e-18
1.4816019e-18
8.1469205e-18
1.5478624e-17
1.8103398e-17
1.6555752e-17
1.2943295e-17
7.0122598e-18
4.2063209e-18
1.4478079e-19
2.7360239e-18
8.6564319e-18
9.5647798e-18
6.7761078e-18
6.4726035e-18
5.5053367e-18
5.7231006e-18
4.1187155e-18
1.0222413e-18
-1.5473166e-18
1.7119047e-18
2.9592091e-18
5.3595523e-19
1.2445448e-18
-3.5252298e-18
-5.9916702e-18
-1.6181423e-18
-3.1582987e-18
-1.9139333e-18
2.5123468e-18
7.1738337e-19
-1.1226324e-18
-4.6008092e-18
-1.9433022e-18
1.2820299e-18
2.2562182e-18
6.7633372e-18
1.1462579e-17
1.0520325e-17
9.9839057e-18
7.0032014e-18
7.4394334e-18
8.1154942e-18
-5.9090092e-20
2.4183296e-18
-2.4151668e-19
-3.035136e-18
-1.9884884e-19
8.143652e-18
1.4689415e-18
2.8446757e-18
2.9802837e-18
4.6635863e-18
4.3291337e-18
-2.0021039e-18
2.0995491e-18
-1.4030559e-18
-2.0363749e-18
-4.884859e-18
2.7439169e-20
-9.6224085e-19
6.2160059e-18
7.6703173e-18
1.1273749e-17
1.5517969e-17
1.3277376e-17
8.7366782e-18
9.9732998e-19
1.3854421e-18
3.8815934e-18
2.6082166e-18
2.418234e-18
4.4745898e-18
-4.8562451e-19
-3.3249473e-18
6.5051275e-19
1.9340462e-18
4.2044599e-18
1.1990856e-18
5.5681562e-19
2.4337358e-18
9.0664516e-18
2.789917e-18
-2.839907e-19
-2.1631002e-18
-1.1033208e-17
-4.0987621e-18
-1.4150339e-18
-7.9107014e-19
8.6815387e-19
-1.6823932e-18
5.2607523e-18
6.8451081e-18
5.4661131e-18
4.9977969e-19
4.751695e-18
1.7016799e-18
-5.257434e-19
1.1594685e-18
2.7165088e-18
-5.9512265e-18
-5.833532e-18
1.3473123e-18
3.1314364e-18
1.0713711e-17
1.0480014e-17
5.9667607e-18
-1.4448748e-18
-5.2853705e-18
-2.4598601e-18
-7.7470231e-19
7.4691205e-19
6.9639294e-19
1.9946382e-19
-2.9952421e-19
-1.4513002e-18
-2.660139e-18
-3.3020122e-18
-9.2773102e-19
8.4348876e-19
2.6972357e-18
3.8284709e-18
5.887579e-18
6.0171669e-18
2.7339934e-18
-1.5231266e-18
-5.3742547e-18
-9.1615376e-18
-5.9204476e-18
2.9201974e-18
5.2619091e-18
1.3465065e-17
1.4736257e-17
1.0552081e-17
1.171467e-17
8.7377173e-18
1.1292138e-17
8.6771556e-18
3.4313025e-18
-2.1710616e-18
2.3001658e-18
6.7349467e-18
2.9730596e-18
3.9936396e-19
-2.5454889e-19
-1.19423e-18
1.7110728e-18
-9.2656972e-20
-9.541311e-19
2.2780854e-18
5.6412452e-20
-1.1441274e-18
2.3592806e-18
3.9016282e-18
5.2423795e-18
5.8045042e-18
6.3026898e-18
9.8422182e-18
8.9536672e-18
5.9773928e-18
5.2333998e-18
8.4441265e-18
1.1767789e-17
4.8256783e-18
8.7062736e-18
1.0551471e-17
6.1536449e-18
4.4562165e-18
1.0626477e-17
4.1061858e-18
2.5230728e-18
1.2208403e-18
1.0819751e-18
-4.7022279e-19
2.305411e-19
-3.4705478e-19
-4.9525342e-18
7.9043917e-19
1.3076101e-18
4.5534378e-18
7.5054926e-18
9.8158983e-18
9.4160349e-18
9.5680024e-18
1.119824e-17
1.2156991e-17
8.4491302e-18
1.5562342e-18
4.8735107e-18
7.3127143e-18
5.448267e-18
-3.3884165e-19
3.5081632e-18
2.9438193e-18
-2.7834942e-18
-1.9585055e-18
-7.1821502e-19
4.6096516e-18
2.8704854e-18
-6.7905165e-19
-6.5957963e-19
4.6510672e-18
-2.1610085e-18
-3.2866253e-18
-2.8190587e-18
-4.6999341e-18
2.1026232e-18
6.4549226e-18
1.1329217e-17
1.138088e-17
9.3098227e-18
8.7175576e-18
8.4202568e-18
8.1860667e-18
5.334269e-18
8.6234876e-18
5.9108703e-18
6.0872906e-18
3.8175139e-18
1.7046657e-18
-1.9523319e-18
-5.8698746e-18
1.6326834e-18
4.3382749e-18
9.7116302e-18
1.0770056e-17
8.5557177e-18
3.9249895e-18
4.2225356e-18
5.1287607e-18
7.5141949e-18
4.3272515e-18
1.1602979e-18
1.8269409e-18
1.8203275e-18
1.2763633e-18
1.0910802e-18
2.5826401e-19
2.6144341e-18
1.4218527e-18
1.0862558e-18
1.3489874e-18
2.890029e-18
4.7395641e-18
3.4065459e-18
2.5226059e-18
6.460691e-20
-1.9974575e-18
-1.1281543e-18
1.2890937e-17
2.7275925e-18
-6.1499816e-19
-4.1502226e-18
-1.1387269e-17
-1.8992682e-17
-1.3328275e-17
-1.4146881e-17
-1.5982422e-17
-1.8128806e-17
-1.3411194e-17
-1.4266166e-17
-8.849987e-18
-2.8451685e-18
-4.8814334e-19
-1.3160647e-18
-4.718313e-19
-2.6647865e-18
-2.6949583e-18
-2.785666e-18
-5.1833498e-18
-3.3640892e-18
-5.194491e-18
-4.2537504e-18
-6.9289387e-19
8.0035808e-18
9.3574881e-18
9.784436e-18
8.2557327e-18
8.5346548e-18
1.5311674e-17
1.3900342e-17
1.2028864e-17
7.7923949e-18
8.4649379e-18
1.038064e-17
1.2525403e-17
1.1875417e-17
1.2091269e-17
1.1831104e-17
1.0284036e-17
7.5230062e-18
6.1838222e-18
7.3978421e-18
8.8596399e-18
1.2215288e-17
1.0167908e-17
1.1144215e-17
1.5472373e-17
1.5733669e-17
1.7536607e-17
2.3161517e-17
1.8845885e-17
2.2497018e-17
1.8889261e-17
3.1353988e-17
3.5235108e-17
3.3777474e-17
3.1628199e-17
2.8977647e-17
2.6312356e-17
2.1960487e-17
2.3374519e-17
2.2929128e-17
2.231496e-17
2.2206862e-17
2.2964931e-17
2.395441e-17
2.6319148e-17
2.8122479e-17
2.9150936e-17
2.8304301e-17
2.9277762e-17
2.855371e-17
3.2693661e-17
3.6024002e-17
4.0556299e-17
3.7088484e-17
3.6727548e-17
4.4368274e-17
4.4748488e-17
4.2668501e-17
3.968986e-17
3.7948968e-17
3.9511767e-17
4.2900047e-17
4.8536299e-17
4.5754204e-17
4.7331212e-17
4.6903024e-17
4.8089447e-17
4.4764445e-17
4.2959144e-17
3.9204251e-17
4.0986332e-17
3.7710882e-17
4.0516967e-17
4.5668439e-17
4.64146e-17
4.4356524e-17
4.5989679e-17
4.0977354e-17
4.6499657e-17
4.8108579e-17
4.7593961e-17
4.6859439e-17
4.6576709e-17
4.7310847e-17
4.759569e-17
4.6683761e-17
4.6694577e-17
4.8247044e-17
4.9011911e-17
4.8367501e-17
4.9228226e-17
4.7759194e-17
4.4633766e-17
3.8165907e-17
2.9119111e-17
1.8501759e-17
1.026461e-17
1.7825936e-17
1.250574e-17
1.1360974e-17
9.2579308e-18
8.1578341e-19
-3.3334962e-18
-6.4002904e-18
-9.7248892e-18
-1.7452773e-17
-1.38085e-17
-7.0109948e-18
-6.9012097e-18
-2.467453e-18
4.2380242e-18
1.3547025e-18
-1.0771842e-18
-1.5102213e-18
-2.8918666e-18
-3.5760765e-18
2.736087e-18
1.7989013e-18
6.3490201e-18
4.0212619e-18
2.1395765e-18
1.6461921e-18
4.7078186e-18
1.4565663e-17
1.3173551e-17
9.8386212e-18
7.7638532e-18
1.751014e-18
1.4516855e-18
8.0701163e-18
9.7294562e-18
1.6253483e-17
1.3885716e-17
1.1377443e-17
1.0572316e-17
1.2934996e-17
1.3570471e-17
1.1722123e-17
1.5321534e-17
1.6012701e-17
1.4370383e-17
1.0658606e-17
1.5544187e-17
1.5639702e-17
2.034978e-17
2.3881643e-17
2.1465041e-17
2.3646973e-17
2.0052636e-17
1.8486705e-17
1.2254066e-17
1.3028582e-17
1.1535642e-17
1.4862141e-17
1.8177451e-17
1.3505488e-17
1.5167297e-17
1.8490583e-17
1.2983716e-17
1.5188373e-17
1.6208044e-17
2.5839137e-17
2.6817764e-17
2.3624755e-17
2.4161462e-17
2.2123136e-17
2.393898e-17
2.7143622e-17
2.8615101e-17
3.9429654e-17
3.6986325e-17
3.9090562e-17
3.4546351e-17
3.3449081e-17
3.1590908e-17
3.1201908e-17
3.0601164e-17
3.0824732e-17
2.813841e-17
2.9032234e-17
2.6578194e-17
2.9072002e-17
2.846717e-17
3.3527555e-17
3.5257991e-17
3.7351731e-17
3.1529616e-17
3.3406565e-17
3.2681683e-17
3.1438151e-17
2.9744244e-17
2.7478972e-17
3.0204406e-17
3.3453402e-17
3.5826003e-17
2.9735153e-17
3.2290279e-17
3.03463e-17
3.084133e-17
3.0005924e-17
3.3657317e-17
2.7727779e-17
2.6293515e-17
2.3957584e-17
2.5904183e-17
2.7079649e-17
2.6942814e-17
2.5112464e-17
2.2616663e-17
2.4880924e-17
2.9988331e-17
3.5598911e-17
3.5058433e-17
3.1362427e-17
2.5708415e-17
1.6755304e-17
-6.0720789e-17
-5.1728877e-17
-2.5983469e-17
4.3177133e-18
2.6986546e-17
4.4401276e-17
4.8983836e-17
5.2660859e-17
5.0911777e-17
5.024319e-17
4.6977368e-17
4.3943417e-17
4.5220358e-17
4.2877105e-17
4.0210372e-17
3.5503539e-17
3.2450181e-17
2.7880122e-17
2.6174813e-17
1.8706955e-17
1.3167937e-17
7.7114584e-18
6.6980648e-18
9.1793809e-18
7.7306514e-18
3.0598845e-18
5.8078549e-18
2.3744398e-18
-2.7774784e-18
-1.9893231e-18
-2.1370117e-18
-7.9636828e-18
-8.1310753e-18
-1.4315349e-17
-1.8789672e-17
-2.5879856e-17
-3.1439481e-17
-3.5995211e-17
-4.2331279e-17
-4.6715136e-17
-4.8172047e-17
-5.365193e-17
-5.6817848e-17
-6.1017395e-17
-6.5542038e-17
-7.1988221e-17
-7.6374681e-17
-8.1802658e-17
-8.8337252e-17
-8.9984954e-17
-8.7625128e-17
-8.8496665e-17
-8.831777e-17
-9.100451e-17
-9.4928942e-17
-1.0558122e-16
-1.1498696e-16
-1.2345513e-16
-1.2936346e-16
-1.3311831e-16
-1.3817665e-16
-1.4035303e-16
-1.4646322e-16
-1.5111901e-16
-1.570676e-16
-1.6133007e-16
-1.6653167e-16
-1.6959692e-16
-1.7026521e-16
-1.7881979e-16
-1.8200475e-16
-1.939238e-16
-2.0013365e-16
-2.0494021e-16
-2.0495469e-16
-2.0640638e-16
-2.0931679e-16
-2.1363265e-16
-2.1631516e-16
-2.2326696e-16
-2.2927819e-16
-2.2864972e-16
-2.325116e-16
-2.345068e-16
-2.4364535e-16
-2.4497882e-16
-2.4495516e-16
-2.4133432e-16
-2.4712745e-16
-2.5400789e-16
-2.6227096e-16
-2.6188072e-16
-2.6771496e-16
-2.6900474e-16
-2.7405406e-16
-2.8128303e-16
-2.9020228e-16
-2.9389973e-16
-2.9370523e-16
-2.9605924e-16
-2.9402995e-16
-2.9413963e-16
-2.9371682e-16
-2.9546847e-16
-2.9269567e-16
-2.9343388e-16
-2.9473392e-16
-2.9609112e-16
-2.9930328e-16
-3.0121303e-16
-3.0248388e-16
-3.0278348e-16
-3.0337433e-16
-3.0176737e-16
-2.9498051e-16
-2.8372673e-16
-2.6510877e-16
-2.34744e-16
-1.86889e-16
-1.1457472e-16
3.5376911e-18
5.9365762e-18
9.3326312e-19
-4.6689084e-18
-6.017528e-18
-1.1784193e-17
-1.1494951e-17
-1.2607843e-17
-1.2587899e-17
-1.7339283e-17
-1.6067158e-17
-1.2092845e-17
-1.1688085e-17
-1.4167076e-17
-7.8520716e-18
-5.7844455e-18
-1.1390723e-17
-1.3091679e-17
-1.240675e-17
-1.2746339e-17
-5.8273206e-18
-8.0367274e-18
-2.6791774e-18
-2.6697281e-18
-4.3161439e-18
-3.7415517e-18
-1.755176e-18
1.0634252e-18
4.8566389e-18
3.5833258e-18
3.8265801e-18
5.0695213e-20
4.9161781e-18
6.8000042e-18
4.9335162e-19
4.6484992e-18
4.7336619e-18
5.3696538e-18
2.371429e-18
6.6196786e-18
3.1384946e-18
5.3766177e-18
1.3963867e-17
8.9573701e-18
1.1552533e-17
8.3327334e-18
1.1448441e-17
1.3409866e-17
1.6771989e-17
1.744743e-17
1.851542e-17
2.3151016e-17
1.9858028e-17
1.7949908e-17
1.7269908e-17
1.7409444e-17
2.4316095e-17
2.4727322e-17
2.5191822e-17
2.7051517e-17
2.8283514e-17
2.6523861e-17
2.1898641e-17
2.4682241e-17
2.290999e-17
2.7788877e-17
3.232631e-17
3.4297313e-17
2.7826502e-17
2.7894585e-17
2.7316369e-17
2.8182768e-17
3.4341149e-17
3.4037855e-17
3.9268942e-17
4.2516932e-17
4.0721758e-17
3.9482839e-17
4.2808234e-17
4.2830731e-17
4.3178632e-17
4.1487256e-17
3.8793021e-17
4.1173855e-17
3.8868501e-17
4.0810678e-17
4.0014517e-17
4.3737247e-17
4.3666223e-17
4.6777897e-17
4.601497e-17
4.4845867e-17
4.1557731e-17
4.1612056e-17
4.1066654e-17
4.5329063e-17
4.2744077e-17
4.6196283e-17
5.1058516e-17
4.8417367e-17
4.8035651e-17
5.0616692e-17
5.060348e-17
5.0552425e-17
5.0878661e-17
5.194366e-17
5.0652924e-17
4.7955591e-17
4.9733041e-17
5.0707915e-17
4.8700136e-17
4.904221e-17
5.1955236e-17
5.2685105e-17
5.3153612e-17
5.48214e-17
5.4302093e-17
4.60541e-17
3.7843517e-17
2.2760079e-17
9.4901902e-19
2.2360824e-18
-2.7178156e-18
-9.7032682e-18
-9.9375374e-18
-1.4475529e-17
-1.677304e-17
-1.880678e-17
-1.9723776e-17
-1.9942149e-17
-1.7141497e-17
-1.2554702e-17
-9.6814471e-18
-1.4141239e-17
-1.2148899e-17
-1.0697394e-17
-1.6209075e-17
-1.7554994e-17
-1.8115917e-17
-2.0404044e-17
-1.5163303e-17
-1.6692243e-17
-1.2220766e-17
-1.2304484e-17
-1.3529608e-17
-1.2517617e-17
-8.9598732e-18
-5.990394e-18
-4.3543788e-18
-7.2938214e-18
-6.3778604e-18
-1.1160012e-17
-8.321039e-18
-3.6363132e-18
-5.8945336e-18
-4.3501586e-18
-5.2665321e-18
-6.1432955e-19
-6.7269927e-19
1.7185207e-18
-2.9351878e-18
2.2760499e-18
8.1533909e-18
3.9389618e-18
1.2424072e-18
-4.5409887e-19
2.6933177e-18
1.7816783e-18
6.0124982e-18
8.4221818e-18
8.7082954e-18
1.5701177e-17
1.6538926e-17
1.5345991e-17
1.4415651e-17
1.5050118e-17
2.0617509e-17
2.1559091e-17
2.1916351e-17
2.2615473e-17
2.3936185e-17
2.3843967e-17
2.3515901e-17
2.7691003e-17
2.8336632e-17
3.24211e-17
3.4514848e-17
3.6785615e-17
3.4880939e-17
3.8984657e-17
4.0572536e-17
4.2002214e-17
4.5170753e-17
4.5840799e-17
4.7233249e-17
4.7126679e-17
4.5401407e-17
4.4224637e-17
4.572274e-17
4.1700134e-17
4.2594221e-17
4.2286196e-17
4.1966389e-17
4.516878e-17
4.5846224e-17
4.7851679e-17
4.8029654e-17
5.2728873e-17
5.3360124e-17
5.8365039e-17
6.0024117e-17
5.7797554e-17
5.1913639e-17
5.3898266e-17
5.1817488e-17
5.499467e-17
5.5426691e-17
5.7529582e-17
6.2046994e-17
5.9001644e-17
5.8677273e-17
5.8683726e-17
5.7669046e-17
5.7952482e-17
5.6756616e-17
5.7176395e-17
5.4102237e-17
5.5567626e-17
5.7885873e-17
5.8863032e-17
5.632029e-17
5.7167231e-17
6.0400431e-17
6.0661377e-17
6.106484e-17
6.2248085e-17
6.0764296e-17
5.2586037e-17
4.3861112e-17
2.8056491e-17
1.6046953e-18
-8.1767489e-18
-1.8692963e-17
-2.9200248e-17
-3.5893161e-17
-4.3157037e-17
-4.0626113e-17
-3.7917697e-17
-3.5919777e-17
-3.4402378e-17
-3.2177971e-17
-3.6890939e-17
-3.5473761e-17
-3.2755506e-17
-3.1735414e-17
-3.2613081e-17
-3.0698208e-17
-2.716493e-17
-2.8169175e-17
-2.6156485e-17
-2.9249086e-17
-2.5109e-17
-2.2912962e-17
-2.1415452e-17
-1.9598383e-17
-1.6528771e-17
-1.3388841e-17
-1.5882945e-17
-1.4415509e-17
-1.4660252e-17
-1.7790937e-17
-1.3425097e-17
-1.2913972e-17
-1.1465716e-17
-1.2041635e-17
-1.4217735e-17
-8.199038e-18
-5.9310959e-18
-7.0055532e-18
-7.290157e-18
-2.7860506e-18
-2.7363271e-18
-4.2204406e-18
-1.6912889e-18
-2.3135156e-18
1.5228474e-18
5.4071224e-18
4.4266966e-18
4.2939419e-18
8.3577911e-18
1.1654909e-17
1.1637828e-17
1.1021873e-17
1.0439732e-17
1.1010967e-17
1.629097e-17
1.7503874e-17
1.931456e-17
1.9728667e-17
2.3480911e-17
2.6652155e-17
2.7717509e-17
3.2943905e-17
3.2598938e-17
3.4938714e-17
3.3017056e-17
3.4400652e-17
3.4171165e-17
3.4589502e-17
3.7066277e-17
3.6849747e-17
3.996703e-17
4.187616e-17
4.2629086e-17
4.498134e-17
4.2833486e-17
4.4263165e-17
4.4758659e-17
4.7587697e-17
4.9562324e-17
5.0277618e-17
5.0705365e-17
5.0212277e-17
5.2825937e-17
5.194e-17
5.3228581e-17
5.6050323e-17
5.6508923e-17
5.805504e-17
5.6165924e-17
5.8698354e-17
5.9965963e-17
6.2383848e-17
6.4298875e-17
6.1597219e-17
5.848966e-17
6.2415644e-17
6.7299737e-17
6.7173498e-17
6.6413015e-17
6.631116e-17
6.1379844e-17
6.4038007e-17
6.6048454e-17
6.5430101e-17
6.5370455e-17
6.4932078e-17
6.5764816e-17
6.7298653e-17
6.7792086e-17
6.9273697e-17
6.9348115e-17
7.0237926e-17
7.1083591e-17
7.113044e-17
6.8728951e-17
6.5685965e-17
5.9400873e-17
4.9014265e-17
3.0786572e-17
-1.0292049e-17
-1.9326052e-17
-2.9121178e-17
-3.6148418e-17
-3.9525086e-17
-4.302493e-17
-4.5477614e-17
-4.8035201e-17
-5.1037754e-17
-5.5790411e-17
-5.4115246e-17
-4.9451682e-17
-5.0438188e-17
-4.8769319e-17
-4.6195011e-17
-4.5004804e-17
-4.2338426e-17
-4.2902022e-17
-4.1313138e-17
-3.844907e-17
-3.3348786e-17
-3.2070271e-17
-2.7886599e-17
-2.9244823e-17
-2.7258547e-17
-2.46324e-17
-2.2080042e-17
-1.3658178e-17
-1.7492078e-17
-1.949618e-17
-1.8824682e-17
-1.820874e-17
-1.6156185e-17
-1.4356237e-17
-1.6744405e-17
-1.5313038e-17
-1.5009181e-17
-1.3136301e-17
-1.068273e-17
-8.1311134e-18
-6.682415e-18
-5.954767e-18
-2.2462976e-18
-1.0700386e-18
-1.000925e-18
3.8269722e-21
1.3081282e-18
4.3946238e-18
1.1032834e-17
1.3661005e-17
1.1745616e-17
1.5874378e-17
1.8780058e-17
2.0161067e-17
1.9419758e-17
2.2402798e-17
1.8777546e-17
1.9605347e-17
2.541257e-17
2.4220302e-17
2.7146956e-17
3.1686228e-17
2.8922547e-17
3.1791094e-17
3.1000644e-17
3.9035661e-17
4.1064315e-17
4.24192e-17
4.306346e-17
4.3322508e-17
4.5184274e-17
4.7621556e-17
4.7123775e-17
5.0643667e-17
5.1261835e-17
5.2869626e-17
5.1907446e-17
5.2728439e-17
5.7566365e-17
5.8554764e-17
5.8973128e-17
6.0279802e-17
6.1311665e-17
6.1086353e-17
6.078427e-17
6.4292455e-17
6.3917801e-17
6.617631e-17
6.818174e-17
7.3361891e-17
7.2478263e-17
7.4014614e-17
7.554149e-17
7.4670304e-17
7.4138969e-17
7.3958844e-17
7.3735659e-17
7.3412861e-17
7.6136298e-17
7.3555671e-17
7.6359162e-17
7.5915978e-17
7.7254175e-17
7.7600891e-17
8.0059491e-17
7.851301e-17
8.0717123e-17
8.0581288e-17
8.1711289e-17
8.4472474e-17
8.2520623e-17
8.0696058e-17
7.954542e-17
8.1742535e-17
8.4322896e-17
8.5991414e-17
8.1167316e-17
7.3298483e-17
6.0521751e-17
3.7738022e-17
-1.3826475e-17
-3.0542585e-17
-4.6703362e-17
-5.4543957e-17
-6.0081195e-17
-6.4499896e-17
-6.4578023e-17
-6.4121618e-17
-6.604487e-17
-6.6659983e-17
-6.3835643e-17
-6.6055111e-17
-6.5553343e-17
-6.3776611e-17
-6.211578e-17
-5.9606666e-17
-5.78979e-17
-5.6253953e-17
-5.508534e-17
-5.3137702e-17
-4.5928025e-17
-4.1535626e-17
-4.4182665e-17
-4.3791185e-17
-4.1355818e-17
-3.6678683e-17
-3.1404211e-17
-3.5908911e-17
-3.1690643e-17
-3.0738047e-17
-2.7498211e-17
-2.3372876e-17
-2.082642e-17
-1.8660416e-17
-1.7869004e-17
-1.8757107e-17
-1.6901563e-17
-1.6085208e-17
-1.0282934e-17
-8.2050643e-18
-9.6142463e-18
-7.8878937e-18
-7.2386665e-18
-5.6169449e-18
-1.8080444e-18
1.4673693e-18
3.4101688e-18
8.3939281e-18
9.188449e-18
9.9319935e-18
1.4840085e-17
1.6191629e-17
1.9881504e-17
2.1235994e-17
2.4078543e-17
2.5277832e-17
2.7297981e-17
3.0499069e-17
3.2189942e-17
3.3483695e-17
3.4745402e-17
3.6871188e-17
4.0582715e-17
4.0145749e-17
4.3408598e-17
4.2888256e-17
4.3657039e-17
4.234608e-17
4.6037218e-17
4.9936172e-17
4.9469134e-17
5.1543413e-17
5.2783405e-17
5.4353315e-17
5.7600552e-17
6.0190669e-17
6.3143775e-17
6.7178784e-17
6.8470505e-17
7.109516e-17
7.1135764e-17
7.1275343e-17
7.0657997e-17
7.2151083e-17
7.3713865e-17
7.2302566e-17
7.492932e-17
8.0384132e-17
8.4727533e-17
8.5141345e-17
8.6400752e-17
8.5692531e-17
8.4706056e-17
8.542266e-17
8.3220636e-17
8.6833614e-17
9.1197774e-17
9.2557696e-17
9.3902368e-17
9.6148593e-17
9.6390761e-17
9.7023339e-17
9.6182468e-17
9.7461112e-17
9.8465794e-17
9.9240182e-17
9.9340514e-17
9.870262e-17
9.9543239e-17
1.0052624e-16
1.0047319e-16
1.0108633e-16
1.0247344e-16
1.0304498e-16
1.020571e-16
1.0028261e-16
9.6079533e-17
8.7438823e-17
7.2826687e-17
4.4925144e-17
-2.0454669e-17
-4.6342795e-17
-6.2607499e-17
-7.445924e-17
-8.1553111e-17
-8.7054855e-17
-8.5302975e-17
-8.2232137e-17
-8.3784778e-17
-7.9327941e-17
-7.9069425e-17
-8.1060837e-17
-7.6150656e-17
-7.5032939e-17
-7.3548722e-17
-7.0775184e-17
-7.1470522e-17
-6.8499803e-17
-6.422491e-17
-6.5037088e-17
-6.4453922e-17
-5.926433e-17
-6.0305912e-17
-5.3915543e-17
-5.1488646e-17
-4.7801811e-17
-4.3702335e-17
-4.7541808e-17
-4.0606071e-17
-3.9212446e-17
-3.6114816e-17
-3.7483286e-17
-3.3747233e-17
-2.7515553e-17
-2.7156063e-17
-2.3578615e-17
-2.0811937e-17
-1.8432448e-17
-1.7174675e-17
-1.3193485e-17
-1.3346198e-17
-1.0503377e-17
-7.9339973e-18
-4.3918062e-18
1.8941271e-19
2.6048938e-18
8.6719341e-19
8.9805723e-18
7.6906253e-18
9.9809643e-18
1.7293111e-17
2.341176e-17
2.4062093e-17
2.6118195e-17
2.7223998e-17
3.1299807e-17
3.1795701e-17
3.4756719e-17
3.9804281e-17
4.7730061e-17
5.1408375e-17
5.0158047e-17
5.2258993e-17
5.1383513e-17
5.1884789e-17
5.4344469e-17
5.3724577e-17
5.4711708e-17
5.6540646e-17
6.2445931e-17
6.3945006e-17
6.6287508e-17
7.1496959e-17
7.0376147e-17
7.4061059e-17
7.5611327e-17
7.9116335e-17
7.991787e-17
8.173439e-17
8.306779e-17
8.5835525e-17
8.8212376e-17
8.9734274e-17
9.3440239e-17
9.2952305e-17
9.0473815e-17
9.3115283e-17
9.2509689e-17
9.9342997e-17
1.0071747e-16
1.0603695e-16
1.0391799e-16
1.0376867e-16
1.0538597e-16
1.032424e-16
1.0294478e-16
1.0514515e-16
1.1028741e-16
1.1309646e-16
1.17445e-16
1.1372488e-16
1.1487867e-16
1.1613908e-16
1.1849235e-16
1.1967237e-16
1.2174174e-16
1.1859197e-16
1.1987302e-16
1.2069309e-16
1.2024155e-16
1.179769e-16
1.1822209e-16
1.1858407e-16
1.1889134e-16
1.1779571e-16
1.1629051e-16
1.1241334e-16
1.0401124e-16
8.6920235e-17
5.6203614e-17
-4.6852111e-17
-8.4096351e-17
-1.0552013e-16
-1.1673141e-16
-1.2297078e-16
-1.2449443e-16
-1.2276969e-16
-1.2039562e-16
-1.20419e-16
-1.1721762e-16
-1.1677513e-16
-1.1683097e-16
-1.145084e-16
-1.121422e-16
-1.0756031e-16
-1.0202948e-16
-1.0217623e-16
-1.0015972e-16
-9.5341554e-17
-9.4237592e-17
-9.4563635e-17
-9.1172073e-17
-9.1207243e-17
-8.5470345e-17
-8.2869933e-17
-7.8547669e-17
-7.179217e-17
-7.1818398e-17
-6.5732906e-17
-6.2762238e-17
-5.8690445e-17
-5.5874338e-17
-5.0128978e-17
-4.3607681e-17
-4.1469957e-17
-4.0049825e-17
-3.3431011e-17
-2.9501174e-17
-3.0338258e-17
-2.9686937e-17
-2.5949992e-17
-2.158467e-17
-1.8882654e-17
-1.412086e-17
-1.0475571e-17
-8.1707155e-18
-4.5201935e-18
1.5391853e-18
2.873697e-18
8.3611596e-18
1.3694533e-17
1.7698072e-17
1.9898932e-17
2.4381135e-17
2.9222618e-17
3.303242e-17
3.3927289e-17
4.0312461e-17
4.4106281e-17
4.8732869e-17
5.0070483e-17
5.4514483e-17
5.8267059e-17
6.1651113e-17
6.5955972e-17
6.66882e-17
6.9471508e-17
6.8852764e-17
7.1539438e-17
7.7053932e-17
8.0755259e-17
8.4184442e-17
8.7734045e-17
8.7982725e-17
9.1407001e-17
9.5716691e-17
9.71051e-17
9.7057039e-17
9.8790316e-17
1.0109398e-16
1.0271947e-16
1.0609447e-16
1.0606082e-16
1.0914995e-16
1.1166741e-16
1.1291941e-16
1.1492758e-16
1.1895532e-16
1.2140804e-16
1.2207172e-16
1.2581948e-16
1.2550571e-16
1.2581743e-16
1.2639084e-16
1.2754715e-16
1.2625761e-16
1.2972639e-16
1.3228278e-16
1.3346982e-16
1.3704515e-16
1.3748872e-16
1.3891661e-16
1.3964943e-16
1.3896632e-16
1.395446e-16
1.415763e-16
1.4117905e-16
1.4280345e-16
1.4450249e-16
1.4501428e-16
1.4527896e-16
1.4362333e-16
1.4214683e-16
1.4281976e-16
1.4359776e-16
1.4066963e-16
1.3807768e-16
1.2749854e-16
1.0664677e-16
6.6959084e-17
4.5904419e-16
7.8586156e-16
9.8104137e-16
1.0940993e-15
1.1564552e-15
1.170902e-15
1.1712625e-15
1.1586518e-15
1.1420007e-15
1.1200009e-15
1.1004058e-15
1.078349e-15
1.0585335e-15
1.0373931e-15
1.0149938e-15
9.909102e-16
9.6427346e-16
9.3861082e-16
9.1232648e-16
8.8626829e-16
8.5925956e-16
8.3056997e-16
8.0097851e-16
7.7037222e-16
7.3830147e-16
7.090833e-16
6.774366e-16
6.4619801e-16
6.1366963e-16
5.7722009e-16
5.4429792e-16
5.1304949e-16
4.7958687e-16
4.4695897e-16
4.0949731e-16
3.7484142e-16
3.4179011e-16
3.0770396e-16
2.7367794e-16
2.4031996e-16
2.0654908e-16
1.7330694e-16
1.3892883e-16
1.0591186e-16
7.2445768e-17
4.0319503e-17
8.2091989e-18
-2.5142903e-17
-5.8448713e-17
-9.059844e-17
-1.2115765e-16
-1.5407962e-16
-1.8375703e-16
-2.1384388e-16
-2.4539609e-16
-2.7420809e-16
-3.0394752e-16
-3.3196758e-16
-3.621267e-16
-3.929259e-16
-4.1909529e-16
-4.4774404e-16
-4.7491053e-16
-5.0107821e-16
-5.2657447e-16
-5.5248579e-16
-5.7849693e-16
-6.0681716e-16
-6.3083175e-16
-6.5354481e-16
-6.7720896e-16
-6.9802764e-16
-7.214828e-16
-7.4306087e-16
-7.6294072e-16
-7.8333601e-16
-8.0406336e-16
-8.2431818e-16
-8.4145957e-16
-8.5911749e-16
-8.7651545e-16
-8.9466257e-16
-9.1264533e-16
-9.303364e-16
-9.4658993e-16
-9.6349785e-16
-9.7765395e-16
-9.9288691e-16
-1.0086884e-15
-1.0227398e-15
-1.0342871e-15
-1.0478387e-15
-1.0594498e-15
-1.071935e-15
-1.0836605e-15
-1.0960478e-15
-1.1059071e-15
-1.1142858e-15
-1.1213608e-15
-1.1296375e-15
-1.1396267e-15
-1.1482859e-15
-1.1545325e-15
-1.1612534e-15
-1.1667644e-15
-1.173007e-15
-1.1796795e-15
-1.1856527e-15
-1.1915986e-15
-1.1962705e-15
-1.2003205e-15
-1.2034079e-15
-1.2051259e-15
-1.2036075e-15
-1.1985168e-15
-1.1835475e-15
-1.1459524e-15
-1.0618371e-15
-8.9593249e-16
-5.5454421e-16
-1.0515207e-16
-1.7264535e-16
-2.090299e-16
-2.3015177e-16
-2.4052566e-16
-2.4081977e-16
-2.394935e-16
-2.3504479e-16
-2.319908e-16
-2.278026e-16
-2.2394528e-16
-2.2087291e-16
-2.1625039e-16
-2.1119499e-16
-2.0647084e-16
-2.0016357e-16
-1.9621662e-16
-1.8957232e-16
-1.8411879e-16
-1.7863534e-16
-1.7405368e-16
-1.6675298e-16
-1.6261494e-16
-1.5249897e-16
-1.4660763e-16
-1.4019637e-16
-1.320285e-16
-1.2655768e-16
-1.1742982e-16
-1.1119123e-16
-1.0457426e-16
-1.0070969e-16
-9.2917679e-17
-8.356478e-17
-7.9150826e-17
-7.3828751e-17
-6.6018445e-17
-5.8533346e-17
-5.2604685e-17
-4.8638357e-17
-4.1726696e-17
-3.2561083e-17
-2.7694143e-17
-2.0540872e-17
-1.3908853e-17
-7.601475e-18
-3.6431306e-18
5.0206987e-18
8.5588879e-18
1.5069576e-17
2.1678678e-17
2.665476e-17
3.1571708e-17
3.9469773e-17
4.4739396e-17
5.0596053e-17
5.4001804e-17
5.9062842e-17
6.4336026e-17
7.0533064e-17
7.5079914e-17
7.9100868e-17
8.4766967e-17
8.7781186e-17
9.1518525e-17
9.4864585e-17
9.916329e-17
1.0228446e-16
1.0650177e-16
1.1253585e-16
1.1656256e-16
1.1992822e-16
1.2344284e-16
1.2496979e-16
1.3019681e-16
1.3583154e-16
1.3861858e-16
1.4095771e-16
1.4331348e-16
1.4762195e-16
1.4936227e-16
1.5200063e-16
1.5396188e-16
1.5804013e-16
1.6193822e-16
1.6324617e-16
1.6524125e-16
1.6818553e-16
1.7234331e-16
1.7460604e-16
1.7819275e-16
1.7730331e-16
1.7971336e-16
1.8111163e-16
1.8286786e-16
1.8219314e-16
1.8492233e-16
1.8988334e-16
1.9186519e-16
1.9480515e-16
1.9504985e-16
1.9530753e-16
1.9602808e-16
1.956795e-16
1.9601416e-16
1.9711942e-16
1.9687236e-16
2.00346e-16
2.0245929e-16
2.0211581e-16
2.0255246e-16
2.0200571e-16
2.0052157e-16
2.0143772e-16
2.0185649e-16
1.9915052e-16
1.9362047e-16
1.7943689e-16
1.5063028e-16
9.5599887e-17
-1.4904627e-16
-2.4515044e-16
-2.9913936e-16
-3.231238e-16
-3.3752541e-16
-3.3945466e-16
-3.3682752e-16
-3.2987123e-16
-3.2053378e-16
-3.1308548e-16
-3.0438139e-16
-2.9834751e-16
-2.8920276e-16
-2.8076228e-16
-2.7434188e-16
-2.657294e-16
-2.5814931e-16
-2.5099756e-16
-2.4277954e-16
-2.3299196e-16
-2.2348111e-16
-2.1417649e-16
-2.075059e-16
-1.9943506e-16
-1.9047699e-16
-1.7730607e-16
-1.6470171e-16
-1.5974223e-16
-1.4999133e-16
-1.4019547e-16
-1.2997813e-16
-1.194773e-16
-1.1102865e-16
-1.0429123e-16
-9.4132933e-17
-8.4712935e-17
-7.8818553e-17
-7.1512813e-17
-6.0699779e-17
-5.1742016e-17
-4.3464258e-17
-3.5061924e-17
-2.6378527e-17
-1.9068929e-17
-7.7575152e-18
-8.1092338e-19
7.0197872e-18
1.5708741e-17
2.1593576e-17
2.748455e-17
3.6956112e-17
4.3148787e-17
4.8905857e-17
5.4579583e-17
6.3627579e-17
6.9342572e-17
7.629018e-17
8.4212396e-17
9.0170664e-17
9.7527746e-17
1.0290381e-16
1.0821084e-16
1.1169383e-16
1.167894e-16
1.2285747e-16
1.2482751e-16
1.2566523e-16
1.2892302e-16
1.3478976e-16
1.4103392e-16
1.4327353e-16
1.4813913e-16
1.5336969e-16
1.5594044e-16
1.6222526e-16
1.6939666e-16
1.7387152e-16
1.7543058e-16
1.7914115e-16
1.8299729e-16
1.8490404e-16
1.8687279e-16
1.8768055e-16
1.9109773e-16
1.9454262e-16
1.9482612e-16
1.9681579e-16
2.0351934e-16
2.0631075e-16
2.0986223e-16
2.1156357e-16
2.1337509e-16
2.1412815e-16
2.1474607e-16
2.1704269e-16
2.1843136e-16
2.2315553e-16
2.2379698e-16
2.263734e-16
2.2856442e-16
2.3016516e-16
2.309095e-16
2.3282604e-16
2.3550202e-16
2.3382144e-16
2.3367692e-16
2.33744e-16
2.3569658e-16
2.3565696e-16
2.377642e-16
2.3537425e-16
2.3530611e-16
2.3795653e-16
2.3655107e-16
2.3719655e-16
2.3476131e-16
2.2606781e-16
2.119684e-16
1.8336532e-16
1.161604e-16
1.7854001e-15
2.8993375e-15
3.4938084e-15
3.8111318e-15
3.9701761e-15
3.9818206e-15
3.9223329e-15
3.8233133e-15
3.7052638e-15
3.5847669e-15
3.4642656e-15
3.346613e-15
3.2314566e-15
3.1193069e-15
3.0076068e-15
2.8973169e-15
2.7834658e-15
2.6709183e-15
2.557056e-15
2.4438168e-15
2.3275974e-15
2.215944e-15
2.0998518e-15
1.9887232e-15
1.8762656e-15
1.7643796e-15
1.6548015e-15
1.5428955e-15
1.4352389e-15
1.3280292e-15
1.2195201e-15
1.1140253e-15
1.0104252e-15
9.1125794e-16
8.1102594e-16
7.114277e-16
6.1586858e-16
5.2182599e-16
4.2774125e-16
3.3468751e-16
2.4585397e-16
1.5864196e-16
7.1053986e-17
-1.1688264e-17
-9.294305e-17
-1.7118031e-16
-2.4817616e-16
-3.2232797e-16
-3.984132e-16
-4.7098854e-16
-5.4023065e-16
-6.0661544e-16
-6.7204065e-16
-7.3484645e-16
-7.9810155e-16
-8.6018108e-16
-9.2210063e-16
-9.7949566e-16
-1.0359468e-15
-1.0918944e-15
-1.1452694e-15
-1.1960692e-15
-1.2453194e-15
-1.2926761e-15
-1.3404661e-15
-1.38537e-15
-1.4268219e-15
-1.4714247e-15
-1.5141715e-15
-1.5537801e-15
-1.5930427e-15
-1.6325301e-15
-1.6696175e-15
-1.7059334e-15
-1.738841e-15
-1.7702879e-15
-1.8012209e-15
-1.8301433e-15
-1.8593785e-15
-1.8879703e-15
-1.9169432e-15
-1.9415062e-15
-1.9694458e-15
-1.9944778e-15
-2.0183423e-15
-2.0400465e-15
-2.0608406e-15
-2.0822445e-15
-2.101721e-15
-2.122426e-15
-2.1387156e-15
-2.1582392e-15
-2.1734994e-15
-2.1890929e-15
-2.2045434e-15
-2.2209281e-15
-2.2336562e-15
-2.245572e-15
-2.2554547e-15
-2.2656391e-15
-2.27665e-15
-2.2884616e-15
-2.2980715e-15
-2.3099286e-15
-2.3189235e-15
-2.3272404e-15
-2.3342892e-15
-2.341324e-15
-2.3464181e-15
-2.3521709e-15
-2.3573245e-15
-2.3599998e-15
-2.3643058e-15
-2.3635094e-15
-2.3559409e-15
-2.3352757e-15
-2.2751029e-15
-2.1360002e-15
-1.8337039e-15
-1.1458614e-15
-3.147218e-15
-5.1729252e-15
-6.2901142e-15
-6.9557781e-15
-7.3063181e-15
-7.3893151e-15
-7.3015587e-15
-7.1043808e-15
-6.8448117e-15
-6.5458752e-15
-6.2329052e-15
-5.9243492e-15
-5.625578e-15
-5.3421892e-15
-5.0723851e-15
-4.8149251e-15
-4.5651952e-15
-4.3237149e-15
-4.0893327e-15
-3.8599603e-15
-3.6342214e-15
-3.4110754e-15
-3.195482e-15
-2.9828751e-15
-2.7741322e-15
-2.5679036e-15
-2.3654425e-15
-2.1708969e-15
-1.978241e-15
-1.7894993e-15
-1.6056717e-15
-1.426219e-15
-1.2527437e-15
-1.0835242e-15
-9.2057878e-16
-7.6238975e-16
-6.0776876e-16
-4.575031e-16
-3.1110076e-16
-1.6935555e-16
-3.2416825e-17
1.0128595e-16
2.2958155e-16
3.5346492e-16
4.7586362e-16
5.9473533e-16
7.0873962e-16
8.186674e-16
9.2403464e-16
1.0275352e-15
1.1280206e-15
1.2246718e-15
1.3197336e-15
1.4106431e-15
1.498909e-15
1.5810559e-15
1.6632088e-15
1.7425774e-15
1.8187229e-15
1.8922685e-15
1.9620702e-15
2.0303964e-15
2.0965655e-15
2.1600437e-15
2.2219885e-15
2.2805086e-15
2.3370789e-15
2.3900952e-15
2.4437935e-15
2.495355e-15
2.5418247e-15
2.5878739e-15
2.6322905e-15
2.6738897e-15
2.7154046e-15
2.7556798e-15
2.79446e-15
2.8313223e-15
2.8664714e-15
2.9010036e-15
2.9327097e-15
2.9639501e-15
2.9938298e-15
3.0232956e-15
3.0513821e-15
3.0768094e-15
3.1015603e-15
3.1269113e-15
3.1500388e-15
3.171388e-15
3.1908773e-15
3.2095362e-15
3.2270465e-15
3.24364e-15
3.2606735e-15
3.2787148e-15
3.2971495e-15
3.3131721e-15
3.326999e-15
3.3405055e-15
3.3536378e-15
3.365223e-15
3.3754833e-15
3.3855917e-15
3.3944062e-15
3.40301e-15
3.4105551e-15
3.4170184e-15
3.423378e-15
3.4293398e-15
3.4333135e-15
3.4367637e-15
3.4386505e-15
3.4371404e-15
3.4274948e-15
3.3979847e-15
3.317835e-15
3.1233455e-15
2.6910796e-15
1.6914692e-15
-4.062545e-15
-6.8966858e-15
-8.6571991e-15
-9.9441404e-15
-1.078917e-14
-1.1221887e-14
-1.1304078e-14
-1.1106928e-14
-1.0706606e-14
-1.0155664e-14
-9.5149603e-15
-8.8336534e-15
-8.1514197e-15
-7.4974415e-15
-6.8910829e-15
-6.3351321e-15
-5.8306282e-15
-5.3720804e-15
-4.9511977e-15
-4.5618491e-15
-4.198615e-15
-3.8532136e-15
-3.5280028e-15
-3.2142907e-15
-2.913739e-15
-2.6234944e-15
-2.3435036e-15
-2.0763867e-15
-1.8159861e-15
-1.5658491e-15
-1.326513e-15
-1.0968738e-15
-8.7738705e-16
-6.6435565e-16
-4.6225989e-16
-2.6442966e-16
-7.6389034e-17
1.0521316e-16
2.7803012e-16
4.448299e-16
6.0398294e-16
7.5951738e-16
9.0712058e-16
1.0479909e-15
1.1850326e-15
1.3177397e-15
1.4425768e-15
1.5649171e-15
1.6785252e-15
1.7873238e-15
1.8918556e-15
1.9933859e-15
2.0891799e-15
2.1825083e-15
2.2697546e-15
2.3555222e-15
2.4355345e-15
2.5130372e-15
2.5866956e-15
2.6579769e-15
2.7273569e-15
2.791547e-15
2.8553334e-15
2.914456e-15
2.9708125e-15
3.0258186e-15
3.078409e-15
3.1278794e-15
3.1734169e-15
3.2190514e-15
3.2614154e-15
3.3020482e-15
3.3413203e-15
3.3776625e-15
3.4139978e-15
3.4491677e-15
3.4826591e-15
3.5145551e-15
3.5447917e-15
3.5728821e-15
3.5997885e-15
3.6243407e-15
3.6498794e-15
3.6731218e-15
3.6943955e-15
3.714729e-15
3.7363042e-15
3.7544209e-15
3.7741699e-15
3.7917038e-15
3.8081141e-15
3.822071e-15
3.8365517e-15
3.8509959e-15
3.8626269e-15
3.8733139e-15
3.8849832e-15
3.8969309e-15
3.9081352e-15
3.9204537e-15
3.9297959e-15
3.9398172e-15
3.9486749e-15
3.9550351e-15
3.9612861e-15
3.969172e-15
3.9728567e-15
3.9772284e-15
3.9814424e-15
3.9842189e-15
3.9855057e-15
3.9882845e-15
3.9892914e-15
3.9866154e-15
3.9758172e-15
3.94387e-15
3.8567273e-15
3.638761e-15
3.1455875e-15
1.9806125e-15
3.2111242e-15
6.1901984e-15
8.582767e-15
1.0767356e-14
1.2551176e-14
1.3678802e-14
1.4227316e-14
1.4286043e-14
1.394237e-14
1.3293177e-14
1.2418607e-14
1.1389974e-14
1.0275008e-14
9.1356683e-15
8.0214033e-15
6.9734667e-15
6.0215126e-15
5.1831777e-15
4.4574516e-15
3.8371905e-15
3.3079013e-15
2.8508942e-15
2.4502554e-15
2.0929912e-15
1.7677048e-15
1.4665419e-15
1.1874553e-15
9.2433404e-16
6.7797576e-16
4.4383069e-16
2.2094143e-16
9.1502667e-18
-1.928563e-16
-3.842011e-16
-5.6656692e-16
-7.4067423e-16
-9.0449256e-16
-1.0591489e-15
-1.2053643e-15
-1.3443203e-15
-1.4772969e-15
-1.6011768e-15
-1.7192646e-15
-1.8306544e-15
-1.9362051e-15
-2.0358557e-15
-2.1294939e-15
-2.2193776e-15
-2.304596e-15
-2.38423e-15
-2.4581311e-15
-2.5306309e-15
-2.5971903e-15
-2.6613402e-15
-2.7217436e-15
-2.7798066e-15
-2.8327777e-15
-2.8830923e-15
-2.9311359e-15
-2.9752341e-15
-3.0185567e-15
-3.0574128e-15
-3.0954111e-15
-3.1304377e-15
-3.1657066e-15
-3.1980962e-15
-3.2292843e-15
-3.2587313e-15
-3.2866998e-15
-3.3118013e-15
-3.3346547e-15
-3.3581474e-15
-3.3802849e-15
-3.399896e-15
-3.4203355e-15
-3.4358692e-15
-3.4520359e-15
-3.4664571e-15
-3.4810062e-15
-3.4949376e-15
-3.5080955e-15
-3.5205314e-15
-3.5329078e-15
-3.5431349e-15
-3.5540521e-15
-3.5652187e-15
-3.5731137e-15
-3.5817484e-15
-3.5891154e-15
-3.5956575e-15
-3.6016485e-15
-3.6094735e-15
-3.6164434e-15
-3.6228603e-15
-3.6277257e-15
-3.6320376e-15
-3.6376645e-15
-3.6405224e-15
-3.6428589e-15
-3.6485416e-15
-3.6524208e-15
-3.6549202e-15
-3.6573937e-15
-3.6610322e-15
-3.6627765e-15
-3.6669849e-15
-3.6686469e-15
-3.6699199e-15
-3.6727286e-15
-3.6734531e-15
-3.674352e-15
-3.6750664e-15
-3.6731554e-15
-3.6687234e-15
-3.6582786e-15
-3.6286868e-15
-3.5523362e-15
-3.358458e-15
-2.9072563e-15
-1.8297561e-15
-2.5540968e-15
-7.6570558e-15
-1.3244218e-14
-1.8807279e-14
-2.3322559e-14
-2.6149763e-14
-2.7681884e-14
-2.8168808e-14
-2.7825389e-14
-2.6820153e-14
-2.5306759e-14
-2.3404827e-14
-2.1217379e-14
-1.8849246e-14
-1.6392753e-14
-1.3930541e-14
-1.1538473e-14
-9.2891695e-15
-7.2409579e-15
-5.4393924e-15
-3.9080284e-15
-2.6456807e-15
-1.634052e-15
-8.2916234e-16
-1.7611801e-16
3.6236269e-16
8.1546882e-16
1.2046433e-15
1.5456954e-15
1.8478211e-15
2.120476e-15
2.3681236e-15
2.5962855e-15
2.8068373e-15
2.9997292e-15
3.1789478e-15
3.3460223e-15
3.5004444e-15
3.6428162e-15
3.774029e-15
3.8963241e-15
4.0093554e-15
4.1129377e-15
4.2093355e-15
4.2985329e-15
4.3803002e-15
4.4566904e-15
4.5280537e-15
4.5918269e-15
4.6515734e-15
4.7067778e-15
4.7580475e-15
4.803422e-15
4.8452628e-15
4.8840017e-15
4.9208065e-15
4.9506735e-15
4.9803575e-15
5.0061473e-15
5.0308088e-15
5.0520365e-15
5.072356e-15
5.0919085e-15
5.1077479e-15
5.1215605e-15
5.1335814e-15
5.1450384e-15
5.1545219e-15
5.1627606e-15
5.1718604e-15
5.1792363e-15
5.1849317e-15
5.1901964e-15
5.1924432e-15
5.1969092e-15
5.2012471e-15
5.2038044e-15
5.2051486e-15
5.2063017e-15
5.2071969e-15
5.206872e-15
5.2076707e-15
5.2067771e-15
5.2066839e-15
5.2057142e-15
5.2031598e-15
5.2020091e-15
5.2010059e-15
5.2000317e-15
5.1986861e-15
5.1978433e-15
5.1943637e-15
5.1919089e-15
5.1903045e-15
5.1884226e-15
5.1844262e-15
5.1827994e-15
5.181662e-15
5.1807147e-15
5.1797532e-15
5.1775527e-15
5.1754904e-15
5.1717839e-15
5.1686649e-15
5.166466e-15
5.1651378e-15
5.1631504e-15
5.1623617e-15
5.16063e-15
5.1584015e-15
5.1550076e-15
5.1513865e-15
5.1454826e-15
5.139371e-15
5.1243473e-15
5.0842672e-15
4.979475e-15
4.7130913e-15
4.0839503e-15
2.5631254e-15
5.4617368e-16
7.3113169e-15
1.5690231e-14
2.2962458e-14
2.7901705e-14
3.086156e-14
3.2351285e-14
3.2729815e-14
3.2263958e-14
3.1150576e-14
2.9543944e-14
2.7557788e-14
2.5287979e-14
2.2805821e-14
2.0174571e-14
1.7453387e-14
1.4693098e-14
1.1952994e-14
9.2957454e-15
6.7821701e-15
4.468409e-15
2.4101541e-15
6.3955431e-16
-8.3255683e-16
-2.0203365e-15
-2.9517837e-15
-3.6632001e-15
-4.1953101e-15
-4.5811963e-15
-4.8567957e-15
-5.0506355e-15
-5.1894915e-15
-5.2872515e-15
-5.3569732e-15
-5.4094451e-15
-5.4486544e-15
-5.4789578e-15
-5.5014042e-15
-5.5187378e-15
-5.5309622e-15
-5.5393502e-15
-5.5430538e-15
-5.543396e-15
-5.5410303e-15
-5.5351908e-15
-5.5269889e-15
-5.5175216e-15
-5.5032886e-15
-5.4914316e-15
-5.4775463e-15
-5.4594761e-15
-5.441352e-15
-5.4242532e-15
-5.4054243e-15
-5.3862968e-15
-5.3643725e-15
-5.3448423e-15
-5.3241164e-15
-5.303749e-15
-5.2826623e-15
-5.2615813e-15
-5.2403769e-15
-5.2192289e-15
-5.1969732e-15
-5.1746821e-15
-5.1547315e-15
-5.1351895e-15
-5.1150113e-15
-5.0960802e-15
-5.0768229e-15
-5.057425e-15
-5.0383306e-15
-5.0191854e-15
-5.0013107e-15
-4.9820733e-15
-4.9638673e-15
-4.9464404e-15
-4.9285783e-15
-4.9121388e-15
-4.8969795e-15
-4.8807034e-15
-4.865331e-15
-4.8511617e-15
-4.8351007e-15
-4.8222438e-15
-4.8102854e-15
-4.7974014e-15
-4.7866072e-15
-4.77247e-15
-4.7603065e-15
-4.7473014e-15
-4.737462e-15
-4.7282844e-15
-4.7178872e-15
-4.7094717e-15
-4.7014414e-15
-4.6919088e-15
-4.6812454e-15
-4.6715465e-15
-4.6608066e-15
-4.6543184e-15
-4.6478131e-15
-4.6416176e-15
-4.6358526e-15
-4.6307696e-15
-4.6238253e-15
-4.6194141e-15
-4.6147545e-15
-4.6113865e-15
-4.6078805e-15
-4.6039654e-15
-4.5993953e-15
-4.5938087e-15
-4.5858455e-15
-4.5726557e-15
-4.5384033e-15
-4.4459508e-15
-4.2081928e-15
-3.6439529e-15
-2.2723017e-15
1.6825396e-15
2.7690201e-14
5.2082807e-14
6.7804289e-14
7.7390828e-14
8.2361491e-14
8.4103494e-14
8.3525972e-14
8.1258554e-14
7.7732887e-14
7.329631e-14
6.8183789e-14
6.2579448e-14
5.6619755e-14
5.0412448e-14
4.4046954e-14
3.7593076e-14
3.1133626e-14
2.474263e-14
1.8503441e-14
1.2505528e-14
6.8532357e-15
1.647279e-15
-3.0430377e-15
-7.1311701e-15
-1.0562916e-14
-1.3327473e-14
-1.5448747e-14
-1.6979453e-14
-1.7994485e-14
-1.8588904e-14
-1.8856008e-14
-1.8888275e-14
-1.875981e-14
-1.8533944e-14
-1.8256264e-14
-1.7949506e-14
-1.7638218e-14
-1.7330039e-14
-1.7028959e-14
-1.6740789e-14
-1.6461347e-14
-1.6194242e-14
-1.593565e-14
-1.5689142e-14
-1.5449321e-14
-1.5221005e-14
-1.5000536e-14
-1.4789873e-14
-1.4588677e-14
-1.439237e-14
-1.4202595e-14
-1.4020331e-14
-1.3845127e-14
-1.3678399e-14
-1.3517486e-14
-1.3361475e-14
-1.3210803e-14
-1.3065465e-14
-1.2927225e-14
-1.279246e-14
-1.2664982e-14
-1.2540834e-14
-1.2419331e-14
-1.2303342e-14
-1.2193224e-14
-1.2086182e-14
-1.1983727e-14
-1.1884075e-14
-1.1790071e-14
-1.1696024e-14
-1.1607388e-14
-1.1522566e-14
-1.1439418e-14
-1.1359215e-14
-1.1284252e-14
-1.1212684e-14
-1.1139266e-14
-1.1070566e-14
-1.100589e-14
-1.0942733e-14
-1.0882687e-14
-1.0826589e-14
-1.0768965e-14
-1.0715975e-14
-1.0663793e-14
-1.0614538e-14
-1.0569022e-14
-1.052365e-14
-1.0481871e-14
-1.0439795e-14
-1.039888e-14
-1.0362818e-14
-1.0324593e-14
-1.0290009e-14
-1.0257557e-14
-1.0226704e-14
-1.0195055e-14
-1.0167345e-14
-1.0139115e-14
-1.0115071e-14
-1.0093065e-14
-1.0068428e-14
-1.0046242e-14
-1.0024932e-14
-1.0009207e-14
-9.9932892e-15
-9.9771921e-15
-9.9625191e-15
-9.9498077e-15
-9.9326907e-15
-9.9201857e-15
-9.9059038e-15
-9.884958e-15
-9.8541246e-15
-9.7803002e-15
-9.5821988e-15
-9.0684687e-15
-7.8377912e-15
-4.8513319e-15
-8.6701693e-15
-3.4491699e-14
-5.014236e-14
-5.8602211e-14
-6.2785211e-14
-6.4150805e-14
-6.3619319e-14
-6.1767806e-14
-5.8991405e-14
-5.5554758e-14
-5.1677434e-14
-4.7502371e-14
-4.312994e-14
-3.8638019e-14
-3.4077517e-14
-2.949142e-14
-2.4910337e-14
-2.037433e-14
-1.5916635e-14
-1.1576599e-14
-7.3928655e-15
-3.3939918e-15
4.4861391e-16
4.0387631e-15
7.2706624e-15
1.0061427e-14
1.2355912e-14
1.4134705e-14
1.5417663e-14
1.6244325e-14
1.6686074e-14
1.681642e-14
1.6718596e-14
1.6464238e-14
1.6111002e-14
1.5707385e-14
1.5284242e-14
1.4861347e-14
1.4450159e-14
1.4056633e-14
1.3682566e-14
1.3329171e-14
1.2996046e-14
1.2680064e-14
1.2381496e-14
1.2098667e-14
1.1831836e-14
1.1579821e-14
1.1337889e-14
1.1111328e-14
1.0894779e-14
1.0689744e-14
1.0493702e-14
1.0308751e-14
1.0132252e-14
9.9646431e-15
9.8018298e-15
9.6491944e-15
9.5033646e-15
9.3649749e-15
9.2316426e-15
9.1055561e-15
8.9864523e-15
8.870183e-15
8.759057e-15
8.6535862e-15
8.5531013e-15
8.457186e-15
8.3655649e-15
8.2787837e-15
8.193773e-15
8.1127808e-15
8.0351893e-15
7.9583521e-15
7.8882573e-15
7.8220482e-15
7.7580501e-15
7.6950863e-15
7.6336799e-15
7.5770524e-15
7.5226657e-15
7.4718325e-15
7.4214709e-15
7.3736091e-15
7.3286598e-15
7.283347e-15
7.2423051e-15
7.2024114e-15
7.1664223e-15
7.1289684e-15
7.094435e-15
7.0586126e-15
7.0266563e-15
6.9966164e-15
6.9681779e-15
6.9394997e-15
6.9148937e-15
6.8915892e-15
6.8683845e-15
6.8467343e-15
6.8263607e-15
6.8063017e-15
6.7878093e-15
6.7703454e-15
6.753313e-15
6.7385674e-15
6.7252296e-15
6.7133599e-15
6.7016214e-15
6.6909129e-15
6.6801802e-15
6.6694423e-15
6.6576042e-15
6.6449442e-15
6.6227401e-15
6.5705294e-15
6.4340495e-15
6.0815315e-15
5.2388737e-15
3.2081084e-15
2.0238672e-14
4.3485909e-14
5.403125e-14
5.8466909e-14
5.9531072e-14
5.863369e-14
5.6491477e-14
5.3516095e-14
4.9992391e-14
4.6131601e-14
4.2104659e-14
3.8010827e-14
3.390893e-14
2.9822243e-14
2.5764308e-14
2.1746862e-14
1.7779698e-14
1.388308e-14
1.00761e-14
6.3764291e-15
2.7191684e-15
-9.5553142e-16
-4.3486717e-15
-7.3260297e-15
-9.828546e-15
-1.182955e-14
-1.3333473e-14
-1.4378569e-14
-1.5015101e-14
-1.5311778e-14
-1.5347529e-14
-1.5192911e-14
-1.4909754e-14
-1.4548058e-14
-1.4150118e-14
-1.3738666e-14
-1.3329565e-14
-1.2935349e-14
-1.2558292e-14
-1.2201487e-14
-1.1865777e-14
-1.1547331e-14
-1.1247439e-14
-1.0962444e-14
-1.0693925e-14
-1.0440595e-14
-1.0201289e-14
-9.9723699e-15
-9.7580834e-15
-9.5555496e-15
-9.3592622e-15
-9.1750653e-15
-9.0005095e-15
-8.8343121e-15
-8.676976e-15
-8.5254651e-15
-8.3835322e-15
-8.2487658e-15
-8.1193517e-15
-7.994153e-15
-7.8759164e-15
-7.763575e-15
-7.6555787e-15
-7.5531146e-15
-7.4545449e-15
-7.3620453e-15
-7.2746153e-15
-7.1895586e-15
-7.1084554e-15
-7.0307092e-15
-6.9561631e-15
-6.8855071e-15
-6.816948e-15
-6.7528127e-15
-6.6894516e-15
-6.6297215e-15
-6.5723909e-15
-6.5162641e-15
-6.4647235e-15
-6.4146796e-15
-6.3668315e-15
-6.3218128e-15
-6.2782467e-15
-6.2339226e-15
-6.1956832e-15
-6.1589532e-15
-6.1207889e-15
-6.0866734e-15
-6.0509063e-15
-6.0199154e-15
-5.9876636e-15
-5.9595808e-15
-5.9331432e-15
-5.9070279e-15
-5.8843704e-15
-5.8613239e-15
-5.8389394e-15
-5.8158608e-15
-5.7945214e-15
-5.7732348e-15
-5.7556059e-15
-5.7391788e-15
-5.7232356e-15
-5.7091208e-15
-5.6955148e-15
-5.6804272e-15
-5.6700087e-15
-5.6584312e-15
-5.6483048e-15
-5.6394413e-15
-5.6310103e-15
-5.6222549e-15
-5.6125861e-15
-5.6013541e-15
-5.5827662e-15
-5.5393977e-15
-5.4218288e-15
-5.1167869e-15
-4.3857101e-15
-2.6450944e-15
-4.1708257e-14
-6.9895957e-14
-7.924654e-14
-8.1244833e-14
-7.9507205e-14
-7.5885342e-14
-7.1066084e-14
-6.546024e-14
-5.9440332e-14
-5.3324286e-14
-4.7351215e-14
-4.1598643e-14
-3.6048804e-14
-3.065129e-14
-2.5359265e-14
-2.0087068e-14
-1.4897621e-14
-9.7672115e-15
-4.5707668e-15
5.8046212e-16
4.9191272e-15
8.2298509e-15
1.0843504e-14
1.2901614e-14
1.4472984e-14
1.5610981e-14
1.6369054e-14
1.6799378e-14
1.6968781e-14
1.6933467e-14
1.6754072e-14
1.6480733e-14
1.6152896e-14
1.5797171e-14
1.5433404e-14
1.5072838e-14
1.472262e-14
1.4385691e-14
1.4063284e-14
1.3754858e-14
1.3461308e-14
1.3180447e-14
1.2912062e-14
1.2656969e-14
1.2415565e-14
1.2182563e-14
1.1959887e-14
1.1746555e-14
1.1542071e-14
1.134893e-14
1.1163185e-14
1.0984142e-14
1.0814849e-14
1.0651745e-14
1.0494965e-14
1.0345215e-14
1.0201749e-14
1.0065468e-14
9.9336878e-15
9.80661e-15
9.6844871e-15
9.5706995e-15
9.4602252e-15
9.3529721e-15
9.2486923e-15
9.15066e-15
9.0569495e-15
8.9646852e-15
8.8775316e-15
8.7957385e-15
8.7148802e-15
8.6374017e-15
8.5627526e-15
8.4906322e-15
8.4228927e-15
8.3590537e-15
8.2971812e-15
8.2368301e-15
8.1787818e-15
8.1236472e-15
8.0701692e-15
8.0203523e-15
7.9714392e-15
7.9242048e-15
7.8778288e-15
7.8336771e-15
7.7920773e-15
7.754057e-15
7.71672e-15
7.6815306e-15
7.6470483e-15
7.6119797e-15
7.5793188e-15
7.5490005e-15
7.5187941e-15
7.4916562e-15
7.4664457e-15
7.440899e-15
7.4190613e-15
7.3942308e-15
7.3741197e-15
7.3553746e-15
7.3369761e-15
7.3185761e-15
7.3026203e-15
7.2864345e-15
7.2721857e-15
7.2591308e-15
7.2462022e-15
7.2349873e-15
7.2227531e-15
7.211811e-15
7.199705e-15
7.1851444e-15
7.1610751e-15
7.1024885e-15
6.9460511e-15
6.5411208e-15
5.5738436e-15
3.3060609e-15
-5.0514077e-14
-7.6782689e-14
-8.2722257e-14
-8.1760775e-14
-7.7550394e-14
-7.1968101e-14
-6.5360461e-14
-5.8121304e-14
-5.071066e-14
-4.3583996e-14
-3.7015743e-14
-3.0982489e-14
-2.5333107e-14
-1.9926282e-14
-1.4704017e-14
-9.7626588e-15
-5.3267186e-15
-1.6211758e-15
1.2980625e-15
3.5662551e-15
5.4679921e-15
7.0936964e-15
8.4433279e-15
9.5165773e-15
1.0329041e-14
1.0911888e-14
1.1301361e-14
1.153561e-14
1.1657794e-14
1.1697135e-14
1.1682322e-14
1.1631587e-14
1.1560893e-14
1.147511e-14
1.1383746e-14
1.1288218e-14
1.118816e-14
1.1089585e-14
1.0989341e-14
1.0890537e-14
1.0790514e-14
1.0691784e-14
1.0595089e-14
1.0498577e-14
1.0404602e-14
1.0307102e-14
1.0213332e-14
1.0119545e-14
1.002737e-14
9.9389093e-15
9.8525822e-15
9.7645551e-15
9.6782195e-15
9.5961584e-15
9.5160276e-15
9.4367963e-15
9.3590369e-15
9.2848483e-15
9.2107482e-15
9.1413556e-15
9.0699796e-15
9.001568e-15
8.9342517e-15
8.8701302e-15
8.8069535e-15
8.7453887e-15
8.6845908e-15
8.625448e-15
8.5682778e-15
8.5148114e-15
8.4596895e-15
8.4075937e-15
8.356919e-15
8.3092158e-15
8.2611177e-15
8.2179981e-15
8.1734137e-15
8.1293988e-15
8.0883621e-15
8.048349e-15
8.0100749e-15
7.9728447e-15
7.937709e-15
7.9020855e-15
7.8675205e-15
7.8326637e-15
7.8006378e-15
7.772976e-15
7.7447354e-15
7.7177537e-15
7.6898993e-15
7.6616186e-15
7.6351091e-15
7.6106505e-15
7.5893674e-15
7.5670276e-15
7.5461442e-15
7.5263679e-15
7.5087988e-15
7.4895217e-15
7.4725004e-15
7.4570492e-15
7.4427735e-15
7.4291585e-15
7.4136294e-15
7.3995578e-15
7.3885027e-15
7.3783133e-15
7.3664462e-15
7.3576242e-15
7.3473876e-15
7.3368246e-15
7.3274222e-15
7.3133159e-15
7.2894053e-15
7.2295625e-15
7.0614573e-15
6.6299725e-15
5.6112707e-15
3.2646319e-15
4.1574387e-14
6.0643113e-14
6.3538448e-14
6.1172276e-14
5.6759252e-14
5.1517212e-14
4.5644223e-14
3.9351643e-14
3.2985826e-14
2.6961556e-14
2.1600986e-14
1.6990029e-14
1.3077672e-14
9.7909629e-15
7.0666166e-15
4.8295536e-15
2.98282e-15
1.4315546e-15
9.5902373e-17
-1.0665841e-15
-2.0658115e-15
-2.91082e-15
-3.6118039e-15
-4.1806361e-15
-4.6355481e-15
-4.9968123e-15
-5.2847138e-15
-5.5188353e-15
-5.7098527e-15
-5.868984e-15
-6.0068154e-15
-6.1260306e-15
-6.2303551e-15
-6.3217149e-15
-6.402432e-15
-6.4759406e-15
-6.5362601e-15
-6.5920985e-15
-6.6377015e-15
-6.6790081e-15
-6.7143117e-15
-6.7436322e-15
-6.7685e-15
-6.7858291e-15
-6.799152e-15
-6.8099531e-15
-6.8178035e-15
-6.8229017e-15
-6.8238196e-15
-6.8210691e-15
-6.8155524e-15
-6.8088766e-15
-6.7993962e-15
-6.7893857e-15
-6.775843e-15
-6.7634755e-15
-6.7490435e-15
-6.7338884e-15
-6.7174351e-15
-6.7018089e-15
-6.6840689e-15
-6.6621559e-15
-6.6434256e-15
-6.6227034e-15
-6.604345e-15
-6.5838719e-15
-6.56231e-15
-6.5438105e-15
-6.5219116e-15
-6.5018794e-15
-6.4810713e-15
-6.4621246e-15
-6.4432593e-15
-6.4247854e-15
-6.4023535e-15
-6.3804724e-15
-6.3614464e-15
-6.3420277e-15
-6.3237344e-15
-6.3043238e-15
-6.2878293e-15
-6.2679211e-15
-6.2522937e-15
-6.2346432e-15
-6.2174159e-15
-6.2015251e-15
-6.1844124e-15
-6.1689908e-15
-6.1541288e-15
-6.1382562e-15
-6.1234628e-15
-6.1106345e-15
-6.0972939e-15
-6.083613e-15
-6.0718513e-15
-6.0589283e-15
-6.048518e-15
-6.0359043e-15
-6.02352e-15
-6.0162659e-15
-6.0043097e-15
-5.9933352e-15
-5.985114e-15
-5.9777764e-15
-5.9684703e-15
-5.9610571e-15
-5.9560119e-15
-5.9487759e-15
-5.9414555e-15
-5.9353269e-15
-5.9296674e-15
-5.9233049e-15
-5.9166914e-15
-5.9057573e-15
-5.8862304e-15
-5.8368091e-15
-5.6955247e-15
-5.3275034e-15
-4.473652e-15
-2.5470497e-15
-4.9633638e-14
-7.1232218e-14
-7.3631454e-14
-7.0035206e-14
-6.4644993e-14
-5.8507016e-14
-5.1816861e-14
-4.464538e-14
-3.7178432e-14
-2.9785923e-14
-2.3010323e-14
-1.7333018e-14
-1.2930652e-14
-9.656713e-15
-7.208574e-15
-5.2923842e-15
-3.716428e-15
-2.3711912e-15
-1.2038682e-15
-1.8382623e-16
6.8580681e-16
1.4183274e-15
2.0342649e-15
2.5580809e-15
3.009461e-15
3.4055838e-15
3.7586544e-15
4.07688e-15
4.3719067e-15
4.6418798e-15
4.8914909e-15
5.1237255e-15
5.3392894e-15
5.5385926e-15
5.7245253e-15
5.8976771e-15
6.0557001e-15
6.203323e-15
6.3405434e-15
6.4680039e-15
6.5849397e-15
6.6939629e-15
6.7930685e-15
6.8843267e-15
6.9696799e-15
7.0474496e-15
7.1174384e-15
7.1818729e-15
7.2406917e-15
7.2939127e-15
7.3425677e-15
7.3884598e-15
7.4277774e-15
7.4638272e-15
7.4961807e-15
7.5256062e-15
7.5492417e-15
7.5708935e-15
7.5904027e-15
7.6070675e-15
7.6221994e-15
7.6338107e-15
7.6441275e-15
7.6515319e-15
7.6590881e-15
7.6649266e-15
7.6676393e-15
7.668904e-15
7.6686912e-15
7.6683043e-15
7.6662719e-15
7.6636521e-15
7.6595526e-15
7.6547538e-15
7.6512755e-15
7.6455646e-15
7.6401261e-15
7.6327252e-15
7.6248834e-15
7.6165112e-15
7.6082139e-15
7.6012117e-15
7.5927582e-15
7.5847282e-15
7.5756605e-15
7.5663026e-15
7.5572155e-15
7.5483722e-15
7.5397983e-15
7.5319066e-15
7.5224817e-15
7.5135798e-15
7.5046952e-15
7.4955197e-15
7.4862661e-15
7.4778696e-15
7.4703281e-15
7.4612903e-15
7.4526733e-15
7.4454564e-15
7.4377437e-15
7.4305626e-15
7.4233068e-15
7.4173308e-15
7.4106578e-15
7.4044282e-15
7.3983308e-15
7.392358e-15
7.386787e-15
7.3812521e-15
7.374364e-15
7.367365e-15
7.3590209e-15
7.346839e-15
7.321709e-15
7.2547596e-15
7.0689413e-15
6.5914909e-15
5.4894801e-15
3.0554522e-15
7.7446129e-14
1.0864826e-13
1.1076443e-13
1.0474431e-13
9.6912812e-14
8.8480012e-14
7.965429e-14
7.0384222e-14
6.0636769e-14
5.0436381e-14
4.0021058e-14
2.9969511e-14
2.1034779e-14
1.3725482e-14
8.3495987e-15
4.559739e-15
1.9478615e-15
1.2293925e-16
-1.211399e-15
-2.2435912e-15
-3.079084e-15
-3.781728e-15
-4.3866864e-15
-4.9228269e-15
-5.4080767e-15
-5.8524329e-15
-6.2675305e-15
-6.6526822e-15
-7.0125795e-15
-7.3507974e-15
-7.6687907e-15
-7.9688536e-15
-8.2508387e-15
-8.5158313e-15
-8.7653367e-15
-8.9992944e-15
-9.2192142e-15
-9.4258359e-15
-9.6193841e-15
-9.7997195e-15
-9.9693082e-15
-1.0127967e-14
-1.0277294e-14
-1.0414427e-14
-1.0543943e-14
-1.0663825e-14
-1.077648e-14
-1.0880001e-14
-1.0976188e-14
-1.1068098e-14
-1.1150026e-14
-1.1225255e-14
-1.1296745e-14
-1.1362872e-14
-1.1424236e-14
-1.1481372e-14
-1.1530956e-14
-1.1578644e-14
-1.1624032e-14
-1.1661568e-14
-1.1697811e-14
-1.1731162e-14
-1.1760226e-14
-1.1785904e-14
-1.1810014e-14
-1.1830926e-14
-1.1849664e-14
-1.1868433e-14
-1.1882873e-14
-1.189611e-14
-1.1907085e-14
-1.191451e-14
-1.1923595e-14
-1.193004e-14
-1.1933321e-14
-1.1936753e-14
-1.1938745e-14
-1.1938577e-14
-1.193872e-14
-1.1938826e-14
-1.193772e-14
-1.1935449e-14
-1.1930357e-14
-1.1927311e-14
-1.1922962e-14
-1.1917802e-14
-1.1911218e-14
-1.1905479e-14
-1.1901347e-14
-1.1894976e-14
-1.1884828e-14
-1.1876694e-14
-1.1867972e-14
-1.1859463e-14
-1.1851709e-14
-1.1843988e-14
-1.1835058e-14
-1.1824712e-14
-1.18148e-14
-1.1804172e-14
-1.1795145e-14
-1.1786048e-14
-1.1774055e-14
-1.1765571e-14
-1.175663e-14
-1.1746258e-14
-1.1736608e-14
-1.1728187e-14
-1.1716763e-14
-1.1706253e-14
-1.1695636e-14
-1.1681892e-14
-1.1666013e-14
-1.164365e-14
-1.1600211e-14
-1.1487836e-14
-1.1180762e-14
-1.0392009e-14
-8.5918786e-15
-4.6948447e-15
4.1133609e-14
5.372079e-14
5.3402912e-14
5.0163068e-14
4.6562771e-14
4.289334e-14
3.9199479e-14
3.5432866e-14
3.1557613e-14
2.7539479e-14
2.3364773e-14
1.9082416e-14
1.48329e-14
1.0891207e-14
7.3824801e-15
4.3970109e-15
2.0368908e-15
3.2507159e-16
-8.1424955e-16
-1.5404726e-15
-1.997657e-15
-2.2916392e-15
-2.4983161e-15
-2.6615533e-15
-2.8036496e-15
-2.9384567e-15
-3.0688002e-15
-3.1986048e-15
-3.3241398e-15
-3.4471084e-15
-3.5675578e-15
-3.6851513e-15
-3.7987777e-15
-3.9093081e-15
-4.0154794e-15
-4.1212567e-15
-4.2195113e-15
-4.3148124e-15
-4.4054651e-15
-4.493322e-15
-4.5757757e-15
-4.6558727e-15
-4.7331464e-15
-4.8040089e-15
-4.8711958e-15
-4.9363125e-15
-4.9981931e-15
-5.0571664e-15
-5.112673e-15
-5.1641122e-15
-5.2114878e-15
-5.2579623e-15
-5.2992213e-15
-5.3393249e-15
-5.3769141e-15
-5.4142757e-15
-5.446379e-15
-5.4769406e-15
-5.506072e-15
-5.5342465e-15
-5.5614196e-15
-5.582198e-15
-5.6042803e-15
-5.6228044e-15
-5.6422918e-15
-5.6589411e-15
-5.6738846e-15
-5.689241e-15
-5.7028547e-15
-5.7149722e-15
-5.7267625e-15
-5.7387953e-15
-5.7483554e-15
-5.7576834e-15
-5.7653089e-15
-5.7712784e-15
-5.777308e-15
-5.782227e-15
-5.7878313e-15
-5.7917308e-15
-5.7957201e-15
-5.7986235e-15
-5.8026034e-15
-5.8049283e-15
-5.8068833e-15
-5.8098964e-15
-5.8113369e-15
-5.811927e-15
-5.8131768e-15
-5.8133284e-15
-5.8124526e-15
-5.8130509e-15
-5.8126731e-15
-5.8113085e-15
-5.8110891e-15
-5.8092125e-15
-5.8079311e-15
-5.8061714e-15
-5.8025867e-15
-5.8022467e-15
-5.7988087e-15
-5.7951103e-15
-5.7924131e-15
-5.7914402e-15
-5.7865994e-15
-5.7843953e-15
-5.7810106e-15
-5.7763316e-15
-5.7712839e-15
-5.765925e-15
-5.7591725e-15
-5.7501619e-15
-5.7402669e-15
-5.725895e-15
-5.6997772e-15
-5.6376249e-15
-5.4699894e-15
-5.0534406e-15
-4.125309e-15
-2.1714712e-15
-5.4421949e-14
-6.4187135e-14
-6.1685312e-14
-5.7321981e-14
-5.3242158e-14
-4.9282816e-14
-4.5409229e-14
-4.1536474e-14
-3.7628487e-14
-3.3667246e-14
-2.9659249e-14
-2.5604322e-14
-2.1510259e-14
-1.7403848e-14
-1.3337186e-14
-9.3930101e-15
-5.6833129e-15
-2.3424459e-15
5.0320529e-16
2.7249814e-15
4.2833856e-15
5.164943e-15
5.6344423e-15
5.8946398e-15
6.0478315e-15
6.150164e-15
6.2279708e-15
6.2899748e-15
6.3485868e-15
6.4029115e-15
6.4555336e-15
6.5082018e-15
6.5592201e-15
6.6098027e-15
6.6601759e-15
6.7097601e-15
6.7568631e-15
6.8030079e-15
6.8473912e-15
6.8913804e-15
6.9323291e-15
6.9725563e-15
7.010842e-15
7.047634e-15
7.0831169e-15
7.1169819e-15
7.1487173e-15
7.1797405e-15
7.208466e-15
7.2375456e-15
7.2635823e-15
7.2901816e-15
7.3139263e-15
7.3374638e-15
7.3583889e-15
7.3790038e-15
7.3979853e-15
7.4161136e-15
7.4335099e-15
7.449694e-15
7.4663631e-15
7.480398e-15
7.4939314e-15
7.5071738e-15
7.5195779e-15
7.5309003e-15
7.5408463e-15
7.5505459e-15
7.5582386e-15
7.5676494e-15
7.5744418e-15
7.5814245e-15
7.58723e-15
7.5931114e-15
7.5990595e-15
7.6040953e-15
7.6089461e-15
7.6128666e-15
7.6158264e-15
7.6194496e-15
7.6221548e-15
7.624938e-15
7.6267119e-15
7.6286278e-15
7.6283718e-15
7.6285696e-15
7.6292308e-15
7.6291772e-15
7.6293227e-15
7.6290452e-15
7.6273136e-15
7.6264198e-15
7.624187e-15
7.6217832e-15
7.618476e-15
7.6141606e-15
7.6117669e-15
7.6073548e-15
7.6026961e-15
7.5965839e-15
7.5904824e-15
7.5856934e-15
7.5781264e-15
7.5707295e-15
7.5617492e-15
7.5520531e-15
7.5413718e-15
7.5295038e-15
7.5161063e-15
7.5010563e-15
7.4823876e-15
7.4621016e-15
7.438132e-15
7.4077274e-15
7.3615265e-15
7.2689271e-15
7.0485481e-15
6.5204324e-15
5.3482788e-15
2.8635057e-15
4.1888648e-14
4.429591e-14
4.1060194e-14
3.7542262e-14
3.4697889e-14
3.2140077e-14
2.9764832e-14
2.7497239e-14
2.5305668e-14
2.3171806e-14
2.109525e-14
1.9075309e-14
1.7112093e-14
1.5210777e-14
1.3373643e-14
1.1605422e-14
9.9085019e-15
8.2896579e-15
6.7539281e-15
5.3070913e-15
3.9555829e-15
2.7068874e-15
1.5991828e-15
6.3490985e-16
-1.9779657e-16
-9.0783628e-16
-1.5151598e-15
-2.0357242e-15
-2.4806337e-15
-2.8628304e-15
-3.1911818e-15
-3.4745865e-15
-3.7184368e-15
-3.9292244e-15
-4.1094651e-15
-4.2659133e-15
-4.4001697e-15
-4.5152391e-15
-4.6157083e-15
-4.7019434e-15
-4.7772857e-15
-4.8416073e-15
-4.8961839e-15
-4.9437341e-15
-4.9839738e-15
-5.0200353e-15
-5.0503359e-15
-5.0764831e-15
-5.0992518e-15
-5.1188596e-15
-5.1342262e-15
-5.1487776e-15
-5.1613699e-15
-5.1719277e-15
-5.1810274e-15
-5.1900508e-15
-5.1953125e-15
-5.2014634e-15
-5.2068734e-15
-5.2102561e-15
-5.2153972e-15
-5.2183434e-15
-5.2226815e-15
-5.2249401e-15
-5.2269815e-15
-5.229073e-15
-5.2314415e-15
-5.2329303e-15
-5.2342731e-15
-5.2361495e-15
-5.2375206e-15
-5.2388695e-15
-5.2405637e-15
-5.2415758e-15
-5.2433308e-15
-5.2424208e-15
-5.2443385e-15
-5.2454044e-15
-5.2463988e-15
-5.2475962e-15
-5.2472777e-15
-5.2467811e-15
-5.2481967e-15
-5.2485491e-15
-5.2496842e-15
-5.2513413e-15
-5.2518838e-15
-5.2509636e-15
-5.2513741e-15
-5.2524783e-15
-5.253487e-15
-5.2556787e-15
-5.2565643e-15
-5.2570792e-15
-5.2572552e-15
-5.2576709e-15
-5.2599646e-15
-5.2608578e-15
-5.2612814e-15
-5.2623274e-15
-5.2641557e-15
-5.2654554e-15
-5.2662195e-15
-5.2701118e-15
-5.2734484e-15
-5.2770022e-15
-5.2794797e-15
-5.281282e-15
-5.2840352e-15
-5.2861853e-15
-5.2875592e-15
-5.2846301e-15
-5.2777673e-15
-5.2653296e-15
-5.2365657e-15
-5.1620932e-15
-4.9781259e-15
-4.536942e-15
-3.607693e-15
-1.7738855e-15
-3.9533009e-14
-3.6042965e-14
-2.9627434e-14
-2.4546102e-14
-2.0825998e-14
-1.7891949e-14
-1.547285e-14
-1.3415795e-14
-1.1629386e-14
-1.0052662e-14
-8.6475248e-15
-7.3844173e-15
-6.2414693e-15
-5.2028885e-15
-4.2563321e-15
-3.3920587e-15
-2.602634e-15
-1.882256e-15
-1.2258514e-15
-6.2778277e-16
-8.4568619e-17
4.0809565e-16
8.5340881e-16
1.2526303e-15
1.6080555e-15
1.9251461e-15
2.2074364e-15
2.4588109e-15
2.6824802e-15
2.8797458e-15
3.0545277e-15
3.2097687e-15
3.3478607e-15
3.4699944e-15
3.5778201e-15
3.6736282e-15
3.7593492e-15
3.8353117e-15
3.9032545e-15
3.9633973e-15
4.0177721e-15
4.0660823e-15
4.1091873e-15
4.1477896e-15
4.1823911e-15
4.2135171e-15
4.2419612e-15
4.267576e-15
4.2906137e-15
4.3121298e-15
4.3310491e-15
4.3486495e-15
4.3644946e-15
4.3784191e-15
4.3917041e-15
4.404455e-15
4.4151565e-15
4.425807e-15
4.4354808e-15
4.4444816e-15
4.4536376e-15
4.4629815e-15
4.4703669e-15
4.4771769e-15
4.4840668e-15
4.4899842e-15
4.496112e-15
4.5021684e-15
4.5078178e-15
4.5139929e-15
4.5194556e-15
4.5249541e-15
4.5302056e-15
4.5349626e-15
4.5409184e-15
4.5467608e-15
4.5518934e-15
4.5570181e-15
4.5616397e-15
4.5670392e-15
4.5717476e-15
4.5776564e-15
4.5832303e-15
4.58916e-15
4.5955159e-15
4.6013222e-15
4.6078278e-15
4.6133834e-15
4.6205494e-15
4.6278849e-15
4.6342804e-15
4.6407546e-15
4.6480097e-15
4.655425e-15
4.6631455e-15
4.6716418e-15
4.6798657e-15
4.6879831e-15
4.6969632e-15
4.7051207e-15
4.7153792e-15
4.7243895e-15
4.7334705e-15
4.7417196e-15
4.7507983e-15
4.7587877e-15
4.7655665e-15
4.7726862e-15
4.7784041e-15
4.7809978e-15
4.780566e-15
4.7746975e-15
4.7584764e-15
4.727345e-15
4.6646277e-15
4.5402753e-15
4.2962811e-15
3.8032681e-15
2.8552236e-15
1.2197161e-15
)
;
    }
    wedgeBack
    {
        type            wedge;
        value           nonuniform List<scalar> 
4800
(
4.376308e-17
6.4983904e-17
9.2999937e-17
1.2667854e-16
1.5573483e-16
1.5519154e-16
1.207696e-16
4.1617248e-17
5.7697788e-17
8.4736954e-17
9.890645e-17
1.7150812e-16
2.0656782e-16
1.877035e-16
1.8649411e-16
1.3473924e-16
1.1447273e-16
5.6291698e-17
1.1601116e-16
8.3904723e-17
7.1529423e-17
1.9351532e-16
2.0955695e-16
2.2352396e-16
2.3492921e-16
2.1776395e-16
2.4206482e-16
3.079692e-16
1.3181362e-16
1.0160842e-16
1.8616914e-16
1.6806005e-16
1.4471699e-16
2.0316387e-16
1.8188723e-16
2.0369298e-16
1.3250463e-16
2.0613834e-16
3.0323255e-16
1.9460488e-16
2.1445523e-16
2.6196301e-16
2.8404089e-16
2.2175179e-16
1.1288331e-16
8.7204713e-17
5.5786251e-17
1.3283011e-16
4.6445702e-17
1.7920008e-17
1.566237e-17
-1.2389909e-17
4.5933101e-17
9.8217083e-17
4.0691728e-17
-8.2406333e-17
1.6364752e-18
7.7488839e-17
1.9252603e-17
1.3723304e-16
6.758229e-17
1.0388461e-16
1.9821109e-16
1.8206742e-16
1.3750369e-16
1.9395159e-16
1.1585491e-16
5.8431941e-17
7.5220938e-17
8.2868444e-17
1.0905e-16
8.1513988e-17
1.5397812e-16
1.8168135e-16
8.7481652e-17
6.498044e-17
1.5352569e-16
1.0419577e-16
2.0234527e-16
1.117974e-16
1.2100631e-16
1.0432207e-16
8.8510048e-17
1.1619237e-16
1.3104544e-16
3.1048985e-17
1.5931911e-16
1.9716709e-16
2.380473e-16
1.515919e-16
1.0266134e-16
2.0220463e-16
1.0871522e-16
1.9798186e-16
1.3616489e-16
1.848808e-16
1.3343045e-16
2.4059804e-17
4.2740785e-17
1.1797377e-16
1.3104357e-16
9.8303469e-17
1.0044171e-16
1.0297129e-16
1.0602726e-16
1.0512185e-16
8.4525044e-17
1.1042745e-16
1.0965868e-16
1.2137836e-16
1.3275573e-16
1.2901965e-16
1.096528e-16
1.0147599e-16
8.5957138e-17
1.4847551e-16
1.748202e-16
1.7701407e-16
1.5971708e-16
1.0068294e-16
1.4718669e-16
2.499616e-16
3.0362411e-16
3.2748123e-16
3.6273488e-16
3.9005864e-16
4.1969138e-16
4.2957745e-16
4.0846017e-16
4.1159801e-16
4.0510411e-16
3.8401563e-16
3.7285447e-16
3.6612148e-16
3.7326073e-16
3.6141347e-16
3.5085293e-16
3.3046625e-16
3.2034143e-16
3.282014e-16
3.347176e-16
3.2655885e-16
3.1640713e-16
3.3511045e-16
3.2662665e-16
3.2548776e-16
2.9934992e-16
2.8484467e-16
2.9505214e-16
2.6760173e-16
2.5726253e-16
2.4470789e-16
2.3015738e-16
2.3416014e-16
2.3913074e-16
2.2427776e-16
2.2310936e-16
2.7427354e-16
2.7636894e-16
2.6426945e-16
2.1676942e-16
1.9942696e-16
2.0793741e-16
2.3277327e-16
2.1551142e-16
2.0778003e-16
2.3094283e-16
2.578604e-16
3.0210134e-16
2.8275749e-16
2.2991185e-16
2.708809e-16
2.8373712e-16
2.9755681e-16
2.6839792e-16
2.9687447e-16
2.7334226e-16
2.6125295e-16
2.6274936e-16
2.9731462e-16
3.1178963e-16
3.3599037e-16
3.3359102e-16
3.7575206e-16
3.53968e-16
3.68465e-16
3.5876707e-16
3.1911564e-16
3.7855973e-16
3.9950116e-16
4.0562379e-16
4.0619783e-16
3.8534721e-16
4.0348369e-16
3.4552595e-16
3.3462919e-16
3.4938003e-16
4.1090395e-16
3.7343097e-16
3.5372611e-16
3.5484689e-16
3.8228616e-16
4.2011027e-16
4.2015495e-16
4.4669539e-16
4.2238711e-16
3.8118715e-16
3.9049159e-16
3.8810846e-16
4.0633474e-16
4.1608432e-16
3.9969908e-16
3.8889566e-16
3.5572037e-16
3.475219e-16
3.4908726e-16
3.5960957e-16
3.693646e-16
3.5128437e-16
3.4641936e-16
3.3333827e-16
3.4038095e-16
3.5055541e-16
3.4991754e-16
3.5444742e-16
3.5180193e-16
3.8370787e-16
3.9113876e-16
3.6721279e-16
3.8229037e-16
3.7349882e-16
3.7132669e-16
3.699994e-16
3.5783728e-16
3.7367892e-16
3.7182222e-16
3.6749367e-16
3.7587676e-16
2.8815531e-16
1.2126055e-16
3.4932598e-17
6.0643312e-17
6.5083144e-17
8.1596524e-17
7.3837307e-17
8.9588162e-17
8.1959993e-17
7.574089e-17
9.6742248e-17
9.9094914e-17
9.2212737e-17
1.1940469e-16
9.6819185e-17
9.5114303e-17
8.9573823e-17
8.7015041e-17
1.1802038e-16
1.094326e-16
9.8298419e-17
5.8914318e-17
6.2889127e-17
6.8248183e-17
7.4021223e-17
3.6445303e-17
3.787769e-17
5.7212867e-17
5.8548295e-17
4.8532718e-17
4.5732738e-17
6.0001472e-17
4.3968345e-17
2.6907978e-17
3.2736356e-17
3.3029827e-17
2.2242998e-17
4.2892216e-17
3.4804212e-17
8.9105504e-18
1.702618e-17
4.0060995e-17
3.4220196e-17
5.9523434e-17
7.0655063e-17
5.5797643e-17
3.6897991e-17
1.6690201e-17
3.3490991e-17
1.558722e-17
4.6078921e-17
3.5995117e-17
1.2408443e-17
1.3593308e-17
2.0805183e-17
3.325396e-17
6.8991729e-17
6.2403158e-17
5.6315606e-17
7.0002888e-17
5.7781021e-17
8.2258716e-17
7.9786855e-17
8.9747366e-17
8.9044486e-17
6.4443278e-17
5.6752684e-17
8.5728676e-17
8.9362413e-17
6.5457447e-17
7.8981067e-17
8.3327152e-17
9.5544663e-17
1.0134317e-16
8.4616627e-17
7.7175802e-17
8.0147071e-17
1.0632311e-16
1.0322578e-16
1.0589244e-16
1.040783e-16
7.3696618e-17
8.3546219e-17
9.8291498e-17
1.0342712e-16
1.1548641e-16
7.9841789e-17
7.6027411e-17
9.0541476e-17
9.3334352e-17
9.7606722e-17
1.0919868e-16
8.917106e-17
8.8811173e-17
9.0038801e-17
9.7787796e-17
8.9027978e-17
9.6145005e-17
1.3151227e-16
9.8592391e-17
9.2898018e-17
9.9659211e-17
9.023501e-17
1.0380045e-16
1.1133494e-16
1.2403371e-16
1.0165712e-16
1.2037655e-16
1.235848e-16
1.4048069e-16
1.0678591e-16
1.0165197e-16
1.0834922e-16
1.072392e-16
9.8654612e-17
1.1980026e-16
9.8469666e-17
1.092921e-16
1.0866201e-16
7.2579282e-17
7.3650942e-17
2.1729987e-17
3.0742658e-17
3.8184225e-17
3.54717e-17
3.905272e-17
4.4758144e-17
4.8737879e-17
5.2427217e-17
4.8624814e-17
5.5237898e-17
6.9484924e-17
7.1263354e-17
6.18421e-17
5.5099626e-17
5.3185486e-17
5.1520437e-17
4.7374483e-17
4.6311589e-17
4.6104976e-17
5.4530196e-17
4.6459764e-17
2.8462021e-17
4.3537073e-17
5.5895783e-17
5.3526788e-17
5.7311467e-17
4.4672411e-17
3.9271408e-17
3.6650208e-17
1.7972886e-17
1.9349677e-17
2.9054638e-17
3.8138021e-17
3.3232916e-17
2.7100907e-17
4.2301929e-17
3.8995558e-17
4.0503419e-17
4.7183864e-17
5.3563769e-17
3.7097739e-17
5.8189485e-17
5.8081737e-17
6.5669271e-17
6.1432926e-17
5.267527e-17
5.505704e-17
4.9847614e-17
5.5828792e-17
4.9418701e-17
4.9155311e-17
4.5405271e-17
3.8188466e-17
3.5160827e-17
4.2165539e-17
4.340029e-17
2.7695549e-17
4.2151668e-17
5.6478763e-17
7.0708764e-17
6.2006208e-17
5.7935706e-17
6.5378566e-17
7.4624903e-17
6.578092e-17
6.822691e-17
7.800037e-17
7.4127489e-17
6.8371718e-17
6.4474708e-17
6.6238511e-17
6.4359302e-17
6.6179979e-17
5.1130677e-17
5.8656436e-17
6.7412349e-17
7.1572535e-17
8.3583552e-17
6.7064156e-17
7.5244844e-17
7.533795e-17
8.069011e-17
8.0831335e-17
6.0480269e-17
5.3997075e-17
4.7696161e-17
4.9962842e-17
4.1726348e-17
4.722877e-17
5.2291076e-17
5.7323468e-17
5.8284795e-17
6.5630397e-17
7.439015e-17
7.7250472e-17
7.8850179e-17
7.7771523e-17
7.4827824e-17
7.4645032e-17
8.2721762e-17
8.7933036e-17
8.845198e-17
8.867273e-17
7.9367902e-17
7.3992512e-17
6.8894181e-17
6.8678122e-17
6.4441118e-17
6.4226785e-17
6.6252066e-17
6.6311301e-17
7.317354e-17
7.6554392e-17
7.5756536e-17
7.2176884e-17
6.8699604e-17
6.8520959e-17
6.9270188e-17
6.4571067e-17
5.6349825e-17
2.9905807e-17
1.1921039e-17
1.5694895e-17
7.9878231e-18
6.5359325e-18
7.7741454e-18
4.9290738e-18
4.0598944e-18
-1.7895524e-18
2.2406925e-18
9.4441731e-18
1.2831254e-17
1.8258357e-18
-2.6289192e-18
2.9378783e-18
3.0229944e-18
9.5959652e-18
2.7016013e-18
-6.6715313e-18
-9.5546293e-18
-1.0406849e-17
-1.6869653e-17
-5.3294267e-18
2.5588424e-18
1.1299777e-18
-4.7066045e-20
-6.3654169e-19
7.6555112e-19
1.355543e-18
-1.2454922e-17
-1.247877e-17
-6.1269512e-18
-9.173043e-19
-6.3030726e-18
-8.9214545e-18
4.6380077e-18
6.2307923e-18
1.6568812e-18
6.3802146e-18
4.0732796e-18
-1.0298834e-17
-1.1646569e-18
1.9810146e-18
1.066188e-17
6.0094812e-18
5.8660092e-18
4.6815968e-18
4.5632593e-18
1.154975e-17
4.2057477e-18
1.2297279e-18
-3.6447224e-18
-1.1501148e-17
-1.4539232e-17
-2.0557537e-17
-1.5904595e-17
-1.8935552e-17
-1.5404902e-17
-5.9837264e-18
6.5849055e-18
-1.0574769e-19
6.7286799e-18
1.2047373e-17
1.9142763e-17
7.5969032e-18
7.9707299e-18
1.0073377e-17
6.0136283e-18
9.7878848e-18
6.9542654e-18
5.162425e-18
1.2273613e-18
3.6220926e-18
1.4902276e-18
1.3347709e-17
1.6957813e-17
1.7371891e-17
2.9384178e-17
9.1827852e-18
1.1542022e-17
6.6581021e-18
1.6807174e-18
3.7035987e-18
-4.3342409e-18
-4.6573074e-19
-4.850861e-19
4.1727341e-18
2.7253939e-18
1.6524126e-17
1.7921159e-17
2.0622726e-17
1.4063159e-17
1.84707e-17
2.5096134e-17
1.8141179e-17
1.5094194e-17
1.2568406e-17
3.6873351e-18
5.3707448e-18
1.4771456e-17
1.7653133e-17
1.7612537e-17
1.4578917e-17
1.2410893e-17
1.5439456e-17
1.4443476e-17
1.4597966e-17
1.5837718e-17
1.8621165e-17
1.894529e-17
1.5934268e-17
1.6351873e-17
1.4969807e-17
1.2963401e-17
9.3221879e-18
8.3232261e-18
9.9386588e-18
1.3714197e-17
1.6724143e-17
1.6307181e-17
1.0784126e-17
8.7330773e-18
8.6187729e-18
1.5720201e-17
1.8614521e-17
5.8817741e-18
1.2444852e-17
8.0828979e-18
2.5711748e-18
-8.7430302e-18
-1.0752285e-17
-3.8328449e-18
-1.1904098e-17
-1.866019e-17
-9.1529577e-18
-1.1307121e-17
-1.429447e-17
-2.7307523e-18
-9.3868941e-18
-1.8807266e-17
-1.4922809e-17
-3.9837319e-18
-7.5477298e-18
1.5213617e-18
6.7965525e-18
-1.9038423e-18
6.8878221e-18
-4.751034e-18
2.7802886e-18
9.15981e-19
1.7622989e-18
-4.6579375e-18
-5.3792923e-18
-5.2830411e-18
-1.7264226e-18
-1.3502292e-18
-1.1219835e-17
-6.4918964e-18
-1.8584548e-18
-4.8709556e-18
-4.5188716e-18
-2.4964319e-18
-7.2619202e-18
9.7656279e-18
-2.034321e-18
-4.2926848e-18
-6.1165845e-18
-1.2826835e-17
-1.5699879e-17
-8.2129398e-18
-9.5438361e-18
-1.0485656e-17
-8.2509264e-18
-1.533351e-17
-1.911678e-17
-1.9477547e-17
-2.5133788e-17
-1.9363162e-17
-9.3319453e-18
-8.3233261e-18
-5.5453478e-18
-8.8585392e-18
-9.8134655e-18
6.7659356e-18
8.1523463e-18
-3.7608482e-18
-8.3014277e-18
-1.0772381e-17
-9.3776009e-18
-9.0569478e-18
-1.2622617e-17
-3.8402911e-18
-1.5430089e-17
-2.4960419e-17
-2.810034e-17
-1.3059766e-17
-4.3272771e-18
1.9506162e-18
-1.5005397e-17
-2.1913926e-17
-1.6538161e-17
-1.2659099e-17
-1.5556381e-17
-6.149597e-18
-6.6217047e-18
-9.2325121e-18
-1.2218118e-17
-7.5150324e-18
4.744338e-19
-1.128416e-17
-8.4579846e-18
-1.3247116e-17
-1.9508913e-17
-1.795106e-17
-1.8773064e-17
-3.1995323e-18
-4.322902e-18
-5.6155084e-18
-9.9822739e-18
-8.1243268e-18
-4.1548339e-18
-1.5962916e-17
-8.9946955e-18
4.1389261e-18
-1.0894922e-17
-9.4894356e-18
2.9202799e-18
-4.8706384e-18
5.3595133e-19
8.0526742e-20
1.6227122e-18
4.3995701e-19
-7.2547277e-18
-1.0659832e-17
-1.3604531e-17
-1.0418992e-17
-9.7613617e-18
-1.2331596e-17
-1.0564068e-17
1.3080922e-18
-4.4031049e-18
3.058025e-18
3.1310976e-18
-3.3509553e-18
-8.8381596e-18
-5.0064522e-18
-8.5920648e-18
-7.6028606e-18
-3.580839e-18
-3.7638871e-18
2.2952869e-18
-7.500368e-19
-6.5851426e-18
-8.8861125e-18
-4.1698463e-18
-6.9655952e-18
-5.1401075e-19
3.2106685e-18
3.5824764e-18
9.4036375e-18
1.0914643e-17
7.3291787e-18
6.4106374e-18
6.7599758e-18
5.5672758e-18
4.3900498e-18
2.4683835e-18
9.3768657e-19
1.4479334e-18
-6.5588351e-18
-4.3116079e-18
-2.0521862e-18
1.5741311e-18
-7.2599269e-19
-3.9193593e-18
9.3956817e-18
4.7843089e-18
8.1773793e-19
4.7124855e-18
2.4537246e-18
1.3297669e-18
8.7120905e-18
8.9045977e-18
1.0082371e-17
7.9922516e-18
3.5351038e-18
2.8205578e-18
-1.0740906e-18
2.8128702e-18
7.6525631e-18
1.2027554e-17
1.3987086e-17
1.320731e-17
8.6291596e-18
7.0945602e-18
6.3153525e-18
-8.6201029e-20
-1.5310941e-18
1.0617775e-17
1.816217e-17
1.5677139e-17
1.2955629e-17
1.0345304e-17
1.3596039e-17
4.1186744e-18
1.216619e-18
4.3766689e-18
3.3217763e-18
3.3379917e-18
2.9705861e-18
3.1685868e-18
2.0131015e-18
3.347912e-19
-9.6747581e-18
-4.8574025e-19
2.0309305e-18
-2.4963197e-19
9.7019389e-18
5.1396476e-18
2.0491886e-18
-3.3944661e-19
-2.6287567e-18
5.041924e-18
-8.0788022e-19
-3.9075119e-18
-7.5592052e-18
-7.0882979e-18
-1.2698792e-17
-8.5771315e-18
-7.5296485e-18
-3.9058887e-18
-4.3145832e-18
4.087137e-18
1.2480918e-17
4.5066275e-18
4.6131746e-18
6.1687799e-19
-2.3458934e-18
-5.4238541e-18
-2.4509205e-18
9.9456596e-19
-1.8265378e-18
-4.8707508e-19
3.134037e-18
7.7941063e-18
1.129498e-17
1.4293104e-17
1.501076e-17
1.6558798e-17
1.6605924e-17
1.4490233e-17
1.4425353e-17
1.1595954e-17
5.6302364e-18
-1.0686128e-18
-8.5115638e-18
-1.1378464e-17
-1.0326309e-17
-7.5509056e-18
-2.8199608e-18
-1.6843034e-18
3.337644e-18
1.2967332e-18
-5.2949756e-18
-7.0567272e-18
-4.9668231e-18
-5.1169831e-18
-4.4107976e-18
-4.7570435e-18
-3.2046631e-18
-1.0046713e-19
2.4950271e-18
-7.221824e-19
-1.9192934e-18
5.5377522e-19
-9.7615936e-20
4.7265021e-18
7.2585928e-18
2.938222e-18
4.546314e-18
3.3676489e-18
-9.9900938e-19
8.6535858e-19
2.7737352e-18
6.3202089e-18
3.7343009e-18
5.8187508e-19
-3.1928001e-19
-4.744966e-18
-9.3685431e-18
-8.3455533e-18
-7.7292118e-18
-4.6793585e-18
-5.0243324e-18
-5.6158023e-18
2.6406603e-18
2.5486779e-19
2.9981622e-18
5.8873549e-18
3.1330901e-18
-5.1181746e-18
1.6519382e-18
3.6677438e-19
3.2638576e-19
-1.2658178e-18
-8.331334e-19
5.5941622e-18
1.5858189e-18
5.1922532e-18
5.9222455e-18
8.8685157e-18
4.0507217e-18
5.1404165e-18
-1.9366695e-18
-3.2943724e-18
-6.7997032e-18
-1.0940773e-17
-8.6013063e-18
-3.9581025e-18
3.8783275e-18
3.5916293e-18
1.1958175e-18
2.5683882e-18
2.8620623e-18
9.0387237e-19
5.9645957e-18
8.9000134e-18
5.0234813e-18
3.8447837e-18
1.665779e-18
4.7697606e-18
5.5068479e-18
3.7271495e-18
-2.815069e-18
3.5523064e-18
6.7203419e-18
8.6926296e-18
1.7646578e-17
1.0809921e-17
8.2103663e-18
7.6722018e-18
6.0926952e-18
8.7269357e-18
1.8677865e-18
3.6031772e-19
1.8163698e-18
6.8590555e-18
2.6873863e-18
5.8083574e-18
8.1108467e-18
6.4943659e-18
5.0016639e-18
1.3731614e-17
1.3681404e-17
6.5592948e-18
4.8294459e-18
-2.6939122e-18
-2.4025965e-18
2.1661952e-18
9.619841e-18
1.350702e-17
1.0733628e-17
9.0883881e-18
7.6065859e-18
7.6903962e-18
8.2243939e-18
8.7561556e-18
9.9458694e-18
1.1174024e-17
1.1842374e-17
9.4942577e-18
7.7304035e-18
5.8845221e-18
4.7469986e-18
2.6452857e-18
2.4001152e-18
5.3924833e-18
9.0763812e-18
1.1936882e-17
1.4277075e-17
8.9893373e-18
7.8679625e-19
-1.1076249e-18
-1.0161531e-17
-1.2448157e-17
-9.0612972e-18
-1.0744427e-17
-8.0594397e-18
-1.0763763e-17
-8.1948952e-18
-2.9394146e-18
2.6949912e-18
-1.7237583e-18
-6.0866178e-18
-2.2714699e-18
3.7499344e-19
1.103713e-18
2.1114902e-18
-7.1905657e-19
1.1755785e-18
2.1078137e-18
-1.0379277e-18
1.262055e-18
2.5503727e-18
-8.6481544e-19
-2.3130056e-18
-3.5613024e-18
-4.0303845e-18
-4.4276749e-18
-7.8809298e-18
-6.8879255e-18
-3.8082293e-18
-2.9636732e-18
-6.0671194e-18
-9.282793e-18
-2.2353998e-18
-6.0039583e-18
-7.7376499e-18
-3.2263073e-18
-1.4129428e-18
-7.4632168e-18
-8.2962526e-19
8.7761002e-19
2.2956336e-18
2.5540778e-18
4.2322985e-18
3.6487536e-18
4.3487115e-18
9.087642e-18
3.4625624e-18
3.0672882e-18
-5.2357077e-20
-2.8797096e-18
-5.0673415e-18
-4.5316656e-18
-4.5517331e-18
-6.0690077e-18
-6.8953383e-18
-3.0502154e-18
3.9700163e-18
7.7972625e-19
-1.5312903e-18
4.6245383e-19
6.374339e-18
2.6438841e-18
3.3519886e-18
9.1985533e-18
8.5011143e-18
7.3849792e-18
2.1744318e-18
4.0368234e-18
7.7132198e-18
7.8170076e-18
2.6241287e-18
9.5536859e-18
1.0794777e-17
1.0447918e-17
1.2440225e-17
5.746749e-18
1.5133638e-18
-3.2567514e-18
-3.1994156e-18
-1.024598e-18
-3.2696474e-19
6.8499972e-20
4.0562576e-19
3.3522071e-18
1.5785269e-19
2.9620215e-18
2.873801e-18
5.2419371e-18
7.4324273e-18
1.1164818e-17
1.5175443e-17
7.7423601e-18
5.1138402e-18
-1.8520157e-19
-1.1767495e-18
1.1025735e-18
5.7980491e-18
5.5626482e-18
4.7122524e-18
2.3792754e-18
5.6212819e-18
8.8348982e-18
8.213319e-18
8.2618125e-18
8.8443178e-18
9.0636031e-18
9.9331717e-18
7.6042181e-18
8.8152387e-18
9.1588122e-18
8.8826457e-18
7.3017595e-18
5.3130483e-18
6.32865e-18
6.536517e-18
7.8348746e-18
8.1843353e-18
4.8295272e-18
2.1211168e-17
3.391217e-17
2.758906e-17
2.0422313e-17
1.9234486e-17
2.1601871e-17
1.3051988e-17
1.2468728e-17
1.3858598e-17
1.612487e-17
1.184135e-17
1.3301448e-17
8.5696048e-18
3.2983991e-18
1.7231734e-18
3.3569701e-18
3.3489388e-18
6.3896858e-18
7.3134271e-18
8.3083909e-18
1.1651872e-17
1.0786586e-17
1.3597604e-17
1.3665754e-17
1.1139629e-17
3.4971157e-18
3.2176094e-18
3.8911224e-18
6.5458443e-18
7.4089675e-18
1.7856516e-18
4.3802771e-18
7.4606537e-18
1.2927084e-17
1.3491141e-17
1.284622e-17
1.1979537e-17
1.3923203e-17
1.5020092e-17
1.661173e-17
1.9493238e-17
2.3609768e-17
2.6307697e-17
2.6469282e-17
2.6394313e-17
2.4443073e-17
2.7894299e-17
2.8339074e-17
2.544081e-17
2.6613968e-17
2.6249958e-17
2.2071664e-17
2.7847672e-17
2.565624e-17
3.0724985e-17
1.9727885e-17
1.7305725e-17
2.0236469e-17
2.3861721e-17
2.7983789e-17
3.2117082e-17
3.7933403e-17
3.7983311e-17
3.988397e-17
4.1941776e-17
4.349386e-17
4.4178791e-17
4.4613325e-17
4.3663919e-17
4.3263073e-17
4.363429e-17
4.5859431e-17
4.6249705e-17
4.8324083e-17
4.5520424e-17
4.3513018e-17
4.029078e-17
4.5028261e-17
4.6655403e-17
4.0258611e-17
4.1106553e-17
4.4382503e-17
4.8545707e-17
5.1434844e-17
5.1007307e-17
4.8715365e-17
4.4166076e-17
4.7994109e-17
4.744328e-17
4.8885722e-17
4.8651256e-17
5.292527e-17
5.564099e-17
6.0281436e-17
5.9343146e-17
6.3441049e-17
6.142717e-17
5.7023367e-17
5.6999568e-17
5.9750308e-17
5.8762025e-17
6.4399583e-17
5.9464797e-17
5.8419105e-17
5.9435776e-17
6.064878e-17
6.1374411e-17
6.1039919e-17
6.1116925e-17
6.2344774e-17
6.2565743e-17
6.1155526e-17
6.0362286e-17
6.0565722e-17
5.832779e-17
5.6470964e-17
5.2725803e-17
4.713687e-17
3.8069585e-17
2.1714008e-17
8.2608367e-18
7.1512405e-19
-7.0254277e-19
-6.5255377e-18
-9.7781324e-18
-4.5862716e-18
-2.1748305e-18
5.9625069e-20
3.1516338e-18
1.100011e-17
7.6724158e-18
1.2974044e-18
1.6608363e-18
-2.2529125e-18
-8.4158668e-18
-4.9742434e-18
-1.9635849e-18
-9.2336345e-19
1.0713078e-18
2.4062498e-18
-3.250689e-18
-1.6433788e-18
-5.5061784e-18
-2.4565705e-18
1.4254988e-19
1.3788535e-18
-9.2111394e-19
-1.0011396e-17
-7.8218233e-18
-3.682696e-18
-7.7560392e-19
6.069506e-18
7.213596e-18
1.4616185e-18
6.8537373e-19
-4.9566232e-18
-1.6789108e-18
1.7399527e-18
3.4736196e-18
2.0494335e-18
2.3591916e-18
5.1503709e-18
2.5160979e-18
2.8019271e-18
5.4203977e-18
1.0123352e-17
6.2242432e-18
7.1319665e-18
3.4343655e-18
9.1399725e-19
4.3549168e-18
3.1964692e-18
7.8143566e-18
1.0422819e-17
1.7689302e-17
1.7945444e-17
2.0478126e-17
1.8189319e-17
1.590879e-17
2.1626825e-17
2.1000057e-17
1.8696727e-17
2.5246722e-17
2.4070555e-17
2.4064484e-17
1.545001e-17
1.5481651e-17
1.9668924e-17
2.0136385e-17
2.3160799e-17
2.2323533e-17
2.0083633e-17
1.956849e-17
9.7041702e-18
1.3086628e-17
1.1906804e-17
1.7367117e-17
1.9366491e-17
2.2098624e-17
2.3371121e-17
2.4823432e-17
2.5438257e-17
2.895762e-17
2.8871807e-17
3.2108788e-17
3.0383668e-17
3.1742394e-17
2.7417329e-17
2.6414162e-17
2.5010361e-17
3.1518914e-17
3.0301832e-17
3.1647561e-17
3.3508433e-17
3.5799832e-17
3.8638709e-17
3.6463425e-17
3.3738843e-17
3.187546e-17
3.8449644e-17
3.6356674e-17
3.8729996e-17
3.8635185e-17
3.9867305e-17
3.657326e-17
4.2838194e-17
4.4583556e-17
4.7204642e-17
4.5509185e-17
4.4554675e-17
4.4866699e-17
4.6802436e-17
4.9291106e-17
4.6780157e-17
4.083114e-17
3.3150869e-17
2.9360377e-17
2.5371625e-17
1.9221666e-17
1.0148676e-17
-5.7825204e-17
-5.2498957e-17
-1.9278119e-17
7.6085928e-18
2.7605524e-17
3.5391228e-17
4.3700646e-17
4.5977758e-17
4.911571e-17
4.8446413e-17
4.8821015e-17
4.811637e-17
4.2633957e-17
4.0452398e-17
3.8369086e-17
3.8120255e-17
3.6026472e-17
3.5278827e-17
3.1505039e-17
3.3294678e-17
3.3006489e-17
3.2466582e-17
2.7319799e-17
1.8524454e-17
1.3503824e-17
1.1548593e-17
2.0240808e-18
-1.4702443e-18
-3.3830564e-18
-1.1378221e-17
-1.8567307e-17
-2.0203498e-17
-2.7612886e-17
-2.9131606e-17
-3.2446446e-17
-3.3266217e-17
-3.5719208e-17
-3.9274759e-17
-4.1155854e-17
-4.508119e-17
-5.2035528e-17
-5.5039275e-17
-6.0479045e-17
-6.4931777e-17
-6.9148504e-17
-7.1511718e-17
-7.6009826e-17
-7.9513707e-17
-8.1981188e-17
-8.9402712e-17
-1.0083576e-16
-1.0908808e-16
-1.1842494e-16
-1.249328e-16
-1.3020523e-16
-1.2878916e-16
-1.2858396e-16
-1.2933654e-16
-1.3263607e-16
-1.3809369e-16
-1.4221504e-16
-1.4918383e-16
-1.5221544e-16
-1.5663487e-16
-1.5971405e-16
-1.6443319e-16
-1.681653e-16
-1.7395743e-16
-1.8209757e-16
-1.8227776e-16
-1.8769826e-16
-1.8433359e-16
-1.8657498e-16
-1.9012986e-16
-1.9837061e-16
-2.0505877e-16
-2.1022001e-16
-2.1378823e-16
-2.1887652e-16
-2.1959467e-16
-2.2110017e-16
-2.2911305e-16
-2.3251667e-16
-2.3758479e-16
-2.3537975e-16
-2.4083098e-16
-2.4749067e-16
-2.5756071e-16
-2.5806259e-16
-2.5732291e-16
-2.5497608e-16
-2.6113182e-16
-2.6087326e-16
-2.6498064e-16
-2.6512194e-16
-2.6290453e-16
-2.5885471e-16
-2.59728e-16
-2.6434697e-16
-2.6620483e-16
-2.7225378e-16
-2.7593248e-16
-2.7996617e-16
-2.8161469e-16
-2.8752349e-16
-2.8972988e-16
-2.9115129e-16
-2.9226305e-16
-2.9128686e-16
-2.9135787e-16
-2.9162775e-16
-2.9238783e-16
-2.919442e-16
-2.9171681e-16
-2.9214048e-16
-2.8730499e-16
-2.7187116e-16
-2.4070724e-16
-1.9198631e-16
-1.124139e-16
1.0293644e-17
2.8878837e-18
-2.6573182e-18
-6.6035032e-18
-1.2166377e-17
-1.0355299e-17
-1.2538981e-17
-1.2273329e-17
-1.2433619e-17
-7.3759886e-18
-8.1166677e-18
-1.14107e-17
-1.1072169e-17
-7.7593543e-18
-1.3219909e-17
-1.438873e-17
-7.847162e-18
-5.1896529e-18
-4.8808495e-18
-3.5081177e-18
-9.3531642e-18
-6.0661549e-18
-1.0288136e-17
-9.1493084e-18
-6.3231793e-18
-5.6871862e-18
-6.4363225e-18
-7.9950405e-18
-1.0498102e-17
-7.8985963e-18
-6.8181086e-18
-1.6838559e-18
-5.1648778e-18
-5.6586732e-18
2.0773062e-18
-6.3784162e-19
7.3404366e-19
1.5795937e-18
6.070074e-18
3.347125e-18
8.3447952e-18
7.6626115e-18
6.5491326e-19
7.2406413e-18
6.2361435e-18
1.1066653e-17
9.5782863e-18
9.2310318e-18
7.526603e-18
8.4872844e-18
9.0740198e-18
6.096725e-18
1.1058974e-17
1.4639784e-17
1.6987059e-17
1.8523125e-17
1.3285213e-17
1.4538621e-17
1.5740979e-17
1.5552544e-17
1.5980117e-17
1.939118e-17
2.5658633e-17
2.4516042e-17
2.7922411e-17
2.4661343e-17
2.1734959e-17
2.1360491e-17
2.9411619e-17
3.0901467e-17
3.3034911e-17
3.3713267e-17
2.9054816e-17
3.0867125e-17
2.7108969e-17
2.533088e-17
2.8562019e-17
3.1204595e-17
2.9270405e-17
3.0611283e-17
3.1630073e-17
3.4628781e-17
3.8615333e-17
3.7500155e-17
4.1037635e-17
4.0314837e-17
4.228334e-17
3.9719486e-17
4.0901397e-17
3.8897655e-17
4.0692806e-17
4.2898607e-17
4.7171423e-17
4.8098103e-17
4.9559807e-17
4.6182055e-17
4.9630496e-17
4.7001732e-17
4.2918491e-17
4.6320509e-17
4.7399647e-17
4.5507077e-17
4.6146522e-17
4.6809002e-17
4.7040195e-17
4.6499456e-17
4.8286082e-17
5.1420984e-17
5.003995e-17
4.9408346e-17
5.1709683e-17
5.1564204e-17
4.8713623e-17
4.7718333e-17
4.6260701e-17
4.2072422e-17
3.7149373e-17
3.5372637e-17
2.7483334e-17
1.6440024e-17
7.7698094e-18
-2.6457198e-18
-1.0877797e-17
-1.5080373e-17
-2.2682226e-17
-2.2463634e-17
-2.2103637e-17
-2.0866909e-17
-1.9973117e-17
-1.9328848e-17
-2.1412764e-17
-2.5104461e-17
-2.7007921e-17
-2.1504989e-17
-2.2410951e-17
-2.2708668e-17
-1.6007947e-17
-1.342879e-17
-1.1577192e-17
-7.9581983e-18
-1.1839833e-17
-8.9079133e-18
-1.1929494e-17
-1.0373009e-17
-7.6237863e-18
-7.0840337e-18
-9.0527107e-18
-1.0414041e-17
-1.0405456e-17
-5.7997398e-18
-4.9970291e-18
1.5009267e-18
4.419355e-19
-2.4559383e-18
1.625565e-18
1.9270953e-18
4.7166931e-18
1.9839819e-18
3.9635662e-18
3.5197053e-18
1.0143233e-17
6.9181221e-18
3.0550633e-18
9.2889117e-18
1.4019196e-17
1.7780437e-17
1.6716963e-17
1.9715857e-17
1.7581097e-17
1.7270994e-17
1.9093868e-17
1.420369e-17
1.5499343e-17
1.8811897e-17
2.1859243e-17
2.3350796e-17
1.9906703e-17
2.1060452e-17
2.2836909e-17
2.4250546e-17
2.5027828e-17
2.719719e-17
2.9602903e-17
2.748988e-17
2.8905279e-17
2.6848513e-17
2.6787027e-17
2.6513902e-17
3.0404284e-17
2.8277592e-17
2.8619182e-17
2.9128121e-17
2.7847575e-17
2.9062952e-17
2.9505682e-17
3.1436045e-17
3.4973095e-17
3.7896785e-17
3.8143077e-17
4.3875979e-17
4.4655133e-17
4.6606441e-17
4.8532482e-17
4.6897021e-17
4.7768956e-17
4.7264198e-17
4.8544749e-17
4.5279771e-17
4.602181e-17
4.2376632e-17
4.2030227e-17
4.5525599e-17
5.2639669e-17
5.183595e-17
5.5073438e-17
5.2994601e-17
5.3630786e-17
5.2541802e-17
4.8991138e-17
5.2961163e-17
5.417338e-17
5.4997162e-17
5.6798351e-17
5.7261813e-17
5.9155159e-17
5.9384065e-17
6.3055564e-17
6.2125943e-17
6.031331e-17
5.9774987e-17
6.2689409e-17
6.2096803e-17
5.8959304e-17
5.8439286e-17
5.6985149e-17
5.3037083e-17
4.8456521e-17
4.5250412e-17
3.5199233e-17
1.9515143e-17
-6.9091141e-19
-5.6461248e-18
-1.1640866e-17
-1.4269839e-17
-1.6460641e-17
-1.384301e-17
-1.8453593e-17
-2.1834771e-17
-2.3671809e-17
-2.4519982e-17
-2.576863e-17
-1.9906693e-17
-2.0059378e-17
-2.142598e-17
-2.1017039e-17
-1.8672625e-17
-1.9037289e-17
-2.0974073e-17
-1.8307355e-17
-1.8599771e-17
-1.3736488e-17
-1.6055155e-17
-1.6387113e-17
-1.5993062e-17
-1.5853482e-17
-1.6932572e-17
-1.8032056e-17
-1.3467481e-17
-1.2815886e-17
-1.041108e-17
-5.0799862e-18
-7.2040245e-18
-5.4239175e-18
-4.5444958e-18
-1.6188473e-18
2.9414398e-18
-6.4667605e-19
-4.6348741e-19
3.1129295e-18
5.9101257e-18
3.9529052e-18
6.4569143e-18
1.0532326e-17
1.0619348e-17
1.3865036e-17
1.2679877e-17
1.1442289e-17
1.5084107e-17
1.7896975e-17
1.6514512e-17
1.5920641e-17
1.8642212e-17
2.1937653e-17
2.5227522e-17
2.7358338e-17
2.4768509e-17
2.6243447e-17
2.7114802e-17
2.9371593e-17
2.8274328e-17
2.7751298e-17
2.9328954e-17
2.6722049e-17
2.9656805e-17
2.9901484e-17
3.4385846e-17
3.5535023e-17
3.8271408e-17
4.0336279e-17
4.0336764e-17
4.29856e-17
4.2255135e-17
4.2712425e-17
4.4300592e-17
4.4263764e-17
4.8666559e-17
4.9474743e-17
5.1166154e-17
5.0490858e-17
5.0637776e-17
5.1989462e-17
5.3599668e-17
5.6088051e-17
5.5400633e-17
5.8194722e-17
5.8760551e-17
5.7754566e-17
5.9052946e-17
5.9214212e-17
6.2774825e-17
6.1849527e-17
6.2140002e-17
6.123503e-17
6.078979e-17
6.488985e-17
6.9349464e-17
6.6727849e-17
6.3079984e-17
6.4412237e-17
6.6303692e-17
6.7488218e-17
7.3443503e-17
7.1766426e-17
7.0667842e-17
7.2134109e-17
7.2989797e-17
7.4157861e-17
7.3997993e-17
7.307529e-17
7.3132413e-17
7.2088184e-17
7.235801e-17
7.1615633e-17
7.0532668e-17
6.9387892e-17
6.8772132e-17
6.5084604e-17
5.8462486e-17
4.6940963e-17
2.7138041e-17
-2.8202058e-19
-1.364201e-17
-2.4602474e-17
-3.3014178e-17
-3.9791864e-17
-4.1213439e-17
-4.0878483e-17
-3.8671954e-17
-3.5243234e-17
-2.9527451e-17
-2.9871107e-17
-3.3009125e-17
-3.0363858e-17
-3.0261901e-17
-3.098615e-17
-3.024809e-17
-3.0856834e-17
-2.8198789e-17
-2.7614417e-17
-2.8239596e-17
-3.1053798e-17
-2.9983937e-17
-3.1742172e-17
-2.7923161e-17
-2.7382375e-17
-2.7418112e-17
-2.7312581e-17
-3.3016628e-17
-2.6428213e-17
-2.1583639e-17
-1.9378322e-17
-1.7067737e-17
-1.6126344e-17
-1.490581e-17
-9.4338482e-18
-7.7574752e-18
-4.9041962e-18
-3.5754667e-18
-2.7918679e-18
-2.0893097e-18
-2.3777153e-19
2.3496988e-18
1.9856107e-18
4.1771116e-18
7.4849511e-18
9.8819171e-18
1.2006053e-17
1.2335472e-17
9.1299012e-18
9.9422302e-18
1.5296259e-17
1.4600037e-17
1.5150008e-17
1.7196811e-17
2.1352273e-17
2.1797188e-17
2.8823736e-17
3.1379601e-17
2.8949113e-17
3.3505047e-17
3.3914865e-17
3.268743e-17
3.8743882e-17
3.9133116e-17
4.3148165e-17
3.8332526e-17
3.9478289e-17
4.125703e-17
4.370586e-17
4.6516792e-17
4.767167e-17
4.8225837e-17
5.1659428e-17
5.1049495e-17
5.3269438e-17
5.4451089e-17
5.8191207e-17
6.0073875e-17
5.7894806e-17
5.9516854e-17
6.1640765e-17
6.2845599e-17
6.4259866e-17
6.6865987e-17
6.9496623e-17
6.8268946e-17
7.0849215e-17
7.0754485e-17
7.0830906e-17
6.7685921e-17
7.054045e-17
7.0907449e-17
7.1233687e-17
7.3873815e-17
7.6131892e-17
7.7948089e-17
7.9771622e-17
8.159382e-17
8.0325595e-17
8.4275361e-17
8.2796334e-17
8.4491638e-17
8.4322103e-17
8.5094339e-17
8.3665085e-17
8.6178559e-17
8.4866332e-17
8.5823308e-17
8.5442699e-17
8.3333819e-17
8.5838081e-17
8.8088514e-17
8.944887e-17
8.7042089e-17
8.3322332e-17
7.8384207e-17
7.5752366e-17
6.9007146e-17
5.6201032e-17
3.3030957e-17
-1.3283989e-17
-2.9320981e-17
-3.941061e-17
-4.9821554e-17
-5.5894537e-17
-5.6590417e-17
-5.8443843e-17
-5.8985128e-17
-5.6196091e-17
-5.4091886e-17
-5.5107482e-17
-5.0806275e-17
-4.9089434e-17
-4.848683e-17
-4.7671674e-17
-4.7590781e-17
-4.660371e-17
-4.5493084e-17
-4.3821687e-17
-4.2829608e-17
-4.7042057e-17
-4.8345012e-17
-4.2505123e-17
-3.9624887e-17
-3.8717212e-17
-3.9956007e-17
-4.1716926e-17
-3.3606363e-17
-3.4146075e-17
-3.1357388e-17
-3.0782185e-17
-3.1043497e-17
-2.9649275e-17
-2.7821525e-17
-2.457249e-17
-1.9614842e-17
-1.7302933e-17
-1.3943701e-17
-1.5500639e-17
-1.3343586e-17
-7.6404031e-18
-5.0666354e-18
-1.3572681e-18
1.3687781e-18
1.94386e-18
3.0363943e-18
5.4988325e-18
4.9125248e-18
8.5381752e-18
1.2199371e-17
1.1699663e-17
1.4707699e-17
1.5418607e-17
1.8434493e-17
1.9933049e-17
2.3071615e-17
2.5349404e-17
2.643782e-17
2.898409e-17
3.1929735e-17
3.4859902e-17
3.6876005e-17
3.7300257e-17
4.1810548e-17
4.2584205e-17
4.7094658e-17
5.0284842e-17
5.548832e-17
5.5643928e-17
5.5537752e-17
5.9737074e-17
6.1357356e-17
6.3732517e-17
6.5731424e-17
6.5983111e-17
6.6851888e-17
6.7285682e-17
6.6556906e-17
6.8519927e-17
6.9086131e-17
7.2164681e-17
7.5082747e-17
7.8668622e-17
8.0075889e-17
8.1336173e-17
8.550317e-17
8.5569813e-17
8.2722026e-17
8.0902517e-17
8.2983304e-17
8.4062114e-17
8.7081805e-17
9.0287949e-17
9.1726592e-17
9.5980321e-17
9.4344904e-17
9.1915402e-17
9.2352462e-17
9.2772834e-17
9.2174545e-17
9.3509379e-17
9.4367855e-17
9.6614782e-17
9.6679977e-17
9.6923631e-17
9.7308776e-17
9.8252837e-17
9.9880712e-17
9.9938983e-17
9.9753881e-17
1.0047481e-16
1.003967e-16
9.9294559e-17
9.8538538e-17
9.8333731e-17
9.6578574e-17
9.2557942e-17
8.4651875e-17
6.9404767e-17
4.171922e-17
-3.0236636e-17
-5.1199454e-17
-6.8306944e-17
-7.8271948e-17
-8.45377e-17
-8.4111462e-17
-8.749989e-17
-9.0091501e-17
-8.6926103e-17
-8.9137045e-17
-8.6769115e-17
-8.1898982e-17
-8.376535e-17
-8.1663362e-17
-7.9795198e-17
-7.9121757e-17
-7.4857221e-17
-7.4132263e-17
-7.4636657e-17
-6.9861416e-17
-6.6379859e-17
-6.7393736e-17
-6.2046594e-17
-6.3998819e-17
-6.1910979e-17
-6.0957401e-17
-6.0295323e-17
-5.1614944e-17
-5.3624259e-17
-5.000859e-17
-4.8007003e-17
-4.1454549e-17
-3.996912e-17
-4.0891958e-17
-3.5893149e-17
-3.4033611e-17
-3.1323085e-17
-2.8189594e-17
-2.3905622e-17
-2.2300278e-17
-1.6522691e-17
-1.3765316e-17
-1.0664175e-17
-8.5452757e-18
-7.4565025e-18
-4.1920943e-18
3.2024245e-18
7.5561642e-19
7.718908e-18
1.1086244e-17
9.3834332e-18
8.8701998e-18
1.3796349e-17
1.7272849e-17
2.1674315e-17
2.3086333e-17
2.8013101e-17
3.0446507e-17
3.0750992e-17
2.811536e-17
2.9680303e-17
3.6114945e-17
3.9166079e-17
4.5089222e-17
4.9592187e-17
5.2082624e-17
5.7579668e-17
6.1411313e-17
6.4296859e-17
6.3083404e-17
6.6160886e-17
6.8329296e-17
6.7546677e-17
7.3026078e-17
7.3623986e-17
7.6264793e-17
7.6871689e-17
8.0084863e-17
8.2189969e-17
8.4734937e-17
8.570217e-17
8.7007081e-17
8.9087731e-17
8.8852036e-17
9.2731222e-17
9.8516602e-17
9.9096306e-17
1.0281616e-16
9.9016841e-17
1.0058537e-16
9.8086334e-17
1.0293491e-16
1.0575105e-16
1.0668147e-16
1.1126199e-16
1.1390934e-16
1.1400221e-16
1.1099968e-16
1.1024194e-16
1.0784584e-16
1.1344331e-16
1.1403699e-16
1.1446578e-16
1.1368656e-16
1.1396012e-16
1.1325869e-16
1.17691e-16
1.1757719e-16
1.1779925e-16
1.1920572e-16
1.222361e-16
1.226191e-16
1.2263533e-16
1.2219129e-16
1.2204817e-16
1.1978024e-16
1.1459682e-16
1.0425914e-16
8.6498014e-17
4.9987072e-17
-3.7295448e-17
-6.6275237e-17
-8.7699196e-17
-1.0282386e-16
-1.1200382e-16
-1.1541317e-16
-1.1832915e-16
-1.189955e-16
-1.1605492e-16
-1.1575258e-16
-1.1235875e-16
-1.0821983e-16
-1.063209e-16
-1.0428778e-16
-1.0431706e-16
-1.0512498e-16
-1.0002751e-16
-9.6950745e-17
-9.6497712e-17
-9.2131209e-17
-8.6163725e-17
-8.3759411e-17
-7.7781626e-17
-7.7403492e-17
-7.3769207e-17
-7.1718677e-17
-7.1970873e-17
-6.5336276e-17
-6.4699003e-17
-6.0849715e-17
-5.8027165e-17
-5.3849302e-17
-5.2542398e-17
-5.1913268e-17
-4.6881441e-17
-4.1059077e-17
-4.0396352e-17
-3.7004557e-17
-2.8813088e-17
-2.2103736e-17
-1.8463403e-17
-1.5457663e-17
-1.0773984e-17
-8.1492007e-18
-4.4142001e-18
6.2381834e-19
4.3076419e-18
5.5379381e-18
1.1482114e-17
1.3236563e-17
1.5067285e-17
1.8178067e-17
2.3058827e-17
2.5603572e-17
2.770107e-17
3.0785798e-17
3.6716745e-17
3.7084071e-17
3.9960444e-17
4.1932565e-17
4.7109262e-17
4.9092362e-17
5.1698972e-17
5.4568033e-17
5.6409998e-17
6.1735687e-17
6.4944012e-17
7.1423615e-17
7.4521772e-17
7.469548e-17
7.6523594e-17
7.8571806e-17
8.0353114e-17
8.5367491e-17
8.7087362e-17
8.7818572e-17
9.1367081e-17
9.6214156e-17
9.9156104e-17
1.0145842e-16
1.0429986e-16
1.0529945e-16
1.0958772e-16
1.1061529e-16
1.1210749e-16
1.1475658e-16
1.1655261e-16
1.1616951e-16
1.1728674e-16
1.2007833e-16
1.1962594e-16
1.2315925e-16
1.2593225e-16
1.2833995e-16
1.3001862e-16
1.3405351e-16
1.3325329e-16
1.3316481e-16
1.343795e-16
1.3306604e-16
1.3478514e-16
1.3540147e-16
1.3658718e-16
1.3912816e-16
1.4022701e-16
1.397765e-16
1.4163075e-16
1.4134379e-16
1.4086032e-16
1.4145074e-16
1.4209249e-16
1.4449223e-16
1.4642259e-16
1.456667e-16
1.4359017e-16
1.4246183e-16
1.3508457e-16
1.2449666e-16
1.0467198e-16
6.3120446e-17
4.6509826e-16
7.9101931e-16
9.8610248e-16
1.0999868e-15
1.1625799e-15
1.1811316e-15
1.1777837e-15
1.1638e-15
1.1452868e-15
1.1282643e-15
1.1075796e-15
1.0883609e-15
1.0656699e-15
1.0428217e-15
1.01955e-15
9.9620377e-16
9.7325102e-16
9.4766368e-16
9.2094694e-16
8.923807e-16
8.6323954e-16
8.3440899e-16
8.0492165e-16
7.7530509e-16
7.4597731e-16
7.12744e-16
6.8097361e-16
6.4792285e-16
6.1543575e-16
5.8600064e-16
5.5251649e-16
5.1684901e-16
4.8294114e-16
4.4784565e-16
4.1727837e-16
3.8376868e-16
3.4844305e-16
3.1410356e-16
2.7973945e-16
2.448015e-16
2.1038184e-16
1.7563566e-16
1.4230965e-16
1.0791174e-16
7.4334909e-17
3.9856891e-17
5.8111746e-18
-2.6469431e-17
-5.8237193e-17
-9.0583529e-17
-1.238935e-16
-1.5415842e-16
-1.870094e-16
-2.1870387e-16
-2.4820217e-16
-2.7971075e-16
-3.094132e-16
-3.400385e-16
-3.6768167e-16
-3.9382264e-16
-4.2371192e-16
-4.5023172e-16
-4.7737217e-16
-5.0446274e-16
-5.3134138e-16
-5.5685155e-16
-5.8130131e-16
-6.0250385e-16
-6.2699974e-16
-6.519019e-16
-6.7469313e-16
-6.9943415e-16
-7.2053693e-16
-7.4251404e-16
-7.6517554e-16
-7.8633936e-16
-8.0626246e-16
-8.2542422e-16
-8.4681752e-16
-8.6667901e-16
-8.8578443e-16
-9.0317862e-16
-9.1983594e-16
-9.355256e-16
-9.5179844e-16
-9.6642085e-16
-9.8279156e-16
-9.9711722e-16
-1.0098843e-15
-1.0235662e-15
-1.0384987e-15
-1.0506005e-15
-1.0636533e-15
-1.0748813e-15
-1.0859224e-15
-1.0953434e-15
-1.1064755e-15
-1.1178681e-15
-1.1297539e-15
-1.1394816e-15
-1.1466045e-15
-1.1541059e-15
-1.1630994e-15
-1.170847e-15
-1.1785642e-15
-1.1847852e-15
-1.1896362e-15
-1.1942459e-15
-1.1978976e-15
-1.2019035e-15
-1.2049945e-15
-1.2077141e-15
-1.2096146e-15
-1.2108276e-15
-1.2066289e-15
-1.19122e-15
-1.1522094e-15
-1.0689345e-15
-9.0284414e-16
-5.5859991e-16
-9.5909012e-17
-1.6016905e-16
-1.9803365e-16
-2.1765006e-16
-2.2892765e-16
-2.3164283e-16
-2.2938001e-16
-2.2655931e-16
-2.2094201e-16
-2.1603358e-16
-2.1086814e-16
-2.0487587e-16
-2.0024242e-16
-1.9576452e-16
-1.9064923e-16
-1.8679215e-16
-1.8013581e-16
-1.7589325e-16
-1.7014862e-16
-1.6411945e-16
-1.569217e-16
-1.5224884e-16
-1.4413733e-16
-1.4181473e-16
-1.351164e-16
-1.2877653e-16
-1.2406201e-16
-1.1653734e-16
-1.1260386e-16
-1.0567826e-16
-9.9099642e-17
-8.9730946e-17
-8.4289448e-17
-8.0391419e-17
-7.1563635e-17
-6.3702864e-17
-5.8354538e-17
-5.2725543e-17
-4.5612127e-17
-3.662392e-17
-3.0684181e-17
-2.7103729e-17
-1.9307164e-17
-1.3927784e-17
-8.1500215e-18
-2.2192372e-18
5.9502876e-18
9.2453318e-18
1.7512338e-17
2.2683532e-17
2.7567851e-17
3.3902405e-17
4.0148144e-17
4.3243049e-17
4.877063e-17
5.3540224e-17
6.0569683e-17
6.5774989e-17
7.0548973e-17
7.4250329e-17
7.9391928e-17
8.4847161e-17
8.8504129e-17
9.45906e-17
9.9794107e-17
1.0516372e-16
1.0940746e-16
1.1461649e-16
1.1856615e-16
1.2047996e-16
1.242158e-16
1.2842067e-16
1.3230033e-16
1.3799843e-16
1.3977185e-16
1.4098261e-16
1.4485122e-16
1.4894567e-16
1.528726e-16
1.5467995e-16
1.5886485e-16
1.6197854e-16
1.6559929e-16
1.6689874e-16
1.6821369e-16
1.7197313e-16
1.7486208e-16
1.7661735e-16
1.7700478e-16
1.7915714e-16
1.7977462e-16
1.8472097e-16
1.8621428e-16
1.8855737e-16
1.9039187e-16
1.9447621e-16
1.9506256e-16
1.9317996e-16
1.9418352e-16
1.9405514e-16
1.9647531e-16
1.9873827e-16
2.0039777e-16
2.0299458e-16
2.0472057e-16
2.0555095e-16
2.0757636e-16
2.0574242e-16
2.051186e-16
2.0680199e-16
2.0748781e-16
2.0892527e-16
2.1096975e-16
2.1002151e-16
2.0820206e-16
2.0626563e-16
1.9979347e-16
1.8700089e-16
1.6062135e-16
9.7963657e-17
-1.5047273e-16
-2.4255418e-16
-2.9032839e-16
-3.2010877e-16
-3.3319004e-16
-3.3263852e-16
-3.269081e-16
-3.2040161e-16
-3.1444133e-16
-3.0620629e-16
-2.9939812e-16
-2.9009383e-16
-2.8393115e-16
-2.7685931e-16
-2.674859e-16
-2.5996944e-16
-2.5094452e-16
-2.4117283e-16
-2.3210055e-16
-2.2428785e-16
-2.1594206e-16
-2.0722712e-16
-1.9558101e-16
-1.8526084e-16
-1.7568809e-16
-1.7026154e-16
-1.6423242e-16
-1.5052519e-16
-1.4164892e-16
-1.3282659e-16
-1.2448863e-16
-1.165588e-16
-1.0663419e-16
-9.5177939e-17
-8.7249273e-17
-7.8785341e-17
-6.6934132e-17
-5.6674757e-17
-5.0175216e-17
-4.1988198e-17
-3.3387395e-17
-2.5144849e-17
-1.7433608e-17
-8.5920544e-18
-4.0360844e-18
4.6350751e-18
1.2167875e-17
1.8541134e-17
2.7453696e-17
3.6109504e-17
4.0858862e-17
4.8640373e-17
5.6571922e-17
6.4309902e-17
6.8375543e-17
7.551287e-17
8.1107705e-17
8.5449241e-17
9.1495741e-17
9.5832753e-17
1.0189035e-16
1.0775852e-16
1.1517377e-16
1.2066536e-16
1.2493709e-16
1.3305362e-16
1.4203818e-16
1.4834068e-16
1.5176604e-16
1.5457564e-16
1.6111438e-16
1.6479619e-16
1.6785937e-16
1.7337534e-16
1.749038e-16
1.7532563e-16
1.7825731e-16
1.837935e-16
1.8698538e-16
1.8984341e-16
1.9442602e-16
1.9869526e-16
2.0398731e-16
2.0638667e-16
2.0859307e-16
2.137618e-16
2.169998e-16
2.1537892e-16
2.1743701e-16
2.1859198e-16
2.2136196e-16
2.2385544e-16
2.2724473e-16
2.3057121e-16
2.3207081e-16
2.3428937e-16
2.3304438e-16
2.3564354e-16
2.3615401e-16
2.3693638e-16
2.3811645e-16
2.3998679e-16
2.4053059e-16
2.4020067e-16
2.4400825e-16
2.4615944e-16
2.4795133e-16
2.4770549e-16
2.4927903e-16
2.4855598e-16
2.520616e-16
2.5303898e-16
2.5095662e-16
2.5230319e-16
2.501805e-16
2.4763146e-16
2.4316713e-16
2.2689782e-16
1.9144615e-16
1.1794686e-16
1.79014e-15
2.9059471e-15
3.4996786e-15
3.818093e-15
3.9783388e-15
3.9874208e-15
3.9237503e-15
3.8269025e-15
3.7152257e-15
3.5934506e-15
3.4732726e-15
3.3558001e-15
3.2415489e-15
3.1281385e-15
3.0160982e-15
2.9031773e-15
2.7922769e-15
2.6793579e-15
2.5666858e-15
2.4525266e-15
2.3408594e-15
2.2248595e-15
2.1130023e-15
1.9972946e-15
1.8840296e-15
1.7716497e-15
1.6587298e-15
1.5502368e-15
1.4400184e-15
1.3314923e-15
1.22727e-15
1.1229543e-15
1.0198671e-15
9.1564927e-16
8.1585631e-16
7.1902258e-16
6.2148642e-16
5.2623825e-16
4.3473319e-16
3.4604458e-16
2.5704385e-16
1.7042836e-16
8.810431e-17
4.5710329e-18
-7.669754e-17
-1.5710959e-16
-2.3504172e-16
-3.1205821e-16
-3.8346713e-16
-4.5478983e-16
-5.2563796e-16
-5.9576802e-16
-6.6328541e-16
-7.2985498e-16
-7.9249501e-16
-8.5295366e-16
-9.0997505e-16
-9.6824977e-16
-1.0242073e-15
-1.0774136e-15
-1.1300285e-15
-1.1821044e-15
-1.2328603e-15
-1.2821674e-15
-1.3282489e-15
-1.3743512e-15
-1.4210921e-15
-1.4619593e-15
-1.5019763e-15
-1.5426888e-15
-1.5807329e-15
-1.6162711e-15
-1.6517474e-15
-1.685593e-15
-1.7204594e-15
-1.7545331e-15
-1.7871077e-15
-1.8189985e-15
-1.848686e-15
-1.8769364e-15
-1.9027448e-15
-1.9309982e-15
-1.9541989e-15
-1.9778329e-15
-2.0010653e-15
-2.024636e-15
-2.0473366e-15
-2.0677132e-15
-2.0882696e-15
-2.1062507e-15
-2.1264632e-15
-2.1421504e-15
-2.1605153e-15
-2.1770428e-15
-2.1922174e-15
-2.2049801e-15
-2.2203026e-15
-2.2343893e-15
-2.2494464e-15
-2.2628324e-15
-2.2740785e-15
-2.2832328e-15
-2.2932765e-15
-2.3001262e-15
-2.3079459e-15
-2.3155206e-15
-2.3231371e-15
-2.329476e-15
-2.3364553e-15
-2.3416441e-15
-2.3451515e-15
-2.349402e-15
-2.3491286e-15
-2.348733e-15
-2.3430093e-15
-2.3197787e-15
-2.262313e-15
-2.1229531e-15
-1.8211235e-15
-1.1451788e-15
-3.1470855e-15
-5.1722119e-15
-6.287937e-15
-6.9542269e-15
-7.3043457e-15
-7.3870977e-15
-7.3003533e-15
-7.1055894e-15
-6.8418332e-15
-6.5418008e-15
-6.230729e-15
-5.9208722e-15
-5.623853e-15
-5.3399749e-15
-5.0701545e-15
-4.8123321e-15
-4.5645035e-15
-4.3241365e-15
-4.088668e-15
-3.8583186e-15
-3.6332212e-15
-3.414326e-15
-3.1950099e-15
-2.9813327e-15
-2.7720248e-15
-2.5686191e-15
-2.3700489e-15
-2.1722981e-15
-1.9818323e-15
-1.7958952e-15
-1.6143933e-15
-1.4376257e-15
-1.2639989e-15
-1.0952605e-15
-9.2940578e-16
-7.68165e-16
-6.1240296e-16
-4.6164783e-16
-3.1623068e-16
-1.7463449e-16
-3.6211563e-17
9.7487046e-17
2.2855667e-16
3.5583986e-16
4.7689214e-16
5.9389106e-16
7.0831262e-16
8.1961166e-16
9.2826706e-16
1.0319441e-15
1.1315062e-15
1.2283452e-15
1.3202587e-15
1.409966e-15
1.4961823e-15
1.5827437e-15
1.6630042e-15
1.7405857e-15
1.8159011e-15
1.8884603e-15
1.9595767e-15
2.027127e-15
2.0922649e-15
2.1547469e-15
2.2144758e-15
2.273183e-15
2.3295069e-15
2.3852612e-15
2.4362439e-15
2.4858024e-15
2.5359754e-15
2.5832494e-15
2.6285871e-15
2.6732848e-15
2.7147599e-15
2.7542505e-15
2.7924972e-15
2.8288371e-15
2.8643912e-15
2.8976824e-15
2.9310914e-15
2.9623216e-15
2.992728e-15
3.0202362e-15
3.047117e-15
3.0742833e-15
3.0999002e-15
3.122705e-15
3.1455783e-15
3.168635e-15
3.1905996e-15
3.2119066e-15
3.2324936e-15
3.2520995e-15
3.269489e-15
3.2841305e-15
3.2971336e-15
3.3099557e-15
3.3238314e-15
3.3364159e-15
3.347867e-15
3.3593552e-15
3.3706813e-15
3.3812118e-15
3.3906628e-15
3.3993906e-15
3.4077853e-15
3.4158232e-15
3.4224692e-15
3.4283547e-15
3.4332896e-15
3.4367799e-15
3.4382432e-15
3.436595e-15
3.4275644e-15
3.39777e-15
3.3174714e-15
3.1234783e-15
2.6908146e-15
1.6908734e-15
-4.0673185e-15
-6.902206e-15
-8.6591672e-15
-9.9440996e-15
-1.0790255e-14
-1.1220605e-14
-1.1304819e-14
-1.1109393e-14
-1.0707767e-14
-1.0157072e-14
-9.5144774e-15
-8.8308606e-15
-8.1483224e-15
-7.4951443e-15
-6.8856159e-15
-6.3311471e-15
-5.8262403e-15
-5.3680285e-15
-4.9489454e-15
-4.5605094e-15
-4.1956769e-15
-3.8537747e-15
-3.5238381e-15
-3.2111866e-15
-2.9102261e-15
-2.6216273e-15
-2.3440754e-15
-2.0740537e-15
-1.8175535e-15
-1.5698476e-15
-1.3308753e-15
-1.1010585e-15
-8.7951807e-16
-6.6951637e-16
-4.6535265e-16
-2.7157154e-16
-8.2524071e-17
9.8691572e-17
2.7477001e-16
4.430066e-16
6.0519661e-16
7.5801849e-16
9.0644749e-16
1.049376e-15
1.1846613e-15
1.3131175e-15
1.4386389e-15
1.5562738e-15
1.6725196e-15
1.7841719e-15
1.890211e-15
1.9905603e-15
2.0880552e-15
2.1797028e-15
2.2694828e-15
2.3534594e-15
2.4351962e-15
2.512783e-15
2.5874484e-15
2.6580457e-15
2.7243437e-15
2.7898861e-15
2.8505542e-15
2.909624e-15
2.9665955e-15
3.0199462e-15
3.0708836e-15
3.1203212e-15
3.1693072e-15
3.2144017e-15
3.2578135e-15
3.2995205e-15
3.3388907e-15
3.3776008e-15
3.412932e-15
3.4461772e-15
3.4784378e-15
3.5082819e-15
3.5374356e-15
3.5659545e-15
3.5930234e-15
3.619882e-15
3.643876e-15
3.6667868e-15
3.6899312e-15
3.7118641e-15
3.7305144e-15
3.750643e-15
3.7671903e-15
3.7846948e-15
3.8004711e-15
3.8175538e-15
3.8324799e-15
3.8458483e-15
3.8605069e-15
3.8746793e-15
3.8870159e-15
3.89661e-15
3.9061359e-15
3.9133336e-15
3.9222467e-15
3.9292969e-15
3.9363339e-15
3.945346e-15
3.9521936e-15
3.9569158e-15
3.964768e-15
3.9708657e-15
3.9758854e-15
3.981515e-15
3.9858453e-15
3.9869797e-15
3.9865454e-15
3.9833746e-15
3.9724734e-15
3.9397074e-15
3.8510891e-15
3.6350733e-15
3.1399682e-15
1.9743663e-15
3.211353e-15
6.1897127e-15
8.5835564e-15
1.0766502e-14
1.2554177e-14
1.3681645e-14
1.4229211e-14
1.42837e-14
1.3943852e-14
1.3294248e-14
1.2418461e-14
1.1389285e-14
1.0275048e-14
9.1351777e-15
8.0220495e-15
6.9771633e-15
6.0260241e-15
5.1855465e-15
4.4606828e-15
3.8419591e-15
3.3134106e-15
2.8583961e-15
2.458326e-15
2.0998734e-15
1.7733601e-15
1.4735049e-15
1.1935234e-15
9.333319e-16
6.8434821e-16
4.4780004e-16
2.233077e-16
9.8040602e-18
-1.925573e-16
-3.8552506e-16
-5.6787623e-16
-7.390775e-16
-9.0200712e-16
-1.0569384e-15
-1.2039157e-15
-1.3426718e-15
-1.4726832e-15
-1.5978033e-15
-1.7157059e-15
-1.8272024e-15
-1.9327437e-15
-2.03284e-15
-2.1281508e-15
-2.2168959e-15
-2.3006029e-15
-2.3809237e-15
-2.4576126e-15
-2.5277153e-15
-2.5959239e-15
-2.6591016e-15
-2.7190226e-15
-2.7749823e-15
-2.8289468e-15
-2.880003e-15
-2.9276966e-15
-2.9739915e-15
-3.0160141e-15
-3.0577422e-15
-3.0962289e-15
-3.132525e-15
-3.1649939e-15
-3.1965404e-15
-3.2256289e-15
-3.2530547e-15
-3.2787262e-15
-3.3046861e-15
-3.3290828e-15
-3.3505843e-15
-3.3708041e-15
-3.3911433e-15
-3.4083611e-15
-3.4282952e-15
-3.4460197e-15
-3.4625468e-15
-3.4776179e-15
-3.4915813e-15
-3.5046513e-15
-3.5168807e-15
-3.5281953e-15
-3.539253e-15
-3.5488382e-15
-3.5569243e-15
-3.5671083e-15
-3.5754116e-15
-3.5839187e-15
-3.5928062e-15
-3.600263e-15
-3.605492e-15
-3.6107247e-15
-3.6157364e-15
-3.6214969e-15
-3.6271044e-15
-3.631234e-15
-3.6365061e-15
-3.6421225e-15
-3.6438363e-15
-3.646787e-15
-3.6506135e-15
-3.6538975e-15
-3.6561251e-15
-3.6587238e-15
-3.6589215e-15
-3.6612065e-15
-3.6634033e-15
-3.6635024e-15
-3.665484e-15
-3.6652048e-15
-3.6641738e-15
-3.6633231e-15
-3.6600499e-15
-3.6499447e-15
-3.6224219e-15
-3.5441777e-15
-3.350193e-15
-2.9012271e-15
-1.8230676e-15
-2.5548763e-15
-7.6553316e-15
-1.3246223e-14
-1.8806949e-14
-2.3320655e-14
-2.61475e-14
-2.7681271e-14
-2.8169187e-14
-2.7824489e-14
-2.6820569e-14
-2.5307459e-14
-2.3403981e-14
-2.1218855e-14
-1.8851171e-14
-1.6393219e-14
-1.3930532e-14
-1.1538197e-14
-9.2882476e-15
-7.2396721e-15
-5.4359412e-15
-3.9022953e-15
-2.6419571e-15
-1.6276154e-15
-8.2169325e-16
-1.6984009e-16
3.6780543e-16
8.2075983e-16
1.2108295e-15
1.5505348e-15
1.8525281e-15
2.1242926e-15
2.3724121e-15
2.599168e-15
2.8081139e-15
3.0030594e-15
3.1833755e-15
3.3484492e-15
3.5021287e-15
3.6451445e-15
3.7781605e-15
3.900524e-15
4.0138271e-15
4.120225e-15
4.216759e-15
4.3063458e-15
4.3896167e-15
4.4653834e-15
4.5342471e-15
4.5995649e-15
4.6592235e-15
4.7125225e-15
4.7614746e-15
4.8080414e-15
4.8504532e-15
4.8888126e-15
4.9232313e-15
4.957011e-15
4.9859846e-15
5.0135677e-15
5.0374055e-15
5.0601329e-15
5.0795651e-15
5.096616e-15
5.1123522e-15
5.1274725e-15
5.1413505e-15
5.1529749e-15
5.1639279e-15
5.1737412e-15
5.1811678e-15
5.1868672e-15
5.1930728e-15
5.1979854e-15
5.2043414e-15
5.2070558e-15
5.2085494e-15
5.2113552e-15
5.2128203e-15
5.2142155e-15
5.2149825e-15
5.2160959e-15
5.2154004e-15
5.2164336e-15
5.2146243e-15
5.2138926e-15
5.2142857e-15
5.212869e-15
5.2109198e-15
5.2086675e-15
5.2072676e-15
5.2036473e-15
5.2031861e-15
5.2015717e-15
5.1990063e-15
5.1966226e-15
5.1962982e-15
5.1943301e-15
5.1903897e-15
5.1870439e-15
5.1837166e-15
5.1817454e-15
5.1796606e-15
5.1793506e-15
5.1792767e-15
5.1770086e-15
5.1746942e-15
5.1731355e-15
5.170456e-15
5.16866e-15
5.1678192e-15
5.165959e-15
5.1637456e-15
5.1612175e-15
5.1532109e-15
5.137929e-15
5.099671e-15
4.9938135e-15
4.7251892e-15
4.0941838e-15
2.5663223e-15
5.4093454e-16
7.3091408e-15
1.5686581e-14
2.2961606e-14
2.7901743e-14
3.0864435e-14
3.2353376e-14
3.2727953e-14
3.2262679e-14
3.1146696e-14
2.9540523e-14
2.7557405e-14
2.5285561e-14
2.2803276e-14
2.0172746e-14
1.7451362e-14
1.4691459e-14
1.1951547e-14
9.2935955e-15
6.7789154e-15
4.4654707e-15
2.4030996e-15
6.3451054e-16
-8.3637239e-16
-2.0227219e-15
-2.955359e-15
-3.669038e-15
-4.1988286e-15
-4.586559e-15
-4.8623036e-15
-5.0581017e-15
-5.1936815e-15
-5.2909543e-15
-5.3624279e-15
-5.414466e-15
-5.4549111e-15
-5.4839632e-15
-5.5071266e-15
-5.5236172e-15
-5.5351714e-15
-5.541901e-15
-5.5455896e-15
-5.5465546e-15
-5.5425593e-15
-5.5373768e-15
-5.5297183e-15
-5.5190253e-15
-5.5092826e-15
-5.4938839e-15
-5.4783968e-15
-5.4630738e-15
-5.4464664e-15
-5.4270325e-15
-5.4077953e-15
-5.3875992e-15
-5.3699902e-15
-5.3476525e-15
-5.326634e-15
-5.3048476e-15
-5.2834966e-15
-5.2620017e-15
-5.2406263e-15
-5.2200027e-15
-5.1992212e-15
-5.1795154e-15
-5.1578044e-15
-5.1361587e-15
-5.1156233e-15
-5.0943993e-15
-5.0748189e-15
-5.0545717e-15
-5.0354241e-15
-5.0170359e-15
-4.9981188e-15
-4.9813149e-15
-4.964253e-15
-4.9479333e-15
-4.9314159e-15
-4.9150295e-15
-4.8981742e-15
-4.883252e-15
-4.868306e-15
-4.8536516e-15
-4.8403769e-15
-4.8254256e-15
-4.810426e-15
-4.7971725e-15
-4.7826587e-15
-4.7723375e-15
-4.7615412e-15
-4.7510789e-15
-4.7389072e-15
-4.7269557e-15
-4.7169832e-15
-4.7058587e-15
-4.6951389e-15
-4.6873662e-15
-4.6801976e-15
-4.6735217e-15
-4.6686437e-15
-4.6603303e-15
-4.6527607e-15
-4.6456954e-15
-4.6395986e-15
-4.6322618e-15
-4.6281825e-15
-4.6223155e-15
-4.6173077e-15
-4.6115379e-15
-4.6069251e-15
-4.6013039e-15
-4.5964273e-15
-4.5909153e-15
-4.5835622e-15
-4.5683114e-15
-4.5333319e-15
-4.4409487e-15
-4.2050872e-15
-3.6422366e-15
-2.2742161e-15
1.6807583e-15
2.7689299e-14
5.2083193e-14
6.7803599e-14
7.7391794e-14
8.2364481e-14
8.4104031e-14
8.3524829e-14
8.1257425e-14
7.7731942e-14
7.3293101e-14
6.8181725e-14
6.2577059e-14
5.6617486e-14
5.0409156e-14
4.4043618e-14
3.7589244e-14
3.1130884e-14
2.4740601e-14
1.8501164e-14
1.2503036e-14
6.8515007e-15
1.6469597e-15
-3.0431946e-15
-7.12969e-15
-1.0561962e-14
-1.3326049e-14
-1.5444985e-14
-1.6976429e-14
-1.799225e-14
-1.8587422e-14
-1.8857095e-14
-1.8888662e-14
-1.8762617e-14
-1.8537465e-14
-1.825831e-14
-1.7953275e-14
-1.764149e-14
-1.733275e-14
-1.7033256e-14
-1.6741462e-14
-1.646294e-14
-1.6196212e-14
-1.5937479e-14
-1.5689176e-14
-1.5453375e-14
-1.5224413e-14
-1.5005084e-14
-1.4792704e-14
-1.4588915e-14
-1.4391451e-14
-1.4204297e-14
-1.4023741e-14
-1.3849691e-14
-1.3680133e-14
-1.3519208e-14
-1.3361554e-14
-1.3212024e-14
-1.3068244e-14
-1.2928062e-14
-1.2794658e-14
-1.2663826e-14
-1.2540995e-14
-1.2421079e-14
-1.2306267e-14
-1.2194055e-14
-1.2086995e-14
-1.1983212e-14
-1.1884231e-14
-1.1788591e-14
-1.1696734e-14
-1.160798e-14
-1.1521963e-14
-1.1440679e-14
-1.1362546e-14
-1.1285139e-14
-1.1211609e-14
-1.1142329e-14
-1.1075265e-14
-1.1009366e-14
-1.0946966e-14
-1.0886298e-14
-1.0827976e-14
-1.0772619e-14
-1.0718574e-14
-1.0668042e-14
-1.0618719e-14
-1.0569713e-14
-1.0524468e-14
-1.0480956e-14
-1.0438465e-14
-1.0399925e-14
-1.0360015e-14
-1.0325764e-14
-1.0291178e-14
-1.025771e-14
-1.0227318e-14
-1.019793e-14
-1.016909e-14
-1.0143806e-14
-1.0117246e-14
-1.0091537e-14
-1.007131e-14
-1.0052816e-14
-1.0033309e-14
-1.0012339e-14
-9.9941717e-15
-9.9785913e-15
-9.963699e-15
-9.949949e-15
-9.9386198e-15
-9.9237069e-15
-9.9081554e-15
-9.8914296e-15
-9.8580614e-15
-9.7818794e-15
-9.5813836e-15
-9.067511e-15
-7.8386038e-15
-4.8525899e-15
-8.6684415e-15
-3.4489569e-14
-5.0140189e-14
-5.8599507e-14
-6.2781648e-14
-6.4147582e-14
-6.3617146e-14
-6.1768219e-14
-5.8991705e-14
-5.5556768e-14
-5.1678204e-14
-4.7500442e-14
-4.3131327e-14
-3.8638743e-14
-3.4077529e-14
-2.9491299e-14
-2.4909579e-14
-2.0373023e-14
-1.5915931e-14
-1.1576175e-14
-7.3920615e-15
-3.3942209e-15
4.5086012e-16
4.0423483e-15
7.2762911e-15
1.0066723e-14
1.236124e-14
1.4141953e-14
1.5423154e-14
1.6249329e-14
1.6688827e-14
1.6821619e-14
1.6722887e-14
1.6465816e-14
1.6113322e-14
1.5710669e-14
1.5284074e-14
1.486066e-14
1.4449707e-14
1.4056531e-14
1.3683692e-14
1.333043e-14
1.2997618e-14
1.2680796e-14
1.2382798e-14
1.2101256e-14
1.1833706e-14
1.157934e-14
1.1341137e-14
1.111366e-14
1.0896062e-14
1.0690115e-14
1.0495461e-14
1.0308797e-14
1.013169e-14
9.9639789e-15
9.804641e-15
9.6516057e-15
9.5060303e-15
9.366453e-15
9.2345619e-15
9.1074982e-15
8.9861425e-15
8.8702135e-15
8.7607269e-15
8.655355e-15
8.554246e-15
8.4574223e-15
8.3646944e-15
8.2762677e-15
8.1913703e-15
8.1108557e-15
8.0338757e-15
7.9627655e-15
7.8912126e-15
7.8217925e-15
7.7570375e-15
7.6945984e-15
7.6369426e-15
7.5796377e-15
7.5249128e-15
7.4713101e-15
7.4227754e-15
7.3739024e-15
7.3273434e-15
7.2851292e-15
7.2424659e-15
7.2023784e-15
7.1619503e-15
7.1274059e-15
7.091309e-15
7.0606794e-15
7.02934e-15
6.9990498e-15
6.9701645e-15
6.9443144e-15
6.9181429e-15
6.8913888e-15
6.8681679e-15
6.8459201e-15
6.8248951e-15
6.805993e-15
6.7879072e-15
6.7720548e-15
6.7561868e-15
6.7412009e-15
6.7269518e-15
6.7132751e-15
6.7013215e-15
6.6907673e-15
6.6793045e-15
6.6689283e-15
6.6583702e-15
6.643879e-15
6.6216147e-15
6.5716139e-15
6.4364618e-15
6.0857921e-15
5.2429372e-15
3.2084702e-15
2.0236188e-14
4.3486206e-14
5.4032966e-14
5.8469636e-14
5.9534737e-14
5.8637432e-14
5.6493991e-14
5.3515585e-14
4.9991754e-14
4.6130036e-14
4.2104189e-14
3.8013403e-14
3.3909499e-14
2.9821666e-14
2.5764826e-14
2.1748776e-14
1.7780759e-14
1.3883231e-14
1.0075379e-14
6.3736559e-15
2.7157598e-15
-9.6202801e-16
-4.3511061e-15
-7.3285167e-15
-9.8300473e-15
-1.1829251e-14
-1.3334077e-14
-1.4374726e-14
-1.5012545e-14
-1.5310007e-14
-1.5345305e-14
-1.5189122e-14
-1.4905878e-14
-1.4547604e-14
-1.4148128e-14
-1.3738885e-14
-1.3331168e-14
-1.2936981e-14
-1.2561249e-14
-1.2204279e-14
-1.1865412e-14
-1.1547095e-14
-1.1247429e-14
-1.0963202e-14
-1.0695363e-14
-1.0441458e-14
-1.0200848e-14
-9.9752658e-15
-9.7588448e-15
-9.5543244e-15
-9.3617678e-15
-9.1780985e-15
-9.0032694e-15
-8.8373815e-15
-8.6789931e-15
-8.5312861e-15
-8.3861252e-15
-8.2486469e-15
-8.1187271e-15
-7.9967402e-15
-7.8793311e-15
-7.7669537e-15
-7.6615765e-15
-7.5582634e-15
-7.4614453e-15
-7.3673181e-15
-7.2764651e-15
-7.1912016e-15
-7.109453e-15
-7.032544e-15
-6.9572128e-15
-6.8855444e-15
-6.8179296e-15
-6.7517754e-15
-6.6904531e-15
-6.6309458e-15
-6.5750139e-15
-6.5209882e-15
-6.467984e-15
-6.4179503e-15
-6.3700645e-15
-6.3234705e-15
-6.2802792e-15
-6.2398385e-15
-6.1978752e-15
-6.1579529e-15
-6.122827e-15
-6.0868809e-15
-6.0557737e-15
-6.0237916e-15
-5.9941924e-15
-5.9641798e-15
-5.9352386e-15
-5.9086788e-15
-5.8811771e-15
-5.856563e-15
-5.8345614e-15
-5.813928e-15
-5.7946976e-15
-5.7776444e-15
-5.7591102e-15
-5.7415282e-15
-5.7255545e-15
-5.7105954e-15
-5.6955184e-15
-5.6846871e-15
-5.6710988e-15
-5.660409e-15
-5.6499428e-15
-5.6402763e-15
-5.6294912e-15
-5.6199866e-15
-5.6103983e-15
-5.5983843e-15
-5.5790386e-15
-5.5345295e-15
-5.4169896e-15
-5.1119862e-15
-4.3842333e-15
-2.6477937e-15
-4.1704273e-14
-6.9893719e-14
-7.9241517e-14
-8.1241194e-14
-7.9501009e-14
-7.5883292e-14
-7.1065104e-14
-6.5461991e-14
-5.9438911e-14
-5.332098e-14
-4.7347349e-14
-4.159498e-14
-3.6044283e-14
-3.0647102e-14
-2.5354651e-14
-2.0084221e-14
-1.4894627e-14
-9.7650171e-15
-4.5703002e-15
5.8114463e-16
4.921137e-15
8.2325394e-15
1.0847378e-14
1.2902965e-14
1.4474209e-14
1.5612618e-14
1.6368808e-14
1.6803388e-14
1.6972447e-14
1.6936263e-14
1.6757681e-14
1.6483851e-14
1.6153809e-14
1.5797839e-14
1.5433901e-14
1.5076047e-14
1.472375e-14
1.4386796e-14
1.40641e-14
1.3756413e-14
1.3462164e-14
1.3182253e-14
1.2917519e-14
1.2660884e-14
1.2415372e-14
1.2183094e-14
1.1961059e-14
1.174926e-14
1.1547137e-14
1.135301e-14
1.1165093e-14
1.0988062e-14
1.0816511e-14
1.0653291e-14
1.049757e-14
1.0349474e-14
1.0204746e-14
1.0066299e-14
9.9347441e-15
9.8093673e-15
9.6894766e-15
9.5712195e-15
9.4604223e-15
9.3528053e-15
9.2522046e-15
9.1536605e-15
9.0586959e-15
8.9698819e-15
8.883201e-15
8.7993848e-15
8.718754e-15
8.6423534e-15
8.5693267e-15
8.4995942e-15
8.4311402e-15
8.3642037e-15
8.3016309e-15
8.2402113e-15
8.182523e-15
8.1265253e-15
8.0733272e-15
8.020796e-15
7.9726084e-15
7.9244985e-15
7.88054e-15
7.8380787e-15
7.7966574e-15
7.75518e-15
7.7164366e-15
7.6799203e-15
7.6436618e-15
7.6122082e-15
7.5813222e-15
7.5510131e-15
7.5234758e-15
7.4956264e-15
7.4696022e-15
7.4444371e-15
7.4192525e-15
7.3995304e-15
7.3775961e-15
7.3567384e-15
7.3379233e-15
7.3224788e-15
7.3048406e-15
7.2907263e-15
7.2768244e-15
7.2638726e-15
7.252603e-15
7.2421307e-15
7.2314928e-15
7.2206243e-15
7.2093802e-15
7.1951724e-15
7.1706011e-15
7.1134161e-15
6.9565076e-15
6.5476014e-15
5.5799029e-15
3.3102467e-15
-5.0515986e-14
-7.6780753e-14
-8.2717666e-14
-8.1758556e-14
-7.7547781e-14
-7.1969824e-14
-6.5360556e-14
-5.812293e-14
-5.0710589e-14
-4.3583148e-14
-3.7011421e-14
-3.0980209e-14
-2.5331499e-14
-1.992318e-14
-1.4701491e-14
-9.7611581e-15
-5.3259117e-15
-1.619107e-15
1.2997526e-15
3.5691474e-15
5.4692895e-15
7.0957325e-15
8.4455313e-15
9.5177888e-15
1.0330308e-14
1.0911901e-14
1.1301391e-14
1.1538774e-14
1.1658724e-14
1.1696276e-14
1.1681456e-14
1.1632462e-14
1.1559822e-14
1.1476321e-14
1.1383572e-14
1.1288522e-14
1.1190559e-14
1.1090744e-14
1.0991838e-14
1.0891578e-14
1.0793119e-14
1.069446e-14
1.0596677e-14
1.0497472e-14
1.0399171e-14
1.0306675e-14
1.021297e-14
1.0122002e-14
1.0032304e-14
9.9433677e-15
9.8525959e-15
9.76823e-15
9.6855709e-15
9.6021358e-15
9.5203361e-15
9.4426175e-15
9.3642796e-15
9.2873185e-15
9.2138042e-15
9.1391923e-15
9.070126e-15
9.0016401e-15
8.9369097e-15
8.869869e-15
8.8066501e-15
8.7452788e-15
8.6864696e-15
8.6293231e-15
8.5734934e-15
8.5184462e-15
8.4657557e-15
8.4144139e-15
8.3647053e-15
8.3150241e-15
8.2686981e-15
8.2203076e-15
8.1773929e-15
8.1343793e-15
8.0922666e-15
8.051818e-15
8.0123038e-15
7.9742464e-15
7.9378118e-15
7.9020122e-15
7.8687637e-15
7.8381946e-15
7.807145e-15
7.7740087e-15
7.7437051e-15
7.715435e-15
7.6880323e-15
7.6642991e-15
7.6408548e-15
7.6174867e-15
7.5929251e-15
7.571461e-15
7.5515927e-15
7.5303672e-15
7.5099681e-15
7.4931979e-15
7.4760027e-15
7.4591451e-15
7.442939e-15
7.4290049e-15
7.4166277e-15
7.4056737e-15
7.3934659e-15
7.3820028e-15
7.3736105e-15
7.3643169e-15
7.3547607e-15
7.3461258e-15
7.3343436e-15
7.3210854e-15
7.2960258e-15
7.2344461e-15
7.069531e-15
6.63629e-15
5.615012e-15
3.2664832e-15
4.1579687e-14
6.0645856e-14
6.3543169e-14
6.1175534e-14
5.6762743e-14
5.1517261e-14
4.5644668e-14
3.9352656e-14
3.2988376e-14
2.6964492e-14
2.1603387e-14
1.6993868e-14
1.3081407e-14
9.7955882e-15
7.070914e-15
4.8308299e-15
2.9832154e-15
1.4320764e-15
9.7291344e-17
-1.065101e-15
-2.0639006e-15
-2.9099779e-15
-3.6109065e-15
-4.1811093e-15
-4.6371799e-15
-4.9992123e-15
-5.2873782e-15
-5.5187054e-15
-5.7114043e-15
-5.8723968e-15
-6.0087296e-15
-6.1271358e-15
-6.2309917e-15
-6.3230171e-15
-6.4041597e-15
-6.474231e-15
-6.538244e-15
-6.5917074e-15
-6.6409084e-15
-6.6808973e-15
-6.7145982e-15
-6.7428797e-15
-6.7661678e-15
-6.7855104e-15
-6.8011201e-15
-6.811267e-15
-6.8171319e-15
-6.8191285e-15
-6.8193283e-15
-6.8187639e-15
-6.8142141e-15
-6.8073127e-15
-6.7993179e-15
-6.7883334e-15
-6.7777987e-15
-6.7642388e-15
-6.7483301e-15
-6.7319855e-15
-6.715081e-15
-6.6957379e-15
-6.6771567e-15
-6.661602e-15
-6.6427943e-15
-6.6233679e-15
-6.6018337e-15
-6.5819671e-15
-6.5628247e-15
-6.5404038e-15
-6.5213266e-15
-6.501229e-15
-6.4801604e-15
-6.4583399e-15
-6.4367197e-15
-6.4149952e-15
-6.3975906e-15
-6.3801072e-15
-6.3611262e-15
-6.3412992e-15
-6.3218094e-15
-6.3040819e-15
-6.2840533e-15
-6.2681329e-15
-6.2494604e-15
-6.2318243e-15
-6.215426e-15
-6.1984476e-15
-6.1834782e-15
-6.1676168e-15
-6.1520145e-15
-6.1391234e-15
-6.1242906e-15
-6.1091708e-15
-6.0954447e-15
-6.0829255e-15
-6.0693923e-15
-6.0578807e-15
-6.0456034e-15
-6.034768e-15
-6.0254764e-15
-6.0119239e-15
-6.0040459e-15
-5.9960739e-15
-5.9863348e-15
-5.9775153e-15
-5.9699688e-15
-5.9623152e-15
-5.9532159e-15
-5.9472209e-15
-5.9420218e-15
-5.9368861e-15
-5.9295314e-15
-5.9230064e-15
-5.9146417e-15
-5.9050526e-15
-5.8852117e-15
-5.8328293e-15
-5.6915208e-15
-5.3276225e-15
-4.4722313e-15
-2.5468538e-15
-4.9632037e-14
-7.1229769e-14
-7.3626644e-14
-7.0030542e-14
-6.4642495e-14
-5.8504059e-14
-5.181648e-14
-4.4645802e-14
-3.7178184e-14
-2.9783493e-14
-2.3008207e-14
-1.7328966e-14
-1.2927867e-14
-9.6560399e-15
-7.2073572e-15
-5.2931956e-15
-3.7150572e-15
-2.3689008e-15
-1.2014657e-15
-1.8254252e-16
6.8576958e-16
1.4164508e-15
2.0333428e-15
2.5569361e-15
3.0086725e-15
3.4041512e-15
3.7574735e-15
4.079128e-15
4.3703125e-15
4.6394572e-15
4.8894042e-15
5.1206649e-15
5.3354897e-15
5.5360785e-15
5.7215833e-15
5.8939654e-15
6.0548335e-15
6.2035343e-15
6.3405879e-15
6.4668113e-15
6.5842639e-15
6.6914914e-15
6.7926736e-15
6.8839142e-15
6.9671862e-15
7.0441052e-15
7.1158859e-15
7.1810427e-15
7.2404653e-15
7.2959352e-15
7.3439657e-15
7.3865421e-15
7.4271021e-15
7.4628257e-15
7.4947519e-15
7.5236482e-15
7.5497106e-15
7.5726965e-15
7.5921865e-15
7.609213e-15
7.622935e-15
7.635694e-15
7.6466494e-15
7.6544278e-15
7.659585e-15
7.6631703e-15
7.6668475e-15
7.6691934e-15
7.670479e-15
7.6706723e-15
7.6681714e-15
7.6654682e-15
7.6624714e-15
7.6585951e-15
7.6519075e-15
7.646226e-15
7.6402187e-15
7.6330285e-15
7.6263848e-15
7.6195438e-15
7.6119316e-15
7.6024577e-15
7.5950775e-15
7.5846521e-15
7.5760566e-15
7.5675725e-15
7.5585462e-15
7.5492384e-15
7.5396746e-15
7.5303687e-15
7.5206097e-15
7.5114922e-15
7.5025463e-15
7.4940389e-15
7.4859047e-15
7.47711e-15
7.4689239e-15
7.4604273e-15
7.4529188e-15
7.4444538e-15
7.4369229e-15
7.4293128e-15
7.4222876e-15
7.415568e-15
7.4079659e-15
7.4015652e-15
7.3956298e-15
7.3899567e-15
7.3842521e-15
7.3794568e-15
7.3732668e-15
7.3667009e-15
7.3583039e-15
7.3459414e-15
7.321174e-15
7.2555098e-15
7.0712877e-15
6.5947542e-15
5.4917624e-15
3.0568122e-15
7.744631e-14
1.0865013e-13
1.1076891e-13
1.0474565e-13
9.6915494e-14
8.8481431e-14
7.9653822e-14
7.0383351e-14
6.0638138e-14
5.0439316e-14
4.0022178e-14
2.9972084e-14
2.1038364e-14
1.3728076e-14
8.3535606e-15
4.5617123e-15
1.9496838e-15
1.285034e-16
-1.2079358e-15
-2.2386017e-15
-3.0745086e-15
-3.7759976e-15
-4.3817131e-15
-4.9175111e-15
-5.4018438e-15
-5.8498886e-15
-6.2633359e-15
-6.648165e-15
-7.0088011e-15
-7.3456817e-15
-7.6644183e-15
-7.9641827e-15
-8.2469439e-15
-8.513241e-15
-8.7631169e-15
-8.9994374e-15
-9.2184134e-15
-9.4244543e-15
-9.6176009e-15
-9.7992907e-15
-9.9684215e-15
-1.0126461e-14
-1.0274431e-14
-1.0412083e-14
-1.0540194e-14
-1.0660426e-14
-1.0771354e-14
-1.0875854e-14
-1.0973013e-14
-1.1062274e-14
-1.1145261e-14
-1.1224295e-14
-1.1295542e-14
-1.1361266e-14
-1.1421539e-14
-1.1478018e-14
-1.1529803e-14
-1.1576563e-14
-1.1617649e-14
-1.1659124e-14
-1.1694813e-14
-1.1726746e-14
-1.1758477e-14
-1.1784429e-14
-1.1808191e-14
-1.1829994e-14
-1.1849223e-14
-1.1863958e-14
-1.1878797e-14
-1.1892654e-14
-1.1901756e-14
-1.1912657e-14
-1.1918771e-14
-1.1924532e-14
-1.1930714e-14
-1.1934161e-14
-1.19384e-14
-1.193917e-14
-1.1939332e-14
-1.1937571e-14
-1.1935306e-14
-1.1932566e-14
-1.1932846e-14
-1.1926298e-14
-1.1921468e-14
-1.1916348e-14
-1.1911532e-14
-1.1904875e-14
-1.1895709e-14
-1.1889684e-14
-1.1883281e-14
-1.1875908e-14
-1.1868523e-14
-1.1860292e-14
-1.1850847e-14
-1.1840887e-14
-1.183351e-14
-1.182371e-14
-1.1814932e-14
-1.180659e-14
-1.1796407e-14
-1.1786175e-14
-1.1778666e-14
-1.176924e-14
-1.1756919e-14
-1.1747687e-14
-1.1737693e-14
-1.1726368e-14
-1.1717711e-14
-1.1708772e-14
-1.169484e-14
-1.1682432e-14
-1.1666603e-14
-1.1644195e-14
-1.1600683e-14
-1.1488386e-14
-1.1177516e-14
-1.0390414e-14
-8.592482e-15
-4.6951186e-15
4.1137844e-14
5.372236e-14
5.3406744e-14
5.0165278e-14
4.6566599e-14
4.2894712e-14
3.9200588e-14
3.5432864e-14
3.1559634e-14
2.7541267e-14
2.3366784e-14
1.9084391e-14
1.4835921e-14
1.089418e-14
7.3836577e-15
4.3978653e-15
2.0370138e-15
3.247984e-16
-8.1370052e-16
-1.5395422e-15
-1.9948632e-15
-2.2875591e-15
-2.4928727e-15
-2.657058e-15
-2.8037732e-15
-2.940226e-15
-3.0720847e-15
-3.1983789e-15
-3.3242116e-15
-3.4465385e-15
-3.5664454e-15
-3.6834092e-15
-3.7979207e-15
-3.9087448e-15
-4.0166756e-15
-4.1180105e-15
-4.2179599e-15
-4.3135916e-15
-4.4058455e-15
-4.4929703e-15
-4.5775239e-15
-4.6566259e-15
-4.7315208e-15
-4.8039399e-15
-4.8733043e-15
-4.9376056e-15
-4.9982056e-15
-5.0549646e-15
-5.1087004e-15
-5.1610176e-15
-5.2099462e-15
-5.2547527e-15
-5.2992681e-15
-5.3397091e-15
-5.3776246e-15
-5.4117533e-15
-5.4450738e-15
-5.4763407e-15
-5.5049512e-15
-5.5306353e-15
-5.5536083e-15
-5.5794727e-15
-5.6015064e-15
-5.6223527e-15
-5.6401396e-15
-5.6579766e-15
-5.6748559e-15
-5.6888309e-15
-5.70219e-15
-5.7157292e-15
-5.7258775e-15
-5.7346443e-15
-5.7440879e-15
-5.7520195e-15
-5.7600624e-15
-5.7682357e-15
-5.7758062e-15
-5.7814994e-15
-5.7861095e-15
-5.7912319e-15
-5.7952086e-15
-5.7992328e-15
-5.8020578e-15
-5.8040289e-15
-5.8063276e-15
-5.8068194e-15
-5.808135e-15
-5.8095806e-15
-5.809778e-15
-5.8112447e-15
-5.8114968e-15
-5.8105737e-15
-5.8101293e-15
-5.8101595e-15
-5.8085391e-15
-5.8081211e-15
-5.807426e-15
-5.8051616e-15
-5.805025e-15
-5.8012222e-15
-5.8000089e-15
-5.7986032e-15
-5.7956725e-15
-5.7913154e-15
-5.7886445e-15
-5.7835211e-15
-5.7788623e-15
-5.7746929e-15
-5.7697989e-15
-5.7645299e-15
-5.7569584e-15
-5.7495718e-15
-5.7388358e-15
-5.724324e-15
-5.6979109e-15
-5.6335154e-15
-5.4673134e-15
-5.0531978e-15
-4.1228543e-15
-2.1693554e-15
-5.4421174e-14
-6.418596e-14
-6.1682084e-14
-5.7320877e-14
-5.3242442e-14
-4.9282757e-14
-4.5409873e-14
-4.1537702e-14
-3.7629693e-14
-3.366804e-14
-2.9660002e-14
-2.5603994e-14
-2.1511285e-14
-1.7405419e-14
-1.3337945e-14
-9.3945486e-15
-5.6847125e-15
-2.3433959e-15
5.0313167e-16
2.7244902e-15
4.2845879e-15
5.1646051e-15
5.6348352e-15
5.8951209e-15
6.0479124e-15
6.1496006e-15
6.2247999e-15
6.2901568e-15
6.3475165e-15
6.4009828e-15
6.4539831e-15
6.5053562e-15
6.5573366e-15
6.6084687e-15
6.6582058e-15
6.7075049e-15
6.7549792e-15
6.801564e-15
6.8468975e-15
6.8895407e-15
6.932028e-15
6.9719637e-15
7.0117121e-15
7.0477395e-15
7.0829583e-15
7.1167429e-15
7.1496314e-15
7.1802933e-15
7.2104636e-15
7.2385154e-15
7.2648161e-15
7.2890401e-15
7.3135095e-15
7.3357926e-15
7.3583046e-15
7.3798615e-15
7.3987823e-15
7.4173972e-15
7.434724e-15
7.4512402e-15
7.4653698e-15
7.4802773e-15
7.4949917e-15
7.506156e-15
7.5175945e-15
7.5285444e-15
7.5393607e-15
7.5489826e-15
7.5592259e-15
7.5675189e-15
7.5750216e-15
7.5821674e-15
7.5892859e-15
7.5953409e-15
7.6001743e-15
7.6048868e-15
7.6099016e-15
7.6127394e-15
7.6166945e-15
7.6191712e-15
7.6216609e-15
7.6232452e-15
7.6261546e-15
7.6259769e-15
7.6282768e-15
7.6293977e-15
7.6292404e-15
7.6291231e-15
7.6280498e-15
7.6277325e-15
7.62601e-15
7.6237056e-15
7.621974e-15
7.6196052e-15
7.6173515e-15
7.6151531e-15
7.6112221e-15
7.6061393e-15
7.6013435e-15
7.5969241e-15
7.5912949e-15
7.5830237e-15
7.5762077e-15
7.5687409e-15
7.5590877e-15
7.5494405e-15
7.5387759e-15
7.5269687e-15
7.5138538e-15
7.4998999e-15
7.482867e-15
7.4625103e-15
7.4381038e-15
7.4073959e-15
7.3613075e-15
7.2693815e-15
7.0492226e-15
6.5204712e-15
5.3472719e-15
2.8627019e-15
4.1887289e-14
4.4296704e-14
4.1061273e-14
3.7540985e-14
3.4696292e-14
3.2137803e-14
2.9763573e-14
2.7495316e-14
2.5303771e-14
2.3169183e-14
2.1093282e-14
1.9072188e-14
1.7109974e-14
1.5208072e-14
1.3371425e-14
1.1604531e-14
9.9082398e-15
8.290322e-15
6.7542383e-15
5.3055841e-15
3.9521489e-15
2.7054072e-15
1.5971098e-15
6.3254731e-16
-1.9922449e-16
-9.1032264e-16
-1.5169808e-15
-2.0352127e-15
-2.4810868e-15
-2.8633525e-15
-3.1926634e-15
-3.4752821e-15
-3.7189779e-15
-3.928228e-15
-4.1100765e-15
-4.2663113e-15
-4.4005539e-15
-4.5173875e-15
-4.6168326e-15
-4.7028742e-15
-4.7760276e-15
-4.8396581e-15
-4.895972e-15
-4.9426394e-15
-4.9841742e-15
-5.0185012e-15
-5.0488477e-15
-5.0749093e-15
-5.0970626e-15
-5.1168864e-15
-5.1341418e-15
-5.1482615e-15
-5.1604748e-15
-5.1712765e-15
-5.1805794e-15
-5.188289e-15
-5.1961172e-15
-5.2019387e-15
-5.2069738e-15
-5.2126843e-15
-5.2154931e-15
-5.2195173e-15
-5.2220707e-15
-5.2244797e-15
-5.2273075e-15
-5.229502e-15
-5.2310543e-15
-5.2330952e-15
-5.2348804e-15
-5.2366751e-15
-5.237214e-15
-5.238369e-15
-5.2389733e-15
-5.2401041e-15
-5.2403276e-15
-5.2431584e-15
-5.2438105e-15
-5.2436817e-15
-5.244349e-15
-5.2447162e-15
-5.2465338e-15
-5.2485174e-15
-5.2492478e-15
-5.2495232e-15
-5.2497824e-15
-5.249465e-15
-5.2502226e-15
-5.2525233e-15
-5.2534571e-15
-5.2544836e-15
-5.2541825e-15
-5.2534439e-15
-5.2541537e-15
-5.2552492e-15
-5.2568787e-15
-5.2583649e-15
-5.258928e-15
-5.2595976e-15
-5.2617187e-15
-5.2634652e-15
-5.2648219e-15
-5.2670397e-15
-5.270214e-15
-5.271477e-15
-5.2722697e-15
-5.2739863e-15
-5.2770147e-15
-5.2807084e-15
-5.2827524e-15
-5.2845168e-15
-5.2826522e-15
-5.2811602e-15
-5.2763779e-15
-5.2641559e-15
-5.2362507e-15
-5.1648414e-15
-4.9768131e-15
-4.5367689e-15
-3.6096994e-15
-1.7737052e-15
-3.9529581e-14
-3.6041888e-14
-2.9626748e-14
-2.4546326e-14
-2.0825931e-14
-1.7892588e-14
-1.5473352e-14
-1.3415562e-14
-1.1629689e-14
-1.0053136e-14
-8.6484166e-15
-7.3850662e-15
-6.2423267e-15
-5.2038325e-15
-4.2573665e-15
-3.3940815e-15
-2.6048239e-15
-1.884568e-15
-1.2272165e-15
-6.2915896e-16
-8.5329763e-17
4.0755986e-16
8.520457e-16
1.2506999e-15
1.6068167e-15
1.9245653e-15
2.2074721e-15
2.4584014e-15
2.6809859e-15
2.8786802e-15
3.0543235e-15
3.2096994e-15
3.3469304e-15
3.4690271e-15
3.5778393e-15
3.6749452e-15
3.7597335e-15
3.835897e-15
3.9034049e-15
3.9641147e-15
4.0175923e-15
4.0657755e-15
4.1096312e-15
4.1479303e-15
4.1829639e-15
4.21449e-15
4.2425787e-15
4.2680321e-15
4.2912465e-15
4.312299e-15
4.3309131e-15
4.3481215e-15
4.3641068e-15
4.3793204e-15
4.3928387e-15
4.4053563e-15
4.4168564e-15
4.4273617e-15
4.437326e-15
4.4466976e-15
4.454722e-15
4.4615086e-15
4.4699954e-15
4.4769637e-15
4.4838293e-15
4.4909631e-15
4.4973798e-15
4.5034139e-15
4.5094314e-15
4.5152447e-15
4.5201936e-15
4.5255464e-15
4.5309336e-15
4.5366938e-15
4.5411649e-15
4.5457364e-15
4.551608e-15
4.5562736e-15
4.5621494e-15
4.5673363e-15
4.5734063e-15
4.578351e-15
4.5845677e-15
4.5893172e-15
4.5945935e-15
4.6006885e-15
4.6064445e-15
4.6134216e-15
4.6192181e-15
4.6259e-15
4.6326292e-15
4.6403955e-15
4.64783e-15
4.6556202e-15
4.663514e-15
4.6711571e-15
4.6801902e-15
4.6884641e-15
4.6969059e-15
4.7066206e-15
4.7144186e-15
4.7237217e-15
4.7329221e-15
4.7434139e-15
4.7512959e-15
4.760089e-15
4.7687137e-15
4.774916e-15
4.7793494e-15
4.7829146e-15
4.7811047e-15
4.7742649e-15
4.7597571e-15
4.7275855e-15
4.6649342e-15
4.5423198e-15
4.2972585e-15
3.8009115e-15
2.8550944e-15
1.2176961e-15
)
;
    }
    axis
    {
        type            empty;
    }
}


// ************************************************************************* //
