/*--------------------------------*- C++ -*----------------------------------*\
  =========                 |
  \\      /  F ield         | OpenFOAM: The Open Source CFD Toolbox
   \\    /   O peration     | Website:  https://openfoam.org
    \\  /    A nd           | Version:  13
     \\/     M anipulation  |
\*---------------------------------------------------------------------------*/
FoamFile
{
    format      ascii;
    class       surfaceScalarField;
    location    "90";
    object      phi;
}
// * * * * * * * * * * * * * * * * * * * * * * * * * * * * * * * * * * * * * //

dimensions      [1 0 -1 0 0 0 0];

internalField   nonuniform List<scalar> 
9440
(
-4.0411156e-10
9.0497322e-11
-1.0962209e-09
-2.0637556e-10
-2.1457278e-09
-4.4747327e-10
-3.5596459e-09
-6.9513098e-10
-5.3872231e-09
-8.8130307e-10
-7.6465777e-09
-1.0736268e-09
-1.0694364e-08
-9.036611e-10
-1.4593057e-08
-6.6233219e-10
-1.8499447e-08
-1.302014e-09
-2.3032526e-08
-1.2927148e-09
-2.7940041e-08
-1.5156647e-09
-3.1923627e-08
-3.0482141e-09
-3.6058327e-08
-3.5119218e-09
-4.0482004e-08
-3.8281401e-09
-4.4096471e-08
-5.1432688e-09
-4.632836e-08
-6.8184978e-09
-4.6067204e-08
-8.9250093e-09
-4.0327654e-08
-1.2750366e-08
-2.2212807e-08
-2.1727903e-08
1.6319538e-08
-3.8102521e-08
8.7740502e-08
-6.955128e-08
1.6926686e-07
-8.8881344e-08
2.41965e-07
-9.2126178e-08
2.8044779e-07
-7.1779153e-08
7.1473793e-08
1.6979486e-07
-3.0733861e-07
3.7215341e-07
-5.1416872e-07
2.2420173e-07
-6.0437127e-07
9.2459655e-08
-6.45491e-07
3.3467607e-08
-6.586667e-07
3.7969942e-09
-6.562831e-07
-1.0340936e-08
-6.3748714e-07
-2.1538077e-08
-5.9834423e-07
-3.5183406e-08
-5.3455259e-07
-5.3230877e-08
-4.2099654e-07
-9.5640467e-08
-2.6341765e-07
-1.3631405e-07
3.8283916e-08
-2.6728022e-07
5.5366868e-07
-4.8062112e-07
1.230368e-06
-6.747458e-07
1.2457937e-06
-3.8926744e-10
1.335407e-10
-1.3963279e-09
-1.6561775e-10
-3.0118247e-09
-4.3128375e-10
-5.2412627e-09
-7.1921052e-10
-8.1523353e-09
-8.6722696e-10
-1.1874375e-08
-9.2069316e-10
-1.6477014e-08
-5.418108e-10
-2.1926156e-08
-1.0251774e-10
-2.8312007e-08
-5.0397263e-10
-3.5426122e-08
-4.103525e-10
-4.3089801e-08
-6.9739303e-10
-5.1504088e-08
-2.238261e-09
-6.0498993e-08
-2.791595e-09
-6.9851576e-08
-3.366949e-09
-7.9048345e-08
-5.4668863e-09
-8.6765631e-08
-8.7889518e-09
-9.0465035e-08
-1.4247127e-08
-8.4665543e-08
-2.5491307e-08
-6.2209512e-08
-4.7623434e-08
-2.1104997e-08
-8.0409983e-08
3.3217015e-08
-1.2598268e-07
7.4371193e-08
-1.4291488e-07
8.2191278e-08
-1.2658393e-07
-7.3463551e-08
4.3220647e-08
-3.3595654e-07
3.9601475e-07
-5.7286426e-07
6.0785941e-07
-7.1023445e-07
3.7655365e-07
-8.0228064e-07
1.8093395e-07
-8.5189351e-07
7.1595551e-08
-8.582229e-07
-1.4618753e-09
-8.3642708e-07
-4.0421459e-08
-7.8687428e-07
-7.3885253e-08
-7.05928e-07
-1.1227242e-07
-5.9484898e-07
-1.5467779e-07
-4.3260205e-07
-2.4205777e-07
-2.3672467e-07
-3.1425003e-07
7.4533537e-08
-5.4927018e-07
3.5533303e-07
-7.3995667e-07
6.6013627e-07
-9.8690363e-07
1.8974733e-06
-4.1702609e-10
2.2345667e-10
-1.4789313e-09
-1.3802029e-11
-3.2179189e-09
-1.9138258e-10
-5.6879747e-09
-3.5818109e-10
-8.9332394e-09
-3.3720416e-10
-1.305545e-08
-1.4909411e-10
-1.8059203e-08
4.7448008e-10
-2.3946317e-08
1.1830104e-09
-3.092312e-08
1.2130546e-09
-3.8807788e-08
1.6182069e-09
-4.7535851e-08
1.6098115e-09
-5.7438453e-08
5.6993295e-10
-6.825897e-08
3.6168497e-10
-7.9612384e-08
-1.6645243e-10
-9.105524e-08
-2.6000244e-09
-1.0116468e-07
-7.4012782e-09
-1.0658346e-07
-1.6704659e-08
-1.0218617e-07
-3.5370946e-08
-8.4725052e-08
-6.7866453e-08
-5.7831607e-08
-1.0978937e-07
-4.0003916e-08
-1.5072156e-07
-5.6662395e-08
-1.4588792e-07
-1.815872e-07
-3.8549495e-08
-3.9418732e-07
2.0861424e-07
-5.6946273e-07
5.4275565e-07
-6.4332192e-07
6.8625989e-07
-7.1236701e-07
4.5701337e-07
-7.7152334e-07
2.3394835e-07
-7.9657895e-07
8.4759102e-08
-7.8468055e-07
-2.4947866e-08
-7.4864769e-07
-8.3082276e-08
-6.8768992e-07
-1.3632221e-07
-5.9917844e-07
-1.9673229e-07
-4.8558256e-07
-2.5981003e-07
-3.3121739e-07
-3.8324079e-07
-1.5974715e-07
-4.7162709e-07
6.9582047e-08
-7.5802637e-07
2.0951e-07
-8.687991e-07
3.3346266e-07
-1.1248447e-06
2.1954721e-06
-3.153148e-10
2.6792146e-10
-1.4029707e-09
3.1995209e-10
-3.1964801e-09
3.6480181e-10
-5.7361435e-09
4.415841e-10
-9.06563e-09
7.4732419e-10
-1.3255518e-08
1.2634253e-09
-1.8283339e-08
2.1902428e-09
-2.4166974e-08
3.2333558e-09
-3.1167881e-08
3.8259624e-09
-3.9140526e-08
4.7010768e-09
-4.812998e-08
5.2337118e-09
-5.8493283e-08
5.0145232e-09
-6.9848544e-08
5.3372165e-09
-8.1782027e-08
5.0363549e-09
-9.3863444e-08
2.5648947e-09
-1.0461664e-07
-3.3218343e-09
-1.1143363e-07
-1.5804954e-08
-1.1044853e-07
-4.0153834e-08
-1.034885e-07
-7.7045795e-08
-1.0302421e-07
-1.1452924e-07
-1.3509287e-07
-1.3073209e-07
-2.311328e-07
-7.6914698e-08
-3.9224764e-07
8.1298351e-08
-5.6058436e-07
3.3562579e-07
-6.4319595e-07
6.0564625e-07
-6.3459513e-07
6.86186e-07
-6.4397461e-07
4.7537208e-07
-6.6289738e-07
2.4686708e-07
-6.6540443e-07
7.7525734e-08
-6.5210949e-07
-4.5788683e-08
-6.140396e-07
-1.2495978e-07
-5.5423496e-07
-1.9586326e-07
-4.7216692e-07
-2.7442582e-07
-3.7063827e-07
-3.5390917e-07
-2.4396644e-07
-4.992436e-07
-1.0840298e-07
-5.9631889e-07
4.3988347e-08
-8.9842315e-07
1.5013034e-07
-9.6985348e-07
1.9693904e-07
-1.1880977e-06
2.3332002e-06
-2.875842e-10
3.5739493e-10
-1.34782e-09
8.2385873e-10
-3.1340359e-09
1.2397339e-09
-5.6760143e-09
1.7022904e-09
-8.9970937e-09
2.4097689e-09
-1.314694e-08
3.3534942e-09
-1.8109793e-08
4.6863164e-09
-2.3929833e-08
6.1749025e-09
-3.083163e-08
7.416915e-09
-3.8758578e-08
8.9217527e-09
-4.7815689e-08
1.0208769e-08
-5.8250453e-08
1.0944634e-08
-6.9713865e-08
1.1954996e-08
-8.1841962e-08
1.2099455e-08
-9.4129006e-08
9.7933552e-09
-1.0544588e-07
3.368616e-09
-1.1467851e-07
-1.0250856e-08
-1.2201107e-07
-3.5259906e-08
-1.3404955e-07
-6.7347542e-08
-1.6189336e-07
-9.2915172e-08
-2.2883519e-07
-8.0237098e-08
-3.4809839e-07
1.2085256e-08
-4.9854327e-07
1.9174975e-07
-6.2100493e-07
4.2715834e-07
-6.4709205e-07
6.2046152e-07
-5.948037e-07
6.4377401e-07
-5.7505966e-07
4.6299361e-07
-5.6534339e-07
2.327578e-07
-5.4919494e-07
5.4916815e-08
-5.277752e-07
-7.1295245e-08
-4.8753309e-07
-1.6637993e-07
-4.3216829e-07
-2.4948208e-07
-3.6339585e-07
-3.3875122e-07
-2.8043007e-07
-4.3046462e-07
-1.8990306e-07
-5.8197949e-07
-7.9045988e-08
-6.991642e-07
2.6130772e-08
-9.9543261e-07
1.1486891e-07
-1.0560911e-06
1.2764877e-07
-1.218347e-06
2.3795556e-06
-3.1901105e-10
5.4812942e-10
-1.3422533e-09
1.4845594e-09
-3.0764614e-09
2.3804092e-09
-5.560983e-09
3.3510424e-09
-8.8109553e-09
4.5714807e-09
-1.2868878e-08
6.0502931e-09
-1.7739198e-08
7.9135501e-09
-2.3478902e-08
9.9957343e-09
-3.028112e-08
1.2005089e-08
-3.815303e-08
1.4306599e-08
-4.7218115e-08
1.6518627e-08
-5.7690055e-08
1.8361364e-08
-6.9348054e-08
2.0315974e-08
-8.200179e-08
2.1312909e-08
-9.5383738e-08
1.9833586e-08
-1.0891446e-07
1.4072598e-08
-1.2245733e-07
1.3767126e-09
-1.3924091e-07
-1.9974593e-08
-1.6489296e-07
-4.4383058e-08
-2.1050776e-07
-5.5320533e-08
-2.9633574e-07
-1.3053471e-08
-4.1817687e-07
1.0356321e-07
-5.4557047e-07
2.851968e-07
-6.2899403e-07
4.8911115e-07
-6.2661758e-07
6.1365947e-07
-5.6542589e-07
5.9284288e-07
-5.1534525e-07
4.1942414e-07
-4.8912658e-07
2.0428568e-07
-4.6592527e-07
2.8420599e-08
-4.3372756e-07
-1.0470105e-07
-3.8971543e-07
-2.0946622e-07
-3.3690721e-07
-2.9944936e-07
-2.7841536e-07
-3.9264913e-07
-2.0811147e-07
-4.9516809e-07
-1.3657917e-07
-6.471472e-07
-5.1266208e-08
-7.779028e-07
2.0995678e-08
-1.0613877e-06
9.1889849e-08
-1.1256843e-06
8.0262654e-08
-1.2242718e-06
2.3598298e-06
-3.3568586e-10
8.1779723e-10
-1.3324256e-09
2.2944919e-09
-3.0150028e-09
3.7568043e-09
-5.4309254e-09
5.3338478e-09
-8.5981575e-09
7.1711251e-09
-1.2558945e-08
9.2943445e-09
-1.7331118e-08
1.181034e-08
-2.2982974e-08
1.4607873e-08
-2.9692766e-08
1.7496577e-08
-3.7508791e-08
2.0732781e-08
-4.6578843e-08
2.4024737e-08
-5.7124142e-08
2.7146076e-08
-6.9070741e-08
3.0339545e-08
-8.2429688e-08
3.2660961e-08
-9.7228926e-08
3.2736835e-08
-1.1348995e-07
2.8880665e-08
-1.3172836e-07
1.8936949e-08
-1.5523466e-07
2.8366617e-09
-1.9123672e-07
-1.1232853e-08
-2.5244418e-07
-3.0782823e-09
-3.4408791e-07
5.9671847e-08
-4.5542857e-07
1.8763336e-07
-5.5767056e-07
3.6100014e-07
-6.0898753e-07
5.2575712e-07
-5.9141842e-07
5.9671296e-07
-5.3077106e-07
5.4228014e-07
-4.7589655e-07
3.7049018e-07
-4.3829899e-07
1.663586e-07
-4.0328741e-07
-7.4039473e-09
-3.6120564e-07
-1.4593391e-07
-3.1352064e-07
-2.5475885e-07
-2.5982161e-07
-3.4932477e-07
-2.0572538e-07
-4.4204608e-07
-1.4584105e-07
-5.4986389e-07
-8.8294051e-08
-6.9909556e-07
-2.3466739e-08
-8.3694984e-07
2.3340139e-08
-1.1028123e-06
7.3790469e-08
-1.1753966e-06
5.3037822e-08
-1.2206557e-06
2.3022002e-06
-3.3709491e-10
1.1385877e-09
-1.3095539e-09
3.2240035e-09
-2.9465785e-09
5.324616e-09
-5.2958561e-09
7.582009e-09
-8.3801845e-09
1.0115577e-08
-1.2243155e-08
1.2967207e-08
-1.6916211e-08
1.6233633e-08
-2.2478688e-08
1.9853199e-08
-2.9095188e-08
2.3715943e-08
-3.6851856e-08
2.8009873e-08
-4.5921601e-08
3.2524279e-08
-5.654286e-08
3.7087239e-08
-6.8784662e-08
4.180538e-08
-8.2846673e-08
4.5900606e-08
-9.9047615e-08
4.8222809e-08
-1.1790944e-07
4.737266e-08
-1.4069221e-07
4.187183e-08
-1.7112327e-07
3.3088252e-08
-2.1500998e-07
2.9719617e-08
-2.8183153e-07
5.4302468e-08
-3.7071892e-07
1.3063905e-07
-4.6807705e-07
2.6147968e-07
-5.4654623e-07
4.1989597e-07
-5.7551738e-07
5.4558979e-07
-5.5058132e-07
5.7549126e-07
-4.9404287e-07
4.9530516e-07
-4.4002319e-07
3.2203082e-07
-3.9631218e-07
1.2376237e-07
-3.5277673e-07
-4.999268e-08
-3.0478549e-07
-1.9174638e-07
-2.5008746e-07
-3.0604442e-07
-1.9459094e-07
-4.0046318e-07
-1.4196503e-07
-4.8988782e-07
-9.0713834e-08
-5.9614051e-07
-4.4194951e-08
-7.404387e-07
2.5520337e-09
-8.7836078e-07
2.9393527e-08
-1.1247238e-06
6.1027864e-08
-1.2065622e-06
2.235871e-08
-1.1986828e-06
2.2113199e-06
-3.3391869e-10
1.4935884e-09
-1.2799663e-09
4.2363827e-09
-2.8708374e-09
7.0267988e-09
-5.1527067e-09
1.0015969e-08
-8.1526004e-09
1.3302687e-08
-1.1916069e-08
1.6944188e-08
-1.6486122e-08
2.1034894e-08
-2.1951048e-08
2.5559021e-08
-2.8465689e-08
3.0470082e-08
-3.6146848e-08
3.5921957e-08
-4.5190584e-08
4.1779299e-08
-5.5856006e-08
4.7926286e-08
-6.8333107e-08
5.4418706e-08
-8.2973446e-08
6.0667572e-08
-1.003224e-07
6.5795503e-08
-1.2123438e-07
6.8763433e-08
-1.4727305e-07
6.8673189e-08
-1.8177486e-07
6.7779013e-08
-2.3023629e-07
7.5437542e-08
-2.9765827e-07
1.1285673e-07
-3.802346e-07
1.9723812e-07
-4.6318515e-07
3.2500015e-07
-5.2178693e-07
4.6437604e-07
-5.3656803e-07
5.5540821e-07
-5.0920235e-07
5.5358112e-07
-4.5821963e-07
4.5320715e-07
-4.0756706e-07
2.7662536e-07
-3.6163948e-07
7.993613e-08
-3.1322747e-07
-9.6265626e-08
-2.5992969e-07
-2.4206905e-07
-2.0001315e-07
-3.6201191e-07
-1.4157709e-07
-4.5423673e-07
-8.922555e-08
-5.3739046e-07
-4.3477601e-08
-6.3702191e-07
-4.2102563e-09
-7.747573e-07
3.0258183e-08
-9.0770161e-07
3.8978744e-08
-1.128744e-06
5.4557891e-08
-1.2218118e-06
5.3821809e-09
-1.1660688e-06
2.1094158e-06
-3.2630769e-10
1.8672822e-09
-1.2430306e-09
5.2967762e-09
-2.7844903e-09
8.8078371e-09
-4.9945995e-09
1.2558668e-08
-7.903853e-09
1.6633377e-08
-1.1559725e-08
2.1103997e-08
-1.6014181e-08
2.6068814e-08
-2.1362296e-08
3.1554954e-08
-2.7752476e-08
3.7566932e-08
-3.5323778e-08
4.4249837e-08
-4.4291553e-08
5.1541505e-08
-5.49333e-08
5.9383855e-08
-6.7530234e-08
6.7845772e-08
-8.2543101e-08
7.6537345e-08
-1.0066817e-07
8.487383e-08
-1.2292381e-07
9.2166204e-08
-1.5096719e-07
9.7995137e-08
-1.8763854e-07
1.0501687e-07
-2.3751208e-07
1.2299875e-07
-3.0241933e-07
1.6993196e-07
-3.7681611e-07
2.5795914e-07
-4.4621322e-07
3.7877879e-07
-4.8961675e-07
4.9789179e-07
-4.9602691e-07
5.5988335e-07
-4.6926378e-07
5.3313935e-07
-4.2452284e-07
4.1664798e-07
-3.786667e-07
2.3574832e-07
-3.3356956e-07
3.7559182e-08
-2.8486303e-07
-1.4222461e-07
-2.2693566e-07
-2.9658146e-07
-1.6375366e-07
-4.209588e-07
-1.0251105e-07
-5.106409e-07
-4.9185148e-08
-5.858239e-07
-6.1167956e-09
-6.7527571e-07
2.6720702e-08
-8.0275698e-07
5.3094076e-08
-9.2901652e-07
5.1285124e-08
-1.1223527e-06
5.370215e-08
-1.223978e-06
3.8434565e-09
-1.1330918e-06
2.018419e-06
-3.1247013e-10
2.246065e-09
-1.1972147e-09
6.381349e-09
-2.6866534e-09
1.0629658e-08
-4.8200691e-09
1.5154458e-08
-7.6310053e-09
2.003311e-08
-1.1168538e-08
2.5351516e-08
-1.5491481e-08
3.12168e-08
-2.0698704e-08
3.7695412e-08
-2.6933474e-08
4.4834294e-08
-3.4349297e-08
5.2787809e-08
-4.3175217e-08
6.1568525e-08
-5.3701947e-08
7.1184513e-08
-6.6273616e-08
8.1753078e-08
-8.142214e-08
9.3085508e-08
-9.9915771e-08
1.0487415e-07
-1.2280705e-07
1.1672935e-07
-1.5173743e-07
1.2865157e-07
-1.8906276e-07
1.433311e-07
-2.3798919e-07
1.7023898e-07
-2.9848549e-07
2.2387472e-07
-3.6411172e-07
3.1223799e-07
-4.2159508e-07
4.2405355e-07
-4.5407291e-07
5.2354567e-07
-4.5595682e-07
5.6198379e-07
-4.3160632e-07
5.1545029e-07
-3.9336521e-07
3.8594021e-07
-3.5307153e-07
2.0019957e-07
-3.1086821e-07
-1.5754262e-09
-2.6290922e-07
-1.8710586e-07
-2.0398807e-07
-3.5186987e-07
-1.3957622e-07
-4.8097882e-07
-7.6650361e-08
-5.6863043e-07
-2.1840908e-08
-6.3571722e-07
2.1646079e-08
-7.1396739e-07
5.054267e-08
-8.2685057e-07
7.0913409e-08
-9.4445859e-07
6.4231452e-08
-1.1111383e-06
5.6807302e-08
-1.2163459e-06
1.0271149e-08
-1.1035989e-06
1.9458913e-06
-2.9362606e-10
2.6171285e-09
-1.1419387e-09
7.4624375e-09
-2.5731801e-09
1.2448528e-08
-4.6207377e-09
1.7743132e-08
-7.320042e-09
2.3425079e-08
-1.072161e-08
2.9594427e-08
-1.4889506e-08
3.6371241e-08
-1.9923231e-08
4.3856865e-08
-2.5963025e-08
5.2137772e-08
-3.3170359e-08
6.1388744e-08
-4.1777086e-08
7.1689111e-08
-5.2081999e-08
8.3104214e-08
-6.4460572e-08
9.5837045e-08
-7.9473379e-08
1.0989306e-07
-9.788943e-08
1.2520158e-07
-1.2076341e-07
1.4166723e-07
-1.4957888e-07
1.5957234e-07
-1.8626014e-07
1.8145001e-07
-2.3264894e-07
2.1568554e-07
-2.8769142e-07
2.7373556e-07
-3.4473474e-07
3.6014351e-07
-3.9212593e-07
4.6210572e-07
-4.1710584e-07
5.4389419e-07
-4.1687123e-07
5.634566e-07
-3.9592826e-07
5.0120797e-07
-3.6416358e-07
3.6115179e-07
-3.2973111e-07
1.7031194e-07
-2.9165469e-07
-3.6326506e-08
-2.4561442e-07
-2.2990766e-07
-1.8797297e-07
-4.0579189e-07
-1.241618e-07
-5.4030926e-07
-6.1111454e-08
-6.2670167e-07
-5.1276708e-09
-6.8664091e-07
3.8792481e-08
-7.5303456e-07
6.6271033e-08
-8.4954456e-07
8.2840454e-08
-9.5616143e-07
7.496798e-08
-1.0988372e-06
6.1456042e-08
-1.2026463e-06
1.79967e-08
-1.0770407e-06
1.8890001e-06
-2.730134e-10
2.973391e-09
-1.08032e-09
8.5197294e-09
-2.4456396e-09
1.4230327e-08
-4.396972e-09
2.0276727e-08
-6.9700565e-09
2.6745189e-08
-1.0215882e-08
3.3750525e-08
-1.4200927e-08
4.1427915e-08
-1.9022607e-08
4.9909286e-08
-2.4816783e-08
5.9318839e-08
-3.174737e-08
6.9858897e-08
-4.0042662e-08
8.1671607e-08
-5.000259e-08
9.4889731e-08
-6.2008516e-08
1.0979898e-07
-7.660637e-08
1.2657812e-07
-9.4552678e-08
1.4538968e-07
-1.168504e-07
1.6639985e-07
-1.4476238e-07
1.899814e-07
-1.7976775e-07
2.1834174e-07
-2.2255621e-07
2.5832227e-07
-2.7169528e-07
3.1905872e-07
-3.2077638e-07
4.0208047e-07
-3.5985638e-07
4.9413224e-07
-3.7968048e-07
5.6078216e-07
-3.7886515e-07
5.6527875e-07
-3.6175348e-07
4.9066211e-07
-3.3620904e-07
3.4210117e-07
-3.0750678e-07
1.4601167e-07
-2.7399724e-07
-6.6425668e-08
-2.3083679e-07
-2.6977116e-07
-1.758135e-07
-4.5708404e-07
-1.1417087e-07
-5.97418e-07
-5.2728848e-08
-6.8299866e-07
2.9565591e-09
-7.3710208e-07
4.6911577e-08
-7.9197124e-07
7.4508726e-08
-8.7225102e-07
8.9320667e-08
-9.66064e-07
8.2552273e-08
-1.0876457e-06
6.6007619e-08
-1.1859477e-06
2.4891272e-08
-1.0526928e-06
1.8435808e-06
-2.5247652e-10
3.3121275e-09
-1.01426e-09
9.54041e-09
-2.3052478e-09
1.5952722e-08
-4.149307e-09
2.2724333e-08
-6.5812932e-09
2.9952332e-08
-9.6511999e-09
3.7766416e-08
-1.3425176e-08
4.6317707e-08
-1.7996674e-08
5.5765223e-08
-2.3494427e-08
6.6268044e-08
-3.0078461e-08
7.8059185e-08
-3.7967405e-08
9.1338104e-08
-4.7448027e-08
1.0630485e-07
-5.8888644e-08
1.233272e-07
-7.280536e-08
1.4273827e-07
-8.9903916e-08
1.6490893e-07
-1.1110035e-07
1.9024026e-07
-1.3748027e-07
2.1917461e-07
-1.7002112e-07
2.5322045e-07
-2.0860316e-07
2.9753403e-07
-2.5172867e-07
3.5966864e-07
-2.9361513e-07
4.3855223e-07
-3.2588634e-07
5.2121281e-07
-3.4204383e-07
5.7527545e-07
-3.415209e-07
5.6793683e-07
-3.2828271e-07
4.8375884e-07
-3.0850613e-07
3.2841105e-07
-2.8530756e-07
1.2709439e-07
-2.5655298e-07
-9.173656e-08
-2.1657042e-07
-3.0645903e-07
-1.6507122e-07
-5.0488042e-07
-1.0680434e-07
-6.5112158e-07
-4.8361523e-08
-7.361667e-07
5.4244458e-09
-7.8549066e-07
4.8675057e-08
-8.2999597e-07
7.6829824e-08
-8.9533411e-07
9.1225307e-08
-9.7542669e-07
8.6484058e-08
-1.0784222e-06
6.9491996e-08
-1.1687892e-06
3.0541972e-08
-1.0304166e-06
1.8062413e-06
-2.3248645e-10
3.6323679e-09
-9.4471745e-10
1.0515957e-08
-2.1535876e-09
1.7600399e-08
-3.8799356e-09
2.5064782e-08
-6.1568038e-09
3.301832e-08
-9.0317606e-09
4.1605101e-08
-1.2568373e-08
5.0992129e-08
-1.6854309e-08
6.1362407e-08
-2.2008721e-08
7.2906252e-08
-2.8182545e-08
8.5887176e-08
-3.5578554e-08
1.0055709e-07
-4.4460588e-08
1.1717722e-07
-5.5168591e-08
1.3619184e-07
-6.8168873e-08
1.5806518e-07
-8.4086173e-08
1.8334226e-07
-1.0371638e-07
2.1262481e-07
-1.2796585e-07
2.4641841e-07
-1.5748215e-07
2.8554255e-07
-1.9167874e-07
3.3308614e-07
-2.2887312e-07
3.9555023e-07
-2.6430832e-07
4.7011372e-07
-2.9094631e-07
5.441366e-07
-3.0432941e-07
5.8793031e-07
-3.0445548e-07
5.7152174e-07
-2.9482416e-07
4.8018306e-07
-2.801776e-07
3.1951137e-07
-2.6200876e-07
1.1311733e-07
-2.3755253e-07
-1.1272591e-07
-2.0140258e-07
-3.3934266e-07
-1.5401487e-07
-5.4860427e-07
-9.9984203e-08
-7.0055172e-07
-4.5496601e-08
-7.8526292e-07
5.4190986e-09
-8.3083894e-07
4.7084597e-08
-8.6621742e-07
7.5232441e-08
-9.1819494e-07
8.9804935e-08
-9.8479438e-07
8.7343053e-08
-1.0713754e-06
7.1603195e-08
-1.1528448e-06
3.4927491e-08
-1.0103442e-06
1.774533e-06
-2.1284653e-10
3.9336324e-09
-8.7188063e-10
1.1440268e-08
-1.9916338e-09
1.9162246e-08
-3.5905799e-09
2.7282522e-08
-5.6991295e-09
3.5922202e-08
-8.3612459e-09
4.5238855e-08
-1.1636053e-08
5.5414568e-08
-1.5603653e-08
6.6653254e-08
-2.0371662e-08
7.9172508e-08
-2.6077172e-08
9.3264571e-08
-3.290221e-08
1.0922823e-07
-4.1080809e-08
1.2737555e-07
-5.0912701e-08
1.4821706e-07
-6.2799179e-08
1.7232266e-07
-7.7264134e-08
2.0037373e-07
-9.4960886e-08
2.3312616e-07
-1.1660959e-07
2.7114377e-07
-1.4270098e-07
3.1471789e-07
-1.7256504e-07
3.6496113e-07
-2.0397428e-07
4.2673792e-07
-2.3357619e-07
4.9720545e-07
-2.5543065e-07
5.6346689e-07
-2.6650696e-07
5.9896186e-07
-2.6726386e-07
5.758358e-07
-2.6075075e-07
4.7942632e-07
-2.5049414e-07
3.1472346e-07
-2.3679958e-07
1.0355549e-07
-2.1631486e-07
-1.2973317e-07
-1.8434184e-07
-3.6807536e-07
-1.414649e-07
-5.8784615e-07
-9.2280831e-08
-7.4507742e-07
-4.2337427e-08
-8.2969693e-07
4.9012405e-09
-8.7234994e-07
4.415661e-08
-8.9982063e-07
7.1628466e-08
-9.4016202e-07
8.641857e-08
-9.9418898e-07
8.6201423e-08
-1.0664471e-06
7.2461553e-08
-1.1388503e-06
3.8177368e-08
-9.9261414e-07
1.7467533e-06
-1.930998e-10
4.2153469e-09
-7.9545811e-10
1.2308484e-08
-1.8196232e-09
2.0629476e-08
-3.2818958e-09
2.9364981e-08
-5.2093481e-09
3.8646841e-08
-7.6414035e-09
4.8644916e-08
-1.0631159e-08
5.9554914e-08
-1.4249555e-08
7.159854e-08
-1.8590971e-08
8.5016954e-08
-2.377453e-08
1.0012957e-07
-2.995844e-08
1.1727047e-07
-3.734156e-08
1.367932e-07
-4.6175289e-08
1.5926195e-07
-5.6786943e-08
1.8532661e-07
-6.9590632e-08
2.1576841e-07
-8.5083953e-08
2.5144553e-07
-1.0378419e-07
2.929498e-07
-1.2610897e-07
3.4026383e-07
-1.5162867e-07
3.9315332e-07
-1.7762701e-07
4.5347121e-07
-2.0186985e-07
5.2014405e-07
-2.1951544e-07
5.7957086e-07
-2.2845735e-07
6.0836122e-07
-2.2956659e-07
5.8048206e-07
-2.2553048e-07
4.8084167e-07
-2.1887851e-07
3.133116e-07
-2.0905985e-07
9.7840206e-08
-1.9237093e-07
-1.4293415e-07
-1.6467129e-07
-3.9255326e-07
-1.2663399e-07
-6.2225788e-07
-8.2760871e-08
-7.8421126e-07
-3.7721462e-08
-8.6910239e-07
5.2211062e-09
-9.0941539e-07
4.1431105e-08
-9.3019363e-07
6.7571294e-08
-9.6059991e-07
8.2293276e-08
-1.0033313e-06
8.3968963e-08
-1.0632813e-06
7.237461e-08
-1.1269465e-06
4.0495539e-08
-9.7724821e-07
1.7217558e-06
-1.7296764e-10
4.4772842e-09
-7.1588024e-10
1.3118307e-08
-1.6393366e-09
2.1997767e-08
-2.9573882e-09
3.1305759e-08
-4.6932648e-09
4.1183292e-08
-6.881105e-09
5.181111e-08
-9.5666129e-09
6.3396457e-08
-1.2810162e-08
7.6175696e-08
-1.6691189e-08
9.0408948e-08
-2.1309611e-08
1.0643525e-07
-2.6795998e-08
1.2462058e-07
-3.3310933e-08
1.453484e-07
-4.1052634e-08
1.6922135e-07
-5.0270066e-08
1.9694401e-07
-6.1261874e-08
2.2936042e-07
-7.4368466e-08
2.6740114e-07
-8.9958614e-08
3.116961e-07
-1.0832346e-07
3.6199582e-07
-1.2931829e-07
4.172565e-07
-1.5051969e-07
4.7635983e-07
-1.6971093e-07
5.3910103e-07
-1.8350205e-07
5.9265596e-07
-1.9029837e-07
6.1599467e-07
-1.9131635e-07
5.8494515e-07
-1.8902908e-07
4.8370477e-07
-1.8518643e-07
3.1451802e-07
-1.7856145e-07
9.5319402e-08
-1.6545553e-07
-1.5253912e-07
-1.4205042e-07
-4.1274521e-07
-1.0914384e-07
-6.5152218e-07
-7.0933299e-08
-8.175772e-07
-3.100581e-08
-9.0326157e-07
7.2201628e-09
-9.4161805e-07
3.9976947e-08
-9.5695394e-07
6.4243495e-08
-9.7899508e-07
7.8551829e-08
-1.0118952e-06
8.1487048e-08
-1.0612518e-06
7.1783871e-08
-1.1168789e-06
4.211974e-08
-9.6405929e-07
1.6987551e-06
-1.5226979e-10
4.7186034e-09
-6.3313083e-10
1.3866315e-08
-1.4512219e-09
2.3261107e-08
-2.6180628e-09
3.3095965e-08
-4.1526686e-09
4.3519401e-08
-6.0832726e-09
5.4721382e-08
-8.4472141e-09
6.6918262e-08
-1.129337e-08
8.0357961e-08
-1.4685406e-08
9.5315407e-08
-1.8701804e-08
1.1214435e-07
-2.3444328e-08
1.3123415e-07
-2.9033266e-08
1.5298703e-07
-3.5611269e-08
1.7802887e-07
-4.3347532e-08
2.0709443e-07
-5.2430842e-08
2.4105959e-07
-6.3063986e-08
2.8089873e-07
-7.5474768e-08
3.2729294e-07
-8.9873599e-08
3.7988246e-07
-1.0619161e-07
4.3688495e-07
-1.2309703e-07
4.9575066e-07
-1.3738336e-07
5.540275e-07
-1.4753685e-07
6.0283666e-07
-1.5208145e-07
6.2167986e-07
-1.5247333e-07
5.8865056e-07
-1.5114034e-07
4.8722129e-07
-1.4931617e-07
3.175441e-07
-1.4525531e-07
9.5264082e-08
-1.3537244e-07
-1.5892563e-07
-1.1622897e-07
-4.2867979e-07
-8.8759241e-08
-6.7530222e-07
-5.6509008e-08
-8.4485329e-07
-2.1862743e-08
-9.3201207e-07
1.1375239e-08
-9.6869109e-07
4.0410422e-08
-9.7985858e-07
6.2363668e-08
-9.949401e-07
7.5784708e-08
-1.0194353e-06
7.9346484e-08
-1.059742e-06
7.1054945e-08
-1.1081704e-06
4.3234683e-08
-9.5268877e-07
1.6772211e-06
-1.3112076e-10
4.9386328e-09
-5.4781038e-10
1.4549733e-08
-1.2567949e-09
2.4414655e-08
-2.2668488e-09
3.472845e-08
-3.5924626e-09
4.5645366e-08
-5.2554781e-09
5.7362738e-08
-7.284221e-09
7.0103429e-08
-9.715442e-09
8.4123816e-08
-1.2596438e-08
9.9709427e-08
-1.5983349e-08
1.1722291e-07
-1.9948568e-08
1.3707e-07
-2.4571902e-08
1.5966061e-07
-2.9941652e-08
1.8562997e-07
-3.6151729e-08
2.157215e-07
-4.3290032e-08
2.5081546e-07
-5.143204e-08
2.919008e-07
-6.0666555e-08
3.3971001e-07
-7.1134937e-08
3.9389635e-07
-8.2878016e-08
4.5224574e-07
-9.5249505e-08
5.1115798e-07
-1.0534676e-07
5.6593255e-07
-1.118877e-07
6.1007571e-07
-1.1403691e-07
6.2523225e-07
-1.1323098e-07
5.9101353e-07
-1.1194313e-07
4.904867e-07
-1.1122593e-07
3.2148648e-07
-1.0928144e-07
9.7264028e-08
-1.0230173e-07
-1.6243614e-07
-8.7283027e-08
-4.4051289e-07
-6.5519601e-08
-6.932852e-07
-3.9426051e-08
-8.6581617e-07
-1.0160045e-08
-9.5523472e-07
1.7902063e-08
-9.9046314e-07
4.3054097e-08
-9.9876481e-07
6.2346319e-08
-1.0081153e-06
7.440798e-08
-1.0255074e-06
7.7977738e-08
-1.0581524e-06
7.0519354e-08
-1.1002487e-06
4.4012554e-08
-9.4258161e-07
1.6567801e-06
-1.0956936e-10
5.1368645e-09
-4.6031302e-10
1.5166469e-08
-1.0571102e-09
2.5454795e-08
-1.9058382e-09
3.6197908e-08
-3.0162168e-09
4.7553921e-08
-4.4033773e-09
5.9725602e-08
-6.0862548e-09
7.2939649e-08
-8.0891613e-09
8.7457859e-08
-1.0442845e-08
1.0357225e-07
-1.3180907e-08
1.2164841e-07
-1.6346811e-08
1.4210208e-07
-1.9981003e-08
1.6534045e-07
-2.4120438e-08
1.9199603e-07
-2.87901e-08
2.2280283e-07
-3.3987484e-08
2.586221e-07
-3.9673899e-08
3.0043042e-07
-4.5806856e-08
3.4899909e-07
-5.2445105e-08
4.0408454e-07
-5.974977e-08
4.6334862e-07
-6.7456748e-08
5.2218394e-07
-7.3995566e-08
5.7496038e-07
-7.6775575e-08
6.1415685e-07
-7.6411373e-08
6.2651971e-07
-7.3916387e-08
5.9155172e-07
-7.1814678e-08
4.9265865e-07
-7.1220523e-08
3.2546278e-07
-7.0616776e-08
1.0057109e-07
-6.6051045e-08
-1.6355295e-07
-5.5209172e-08
-4.4818451e-07
-3.9567634e-08
-7.0507571e-07
-1.9686407e-08
-8.8042362e-07
3.9048183e-09
-9.7251037e-07
2.6824146e-08
-1.0068653e-06
4.7987805e-08
-1.0135782e-06
6.4331942e-08
-1.0182579e-06
7.4599529e-08
-1.0297041e-06
7.7593326e-08
-1.0559188e-06
7.0365619e-08
-1.0925173e-06
4.4594988e-08
-9.3316803e-07
1.6372016e-06
-8.7700809e-11
5.3129669e-09
-3.7130433e-10
1.5715286e-08
-8.5388281e-10
2.6379419e-08
-1.5382774e-09
3.7501212e-08
-2.4292907e-09
4.9240762e-08
-3.5352307e-09
6.1804364e-08
-4.8655025e-09
7.5419845e-08
-6.431979e-09
9.0351505e-08
-8.2491031e-09
1.0689399e-07
-1.0328261e-08
1.2540991e-07
-1.2685341e-08
1.4631965e-07
-1.5323421e-08
1.7001784e-07
-1.8232377e-08
1.9712446e-07
-2.1375656e-08
2.2834909e-07
-2.4671993e-08
2.6451502e-07
-2.7984751e-08
3.0656344e-07
-3.1151603e-08
3.5528205e-07
-3.4128134e-08
4.1057582e-07
-3.7137104e-08
4.702375e-07
-4.0328202e-08
5.2912553e-07
-4.2940132e-08
5.8052323e-07
-4.2754987e-08
6.1616977e-07
-3.9609591e-08
6.2523499e-07
-3.5045668e-08
5.8991352e-07
-3.1419889e-08
4.9305493e-07
-2.9984792e-08
3.282637e-07
-2.9728784e-08
1.0420907e-07
-2.6894562e-08
-1.6295125e-07
-2.0237995e-08
-4.5167848e-07
-1.0998897e-08
-7.1042816e-07
2.7097511e-09
-8.8871587e-07
1.9659584e-08
-9.8301745e-07
3.8078187e-08
-1.0186191e-06
5.5179691e-08
-1.0242373e-06
6.8327357e-08
-1.0251374e-06
7.6415744e-08
-1.0316614e-06
7.8306343e-08
-1.0525305e-06
7.0731158e-08
-1.0843998e-06
4.512546e-08
-9.2382996e-07
1.6183824e-06
-6.5573653e-11
5.4666665e-09
-2.8124508e-10
1.6195346e-08
-6.48274e-10
2.7187116e-08
-1.1663759e-09
3.8636288e-08
-1.835384e-09
5.0703094e-08
-2.6568667e-09
6.3595586e-08
-3.6307549e-09
7.7539977e-08
-4.7567294e-09
9.2800353e-08
-6.0335306e-09
1.0967045e-07
-7.4510819e-09
1.2850416e-07
-8.999654e-09
1.4972231e-07
-1.0647602e-08
1.7369782e-07
-1.2342766e-08
2.0103069e-07
-1.3995205e-08
2.323942e-07
-1.5456665e-08
2.6855844e-07
-1.6510808e-08
3.1041245e-07
-1.6892848e-08
3.5873354e-07
-1.6430277e-08
4.1356581e-07
-1.5325093e-08
4.7301645e-07
-1.4160521e-08
5.3196643e-07
-1.2789922e-08
5.8247784e-07
-9.9321785e-09
6.1605039e-07
-4.2340927e-09
6.2189961e-07
2.722123e-09
5.8584166e-07
8.7403093e-09
4.9090467e-07
1.1792756e-08
3.2918447e-07
1.2562094e-08
1.0720971e-07
1.4161958e-08
-1.612434e-07
1.6292625e-08
-4.506808e-07
1.907654e-08
-7.091847e-07
2.6161004e-08
-8.902153e-07
3.7986638e-08
-9.8819449e-07
5.1632722e-08
-1.0254922e-06
6.4502522e-08
-1.0305872e-06
7.4191896e-08
-1.0285084e-06
7.9751502e-08
-1.0310492e-06
8.0078374e-08
-1.0475424e-06
7.164624e-08
-1.0753906e-06
4.5688985e-08
-9.1409939e-07
1.600331e-06
-4.3347625e-11
5.5978958e-09
-1.9091294e-10
1.6606569e-08
-4.4208629e-10
2.7877736e-08
-7.934861e-10
3.9602942e-08
-1.2399889e-09
5.1940694e-08
-1.7766793e-09
6.5099267e-08
-2.3942787e-09
7.9300535e-08
-3.0806928e-09
9.4805791e-08
-3.8198273e-09
1.1190481e-07
-4.5814234e-09
1.3093736e-07
-5.3321598e-09
1.5232132e-07
-6.009141e-09
1.7640017e-07
-6.5230835e-09
2.0374791e-07
-6.7395522e-09
2.3499373e-07
-6.4534774e-09
2.7084077e-07
-5.3880955e-09
3.1211843e-07
-3.2058316e-09
3.5957535e-07
3.3449075e-10
4.134056e-07
5.1472003e-09
4.7204973e-07
1.056739e-08
5.3069841e-07
1.6047847e-08
5.8081333e-07
2.2231942e-08
6.1282416e-07
3.0438765e-08
6.1636203e-07
4.0215845e-08
5.7900338e-07
4.8758023e-08
4.8593567e-07
5.3691543e-08
3.2810653e-07
5.5456371e-08
1.090676e-07
5.5633971e-08
-1.5821782e-07
5.3671185e-08
-4.455472e-07
5.1455882e-08
-7.0280302e-07
5.2443244e-08
-8.8545072e-07
5.8792995e-08
-9.8782025e-07
6.7395797e-08
-1.0272267e-06
7.5802001e-08
-1.0324059e-06
8.1755651e-08
-1.0281046e-06
8.447884e-08
-1.0275729e-06
8.2858203e-08
-1.0405815e-06
7.3139914e-08
-1.065063e-06
4.6375096e-08
-9.0350239e-07
1.5831321e-06
-2.1125303e-11
5.7066694e-09
-1.0089346e-10
1.6949294e-08
-2.3662144e-10
2.8451741e-08
-4.2208342e-10
4.0402013e-08
-6.4720505e-10
5.2954784e-08
-9.0090155e-10
6.6317328e-08
-1.16541e-09
8.0704862e-08
-1.417127e-09
9.6372856e-08
-1.6258997e-09
1.1360456e-07
-1.7443558e-09
1.3272257e-07
-1.7148617e-09
1.5413457e-07
-1.4504018e-09
1.7815475e-07
-8.2560093e-10
2.0531903e-07
3.3859221e-10
2.3620367e-07
2.2611077e-09
2.7147446e-07
5.2872844e-09
3.1184343e-07
9.8242208e-09
3.5802408e-07
1.6247479e-08
4.1029556e-07
2.4535485e-08
4.6753063e-07
3.398643e-08
5.2543809e-07
4.3589473e-08
5.7532937e-07
5.337457e-08
6.0640282e-07
6.4097695e-08
6.0853231e-07
7.6012735e-08
5.7006882e-07
8.6881455e-08
4.7844494e-07
9.4134997e-08
3.2454253e-07
9.7281682e-08
1.0940921e-07
9.6545592e-08
-1.5435136e-07
9.1807263e-08
-4.3757067e-07
8.5132616e-08
-6.9183129e-07
8.1429093e-08
-8.7587391e-07
8.2016386e-08
-9.8155172e-07
8.5096725e-08
-1.0233526e-06
8.8729004e-08
-1.0293961e-06
9.0720113e-08
-1.0237106e-06
9.0359795e-08
-1.0209972e-06
8.6490884e-08
-1.0313561e-06
7.5149151e-08
-1.05308e-06
4.7214658e-08
-8.9165755e-07
1.5669336e-06
5.3036584e-13
5.7935706e-09
-1.1891784e-11
1.7224024e-08
-3.3188907e-11
2.8910231e-08
-5.4790315e-11
4.1035704e-08
-6.1624038e-11
5.3748626e-08
-3.4929237e-11
6.7252599e-08
4.7550129e-11
8.1759358e-08
2.2243669e-10
9.7510029e-08
5.3430095e-10
1.1477991e-07
1.0339402e-09
1.3388538e-07
1.8192809e-09
1.5518707e-07
2.9821024e-09
1.7900538e-07
4.6802615e-09
2.0581034e-07
7.1148441e-09
2.3613547e-07
1.0566418e-08
2.7056881e-07
1.5403032e-08
3.097413e-07
2.2084631e-08
3.5429521e-07
3.1061755e-08
4.0456742e-07
4.2473982e-08
4.5979578e-07
5.5695493e-08
5.1637298e-07
6.937799e-08
5.6594589e-07
8.2787969e-08
5.9677613e-07
9.6431057e-08
5.9798504e-07
1.1038631e-07
5.591171e-07
1.2323443e-07
4.6888252e-07
1.3267302e-07
3.1861052e-07
1.3725008e-07
1.0818623e-07
1.3609003e-07
-1.5011307e-07
1.2923164e-07
-4.2740263e-07
1.1928574e-07
-6.7746406e-07
1.1118669e-07
-8.617966e-07
1.0644807e-07
-9.6987539e-07
1.0422717e-07
-1.0141125e-06
1.0281018e-07
-1.0212965e-06
1.0073815e-07
-1.0152355e-06
9.7151827e-08
-1.0111876e-06
9.0823775e-08
-1.0196615e-06
7.761218e-08
-1.0391949e-06
4.8234384e-08
-8.7828395e-07
1.5519112e-06
2.219253e-11
5.8586174e-09
7.5559904e-11
1.7432388e-08
1.661869e-10
2.9255831e-08
3.0562145e-10
4.1506995e-08
5.1191842e-10
5.4327563e-08
8.101524e-10
6.7914123e-08
1.2295758e-09
8.2474239e-08
1.815799e-09
9.8232683e-08
2.6242157e-09
1.1545499e-07
3.7266627e-09
1.3444115e-07
5.2245563e-09
1.5552219e-07
7.2426484e-09
1.7899523e-07
9.9542853e-09
2.05282e-07
1.3588752e-08
2.348605e-07
1.84503e-08
2.6824471e-07
2.4933898e-08
3.0597878e-07
3.3531149e-08
3.4862413e-07
4.476377e-08
3.9652782e-07
5.8923244e-08
4.4921872e-07
7.5557015e-08
5.0381184e-07
9.3176986e-08
5.5269999e-07
1.1030771e-07
5.8372205e-07
1.2689844e-07
5.848161e-07
1.4312051e-07
5.4600161e-07
1.5792535e-07
4.5730882e-07
1.6919502e-07
3.1068203e-07
1.750759e-07
1.0552874e-07
1.7392399e-07
-1.4592471e-07
1.6571402e-07
-4.1581573e-07
1.5323784e-07
-6.6044901e-07
1.4110771e-07
-8.4359835e-07
1.3130855e-07
-9.5307987e-07
1.2386522e-07
-9.9960791e-07
1.17604e-07
-1.008328e-06
1.1145805e-07
-1.0026778e-06
1.0458525e-07
-9.9808998e-07
9.5675636e-08
-1.0053792e-06
8.0436776e-08
-1.0232537e-06
4.9430262e-08
-8.6319006e-07
1.5382453e-06
4.3182537e-11
5.9025116e-09
1.6077851e-10
1.7576035e-08
3.6010541e-10
2.9491911e-08
6.5580382e-10
4.1820858e-08
1.0695467e-09
5.4697533e-08
1.6305005e-09
6.8311032e-08
2.3763866e-09
8.286037e-08
3.3589291e-09
9.8556319e-08
4.6442824e-09
1.1564999e-07
6.3181248e-09
1.3442185e-07
8.4934464e-09
1.5517567e-07
1.1313335e-08
1.7817865e-07
1.4968352e-08
2.0380515e-07
1.970708e-08
2.3247483e-07
2.5852114e-08
2.6462843e-07
3.3816993e-08
3.0072344e-07
4.4112961e-08
3.4123315e-07
5.7310383e-08
3.8647704e-07
7.3834525e-08
4.3618815e-07
9.3454138e-08
4.8815643e-07
1.1474133e-07
5.3577584e-07
1.356773e-07
5.6705445e-07
1.5537463e-07
5.6881859e-07
1.7395705e-07
5.3066554e-07
1.9067321e-07
4.437712e-07
2.0357637e-07
3.0098161e-07
2.1065306e-07
1.0155222e-07
2.0980758e-07
-1.4207655e-07
2.0079007e-07
-4.0335901e-07
1.8629651e-07
-6.4130894e-07
1.7056808e-07
-8.217305e-07
1.5606661e-07
-9.3154969e-07
1.4360723e-07
-9.8007173e-07
1.3265786e-07
-9.9066524e-07
1.2250966e-07
-9.8611983e-07
1.1237055e-07
-9.817305e-07
1.0084256e-07
-9.8847616e-07
8.3507622e-08
-1.0051833e-06
5.0774044e-08
-8.4627072e-07
1.5261028e-06
6.3523427e-11
5.9259385e-09
2.4334231e-10
1.765708e-08
5.4806769e-10
2.9621969e-08
9.9483398e-10
4.1982797e-08
1.6084111e-09
5.4866596e-08
2.4224828e-09
6.8453552e-08
3.4806379e-09
8.2932787e-08
4.8417556e-09
9.8499789e-08
6.5804635e-09
1.1538993e-07
8.7927305e-09
1.3386235e-07
1.1603373e-08
1.5419198e-07
1.5168771e-08
1.7661421e-07
1.9692251e-08
2.0145623e-07
2.543696e-08
2.2907852e-07
3.2738367e-08
2.5984999e-07
4.2020603e-08
2.9414175e-07
5.3805063e-08
3.3233731e-07
6.8691553e-08
3.7470106e-07
8.7210155e-08
4.2108674e-07
1.0936035e-07
4.6985617e-07
1.339241e-07
5.1550474e-07
1.5859357e-07
5.4675465e-07
1.8165567e-07
5.4968055e-07
2.0275092e-07
5.1297137e-07
2.213611e-07
4.2832429e-07
2.3581159e-07
2.8962614e-07
2.4400966e-07
9.6346998e-08
2.4361552e-07
-1.3870051e-07
2.3410406e-07
-3.9034655e-07
2.1791588e-07
-6.203772e-07
1.9896737e-07
-7.9659128e-07
1.8014475e-07
-9.0569308e-07
1.6297123e-07
-9.5583228e-07
1.4756963e-07
-9.6856198e-07
1.3357777e-07
-9.6572866e-07
1.2027063e-07
-9.622108e-07
1.0616584e-07
-9.6899503e-07
8.6738278e-08
-9.8497848e-07
5.22452e-08
-8.2749308e-07
1.5156144e-06
8.3081357e-11
5.929629e-09
3.2268005e-10
1.767781e-08
7.286173e-10
2.9649917e-08
1.3201607e-09
4.1998694e-08
2.1247722e-09
5.484298e-08
3.18007e-09
6.8352812e-08
4.5346864e-09
8.2706304e-08
6.2532741e-09
9.8082928e-08
8.4178102e-09
1.1470073e-07
1.1132295e-08
1.3279684e-07
1.4531045e-08
1.5261591e-07
1.8780032e-08
1.7436174e-07
2.4091994e-08
1.9831492e-07
3.0739707e-08
2.2477584e-07
3.90662e-08
2.5404336e-07
4.9498886e-08
2.8640266e-07
6.2561114e-08
3.2214991e-07
7.8865407e-08
3.6147943e-07
9.9014221e-08
4.0429183e-07
1.232197e-07
4.4939128e-07
1.505623e-07
4.923475e-07
1.7869766e-07
5.230141e-07
2.0523257e-07
5.2723573e-07
2.2910152e-07
4.9266129e-07
2.4972551e-07
4.1089658e-07
2.6570692e-07
2.7667117e-07
2.749562e-07
9.0008719e-08
2.750327e-07
-1.3579742e-07
2.6515452e-07
-3.7690296e-07
2.47461e-07
-5.9785684e-07
2.2562169e-07
-7.6853499e-07
2.0288192e-07
-8.7594567e-07
1.8138353e-07
-9.2730866e-07
1.618627e-07
-9.4237162e-07
1.4428123e-07
-9.4176911e-07
1.2798806e-07
-9.3971793e-07
1.1142995e-07
-9.4706207e-07
8.9987002e-08
-9.6273035e-07
5.3780746e-08
-8.069e-07
1.5068693e-06
1.0177146e-10
5.9144986e-09
3.9847282e-10
1.7641044e-08
9.0102914e-10
2.9580591e-08
1.6304313e-09
4.1875809e-08
2.6164488e-09
5.4636767e-08
3.9000514e-09
6.8022303e-08
5.5340735e-09
8.2198668e-08
7.5878772e-09
9.7328809e-08
1.0149129e-08
1.1361246e-07
1.3328195e-08
1.3126407e-07
1.7266341e-08
1.5049738e-07
2.2136318e-08
1.7148473e-07
2.815674e-08
1.9446087e-07
3.5605409e-08
2.1966713e-07
4.4827896e-08
2.473349e-07
5.6250167e-08
2.7767045e-07
7.0389059e-08
3.1087719e-07
8.7856085e-08
3.4707208e-07
1.0929589e-07
3.8615678e-07
1.3509566e-07
4.2723675e-07
1.6466833e-07
4.6684161e-07
1.958441e-07
4.9619927e-07
2.2577246e-07
5.0150454e-07
2.5262729e-07
4.6951435e-07
2.7548734e-07
3.91302e-07
2.9306703e-07
2.6209507e-07
3.0331328e-07
8.2629384e-08
3.0379853e-07
-1.3327904e-07
2.9355381e-07
-3.6302052e-07
2.7445819e-07
-5.7386369e-07
2.500215e-07
-7.3787932e-07
2.2378827e-07
-8.4276045e-07
1.9842402e-07
-8.9498631e-07
1.7520064e-07
-9.1252785e-07
1.5436488e-07
-9.1458401e-07
1.3533792e-07
-9.1450622e-07
1.1651035e-07
-9.2286171e-07
9.3184284e-08
-9.3857182e-07
5.5353572e-08
-7.8458573e-07
1.4999023e-06
1.1947581e-10
5.8815346e-09
4.7026869e-10
1.7549799e-08
1.0642457e-09
2.9419196e-08
1.9237445e-09
4.1621921e-08
3.0804396e-09
5.4258707e-08
4.5779967e-09
6.7476406e-08
6.4725555e-09
8.1428798e-08
8.8372924e-09
9.6261791e-08
1.1763938e-08
1.1215657e-07
1.5367396e-08
1.293044e-07
1.9793542e-08
1.4788806e-07
2.5219246e-08
1.6804888e-07
3.1865666e-08
1.8997735e-07
4.0011642e-08
2.1385714e-07
5.0000567e-08
2.398552e-07
6.2250826e-08
2.6810367e-07
7.7267497e-08
2.9872231e-07
9.5648888e-08
3.3173544e-07
1.180547e-07
3.6701891e-07
1.4499962e-07
4.0385769e-07
1.7621874e-07
4.3957446e-07
2.0986578e-07
4.6683739e-07
2.4289028e-07
4.7273042e-07
2.7276897e-07
4.4347321e-07
2.9804159e-07
3.693904e-07
3.1731446e-07
2.4584986e-07
3.2852318e-07
7.4289087e-08
3.2932822e-07
-1.3102584e-07
3.1867719e-07
-3.486498e-07
2.982751e-07
-5.4850716e-07
2.7155368e-07
-7.0496281e-07
2.4230326e-07
-8.0664353e-07
2.1361346e-07
-8.5943142e-07
1.8719252e-07
-8.795524e-07
1.6352018e-07
-8.8459913e-07
1.4208255e-07
-8.8690192e-07
1.2123032e-07
-8.9664049e-07
9.6209808e-08
-9.1269162e-07
5.6899983e-08
-7.6069939e-07
1.4946957e-06
1.3613655e-10
5.8317939e-09
5.3783467e-10
1.74073e-08
1.2176945e-09
2.9171337e-08
2.1990736e-09
4.1245337e-08
3.5151787e-09
5.3720188e-08
5.2116665e-09
6.6730294e-08
7.3473183e-09
8.0416311e-08
9.997797e-09
9.4907268e-08
1.3257811e-08
1.103653e-07
1.7244924e-08
1.2695882e-07
2.2107472e-08
1.4483983e-07
2.8023971e-08
1.6411947e-07
3.5215226e-08
1.8494597e-07
4.3957348e-08
2.0744767e-07
5.4587433e-08
2.3173062e-07
6.7511374e-08
2.5785846e-07
8.3215697e-08
2.858722e-07
1.0227777e-07
3.1570791e-07
1.2534939e-07
3.4718508e-07
1.5302358e-07
3.7968676e-07
1.8531332e-07
4.1113356e-07
2.2077474e-07
4.3556452e-07
2.5640189e-07
4.4136404e-07
2.8912533e-07
4.146927e-07
3.1684802e-07
3.4514172e-07
3.3786449e-07
2.2793031e-07
3.5000458e-07
6.5068917e-08
3.5104961e-07
-1.2892497e-07
3.3997444e-07
-3.3376147e-07
3.1840445e-07
-5.2193782e-07
2.8976026e-07
-6.7017046e-07
2.5802931e-07
-7.6815682e-07
2.2662349e-07
-8.2127424e-07
1.9757854e-07
-8.4403137e-07
1.7154829e-07
-8.5229844e-07
1.4807416e-07
-8.5728055e-07
1.2548489e-07
-8.686867e-07
9.8995053e-08
-8.8531805e-07
5.8382693e-08
-7.3542626e-07
1.4911785e-06
1.5170482e-10
5.7663814e-09
6.0093507e-10
1.7216958e-08
1.3608146e-09
2.884294e-08
2.4554478e-09
4.0754772e-08
3.9191282e-09
5.3033158e-08
5.7990043e-09
6.5799648e-08
8.1555134e-09
7.9181611e-08
1.1065992e-08
9.3291177e-08
1.4626694e-08
1.0827156e-07
1.8956378e-08
1.2426867e-07
2.4203654e-08
1.4140465e-07
3.054652e-08
1.5976125e-07
3.8202834e-08
1.7944684e-07
4.7442629e-08
2.0053761e-07
5.8592709e-08
2.2308284e-07
7.2042039e-08
2.4708418e-07
8.8253343e-08
2.7250975e-07
1.0777547e-07
2.9921499e-07
1.3123526e-07
3.2694245e-07
1.5925829e-07
3.551205e-07
1.9207095e-07
3.8208279e-07
2.2864564e-07
4.0307637e-07
2.6621876e-07
4.0803127e-07
3.0137625e-07
3.8355712e-07
3.313874e-07
3.1872582e-07
3.5408666e-07
2.0843598e-07
3.6710123e-07
5.5073777e-08
3.6833438e-07
-1.2689304e-07
3.5688179e-07
-3.1839097e-07
3.343655e-07
-4.943876e-07
3.0423828e-07
-6.339615e-07
2.7063464e-07
-7.2792823e-07
2.3718558e-07
-7.8120284e-07
2.0614475e-07
-8.0660145e-07
1.7828102e-07
-8.1820961e-07
1.5318258e-07
-8.2605488e-07
1.291763e-07
-8.3932087e-07
1.0147058e-07
-8.5670817e-07
5.9759047e-08
-7.0898039e-07
1.4892312e-06
1.6611022e-10
5.686458e-09
6.5926486e-10
1.6982375e-08
1.492917e-09
2.8440243e-08
2.6916657e-09
4.0159352e-08
4.2905366e-09
5.2209985e-08
6.3374332e-09
6.4700817e-08
8.8938063e-09
7.7745668e-08
1.203763e-08
9.1440147e-08
1.5865501e-08
1.0590885e-07
2.0495867e-08
1.2127581e-07
2.6075961e-08
1.376344e-07
3.2780981e-08
1.5503841e-07
4.0823522e-08
1.7355879e-07
5.0464481e-08
1.9322345e-07
6.2016799e-08
2.1402963e-07
7.5848552e-08
2.3592393e-07
9.2394347e-08
2.5880844e-07
1.1216698e-07
2.8246299e-07
1.357571e-07
3.0655648e-07
1.637829e-07
3.3051482e-07
1.9661244e-07
3.5294484e-07
2.3359841e-07
3.7008556e-07
2.7234706e-07
3.7347671e-07
3.0931989e-07
3.5065929e-07
3.4123999e-07
2.9052159e-07
3.6541204e-07
1.8760521e-07
3.7919355e-07
4.4451251e-08
3.8059322e-07
-1.2488241e-07
3.6889004e-07
-3.026563e-07
3.4574744e-07
-4.6618562e-07
3.1466406e-07
-5.9687844e-07
2.7986429e-07
-6.8664886e-07
2.4509461e-07
-7.3994974e-07
2.1272248e-07
-7.6793236e-07
1.835785e-07
-7.828879e-07
1.5729265e-07
-7.9366249e-07
1.3221218e-07
-8.0888699e-07
1.0356642e-07
-8.2714183e-07
6.0984051e-08
-6.8159971e-07
1.4886937e-06
1.7936249e-10
5.593198e-09
7.1285334e-10
1.6707202e-08
1.6140904e-09
2.7969537e-08
2.9079583e-09
3.9468221e-08
4.6297827e-09
5.1263097e-08
6.8277132e-09
6.345002e-08
9.5634287e-09
7.612928e-08
1.2914742e-08
8.9380353e-08
1.6977565e-08
1.0330973e-07
2.186865e-08
1.1802061e-07
2.7732228e-08
1.3357888e-07
3.4738952e-08
1.5001189e-07
4.3094118e-08
1.6735597e-07
5.3046885e-08
1.8559515e-07
6.4893172e-08
2.0467992e-07
7.8977099e-08
2.2450875e-07
9.5701457e-08
2.4492529e-07
1.1553789e-07
2.6564199e-07
1.3903075e-07
2.8626247e-07
1.6676226e-07
3.0617507e-07
1.9917301e-07
3.2417286e-07
2.3592461e-07
3.3725125e-07
2.7504962e-07
3.3848879e-07
3.1308659e-07
3.167297e-07
3.4635964e-07
2.6107846e-07
3.7165649e-07
1.6580341e-07
3.8604236e-07
3.3393374e-08
3.8760948e-07
-1.2287477e-07
3.7584821e-07
-2.8674335e-07
3.52474e-07
-4.3773238e-07
3.210171e-07
-5.5951242e-07
2.8572683e-07
-6.4502977e-07
2.5036466e-07
-6.9824441e-07
2.173195e-07
-7.2868129e-07
1.8744046e-07
-7.4687668e-07
1.6039861e-07
-7.6053338e-07
1.3458492e-07
-7.7772522e-07
1.0527365e-07
-7.9689718e-07
6.2045858e-08
-6.5352385e-07
1.4893729e-06
1.913615e-10
5.4878421e-09
7.613323e-10
1.6395259e-08
1.7235527e-09
2.7437364e-08
3.1029439e-09
3.8690888e-08
4.9347473e-09
5.0205358e-08
7.2668283e-09
6.2064006e-08
1.0160418e-08
7.4353757e-08
1.3692381e-08
8.7138452e-08
1.7956868e-08
1.0050729e-07
2.3067778e-08
1.1454373e-07
2.9164987e-08
1.2928768e-07
3.6412886e-08
1.4474196e-07
4.5007585e-08
1.6091118e-07
5.5184216e-08
1.7774035e-07
6.7219006e-08
1.9513888e-07
8.1429575e-08
2.1296385e-07
9.8183937e-08
2.3100869e-07
1.1790871e-07
2.4892805e-07
1.4109237e-07
2.6626764e-07
1.6826553e-07
2.8237777e-07
1.9987767e-07
2.961607e-07
2.3581346e-07
3.0516759e-07
2.7452729e-07
3.0385226e-07
3.1279604e-07
2.8258302e-07
3.4672656e-07
2.3107823e-07
3.7267732e-07
1.4350536e-07
3.8744533e-07
2.2137114e-08
3.8919071e-07
-1.2087239e-07
3.7761586e-07
-2.7089609e-07
3.5446379e-07
-4.0948789e-07
3.2325784e-07
-5.2249321e-07
2.8819769e-07
-6.0379226e-07
2.5296356e-07
-6.5680474e-07
2.1988719e-07
-6.8948727e-07
1.8980501e-07
-7.1070654e-07
1.6243185e-07
-7.2709314e-07
1.3622751e-07
-7.4617869e-07
1.065317e-07
-7.6626081e-07
6.2901772e-08
-6.2500268e-07
1.4910531e-06
2.0215836e-10
5.3716128e-09
8.049428e-10
1.6050273e-08
1.8218851e-09
2.6850086e-08
3.2777147e-09
3.783658e-08
5.2072363e-09
4.9049211e-08
7.6575743e-09
6.0558892e-08
1.0688939e-08
7.2439463e-08
1.4376511e-08
8.4739793e-08
1.8811893e-08
9.7532665e-08
2.4105065e-08
1.1088314e-07
3.0390423e-08
1.2480672e-07
3.7824784e-08
1.392838e-07
4.6593441e-08
1.5429051e-07
5.6915748e-08
1.697378e-07
6.9046297e-08
1.8549985e-07
8.3274472e-08
2.0139896e-07
9.9931495e-08
2.171868e-07
1.1939629e-07
2.3247077e-07
1.4209665e-07
2.4675003e-07
1.6849824e-07
2.5934424e-07
1.9901545e-07
2.6921069e-07
2.3366823e-07
2.743166e-07
2.7128115e-07
2.7026183e-07
3.0897563e-07
2.4901365e-07
3.4282822e-07
2.0124025e-07
3.6890917e-07
1.2122913e-07
3.8380022e-07
1.0944349e-08
3.8573704e-07
-1.1888839e-07
3.7460757e-07
-2.5537646e-07
3.5213276e-07
-3.8191073e-07
3.2177683e-07
-4.8641807e-07
2.8761278e-07
-5.6359413e-07
2.5315486e-07
-6.1626842e-07
2.206174e-07
-6.5091193e-07
1.908055e-07
-6.7484577e-07
1.6348331e-07
-6.9372053e-07
1.3720019e-07
-7.1455899e-07
1.0737678e-07
-7.3549424e-07
6.3564657e-08
-5.9628034e-07
1.4935057e-06
2.1169917e-10
5.2457627e-09
8.4348962e-10
1.5676039e-08
1.90867e-09
2.6214169e-08
3.4315499e-09
3.6914662e-08
5.4461725e-09
4.7807242e-08
7.998528e-09
5.8950881e-08
1.1147261e-08
7.040676e-08
1.4965205e-08
8.220956e-08
1.9540673e-08
9.4416586e-08
2.4978864e-08
1.0707601e-07
3.1407697e-08
1.2018061e-07
3.8975274e-08
1.3369058e-07
4.7854673e-08
1.475571e-07
5.8248104e-08
1.6166197e-07
7.0387127e-08
1.7585003e-07
8.4531748e-08
1.8991515e-07
1.0097517e-07
2.0357584e-07
1.2004722e-07
2.1640312e-07
1.4211261e-07
2.2786259e-07
1.6756209e-07
2.3725331e-07
1.9675107e-07
2.435678e-07
2.2975254e-07
2.4508113e-07
2.6568814e-07
2.383043e-07
3.0207163e-07
2.1674597e-07
3.3512442e-07
1.7226775e-07
3.6080381e-07
9.949142e-08
3.7552798e-07
9.687238e-11
3.7769391e-07
-1.1697038e-07
3.6723577e-07
-2.4041963e-07
3.4586754e-07
-3.5543477e-07
3.1691202e-07
-4.5183324e-07
2.8423762e-07
-5.2501745e-07
2.5112199e-07
-5.7718872e-07
2.1961917e-07
-6.13442e-07
1.904946e-07
-6.3970706e-07
1.6357014e-07
-6.6076069e-07
1.3749752e-07
-6.8315663e-07
1.0779285e-07
-7.0484673e-07
6.4007168e-08
-5.6757745e-07
1.4964953e-06
2.200316e-10
5.1115102e-09
8.7716659e-10
1.5276252e-08
1.984363e-09
2.5535886e-08
3.5653013e-09
3.5934195e-08
5.6529956e-09
4.6491572e-08
8.2919691e-09
5.7255482e-08
1.1538821e-08
6.8275029e-08
1.5463497e-08
7.9571549e-08
2.0150357e-08
9.1187929e-08
2.5699184e-08
1.0315692e-07
3.2230644e-08
1.154504e-07
3.9883185e-08
1.280108e-07
4.8816621e-08
1.4076792e-07
5.9215123e-08
1.535792e-07
7.1286502e-08
1.6626585e-07
8.5260903e-08
1.7859943e-07
1.0139322e-07
1.902737e-07
1.1996396e-07
2.0083422e-07
1.4127435e-07
2.0972657e-07
1.6563749e-07
2.1624095e-07
1.9333488e-07
2.19404e-07
2.2443176e-07
2.1771897e-07
2.5826479e-07
2.084129e-07
2.9273912e-07
1.8637308e-07
3.2435901e-07
1.4477698e-07
3.4914123e-07
7.8767728e-08
3.6343298e-07
-1.0172018e-08
3.6585021e-07
-1.1515788e-07
3.562614e-07
-2.2623628e-07
3.3636028e-07
-3.3042417e-07
3.0925751e-07
-4.191832e-07
2.7854674e-07
-4.8852033e-07
2.4721812e-07
-5.3999418e-07
2.1714082e-07
-5.7745721e-07
1.8904007e-07
-6.0562076e-07
1.6280331e-07
-6.2850264e-07
1.3718934e-07
-6.5221951e-07
1.0781866e-07
-6.7453775e-07
6.4248226e-08
-5.3908956e-07
1.499778e-06
2.2718887e-10
4.9700404e-09
9.0608332e-10
1.4854525e-08
2.0492171e-09
2.4821365e-08
3.6794697e-09
3.4903994e-08
5.8285972e-09
4.5113929e-08
8.5393592e-09
5.5487635e-08
1.1865905e-08
6.6062825e-08
1.5874811e-08
7.6848407e-08
2.0645994e-08
8.7873929e-08
2.6273306e-08
9.91582e-08
3.2869554e-08
1.1065415e-07
4.0562804e-08
1.2228894e-07
4.9498873e-08
1.3397462e-07
5.984344e-08
1.4554877e-07
7.178041e-08
1.5681438e-07
8.5510153e-08
1.6752655e-07
1.0124979e-07
1.7736231e-07
1.1923146e-07
1.8585225e-07
1.3969474e-07
1.9243497e-07
1.6287609e-07
1.9640569e-07
1.8897543e-07
1.9683322e-07
2.180179e-07
1.9238922e-07
2.4947178e-07
1.8087387e-07
2.8160062e-07
1.5832988e-07
3.1127898e-07
1.1926156e-07
3.3471815e-07
5.9481385e-08
3.4840834e-07
-1.9700092e-08
3.5106229e-07
-1.1345773e-07
3.4249278e-07
-2.1299192e-07
3.2432927e-07
-3.0715288e-07
2.9941379e-07
-3.8879281e-07
2.710079e-07
-4.5442647e-07
2.4178407e-07
-5.0498563e-07
2.134179e-07
-5.4323197e-07
1.8659844e-07
-5.7283849e-07
1.6128244e-07
-5.971757e-07
1.3633521e-07
-6.2195324e-07
1.0748729e-07
-6.4475939e-07
6.4315807e-08
-5.1101187e-07
1.5031457e-06
2.331688e-10
4.822526e-09
9.3022476e-10
1.4414442e-08
2.1032141e-09
2.4076666e-08
3.7740712e-09
3.3832735e-08
5.9730964e-09
4.3685806e-08
8.7410213e-09
5.3661914e-08
1.2129193e-08
6.3788156e-08
1.6200442e-08
7.4061956e-08
2.1029831e-08
8.450063e-08
2.6704907e-08
9.51105e-08
3.3330143e-08
1.0582757e-07
4.1022691e-08
1.165663e-07
4.9913948e-08
1.2722453e-07
6.0151016e-08
1.3762412e-07
7.1894206e-08
1.4755485e-07
8.5314705e-08
1.5676097e-07
1.0059311e-07
1.6491009e-07
1.1791525e-07
1.715276e-07
1.3746236e-07
1.7605692e-07
1.5939848e-07
1.7781157e-07
1.8384213e-07
1.7590916e-07
2.10764e-07
1.6916769e-07
2.3969663e-07
1.5583396e-07
2.6921029e-07
1.3288493e-07
2.9658982e-07
9.6065683e-08
3.1835557e-07
4.1940058e-08
3.313286e-07
-2.8398731e-08
3.3417615e-07
-1.1184962e-07
3.2671387e-07
-2.0079148e-07
3.1045956e-07
-2.8579638e-07
2.879411e-07
-3.6086219e-07
2.6204816e-07
-4.2292713e-07
2.3512517e-07
-4.7234369e-07
2.0865787e-07
-5.1094448e-07
1.8330502e-07
-5.4154097e-07
1.5909003e-07
-5.6695483e-07
1.3498118e-07
-5.9253295e-07
1.0681453e-07
-6.1567371e-07
6.4194553e-08
-4.8350796e-07
1.506399e-06
2.3807654e-10
4.6700578e-09
9.5001227e-10
1.3959341e-08
2.1473283e-09
2.3307408e-08
3.8509016e-09
3.2728437e-08
6.0894183e-09
4.2217777e-08
8.901366e-09
5.1791663e-08
1.2335027e-08
6.14674e-08
1.6449215e-08
7.1231875e-08
2.1313866e-08
8.1091289e-08
2.7009988e-08
9.1040885e-08
3.3633428e-08
1.0100182e-07
4.1290124e-08
1.1087848e-07
5.0097001e-08
1.2055769e-07
6.01829e-08
1.2984943e-07
7.1685286e-08
1.3853484e-07
8.4747274e-08
1.4635253e-07
9.951489e-08
1.529672e-07
1.1613069e-07
1.5790773e-07
1.3472216e-07
1.6063275e-07
1.5538768e-07
1.6048547e-07
1.7817087e-07
1.5664046e-07
2.0298064e-07
1.4805392e-07
2.2938189e-07
1.3330871e-07
2.5618023e-07
1.1014193e-07
2.8107719e-07
7.536441e-08
3.0098363e-07
2.6310065e-08
3.1313276e-07
-3.6187978e-08
3.1613799e-07
-1.103198e-07
3.0980863e-07
-1.8967577e-07
2.9553307e-07
-2.6642594e-07
2.7549008e-07
-3.3545859e-07
2.5218169e-07
-3.9407655e-07
2.2763285e-07
-4.4212611e-07
2.0315217e-07
-4.8067263e-07
1.7937523e-07
-5.118354e-07
1.5638142e-07
-5.3796368e-07
1.3323649e-07
-5.6408245e-07
1.0586792e-07
-5.8740013e-07
6.3908094e-08
-4.5669805e-07
1.5093406e-06
2.4186233e-10
4.5137431e-09
9.6527856e-10
1.3492577e-08
2.1812084e-09
2.2519233e-08
3.9093715e-09
3.1599124e-08
6.1766975e-09
4.0720391e-08
9.0192423e-09
4.9890149e-08
1.2482016e-08
5.9116742e-08
1.6619615e-08
6.8377477e-08
2.1496649e-08
7.7668539e-08
2.7187414e-08
8.6975481e-08
3.3778946e-08
9.6206718e-08
4.1365854e-08
1.0525906e-07
5.0050785e-08
1.1401131e-07
5.9944884e-08
1.2226493e-07
7.1163773e-08
1.297966e-07
8.3823976e-08
1.3634406e-07
9.8039364e-08
1.4157463e-07
1.1391291e-07
1.4502809e-07
1.3152388e-07
1.4618684e-07
1.509134e-07
1.4443265e-07
1.7205976e-07
1.3900417e-07
1.948126e-07
1.2898835e-07
2.1875448e-07
1.132315e-07
2.428633e-07
9.0077095e-08
2.6523626e-07
5.7190028e-08
2.8322166e-07
1.2635251e-08
2.9445816e-07
-4.3003703e-08
2.9757838e-07
-1.0884755e-07
2.9235959e-07
-1.7963754e-07
2.8004457e-07
-2.4902606e-07
2.6245206e-07
-3.1254839e-07
2.4169897e-07
-3.67832e-07
2.1951107e-07
-4.1430843e-07
1.9703873e-07
-4.5243175e-07
1.7489447e-07
-4.8377309e-07
1.5320677e-07
-5.1028524e-07
1.3112367e-07
-5.3670057e-07
1.046565e-07
-5.600446e-07
6.3464718e-08
-4.3069459e-07
1.5118051e-06
2.4466481e-10
4.3545832e-09
9.7661203e-10
1.3017153e-08
2.2062088e-09
2.1717177e-08
3.9519386e-09
3.0451944e-08
6.2388738e-09
3.9203012e-08
9.1005104e-09
4.7969072e-08
1.2578473e-08
5.6750342e-08
1.6723036e-08
6.5515475e-08
2.1593392e-08
7.4251744e-08
2.725708e-08
8.293635e-08
3.3792302e-08
9.1467041e-08
4.1282475e-08
9.9735416e-08
4.9816468e-08
1.0761482e-07
5.9488565e-08
1.1490131e-07
7.0393838e-08
1.213708e-07
8.2624082e-08
1.2676428e-07
9.6263878e-08
1.3075631e-07
1.1138082e-07
1.3290364e-07
1.2801213e-07
1.3271909e-07
1.4615049e-07
1.2962917e-07
1.6571988e-07
1.2294197e-07
1.8652335e-07
1.1186688e-07
2.0814494e-07
9.5467803e-08
2.2971278e-07
7.2542491e-08
2.4965144e-07
4.1450848e-08
2.657374e-07
8.8232031e-10
2.7603693e-07
-4.8840042e-08
2.7923292e-07
-1.0741078e-07
2.7508213e-07
-1.7064427e-07
2.6460677e-07
-2.3347604e-07
2.4934015e-07
-2.9199726e-07
2.3101922e-07
-3.4405704e-07
2.1109565e-07
-3.8878302e-07
1.9058834e-07
-4.2617338e-07
1.7007381e-07
-4.5734465e-07
1.4972839e-07
-4.8395317e-07
1.2876446e-07
-5.1044375e-07
1.0326553e-07
-5.3367584e-07
6.2914009e-08
-4.05579e-07
1.5136555e-06
2.4647438e-10
4.193565e-09
9.8399517e-10
1.253601e-08
2.2222991e-09
2.0906169e-08
3.978568e-09
2.9293884e-08
6.2759379e-09
3.767476e-08
9.1452573e-09
4.6039777e-08
1.2624701e-08
5.4381829e-08
1.6760176e-08
6.2661837e-08
2.1605417e-08
7.0859243e-08
2.7221213e-08
7.8944197e-08
3.3677024e-08
8.6805767e-08
4.1045392e-08
9.4332477e-08
4.9402061e-08
1.0139447e-07
5.8825445e-08
1.0778514e-07
6.9391498e-08
1.1328285e-07
8.1169372e-08
1.1763543e-07
9.4217443e-08
1.2052819e-07
1.0857237e-07
1.2153959e-07
1.2423567e-07
1.2021763e-07
1.411606e-07
1.1603719e-07
1.5922915e-07
1.0837805e-07
1.7821016e-07
9.6563903e-08
1.9768551e-07
7.9846953e-08
2.1691354e-07
5.7340257e-08
2.3459711e-07
2.7961918e-08
2.4886326e-07
-9.0397291e-09
2.5824615e-07
-5.3733022e-08
2.6147867e-07
-1.0598446e-07
2.5830603e-07
-1.6261578e-07
2.4951691e-07
-2.1962258e-07
2.363945e-07
-2.7361645e-07
2.2032947e-07
-3.2256607e-07
2.0253394e-07
-3.6540703e-07
1.8390783e-07
-4.0180737e-07
1.6499197e-07
-4.3252328e-07
1.4599786e-07
-4.5897681e-07
1.2618843e-07
-4.8534788e-07
1.0170611e-07
-5.0834395e-07
6.2255328e-08
-3.8141556e-07
1.514774e-06
2.4740992e-10
4.0315754e-09
9.8790497e-10
1.2051784e-08
2.2305561e-09
2.0090635e-08
3.9912003e-09
2.8131197e-08
6.2909973e-09
3.6143757e-08
9.1581135e-09
4.4112292e-08
1.2627276e-08
5.2023133e-08
1.6740036e-08
5.9830378e-08
2.1544707e-08
6.7506708e-08
2.7095423e-08
7.5016452e-08
3.3453136e-08
8.2241851e-08
4.0680007e-08
8.9070228e-08
4.8839475e-08
9.5370449e-08
5.7995202e-08
1.0093568e-07
6.8205604e-08
1.0554956e-07
7.9519459e-08
1.0896954e-07
9.1972147e-08
1.1089433e-07
1.0557387e-07
1.1092757e-07
1.2029677e-07
1.0865533e-07
1.3606324e-07
1.036023e-07
1.5272456e-07
9.5219626e-08
1.7002661e-07
8.2937103e-08
1.8755965e-07
6.6163069e-08
2.0467406e-07
4.4247472e-08
2.2031836e-07
1.6508778e-08
2.3294576e-07
-1.7315324e-08
2.4145309e-07
-5.7734093e-08
2.4468402e-07
-1.0454e-07
2.4237273e-07
-1.5544167e-07
2.3509344e-07
-2.0728741e-07
2.2389171e-07
-2.5717551e-07
2.098678e-07
-3.0313537e-07
1.9403642e-07
-3.4400965e-07
1.7717079e-07
-3.7920883e-07
1.5979367e-07
-4.0924505e-07
1.4213047e-07
-4.353344e-07
1.2348304e-07
-4.614199e-07
1.0003909e-07
-4.8407188e-07
6.1521185e-08
-3.5824232e-07
1.5150649e-06
2.4749101e-10
3.8694624e-09
9.8839852e-10
1.1567019e-08
2.231096e-09
1.9274842e-08
3.9900543e-09
2.69699e-08
6.2844437e-09
3.4617782e-08
9.1397487e-09
4.2196154e-08
1.2587286e-08
4.9685516e-08
1.6664302e-08
5.7034034e-08
2.1413755e-08
6.420868e-08
2.688329e-08
7.1169094e-08
3.3125684e-08
7.7792381e-08
4.0193321e-08
8.3966263e-08
4.8138221e-08
8.9559967e-08
5.7010475e-08
9.4368598e-08
6.685261e-08
9.8183362e-08
7.7695365e-08
1.0077351e-07
8.9554314e-08
1.018529e-07
1.0241755e-07
1.0105265e-07
1.162338e-07
9.7998197e-08
1.3090252e-07
9.2263589e-08
1.4625427e-07
8.3368937e-08
1.6202387e-07
7.0840245e-08
1.7781851e-07
5.4213914e-08
1.9305493e-07
3.3030677e-08
2.0687599e-07
6.8755579e-09
2.18098e-07
-2.4184821e-08
2.2577939e-07
-6.0900632e-08
2.2897323e-07
-1.0304935e-07
2.2739825e-07
-1.4900203e-07
2.2144468e-07
-1.9628539e-07
2.119246e-07
-2.4243073e-07
1.9973021e-07
-2.8555019e-07
1.8567796e-07
-3.2439993e-07
1.7044498e-07
-3.5824696e-07
1.5453295e-07
-3.87436e-07
1.3816585e-07
-4.1299136e-07
1.2067347e-07
-4.3865341e-07
9.8277493e-08
-4.6087028e-07
6.0716678e-08
-3.36085e-07
1.5144536e-06
2.4683462e-10
3.7079712e-09
9.8591234e-10
1.1083979e-08
2.224892e-09
1.8462593e-08
3.9768822e-09
2.5815328e-08
6.2590865e-09
3.310368e-08
9.0943452e-09
4.0299682e-08
1.2510642e-08
4.7378692e-08
1.6541008e-08
5.4283823e-08
2.1223174e-08
6.0977356e-08
2.6598547e-08
6.7415252e-08
3.2712157e-08
7.3470981e-08
3.9607305e-08
7.9034008e-08
4.7325534e-08
8.3975317e-08
5.5904601e-08
8.8093801e-08
6.537284e-08
9.1190098e-08
7.5745298e-08
9.304675e-08
8.7020818e-08
9.3393812e-08
9.9169463e-08
9.1891173e-08
1.1212204e-07
8.8203547e-08
1.2576193e-07
8.195242e-08
1.3990763e-07
7.2722859e-08
1.5429249e-07
6.012627e-08
1.6854443e-07
4.380481e-08
1.8215082e-07
2.3439848e-08
1.9436833e-07
-1.1563651e-09
2.0437219e-07
-2.9836344e-08
2.1133036e-07
-6.3341216e-08
2.1446284e-07
-1.014949e-07
2.1349624e-07
-1.4317232e-07
2.086816e-07
-1.8643095e-07
2.0062875e-07
-2.2916494e-07
1.9003716e-07
-2.6957678e-07
1.7757468e-07
-3.0638557e-07
1.6384489e-07
-3.3879359e-07
1.4930934e-07
-3.6700642e-07
1.341874e-07
-3.9189606e-07
1.1782558e-07
-4.1702361e-07
9.6469073e-08
-4.3873124e-07
5.9869279e-08
-3.1495057e-07
1.5128855e-06
2.4553083e-10
3.547761e-09
9.807708e-10
1.0604709e-08
2.2126657e-09
1.7657316e-08
3.9529885e-09
2.4672265e-08
6.2170251e-09
3.1607542e-08
9.0250355e-09
3.843021e-08
1.2401773e-08
4.5111133e-08
1.6376177e-08
5.158924e-08
2.0980927e-08
5.782307e-08
2.6251507e-08
6.3765779e-08
3.2225703e-08
6.9288534e-08
3.8938458e-08
7.4283644e-08
4.6421791e-08
7.8625021e-08
5.4702381e-08
8.2116901e-08
6.3796065e-08
8.4570774e-08
7.3704472e-08
8.5783391e-08
8.441259e-08
8.5501437e-08
9.5876172e-08
8.3414032e-08
1.0801293e-07
7.9223944e-08
1.2069608e-07
7.2597185e-08
1.3373898e-07
6.317868e-08
1.4688061e-07
5.0654367e-08
1.5977411e-07
3.47525e-08
1.7197231e-07
1.5254747e-08
1.8281045e-07
-7.8094104e-09
1.9176566e-07
-3.4439132e-08
1.9809214e-07
-6.5148571e-08
2.011561e-07
-9.9870597e-08
2.0069037e-07
-1.3784534e-07
1.9683915e-07
-1.7754461e-07
1.9004154e-07
-2.1716019e-07
1.8084312e-07
-2.5500064e-07
1.6979681e-07
-2.8979003e-07
1.5743934e-07
-3.2071548e-07
1.4418736e-07
-3.4786215e-07
1.3025057e-07
-3.7198758e-07
1.1498333e-07
-3.9649393e-07
9.4644887e-08
-4.1763366e-07
5.899597e-08
-2.9483193e-07
1.5103218e-06
2.4356408e-10
3.3894787e-09
9.7291211e-10
1.0131214e-08
2.1942838e-09
1.6862367e-08
3.9181573e-09
2.3545379e-08
6.1579634e-09
3.0135286e-08
8.9314622e-09
3.6594824e-08
1.2260289e-08
4.2890984e-08
1.6169433e-08
4.8959339e-08
2.0686743e-08
5.4755569e-08
2.5842138e-08
6.0230764e-08
3.1666682e-08
6.5254937e-08
3.8187683e-08
6.9724158e-08
4.5428575e-08
7.351622e-08
5.3406202e-08
7.6441947e-08
6.212556e-08
7.8324689e-08
7.1577011e-08
7.8975828e-08
8.1734319e-08
7.8158642e-08
9.2542255e-08
7.5591237e-08
1.0390964e-07
7.1012348e-08
1.1570434e-07
6.4128939e-08
1.2774009e-07
5.4640106e-08
1.3976665e-07
4.2295795e-08
1.5146451e-07
2.6893709e-08
1.6243507e-07
8.2945985e-09
1.7213186e-07
-1.3324262e-08
1.8017383e-07
-3.8129423e-08
1.8595219e-07
-6.6407984e-08
1.8893914e-07
-9.8169599e-08
1.8887777e-07
-1.3292459e-07
1.8582974e-07
-1.6946505e-07
1.8010091e-07
-2.0622801e-07
1.7211e-07
-2.416344e-07
1.6232991e-07
-2.7446556e-07
1.5122193e-07
-3.0389017e-07
1.3916424e-07
-3.2991475e-07
1.2635203e-07
-3.532065e-07
1.121407e-07
-3.7702677e-07
9.2797217e-08
-3.9755477e-07
5.8091624e-08
-2.7571871e-07
1.5067405e-06
2.4108746e-10
3.2336505e-09
9.6295988e-10
9.6651272e-09
2.1711716e-09
1.6080465e-08
3.8749568e-09
2.2438423e-08
6.0859772e-09
2.8691614e-08
8.8195948e-09
3.4799072e-08
1.2094462e-08
4.0724504e-08
1.5931807e-08
4.6400903e-08
2.0354919e-08
5.178189e-08
2.5388561e-08
5.6817083e-08
3.1057618e-08
6.1376366e-08
3.7382488e-08
6.5360301e-08
4.4378948e-08
6.865131e-08
5.2055236e-08
7.1067753e-08
6.0407093e-08
7.2445485e-08
6.9415611e-08
7.2610541e-08
7.9045669e-08
7.1342397e-08
8.9233936e-08
6.8387372e-08
9.9883821e-08
6.3517472e-08
1.1086169e-07
5.6476708e-08
1.2198562e-07
4.7012463e-08
1.3301968e-07
3.4928735e-08
1.4367289e-07
2.0078357e-08
1.5358337e-07
2.3929625e-09
1.6233631e-07
-1.7897193e-08
1.6960065e-07
-4.1043305e-08
1.7490516e-07
-6.7193286e-08
1.778108e-07
-9.6387068e-08
1.7807071e-07
-1.2832555e-07
1.7568643e-07
-1.6205054e-07
1.7085803e-07
-1.9619722e-07
1.6391926e-07
-2.29324e-07
1.5526116e-07
-2.6026566e-07
1.4528363e-07
-2.8819708e-07
1.3432802e-07
-3.1307079e-07
1.2257222e-07
-3.354835e-07
1.0936728e-07
-3.5857166e-07
9.0981488e-08
-3.7845712e-07
5.7190803e-08
-2.5758499e-07
1.5021329e-06
2.380879e-10
3.0807923e-09
9.5088892e-10
9.2080223e-09
2.1432934e-09
1.5314222e-08
3.8233472e-09
2.1354992e-08
6.0010332e-09
2.7281009e-08
8.6894267e-09
3.3048219e-08
1.1904342e-08
3.8617592e-08
1.5663451e-08
4.3920262e-08
1.9985792e-08
4.8908483e-08
2.4891378e-08
5.3530902e-08
3.0399452e-08
5.7658164e-08
3.6524191e-08
6.1195908e-08
4.3274609e-08
6.403172e-08
5.0651516e-08
6.5992163e-08
5.8642888e-08
6.6925935e-08
6.7222356e-08
6.6673416e-08
7.6347977e-08
6.5029648e-08
8.5950783e-08
6.176797e-08
9.5931636e-08
5.6690573e-08
1.0615834e-07
4.9574527e-08
1.1645622e-07
4.0209687e-08
1.2660594e-07
2.8444757e-08
1.3634682e-07
1.4173879e-08
1.4533951e-07
-2.5925439e-09
1.5329648e-07
-2.1676136e-08
1.599139e-07
-4.3312228e-08
1.6480796e-07
-6.756924e-08
1.6762877e-07
-9.4520044e-08
1.6814203e-07
-1.2398039e-07
1.6630104e-07
-1.5518027e-07
1.6224047e-07
-1.8693769e-07
1.562186e-07
-2.1793366e-07
1.4855609e-07
-2.4706379e-07
1.3960239e-07
-2.7352982e-07
1.2966406e-07
-2.972459e-07
1.1889973e-07
-3.1875416e-07
1.066524e-07
-3.410803e-07
8.9187463e-08
-3.6030373e-07
5.6286797e-08
-2.4040355e-07
1.4965016e-06
2.3466573e-10
2.9313378e-09
9.3713634e-10
8.7611925e-09
2.1116608e-09
1.4565766e-08
3.7651553e-09
2.0297991e-08
5.9060238e-09
2.5907056e-08
8.5451799e-09
3.1346403e-08
1.1695761e-08
3.6574778e-08
1.5372121e-08
4.1522097e-08
1.9589374e-08
4.6139856e-08
2.43632e-08
5.0376139e-08
2.970772e-08
5.4103141e-08
3.5631548e-08
5.7232015e-08
4.2137805e-08
5.9655848e-08
4.9220984e-08
6.1209826e-08
5.6862658e-08
6.1755575e-08
6.5030619e-08
6.1147256e-08
7.3677863e-08
5.9194699e-08
8.2731839e-08
5.5696789e-08
9.2093107e-08
5.0482614e-08
1.0163305e-07
4.3358428e-08
1.1118601e-07
3.4151103e-08
1.2054981e-07
2.2745914e-08
1.2949062e-07
9.0685951e-09
1.3769964e-07
-6.7953659e-09
1.4498026e-07
-2.477996e-08
1.5105052e-07
-4.503531e-08
1.5560192e-07
-6.7603588e-08
1.5833914e-07
-9.2570365e-08
1.5904808e-07
-1.1983231e-07
1.5765958e-07
-1.4876467e-07
1.5425424e-07
-1.7833555e-07
1.4902801e-07
-2.073407e-07
1.4224838e-07
-2.3474612e-07
1.3421991e-07
-2.597889e-07
1.252168e-07
-2.8235722e-07
1.1537777e-07
-3.0295153e-07
1.0403509e-07
-3.2449901e-07
8.7447244e-08
-3.4305042e-07
5.5400173e-08
-2.2413866e-07
1.4898578e-06
2.3081814e-10
2.7857051e-09
9.2171689e-10
8.325857e-09
2.0763253e-09
1.3837098e-08
3.7004913e-09
1.9270137e-08
5.8011403e-09
2.4573091e-08
8.3871578e-09
2.9697442e-08
1.1469174e-08
3.4600194e-08
1.5058473e-08
3.9210607e-08
1.9166582e-08
4.3479939e-08
2.380524e-08
4.7356057e-08
2.8983945e-08
5.0713397e-08
3.4706378e-08
5.3468935e-08
4.0970583e-08
5.5521396e-08
4.7765767e-08
5.6714802e-08
5.5068339e-08
5.6923588e-08
6.284168e-08
5.6014937e-08
7.1035233e-08
5.3812611e-08
7.9574558e-08
5.0139378e-08
8.836166e-08
4.4847889e-08
9.7272998e-08
3.7769945e-08
1.06153e-07
2.8764449e-08
1.1481627e-07
1.7746485e-08
1.230505e-07
4.6687062e-09
1.3059591e-07
-1.0335889e-08
1.3729292e-07
-2.7301651e-08
1.4289679e-07
-4.6293564e-08
1.4715427e-07
-6.7345538e-08
1.4981457e-07
-9.054531e-08
1.5068126e-07
-1.1584381e-07
1.4967074e-07
-1.4272915e-07
1.4682458e-07
-1.7029461e-07
1.4229301e-07
-1.9744418e-07
1.3629953e-07
-2.2321622e-07
1.2910949e-07
-2.4688796e-07
1.2096733e-07
-2.68331e-07
1.1199198e-07
-2.8801453e-07
1.0150335e-07
-3.0877763e-07
8.5750909e-08
-3.2665511e-07
5.4525221e-08
-2.0875498e-07
1.4822215e-06
2.2666029e-10
2.6442201e-09
9.0509605e-10
7.9029537e-09
2.0383452e-09
1.3129737e-08
3.631253e-09
1.827347e-08
5.6893734e-09
2.3281563e-08
8.2197059e-09
2.8104054e-08
1.1230556e-08
3.2696644e-08
1.4730399e-08
3.6988423e-08
1.8727501e-08
4.0930858e-08
2.3230052e-08
4.4471894e-08
2.8243394e-08
4.7488809e-08
3.3766879e-08
4.9904576e-08
3.9794237e-08
5.1623547e-08
4.6310328e-08
5.249861e-08
5.3287484e-08
5.2416735e-08
6.0685911e-08
5.1257232e-08
6.8452748e-08
4.885692e-08
7.6513014e-08
4.5060685e-08
8.4771429e-08
3.9741491e-08
9.3110487e-08
3.2753359e-08
1.0138521e-07
2.3982659e-08
1.0942693e-07
1.3368164e-08
1.170391e-07
8.9040853e-10
1.2401737e-07
-1.3309822e-08
1.3021323e-07
-2.9322802e-08
1.354198e-07
-4.715519e-08
1.394255e-07
-6.6836342e-08
1.4201587e-07
-8.8450967e-08
1.4301053e-07
-1.1198398e-07
1.4231753e-07
-1.3701193e-07
1.3995177e-07
-1.6273478e-07
1.3602889e-07
-1.8815693e-07
1.3073613e-07
-2.1238755e-07
1.2430501e-07
-2.3474642e-07
1.1695305e-07
-2.5509543e-07
1.0878014e-07
-2.7388084e-07
9.9092821e-08
-2.938624e-07
8.4128845e-08
-3.110702e-07
5.3681676e-08
-1.9421056e-07
1.4736163e-06
2.2215801e-10
2.5072101e-09
8.8713263e-10
7.4934297e-09
1.9974023e-09
1.2445219e-08
3.5568822e-09
1.731004e-08
5.5698588e-09
2.2034933e-08
8.041592e-09
2.6568965e-08
1.0978246e-08
3.0866937e-08
1.4385737e-08
3.4858183e-08
1.8269392e-08
3.8494761e-08
2.2634207e-08
4.1724952e-08
2.7481828e-08
4.4429374e-08
3.280784e-08
4.653707e-08
3.8602365e-08
4.7957858e-08
4.4846753e-08
4.8553395e-08
5.1510228e-08
4.8222784e-08
5.8550899e-08
4.6856448e-08
6.5914636e-08
4.4303438e-08
7.352702e-08
4.0428931e-08
8.1296407e-08
3.5123119e-08
8.9111903e-08
2.8259275e-08
9.6839348e-08
1.974703e-08
1.0432686e-07
9.5428691e-09
1.1138764e-07
-2.3377279e-09
1.1787389e-07
-1.579306e-08
1.2363662e-07
-3.091223e-08
1.2850154e-07
-4.7676649e-08
1.3228964e-07
-6.6111026e-08
1.3481574e-07
-8.6293861e-08
1.359147e-07
-1.0823002e-07
1.354914e-07
-1.3156601e-07
1.335426e-07
-1.5559349e-07
1.301574e-07
-1.7940894e-07
1.2549331e-07
-2.0218915e-07
1.1975265e-07
-2.2329698e-07
1.1312882e-07
-2.4258964e-07
1.0570364e-07
-2.6049696e-07
9.6770011e-08
-2.7970668e-07
8.2553679e-08
-2.9625438e-07
5.2853073e-08
-1.8046808e-07
1.464074e-06
2.1745179e-10
2.3748945e-09
8.6836788e-10
7.0979282e-09
1.9547111e-09
1.1784568e-08
3.4795438e-09
1.6381173e-08
5.4459944e-09
2.0834722e-08
7.8577311e-09
2.5093742e-08
1.0718962e-08
2.9112498e-08
1.4033294e-08
3.2820923e-08
1.7803415e-08
3.6171997e-08
2.2031479e-08
3.9114537e-08
2.6715866e-08
4.1532926e-08
3.1848927e-08
4.3362244e-08
3.7417808e-08
4.451752e-08
4.3401081e-08
4.4868978e-08
4.9765689e-08
4.4327359e-08
5.6468537e-08
4.2793124e-08
6.345506e-08
4.0126781e-08
7.065222e-08
3.6211987e-08
7.7972592e-08
3.0953323e-08
8.5312064e-08
2.4240747e-08
9.2546844e-08
1.6003568e-08
9.9539614e-08
6.21179e-09
1.061189e-07
-5.0849105e-09
1.1217543e-07
-1.7847189e-08
1.1756368e-07
-3.2127808e-08
1.2213486e-07
-4.7905021e-08
1.2573549e-07
-6.5198891e-08
1.2820405e-07
-8.4079846e-08
1.2938979e-07
-1.0456345e-07
1.2919799e-07
-1.2635219e-07
1.2761332e-07
-1.4881691e-07
1.2470457e-07
-1.7113797e-07
1.2060482e-07
-1.925557e-07
1.154914e-07
-2.124754e-07
1.0953629e-07
-2.3075316e-07
1.0280448e-07
-2.4780749e-07
9.457522e-08
-2.6626012e-07
8.1060812e-08
-2.8216116e-07
5.2063019e-08
-1.6748436e-07
1.4536265e-06
2.1253429e-10
2.2474764e-09
8.4874891e-10
6.717068e-09
1.9101422e-09
1.1148767e-08
3.399006e-09
1.5488135e-08
5.3174164e-09
1.968237e-08
7.6675949e-09
2.3679857e-08
1.0451973e-08
2.7434652e-08
1.3672081e-08
3.0877589e-08
1.7328257e-08
3.396284e-08
2.1420141e-08
3.6639922e-08
2.5943263e-08
3.8797325e-08
3.0887234e-08
4.0376052e-08
3.6236786e-08
4.1296016e-08
4.196835e-08
4.1435734e-08
4.8047304e-08
4.0717014e-08
5.4430103e-08
3.9049231e-08
6.1062422e-08
3.6303669e-08
6.7873249e-08
3.2380675e-08
7.477974e-08
2.7196664e-08
8.1684536e-08
2.0656107e-08
8.8473531e-08
1.2705054e-08
9.5021268e-08
3.3248657e-09
1.0118059e-07
-7.4130623e-09
1.068566e-07
-1.9521773e-08
1.1191755e-07
-3.3017123e-08
1.1623352e-07
-4.7879238e-08
1.196711e-07
-6.4124767e-08
1.220881e-07
-8.1815324e-08
1.2334722e-07
-1.0097132e-07
1.2335651e-07
-1.213405e-07
1.2209287e-07
-1.4236243e-07
1.1960946e-07
-1.6329343e-07
1.1601932e-07
-1.83433e-07
1.1147827e-07
-2.0222738e-07
1.0613939e-07
-2.195341e-07
1.0005214e-07
-2.3576416e-07
9.2482418e-08
-2.5347828e-07
7.9629046e-08
-2.6874899e-07
5.1298492e-08
-1.5521993e-07
1.4423104e-06
2.0748777e-10
2.1250906e-09
8.2859278e-10
6.3512746e-09
1.8644048e-09
1.0538475e-08
3.3165272e-09
1.4631738e-08
5.186087e-09
1.8578741e-08
7.4739988e-09
2.2328082e-08
1.0181092e-08
2.5833906e-08
1.3307039e-08
2.9028202e-08
1.6850104e-08
3.1866553e-08
2.0807732e-08
3.4299295e-08
2.5172991e-08
3.6219289e-08
2.9933203e-08
3.7573295e-08
3.5071178e-08
3.8285735e-08
4.056174e-08
3.824311e-08
4.636931e-08
3.7377639e-08
5.24505e-08
3.5606506e-08
5.8751752e-08
3.2811152e-08
6.5204546e-08
2.8906894e-08
7.1730781e-08
2.3819726e-08
7.823972e-08
1.7466754e-08
8.462649e-08
9.8081617e-09
9.0774967e-08
8.3656339e-10
9.6564586e-08
-9.3721949e-09
1.0190477e-07
-2.086124e-08
1.0667906e-07
-3.3620513e-08
1.1077274e-07
-4.7631915e-08
1.1406848e-07
-6.2909561e-08
1.164401e-07
-7.9506164e-08
1.1776277e-07
-9.7443464e-08
1.1794871e-07
-1.1650617e-07
1.1697015e-07
-1.3619373e-07
1.1486813e-07
-1.5583102e-07
1.1173922e-07
-1.7477231e-07
1.0772085e-07
-1.9250286e-07
1.0294944e-07
-2.0888329e-07
9.7460231e-08
-2.2432009e-07
9.050623e-08
-2.4131686e-07
7.8272432e-08
-2.5597565e-07
5.0569613e-08
-1.4363394e-07
1.4301621e-06
2.02354e-10
2.0078301e-09
8.0805817e-10
6.0008564e-09
1.8178517e-09
9.9541586e-09
3.2327264e-09
1.3812529e-08
5.0529598e-09
1.752436e-08
7.2782911e-09
2.1038793e-08
9.9081124e-09
2.431032e-08
1.2940449e-08
2.7272296e-08
1.6371749e-08
2.9881885e-08
2.0197566e-08
3.2090317e-08
2.4408873e-08
3.3795027e-08
2.8991106e-08
3.494832e-08
3.3925579e-08
3.5478742e-08
3.918596e-08
3.5280435e-08
4.4736218e-08
3.4295327e-08
5.0533605e-08
3.2447315e-08
5.6525737e-08
2.9627466e-08
6.2646919e-08
2.5764416e-08
6.882382e-08
2.0791793e-08
7.4972097e-08
1.463771e-08
8.0996041e-08
7.2737223e-09
8.6785376e-08
-1.2929845e-09
9.2247335e-08
-1.1004093e-08
9.729058e-08
-2.1904212e-08
1.0181274e-07
-3.3972235e-08
1.0571189e-07
-4.7190533e-08
1.088839e-07
-6.1571077e-08
1.1121602e-07
-7.7157935e-08
1.1259491e-07
-9.3972245e-08
1.1293779e-07
-1.1182918e-07
1.1221431e-07
-1.302805e-07
1.1045608e-07
-1.487128e-07
1.0774613e-07
-1.6653102e-07
1.0420615e-07
-1.8325718e-07
9.9957891e-08
-1.9875606e-07
9.5023654e-08
-2.1343178e-07
8.8644057e-08
-2.297341e-07
7.698995e-08
-2.4380047e-07
4.9876309e-08
-1.3268649e-07
1.4172185e-06
1.9713401e-10
1.8957726e-09
7.8716089e-10
5.6660645e-09
1.7705198e-09
9.396192e-09
3.1476608e-09
1.3030935e-08
4.9181027e-09
1.6519619e-08
7.080536e-09
1.9812215e-08
9.6330734e-09
2.2863797e-08
1.2572291e-08
2.5609255e-08
1.589307e-08
2.8007451e-08
1.9589356e-08
3.0010547e-08
2.3650371e-08
3.1520701e-08
2.8060023e-08
3.2495536e-08
3.2798501e-08
3.2867319e-08
3.7838694e-08
3.2537489e-08
4.3144548e-08
3.1456924e-08
4.8674331e-08
2.9555197e-08
5.4377151e-08
2.6732526e-08
6.0190368e-08
2.2929299e-08
6.6045337e-08
1.808515e-08
7.1863668e-08
1.2137929e-08
7.7557879e-08
5.0682967e-09
8.3025396e-08
-3.1014614e-09
8.8193741e-08
-1.2343185e-08
9.297261e-08
-2.2683648e-08
9.727141e-08
-3.4101467e-08
1.0099903e-07
-4.6578514e-08
1.0406234e-07
-6.0124805e-08
1.0636007e-07
-7.4776227e-08
1.0778947e-07
-9.0552438e-08
1.0827312e-07
-1.0729387e-07
1.0777955e-07
-1.245981e-07
1.0633296e-07
-1.4190718e-07
1.0400526e-07
-1.58673e-07
1.0090455e-07
-1.744518e-07
9.7139788e-08
-1.8911334e-07
9.272142e-08
-2.0306073e-07
8.687839e-08
-2.1869253e-07
7.5768093e-08
-2.3218687e-07
4.9211039e-08
-1.2234099e-07
1.403519e-06
1.919124e-10
1.7889346e-09
7.6625024e-10
5.346955e-09
1.7231966e-09
8.8646268e-09
3.0627186e-09
1.2286944e-08
4.7836614e-09
1.5564356e-08
6.8837847e-09
1.8647923e-08
9.3600728e-09
2.1493496e-08
1.2207841e-08
2.4037632e-08
1.5420635e-08
2.6240964e-08
1.899106e-08
2.8056597e-08
2.290689e-08
2.9391514e-08
2.7150826e-08
3.0208418e-08
3.170224e-08
3.0442905e-08
3.653354e-08
3.0003375e-08
4.1608998e-08
2.8848849e-08
4.6888166e-08
2.6913619e-08
5.2321864e-08
2.4106626e-08
5.7850632e-08
2.0378542e-08
6.3410322e-08
1.5673687e-08
6.8927965e-08
9.9387296e-09
7.4323004e-08
3.1619261e-09
7.9504864e-08
-4.624415e-09
8.4409519e-08
-1.3418727e-08
8.8953183e-08
-2.3228027e-08
9.30544e-08
-3.4033266e-08
9.6631145e-08
-4.581577e-08
9.9599574e-08
-5.8583781e-08
1.0186829e-07
-7.2365615e-08
1.0334425e-07
-8.7179257e-08
1.0395544e-07
-1.0288615e-07
1.0367025e-07
-1.1912412e-07
1.0250704e-07
-1.3538498e-07
1.0052856e-07
-1.5116425e-07
9.7831261e-08
-1.6604987e-07
9.4512821e-08
-1.7991695e-07
9.0572958e-08
-1.9316853e-07
8.5229481e-08
-2.0815411e-07
7.4625856e-08
-2.2109689e-07
4.8586928e-08
-1.125594e-07
1.3890991e-06
1.8664058e-10
1.6873485e-09
7.4515175e-10
5.0436121e-09
1.6754905e-09
8.3595692e-09
2.9771924e-09
1.1580633e-08
4.6485048e-09
1.4658544e-08
6.6863723e-09
1.7545667e-08
9.0867958e-09
2.0198799e-08
1.1844007e-08
2.2556265e-08
1.4950444e-08
2.4580494e-08
1.8397606e-08
2.622553e-08
2.2172105e-08
2.7403237e-08
2.625572e-08
2.8081159e-08
3.0627274e-08
2.8197848e-08
3.5258954e-08
2.7668336e-08
4.0115646e-08
2.6458956e-08
4.5158386e-08
2.4507841e-08
5.0339883e-08
2.1732256e-08
5.5603942e-08
1.8091781e-08
6.0890696e-08
1.3534399e-08
6.6132232e-08
8.0148342e-09
7.1254114e-08
1.5278625e-09
7.6178456e-08
-5.8907508e-09
8.0844648e-08
-1.425675e-08
8.5176827e-08
-2.3561907e-08
8.9101211e-08
-3.3789258e-08
9.2543579e-08
-4.4919705e-08
9.542803e-08
-5.6959858e-08
9.7671824e-08
-6.9931171e-08
9.9190764e-08
-8.3850168e-08
9.9918212e-08
-9.8595797e-08
9.9823009e-08
-1.1384126e-07
9.8918918e-08
-1.2912308e-07
9.726117e-08
-1.4397746e-07
9.4936023e-08
-1.5802136e-07
9.2031332e-08
-1.7113554e-07
8.8536966e-08
-1.8372342e-07
8.3660446e-08
-1.980872e-07
7.3532575e-08
-2.1049946e-07
4.7985157e-08
-1.0330937e-07
1.3739995e-06
1.8141449e-10
1.5909831e-09
7.242614e-10
4.7559173e-09
1.6282928e-09
7.8807918e-09
2.8926523e-09
1.0911627e-08
4.5150643e-09
1.3801584e-08
6.4917619e-09
1.6504522e-08
8.817903e-09
1.8978314e-08
1.1486803e-08
2.1163129e-08
1.4489994e-08
2.302318e-08
1.7818084e-08
2.4513432e-08
2.1456767e-08
2.5550662e-08
2.5387148e-08
2.6107009e-08
2.9587719e-08
2.6123637e-08
3.4030648e-08
2.5521899e-08
3.8681651e-08
2.4274589e-08
4.350337e-08
2.2322909e-08
4.8450497e-08
1.9592065e-08
5.3470117e-08
1.6049254e-08
5.8506408e-08
1.1645355e-08
6.3496288e-08
6.3423606e-09
6.8370209e-08
1.4150593e-10
7.3062856e-08
-6.9256619e-09
7.7514852e-08
-1.4880864e-08
8.1657919e-08
-2.3706974e-08
8.5424938e-08
-3.3388192e-08
8.8748495e-08
-4.3905141e-08
9.155954e-08
-5.5262837e-08
9.3782971e-08
-6.7476659e-08
9.5342621e-08
-8.056207e-08
9.6176961e-08
-9.4412603e-08
9.6255722e-08
-1.0873262e-07
9.5589082e-08
-1.230989e-07
9.4226013e-08
-1.3708564e-07
9.2243965e-08
-1.5033624e-07
8.972207e-08
-1.6273716e-07
8.6641292e-08
-1.7469244e-07
8.219934e-08
-1.8845838e-07
7.2514645e-08
-2.0035993e-07
4.742389e-08
-9.4556583e-08
1.3582552e-06
1.7620594e-10
1.4998123e-09
7.0347025e-10
4.483763e-09
1.5813527e-09
7.4280932e-09
2.8086428e-09
1.0279592e-08
4.3826062e-09
1.2992946e-08
6.2988699e-09
1.5523656e-08
8.5518809e-09
1.7830777e-08
1.1134198e-08
1.9856365e-08
1.4036628e-08
2.1566388e-08
1.7249081e-08
2.2916704e-08
2.0756555e-08
2.3829001e-08
2.4539694e-08
2.4279776e-08
2.8576863e-08
2.4212474e-08
3.2840373e-08
2.3554496e-08
3.7296948e-08
2.2284236e-08
4.1910902e-08
2.0345297e-08
4.6638987e-08
1.7670443e-08
5.1431531e-08
1.4233296e-08
5.623654e-08
9.9870555e-09
6.099555e-08
4.9001842e-09
6.5642952e-08
-1.0189252e-09
7.0125188e-08
-7.7508036e-09
7.4383244e-08
-1.5311712e-08
7.8355735e-08
-2.3682169e-08
8.1981383e-08
-3.2846488e-08
8.5198819e-08
-4.2785211e-08
8.7944979e-08
-5.35017e-08
9.0151583e-08
-6.5006098e-08
9.1749726e-08
-7.7313248e-08
9.2682701e-08
-9.0328832e-08
9.2921416e-08
-1.0378475e-07
9.2473283e-08
-1.1729406e-07
9.138205e-08
-1.3046652e-07
8.9717412e-08
-1.4296939e-07
8.7550813e-08
-1.5469492e-07
8.4855082e-08
-1.6604765e-07
8.0818865e-08
-1.7923921e-07
7.1548966e-08
-1.9065007e-07
4.6888527e-08
-8.6270834e-08
1.3419033e-06
1.7106459e-10
1.4137741e-09
6.8297671e-10
4.2269345e-09
1.5351113e-09
7.0010985e-09
2.7259372e-09
9.6839598e-09
4.2523229e-09
1.2231807e-08
6.1093873e-09
1.4601893e-08
8.2909916e-09
1.6754532e-08
1.0789081e-08
1.8633697e-08
1.3593904e-08
2.0207053e-08
1.6694833e-08
2.1431332e-08
2.0076363e-08
2.2233098e-08
2.3718866e-08
2.2592976e-08
2.7600738e-08
2.2456383e-08
3.1694574e-08
2.1756526e-08
3.5968228e-08
2.0476543e-08
4.0387707e-08
1.8561879e-08
4.4911841e-08
1.5952468e-08
4.9494115e-08
1.2627284e-08
5.408609e-08
8.5414433e-09
5.8633363e-08
3.6693767e-09
6.307538e-08
-1.9743597e-09
6.7366251e-08
-8.3849963e-09
7.1448858e-08
-1.5567548e-08
7.5267692e-08
-2.3504166e-08
7.8766551e-08
-3.217847e-08
8.1889471e-08
-4.1571251e-08
8.4578642e-08
-5.1684069e-08
8.677193e-08
-6.2522716e-08
8.8406941e-08
-7.4101784e-08
8.9431466e-08
-8.6337099e-08
8.9817782e-08
-9.8984965e-08
8.9571232e-08
-1.1169132e-07
8.8731122e-08
-1.2409905e-07
8.7360327e-08
-1.3589691e-07
8.5523443e-08
-1.4698287e-07
8.318591e-08
-1.5776182e-07
7.9527918e-08
-1.7040173e-07
7.0644874e-08
-1.8134137e-07
4.6386082e-08
-7.8422345e-08
1.3249777e-06
1.6601001e-10
1.332787e-09
6.628457e-10
3.9851716e-09
1.4897046e-09
6.5993613e-09
2.6447687e-09
9.124064e-09
4.1245666e-09
1.1517223e-08
5.9238018e-09
1.3737919e-08
8.0358656e-09
1.5747781e-08
1.0452222e-08
1.7492708e-08
1.3162701e-08
1.8942e-08
1.6156281e-08
2.005324e-08
1.9417114e-08
2.0757814e-08
2.2925479e-08
2.1040227e-08
2.665993e-08
2.0847619e-08
3.0593453e-08
2.0118765e-08
3.4695129e-08
1.8840715e-08
3.8932636e-08
1.696031e-08
4.3266875e-08
1.4424256e-08
4.7654378e-08
1.12159e-08
5.2049967e-08
7.2920636e-09
5.6402792e-08
2.6328521e-09
6.0658611e-08
-2.7437772e-09
6.4774905e-08
-8.8448039e-09
6.86984e-08
-1.5664475e-08
7.2378492e-08
-2.3187633e-08
7.5763383e-08
-3.1396703e-08
7.8801974e-08
-4.0273185e-08
8.1441099e-08
-4.9816611e-08
8.3624205e-08
-6.0029364e-08
8.5294694e-08
-7.0926e-08
8.6404532e-08
-8.243087e-08
8.6927499e-08
-9.4322017e-08
8.6867458e-08
-1.0627527e-07
8.6259852e-08
-1.1796428e-07
8.5161543e-08
-1.2909709e-07
8.3630979e-08
-1.3957726e-07
8.1626893e-08
-1.4980984e-07
7.8321516e-08
-1.6191989e-07
6.9799122e-08
-1.7240671e-07
4.5914691e-08
-7.098281e-08
1.3075102e-06
1.6103183e-10
1.2567656e-09
6.4302613e-10
3.7582129e-09
1.4450102e-09
6.2224369e-09
2.5649151e-09
8.5992404e-09
3.9989828e-09
1.0848257e-08
5.74159e-09
1.2930437e-08
7.7857649e-09
1.4808758e-08
1.0122609e-08
1.6431045e-08
1.274166e-08
1.7768163e-08
1.5631624e-08
1.8778528e-08
1.8776457e-08
1.9398267e-08
2.215649e-08
1.9615523e-08
2.5750554e-08
1.9378929e-08
2.9532124e-08
1.8632617e-08
3.3471572e-08
1.736675e-08
3.7538206e-08
1.552922e-08
4.1694963e-08
1.3073104e-08
4.5901328e-08
9.9852045e-09
5.0115111e-08
6.2240109e-09
5.4288802e-08
1.7749524e-09
5.8374172e-08
-3.343284e-09
6.2330606e-08
-9.1453206e-09
6.6108951e-08
-1.5616848e-08
6.9662933e-08
-2.2745614e-08
7.294464e-08
-3.0512401e-08
7.5907387e-08
-3.8899945e-08
7.850215e-08
-4.7905479e-08
8.0677487e-08
-5.7528939e-08
8.2381934e-08
-6.778488e-08
8.3571331e-08
-7.8604913e-08
8.4221066e-08
-8.9786566e-08
8.4334003e-08
-1.0103294e-07
8.3942165e-08
-1.1204606e-07
8.3097029e-08
-1.2255122e-07
8.1851567e-08
-1.3245748e-07
8.0158371e-08
-1.4216974e-07
7.7182334e-08
-1.537708e-07
6.8997664e-08
-1.6382256e-07
4.5465905e-08
-6.3926906e-08
1.2895341e-06
1.5618998e-10
1.1855881e-09
6.237411e-10
3.5457033e-09
1.4015228e-09
5.8697248e-09
2.4872503e-09
8.1086081e-09
3.8769291e-09
1.0223699e-08
5.5646885e-09
1.2177825e-08
7.5432894e-09
1.3935334e-08
9.803574e-09
1.5445971e-08
1.233489e-08
1.6682095e-08
1.5125775e-08
1.7602932e-08
1.8160106e-08
1.8149262e-08
2.1418396e-08
1.8312604e-08
2.4879839e-08
1.8042904e-08
2.8518476e-08
1.728945e-08
3.2306003e-08
1.6044755e-08
3.6213287e-08
1.425753e-08
4.0205249e-08
1.18868e-08
4.4244194e-08
8.9219824e-09
4.8290669e-08
5.3233189e-09
5.2300314e-08
1.0811518e-09
5.6230164e-08
-3.7872192e-09
6.0041079e-08
-9.3002676e-09
6.3687766e-08
-1.5437512e-08
6.7127806e-08
-2.21896e-08
7.031675e-08
-2.9535279e-08
7.3211926e-08
-3.745907e-08
7.5768015e-08
-4.5955596e-08
7.7938266e-08
-5.5023337e-08
7.9675723e-08
-6.4676661e-08
8.0939813e-08
-7.485352e-08
8.1707608e-08
-8.5369029e-08
8.1981373e-08
-9.5951295e-08
8.1789974e-08
-1.0632811e-07
8.1180161e-08
-1.1624048e-07
8.0199908e-08
-1.2560266e-07
7.8796271e-08
-1.3481917e-07
7.6127166e-08
-1.4593107e-07
6.8256506e-08
-1.5556451e-07
4.5050664e-08
-5.722883e-08
1.2710765e-06
1.5143548e-10
1.119149e-09
6.0478772e-10
3.3473441e-09
1.3587827e-09
5.5407185e-09
2.4109585e-09
7.6514143e-09
3.7571304e-09
9.6425017e-09
5.3912561e-09
1.1478668e-08
7.3059157e-09
1.3125642e-08
9.4917873e-09
1.4535067e-08
1.193812e-08
1.5680735e-08
1.463337e-08
1.6522661e-08
1.7561446e-08
1.7006171e-08
2.0703158e-08
1.7125888e-08
2.4038146e-08
1.6832927e-08
2.7541088e-08
1.6081535e-08
3.1185028e-08
1.486587e-08
3.4942317e-08
1.3135323e-08
3.8779817e-08
1.0854411e-08
4.2662509e-08
8.0144315e-09
4.6553471e-08
4.5775212e-09
5.0411306e-08
5.385065e-10
5.4197545e-08
-4.0882365e-09
5.7874443e-08
-9.3219252e-09
6.1400235e-08
-1.5138045e-08
6.4735923e-08
-2.1530033e-08
6.7840204e-08
-2.8474323e-08
7.0674069e-08
-3.5957746e-08
7.3195557e-08
-4.3971999e-08
7.5362253e-08
-5.251509e-08
7.7131162e-08
-6.160082e-08
7.846507e-08
-7.1172892e-08
7.9342798e-08
-8.1062395e-08
7.9766282e-08
-9.1020363e-08
7.976146e-08
-1.0079776e-07
7.9370805e-08
-1.1014994e-07
7.8637863e-08
-1.1899614e-07
7.7504594e-08
-1.2774021e-07
7.5122564e-08
-1.3838182e-07
6.7546876e-08
-1.4761299e-07
4.4650665e-08
-5.0867017e-08
1.2521699e-06
1.4683535e-10
1.0573082e-09
5.8642961e-10
3.1627372e-09
1.3173844e-09
5.2347429e-09
2.3370946e-09
7.226673e-09
3.6412299e-09
9.1033242e-09
5.2236393e-09
1.0831207e-08
7.0767989e-09
1.2377424e-08
9.1912998e-09
1.3695504e-08
1.1556361e-08
1.4760613e-08
1.4160441e-08
1.5533524e-08
1.6987552e-08
1.5964002e-08
2.0018903e-08
1.6049486e-08
2.3234633e-08
1.5742155e-08
2.6610116e-08
1.5001023e-08
3.0119736e-08
1.3821241e-08
3.373724e-08
1.2152833e-08
3.7431356e-08
9.9653303e-09
4.1169575e-08
7.2512709e-09
4.4917305e-08
3.9748663e-09
4.8635894e-08
1.350105e-10
5.2290668e-08
-4.2578941e-09
5.5845272e-08
-9.2214027e-09
5.926115e-08
-1.4728783e-08
6.2502306e-08
-2.0776058e-08
6.55303e-08
-2.7337211e-08
6.8309453e-08
-3.4401841e-08
7.0800844e-08
-4.1958434e-08
7.2966063e-08
-5.0005489e-08
7.4765575e-08
-5.85557e-08
7.6165345e-08
-6.7558233e-08
7.7145962e-08
-7.6858752e-08
7.7709204e-08
-8.6229289e-08
7.7878187e-08
-9.5441322e-08
7.7691658e-08
-1.0426359e-07
7.7189116e-08
-1.1262004e-07
7.6307934e-08
-1.2091356e-07
7.4193641e-08
-1.3110272e-07
6.689237e-08
-1.3994681e-07
4.4282069e-08
-4.4818858e-08
1.2328388e-06
1.4235349e-10
9.9993843e-10
5.6852293e-10
2.9915226e-09
1.2770075e-09
4.9511833e-09
2.2650922e-09
6.8334811e-09
3.528343e-09
8.6049334e-09
5.0605576e-09
1.0233821e-08
6.8541754e-09
1.1688606e-08
8.8997709e-09
1.2924684e-08
1.1186597e-08
1.391854e-08
1.3703173e-08
1.4631682e-08
1.6433695e-08
1.5018193e-08
1.9359852e-08
1.5078024e-08
2.2462334e-08
1.4764354e-08
2.5717262e-08
1.4040765e-08
2.9100351e-08
1.2902819e-08
3.2586663e-08
1.1301187e-08
3.614671e-08
9.2099482e-09
3.9750338e-08
6.6223052e-09
4.33651e-08
3.5047586e-09
4.6954896e-08
-1.4013745e-10
5.0488235e-08
-4.306589e-09
5.3930198e-08
-9.0087364e-09
5.7245159e-08
-1.4219126e-08
6.0399752e-08
-1.9936068e-08
6.3358179e-08
-2.6131098e-08
6.6087775e-08
-3.2796967e-08
6.8552406e-08
-3.9918713e-08
7.0717359e-08
-4.749624e-08
7.2546164e-08
-5.5540502e-08
7.400785e-08
-6.4006131e-08
7.5084755e-08
-7.275205e-08
7.5778527e-08
-8.1569415e-08
7.6109579e-08
-9.0247638e-08
7.6113372e-08
-9.8568247e-08
7.5825801e-08
-1.0645955e-07
7.5180043e-08
-1.1432318e-07
7.3316037e-08
-1.2407676e-07
6.6271791e-08
-1.3254805e-07
4.3930968e-08
-3.9064607e-08
1.2131109e-06
1.3802263e-10
9.4689831e-10
5.5120643e-10
2.8332898e-09
1.2379716e-09
4.6893367e-09
2.1955213e-09
6.470815e-09
3.4193558e-09
8.145947e-09
4.9032687e-09
9.6847227e-09
6.6397221e-09
1.1056936e-08
8.6193285e-09
1.2219832e-08
1.083143e-08
1.315117e-08
1.3264651e-08
1.3813167e-08
1.5903431e-08
1.4164096e-08
1.8730009e-08
1.4206108e-08
2.1725661e-08
1.3893346e-08
2.4867289e-08
1.3193766e-08
2.8131925e-08
1.2102805e-08
3.1495847e-08
1.057188e-08
3.4931259e-08
8.5791444e-09
3.84102e-08
6.1179643e-09
4.1902171e-08
3.157375e-09
4.537353e-08
-2.9691958e-10
4.8795274e-08
-4.2437694e-09
5.2134073e-08
-8.6929906e-09
5.5356951e-08
-1.3617477e-08
5.8432841e-08
-1.9017469e-08
6.1328381e-08
-2.4862198e-08
6.4013612e-08
-3.1147827e-08
6.6454954e-08
-3.7855802e-08
6.8621091e-08
-4.4988268e-08
7.04783e-08
-5.2553795e-08
7.1998609e-08
-6.0512731e-08
7.3166023e-08
-6.8735931e-08
7.3981992e-08
-7.7031811e-08
7.4464308e-08
-8.5205286e-08
7.4645652e-08
-9.3050499e-08
7.4558651e-08
-1.0049961e-07
7.4132685e-08
-1.0795275e-07
7.2502345e-08
-1.1728661e-07
6.5697396e-08
-1.2539841e-07
4.3605871e-08
-3.3584467e-08
1.1930082e-06
1.3381177e-10
8.9805873e-10
5.3436668e-10
2.6876549e-09
1.2000292e-09
4.4485408e-09
2.1279459e-09
6.1377094e-09
3.3135857e-09
7.725062e-09
4.7507802e-09
9.1822283e-09
6.432066e-09
1.0480298e-08
8.3481438e-09
1.1578353e-08
1.0488488e-08
1.2455378e-08
1.2841873e-08
1.3074289e-08
1.5393031e-08
1.33974e-08
1.8124813e-08
1.3428746e-08
2.1019104e-08
1.3123434e-08
2.4053635e-08
1.2453577e-08
2.7206714e-08
1.1414039e-08
3.0455758e-08
9.9571187e-09
3.3774582e-08
8.0645734e-09
3.7137253e-08
5.7295155e-09
4.0515048e-08
2.9237649e-09
4.3876694e-08
-3.4441514e-10
4.7195084e-08
-4.0780467e-09
5.0438625e-08
-8.2824612e-09
5.3576755e-08
-1.2931578e-08
5.658041e-08
-1.8027155e-08
5.9418504e-08
-2.3536393e-08
6.2063476e-08
-2.945899e-08
6.4484117e-08
-3.5772767e-08
6.6652208e-08
-4.2482844e-08
6.8536557e-08
-4.9594833e-08
7.0112152e-08
-5.7075236e-08
7.1364547e-08
-6.4805424e-08
7.2294836e-08
-7.2609173e-08
7.2918334e-08
-8.0304777e-08
7.3265348e-08
-8.7699077e-08
7.3365628e-08
-9.4727562e-08
7.3145057e-08
-1.0178851e-07
7.1733255e-08
-1.107176e-07
6.5152567e-08
-1.1848237e-07
4.3296202e-08
-2.8361128e-08
1.1725558e-06
1.297421e-10
8.5328337e-10
5.1809945e-10
2.554201e-09
1.1634034e-09
4.2280758e-09
2.0627624e-09
5.8331227e-09
3.2116453e-09
7.3408838e-09
4.6039559e-09
8.7245565e-09
6.232347e-09
9.9564821e-09
8.08765e-09
1.0997564e-08
1.0159507e-08
1.1827979e-08
1.2436874e-08
1.2411322e-08
1.4904816e-08
1.2713801e-08
1.754684e-08
1.274101e-08
2.0345463e-08
1.2449046e-08
2.3279265e-08
1.181396e-08
2.6327788e-08
1.0829659e-08
2.9469514e-08
9.4494934e-09
3.2679775e-08
7.6583693e-09
3.5934509e-08
5.4487933e-09
3.9206634e-08
2.7956011e-09
4.246701e-08
-2.9087911e-10
4.5690136e-08
-3.8173124e-09
4.8846147e-08
-7.784668e-09
5.1906698e-08
-1.216838e-08
5.4844474e-08
-1.6971254e-08
5.7630513e-08
-2.2158836e-08
6.0239363e-08
-2.7734345e-08
6.2642007e-08
-3.3672058e-08
6.4813025e-08
-3.9980676e-08
6.6723589e-08
-4.6662418e-08
6.8351617e-08
-5.3690511e-08
6.9684051e-08
-6.0955296e-08
7.0721464e-08
-6.8294005e-08
7.1476844e-08
-7.55365e-08
7.1978553e-08
-8.2502683e-08
7.2253745e-08
-8.9130707e-08
7.2225116e-08
-9.5816652e-08
7.1017569e-08
-1.0435503e-07
6.4646144e-08
-1.1178441e-07
4.3008237e-08
-2.3377508e-08
1.1517748e-06
1.2581966e-10
8.124344e-10
5.024334e-10
2.4325024e-09
1.1281613e-09
4.0272062e-09
2.0000881e-09
5.5559953e-09
3.1137103e-09
6.9920012e-09
4.4630275e-09
8.3099204e-09
6.0408533e-09
9.4832813e-09
7.8381753e-09
1.0474814e-08
9.8448364e-09
1.1265839e-08
1.2049996e-08
1.1820634e-08
1.4439087e-08
1.2109131e-08
1.6996308e-08
1.2138163e-08
1.9704813e-08
1.1864867e-08
2.2544051e-08
1.1269005e-08
2.5494745e-08
1.0343212e-08
2.8536369e-08
9.0420781e-09
3.1645688e-08
7.3532233e-09
3.4800356e-08
5.2682576e-09
3.7974809e-08
2.7652351e-09
4.1141821e-08
-1.4384989e-10
4.4277253e-08
-3.4687485e-09
4.7352961e-08
-7.2064315e-09
5.0342636e-08
-1.1334159e-08
5.3220493e-08
-1.5855282e-08
5.5959561e-08
-2.0734151e-08
5.8536211e-08
-2.5977334e-08
6.0923467e-08
-3.1555784e-08
6.3098397e-08
-3.748223e-08
6.5034417e-08
-4.3755258e-08
6.6712307e-08
-5.035543e-08
6.8120229e-08
-5.7180424e-08
6.9258112e-08
-6.4079064e-08
7.0136809e-08
-7.0891281e-08
7.0783107e-08
-7.7450584e-08
7.1221791e-08
-8.3696975e-08
7.1372642e-08
-9.0024046e-08
7.0355985e-08
-9.8184864e-08
6.4179157e-08
-1.0528936e-07
4.2742441e-08
-1.8616938e-08
1.1306827e-06
1.2200164e-10
7.7538895e-10
4.8720755e-10
2.3221679e-09
1.0939436e-09
3.8452557e-09
1.9392852e-09
5.3053509e-09
3.0187749e-09
6.6771198e-09
4.3265415e-09
7.936674e-09
5.8555826e-09
9.0586749e-09
7.5970786e-09
1.0007669e-08
9.5411019e-09
1.0766088e-08
1.1677033e-08
1.1298895e-08
1.3990711e-08
1.1579564e-08
1.6467045e-08
1.1615862e-08
1.9089839e-08
1.1366029e-08
2.183943e-08
1.0813296e-08
2.4697668e-08
9.9487889e-09
2.7644965e-08
8.7285274e-09
3.0659434e-08
7.1424328e-09
3.3720306e-08
5.1809933e-09
3.6803415e-08
2.8256564e-09
3.988341e-08
8.9609514e-11
4.2937055e-08
-3.0390194e-09
4.5938106e-08
-6.5541904e-09
4.8862087e-08
-1.0434928e-08
5.1684572e-08
-1.4684653e-08
5.438047e-08
-1.9267041e-08
5.6927713e-08
-2.419169e-08
5.9301229e-08
-2.9426571e-08
6.1480268e-08
-3.4988719e-08
6.3440406e-08
-4.0873064e-08
6.5165151e-08
-4.7068078e-08
6.6643746e-08
-5.3477122e-08
6.7875432e-08
-5.9958845e-08
6.8869229e-08
-6.6362105e-08
6.9650499e-08
-7.2534401e-08
7.0241967e-08
-7.8416936e-08
7.0560663e-08
-8.4400334e-08
6.9722774e-08
-9.2195993e-08
6.3729177e-08
-9.8985459e-08
4.2484522e-08
-1.4065481e-08
1.1093036e-06
1.1833644e-10
7.420082e-10
4.7261531e-10
2.2227587e-09
1.0611829e-09
3.6814707e-09
1.8811108e-09
5.0801162e-09
2.9280134e-09
6.3948199e-09
4.1961599e-09
7.6030409e-09
5.6787574e-09
8.6805037e-09
7.3672029e-09
9.5935656e-09
9.2518184e-09
1.0325733e-08
1.1322222e-08
1.084267e-08
1.3564678e-08
1.1121204e-08
1.5964811e-08
1.1169745e-08
1.8507079e-08
1.0947698e-08
2.1172706e-08
1.0441529e-08
2.394461e-08
9.6406742e-09
2.680408e-08
8.5027761e-09
2.973049e-08
7.0196703e-09
3.2704505e-08
5.1805503e-09
3.5703244e-08
2.9704099e-09
3.8703228e-08
4.0303945e-10
4.1681648e-08
-2.5341098e-09
4.4614341e-08
-5.8336396e-09
4.7478457e-08
-9.4758846e-09
5.0250798e-08
-1.3463935e-08
5.2908033e-08
-1.7761324e-08
5.5429406e-08
-2.2380235e-08
5.7791612e-08
-2.7286105e-08
5.9975753e-08
-3.2500368e-08
6.1959473e-08
-3.8014506e-08
6.3728802e-08
-4.3825357e-08
6.5273938e-08
-4.9840405e-08
6.6593574e-08
-5.5926617e-08
6.7695159e-08
-6.194075e-08
6.8602779e-08
-6.7744573e-08
6.9337223e-08
-7.3279814e-08
6.9813003e-08
-7.8933762e-08
6.9142334e-08
-8.6375913e-08
6.331928e-08
-9.2859505e-08
4.2250085e-08
-9.7081607e-09
1.0876526e-06
1.1479279e-10
7.1216133e-10
4.5852767e-10
2.1338641e-09
1.0295824e-09
3.5351495e-09
1.8250338e-09
4.8792893e-09
2.8405811e-09
6.1437869e-09
4.070654e-09
7.3073731e-09
5.5086866e-09
8.3467692e-09
7.1463162e-09
9.2301297e-09
8.9741349e-09
9.9420059e-09
1.098201e-08
1.0448784e-08
1.3156656e-08
1.0730447e-08
1.5484406e-08
1.0795781e-08
1.7950378e-08
1.0605412e-08
2.0536681e-08
1.0148816e-08
2.3227244e-08
9.4136082e-09
2.6004181e-08
8.3592439e-09
2.8848053e-08
6.9791112e-09
3.1740831e-08
5.2609877e-09
3.4660844e-08
3.1935121e-09
3.7586423e-08
7.904734e-10
4.0494913e-08
-1.9596938e-09
4.336427e-08
-5.0501966e-09
4.6173123e-08
-8.4620434e-09
4.889941e-08
-1.2197651e-08
5.1521456e-08
-1.6220927e-08
5.4019604e-08
-2.0546083e-08
5.6372179e-08
-2.5136555e-08
5.8561801e-08
-3.001806e-08
6.0568088e-08
-3.5179093e-08
6.2379302e-08
-4.0625115e-08
6.3986551e-08
-4.6266408e-08
6.5388261e-08
-5.1977084e-08
6.6590625e-08
-5.7620805e-08
6.7616362e-08
-6.3073487e-08
6.8484525e-08
-6.8276989e-08
6.9107272e-08
-7.3614845e-08
6.8593246e-08
-8.0714498e-08
6.2930506e-08
-8.6900869e-08
4.2026017e-08
-5.5313362e-09
1.0657491e-06
1.1139751e-10
6.8570932e-10
4.4504759e-10
2.0550528e-09
9.9936624e-10
3.4055619e-09
1.7714416e-09
4.7018347e-09
2.7570686e-09
5.9226694e-09
3.950852e-09
7.047989e-09
5.3464655e-09
8.0554467e-09
6.9358052e-09
8.914975e-09
8.7097479e-09
9.6121453e-09
1.0658421e-08
1.0114089e-08
1.2768998e-08
1.0403744e-08
1.5028512e-08
1.0490038e-08
1.7422732e-08
1.0334861e-08
1.9934641e-08
9.9304771e-09
2.2549122e-08
9.2626026e-09
2.5249058e-08
8.2926888e-09
2.801612e-08
7.0153352e-09
3.0833464e-08
5.4168301e-09
3.3680552e-08
3.489506e-09
3.6537489e-08
1.2465138e-09
3.938164e-08
-1.3209772e-09
4.21929e-08
-4.2086986e-09
4.495132e-08
-7.3978144e-09
4.7635915e-08
-1.0889722e-08
5.0226567e-08
-1.4649184e-08
5.2704524e-08
-1.8691791e-08
5.5049597e-08
-2.2979554e-08
5.7245564e-08
-2.7542147e-08
5.927388e-08
-3.2365756e-08
6.1124705e-08
-3.7464526e-08
6.279009e-08
-4.2750586e-08
6.4268655e-08
-4.810444e-08
6.5565544e-08
-5.3395411e-08
6.6701957e-08
-5.8513074e-08
6.7695342e-08
-6.3399318e-08
6.845571e-08
-6.8433566e-08
6.8088412e-08
-7.5201165e-08
6.2575856e-08
-8.1098956e-08
4.182037e-08
-1.5201152e-09
1.0436059e-06
1.081276e-10
6.625175e-10
4.3207663e-10
1.9859133e-09
9.7030415e-10
3.2920164e-09
1.7199164e-09
4.5467747e-09
2.6768123e-09
5.7301949e-09
3.8357864e-09
6.8233061e-09
5.1907612e-09
7.8046353e-09
6.7339102e-09
8.6458635e-09
8.4564082e-09
9.333562e-09
1.0348652e-08
9.8356359e-09
1.2398288e-08
1.0137775e-08
1.4593025e-08
1.0248845e-08
1.6919283e-08
1.0132023e-08
1.9360904e-08
9.7821574e-09
2.1903667e-08
9.1830255e-09
2.453118e-08
8.2982461e-09
2.7226155e-08
7.1233152e-09
2.9972812e-08
5.6430074e-09
3.2751678e-08
3.8533485e-09
3.5544585e-08
1.7661889e-09
3.8329195e-08
-6.2313688e-10
4.1086561e-08
-3.3137456e-09
4.3798404e-08
-6.2874691e-09
4.6444783e-08
-9.5440574e-09
4.9007036e-08
-1.3049546e-08
5.1467163e-08
-1.6820192e-08
5.3806313e-08
-2.0817171e-08
5.6009038e-08
-2.507355e-08
5.8058445e-08
-2.9574084e-08
5.9946225e-08
-3.4341482e-08
6.1665564e-08
-3.928932e-08
6.3215794e-08
-4.4304078e-08
6.460116e-08
-4.925912e-08
6.5841029e-08
-5.4056733e-08
6.6951466e-08
-5.8639269e-08
6.7840503e-08
-6.3381607e-08
6.7610668e-08
-6.9827099e-08
6.2240029e-08
-7.5445113e-08
4.1623366e-08
2.3384526e-09
1.0212403e-06
1.0501428e-10
6.4244317e-10
4.1973095e-10
1.9260185e-09
9.4264822e-10
3.1938018e-09
1.6708947e-09
4.4131093e-09
2.6004802e-09
5.5650679e-09
3.7263992e-09
6.6317236e-09
5.0428289e-09
7.592422e-09
6.5422321e-09
8.4205588e-09
8.2160896e-09
9.1036879e-09
1.0055076e-08
9.6105175e-09
1.2047311e-08
9.9292914e-09
1.4181154e-08
1.0068637e-08
1.6443664e-08
9.9930337e-09
1.8819514e-08
9.6997159e-09
2.1295326e-08
9.170514e-09
2.385538e-08
8.3713842e-09
2.6483358e-08
7.2984202e-09
2.9164428e-08
5.9349069e-09
3.1880084e-08
4.2805435e-09
3.4613655e-08
2.3453488e-09
3.7344488e-08
1.2863742e-10
4.0052415e-08
-2.3691922e-09
4.2721947e-08
-5.1346446e-09
4.533404e-08
-8.1639336e-09
4.7871387e-08
-1.1424819e-08
5.031662e-08
-1.4933509e-08
5.2652065e-08
-1.8650884e-08
5.4862643e-08
-2.2612598e-08
5.6932813e-08
-2.6802954e-08
5.8855453e-08
-3.1253064e-08
6.0625221e-08
-3.5878238e-08
6.224271e-08
-4.0570712e-08
6.3711237e-08
-4.5205711e-08
6.5048093e-08
-4.9697061e-08
6.6268107e-08
-5.3988403e-08
6.727752e-08
-5.8449682e-08
6.7176032e-08
-6.4582236e-08
6.1935918e-08
-6.9927501e-08
4.1446685e-08
6.0538536e-09
9.9866341e-07
1.0201699e-10
6.2535169e-10
4.0784379e-10
1.8749701e-09
9.1601608e-10
3.1102597e-09
1.6236918e-09
4.2999133e-09
2.5269962e-09
5.4260916e-09
3.6211365e-09
6.4717601e-09
4.9005479e-09
7.4170384e-09
6.3579964e-09
8.236991e-09
7.9852772e-09
8.9201436e-09
9.7733494e-09
9.4360368e-09
1.1710815e-08
9.7752716e-09
1.3786652e-08
9.9460995e-09
1.598855e-08
9.914292e-09
1.8301992e-08
9.6792881e-09
2.0714384e-08
9.2209977e-09
2.3210648e-08
8.5078585e-09
2.5775372e-08
7.5362952e-09
2.8394564e-08
6.2881697e-09
3.1050616e-08
4.7667976e-09
3.3728159e-08
2.9799617e-09
3.6409217e-08
9.2958592e-10
3.9071156e-08
-1.3792877e-09
4.1701355e-08
-3.9431557e-09
4.4281849e-08
-6.7529091e-09
4.6796624e-08
-9.7782486e-09
4.9228879e-08
-1.3034605e-08
5.1561982e-08
-1.6483041e-08
5.3780803e-08
-2.0160702e-08
5.5870731e-08
-2.405242e-08
5.7825489e-08
-2.8197628e-08
5.9641702e-08
-3.2514486e-08
6.1321661e-08
-3.6900727e-08
6.2867777e-08
-4.1230817e-08
6.4294933e-08
-4.5428615e-08
6.5617002e-08
-4.9440479e-08
6.6738507e-08
-5.3630791e-08
6.6756541e-08
-5.9458769e-08
6.1637793e-08
-6.4536634e-08
4.1274406e-08
9.631939e-09
9.7589513e-07
9.9174538e-11
6.1110206e-10
3.9656533e-10
1.8323559e-09
8.907402e-10
3.0407118e-09
1.5788901e-09
4.2062387e-09
2.4572608e-09
5.3120434e-09
3.5212789e-09
6.3419118e-09
4.7656384e-09
7.2766982e-09
6.1834141e-09
8.0930862e-09
7.7667188e-09
8.780564e-09
9.5068031e-09
9.3095307e-09
1.1392741e-08
9.6727649e-09
1.3414105e-08
9.8780197e-09
1.5559186e-08
9.8923485e-09
1.7814251e-08
9.7172181e-09
2.0167435e-08
9.3306668e-09
2.2604258e-08
8.7037498e-09
2.5110154e-08
7.8329719e-09
2.7671875e-08
6.6988743e-09
3.0272661e-08
5.3082868e-09
3.2898416e-08
3.6663276e-09
3.5533138e-08
1.7768321e-09
3.8154381e-08
-3.4872704e-10
4.0748912e-08
-2.7160421e-09
4.3301257e-08
-5.313782e-09
4.5796578e-08
-8.1122727e-09
4.821863e-08
-1.1125549e-08
5.0551713e-08
-1.4315226e-08
5.2780255e-08
-1.7718576e-08
5.4889968e-08
-2.1321718e-08
5.6875013e-08
-2.5172524e-08
5.8734545e-08
-2.9194094e-08
6.0472939e-08
-3.3289211e-08
6.2091749e-08
-3.7328641e-08
6.3603369e-08
-4.1244629e-08
6.5020749e-08
-4.4987795e-08
6.6246847e-08
-4.8916448e-08
6.6376194e-08
-5.4447541e-08
6.1369707e-08
-5.9262945e-08
4.1121298e-08
1.308042e-08
9.5294527e-07
9.6457105e-11
5.9955991e-10
3.8577253e-10
1.7977872e-09
8.6653982e-10
2.9845216e-09
1.5359893e-09
4.1311945e-09
2.3904911e-09
5.2217739e-09
3.4256989e-09
6.2407637e-09
4.6365636e-09
7.1697225e-09
6.0164749e-09
7.9868952e-09
7.5578659e-09
8.6827271e-09
9.252285e-09
9.2284987e-09
1.1089272e-08
9.6189975e-09
1.3058964e-08
9.86138e-09
1.5150234e-08
9.9239635e-09
1.7350103e-08
9.8100706e-09
1.9647385e-08
9.4959449e-09
2.2028165e-08
8.9553685e-09
2.4478672e-08
8.1847022e-09
2.6986319e-08
7.163297e-09
2.9535155e-08
5.9013477e-09
3.2112245e-08
4.4009596e-09
3.4702515e-08
2.6681082e-09
3.7287814e-08
7.1734267e-10
3.9849519e-08
-1.4565678e-09
4.2376244e-08
-3.8495202e-09
4.4854358e-08
-6.4295966e-09
4.726823e-08
-9.2088407e-09
4.9603058e-08
-1.2149704e-08
5.1842539e-08
-1.5287953e-08
5.3971934e-08
-1.861128e-08
5.5985181e-08
-2.2176218e-08
5.7884521e-08
-2.5914122e-08
5.9676726e-08
-2.9732131e-08
6.136295e-08
-3.3494514e-08
6.295305e-08
-3.7139747e-08
6.4459e-08
-4.0624256e-08
6.5782248e-08
-4.4299848e-08
6.601513e-08
-4.9541235e-08
6.111367e-08
-5.4098855e-08
4.0974948e-08
1.6411204e-08
9.298285e-07
9.3876434e-11
5.9059298e-10
3.7551372e-10
1.7708801e-09
8.435242e-10
2.9410608e-09
1.4951827e-09
4.0739028e-09
2.3269882e-09
5.1541512e-09
3.3348245e-09
6.1669264e-09
4.5138965e-09
7.0944677e-09
5.8579088e-09
7.9165202e-09
7.359615e-09
8.6244806e-09
9.0108637e-09
9.1905315e-09
1.0801649e-08
9.6113154e-09
1.2722644e-08
9.8933087e-09
1.4763277e-08
1.0006076e-08
1.6911291e-08
9.9546263e-09
1.9156129e-08
9.7135045e-09
2.1484414e-08
9.2593077e-09
2.3883115e-08
8.5880515e-09
2.6340234e-08
7.6780482e-09
2.8840593e-08
6.5426738e-09
3.1372278e-08
5.1807726e-09
3.3920812e-08
3.6008849e-09
3.6472521e-08
1.8167534e-09
3.9006422e-08
-1.6955112e-10
4.1510148e-08
-2.3625339e-09
4.3973514e-08
-4.7324588e-09
4.63815e-08
-7.2865433e-09
4.872027e-08
-9.9884295e-09
5.0972694e-08
-1.2870589e-08
5.3122737e-08
-1.5921812e-08
5.5162915e-08
-1.9207173e-08
5.7098872e-08
-2.2671104e-08
5.8940274e-08
-2.622459e-08
6.0688783e-08
-2.9723012e-08
6.2351875e-08
-3.3108182e-08
6.3940169e-08
-3.6343324e-08
6.5353625e-08
-3.9773715e-08
6.5682735e-08
-4.473216e-08
6.0878994e-08
-4.9036716e-08
4.0841215e-08
1.9628735e-08
9.0655471e-07
9.1427353e-11
5.8407419e-10
3.6576773e-10
1.751267e-09
8.21647e-10
2.9097261e-09
1.4563906e-09
4.0335189e-09
2.2666305e-09
5.1080848e-09
3.2484816e-09
6.119063e-09
4.3973975e-09
7.0493552e-09
5.707395e-09
7.8801441e-09
7.1715453e-09
8.6037719e-09
8.7819976e-09
9.19334e-09
1.0529186e-08
9.6472066e-09
1.2404295e-08
9.9710979e-09
1.4397277e-08
1.0135812e-08
1.6496567e-08
1.0147876e-08
1.8692187e-08
9.9802487e-09
2.0971276e-08
9.6124062e-09
2.3321499e-08
9.03984e-09
2.5731382e-08
8.2399927e-09
2.8186497e-08
7.2291987e-09
3.0675852e-08
6.0028668e-09
3.3185621e-08
4.5723726e-09
3.5704019e-08
2.949418e-09
3.8215001e-08
1.1403345e-09
4.069918e-08
-8.5606371e-10
4.3150041e-08
-3.0228825e-09
4.5554247e-08
-5.3605343e-09
4.78991e-08
-7.8333084e-09
5.0166882e-08
-1.0468651e-08
5.2339579e-08
-1.3255067e-08
5.440633e-08
-1.6264768e-08
5.6375689e-08
-1.9461554e-08
5.8261298e-08
-2.2761316e-08
6.0066739e-08
-2.6008492e-08
6.1797478e-08
-2.9144286e-08
6.346213e-08
-3.2138704e-08
6.4959071e-08
-3.5330995e-08
6.5377314e-08
-4.0012834e-08
6.0663979e-08
-4.4068799e-08
4.0718871e-08
2.2742165e-08
8.8312986e-07
8.9088049e-11
5.7988428e-10
3.5645261e-10
1.7385983e-09
8.0072893e-10
2.8899419e-09
1.4193005e-09
4.0092336e-09
2.208937e-09
5.0825275e-09
3.1659829e-09
6.0958891e-09
4.2861349e-09
7.0328699e-09
5.5637165e-09
7.8760258e-09
6.9921116e-09
8.6186389e-09
8.5637693e-09
9.2347426e-09
1.0269555e-08
9.7242797e-09
1.2101131e-08
1.0092176e-08
1.4048952e-08
1.0310443e-08
1.6102116e-08
1.0386965e-08
1.8251177e-08
1.0293244e-08
2.048378e-08
1.0011662e-08
2.278824e-08
9.5370391e-09
2.5153562e-08
8.8461243e-09
2.7566054e-08
7.9579504e-09
3.0015549e-08
6.8644021e-09
3.2488825e-08
5.5799125e-09
3.4975151e-08
4.1136912e-09
3.7462613e-08
2.4732523e-09
3.9932946e-08
6.6375036e-10
4.2373202e-08
-1.3032314e-09
4.477509e-08
-3.4327572e-09
4.7127549e-08
-5.6863649e-09
4.9412916e-08
-8.084887e-09
5.1611167e-08
-1.0614482e-08
5.3705485e-08
-1.3350554e-08
5.5704927e-08
-1.6282728e-08
5.7628922e-08
-1.9337086e-08
5.9485247e-08
-2.2345523e-08
6.1277881e-08
-2.5242944e-08
6.3012721e-08
-2.8004879e-08
6.4586265e-08
-3.0965443e-08
6.5086654e-08
-3.5376725e-08
6.0457828e-08
-3.9188857e-08
4.0601213e-08
2.575836e-08
8.5956736e-07
8.6876544e-11
5.7790914e-10
3.4764251e-10
1.7325379e-09
7.8094213e-10
2.8811505e-09
1.3842238e-09
4.0002606e-09
2.1543989e-09
5.0764602e-09
3.0880367e-09
6.0961584e-09
4.1810686e-09
7.0435458e-09
5.4281124e-09
7.9024927e-09
6.8228575e-09
8.6672098e-09
8.3580477e-09
9.3126726e-09
1.0024961e-08
9.8402905e-09
1.1815718e-08
1.0254146e-08
1.3721239e-08
1.0527454e-08
1.5731254e-08
1.0669288e-08
1.7836808e-08
1.0649835e-08
2.0026038e-08
1.0454385e-08
2.2287874e-08
1.0076964e-08
2.4611752e-08
9.4938052e-09
2.6984709e-08
8.7263478e-09
2.9397315e-08
7.7629417e-09
3.183694e-08
6.6212251e-09
3.4293889e-08
5.3074667e-09
3.675709e-08
3.8305612e-09
3.9214911e-08
2.1962159e-09
4.1650949e-08
4.2078337e-10
4.4052376e-08
-1.5043704e-09
4.6414182e-08
-3.548611e-09
4.8719702e-08
-5.7211111e-09
5.0948052e-08
-8.0038213e-09
5.3074253e-08
-1.0468038e-08
5.5102414e-08
-1.3132428e-08
5.7058795e-08
-1.5945037e-08
5.8959716e-08
-1.8726926e-08
6.0808533e-08
-2.1397525e-08
6.2607652e-08
-2.393499e-08
6.4251238e-08
-2.6669516e-08
6.4826964e-08
-3.0816064e-08
6.0275814e-08
-3.4389649e-08
4.0499275e-08
2.8683354e-08
8.3587936e-07
8.4751969e-11
5.7804304e-10
3.3917941e-10
1.7327693e-09
7.6193785e-10
2.8828224e-09
1.3505508e-09
4.0058474e-09
2.1020752e-09
5.0889035e-09
3.0132995e-09
6.1186696e-09
4.0803808e-09
7.0799696e-09
5.2982185e-09
7.9579316e-09
6.6607986e-09
8.7476803e-09
8.1611552e-09
9.4251398e-09
9.7909704e-09
9.9930716e-09
1.1542791e-08
1.0454693e-08
1.3407983e-08
1.0784402e-08
1.5376886e-08
1.0992299e-08
1.7440993e-08
1.104742e-08
1.9588934e-08
1.0937911e-08
2.1810218e-08
1.0656922e-08
2.4094691e-08
1.018034e-08
2.6430119e-08
9.5316919e-09
2.8807727e-08
8.6958639e-09
3.1215481e-08
7.6937591e-09
3.364465e-08
6.5283413e-09
3.6084613e-08
5.2103947e-09
3.852602e-08
3.7443501e-09
4.0958835e-08
2.1472512e-09
4.3365309e-08
4.1816657e-10
4.5736809e-08
-1.4213878e-09
4.8063282e-08
-3.3791539e-09
5.0325385e-08
-5.4278081e-09
5.2490376e-08
-7.6252339e-09
5.4549204e-08
-1.0013743e-08
5.6531166e-08
-1.2579544e-08
5.846816e-08
-1.5145399e-08
6.0365529e-08
-1.7601655e-08
6.2221839e-08
-1.9923241e-08
6.3927898e-08
-2.2436926e-08
6.457163e-08
-2.6324517e-08
6.0093082e-08
-2.9665772e-08
4.0396263e-08
3.1521544e-08
8.1207024e-07
8.2740298e-11
5.8018677e-10
3.3117064e-10
1.7389923e-09
7.439644e-10
2.8944497e-09
1.318729e-09
4.0252693e-09
2.0526714e-09
5.1189118e-09
2.9427888e-09
6.1622669e-09
3.9854515e-09
7.1407875e-09
5.1758215e-09
8.0408098e-09
6.50817e-09
8.85835e-09
7.9758115e-09
9.5702857e-09
9.5708154e-09
1.0180624e-08
1.1286131e-08
1.0691701e-08
1.3113543e-08
1.1079081e-08
1.5043971e-08
1.1353735e-08
1.7069319e-08
1.1483706e-08
1.9178708e-08
1.1459929e-08
2.1362197e-08
1.1274608e-08
2.3610015e-08
1.0903459e-08
2.5910657e-08
1.0371745e-08
2.8255934e-08
9.6610359e-09
3.0634412e-08
8.795483e-09
3.3038247e-08
7.7744578e-09
3.5457245e-08
6.6110973e-09
3.7882878e-08
5.3081576e-09
4.030792e-08
3.8813873e-09
4.2720683e-08
2.3343131e-09
4.5108193e-08
6.897208e-10
4.7456623e-08
-1.0592649e-09
4.9754941e-08
-2.888121e-09
5.1968523e-08
-4.8311337e-09
5.4067815e-08
-6.9356364e-09
5.6073894e-08
-9.2382797e-09
5.8036573e-08
-1.1589658e-08
5.9972853e-08
-1.3844771e-08
6.1878569e-08
-1.5960893e-08
6.363934e-08
-1.825892e-08
6.4343484e-08
-2.1893513e-08
5.9930706e-08
-2.5009961e-08
4.0306459e-08
3.4277787e-08
7.881433e-07
8.0812238e-11
5.8424725e-10
3.2350052e-10
1.7509233e-09
7.2676667e-10
2.915548e-09
1.2883146e-09
4.0578284e-09
2.0055042e-09
5.1655708e-09
2.8755309e-09
6.2258302e-09
3.894964e-09
7.2246873e-09
5.0592084e-09
8.1496431e-09
6.3628077e-09
8.9975757e-09
7.7993475e-09
9.7463175e-09
9.3612722e-09
1.0401017e-08
1.1041908e-08
1.0963127e-08
1.2833441e-08
1.1409357e-08
1.472734e-08
1.1751391e-08
1.6715893e-08
1.1956456e-08
1.8788717e-08
1.2018157e-08
2.0936395e-08
1.1927727e-08
2.3149527e-08
1.1660861e-08
2.5417344e-08
1.1244198e-08
2.7732175e-08
1.0656202e-08
3.0083206e-08
9.92418e-09
3.2463403e-08
9.0437141e-09
3.4863002e-08
8.0306762e-09
3.727419e-08
6.8858647e-09
3.9690137e-08
5.6240507e-09
4.2102294e-08
4.2504765e-09
4.4504009e-08
2.7860203e-09
4.6878672e-08
1.2337682e-09
4.9214638e-08
-3.8673418e-10
5.1482225e-08
-2.0917066e-09
5.3639532e-08
-3.9162323e-09
5.5680324e-08
-5.9324366e-09
5.7658768e-08
-8.0503967e-09
5.961895e-08
-1.0112495e-08
6.1561793e-08
-1.2036308e-08
6.3366869e-08
-1.4125708e-08
6.4122506e-08
-1.7514543e-08
5.9769627e-08
-2.0415977e-08
4.02176e-08
3.6954587e-08
7.6410719e-07
7.8974901e-11
5.901383e-10
3.1620052e-10
1.7682966e-09
7.1042115e-10
2.9456578e-09
1.25945e-09
4.1028589e-09
1.9608027e-09
5.2280052e-09
2.811859e-09
6.3082887e-09
3.809371e-09
7.3304195e-09
4.9489633e-09
8.2830262e-09
6.2254369e-09
9.1638107e-09
7.6326364e-09
9.9515598e-09
9.1633666e-09
1.0652461e-08
1.0811309e-08
1.1267089e-08
1.2569026e-08
1.1773276e-08
1.4428517e-08
1.2183269e-08
1.6382423e-08
1.2463653e-08
1.842086e-08
1.2610556e-08
2.0534914e-08
1.261424e-08
2.2715551e-08
1.2450514e-08
2.4952738e-08
1.2147021e-08
2.7239271e-08
1.1679391e-08
2.9564968e-08
1.1077921e-08
3.192353e-08
1.03343e-08
3.4305636e-08
9.4674282e-09
3.6704117e-08
8.4759448e-09
3.9112391e-08
7.3740391e-09
4.1522394e-08
6.1684331e-09
4.3929609e-08
4.8764469e-09
4.632519e-08
3.5055037e-09
4.8697662e-08
2.0777664e-09
5.1023646e-08
5.8892581e-10
5.325792e-08
-9.7420797e-10
5.5357454e-08
-2.6857542e-09
5.7360914e-08
-4.5365697e-09
5.9329043e-08
-6.3885631e-09
6.1289229e-08
-8.1293804e-09
6.3122045e-08
-1.0020364e-08
6.3916747e-08
-1.3174728e-08
5.9616357e-08
-1.5875987e-08
4.013488e-08
3.9552867e-08
7.3996294e-07
7.722326e-11
5.9777889e-10
3.0924892e-10
1.7908634e-09
6.9488165e-10
2.9843447e-09
1.2320588e-09
4.1597261e-09
1.9184533e-09
5.3053785e-09
2.751614e-09
6.408619e-09
3.728457e-09
7.4567923e-09
4.8448027e-09
8.4396232e-09
6.0956927e-09
9.3555922e-09
7.4752172e-09
1.0184435e-08
8.9765277e-09
1.0933278e-08
1.0593639e-08
1.1601831e-08
1.2319472e-08
1.2169023e-08
1.4146533e-08
1.2647517e-08
1.606779e-08
1.3003433e-08
1.8073868e-08
1.3235243e-08
2.0156336e-08
1.3332261e-08
2.2306522e-08
1.3270534e-08
2.4515134e-08
1.3078327e-08
2.6775392e-08
1.2728759e-08
2.907776e-08
1.2254886e-08
3.1416599e-08
1.16445e-08
3.378305e-08
1.0919721e-08
3.6170518e-08
1.0076918e-08
3.8572614e-08
9.1300816e-09
4.098164e-08
8.0872385e-09
4.3393145e-08
6.9624527e-09
4.5799265e-08
5.7665683e-09
4.8196634e-08
4.5172389e-09
5.0569284e-08
3.2227702e-09
5.2884941e-08
1.886318e-09
5.5081472e-08
4.6380946e-10
5.7141985e-08
-1.0799128e-09
5.9125026e-08
-2.6796239e-09
6.1085419e-08
-4.2226389e-09
6.2918168e-08
-5.9147012e-09
6.3728697e-08
-8.8503465e-09
5.9467564e-08
-1.137627e-08
4.005596e-08
4.207252e-08
7.1570897e-07
7.5539554e-11
6.0709205e-10
3.0257635e-10
1.8183855e-09
6.7999498e-10
3.0311898e-09
1.2058742e-09
4.2278129e-09
1.8780437e-09
5.396876e-09
2.6942061e-09
6.5258244e-09
3.6514214e-09
7.602647e-09
4.745682e-09
8.6181369e-09
5.9722523e-09
9.5715024e-09
7.3254555e-09
1.0443418e-08
8.7987779e-09
1.1241847e-08
1.0386546e-08
1.1965657e-08
1.2082028e-08
1.2594838e-08
1.3878211e-08
1.3142335e-08
1.5768373e-08
1.3573975e-08
1.7743658e-08
1.3890368e-08
1.9796101e-08
1.4079927e-08
2.1917398e-08
1.4119037e-08
2.4099002e-08
1.4036211e-08
2.6334519e-08
1.3802411e-08
2.8615086e-08
1.3453174e-08
3.0935643e-08
1.2972476e-08
3.3287822e-08
1.2385756e-08
3.5665531e-08
1.1687098e-08
3.8062535e-08
1.089064e-08
4.0471481e-08
1.0005526e-08
4.2887843e-08
9.0429828e-09
4.5303769e-08
8.0171893e-09
4.7716122e-08
6.9410722e-09
5.0114568e-08
5.8301501e-09
5.248601e-08
4.6903825e-09
5.4781455e-08
3.5137806e-09
5.6945194e-08
2.2728302e-09
5.8994237e-08
9.6263035e-10
6.097115e-08
-3.3301787e-10
6.278198e-08
-1.7874423e-09
6.3572989e-08
-4.5063425e-09
5.9318814e-08
-6.8838884e-09
3.9972971e-08
4.4519895e-08
6.9134618e-07
7.3940657e-11
6.1800743e-10
2.9624905e-10
1.850646e-09
6.6591127e-10
3.0858077e-09
1.1811648e-09
4.3065484e-09
1.8399941e-09
5.5017428e-09
2.6402371e-09
6.6589847e-09
3.5790767e-09
7.7669192e-09
4.6526517e-09
8.8173842e-09
5.8564302e-09
9.8102584e-09
7.1849536e-09
1.0727141e-08
8.6320276e-09
1.157673e-08
1.0192272e-08
1.2357077e-08
1.1859286e-08
1.3049196e-08
1.3626518e-08
1.3666186e-08
1.5487536e-08
1.4173747e-08
1.7434005e-08
1.4574396e-08
1.9458418e-08
1.4855714e-08
2.1552842e-08
1.4994507e-08
2.3709474e-08
1.5019165e-08
2.5922281e-08
1.4898872e-08
2.8183089e-08
1.4671322e-08
3.0487349e-08
1.4316856e-08
3.2827207e-08
1.3864219e-08
3.5197006e-08
1.33053e-08
3.7590637e-08
1.2654688e-08
4.0001073e-08
1.1922447e-08
4.2423657e-08
1.1117421e-08
4.4850511e-08
1.0257024e-08
4.7278114e-08
9.3498102e-09
4.9696795e-08
8.4174666e-09
5.2098454e-08
7.4644202e-09
5.4454465e-08
6.503401e-09
5.6724293e-08
5.5197324e-09
5.8876743e-08
4.5017784e-09
6.0924527e-08
3.4861627e-09
6.2766479e-08
2.3094492e-09
6.3522419e-08
-1.259891e-10
5.9215487e-08
-2.3381047e-09
3.9900615e-08
4.6928133e-08
6.6687325e-07
7.2392801e-11
6.3045629e-10
2.9013712e-10
1.8874274e-09
6.5234075e-10
3.1478123e-09
1.1574201e-09
4.395357e-09
1.803509e-09
5.6192203e-09
2.5885633e-09
6.8071745e-09
3.5098672e-09
7.9485387e-09
4.5636846e-09
9.0361716e-09
5.7456668e-09
1.0070564e-08
7.0505628e-09
1.1034214e-08
8.4724862e-09
1.1936456e-08
1.000633e-08
1.277456e-08
1.164602e-08
1.353051e-08
1.3385439e-08
1.4217448e-08
1.5218435e-08
1.4801109e-08
1.7137205e-08
1.5285658e-08
1.9134685e-08
1.5657935e-08
2.1203329e-08
1.5895224e-08
2.3336074e-08
1.6025438e-08
2.5527237e-08
1.6016376e-08
2.7769353e-08
1.5907526e-08
3.0058314e-08
1.5675862e-08
3.2386824e-08
1.5353327e-08
3.4749591e-08
1.4929795e-08
3.7140626e-08
1.4420561e-08
3.9553214e-08
1.3836414e-08
4.1982543e-08
1.3184285e-08
4.4420738e-08
1.2484661e-08
4.6863856e-08
1.1742156e-08
4.9302102e-08
1.0984323e-08
5.172873e-08
1.021258e-08
5.4123905e-08
9.4529396e-09
5.6460719e-08
8.6987282e-09
5.8704891e-08
7.9483049e-09
6.0850038e-08
7.2071804e-09
6.2783782e-08
6.3141403e-09
6.3558433e-08
4.2362111e-09
5.9177687e-08
2.2832521e-09
3.9845936e-08
4.9350974e-08
6.4232336e-07
7.0916613e-11
6.4438182e-10
2.8433563e-10
1.9285356e-09
6.3950411e-10
3.2168543e-09
1.1350351e-09
4.4937172e-09
1.7692029e-09
5.7486226e-09
2.5400622e-09
6.9695637e-09
3.4449771e-09
8.1465521e-09
4.4803127e-09
9.2734458e-09
5.6418849e-09
1.0351284e-08
6.9246362e-09
1.1363437e-08
8.3229725e-09
1.2319774e-08
9.832044e-09
1.3216818e-08
1.1446091e-08
1.4037468e-08
1.3159408e-08
1.479481e-08
1.4966108e-08
1.545476e-08
1.6858922e-08
1.6022865e-08
1.8831224e-08
1.6485319e-08
2.0875861e-08
1.6819926e-08
2.2986503e-08
1.7053785e-08
2.5157808e-08
1.7153702e-08
2.7383041e-08
1.716057e-08
2.9658474e-08
1.7048347e-08
3.19774e-08
1.6851961e-08
3.4334841e-08
1.6559552e-08
3.6724931e-08
1.618731e-08
3.9141259e-08
1.5746567e-08
4.1578856e-08
1.5242804e-08
4.4029899e-08
1.4699377e-08
4.6490007e-08
1.4117445e-08
4.8949204e-08
1.3530172e-08
5.1400822e-08
1.2935708e-08
5.3829082e-08
1.2369369e-08
5.6215287e-08
1.1828338e-08
5.8531601e-08
1.132275e-08
6.0762071e-08
1.0843081e-08
6.2785077e-08
1.0230232e-08
6.3632713e-08
8.5271287e-09
5.9229593e-08
6.9297316e-09
3.9852018e-08
5.1816864e-08
6.1774994e-07
6.9479625e-11
6.5973582e-10
2.7874375e-10
1.9737732e-09
6.271897e-10
3.2925764e-09
1.1136421e-09
4.6010964e-09
1.7365025e-09
5.8892553e-09
2.4939056e-09
7.1453148e-09
3.3832758e-09
8.3599983e-09
4.4010603e-09
9.5281417e-09
5.5432206e-09
1.0651268e-08
6.8048829e-09
1.1713583e-08
8.1807317e-09
1.2725393e-08
9.6661571e-09
1.3682517e-08
1.1255708e-08
1.4568697e-08
1.2944068e-08
1.5396883e-08
1.4725602e-08
1.6133309e-08
1.6593579e-08
1.6784616e-08
1.85418e-08
1.7336466e-08
2.0563524e-08
1.77672e-08
2.2653139e-08
1.8102793e-08
2.4805651e-08
1.8309428e-08
2.7015068e-08
1.8429009e-08
2.9277994e-08
1.8432889e-08
3.1588351e-08
1.8358684e-08
3.3941435e-08
1.8193158e-08
3.6331517e-08
1.7953528e-08
3.8752497e-08
1.7651499e-08
4.1199281e-08
1.7291539e-08
4.3664157e-08
1.689964e-08
4.6142303e-08
1.6474055e-08
4.8623647e-08
1.6053218e-08
5.1101046e-08
1.5632386e-08
5.3560453e-08
1.5253976e-08
5.5987763e-08
1.491617e-08
5.8361588e-08
1.463905e-08
6.0664122e-08
1.440642e-08
6.2764326e-08
1.4069137e-08
6.3689232e-08
1.2742095e-08
5.9318762e-08
1.1546941e-08
3.9902288e-08
5.4322003e-08
5.9320601e-07
6.8071012e-11
6.7649669e-10
2.7338905e-10
2.0229519e-09
6.1549814e-10
3.374627e-09
1.0934348e-09
4.7169796e-09
1.705711e-09
6.0404573e-09
2.4505224e-09
7.3336389e-09
3.3253378e-09
8.5879773e-09
4.3266678e-09
9.7992663e-09
5.4506029e-09
1.0969449e-08
6.6924423e-09
1.2083518e-08
8.0471331e-09
1.3152134e-08
9.5102901e-09
1.4170444e-08
1.1076761e-08
1.512296e-08
1.2741594e-08
1.6022433e-08
1.4499393e-08
1.6835538e-08
1.6343963e-08
1.7569715e-08
1.8269524e-08
1.8210206e-08
2.0269754e-08
1.8735892e-08
2.2339747e-08
1.9171336e-08
2.4474864e-08
1.9482447e-08
2.6669877e-08
1.9711733e-08
2.8921674e-08
1.9828418e-08
3.1224848e-08
1.9872421e-08
3.3574944e-08
1.982955e-08
3.5966399e-08
1.9718127e-08
3.8393439e-08
1.9550068e-08
4.0850891e-08
1.9329241e-08
4.3331234e-08
1.9084155e-08
4.5829223e-08
1.8810568e-08
4.8334792e-08
1.8551763e-08
5.0840138e-08
1.8300765e-08
5.3331738e-08
1.8105873e-08
5.5797617e-08
1.7964937e-08
5.8220516e-08
1.7905856e-08
6.0583454e-08
1.7909119e-08
6.2750796e-08
1.7841245e-08
6.3751768e-08
1.6882724e-08
5.9434685e-08
1.6114267e-08
3.9985501e-08
5.6858723e-08
5.6871769e-07
6.6626302e-11
6.9468245e-10
2.6815852e-10
2.0758571e-09
6.04251e-10
3.4625954e-09
1.074122e-09
4.8407917e-09
1.6763762e-09
6.2015084e-09
2.409256e-09
7.5336885e-09
3.2702637e-09
8.8295271e-09
4.2559606e-09
1.0085759e-08
5.3625493e-09
1.1304686e-08
6.585497e-09
1.2472032e-08
7.9199965e-09
1.3598732e-08
9.361871e-09
1.4679297e-08
1.0906263e-08
1.5698922e-08
1.2548559e-08
1.6670113e-08
1.4283589e-08
1.7560095e-08
1.6105686e-08
1.8376805e-08
1.8009486e-08
1.9105174e-08
1.9989099e-08
1.9724602e-08
2.2040301e-08
2.0257993e-08
2.4158834e-08
2.0671282e-08
2.6340241e-08
2.1007195e-08
2.8581669e-08
2.1233335e-08
3.0878411e-08
2.1391492e-08
3.3226264e-08
2.1466959e-08
3.5619864e-08
2.147891e-08
3.8053793e-08
2.1439711e-08
4.0522901e-08
2.1352946e-08
4.3019834e-08
2.1249194e-08
4.5539028e-08
2.1122612e-08
4.8070543e-08
2.1020874e-08
5.0605902e-08
2.0935602e-08
5.3131616e-08
2.0920365e-08
5.5636063e-08
2.0971855e-08
5.8103939e-08
2.1124604e-08
6.0518758e-08
2.1357513e-08
6.2742898e-08
2.1554902e-08
6.3815055e-08
2.0952264e-08
5.9557705e-08
2.0624386e-08
4.0088507e-08
5.9415648e-08
5.443119e-07
6.509819e-11
7.1431127e-10
2.6303701e-10
2.1321021e-09
5.9351275e-10
3.5557589e-09
1.0558446e-09
4.971549e-09
1.6487172e-09
6.3711688e-09
2.3704103e-09
7.743965e-09
3.2184572e-09
9.0828803e-09
4.1894599e-09
1.0385581e-08
5.2797192e-09
1.1654668e-08
6.4848667e-09
1.287653e-08
7.8003229e-09
1.4062315e-08
9.2221052e-09
1.5205931e-08
1.0745647e-08
1.629316e-08
1.2366643e-08
1.7336249e-08
1.4080142e-08
1.8303062e-08
1.5880993e-08
1.9201744e-08
1.7764239e-08
2.0017022e-08
1.9724432e-08
2.0728788e-08
2.1758002e-08
2.1358068e-08
2.3861091e-08
2.1871079e-08
2.6030016e-08
2.2310382e-08
2.8262158e-08
2.2642501e-08
3.0553523e-08
2.2910603e-08
3.2900074e-08
2.3100021e-08
3.5296875e-08
2.3231309e-08
3.7738806e-08
2.3316451e-08
4.0220822e-08
2.3358943e-08
4.2735931e-08
2.3391337e-08
4.5278265e-08
2.3406657e-08
4.7838091e-08
2.3456474e-08
5.0406256e-08
2.353186e-08
5.2968976e-08
2.3691212e-08
5.5514006e-08
2.393062e-08
5.8026461e-08
2.4290003e-08
6.0488444e-08
2.4748184e-08
6.2759723e-08
2.5210703e-08
6.3891565e-08
2.4952705e-08
5.9692723e-08
2.5072039e-08
4.0218292e-08
6.1974549e-08
5.2001228e-07
6.343895e-11
7.3546468e-10
2.5799223e-10
2.1913277e-09
5.8329793e-10
3.6534186e-09
1.0386376e-09
5.1083613e-09
1.622773e-09
6.5483735e-09
2.3340226e-09
7.963247e-09
3.1699543e-09
9.3466776e-09
4.127205e-09
1.0697265e-08
5.2021606e-09
1.201786e-08
6.390612e-09
1.3295443e-08
7.6881892e-09
1.4541325e-08
9.0910827e-09
1.5748848e-08
1.0595009e-08
1.6904271e-08
1.2195938e-08
1.8019585e-08
1.3889118e-08
1.9063371e-08
1.5669887e-08
2.004368e-08
1.7533682e-08
2.0945132e-08
1.94755e-08
2.1748047e-08
2.1492399e-08
2.2471391e-08
2.3580958e-08
2.3081846e-08
2.5738284e-08
2.3621454e-08
2.7962009e-08
2.4056189e-08
3.0248903e-08
2.4430089e-08
3.2595263e-08
2.4728941e-08
3.499642e-08
2.4974123e-08
3.7447711e-08
2.5177789e-08
3.9944302e-08
2.5343591e-08
4.2479619e-08
2.5505827e-08
4.5047588e-08
2.5657006e-08
4.7638739e-08
2.5852125e-08
5.024329e-08
2.6082627e-08
5.2847029e-08
2.6411581e-08
5.5436425e-08
2.683541e-08
5.7996531e-08
2.7398297e-08
6.0507167e-08
2.8081578e-08
6.2825541e-08
2.8810998e-08
6.4005524e-08
2.8896755e-08
5.9833985e-08
2.9481814e-08
4.0355178e-08
6.4519791e-08
4.958182e-07
6.1589245e-11
7.5819964e-10
2.5293237e-10
2.252959e-09
5.7342836e-10
3.7545482e-09
1.0221428e-09
5.249923e-09
1.5979377e-09
6.7315039e-09
2.2991862e-09
8.1895723e-09
3.1235057e-09
9.618582e-09
4.0675652e-09
1.1018082e-08
5.1278201e-09
1.2391138e-08
6.3002287e-09
1.3725223e-08
7.5806068e-09
1.503179e-08
8.9653018e-09
1.6303646e-08
1.0450321e-08
1.7527389e-08
1.203187e-08
1.8714813e-08
1.3705395e-08
1.9835248e-08
1.5466699e-08
2.0896386e-08
1.7311608e-08
2.1882812e-08
1.9235577e-08
2.2775204e-08
2.123625e-08
2.3590335e-08
2.3310695e-08
2.4295446e-08
2.5456789e-08
2.4931771e-08
2.7672431e-08
2.5465237e-08
2.9955147e-08
2.5940249e-08
3.230155e-08
2.6343486e-08
3.4707392e-08
2.6697175e-08
3.7168453e-08
2.7013427e-08
3.9680244e-08
2.7296159e-08
4.2236701e-08
2.7581259e-08
4.483165e-08
2.786134e-08
4.7455928e-08
2.8194432e-08
5.0099192e-08
2.857324e-08
5.2746717e-08
2.9065475e-08
5.5383328e-08
2.9669062e-08
5.7993677e-08
3.0431229e-08
6.0553936e-08
3.1339076e-08
6.2919289e-08
3.2337554e-08
6.414875e-08
3.2765464e-08
6.0002382e-08
3.3846324e-08
4.0479079e-08
6.7099218e-08
4.7172185e-07
5.969165e-11
7.8230247e-10
2.4812043e-10
2.3159123e-09
5.6425721e-10
3.8573837e-09
1.0068333e-09
5.3939112e-09
1.5748575e-09
6.9176355e-09
2.2667783e-09
8.4193985e-09
3.080277e-09
9.8944243e-09
4.0120505e-09
1.1343249e-08
5.0586118e-09
1.2769121e-08
6.2160865e-09
1.41599e-08
7.4804581e-09
1.5527178e-08
8.8482115e-09
1.6863256e-08
1.0315643e-08
1.8154924e-08
1.1879162e-08
1.9413851e-08
1.3534393e-08
2.0610147e-08
1.5277574e-08
2.1750879e-08
1.7104901e-08
2.2820657e-08
1.9012286e-08
2.3800425e-08
2.0997929e-08
2.4704651e-08
2.3059419e-08
2.5501167e-08
2.5195411e-08
2.6230124e-08
2.7404084e-08
2.6857901e-08
2.9683723e-08
2.7428772e-08
3.2031314e-08
2.7930695e-08
3.4443099e-08
2.8386616e-08
3.6915338e-08
2.8808607e-08
3.9443975e-08
2.9200891e-08
4.2023539e-08
2.9600769e-08
4.4647819e-08
3.0001617e-08
4.7307976e-08
3.0464121e-08
4.9993131e-08
3.0983182e-08
5.2688044e-08
3.1631146e-08
5.537551e-08
3.2409045e-08
5.8040217e-08
3.3365105e-08
6.0653063e-08
3.4497624e-08
6.3068023e-08
3.5766858e-08
6.4340762e-08
3.6543094e-08
6.0219963e-08
3.8141824e-08
4.0710762e-08
6.9632267e-08
4.4782867e-07
5.8193444e-11
8.0691637e-10
2.4394e-10
2.3785774e-09
5.5587505e-10
3.9594685e-09
9.9253661e-10
5.536884e-09
1.5531035e-09
7.102317e-09
2.2361034e-09
8.6472613e-09
3.0392857e-09
1.0167723e-08
3.9593682e-09
1.1665273e-08
4.9929098e-09
1.3143318e-08
6.1362036e-09
1.458999e-08
7.3853901e-09
1.6017023e-08
8.7370707e-09
1.7416255e-08
1.0187836e-08
1.8774489e-08
1.173427e-08
2.0103381e-08
1.3372156e-08
2.1373839e-08
1.5098136e-08
2.2592046e-08
1.6908754e-08
2.3742691e-08
1.8800374e-08
2.4806865e-08
2.0771717e-08
2.5796644e-08
2.2820914e-08
2.6680434e-08
2.4947409e-08
2.7497017e-08
2.7149665e-08
2.8213743e-08
2.9426733e-08
2.8874236e-08
3.1776005e-08
2.9468092e-08
3.4194278e-08
3.0018811e-08
3.6678317e-08
3.0538465e-08
3.9224555e-08
3.1031595e-08
4.1828187e-08
3.153673e-08
4.4483011e-08
3.20487e-08
4.7180471e-08
3.2630585e-08
4.9909166e-08
3.3280357e-08
5.2653385e-08
3.4074984e-08
5.5393669e-08
3.5020481e-08
5.8115717e-08
3.6162836e-08
6.0783862e-08
3.7519235e-08
6.3253788e-08
3.9056978e-08
6.4574861e-08
4.0187108e-08
6.046536e-08
4.2348011e-08
4.0933812e-08
7.2137736e-08
4.2413502e-07
5.7644224e-11
8.3038982e-10
2.4089448e-10
2.4386497e-09
5.4863248e-10
4.0572606e-09
9.7957667e-10
5.673691e-09
1.5330485e-09
7.2788153e-09
2.2076332e-09
8.8648643e-09
3.0011427e-09
1.0428624e-08
3.9103017e-09
1.1972755e-08
4.9317012e-09
1.3500797e-08
6.0618068e-09
1.5001028e-08
7.2969018e-09
1.6485333e-08
8.6336872e-09
1.7945143e-08
1.0069054e-08
1.9367072e-08
1.1599727e-08
2.0762904e-08
1.3221631e-08
2.2104352e-08
1.4931769e-08
2.3396479e-08
1.6727003e-08
2.4624082e-08
1.8604131e-08
2.5768278e-08
2.0562345e-08
2.6838675e-08
2.2600338e-08
2.7804186e-08
2.4718319e-08
2.8701946e-08
2.6915042e-08
2.9500797e-08
2.9190284e-08
3.0243207e-08
3.1541871e-08
3.0920734e-08
3.3967177e-08
3.1557247e-08
3.6463462e-08
3.2164892e-08
3.9027696e-08
3.2748513e-08
4.1655766e-08
3.3347665e-08
4.4341523e-08
3.3959368e-08
4.7076634e-08
3.4648884e-08
4.9849198e-08
3.5418128e-08
5.2643246e-08
3.6348426e-08
5.5436766e-08
3.7453313e-08
5.8218188e-08
3.8771167e-08
6.0943781e-08
4.0348944e-08
6.3475432e-08
4.2146653e-08
6.4856265e-08
4.363061e-08
6.0782676e-08
4.6388998e-08
4.127896e-08
7.4533914e-08
4.0075363e-07
5.7940191e-11
8.5078898e-10
2.3887233e-10
2.4926668e-09
5.4238176e-10
4.1453062e-09
9.6774869e-10
5.7965088e-09
1.5143883e-09
7.4369824e-09
2.1809294e-09
9.0597462e-09
2.9652542e-09
1.0662344e-08
3.8640807e-09
1.22486e-08
4.8740094e-09
1.3822166e-08
5.9917164e-09
1.5371295e-08
7.2135948e-09
1.6908089e-08
8.5364329e-09
1.8423605e-08
9.9574533e-09
1.9904038e-08
1.1473453e-08
2.1361513e-08
1.3080503e-08
2.2768505e-08
1.4775884e-08
2.412878e-08
1.6556743e-08
2.5427246e-08
1.842028e-08
2.66449e-08
2.0366036e-08
2.7788885e-08
2.2393326e-08
2.8828405e-08
2.4502979e-08
2.9798826e-08
2.6694082e-08
3.0670862e-08
2.8966992e-08
3.1485481e-08
3.1319983e-08
3.2236389e-08
3.3750975e-08
3.2947686e-08
3.6257663e-08
3.3631699e-08
3.8837591e-08
3.4293483e-08
4.1487305e-08
3.4973489e-08
4.4200837e-08
3.5671533e-08
4.6969962e-08
3.6455093e-08
4.9782473e-08
3.7330629e-08
5.2622416e-08
3.838342e-08
5.5464601e-08
3.9637987e-08
5.8303352e-08
4.1115948e-08
6.1083916e-08
4.2910962e-08
6.3679307e-08
4.4953518e-08
6.5125867e-08
4.6786694e-08
6.111594e-08
5.0164071e-08
4.1733268e-08
7.6686744e-08
3.7779064e-07
5.8487618e-11
8.6634522e-10
2.3741767e-10
2.5357338e-09
5.3700456e-10
4.2156482e-09
9.5721742e-10
5.8941938e-09
1.4975303e-09
7.5625161e-09
2.156636e-09
9.2144201e-09
2.932522e-09
1.0848177e-08
3.8218913e-09
1.2468878e-08
4.8213322e-09
1.4080282e-08
5.9277981e-09
1.5670384e-08
7.1377503e-09
1.7251635e-08
8.4480571e-09
1.881474e-08
9.8563239e-09
2.0345193e-08
1.1359329e-08
2.1855783e-08
1.2953295e-08
2.3319634e-08
1.4635666e-08
2.4739135e-08
1.6403815e-08
2.6099259e-08
1.8255265e-08
2.7380758e-08
2.0189716e-08
2.8588391e-08
2.2207141e-08
2.9691272e-08
2.430872e-08
3.0723106e-08
2.6493885e-08
3.1656663e-08
2.876331e-08
3.2531287e-08
3.1115674e-08
3.3342868e-08
3.3549326e-08
3.4115661e-08
3.6062253e-08
3.4862318e-08
3.865259e-08
3.5587926e-08
4.1317429e-08
3.6333768e-08
4.4051168e-08
3.7102869e-08
4.6845542e-08
3.7965169e-08
4.968834e-08
3.8931969e-08
5.2564186e-08
4.0091704e-08
5.5444132e-08
4.1484625e-08
5.833173e-08
4.3102371e-08
6.1158671e-08
4.5108181e-08
6.3814142e-08
4.7373348e-08
6.5327782e-08
4.9546202e-08
6.1403081e-08
5.3554596e-08
4.2225711e-08
7.8451799e-08
3.5524496e-07
5.8887882e-11
8.7513557e-10
2.3604325e-10
2.5613762e-09
5.3206517e-10
4.2574883e-09
9.4749119e-10
5.9517477e-09
1.4818246e-09
7.6362349e-09
2.1338565e-09
9.3054794e-09
2.9017314e-09
1.0958436e-08
3.7821391e-09
1.2601608e-08
4.7716499e-09
1.423885e-08
5.8675826e-09
1.5857613e-08
7.0664392e-09
1.7470898e-08
8.3651794e-09
1.9069054e-08
9.7618317e-09
2.0636587e-08
1.1253085e-08
2.2187333e-08
1.2835302e-08
2.3694923e-08
1.4505952e-08
2.5160397e-08
1.6262535e-08
2.6568713e-08
1.8102746e-08
2.7900299e-08
2.0026171e-08
2.9157709e-08
2.2033362e-08
3.0309471e-08
2.4125473e-08
3.1387941e-08
2.6302157e-08
3.2367994e-08
2.8564024e-08
3.3287428e-08
3.090999e-08
3.4144229e-08
3.3338601e-08
3.4962797e-08
3.5847886e-08
3.57563e-08
3.8436497e-08
3.6529577e-08
4.1101897e-08
3.7324742e-08
4.3839022e-08
3.8148198e-08
4.6639519e-08
3.907271e-08
4.9491578e-08
4.0114373e-08
5.2381558e-08
4.1363028e-08
5.5275616e-08
4.2881872e-08
5.8192477e-08
4.4612046e-08
6.1046037e-08
4.6819528e-08
6.3750533e-08
4.9274264e-08
6.5332498e-08
5.1766629e-08
6.1529314e-08
5.6400841e-08
4.2665029e-08
7.9651659e-08
3.3302063e-07
5.9152554e-11
8.7468454e-10
2.347792e-10
2.5614663e-09
5.2768079e-10
4.2572069e-09
9.3880383e-10
5.9502225e-09
1.4676407e-09
7.633883e-09
2.1130916e-09
9.3033388e-09
2.873509e-09
1.0958158e-08
3.7455755e-09
1.2606415e-08
4.7258587e-09
1.4252034e-08
5.8121489e-09
1.5881614e-08
7.0009781e-09
1.7508932e-08
8.2894128e-09
1.912398e-08
9.6759596e-09
2.0709999e-08
1.1157148e-08
2.2282283e-08
1.2729408e-08
2.3814892e-08
1.4390116e-08
2.530756e-08
1.6136711e-08
2.6745226e-08
1.7966806e-08
2.8107991e-08
1.9879465e-08
2.9396482e-08
2.1875578e-08
3.0578106e-08
2.3955726e-08
3.1684366e-08
2.6119462e-08
3.2692214e-08
2.8366806e-08
3.3638123e-08
3.0696574e-08
3.4522024e-08
3.3107157e-08
3.5368481e-08
3.5596238e-08
3.6191418e-08
3.8162853e-08
3.6995043e-08
4.0804589e-08
3.7822319e-08
4.351714e-08
3.868289e-08
4.6292203e-08
3.9652597e-08
4.9118908e-08
4.0752084e-08
5.1987549e-08
4.2068856e-08
5.4857437e-08
4.3700683e-08
5.7771433e-08
4.5506553e-08
6.0620491e-08
4.7902436e-08
6.3356507e-08
5.0498595e-08
6.5010625e-08
5.3272333e-08
6.1387336e-08
5.8495216e-08
4.2972628e-08
8.0058388e-08
3.1087748e-07
5.9341423e-11
8.6186723e-10
2.3358735e-10
2.5261944e-09
5.2360682e-10
4.1984153e-09
9.306334e-10
5.8667777e-09
1.4540865e-09
7.5262026e-09
2.0929542e-09
9.1723321e-09
2.8458412e-09
1.0805232e-08
3.7094372e-09
1.2434694e-08
4.6803429e-09
1.4064649e-08
5.7569575e-09
1.5680535e-08
6.9358361e-09
1.729715e-08
8.2141833e-09
1.8904131e-08
9.5910156e-09
2.0483239e-08
1.106262e-08
2.2051637e-08
1.2625433e-08
2.3583764e-08
1.4276507e-08
2.5078254e-08
1.6012994e-08
2.6520026e-08
1.783201e-08
2.7889019e-08
1.9731496e-08
2.9184359e-08
2.171223e-08
3.0371819e-08
2.3773407e-08
3.148273e-08
2.5913959e-08
3.2496008e-08
2.813258e-08
3.344716e-08
3.0427512e-08
3.4337804e-08
3.2796529e-08
3.5192695e-08
3.5236497e-08
3.6026788e-08
3.7746706e-08
3.6843113e-08
4.0324626e-08
3.7685507e-08
4.2967091e-08
3.8566294e-08
4.5666418e-08
3.9564201e-08
4.841318e-08
4.0704496e-08
5.1205581e-08
4.2064696e-08
5.3992898e-08
4.3796291e-08
5.6854671e-08
4.5628534e-08
5.9652608e-08
4.8193167e-08
6.2393061e-08
5.0862749e-08
6.4123986e-08
5.3853894e-08
6.077129e-08
5.9573895e-08
4.3000889e-08
7.9376331e-08
2.8838603e-07
5.9471999e-11
8.3297516e-10
2.3242166e-10
2.444104e-09
5.1963109e-10
4.0620355e-09
9.2251195e-10
5.674832e-09
1.4403169e-09
7.2791634e-09
2.0720609e-09
8.8710272e-09
2.8166313e-09
1.0450812e-08
3.6707524e-09
1.2030114e-08
4.6311171e-09
1.3612754e-08
5.696902e-09
1.5182738e-08
6.8646614e-09
1.6756145e-08
8.1317698e-09
1.8322249e-08
9.4977516e-09
1.9861261e-08
1.0958542e-08
2.1392545e-08
1.2510462e-08
2.2890992e-08
1.414997e-08
2.4354423e-08
1.5873552e-08
2.5767908e-08
1.767726e-08
2.7111527e-08
1.9557044e-08
2.8383573e-08
2.1512851e-08
2.9547757e-08
2.3541363e-08
3.0636094e-08
2.5640137e-08
3.1629229e-08
2.7805625e-08
3.2562127e-08
3.0034905e-08
3.3437697e-08
3.232467e-08
3.4280825e-08
3.4670492e-08
3.5107776e-08
3.7071934e-08
3.5919612e-08
3.9526295e-08
3.6760986e-08
4.203217e-08
3.7645939e-08
4.4584023e-08
3.8654645e-08
4.717326e-08
3.9819584e-08
4.9813668e-08
4.1191725e-08
5.2438952e-08
4.3009192e-08
5.5181682e-08
4.4801941e-08
5.7867688e-08
4.7505103e-08
6.0576534e-08
5.0156867e-08
6.2390601e-08
5.3266948e-08
5.9430371e-08
5.9316584e-08
4.2549457e-08
7.7241253e-08
2.6482204e-07
5.9535961e-11
7.8364014e-10
2.3104076e-10
2.3019549e-09
5.1506783e-10
3.8260734e-09
9.130898e-10
5.3437679e-09
1.4240528e-09
6.8536115e-09
2.0468841e-09
8.3518338e-09
2.7807603e-09
9.8388986e-09
3.6224934e-09
1.1328162e-08
4.5689244e-09
1.2823184e-08
5.6202306e-09
1.4306312e-08
6.7728745e-09
1.579522e-08
8.0244027e-09
1.7278799e-08
9.3747986e-09
1.8735838e-08
1.0819472e-08
2.0188099e-08
1.2354425e-08
2.1611184e-08
1.3975186e-08
2.3002428e-08
1.5677042e-08
2.4347494e-08
1.7454224e-08
2.5627089e-08
1.9299519e-08
2.6839626e-08
2.1211018e-08
2.7946513e-08
2.3181415e-08
2.8981424e-08
2.5205958e-08
2.9926279e-08
2.7277819e-08
3.0815896e-08
2.9392323e-08
3.1653848e-08
3.1544798e-08
3.2464833e-08
3.3729345e-08
3.3266542e-08
3.5946087e-08
3.405716e-08
3.8192407e-08
3.4881896e-08
4.0470031e-08
3.5754819e-08
4.2778859e-08
3.6753747e-08
4.5107007e-08
3.7928939e-08
4.7498001e-08
3.9269033e-08
4.9862458e-08
4.1154326e-08
5.2402669e-08
4.2821644e-08
5.4904795e-08
4.5615531e-08
5.7537754e-08
4.813385e-08
5.9440685e-08
5.1223334e-08
5.7039467e-08
5.7323768e-08
4.1334157e-08
7.3225727e-08
2.3905978e-07
5.934231e-11
7.086891e-10
2.2870193e-10
2.0840548e-09
5.0825716e-10
3.4644544e-09
8.9932608e-10
4.8373628e-09
1.4003613e-09
6.2032911e-09
2.0100128e-09
7.5586368e-09
2.7277086e-09
8.9036063e-09
3.5504512e-09
1.0253031e-08
4.4752465e-09
1.1610093e-08
5.5035372e-09
1.2955289e-08
6.6315458e-09
1.4308282e-08
7.856867e-09
1.565762e-08
9.1798261e-09
1.6981003e-08
1.0595056e-08
1.8302578e-08
1.2097896e-08
1.9599208e-08
1.3682582e-08
2.0868014e-08
1.5342483e-08
2.2096016e-08
1.7069082e-08
2.3265313e-08
1.885058e-08
2.4375647e-08
2.0681845e-08
2.5386259e-08
2.2549844e-08
2.6333369e-08
2.4446503e-08
2.7199417e-08
2.6360776e-08
2.8019188e-08
2.8285888e-08
2.8795971e-08
3.0216003e-08
2.9553451e-08
3.2143943e-08
3.0310749e-08
3.4071597e-08
3.10617e-08
3.5998094e-08
3.1851016e-08
3.7928418e-08
3.2693213e-08
3.9873719e-08
3.3653642e-08
4.1812692e-08
3.482381e-08
4.3838968e-08
3.6066066e-08
4.5832609e-08
3.7988257e-08
4.8075086e-08
3.9422753e-08
5.0320757e-08
4.2227901e-08
5.2828172e-08
4.4477868e-08
5.482812e-08
4.7360657e-08
5.311125e-08
5.3172653e-08
3.8921413e-08
6.6806198e-08
2.0938104e-07
5.8572545e-11
6.0138541e-10
2.2393405e-10
1.7701899e-09
4.9583642e-10
2.9435587e-09
8.7511493e-10
4.1089374e-09
1.3594863e-09
5.2686095e-09
1.9470321e-09
6.4191985e-09
2.6372814e-09
7.5602713e-09
3.4276244e-09
8.7073996e-09
4.3152937e-09
9.8633216e-09
5.303036e-09
1.1006875e-08
6.3867846e-09
1.2159765e-08
7.5639134e-09
1.3310582e-08
8.8346828e-09
1.4436642e-08
1.0192622e-08
1.5563955e-08
1.1631995e-08
1.6671581e-08
1.3145343e-08
1.7756518e-08
1.4723353e-08
1.8808283e-08
1.635374e-08
1.9811413e-08
1.8018605e-08
2.0768376e-08
1.9707941e-08
2.1637064e-08
2.1401251e-08
2.2456579e-08
2.3086379e-08
2.3208725e-08
2.4747547e-08
2.3927823e-08
2.6376055e-08
2.4615587e-08
2.7965961e-08
2.5293013e-08
2.9511434e-08
2.5978821e-08
3.1018113e-08
2.6662338e-08
3.2487798e-08
2.7387294e-08
3.3926858e-08
2.8172685e-08
3.5364998e-08
2.9051117e-08
3.6777059e-08
3.0182527e-08
3.8314643e-08
3.1233042e-08
3.9840926e-08
3.3122489e-08
4.1687702e-08
3.4207083e-08
4.3625823e-08
3.6882575e-08
4.5961568e-08
3.8728869e-08
4.8077058e-08
4.1157494e-08
4.6878479e-08
4.6594256e-08
3.4937148e-08
5.6956098e-08
1.7342195e-07
5.6284918e-11
4.519755e-10
2.1287944e-10
1.3311318e-09
4.6933395e-10
2.2145351e-09
8.2535828e-10
3.0906624e-09
1.2777366e-09
3.9628271e-09
1.8235468e-09
4.8282678e-09
2.4621302e-09
5.6854816e-09
3.1915352e-09
6.5494317e-09
4.0095729e-09
7.4221297e-09
4.9196599e-09
8.2823384e-09
5.9175944e-09
9.1525825e-09
7.0004233e-09
1.002228e-08
8.167183e-09
1.0870357e-08
9.4101223e-09
1.1722697e-08
1.072222e-08
1.2561952e-08
1.2093646e-08
1.3385212e-08
1.3511891e-08
1.4185531e-08
1.496005e-08
1.4951286e-08
1.6413418e-08
1.5688536e-08
1.785505e-08
1.6356605e-08
1.925631e-08
1.6995613e-08
2.0600664e-08
1.7585999e-08
2.1868533e-08
1.8159522e-08
2.305096e-08
1.8714763e-08
2.4145909e-08
1.9265964e-08
2.5151918e-08
1.9830234e-08
2.607625e-08
2.0398463e-08
2.6925045e-08
2.1008299e-08
2.7715827e-08
2.1680378e-08
2.8500438e-08
2.2398502e-08
2.9269131e-08
2.3407093e-08
3.0205988e-08
2.4142143e-08
3.1224064e-08
2.5839973e-08
3.2594111e-08
2.6475937e-08
3.4242022e-08
2.8759863e-08
3.6409878e-08
3.007867e-08
3.8617425e-08
3.1823458e-08
3.8356087e-08
3.6438775e-08
2.8408914e-08
4.3399823e-08
1.2744474e-07
5.0316732e-11
2.4493724e-10
1.8609508e-10
7.2100648e-10
4.0747388e-10
1.2005632e-09
7.1246209e-10
1.6752768e-09
1.0965758e-09
2.1483969e-09
1.5557192e-09
2.6181079e-09
2.0879166e-09
3.082438e-09
2.6930591e-09
3.5521498e-09
3.370281e-09
4.0284785e-09
4.1214351e-09
4.495019e-09
4.9434592e-09
4.9699513e-09
5.8332192e-09
5.4455717e-09
6.7861573e-09
5.9069818e-09
7.7939893e-09
6.3745e-09
8.8495515e-09
6.8358367e-09
9.9393198e-09
7.2903026e-09
1.1047785e-08
7.7340854e-09
1.2153822e-08
8.1606157e-09
1.3227992e-08
8.5783503e-09
1.4244275e-08
8.9555634e-09
1.5168471e-08
9.3259635e-09
1.5981239e-08
9.6699807e-09
1.6662953e-08
1.0011995e-08
1.7208526e-08
1.0346199e-08
1.7623137e-08
1.0676627e-08
1.790704e-08
1.1023461e-08
1.8075186e-08
1.1378139e-08
1.8152452e-08
1.1757102e-08
1.8182383e-08
1.2181496e-08
1.8218563e-08
1.2601413e-08
1.833646e-08
1.3281426e-08
1.8606747e-08
1.3589171e-08
1.9219741e-08
1.4739041e-08
2.0086613e-08
1.4912529e-08
2.1592884e-08
1.6333221e-08
2.3728378e-08
1.6993988e-08
2.6175706e-08
1.7782217e-08
2.7899595e-08
2.032811e-08
2.0468005e-08
2.4605187e-08
6.8391456e-08
3.2783558e-11
1.1137588e-10
2.3924208e-10
4.1164816e-10
6.2386975e-10
8.7127748e-10
1.1492888e-09
1.4614553e-09
1.809941e-09
2.1905962e-09
2.6050684e-09
3.0511005e-09
3.5172082e-09
4.0004866e-09
4.4942211e-09
4.9847317e-09
5.4565061e-09
5.8863775e-09
6.2528289e-09
6.5187943e-09
6.6617492e-09
6.660659e-09
6.5091585e-09
6.2094435e-09
5.7677958e-09
5.2097081e-09
4.5742503e-09
3.8976533e-09
3.2668415e-09
2.6746512e-09
2.4626494e-09
2.1728403e-09
2.8022352e-09
3.2814594e-09
4.8994385e-09
7.1464602e-09
9.5302075e-09
1.2349523e-08
1.0179683e-08
)
;

boundaryField
{
    piston
    {
        type            calculated;
        value           uniform 0;
    }
    cylinderHead
    {
        type            calculated;
        value           uniform 0;
    }
    cylinderWall
    {
        type            calculated;
        value           nonuniform List<scalar> 
120
(
0
0
0
0
0
0
0
0
0
0
0
0
0
0
0
0
0
0
0
0
0
0
0
0
0
0
0
0
0
0
0
0
0
0
0
0
0
0
0
0
0
0
0
0
0
-7.7037198e-34
0
0
0
0
0
0
0
0
0
0
0
0
0
0
0
0
0
0
0
0
0
0
0
0
0
0
0
0
-7.7037198e-34
0
0
0
0
0
0
0
0
0
0
0
0
0
0
0
0
0
0
0
0
0
7.7037198e-34
0
0
0
0
0
0
0
7.7037198e-34
0
0
0
0
0
0
0
0
0
0
0
0
0
0
0
)
;
    }
    wedgeFront
    {
        type            wedge;
        value           nonuniform List<scalar> 
4800
(
7.1432039e-16
1.0706061e-15
4.5196733e-16
-1.4244248e-17
4.6939487e-16
4.4083141e-16
5.2809946e-16
3.0005629e-16
6.2672044e-16
2.8566778e-16
4.9398004e-16
2.1855718e-16
5.9487375e-16
2.6551668e-16
3.197051e-16
2.4089512e-16
2.678818e-16
3.417033e-16
2.8313634e-16
3.642784e-16
5.1277985e-16
3.7419151e-16
3.9737967e-16
6.4419495e-16
5.5304386e-16
4.0403674e-16
2.9095896e-16
1.0468245e-16
4.5543243e-16
3.3487989e-16
4.0792553e-16
6.9191546e-16
4.2500359e-16
4.6216799e-16
4.9340781e-16
5.0788811e-16
6.7788338e-16
7.5101543e-16
6.9596007e-16
4.3537066e-16
4.2451384e-16
4.6079355e-16
5.8398332e-16
2.3602809e-16
1.8311176e-16
3.9276341e-16
3.3414887e-16
5.9072285e-17
6.8143392e-17
2.0823632e-16
3.8061969e-16
4.8373802e-16
3.5371665e-16
3.6792922e-16
3.9050919e-16
3.5250532e-16
5.7161392e-16
3.0145902e-16
4.2720567e-16
3.6033863e-16
2.6795478e-16
4.1587562e-16
5.6972058e-16
4.7650391e-16
4.9214804e-16
5.1199002e-16
6.0555701e-16
5.0716224e-16
5.0353295e-16
3.2167703e-16
3.1879367e-16
4.8598928e-16
4.9116934e-16
1.3579149e-16
5.3157903e-16
4.8623007e-16
2.7089607e-16
4.6921105e-16
5.7011115e-16
5.3444517e-16
4.8321853e-16
3.2186055e-16
2.9430645e-16
1.2726813e-16
2.6470062e-16
3.6079748e-16
2.2679659e-16
4.1666526e-16
3.7672405e-16
3.1116641e-16
2.431906e-16
4.014397e-16
4.3790613e-16
3.5290874e-16
1.8965682e-16
2.9211125e-16
5.0415192e-16
1.4296602e-16
4.5475011e-16
3.1833607e-16
8.3846705e-17
2.4592319e-16
8.3946329e-17
4.6124432e-16
3.2422512e-16
4.0518522e-16
2.5585781e-16
2.0822644e-16
4.1460755e-16
1.9622646e-16
2.2982789e-16
4.7422548e-16
6.5011821e-16
5.2307552e-16
7.1411609e-16
7.599285e-16
2.6712207e-16
5.6981423e-16
4.9760444e-16
4.0949842e-16
1.5445815e-15
1.9142546e-15
1.5264e-15
1.3886973e-15
1.2706924e-15
1.2247022e-15
1.3686998e-15
1.2211581e-15
1.1513034e-15
1.2077411e-15
1.3494894e-15
1.2587621e-15
1.1955853e-15
1.2777645e-15
1.1943273e-15
1.2265112e-15
1.2042628e-15
1.2051572e-15
1.2761377e-15
1.2704089e-15
1.1801046e-15
1.2683012e-15
1.1976099e-15
1.3224083e-15
1.2991889e-15
1.1503562e-15
1.1770415e-15
1.2450075e-15
1.3155026e-15
1.3243096e-15
1.3421495e-15
1.4021248e-15
1.3013989e-15
1.3552842e-15
1.219875e-15
1.1738789e-15
1.3306873e-15
1.3039929e-15
1.2924158e-15
1.3528276e-15
1.3050423e-15
1.2739872e-15
1.2033318e-15
1.1582074e-15
1.1961503e-15
1.0775895e-15
1.190782e-15
1.0522478e-15
1.0718443e-15
1.0806186e-15
1.310061e-15
1.2279478e-15
1.2418458e-15
1.1187616e-15
1.3139234e-15
1.2443993e-15
1.2820695e-15
1.3103913e-15
1.0583235e-15
1.11917e-15
9.5147343e-16
1.1942338e-15
1.1606356e-15
1.2004554e-15
1.1082257e-15
1.1696855e-15
1.1660969e-15
1.2418642e-15
1.1777515e-15
1.0864956e-15
1.2486196e-15
1.1894862e-15
1.3867457e-15
1.2190199e-15
1.1662468e-15
1.1062701e-15
1.1117512e-15
1.1012882e-15
1.1337078e-15
1.2203887e-15
1.161626e-15
1.0357381e-15
1.084272e-15
1.1531388e-15
1.1506914e-15
1.0683238e-15
1.2477275e-15
1.1692691e-15
1.1647589e-15
1.0516794e-15
1.2180257e-15
1.3191479e-15
1.1713513e-15
1.1898649e-15
1.0940725e-15
1.0768561e-15
1.021025e-15
1.1085983e-15
1.0721575e-15
1.1513336e-15
9.9305492e-16
9.3616468e-16
1.0014084e-15
1.1012308e-15
1.0664465e-15
1.0243412e-15
1.0601811e-15
8.9080775e-16
1.1123874e-15
1.1629328e-15
1.2001268e-15
1.2307547e-15
1.1418924e-15
1.2676408e-15
1.384495e-15
1.499586e-15
1.3952522e-15
1.5567436e-15
1.4709017e-15
1.7646952e-15
-5.8640873e-16
-4.6472184e-16
-4.2102026e-16
-4.0406824e-16
-3.2464214e-16
-2.5000752e-16
-3.417334e-16
-2.4815363e-16
-2.0103314e-16
-1.4537671e-16
-1.9012642e-16
-1.578276e-16
-2.7671936e-16
-3.162985e-16
-3.5646172e-16
-2.608752e-16
-2.9650547e-16
-2.0161877e-16
-2.1224623e-16
-1.9621322e-16
-1.7820758e-16
-2.327606e-16
-1.9269243e-16
-2.4805065e-16
-2.5434697e-16
-3.6418487e-16
-3.6279441e-16
-2.8250082e-16
-2.8372024e-16
-1.3175732e-16
-1.4645453e-16
-1.4845975e-16
-2.277024e-16
-1.4362224e-16
-1.8588237e-16
-2.2170894e-16
-2.1269635e-16
-1.9873222e-16
-1.8208513e-16
-1.8558324e-16
-2.7286576e-16
-2.1380862e-16
-2.424287e-16
-2.5207281e-16
-2.5590073e-16
-2.3132231e-16
-2.6032415e-16
-1.6241939e-16
-2.1033695e-16
-2.8797021e-16
-2.1206938e-16
-1.8075657e-16
-1.7617231e-16
-1.7430518e-16
-2.0410631e-16
-4.3939605e-17
-1.7057637e-16
-1.7570595e-16
-2.2300438e-16
-2.9050648e-16
-2.0363343e-16
-1.529021e-16
-1.1418269e-16
-1.8091349e-16
-2.1356498e-16
-3.3885004e-16
-3.0309987e-16
-2.2713067e-16
-1.6845229e-16
-1.8081524e-16
-2.3848444e-16
-2.0979339e-16
-1.4621599e-16
-1.7161391e-16
-1.7472002e-16
-2.1824101e-16
-2.3873418e-16
-2.5675802e-16
-2.9267527e-16
-2.1389366e-16
-2.9960108e-16
-2.8443682e-16
-3.3391778e-16
-2.9811783e-16
-2.6369814e-16
-1.6507602e-16
-2.4140886e-16
-3.3488615e-16
-3.0644564e-16
-1.4379268e-16
-2.067753e-16
-2.5546636e-16
-3.4280585e-16
-2.676154e-16
-3.3362929e-16
-3.4871072e-16
-3.9902401e-16
-2.4170754e-16
-2.4471023e-16
-3.0073579e-16
-2.6746814e-16
-3.386993e-16
-2.4231269e-16
-2.7767648e-16
-2.4736249e-16
-3.1483814e-16
-4.8761343e-16
-2.7820403e-16
-3.2297526e-16
-3.0078597e-16
-3.2322655e-16
-2.2809839e-16
-1.6869017e-16
-2.5491977e-16
-2.810805e-16
-3.0608778e-16
-3.2125862e-16
-4.4144166e-16
-4.5920657e-16
-5.2160375e-16
3.0199632e-17
-1.7610605e-17
-1.44967e-16
-1.707602e-16
-1.3654514e-16
-7.8451898e-17
-3.3018221e-17
-4.6347233e-17
-9.5747519e-17
-7.5272142e-17
-6.9559875e-17
-8.5199742e-17
-1.2439767e-16
-7.885144e-17
-5.5819357e-17
-4.6403743e-17
-5.3015367e-17
-6.3327924e-17
-8.7131348e-17
-8.7938967e-17
-6.5797036e-17
-8.2650504e-17
-6.737338e-17
-8.6419176e-17
-9.3466638e-17
-1.5831834e-16
-9.511866e-17
-4.0476274e-17
-4.5780241e-17
-3.271823e-18
-5.7449852e-18
2.167625e-17
-1.0524436e-17
-6.9143809e-17
-7.0712728e-17
-8.5694741e-17
-7.9046759e-17
-5.9149788e-17
-6.8273295e-17
-1.2129083e-16
-1.3109498e-16
-9.8169322e-17
-1.0162543e-16
-1.1730607e-16
-9.6329838e-17
-1.0268735e-16
-7.4352266e-17
-5.4455133e-17
-4.6885786e-17
-8.9359546e-17
-1.1359775e-16
-8.557036e-17
-2.4455765e-17
-4.8681478e-18
2.5015577e-18
-1.0670171e-17
-4.9246937e-17
-1.6496352e-18
-7.6346113e-17
-7.0609573e-17
-2.5695253e-17
-4.3538904e-17
-9.8579142e-17
-1.2520774e-16
-1.4064455e-16
-1.1047436e-16
-1.0534894e-16
-1.0394737e-16
-9.5745259e-17
-1.0620558e-16
-6.3395044e-17
-7.396167e-17
-7.1198996e-17
-9.1354314e-17
-1.1363376e-16
-1.0148897e-16
-5.0961869e-17
-9.1616325e-17
-6.1499545e-17
-6.610848e-17
-4.2576858e-17
-6.403694e-17
-8.5993575e-17
-5.2201644e-17
-5.9435742e-17
-1.0823861e-16
-1.0115971e-16
-7.3596918e-17
-4.9430898e-17
-1.0924099e-16
-1.1938171e-16
-1.4842544e-16
-1.6991108e-16
-2.3399118e-16
-2.0522699e-16
-1.5604148e-16
-1.7454628e-16
-1.5331997e-16
-1.547068e-16
-1.2236078e-16
-1.0894695e-16
-9.4137362e-17
-1.0787203e-16
-9.4360399e-17
-6.2241679e-17
-2.8425039e-17
-5.0272179e-17
-7.8035763e-17
-8.7307857e-17
-1.141524e-16
-1.2581201e-16
-9.5954954e-17
-8.316429e-17
-7.3136603e-17
-1.2937309e-16
-1.091552e-16
-1.61928e-16
-9.1404572e-17
-1.9672212e-17
-2.7897132e-17
7.6013114e-17
6.5580036e-17
-5.1570732e-17
-6.9186479e-17
-5.791756e-17
-1.5470438e-17
2.283778e-17
3.3914034e-18
-3.7183095e-17
-1.3772164e-17
-4.1018925e-18
-1.4649719e-17
-4.4755557e-17
-2.2705387e-17
1.3345842e-17
1.7969191e-17
1.7949142e-17
-8.2015139e-18
-9.7364926e-18
-7.2461333e-18
-3.1502279e-18
-1.8831472e-17
-1.331099e-17
-2.0947174e-17
-2.1194794e-18
-6.4887853e-17
-1.3133147e-17
2.9845213e-17
1.5192526e-17
3.366486e-17
4.0483115e-17
6.2814655e-17
4.4935836e-17
8.6214227e-18
-1.2970426e-17
-3.2439529e-17
-2.4802127e-17
-4.3590687e-18
-9.4879616e-18
-2.5813541e-17
-3.7727802e-17
-1.5650397e-17
-1.9333289e-17
-3.275278e-17
-2.4091146e-17
-2.6246165e-17
-2.5238844e-17
-2.2605513e-18
1.002326e-17
-7.177917e-18
-2.5198441e-17
-1.5792313e-17
3.2393526e-17
3.9256556e-17
3.7755725e-17
4.2861997e-17
1.5103517e-17
5.0563709e-17
9.8083706e-19
-1.932114e-18
1.6475278e-17
3.0426723e-18
-1.7274769e-17
-3.5235093e-17
-6.3260309e-17
-3.2895169e-17
-2.0644408e-17
-2.9180397e-17
-2.5693399e-17
-4.2081763e-17
3.2897006e-18
-1.1105527e-17
-2.9430964e-17
-3.3904108e-17
-4.087872e-17
-1.9027733e-17
2.8536457e-18
-1.4702662e-17
-1.2887365e-17
-1.0829471e-17
1.9918529e-17
2.1000822e-17
-1.0418246e-18
1.177361e-17
1.2228306e-17
-2.2107627e-17
-1.2599443e-17
1.0426903e-17
4.3084885e-19
-6.4593203e-17
-7.0688169e-17
-8.2170685e-17
-9.7990341e-17
-1.4585727e-16
-1.3663538e-16
-8.8529144e-17
-1.0734499e-16
-5.8928392e-17
-6.2354051e-17
-4.4895739e-17
-3.9190715e-17
-2.5793625e-17
-3.4416966e-17
-2.143917e-17
-1.2327288e-17
2.1965626e-17
2.768096e-17
1.1864981e-17
-6.8788529e-18
-4.6651633e-17
-6.7103819e-17
-5.1355331e-17
-3.6992013e-17
-2.7745994e-17
-3.9894482e-17
-2.692012e-17
-6.0139594e-17
2.3853405e-18
6.1694646e-17
5.688324e-17
1.2620999e-16
2.63248e-17
9.0006508e-17
7.1488825e-17
6.1342709e-17
1.3378198e-16
8.7471803e-17
7.2551695e-17
6.321519e-17
7.2457722e-17
1.2556061e-16
1.1628905e-16
6.1614364e-17
6.261423e-17
7.2252345e-17
4.4409938e-17
5.2846104e-17
7.395726e-18
2.5913028e-17
4.539224e-17
4.4708669e-17
1.1955926e-17
4.8650576e-18
-1.477466e-17
-9.160915e-18
3.2708168e-17
4.784041e-18
1.3160293e-17
-1.5540843e-17
-1.9612907e-17
3.4046769e-17
5.2134173e-17
-8.3659533e-18
-1.2654542e-17
-5.7255646e-18
-3.3405737e-17
-6.0526698e-17
-1.7611832e-17
-3.0839493e-17
-2.6206315e-17
-3.8903179e-17
-4.9922287e-17
-3.685001e-17
-5.9160813e-17
-4.8429939e-17
-3.6972402e-17
-1.1994997e-16
-8.4495095e-17
-5.6770114e-17
-6.3733475e-17
-7.3296941e-17
-4.9811447e-17
-4.1835599e-17
-4.1596357e-17
-4.8674359e-17
-7.8284844e-17
-6.4170505e-17
-5.3713471e-17
-6.4278691e-17
-8.1424809e-17
-8.9460922e-17
-6.434362e-17
-7.5163306e-17
-4.3425139e-17
-8.5111908e-17
-5.9141507e-17
-4.9799441e-17
-2.0677757e-17
-3.6199523e-17
-2.1926113e-17
-5.0766142e-17
-4.8981432e-17
-3.2983375e-17
-2.231419e-17
-2.2149496e-17
1.0821494e-17
-1.6133107e-17
-1.4350294e-17
-3.5152069e-17
-4.7018181e-17
-3.0023605e-18
-5.0281442e-17
-4.4397813e-17
-3.1325438e-17
1.0645975e-17
-8.5814038e-18
-1.6089968e-17
6.3621562e-18
-2.7704429e-17
-3.6655574e-17
-9.5023029e-17
-9.082084e-17
-6.3795767e-17
-6.3957447e-17
-4.948972e-17
-5.3620066e-17
-4.2781361e-17
-3.9394375e-17
-4.8917764e-17
-5.4526505e-17
-3.1347279e-17
-4.3129349e-17
-3.9416501e-17
-3.0821674e-17
-1.9522493e-17
-2.4540095e-18
-9.2392113e-18
-5.9853371e-17
-1.0389598e-17
-4.68702e-17
-9.2730792e-17
-9.6900459e-17
-7.9532237e-17
-1.0287541e-16
-7.33293e-17
-4.0599214e-17
-6.8513856e-17
-4.1521225e-17
-2.2692176e-17
-3.5278903e-17
5.4144869e-17
2.1482559e-17
-4.3383394e-17
-7.1190849e-17
-4.3286299e-17
-1.8370203e-17
1.5053812e-17
5.8894046e-18
-2.50979e-17
-9.2705787e-18
-4.6548658e-18
-1.1994144e-17
-2.8291102e-17
-3.4131665e-18
1.7616568e-17
1.6751749e-17
1.7204167e-17
-1.010077e-17
-1.3326872e-17
-1.0256976e-17
-5.7279211e-18
-9.1910975e-18
5.262075e-18
-5.6693982e-18
9.0710132e-19
-2.8038463e-17
8.4981039e-18
3.2898019e-17
3.7736578e-17
5.8688642e-17
5.2484673e-17
6.9524116e-17
4.8875055e-17
1.751017e-17
1.3780342e-17
8.3595071e-18
1.0829785e-17
2.1320384e-17
1.8181259e-17
2.5870657e-18
-7.5168135e-18
8.0479467e-18
9.9154091e-18
-1.0825695e-18
1.4743151e-18
5.8346246e-18
5.7817101e-18
2.124588e-17
2.7263057e-17
1.597926e-17
-2.7060896e-18
8.8274962e-18
2.9212171e-17
3.4210164e-17
3.7904884e-17
4.4066751e-17
2.3994169e-17
4.4436555e-17
1.5766166e-17
1.1062596e-17
2.6342217e-17
1.8728335e-17
-3.3491475e-19
-1.4550354e-17
-2.2582777e-17
4.248906e-18
1.069055e-18
5.8724798e-18
6.6578994e-18
-4.9574551e-18
3.416178e-17
1.220783e-17
6.612961e-18
4.9975543e-18
-7.1645939e-18
1.099516e-17
3.1363877e-17
6.1618259e-18
2.8553635e-17
2.1194939e-17
3.5053373e-17
2.9732342e-17
2.0663923e-17
3.6680285e-17
2.8537743e-17
-5.5914875e-19
1.1386356e-17
3.1843852e-17
2.4518866e-17
-9.8164144e-19
-1.962077e-17
-2.718955e-17
-3.4311295e-17
-7.7732342e-17
-3.8664185e-17
-1.914511e-17
-2.9694977e-17
-8.5206535e-18
1.6236499e-18
1.8641262e-17
1.3694043e-17
1.718663e-17
-5.0973434e-18
4.8061271e-18
2.0402051e-17
4.2191729e-17
4.5861938e-17
1.613725e-17
1.0370287e-17
-5.1366011e-18
-1.2648456e-17
-9.0637752e-19
1.5281658e-18
1.1891057e-18
-1.209744e-18
2.0711066e-17
-4.4732496e-18
4.1862021e-17
7.0155693e-17
4.4902819e-17
3.1721654e-17
2.3758168e-17
-4.7591024e-17
-6.3769557e-17
-4.9892766e-17
-2.0548942e-17
1.3493952e-17
7.5377347e-18
-2.3978947e-17
-1.1063634e-17
-6.2703118e-18
-1.371876e-17
-2.7967079e-17
-9.2310122e-19
1.4363326e-17
1.7851044e-17
8.7002911e-18
9.1086908e-19
-4.7424519e-18
7.687069e-19
3.3528987e-18
-7.60746e-18
-2.1598223e-18
-2.5094052e-18
9.1053573e-18
-2.2691028e-17
4.7866749e-18
2.3692365e-17
2.8980026e-17
5.3761452e-17
4.9017098e-17
6.7755102e-17
5.2702812e-17
2.2804356e-17
2.2551737e-17
1.5504847e-17
1.8435787e-17
2.9022227e-17
2.9836165e-17
1.1751407e-17
3.1330027e-18
1.7824094e-17
2.1331709e-17
5.9796223e-18
1.0213674e-17
1.0794414e-17
2.6670477e-17
2.6289651e-17
2.9427038e-17
2.5509776e-17
1.2265191e-17
1.9892085e-17
4.2804648e-17
4.6081479e-17
4.3153564e-17
5.1248664e-17
4.3643427e-17
5.5774791e-17
2.363153e-17
2.7422106e-17
5.0338948e-17
3.2850851e-17
1.6542339e-17
5.0932673e-18
-4.5809362e-18
1.6168745e-17
1.3347304e-17
1.3531908e-17
1.7591367e-17
3.4121116e-18
3.6836688e-17
1.5804421e-17
8.564463e-18
5.927557e-18
-3.5218167e-18
1.6029552e-17
3.7101372e-17
1.5482877e-17
2.4331827e-17
1.9420241e-17
3.1909483e-17
3.2763997e-17
2.2893295e-17
4.376451e-17
3.0581629e-17
2.2654374e-18
1.7219893e-17
3.895186e-17
4.0493313e-17
5.2329613e-18
-1.7139245e-17
-3.0547226e-17
-3.2498678e-17
-6.4695357e-17
-4.4240258e-17
-1.6886942e-17
-1.4677001e-17
9.5710313e-19
2.626368e-18
1.571735e-17
1.1199995e-17
2.6022933e-17
2.9172541e-18
4.75799e-18
1.9560823e-17
4.2133049e-17
4.130792e-17
2.9000802e-17
2.59073e-17
1.1456646e-17
8.4417835e-19
1.4874352e-17
1.9735919e-17
9.7407467e-18
-3.9026735e-18
1.409863e-17
-4.0993601e-18
4.0699988e-17
5.7786406e-17
4.3983067e-17
3.2280569e-17
2.3434034e-17
-4.7106388e-17
-6.4311973e-17
-5.1870514e-17
-2.9474784e-17
-1.1373415e-17
-1.9289219e-17
-3.8964941e-17
-2.9764933e-17
-2.2547239e-17
-2.5938147e-17
-3.7758112e-17
-2.084806e-17
-6.2826038e-18
-1.1291313e-18
-5.0949178e-18
-7.5500336e-18
-1.007994e-17
-6.3258347e-18
-2.0913249e-18
-9.379109e-18
-8.91988e-19
1.3922072e-18
8.5291904e-18
-1.554496e-17
2.8090361e-18
1.7646321e-17
2.4901862e-17
3.9812935e-17
3.7422952e-17
5.4638513e-17
4.2937089e-17
3.008609e-17
2.1990478e-17
1.549007e-17
1.9850399e-17
3.1962909e-17
2.370348e-17
1.3638148e-17
1.049519e-17
1.8378656e-17
1.7805149e-17
7.6820466e-18
1.3414849e-17
1.5882109e-17
1.198209e-17
2.5256311e-17
3.4420453e-17
2.0501533e-17
1.4002482e-17
2.2138038e-17
4.5101878e-17
5.2435979e-17
5.3245224e-17
5.3129903e-17
3.7802891e-17
5.4081437e-17
2.7505556e-17
3.6605256e-17
5.0247291e-17
4.0091163e-17
2.0534887e-17
1.4652735e-17
1.7762334e-17
2.9621637e-17
3.2721775e-17
2.1602031e-17
2.2886819e-17
7.9705112e-18
3.6210902e-17
1.5682118e-17
1.2433173e-17
1.628267e-18
1.9704284e-18
1.7687744e-17
3.3708906e-17
2.9248946e-17
3.4551579e-17
3.4060899e-17
3.684708e-17
3.563556e-17
2.3584561e-17
4.0934557e-17
3.2634579e-17
2.5192016e-18
8.5281904e-18
3.0115049e-17
3.5898514e-17
5.6352073e-18
-1.6308243e-17
-2.4364255e-17
-2.5354875e-17
-4.5451182e-17
-3.0333626e-17
-1.1712814e-17
-1.6304443e-17
-1.2335444e-17
-3.4691785e-18
1.0867079e-17
5.6886605e-18
1.6663224e-17
-5.0355378e-18
4.093349e-20
2.071388e-17
3.7070351e-17
3.5548136e-17
1.6828966e-17
1.1479649e-17
1.1445056e-18
-3.0769495e-18
1.611823e-17
1.2587031e-17
9.118522e-18
-4.704151e-18
1.7746272e-17
-1.4004725e-18
2.9129665e-17
4.5596935e-17
3.9450855e-17
-1.9035686e-16
-3.6259857e-16
-3.8170126e-16
-4.1597021e-16
-4.1790503e-16
-4.0210531e-16
-3.7088738e-16
-3.6991735e-16
-3.6508684e-16
-3.6906978e-16
-3.4797077e-16
-3.3014434e-16
-3.190152e-16
-3.1053524e-16
-2.8833718e-16
-2.6565144e-16
-2.3999865e-16
-2.1943425e-16
-1.8290191e-16
-1.540885e-16
-1.3170773e-16
-9.7558461e-17
-7.530894e-17
-5.0629421e-17
-1.0707821e-17
4.3855207e-18
2.4358658e-17
5.7702581e-17
8.1053465e-17
9.7500112e-17
1.4306077e-16
1.6392708e-16
1.8923286e-16
2.0978816e-16
2.355623e-16
2.3480868e-16
2.4144629e-16
2.5212095e-16
2.4828722e-16
2.5636979e-16
2.4684804e-16
2.579233e-16
2.6447392e-16
2.7172695e-16
2.4295673e-16
2.695031e-16
2.7750997e-16
2.6782552e-16
2.8364153e-16
2.5039291e-16
2.6472618e-16
2.3955204e-16
2.5049275e-16
2.4604703e-16
2.6307553e-16
2.5552831e-16
2.4183373e-16
2.385858e-16
2.4729222e-16
2.2558994e-16
2.2787465e-16
2.0468107e-16
1.9676903e-16
1.8380675e-16
2.0053002e-16
2.0175011e-16
2.0769672e-16
1.8341349e-16
1.5819774e-16
1.4308177e-16
1.6270503e-16
1.6456741e-16
1.3081099e-16
1.2917699e-16
1.2903694e-16
1.2417207e-16
1.4173704e-16
1.458992e-16
1.3016314e-16
1.2233281e-16
1.2627164e-16
1.2123465e-16
8.6197771e-17
9.4513353e-17
8.8495415e-17
9.648153e-17
8.7974708e-17
9.0180775e-17
8.2034186e-17
7.721122e-17
5.4733607e-17
5.1663826e-17
4.5937251e-17
4.9771558e-17
6.297423e-17
7.8473406e-17
7.7324404e-17
7.1127971e-17
6.9427434e-17
7.4718355e-17
7.3099062e-17
5.4716108e-17
3.7927413e-17
3.5551358e-17
6.0674667e-17
5.1826443e-17
5.3022845e-17
3.5812952e-17
4.0064135e-17
3.8282317e-17
4.8002431e-17
6.2054292e-17
6.0125528e-17
1.9391852e-17
4.3677021e-17
1.5296083e-17
2.0868828e-17
2.3440066e-17
2.5819516e-17
2.2096738e-17
-1.2851275e-16
-2.5504338e-16
-2.4360984e-16
-2.6375593e-16
-2.5552987e-16
-2.4342347e-16
-2.5998225e-16
-2.5485133e-16
-2.4793797e-16
-2.4503787e-16
-2.3606367e-16
-2.4589237e-16
-2.3112974e-16
-2.3557519e-16
-2.082454e-16
-1.7534329e-16
-1.8842293e-16
-1.6487873e-16
-1.5709753e-16
-1.342066e-16
-1.1146719e-16
-9.6019586e-17
-8.8131515e-17
-4.944247e-17
-2.3323971e-17
-1.566826e-17
-1.1577581e-17
-5.2126162e-19
2.8300122e-17
2.3033175e-17
4.5905607e-17
7.6877303e-17
9.2992849e-17
1.1908768e-16
1.2580662e-16
1.3436356e-16
1.5526477e-16
1.4273794e-16
1.3480759e-16
1.5767353e-16
1.4390296e-16
1.5589268e-16
1.4102593e-16
1.4415243e-16
1.6396158e-16
1.6029788e-16
1.584313e-16
1.28252e-16
1.4403635e-16
1.5508012e-16
1.3333982e-16
1.3744669e-16
1.1499837e-16
1.3146633e-16
1.245531e-16
1.1325947e-16
1.3046782e-16
1.2073244e-16
1.1984861e-16
1.1775575e-16
1.1485079e-16
1.0225246e-16
9.3793757e-17
8.5739008e-17
7.9600514e-17
8.5859478e-17
9.4742401e-17
7.6368104e-17
5.6500271e-17
7.1096198e-17
5.196537e-17
6.6125066e-17
4.7768011e-17
4.0086459e-17
4.8886727e-17
6.0043664e-17
5.8060367e-17
6.0597317e-17
5.5683123e-17
4.8582439e-17
3.1957545e-17
2.9074146e-17
2.9515626e-17
3.7893913e-17
3.7438997e-17
3.6197135e-17
4.5888862e-17
1.2171686e-17
8.8757551e-18
8.406219e-18
-9.6304283e-18
3.5838334e-18
-9.6884293e-19
-2.650858e-18
3.1679771e-17
3.4422553e-17
1.9172853e-17
1.8112595e-17
9.6411758e-18
-3.277623e-18
3.2246224e-18
-7.507754e-18
-1.2039883e-17
-1.9644004e-17
-1.2592685e-17
-9.5075999e-18
-6.3517292e-19
-1.7681224e-17
-1.4645308e-17
-2.7828134e-17
-1.0312307e-17
-1.2948431e-18
9.7291935e-18
-3.8355785e-17
-3.5234349e-17
-2.7353255e-17
-1.3817321e-17
-2.2396781e-17
-1.3278836e-18
-3.0671982e-18
1.1422888e-15
1.805537e-15
2.0163739e-15
2.0404315e-15
2.0294342e-15
1.9846431e-15
1.9599263e-15
1.918779e-15
1.8855481e-15
1.8622439e-15
1.8301611e-15
1.7514724e-15
1.6922661e-15
1.6031412e-15
1.5112761e-15
1.388102e-15
1.259763e-15
1.1349955e-15
1.0022215e-15
8.6232273e-16
7.0982656e-16
5.401072e-16
4.1206208e-16
2.4172429e-16
9.051175e-17
-4.8004376e-17
-1.7954091e-16
-3.1513561e-16
-4.5762426e-16
-5.7748123e-16
-6.7958052e-16
-7.7728541e-16
-8.751543e-16
-9.2021389e-16
-1.0164644e-15
-1.0868851e-15
-1.1386456e-15
-1.1873746e-15
-1.2339101e-15
-1.2619431e-15
-1.2900867e-15
-1.2995249e-15
-1.3325658e-15
-1.3381971e-15
-1.366631e-15
-1.3596597e-15
-1.366964e-15
-1.328818e-15
-1.3066601e-15
-1.2744533e-15
-1.2633912e-15
-1.2453439e-15
-1.2138951e-15
-1.1962556e-15
-1.1624399e-15
-1.1526534e-15
-1.1062256e-15
-1.073402e-15
-1.0180338e-15
-9.9359633e-16
-9.5734712e-16
-9.1362046e-16
-8.9375676e-16
-8.8672131e-16
-8.6082631e-16
-8.0237888e-16
-7.7352027e-16
-7.5380743e-16
-7.5190091e-16
-7.1179577e-16
-6.9283005e-16
-6.6540746e-16
-6.5479427e-16
-6.1681813e-16
-6.2077375e-16
-5.8931708e-16
-5.7226296e-16
-5.4875502e-16
-5.3825072e-16
-4.9407496e-16
-4.8600796e-16
-4.4315914e-16
-4.3556145e-16
-4.2921651e-16
-4.2250274e-16
-4.2376729e-16
-3.9453278e-16
-4.1265631e-16
-4.1286443e-16
-3.9418055e-16
-3.562872e-16
-3.5909054e-16
-3.5650986e-16
-3.402882e-16
-3.3623739e-16
-3.1701912e-16
-3.1969491e-16
-2.988679e-16
-2.9418215e-16
-3.1386615e-16
-3.0655441e-16
-2.9116618e-16
-3.0402523e-16
-2.9389996e-16
-3.0674082e-16
-3.023775e-16
-3.0074131e-16
-2.9279047e-16
-2.8280692e-16
-2.7332527e-16
-2.6823322e-16
-2.468998e-16
-2.4799807e-16
-2.2799234e-16
-2.5439125e-16
-2.4187889e-16
-2.2495049e-16
-1.9475443e-16
-1.5167439e-16
-6.0319608e-17
-9.2186453e-17
-2.0085641e-16
-2.3983684e-16
-2.5502306e-16
-2.5877261e-16
-2.6731725e-16
-2.7549262e-16
-2.7604052e-16
-2.7076725e-16
-2.5960175e-16
-2.6175374e-16
-2.6065665e-16
-2.4531068e-16
-2.3386433e-16
-2.1899136e-16
-2.007073e-16
-1.9872006e-16
-1.6850674e-16
-1.4472188e-16
-1.0705565e-16
-6.7066681e-17
-4.29432e-17
-2.7729502e-17
2.1925257e-18
3.1437407e-17
4.7090934e-17
4.4570096e-17
6.1221272e-17
7.8078915e-17
9.7108218e-17
1.2235237e-16
1.4644986e-16
1.8899859e-16
2.1452907e-16
2.2090752e-16
2.3143474e-16
2.4558515e-16
2.3993636e-16
2.4468414e-16
2.5430505e-16
2.5553603e-16
2.6246167e-16
2.6448173e-16
2.5504257e-16
2.5684327e-16
2.3783065e-16
2.2002228e-16
2.1430465e-16
2.1969799e-16
2.2994823e-16
2.110727e-16
2.0674749e-16
2.1378188e-16
2.0111709e-16
1.7210117e-16
1.8365706e-16
1.8924965e-16
1.8830487e-16
1.7958985e-16
1.851625e-16
1.8339392e-16
1.8190531e-16
1.7508093e-16
1.6231772e-16
1.5192923e-16
1.5032658e-16
1.733735e-16
1.432686e-16
1.3822514e-16
1.3085959e-16
1.2038447e-16
1.0886399e-16
1.1447584e-16
1.1277586e-16
1.0021525e-16
1.1722872e-16
1.066653e-16
1.0375737e-16
9.0844826e-17
1.0186035e-16
9.2366015e-17
9.462508e-17
8.658549e-17
8.8169796e-17
1.0421941e-16
9.3543961e-17
9.4531807e-17
8.6081104e-17
8.3466678e-17
9.0295674e-17
8.1654997e-17
8.5042427e-17
7.7996878e-17
9.0721987e-17
9.5830948e-17
1.2721257e-16
1.1928367e-16
7.9211934e-17
7.0673933e-17
7.1289057e-17
8.1401696e-17
6.3190818e-17
5.6646501e-17
4.339193e-17
5.7426248e-17
7.9717268e-17
8.7793168e-17
5.9748042e-17
4.3481642e-17
6.5787715e-17
5.000691e-17
6.4567901e-17
6.9991879e-17
5.9517047e-17
4.7250256e-17
6.6181685e-17
6.992584e-17
7.8713139e-17
5.8025313e-17
5.2296374e-17
-1.2080225e-16
-2.3696895e-16
-2.9023257e-16
-3.0997567e-16
-3.1050036e-16
-3.1550782e-16
-3.2416179e-16
-3.2380905e-16
-3.2256948e-16
-3.1077431e-16
-3.0711658e-16
-3.0629749e-16
-2.9172162e-16
-2.8577628e-16
-2.6442806e-16
-2.4429869e-16
-2.3465457e-16
-2.0065398e-16
-1.7230189e-16
-1.3267036e-16
-9.2482222e-17
-7.2099778e-17
-4.9773315e-17
-2.1836999e-17
1.9496808e-17
4.2844419e-17
4.4160979e-17
6.4926807e-17
8.8323616e-17
1.0386904e-16
1.3181126e-16
1.5137512e-16
2.0192539e-16
2.2168354e-16
2.2613395e-16
2.4154977e-16
2.5599203e-16
2.5465944e-16
2.5324998e-16
2.6924553e-16
2.6702961e-16
2.7491746e-16
2.8151268e-16
2.7244192e-16
2.733001e-16
2.6232527e-16
2.4668966e-16
2.3181435e-16
2.3487971e-16
2.4268005e-16
2.2115773e-16
2.1821422e-16
2.2793715e-16
2.0781199e-16
1.8731808e-16
1.940224e-16
2.0488425e-16
2.0595315e-16
1.9100076e-16
1.9663746e-16
1.9455113e-16
1.8454712e-16
1.8043914e-16
1.6347245e-16
1.5070393e-16
1.5432213e-16
1.7768793e-16
1.5220422e-16
1.461898e-16
1.431522e-16
1.3124491e-16
1.2493473e-16
1.2439906e-16
1.2147163e-16
1.1326766e-16
1.2203586e-16
1.041141e-16
1.0519658e-16
9.6778816e-17
1.097211e-16
9.6865681e-17
1.0310426e-16
8.7546843e-17
9.1895499e-17
1.0864436e-16
1.0523176e-16
1.0482924e-16
9.7162118e-17
9.5099663e-17
9.6973276e-17
8.5994482e-17
8.9484501e-17
8.5300669e-17
9.2021222e-17
1.0566075e-16
1.251096e-16
1.2008741e-16
8.4371161e-17
7.2177803e-17
7.7627426e-17
8.5510801e-17
7.101361e-17
6.3081221e-17
4.4961741e-17
7.0315352e-17
8.2538825e-17
9.0442026e-17
5.5372425e-17
4.0655408e-17
5.8833894e-17
4.6583282e-17
5.9090089e-17
6.3553939e-17
6.4575275e-17
5.1633784e-17
6.6163541e-17
6.7997315e-17
7.4799757e-17
4.6687706e-17
2.3150622e-17
-1.5617443e-16
-3.1714989e-16
-3.594654e-16
-3.7445957e-16
-3.8259107e-16
-3.7383099e-16
-3.8367929e-16
-3.8381596e-16
-3.9973122e-16
-3.8731767e-16
-3.7802817e-16
-3.7294937e-16
-3.6719125e-16
-3.3905649e-16
-3.1780873e-16
-3.0065633e-16
-2.8227435e-16
-2.5046104e-16
-2.0665432e-16
-1.6655931e-16
-1.4339136e-16
-1.166099e-16
-8.7123657e-17
-4.5985867e-17
-1.4852347e-17
1.4232841e-17
4.364371e-17
7.4560914e-17
1.0311974e-16
1.3696629e-16
1.4557429e-16
1.6797422e-16
1.9631892e-16
2.1171457e-16
2.3469981e-16
2.4759129e-16
2.4093571e-16
2.4960644e-16
2.6757163e-16
2.5873189e-16
2.6531575e-16
2.7341569e-16
2.6650924e-16
2.8090507e-16
2.6932841e-16
2.6559944e-16
2.6560703e-16
2.4731825e-16
2.4572433e-16
2.3567396e-16
2.3076401e-16
2.1810886e-16
2.2148055e-16
2.1308907e-16
2.0560821e-16
1.9628708e-16
1.8902591e-16
1.9085684e-16
1.8634723e-16
1.8250757e-16
1.6788441e-16
1.6267577e-16
1.5498768e-16
1.5069418e-16
1.4625281e-16
1.3634103e-16
1.4257533e-16
1.4844232e-16
1.4256299e-16
1.2739384e-16
1.1239961e-16
1.1845395e-16
1.1824706e-16
1.0845314e-16
1.0876455e-16
1.1304878e-16
1.0338948e-16
1.0010681e-16
1.0035679e-16
8.5792521e-17
8.4037861e-17
9.1530401e-17
8.3474464e-17
7.8546618e-17
9.1659067e-17
8.7776331e-17
8.4160523e-17
8.9294864e-17
7.9299934e-17
6.85696e-17
7.0835585e-17
6.5626286e-17
6.346269e-17
6.7464525e-17
7.5081535e-17
7.228806e-17
8.1863897e-17
7.168635e-17
6.6253785e-17
6.1131864e-17
6.1144425e-17
5.6453018e-17
3.3463709e-17
3.4468076e-17
4.8827468e-17
4.8077119e-17
4.4855206e-17
3.4601346e-17
4.0242663e-17
2.5709922e-17
3.3969967e-17
3.756484e-17
4.2723597e-17
3.8147126e-17
2.9417001e-17
3.9956953e-17
4.0979143e-17
3.3573465e-17
3.6918624e-17
2.9830347e-17
-1.8308676e-16
-3.6444723e-16
-3.896771e-16
-4.2609809e-16
-4.237476e-16
-4.1890362e-16
-4.3499684e-16
-4.438633e-16
-4.4671581e-16
-4.5270579e-16
-4.4244197e-16
-4.4857963e-16
-4.3133714e-16
-4.2217638e-16
-3.9034046e-16
-3.4674466e-16
-3.2358373e-16
-2.8062861e-16
-2.5580932e-16
-2.2058479e-16
-1.7862045e-16
-1.4011986e-16
-1.0554033e-16
-5.1201402e-17
-8.3533234e-18
2.3878876e-17
4.8155253e-17
7.6045687e-17
1.1862902e-16
1.3208821e-16
1.5906278e-16
1.9229596e-16
2.117917e-16
2.4141585e-16
2.5186544e-16
2.6447534e-16
2.7987542e-16
2.7573161e-16
2.7394259e-16
2.8995431e-16
2.8200818e-16
2.8377659e-16
2.7254445e-16
2.763005e-16
2.829289e-16
2.733152e-16
2.7030117e-16
2.5019566e-16
2.5100104e-16
2.5173246e-16
2.2856029e-16
2.2348605e-16
2.0730704e-16
2.0981472e-16
1.9997956e-16
1.938527e-16
2.0063929e-16
1.8789013e-16
1.7923406e-16
1.678046e-16
1.6009761e-16
1.5314771e-16
1.4768937e-16
1.4063929e-16
1.3202265e-16
1.3076524e-16
1.3685183e-16
1.3231656e-16
1.1606053e-16
1.166199e-16
9.8343591e-17
1.1141461e-16
9.3583907e-17
9.1387425e-17
1.011245e-16
9.8226509e-17
8.5255053e-17
9.952995e-17
8.3233456e-17
8.0195432e-17
6.7392603e-17
6.3739398e-17
6.0064058e-17
6.854461e-17
7.0660819e-17
7.1175126e-17
6.7909134e-17
4.4434145e-17
4.3553164e-17
4.4928797e-17
3.2899196e-17
4.403895e-17
4.5044252e-17
3.7235385e-17
6.2007632e-17
6.7246443e-17
5.6858601e-17
4.9303516e-17
4.2250066e-17
3.5611501e-17
4.4054759e-17
2.9978285e-17
2.2964477e-17
1.3642081e-17
2.0528587e-17
2.6530893e-17
2.6005555e-17
1.2173884e-17
1.3048431e-17
-3.0565524e-19
9.5066963e-18
2.1688922e-17
2.8991422e-17
-1.9402151e-18
5.4255304e-19
6.1533151e-18
2.381522e-17
7.7763929e-18
2.5514639e-17
1.5611436e-17
-1.7238712e-16
-3.5326823e-16
-4.0124011e-16
-4.1846533e-16
-4.3260009e-16
-4.4074072e-16
-4.5087794e-16
-4.7189862e-16
-4.8381508e-16
-4.9053714e-16
-4.9970634e-16
-4.9010452e-16
-4.716701e-16
-4.5136069e-16
-4.2088857e-16
-3.829227e-16
-3.4207382e-16
-3.0319861e-16
-2.6124174e-16
-2.0845374e-16
-1.5837368e-16
-1.121872e-16
-7.1565902e-17
-2.7081904e-17
1.2644869e-17
5.6592811e-17
8.7751119e-17
1.395135e-16
1.6032689e-16
2.0001619e-16
2.2043973e-16
2.530116e-16
2.7944685e-16
2.9368338e-16
3.1207242e-16
3.2507229e-16
3.2785739e-16
3.4244518e-16
3.420928e-16
3.3440607e-16
3.4303738e-16
3.3290794e-16
3.3404112e-16
3.2376759e-16
3.2183332e-16
3.1038875e-16
3.1630206e-16
2.9995524e-16
2.8402822e-16
2.8201817e-16
2.7647501e-16
2.6004861e-16
2.5746742e-16
2.4982713e-16
2.3249849e-16
2.377497e-16
2.2163817e-16
2.2060735e-16
2.0005149e-16
1.9851492e-16
1.9612635e-16
1.7720228e-16
1.6519916e-16
1.664741e-16
1.5773665e-16
1.5681406e-16
1.600074e-16
1.6519636e-16
1.405061e-16
1.4244134e-16
1.4474792e-16
1.3541392e-16
1.2846038e-16
1.1603048e-16
1.0559312e-16
1.1845164e-16
1.1351512e-16
1.1594972e-16
1.1145049e-16
9.8262031e-17
9.0750101e-17
9.4074828e-17
9.9136807e-17
1.0238256e-16
9.2888321e-17
8.4179683e-17
8.4930148e-17
8.4540044e-17
6.9679435e-17
6.4892556e-17
5.2019859e-17
6.3471535e-17
6.9972096e-17
7.0801925e-17
7.9338908e-17
8.0996635e-17
7.4515265e-17
6.8704112e-17
6.1139809e-17
7.4978076e-17
6.6489741e-17
4.9155681e-17
4.8940121e-17
4.9224284e-17
5.8363595e-17
5.3525713e-17
5.336421e-17
5.2871123e-17
4.743355e-17
3.2209383e-17
3.7731652e-17
4.1288198e-17
4.4170426e-17
4.1438447e-17
4.8018872e-17
4.4915475e-17
3.3867055e-17
3.7379438e-17
3.8539198e-17
1.622976e-17
-1.6307271e-16
-3.3834539e-16
-4.1370523e-16
-4.0736152e-16
-4.1472367e-16
-4.6724969e-16
-5.0863822e-16
-5.3838033e-16
-5.7826401e-16
-5.7228504e-16
-5.8297735e-16
-5.7412146e-16
-5.6984091e-16
-5.3214326e-16
-4.8331724e-16
-4.49849e-16
-3.9572472e-16
-3.384461e-16
-2.807929e-16
-2.3571211e-16
-1.7316901e-16
-1.2398084e-16
-6.8228345e-17
-1.6324531e-17
2.2396754e-17
7.9223143e-17
1.1588895e-16
1.5714949e-16
1.8316555e-16
2.2987338e-16
2.6582186e-16
3.0546276e-16
3.2934225e-16
3.5249583e-16
3.5750723e-16
3.7009982e-16
3.6935529e-16
3.8255945e-16
3.8713921e-16
3.8036744e-16
3.9157321e-16
3.8172997e-16
3.7779375e-16
3.8735224e-16
3.7317767e-16
3.5995889e-16
3.5215376e-16
3.4129595e-16
3.2636342e-16
3.1980887e-16
2.9006272e-16
2.7376585e-16
2.8921136e-16
2.6872795e-16
2.6455089e-16
2.5157191e-16
2.4201594e-16
2.3854218e-16
2.1866618e-16
2.1965291e-16
2.0525293e-16
1.9158401e-16
1.8561446e-16
1.7479489e-16
1.6903588e-16
1.5715086e-16
1.6111147e-16
1.5404691e-16
1.5623164e-16
1.4498959e-16
1.4077392e-16
1.3323592e-16
1.2934861e-16
1.2691654e-16
1.2689832e-16
1.1209659e-16
1.2642372e-16
1.1204841e-16
1.1132848e-16
1.1928191e-16
1.0827219e-16
1.1660497e-16
1.048687e-16
9.5728763e-17
1.0343578e-16
8.3526535e-17
9.0943528e-17
9.6722027e-17
7.7928697e-17
8.066248e-17
7.1749438e-17
7.5623863e-17
8.9700433e-17
9.6709262e-17
8.371929e-17
7.7178817e-17
8.1845656e-17
7.5090983e-17
7.3168065e-17
8.2782346e-17
8.3728262e-17
7.8775165e-17
7.9913933e-17
6.8856291e-17
8.6484941e-17
6.8625816e-17
6.8418718e-17
5.1968247e-17
5.4815098e-17
4.4029359e-17
4.8320266e-17
3.8887598e-17
4.6619843e-17
4.3878899e-17
4.8824266e-17
7.4351226e-17
5.178119e-17
3.8401386e-17
4.0129888e-17
2.0848365e-17
-1.2855878e-16
-2.8119388e-16
-3.4629249e-16
-3.7252482e-16
-4.252968e-16
-4.9554721e-16
-5.6348948e-16
-6.3584793e-16
-6.765492e-16
-6.9504514e-16
-6.9827964e-16
-6.9096212e-16
-6.6085145e-16
-6.1223431e-16
-5.6634126e-16
-5.1976365e-16
-4.6153038e-16
-3.9216229e-16
-3.2244319e-16
-2.5397388e-16
-1.9114696e-16
-1.2532811e-16
-6.6299535e-17
-1.1152596e-17
3.5916781e-17
1.0264919e-16
1.5394809e-16
2.0311648e-16
2.3186141e-16
2.7330942e-16
3.0931541e-16
3.4924675e-16
3.7248957e-16
3.9993752e-16
4.0662536e-16
4.176551e-16
4.1792652e-16
4.3286724e-16
4.3709652e-16
4.2796772e-16
4.4147905e-16
4.2523198e-16
4.193813e-16
4.1448444e-16
4.1449651e-16
3.8494575e-16
3.8443623e-16
3.7680617e-16
3.519415e-16
3.4800592e-16
3.2939504e-16
3.1671923e-16
3.0406394e-16
2.8828608e-16
2.6968691e-16
2.5721345e-16
2.590761e-16
2.5345749e-16
2.2628771e-16
2.1692463e-16
2.089806e-16
2.0175386e-16
2.0405581e-16
2.0557282e-16
1.8699391e-16
1.7098365e-16
1.6168938e-16
1.6393032e-16
1.5523397e-16
1.3069312e-16
1.3424836e-16
1.2507042e-16
1.2751209e-16
1.282061e-16
1.1585812e-16
1.1182537e-16
1.2759225e-16
1.1598211e-16
1.1077782e-16
1.141055e-16
1.0916389e-16
1.1025011e-16
1.0995688e-16
1.1168761e-16
1.0603751e-16
8.6941386e-17
1.0486909e-16
9.3725818e-17
7.9352687e-17
9.7082941e-17
9.2293993e-17
8.6712332e-17
9.4607134e-17
8.9623353e-17
8.9523611e-17
6.9216347e-17
7.3356267e-17
8.3589621e-17
9.714751e-17
7.6284126e-17
7.4397454e-17
7.0437247e-17
7.3387076e-17
7.2770168e-17
7.6240383e-17
7.4539088e-17
6.8171018e-17
6.3057131e-17
6.4639511e-17
5.0078572e-17
6.2688715e-17
5.7555695e-17
5.8622648e-17
3.8706466e-17
4.4125468e-17
4.9158616e-17
3.8191811e-17
3.3730408e-17
3.6930516e-17
3.4642938e-17
2.2238892e-16
1.037879e-15
1.61425e-15
2.1581435e-15
3.0541379e-15
3.959516e-15
4.8002025e-15
5.4621254e-15
5.8330958e-15
5.9864723e-15
5.952212e-15
5.7649276e-15
5.4697606e-15
5.0893497e-15
4.6320355e-15
4.1256928e-15
3.5921438e-15
3.0379251e-15
2.4779267e-15
1.9236102e-15
1.373738e-15
8.3579968e-16
3.1536197e-16
-1.7423614e-16
-6.3753584e-16
-1.0625647e-15
-1.4528024e-15
-1.8093349e-15
-2.1194428e-15
-2.3955898e-15
-2.6378635e-15
-2.836076e-15
-3.0009068e-15
-3.1338968e-15
-3.2288928e-15
-3.3009795e-15
-3.3553703e-15
-3.3674529e-15
-3.3526371e-15
-3.3296923e-15
-3.2756237e-15
-3.2157307e-15
-3.1419979e-15
-3.0618267e-15
-2.9762285e-15
-2.8851828e-15
-2.786019e-15
-2.6791219e-15
-2.5798958e-15
-2.4873161e-15
-2.3951098e-15
-2.2912592e-15
-2.1945955e-15
-2.11671e-15
-2.0317555e-15
-1.9425832e-15
-1.8591958e-15
-1.7764677e-15
-1.7101788e-15
-1.6444233e-15
-1.5746747e-15
-1.5014309e-15
-1.4405624e-15
-1.3857104e-15
-1.3436479e-15
-1.2851421e-15
-1.2298579e-15
-1.1829907e-15
-1.1519929e-15
-1.1171246e-15
-1.0631648e-15
-1.0316052e-15
-9.966173e-16
-9.6780218e-16
-9.2596599e-16
-8.8680867e-16
-8.576665e-16
-8.2888733e-16
-8.0048903e-16
-7.8978646e-16
-7.6119588e-16
-7.3739425e-16
-7.1549632e-16
-6.984659e-16
-6.7919096e-16
-6.728043e-16
-6.5568989e-16
-6.3344166e-16
-6.2740379e-16
-6.1382467e-16
-6.0808915e-16
-5.9167743e-16
-5.8122097e-16
-5.7044395e-16
-5.5678225e-16
-5.5711209e-16
-5.5097605e-16
-5.43708e-16
-5.25586e-16
-5.1862565e-16
-5.0649635e-16
-5.0958757e-16
-5.0062335e-16
-4.9426837e-16
-4.797276e-16
-4.7482108e-16
-4.7569272e-16
-4.804719e-16
-4.6711825e-16
-4.6120759e-16
-4.5971485e-16
-4.6058847e-16
-4.5114163e-16
-4.5776656e-16
-4.4912432e-16
-4.3726083e-16
-4.2009241e-16
-3.7570065e-16
-3.0278381e-16
-1.3954218e-16
1.1947972e-16
9.2571804e-19
-1.4172082e-16
-3.2790699e-16
-5.7812311e-16
-7.6100497e-16
-9.1415934e-16
-1.0044792e-15
-1.0398489e-15
-1.0389163e-15
-1.0098728e-15
-9.6862231e-16
-9.0634429e-16
-8.2874095e-16
-7.4698371e-16
-6.6788426e-16
-5.8022946e-16
-4.8434683e-16
-3.9143937e-16
-3.0255274e-16
-2.1989517e-16
-1.3297232e-16
-5.6378564e-17
1.9187086e-17
8.6218915e-17
1.6709033e-16
2.3367899e-16
2.9498823e-16
3.4183708e-16
3.8957757e-16
4.2471573e-16
4.6764312e-16
4.8960227e-16
5.1741818e-16
5.2535941e-16
5.3593663e-16
5.2943466e-16
5.3862347e-16
5.3416883e-16
5.1637864e-16
5.1900654e-16
4.9872377e-16
4.9008433e-16
4.7270867e-16
4.6649657e-16
4.3488377e-16
4.2653621e-16
4.1371288e-16
3.8950229e-16
3.7652909e-16
3.6039299e-16
3.4956047e-16
3.3422777e-16
3.1065014e-16
2.932449e-16
2.7683048e-16
2.7656348e-16
2.694992e-16
2.4401495e-16
2.3242314e-16
2.2481799e-16
2.1954117e-16
2.1474881e-16
2.0675801e-16
1.8892924e-16
1.7790058e-16
1.6685595e-16
1.6349588e-16
1.525866e-16
1.2823393e-16
1.3838374e-16
1.3037951e-16
1.3378686e-16
1.3285389e-16
1.1545655e-16
1.1715095e-16
1.2795305e-16
1.1795184e-16
1.1537094e-16
1.1778248e-16
1.1076249e-16
1.1192837e-16
1.0465161e-16
1.0434665e-16
1.0013742e-16
8.9059162e-17
1.0212608e-16
9.9879804e-17
8.7180054e-17
9.614982e-17
9.1224129e-17
8.4522035e-17
9.5119028e-17
9.4064358e-17
8.6079473e-17
6.8239853e-17
6.9323172e-17
7.3033911e-17
9.1264043e-17
7.1625278e-17
7.5945358e-17
6.860312e-17
7.1895973e-17
7.0612258e-17
7.1207479e-17
7.4572163e-17
6.6419631e-17
6.6403011e-17
6.6723567e-17
5.6763851e-17
6.6819335e-17
6.1521355e-17
6.178459e-17
4.4714391e-17
4.6919026e-17
4.6955753e-17
3.8657847e-17
3.2540201e-17
3.9077762e-17
2.1723016e-17
3.4780028e-16
1.396628e-16
-1.0589467e-16
-5.126758e-16
-8.5408653e-16
-1.0706185e-15
-1.1921578e-15
-1.2396719e-15
-1.2425124e-15
-1.2067789e-15
-1.1432283e-15
-1.0722632e-15
-9.8871786e-16
-9.0470736e-16
-7.9989154e-16
-7.1087971e-16
-6.0957343e-16
-5.0806559e-16
-4.143406e-16
-3.1436597e-16
-2.1585393e-16
-1.2930572e-16
-4.3547959e-17
4.2647167e-17
1.1720292e-16
2.0830095e-16
2.7291937e-16
3.5010448e-16
3.9075065e-16
4.4821734e-16
4.9158944e-16
5.3828536e-16
5.6219486e-16
5.7865126e-16
6.0628358e-16
6.0430305e-16
6.0187167e-16
6.0149131e-16
5.8172347e-16
5.6385576e-16
5.6222076e-16
5.5195925e-16
5.3283596e-16
5.0626919e-16
4.9676363e-16
4.6197968e-16
4.4732221e-16
4.2731067e-16
4.0146521e-16
3.9246045e-16
3.7974564e-16
3.5240975e-16
3.4018153e-16
3.2759833e-16
3.0237127e-16
2.8447806e-16
2.6928619e-16
2.6674273e-16
2.4826967e-16
2.4028932e-16
2.2879987e-16
2.1066195e-16
1.9536883e-16
2.0005592e-16
1.9569719e-16
1.8099572e-16
1.6593956e-16
1.7553767e-16
1.4969554e-16
1.4762408e-16
1.499515e-16
1.3858144e-16
1.3404793e-16
1.3388739e-16
1.231394e-16
1.3283437e-16
1.2072709e-16
1.2302963e-16
1.24711e-16
1.0957392e-16
1.0353556e-16
1.0414988e-16
1.0483752e-16
9.5112087e-17
9.2602933e-17
8.7652003e-17
9.3813028e-17
8.9026181e-17
8.2521745e-17
8.8335339e-17
7.8755893e-17
8.4798101e-17
9.260549e-17
8.2223972e-17
8.0833863e-17
7.5139153e-17
7.4213195e-17
7.2257739e-17
6.7580091e-17
7.7246668e-17
6.881642e-17
6.769203e-17
6.2969194e-17
5.9392874e-17
6.6912685e-17
6.0511299e-17
5.9978789e-17
5.6014662e-17
5.6094631e-17
4.930771e-17
6.3981761e-17
5.6626446e-17
5.8278533e-17
3.9836525e-17
3.919387e-17
3.5439093e-17
1.7308862e-17
2.7399119e-17
4.7520154e-17
2.1294057e-17
-4.9713525e-15
-2.1320091e-15
2.1641487e-15
7.3609302e-15
1.0039146e-14
1.1286702e-14
1.173085e-14
1.1625175e-14
1.1196616e-14
1.0568317e-14
9.8476942e-15
9.0699517e-15
8.2743725e-15
7.4665023e-15
6.6370307e-15
5.8096641e-15
4.980808e-15
4.161971e-15
3.3391772e-15
2.5302804e-15
1.7132405e-15
9.2650923e-16
1.6983277e-16
-5.7303558e-16
-1.2880152e-15
-1.9573243e-15
-2.592715e-15
-3.1765313e-15
-3.7159271e-15
-4.1956238e-15
-4.6128491e-15
-4.9517765e-15
-5.2250199e-15
-5.4086005e-15
-5.5406027e-15
-5.5906172e-15
-5.5931009e-15
-5.5369767e-15
-5.4352202e-15
-5.306111e-15
-5.1354605e-15
-4.9526577e-15
-4.7504365e-15
-4.5499017e-15
-4.3375659e-15
-4.1493982e-15
-3.9449672e-15
-3.7528087e-15
-3.5670825e-15
-3.3818734e-15
-3.2040126e-15
-3.0439907e-15
-2.8993622e-15
-2.7611231e-15
-2.6344349e-15
-2.5024303e-15
-2.3754428e-15
-2.2702115e-15
-2.1794645e-15
-2.0770247e-15
-1.985718e-15
-1.899565e-15
-1.8151244e-15
-1.7380018e-15
-1.6703749e-15
-1.6080539e-15
-1.5431779e-15
-1.4781069e-15
-1.4314396e-15
-1.399307e-15
-1.3396588e-15
-1.2849376e-15
-1.2380834e-15
-1.1991668e-15
-1.1767362e-15
-1.1292995e-15
-1.0847855e-15
-1.0519051e-15
-1.0295326e-15
-1.0002001e-15
-9.7119086e-16
-9.457224e-16
-9.1009831e-16
-8.9598046e-16
-8.7953952e-16
-8.8105153e-16
-8.4271848e-16
-8.2845602e-16
-8.1354583e-16
-7.9345723e-16
-7.7503397e-16
-7.6826098e-16
-7.4101535e-16
-7.295439e-16
-7.0875769e-16
-7.2171047e-16
-7.2065827e-16
-6.9735113e-16
-6.7479968e-16
-6.8272764e-16
-6.6525009e-16
-6.726723e-16
-6.5575938e-16
-6.5529739e-16
-6.5107058e-16
-6.3806007e-16
-6.3359314e-16
-6.265813e-16
-6.271168e-16
-6.2345119e-16
-6.0380992e-16
-6.0686823e-16
-6.0267782e-16
-6.1572666e-16
-6.0408483e-16
-5.8200224e-16
-5.5868056e-16
-4.9630217e-16
-3.684709e-16
-1.4888579e-16
7.3318864e-15
1.217666e-15
-8.7376392e-15
-1.3777478e-14
-1.5677574e-14
-1.6143141e-14
-1.5831921e-14
-1.5118919e-14
-1.4210908e-14
-1.3210065e-14
-1.2186344e-14
-1.115653e-14
-1.0134421e-14
-9.1221899e-15
-8.1118664e-15
-7.105567e-15
-6.0904031e-15
-5.0694192e-15
-4.0454235e-15
-3.0214649e-15
-1.9990451e-15
-9.9822489e-16
-2.9200692e-17
8.9868755e-16
1.7975369e-15
2.6716019e-15
3.4945769e-15
4.2817048e-15
4.994953e-15
5.6543416e-15
6.2225301e-15
6.7145383e-15
7.1079087e-15
7.3946672e-15
7.5853898e-15
7.6707814e-15
7.6604793e-15
7.5766717e-15
7.4155381e-15
7.1951106e-15
6.9451628e-15
6.6586384e-15
6.3591433e-15
6.041933e-15
5.7305711e-15
5.4229518e-15
5.1396763e-15
4.8553588e-15
4.5933709e-15
4.3489954e-15
4.1200841e-15
3.8952373e-15
3.6988925e-15
3.5037181e-15
3.3231623e-15
3.1650916e-15
3.0046786e-15
2.8614493e-15
2.7198198e-15
2.5983088e-15
2.4872725e-15
2.3703871e-15
2.2597139e-15
2.1672514e-15
2.0716749e-15
1.9912149e-15
1.9188493e-15
1.8528075e-15
1.7690564e-15
1.7072022e-15
1.6560793e-15
1.5944615e-15
1.5410372e-15
1.4820675e-15
1.4250335e-15
1.3960231e-15
1.3547532e-15
1.3211998e-15
1.2818834e-15
1.2433496e-15
1.207741e-15
1.1789102e-15
1.1549034e-15
1.1305132e-15
1.1014393e-15
1.0722012e-15
1.0510918e-15
1.0311542e-15
1.0061584e-15
9.9076942e-16
9.6412893e-16
9.5418579e-16
9.4542631e-16
9.2896837e-16
9.2156591e-16
9.0693568e-16
8.910665e-16
8.7834098e-16
8.6159788e-16
8.5966596e-16
8.4602483e-16
8.2997709e-16
8.2560825e-16
8.1913745e-16
8.1530793e-16
8.0484997e-16
7.9719805e-16
7.941915e-16
7.8616851e-16
7.711745e-16
7.6976803e-16
7.6768908e-16
7.5957139e-16
7.4733705e-16
7.3646309e-16
7.0314834e-16
6.5281074e-16
5.7823385e-16
4.3711974e-16
1.601535e-16
5.8850213e-15
-6.3286495e-15
-1.3369354e-14
-1.6128171e-14
-1.6799165e-14
-1.6462027e-14
-1.5657728e-14
-1.4653051e-14
-1.3597412e-14
-1.2533337e-14
-1.1501767e-14
-1.0511614e-14
-9.5637346e-15
-8.6218642e-15
-7.691183e-15
-6.7641325e-15
-5.8152734e-15
-4.849791e-15
-3.8649811e-15
-2.8641196e-15
-1.8568011e-15
-8.5596922e-16
1.3685926e-16
1.0933843e-15
2.0163594e-15
2.9052515e-15
3.7437215e-15
4.5512002e-15
5.294128e-15
5.9853955e-15
6.6061339e-15
7.1480929e-15
7.5891915e-15
7.9291436e-15
8.1480589e-15
8.2723892e-15
8.2715805e-15
8.1806802e-15
8.0015359e-15
7.7491549e-15
7.4535893e-15
7.1169857e-15
6.7579821e-15
6.4025395e-15
6.0377552e-15
5.6814964e-15
5.3480952e-15
5.0329102e-15
4.740394e-15
4.465628e-15
4.2099779e-15
3.973724e-15
3.7750543e-15
3.5605923e-15
3.3734634e-15
3.2040969e-15
3.0457045e-15
2.8950483e-15
2.7446694e-15
2.6271869e-15
2.5027354e-15
2.3859582e-15
2.2822364e-15
2.1801237e-15
2.0897803e-15
2.0073409e-15
1.9377862e-15
1.8647902e-15
1.8006446e-15
1.7244772e-15
1.6639411e-15
1.6111463e-15
1.5574816e-15
1.5069561e-15
1.4509005e-15
1.4090086e-15
1.37652e-15
1.3372235e-15
1.2944282e-15
1.2637916e-15
1.2294239e-15
1.2002379e-15
1.173199e-15
1.1354487e-15
1.1207553e-15
1.0805577e-15
1.064941e-15
1.0550797e-15
1.0259812e-15
1.0079953e-15
9.8841685e-16
9.7585317e-16
9.6846931e-16
9.6193261e-16
9.472669e-16
9.2527549e-16
9.1037125e-16
9.0716077e-16
8.9519199e-16
8.8792478e-16
8.8082903e-16
8.600555e-16
8.6129321e-16
8.4312355e-16
8.4560164e-16
8.339119e-16
8.2967062e-16
8.1810867e-16
8.1082106e-16
8.0790293e-16
8.0641434e-16
7.9503073e-16
7.9257006e-16
7.8193525e-16
7.6735755e-16
7.4658944e-16
6.7691632e-16
5.7931258e-16
4.3928378e-16
1.4975696e-16
2.6818691e-15
8.9647239e-15
1.1466572e-14
1.2336461e-14
1.2462698e-14
1.2032387e-14
1.1340145e-14
1.0544907e-14
9.7474413e-15
8.9832562e-15
8.2691694e-15
7.5888491e-15
6.9438135e-15
6.3202561e-15
5.6931323e-15
5.0512032e-15
4.3771751e-15
3.6807186e-15
2.9435928e-15
2.1767119e-15
1.383971e-15
5.8846027e-16
-2.199974e-16
-1.010825e-15
-1.7700316e-15
-2.4944645e-15
-3.1816102e-15
-3.8205172e-15
-4.4289145e-15
-4.9929822e-15
-5.5101264e-15
-5.9772072e-15
-6.3501989e-15
-6.6520587e-15
-6.8631365e-15
-6.9730266e-15
-6.9946662e-15
-6.9233556e-15
-6.7648609e-15
-6.5568766e-15
-6.2958228e-15
-6.0029431e-15
-5.6779788e-15
-5.3470392e-15
-5.0252422e-15
-4.7154543e-15
-4.41567e-15
-4.139426e-15
-3.8844253e-15
-3.6509811e-15
-3.4281836e-15
-3.2330146e-15
-3.0367272e-15
-2.8815916e-15
-2.7252637e-15
-2.5855916e-15
-2.4517589e-15
-2.3216601e-15
-2.2234473e-15
-2.1224484e-15
-2.0162796e-15
-1.9303981e-15
-1.8512494e-15
-1.7797922e-15
-1.7081503e-15
-1.6296403e-15
-1.5553492e-15
-1.5005177e-15
-1.4483104e-15
-1.385811e-15
-1.3478774e-15
-1.302538e-15
-1.2585492e-15
-1.2152074e-15
-1.1849463e-15
-1.154095e-15
-1.1183422e-15
-1.0824124e-15
-1.0587706e-15
-1.0257413e-15
-1.0052555e-15
-9.763783e-16
-9.5069829e-16
-9.26258e-16
-9.0565446e-16
-8.9236433e-16
-8.8077799e-16
-8.6230676e-16
-8.4554337e-16
-8.3501834e-16
-8.2766253e-16
-8.0912821e-16
-7.9462034e-16
-7.7287231e-16
-7.6473937e-16
-7.5747473e-16
-7.4930688e-16
-7.3773052e-16
-7.3252235e-16
-7.2427827e-16
-7.2690114e-16
-7.2081756e-16
-7.1488027e-16
-7.0749313e-16
-6.9906017e-16
-6.8804099e-16
-6.8880902e-16
-6.8293687e-16
-6.8259767e-16
-6.7746415e-16
-6.7060847e-16
-6.6033293e-16
-6.6582572e-16
-6.5022651e-16
-6.2871284e-16
-6.0414776e-16
-5.6900171e-16
-4.9793247e-16
-3.6351328e-16
-1.1789796e-16
-9.4250667e-15
-1.3776066e-14
-1.4477978e-14
-1.3969747e-14
-1.3410302e-14
-1.2765174e-14
-1.1991006e-14
-1.11691e-14
-1.0353948e-14
-9.5895143e-15
-8.8890419e-15
-8.2485322e-15
-7.6374554e-15
-7.0273028e-15
-6.4097139e-15
-5.7605365e-15
-5.0574313e-15
-4.2959928e-15
-3.477425e-15
-2.6039029e-15
-1.6808319e-15
-7.1398501e-16
2.6960042e-16
1.2571365e-15
2.2100506e-15
3.1373875e-15
4.0105961e-15
4.833359e-15
5.5956071e-15
6.314922e-15
6.9679355e-15
7.5567515e-15
8.0483219e-15
8.4460687e-15
8.7177053e-15
8.8763274e-15
8.9078599e-15
8.8259693e-15
8.6386561e-15
8.3510177e-15
8.01504e-15
7.6137907e-15
7.1968081e-15
6.7699719e-15
6.3534617e-15
5.9340312e-15
5.5543104e-15
5.1979339e-15
4.8588057e-15
4.5590538e-15
4.2779283e-15
4.028117e-15
3.7980616e-15
3.5800852e-15
3.3810199e-15
3.1973537e-15
3.0474937e-15
2.8992788e-15
2.7489922e-15
2.6165384e-15
2.4964556e-15
2.3863098e-15
2.2864818e-15
2.1901605e-15
2.0957135e-15
2.0102353e-15
1.9309151e-15
1.8638888e-15
1.7975308e-15
1.7220952e-15
1.6692063e-15
1.608322e-15
1.5631271e-15
1.5154143e-15
1.4618194e-15
1.4192205e-15
1.3924915e-15
1.3510192e-15
1.3161656e-15
1.2885131e-15
1.2531359e-15
1.2270106e-15
1.2056132e-15
1.1810798e-15
1.1566625e-15
1.1220511e-15
1.1118216e-15
1.0900186e-15
1.0675969e-15
1.0565729e-15
1.0387796e-15
1.0188146e-15
1.0123103e-15
1.0020416e-15
9.8567184e-16
9.5966238e-16
9.5515357e-16
9.5076318e-16
9.5511717e-16
9.3116547e-16
9.2347882e-16
9.1551432e-16
9.1131958e-16
9.0131985e-16
8.942574e-16
8.9314473e-16
8.8635268e-16
8.8128468e-16
8.7595215e-16
8.6212976e-16
8.6304566e-16
8.5462847e-16
8.4854795e-16
8.1889642e-16
8.0065622e-16
7.618621e-16
6.889127e-16
5.7860506e-16
4.0626243e-16
1.1615681e-16
9.8200165e-15
1.3048e-14
1.2770167e-14
1.1281751e-14
9.9988661e-15
9.1146714e-15
8.3658245e-15
7.6906157e-15
7.0772057e-15
6.560746e-15
6.1085252e-15
5.7032784e-15
5.3135799e-15
4.9438786e-15
4.5609901e-15
4.1283964e-15
3.6552615e-15
3.1380807e-15
2.5659296e-15
1.9346583e-15
1.2571565e-15
5.2031158e-16
-2.3859575e-16
-1.0160492e-15
-1.7852699e-15
-2.4991826e-15
-3.191879e-15
-3.8335581e-15
-4.4473453e-15
-5.0036883e-15
-5.5161464e-15
-5.9684911e-15
-6.3648262e-15
-6.675105e-15
-6.9078378e-15
-7.0320518e-15
-7.0611616e-15
-6.9920249e-15
-6.8463078e-15
-6.6318866e-15
-6.3511028e-15
-6.048843e-15
-5.7189207e-15
-5.3666709e-15
-5.0315708e-15
-4.709338e-15
-4.4023253e-15
-4.1166306e-15
-3.8591913e-15
-3.6109759e-15
-3.4014986e-15
-3.1978916e-15
-2.9955905e-15
-2.8355966e-15
-2.6836134e-15
-2.5460971e-15
-2.4092821e-15
-2.2801196e-15
-2.1790026e-15
-2.0758645e-15
-1.9860004e-15
-1.9002486e-15
-1.8182259e-15
-1.7465489e-15
-1.6786333e-15
-1.6144988e-15
-1.5482233e-15
-1.4941762e-15
-1.4339965e-15
-1.3884562e-15
-1.3438831e-15
-1.3002653e-15
-1.2556789e-15
-1.2173121e-15
-1.1873459e-15
-1.154936e-15
-1.1148727e-15
-1.0873136e-15
-1.0539942e-15
-1.0207197e-15
-1.0056195e-15
-9.752786e-16
-9.6808217e-16
-9.516417e-16
-9.2750304e-16
-9.1697551e-16
-8.9720518e-16
-8.7441223e-16
-8.7165942e-16
-8.5540221e-16
-8.5043213e-16
-8.3364454e-16
-8.1501519e-16
-8.0024068e-16
-8.009073e-16
-8.0002401e-16
-7.8511458e-16
-7.7571497e-16
-7.643412e-16
-7.5503074e-16
-7.487044e-16
-7.4407459e-16
-7.4163149e-16
-7.4212316e-16
-7.2629943e-16
-7.2863114e-16
-7.2217771e-16
-7.2924863e-16
-7.204259e-16
-7.2558494e-16
-7.1983135e-16
-7.1933412e-16
-7.0771508e-16
-6.9475184e-16
-6.6956586e-16
-6.2147785e-16
-5.7819126e-16
-4.9147588e-16
-3.2844446e-16
-7.5888139e-17
2.1413401e-14
2.8281309e-14
2.6867631e-14
2.2812827e-14
1.9292733e-14
1.6753562e-14
1.4792353e-14
1.3148398e-14
1.1799641e-14
1.0749626e-14
9.9359324e-15
9.2749625e-15
8.6919122e-15
8.1303809e-15
7.5319283e-15
6.8742904e-15
6.1343722e-15
5.2834894e-15
4.3308924e-15
3.2663036e-15
2.0866107e-15
7.9657813e-16
-5.5728169e-16
-1.9192412e-15
-3.2660391e-15
-4.5840288e-15
-5.8640158e-15
-7.0782556e-15
-8.2303608e-15
-9.304821e-15
-1.0288464e-14
-1.1162891e-14
-1.1905081e-14
-1.2503075e-14
-1.2923126e-14
-1.3165683e-14
-1.3237579e-14
-1.3138664e-14
-1.2876776e-14
-1.2489568e-14
-1.1995347e-14
-1.1435374e-14
-1.0832795e-14
-1.0198638e-14
-9.5890823e-15
-8.9867233e-15
-8.4249126e-15
-7.8882454e-15
-7.3967641e-15
-6.9431329e-15
-6.5237931e-15
-6.141195e-15
-5.7949215e-15
-5.4752685e-15
-5.184387e-15
-4.9224119e-15
-4.6698004e-15
-4.4382051e-15
-4.2324309e-15
-4.0345155e-15
-3.8594973e-15
-3.6872968e-15
-3.5294594e-15
-3.3864063e-15
-3.2636384e-15
-3.1394726e-15
-3.0134875e-15
-2.905476e-15
-2.8084115e-15
-2.7161535e-15
-2.6268182e-15
-2.5451603e-15
-2.4667284e-15
-2.3939238e-15
-2.3286113e-15
-2.2672376e-15
-2.2051254e-15
-2.1477483e-15
-2.0949101e-15
-2.0445002e-15
-2.0033876e-15
-1.9572185e-15
-1.9209228e-15
-1.8893725e-15
-1.8508117e-15
-1.8229756e-15
-1.7873511e-15
-1.7594406e-15
-1.7329191e-15
-1.7080612e-15
-1.690377e-15
-1.6732826e-15
-1.6567394e-15
-1.6326151e-15
-1.6104873e-15
-1.5952091e-15
-1.5817551e-15
-1.5716996e-15
-1.555358e-15
-1.5419959e-15
-1.5291418e-15
-1.5315471e-15
-1.5155823e-15
-1.5087365e-15
-1.4992064e-15
-1.4923259e-15
-1.4906832e-15
-1.4803371e-15
-1.4666956e-15
-1.4640535e-15
-1.4535948e-15
-1.448894e-15
-1.4252136e-15
-1.3965705e-15
-1.3449206e-15
-1.2696029e-15
-1.1384468e-15
-9.3231173e-16
-6.1614564e-16
-1.1264767e-16
-1.3714537e-14
-1.8039973e-14
-1.6738787e-14
-1.3986252e-14
-1.1467432e-14
-9.569964e-15
-8.0996121e-15
-6.9122324e-15
-5.9779421e-15
-5.2875791e-15
-4.7998995e-15
-4.4496745e-15
-4.1713373e-15
-3.9131255e-15
-3.6439352e-15
-3.3419393e-15
-2.9862869e-15
-2.5705006e-15
-2.0920721e-15
-1.5551132e-15
-9.6652003e-16
-3.2123728e-16
3.60658e-16
1.0706778e-15
1.8015804e-15
2.550679e-15
3.2822636e-15
3.9927742e-15
4.6680669e-15
5.3066176e-15
5.8867124e-15
6.4069762e-15
6.8419173e-15
7.1941174e-15
7.4373871e-15
7.5877914e-15
7.6302647e-15
7.5854145e-15
7.4493461e-15
7.2351987e-15
6.9802662e-15
6.6699299e-15
6.3429685e-15
6.0042476e-15
5.6681537e-15
5.3235823e-15
5.0069734e-15
4.7099127e-15
4.4267705e-15
4.1720419e-15
3.9305022e-15
3.7128792e-15
3.5123013e-15
3.3230857e-15
3.1479285e-15
2.9871787e-15
2.8496598e-15
2.7172027e-15
2.583902e-15
2.4681919e-15
2.3634396e-15
2.2687557e-15
2.1783736e-15
2.0916691e-15
2.0040041e-15
1.9253761e-15
1.8535848e-15
1.792888e-15
1.7287834e-15
1.6649033e-15
1.6209522e-15
1.5694295e-15
1.5274797e-15
1.4883204e-15
1.4403561e-15
1.4057926e-15
1.3850887e-15
1.3458463e-15
1.3162686e-15
1.2899644e-15
1.2593694e-15
1.2366342e-15
1.2141616e-15
1.1927248e-15
1.173857e-15
1.1433715e-15
1.1379468e-15
1.1192082e-15
1.0990326e-15
1.092664e-15
1.077796e-15
1.0616394e-15
1.0605819e-15
1.0509582e-15
1.0378508e-15
1.0139898e-15
1.0102268e-15
1.005358e-15
1.0092803e-15
9.8970133e-16
9.8627681e-16
9.7945082e-16
9.7405504e-16
9.665741e-16
9.6792596e-16
9.6704522e-16
9.6155362e-16
9.605747e-16
9.5893408e-16
9.4546481e-16
9.4857608e-16
9.3989039e-16
9.2899708e-16
9.0066316e-16
8.6715672e-16
8.1241425e-16
7.1700671e-16
5.7870677e-16
3.7629031e-16
6.6192945e-17
1.0800847e-14
1.3970448e-14
1.2671171e-14
1.0487867e-14
8.3982307e-15
6.7801706e-15
5.4925314e-15
4.4563717e-15
3.6585008e-15
3.1050137e-15
2.7260666e-15
2.4750179e-15
2.2887941e-15
2.1454146e-15
2.0055545e-15
1.8342185e-15
1.6443459e-15
1.4203676e-15
1.1502062e-15
8.3059517e-16
4.7776251e-16
7.6866362e-17
-3.5645472e-16
-8.2314495e-16
-1.3208676e-15
-1.8232682e-15
-2.3407408e-15
-2.8434889e-15
-3.3296969e-15
-3.779367e-15
-4.193909e-15
-4.5570299e-15
-4.8714064e-15
-5.1197426e-15
-5.3090456e-15
-5.4183852e-15
-5.4604448e-15
-5.434131e-15
-5.3520576e-15
-5.2205443e-15
-5.0437009e-15
-4.8498087e-15
-4.6310983e-15
-4.3924668e-15
-4.1663554e-15
-3.9471118e-15
-3.7282589e-15
-3.5211324e-15
-3.3332102e-15
-3.1437188e-15
-2.9848525e-15
-2.8259736e-15
-2.6626708e-15
-2.5337387e-15
-2.4102578e-15
-2.2978798e-15
-2.1847909e-15
-2.0812505e-15
-1.9965371e-15
-1.9097122e-15
-1.8349321e-15
-1.7619214e-15
-1.6903446e-15
-1.62758e-15
-1.5728594e-15
-1.5129325e-15
-1.4581176e-15
-1.4121006e-15
-1.363393e-15
-1.3242435e-15
-1.2838364e-15
-1.2478015e-15
-1.2148962e-15
-1.180051e-15
-1.151868e-15
-1.1233015e-15
-1.0847603e-15
-1.0664372e-15
-1.0409243e-15
-1.014488e-15
-1.0033241e-15
-9.7621504e-16
-9.6479531e-16
-9.5713107e-16
-9.3279398e-16
-9.2628048e-16
-9.1007925e-16
-8.931862e-16
-8.8919192e-16
-8.7389382e-16
-8.714552e-16
-8.6019213e-16
-8.4211047e-16
-8.3302397e-16
-8.3573566e-16
-8.3591299e-16
-8.2266291e-16
-8.1526475e-16
-8.0852849e-16
-8.032574e-16
-7.9705213e-16
-7.9190155e-16
-7.9115196e-16
-7.9575772e-16
-7.8251416e-16
-7.8348406e-16
-7.7840916e-16
-7.8624165e-16
-7.8290376e-16
-7.8424042e-16
-7.8130144e-16
-7.8491567e-16
-7.6561236e-16
-7.4551941e-16
-7.1040544e-16
-6.4870487e-16
-5.8317896e-16
-4.7166523e-16
-2.9252916e-16
-3.4942447e-17
-1.2805608e-14
-1.6166787e-14
-1.433433e-14
-1.1654421e-14
-9.1508364e-15
-7.1882127e-15
-5.5825412e-15
-4.2754695e-15
-3.2403831e-15
-2.4944791e-15
-2.0071947e-15
-1.7092237e-15
-1.5277346e-15
-1.4149093e-15
-1.3297762e-15
-1.2410795e-15
-1.1087398e-15
-9.3611126e-16
-7.1936747e-16
-4.4814596e-16
-1.2963989e-16
2.336589e-16
6.3632031e-16
1.0890976e-15
1.5817591e-15
2.096845e-15
2.6215165e-15
3.1436398e-15
3.6507374e-15
4.1281796e-15
4.565223e-15
4.9534864e-15
5.2902305e-15
5.5597163e-15
5.7527777e-15
5.8813918e-15
5.9362715e-15
5.9251297e-15
5.8462187e-15
5.7204489e-15
5.5566169e-15
5.3609945e-15
5.1538503e-15
4.9334e-15
4.7017839e-15
4.474402e-15
4.2529683e-15
4.0419884e-15
3.8294198e-15
3.6379068e-15
3.4559956e-15
3.2844543e-15
3.1282794e-15
2.980049e-15
2.8361117e-15
2.70793e-15
2.588058e-15
2.475486e-15
2.369715e-15
2.2675541e-15
2.1863779e-15
2.0917592e-15
2.0121365e-15
1.9441768e-15
1.876178e-15
1.8157893e-15
1.7615445e-15
1.7114907e-15
1.6481713e-15
1.6105184e-15
1.5629876e-15
1.5234665e-15
1.4811356e-15
1.4475855e-15
1.4150968e-15
1.3759144e-15
1.3478264e-15
1.3170531e-15
1.2983066e-15
1.2708145e-15
1.2471302e-15
1.230208e-15
1.2097251e-15
1.1865631e-15
1.1656288e-15
1.1590113e-15
1.1394791e-15
1.1185825e-15
1.1116817e-15
1.0922987e-15
1.0899084e-15
1.0854885e-15
1.0748066e-15
1.0697423e-15
1.0652174e-15
1.0541139e-15
1.0450057e-15
1.0387874e-15
1.0358832e-15
1.0349103e-15
1.0193749e-15
1.0163258e-15
1.0108313e-15
1.0059384e-15
1.0060746e-15
1.0039015e-15
1.0025545e-15
1.0086251e-15
1.0009558e-15
9.9503769e-16
9.9506987e-16
9.9542535e-16
9.7784101e-16
9.5210071e-16
9.1327301e-16
8.4270832e-16
7.3037547e-16
5.792745e-16
3.7421613e-16
5.6246907e-17
-1.2104298e-14
-1.4680049e-14
-1.2672348e-14
-1.0096206e-14
-7.7890002e-15
-5.9534081e-15
-4.4380053e-15
-3.168978e-15
-2.1438718e-15
-1.3820424e-15
-8.7861419e-16
-5.797541e-16
-4.2974744e-16
-3.6808409e-16
-3.412859e-16
-3.243701e-16
-2.862716e-16
-2.0686024e-16
-9.301866e-17
7.9131469e-17
2.9359605e-16
5.532024e-16
8.520535e-16
1.1972425e-15
1.574505e-15
1.975615e-15
2.3879951e-15
2.8057303e-15
3.2029115e-15
3.5852067e-15
3.9455274e-15
4.2577144e-15
4.5311416e-15
4.7540428e-15
4.9208166e-15
5.0313277e-15
5.081602e-15
5.0885632e-15
5.0403704e-15
4.9523852e-15
4.8358303e-15
4.6942556e-15
4.5350518e-15
4.3636818e-15
4.1909676e-15
4.0048434e-15
3.8265328e-15
3.656027e-15
3.4840488e-15
3.3271254e-15
3.1802547e-15
3.0300951e-15
2.9002278e-15
2.7736721e-15
2.6476412e-15
2.5298262e-15
2.4213513e-15
2.3320064e-15
2.2321198e-15
2.1421632e-15
2.0689792e-15
1.9878125e-15
1.9193185e-15
1.8548858e-15
1.7958807e-15
1.741093e-15
1.6871115e-15
1.6426542e-15
1.5909782e-15
1.5572356e-15
1.5079069e-15
1.4731017e-15
1.4382646e-15
1.4144006e-15
1.3762523e-15
1.3490797e-15
1.3153904e-15
1.2913145e-15
1.270762e-15
1.2528769e-15
1.2283737e-15
1.2147187e-15
1.1960667e-15
1.1723474e-15
1.160165e-15
1.1410805e-15
1.1244354e-15
1.1106922e-15
1.1036162e-15
1.0915342e-15
1.0843596e-15
1.0783872e-15
1.0766043e-15
1.0707653e-15
1.0649274e-15
1.0562352e-15
1.0527252e-15
1.0427725e-15
1.0366024e-15
1.0387091e-15
1.0291879e-15
1.027651e-15
1.0238403e-15
1.016387e-15
1.0138902e-15
1.01299e-15
1.0090534e-15
1.0081529e-15
1.0094083e-15
1.0103013e-15
1.0190372e-15
1.0068515e-15
9.8861725e-16
9.5865142e-16
9.0949133e-16
8.340392e-16
7.082998e-16
5.4630618e-16
3.3384884e-16
2.894521e-17
8.4314143e-15
9.8155033e-15
8.1852986e-15
6.3153201e-15
4.7665673e-15
3.5430618e-15
2.5174493e-15
1.6247408e-15
8.7992449e-16
3.1170813e-16
-8.8231666e-17
-3.3638149e-16
-4.4643023e-16
-4.706948e-16
-4.5771531e-16
-4.2563869e-16
-3.9896577e-16
-4.0225138e-16
-4.3120432e-16
-4.9259372e-16
-5.9130435e-16
-7.2191855e-16
-8.9438965e-16
-1.0889698e-15
-1.2970623e-15
-1.5264116e-15
-1.7724461e-15
-2.0232e-15
-2.2706307e-15
-2.5073738e-15
-2.7312728e-15
-2.9304869e-15
-3.0959039e-15
-3.2374912e-15
-3.3470798e-15
-3.4164121e-15
-3.4568265e-15
-3.4639083e-15
-3.4497162e-15
-3.4096642e-15
-3.3467303e-15
-3.2671608e-15
-3.1692601e-15
-3.0657653e-15
-2.9606616e-15
-2.8477188e-15
-2.7352626e-15
-2.6199069e-15
-2.515494e-15
-2.4110158e-15
-2.3166908e-15
-2.2194057e-15
-2.1323687e-15
-2.0388223e-15
-1.9603284e-15
-1.8828582e-15
-1.8139772e-15
-1.7508974e-15
-1.6833527e-15
-1.6311909e-15
-1.5711927e-15
-1.5300814e-15
-1.4830283e-15
-1.4299565e-15
-1.3939511e-15
-1.3456348e-15
-1.3086811e-15
-1.2693032e-15
-1.2425369e-15
-1.2069823e-15
-1.175653e-15
-1.1466015e-15
-1.1275905e-15
-1.1045939e-15
-1.0799392e-15
-1.0645509e-15
-1.0465801e-15
-1.0351114e-15
-1.0116143e-15
-9.9701051e-16
-9.7997549e-16
-9.6551671e-16
-9.4951446e-16
-9.4438216e-16
-9.3845152e-16
-9.2340945e-16
-9.1770542e-16
-9.1067788e-16
-8.9490045e-16
-8.9946671e-16
-8.8093516e-16
-8.7274945e-16
-8.6675242e-16
-8.6652078e-16
-8.599582e-16
-8.6623192e-16
-8.6618157e-16
-8.5853495e-16
-8.5436338e-16
-8.4690827e-16
-8.4798076e-16
-8.4748046e-16
-8.4731919e-16
-8.4610353e-16
-8.4484235e-16
-8.4743224e-16
-8.4700369e-16
-8.4162807e-16
-8.5218476e-16
-8.5585855e-16
-8.5110751e-16
-8.3798654e-16
-8.2905477e-16
-8.0521322e-16
-7.6256601e-16
-7.0271678e-16
-6.2114185e-16
-4.8871795e-16
-2.9666407e-16
-6.1304048e-17
-9.5327267e-15
-1.0205022e-14
-8.1702804e-15
-6.1517128e-15
-4.6167387e-15
-3.388306e-15
-2.3306776e-15
-1.3836954e-15
-5.5330047e-16
1.4130823e-16
6.4898037e-16
9.69914e-16
1.1341823e-15
1.1801564e-15
1.1523614e-15
1.088207e-15
1.0204039e-15
9.6533138e-16
9.4393425e-16
9.6400396e-16
1.0196298e-15
1.1111746e-15
1.2414206e-15
1.4058374e-15
1.592273e-15
1.8023314e-15
2.029128e-15
2.2558897e-15
2.4869064e-15
2.7089405e-15
2.9144826e-15
3.0994164e-15
3.2622712e-15
3.3946134e-15
3.4995118e-15
3.5790284e-15
3.6221186e-15
3.6436198e-15
3.6344403e-15
3.6031468e-15
3.5515612e-15
3.4805179e-15
3.3953458e-15
3.3038984e-15
3.2077001e-15
3.1028798e-15
2.9982856e-15
2.894864e-15
2.7917947e-15
2.6884002e-15
2.5950857e-15
2.4962118e-15
2.4023599e-15
2.3151739e-15
2.2292482e-15
2.150524e-15
2.0711729e-15
2.0058691e-15
1.9393901e-15
1.8720829e-15
1.8103523e-15
1.7552274e-15
1.7036912e-15
1.6550786e-15
1.6125541e-15
1.5750777e-15
1.5331562e-15
1.4936943e-15
1.4641139e-15
1.4291765e-15
1.4023815e-15
1.371209e-15
1.3458364e-15
1.3282417e-15
1.3010987e-15
1.2812232e-15
1.2606074e-15
1.2424625e-15
1.2215037e-15
1.2037478e-15
1.1922276e-15
1.1757796e-15
1.1602461e-15
1.1459395e-15
1.1361045e-15
1.1218318e-15
1.1179326e-15
1.1096252e-15
1.0998547e-15
1.0907047e-15
1.0812949e-15
1.0743318e-15
1.0658498e-15
1.0588685e-15
1.0578497e-15
1.0575523e-15
1.0585484e-15
1.0535583e-15
1.0569889e-15
1.0493536e-15
1.0518614e-15
1.0486794e-15
1.0473181e-15
1.0442009e-15
1.0508544e-15
1.0530593e-15
1.0569762e-15
1.0497481e-15
1.0505943e-15
1.0519555e-15
1.0489892e-15
1.0396851e-15
1.025336e-15
9.9299574e-16
9.4124782e-16
8.6211888e-16
7.30661e-16
5.6622936e-16
3.4233871e-16
3.0602678e-17
9.3453995e-15
9.162931e-15
6.3822576e-15
4.2224517e-15
2.9354943e-15
1.8927353e-15
9.5045347e-16
8.5445139e-17
-6.9551714e-16
-1.3688087e-15
-1.8972803e-15
-2.2496851e-15
-2.4341666e-15
-2.4766812e-15
-2.4183222e-15
-2.3164617e-15
-2.1872237e-15
-2.0804441e-15
-2.0079864e-15
-1.9767242e-15
-1.9924528e-15
-2.0680427e-15
-2.1863571e-15
-2.3417014e-15
-2.5351899e-15
-2.7637664e-15
-3.0054469e-15
-3.2510229e-15
-3.5027083e-15
-3.7545142e-15
-3.989853e-15
-4.2062613e-15
-4.3917647e-15
-4.5590864e-15
-4.6833544e-15
-4.7759586e-15
-4.8400459e-15
-4.8702807e-15
-4.8666218e-15
-4.8399404e-15
-4.7888903e-15
-4.7189533e-15
-4.6328298e-15
-4.5308391e-15
-4.4134586e-15
-4.2977754e-15
-4.172708e-15
-4.040355e-15
-3.921794e-15
-3.8036564e-15
-3.6761473e-15
-3.5563387e-15
-3.441099e-15
-3.3371698e-15
-3.2366424e-15
-3.1348318e-15
-3.0452595e-15
-2.9522198e-15
-2.8618284e-15
-2.7861408e-15
-2.7227471e-15
-2.6522392e-15
-2.584589e-15
-2.5195282e-15
-2.4688464e-15
-2.4106157e-15
-2.3549345e-15
-2.3093477e-15
-2.2554029e-15
-2.2156018e-15
-2.1822658e-15
-2.1498614e-15
-2.1155439e-15
-2.0713247e-15
-2.0382352e-15
-2.0112889e-15
-1.9905103e-15
-1.9724088e-15
-1.9402862e-15
-1.9202589e-15
-1.9004048e-15
-1.8809298e-15
-1.8548251e-15
-1.8396294e-15
-1.8287011e-15
-1.8162679e-15
-1.7953819e-15
-1.7853166e-15
-1.7807538e-15
-1.7730444e-15
-1.7619602e-15
-1.7623202e-15
-1.7526658e-15
-1.7383161e-15
-1.7358526e-15
-1.7277178e-15
-1.7319527e-15
-1.7368533e-15
-1.7328975e-15
-1.7229183e-15
-1.7252484e-15
-1.7190107e-15
-1.7174025e-15
-1.7227666e-15
-1.7260361e-15
-1.7262207e-15
-1.7314616e-15
-1.7386304e-15
-1.7424106e-15
-1.7488246e-15
-1.7375181e-15
-1.7311492e-15
-1.69883e-15
-1.6509563e-15
-1.5650258e-15
-1.4378419e-15
-1.258646e-15
-9.977563e-16
-6.6388159e-16
-2.2352108e-16
3.1709722e-15
2.5510325e-15
1.6568244e-15
1.1700761e-15
9.1804102e-16
6.0938298e-16
2.6049507e-16
-9.3957342e-17
-4.1433241e-16
-6.9688075e-16
-9.3367733e-16
-1.0998751e-15
-1.1925671e-15
-1.2318082e-15
-1.2330869e-15
-1.2093613e-15
-1.1678775e-15
-1.1242304e-15
-1.0911911e-15
-1.0664653e-15
-1.0601355e-15
-1.0730935e-15
-1.1085673e-15
-1.1553235e-15
-1.2096449e-15
-1.2813322e-15
-1.3618839e-15
-1.4462384e-15
-1.5317629e-15
-1.6170851e-15
-1.7018521e-15
-1.780732e-15
-1.8412471e-15
-1.8987549e-15
-1.9490487e-15
-1.9824655e-15
-2.0066019e-15
-2.0182605e-15
-2.0262237e-15
-2.0217149e-15
-2.0083497e-15
-1.9867919e-15
-1.9532001e-15
-1.9183177e-15
-1.8839671e-15
-1.8400978e-15
-1.7914579e-15
-1.7400087e-15
-1.7011951e-15
-1.6571205e-15
-1.6095271e-15
-1.5688316e-15
-1.5260713e-15
-1.4865803e-15
-1.4507397e-15
-1.4104513e-15
-1.3738546e-15
-1.3399675e-15
-1.3080881e-15
-1.2864061e-15
-1.2513034e-15
-1.2319306e-15
-1.2074165e-15
-1.1774382e-15
-1.1535403e-15
-1.1311348e-15
-1.1064251e-15
-1.0828382e-15
-1.076604e-15
-1.050437e-15
-1.0357587e-15
-1.0202576e-15
-1.0125924e-15
-9.97461e-16
-9.821197e-16
-9.7679492e-16
-9.668832e-16
-9.5899097e-16
-9.4416942e-16
-9.3794626e-16
-9.308862e-16
-9.1965177e-16
-9.1267686e-16
-9.065152e-16
-9.0324886e-16
-8.9625842e-16
-8.9226462e-16
-8.9031216e-16
-8.8262522e-16
-8.8310766e-16
-8.71575e-16
-8.6575603e-16
-8.6607006e-16
-8.590478e-16
-8.5516686e-16
-8.5339708e-16
-8.5898643e-16
-8.6482467e-16
-8.592196e-16
-8.5610485e-16
-8.6558176e-16
-8.6246876e-16
-8.6070482e-16
-8.6199346e-16
-8.5955805e-16
-8.6317581e-16
-8.6658507e-16
-8.6579948e-16
-8.7650481e-16
-8.8421813e-16
-8.7823429e-16
-8.679257e-16
-8.6061975e-16
-8.3610172e-16
-7.9230039e-16
-7.2981559e-16
-6.4368881e-16
-5.106354e-16
-3.2497381e-16
-9.560861e-17
4.7788613e-15
5.1214036e-15
4.208489e-15
3.1484094e-15
2.2027542e-15
1.6103722e-15
1.230154e-15
9.8517249e-16
8.8692555e-16
9.215513e-16
1.0274582e-15
1.1469499e-15
1.2474619e-15
1.3102642e-15
1.3355129e-15
1.3334009e-15
1.3168884e-15
1.2866379e-15
1.2597304e-15
1.2455413e-15
1.2381663e-15
1.2416865e-15
1.26068e-15
1.2942969e-15
1.3336214e-15
1.385667e-15
1.4473284e-15
1.5068389e-15
1.5784607e-15
1.6441959e-15
1.7063147e-15
1.7652512e-15
1.8208346e-15
1.8683863e-15
1.9074139e-15
1.9406363e-15
1.9620939e-15
1.9787936e-15
1.9835847e-15
1.9814994e-15
1.974607e-15
1.9570577e-15
1.9344892e-15
1.9089958e-15
1.8821782e-15
1.8478489e-15
1.8156366e-15
1.7788318e-15
1.744086e-15
1.705867e-15
1.6738269e-15
1.6356561e-15
1.5977804e-15
1.5637948e-15
1.5290867e-15
1.497121e-15
1.4636876e-15
1.4392141e-15
1.4099843e-15
1.379059e-15
1.3499071e-15
1.3271702e-15
1.3046785e-15
1.2846988e-15
1.2672016e-15
1.2498514e-15
1.2335797e-15
1.2146391e-15
1.2022814e-15
1.1844838e-15
1.1743262e-15
1.1610753e-15
1.1495385e-15
1.1453202e-15
1.1268894e-15
1.1196136e-15
1.1122191e-15
1.1057164e-15
1.0943348e-15
1.0839982e-15
1.0823991e-15
1.072999e-15
1.0666563e-15
1.0584628e-15
1.0539151e-15
1.04668e-15
1.0465704e-15
1.0427147e-15
1.0403238e-15
1.0365035e-15
1.0320714e-15
1.0277821e-15
1.027398e-15
1.0247345e-15
1.0228427e-15
1.0246981e-15
1.0241247e-15
1.0239373e-15
1.0288402e-15
1.0253612e-15
1.030372e-15
1.0294695e-15
1.0306599e-15
1.0305546e-15
1.0386695e-15
1.0427753e-15
1.0470593e-15
1.0454466e-15
1.0501455e-15
1.0547164e-15
1.0531451e-15
1.0435024e-15
1.0287398e-15
9.9940637e-16
9.5447056e-16
8.8235987e-16
7.6819499e-16
6.253365e-16
4.4459265e-16
1.808087e-16
-9.4565101e-15
-4.4442921e-15
-1.3808687e-15
-7.8077087e-16
-7.8357473e-16
-7.846745e-16
-6.9659094e-16
-6.2480904e-16
-5.7787471e-16
-5.5097434e-16
-5.4285773e-16
-5.6381205e-16
-5.9795855e-16
-6.4061203e-16
-6.7094809e-16
-7.0242669e-16
-7.2325622e-16
-7.3503112e-16
-7.4797557e-16
-7.4974739e-16
-7.5413087e-16
-7.5782984e-16
-7.661731e-16
-7.7278599e-16
-7.8498298e-16
-7.9850904e-16
-8.2313928e-16
-8.4021387e-16
-8.720567e-16
-8.9792096e-16
-9.1847818e-16
-9.492644e-16
-9.7434702e-16
-9.9060133e-16
-1.0071236e-15
-1.0214487e-15
-1.0380192e-15
-1.0443348e-15
-1.0498483e-15
-1.0562755e-15
-1.0551676e-15
-1.0523764e-15
-1.0445162e-15
-1.0314145e-15
-1.0187114e-15
-1.0134723e-15
-1.0018454e-15
-9.8641877e-16
-9.758387e-16
-9.6013217e-16
-9.4031168e-16
-9.3073821e-16
-9.1115889e-16
-8.9878046e-16
-8.8711385e-16
-8.7761852e-16
-8.6610185e-16
-8.4469206e-16
-8.3945757e-16
-8.3201265e-16
-8.1661293e-16
-8.087798e-16
-8.0102604e-16
-7.8858122e-16
-7.7618866e-16
-7.6689423e-16
-7.6207924e-16
-7.5291124e-16
-7.4937902e-16
-7.3579733e-16
-7.3508833e-16
-7.2962589e-16
-7.2365189e-16
-7.0796578e-16
-7.0930585e-16
-7.0473719e-16
-7.0466093e-16
-6.9725355e-16
-6.9369059e-16
-6.9293719e-16
-6.9496209e-16
-6.8767368e-16
-6.8392678e-16
-6.8433035e-16
-6.7697615e-16
-6.8019888e-16
-6.8109514e-16
-6.7952463e-16
-6.7527057e-16
-6.720551e-16
-6.6583852e-16
-6.6070863e-16
-6.5346724e-16
-6.5029802e-16
-6.4949592e-16
-6.4904197e-16
-6.4703496e-16
-6.4690506e-16
-6.4944093e-16
-6.4613177e-16
-6.5345559e-16
-6.5319198e-16
-6.5906352e-16
-6.645918e-16
-6.6866509e-16
-6.6982468e-16
-6.7671726e-16
-6.804058e-16
-6.8605962e-16
-6.877804e-16
-6.8524349e-16
-6.9441087e-16
-7.0044906e-16
-6.9458844e-16
-6.7689346e-16
-6.4926804e-16
-6.1236229e-16
-5.3064017e-16
-3.9972045e-16
-1.9038976e-16
3.5583625e-14
2.1353275e-14
1.2793453e-14
7.6408872e-15
4.3907177e-15
2.1336937e-15
5.4675846e-16
-3.6911892e-16
-7.1172242e-16
-7.0825889e-16
-5.5696004e-16
-3.8031384e-16
-2.3230202e-16
-1.1837945e-16
-4.2565439e-17
1.0856836e-17
5.6725125e-17
9.1445423e-17
1.1924766e-16
1.4018532e-16
1.520326e-16
1.6371041e-16
1.6171884e-16
1.5573234e-16
1.6377006e-16
1.7315259e-16
1.810065e-16
1.8506573e-16
1.9008418e-16
1.9347101e-16
1.9631947e-16
2.0058113e-16
2.1095643e-16
2.2043856e-16
2.2599353e-16
2.386222e-16
2.4790109e-16
2.5762856e-16
2.5800201e-16
2.6029666e-16
2.6254232e-16
2.6066795e-16
2.6517781e-16
2.6625719e-16
2.6756837e-16
2.6571592e-16
2.647049e-16
2.6631474e-16
2.6060757e-16
2.5896813e-16
2.5271548e-16
2.478917e-16
2.4154324e-16
2.4045475e-16
2.3687277e-16
2.3529126e-16
2.2902163e-16
2.2110564e-16
2.1738878e-16
2.0952594e-16
2.1147247e-16
1.9999475e-16
1.9076331e-16
1.9209637e-16
1.8400261e-16
1.8453115e-16
1.8192432e-16
1.8375952e-16
1.7535814e-16
1.8088733e-16
1.8276786e-16
1.8473611e-16
1.7761267e-16
1.7662752e-16
1.7468634e-16
1.7130856e-16
1.6781369e-16
1.5966513e-16
1.6346797e-16
1.5857808e-16
1.616116e-16
1.612626e-16
1.6415919e-16
1.5965535e-16
1.5708209e-16
1.6253249e-16
1.5615494e-16
1.5257813e-16
1.5688144e-16
1.4447147e-16
1.5344961e-16
1.5726366e-16
1.608299e-16
1.5942458e-16
1.6381023e-16
1.5554087e-16
1.5143658e-16
1.5760195e-16
1.6195794e-16
1.647551e-16
1.6101195e-16
1.5874165e-16
1.6157256e-16
1.6399318e-16
1.6203025e-16
1.6577172e-16
1.6409132e-16
1.7382308e-16
1.7531588e-16
1.7790355e-16
1.8524357e-16
1.9942901e-16
1.9968755e-16
1.9672091e-16
1.9079795e-16
1.6792899e-16
1.2203637e-16
6.4622678e-17
2.3720502e-17
3.8216569e-17
)
;
    }
    wedgeBack
    {
        type            wedge;
        value           nonuniform List<scalar> 
4800
(
-7.2217805e-16
-1.0771963e-15
-4.5890495e-16
9.5925808e-18
-4.7344737e-16
-4.4564105e-16
-5.3327519e-16
-3.0531579e-16
-6.3196619e-16
-2.9080626e-16
-4.9887999e-16
-2.2312035e-16
-5.9907217e-16
-2.6936325e-16
-3.2322128e-16
-2.4409559e-16
-2.7077247e-16
-3.4428114e-16
-2.8539594e-16
-3.6621421e-16
-5.1438643e-16
-3.7546586e-16
-3.9831719e-16
-6.4479463e-16
-5.5330682e-16
-4.0396473e-16
-2.9055975e-16
-1.03964e-16
-4.5440468e-16
-3.3355488e-16
-4.0631694e-16
-6.9003787e-16
-4.2287372e-16
-4.5980175e-16
-4.908223e-16
-5.0510185e-16
-6.7491577e-16
-7.4788526e-16
-6.9268686e-16
-4.3197203e-16
-4.2100779e-16
-4.5719864e-16
-5.803155e-16
-2.3230424e-16
-1.7934751e-16
-3.8897376e-16
-3.3034661e-16
-5.5270857e-17
-6.4353648e-17
-2.0446815e-16
-3.7688353e-16
-4.8004191e-16
-3.5006806e-16
-3.643351e-16
-3.8697611e-16
-3.4903813e-16
-5.6821727e-16
-2.9813542e-16
-4.239594e-16
-3.5717037e-16
-2.6486648e-16
-4.1286858e-16
-5.6679409e-16
-4.7365852e-16
-4.8938374e-16
-5.0930685e-16
-6.0295312e-16
-5.0463691e-16
-5.0108495e-16
-3.1930332e-16
-3.1649328e-16
-4.8375935e-16
-4.890082e-16
-1.3369691e-16
-5.2954902e-16
-4.8426217e-16
-2.6898824e-16
-4.6736171e-16
-5.6831816e-16
-5.3270707e-16
-4.8153258e-16
-3.2022487e-16
-2.9271856e-16
-1.2572626e-16
-2.6320204e-16
-3.5934028e-16
-2.253788e-16
-4.1528502e-16
-3.7537957e-16
-3.0985554e-16
-2.4191207e-16
-4.0019172e-16
-4.3668795e-16
-3.5171819e-16
-1.8849346e-16
-2.9097331e-16
-5.0303882e-16
-1.4187648e-16
-4.5368278e-16
-3.1729073e-16
-8.2823311e-17
-2.4492337e-16
-8.2971335e-17
-4.6029748e-16
-3.2331119e-16
-4.0430552e-16
-2.5500371e-16
-2.0737948e-16
-4.1375066e-16
-1.9535378e-16
-2.2894185e-16
-4.7333039e-16
-6.4921512e-16
-5.2216562e-16
-7.1320102e-16
-7.5901221e-16
-2.6621152e-16
-5.6893069e-16
-4.9679937e-16
-4.0893875e-16
-1.5567977e-15
-1.9283169e-15
-1.5413289e-15
-1.4017255e-15
-1.2829305e-15
-1.2374055e-15
-1.3815757e-15
-1.2339331e-15
-1.1638564e-15
-1.2199541e-15
-1.3612195e-15
-1.2698765e-15
-1.2060252e-15
-1.2875064e-15
-1.2033607e-15
-1.2348231e-15
-1.2118322e-15
-1.2119598e-15
-1.2821482e-15
-1.2756084e-15
-1.1844722e-15
-1.2718237e-15
-1.2002778e-15
-1.3242158e-15
-1.3001403e-15
-1.1504616e-15
-1.1763137e-15
-1.243468e-15
-1.3131778e-15
-1.3212301e-15
-1.3383452e-15
-1.3976359e-15
-1.2962658e-15
-1.3495464e-15
-1.2135793e-15
-1.1670708e-15
-1.3234127e-15
-1.2963006e-15
-1.2843515e-15
-1.3444391e-15
-1.2963724e-15
-1.2650855e-15
-1.1942348e-15
-1.1489628e-15
-1.1867935e-15
-1.0681583e-15
-1.181309e-15
-1.0427684e-15
-1.0623841e-15
-1.0712031e-15
-1.3007185e-15
-1.2186963e-15
-1.2327073e-15
-1.1097525e-15
-1.305058e-15
-1.2356914e-15
-1.2735318e-15
-1.3020308e-15
-1.0501479e-15
-1.1111873e-15
-9.4368389e-16
-1.1866443e-15
-1.1532437e-15
-1.1932641e-15
-1.1012355e-15
-1.1628932e-15
-1.1595007e-15
-1.235461e-15
-1.1715377e-15
-1.0804667e-15
-1.2427726e-15
-1.1838138e-15
-1.381246e-15
-1.213686e-15
-1.1610742e-15
-1.1012555e-15
-1.1068847e-15
-1.0965692e-15
-1.1291287e-15
-1.2159463e-15
-1.1573115e-15
-1.0315515e-15
-1.080203e-15
-1.1491854e-15
-1.1468477e-15
-1.064585e-15
-1.2440863e-15
-1.1657236e-15
-1.1613021e-15
-1.0483088e-15
-1.2147365e-15
-1.3159363e-15
-1.1682146e-15
-1.1867983e-15
-1.0910735e-15
-1.0739207e-15
-1.018152e-15
-1.105784e-15
-1.0694004e-15
-1.148632e-15
-9.9040702e-16
-9.3357074e-16
-9.9886606e-16
-1.0987444e-15
-1.0640182e-15
-1.0219712e-15
-1.0578594e-15
-8.8851279e-16
-1.1101005e-15
-1.1606467e-15
-1.1978395e-15
-1.2284706e-15
-1.1396102e-15
-1.2653619e-15
-1.3822215e-15
-1.4973287e-15
-1.3930347e-15
-1.5546256e-15
-1.4690343e-15
-1.7635423e-15
6.3173898e-16
5.2659038e-16
4.8660472e-16
4.6861364e-16
3.8762759e-16
3.1206137e-16
4.0268514e-16
3.0775435e-16
2.5912126e-16
2.017384e-16
2.4450746e-16
2.0989355e-16
3.261767e-16
3.6289438e-16
3.999756e-16
3.0110389e-16
3.3324998e-16
2.3471525e-16
2.4153851e-16
2.2157559e-16
1.9953423e-16
2.4998188e-16
2.0575745e-16
2.5695075e-16
2.5909575e-16
3.6483031e-16
3.5940756e-16
2.7518349e-16
2.7259698e-16
1.1697821e-16
1.2818277e-16
1.2688141e-16
2.0301271e-16
1.1602936e-16
1.5561103e-16
1.8897397e-16
1.7773687e-16
1.6176981e-16
1.4335471e-16
1.4530965e-16
2.3126636e-16
1.7110569e-16
1.9882492e-16
2.0777424e-16
2.1108727e-16
1.8617433e-16
2.1499928e-16
1.170754e-16
1.6511383e-16
2.4298744e-16
1.6745338e-16
1.3660403e-16
1.3258181e-16
1.313505e-16
1.618656e-16
2.4658802e-18
1.2992974e-16
1.3592214e-16
1.8412369e-16
2.5255347e-16
1.6662771e-16
1.1685598e-16
7.9100101e-17
1.4680199e-16
1.8041459e-16
3.0665503e-16
2.7184678e-16
1.9680051e-16
1.390332e-16
1.5228025e-16
2.1081945e-16
1.8297148e-16
1.2021606e-16
1.46409e-16
1.5028806e-16
1.9455604e-16
2.1576693e-16
2.3448809e-16
2.7107423e-16
1.9293885e-16
2.7926109e-16
2.6469244e-16
3.1473791e-16
2.7948053e-16
2.4557526e-16
1.4744666e-16
2.2425062e-16
3.181726e-16
2.9015991e-16
1.2791048e-16
1.9127885e-16
2.4033925e-16
3.2802995e-16
2.5317389e-16
3.1950483e-16
3.3489165e-16
3.8549302e-16
2.2845614e-16
2.3172152e-16
2.8800094e-16
2.5497526e-16
3.2643698e-16
2.3027398e-16
2.6585335e-16
2.3574731e-16
3.0341769e-16
4.7636257e-16
2.6709815e-16
3.1199128e-16
2.8990615e-16
3.1244387e-16
2.1740134e-16
1.5807345e-16
2.4437913e-16
2.7062817e-16
2.9576591e-16
3.111761e-16
4.3189051e-16
4.5090217e-16
5.1672798e-16
-4.9783888e-17
-1.0610931e-17
1.1455221e-16
1.4024942e-16
1.064463e-16
4.8941783e-17
4.1716709e-18
1.8207513e-17
6.8368012e-17
4.8738405e-17
4.3962745e-17
6.0674895e-17
1.0107084e-16
5.6849887e-17
3.5251953e-17
2.7375755e-17
3.5622799e-17
4.765008e-17
7.3247372e-17
7.5913805e-17
5.5677454e-17
7.4469456e-17
6.1155205e-17
8.2170568e-17
9.1180299e-17
1.5796652e-16
9.6669429e-17
4.3881756e-17
5.0981043e-17
1.0194837e-17
1.4312931e-17
-1.1553782e-17
2.2109395e-17
8.2093308e-17
8.491482e-17
1.0105056e-16
9.544297e-17
7.6480015e-17
8.6427739e-17
1.4016459e-16
1.5057991e-16
1.1816663e-16
1.2203992e-16
1.3803838e-16
1.1729814e-16
1.2380644e-16
9.5546546e-17
7.5652111e-17
6.8020693e-17
1.1037665e-16
1.3443521e-16
1.0618533e-16
4.4808136e-17
2.4916467e-17
1.7205922e-17
3.0017651e-17
6.8203848e-17
2.0199479e-17
9.4475055e-17
8.830343e-17
4.2945564e-17
6.0338758e-17
1.1493062e-16
1.4110881e-16
1.5609456e-16
1.2547936e-16
1.1991544e-16
1.1808443e-16
1.0945697e-16
1.1950651e-16
7.6292243e-17
8.6464665e-17
8.3319016e-17
1.0310376e-16
1.2502523e-16
1.1253185e-16
6.1671953e-17
1.0200145e-16
7.1573451e-17
7.5882781e-17
5.2066059e-17
7.3249323e-17
9.4945602e-17
6.0900307e-17
6.7894941e-17
1.1646737e-16
1.091717e-16
8.1400835e-17
5.7036492e-17
1.1665968e-16
1.2662044e-16
1.5549334e-16
1.7681656e-16
2.407399e-16
2.118293e-16
1.625036e-16
1.8087643e-16
1.5951986e-16
1.6078551e-16
1.2832305e-16
1.1480255e-16
9.9886047e-17
1.1352028e-16
9.991573e-17
6.770692e-17
3.3805313e-17
5.5571635e-17
8.3270772e-17
9.2477225e-17
1.1926672e-16
1.308764e-16
1.0097471e-16
8.8144495e-17
7.8077869e-17
1.3426487e-16
1.1397683e-16
1.6662866e-16
9.5846873e-17
2.3520648e-17
3.014905e-17
-9.9959429e-17
-1.0138353e-16
1.2468121e-17
2.9566423e-17
1.8628805e-17
-2.2994676e-17
-6.0360426e-17
-3.9935736e-17
1.6625478e-18
-2.0638629e-17
-2.9089458e-17
-1.716547e-17
1.4474436e-17
-5.8785814e-18
-4.007774e-17
-4.2712654e-17
-4.056993e-17
-1.2178112e-17
-8.3055713e-18
-8.3732669e-18
-9.9778494e-18
8.2394989e-18
5.2882735e-18
1.5497226e-17
-7.639901e-19
6.453712e-17
1.526837e-17
-2.5292074e-17
-8.2978054e-18
-2.453186e-17
-2.9217853e-17
-4.9529497e-17
-2.9759688e-17
8.3152066e-18
3.1527613e-17
5.2482607e-17
4.6177552e-17
2.6925763e-17
3.3107088e-17
5.034733e-17
6.3036045e-17
4.1603168e-17
4.5800912e-17
5.9615926e-17
5.1241435e-17
5.3571207e-17
5.2643223e-17
2.9648072e-17
1.7264439e-17
3.4292388e-17
5.206852e-17
4.2366095e-17
-6.1851641e-18
-1.3451186e-17
-1.2396933e-17
-1.7979929e-17
9.2607806e-18
-2.6735215e-17
2.2294449e-17
2.4639135e-17
5.6528379e-18
1.850428e-17
3.8235691e-17
5.5609972e-17
8.3055441e-17
5.2113333e-17
3.9295519e-17
4.7271355e-17
4.3238676e-17
5.9090772e-17
1.3198512e-17
2.7087149e-17
4.4923417e-17
4.8914266e-17
5.5430614e-17
3.3132395e-17
1.0819247e-17
2.7961297e-17
2.5747375e-17
2.3306581e-17
-7.8084969e-18
-9.2424146e-18
1.2469361e-17
-6.6953896e-19
-1.4350907e-18
3.2610968e-17
2.2824678e-17
-4.7090499e-19
9.273192e-18
7.4054808e-17
7.9925609e-17
9.1188186e-17
1.0680263e-16
1.5447174e-16
1.4506569e-16
9.6778801e-17
1.154236e-16
6.6844898e-17
7.0119328e-17
5.2517362e-17
4.6675102e-17
3.3149906e-17
4.1648367e-17
2.8553827e-17
1.9333267e-17
-1.5062604e-17
-2.0875438e-17
-5.1458981e-18
1.3511567e-17
5.3212982e-17
7.3596364e-17
5.7786132e-17
4.336618e-17
3.4060533e-17
4.6139804e-17
3.3069779e-17
6.6115079e-17
3.2386681e-18
-5.6858956e-17
-5.4121884e-17
-4.0595173e-17
1.0545381e-16
5.4898535e-17
7.5781972e-17
8.4796059e-17
9.209788e-18
5.1924034e-17
6.3164009e-17
6.8687066e-17
5.5320544e-17
-2.2608184e-18
1.9702953e-18
5.1000158e-17
4.3737651e-17
2.7262343e-17
4.7719142e-17
3.1369967e-17
6.8476997e-17
4.1214931e-17
1.2667903e-17
4.0154579e-18
2.7265174e-17
2.4738211e-17
3.4743049e-17
1.9535634e-17
-3.1799358e-17
-1.3154233e-17
-3.0557433e-17
-1.0571707e-17
-1.4844084e-17
-7.6445449e-17
-1.0201594e-16
-4.852429e-17
-5.0734195e-17
-6.3636761e-17
-4.1402324e-17
-1.9178598e-17
-6.6451943e-17
-5.7036112e-17
-6.4972757e-17
-5.506445e-17
-4.6336441e-17
-6.1244191e-17
-4.0301465e-17
-5.1993145e-17
-6.4014845e-17
1.8765418e-17
-1.6553226e-17
-4.383234e-17
-3.6154151e-17
-2.5617792e-17
-4.7914725e-17
-5.4499775e-17
-5.3181488e-17
-4.4398069e-17
-1.2968224e-17
-2.5142769e-17
-3.3592744e-17
-2.0949364e-17
-1.6840166e-18
8.4973333e-18
-1.4442584e-17
-1.4592951e-18
-3.1018459e-17
1.2813829e-17
-1.1031652e-17
-1.8278079e-17
-4.5350065e-17
-2.7814555e-17
-4.0128369e-17
-9.3671889e-18
-9.2945139e-18
-2.348417e-17
-3.2402747e-17
-3.0877998e-17
-6.2213306e-17
-3.3691199e-17
-3.3955544e-17
-1.1701441e-17
1.563838e-18
-4.1116895e-17
7.4461049e-18
2.7813174e-18
-9.1156112e-18
-4.9976888e-17
-2.9680493e-17
-2.1153898e-17
-4.2646485e-17
-7.6523248e-18
2.1636994e-18
6.1368947e-17
5.7955747e-17
3.1682959e-17
3.2558428e-17
1.87687e-17
2.3540292e-17
1.3305941e-17
1.0500439e-17
2.0566472e-17
2.6690754e-17
4.0052049e-18
1.6249386e-17
1.2973848e-17
4.7853849e-18
-6.1207076e-18
-2.2818079e-17
-1.5694374e-17
3.5242246e-17
-1.3927016e-17
2.2828645e-17
6.8945339e-17
7.3339557e-17
5.6196176e-17
7.9769706e-17
5.0495902e-17
1.8154355e-17
4.674917e-17
2.1096511e-17
5.2043899e-18
2.5391814e-17
-8.7902261e-17
-7.4351271e-17
-1.4786554e-17
1.2198472e-17
-1.5124873e-17
-3.875397e-17
-7.074937e-17
-6.0139068e-17
-2.7658902e-17
-4.1890554e-17
-4.4752756e-17
-3.5432754e-17
-1.6900874e-17
-3.9285665e-17
-5.7586014e-17
-5.3750737e-17
-5.1008779e-17
-2.0325081e-17
-1.3553782e-17
-1.2950113e-17
-1.3690962e-17
-6.3653673e-18
-1.6915695e-17
-2.0766671e-18
-4.7651616e-18
2.8012032e-17
-4.7732001e-18
-2.5531293e-17
-2.686174e-17
-4.4460655e-17
-3.5075884e-17
-4.9116113e-17
-2.5673254e-17
8.2708886e-18
1.4367723e-17
2.1939636e-17
2.1397678e-17
1.2615272e-17
1.7238965e-17
3.4109989e-17
4.5284099e-17
3.0587529e-17
2.9403438e-17
4.0904087e-17
3.868667e-17
3.4501526e-17
3.4592919e-17
1.9022738e-17
1.2789423e-17
2.3754123e-17
4.2011388e-17
2.9966578e-17
8.9957185e-18
3.3550166e-18
-1.0473202e-18
-7.9602216e-18
1.1318519e-17
-9.9366946e-18
1.788727e-17
2.173038e-17
5.5925053e-18
1.232973e-17
3.0524731e-17
4.3868823e-17
5.1045832e-17
2.3364933e-17
2.5707091e-17
2.0087908e-17
1.8501787e-17
2.933696e-17
-1.0539482e-17
1.067618e-17
1.5556887e-17
1.6483675e-17
2.7975848e-17
9.1653609e-18
-1.1816386e-17
1.2784404e-17
-1.0174707e-17
-3.3648218e-18
-1.7749528e-17
-1.2934605e-17
-4.3393765e-18
-2.0826745e-17
-1.3112348e-17
1.556428e-17
3.2203729e-18
-1.7613623e-17
-1.0651429e-17
1.4507837e-17
3.2818731e-17
4.0082107e-17
4.690601e-17
9.0049263e-17
5.0721422e-17
3.0951102e-17
4.1260344e-17
1.986182e-17
9.5065267e-18
-7.7126766e-18
-2.9543675e-18
-6.6238742e-18
1.5490505e-17
5.4283548e-18
-1.0319677e-17
-3.225394e-17
-3.605192e-17
-6.4476859e-18
-8.0226224e-19
1.4598566e-17
2.2009132e-17
1.0174854e-17
7.6480543e-18
7.8955163e-18
1.017789e-17
-1.1905917e-17
1.2994384e-17
-3.3896575e-17
-6.3384588e-17
-4.1134332e-17
-7.2715538e-17
-8.5807351e-17
-2.0207047e-17
-4.7459541e-18
-1.7961214e-17
-4.5966219e-17
-7.8518854e-17
-7.1027625e-17
-3.7910533e-17
-4.9068256e-17
-5.1905406e-17
-4.2217899e-17
-2.5397093e-17
-4.9547867e-17
-6.1623082e-17
-6.1619224e-17
-4.8683985e-17
-3.6884249e-17
-2.7011724e-17
-2.8133091e-17
-2.6196242e-17
-1.0629601e-17
-1.141715e-17
-6.4053529e-18
-1.338321e-17
2.2974493e-17
-4.3464942e-20
-1.4634002e-17
-1.5775334e-17
-3.6591665e-17
-2.8105711e-17
-4.3323845e-17
-2.4998198e-17
7.9121656e-18
1.0926437e-17
2.0460257e-17
1.9741437e-17
1.1118049e-17
1.1987014e-17
3.1515919e-17
4.1332358e-17
2.7600448e-17
2.4832768e-17
4.0702832e-17
3.6803564e-17
3.6363664e-17
2.0474253e-17
2.0678694e-17
1.7230205e-17
2.0714584e-17
3.3410568e-17
2.515046e-17
1.5006598e-18
-2.5718676e-18
-5.0044549e-19
-9.5034143e-18
-2.8478114e-18
-1.5964745e-17
1.5182401e-17
1.0367526e-17
-1.3573525e-17
2.8813731e-18
1.8166084e-17
2.8596795e-17
3.7268674e-17
1.5524327e-17
1.7370731e-17
1.6235666e-17
1.1234501e-17
2.4520756e-17
-9.784232e-18
1.039592e-17
1.6810535e-17
1.864872e-17
2.7327313e-17
7.0345902e-18
-1.474515e-17
6.1866719e-18
-3.3096392e-18
9.6416939e-19
-1.2119545e-17
-1.3552218e-17
-4.2285352e-18
-2.5627438e-17
-1.2939973e-17
1.4893987e-17
-5.0837131e-19
-2.2667404e-17
-2.4622945e-17
1.0251784e-17
3.2252258e-17
4.5313144e-17
4.6926573e-17
7.8809038e-17
5.8056589e-17
3.0423118e-17
2.7948201e-17
1.20527e-17
1.0149192e-17
-3.1636298e-18
1.1354242e-18
-1.3887563e-17
9.0244726e-18
7.0066358e-18
-7.9690693e-18
-3.0696371e-17
-3.0024655e-17
-1.7855373e-17
-1.4892074e-17
-5.6803364e-19
9.9324117e-18
-4.1965758e-18
-9.1660421e-18
7.154029e-19
1.4225604e-17
-3.983475e-18
1.3869478e-17
-3.1594104e-17
-5.0093868e-17
-3.978821e-17
-7.9574121e-17
-9.5040314e-17
-3.1047655e-17
-1.4501013e-17
-2.612953e-17
-4.7071461e-17
-6.358484e-17
-5.4034322e-17
-3.262375e-17
-3.9901714e-17
-4.4956879e-17
-3.9042271e-17
-2.4297141e-17
-3.7869451e-17
-4.8717199e-17
-4.9781641e-17
-4.1375398e-17
-3.4190485e-17
-2.6691152e-17
-2.5271501e-17
-2.416054e-17
-1.1429883e-17
-1.4422529e-17
-1.1214139e-17
-1.2895981e-17
1.6529247e-17
3.3953508e-18
-6.3904647e-18
-8.796947e-18
-1.9107303e-17
-1.2375218e-17
-2.553281e-17
-1.0062044e-17
6.2481599e-18
1.7486077e-17
2.6808713e-17
2.4945785e-17
1.5027133e-17
2.5163607e-17
3.6810983e-17
4.1257522e-17
3.4385499e-17
3.5732465e-17
4.6370656e-17
4.0927752e-17
3.8538316e-17
4.233279e-17
2.8785872e-17
1.9183682e-17
3.2538456e-17
3.8330225e-17
2.9406226e-17
5.5409903e-18
-2.7614587e-18
-4.6141751e-18
-5.579015e-18
8.6141319e-18
-8.8132139e-18
1.6583702e-17
6.2866182e-18
-8.5463876e-18
4.0827407e-19
1.8780459e-17
2.3477643e-17
1.921213e-17
6.2073524e-18
1.9917812e-18
1.2024416e-17
9.6749832e-18
2.3559782e-17
-5.6801008e-18
1.387755e-17
1.6188001e-17
2.6084718e-17
2.4870969e-17
8.3134278e-18
-8.5093067e-18
-4.8211718e-18
-1.0860879e-17
-1.1073141e-17
-1.453758e-17
-1.3982787e-17
-2.540203e-18
-2.0477468e-17
-1.2740296e-17
1.6842497e-17
1.032029e-17
-1.1751069e-17
-1.7991445e-17
1.1837104e-17
3.3360959e-17
4.1016413e-17
4.1640114e-17
6.1385498e-17
4.5932156e-17
2.6995775e-17
3.1287916e-17
2.7034921e-17
1.7899137e-17
3.3109326e-18
8.2460436e-18
-2.955957e-18
1.8541397e-17
1.3254798e-17
-7.6083335e-18
-2.4144286e-17
-2.2786245e-17
-4.2319681e-18
9.6899339e-19
1.1169223e-17
1.5261774e-17
-4.0517897e-18
-6.366161e-19
2.7122881e-18
1.6374929e-17
-6.3190581e-18
1.242196e-17
-1.8879124e-17
-3.6976367e-17
-3.4787526e-17
-2.8666688e-16
-3.7352273e-16
-4.2337529e-16
-3.9492859e-16
-3.8371749e-16
-3.8526585e-16
-4.0132678e-16
-3.8687708e-16
-3.7541373e-16
-3.5291228e-16
-3.5270937e-16
-3.4539454e-16
-3.2687382e-16
-3.0105659e-16
-2.8462743e-16
-2.6463591e-16
-2.4378024e-16
-2.1463861e-16
-1.9866569e-16
-1.7276693e-16
-1.3874511e-16
-1.1546027e-16
-7.973323e-17
-4.6537846e-17
-2.9183432e-17
1.1885677e-17
4.6531374e-17
6.5838221e-17
9.2847564e-17
1.2411027e-16
1.2342744e-16
1.4433098e-16
1.5758802e-16
1.7229074e-16
1.7833073e-16
2.0757064e-16
2.2593216e-16
2.3699024e-16
2.59262e-16
2.6650494e-16
2.8838929e-16
2.8677725e-16
2.8709812e-16
2.8410205e-16
3.149234e-16
2.8824103e-16
2.7824062e-16
2.8413488e-16
2.6301095e-16
2.896541e-16
2.6738372e-16
2.8368835e-16
2.629329e-16
2.5690612e-16
2.2873404e-16
2.2477347e-16
2.2647528e-16
2.1756393e-16
1.9648474e-16
2.0576427e-16
1.9106653e-16
2.0187111e-16
1.9755646e-16
1.9837122e-16
1.6977439e-16
1.5686546e-16
1.3952469e-16
1.5271337e-16
1.6711324e-16
1.7179173e-16
1.4198426e-16
1.3034177e-16
1.5461712e-16
1.4716789e-16
1.3852626e-16
1.3497425e-16
1.0936786e-16
9.7449257e-17
1.0580798e-16
1.0653954e-16
9.5854792e-17
9.4427491e-17
1.2334627e-16
1.0914243e-16
1.095866e-16
9.6277618e-17
9.9737628e-17
9.274644e-17
9.6325929e-17
9.6842169e-17
1.1519936e-16
1.1438528e-16
1.1641238e-16
1.0908637e-16
9.2589415e-17
7.3947858e-17
7.2159347e-17
7.5539419e-17
7.4604434e-17
6.681308e-17
6.6079976e-17
8.2225424e-17
9.6912193e-17
9.7307359e-17
7.0307266e-17
7.738786e-17
7.4527573e-17
9.0183857e-17
8.4467369e-17
8.4910545e-17
7.3921011e-17
5.8706838e-17
5.9470561e-17
9.8932128e-17
7.3041832e-17
9.899486e-17
8.9280687e-17
7.8797243e-17
5.9947755e-17
2.3739426e-17
-1.6804841e-16
-1.9861064e-16
-2.5421397e-16
-2.3918981e-16
-2.4353665e-16
-2.4877358e-16
-2.2465212e-16
-2.218617e-16
-2.2004032e-16
-2.1253051e-16
-2.090153e-16
-1.8401358e-16
-1.8046517e-16
-1.544637e-16
-1.5721335e-16
-1.6274406e-16
-1.1964955e-16
-1.1102181e-16
-8.4732842e-17
-7.2106385e-17
-5.8239364e-17
-3.6431454e-17
-6.7882975e-18
-8.0828027e-18
2.7177948e-18
3.11662e-17
6.207761e-17
8.4632799e-17
8.7856816e-17
1.2336159e-16
1.2880938e-16
1.2408005e-16
1.3204912e-16
1.2786594e-16
1.4079556e-16
1.4968593e-16
1.4396161e-16
1.695642e-16
1.8844074e-16
1.745253e-16
1.9535027e-16
1.8856877e-16
2.0701947e-16
2.058465e-16
1.8660064e-16
1.8949022e-16
1.8941996e-16
2.165815e-16
1.96863e-16
1.8110022e-16
1.9734009e-16
1.8719424e-16
2.0305308e-16
1.796224e-16
1.7922083e-16
1.8299099e-16
1.5801821e-16
1.5991371e-16
1.5287208e-16
1.4703207e-16
1.420629e-16
1.4681645e-16
1.4758697e-16
1.4801179e-16
1.4671141e-16
1.3316195e-16
1.1718822e-16
1.2867213e-16
1.4184048e-16
1.2078362e-16
1.3364876e-16
1.1346319e-16
1.2601438e-16
1.2811673e-16
1.1394565e-16
9.7640517e-17
9.4721505e-17
8.7453601e-17
8.7871786e-17
9.0670672e-17
1.0319818e-16
1.0216379e-16
9.8015462e-17
8.6071185e-17
8.3156207e-17
8.1183798e-17
6.8452427e-17
9.9274973e-17
9.9816919e-17
9.7700484e-17
1.1325068e-16
9.7708123e-17
1.000268e-16
9.961312e-17
6.3294012e-17
5.8660156e-17
7.2138965e-17
7.151038e-17
7.839035e-17
8.9801396e-17
8.1879202e-17
9.1256956e-17
9.4519738e-17
1.0094218e-16
9.2750234e-17
8.8598457e-17
7.871161e-17
9.4832805e-17
9.0902506e-17
1.0327461e-16
8.4994183e-17
7.5278631e-17
6.3543598e-17
1.1086811e-16
1.0675188e-16
9.7369351e-17
8.1244588e-17
8.4889056e-17
5.3568696e-17
3.069247e-17
1.0824025e-15
1.6946273e-15
1.863367e-15
1.9006135e-15
1.8918873e-15
1.8924879e-15
1.869141e-15
1.859754e-15
1.835326e-15
1.7861201e-15
1.7269264e-15
1.6906812e-15
1.6076289e-15
1.5259573e-15
1.4205444e-15
1.3220723e-15
1.2061324e-15
1.0681255e-15
9.2226852e-16
7.7156547e-16
6.247869e-16
4.9053269e-16
3.1293359e-16
1.7959904e-16
3.1947042e-17
-1.2078356e-16
-2.7064248e-16
-4.0435657e-16
-5.1747673e-16
-6.3767135e-16
-7.592768e-16
-8.67718e-16
-9.5805378e-16
-1.082926e-15
-1.1379054e-15
-1.2007211e-15
-1.2636233e-15
-1.3124022e-15
-1.3461625e-15
-1.3824213e-15
-1.4034413e-15
-1.4286016e-15
-1.4172938e-15
-1.4205592e-15
-1.3903225e-15
-1.3850847e-15
-1.3568315e-15
-1.3657431e-15
-1.3517849e-15
-1.3421325e-15
-1.3056162e-15
-1.2721972e-15
-1.2483759e-15
-1.2082073e-15
-1.1818018e-15
-1.1301774e-15
-1.1136704e-15
-1.0833426e-15
-1.0751986e-15
-1.0364654e-15
-1.0101536e-15
-9.9190571e-16
-9.5114671e-16
-8.9833921e-16
-8.6607715e-16
-8.6767829e-16
-8.4137969e-16
-8.0769609e-16
-7.5778166e-16
-7.4808695e-16
-7.1871074e-16
-6.9984651e-16
-6.6582731e-16
-6.6108899e-16
-6.1606304e-16
-6.0823948e-16
-5.8784526e-16
-5.7532718e-16
-5.516219e-16
-5.6302559e-16
-5.3997632e-16
-5.5308096e-16
-5.3253024e-16
-5.1187952e-16
-4.9310177e-16
-4.6750523e-16
-4.7367519e-16
-4.3372448e-16
-4.1268653e-16
-4.1177711e-16
-4.3091572e-16
-4.1047655e-16
-3.9626173e-16
-3.9661831e-16
-3.8568298e-16
-3.9065158e-16
-3.7460907e-16
-3.8262295e-16
-3.7531834e-16
-3.4421787e-16
-3.4080683e-16
-3.4599429e-16
-3.2352029e-16
-3.2463993e-16
-3.0316006e-16
-2.9948862e-16
-2.935033e-16
-2.9434352e-16
-2.9764561e-16
-3.0104455e-16
-3.0043067e-16
-3.1652787e-16
-3.1020997e-16
-3.2450501e-16
-2.9069449e-16
-2.9173912e-16
-2.8878113e-16
-2.8086804e-16
-2.4507119e-16
-1.4805713e-16
-2.3753293e-16
-3.455553e-16
-3.7385931e-16
-3.7159874e-16
-3.6560883e-16
-3.5167838e-16
-3.3829435e-16
-3.3233053e-16
-3.3089851e-16
-3.3261149e-16
-3.1746471e-16
-3.011597e-16
-2.9414574e-16
-2.7803775e-16
-2.6055634e-16
-2.4213465e-16
-2.0344072e-16
-1.8976291e-16
-1.6694693e-16
-1.5602526e-16
-1.4606858e-16
-1.1957343e-16
-8.4051314e-17
-6.3722883e-17
-4.3700853e-17
-1.1544936e-17
3.6968356e-17
6.4137664e-17
8.863895e-17
1.0827724e-16
1.1886509e-16
1.2757795e-16
1.1478476e-16
1.1591783e-16
1.3305911e-16
1.4302661e-16
1.4630728e-16
1.665433e-16
1.7357172e-16
1.7309848e-16
1.7859631e-16
1.7602434e-16
1.7630665e-16
1.8603088e-16
1.8282304e-16
1.9881206e-16
2.1225498e-16
2.1234961e-16
2.0031181e-16
1.8254355e-16
1.9309127e-16
1.8853737e-16
1.7209503e-16
1.7501719e-16
1.9397868e-16
1.7225218e-16
1.5631505e-16
1.4693156e-16
1.4532531e-16
1.295408e-16
1.2124305e-16
1.1280718e-16
1.0993695e-16
1.1319259e-16
1.1436086e-16
1.0697516e-16
7.5251203e-17
9.6968272e-17
9.389781e-17
9.3472814e-17
9.6417107e-17
1.0073599e-16
8.8196877e-17
8.326829e-17
8.947815e-17
6.6411992e-17
7.1185052e-17
6.8560152e-17
7.6201861e-17
6.017011e-17
6.4899052e-17
5.8080915e-17
6.1825854e-17
5.6111401e-17
3.6179081e-17
4.3155078e-17
3.8664001e-17
4.3792938e-17
4.3258082e-17
3.3450969e-17
3.9261724e-17
3.3202445e-17
3.7702653e-17
2.2577953e-17
1.5208938e-17
-1.8331496e-17
-1.2412573e-17
2.5721342e-17
3.2452351e-17
3.0105177e-17
1.8378204e-17
3.5055112e-17
4.0135654e-17
5.20183e-17
3.6688655e-17
1.318048e-17
3.9473532e-18
3.0905456e-17
4.6158169e-17
2.2937005e-17
3.7854758e-17
2.250595e-17
1.6293105e-17
2.5925096e-17
3.7070264e-17
1.6372676e-17
9.5354593e-18
-5.2137362e-18
3.1144107e-18
-2.0426885e-17
-2.2517988e-16
-3.5176478e-16
-3.7749598e-16
-3.7478182e-16
-3.737508e-16
-3.6699004e-16
-3.5777453e-16
-3.5733328e-16
-3.5573455e-16
-3.6070635e-16
-3.5252683e-16
-3.3547793e-16
-3.2570796e-16
-3.0056653e-16
-2.8466446e-16
-2.6203879e-16
-2.2400237e-16
-2.0638849e-16
-1.7992623e-16
-1.6250542e-16
-1.4417972e-16
-1.0547958e-16
-6.8815118e-17
-3.8599462e-17
-2.3205249e-17
8.2893076e-18
5.9440181e-17
8.8390562e-17
1.1169428e-16
1.3951516e-16
1.5151325e-16
1.6825917e-16
1.5037848e-16
1.5963545e-16
1.8049766e-16
1.8691258e-16
1.9070527e-16
2.0701122e-16
2.201811e-16
2.1296241e-16
2.2119732e-16
2.1669811e-16
2.1122934e-16
2.1917537e-16
2.153814e-16
2.2168297e-16
2.3121455e-16
2.3867376e-16
2.2713923e-16
2.1003287e-16
2.2139466e-16
2.1369986e-16
1.9282538e-16
2.0154143e-16
2.1035179e-16
1.9191721e-16
1.6922116e-16
1.5641951e-16
1.5970708e-16
1.4257386e-16
1.3339976e-16
1.3233308e-16
1.2571611e-16
1.3217084e-16
1.3478632e-16
1.2132271e-16
8.8453718e-17
1.04803e-16
1.0198311e-16
9.6582952e-17
1.0034151e-16
9.8890499e-17
9.1957136e-17
8.7788643e-17
8.9162844e-17
7.3905444e-17
8.5654834e-17
7.8658176e-17
8.147152e-17
6.3169333e-17
7.0971364e-17
5.9888355e-17
7.0884513e-17
6.2176181e-17
4.1298365e-17
4.0798152e-17
3.7495444e-17
4.1646203e-17
4.037291e-17
3.535752e-17
4.3343815e-17
3.7037379e-17
3.852592e-17
2.9280631e-17
1.3250912e-17
-8.4783035e-18
-5.5730261e-18
2.8083316e-17
3.835797e-17
3.1088633e-17
2.1484923e-17
3.4344648e-17
4.0747521e-17
5.7410805e-17
3.0667351e-17
1.7150573e-17
8.0229832e-18
4.1946495e-17
5.5592078e-17
3.6448518e-17
4.7788232e-17
3.4460022e-17
2.9185177e-17
2.727185e-17
3.9027703e-17
2.2612079e-17
1.7412555e-17
4.086783e-18
1.8743112e-17
1.0600918e-17
-2.0154913e-16
-3.1034199e-16
-3.5915018e-16
-3.649928e-16
-3.5781197e-16
-3.7116106e-16
-3.6908458e-16
-3.764248e-16
-3.6455406e-16
-3.7492553e-16
-3.7485821e-16
-3.622371e-16
-3.4163909e-16
-3.3455813e-16
-3.1258853e-16
-2.794878e-16
-2.4150828e-16
-2.1221063e-16
-1.9112052e-16
-1.6386378e-16
-1.1823928e-16
-7.591669e-17
-3.675152e-17
-1.0577746e-17
2.3569385e-17
5.723675e-17
8.7525021e-17
1.1283675e-16
1.3676134e-16
1.5132188e-16
1.869841e-16
2.0453348e-16
2.117901e-16
2.2769047e-16
2.3168632e-16
2.4168669e-16
2.6708073e-16
2.7342772e-16
2.6679055e-16
2.8360489e-16
2.8188772e-16
2.7573834e-16
2.8209957e-16
2.6474645e-16
2.7138511e-16
2.6834725e-16
2.6010066e-16
2.6878319e-16
2.5975142e-16
2.5834404e-16
2.5099442e-16
2.5096555e-16
2.3448468e-16
2.2956869e-16
2.2356077e-16
2.1945337e-16
2.1325177e-16
1.9817648e-16
1.8959173e-16
1.8059969e-16
1.8268857e-16
1.7566893e-16
1.7152325e-16
1.6428866e-16
1.5762465e-16
1.5680224e-16
1.4026075e-16
1.2449821e-16
1.2083362e-16
1.2690512e-16
1.3313069e-16
1.1876529e-16
1.1098522e-16
1.1318673e-16
1.0561214e-16
9.4410169e-17
9.7518071e-17
9.4517783e-17
8.8334954e-17
9.7251384e-17
9.3636408e-17
8.1036271e-17
8.4285389e-17
8.4608676e-17
6.7168655e-17
6.6925898e-17
6.6654074e-17
5.7838875e-17
6.4324905e-17
7.1759406e-17
6.6357014e-17
6.8605829e-17
6.7969539e-17
6.1314942e-17
5.1193053e-17
5.1605307e-17
3.9790179e-17
4.7835621e-17
5.126525e-17
5.4468848e-17
5.2660643e-17
5.5640677e-17
7.7009271e-17
7.4496315e-17
5.867245e-17
5.8075409e-17
6.0004113e-17
6.9071311e-17
6.2317774e-17
7.5832831e-17
6.6635444e-17
6.2201211e-17
5.6202692e-17
5.9869537e-17
6.7364459e-17
5.4804982e-17
5.0165495e-17
5.0516026e-17
3.2565958e-17
5.6694339e-18
-1.7412985e-16
-2.9141006e-16
-3.703115e-16
-3.5763239e-16
-3.6213683e-16
-3.8217392e-16
-3.8822624e-16
-4.0097302e-16
-4.1385053e-16
-4.1406222e-16
-4.1963473e-16
-3.9691443e-16
-3.857272e-16
-3.5468568e-16
-3.3571703e-16
-3.1950527e-16
-2.7530667e-16
-2.4513177e-16
-1.9254711e-16
-1.4781147e-16
-1.0858864e-16
-6.5991015e-17
-2.0567007e-17
3.0227814e-18
3.5264107e-17
7.4715211e-17
1.1817936e-16
1.5366513e-16
1.6984087e-16
2.1015529e-16
2.3196559e-16
2.4235355e-16
2.6132287e-16
2.6509548e-16
2.8298227e-16
2.9397067e-16
2.9740707e-16
3.1607726e-16
3.2821015e-16
3.1879042e-16
3.2987533e-16
3.2800962e-16
3.3645503e-16
3.2728844e-16
3.1319323e-16
3.1341365e-16
3.0556249e-16
3.1344534e-16
2.9941188e-16
2.8470845e-16
2.9319631e-16
2.8325207e-16
2.840947e-16
2.6616015e-16
2.6054615e-16
2.5135187e-16
2.2936292e-16
2.2722869e-16
2.2125723e-16
2.184398e-16
2.1230664e-16
2.0578919e-16
1.9831324e-16
1.9277501e-16
1.8934613e-16
1.7898408e-16
1.6175391e-16
1.5563687e-16
1.6166791e-16
1.5135956e-16
1.6030603e-16
1.383518e-16
1.4769743e-16
1.4185077e-16
1.2442385e-16
1.2002041e-16
1.2609659e-16
1.0521369e-16
1.1529633e-16
1.1238448e-16
1.1958312e-16
1.1790764e-16
1.165567e-16
1.0328131e-16
9.6659152e-17
9.1869142e-17
9.1073688e-17
1.1072349e-16
1.0798519e-16
1.0319533e-16
1.1196221e-16
9.7766894e-17
9.3870997e-17
9.8932491e-17
7.1579341e-17
6.3875802e-17
7.1961826e-17
7.7304072e-17
8.2283681e-17
8.6958094e-17
7.6648954e-17
8.8930388e-17
9.4279856e-17
1.0202809e-16
9.362342e-17
8.6216938e-17
8.5407488e-17
9.7998599e-17
9.5976139e-17
1.0826757e-16
9.7480146e-17
8.4446003e-17
7.6264592e-17
1.0624874e-16
1.0249246e-16
9.4725339e-17
7.3161229e-17
8.1538619e-17
4.8056692e-17
2.157315e-17
-1.73299e-16
-3.0980433e-16
-3.7494791e-16
-3.8535459e-16
-3.7958989e-16
-4.0546695e-16
-4.4151835e-16
-4.6584299e-16
-4.8823244e-16
-5.0056039e-16
-4.9378213e-16
-4.8839166e-16
-4.7552038e-16
-4.4909483e-16
-4.1893067e-16
-3.8463713e-16
-3.4381757e-16
-2.9431914e-16
-2.4335443e-16
-2.0073874e-16
-1.5462471e-16
-1.0542919e-16
-5.269896e-17
-7.0109349e-18
3.9542448e-17
7.7296336e-17
1.2279357e-16
1.4221912e-16
1.8690734e-16
2.0668105e-16
2.3971232e-16
2.5441855e-16
2.691668e-16
2.9015656e-16
3.0106922e-16
3.1188608e-16
3.2743834e-16
3.2629728e-16
3.3533728e-16
3.4751268e-16
3.3956655e-16
3.468616e-16
3.3998136e-16
3.4171263e-16
3.3299884e-16
3.3184156e-16
3.1186913e-16
3.1287239e-16
3.1251269e-16
2.9765847e-16
2.8571924e-16
2.8448122e-16
2.6922909e-16
2.5915912e-16
2.5883331e-16
2.362645e-16
2.352964e-16
2.1972729e-16
2.240676e-16
2.0989339e-16
1.9710867e-16
2.0134825e-16
1.9928679e-16
1.8439533e-16
1.8013796e-16
1.6857647e-16
1.5346516e-16
1.3689939e-16
1.5069953e-16
1.3843131e-16
1.2624053e-16
1.2620148e-16
1.2420696e-16
1.2816871e-16
1.3054649e-16
1.1003847e-16
1.077495e-16
9.8420512e-17
9.6418681e-17
1.0341396e-16
1.0510831e-16
9.6235352e-17
8.5954764e-17
7.7727824e-17
8.2546321e-17
8.6820629e-17
8.1870859e-17
7.8309533e-17
8.9405737e-17
9.0658528e-17
1.0017091e-16
8.5544148e-17
7.6041091e-17
7.2387325e-17
6.1166933e-17
5.6954097e-17
6.1054463e-17
6.4570628e-17
6.9975791e-17
5.4104795e-17
6.0658364e-17
7.6149193e-17
7.4635862e-17
7.2719871e-17
6.2010954e-17
6.5389469e-17
6.4174454e-17
6.3382827e-17
6.7604793e-17
8.1756967e-17
7.5245844e-17
7.0777652e-17
6.7044157e-17
6.8802333e-17
6.0866396e-17
6.1657978e-17
6.8499972e-17
5.670864e-17
3.8567701e-17
2.2203535e-17
-1.491913e-16
-2.9189262e-16
-3.3452993e-16
-3.7909799e-16
-4.0458496e-16
-4.2469841e-16
-4.6265029e-16
-5.1574016e-16
-5.3894145e-16
-5.8174694e-16
-5.8100472e-16
-5.7385404e-16
-5.3921481e-16
-5.1808532e-16
-4.9163838e-16
-4.3640063e-16
-3.9071508e-16
-3.4057093e-16
-2.8619486e-16
-2.1713558e-16
-1.6541914e-16
-1.0221029e-16
-4.8896512e-17
3.6143984e-18
6.393172e-17
1.001139e-16
1.5004201e-16
1.8853703e-16
2.3529093e-16
2.5402647e-16
2.7628024e-16
2.8745936e-16
3.0723288e-16
3.2069879e-16
3.454487e-16
3.5620666e-16
3.7404893e-16
3.7235579e-16
3.7396745e-16
3.8226466e-16
3.6839034e-16
3.7174453e-16
3.6612146e-16
3.4411924e-16
3.4369308e-16
3.4041978e-16
3.3032187e-16
3.2213437e-16
3.1729682e-16
3.0361081e-16
3.1270524e-16
3.084075e-16
2.7239994e-16
2.7260424e-16
2.5678797e-16
2.5030467e-16
2.4082306e-16
2.2590633e-16
2.2792498e-16
2.0974188e-16
2.0759961e-16
2.0535881e-16
1.9611696e-16
1.9232542e-16
1.8416076e-16
1.8271887e-16
1.6608419e-16
1.6109137e-16
1.4738661e-16
1.4773828e-16
1.4153665e-16
1.3924154e-16
1.3375029e-16
1.2732307e-16
1.1892214e-16
1.2575429e-16
1.039179e-16
1.1111434e-16
1.0510934e-16
9.0736389e-17
9.5721581e-17
8.1653793e-17
8.8005184e-17
9.2009432e-17
7.9499339e-17
9.4838823e-17
8.3108015e-17
7.3267822e-17
8.8193788e-17
8.1863993e-17
8.7318324e-17
8.0218226e-17
6.3059723e-17
5.3152522e-17
6.3401667e-17
6.7362541e-17
6.0250287e-17
6.4671732e-17
6.4403969e-17
5.2704842e-17
4.9805026e-17
5.2867794e-17
4.9971407e-17
5.9374592e-17
4.0140273e-17
5.6525568e-17
5.5314312e-17
7.0448302e-17
6.637814e-17
7.6074573e-17
7.0752291e-17
7.9286784e-17
7.0668681e-17
7.2396686e-17
6.6010609e-17
3.80187e-17
5.5997658e-17
6.0389723e-17
4.044618e-17
1.86292e-17
-1.1388226e-16
-2.52095e-16
-3.0895079e-16
-3.5035131e-16
-3.9412315e-16
-4.6899006e-16
-5.4460832e-16
-6.1046828e-16
-6.6493791e-16
-6.9662944e-16
-7.0313159e-16
-6.8457585e-16
-6.589774e-16
-6.2731739e-16
-5.7378132e-16
-5.0647753e-16
-4.4054929e-16
-3.7918144e-16
-3.1397304e-16
-2.4624924e-16
-1.7391956e-16
-1.0759134e-16
-3.9240235e-17
2.6693651e-17
9.3503324e-17
1.328739e-16
1.7948304e-16
2.1973136e-16
2.7181381e-16
3.0226427e-16
3.2943194e-16
3.4384003e-16
3.6642232e-16
3.7650436e-16
3.9931957e-16
4.1039444e-16
4.2502096e-16
4.1865658e-16
4.1705256e-16
4.2360515e-16
4.0297752e-16
4.0803646e-16
3.9949521e-16
3.8705436e-16
3.6761734e-16
3.7594894e-16
3.5404529e-16
3.3831882e-16
3.3931905e-16
3.1921686e-16
3.1365625e-16
3.0246183e-16
2.9156396e-16
2.8433524e-16
2.8045467e-16
2.7121359e-16
2.4826329e-16
2.3361555e-16
2.4126629e-16
2.3193311e-16
2.2200331e-16
2.1209148e-16
1.9350617e-16
1.7639947e-16
1.8018141e-16
1.8206745e-16
1.7797123e-16
1.6303014e-16
1.596333e-16
1.7276239e-16
1.5833796e-16
1.5722877e-16
1.4504492e-16
1.3517465e-16
1.3879157e-16
1.3458682e-16
1.1106781e-16
1.1527302e-16
1.1354755e-16
1.036474e-16
1.0239616e-16
9.5449671e-17
9.0223091e-17
8.3243402e-17
8.3971993e-17
9.841292e-17
7.6085033e-17
8.3075209e-17
9.351458e-17
7.210283e-17
7.3377431e-17
7.5668178e-17
6.4632472e-17
6.6671576e-17
6.3976259e-17
8.1651224e-17
7.5034307e-17
6.2421847e-17
4.663673e-17
6.5369004e-17
6.5268932e-17
6.7313426e-17
6.2564776e-17
6.1481267e-17
5.6383441e-17
5.6564401e-17
6.1491827e-17
6.5253135e-17
6.2428827e-17
7.5868672e-17
6.2220686e-17
6.6427969e-17
6.4450846e-17
8.3299913e-17
7.6339331e-17
6.860191e-17
7.4506436e-17
6.9224882e-17
4.6454378e-17
5.3457009e-18
2.1569795e-16
1.0721027e-15
1.6625123e-15
2.2073525e-15
3.103502e-15
3.9994716e-15
4.8230127e-15
5.467397e-15
5.8506601e-15
5.9948324e-15
5.9610448e-15
5.7852436e-15
5.4881275e-15
5.0970485e-15
4.6485952e-15
4.1521145e-15
3.6166073e-15
3.0649998e-15
2.5053859e-15
1.9413624e-15
1.3840733e-15
8.4553047e-16
3.346836e-16
-1.5492353e-16
-6.1038214e-16
-1.0367801e-15
-1.4269576e-15
-1.7769621e-15
-2.0991819e-15
-2.379019e-15
-2.6184112e-15
-2.8274037e-15
-2.9980713e-15
-3.1317259e-15
-3.2368898e-15
-3.3044223e-15
-3.3313537e-15
-3.3500163e-15
-3.3487832e-15
-3.3156316e-15
-3.2792671e-15
-3.2187707e-15
-3.1492593e-15
-3.0658794e-15
-2.9745322e-15
-2.8776054e-15
-2.7826183e-15
-2.6909644e-15
-2.5907321e-15
-2.4852508e-15
-2.3808823e-15
-2.292881e-15
-2.2021102e-15
-2.0987676e-15
-2.0082702e-15
-1.929228e-15
-1.8503921e-15
-1.7783943e-15
-1.6965172e-15
-1.6211641e-15
-1.5566825e-15
-1.5019129e-15
-1.4416263e-15
-1.3808663e-15
-1.313716e-15
-1.2684112e-15
-1.2254861e-15
-1.1794972e-15
-1.1223568e-15
-1.0742345e-15
-1.0492339e-15
-1.0065076e-15
-9.710659e-16
-9.3358632e-16
-9.125957e-16
-8.9254127e-16
-8.659685e-16
-8.4180293e-16
-8.2050677e-16
-7.8414167e-16
-7.6849676e-16
-7.5038869e-16
-7.3297548e-16
-7.1259838e-16
-6.9678251e-16
-6.6992616e-16
-6.5573481e-16
-6.4849557e-16
-6.2658204e-16
-6.1397006e-16
-5.9472477e-16
-5.8774648e-16
-5.7599032e-16
-5.6585288e-16
-5.5982597e-16
-5.4078713e-16
-5.2941819e-16
-5.1989172e-16
-5.2233224e-16
-5.1431171e-16
-5.12374e-16
-4.9585174e-16
-4.9215269e-16
-4.8660597e-16
-4.8966083e-16
-4.8389688e-16
-4.7288333e-16
-4.5873064e-16
-4.6330494e-16
-4.6133472e-16
-4.5550642e-16
-4.4807737e-16
-4.5082507e-16
-4.362177e-16
-4.3288827e-16
-4.2377011e-16
-4.0202659e-16
-3.7164295e-16
-2.9712948e-16
-1.4043767e-16
1.1391296e-16
1.2094121e-17
-1.2653942e-16
-3.1584094e-16
-5.5344914e-16
-7.5407431e-16
-9.0418905e-16
-9.9349365e-16
-1.0365865e-15
-1.0389837e-15
-1.0129237e-15
-9.5743323e-16
-8.9364274e-16
-8.2429051e-16
-7.449017e-16
-6.5321968e-16
-5.6325308e-16
-4.779344e-16
-3.8873348e-16
-2.9705457e-16
-2.026155e-16
-1.1659101e-16
-2.6012015e-17
5.7343034e-17
1.3972855e-16
1.9803988e-16
2.5922413e-16
3.1326355e-16
3.6900578e-16
4.1059305e-16
4.5177987e-16
4.7216681e-16
5.0100439e-16
5.1203924e-16
5.315276e-16
5.3804869e-16
5.5185027e-16
5.4157824e-16
5.3734443e-16
5.4010355e-16
5.1711395e-16
5.1262333e-16
4.9326375e-16
4.7992146e-16
4.5383004e-16
4.5195095e-16
4.2636219e-16
4.0512944e-16
3.9565218e-16
3.7561738e-16
3.5944003e-16
3.3909621e-16
3.2427154e-16
3.1898602e-16
3.086818e-16
2.9874414e-16
2.7378207e-16
2.5694531e-16
2.5966668e-16
2.4971565e-16
2.3691828e-16
2.2284234e-16
2.0937516e-16
2.0001728e-16
2.0150778e-16
1.9706935e-16
1.9352367e-16
1.8313623e-16
1.8099663e-16
1.9312021e-16
1.7135486e-16
1.6844348e-16
1.547285e-16
1.4595575e-16
1.5418435e-16
1.4384319e-16
1.2491691e-16
1.2722307e-16
1.2258275e-16
1.1333477e-16
1.1394893e-16
1.0672348e-16
1.0833006e-16
1.0322292e-16
1.0236903e-16
1.0865724e-16
9.1080071e-17
8.9078993e-17
9.7777064e-17
8.5025833e-17
8.6368599e-17
8.9704415e-17
7.5924061e-17
7.3987011e-17
7.9149844e-17
9.432958e-17
9.0726715e-17
8.4610781e-17
6.4146234e-17
8.165593e-17
7.5319788e-17
8.0753293e-17
7.5661474e-17
7.5244336e-17
7.3017382e-17
6.8121269e-17
7.4834118e-17
7.3520276e-17
7.1957782e-17
8.0788441e-17
6.9676321e-17
7.4010144e-17
7.2747708e-17
8.8564852e-17
8.4434529e-17
8.1014731e-17
8.3086093e-17
7.7450075e-17
4.8211572e-17
1.7509827e-17
3.671652e-16
2.0548664e-16
-7.1298036e-17
-4.9287335e-16
-8.3187955e-16
-1.0546106e-15
-1.1808981e-15
-1.239346e-15
-1.238445e-15
-1.202577e-15
-1.146529e-15
-1.0665819e-15
-9.8028329e-16
-8.8248098e-16
-7.9838078e-16
-6.9441997e-16
-6.0019572e-16
-5.0559168e-16
-4.0344853e-16
-3.0970098e-16
-2.1836301e-16
-1.2035224e-16
-2.7009872e-17
6.0266742e-17
1.5118579e-16
2.1525413e-16
2.9470637e-16
3.4908454e-16
4.2616888e-16
4.713244e-16
5.152348e-16
5.4011658e-16
5.7239377e-16
5.973337e-16
5.9692961e-16
6.1339392e-16
6.1839882e-16
6.1127404e-16
6.1464371e-16
6.0884138e-16
5.8105063e-16
5.5720853e-16
5.3914217e-16
5.2612067e-16
4.949573e-16
4.8849846e-16
4.6215184e-16
4.4168849e-16
4.2810468e-16
3.9902032e-16
3.7494561e-16
3.6713754e-16
3.4576345e-16
3.2647514e-16
3.2139205e-16
3.1064574e-16
2.9865261e-16
2.7558584e-16
2.6983323e-16
2.5497046e-16
2.4497836e-16
2.4276806e-16
2.3898561e-16
2.1626402e-16
2.0368414e-16
2.0238919e-16
2.0239297e-16
1.7866115e-16
1.9112924e-16
1.8066846e-16
1.6648422e-16
1.6673716e-16
1.6075516e-16
1.5107631e-16
1.5249306e-16
1.3406266e-16
1.3796444e-16
1.2787164e-16
1.1893633e-16
1.2715542e-16
1.2673683e-16
1.2004467e-16
1.1362425e-16
1.1794547e-16
1.1538449e-16
1.1553491e-16
1.048748e-16
1.0539445e-16
1.0787458e-16
9.8281268e-17
1.0426635e-16
9.4875725e-17
8.3880407e-17
9.1267995e-17
8.9833191e-17
9.2878109e-17
9.1284511e-17
9.0851488e-17
9.3309965e-17
8.152134e-17
8.7956624e-17
8.7178192e-17
9.0120748e-17
9.2017228e-17
8.2877607e-17
8.7775396e-17
8.6888757e-17
8.9524957e-17
8.8219836e-17
9.3910867e-17
7.8162793e-17
8.4554701e-17
8.181081e-17
9.8870661e-17
9.7283827e-17
9.719624e-17
1.08299e-16
8.522343e-17
4.0590859e-17
1.651449e-17
-4.9520438e-15
-2.1025936e-15
2.1661648e-15
7.3773308e-15
1.0054714e-14
1.1298363e-14
1.1734546e-14
1.1628938e-14
1.1189095e-14
1.0570239e-14
9.8464619e-15
9.0763084e-15
8.2746405e-15
7.4573004e-15
6.6479105e-15
5.8283413e-15
5.002333e-15
4.167278e-15
3.3410845e-15
2.515826e-15
1.7224296e-15
9.4356901e-16
1.9042027e-16
-5.3123853e-16
-1.2393983e-15
-1.9275033e-15
-2.5655421e-15
-3.1637784e-15
-3.7035011e-15
-4.1805493e-15
-4.5875765e-15
-4.9294258e-15
-5.1906825e-15
-5.3957512e-15
-5.5096124e-15
-5.57468e-15
-5.5648056e-15
-5.5102668e-15
-5.411585e-15
-5.269307e-15
-5.1141018e-15
-4.9302482e-15
-4.7412678e-15
-4.5342383e-15
-4.3357572e-15
-4.1150575e-15
-3.920007e-15
-3.7244368e-15
-3.5380119e-15
-3.3686631e-15
-3.2081773e-15
-3.0490132e-15
-2.891736e-15
-2.7461537e-15
-2.6050841e-15
-2.4862103e-15
-2.376489e-15
-2.260235e-15
-2.1426939e-15
-2.0498863e-15
-1.9581895e-15
-1.8721717e-15
-1.79567e-15
-1.7209175e-15
-1.6465293e-15
-1.575113e-15
-1.5145312e-15
-1.4618908e-15
-1.3976111e-15
-1.3259297e-15
-1.2874002e-15
-1.2502546e-15
-1.2104506e-15
-1.1681856e-15
-1.1139671e-15
-1.0894559e-15
-1.0665692e-15
-1.0355712e-15
-9.9823476e-16
-9.7118965e-16
-9.474098e-16
-9.2300946e-16
-9.120487e-16
-8.8199392e-16
-8.5716483e-16
-8.1666106e-16
-8.1837057e-16
-7.9819152e-16
-7.8037263e-16
-7.6985116e-16
-7.5910883e-16
-7.3866319e-16
-7.4009931e-16
-7.2736515e-16
-7.2544454e-16
-6.9093503e-16
-6.7192071e-16
-6.7607977e-16
-6.8079275e-16
-6.5587583e-16
-6.5750957e-16
-6.3494408e-16
-6.3764828e-16
-6.2477712e-16
-6.1614709e-16
-6.1723798e-16
-6.1043893e-16
-6.0710887e-16
-5.9680433e-16
-5.9159671e-16
-6.0270439e-16
-5.9139945e-16
-5.8609149e-16
-5.6009597e-16
-5.50932e-16
-5.3654376e-16
-4.9491248e-16
-4.3972709e-16
-3.5171461e-16
-1.4265164e-16
7.3348183e-15
1.2347525e-15
-8.7291936e-15
-1.3766052e-14
-1.5659387e-14
-1.6121395e-14
-1.5822535e-14
-1.5117483e-14
-1.4207652e-14
-1.3208431e-14
-1.2178933e-14
-1.115036e-14
-1.0132809e-14
-9.1195711e-15
-8.1136442e-15
-7.1031471e-15
-6.0888933e-15
-5.0700825e-15
-4.0438382e-15
-3.0177667e-15
-2.0036234e-15
-1.0009949e-15
-2.5876411e-17
9.0893647e-16
1.8155169e-15
2.6858203e-15
3.5158794e-15
4.2799576e-15
5.0085572e-15
5.6567432e-15
6.2422322e-15
6.725441e-15
7.1142687e-15
7.4069476e-15
7.5884208e-15
7.6784956e-15
7.6756453e-15
7.5839696e-15
7.42807e-15
7.2198416e-15
6.957284e-15
6.6717283e-15
6.3669843e-15
6.0627993e-15
5.7560418e-15
5.4573532e-15
5.1567797e-15
4.8827527e-15
4.6167427e-15
4.3649846e-15
4.1261732e-15
3.9144558e-15
3.7020628e-15
3.5164145e-15
3.3410365e-15
3.1682429e-15
3.0186111e-15
2.8735631e-15
2.7455289e-15
2.6155218e-15
2.4917414e-15
2.3885511e-15
2.2940448e-15
2.1934991e-15
2.1090035e-15
2.0202801e-15
1.9343334e-15
1.8520896e-15
1.7963367e-15
1.7278577e-15
1.6559491e-15
1.6025994e-15
1.5477293e-15
1.5052934e-15
1.4668506e-15
1.4063126e-15
1.3637467e-15
1.3179998e-15
1.2832378e-15
1.2519551e-15
1.2222165e-15
1.1894343e-15
1.1559577e-15
1.1258485e-15
1.1041064e-15
1.0853798e-15
1.061548e-15
1.0393395e-15
1.0243707e-15
1.0023107e-15
9.9316411e-16
9.6966849e-16
9.4678143e-16
9.3358059e-16
9.1316576e-16
9.0147511e-16
8.928604e-16
8.8219127e-16
8.7721852e-16
8.5852209e-16
8.529193e-16
8.5064126e-16
8.3780332e-16
8.2819385e-16
8.1651899e-16
8.1267445e-16
8.0681951e-16
7.9742931e-16
7.9374202e-16
7.9802395e-16
7.8886994e-16
7.8028654e-16
7.7544168e-16
7.6912791e-16
7.496885e-16
7.3042335e-16
6.8885959e-16
6.0112953e-16
4.5250713e-16
1.7424995e-16
5.8977247e-15
-6.2977852e-15
-1.3341343e-14
-1.610977e-14
-1.6785729e-14
-1.6445717e-14
-1.5638138e-14
-1.4640704e-14
-1.3574516e-14
-1.2515716e-14
-1.1491401e-14
-1.0501243e-14
-9.5387391e-15
-8.6118999e-15
-7.6905407e-15
-6.7571256e-15
-5.8141574e-15
-4.8512822e-15
-3.8667208e-15
-2.864291e-15
-1.8498045e-15
-8.3588375e-16
1.5906875e-16
1.1303258e-15
2.0515694e-15
2.929656e-15
3.7801009e-15
4.5678662e-15
5.3187048e-15
6.0029204e-15
6.6222778e-15
7.1555323e-15
7.6012489e-15
7.9390638e-15
8.1735315e-15
8.2802641e-15
8.2920354e-15
8.1985842e-15
8.0201521e-15
7.7761846e-15
7.4706774e-15
7.1329169e-15
6.7792756e-15
6.4051857e-15
6.0497568e-15
5.7063088e-15
5.3723149e-15
5.0557298e-15
4.7575216e-15
4.483416e-15
4.228444e-15
3.9937376e-15
3.7558614e-15
3.5674124e-15
3.3810285e-15
3.2055028e-15
3.0427192e-15
2.8961758e-15
2.7697443e-15
2.6300016e-15
2.5151418e-15
2.4083307e-15
2.3041963e-15
2.2112804e-15
2.1200736e-15
2.0323088e-15
1.9428446e-15
1.8672142e-15
1.791758e-15
1.737702e-15
1.6754506e-15
1.6136482e-15
1.5594963e-15
1.509233e-15
1.470388e-15
1.4234188e-15
1.3728134e-15
1.3335499e-15
1.3030259e-15
1.2645958e-15
1.2344149e-15
1.2027611e-15
1.1730867e-15
1.1571698e-15
1.1218403e-15
1.1148709e-15
1.086392e-15
1.0549453e-15
1.045038e-15
1.0265943e-15
1.0112795e-15
9.9115307e-16
9.6754689e-16
9.4510013e-16
9.3267793e-16
9.290258e-16
9.2017673e-16
9.0073732e-16
8.9173235e-16
8.7915823e-16
8.6778473e-16
8.7102711e-16
8.5340061e-16
8.5630123e-16
8.3911234e-16
8.3733845e-16
8.2885087e-16
8.2880367e-16
8.2507454e-16
8.178343e-16
8.0895029e-16
8.0931976e-16
7.9746381e-16
7.8667576e-16
7.6591489e-16
7.2587228e-16
6.9126766e-16
6.0919861e-16
4.37599e-16
1.5167092e-16
2.6757365e-15
8.9615488e-15
1.1462139e-14
1.2328872e-14
1.2473005e-14
1.2046611e-14
1.1344042e-14
1.0551259e-14
9.7523744e-15
8.9854871e-15
8.2652218e-15
7.5942359e-15
6.9505774e-15
6.3150118e-15
5.6825197e-15
5.0369428e-15
4.3722365e-15
3.6721449e-15
2.9487912e-15
2.1903416e-15
1.4071567e-15
6.0105552e-16
-1.9562114e-16
-9.8684474e-16
-1.745183e-15
-2.4671455e-15
-3.1585603e-15
-3.8211645e-15
-4.4335792e-15
-5.000794e-15
-5.5165308e-15
-5.9610791e-15
-6.3566066e-15
-6.6577681e-15
-6.864884e-15
-6.9835474e-15
-6.9971452e-15
-6.9276611e-15
-6.7863984e-15
-6.5649303e-15
-6.296679e-15
-5.9895237e-15
-5.6769507e-15
-5.3542039e-15
-5.0310539e-15
-4.7162955e-15
-4.4243641e-15
-4.1462339e-15
-3.8873164e-15
-3.6477183e-15
-3.4348546e-15
-3.2317982e-15
-3.0621487e-15
-2.8817207e-15
-2.7287876e-15
-2.5843658e-15
-2.4549473e-15
-2.3424294e-15
-2.2154889e-15
-2.1079199e-15
-2.0206228e-15
-1.9261734e-15
-1.8381045e-15
-1.7529134e-15
-1.6790491e-15
-1.6213419e-15
-1.5685608e-15
-1.5047879e-15
-1.4457122e-15
-1.4045349e-15
-1.3448338e-15
-1.2991315e-15
-1.2575449e-15
-1.2209663e-15
-1.1760288e-15
-1.1365519e-15
-1.1065928e-15
-1.0804387e-15
-1.0462038e-15
-1.0247684e-15
-9.9441996e-16
-9.754405e-16
-9.5658627e-16
-9.3892959e-16
-9.2036116e-16
-8.9678171e-16
-8.739344e-16
-8.6023585e-16
-8.4667096e-16
-8.2904663e-16
-8.0951432e-16
-8.0279191e-16
-7.932181e-16
-7.9240216e-16
-7.7950497e-16
-7.668607e-16
-7.5668302e-16
-7.5075396e-16
-7.3980338e-16
-7.3280949e-16
-7.160527e-16
-7.0873453e-16
-7.0220127e-16
-6.9805336e-16
-6.9535979e-16
-6.9627098e-16
-6.8598201e-16
-6.8324763e-16
-6.7534897e-16
-6.7279585e-16
-6.7147504e-16
-6.724778e-16
-6.5415422e-16
-6.4989276e-16
-6.3829532e-16
-6.0655741e-16
-5.4705028e-16
-4.5903314e-16
-3.252811e-16
-9.4496629e-17
-9.4334166e-15
-1.3779196e-14
-1.4468979e-14
-1.3981806e-14
-1.3425764e-14
-1.2770488e-14
-1.1992987e-14
-1.1159943e-14
-1.0355404e-14
-9.6002531e-15
-8.9069467e-15
-8.2561605e-15
-7.6444412e-15
-7.0480001e-15
-6.4272225e-15
-5.7672678e-15
-5.0602649e-15
-4.3004096e-15
-3.4826215e-15
-2.6036865e-15
-1.6672624e-15
-6.9652463e-16
2.9690143e-16
1.2856615e-15
2.2540172e-15
3.1617731e-15
4.0268554e-15
4.8397937e-15
5.6116002e-15
6.3165582e-15
6.9699552e-15
7.543231e-15
8.0418518e-15
8.4317094e-15
8.7163612e-15
8.8720941e-15
8.9040794e-15
8.8176137e-15
8.6247867e-15
8.3570244e-15
8.0017443e-15
7.6169226e-15
7.1970197e-15
6.7653285e-15
6.3351003e-15
5.9370524e-15
5.5456499e-15
5.1828159e-15
4.8584126e-15
4.5500409e-15
4.273266e-15
4.0153276e-15
3.7812257e-15
3.5755849e-15
3.3857439e-15
3.2134525e-15
3.0344537e-15
2.8804676e-15
2.7510019e-15
2.6249131e-15
2.5055937e-15
2.3929984e-15
2.2866107e-15
2.1900335e-15
2.1055422e-15
2.0237642e-15
1.9472169e-15
1.8689651e-15
1.7991703e-15
1.7478612e-15
1.6814766e-15
1.6312894e-15
1.5721773e-15
1.522557e-15
1.4846598e-15
1.4417476e-15
1.3886343e-15
1.3547719e-15
1.3194065e-15
1.2810561e-15
1.254906e-15
1.223162e-15
1.1907616e-15
1.164489e-15
1.1417449e-15
1.1320057e-15
1.1009078e-15
1.0842175e-15
1.0703942e-15
1.0478208e-15
1.0337081e-15
1.0238771e-15
1.001797e-15
9.850553e-16
9.7627239e-16
9.7858514e-16
9.6125254e-16
9.4490195e-16
9.2149832e-16
9.2749998e-16
9.1864748e-16
9.1102022e-16
9.008074e-16
8.9753912e-16
8.9189729e-16
8.81573e-16
8.7768945e-16
8.7316597e-16
8.6928097e-16
8.7429363e-16
8.6348752e-16
8.5985248e-16
8.4814872e-16
8.4928221e-16
8.1979346e-16
7.7838126e-16
7.1905369e-16
6.1210748e-16
4.2877426e-16
1.102602e-16
9.8367357e-15
1.307556e-14
1.2804051e-14
1.1285021e-14
9.9939694e-15
9.1215542e-15
8.3822798e-15
7.6996306e-15
7.0983852e-15
6.5570734e-15
6.099166e-15
5.6959927e-15
5.3253243e-15
4.9436218e-15
4.5420051e-15
4.1250918e-15
3.6583095e-15
3.1337301e-15
2.5572535e-15
1.9398997e-15
1.2599819e-15
5.4254529e-16
-2.2101829e-16
-9.9433014e-16
-1.7439126e-15
-2.4836134e-15
-3.1674509e-15
-3.8210965e-15
-4.4222393e-15
-4.9933688e-15
-5.514282e-15
-5.9811817e-15
-6.3692617e-15
-6.6849255e-15
-6.8971188e-15
-7.0277953e-15
-7.0556682e-15
-6.9976284e-15
-6.8467197e-15
-6.6242056e-15
-6.3600515e-15
-6.0407588e-15
-5.7073522e-15
-5.3780032e-15
-5.0403153e-15
-4.7124529e-15
-4.4056549e-15
-4.1182786e-15
-3.8474457e-15
-3.6118523e-15
-3.3778485e-15
-3.1780783e-15
-3.0118812e-15
-2.8360225e-15
-2.6800667e-15
-2.5360485e-15
-2.4130781e-15
-2.3037787e-15
-2.1843936e-15
-2.083924e-15
-1.9854807e-15
-1.8961963e-15
-1.8162598e-15
-1.7366783e-15
-1.6643815e-15
-1.5975301e-15
-1.5418939e-15
-1.4823618e-15
-1.4361843e-15
-1.3828104e-15
-1.3343506e-15
-1.2913919e-15
-1.2547094e-15
-1.217314e-15
-1.1760681e-15
-1.1419625e-15
-1.1199968e-15
-1.0889743e-15
-1.0678396e-15
-1.0499072e-15
-1.0173288e-15
-1.002863e-15
-9.6849161e-16
-9.4569724e-16
-9.3352727e-16
-9.0995831e-16
-8.9805604e-16
-8.914507e-16
-8.6658924e-16
-8.5738645e-16
-8.382077e-16
-8.3261493e-16
-8.2980239e-16
-8.2415577e-16
-8.0428699e-16
-7.8709782e-16
-7.8541631e-16
-7.7908558e-16
-7.7608652e-16
-7.7191268e-16
-7.6592671e-16
-7.5895022e-16
-7.5078339e-16
-7.4062863e-16
-7.4725974e-16
-7.3677455e-16
-7.3570413e-16
-7.2192725e-16
-7.2426884e-16
-7.1274908e-16
-7.1078576e-16
-7.0110911e-16
-6.9681392e-16
-6.8348184e-16
-6.6459035e-16
-6.3957226e-16
-5.6436485e-16
-4.6106761e-16
-3.2155714e-16
-7.5472722e-17
2.1439984e-14
2.8295499e-14
2.6876204e-14
2.2824253e-14
1.9283809e-14
1.6754065e-14
1.4798682e-14
1.3151891e-14
1.1813076e-14
1.0750126e-14
9.9292563e-15
9.2749353e-15
8.6983993e-15
8.1277216e-15
7.5371171e-15
6.8826027e-15
6.1354862e-15
5.2979547e-15
4.3397522e-15
3.2755635e-15
2.0958347e-15
8.1557198e-16
-5.3992905e-16
-1.9167728e-15
-3.2726387e-15
-4.591269e-15
-5.8580412e-15
-7.077608e-15
-8.2301358e-15
-9.3029445e-15
-1.0287099e-14
-1.1159965e-14
-1.190641e-14
-1.2497347e-14
-1.2927972e-14
-1.3183847e-14
-1.3244932e-14
-1.3137501e-14
-1.288065e-14
-1.2489457e-14
-1.2003255e-14
-1.1437507e-14
-1.0832946e-14
-1.0220851e-14
-9.5946236e-15
-8.9975128e-15
-8.4217727e-15
-7.8918e-15
-7.395879e-15
-6.9423908e-15
-6.5274271e-15
-6.1488329e-15
-5.7976562e-15
-5.480112e-15
-5.1857978e-15
-4.9120891e-15
-4.6698344e-15
-4.4468861e-15
-4.2320549e-15
-4.0415116e-15
-3.857217e-15
-3.6954062e-15
-3.5443048e-15
-3.3988093e-15
-3.2542035e-15
-3.1287459e-15
-3.0224618e-15
-2.9141758e-15
-2.8088322e-15
-2.7129798e-15
-2.6254569e-15
-2.5426447e-15
-2.46681e-15
-2.395809e-15
-2.3260986e-15
-2.2613749e-15
-2.2059594e-15
-2.1524364e-15
-2.102198e-15
-2.0557811e-15
-2.006766e-15
-1.9683035e-15
-1.9261794e-15
-1.8837565e-15
-1.8539194e-15
-1.8177759e-15
-1.7941017e-15
-1.7671694e-15
-1.7425731e-15
-1.7205474e-15
-1.6939068e-15
-1.6701414e-15
-1.6478234e-15
-1.6347891e-15
-1.6213371e-15
-1.6028942e-15
-1.5855754e-15
-1.5664874e-15
-1.5563831e-15
-1.545111e-15
-1.5356346e-15
-1.5124311e-15
-1.5095488e-15
-1.499531e-15
-1.4931517e-15
-1.486262e-15
-1.4754204e-15
-1.4749079e-15
-1.477892e-15
-1.4695701e-15
-1.4654838e-15
-1.4491295e-15
-1.4377785e-15
-1.4072202e-15
-1.3596061e-15
-1.2719758e-15
-1.1436336e-15
-9.4271905e-16
-6.2763651e-16
-1.2866121e-16
-1.3714603e-14
-1.803455e-14
-1.6730577e-14
-1.3997841e-14
-1.1478434e-14
-9.5767574e-15
-8.1086132e-15
-6.9103401e-15
-5.9848349e-15
-5.3028301e-15
-4.8181995e-15
-4.4642515e-15
-4.1826711e-15
-3.9250506e-15
-3.6519625e-15
-3.3395802e-15
-2.9786303e-15
-2.5624527e-15
-2.0856775e-15
-1.5489147e-15
-9.5276458e-16
-3.1144735e-16
3.7447917e-16
1.0842743e-15
1.8160687e-15
2.5456184e-15
3.2779169e-15
3.9885052e-15
4.6703242e-15
5.300103e-15
5.8810363e-15
6.3884169e-15
6.8258959e-15
7.1694623e-15
7.4260838e-15
7.5745947e-15
7.6248398e-15
7.5727027e-15
7.43811e-15
7.2374247e-15
6.9647786e-15
6.6651146e-15
6.3344644e-15
5.9904153e-15
5.6456608e-15
5.3251413e-15
5.0066721e-15
4.7037363e-15
4.4272679e-15
4.1643209e-15
3.9264318e-15
3.7038726e-15
3.4986879e-15
3.3152982e-15
3.1468803e-15
2.9920488e-15
2.8372037e-15
2.7004309e-15
2.5841779e-15
2.469082e-15
2.3601411e-15
2.2560382e-15
2.1624927e-15
2.0772774e-15
2.0057047e-15
1.9355797e-15
1.8689888e-15
1.8008992e-15
1.744423e-15
1.6963313e-15
1.6350091e-15
1.5886145e-15
1.5387428e-15
1.492345e-15
1.4599761e-15
1.4195713e-15
1.3704155e-15
1.3437568e-15
1.3120751e-15
1.2808829e-15
1.2579581e-15
1.2304741e-15
1.2064384e-15
1.1840251e-15
1.1623882e-15
1.1550062e-15
1.1254159e-15
1.1119172e-15
1.1022433e-15
1.0815458e-15
1.0710966e-15
1.064257e-15
1.0435563e-15
1.0324386e-15
1.0253077e-15
1.0294708e-15
1.0152685e-15
1.0031723e-15
9.8400023e-16
9.8941619e-16
9.8023842e-16
9.7539335e-16
9.7043233e-16
9.6882812e-16
9.5907466e-16
9.5292875e-16
9.522288e-16
9.4803054e-16
9.4445017e-16
9.522233e-16
9.4044712e-16
9.3528749e-16
9.2179851e-16
9.0822292e-16
8.7143636e-16
8.1223196e-16
7.2933307e-16
5.9395136e-16
3.8271142e-16
5.9133788e-17
1.081367e-14
1.3999922e-14
1.2698392e-14
1.0486559e-14
8.393496e-15
6.7816495e-15
5.4972812e-15
4.4594929e-15
3.672217e-15
3.0959989e-15
2.7162267e-15
2.4652729e-15
2.2942782e-15
2.1438726e-15
1.9963735e-15
1.8465722e-15
1.6543338e-15
1.4209775e-15
1.1493746e-15
8.4154497e-16
4.8409344e-16
9.1943058e-17
-3.4735553e-16
-8.1762624e-16
-1.3103672e-15
-1.8286863e-15
-2.3368624e-15
-2.8409682e-15
-3.3236199e-15
-3.7831264e-15
-4.2019074e-15
-4.5761595e-15
-4.8876825e-15
-5.1393997e-15
-5.3124241e-15
-5.425696e-15
-5.4641625e-15
-5.4412985e-15
-5.3555288e-15
-5.2208583e-15
-5.0540729e-15
-4.8467695e-15
-4.6298004e-15
-4.4126098e-15
-4.1810509e-15
-3.9495433e-15
-3.734252e-15
-3.5271602e-15
-3.3251179e-15
-3.1504596e-15
-2.9688388e-15
-2.8124082e-15
-2.6828131e-15
-2.5410607e-15
-2.413469e-15
-2.2941022e-15
-2.1915735e-15
-2.0959824e-15
-1.9955142e-15
-1.9107599e-15
-1.8263587e-15
-1.7511073e-15
-1.6853054e-15
-1.6196079e-15
-1.5552104e-15
-1.5038433e-15
-1.4550688e-15
-1.4046194e-15
-1.3630473e-15
-1.3183375e-15
-1.2798329e-15
-1.2425558e-15
-1.2066924e-15
-1.1775319e-15
-1.1455505e-15
-1.1180388e-15
-1.1043704e-15
-1.0733815e-15
-1.053165e-15
-1.0366221e-15
-1.0078457e-15
-9.974186e-16
-9.7408285e-16
-9.4892917e-16
-9.4300422e-16
-9.2114006e-16
-9.1117941e-16
-9.0401269e-16
-8.8570633e-16
-8.8104968e-16
-8.6512866e-16
-8.6024004e-16
-8.6346698e-16
-8.5874858e-16
-8.4225543e-16
-8.2790531e-16
-8.2793241e-16
-8.2279499e-16
-8.1842805e-16
-8.1345549e-16
-8.1066277e-16
-8.076919e-16
-8.0135893e-16
-7.9083398e-16
-7.9865049e-16
-7.9352022e-16
-7.9508971e-16
-7.8452632e-16
-7.8500745e-16
-7.8009595e-16
-7.7653324e-16
-7.6124639e-16
-7.589369e-16
-7.4128448e-16
-7.1328614e-16
-6.7376005e-16
-5.8331849e-16
-4.5998172e-16
-2.9270066e-16
-3.8212582e-17
-1.2784416e-14
-1.615295e-14
-1.4331636e-14
-1.1662564e-14
-9.1550502e-15
-7.184518e-15
-5.5940391e-15
-4.2697718e-15
-3.2434529e-15
-2.4979797e-15
-2.0071184e-15
-1.7076892e-15
-1.5388247e-15
-1.4328419e-15
-1.3399566e-15
-1.2286619e-15
-1.0995728e-15
-9.2847146e-16
-7.0822693e-16
-4.4593479e-16
-1.3329132e-16
2.3046555e-16
6.4286757e-16
1.0939474e-15
1.5759402e-15
2.0854246e-15
2.6083894e-15
3.1288628e-15
3.6349395e-15
4.1143595e-15
4.5578467e-15
4.9507789e-15
5.2791357e-15
5.5442344e-15
5.7438134e-15
5.8652001e-15
5.9159291e-15
5.9016937e-15
5.8352121e-15
5.7156194e-15
5.5543004e-15
5.3637301e-15
5.1460173e-15
4.9161228e-15
4.6901627e-15
4.4612737e-15
4.2380548e-15
4.0198992e-15
3.8239627e-15
3.6297756e-15
3.4471518e-15
3.2780626e-15
3.115071e-15
2.9662665e-15
2.8327682e-15
2.7035506e-15
2.5827129e-15
2.4721105e-15
2.3696889e-15
2.27836e-15
2.1796604e-15
2.1063369e-15
2.0302412e-15
1.9522766e-15
1.8849279e-15
1.8187e-15
1.7550586e-15
1.6952923e-15
1.6557607e-15
1.597887e-15
1.5555238e-15
1.5115132e-15
1.4754653e-15
1.4360982e-15
1.4000919e-15
1.3753902e-15
1.3440612e-15
1.3186766e-15
1.2854071e-15
1.2639417e-15
1.2421316e-15
1.2162804e-15
1.197193e-15
1.1829519e-15
1.1693377e-15
1.1435892e-15
1.1331734e-15
1.1265304e-15
1.107776e-15
1.1041671e-15
1.0854728e-15
1.0717778e-15
1.0667464e-15
1.0583071e-15
1.0501051e-15
1.0471522e-15
1.0419311e-15
1.034226e-15
1.0248048e-15
1.0145824e-15
1.0205192e-15
1.0150143e-15
1.0133787e-15
1.0126716e-15
1.0077364e-15
1.0066445e-15
1.0056389e-15
9.9820141e-16
1.0041804e-15
1.0071846e-15
9.999055e-16
9.8478797e-16
9.7363781e-16
9.4841989e-16
9.0226378e-16
8.3793408e-16
7.453282e-16
5.9353235e-16
3.6165586e-16
5.1500756e-17
-1.210643e-14
-1.4664789e-14
-1.2676134e-14
-1.0111119e-14
-7.7900075e-15
-5.9429664e-15
-4.4400373e-15
-3.1683864e-15
-2.1426668e-15
-1.3834474e-15
-8.7661373e-16
-5.7286627e-16
-4.2191687e-16
-3.6299063e-16
-3.4755877e-16
-3.2569754e-16
-2.7921378e-16
-1.9989115e-16
-6.7525833e-17
9.7354092e-17
3.0934602e-16
5.6229415e-16
8.6220176e-16
1.1986475e-15
1.570679e-15
1.9659711e-15
2.3765351e-15
2.78526e-15
3.1974435e-15
3.5840709e-15
3.9350253e-15
4.2569266e-15
4.5266812e-15
4.7446997e-15
4.9077302e-15
5.0159879e-15
5.0718759e-15
5.0691835e-15
5.0275499e-15
4.9465606e-15
4.8296802e-15
4.6866867e-15
4.5269593e-15
4.3542935e-15
4.1721268e-15
3.998976e-15
3.8222667e-15
3.6454539e-15
3.4825657e-15
3.3196368e-15
3.1607592e-15
3.0225348e-15
2.8798747e-15
2.7508008e-15
2.6364828e-15
2.5299964e-15
2.4275552e-15
2.3205513e-15
2.2365552e-15
2.1551242e-15
2.0685667e-15
2.0002238e-15
1.9298311e-15
1.8638528e-15
1.8017392e-15
1.7431204e-15
1.6913831e-15
1.6373245e-15
1.5966144e-15
1.5445294e-15
1.513054e-15
1.4727363e-15
1.4370798e-15
1.3953363e-15
1.3718568e-15
1.3415437e-15
1.3217944e-15
1.2953148e-15
1.2690357e-15
1.242856e-15
1.2264745e-15
1.2016086e-15
1.1847427e-15
1.17479e-15
1.1559871e-15
1.145961e-15
1.1356675e-15
1.1245669e-15
1.1083946e-15
1.0994977e-15
1.0871639e-15
1.076152e-15
1.0633499e-15
1.0577565e-15
1.0546424e-15
1.054042e-15
1.0469261e-15
1.0452805e-15
1.0409136e-15
1.0292038e-15
1.0306309e-15
1.0252218e-15
1.0235639e-15
1.0271578e-15
1.0267024e-15
1.0262664e-15
1.0297662e-15
1.0312269e-15
1.0299749e-15
1.0274335e-15
1.0118254e-15
1.0082099e-15
9.9465833e-16
9.6777747e-16
9.2258448e-16
8.4978831e-16
7.5350331e-16
5.9297165e-16
3.5048636e-16
2.6309836e-17
8.4442519e-15
9.8231977e-15
8.1868749e-15
6.3138392e-15
4.7688393e-15
3.543612e-15
2.516129e-15
1.6316091e-15
8.9018454e-16
3.1486127e-16
-7.7736882e-17
-3.1552475e-16
-4.3782214e-16
-4.7400326e-16
-4.538471e-16
-4.2297194e-16
-4.0170748e-16
-3.9462185e-16
-4.2239514e-16
-4.8641972e-16
-5.8302967e-16
-7.1584755e-16
-8.7100749e-16
-1.0627967e-15
-1.2895514e-15
-1.5305093e-15
-1.7768967e-15
-2.0260621e-15
-2.2727714e-15
-2.5090702e-15
-2.7259809e-15
-2.9226603e-15
-3.0996186e-15
-3.2396894e-15
-3.3454381e-15
-3.4252115e-15
-3.4661394e-15
-3.4789481e-15
-3.4553951e-15
-3.4085415e-15
-3.3435231e-15
-3.2612937e-15
-3.1734668e-15
-3.0722852e-15
-2.9625806e-15
-2.8544597e-15
-2.7452809e-15
-2.6406297e-15
-2.5301734e-15
-2.4270191e-15
-2.3206755e-15
-2.2270817e-15
-2.1320508e-15
-2.053649e-15
-1.9692786e-15
-1.8940348e-15
-1.8185464e-15
-1.7466637e-15
-1.6873208e-15
-1.6208244e-15
-1.5699716e-15
-1.5070607e-15
-1.4573616e-15
-1.4193653e-15
-1.3707765e-15
-1.3397145e-15
-1.3026352e-15
-1.2730197e-15
-1.2350319e-15
-1.2104329e-15
-1.185057e-15
-1.1614582e-15
-1.1310161e-15
-1.1080187e-15
-1.0894403e-15
-1.0645404e-15
-1.0450197e-15
-1.0210572e-15
-1.0117332e-15
-9.9545954e-16
-9.838061e-16
-9.7134564e-16
-9.6248887e-16
-9.4409489e-16
-9.2833298e-16
-9.2300811e-16
-9.0983448e-16
-8.9954162e-16
-8.9903045e-16
-8.7979085e-16
-8.844708e-16
-8.8040701e-16
-8.7552292e-16
-8.6706127e-16
-8.6773979e-16
-8.5702665e-16
-8.52281e-16
-8.534873e-16
-8.5134016e-16
-8.5281661e-16
-8.4679372e-16
-8.4311923e-16
-8.4029183e-16
-8.3987863e-16
-8.4027587e-16
-8.3822628e-16
-8.40029e-16
-8.4753983e-16
-8.386167e-16
-8.3507501e-16
-8.353973e-16
-8.3635731e-16
-8.1945001e-16
-7.9635977e-16
-7.6115652e-16
-6.9958052e-16
-6.0148869e-16
-4.7730315e-16
-3.1479999e-16
-6.5991203e-17
-9.5458479e-15
-1.021156e-14
-8.1692793e-15
-6.1412654e-15
-4.6110976e-15
-3.3863732e-15
-2.3236043e-15
-1.3782746e-15
-5.4556419e-16
1.3955081e-16
6.509133e-16
9.7810202e-16
1.1415826e-15
1.1861605e-15
1.1558149e-15
1.0921726e-15
1.0236591e-15
9.7767523e-16
9.5855693e-16
9.7213913e-16
1.0280296e-15
1.1249709e-15
1.254365e-15
1.4139055e-15
1.6048273e-15
1.8130128e-15
2.0305988e-15
2.2596039e-15
2.4830684e-15
2.6991566e-15
2.9050538e-15
3.0926189e-15
3.2553066e-15
3.3947191e-15
3.5022692e-15
3.575878e-15
3.6243461e-15
3.6383264e-15
3.629435e-15
3.596172e-15
3.5434402e-15
3.4762435e-15
3.3981416e-15
3.3051227e-15
3.2042197e-15
3.1026174e-15
2.9971399e-15
2.8891089e-15
2.7831047e-15
2.6822587e-15
2.5761448e-15
2.4835373e-15
2.3933199e-15
2.3053995e-15
2.2244755e-15
2.1458012e-15
2.0755094e-15
2.0004818e-15
1.9344139e-15
1.8773639e-15
1.8225784e-15
1.7680877e-15
1.7174533e-15
1.6696381e-15
1.6224066e-15
1.5756271e-15
1.5388005e-15
1.5047702e-15
1.4653203e-15
1.4361114e-15
1.4022822e-15
1.3771817e-15
1.349637e-15
1.3180404e-15
1.2988382e-15
1.2755076e-15
1.2560337e-15
1.236097e-15
1.2219086e-15
1.2064925e-15
1.1873008e-15
1.1748249e-15
1.1636995e-15
1.1526594e-15
1.1392928e-15
1.1317066e-15
1.1153556e-15
1.1050372e-15
1.0972926e-15
1.0906616e-15
1.0851135e-15
1.0787625e-15
1.0750542e-15
1.0717928e-15
1.0654483e-15
1.0616073e-15
1.0579876e-15
1.0586349e-15
1.0504761e-15
1.0532209e-15
1.0466462e-15
1.0465183e-15
1.0459034e-15
1.0488823e-15
1.0430419e-15
1.0435113e-15
1.043398e-15
1.0553704e-15
1.0586016e-15
1.0590946e-15
1.0574695e-15
1.051184e-15
1.0310835e-15
1.0001937e-15
9.468992e-16
8.6289398e-16
7.5458281e-16
5.7964643e-16
3.4096269e-16
4.4523756e-17
9.3620223e-15
9.1786525e-15
6.3837203e-15
4.2271828e-15
2.9339632e-15
1.9008742e-15
9.6323803e-16
1.0086331e-16
-6.8283012e-16
-1.3607418e-15
-1.8875844e-15
-2.2382782e-15
-2.4218354e-15
-2.4673766e-15
-2.4177191e-15
-2.3037568e-15
-2.1849087e-15
-2.0718214e-15
-1.9916459e-15
-1.9615258e-15
-1.984753e-15
-2.0499239e-15
-2.1666779e-15
-2.3317994e-15
-2.5291746e-15
-2.7463969e-15
-2.9885423e-15
-3.2469219e-15
-3.5042791e-15
-3.7483054e-15
-3.9835247e-15
-4.1975528e-15
-4.3929475e-15
-4.5486656e-15
-4.6824904e-15
-4.7827251e-15
-4.8423078e-15
-4.872469e-15
-4.8747878e-15
-4.8457767e-15
-4.7934316e-15
-4.7180621e-15
-4.6269672e-15
-4.5234028e-15
-4.4170529e-15
-4.2944109e-15
-4.1736851e-15
-4.0552998e-15
-3.9232567e-15
-3.7943065e-15
-3.6781105e-15
-3.5622658e-15
-3.4492093e-15
-3.3346908e-15
-3.2257204e-15
-3.129133e-15
-3.0291294e-15
-2.9437007e-15
-2.8649158e-15
-2.7814913e-15
-2.6954803e-15
-2.6249746e-15
-2.5610625e-15
-2.5016544e-15
-2.4365114e-15
-2.3856606e-15
-2.3394736e-15
-2.2899494e-15
-2.2543678e-15
-2.2111525e-15
-2.1658122e-15
-2.1253453e-15
-2.0910109e-15
-2.0714849e-15
-2.0445232e-15
-2.0155114e-15
-1.9844425e-15
-1.9531894e-15
-1.9398691e-15
-1.91703e-15
-1.897263e-15
-1.8793631e-15
-1.8712215e-15
-1.8537343e-15
-1.8347893e-15
-1.8190627e-15
-1.8139684e-15
-1.8001369e-15
-1.7822267e-15
-1.7697285e-15
-1.7614665e-15
-1.7438826e-15
-1.7374487e-15
-1.7377044e-15
-1.7291218e-15
-1.730851e-15
-1.7256667e-15
-1.7195314e-15
-1.7211029e-15
-1.7277322e-15
-1.722801e-15
-1.7270986e-15
-1.7283812e-15
-1.7253789e-15
-1.7258611e-15
-1.7322983e-15
-1.7353484e-15
-1.7380552e-15
-1.7428948e-15
-1.7411796e-15
-1.7463553e-15
-1.7287316e-15
-1.7063471e-15
-1.6536926e-15
-1.5735918e-15
-1.4457172e-15
-1.2561075e-15
-1.0047778e-15
-6.5765725e-16
-1.9832283e-16
3.1770664e-15
2.5489395e-15
1.6543868e-15
1.1636205e-15
9.1289868e-16
6.0219118e-16
2.4874561e-16
-8.753388e-17
-4.1195379e-16
-7.0025547e-16
-9.3049172e-16
-1.0908999e-15
-1.1931037e-15
-1.2369487e-15
-1.2329687e-15
-1.1983372e-15
-1.1539664e-15
-1.1096364e-15
-1.0704919e-15
-1.0513328e-15
-1.0480653e-15
-1.0624845e-15
-1.0894895e-15
-1.1379279e-15
-1.2061754e-15
-1.2789771e-15
-1.3588078e-15
-1.4441049e-15
-1.5322266e-15
-1.6176502e-15
-1.696711e-15
-1.7692277e-15
-1.8442532e-15
-1.9034475e-15
-1.9482319e-15
-1.9880847e-15
-2.0135225e-15
-2.0297097e-15
-2.0279072e-15
-2.0193011e-15
-2.0022662e-15
-1.9777666e-15
-1.9531728e-15
-1.9185799e-15
-1.8760054e-15
-1.8365239e-15
-1.798073e-15
-1.7596289e-15
-1.7076973e-15
-1.6614925e-15
-1.6191365e-15
-1.5723089e-15
-1.5296541e-15
-1.4869985e-15
-1.4435232e-15
-1.4084151e-15
-1.372539e-15
-1.33799e-15
-1.3047754e-15
-1.2650089e-15
-1.2421935e-15
-1.2068252e-15
-1.1801747e-15
-1.1615225e-15
-1.1401632e-15
-1.1198201e-15
-1.104535e-15
-1.0907867e-15
-1.0617515e-15
-1.0552089e-15
-1.0388018e-15
-1.0255241e-15
-1.0060494e-15
-9.9595642e-16
-9.8745541e-16
-9.7058421e-16
-9.5993197e-16
-9.4821181e-16
-9.4495927e-16
-9.3408056e-16
-9.2538627e-16
-9.2170708e-16
-9.1507748e-16
-9.0811408e-16
-8.9941294e-16
-8.9506339e-16
-8.8860442e-16
-8.8092357e-16
-8.794513e-16
-8.7072219e-16
-8.7417738e-16
-8.7280245e-16
-8.655482e-16
-8.6618969e-16
-8.6444344e-16
-8.6201368e-16
-8.5570107e-16
-8.513755e-16
-8.5857253e-16
-8.6215176e-16
-8.5308402e-16
-8.5655347e-16
-8.5924853e-16
-8.6022527e-16
-8.6583716e-16
-8.6703958e-16
-8.6971037e-16
-8.7789012e-16
-8.7438303e-16
-8.7223037e-16
-8.7859579e-16
-8.804342e-16
-8.637534e-16
-8.4085016e-16
-8.0307968e-16
-7.3714259e-16
-6.323938e-16
-4.9911893e-16
-3.2966384e-16
-9.3997497e-17
4.7543703e-15
5.1020265e-15
4.2050771e-15
3.1514871e-15
2.2038904e-15
1.6079134e-15
1.2322524e-15
9.8892325e-16
8.8893054e-16
9.1567252e-16
1.0292877e-15
1.1534429e-15
1.2487137e-15
1.3092832e-15
1.3374959e-15
1.3388461e-15
1.3192876e-15
1.2993583e-15
1.2776397e-15
1.2574871e-15
1.251288e-15
1.2591176e-15
1.2763739e-15
1.3039267e-15
1.3473545e-15
1.3964733e-15
1.4502015e-15
1.515399e-15
1.5739926e-15
1.638424e-15
1.7033892e-15
1.7637963e-15
1.8170585e-15
1.865255e-15
1.9062289e-15
1.9369815e-15
1.9613739e-15
1.9738348e-15
1.9811113e-15
1.9797874e-15
1.969026e-15
1.9557289e-15
1.9370178e-15
1.9111597e-15
1.8797625e-15
1.8496808e-15
1.8135882e-15
1.7787905e-15
1.7404112e-15
1.7052956e-15
1.6634002e-15
1.629204e-15
1.5958486e-15
1.5609426e-15
1.5287617e-15
1.4968583e-15
1.4685258e-15
1.4345384e-15
1.4078348e-15
1.3859072e-15
1.3651793e-15
1.3405056e-15
1.3187081e-15
1.2964475e-15
1.2746388e-15
1.254807e-15
1.2362803e-15
1.2227219e-15
1.2043573e-15
1.1937557e-15
1.1767854e-15
1.1650331e-15
1.152921e-15
1.1352505e-15
1.1329977e-15
1.1210453e-15
1.1107193e-15
1.1002144e-15
1.0961302e-15
1.0918048e-15
1.0800193e-15
1.076826e-15
1.0717858e-15
1.0689203e-15
1.0635458e-15
1.0613135e-15
1.0527316e-15
1.0487048e-15
1.0435595e-15
1.0406916e-15
1.038522e-15
1.0369508e-15
1.0315357e-15
1.0287233e-15
1.0253815e-15
1.0184873e-15
1.0162628e-15
1.0166783e-15
1.0148589e-15
1.0221034e-15
1.0214207e-15
1.0266876e-15
1.0299984e-15
1.0349669e-15
1.0327413e-15
1.0353098e-15
1.0389356e-15
1.0498689e-15
1.0536888e-15
1.054926e-15
1.0553674e-15
1.0529651e-15
1.0373831e-15
1.00944e-15
9.5958502e-16
8.8501358e-16
7.9182264e-16
6.4114487e-16
4.4240941e-16
1.9249985e-16
-9.4686983e-15
-4.4466158e-15
-1.3917329e-15
-7.9953361e-16
-7.9101044e-16
-7.8128055e-16
-6.9595701e-16
-6.2063295e-16
-5.7545905e-16
-5.4836988e-16
-5.4300314e-16
-5.5645748e-16
-5.9242726e-16
-6.3086234e-16
-6.7364297e-16
-6.9827136e-16
-7.1483198e-16
-7.2543129e-16
-7.2453595e-16
-7.3007481e-16
-7.3235602e-16
-7.3860505e-16
-7.4533315e-16
-7.6086261e-16
-7.7788681e-16
-8.0051248e-16
-8.1816621e-16
-8.4797014e-16
-8.6659556e-16
-8.9243365e-16
-9.2390764e-16
-9.4330693e-16
-9.6554925e-16
-9.9237452e-16
-1.0134441e-15
-1.0308902e-15
-1.0390704e-15
-1.0510577e-15
-1.0567176e-15
-1.055129e-15
-1.0552909e-15
-1.0511345e-15
-1.0471188e-15
-1.0435806e-15
-1.036388e-15
-1.0185089e-15
-1.0049063e-15
-9.9304797e-16
-9.7529723e-16
-9.6204283e-16
-9.5210844e-16
-9.3223905e-16
-9.22456e-16
-9.0617229e-16
-8.8968609e-16
-8.7210379e-16
-8.5716163e-16
-8.5340155e-16
-8.3429843e-16
-8.1865064e-16
-8.1211847e-16
-7.9892802e-16
-7.8701993e-16
-7.8051014e-16
-7.7521025e-16
-7.6769024e-16
-7.5668445e-16
-7.5101857e-16
-7.4042279e-16
-7.4096748e-16
-7.2911456e-16
-7.2293507e-16
-7.1784389e-16
-7.2327995e-16
-7.121718e-16
-7.0763621e-16
-6.9926532e-16
-6.9848525e-16
-6.9461199e-16
-6.8824484e-16
-6.7963546e-16
-6.8061168e-16
-6.7872381e-16
-6.7272409e-16
-6.7508709e-16
-6.670132e-16
-6.6167207e-16
-6.5912224e-16
-6.5938916e-16
-6.590621e-16
-6.6165599e-16
-6.6353068e-16
-6.6753975e-16
-6.6758335e-16
-6.6531121e-16
-6.6245463e-16
-6.6135873e-16
-6.5899456e-16
-6.5605177e-16
-6.6048737e-16
-6.5532358e-16
-6.582756e-16
-6.5569313e-16
-6.5365465e-16
-6.5329405e-16
-6.582072e-16
-6.5754409e-16
-6.6312499e-16
-6.6878892e-16
-6.7906083e-16
-6.9208601e-16
-6.9028454e-16
-6.8466268e-16
-6.7925934e-16
-6.6677607e-16
-6.347881e-16
-5.7349173e-16
-4.8909892e-16
-3.8972027e-16
-1.8181577e-16
3.5593767e-14
2.1360181e-14
1.2792401e-14
7.6397941e-15
4.377867e-15
2.1206713e-15
5.3784285e-16
-3.6444349e-16
-7.0772793e-16
-7.054954e-16
-5.5092822e-16
-3.7340616e-16
-2.3066155e-16
-1.2965429e-16
-4.9026371e-17
1.4023377e-17
5.8125381e-17
9.462619e-17
1.2263608e-16
1.4329563e-16
1.606922e-16
1.682739e-16
1.8210706e-16
1.9518761e-16
1.9160193e-16
1.8606072e-16
1.8287924e-16
1.8509821e-16
1.8848544e-16
1.9563507e-16
2.053205e-16
2.1509141e-16
2.1976344e-16
2.2576495e-16
2.3543756e-16
2.3745178e-16
2.41548e-16
2.4383083e-16
2.5343967e-16
2.5900124e-16
2.6300846e-16
2.6925655e-16
2.6690719e-16
2.6592868e-16
2.6322355e-16
2.6214706e-16
2.589488e-16
2.5194646e-16
2.5135257e-16
2.4600787e-16
2.4456885e-16
2.4139377e-16
2.3938826e-16
2.3200488e-16
2.2699724e-16
2.2011935e-16
2.1791396e-16
2.1758863e-16
2.1326764e-16
2.1332408e-16
2.0383841e-16
2.0805734e-16
2.1040033e-16
2.0239529e-16
2.0420554e-16
1.977231e-16
1.9470656e-16
1.8757657e-16
1.9093438e-16
1.8073619e-16
1.7441576e-16
1.683213e-16
1.7155105e-16
1.6894034e-16
1.674993e-16
1.6771726e-16
1.6831975e-16
1.737211e-16
1.6740991e-16
1.6996689e-16
1.6480661e-16
1.6313186e-16
1.5844858e-16
1.6131787e-16
1.6246304e-16
1.557924e-16
1.6115047e-16
1.6381926e-16
1.5879459e-16
1.7068228e-16
1.6125369e-16
1.5719582e-16
1.5352602e-16
1.5503749e-16
1.5088408e-16
1.5962536e-16
1.6444784e-16
1.5921572e-16
1.5615499e-16
1.5485567e-16
1.6046099e-16
1.6499687e-16
1.6512941e-16
1.6593189e-16
1.7005124e-16
1.7113401e-16
1.7703065e-16
1.7456261e-16
1.8416501e-16
1.946339e-16
2.0005666e-16
1.9635307e-16
2.0152193e-16
2.0042849e-16
1.8721299e-16
1.6576949e-16
1.3409854e-16
6.6736117e-17
7.7731058e-19
2.7186932e-17
)
;
    }
    axis
    {
        type            empty;
    }
}


// ************************************************************************* //
