/*--------------------------------*- C++ -*----------------------------------*\
  =========                 |
  \\      /  F ield         | OpenFOAM: The Open Source CFD Toolbox
   \\    /   O peration     | Website:  https://openfoam.org
    \\  /    A nd           | Version:  13
     \\/     M anipulation  |
\*---------------------------------------------------------------------------*/
FoamFile
{
    format      ascii;
    class       surfaceScalarField;
    location    "10";
    object      meshPhi;
}
// * * * * * * * * * * * * * * * * * * * * * * * * * * * * * * * * * * * * * //

dimensions      [0 3 -1 0 0 0 0];

internalField   nonuniform List<scalar> 
9440
(
-4.1204863e-26
-3.4967504e-08
-1.6481945e-25
-1.0490251e-07
3.2235975e-22
-1.7483751e-07
0
-2.4477253e-07
0
-3.1470754e-07
1.289439e-21
-3.8464251e-07
-1.1537362e-24
-4.5457756e-07
0
-5.2451257e-07
0
-5.9444757e-07
-4.29813e-21
-6.6438271e-07
4.724317e-21
-7.3431766e-07
-5.1538003e-21
-8.042519e-07
-5.5832837e-21
-8.7418769e-07
6.0081521e-21
-9.4412271e-07
0
-1.0140577e-06
0
-1.0839927e-06
1.4602434e-20
-1.1539278e-06
-1.5473268e-20
-1.2238628e-06
-1.6332894e-20
-1.2937978e-06
0
-1.3637315e-06
1.8052146e-20
-1.4336678e-06
0
-1.5036028e-06
1.9741072e-20
-1.5735379e-06
2.0631024e-20
-1.6434729e-06
-1.6481944e-23
-1.7134078e-06
2.2350276e-20
-1.7833429e-06
2.31921e-20
-1.8532779e-06
-2.4069528e-20
-1.9232129e-06
2.4890917e-20
-1.993146e-06
0
-2.063083e-06
-4.0875225e-23
-2.133018e-06
0
-2.202953e-06
-4.3512334e-23
-2.272888e-06
5.8409737e-20
-2.342823e-06
6.0127668e-20
-2.412758e-06
6.1845604e-20
-2.4826906e-06
-6.3612326e-20
-2.5526281e-06
0
-2.6225631e-06
0
-2.6924981e-06
-2.7624332e-06
-4.1207789e-26
-3.4673642e-08
-1.6483116e-25
-1.0402093e-07
0
-1.7336819e-07
8.5902771e-22
-2.4271549e-07
0
-3.1206278e-07
0
-3.8141003e-07
-1.1538181e-24
-4.5075735e-07
3.4361108e-21
-5.2010463e-07
0
-5.8945192e-07
4.2951386e-21
-6.5879933e-07
-4.7282787e-21
-7.2814656e-07
1.0312288e-20
-7.9749307e-07
0
-8.6684114e-07
6.0085787e-21
-9.3618843e-07
6.4427078e-21
-1.0055357e-06
1.3744443e-20
-1.074883e-06
-1.461468e-20
-1.1442303e-06
0
-1.2135776e-06
1.6334054e-20
-1.2829249e-06
-1.7193741e-20
-1.3522709e-06
1.8053428e-20
-1.4216195e-06
0
-1.4909668e-06
-1.5164467e-23
-1.5603141e-06
-2.0632489e-20
-1.6296614e-06
0
-1.6990086e-06
1.714244e-23
-1.7683559e-06
0
-1.8377032e-06
-1.8461089e-23
-1.9070505e-06
2.4892684e-20
-1.9763959e-06
2.5770831e-20
-2.0457451e-06
0
-2.1150924e-06
5.4977774e-20
-2.1844397e-06
0
-2.2537869e-06
-5.8458718e-20
-2.3231342e-06
-4.6152722e-23
-2.3924815e-06
-6.1897467e-20
-2.4618264e-06
0
-2.5311762e-06
-6.5286106e-20
-2.6005234e-06
-6.7055591e-20
-2.6698707e-06
-2.739218e-06
5.368542e-23
-3.4379801e-08
2.1474168e-22
-1.031394e-07
3.2235975e-22
-1.7189899e-07
0
-2.406586e-07
-1.0745325e-21
-3.0941821e-07
1.289439e-21
-3.7817777e-07
-1.5054992e-21
-4.4693741e-07
0
-5.1569701e-07
-3.868317e-21
-5.8445661e-07
-4.29813e-21
-6.5321634e-07
0
-7.2197588e-07
1.0315512e-20
-7.9073473e-07
5.587569e-21
-8.594951e-07
-6.0219969e-21
-9.2825471e-07
4.9445835e-24
-9.9701432e-07
0
-1.0657739e-06
-1.1207723e-23
-1.1345335e-06
-1.5473268e-20
-1.2032931e-06
-3.2653262e-20
-1.2720527e-06
-1.719252e-20
-1.3408111e-06
-1.8038301e-20
-1.409572e-06
1.8897268e-20
-1.4783316e-06
0
-1.5470912e-06
-2.0615201e-20
-1.6158508e-06
-2.1490649e-20
-1.6846104e-06
0
-1.75337e-06
-2.3209901e-20
-1.8221296e-06
2.4051068e-20
-1.8908892e-06
-2.4948274e-20
-1.959647e-06
1.9778334e-23
-2.0284085e-06
5.3296814e-20
-2.0971681e-06
0
-2.1659277e-06
5.6735314e-20
-2.2346872e-06
-4.4830891e-23
-2.3034468e-06
-6.0173818e-20
-2.3722064e-06
6.1845604e-20
-2.4409637e-06
0
-2.5097257e-06
0
-2.5784853e-06
-6.705083e-20
-2.6472449e-06
-2.7160046e-06
-5.3726625e-23
-3.4085959e-08
-2.149065e-22
-1.0225788e-07
0
-1.7042978e-07
-8.5896672e-22
-2.3860171e-07
0
-3.0677363e-07
0
-3.7494552e-07
-3.008691e-21
-4.4311747e-07
-3.4358669e-21
-5.1128939e-07
3.8653502e-21
-5.7946131e-07
-3.296389e-24
-6.4763335e-07
-4.727943e-21
-7.1580521e-07
0
-7.8397638e-07
0
-8.5214906e-07
6.012767e-21
-9.2032099e-07
0
-9.8849291e-07
-1.3743468e-20
-1.0566648e-06
-1.1207723e-23
-1.1248368e-06
1.5473268e-20
-1.1930087e-06
0
-1.2611806e-06
1.7179334e-20
-1.3293513e-06
-1.8038301e-20
-1.3975245e-06
-1.8897268e-20
-1.4656964e-06
-1.9771399e-20
-1.5338684e-06
0
-1.6020403e-06
2.1474167e-20
-1.6702121e-06
0
-1.7383841e-06
-2.31921e-20
-1.806556e-06
2.4051068e-20
-1.8747279e-06
-2.4929155e-20
-1.942898e-06
0
-2.0110718e-06
-5.3296814e-20
-2.0792438e-06
-5.497387e-20
-2.1474157e-06
0
-2.2155875e-06
-4.4830891e-23
-2.2837595e-06
-6.0173818e-20
-2.3519314e-06
0
-2.420101e-06
-6.3563539e-20
-2.4882753e-06
0
-2.5564472e-06
6.6999406e-20
-2.6246192e-06
-2.6927911e-06
-4.1204863e-26
-3.3792118e-08
-1.6481945e-25
-1.0137635e-07
-3.2211252e-22
-1.6896057e-07
8.5896672e-22
-2.3654483e-07
2.1482409e-21
-3.0412906e-07
-1.2884501e-21
-3.7171326e-07
-1.5054992e-21
-4.3929753e-07
3.4358669e-21
-5.0688177e-07
3.8653502e-21
-5.74466e-07
-3.296389e-24
-6.4205036e-07
-3.6260279e-24
-7.0963454e-07
0
-7.7721803e-07
4.2853057e-24
-8.4480303e-07
-6.017382e-21
-9.1238727e-07
6.447195e-21
-9.7997151e-07
1.3743468e-20
-1.0475558e-06
1.4591226e-20
-1.11514e-06
0
-1.1827242e-06
1.6320368e-20
-1.2503085e-06
1.7179334e-20
-1.3178914e-06
1.3844834e-23
-1.385477e-06
0
-1.4530612e-06
0
-1.5206455e-06
-2.0615201e-20
-1.5882297e-06
2.1474167e-20
-1.6558139e-06
-2.2333135e-20
-1.7233981e-06
-1.78005e-23
-1.7909824e-06
-3.6919557e-23
-1.8585666e-06
-1.9119057e-23
-1.9261491e-06
2.578878e-20
-1.9937352e-06
0
-2.0613194e-06
5.497387e-20
-2.1289037e-06
5.6691802e-20
-2.1964878e-06
5.8364906e-20
-2.2640721e-06
0
-2.3316563e-06
-4.7468002e-23
-2.3992382e-06
0
-2.4668249e-06
0
-2.5344091e-06
-6.6999406e-20
-2.6019934e-06
-2.6695776e-06
5.368542e-23
-3.3498276e-08
2.1474168e-22
-1.0049483e-07
3.2235975e-22
-1.6749137e-07
0
-2.3448794e-07
-1.0745325e-21
-3.0148449e-07
1.289439e-21
-3.6848101e-07
-1.5054992e-21
-4.3547759e-07
0
-5.0247415e-07
-3.868317e-21
-5.694707e-07
-4.29813e-21
-6.3646738e-07
0
-7.0346387e-07
1.0315512e-20
-7.7045969e-07
5.587569e-21
-8.3745699e-07
-6.0219969e-21
-9.0445355e-07
4.9445835e-24
-9.7145011e-07
0
-1.0384467e-06
-1.1207723e-23
-1.1054432e-06
-1.5473268e-20
-1.1724398e-06
-3.2653262e-20
-1.2394363e-06
-1.719252e-20
-1.3064316e-06
-1.8038301e-20
-1.3734295e-06
1.8897268e-20
-1.440426e-06
0
-1.5074226e-06
-2.0615201e-20
-1.5744192e-06
-2.1490649e-20
-1.6414157e-06
0
-1.7084122e-06
-2.3209901e-20
-1.7754088e-06
2.4051068e-20
-1.8424053e-06
-2.4948274e-20
-1.9094001e-06
1.9778334e-23
-1.9763985e-06
5.3296814e-20
-2.0433951e-06
0
-2.1103917e-06
5.6735314e-20
-2.1773881e-06
-4.4830891e-23
-2.2443847e-06
-6.0173818e-20
-2.3113813e-06
6.1845604e-20
-2.3783755e-06
0
-2.4453745e-06
0
-2.512371e-06
-6.705083e-20
-2.5793676e-06
-2.6463641e-06
-5.3726625e-23
-3.3204435e-08
-2.149065e-22
-9.9613305e-08
6.4447227e-22
-1.6602216e-07
-8.59626e-22
-2.3243105e-07
1.0737084e-21
-2.9883992e-07
2.5778891e-21
-3.6524875e-07
-1.1537362e-24
-4.3165766e-07
-3.438504e-21
-4.9806653e-07
3.8653502e-21
-5.644754e-07
-3.296389e-24
-6.3088439e-07
-4.727943e-21
-6.972932e-07
0
-7.6370134e-07
-5.5832837e-21
-8.3011096e-07
0
-8.9651983e-07
0
-9.6292871e-07
-1.3754016e-20
-1.0293376e-06
1.4602434e-20
-1.0957465e-06
1.5461401e-20
-1.1621553e-06
0
-1.2285642e-06
-1.719252e-20
-1.2949718e-06
0
-1.361382e-06
-1.8911772e-20
-1.4277908e-06
-1.516339e-23
-1.4941998e-06
2.0631024e-20
-1.5606086e-06
0
-1.6270174e-06
0
-1.6934263e-06
-2.3209901e-20
-1.7598352e-06
-2.4069528e-20
-1.8262441e-06
-2.4948274e-20
-1.8926512e-06
0
-1.9590619e-06
-4.0875225e-23
-2.0254708e-06
-5.5016064e-20
-2.0918796e-06
0
-2.1582884e-06
5.8409737e-20
-2.2246973e-06
-4.6149445e-23
-2.2911062e-06
-6.1893072e-20
-2.3575128e-06
0
-2.423924e-06
-6.5281471e-20
-2.4903329e-06
-6.705083e-20
-2.5567418e-06
-2.6231507e-06
-4.1204863e-26
-3.2910594e-08
-1.6481945e-25
-9.8731781e-08
3.2235975e-22
-1.6455295e-07
0
-2.3037416e-07
-1.0745325e-21
-2.9619534e-07
1.289439e-21
-3.6201649e-07
-1.1537362e-24
-4.2783772e-07
0
-4.936589e-07
-3.868317e-21
-5.5948009e-07
0
-6.253014e-07
0
-6.9112253e-07
0
-7.5694299e-07
0
-8.2276492e-07
-4.6149446e-24
-8.8858611e-07
-6.4422504e-21
-9.5440731e-07
0
-1.0202285e-06
1.4602434e-20
-1.0860497e-06
0
-1.1518709e-06
-1.6320368e-20
-1.2176921e-06
-1.719252e-20
-1.283512e-06
1.3844834e-23
-1.3493345e-06
1.8897268e-20
-1.4151557e-06
-1.9771399e-20
-1.4809769e-06
-2.0615201e-20
-1.5467981e-06
0
-1.6126192e-06
0
-1.6784404e-06
0
-1.7442616e-06
-1.8459779e-23
-1.8100828e-06
-1.9119057e-23
-1.8759022e-06
-2.5769002e-20
-1.9417252e-06
0
-2.0075464e-06
0
-2.0733676e-06
0
-2.1391888e-06
5.8409737e-20
-2.2050099e-06
-6.0173818e-20
-2.2708311e-06
6.1845604e-20
-2.3366501e-06
6.3612326e-20
-2.4024736e-06
-6.5331576e-20
-2.4682948e-06
0
-2.534116e-06
-2.5999372e-06
-5.373044e-23
-3.2616731e-08
-2.1492176e-22
-9.7850194e-08
0
-1.6308364e-07
-6.5932462e-25
-2.2831712e-07
0
-2.9355058e-07
0
-3.5878401e-07
1.5032985e-21
-4.2401751e-07
-2.6372985e-24
-4.8925097e-07
-3.8685917e-21
-5.5448443e-07
-3.2966231e-24
-6.1971802e-07
0
-6.8495142e-07
1.0312288e-20
-7.5018417e-07
0
-8.1541836e-07
1.2026388e-20
-8.8065183e-07
-4.9449347e-24
-9.458853e-07
-1.0549194e-23
-1.0111188e-06
-1.461468e-20
-1.0763522e-06
0
-1.1415857e-06
0
-1.2068192e-06
-1.7193741e-20
-1.2720514e-06
0
-1.3372861e-06
0
-1.4025196e-06
-1.5164467e-23
-1.4677531e-06
2.0632489e-20
-1.5329866e-06
0
-1.59822e-06
-2.2334721e-20
-1.6634534e-06
-2.3211549e-20
-1.7286869e-06
-1.8461089e-23
-1.7939204e-06
-3.8240829e-23
-1.8591521e-06
-1.9779739e-23
-1.9243874e-06
-5.3300598e-20
-1.9896208e-06
-4.2196776e-23
-2.0548543e-06
0
-2.1200877e-06
-5.8458718e-20
-2.1853212e-06
6.0131938e-20
-2.2505546e-06
0
-2.3157859e-06
4.8790023e-23
-2.3810217e-06
-6.5286106e-20
-2.4462551e-06
-5.1427322e-23
-2.5114886e-06
-2.5767221e-06
-4.1204863e-26
-3.232289e-08
-1.6481945e-25
-9.696867e-08
0
-1.6161443e-07
0
-2.2626023e-07
1.0737084e-21
-2.9090601e-07
0
-3.5555175e-07
-2.3074723e-24
-4.2019757e-07
0
-4.8484335e-07
-2.9667501e-24
-5.4948913e-07
-4.29813e-21
-6.1413503e-07
4.724317e-21
-6.7878075e-07
1.0311556e-20
-7.4342582e-07
0
-8.0807233e-07
-1.2034764e-20
-8.7271811e-07
0
-9.373639e-07
0
-1.0020097e-06
-1.4613642e-20
-1.0666555e-06
1.5461401e-20
-1.1313013e-06
-1.6332894e-20
-1.195947e-06
-1.719252e-20
-1.2605916e-06
1.8052146e-20
-1.3252386e-06
0
-1.3898844e-06
1.9756235e-20
-1.4545302e-06
-2.0615201e-20
-1.519176e-06
0
-1.5838217e-06
1.7141223e-23
-1.6484675e-06
-1.78005e-23
-1.7131133e-06
-1.8459779e-23
-1.7777591e-06
-1.9119057e-23
-1.8424032e-06
0
-1.9070507e-06
5.3255938e-20
-1.9716965e-06
0
-2.0363423e-06
0
-2.100988e-06
-5.8454568e-20
-2.1656338e-06
-4.6149445e-23
-2.2302796e-06
0
-2.2949231e-06
0
-2.3595712e-06
-6.5281471e-20
-2.424217e-06
0
-2.4888628e-06
-2.5535086e-06
-5.3726625e-23
-3.2029048e-08
-2.149065e-22
-9.6087145e-08
2.4722918e-25
-1.6014523e-07
-8.59626e-22
-2.2420334e-07
0
-2.8826144e-07
9.8891671e-25
-3.523195e-07
-1.1537362e-24
-4.1637763e-07
-3.438504e-21
-4.8043573e-07
3.8653502e-21
-5.4449382e-07
4.2948336e-21
-6.0855204e-07
-4.727943e-21
-6.7261008e-07
5.157756e-21
-7.3666747e-07
0
-8.0072629e-07
6.0081521e-21
-8.6478439e-07
0
-9.288425e-07
-1.3754016e-20
-9.929006e-07
-1.1207723e-23
-1.0569587e-06
0
-1.1210168e-06
0
-1.1850749e-06
1.7179334e-20
-1.2491318e-06
0
-1.3131911e-06
0
-1.3772492e-06
-1.516339e-23
-1.4413074e-06
-2.0615201e-20
-1.5053655e-06
-1.6481944e-23
-1.5694235e-06
1.7141223e-23
-1.6334816e-06
2.3209901e-20
-1.6975397e-06
-2.4069528e-20
-1.7615978e-06
-2.4948274e-20
-1.8256542e-06
0
-1.8897141e-06
0
-1.9537722e-06
-5.5016064e-20
-2.0178303e-06
0
-2.0818883e-06
-4.4830891e-23
-2.1459464e-06
-6.0173818e-20
-2.2100045e-06
6.1893072e-20
-2.2740604e-06
0
-2.3381208e-06
6.5281471e-20
-2.4021789e-06
-6.705083e-20
-2.466237e-06
-2.5302951e-06
0
-3.1735207e-08
0
-9.5205621e-08
-3.2211252e-22
-1.5867602e-07
8.59626e-22
-2.2214645e-07
-1.0745325e-21
-2.8561686e-07
-1.2884501e-21
-3.4908724e-07
-1.1537362e-24
-4.1255769e-07
3.438504e-21
-4.7602811e-07
-2.9667501e-24
-5.3949852e-07
4.2948336e-21
-6.0296905e-07
4.724317e-21
-6.6643941e-07
5.157756e-21
-7.2990913e-07
-5.5832837e-21
-7.9338025e-07
-6.017382e-21
-8.5685067e-07
-4.9445835e-24
-9.2032109e-07
1.3754016e-20
-9.8379151e-07
-1.1207723e-23
-1.0472619e-06
-1.5473268e-20
-1.1107324e-06
0
-1.1742028e-06
-1.3185556e-23
-1.237672e-06
0
-1.3011436e-06
-1.8911772e-20
-1.364614e-06
1.9756235e-20
-1.4280845e-06
2.0615201e-20
-1.4915549e-06
-2.1490649e-20
-1.5550253e-06
-2.2333135e-20
-1.6184957e-06
2.31921e-20
-1.6819661e-06
0
-1.7454365e-06
2.4890917e-20
-1.8089053e-06
-1.9778334e-23
-1.8723774e-06
0
-1.9358479e-06
5.5016064e-20
-1.9993183e-06
0
-2.0627886e-06
-4.4830891e-23
-2.126259e-06
-6.0173818e-20
-2.1897295e-06
0
-2.2531977e-06
-6.3563539e-20
-2.3166704e-06
6.5281471e-20
-2.3801408e-06
6.6999406e-20
-2.4436112e-06
-2.5070816e-06
-5.3726625e-23
-3.1441366e-08
-2.149065e-22
-9.4324097e-08
-3.2211252e-22
-1.5720681e-07
8.59626e-22
-2.2008956e-07
-1.0745325e-21
-2.8297229e-07
-1.2884501e-21
-3.4585499e-07
-1.1537362e-24
-4.0873775e-07
3.438504e-21
-4.7162048e-07
-3.868317e-21
-5.3450322e-07
4.2948336e-21
-5.9738606e-07
0
-6.6026874e-07
0
-7.2315078e-07
4.2853057e-24
-7.8603422e-07
1.8042916e-20
-8.4891695e-07
-1.2889445e-20
-9.1179969e-07
1.3754016e-20
-9.7468243e-07
0
-1.0375652e-06
0
-1.1004479e-06
1.2526278e-23
-1.1633306e-06
-1.3185556e-23
-1.2262122e-06
-1.8038301e-20
-1.2890961e-06
-1.8911772e-20
-1.3519789e-06
1.9756235e-20
-1.4148616e-06
2.0615201e-20
-1.4777444e-06
0
-1.540627e-06
0
-1.6035098e-06
-2.3209901e-20
-1.6663925e-06
-2.4069528e-20
-1.7292752e-06
-2.4948274e-20
-1.7921563e-06
-5.1557781e-20
-1.8550408e-06
-4.0875225e-23
-1.9179235e-06
5.5016064e-20
-1.9808063e-06
5.6691802e-20
-2.0436889e-06
0
-2.1065717e-06
6.0127668e-20
-2.1694544e-06
0
-2.232335e-06
6.3612326e-20
-2.2952199e-06
6.5331576e-20
-2.3581027e-06
-6.705083e-20
-2.4209854e-06
-2.4838682e-06
-4.1204863e-26
-3.1147524e-08
-1.6481945e-25
-9.3442573e-08
3.2235975e-22
-1.5573761e-07
0
-2.1803267e-07
-1.0745325e-21
-2.8032772e-07
1.289439e-21
-3.4262273e-07
-1.1537362e-24
-4.0491781e-07
0
-4.6721286e-07
-3.868317e-21
-5.2950791e-07
0
-5.9180308e-07
0
-6.5409807e-07
0
-7.1639243e-07
0
-7.7868818e-07
-4.6149446e-24
-8.4098324e-07
-6.4422504e-21
-9.0327829e-07
0
-9.6557334e-07
1.4602434e-20
-1.0278684e-06
0
-1.0901635e-06
-1.6320368e-20
-1.1524585e-06
-1.719252e-20
-1.2147524e-06
1.3844834e-23
-1.2770486e-06
1.8897268e-20
-1.3393437e-06
-1.9771399e-20
-1.4016388e-06
-2.0615201e-20
-1.4639338e-06
0
-1.5262288e-06
0
-1.5885239e-06
0
-1.6508189e-06
-1.8459779e-23
-1.713114e-06
-1.9119057e-23
-1.7754074e-06
-2.5769002e-20
-1.8377041e-06
0
-1.8999992e-06
0
-1.9622943e-06
0
-2.0245892e-06
5.8409737e-20
-2.0868843e-06
-6.0173818e-20
-2.1491793e-06
6.1845604e-20
-2.2114723e-06
6.3612326e-20
-2.2737695e-06
-6.5331576e-20
-2.3360646e-06
0
-2.3983596e-06
-2.4606547e-06
-5.3726625e-23
-3.0853683e-08
-2.149065e-22
-9.2561048e-08
6.4447227e-22
-1.542684e-07
-8.59626e-22
-2.1597578e-07
1.0737084e-21
-2.7768315e-07
2.5778891e-21
-3.3939048e-07
-1.1537362e-24
-4.0109788e-07
-3.438504e-21
-4.6280524e-07
3.8653502e-21
-5.2451261e-07
-3.296389e-24
-5.8622009e-07
-4.727943e-21
-6.479274e-07
0
-7.0963409e-07
-5.5832837e-21
-7.7134214e-07
0
-8.3304952e-07
0
-8.9475689e-07
-1.3754016e-20
-9.5646426e-07
1.4602434e-20
-1.0181716e-06
1.5461401e-20
-1.079879e-06
0
-1.1415864e-06
-1.719252e-20
-1.2032926e-06
0
-1.2650011e-06
-1.8911772e-20
-1.3267085e-06
-1.516339e-23
-1.3884159e-06
2.0631024e-20
-1.4501233e-06
0
-1.5118306e-06
0
-1.5735379e-06
-2.3209901e-20
-1.6352453e-06
-2.4069528e-20
-1.6969527e-06
-2.4948274e-20
-1.7586584e-06
0
-1.8203675e-06
-4.0875225e-23
-1.8820749e-06
-5.5016064e-20
-1.9437822e-06
0
-2.0054895e-06
5.8409737e-20
-2.0671969e-06
-4.6149445e-23
-2.1289043e-06
-6.1893072e-20
-2.1906095e-06
0
-2.2523191e-06
-6.5281471e-20
-2.3140265e-06
-6.705083e-20
-2.3757338e-06
-2.4374412e-06
5.3648024e-23
-3.0559821e-08
2.145921e-22
-9.1679462e-08
6.4476528e-22
-1.5279909e-07
8.5902771e-22
-2.1391874e-07
1.0737846e-21
-2.7503838e-07
2.5790611e-21
-3.3615799e-07
-1.1538181e-24
-3.9727767e-07
3.4361108e-21
-4.5839731e-07
-2.9669608e-24
-5.1951695e-07
4.2951386e-21
-5.806367e-07
-3.6262854e-24
-6.4175629e-07
0
-7.0287526e-07
4.28561e-24
-7.6399559e-07
6.0085787e-21
-8.2511523e-07
0
-8.8623488e-07
1.3744443e-20
-9.4735453e-07
-1.461468e-20
-1.0084742e-06
0
-1.0695938e-06
-1.6321527e-20
-1.1307135e-06
-1.3186492e-23
-1.191832e-06
1.8053428e-20
-1.2529528e-06
-1.4505142e-23
-1.3140724e-06
-1.5164467e-23
-1.3751921e-06
1.5823791e-23
-1.4363117e-06
2.1475692e-20
-1.4974313e-06
0
-1.558551e-06
-1.7801764e-23
-1.6196706e-06
2.4052776e-20
-1.6807903e-06
-1.9120415e-23
-1.7419083e-06
0
-1.8030296e-06
0
-1.8641493e-06
5.4977774e-20
-1.9252689e-06
-5.6695827e-20
-1.9863885e-06
-5.8458718e-20
-2.0475081e-06
-4.6152722e-23
-2.1086278e-06
6.1849995e-20
-2.1697453e-06
0
-2.2308671e-06
-6.5235997e-20
-2.2919868e-06
-5.1427322e-23
-2.3531064e-06
-2.4142261e-06
-4.1204863e-26
-3.0265979e-08
-1.6481945e-25
-9.0797937e-08
0
-1.5132988e-07
0
-2.1186185e-07
1.0737084e-21
-2.7239381e-07
0
-3.3292574e-07
-3.008691e-21
-3.9345773e-07
0
-4.5398969e-07
-3.868317e-21
-5.1452164e-07
-4.29813e-21
-5.7505371e-07
9.4522599e-21
-6.3558562e-07
5.1538003e-21
-6.9611691e-07
5.5918543e-21
-7.5664955e-07
-6.017382e-21
-8.1718152e-07
0
-8.7771348e-07
0
-9.3824544e-07
0
-9.9877741e-07
-1.1867001e-23
-1.0593094e-06
-1.6320368e-20
-1.1198413e-06
-1.719252e-20
-1.1803722e-06
0
-1.2409053e-06
-1.8911772e-20
-1.3014372e-06
1.9756235e-20
-1.3619692e-06
-2.0615201e-20
-1.4225012e-06
0
-1.4830331e-06
1.7141223e-23
-1.5435651e-06
2.31921e-20
-1.604097e-06
-2.4087988e-20
-1.664629e-06
-1.9119057e-23
-1.7251593e-06
0
-1.785693e-06
1.0655275e-19
-1.8462249e-06
0
-1.9067569e-06
0
-1.9672888e-06
0
-2.0278208e-06
6.0127668e-20
-2.0883527e-06
-1.2373868e-19
-2.1488826e-06
0
-2.2094167e-06
-6.5281471e-20
-2.2699487e-06
6.6999406e-20
-2.3304807e-06
-2.3910126e-06
-4.1204863e-26
-2.9972138e-08
-1.6481945e-25
-8.9916413e-08
-3.2211252e-22
-1.4986067e-07
0
-2.0980496e-07
0
-2.6974924e-07
-1.2884501e-21
-3.2969348e-07
-1.1537362e-24
-3.8963779e-07
0
-4.4958207e-07
-3.868317e-21
-5.0952634e-07
-3.296389e-24
-5.6947073e-07
-4.727943e-21
-6.2941495e-07
-5.157756e-21
-6.8935856e-07
1.1170853e-20
-7.4930351e-07
-6.017382e-21
-8.092478e-07
-4.9445835e-24
-8.6919208e-07
0
-9.2913636e-07
-1.1207723e-23
-9.8908064e-07
0
-1.0490249e-06
1.6320368e-20
-1.1089692e-06
1.7179334e-20
-1.1689123e-06
3.6090447e-20
-1.2288578e-06
1.8897268e-20
-1.288802e-06
1.9756235e-20
-1.3487464e-06
0
-1.4086906e-06
2.1490649e-20
-1.4686349e-06
0
-1.5285791e-06
-2.3209901e-20
-1.5885234e-06
-2.4069528e-20
-1.6484677e-06
-3.8238114e-23
-1.7084104e-06
-1.9778334e-23
-1.7683563e-06
-5.3296814e-20
-1.8283006e-06
0
-1.8882449e-06
0
-1.9481891e-06
-4.4830891e-23
-2.0081334e-06
6.0127668e-20
-2.0680777e-06
6.1845604e-20
-2.1280199e-06
6.3612326e-20
-2.1879663e-06
0
-2.2479106e-06
0
-2.3078549e-06
-2.3677991e-06
-5.3726625e-23
-2.9678296e-08
-2.149065e-22
-8.9034889e-08
3.2235975e-22
-1.4839147e-07
0
-2.0774807e-07
0
-2.6710467e-07
1.289439e-21
-3.2646123e-07
-2.3074723e-24
-3.8581785e-07
0
-4.4517444e-07
0
-5.0453104e-07
-4.29813e-21
-5.6388774e-07
-4.727943e-21
-6.2324428e-07
0
-6.8260022e-07
0
-7.4195748e-07
6.0081521e-21
-8.0131408e-07
1.2889445e-20
-8.6067068e-07
0
-9.2002727e-07
-1.4613642e-20
-9.7938387e-07
0
-1.0387405e-06
-1.6332894e-20
-1.0980971e-06
-1.3185556e-23
-1.1574525e-06
0
-1.2168103e-06
0
-1.2761669e-06
1.9756235e-20
-1.3355235e-06
2.0631024e-20
-1.3948801e-06
-2.1490649e-20
-1.4542366e-06
-2.2333135e-20
-1.5135932e-06
-2.3209901e-20
-1.5729498e-06
2.4051068e-20
-1.6323064e-06
-2.4948274e-20
-1.6916614e-06
5.1557781e-20
-1.7510197e-06
-5.3255938e-20
-1.8103763e-06
0
-1.8697329e-06
-4.3512334e-23
-1.9290894e-06
-5.8454568e-20
-1.988446e-06
6.0127668e-20
-2.0478026e-06
0
-2.1071572e-06
-6.3563539e-20
-2.1665159e-06
6.5281471e-20
-2.2258725e-06
0
-2.2852291e-06
-2.3445857e-06
-5.3726625e-23
-2.9384455e-08
-2.149065e-22
-8.8153365e-08
0
-1.4692226e-07
6.5927781e-25
-2.0569118e-07
-1.0745325e-21
-2.6446009e-07
0
-3.2322897e-07
-1.1537362e-24
-3.8199791e-07
2.6371112e-24
-4.4076682e-07
-3.868317e-21
-4.9953573e-07
4.2948336e-21
-5.5830475e-07
-4.724317e-21
-6.1707361e-07
0
-6.7584187e-07
5.587569e-21
-7.3461144e-07
2.4055683e-20
-7.9338036e-07
-6.447195e-21
-8.5214927e-07
1.0548445e-23
-9.1091819e-07
1.4602434e-20
-9.696871e-07
0
-1.028456e-06
1.6332894e-20
-1.0872249e-06
-1.3185556e-23
-1.1459927e-06
0
-1.2047628e-06
-1.4504112e-23
-1.2635317e-06
1.9756235e-20
-1.3223006e-06
2.0615201e-20
-1.3810695e-06
0
-1.4398384e-06
0
-1.4986073e-06
-1.78005e-23
-1.5573762e-06
-2.4069528e-20
-1.6161451e-06
-3.8238114e-23
-1.6749125e-06
-2.578878e-20
-1.733683e-06
-4.0875225e-23
-1.792452e-06
4.219378e-23
-1.8512209e-06
0
-1.9099897e-06
5.8409737e-20
-1.9687586e-06
0
-2.0275275e-06
0
-2.0862944e-06
6.3612326e-20
-2.1450654e-06
6.5331576e-20
-2.2038344e-06
-6.705083e-20
-2.2626033e-06
-2.3213722e-06
-4.1204863e-26
-2.9090613e-08
-1.6481945e-25
-8.727184e-08
-3.2211252e-22
-1.4545305e-07
0
-2.0363429e-07
0
-2.6181552e-07
-1.2884501e-21
-3.1999672e-07
-1.1537362e-24
-3.7817797e-07
0
-4.363592e-07
-3.868317e-21
-4.9454043e-07
-3.296389e-24
-5.5272176e-07
-4.727943e-21
-6.1090294e-07
-5.157756e-21
-6.6908352e-07
1.1170853e-20
-7.2726541e-07
-6.017382e-21
-7.8544664e-07
-4.9445835e-24
-8.4362787e-07
0
-9.018091e-07
-1.1207723e-23
-9.5999034e-07
0
-1.0181716e-06
1.6320368e-20
-1.0763528e-06
1.7179334e-20
-1.1345329e-06
3.6090447e-20
-1.1927153e-06
1.8897268e-20
-1.2508965e-06
1.9756235e-20
-1.3090778e-06
0
-1.367259e-06
2.1490649e-20
-1.4254402e-06
0
-1.4836214e-06
-2.3209901e-20
-1.5418026e-06
-2.4069528e-20
-1.5999839e-06
-3.8238114e-23
-1.6581636e-06
-1.9778334e-23
-1.7163464e-06
-5.3296814e-20
-1.7745276e-06
0
-1.8327089e-06
0
-1.89089e-06
-4.4830891e-23
-1.9490713e-06
6.0127668e-20
-2.0072525e-06
6.1845604e-20
-2.0654317e-06
6.3612326e-20
-2.123615e-06
0
-2.1817963e-06
0
-2.2399775e-06
-2.2981587e-06
-4.1207789e-26
-2.8796751e-08
-1.6483116e-25
-8.6390253e-08
-3.2213539e-22
-1.4398374e-07
8.5968704e-22
-2.0157726e-07
0
-2.5917076e-07
-1.2885416e-21
-3.1676423e-07
-1.5056061e-21
-3.7435776e-07
3.4387481e-21
-4.3195127e-07
3.8656247e-21
-4.8954477e-07
-3.2966231e-24
-5.4713838e-07
-9.4529311e-21
-6.0473183e-07
0
-6.623247e-07
5.5879657e-21
-7.1991885e-07
6.013194e-21
-7.7751236e-07
-4.9449347e-24
-8.3510586e-07
1.3754993e-20
-8.9269937e-07
-1.1208519e-23
-9.5029288e-07
1.5462499e-20
-1.0078864e-06
0
-1.0654799e-06
-1.7193741e-20
-1.1230723e-06
1.8053428e-20
-1.1806669e-06
0
-1.2382604e-06
-1.9787967e-20
-1.295854e-06
0
-1.3534475e-06
0
-1.4110409e-06
0
-1.4686344e-06
-2.3193747e-20
-1.5262279e-06
-1.8461089e-23
-1.5838214e-06
-2.4950045e-20
-1.6414134e-06
-1.9779739e-23
-1.6990085e-06
0
-1.756602e-06
5.501997e-20
-1.8141955e-06
5.6695827e-20
-1.871789e-06
-4.4834074e-23
-1.9293825e-06
-6.0178091e-20
-1.986976e-06
0
-2.0445675e-06
0
-2.1021631e-06
0
-2.1597566e-06
-5.1427322e-23
-2.2173501e-06
-2.2749436e-06
-5.3726625e-23
-2.850291e-08
-2.149065e-22
-8.5508729e-08
6.447195e-22
-1.4251453e-07
8.59626e-22
-1.9952037e-07
0
-2.5652619e-07
2.578878e-21
-3.1353198e-07
-1.1537362e-24
-3.7053783e-07
3.438504e-21
-4.2754365e-07
3.8653502e-21
-4.8454947e-07
-4.29813e-21
-5.4155539e-07
4.724317e-21
-5.9856116e-07
-5.1538003e-21
-6.5556635e-07
4.2853057e-24
-7.1257281e-07
-1.2034764e-20
-7.6957864e-07
4.9445835e-24
-8.2658446e-07
1.3754016e-20
-8.8359029e-07
-1.4613642e-20
-9.4059611e-07
1.5461401e-20
-9.9760194e-07
-3.2653262e-20
-1.0546078e-06
-1.719252e-20
-1.1116125e-06
0
-1.1686194e-06
0
-1.2256252e-06
-3.9542798e-20
-1.2826311e-06
0
-1.3396369e-06
2.1474167e-20
-1.3966427e-06
1.7141223e-23
-1.4536485e-06
2.3209901e-20
-1.5106543e-06
2.4069528e-20
-1.5676602e-06
-2.4948274e-20
-1.6246645e-06
1.9778334e-23
-1.6816719e-06
1.0655275e-19
-1.7386777e-06
5.5016064e-20
-1.7956835e-06
0
-1.8526893e-06
-5.8454568e-20
-1.9096951e-06
-6.0173818e-20
-1.9667009e-06
-6.1893072e-20
-2.0237048e-06
6.3612326e-20
-2.0807126e-06
0
-2.1377185e-06
-5.142367e-23
-2.1947243e-06
-2.2517301e-06
-5.3726625e-23
-2.8209068e-08
-2.149065e-22
-8.4627205e-08
2.4722918e-25
-1.4104533e-07
8.59626e-22
-1.9746348e-07
0
-2.5388161e-07
9.8891671e-25
-3.1029972e-07
-1.1537362e-24
-3.6671789e-07
3.438504e-21
-4.2313602e-07
-3.868317e-21
-4.7955416e-07
-3.296389e-24
-5.359724e-07
-9.4522599e-21
-5.9239049e-07
5.1538003e-21
-6.48808e-07
-5.5832837e-21
-7.0522678e-07
6.0081521e-21
-7.6164492e-07
0
-8.1806306e-07
1.3754016e-20
-8.744812e-07
-1.4613642e-20
-9.3089934e-07
0
-9.8731749e-07
1.6320368e-20
-1.0437356e-06
-1.719252e-20
-1.1001527e-06
0
-1.1565719e-06
1.8897268e-20
-1.2129901e-06
-1.9771399e-20
-1.2694082e-06
1.5822667e-23
-1.3258264e-06
-2.1490649e-20
-1.3822444e-06
-2.2333135e-20
-1.4386626e-06
2.31921e-20
-1.4950807e-06
-2.4069528e-20
-1.5514989e-06
-2.4929155e-20
-1.6079155e-06
0
-1.6643352e-06
-5.3296814e-20
-1.7207534e-06
5.5016064e-20
-1.7771715e-06
-1.1342712e-19
-1.8335896e-06
-5.8454568e-20
-1.8900077e-06
-4.6149445e-23
-1.9464259e-06
0
-2.0028421e-06
0
-2.0592622e-06
0
-2.1156804e-06
-6.705083e-20
-2.1720985e-06
-2.2285166e-06
-5.3726625e-23
-2.7915227e-08
-2.149065e-22
-8.3745681e-08
-3.2211252e-22
-1.3957612e-07
8.59626e-22
-1.9540659e-07
-1.0737084e-21
-2.5123704e-07
-1.2884501e-21
-3.0706747e-07
-1.1537362e-24
-3.6289795e-07
3.438504e-21
-4.187284e-07
-2.9667501e-24
-4.7455886e-07
-4.29813e-21
-5.3038941e-07
-4.727943e-21
-5.8621982e-07
5.157756e-21
-6.4204966e-07
1.1175138e-20
-6.9788074e-07
-4.6149446e-24
-7.537112e-07
-6.447195e-21
-8.0954166e-07
1.3754016e-20
-8.6537212e-07
1.4602434e-20
-9.2120258e-07
0
-9.7703304e-07
0
-1.0328635e-06
-1.3185556e-23
-1.0886929e-06
-1.8038301e-20
-1.1445244e-06
-1.8897268e-20
-1.2003549e-06
-3.9542798e-20
-1.2561854e-06
0
-1.3120158e-06
0
-1.3678462e-06
2.2350276e-20
-1.4236767e-06
-2.31921e-20
-1.4795071e-06
2.4069528e-20
-1.5353376e-06
2.4910036e-20
-1.5911666e-06
-2.578878e-20
-1.6469986e-06
5.3255938e-20
-1.702829e-06
5.5016064e-20
-1.7586595e-06
0
-1.8144899e-06
5.8409737e-20
-1.8703204e-06
-6.0173818e-20
-1.9261508e-06
0
-1.9819793e-06
0
-2.0378118e-06
-6.5281471e-20
-2.0936423e-06
-6.705083e-20
-2.1494727e-06
-2.2053032e-06
-5.3726625e-23
-2.7621385e-08
-2.149065e-22
-8.2864156e-08
-3.2211252e-22
-1.3810691e-07
0
-1.933497e-07
-1.0737084e-21
-2.4859247e-07
-1.2884501e-21
-3.0383521e-07
-1.1537362e-24
-3.5907801e-07
0
-4.1432078e-07
3.8653502e-21
-4.6956355e-07
0
-5.2480643e-07
-4.727943e-21
-5.8004915e-07
-5.157756e-21
-6.3529131e-07
0
-6.905347e-07
-4.6149446e-24
-7.4577748e-07
0
-8.0102026e-07
0
-8.5626303e-07
1.4602434e-20
-9.1150581e-07
0
-9.6674859e-07
0
-1.0219914e-06
-1.3185556e-23
-1.0772331e-06
1.3844834e-23
-1.1324769e-06
-3.780904e-20
-1.1877197e-06
-1.9771399e-20
-1.2429625e-06
0
-1.2982053e-06
0
-1.353448e-06
0
-1.4086908e-06
1.78005e-23
-1.4639335e-06
0
-1.5191763e-06
-1.9119057e-23
-1.5744176e-06
0
-1.6296619e-06
5.3255938e-20
-1.6849047e-06
0
-1.7401475e-06
-5.6735314e-20
-1.7953902e-06
5.8409737e-20
-1.850633e-06
0
-1.9058758e-06
-6.1893072e-20
-1.9611166e-06
0
-2.0163614e-06
5.0105113e-23
-2.0716041e-06
0
-2.1268469e-06
-2.1820897e-06
-5.3726625e-23
-2.7327544e-08
-2.149065e-22
-8.1982632e-08
-3.2211252e-22
-1.3663771e-07
8.59626e-22
-1.9129281e-07
-1.0745325e-21
-2.459479e-07
-1.2884501e-21
-3.0060296e-07
-1.1537362e-24
-3.5525807e-07
3.438504e-21
-4.0991316e-07
-3.868317e-21
-4.6456825e-07
4.2948336e-21
-5.1922344e-07
0
-5.7387848e-07
0
-6.2853296e-07
4.2853057e-24
-6.8318867e-07
1.8042916e-20
-7.3784376e-07
-1.2889445e-20
-7.9249885e-07
1.3754016e-20
-8.4715395e-07
0
-9.0180904e-07
0
-9.5646413e-07
1.2526278e-23
-1.0111192e-06
-1.3185556e-23
-1.0657733e-06
-1.8038301e-20
-1.1204294e-06
-1.8911772e-20
-1.1750845e-06
1.9756235e-20
-1.2297396e-06
2.0615201e-20
-1.2843947e-06
0
-1.3390498e-06
0
-1.3937049e-06
-2.3209901e-20
-1.4483599e-06
-2.4069528e-20
-1.503015e-06
-2.4948274e-20
-1.5576687e-06
-5.1557781e-20
-1.6123253e-06
-4.0875225e-23
-1.6669804e-06
5.5016064e-20
-1.7216355e-06
5.6691802e-20
-1.7762905e-06
0
-1.8309456e-06
6.0127668e-20
-1.8856007e-06
0
-1.9402539e-06
6.3612326e-20
-1.9949109e-06
6.5331576e-20
-2.049566e-06
-6.705083e-20
-2.1042211e-06
-2.1588762e-06
-4.1204863e-26
-2.7033703e-08
-1.6481945e-25
-8.1101108e-08
0
-1.351685e-07
0
-1.8923592e-07
1.0737084e-21
-2.4330332e-07
0
-2.973707e-07
-2.3074723e-24
-3.5143813e-07
0
-4.0550554e-07
3.8653502e-21
-4.5957294e-07
-4.29813e-21
-5.1364045e-07
9.4522599e-21
-5.6770781e-07
5.1538003e-21
-6.2177462e-07
5.587569e-21
-6.7584263e-07
-6.017382e-21
-7.2991004e-07
0
-7.8397745e-07
0
-8.3804486e-07
0
-8.9211227e-07
1.5461401e-20
-9.4617968e-07
0
-1.0002471e-06
-1.719252e-20
-1.0543135e-06
0
-1.1083819e-06
-1.8911772e-20
-1.1624493e-06
1.9756235e-20
-1.2165168e-06
-2.0615201e-20
-1.2705842e-06
0
-1.3246515e-06
1.7141223e-23
-1.3787189e-06
2.31921e-20
-1.4327863e-06
-2.4087988e-20
-1.4868538e-06
-1.9119057e-23
-1.5409197e-06
0
-1.5949886e-06
1.0655275e-19
-1.6490561e-06
0
-1.7031235e-06
0
-1.7571908e-06
0
-1.8112582e-06
6.0127668e-20
-1.8653256e-06
0
-1.9193912e-06
0
-1.9734605e-06
-6.5281471e-20
-2.0275279e-06
-6.705083e-20
-2.0815953e-06
-2.1356627e-06
5.3689232e-23
-2.673984e-08
2.1475693e-22
-8.0219521e-08
3.2238264e-22
-1.3369919e-07
0
-1.8717888e-07
0
-2.4065856e-07
1.2895306e-21
-2.9413822e-07
-1.5056061e-21
-3.4761792e-07
0
-4.0109761e-07
-3.8685917e-21
-4.5457729e-07
-3.2966231e-24
-5.0805707e-07
-3.6262854e-24
-5.615367e-07
-5.1541663e-21
-6.1501579e-07
0
-6.6849607e-07
6.013194e-21
-7.2197576e-07
6.4476528e-21
-7.7545545e-07
0
-8.2893513e-07
-1.1208519e-23
-8.8241482e-07
0
-9.358945e-07
0
-9.8937419e-07
-1.7193741e-20
-1.0428529e-06
-1.8039582e-20
-1.0963336e-06
0
-1.1498132e-06
0
-1.203293e-06
0
-1.2567726e-06
-1.6483115e-23
-1.3102523e-06
-4.4669441e-20
-1.363732e-06
2.3193747e-20
-1.4172116e-06
-1.8461089e-23
-1.4706913e-06
-1.9120415e-23
-1.5241696e-06
2.5790611e-20
-1.5776508e-06
-5.3300598e-20
-1.6311304e-06
0
-1.6846101e-06
0
-1.7380898e-06
-4.4834074e-23
-1.7915694e-06
-4.6152722e-23
-1.8450491e-06
-4.7471373e-23
-1.898527e-06
0
-1.9520086e-06
-6.5286106e-20
-2.0054883e-06
6.7055591e-20
-2.0589679e-06
-2.1124476e-06
-4.1204863e-26
-2.6445999e-08
-1.6481945e-25
-7.9337997e-08
-3.2211252e-22
-1.3222998e-07
0
-1.8512199e-07
0
-2.3801399e-07
-1.2884501e-21
-2.9090596e-07
-1.5043455e-21
-3.4379799e-07
0
-3.9668998e-07
3.8653502e-21
-4.4958198e-07
4.2948336e-21
-5.0247408e-07
-4.727943e-21
-5.5536603e-07
-5.157756e-21
-6.0825744e-07
0
-6.6115004e-07
-6.017382e-21
-7.1404204e-07
-6.4422504e-21
-7.6693404e-07
0
-8.1982605e-07
0
-8.7271805e-07
3.0922802e-20
-9.2561005e-07
0
-9.7850206e-07
-1.3185556e-23
-1.0313931e-06
1.8052146e-20
-1.0842861e-06
-1.8911772e-20
-1.1371781e-06
-1.9771399e-20
-1.1900701e-06
0
-1.2429621e-06
2.1474167e-20
-1.295854e-06
-2.2333135e-20
-1.348746e-06
2.3209901e-20
-1.401638e-06
2.4051068e-20
-1.4545301e-06
2.4890917e-20
-1.5074207e-06
-2.5769002e-20
-1.5603141e-06
5.3255938e-20
-1.6132061e-06
0
-1.6660981e-06
-5.6735314e-20
-1.7189901e-06
0
-1.7718821e-06
0
-1.8247741e-06
-6.1893072e-20
-1.8776643e-06
0
-1.9305581e-06
6.5331576e-20
-1.9834501e-06
-6.6999406e-20
-2.0363421e-06
-2.0892341e-06
-5.3726625e-23
-2.6152158e-08
-2.149065e-22
-7.8456473e-08
0
-1.3076077e-07
-8.5896672e-22
-1.830651e-07
0
-2.3536942e-07
0
-2.876737e-07
-3.008691e-21
-3.3997805e-07
-3.4358669e-21
-3.9228236e-07
-2.9667501e-24
-4.4458668e-07
-3.296389e-24
-4.9689109e-07
-4.727943e-21
-5.4919536e-07
0
-6.014991e-07
5.587569e-21
-6.53804e-07
-4.6149446e-24
-7.0610832e-07
0
-7.5841264e-07
-1.3743468e-20
-8.1071696e-07
-1.1207723e-23
-8.6302128e-07
0
-9.153256e-07
-1.6332894e-20
-9.6762992e-07
1.7179334e-20
-1.0199333e-06
-1.8038301e-20
-1.0722386e-06
-1.8897268e-20
-1.1245429e-06
-3.9542798e-20
-1.1768472e-06
0
-1.2291516e-06
2.1474167e-20
-1.2814558e-06
0
-1.3337601e-06
-2.31921e-20
-1.3860645e-06
2.4051068e-20
-1.4383688e-06
-2.4929155e-20
-1.4906717e-06
0
-1.5429775e-06
-5.3296814e-20
-1.5952818e-06
-5.497387e-20
-1.6475861e-06
0
-1.6998904e-06
-4.4830891e-23
-1.7521947e-06
-6.0173818e-20
-1.804499e-06
0
-1.8568015e-06
-6.3563539e-20
-1.9091077e-06
0
-1.961412e-06
6.6999406e-20
-2.0137164e-06
-2.0660207e-06
-4.1204863e-26
-2.5858316e-08
-1.6481945e-25
-7.7574948e-08
2.4722918e-25
-1.2929157e-07
6.5927781e-25
-1.8100821e-07
0
-2.3272484e-07
9.8891671e-25
-2.8444145e-07
-1.1537362e-24
-3.3615811e-07
2.6371112e-24
-3.8787474e-07
-2.9667501e-24
-4.3959137e-07
-3.296389e-24
-4.913081e-07
-4.727943e-21
-5.4302469e-07
0
-5.9474075e-07
0
-6.4645797e-07
-4.6149446e-24
-6.981746e-07
-6.4422504e-21
-7.4989124e-07
1.0548445e-23
-8.0160788e-07
-1.1207723e-23
-8.5332451e-07
1.5461401e-20
-9.0504115e-07
1.6320368e-20
-9.5675779e-07
-1.3185556e-23
-1.0084734e-06
-1.8038301e-20
-1.0601911e-06
0
-1.1119077e-06
-1.9771399e-20
-1.1636244e-06
2.0631024e-20
-1.215341e-06
-2.1490649e-20
-1.2670576e-06
0
-1.3187742e-06
0
-1.3704909e-06
-2.4069528e-20
-1.4222075e-06
-1.9119057e-23
-1.4739228e-06
-2.5769002e-20
-1.5256408e-06
-4.0875225e-23
-1.5773575e-06
4.219378e-23
-1.6290741e-06
-5.6735314e-20
-1.6807907e-06
-4.4830891e-23
-1.7325073e-06
-6.0173818e-20
-1.784224e-06
0
-1.8359388e-06
0
-1.8876573e-06
0
-1.9393739e-06
-6.705083e-20
-1.9910906e-06
-2.0428072e-06
-5.3726625e-23
-2.5564475e-08
-2.149065e-22
-7.6693424e-08
0
-1.2782236e-07
-8.5896672e-22
-1.7895132e-07
0
-2.3008027e-07
0
-2.8120919e-07
-1.5054992e-21
-3.3233817e-07
-3.4358669e-21
-3.8346712e-07
-3.868317e-21
-4.3459607e-07
-3.296389e-24
-4.8572511e-07
-4.724317e-21
-5.3685402e-07
5.157756e-21
-5.879824e-07
0
-6.3911193e-07
6.0035371e-21
-6.9024088e-07
0
-7.4136984e-07
-1.3743468e-20
-7.9249879e-07
-1.4613642e-20
-8.4362775e-07
0
-8.947567e-07
-1.6332894e-20
-9.4588565e-07
-1.3185556e-23
-9.9701364e-07
1.8052146e-20
-1.0481436e-06
1.8897268e-20
-1.0992725e-06
3.9512471e-20
-1.1504015e-06
2.0615201e-20
-1.2015305e-06
0
-1.2526594e-06
-2.2315993e-20
-1.3037883e-06
-1.78005e-23
-1.3549173e-06
-2.4069528e-20
-1.4060462e-06
2.4890917e-20
-1.4571738e-06
0
-1.5083042e-06
5.3255938e-20
-1.5594331e-06
-5.497387e-20
-1.6105621e-06
0
-1.661691e-06
-5.8454568e-20
-1.7128199e-06
-6.0173818e-20
-1.7639489e-06
0
-1.8150761e-06
0
-1.8662069e-06
0
-1.9173358e-06
0
-1.9684648e-06
-2.0195937e-06
5.368542e-23
-2.5270633e-08
2.1474168e-22
-7.58119e-08
2.4722918e-25
-1.2635315e-07
0
-1.7689443e-07
0
-2.274357e-07
9.8891671e-25
-2.7797694e-07
-1.5054992e-21
-3.2851823e-07
0
-3.790595e-07
-2.9667501e-24
-4.2960077e-07
4.2948336e-21
-4.8014212e-07
-4.727943e-21
-5.3068335e-07
-5.1538003e-21
-5.8122406e-07
-5.5832837e-21
-6.3176589e-07
-6.0219969e-21
-6.8230716e-07
-6.447195e-21
-7.3284844e-07
0
-7.8338971e-07
1.4602434e-20
-8.3393098e-07
0
-8.8447225e-07
0
-9.3501352e-07
1.7179334e-20
-9.8555384e-07
0
-1.0360961e-06
0
-1.0866373e-06
1.9756235e-20
-1.1371786e-06
-2.0615201e-20
-1.1877199e-06
-2.1490649e-20
-1.2382611e-06
0
-1.2888024e-06
0
-1.3393437e-06
0
-1.3898849e-06
-1.9119057e-23
-1.4404249e-06
-2.578878e-20
-1.4909675e-06
0
-1.5415088e-06
0
-1.5920501e-06
0
-1.6425913e-06
5.8409737e-20
-1.6931326e-06
-4.6149445e-23
-1.7436738e-06
0
-1.7942134e-06
0
-1.8447564e-06
6.5281471e-20
-1.8952977e-06
0
-1.945839e-06
-1.9963802e-06
-5.3726625e-23
-2.4976792e-08
-2.149065e-22
-7.4930376e-08
3.2235975e-22
-1.2488395e-07
6.5927781e-25
-1.7483754e-07
0
-2.2479113e-07
1.289439e-21
-2.7474468e-07
-1.5043455e-21
-3.2469829e-07
2.6371112e-24
-3.7465188e-07
-2.9667501e-24
-4.2460546e-07
-3.296389e-24
-4.7455914e-07
-4.727943e-21
-5.2451268e-07
1.0311556e-20
-5.7446571e-07
0
-6.2441986e-07
-6.0219969e-21
-6.7437345e-07
-1.2889445e-20
-7.2432703e-07
1.0548445e-23
-7.7428062e-07
1.4602434e-20
-8.2423421e-07
0
-8.741878e-07
0
-9.2414139e-07
-1.3185556e-23
-9.7409403e-07
0
-1.0240486e-06
0
-1.0740022e-06
1.9741072e-20
-1.1239558e-06
0
-1.1739094e-06
2.1474167e-20
-1.2238629e-06
1.7141223e-23
-1.2738165e-06
-4.6419802e-20
-1.3237701e-06
4.8120596e-20
-1.3737237e-06
4.9800953e-20
-1.4236759e-06
-5.1557781e-20
-1.4736309e-06
0
-1.5235845e-06
4.219378e-23
-1.5735381e-06
-4.3512334e-23
-1.6234916e-06
5.8409737e-20
-1.6734452e-06
-4.6149445e-23
-1.7233988e-06
6.1845604e-20
-1.7733506e-06
-6.3563539e-20
-1.823306e-06
-6.5331576e-20
-1.8732596e-06
-6.705083e-20
-1.9232132e-06
-1.9731668e-06
5.3689232e-23
-2.468293e-08
2.1475693e-22
-7.4048789e-08
0
-1.2341464e-07
8.5968704e-22
-1.7278051e-07
1.0737846e-21
-2.2214637e-07
0
-2.715122e-07
3.006597e-21
-3.2087808e-07
3.4387481e-21
-3.7024394e-07
-2.9669608e-24
-4.196098e-07
4.2951386e-21
-4.6897575e-07
-4.7282787e-21
-5.1834157e-07
5.1581222e-21
-5.6770688e-07
0
-6.170733e-07
6.013194e-21
-6.6643916e-07
1.2885416e-20
-7.1580503e-07
1.3754993e-20
-7.6517089e-07
0
-8.1453675e-07
-1.1867843e-23
-8.6390262e-07
1.6321527e-20
-9.1326848e-07
-1.3186492e-23
-9.6263341e-07
1.3845817e-23
-1.0120002e-06
-1.8913115e-20
-1.0613661e-06
-1.5164467e-23
-1.110732e-06
0
-1.1600978e-06
-2.1492175e-20
-1.2094636e-06
-6.7021304e-20
-1.2588295e-06
2.3211549e-20
-1.3081954e-06
-2.4071237e-20
-1.3575612e-06
-1.9120415e-23
-1.4069258e-06
5.1541663e-20
-1.456293e-06
-4.0878128e-23
-1.5056589e-06
5.501997e-20
-1.5550247e-06
5.6695827e-20
-1.6043905e-06
0
-1.6537564e-06
6.0131938e-20
-1.7031223e-06
-6.1897467e-20
-1.7524864e-06
-6.3568053e-20
-1.8018541e-06
-6.5336215e-20
-1.8512199e-06
0
-1.9005858e-06
-1.9499517e-06
0
-2.4389088e-08
0
-7.3167264e-08
-6.4447227e-22
-1.2194543e-07
0
-1.7072362e-07
0
-2.1950179e-07
-2.5778891e-21
-2.6827994e-07
1.5031918e-21
-3.1705815e-07
0
-3.6583632e-07
-3.868317e-21
-4.146145e-07
4.2948336e-21
-4.6339276e-07
-4.724317e-21
-5.121709e-07
5.1538003e-21
-5.6094854e-07
4.2853057e-24
-6.0972726e-07
1.2025534e-20
-6.5850544e-07
1.289439e-20
-7.0728362e-07
0
-7.5606181e-07
-1.4613642e-20
-8.0483999e-07
-1.5473268e-20
-8.5361817e-07
1.6320368e-20
-9.0239635e-07
0
-9.5117361e-07
0
-9.9995271e-07
1.8897268e-20
-1.0487309e-06
-1.9771399e-20
-1.0975091e-06
-4.1246225e-20
-1.1462873e-06
0
-1.1950654e-06
1.7141223e-23
-1.2438436e-06
-1.78005e-23
-1.2926218e-06
0
-1.3414e-06
-4.985831e-20
-1.3901768e-06
5.157756e-20
-1.4389564e-06
-5.3296814e-20
-1.4877345e-06
0
-1.5365127e-06
-5.6691802e-20
-1.5852909e-06
-5.8454568e-20
-1.634069e-06
6.0127668e-20
-1.6828472e-06
0
-1.7316237e-06
0
-1.7804036e-06
6.5331576e-20
-1.8291818e-06
0
-1.87796e-06
-1.9267382e-06
-4.1204863e-26
-2.4095247e-08
-1.6481945e-25
-7.228574e-08
3.2235975e-22
-1.2047622e-07
0
-1.6866673e-07
0
-2.1685722e-07
1.289439e-21
-2.6504769e-07
-1.1537362e-24
-3.1323821e-07
0
-3.614287e-07
0
-4.0961919e-07
-4.29813e-21
-4.5780978e-07
4.724317e-21
-5.0600023e-07
-5.1538003e-21
-5.5419019e-07
-5.5832837e-21
-6.0238123e-07
6.0081521e-21
-6.5057172e-07
0
-6.9876222e-07
0
-7.4695272e-07
1.4602434e-20
-7.9514322e-07
-1.5473268e-20
-8.4333372e-07
-1.6332894e-20
-8.9152421e-07
0
-9.397138e-07
1.8052146e-20
-9.8790521e-07
0
-1.0360957e-06
1.9741072e-20
-1.0842862e-06
2.0631024e-20
-1.1324767e-06
-1.6481944e-23
-1.1806672e-06
2.2350276e-20
-1.2288577e-06
2.31921e-20
-1.2770482e-06
-2.4069528e-20
-1.3252387e-06
2.4890917e-20
-1.3734279e-06
0
-1.4216197e-06
-4.0875225e-23
-1.4698102e-06
0
-1.5180007e-06
-4.3512334e-23
-1.5661912e-06
5.8409737e-20
-1.6143817e-06
6.0127668e-20
-1.6625722e-06
6.1845604e-20
-1.710761e-06
-6.3612326e-20
-1.7589532e-06
0
-1.8071437e-06
0
-1.8553342e-06
-1.9035247e-06
-5.3726625e-23
-2.3801405e-08
-2.149065e-22
-7.1404216e-08
-3.2211252e-22
-1.1900701e-07
8.59626e-22
-1.6660984e-07
-1.0745325e-21
-2.1421265e-07
-1.2884501e-21
-2.6181543e-07
-1.1537362e-24
-3.0941827e-07
3.438504e-21
-3.5702108e-07
-3.868317e-21
-4.0462389e-07
4.2948336e-21
-4.5222679e-07
0
-4.9982956e-07
0
-5.4743184e-07
4.2853057e-24
-5.9503519e-07
1.8042916e-20
-6.4263801e-07
-1.2889445e-20
-6.9024082e-07
1.3754016e-20
-7.3784364e-07
0
-7.8544645e-07
0
-8.3304927e-07
1.2526278e-23
-8.8065208e-07
-1.3185556e-23
-9.28254e-07
-1.8038301e-20
-9.7585771e-07
-1.8911772e-20
-1.0234605e-06
1.9756235e-20
-1.0710634e-06
2.0615201e-20
-1.1186662e-06
0
-1.1662689e-06
0
-1.2138718e-06
-2.3209901e-20
-1.2614746e-06
-2.4069528e-20
-1.3090774e-06
-2.4948274e-20
-1.3566789e-06
-5.1557781e-20
-1.4042831e-06
-4.0875225e-23
-1.4518859e-06
5.5016064e-20
-1.4994887e-06
5.6691802e-20
-1.5470915e-06
0
-1.5946943e-06
6.0127668e-20
-1.6422971e-06
0
-1.6898983e-06
6.3612326e-20
-1.7375028e-06
6.5331576e-20
-1.7851056e-06
-6.705083e-20
-1.8327084e-06
-1.8803112e-06
-4.1204863e-26
-2.3507564e-08
-1.6481945e-25
-7.0522692e-08
-3.2211252e-22
-1.1753781e-07
0
-1.6455295e-07
0
-2.1156807e-07
-1.2884501e-21
-2.5858318e-07
-1.1537362e-24
-3.0559833e-07
0
-3.5261346e-07
-3.868317e-21
-3.9962859e-07
-3.296389e-24
-4.466438e-07
-4.727943e-21
-4.9365889e-07
-5.157756e-21
-5.406735e-07
1.1170853e-20
-5.8768915e-07
-6.017382e-21
-6.3470429e-07
-4.9445835e-24
-6.8171942e-07
0
-7.2873455e-07
-1.1207723e-23
-7.7574968e-07
0
-8.2276482e-07
1.6320368e-20
-8.6977995e-07
1.7179334e-20
-9.1679419e-07
3.6090447e-20
-9.6381021e-07
1.8897268e-20
-1.0108253e-06
1.9756235e-20
-1.0578405e-06
0
-1.1048556e-06
2.1490649e-20
-1.1518707e-06
0
-1.1988858e-06
-2.3209901e-20
-1.245901e-06
-2.4069528e-20
-1.2929161e-06
-3.8238114e-23
-1.33993e-06
-1.9778334e-23
-1.3869464e-06
-5.3296814e-20
-1.4339616e-06
0
-1.4809767e-06
0
-1.5279918e-06
-4.4830891e-23
-1.5750069e-06
6.0127668e-20
-1.622022e-06
6.1845604e-20
-1.6690356e-06
6.3612326e-20
-1.7160524e-06
0
-1.7630675e-06
0
-1.8100826e-06
-1.8570978e-06
-5.3726625e-23
-2.3213722e-08
-2.149065e-22
-6.9641167e-08
0
-1.160686e-07
6.5927781e-25
-1.6249606e-07
-1.0745325e-21
-2.089235e-07
0
-2.5535092e-07
-1.1537362e-24
-3.0177839e-07
2.6371112e-24
-3.4820584e-07
-3.868317e-21
-3.9463328e-07
4.2948336e-21
-4.4106081e-07
-4.724317e-21
-4.8748822e-07
0
-5.3391515e-07
5.587569e-21
-5.8034312e-07
2.4055683e-20
-6.2677057e-07
-6.447195e-21
-6.7319802e-07
1.0548445e-23
-7.1962547e-07
0
-7.6605292e-07
0
-8.1248036e-07
1.6332894e-20
-8.5890781e-07
-1.3185556e-23
-9.0533439e-07
0
-9.5176271e-07
-1.4504112e-23
-9.9819016e-07
3.9512471e-20
-1.0446176e-06
2.0615201e-20
-1.0910451e-06
0
-1.1374725e-06
-4.4666269e-20
-1.1838999e-06
-1.78005e-23
-1.2303274e-06
-2.4069528e-20
-1.2767548e-06
-3.8238114e-23
-1.3231811e-06
-2.578878e-20
-1.3696098e-06
-4.0875225e-23
-1.4160372e-06
4.219378e-23
-1.4624647e-06
0
-1.5088921e-06
0
-1.5553195e-06
0
-1.601747e-06
0
-1.6481728e-06
6.3612326e-20
-1.6946019e-06
6.5331576e-20
-1.7410294e-06
-6.705083e-20
-1.7874568e-06
-1.8338843e-06
-5.3726625e-23
-2.2919881e-08
-2.149065e-22
-6.8759643e-08
3.2235975e-22
-1.1459939e-07
0
-1.6043917e-07
0
-2.0627893e-07
1.289439e-21
-2.5211867e-07
-2.3074723e-24
-2.9795845e-07
0
-3.4379822e-07
0
-3.8963798e-07
-4.29813e-21
-4.3547782e-07
-4.727943e-21
-4.8131755e-07
0
-5.271568e-07
0
-5.7299708e-07
6.0081521e-21
-6.1883685e-07
1.2889445e-20
-6.6467661e-07
0
-7.1051638e-07
-1.4613642e-20
-7.5635615e-07
0
-8.0219591e-07
-1.6332894e-20
-8.4803568e-07
-1.3185556e-23
-8.9387458e-07
0
-9.3971521e-07
0
-9.8555498e-07
1.9756235e-20
-1.0313948e-06
2.0631024e-20
-1.0772345e-06
-2.1490649e-20
-1.1230743e-06
-2.2333135e-20
-1.168914e-06
-2.3209901e-20
-1.2147538e-06
2.4051068e-20
-1.2605936e-06
-2.4948274e-20
-1.3064321e-06
5.1557781e-20
-1.3522731e-06
-5.3255938e-20
-1.3981129e-06
0
-1.4439527e-06
-4.3512334e-23
-1.4897924e-06
-5.8454568e-20
-1.5356322e-06
6.0127668e-20
-1.5814719e-06
0
-1.6273101e-06
-6.3563539e-20
-1.6731515e-06
6.5281471e-20
-1.7189913e-06
0
-1.764831e-06
-1.8106708e-06
-4.1207789e-26
-2.2626019e-08
-1.6483116e-25
-6.7878056e-08
0
-1.1313008e-07
8.5902771e-22
-1.5838213e-07
0
-2.0363417e-07
0
-2.4888618e-07
-1.5056061e-21
-2.9413824e-07
3.4361108e-21
-3.3939028e-07
3.8656247e-21
-3.8464232e-07
-4.2984352e-21
-4.2989444e-07
0
-4.7514644e-07
1.0312288e-20
-5.2039798e-07
-5.5836801e-21
-5.6565052e-07
6.013194e-21
-6.1090257e-07
0
-6.5615461e-07
1.3744443e-20
-7.0140665e-07
-1.461468e-20
-7.4665869e-07
-1.1867843e-23
-7.9191073e-07
0
-8.3716278e-07
0
-8.8241396e-07
0
-9.2766686e-07
1.889861e-20
-9.729189e-07
-1.9772803e-20
-1.018171e-06
-2.0632489e-20
-1.063423e-06
1.6483115e-23
-1.108675e-06
-2.2334721e-20
-1.153927e-06
2.3193747e-20
-1.1991791e-06
-1.8461089e-23
-1.2444311e-06
-2.4950045e-20
-1.289682e-06
0
-1.3349353e-06
5.325972e-20
-1.3801873e-06
5.4977774e-20
-1.4254393e-06
0
-1.4706913e-06
-5.8458718e-20
-1.5159434e-06
6.0131938e-20
-1.5611954e-06
6.1849995e-20
-1.6064459e-06
0
-1.6516996e-06
0
-1.6969516e-06
-5.1427322e-23
-1.7422036e-06
-1.7874557e-06
-5.3726625e-23
-2.2332177e-08
-2.149065e-22
-6.6996532e-08
2.4722918e-25
-1.1166088e-07
8.59626e-22
-1.5632524e-07
0
-2.009896e-07
9.8891671e-25
-2.4565393e-07
-1.1537362e-24
-2.9031831e-07
3.438504e-21
-3.3498266e-07
-2.9667501e-24
-3.7964701e-07
-3.296389e-24
-4.2431145e-07
-9.4522599e-21
-4.6897577e-07
5.1538003e-21
-5.1363963e-07
-5.5832837e-21
-5.5830449e-07
6.0081521e-21
-6.0296885e-07
6.4422504e-21
-6.4763321e-07
1.3754016e-20
-6.9229756e-07
-1.4613642e-20
-7.3696192e-07
0
-7.8162628e-07
0
-8.2629064e-07
-1.719252e-20
-8.7095416e-07
0
-9.1561936e-07
1.8897268e-20
-9.6028372e-07
-1.9771399e-20
-1.0049481e-06
1.5822667e-23
-1.0496125e-06
-2.1490649e-20
-1.0942768e-06
-2.2333135e-20
-1.1389411e-06
2.31921e-20
-1.1836055e-06
-2.4069528e-20
-1.2282698e-06
-2.4929155e-20
-1.272933e-06
2.5769002e-20
-1.3175986e-06
-5.3296814e-20
-1.362263e-06
5.5016064e-20
-1.4069273e-06
-5.6735314e-20
-1.4515916e-06
-5.8454568e-20
-1.496256e-06
-4.6149445e-23
-1.5409204e-06
6.1845604e-20
-1.5855832e-06
0
-1.6302491e-06
0
-1.6749135e-06
-6.705083e-20
-1.7195778e-06
-1.7642422e-06
-5.3726625e-23
-2.2038336e-08
-2.149065e-22
-6.6115008e-08
3.2235975e-22
-1.1019167e-07
-8.5896672e-22
-1.5426835e-07
0
-1.9834502e-07
1.289439e-21
-2.4242167e-07
0
-2.8649837e-07
-3.4358669e-21
-3.3057504e-07
-3.868317e-21
-3.7465171e-07
-3.296389e-24
-4.1872846e-07
0
-4.628051e-07
1.0311556e-20
-5.0688128e-07
5.587569e-21
-5.5095845e-07
-4.6149446e-24
-5.9503513e-07
-1.2889445e-20
-6.391118e-07
-1.3743468e-20
-6.8318848e-07
1.4602434e-20
-7.2726516e-07
0
-7.7134183e-07
0
-8.1541851e-07
-1.3185556e-23
-8.5949435e-07
0
-9.0357186e-07
0
-9.4764854e-07
1.9741072e-20
-9.9172524e-07
-2.0631024e-20
-1.0358019e-06
2.1474167e-20
-1.0798785e-06
-4.4666269e-20
-1.1239552e-06
-2.3209901e-20
-1.1680319e-06
2.4051068e-20
-1.2121086e-06
2.4871798e-20
-1.2561841e-06
-5.1557781e-20
-1.300262e-06
0
-1.3443386e-06
-5.497387e-20
-1.3884153e-06
-4.3512334e-23
-1.4324919e-06
5.8409737e-20
-1.4765686e-06
-4.6149445e-23
-1.5206453e-06
6.1845604e-20
-1.5647205e-06
0
-1.6087987e-06
0
-1.6528754e-06
0
-1.6969521e-06
-1.7410287e-06
-5.3726625e-23
-2.1744495e-08
-2.149065e-22
-6.5233484e-08
3.2235975e-22
-1.0872246e-07
-8.59626e-22
-1.5221146e-07
1.0737084e-21
-1.9570045e-07
1.289439e-21
-2.3918942e-07
-1.1537362e-24
-2.8267843e-07
-3.438504e-21
-3.2616742e-07
0
-3.6965641e-07
-3.296389e-24
-4.1314548e-07
-4.727943e-21
-4.5663443e-07
0
-5.0012294e-07
-5.5832837e-21
-5.4361242e-07
0
-5.8710141e-07
0
-6.305904e-07
-1.3754016e-20
-6.7407939e-07
1.4602434e-20
-7.1756839e-07
0
-7.6105738e-07
0
-8.0454637e-07
-1.719252e-20
-8.4803455e-07
-1.8038301e-20
-8.9152436e-07
-1.8911772e-20
-9.3501335e-07
-1.516339e-23
-9.7850237e-07
2.0631024e-20
-1.0219914e-06
0
-1.0654803e-06
2.2333135e-20
-1.1089693e-06
-2.3209901e-20
-1.1524583e-06
-2.4069528e-20
-1.1959473e-06
-2.4948274e-20
-1.2394351e-06
0
-1.2829253e-06
-4.0875225e-23
-1.3264143e-06
-5.5016064e-20
-1.3699033e-06
5.6691802e-20
-1.4133923e-06
5.8409737e-20
-1.4568812e-06
-4.6149445e-23
-1.5003702e-06
-1.2373868e-19
-1.5438577e-06
0
-1.5873483e-06
-6.5281471e-20
-1.6308373e-06
-6.705083e-20
-1.6743263e-06
-1.7178153e-06
-4.1204863e-26
-2.1450653e-08
-1.6481945e-25
-6.4351959e-08
3.2235975e-22
-1.0725326e-07
0
-1.5015457e-07
-1.0745325e-21
-1.9305588e-07
1.289439e-21
-2.3595716e-07
-1.1537362e-24
-2.7885849e-07
0
-3.217598e-07
-3.868317e-21
-3.646611e-07
0
-4.0756249e-07
0
-4.5046376e-07
0
-4.9336459e-07
0
-5.3626638e-07
-4.6149446e-24
-5.7916769e-07
-6.4422504e-21
-6.22069e-07
0
-6.6497031e-07
1.4602434e-20
-7.0787162e-07
0
-7.5077293e-07
-1.6320368e-20
-7.9367424e-07
-1.719252e-20
-8.3657474e-07
1.3844834e-23
-8.7947686e-07
1.8897268e-20
-9.2237817e-07
-1.9771399e-20
-9.6527951e-07
-2.0615201e-20
-1.0081808e-06
0
-1.0510821e-06
0
-1.0939834e-06
0
-1.1368847e-06
-1.8459779e-23
-1.179786e-06
-1.9119057e-23
-1.2226862e-06
-2.5769002e-20
-1.2655887e-06
0
-1.30849e-06
0
-1.3513913e-06
0
-1.3942926e-06
5.8409737e-20
-1.4371939e-06
-6.0173818e-20
-1.4800952e-06
6.1845604e-20
-1.522995e-06
6.3612326e-20
-1.5658979e-06
-6.5331576e-20
-1.6087992e-06
0
-1.6517005e-06
-1.6946018e-06
-5.3726625e-23
-2.1156812e-08
-2.149065e-22
-6.3470435e-08
-3.2211252e-22
-1.0578405e-07
8.59626e-22
-1.4809768e-07
-1.0745325e-21
-1.904113e-07
-1.2884501e-21
-2.3272491e-07
-1.1537362e-24
-2.7503855e-07
3.438504e-21
-3.1735217e-07
-3.868317e-21
-3.596658e-07
4.2948336e-21
-4.019795e-07
0
-4.4429309e-07
0
-4.8660624e-07
4.2853057e-24
-5.2892034e-07
6.0081521e-21
-5.7123397e-07
-1.2889445e-20
-6.135476e-07
1.3754016e-20
-6.5586123e-07
0
-6.9817485e-07
0
-7.4048848e-07
-3.2653262e-20
-7.8280211e-07
-1.3185556e-23
-8.2511493e-07
1.3844834e-23
-8.6742936e-07
-1.8911772e-20
-9.0974299e-07
1.9756235e-20
-9.5205664e-07
2.0615201e-20
-9.9437027e-07
0
-1.0366838e-06
0
-1.0789975e-06
-2.3209901e-20
-1.1213111e-06
-2.4069528e-20
-1.1636247e-06
-2.4948274e-20
-1.2059372e-06
-5.1557781e-20
-1.248252e-06
-4.0875225e-23
-1.2905657e-06
5.5016064e-20
-1.3328793e-06
5.6691802e-20
-1.3751929e-06
0
-1.4175065e-06
6.0127668e-20
-1.4598201e-06
0
-1.5021323e-06
0
-1.5444474e-06
0
-1.5867611e-06
-6.705083e-20
-1.6290747e-06
-1.6713883e-06
0
-2.086297e-08
0
-6.2588911e-08
-3.2211252e-22
-1.0431484e-07
8.59626e-22
-1.4604079e-07
-1.0745325e-21
-1.8776673e-07
-1.2884501e-21
-2.2949265e-07
-1.1537362e-24
-2.7121861e-07
3.438504e-21
-3.1294455e-07
-2.9667501e-24
-3.5467049e-07
4.2948336e-21
-3.9639651e-07
4.724317e-21
-4.3812242e-07
5.157756e-21
-4.798479e-07
-5.5832837e-21
-5.2157431e-07
-6.017382e-21
-5.6330025e-07
-4.9445835e-24
-6.050262e-07
1.3754016e-20
-6.4675214e-07
-1.1207723e-23
-6.8847808e-07
-1.5473268e-20
-7.3020403e-07
0
-7.7192997e-07
-1.3185556e-23
-8.1365513e-07
0
-8.5538186e-07
-1.8911772e-20
-8.9710781e-07
1.9756235e-20
-9.3883378e-07
2.0615201e-20
-9.8055972e-07
-2.1490649e-20
-1.0222856e-06
-2.2333135e-20
-1.0640116e-06
2.31921e-20
-1.1057375e-06
0
-1.1474635e-06
2.4890917e-20
-1.1891883e-06
-1.9778334e-23
-1.2309154e-06
0
-1.2726413e-06
5.5016064e-20
-1.3143673e-06
0
-1.3560932e-06
-4.4830891e-23
-1.3978191e-06
-6.0173818e-20
-1.4395451e-06
0
-1.4812696e-06
-6.3563539e-20
-1.522997e-06
6.5281471e-20
-1.5647229e-06
6.6999406e-20
-1.6064489e-06
-1.6481748e-06
-4.1207789e-26
-2.0569108e-08
-1.6483116e-25
-6.1707324e-08
0
-1.0284553e-07
8.5902771e-22
-1.4398376e-07
0
-1.8512197e-07
0
-2.2626017e-07
-1.5056061e-21
-2.673984e-07
3.4361108e-21
-3.0853662e-07
3.8656247e-21
-3.4967484e-07
-4.2984352e-21
-3.9081313e-07
0
-4.3195131e-07
1.0312288e-20
-4.7308907e-07
-5.5836801e-21
-5.1422775e-07
6.013194e-21
-5.5536597e-07
0
-5.9650419e-07
1.3744443e-20
-6.3764241e-07
-1.461468e-20
-6.7878063e-07
-1.1867843e-23
-7.1991885e-07
0
-7.6105707e-07
0
-8.0219451e-07
0
-8.4333351e-07
1.889861e-20
-8.8447173e-07
-1.9772803e-20
-9.2560997e-07
-2.0632489e-20
-9.6674819e-07
1.6483115e-23
-1.0078864e-06
-2.2334721e-20
-1.0490246e-06
2.3193747e-20
-1.0901628e-06
-1.8461089e-23
-1.131301e-06
-2.4950045e-20
-1.1724382e-06
0
-1.2135775e-06
5.325972e-20
-1.2547157e-06
5.4977774e-20
-1.295854e-06
0
-1.3369921e-06
-5.8458718e-20
-1.3781303e-06
6.0131938e-20
-1.4192686e-06
6.1849995e-20
-1.4604054e-06
0
-1.501545e-06
0
-1.5426833e-06
-5.1427322e-23
-1.5838215e-06
-1.6249597e-06
5.368542e-23
-2.0275267e-08
2.1474168e-22
-6.08258e-08
2.4722918e-25
-1.0137632e-07
0
-1.4192687e-07
0
-1.824774e-07
9.8891671e-25
-2.2302791e-07
-1.5054992e-21
-2.6357847e-07
0
-3.04129e-07
-2.9667501e-24
-3.4467953e-07
4.2948336e-21
-3.8523014e-07
-4.727943e-21
-4.2578064e-07
-5.1538003e-21
-4.6633072e-07
-5.5832837e-21
-5.0688171e-07
-6.0219969e-21
-5.4743225e-07
-6.447195e-21
-5.8798279e-07
0
-6.2853332e-07
1.4602434e-20
-6.6908386e-07
0
-7.096344e-07
0
-7.5018493e-07
1.7179334e-20
-7.907347e-07
0
-8.3128601e-07
0
-8.7183655e-07
1.9756235e-20
-9.1238711e-07
-2.0615201e-20
-9.5293764e-07
-2.1490649e-20
-9.9348813e-07
0
-1.0340387e-06
0
-1.0745892e-06
0
-1.1151397e-06
-1.9119057e-23
-1.1556892e-06
-2.578878e-20
-1.1962409e-06
0
-1.2367914e-06
0
-1.2773419e-06
0
-1.3178924e-06
5.8409737e-20
-1.358443e-06
-4.6149445e-23
-1.3989935e-06
0
-1.4395426e-06
0
-1.4800946e-06
6.5281471e-20
-1.5206452e-06
0
-1.5611957e-06
-1.6017462e-06
-5.3726625e-23
-1.9981425e-08
-2.149065e-22
-5.9944275e-08
2.4722918e-25
-9.9907116e-08
8.59626e-22
-1.3986998e-07
0
-1.7983283e-07
9.8891671e-25
-2.1979566e-07
-1.1537362e-24
-2.5975853e-07
3.438504e-21
-2.9972138e-07
-2.9667501e-24
-3.3968423e-07
-3.296389e-24
-3.7964715e-07
-9.4522599e-21
-4.1960997e-07
5.1538003e-21
-4.5957238e-07
-5.5832837e-21
-4.9953568e-07
6.0081521e-21
-5.3949853e-07
6.4422504e-21
-5.7946138e-07
1.3754016e-20
-6.1942424e-07
-1.4613642e-20
-6.5938709e-07
0
-6.9934995e-07
0
-7.393128e-07
-1.719252e-20
-7.792749e-07
0
-8.1923851e-07
1.8897268e-20
-8.5920136e-07
-1.9771399e-20
-8.9916424e-07
1.5822667e-23
-9.3912709e-07
-2.1490649e-20
-9.790899e-07
-2.2333135e-20
-1.0190528e-06
2.31921e-20
-1.0590156e-06
-2.4069528e-20
-1.0989785e-06
-2.4929155e-20
-1.1389403e-06
2.5769002e-20
-1.1789042e-06
-5.3296814e-20
-1.2188671e-06
5.5016064e-20
-1.2588299e-06
-5.6735314e-20
-1.2987927e-06
-5.8454568e-20
-1.3387556e-06
-4.6149445e-23
-1.3787184e-06
6.1845604e-20
-1.4186799e-06
0
-1.4586442e-06
0
-1.4986071e-06
-6.705083e-20
-1.5385699e-06
-1.5785328e-06
-4.1204863e-26
-1.9687584e-08
-1.6481945e-25
-5.9062751e-08
3.2235975e-22
-9.8437909e-08
0
-1.3781309e-07
-1.0745325e-21
-1.7718825e-07
1.289439e-21
-2.165634e-07
-1.1537362e-24
-2.5593859e-07
0
-2.9531376e-07
-3.868317e-21
-3.3468892e-07
0
-3.7406416e-07
0
-4.134393e-07
0
-4.5281403e-07
0
-4.9218964e-07
-4.6149446e-24
-5.3156481e-07
-6.4422504e-21
-5.7093998e-07
0
-6.1031515e-07
1.4602434e-20
-6.4969033e-07
0
-6.890655e-07
-1.6320368e-20
-7.2844067e-07
-1.719252e-20
-7.6781509e-07
1.8052146e-20
-8.0719101e-07
1.8897268e-20
-8.4656618e-07
-1.9771399e-20
-8.8594137e-07
-2.0615201e-20
-9.2531655e-07
0
-9.6469167e-07
0
-1.0040668e-06
0
-1.043442e-06
-2.4069528e-20
-1.0828172e-06
-1.9119057e-23
-1.1221913e-06
-2.5769002e-20
-1.1615676e-06
0
-1.2009427e-06
0
-1.2403179e-06
0
-1.279693e-06
5.8409737e-20
-1.3190682e-06
-6.0173818e-20
-1.3584434e-06
6.1845604e-20
-1.3978172e-06
6.3612326e-20
-1.4371938e-06
-6.5331576e-20
-1.4765689e-06
0
-1.5159441e-06
-1.5553193e-06
-5.3726625e-23
-1.9393742e-08
-2.149065e-22
-5.8181227e-08
3.2235975e-22
-9.6968702e-08
-8.59626e-22
-1.357562e-07
1.0737084e-21
-1.7454368e-07
1.289439e-21
-2.1333114e-07
-1.1537362e-24
-2.5211865e-07
-3.438504e-21
-2.9090613e-07
0
-3.2969362e-07
-3.296389e-24
-3.6848117e-07
-4.727943e-21
-4.0726863e-07
0
-4.4605568e-07
-5.5832837e-21
-4.848436e-07
0
-5.2363109e-07
0
-5.6241858e-07
-1.3754016e-20
-6.0120607e-07
1.4602434e-20
-6.3999356e-07
0
-6.7878105e-07
0
-7.1756853e-07
-1.719252e-20
-7.5635529e-07
-1.8038301e-20
-7.9514351e-07
-1.8911772e-20
-8.33931e-07
-1.516339e-23
-8.7271851e-07
2.0631024e-20
-9.11506e-07
0
-9.5029344e-07
2.2333135e-20
-9.8908093e-07
-2.3209901e-20
-1.0278684e-06
-2.4069528e-20
-1.0666559e-06
-2.4948274e-20
-1.1054424e-06
0
-1.1442309e-06
-4.0875225e-23
-1.1830184e-06
-5.5016064e-20
-1.2218059e-06
5.6691802e-20
-1.2605933e-06
5.8409737e-20
-1.2993808e-06
-4.6149445e-23
-1.3381683e-06
-1.2373868e-19
-1.3769545e-06
0
-1.4157433e-06
-6.5281471e-20
-1.4545308e-06
-6.705083e-20
-1.4933183e-06
-1.5321058e-06
5.368542e-23
-1.9099901e-08
2.1474168e-22
-5.7299703e-08
3.2235975e-22
-9.5499495e-08
0
-1.3369931e-07
-1.0745325e-21
-1.7189911e-07
1.289439e-21
-2.1009889e-07
1.5031918e-21
-2.4829871e-07
0
-2.8649851e-07
-3.868317e-21
-3.2469831e-07
-4.29813e-21
-3.6289819e-07
0
-4.0109796e-07
0
-4.3929734e-07
5.587569e-21
-4.7749757e-07
6.012767e-21
-5.1569737e-07
4.9445835e-24
-5.5389718e-07
0
-5.9209698e-07
-1.1207723e-23
-6.3029679e-07
-1.5473268e-20
-6.684966e-07
-3.2653262e-20
-7.066964e-07
-1.719252e-20
-7.4489548e-07
-1.8038301e-20
-7.8309601e-07
1.8897268e-20
-8.2129582e-07
-1.9771399e-20
-8.5949564e-07
-2.0615201e-20
-8.9769545e-07
-2.1490649e-20
-9.3589521e-07
0
-9.7409502e-07
2.3209901e-20
-1.0122948e-06
4.8120596e-20
-1.0504946e-06
-2.4948274e-20
-1.0886934e-06
1.9778334e-23
-1.1268943e-06
0
-1.1650941e-06
0
-1.2032939e-06
0
-1.2414937e-06
-4.4830891e-23
-1.2796935e-06
-6.0173818e-20
-1.3178933e-06
6.1845604e-20
-1.3560918e-06
0
-1.3942929e-06
0
-1.4324927e-06
0
-1.4706925e-06
-1.5088923e-06
-4.1207789e-26
-1.8806039e-08
-1.6483116e-25
-5.6418116e-08
0
-9.4030184e-08
8.5968704e-22
-1.3164227e-07
-1.0746088e-21
-1.6925435e-07
0
-2.068664e-07
1.5021447e-21
-2.444785e-07
3.4387481e-21
-2.8209058e-07
-2.9669608e-24
-3.1970266e-07
0
-3.573148e-07
4.7246524e-21
-3.9492685e-07
0
-4.3253851e-07
4.28561e-24
-4.7015101e-07
-6.0178093e-21
-5.0776309e-07
0
-5.4537517e-07
1.3754993e-20
-5.8298725e-07
1.4603471e-20
-6.2059933e-07
1.5462499e-20
-6.5821141e-07
0
-6.958235e-07
1.7180554e-20
-7.3343486e-07
1.8053428e-20
-7.7104766e-07
1.8913115e-20
-8.0865974e-07
-1.9772803e-20
-8.4627184e-07
2.0632489e-20
-8.8388392e-07
0
-9.2149596e-07
2.2351863e-20
-9.5910804e-07
-2.3193747e-20
-9.9672012e-07
-3.6922179e-23
-1.0343322e-06
-1.9120415e-23
-1.0719433e-06
0
-1.1095564e-06
-5.3300598e-20
-1.1471685e-06
5.501997e-20
-1.1847806e-06
0
-1.2223926e-06
5.8413884e-20
-1.2600047e-06
0
-1.2976168e-06
0
-1.3352276e-06
0
-1.372841e-06
0
-1.4104531e-06
-6.7055591e-20
-1.4480651e-06
-1.4856772e-06
-5.3726625e-23
-1.8512197e-08
-2.149065e-22
-5.5536591e-08
0
-9.2560977e-08
-8.5896672e-22
-1.2958538e-07
0
-1.6660977e-07
0
-2.0363415e-07
-1.5054992e-21
-2.4065856e-07
-3.4358669e-21
-2.7768296e-07
-3.868317e-21
-3.1470735e-07
-3.296389e-24
-3.5173181e-07
-4.724317e-21
-3.8875618e-07
5.157756e-21
-4.2578016e-07
0
-4.6280497e-07
6.0035371e-21
-4.9982937e-07
0
-5.3685377e-07
-1.3743468e-20
-5.7387817e-07
-1.1207723e-23
-6.1090257e-07
0
-6.4792696e-07
-1.6332894e-20
-6.8495136e-07
-1.3185556e-23
-7.2197506e-07
1.8052146e-20
-7.5900016e-07
1.8897268e-20
-7.9602456e-07
1.9756235e-20
-8.3304897e-07
2.0615201e-20
-8.7007337e-07
0
-9.0709773e-07
2.2350276e-20
-9.4412213e-07
-1.78005e-23
-9.8114652e-07
-2.4069528e-20
-1.0181709e-06
2.4890917e-20
-1.0551943e-06
0
-1.0922198e-06
5.3255938e-20
-1.1292442e-06
-5.497387e-20
-1.1662686e-06
0
-1.2032929e-06
-4.4830891e-23
-1.2403173e-06
-6.0173818e-20
-1.2773417e-06
0
-1.3143648e-06
0
-1.3513905e-06
0
-1.3884149e-06
0
-1.4254393e-06
-1.4624637e-06
-5.3726625e-23
-1.8218356e-08
-2.149065e-22
-5.4655067e-08
2.4722918e-25
-9.109177e-08
-8.59626e-22
-1.2752849e-07
0
-1.639652e-07
9.8891671e-25
-2.0040189e-07
-1.1537362e-24
-2.3683862e-07
-3.438504e-21
-2.7327534e-07
-2.9667501e-24
-3.0971205e-07
4.2948336e-21
-3.4614883e-07
-4.727943e-21
-3.8258551e-07
0
-4.1902182e-07
0
-4.5545894e-07
6.0081521e-21
-4.9189565e-07
0
-5.2833237e-07
-1.3754016e-20
-5.6476908e-07
-1.1207723e-23
-6.012058e-07
0
-6.3764251e-07
0
-6.7407923e-07
1.7179334e-20
-7.1051525e-07
0
-7.4695266e-07
0
-7.8338937e-07
-1.516339e-23
-8.1982611e-07
-2.0615201e-20
-8.5626282e-07
-1.6481944e-23
-8.926995e-07
1.7141223e-23
-9.2913621e-07
2.3209901e-20
-9.6557293e-07
-2.4069528e-20
-1.0020096e-06
-2.4948274e-20
-1.0384454e-06
0
-1.0748831e-06
0
-1.1113198e-06
-5.5016064e-20
-1.1477565e-06
0
-1.1841932e-06
-4.4830891e-23
-1.2206299e-06
-6.0173818e-20
-1.2570666e-06
0
-1.2935021e-06
0
-1.3299401e-06
6.5281471e-20
-1.3663768e-06
-6.705083e-20
-1.4028135e-06
-1.4392503e-06
-5.3726625e-23
-1.7924514e-08
-2.149065e-22
-5.3773543e-08
0
-8.9622563e-08
0
-1.254716e-07
0
-1.6132063e-07
0
-1.9716964e-07
-1.5054992e-21
-2.3301869e-07
0
-2.6886771e-07
0
-3.0471674e-07
-4.29813e-21
-3.4056584e-07
9.4522599e-21
-3.7641484e-07
-5.1538003e-21
-4.1226347e-07
4.2853057e-24
-4.481129e-07
-6.017382e-21
-4.8396193e-07
-6.4422504e-21
-5.1981097e-07
0
-5.5566e-07
0
-5.9150903e-07
1.5461401e-20
-6.2735806e-07
-1.6320368e-20
-6.6320709e-07
-1.719252e-20
-6.9905545e-07
0
-7.3490516e-07
-1.8911772e-20
-7.7075419e-07
1.9756235e-20
-8.0660324e-07
0
-8.4245228e-07
0
-8.7830127e-07
-2.2315993e-20
-9.141503e-07
0
-9.4999933e-07
-4.8139056e-20
-9.8584836e-07
-1.9119057e-23
-1.0216964e-06
-2.5769002e-20
-1.0575465e-06
1.0655275e-19
-1.0933955e-06
0
-1.1292445e-06
0
-1.1650935e-06
0
-1.2009426e-06
0
-1.2367916e-06
-6.1845604e-20
-1.2726394e-06
0
-1.3084897e-06
0
-1.3443387e-06
-5.142367e-23
-1.3801878e-06
-1.4160368e-06
-4.1204863e-26
-1.7630673e-08
-1.6481945e-25
-5.2892019e-08
3.2235975e-22
-8.8153356e-08
0
-1.2341471e-07
0
-1.5867606e-07
1.289439e-21
-1.9393738e-07
-1.1537362e-24
-2.2919875e-07
0
-2.6446009e-07
0
-2.9972144e-07
-4.29813e-21
-3.3498285e-07
4.724317e-21
-3.7024417e-07
-5.1538003e-21
-4.0550512e-07
-5.5832837e-21
-4.4076687e-07
6.0081521e-21
-4.7602821e-07
0
-5.1128956e-07
0
-5.4655091e-07
1.4602434e-20
-5.8181226e-07
-1.5473268e-20
-6.1707361e-07
-1.6332894e-20
-6.5233496e-07
0
-6.8759564e-07
1.8052146e-20
-7.2285766e-07
0
-7.5811901e-07
1.9741072e-20
-7.9338038e-07
2.0631024e-20
-8.2864173e-07
-1.6481944e-23
-8.6390304e-07
2.2350276e-20
-8.9916439e-07
2.31921e-20
-9.3442574e-07
-2.4069528e-20
-9.6968708e-07
2.4890917e-20
-1.0049475e-06
0
-1.0402098e-06
-4.0875225e-23
-1.0754712e-06
0
-1.1107325e-06
-4.3512334e-23
-1.1459938e-06
5.8409737e-20
-1.1812552e-06
6.0127668e-20
-1.2165165e-06
6.1845604e-20
-1.2517767e-06
-6.3612326e-20
-1.2870393e-06
0
-1.3223006e-06
0
-1.357562e-06
-1.3928233e-06
-4.1204863e-26
-1.7336831e-08
-1.6481945e-25
-5.2010494e-08
3.2235975e-22
-8.6684149e-08
0
-1.2135782e-07
0
-1.5603148e-07
1.289439e-21
-1.9070513e-07
-1.1537362e-24
-2.2537881e-07
0
-2.6005247e-07
0
-2.9472614e-07
-4.29813e-21
-3.2939986e-07
4.724317e-21
-3.640735e-07
-5.1538003e-21
-3.9874678e-07
-5.5832837e-21
-4.3342083e-07
6.0081521e-21
-4.680945e-07
0
-5.0276816e-07
0
-5.3744183e-07
1.4602434e-20
-5.7211549e-07
-1.5473268e-20
-6.0678916e-07
-1.6332894e-20
-6.4146283e-07
0
-6.7613584e-07
1.8052146e-20
-7.1081016e-07
0
-7.4548383e-07
1.9741072e-20
-7.8015751e-07
2.0631024e-20
-8.1483118e-07
-1.6481944e-23
-8.4950481e-07
2.2350276e-20
-8.8417847e-07
2.31921e-20
-9.1885214e-07
-2.4069528e-20
-9.5352581e-07
2.4890917e-20
-9.8819855e-07
0
-1.0228732e-06
-4.0875225e-23
-1.0575468e-06
0
-1.0922205e-06
-4.3512334e-23
-1.1268941e-06
5.8409737e-20
-1.1615678e-06
6.0127668e-20
-1.1962415e-06
6.1845604e-20
-1.2309139e-06
-6.3612326e-20
-1.2655888e-06
0
-1.3002625e-06
0
-1.3349362e-06
-1.3696098e-06
-5.3726625e-23
-1.704299e-08
-2.149065e-22
-5.112897e-08
0
-8.5214942e-08
0
-1.1930093e-07
0
-1.5338691e-07
0
-1.8747287e-07
-1.5054992e-21
-2.2155887e-07
0
-2.5564485e-07
-2.9667501e-24
-2.8973083e-07
-4.29813e-21
-3.2381687e-07
9.4522599e-21
-3.5790283e-07
-5.1538003e-21
-3.9198843e-07
5.5918543e-21
-4.2607479e-07
-6.017382e-21
-4.6016078e-07
-6.4422504e-21
-4.9424676e-07
0
-5.2833274e-07
0
-5.6241873e-07
-1.1867001e-23
-5.9650471e-07
-1.6320368e-20
-6.3059069e-07
-1.719252e-20
-6.6467603e-07
0
-6.9876266e-07
-1.8911772e-20
-7.3284864e-07
0
-7.6693465e-07
0
-8.0102063e-07
2.1474167e-20
-8.3510658e-07
1.7141223e-23
-8.6919256e-07
0
-9.0327854e-07
-4.8139056e-20
-9.3736453e-07
-1.9119057e-23
-9.714496e-07
-2.5769002e-20
-1.0055365e-06
1.0655275e-19
-1.0396225e-06
0
-1.0737085e-06
0
-1.1077944e-06
0
-1.1418804e-06
0
-1.1759664e-06
-6.1893072e-20
-1.2100512e-06
0
-1.2441384e-06
0
-1.2782244e-06
6.6999406e-20
-1.3123104e-06
-1.3463964e-06
-5.373044e-23
-1.6749128e-08
-2.1492176e-22
-5.0247383e-08
3.2238264e-22
-8.3745631e-08
8.5902771e-22
-1.1724389e-07
0
-1.5074215e-07
1.2895306e-21
-1.8424039e-07
-1.1538181e-24
-2.1773866e-07
3.4361108e-21
-2.5123692e-07
3.8656247e-21
-2.8473517e-07
-3.2966231e-24
-3.1823349e-07
-4.7282787e-21
-3.5173172e-07
0
-3.852296e-07
4.28561e-24
-4.1872824e-07
-4.6152723e-24
-4.5222649e-07
-4.9449347e-24
-4.8572475e-07
1.3744443e-20
-5.1922301e-07
0
-5.5272127e-07
-1.5474367e-20
-5.8621953e-07
0
-6.1971779e-07
1.7180554e-20
-6.5321541e-07
-1.8039582e-20
-6.8671431e-07
-1.8913115e-20
-7.2021256e-07
-1.5164467e-23
-7.5371084e-07
0
-7.872091e-07
0
-8.2070732e-07
-2.2334721e-20
-8.5420558e-07
-2.3211549e-20
-8.8770384e-07
2.4052776e-20
-9.212021e-07
-3.8240829e-23
-9.5469947e-07
-1.9779739e-23
-9.8819865e-07
-5.3300598e-20
-1.0216969e-06
5.4977774e-20
-1.0551952e-06
0
-1.0886934e-06
0
-1.1221917e-06
-4.6152722e-23
-1.1556899e-06
0
-1.189187e-06
0
-1.2226865e-06
0
-1.2561847e-06
-5.1427322e-23
-1.289683e-06
-1.3231812e-06
-5.3726625e-23
-1.6455286e-08
-2.149065e-22
-4.9365859e-08
0
-8.2276424e-08
-8.5896672e-22
-1.15187e-07
0
-1.4809758e-07
0
-1.8100813e-07
-3.008691e-21
-2.1391872e-07
-3.4358669e-21
-2.468293e-07
3.8653502e-21
-2.7973987e-07
-3.296389e-24
-3.126505e-07
-4.727943e-21
-3.4556105e-07
0
-3.7847126e-07
0
-4.113822e-07
6.012767e-21
-4.4429278e-07
0
-4.7720335e-07
-1.3743468e-20
-5.1011393e-07
-1.1207723e-23
-5.430245e-07
1.5473268e-20
-5.7593508e-07
0
-6.0884565e-07
1.7179334e-20
-6.4175561e-07
-1.8038301e-20
-6.7466681e-07
-1.8897268e-20
-7.0757738e-07
-1.9771399e-20
-7.4048798e-07
0
-7.7339855e-07
2.1474167e-20
-8.0630909e-07
0
-8.3921967e-07
-2.31921e-20
-8.7213024e-07
2.4051068e-20
-9.0504082e-07
-2.4929155e-20
-9.3795052e-07
0
-9.7086201e-07
-5.3296814e-20
-1.0037726e-06
-5.497387e-20
-1.0366832e-06
0
-1.0695937e-06
-4.4830891e-23
-1.1025043e-06
-6.0173818e-20
-1.1354149e-06
0
-1.1683243e-06
-6.3563539e-20
-1.201236e-06
0
-1.2341466e-06
6.6999406e-20
-1.2670572e-06
-1.2999678e-06
-5.3726625e-23
-1.6161445e-08
-2.149065e-22
-4.8484335e-08
-3.2211252e-22
-8.0807217e-08
0
-1.1313011e-07
2.1482409e-21
-1.45453e-07
-1.2884501e-21
-1.7777588e-07
-1.5054992e-21
-2.1009878e-07
0
-2.4242167e-07
3.8653502e-21
-2.7474456e-07
-3.296389e-24
-3.0706751e-07
-3.6260279e-24
-3.3939038e-07
0
-3.7171291e-07
4.2853057e-24
-4.0403616e-07
-4.6149446e-24
-4.3635906e-07
6.447195e-21
-4.6868195e-07
0
-5.0100484e-07
-1.1207723e-23
-5.3332774e-07
0
-5.6565063e-07
1.6320368e-20
-5.9797352e-07
1.7179334e-20
-6.302958e-07
1.3844834e-23
-6.6261931e-07
0
-6.949422e-07
0
-7.2726511e-07
-2.0615201e-20
-7.59588e-07
2.1474167e-20
-7.9191086e-07
-2.2333135e-20
-8.2423375e-07
-1.78005e-23
-8.5655665e-07
-4.8139056e-20
-8.8887954e-07
-1.9119057e-23
-9.2120158e-07
2.578878e-20
-9.5352536e-07
0
-9.8584826e-07
0
-1.0181711e-06
5.6691802e-20
-1.050494e-06
-4.4830891e-23
-1.0828169e-06
0
-1.1151398e-06
-6.1893072e-20
-1.1474616e-06
0
-1.1797856e-06
0
-1.2121085e-06
0
-1.2444314e-06
-1.2767543e-06
5.368542e-23
-1.5867604e-08
2.1474168e-22
-4.7602811e-08
3.2235975e-22
-7.933801e-08
0
-1.1107322e-07
-1.0745325e-21
-1.4280843e-07
1.289439e-21
-1.7454362e-07
-1.5054992e-21
-2.0627885e-07
0
-2.3801405e-07
-3.868317e-21
-2.6974926e-07
-4.29813e-21
-3.0148453e-07
0
-3.3321971e-07
1.0315512e-20
-3.6495456e-07
5.587569e-21
-3.9669013e-07
-6.0219969e-21
-4.2842534e-07
4.9445835e-24
-4.6016055e-07
0
-4.9189576e-07
-1.1207723e-23
-5.2363097e-07
-1.5473268e-20
-5.5536618e-07
-3.2653262e-20
-5.8710139e-07
-1.719252e-20
-6.18836e-07
-1.8038301e-20
-6.5057181e-07
1.8897268e-20
-6.8230702e-07
0
-7.1404225e-07
-2.0615201e-20
-7.4577746e-07
-2.1490649e-20
-7.7751263e-07
0
-8.0924784e-07
-2.3209901e-20
-8.4098305e-07
2.4051068e-20
-8.7271826e-07
-2.4948274e-20
-9.0445263e-07
1.9778334e-23
-9.3618872e-07
5.3296814e-20
-9.6792393e-07
0
-9.9965914e-07
5.6735314e-20
-1.0313943e-06
-4.4830891e-23
-1.0631295e-06
-6.0173818e-20
-1.0948647e-06
6.1845604e-20
-1.1265988e-06
0
-1.1583352e-06
0
-1.1900704e-06
-6.705083e-20
-1.2218056e-06
-1.2535408e-06
-5.3726625e-23
-1.5573762e-08
-2.149065e-22
-4.6721286e-08
6.4447227e-22
-7.7868803e-08
-8.59626e-22
-1.0901633e-07
1.0737084e-21
-1.4016386e-07
2.5778891e-21
-1.7131137e-07
-1.1537362e-24
-2.0245891e-07
-3.438504e-21
-2.3360643e-07
3.8653502e-21
-2.6475396e-07
-3.296389e-24
-2.9590154e-07
-4.727943e-21
-3.2704904e-07
0
-3.5819622e-07
-5.5832837e-21
-3.8934409e-07
0
-4.2049162e-07
0
-4.5163915e-07
-1.3754016e-20
-4.8278667e-07
1.4602434e-20
-5.139342e-07
1.5461401e-20
-5.4508173e-07
0
-5.7622925e-07
-1.719252e-20
-6.0737619e-07
0
-6.3852431e-07
-1.8911772e-20
-6.6967184e-07
-1.516339e-23
-7.0081938e-07
2.0631024e-20
-7.3196691e-07
0
-7.631144e-07
0
-7.9426193e-07
-2.3209901e-20
-8.2540945e-07
-2.4069528e-20
-8.5655698e-07
-2.4948274e-20
-8.8770368e-07
0
-9.1885207e-07
-4.0875225e-23
-9.499996e-07
-5.5016064e-20
-9.8114713e-07
0
-1.0122946e-06
5.8409737e-20
-1.0434421e-06
-4.6149445e-23
-1.0745897e-06
-6.1893072e-20
-1.1057361e-06
0
-1.1368848e-06
-6.5281471e-20
-1.1680323e-06
-6.705083e-20
-1.1991798e-06
-1.2303273e-06
-4.1204863e-26
-1.5279921e-08
-1.6481945e-25
-4.5839762e-08
0
-7.6399596e-08
0
-1.0695944e-07
0
-1.3751929e-07
0
-1.6807911e-07
-1.5054992e-21
-1.9863897e-07
0
-2.2919881e-07
3.8653502e-21
-2.5975865e-07
-3.296389e-24
-2.9031855e-07
-4.727943e-21
-3.2087837e-07
-5.1538003e-21
-3.5143787e-07
5.5832837e-21
-3.8199805e-07
1.2025534e-20
-4.125579e-07
0
-4.4311774e-07
0
-4.7367759e-07
-1.4613642e-20
-5.0423743e-07
3.0934669e-20
-5.3479728e-07
0
-5.6535712e-07
3.4358669e-20
-5.9591639e-07
0
-6.2647681e-07
1.8897268e-20
-6.5703665e-07
-1.9771399e-20
-6.8759651e-07
0
-7.1815636e-07
2.1474167e-20
-7.4871617e-07
0
-7.7927601e-07
0
-8.0983586e-07
4.8102136e-20
-8.403957e-07
-1.9119057e-23
-8.7095474e-07
0
-9.0151543e-07
-5.3296814e-20
-9.3207527e-07
0
-9.6263511e-07
0
-9.9319492e-07
-5.8454568e-20
-1.0237548e-06
-6.0173818e-20
-1.0543146e-06
6.1845604e-20
-1.0848734e-06
0
-1.1154343e-06
-6.5281471e-20
-1.1459942e-06
0
-1.176554e-06
-1.2071139e-06
-4.1204863e-26
-1.4986079e-08
-1.6481945e-25
-4.4958238e-08
2.4722918e-25
-7.4930389e-08
-8.5896672e-22
-1.0490255e-07
1.0745325e-21
-1.3487471e-07
9.8891671e-25
-1.6484686e-07
-1.5054992e-21
-1.9481903e-07
-3.4358669e-21
-2.2479119e-07
-2.9667501e-24
-2.5476335e-07
4.2948336e-21
-2.8473556e-07
-4.727943e-21
-3.147077e-07
0
-3.4467952e-07
0
-3.7465202e-07
-6.0219969e-21
-4.0462418e-07
4.9445835e-24
-4.3459634e-07
-1.3743468e-20
-4.645685e-07
1.4602434e-20
-4.9454066e-07
-1.1867001e-23
-5.2451283e-07
1.6320368e-20
-5.5448499e-07
1.7179334e-20
-5.8445658e-07
-1.8038301e-20
-6.1442931e-07
-1.8911772e-20
-6.4440147e-07
-1.9771399e-20
-6.7437365e-07
2.0631024e-20
-7.0434581e-07
-2.1490649e-20
-7.3431794e-07
0
-7.642901e-07
2.3209901e-20
-7.9426226e-07
-2.4069528e-20
-8.2423442e-07
-2.4948274e-20
-8.5420579e-07
1.9778334e-23
-8.8417878e-07
5.3255938e-20
-9.1415094e-07
-5.497387e-20
-9.441231e-07
-5.6735314e-20
-9.7409523e-07
5.8409737e-20
-1.0040674e-06
0
-1.0340396e-06
-6.1893072e-20
-1.0640107e-06
0
-1.0939839e-06
0
-1.1239561e-06
0
-1.1539282e-06
-1.1839004e-06
-4.1207789e-26
-1.4692217e-08
-1.6483116e-25
-4.4076651e-08
0
-7.3461078e-08
8.5968704e-22
-1.0284552e-07
0
-1.3222995e-07
0
-1.6161437e-07
1.5021447e-21
-1.9099882e-07
3.4387481e-21
-2.2038325e-07
-3.8685917e-21
-2.4976769e-07
-4.2984352e-21
-2.7915218e-07
4.7246524e-21
-3.0853659e-07
0
-3.379207e-07
5.5879657e-21
-3.6730546e-07
6.0178093e-21
-3.966899e-07
0
-4.2607433e-07
1.3754993e-20
-4.5545877e-07
1.4603471e-20
-4.8484321e-07
-1.5474367e-20
-5.1422764e-07
0
-5.4361208e-07
1.7180554e-20
-5.7299596e-07
-1.8053428e-20
-6.0238096e-07
3.7797219e-20
-6.3176539e-07
-3.0328934e-23
-6.6114985e-07
0
-6.9053428e-07
2.1475692e-20
-7.1991869e-07
1.714244e-23
-7.4930312e-07
-2.3211549e-20
-7.7868756e-07
-4.8142474e-20
-8.08072e-07
-2.4930925e-20
-8.3745565e-07
0
-8.668409e-07
0
-8.9622534e-07
5.501997e-20
-9.2560978e-07
5.6739343e-20
-9.5499418e-07
5.8413884e-20
-9.8437862e-07
0
-1.0137631e-06
-6.1849995e-20
-1.0431465e-06
6.3568053e-20
-1.072532e-06
0
-1.1019164e-06
-6.7055591e-20
-1.1313008e-06
-1.1606853e-06
-5.3726625e-23
-1.4398376e-08
-2.149065e-22
-4.3195127e-08
2.4722918e-25
-7.1991871e-08
-8.59626e-22
-1.0078863e-07
0
-1.2958538e-07
9.8891671e-25
-1.5838212e-07
-1.1537362e-24
-1.8717888e-07
-3.438504e-21
-2.1597563e-07
3.8653502e-21
-2.4477238e-07
4.2948336e-21
-2.7356919e-07
-4.727943e-21
-3.0236592e-07
5.157756e-21
-3.3116235e-07
0
-3.5995942e-07
6.0081521e-21
-3.8875618e-07
0
-4.1755293e-07
-1.3754016e-20
-4.4634969e-07
-1.1207723e-23
-4.7514644e-07
0
-5.0394319e-07
0
-5.3273995e-07
1.7179334e-20
-5.6153616e-07
0
-5.9033346e-07
0
-6.1913021e-07
-1.516339e-23
-6.4792698e-07
-2.0615201e-20
-6.7672373e-07
-1.6481944e-23
-7.0552046e-07
1.7141223e-23
-7.3431721e-07
2.3209901e-20
-7.6311396e-07
-2.4069528e-20
-7.9191072e-07
-2.4948274e-20
-8.2070671e-07
0
-8.4950426e-07
0
-8.7830101e-07
-5.5016064e-20
-9.0709777e-07
0
-9.3589449e-07
-4.4830891e-23
-9.6469124e-07
-6.0173818e-20
-9.9348799e-07
6.1893072e-20
-1.0222838e-06
0
-1.0510815e-06
6.5281471e-20
-1.0798783e-06
-6.705083e-20
-1.108675e-06
-1.1374718e-06
0
-1.4104534e-08
0
-4.2313602e-08
-3.2211252e-22
-7.0522664e-08
8.59626e-22
-9.8731739e-08
-1.0745325e-21
-1.2694081e-07
-1.2884501e-21
-1.5514986e-07
-1.1537362e-24
-1.8335894e-07
3.438504e-21
-2.1156801e-07
-2.9667501e-24
-2.3977708e-07
4.2948336e-21
-2.679862e-07
4.724317e-21
-2.9619525e-07
5.157756e-21
-3.24404e-07
-5.5832837e-21
-3.5261339e-07
-6.017382e-21
-3.8082246e-07
-4.9445835e-24
-4.0903153e-07
1.3754016e-20
-4.372406e-07
-1.1207723e-23
-4.6544967e-07
-1.5473268e-20
-4.9365874e-07
-1.6320368e-20
-5.2186781e-07
-1.3185556e-23
-5.5007635e-07
0
-5.7828596e-07
-1.8911772e-20
-6.0649503e-07
1.9756235e-20
-6.3470411e-07
2.0615201e-20
-6.6291319e-07
-2.1490649e-20
-6.9112222e-07
-2.2333135e-20
-7.193313e-07
2.31921e-20
-7.4754037e-07
0
-7.7574944e-07
-2.4929155e-20
-8.0395776e-07
-1.9778334e-23
-8.3216761e-07
5.3255938e-20
-8.6037668e-07
5.5016064e-20
-8.8858575e-07
0
-9.1679479e-07
-4.4830891e-23
-9.4500386e-07
-6.0173818e-20
-9.7321294e-07
0
-1.001421e-06
-6.3563539e-20
-1.0296311e-06
6.5281471e-20
-1.0578402e-06
6.6999406e-20
-1.0860493e-06
-1.1142583e-06
-5.3726625e-23
-1.3810693e-08
-2.149065e-22
-4.1432078e-08
-3.2211252e-22
-6.9053457e-08
8.59626e-22
-9.6674849e-08
-1.0745325e-21
-1.2429623e-07
-1.2884501e-21
-1.5191761e-07
-1.1537362e-24
-1.7953901e-07
3.438504e-21
-2.0716039e-07
-3.868317e-21
-2.3478178e-07
4.2948336e-21
-2.6240321e-07
0
-2.9002458e-07
0
-3.1764566e-07
4.2853057e-24
-3.4526735e-07
1.8042916e-20
-3.7288874e-07
-1.2889445e-20
-4.0051013e-07
1.3754016e-20
-4.2813152e-07
0
-4.557529e-07
0
-4.8337429e-07
1.2526278e-23
-5.1099568e-07
-1.3185556e-23
-5.3861655e-07
-1.8038301e-20
-5.6623846e-07
-1.8911772e-20
-5.9385985e-07
1.9756235e-20
-6.2148125e-07
2.0615201e-20
-6.4910264e-07
0
-6.7672399e-07
0
-7.0434538e-07
-2.3209901e-20
-7.3196677e-07
-2.4069528e-20
-7.5958816e-07
-2.4948274e-20
-7.8720881e-07
-5.1557781e-20
-8.1483097e-07
-4.0875225e-23
-8.4245235e-07
5.5016064e-20
-8.7007374e-07
5.6691802e-20
-8.976951e-07
0
-9.2531649e-07
6.0127668e-20
-9.5293788e-07
0
-9.8055831e-07
6.3612326e-20
-1.0081807e-06
6.5331576e-20
-1.0358021e-06
-6.705083e-20
-1.0634235e-06
-1.0910448e-06
-4.1204863e-26
-1.3516851e-08
-1.6481945e-25
-4.0550554e-08
3.2235975e-22
-6.758425e-08
0
-9.4617959e-08
-1.0745325e-21
-1.2165166e-07
1.289439e-21
-1.4868535e-07
-1.1537362e-24
-1.7571907e-07
0
-2.0275277e-07
-3.868317e-21
-2.2978647e-07
0
-2.5682022e-07
0
-2.8385391e-07
0
-3.1088731e-07
0
-3.3792132e-07
-4.6149446e-24
-3.6495502e-07
-6.4422504e-21
-3.9198873e-07
0
-4.1902243e-07
1.4602434e-20
-4.4605614e-07
0
-4.7308984e-07
-1.6320368e-20
-5.0012355e-07
-1.719252e-20
-5.2715674e-07
1.3844834e-23
-5.5419096e-07
1.8897268e-20
-5.8122466e-07
-1.9771399e-20
-6.0825838e-07
-2.0615201e-20
-6.3529209e-07
0
-6.6232576e-07
0
-6.8935947e-07
0
-7.1639317e-07
-1.8459779e-23
-7.4342688e-07
-1.9119057e-23
-7.7045987e-07
-2.5769002e-20
-7.9749432e-07
0
-8.2452803e-07
0
-8.5156173e-07
0
-8.7859541e-07
5.8409737e-20
-9.0562911e-07
-6.0173818e-20
-9.3266282e-07
6.1845604e-20
-9.5969559e-07
6.3612326e-20
-9.8673026e-07
-6.5331576e-20
-1.013764e-06
0
-1.0407977e-06
-1.0678314e-06
-5.3726625e-23
-1.322301e-08
-2.149065e-22
-3.966903e-08
6.4447227e-22
-6.6115043e-08
-8.59626e-22
-9.2561069e-08
1.0737084e-21
-1.1900709e-07
2.5778891e-21
-1.4545309e-07
-1.1537362e-24
-1.7189913e-07
-3.438504e-21
-1.9834515e-07
3.8653502e-21
-2.2479117e-07
-3.296389e-24
-2.5123724e-07
-4.727943e-21
-2.7768323e-07
0
-3.0412896e-07
-5.5832837e-21
-3.3057528e-07
0
-3.570213e-07
0
-3.8346732e-07
-1.3754016e-20
-4.0991335e-07
1.4602434e-20
-4.3635937e-07
1.5461401e-20
-4.6280539e-07
0
-4.8925141e-07
-1.719252e-20
-5.1569694e-07
0
-5.4214346e-07
-1.8911772e-20
-5.6858948e-07
-1.516339e-23
-5.9503552e-07
2.0631024e-20
-6.2148154e-07
0
-6.4792753e-07
0
-6.7437356e-07
-2.3209901e-20
-7.0081958e-07
-2.4069528e-20
-7.272656e-07
-2.4948274e-20
-7.5371092e-07
0
-7.8015767e-07
-4.0875225e-23
-8.066037e-07
-5.5016064e-20
-8.3304972e-07
0
-8.5949571e-07
5.8409737e-20
-8.8594173e-07
-4.6149445e-23
-9.1238776e-07
-6.1893072e-20
-9.3883287e-07
0
-9.6527983e-07
-6.5281471e-20
-9.9172585e-07
-6.705083e-20
-1.0181719e-06
-1.0446179e-06
-5.3726625e-23
-1.2929168e-08
-2.149065e-22
-3.8787505e-08
3.2235975e-22
-6.4645836e-08
-8.5896672e-22
-9.0504179e-08
0
-1.1636252e-07
1.289439e-21
-1.4222084e-07
0
-1.6807919e-07
-3.4358669e-21
-1.9393753e-07
-2.9667501e-24
-2.1979586e-07
-3.296389e-24
-2.4565425e-07
0
-2.7151256e-07
1.0311556e-20
-2.9737062e-07
5.587569e-21
-3.2322924e-07
-4.6149446e-24
-3.4908758e-07
-1.2889445e-20
-3.7494592e-07
-1.3743468e-20
-4.0080426e-07
1.4602434e-20
-4.266626e-07
0
-4.5252094e-07
0
-4.7837928e-07
-1.3185556e-23
-5.0423713e-07
0
-5.3009596e-07
0
-5.559543e-07
1.9741072e-20
-5.8181265e-07
-2.0631024e-20
-6.0767099e-07
2.1474167e-20
-6.335293e-07
-2.2333135e-20
-6.5938764e-07
-2.3209901e-20
-6.8524598e-07
2.4051068e-20
-7.1110432e-07
2.4871798e-20
-7.3696197e-07
-5.1557781e-20
-7.6282103e-07
0
-7.8867937e-07
-5.497387e-20
-8.1453771e-07
-4.3512334e-23
-8.4039602e-07
5.8409737e-20
-8.6625436e-07
-4.6149445e-23
-8.921127e-07
6.1845604e-20
-9.1797015e-07
-6.3563539e-20
-9.438294e-07
0
-9.6968774e-07
0
-9.9554608e-07
-1.0214044e-06
-4.1207789e-26
-1.2635306e-08
-1.6483116e-25
-3.7905919e-08
3.2238264e-22
-6.3176525e-08
0
-8.8447143e-08
1.0737846e-21
-1.1371776e-07
1.2895306e-21
-1.3898835e-07
-1.5056061e-21
-1.6425898e-07
0
-1.8952959e-07
-3.8685917e-21
-2.1480021e-07
4.2951386e-21
-2.4007086e-07
4.7246524e-21
-2.6534146e-07
0
-2.9061179e-07
0
-3.1588269e-07
6.013194e-21
-3.411533e-07
-6.4476528e-21
-3.6642392e-07
0
-3.9169453e-07
-1.461468e-20
-4.1696514e-07
0
-4.4223576e-07
-1.6321527e-20
-4.6750637e-07
-1.3186492e-23
-4.9277651e-07
1.8053428e-20
-5.180476e-07
-1.4505142e-23
-5.4331822e-07
1.9757638e-20
-5.6858885e-07
-2.0616665e-20
-5.9385946e-07
-1.6483115e-23
-6.1913005e-07
0
-6.4440066e-07
2.3211549e-20
-6.6967128e-07
-1.8461089e-23
-6.9494189e-07
-3.8240829e-23
-7.2021184e-07
-2.5790611e-20
-7.4548315e-07
0
-7.7075377e-07
0
-7.9602438e-07
0
-8.2129497e-07
-5.8458718e-20
-8.4656558e-07
0
-8.718362e-07
0
-8.9710594e-07
0
-9.2237746e-07
0
-9.4764807e-07
6.7004163e-20
-9.7291869e-07
-9.981893e-07
-4.1204863e-26
-1.2341465e-08
-1.6481945e-25
-3.7024394e-08
-3.2211252e-22
-6.1707318e-08
0
-8.6390253e-08
0
-1.1107318e-07
-1.2884501e-21
-1.357561e-07
-1.1537362e-24
-1.6043904e-07
0
-1.8512197e-07
-3.868317e-21
-2.098049e-07
-3.296389e-24
-2.3448788e-07
-4.727943e-21
-2.5917079e-07
-5.157756e-21
-2.8385344e-07
1.1170853e-20
-3.0853665e-07
-6.017382e-21
-3.3321958e-07
-4.9445835e-24
-3.5790251e-07
0
-3.8258545e-07
-1.1207723e-23
-4.0726838e-07
0
-4.3195131e-07
1.6320368e-20
-4.5663424e-07
1.7179334e-20
-4.8131671e-07
3.6090447e-20
-5.060001e-07
1.8897268e-20
-5.3068304e-07
1.9756235e-20
-5.5536598e-07
0
-5.8004891e-07
2.1490649e-20
-6.0473182e-07
0
-6.2941475e-07
-2.3209901e-20
-6.5409768e-07
-2.4069528e-20
-6.7878061e-07
-3.8238114e-23
-7.0346289e-07
-1.9778334e-23
-7.2814651e-07
-5.3296814e-20
-7.5282944e-07
0
-7.7751237e-07
0
-8.0219527e-07
-4.4830891e-23
-8.2687821e-07
6.0127668e-20
-8.5156114e-07
6.1845604e-20
-8.7624322e-07
6.3612326e-20
-9.0092703e-07
0
-9.2560996e-07
0
-9.5029289e-07
-9.7497583e-07
-5.3726625e-23
-1.2047623e-08
-2.149065e-22
-3.614287e-08
3.2235975e-22
-6.0238111e-08
0
-8.4333364e-08
0
-1.0842861e-07
1.289439e-21
-1.3252384e-07
-2.3074723e-24
-1.566191e-07
0
-1.8071435e-07
0
-2.048096e-07
-4.29813e-21
-2.2890489e-07
-4.727943e-21
-2.5300012e-07
0
-2.770951e-07
0
-3.0119061e-07
-6.017382e-21
-3.2528586e-07
4.9445835e-24
-3.4938111e-07
0
-3.7347636e-07
-1.4613642e-20
-3.9757161e-07
0
-4.2166686e-07
-3.2653262e-20
-4.4576211e-07
-1.3185556e-23
-4.698569e-07
0
-4.9395261e-07
0
-5.1804785e-07
1.9756235e-20
-5.4214312e-07
2.0631024e-20
-5.6623837e-07
-2.1490649e-20
-5.9033359e-07
-2.2333135e-20
-6.1442884e-07
-2.3209901e-20
-6.3852409e-07
2.4051068e-20
-6.6261934e-07
2.4871798e-20
-6.8671395e-07
1.9778334e-23
-7.1080986e-07
-5.3255938e-20
-7.3490511e-07
0
-7.5900036e-07
-5.6735314e-20
-7.8309558e-07
-5.8454568e-20
-8.0719083e-07
6.0127668e-20
-8.3128608e-07
0
-8.553805e-07
0
-8.794766e-07
0
-9.0357185e-07
0
-9.276671e-07
-9.5176235e-07
-5.3726625e-23
-1.1753782e-08
-2.149065e-22
-3.5261346e-08
0
-5.8768904e-08
6.5927781e-25
-8.2276474e-08
-1.0745325e-21
-1.0578404e-07
0
-1.2929159e-07
-1.1537362e-24
-1.5279917e-07
2.6371112e-24
-1.7630673e-07
-3.868317e-21
-1.9981429e-07
4.2948336e-21
-2.233219e-07
-4.724317e-21
-2.4682944e-07
0
-2.7033675e-07
5.587569e-21
-2.9384458e-07
1.2020919e-20
-3.1735214e-07
-6.447195e-21
-3.4085971e-07
1.0548445e-23
-3.6436728e-07
1.4602434e-20
-3.8787484e-07
0
-4.1138241e-07
-1.6332894e-20
-4.3488997e-07
-1.3185556e-23
-4.583971e-07
1.8052146e-20
-4.8190511e-07
-1.4504112e-23
-5.0541267e-07
1.9756235e-20
-5.2892025e-07
2.0615201e-20
-5.5242782e-07
0
-5.7593536e-07
0
-5.9944292e-07
-1.78005e-23
-6.2295049e-07
-2.4069528e-20
-6.4645806e-07
-3.8238114e-23
-6.69965e-07
-2.578878e-20
-6.9347321e-07
-4.0875225e-23
-7.1698078e-07
4.219378e-23
-7.4048835e-07
0
-7.6399589e-07
5.8409737e-20
-7.8750345e-07
0
-8.1101102e-07
0
-8.3451778e-07
0
-8.5802618e-07
0
-8.8153374e-07
-6.705083e-20
-9.0504131e-07
-9.2854888e-07
-4.1204863e-26
-1.1459941e-08
-1.6481945e-25
-3.4379822e-08
-3.2211252e-22
-5.7299697e-08
0
-8.0219584e-08
0
-1.0313946e-07
-1.2884501e-21
-1.2605933e-07
-1.1537362e-24
-1.4897923e-07
0
-1.7189911e-07
-3.868317e-21
-1.9481899e-07
-3.296389e-24
-2.1773891e-07
-4.727943e-21
-2.4065877e-07
-5.157756e-21
-2.635784e-07
1.1170853e-20
-2.8649854e-07
-6.017382e-21
-3.0941842e-07
-4.9445835e-24
-3.3233831e-07
0
-3.5525819e-07
-1.1207723e-23
-3.7817807e-07
0
-4.0109796e-07
1.6320368e-20
-4.2401784e-07
1.7179334e-20
-4.4693729e-07
3.6090447e-20
-4.6985761e-07
1.8897268e-20
-4.9277749e-07
1.9756235e-20
-5.1569739e-07
0
-5.3861727e-07
2.1490649e-20
-5.6153713e-07
0
-5.8445701e-07
-2.3209901e-20
-6.0737689e-07
-2.4069528e-20
-6.3029678e-07
-3.8238114e-23
-6.5321605e-07
-1.9778334e-23
-6.7613657e-07
-5.3296814e-20
-6.9905645e-07
0
-7.2197634e-07
0
-7.4489619e-07
-4.4830891e-23
-7.6781608e-07
6.0127668e-20
-7.9073596e-07
6.1845604e-20
-8.1365505e-07
6.3612326e-20
-8.3657575e-07
0
-8.5949564e-07
0
-8.8241552e-07
-9.053354e-07
-5.3726625e-23
-1.1166099e-08
-2.149065e-22
-3.3498297e-08
-3.2211252e-22
-5.583049e-08
8.59626e-22
-7.8162694e-08
-1.0745325e-21
-1.0049489e-07
-1.2884501e-21
-1.2282708e-07
-1.1537362e-24
-1.4515929e-07
3.438504e-21
-1.6749149e-07
-3.868317e-21
-1.8982368e-07
4.2948336e-21
-2.1215592e-07
0
-2.344881e-07
0
-2.5682006e-07
4.2853057e-24
-2.791525e-07
1.8042916e-20
-3.014847e-07
-1.2889445e-20
-3.2381691e-07
1.3754016e-20
-3.4614911e-07
0
-3.6848131e-07
0
-3.9081351e-07
1.2526278e-23
-4.1314571e-07
-1.3185556e-23
-4.3547748e-07
-1.8038301e-20
-4.5781011e-07
-1.8911772e-20
-4.8014231e-07
1.9756235e-20
-5.0247452e-07
2.0615201e-20
-5.2480672e-07
0
-5.471389e-07
0
-5.694711e-07
-2.3209901e-20
-5.918033e-07
-2.4069528e-20
-6.141355e-07
-2.4948274e-20
-6.3646711e-07
-5.1557781e-20
-6.5879992e-07
-4.0875225e-23
-6.8113212e-07
5.5016064e-20
-7.0346432e-07
5.6691802e-20
-7.257965e-07
0
-7.481287e-07
6.0127668e-20
-7.704609e-07
0
-7.9279233e-07
6.3612326e-20
-8.1512533e-07
6.5331576e-20
-8.3745753e-07
-6.705083e-20
-8.5978973e-07
-8.8212193e-07
5.3689232e-23
-1.0872237e-08
2.1475693e-22
-3.261671e-08
6.4476528e-22
-5.4361179e-08
0
-7.6105658e-08
0
-9.7850131e-08
2.5790611e-21
-1.1959459e-07
-6.0166554e-21
-1.4133908e-07
0
-1.6308355e-07
-7.7342164e-21
-1.8482803e-07
-3.2966231e-24
-2.0657254e-07
-4.7282787e-21
-2.28317e-07
-5.1541663e-21
-2.5006123e-07
0
-2.7180595e-07
-1.2040234e-20
-2.9355042e-07
4.9449347e-24
-3.152949e-07
0
-3.3703937e-07
-1.461468e-20
-3.5878385e-07
0
-3.8052833e-07
-1.6334054e-20
-4.022728e-07
-1.7193741e-20
-4.2401687e-07
0
-4.4576175e-07
0
-4.6750623e-07
-1.5164467e-23
-4.8925072e-07
2.0616665e-20
-5.1099519e-07
2.1475692e-20
-5.3273964e-07
-2.2334721e-20
-5.5448412e-07
2.3193747e-20
-5.762286e-07
-7.219525e-20
-5.9797307e-07
-7.4811895e-20
-6.1971697e-07
1.9779739e-23
-6.4146205e-07
5.325972e-20
-6.6320652e-07
0
-6.84951e-07
-4.3515423e-23
-7.0669545e-07
-5.8458718e-20
-7.2843993e-07
6.0131938e-20
-7.501844e-07
0
-7.7192813e-07
6.3616843e-20
-7.9367338e-07
-6.5336215e-20
-8.1541785e-07
-6.7055591e-20
-8.3716233e-07
-8.589068e-07
-5.3726625e-23
-1.0578395e-08
-2.149065e-22
-3.1735186e-08
2.4722918e-25
-5.2891972e-08
8.59626e-22
-7.4048768e-08
0
-9.5205559e-08
9.8891671e-25
-1.1636234e-07
-1.1537362e-24
-1.3751914e-07
3.438504e-21
-1.5867593e-07
-2.9667501e-24
-1.7983272e-07
-3.296389e-24
-2.0098955e-07
-9.4522599e-21
-2.2214632e-07
5.1538003e-21
-2.4330288e-07
-5.5832837e-21
-2.6445991e-07
6.0081521e-21
-2.856167e-07
6.4422504e-21
-3.067735e-07
1.3754016e-20
-3.2793029e-07
-1.4613642e-20
-3.4908708e-07
0
-3.7024387e-07
0
-3.9140067e-07
-1.719252e-20
-4.1255706e-07
0
-4.3371425e-07
1.8897268e-20
-4.5487105e-07
-1.9771399e-20
-4.7602785e-07
1.5822667e-23
-4.9718464e-07
-2.1490649e-20
-5.1834141e-07
-2.2333135e-20
-5.3949821e-07
2.31921e-20
-5.60655e-07
-2.4069528e-20
-5.8181179e-07
-2.4929155e-20
-6.0296802e-07
2.5769002e-20
-6.241254e-07
-5.3296814e-20
-6.4528219e-07
5.5016064e-20
-6.6643899e-07
-5.6735314e-20
-6.8759576e-07
-5.8454568e-20
-7.0875255e-07
-4.6149445e-23
-7.2990934e-07
6.1845604e-20
-7.5106541e-07
0
-7.7222295e-07
0
-7.9337974e-07
-6.705083e-20
-8.1453654e-07
-8.3569333e-07
-5.3726625e-23
-1.0284554e-08
-2.149065e-22
-3.0853662e-08
-3.2211252e-22
-5.1422765e-08
8.59626e-22
-7.1991878e-08
-1.0737084e-21
-9.2560986e-08
-1.2884501e-21
-1.1313008e-07
-1.1537362e-24
-1.336992e-07
3.438504e-21
-1.5426831e-07
-2.9667501e-24
-1.7483742e-07
-4.29813e-21
-1.9540656e-07
-4.727943e-21
-2.1597565e-07
5.157756e-21
-2.3654454e-07
1.1175138e-20
-2.5711387e-07
-4.6149446e-24
-2.7768298e-07
-6.447195e-21
-2.9825209e-07
1.3754016e-20
-3.188212e-07
1.4602434e-20
-3.3939031e-07
0
-3.5995942e-07
0
-3.8052853e-07
-1.3185556e-23
-4.0109726e-07
-1.8038301e-20
-4.2166675e-07
-1.8897268e-20
-4.4223586e-07
-3.9542798e-20
-4.6280499e-07
0
-4.833741e-07
0
-5.0394318e-07
2.2350276e-20
-5.2451229e-07
-2.31921e-20
-5.450814e-07
2.4069528e-20
-5.6565051e-07
2.4910036e-20
-5.8621908e-07
-2.578878e-20
-6.0678876e-07
5.3255938e-20
-6.2735787e-07
5.5016064e-20
-6.4792698e-07
0
-6.6849606e-07
5.8409737e-20
-6.8906517e-07
-6.0173818e-20
-7.0963428e-07
0
-7.3020268e-07
0
-7.5077252e-07
-6.5281471e-20
-7.7134163e-07
-6.705083e-20
-7.9191074e-07
-8.1247985e-07
-5.3726625e-23
-9.9907126e-09
-2.149065e-22
-2.9972138e-08
0
-4.9953558e-08
6.5927781e-25
-6.9934988e-08
0
-8.9916413e-08
0
-1.0989783e-07
-1.5043455e-21
-1.2987926e-07
2.6371112e-24
-1.4986069e-07
-3.868317e-21
-1.6984211e-07
-3.296389e-24
-1.8982358e-07
-4.727943e-21
-2.0980498e-07
1.0311556e-20
-2.2978619e-07
1.1175138e-20
-2.4976784e-07
-4.6149446e-24
-2.6974927e-07
-1.2889445e-20
-2.8973069e-07
1.0548445e-23
-3.0971212e-07
1.4602434e-20
-3.2969355e-07
0
-3.4967497e-07
0
-3.696564e-07
-1.3185556e-23
-3.8963745e-07
0
-4.0961925e-07
0
-4.2960068e-07
-3.0326781e-23
-4.4958212e-07
0
-4.6956355e-07
2.1474167e-20
-4.8954495e-07
-2.2315993e-20
-5.0952638e-07
0
-5.2950781e-07
4.8120596e-20
-5.4948923e-07
7.4730107e-20
-5.6947013e-07
-5.1557781e-20
-5.8945211e-07
0
-6.0943354e-07
4.219378e-23
-6.2941496e-07
5.6691802e-20
-6.4939637e-07
5.8409737e-20
-6.693778e-07
-4.6149445e-23
-6.8935922e-07
6.1845604e-20
-7.0933996e-07
0
-7.293221e-07
0
-7.4930353e-07
-6.705083e-20
-7.6928495e-07
-7.8926638e-07
5.368542e-23
-9.6968711e-09
2.1474168e-22
-2.9090613e-08
2.4722918e-25
-4.8484351e-08
0
-6.7878098e-08
0
-8.727184e-08
9.8891671e-25
-1.0666557e-07
-1.5054992e-21
-1.2605932e-07
0
-1.4545307e-07
-2.9667501e-24
-1.6484681e-07
4.2948336e-21
-1.8424059e-07
-4.727943e-21
-2.0363431e-07
-5.1538003e-21
-2.2302784e-07
-1.1166567e-20
-2.424218e-07
-6.0219969e-21
-2.6181555e-07
-6.447195e-21
-2.8120929e-07
0
-3.0060303e-07
1.4602434e-20
-3.1999678e-07
0
-3.3939052e-07
-1.6320368e-20
-3.5878427e-07
1.7179334e-20
-3.7817764e-07
0
-3.9757176e-07
0
-4.169655e-07
1.9756235e-20
-4.3635925e-07
0
-4.55753e-07
-2.1490649e-20
-4.7514672e-07
0
-4.9454047e-07
0
-5.1393421e-07
0
-5.3332795e-07
-1.9119057e-23
-5.5272118e-07
-2.578878e-20
-5.7211546e-07
0
-5.9150921e-07
0
-6.1090295e-07
5.6691802e-20
-6.3029667e-07
5.8409737e-20
-6.4969042e-07
-6.0173818e-20
-6.6908416e-07
0
-6.8847724e-07
-6.3563539e-20
-7.0787167e-07
6.5281471e-20
-7.2726542e-07
0
-7.4665916e-07
-7.6605291e-07
-5.3726625e-23
-9.4030297e-09
-2.149065e-22
-2.8209089e-08
0
-4.7015144e-08
-8.5896672e-22
-6.5821208e-08
0
-8.4627268e-08
0
-1.0343332e-07
-1.5054992e-21
-1.2223939e-07
-3.4358669e-21
-1.4104545e-07
-3.868317e-21
-1.5985151e-07
-3.296389e-24
-1.786576e-07
-4.724317e-21
-1.9746364e-07
5.157756e-21
-2.1626949e-07
0
-2.3507577e-07
6.0035371e-21
-2.5388183e-07
0
-2.7268789e-07
-1.3743468e-20
-2.9149395e-07
-1.1207723e-23
-3.1030001e-07
0
-3.2910607e-07
-1.6332894e-20
-3.4791213e-07
-1.3185556e-23
-3.6671784e-07
1.8052146e-20
-3.8552426e-07
1.8897268e-20
-4.0433032e-07
1.9756235e-20
-4.2313639e-07
2.0615201e-20
-4.4194245e-07
0
-4.6074849e-07
2.2350276e-20
-4.7955455e-07
-1.78005e-23
-4.9836061e-07
-2.4069528e-20
-5.1716667e-07
2.4890917e-20
-5.3597224e-07
0
-5.5477882e-07
5.3255938e-20
-5.7358488e-07
-5.497387e-20
-5.9239094e-07
0
-6.1119698e-07
-4.4830891e-23
-6.3000304e-07
-6.0173818e-20
-6.488091e-07
0
-6.6761452e-07
0
-6.8642125e-07
0
-7.0522731e-07
0
-7.2403337e-07
-7.4283943e-07
-4.1204863e-26
-9.1091883e-09
-1.6481945e-25
-2.7327565e-08
2.4722918e-25
-4.5545937e-08
6.5927781e-25
-6.3764318e-08
0
-8.1982695e-08
9.8891671e-25
-1.0020106e-07
-1.1537362e-24
-1.1841945e-07
2.6371112e-24
-1.3663782e-07
-2.9667501e-24
-1.548562e-07
-3.296389e-24
-1.7307461e-07
-4.727943e-21
-1.9129297e-07
0
-2.0951115e-07
0
-2.2772973e-07
-4.6149446e-24
-2.4594811e-07
-6.4422504e-21
-2.6416649e-07
1.0548445e-23
-2.8238486e-07
-1.1207723e-23
-3.0060324e-07
1.5461401e-20
-3.1882162e-07
1.6320368e-20
-3.3704e-07
-1.3185556e-23
-3.5525803e-07
-1.8038301e-20
-3.7347676e-07
0
-3.9169514e-07
-1.9771399e-20
-4.0991352e-07
2.0631024e-20
-4.281319e-07
-2.1490649e-20
-4.4635026e-07
0
-4.6456864e-07
0
-4.8278702e-07
-2.4069528e-20
-5.010054e-07
-1.9119057e-23
-5.1922329e-07
-2.5769002e-20
-5.3744217e-07
-4.0875225e-23
-5.5566055e-07
4.219378e-23
-5.7387893e-07
-5.6735314e-20
-5.9209729e-07
-4.4830891e-23
-6.1031567e-07
-6.0173818e-20
-6.2853404e-07
0
-6.4675179e-07
0
-6.6497082e-07
0
-6.831892e-07
-6.705083e-20
-7.0140758e-07
-7.1962596e-07
0
-8.815326e-09
0
-2.6445978e-08
2.4724673e-25
-4.4076626e-08
8.5902771e-22
-6.1707282e-08
8.2415578e-25
-7.9337934e-08
9.8898693e-25
-9.6968577e-08
-1.5056061e-21
-1.1459924e-07
3.4361108e-21
-1.3222989e-07
-2.9669608e-24
-1.4986054e-07
-3.2966231e-24
-1.6749123e-07
4.7246524e-21
-1.8512186e-07
0
-2.0275232e-07
-5.5836801e-21
-2.2038317e-07
1.2026388e-20
-2.3801383e-07
6.4427078e-21
-2.5564448e-07
1.3744443e-20
-2.7327513e-07
-1.1208519e-23
-2.9090579e-07
0
-3.0853644e-07
0
-3.2616709e-07
1.7180554e-20
-3.4379741e-07
0
-3.614284e-07
0
-3.7905906e-07
1.9757638e-20
-3.9668972e-07
0
-4.1432037e-07
0
-4.3195101e-07
1.714244e-23
-4.4958166e-07
2.3193747e-20
-4.6721231e-07
-1.8461089e-23
-4.8484297e-07
2.4892684e-20
-5.0247315e-07
2.5770831e-20
-5.201043e-07
0
-5.3773495e-07
5.4977774e-20
-5.553656e-07
0
-5.7299624e-07
-4.4834074e-23
-5.9062689e-07
0
-6.0825754e-07
-6.1897467e-20
-6.2588759e-07
4.8790023e-23
-6.4351887e-07
-6.5336215e-20
-6.6114953e-07
6.7004163e-20
-6.7878018e-07
-6.9641083e-07
-5.3726625e-23
-8.5214846e-09
-2.149065e-22
-2.5564454e-08
0
-4.2607419e-08
-8.5896672e-22
-5.9650392e-08
0
-7.6693361e-08
0
-9.3736322e-08
-3.008691e-21
-1.107793e-07
-3.4358669e-21
-1.2782227e-07
-2.9667501e-24
-1.4486524e-07
-3.296389e-24
-1.6190824e-07
-4.727943e-21
-1.7895119e-07
0
-1.9599397e-07
5.587569e-21
-2.1303714e-07
-4.6149446e-24
-2.3008011e-07
0
-2.4712308e-07
-1.3743468e-20
-2.6416605e-07
-1.1207723e-23
-2.8120902e-07
0
-2.9825199e-07
-1.6332894e-20
-3.1529496e-07
1.7179334e-20
-3.3233761e-07
-1.8038301e-20
-3.493809e-07
-1.8897268e-20
-3.6642387e-07
-3.9542798e-20
-3.8346685e-07
0
-4.0050982e-07
2.1474167e-20
-4.1755278e-07
0
-4.3459575e-07
-2.31921e-20
-4.5163872e-07
2.4051068e-20
-4.6868169e-07
-2.4929155e-20
-4.8572421e-07
0
-5.0276765e-07
-5.3296814e-20
-5.1981062e-07
-5.497387e-20
-5.3685359e-07
0
-5.5389654e-07
-4.4830891e-23
-5.7093951e-07
-6.0173818e-20
-5.8798249e-07
0
-6.0502487e-07
-6.3563539e-20
-6.2206845e-07
0
-6.3911142e-07
6.6999406e-20
-6.5615439e-07
-6.7319736e-07
0
-8.2276432e-09
0
-2.468293e-08
-6.4447227e-22
-4.1138212e-08
0
-5.7593502e-08
0
-7.4048789e-08
-2.5778891e-21
-9.0504066e-08
1.5031918e-21
-1.0695936e-07
0
-1.2341465e-07
-3.868317e-21
-1.3986993e-07
4.2948336e-21
-1.5632525e-07
-9.4522599e-21
-1.7278052e-07
5.1538003e-21
-1.8923563e-07
4.2853057e-24
-2.056911e-07
1.2025534e-20
-2.2214639e-07
0
-2.3860168e-07
0
-2.5505696e-07
0
-2.7151225e-07
0
-2.8796754e-07
1.6320368e-20
-3.0442283e-07
0
-3.208778e-07
0
-3.373334e-07
-1.4504112e-23
-3.5378869e-07
-1.9771399e-20
-3.7024399e-07
-4.1246225e-20
-3.8669928e-07
0
-4.0315455e-07
1.7141223e-23
-4.1960983e-07
-1.78005e-23
-4.3606512e-07
0
-4.5252041e-07
-9.9716619e-20
-4.6897526e-07
0
-4.85431e-07
-5.3296814e-20
-5.0188629e-07
0
-5.1834158e-07
-5.6691802e-20
-5.3479685e-07
0
-5.5125214e-07
6.0127668e-20
-5.6770743e-07
0
-5.8416215e-07
0
-6.0061802e-07
-6.5331576e-20
-6.1707331e-07
0
-6.335286e-07
-6.4998388e-07
-4.1204863e-26
-7.9338018e-09
-1.6481945e-25
-2.3801405e-08
0
-3.9669005e-08
0
-5.5536612e-08
1.0737084e-21
-7.1404216e-08
0
-8.7271811e-08
-2.3074723e-24
-1.0313942e-07
0
-1.1900703e-07
-2.9667501e-24
-1.3487463e-07
-4.29813e-21
-1.5074226e-07
9.4522599e-21
-1.6660985e-07
5.1538003e-21
-1.8247728e-07
1.1175138e-20
-1.9834506e-07
-6.017382e-21
-2.1421267e-07
0
-2.3008027e-07
0
-2.4594788e-07
0
-2.6181548e-07
-1.1867001e-23
-2.7768309e-07
0
-2.9355069e-07
-1.719252e-20
-3.09418e-07
0
-3.252859e-07
-1.8911772e-20
-3.4115351e-07
1.9756235e-20
-3.5702112e-07
-2.0615201e-20
-3.7288873e-07
0
-3.8875632e-07
1.7141223e-23
-4.0462392e-07
2.31921e-20
-4.2049153e-07
-2.4087988e-20
-4.3635913e-07
-1.9119057e-23
-4.5222631e-07
0
-4.6809436e-07
1.0655275e-19
-4.8396196e-07
0
-4.9982957e-07
0
-5.1569716e-07
0
-5.3156476e-07
6.0127668e-20
-5.4743237e-07
-6.1893072e-20
-5.6329942e-07
0
-5.7916759e-07
-6.5281471e-20
-5.950352e-07
0
-6.109028e-07
-6.2677041e-07
5.368542e-23
-7.6399603e-09
2.1474168e-22
-2.2919881e-08
2.4722918e-25
-3.8199798e-08
0
-5.3479722e-08
-1.0745325e-21
-6.8759643e-08
9.8891671e-25
-8.4039556e-08
-1.5054992e-21
-9.9319485e-08
0
-1.1459941e-07
-2.9667501e-24
-1.2987933e-07
4.2948336e-21
-1.4515927e-07
-4.727943e-21
-1.6043918e-07
-5.1538003e-21
-1.7571893e-07
4.2853057e-24
-1.9099903e-07
-6.0219969e-21
-2.0627895e-07
-6.447195e-21
-2.2155887e-07
0
-2.3683879e-07
1.4602434e-20
-2.5211872e-07
0
-2.6739864e-07
0
-2.8267856e-07
1.7179334e-20
-2.9795819e-07
0
-3.132384e-07
0
-3.2851833e-07
1.9756235e-20
-3.4379826e-07
-2.0615201e-20
-3.5907818e-07
-2.1490649e-20
-3.7435808e-07
0
-3.8963801e-07
0
-4.0491793e-07
0
-4.2019785e-07
-1.9119057e-23
-4.3547737e-07
-2.578878e-20
-4.5075771e-07
0
-4.6603763e-07
0
-4.8131756e-07
0
-4.9659746e-07
5.8409737e-20
-5.1187738e-07
-4.6149445e-23
-5.2715731e-07
0
-5.424367e-07
0
-5.5771717e-07
6.5281471e-20
-5.7299709e-07
0
-5.8827701e-07
-6.0355693e-07
-5.3726625e-23
-7.3461189e-09
-2.149065e-22
-2.2038357e-08
0
-3.6730591e-08
6.5927781e-25
-5.1422832e-08
0
-6.611507e-08
0
-8.08073e-08
-1.5043455e-21
-9.5499546e-08
2.6371112e-24
-1.1019178e-07
-2.9667501e-24
-1.2488402e-07
-3.296389e-24
-1.3957629e-07
-4.727943e-21
-1.5426851e-07
1.0311556e-20
-1.6896059e-07
1.1175138e-20
-1.8365299e-07
-4.6149446e-24
-1.9834523e-07
-1.2889445e-20
-2.1303747e-07
1.0548445e-23
-2.2772971e-07
1.4602434e-20
-2.4242195e-07
0
-2.5711419e-07
0
-2.7180643e-07
-1.3185556e-23
-2.8649839e-07
0
-3.0119091e-07
0
-3.1588314e-07
-3.0326781e-23
-3.3057539e-07
0
-3.4526763e-07
2.1474167e-20
-3.5995985e-07
1.7141223e-23
-3.7465209e-07
0
-3.8934433e-07
4.8120596e-20
-4.0403657e-07
7.4730107e-20
-4.1872842e-07
-5.1557781e-20
-4.3342107e-07
0
-4.4811331e-07
4.219378e-23
-4.6280555e-07
5.6691802e-20
-4.7749777e-07
5.8409737e-20
-4.9219001e-07
-4.6149445e-23
-5.0688225e-07
6.1845604e-20
-5.2157398e-07
-6.3563539e-20
-5.3626674e-07
0
-5.5095898e-07
-6.705083e-20
-5.6565122e-07
-5.8034346e-07
-5.3726625e-23
-7.0522775e-09
-2.149065e-22
-2.1156833e-08
2.4722918e-25
-3.5261384e-08
8.59626e-22
-4.9365943e-08
-1.0737084e-21
-6.3470498e-08
9.8891671e-25
-7.7575045e-08
-1.1537362e-24
-9.1679608e-08
3.438504e-21
-1.0578416e-07
-2.9667501e-24
-1.1988872e-07
-4.29813e-21
-1.339933e-07
-4.727943e-21
-1.4809784e-07
5.157756e-21
-1.6220224e-07
0
-1.7630695e-07
-6.0219969e-21
-1.9041151e-07
-6.447195e-21
-2.0451607e-07
1.3754016e-20
-2.1862062e-07
1.4602434e-20
-2.3272518e-07
0
-2.4682974e-07
0
-2.6093429e-07
-1.3185556e-23
-2.7503858e-07
-1.8038301e-20
-2.8914341e-07
-1.8897268e-20
-3.0324796e-07
-1.9771399e-20
-3.1735253e-07
0
-3.3145708e-07
0
-3.4556162e-07
2.2350276e-20
-3.5966618e-07
-6.9611902e-20
-3.7377074e-07
2.4069528e-20
-3.8787529e-07
-1.9119057e-23
-4.0197947e-07
-2.578878e-20
-4.1608442e-07
5.3255938e-20
-4.3018898e-07
5.5016064e-20
-4.4429353e-07
-5.6735314e-20
-4.5839807e-07
5.8409737e-20
-4.7250263e-07
-6.0173818e-20
-4.8660719e-07
0
-5.0071126e-07
0
-5.1481632e-07
-1.3061305e-19
-5.2892087e-07
-6.705083e-20
-5.4302543e-07
-5.5712999e-07
5.3689232e-23
-6.7584152e-09
2.1475693e-22
-2.0275246e-08
-3.2238264e-22
-3.3792073e-08
0
-4.7308907e-08
1.0746088e-21
-6.0825737e-08
-1.2895306e-21
-7.434256e-08
-2.3076362e-24
-8.7859398e-08
0
-1.0137623e-07
0
-1.1489306e-07
0
-1.2840991e-07
0
-1.4192673e-07
5.1541663e-21
-1.5544341e-07
0
-1.689604e-07
-6.0224245e-21
-1.8247723e-07
0
-1.9599406e-07
0
-2.0951089e-07
-1.1208519e-23
-2.2302772e-07
0
-2.3654456e-07
3.265558e-20
-2.5006139e-07
1.7180554e-20
-2.6357796e-07
0
-2.7709505e-07
0
-2.9061188e-07
1.9757638e-20
-3.0412872e-07
0
-3.1764555e-07
0
-3.3116237e-07
2.2351863e-20
-3.446792e-07
0
-3.5819603e-07
2.4034315e-20
-3.7171287e-07
-1.9120415e-23
-3.8522934e-07
0
-3.9874654e-07
5.3300598e-20
-4.1226338e-07
0
-4.2578021e-07
5.6695827e-20
-4.3929702e-07
-4.4834074e-23
-4.5281386e-07
6.0131938e-20
-4.6633069e-07
0
-4.7984705e-07
6.3616843e-20
-4.9336437e-07
0
-5.068812e-07
0
-5.2039803e-07
-5.3391486e-07
-4.1204863e-26
-6.4645738e-09
-1.6481945e-25
-1.9393721e-08
3.2235975e-22
-3.2322866e-08
0
-4.5252017e-08
0
-5.8181164e-08
1.289439e-21
-7.1110305e-08
-1.1537362e-24
-8.4039459e-08
0
-9.6968607e-08
0
-1.0989775e-07
-4.29813e-21
-1.2282693e-07
4.724317e-21
-1.3575606e-07
-5.1538003e-21
-1.4868507e-07
-5.5832837e-21
-1.6161436e-07
6.0081521e-21
-1.7454351e-07
0
-1.8747266e-07
0
-2.0040181e-07
1.4602434e-20
-2.1333096e-07
-1.5473268e-20
-2.2626011e-07
-1.6332894e-20
-2.3918925e-07
0
-2.5211816e-07
1.8052146e-20
-2.6504755e-07
0
-2.779767e-07
1.9741072e-20
-2.9090586e-07
2.0631024e-20
-3.0383501e-07
-1.6481944e-23
-3.1676414e-07
2.2350276e-20
-3.2969329e-07
2.31921e-20
-3.4262244e-07
-2.4069528e-20
-3.5555159e-07
2.4890917e-20
-3.6848039e-07
0
-3.814099e-07
-4.0875225e-23
-3.9433905e-07
0
-4.072682e-07
-4.3512334e-23
-4.2019733e-07
5.8409737e-20
-4.3312648e-07
6.0127668e-20
-4.4605563e-07
6.1845604e-20
-4.5898433e-07
-6.3612326e-20
-4.7191394e-07
0
-4.8484309e-07
0
-4.9777224e-07
-5.1070139e-07
-5.3726625e-23
-6.1707324e-09
-2.149065e-22
-1.8512197e-08
-3.2211252e-22
-3.0853659e-08
8.59626e-22
-4.3195127e-08
-1.0745325e-21
-5.5536591e-08
-1.2884501e-21
-6.787805e-08
-1.1537362e-24
-8.0219521e-08
3.438504e-21
-9.2560986e-08
-3.868317e-21
-1.0490245e-07
4.2948336e-21
-1.1724394e-07
0
-1.2958539e-07
0
-1.4192672e-07
4.2853057e-24
-1.5426832e-07
1.8042916e-20
-1.6660979e-07
-1.2889445e-20
-1.7895126e-07
1.3754016e-20
-1.9129272e-07
0
-2.0363419e-07
0
-2.1597565e-07
1.2526278e-23
-2.2831712e-07
-1.3185556e-23
-2.4065835e-07
-1.8038301e-20
-2.5300005e-07
-1.8911772e-20
-2.6534152e-07
1.9756235e-20
-2.7768299e-07
2.0615201e-20
-2.9002446e-07
0
-3.0236591e-07
0
-3.1470738e-07
-2.3209901e-20
-3.2704884e-07
-2.4069528e-20
-3.3939031e-07
-2.4948274e-20
-3.5173145e-07
-5.1557781e-20
-3.6407325e-07
-4.0875225e-23
-3.7641472e-07
5.5016064e-20
-3.8875619e-07
5.6691802e-20
-4.0109764e-07
0
-4.134391e-07
6.0127668e-20
-4.2578057e-07
0
-4.3812161e-07
6.3612326e-20
-4.5046351e-07
6.5331576e-20
-4.6280498e-07
-6.705083e-20
-4.7514645e-07
-4.8748791e-07
-4.1204863e-26
-5.876891e-09
-1.6481945e-25
-1.7630673e-08
-3.2211252e-22
-2.9384452e-08
0
-4.1138237e-08
-1.0737084e-21
-5.2892019e-08
-1.2884501e-21
-6.4645794e-08
-1.1537362e-24
-7.6399583e-08
0
-8.8153365e-08
-3.868317e-21
-9.9907146e-08
-4.29813e-21
-1.1166095e-07
-4.727943e-21
-1.2341472e-07
-5.157756e-21
-1.3516837e-07
5.587569e-21
-1.4692229e-07
-6.017382e-21
-1.5867607e-07
-4.9445835e-24
-1.7042985e-07
0
-1.8218364e-07
1.4591226e-20
-1.9393742e-07
0
-2.056912e-07
1.6320368e-20
-2.1744499e-07
0
-2.2919855e-07
1.8052146e-20
-2.4095255e-07
1.8897268e-20
-2.5270634e-07
1.9756235e-20
-2.6446013e-07
0
-2.7621391e-07
2.1490649e-20
-2.8796768e-07
0
-2.9972146e-07
-2.3209901e-20
-3.1147525e-07
-2.4069528e-20
-3.2322903e-07
-3.8238114e-23
-3.349825e-07
-1.9778334e-23
-3.4673661e-07
-5.3296814e-20
-3.5849039e-07
0
-3.7024417e-07
0
-3.8199794e-07
5.8364906e-20
-3.9375173e-07
6.0127668e-20
-4.0550551e-07
6.1845604e-20
-4.1725889e-07
6.3612326e-20
-4.2901309e-07
0
-4.4076687e-07
0
-4.5252066e-07
-4.6427444e-07
-5.3726625e-23
-5.5830496e-09
-2.149065e-22
-1.6749149e-08
0
-2.7915245e-08
6.5927781e-25
-3.9081347e-08
-1.0745325e-21
-5.0247446e-08
0
-6.1413539e-08
-1.1537362e-24
-7.2579644e-08
2.6371112e-24
-8.3745743e-08
-3.868317e-21
-9.4911842e-08
4.2948336e-21
-1.0607796e-07
-4.724317e-21
-1.1724405e-07
0
-1.2841003e-07
5.587569e-21
-1.3957625e-07
1.2020919e-20
-1.5074235e-07
-6.447195e-21
-1.6190845e-07
1.0548445e-23
-1.7307455e-07
0
-1.8424065e-07
0
-1.9540675e-07
-1.6332894e-20
-2.0657285e-07
-1.3185556e-23
-2.1773874e-07
1.8052146e-20
-2.2890505e-07
-1.4504112e-23
-2.4007115e-07
3.9512471e-20
-2.5123726e-07
2.0615201e-20
-2.6240336e-07
0
-2.7356945e-07
-4.4666269e-20
-2.8473555e-07
-1.78005e-23
-2.9590165e-07
-2.4069528e-20
-3.0706775e-07
-3.8238114e-23
-3.1823355e-07
-2.578878e-20
-3.2939996e-07
-4.0875225e-23
-3.4056606e-07
4.219378e-23
-3.5173216e-07
0
-3.6289825e-07
0
-3.7406435e-07
0
-3.8523045e-07
0
-3.9639617e-07
0
-4.0756266e-07
0
-4.1872876e-07
-6.705083e-20
-4.2989486e-07
-4.4106096e-07
0
-5.2892081e-09
0
-1.5867624e-08
-3.2211252e-22
-2.6446038e-08
8.59626e-22
-3.7024457e-08
-1.0745325e-21
-4.7602873e-08
-1.2884501e-21
-5.8181284e-08
-1.1537362e-24
-6.8759706e-08
3.438504e-21
-7.9338122e-08
-2.9667501e-24
-8.9916538e-08
4.2948336e-21
-1.0049497e-07
4.724317e-21
-1.1107338e-07
5.157756e-21
-1.2165168e-07
-5.5832837e-21
-1.3223022e-07
-6.017382e-21
-1.4280863e-07
-4.9445835e-24
-1.5338705e-07
1.3754016e-20
-1.6396547e-07
-1.1207723e-23
-1.7454389e-07
-1.5473268e-20
-1.851223e-07
-1.6320368e-20
-1.9570072e-07
-1.3185556e-23
-2.0627894e-07
0
-2.1685755e-07
-1.8911772e-20
-2.2743597e-07
1.9756235e-20
-2.3801439e-07
2.0615201e-20
-2.4859281e-07
-2.1490649e-20
-2.5917122e-07
-2.2333135e-20
-2.6974964e-07
2.31921e-20
-2.8032805e-07
0
-2.9090647e-07
-2.4929155e-20
-3.0148461e-07
-1.9778334e-23
-3.1206332e-07
5.3255938e-20
-3.2264173e-07
5.5016064e-20
-3.3322015e-07
0
-3.4379856e-07
-4.4830891e-23
-3.5437697e-07
-6.0173818e-20
-3.6495539e-07
0
-3.7553344e-07
-6.3563539e-20
-3.8611224e-07
6.5281471e-20
-3.9669065e-07
6.6999406e-20
-4.0726907e-07
-4.1784749e-07
-5.3726625e-23
-4.9953667e-09
-2.149065e-22
-1.49861e-08
-9.6658479e-22
-2.4976831e-08
0
-3.4967567e-08
0
-4.49583e-08
-3.8663392e-21
-5.4949029e-08
1.5031918e-21
-6.4939767e-08
0
-7.4930501e-08
-3.868317e-21
-8.4921234e-08
-4.29813e-21
-9.4911986e-08
0
-1.0490271e-07
0
-1.1489333e-07
0
-1.2488418e-07
1.2025534e-20
-1.3487491e-07
6.447195e-21
-1.4486565e-07
0
-1.5485638e-07
-1.1207723e-23
-1.6484712e-07
0
-1.7483785e-07
3.2665788e-20
-1.8482859e-07
1.7179334e-20
-1.9481913e-07
0
-2.0481006e-07
1.8897268e-20
-2.1480079e-07
-1.516339e-23
-2.2479153e-07
-2.0615201e-20
-2.3478226e-07
2.1490649e-20
-2.4477299e-07
1.7141223e-23
-2.5476372e-07
-2.31921e-20
-2.6475446e-07
4.8102136e-20
-2.7474519e-07
2.4890917e-20
-2.8473566e-07
2.578878e-20
-2.9472667e-07
0
-3.047174e-07
0
-3.1470814e-07
0
-3.2469886e-07
-4.4830891e-23
-3.346896e-07
0
-3.4468033e-07
-6.1845604e-20
-3.5467072e-07
0
-3.6466181e-07
6.5331576e-20
-3.7465255e-07
-6.705083e-20
-3.8464328e-07
-3.9463401e-07
-4.1207789e-26
-4.7015044e-09
-1.6483116e-25
-1.4104513e-08
2.4724673e-25
-2.350752e-08
0
-3.2910531e-08
1.0746088e-21
-4.231354e-08
9.8898693e-25
-5.1716544e-08
-1.5056061e-21
-6.1119558e-08
0
-7.0522566e-08
0
-7.9925575e-08
0
-8.9328601e-08
4.7246524e-21
-9.8731603e-08
0
-1.0813451e-07
-5.5879657e-21
-1.1753762e-07
-6.0224245e-21
-1.2694063e-07
-6.4427078e-21
-1.3634364e-07
0
-1.4574665e-07
1.4603471e-20
-1.5514966e-07
1.5474367e-20
-1.6455267e-07
-1.6334054e-20
-1.7395568e-07
1.7180554e-20
-1.8335851e-07
0
-1.927617e-07
-1.4505142e-23
-2.0216471e-07
-1.5164467e-23
-2.1156773e-07
-2.0616665e-20
-2.2097073e-07
0
-2.3037373e-07
-2.2334721e-20
-2.3977674e-07
-2.3211549e-20
-2.4917975e-07
-1.8461089e-23
-2.5858276e-07
-2.4950045e-20
-2.6798552e-07
-2.5770831e-20
-2.7738879e-07
1.0656032e-19
-2.867918e-07
0
-2.9619481e-07
-5.6739343e-20
-3.0559781e-07
5.8413884e-20
-3.1500082e-07
-4.6152722e-23
-3.2440383e-07
6.1897467e-20
-3.3380652e-07
0
-3.4320986e-07
-5.0108671e-23
-3.5261287e-07
-6.7055591e-20
-3.6201588e-07
-3.7141889e-07
-4.1204863e-26
-4.407663e-09
-1.6481945e-25
-1.3222989e-08
6.4447227e-22
-2.2038313e-08
-1.7185927e-21
-3.0853641e-08
0
-3.9668967e-08
2.5778891e-21
-4.8484288e-08
1.502038e-21
-5.7299619e-08
-6.8743709e-21
-6.6114945e-08
0
-7.4930271e-08
-8.5929636e-21
-8.3745613e-08
-3.6260279e-24
-9.2560932e-08
-5.1538003e-21
-1.0137616e-07
0
-1.1019159e-07
6.012767e-21
-1.1900691e-07
0
-1.2782224e-07
-2.7497483e-20
-1.3663757e-07
1.4602434e-20
-1.4545289e-07
0
-1.5426822e-07
1.6320368e-20
-1.6308355e-07
-3.4371854e-20
-1.7189871e-07
-1.8038301e-20
-1.807142e-07
-1.8911772e-20
-1.8952953e-07
-1.516339e-23
-1.9834486e-07
2.0631024e-20
-2.0716019e-07
2.1474167e-20
-2.159755e-07
0
-2.2479083e-07
-1.78005e-23
-2.3360616e-07
-1.8459779e-23
-2.4242148e-07
-4.985831e-20
-2.5123658e-07
0
-2.6005215e-07
-5.3296814e-20
-2.6886747e-07
-1.0998993e-19
-2.776828e-07
0
-2.8649812e-07
5.8409737e-20
-2.9531345e-07
-4.6149445e-23
-3.0412877e-07
-6.1893072e-20
-3.129438e-07
6.3563539e-20
-3.2175944e-07
0
-3.3057476e-07
-5.142367e-23
-3.3939009e-07
-3.4820542e-07
-5.3726625e-23
-4.1138216e-09
-2.149065e-22
-1.2341465e-08
0
-2.0569106e-08
-1.7185927e-21
-2.8796751e-08
0
-3.7024394e-08
0
-4.5252033e-08
-1.1537362e-24
-5.3479681e-08
-6.8743709e-21
-6.1707324e-08
-2.9667501e-24
-6.9934967e-08
-3.296389e-24
-7.8162625e-08
9.4522599e-21
-8.6390262e-08
0
-9.4617814e-08
4.2853057e-24
-1.0284555e-07
-4.6149446e-24
-1.1107319e-07
0
-1.1930084e-07
-2.7497483e-20
-1.2752848e-07
-1.1207723e-23
-1.3575613e-07
-1.5473268e-20
-1.4398377e-07
0
-1.5221141e-07
-1.3185556e-23
-1.604389e-07
1.8052146e-20
-1.686667e-07
-1.8911772e-20
-1.7689435e-07
3.9512471e-20
-1.8512199e-07
0
-1.9334964e-07
0
-2.0157727e-07
0
-2.0980492e-07
4.6419802e-20
-2.1803256e-07
-2.4069528e-20
-2.262602e-07
-2.4948274e-20
-2.3448763e-07
0
-2.427155e-07
0
-2.5094315e-07
-1.0998993e-19
-2.5917079e-07
-5.6735314e-20
-2.6739842e-07
-4.4830891e-23
-2.7562607e-07
6.0127668e-20
-2.8385371e-07
0
-2.9208107e-07
0
-3.0030901e-07
0
-3.0853665e-07
6.705083e-20
-3.167643e-07
-3.2499194e-07
-4.1204863e-26
-3.8199802e-09
-1.6481945e-25
-1.1459941e-08
3.2211252e-22
-1.9099899e-08
-8.5896672e-22
-2.6739861e-08
0
-3.4379822e-08
1.2884501e-21
-4.2019778e-08
-1.1537362e-24
-4.9659742e-08
-3.4358669e-21
-5.7299703e-08
7.7336672e-21
-6.4939663e-08
4.2948336e-21
-7.2579637e-08
-4.727943e-21
-8.0219591e-08
-5.157756e-21
-8.7859467e-08
0
-9.5499514e-08
-4.6149446e-24
-1.0313947e-07
6.4422504e-21
-1.1077944e-07
-1.3743468e-20
-1.184194e-07
1.4602434e-20
-1.2605936e-07
3.0934669e-20
-1.3369932e-07
3.2640735e-20
-1.4133928e-07
-1.3185556e-23
-1.489791e-07
1.3844834e-23
-1.566192e-07
-3.7823544e-20
-1.6425916e-07
-3.9527634e-20
-1.7189913e-07
2.0615201e-20
-1.7953909e-07
0
-1.8717904e-07
-2.2333135e-20
-1.94819e-07
2.3209901e-20
-2.0245896e-07
-4.8139056e-20
-2.1009893e-07
-1.9119057e-23
-2.1773868e-07
2.5769002e-20
-2.2537886e-07
5.3255938e-20
-2.3301882e-07
-5.497387e-20
-2.4065878e-07
-1.1342712e-19
-2.4829873e-07
5.8409737e-20
-2.5593869e-07
0
-2.6357865e-07
6.1845604e-20
-2.7121835e-07
-6.3563539e-20
-2.7885858e-07
1.3061305e-19
-2.8649855e-07
0
-2.9413851e-07
-3.0177847e-07
-4.1204863e-26
-3.5261388e-09
-1.6481945e-25
-1.0578416e-08
6.447195e-22
-1.7630692e-08
0
-2.4682971e-08
0
-3.1735249e-08
2.578878e-21
-3.8787523e-08
-1.5054992e-21
-4.5839804e-08
0
-5.2892081e-08
-3.868317e-21
-5.9944359e-08
-3.296389e-24
-6.6996649e-08
-9.455886e-21
-7.4048921e-08
0
-8.1101121e-08
0
-8.8153477e-08
-6.017382e-21
-9.5205756e-08
-6.4422504e-21
-1.0225803e-07
0
-1.0931031e-07
1.4602434e-20
-1.1636259e-07
0
-1.2341487e-07
0
-1.3046715e-07
-1.3185556e-23
-1.3751929e-07
-1.8038301e-20
-1.445717e-07
-1.4504112e-23
-1.5162398e-07
-1.9771399e-20
-1.5867626e-07
0
-1.6572854e-07
-2.1490649e-20
-1.7278081e-07
0
-1.7983309e-07
-1.78005e-23
-1.8688537e-07
0
-1.9393765e-07
0
-2.0098974e-07
-2.5769002e-20
-2.0804221e-07
0
-2.1509449e-07
0
-2.2214677e-07
5.6691802e-20
-2.2919904e-07
5.8409737e-20
-2.3625132e-07
-4.6149445e-23
-2.4330359e-07
6.1845604e-20
-2.5035563e-07
0
-2.5740816e-07
6.5281471e-20
-2.6446044e-07
-6.705083e-20
-2.7151271e-07
-2.7856499e-07
-5.3726625e-23
-3.2322973e-09
-2.149065e-22
-9.696892e-09
-3.2211252e-22
-1.6161485e-08
0
-2.2626081e-08
-1.0737084e-21
-2.9090676e-08
-1.2884501e-21
-3.5555267e-08
-1.1537362e-24
-4.2019865e-08
0
-4.848446e-08
7.7336672e-21
-5.4949055e-08
0
-6.1413661e-08
-4.727943e-21
-6.7878251e-08
-5.157756e-21
-7.4342774e-08
0
-8.0807441e-08
-4.6149446e-24
-8.7272037e-08
0
-9.3736632e-08
0
-1.0020123e-07
1.4602434e-20
-1.0666582e-07
1.5473268e-20
-1.1313042e-07
0
-1.1959501e-07
-1.3185556e-23
-1.2605949e-07
1.3844834e-23
-1.325242e-07
-5.6720812e-20
-1.389888e-07
-1.9771399e-20
-1.454534e-07
0
-1.5191799e-07
0
-1.5838258e-07
0
-1.6484718e-07
1.78005e-23
-1.7131177e-07
-4.8139056e-20
-1.7777637e-07
-1.9119057e-23
-1.8424079e-07
0
-1.9070556e-07
5.3255938e-20
-1.9717016e-07
0
-2.0363476e-07
-5.6735314e-20
-2.1009934e-07
5.8409737e-20
-2.1656394e-07
0
-2.2302853e-07
0
-2.2949291e-07
0
-2.3595773e-07
5.0105113e-23
-2.4242233e-07
0
-2.4888692e-07
-2.5535152e-07
-4.1207789e-26
-2.9384351e-09
-1.6483116e-25
-8.8153052e-09
0
-1.4692174e-08
8.5968704e-22
-2.0569045e-08
0
-2.6445915e-08
0
-3.2322782e-08
1.5021447e-21
-3.8199656e-08
3.4387481e-21
-4.4076526e-08
-3.8685917e-21
-4.9953396e-08
0
-5.5830277e-08
4.7246524e-21
-6.1707142e-08
0
-6.7583947e-08
0
-7.3460883e-08
6.0085787e-21
-7.9337754e-08
6.4427078e-21
-8.5214625e-08
1.3754993e-20
-9.1091495e-08
-1.1208519e-23
-9.6968366e-08
0
-1.0284524e-07
1.6334054e-20
-1.0872211e-07
-1.7193741e-20
-1.1459887e-07
1.8053428e-20
-1.2047585e-07
-3.7811724e-20
-1.2635272e-07
1.9757638e-20
-1.3222959e-07
2.0632489e-20
-1.3810646e-07
-2.1492175e-20
-1.4398333e-07
0
-1.498602e-07
-1.7801764e-23
-1.5573707e-07
0
-1.6161394e-07
-1.9120415e-23
-1.6749066e-07
2.5770831e-20
-1.7336769e-07
-4.0878128e-23
-1.7924456e-07
5.501997e-20
-1.8512143e-07
0
-1.9099829e-07
-4.4834074e-23
-1.9687516e-07
6.0131938e-20
-2.0275204e-07
6.1849995e-20
-2.086287e-07
0
-2.1450578e-07
0
-2.2038265e-07
-6.7055591e-20
-2.2625952e-07
-2.3213639e-07
-5.3726625e-23
-2.6445936e-09
-2.149065e-22
-7.9337809e-09
6.447195e-22
-1.3222967e-08
6.5927781e-25
-1.8512155e-08
0
-2.3801343e-08
2.578878e-21
-2.9090527e-08
-1.5043455e-21
-3.4379717e-08
2.6371112e-24
-3.9668905e-08
3.8653502e-21
-4.4958092e-08
-3.296389e-24
-5.0247289e-08
0
-5.5536472e-08
0
-6.08256e-08
5.587569e-21
-6.6114847e-08
-4.6149446e-24
-7.1404035e-08
6.447195e-21
-7.6693223e-08
1.0548445e-23
-8.1982411e-08
1.4602434e-20
-8.7271598e-08
0
-9.2560786e-08
-1.6332894e-20
-9.7849974e-08
-1.3185556e-23
-1.0313906e-07
-1.8038301e-20
-1.0842835e-07
-1.8897268e-20
-1.1371754e-07
-3.9542798e-20
-1.1900673e-07
0
-1.2429592e-07
2.1474167e-20
-1.295851e-07
2.2350276e-20
-1.3487429e-07
1.78005e-23
-1.4016347e-07
4.8120596e-20
-1.4545266e-07
-4.985831e-20
-1.5074171e-07
2.578878e-20
-1.5603104e-07
0
-1.6132023e-07
4.219378e-23
-1.6660942e-07
0
-1.718986e-07
5.8409737e-20
-1.7718779e-07
-6.0173818e-20
-1.8247698e-07
-6.1893072e-20
-1.8776598e-07
4.8786559e-23
-1.9305536e-07
0
-1.9834454e-07
-5.142367e-23
-2.0363373e-07
-2.0892292e-07
-4.1204863e-26
-2.3507522e-09
-1.6481945e-25
-7.0522566e-09
0
-1.175376e-08
8.59626e-22
-1.6455266e-08
1.0745325e-21
-2.115677e-08
0
-2.5858272e-08
-2.3074723e-24
-3.0559779e-08
3.438504e-21
-3.5261283e-08
3.8653502e-21
-3.9962788e-08
-3.296389e-24
-4.4664301e-08
4.724317e-21
-4.9365801e-08
0
-5.4067254e-08
0
-5.8768811e-08
-1.2034764e-20
-6.3470316e-08
1.2889445e-20
-6.8171821e-08
1.3754016e-20
-7.2873326e-08
0
-7.7574831e-08
1.5461401e-20
-8.2276335e-08
3.2653262e-20
-8.697784e-08
-1.3185556e-23
-9.1679256e-08
1.8052146e-20
-9.638085e-08
1.8897268e-20
-1.0108236e-07
-1.516339e-23
-1.0578386e-07
-2.0631024e-20
-1.1048537e-07
-2.1490649e-20
-1.1518687e-07
2.2350276e-20
-1.1988837e-07
0
-1.2458988e-07
-2.4087988e-20
-1.2929138e-07
-1.9119057e-23
-1.3399276e-07
5.1557781e-20
-1.386944e-07
0
-1.433959e-07
5.5016064e-20
-1.4809741e-07
0
-1.5279891e-07
0
-1.5750041e-07
-4.6149445e-23
-1.6220192e-07
0
-1.6690326e-07
0
-1.7160493e-07
0
-1.7630644e-07
0
-1.8100794e-07
-1.8570945e-07
5.368542e-23
-2.0569108e-09
2.1474168e-22
-6.1707324e-09
3.2235975e-22
-1.0284553e-08
0
-1.4398376e-08
-1.0745325e-21
-1.8512197e-08
1.289439e-21
-2.2626017e-08
-1.5054992e-21
-2.673984e-08
0
-3.0853662e-08
-3.868317e-21
-3.4967484e-08
0
-3.9081313e-08
-3.6260279e-24
-4.3195131e-08
-5.1538003e-21
-4.7308907e-08
4.2853057e-24
-5.1422775e-08
-9.2298893e-24
-5.5536597e-08
-6.447195e-21
-5.9650419e-08
0
-6.3764241e-08
1.4602434e-20
-6.7878063e-08
0
-7.1991885e-08
1.6320368e-20
-7.6105707e-08
1.7179334e-20
-8.0219451e-08
-1.8038301e-20
-8.4333351e-08
0
-8.8447173e-08
3.9512471e-20
-9.2560997e-08
0
-9.6674819e-08
-1.6481944e-23
-1.0078864e-07
0
-1.0490246e-07
2.31921e-20
-1.0901628e-07
4.8102136e-20
-1.131301e-07
2.4890917e-20
-1.1724382e-07
-2.578878e-20
-1.2135775e-07
5.3255938e-20
-1.2547157e-07
0
-1.295854e-07
5.6691802e-20
-1.3369921e-07
5.8409737e-20
-1.3781303e-07
-4.6149445e-23
-1.4192686e-07
6.1845604e-20
-1.4604054e-07
0
-1.501545e-07
6.5281471e-20
-1.5426833e-07
0
-1.5838215e-07
-1.6249597e-07
-4.1204863e-26
-1.7630694e-09
-1.6481945e-25
-5.2892081e-09
0
-8.815346e-09
0
-1.2341486e-08
1.0737084e-21
-1.5867624e-08
0
-1.9393761e-08
-3.008691e-21
-2.2919902e-08
0
-2.6446041e-08
-2.9667501e-24
-2.9972179e-08
-4.29813e-21
-3.3498325e-08
4.724317e-21
-3.7024461e-08
1.0311556e-20
-4.055056e-08
0
-4.4076739e-08
-1.2034764e-20
-4.7602878e-08
0
-5.1129017e-08
0
-5.4655156e-08
-1.4613642e-20
-5.8181295e-08
1.5461401e-20
-6.1707434e-08
-3.2653262e-20
-6.5233573e-08
-1.719252e-20
-6.8759646e-08
1.8052146e-20
-7.2285851e-08
0
-7.5811991e-08
1.9756235e-20
-7.9338132e-08
-2.0615201e-20
-8.2864271e-08
0
-8.6390406e-08
1.7141223e-23
-8.9916545e-08
-1.78005e-23
-9.3442684e-08
-1.8459779e-23
-9.6968823e-08
-1.9119057e-23
-1.0049487e-07
0
-1.0402111e-07
5.3255938e-20
-1.0754724e-07
0
-1.1107338e-07
0
-1.1459952e-07
-5.8454568e-20
-1.1812566e-07
-4.6149445e-23
-1.216518e-07
0
-1.2517781e-07
0
-1.2870408e-07
-6.5281471e-20
-1.3223022e-07
0
-1.3575636e-07
-1.392825e-07
0
-1.469228e-09
0
-4.4076839e-09
2.4722918e-25
-7.3461391e-09
0
-1.0284596e-08
-1.0745325e-21
-1.3223052e-08
9.8891671e-25
-1.6161506e-08
-1.5054992e-21
-1.9099963e-08
0
-2.2038419e-08
-3.868317e-21
-2.4976875e-08
4.2948336e-21
-2.7915337e-08
-4.727943e-21
-3.085379e-08
0
-3.3792214e-08
-5.5832837e-21
-3.6730703e-08
-9.2298893e-24
-3.9669159e-08
-1.2889445e-20
-4.2607615e-08
0
-4.5546071e-08
0
-4.8484527e-08
0
-5.1422984e-08
-1.6320368e-20
-5.436144e-08
1.7179334e-20
-5.729984e-08
-1.8038301e-20
-6.0238352e-08
0
-6.3176808e-08
1.9756235e-20
-6.6115266e-08
2.0615201e-20
-6.9053722e-08
-2.1490649e-20
-7.1992175e-08
0
-7.4930632e-08
0
-7.7869088e-08
0
-8.0807544e-08
-1.9119057e-23
-8.3745922e-08
-5.1557781e-20
-8.668446e-08
5.3255938e-20
-8.9622916e-08
0
-9.2561372e-08
5.6691802e-20
-9.5499825e-08
0
-9.8438281e-08
-4.6149445e-23
-1.0137674e-07
-6.1893072e-20
-1.0431509e-07
0
-1.0725365e-07
0
-1.1019211e-07
0
-1.1313057e-07
-1.1606902e-07
-4.1204863e-26
-1.1753865e-09
-1.6481945e-25
-3.5261596e-09
6.447195e-22
-5.8769321e-09
8.59626e-22
-8.2277058e-09
1.0737084e-21
-1.0578479e-08
2.578878e-21
-1.2929251e-08
-1.5043455e-21
-1.5280025e-08
3.438504e-21
-1.7630798e-08
3.8653502e-21
-1.9981571e-08
-4.29813e-21
-2.2332349e-08
4.724317e-21
-2.468312e-08
5.1538003e-21
-2.7033867e-08
5.587569e-21
-2.9384666e-08
-6.017382e-21
-3.173544e-08
6.447195e-21
-3.4086213e-08
1.3754016e-20
-3.6436986e-08
0
-3.878776e-08
1.5461401e-20
-4.1138533e-08
-3.2653262e-20
-4.3489306e-08
-1.719252e-20
-4.5840035e-08
0
-4.8190853e-08
0
-5.0541626e-08
-1.9786562e-20
-5.2892401e-08
-2.0615201e-20
-5.5243174e-08
0
-5.7593945e-08
1.7141223e-23
-5.9944718e-08
4.6402001e-20
-6.2295491e-08
4.8120596e-20
-6.4646265e-08
-2.4948274e-20
-6.6996976e-08
2.578878e-20
-6.9347814e-08
5.3255938e-20
-7.1698587e-08
5.5016064e-20
-7.404936e-08
0
-7.6400131e-08
0
-7.8750905e-08
-4.6149445e-23
-8.1101678e-08
-6.1893072e-20
-8.345237e-08
6.3612326e-20
-8.5803227e-08
-6.5281471e-20
-8.8154e-08
-6.705083e-20
-9.0504774e-08
-9.2855547e-08
-4.1207789e-26
-8.8152426e-10
-1.6483116e-25
-2.6445728e-09
2.4724673e-25
-4.4076209e-09
0
-6.1706698e-09
-1.0746088e-21
-7.9337183e-09
9.8898693e-25
-9.6967659e-09
-1.5056061e-21
-1.1459815e-08
0
-1.3222864e-08
-2.9669608e-24
-1.4985912e-08
4.2951386e-21
-1.6748964e-08
4.7246524e-21
-1.8512011e-08
-5.1581222e-21
-2.027504e-08
5.5879657e-21
-2.2038109e-08
-6.0224245e-21
-2.3801157e-08
6.4427078e-21
-2.5564206e-08
0
-2.7327255e-08
-1.1208519e-23
-2.9090303e-08
0
-3.0853352e-08
1.6334054e-20
-3.2616401e-08
-1.3186492e-23
-3.4379416e-08
0
-3.6142498e-08
1.8913115e-20
-3.7905547e-08
-1.9772803e-20
-3.9668596e-08
0
-4.1431645e-08
2.1475692e-20
-4.3194692e-08
0
-4.495774e-08
0
-4.6720789e-08
-1.8461089e-23
-4.8483838e-08
-1.9120415e-23
-5.024684e-08
2.5770831e-20
-5.2009937e-08
5.325972e-20
-5.3772986e-08
0
-5.5536035e-08
0
-5.7299081e-08
-4.4834074e-23
-5.906213e-08
6.0131938e-20
-6.0825179e-08
0
-6.2588167e-08
0
-6.4351278e-08
0
-6.6114327e-08
-5.1427322e-23
-6.7877375e-08
-6.9640424e-08
-5.3726625e-23
-5.8768284e-10
-2.149065e-22
-1.7630485e-09
0
-2.9384139e-09
-1.7185927e-21
-4.1137799e-09
0
-5.2891455e-09
0
-6.4645106e-09
-1.1537362e-24
-7.6398769e-09
-6.8743709e-21
-8.8152426e-09
-2.9667501e-24
-9.9906082e-09
-3.296389e-24
-1.1165976e-08
9.4522599e-21
-1.2341341e-08
0
-1.3516693e-08
4.2853057e-24
-1.4692072e-08
-4.6149446e-24
-1.5867438e-08
0
-1.7042804e-08
-2.7497483e-20
-1.821817e-08
-1.1207723e-23
-1.9393536e-08
-1.5473268e-20
-2.0568901e-08
0
-2.1744267e-08
-1.3185556e-23
-2.2919611e-08
1.8052146e-20
-2.4094999e-08
-1.8911772e-20
-2.5270364e-08
3.9512471e-20
-2.6445731e-08
0
-2.7621097e-08
0
-2.8796461e-08
0
-2.9971827e-08
4.6419802e-20
-3.1147193e-08
-2.4069528e-20
-3.2322559e-08
-2.4948274e-20
-3.3497893e-08
0
-3.4673291e-08
0
-3.5848657e-08
-1.0998993e-19
-3.7024023e-08
-5.6735314e-20
-3.8199387e-08
-4.4830891e-23
-3.9374753e-08
6.0127668e-20
-4.0550119e-08
0
-4.1725444e-08
0
-4.2900852e-08
0
-4.4076218e-08
6.705083e-20
-4.5251584e-08
-4.6426949e-08
-4.1204863e-26
-2.9384142e-10
-1.6481945e-25
-8.8152426e-10
3.2211252e-22
-1.469207e-09
-8.5896672e-22
-2.0568899e-09
0
-2.6445728e-09
1.2884501e-21
-3.2322553e-09
-1.1537362e-24
-3.8199384e-09
-3.4358669e-21
-4.4076213e-09
3.8653502e-21
-4.9953041e-09
4.2948336e-21
-5.582988e-09
-4.727943e-21
-6.1706704e-09
-5.157756e-21
-6.7583467e-09
0
-7.3460362e-09
-4.6149446e-24
-7.9337191e-09
6.4422504e-21
-8.521402e-09
-1.3743468e-20
-9.1090849e-09
1.4602434e-20
-9.6967678e-09
1.5461401e-20
-1.0284451e-08
3.2640735e-20
-1.0872134e-08
-1.3185556e-23
-1.1459805e-08
1.3844834e-23
-1.2047499e-08
-3.7823544e-20
-1.2635182e-08
-3.9527634e-20
-1.3222865e-08
2.0615201e-20
-1.3810548e-08
0
-1.4398231e-08
-2.2333135e-20
-1.4985913e-08
2.3209901e-20
-1.5573596e-08
-4.8139056e-20
-1.6161279e-08
-1.9119057e-23
-1.6748947e-08
2.5769002e-20
-1.7336646e-08
5.3255938e-20
-1.7924329e-08
-5.497387e-20
-1.8512011e-08
-1.1342712e-19
-1.9099694e-08
5.8409737e-20
-1.9687377e-08
0
-2.027506e-08
-4.7468002e-23
-2.0862722e-08
-6.3563539e-20
-2.1450426e-08
1.3061305e-19
-2.2038109e-08
0
-2.2625792e-08
-2.3213475e-08
-4.1204863e-26
-1.6481945e-25
0
0
1.0737084e-21
0
-3.008691e-21
0
-2.9667501e-24
-4.29813e-21
4.724317e-21
1.0311556e-20
0
-1.2034764e-20
0
0
-1.4613642e-20
1.5461401e-20
-3.2653262e-20
-1.719252e-20
1.8052146e-20
0
1.9756235e-20
-2.0615201e-20
0
1.7141223e-23
-1.78005e-23
-1.8459779e-23
-1.9119057e-23
0
5.3255938e-20
0
0
-5.8454568e-20
-4.6149445e-23
0
0
-6.5281471e-20
0
)
;

boundaryField
{
    piston
    {
        type            calculated;
        value           nonuniform List<scalar> 
40
(
3.5261346e-08
1.0578404e-07
1.7630671e-07
2.4682942e-07
3.1735211e-07
3.8787477e-07
4.583975e-07
5.2892019e-07
5.9944288e-07
6.699657e-07
7.4048833e-07
8.1101025e-07
8.8153373e-07
9.5205643e-07
1.0225791e-06
1.0931018e-06
1.1636245e-06
1.2341472e-06
1.3046699e-06
1.3751913e-06
1.4457153e-06
1.516238e-06
1.5867608e-06
1.6572835e-06
1.7278061e-06
1.7983288e-06
1.8688515e-06
1.9393742e-06
2.009895e-06
2.0804196e-06
2.1509423e-06
2.221465e-06
2.2919877e-06
2.3625104e-06
2.4330331e-06
2.5035533e-06
2.5740785e-06
2.6446012e-06
2.7151239e-06
2.7856466e-06
)
;
    }
    cylinderHead
    {
        type            calculated;
        value           uniform 0;
    }
    cylinderWall
    {
        type            calculated;
        value           nonuniform List<scalar> 
120
(
-6.877008e-20
-6.8774963e-20
-1.3754016e-19
-5.2742225e-23
-5.2742225e-23
-1.3754016e-19
6.8664595e-20
-6.877008e-20
0
-6.877008e-20
-5.2742225e-23
-5.2742225e-23
-5.2742225e-23
-6.877008e-20
6.8664595e-20
-6.8774963e-20
-6.877008e-20
-5.2742225e-23
6.8717338e-20
-5.2742225e-23
-5.2742225e-23
-5.274597e-23
0
-5.2742225e-23
0
-6.877008e-20
-5.2742225e-23
-6.877008e-20
-5.274597e-23
-5.2742225e-23
-5.2742225e-23
-5.2742225e-23
-5.2742225e-23
-5.2742225e-23
6.8717338e-20
-6.8827709e-20
6.8717338e-20
-6.877008e-20
-5.2742225e-23
-5.2742225e-23
-5.2742225e-23
6.8717338e-20
-5.274597e-23
-5.2742225e-23
-6.877008e-20
-6.877008e-20
-6.877008e-20
-5.2742225e-23
-5.2742225e-23
-5.274597e-23
-5.2742225e-23
-5.2742225e-23
-6.877008e-20
-6.877008e-20
-1.3754016e-19
-5.274597e-23
-5.2742225e-23
-5.2742225e-23
-6.877008e-20
-6.877008e-20
-6.877008e-20
-6.877008e-20
-5.274597e-23
-5.2742225e-23
-5.2742225e-23
-1.3754016e-19
6.8664595e-20
6.8664595e-20
-5.2742225e-23
-5.274597e-23
-5.2742225e-23
-5.2742225e-23
-5.2742225e-23
-6.877008e-20
6.8664595e-20
-5.2742225e-23
-6.8774963e-20
-5.2742225e-23
6.8717338e-20
-5.2742225e-23
-5.2742225e-23
-5.2742225e-23
-5.274597e-23
-5.2742225e-23
0
0
-5.2742225e-23
-5.2742225e-23
-5.2742225e-23
6.8722217e-20
-5.2742225e-23
-5.2742225e-23
-6.877008e-20
-5.2742225e-23
6.8717338e-20
0
0
-6.877008e-20
-5.2742225e-23
-6.877008e-20
-5.2742225e-23
-5.2742225e-23
-5.2742225e-23
6.8722217e-20
-1.3748742e-19
-6.8822822e-20
-5.2742225e-23
6.8717338e-20
-6.877008e-20
-5.274597e-23
6.8717338e-20
-6.8822822e-20
-6.877008e-20
-6.877008e-20
-5.2742225e-23
0
-5.274597e-23
-6.8822822e-20
-5.2742225e-23
-6.877008e-20
)
;
    }
    wedgeFront
    {
        type            wedge;
        value           nonuniform List<scalar> 
4800
(
-6.9844457e-27
9.6069199e-24
1.0476669e-26
-3.8151172e-24
3.8186094e-24
9.6167145e-24
-3.8151172e-24
-1.3421355e-23
2.3039705e-23
1.3431832e-23
1.3431832e-23
5.798105e-24
-9.6132222e-24
-3.8151172e-24
-3.8151172e-24
3.4924708e-27
3.8186094e-24
1.3431832e-23
-1.3421355e-23
-2.3034577e-23
3.8186094e-24
-9.6034274e-24
-2.3027593e-23
3.8186094e-24
2.3045054e-23
3.8186094e-24
-9.6132222e-24
3.8186094e-24
1.3432785e-23
-5.7876284e-24
-3.8151172e-24
-5.7876284e-24
1.0476669e-26
-9.6027456e-24
-1.9215968e-23
1.34258e-23
1.3431832e-23
-9.6132222e-24
-9.6132222e-24
9.6167145e-24
-2.3034577e-23
-1.3421355e-23
-9.6139048e-24
3.8186094e-24
1.0476669e-26
-3.8151172e-24
-1.3421355e-23
-9.6132222e-24
5.798105e-24
-9.6139048e-24
3.8186094e-24
3.8186094e-24
-1.3421355e-23
-3.8151172e-24
1.0476669e-26
5.7985167e-24
1.0476669e-26
3.8186094e-24
1.7461114e-26
-9.6132222e-24
0
-1.9208983e-23
-9.6139048e-24
-3.8151172e-24
3.8186094e-24
-9.6027456e-24
-1.3421355e-23
9.6062378e-24
2.3038069e-23
-9.6034274e-24
3.8186094e-24
5.798105e-24
-9.6132222e-24
-1.3421355e-23
-1.3421355e-23
1.0476669e-26
-5.7880393e-24
3.4922229e-27
-1.3421355e-23
-2.3034577e-23
1.3431832e-23
-9.6132222e-24
1.9220825e-23
3.8186094e-24
2.3045054e-23
9.6236989e-24
3.8186094e-24
1.0476669e-26
-5.7876284e-24
1.34258e-23
3.4922229e-27
1.3431832e-23
2.3045054e-23
3.8186094e-24
2.3045054e-23
-5.7946128e-24
3.4924708e-27
-9.6132222e-24
-9.6132222e-24
3.8186094e-24
-2.3034577e-23
5.798105e-24
-3.8151172e-24
0
0
9.6062378e-24
-5.7876284e-24
2.3045054e-23
3.8186094e-24
9.599935e-24
-3.8151172e-24
1.0476669e-26
0
1.3431832e-23
1.3431832e-23
0
2.304669e-23
2.3038069e-23
-5.7876284e-24
1.3431832e-23
6.5299091e-23
3.1432237e-26
-6.5288614e-23
0
2.687414e-23
-1.1603195e-23
1.1592718e-23
-6.5288614e-23
3.1432238e-26
-2.684271e-23
5.0049099e-23
-3.8424951e-23
1.1592718e-23
-1.1603195e-23
1.1592718e-23
1.0477412e-26
1.1613671e-23
-1.1582241e-23
3.8456381e-23
1.0476669e-26
-1.1582241e-23
2.6876048e-23
-1.1582241e-23
5.371685e-23
3.8456381e-23
3.8456381e-23
1.1592718e-23
2.687414e-23
3.1432237e-26
1.0476669e-26
0
2.687414e-23
-1.1582241e-23
3.8435428e-23
1.5281422e-23
-2.6844616e-23
-6.5288614e-23
3.8456381e-23
1.1592718e-23
-1.1582241e-23
1.0476669e-26
3.1430006e-26
2.6855093e-23
3.1430006e-26
-1.1582241e-23
1.1592718e-23
-6.5288614e-23
1.1592718e-23
-3.8424951e-23
-3.8448634e-23
1.0476669e-26
5.371685e-23
-6.5288614e-23
1.1592718e-23
-6.5288614e-23
1.5282507e-23
-1.1582241e-23
-2.6832233e-23
6.5330521e-23
3.8456381e-23
-2.6863663e-23
2.687414e-23
2.6876048e-23
0
2.687414e-23
-9.2152278e-23
-2.6832233e-23
-1.1582241e-23
-1.1550811e-23
1.1593541e-23
-2.6832233e-23
-3.8424951e-23
1.1592718e-23
-6.5288614e-23
-2.6832233e-23
-1.1582241e-23
1.1593541e-23
-1.1582241e-23
3.1430006e-26
1.0476669e-26
-1.1582241e-23
1.1592718e-23
-6.5240863e-23
3.1430006e-26
3.8456381e-23
2.687414e-23
1.0476669e-26
-1.1582241e-23
2.687414e-23
-8.0544325e-23
3.8456381e-23
-6.5288614e-23
6.5330521e-23
1.0476669e-26
2.687414e-23
2.6863663e-23
-5.3699709e-23
3.8456381e-23
1.1592718e-23
-1.1582241e-23
1.0476669e-26
-3.8424951e-23
7.6891809e-23
6.5303728e-23
3.8435428e-23
-6.5288614e-23
-3.8414474e-23
3.8456381e-23
1.1592718e-23
2.6876048e-23
3.8456381e-23
-3.8445904e-23
1.1592718e-23
2.684271e-23
1.1592718e-23
2.687414e-23
0
-2.6832233e-23
2.687414e-23
-1.1582241e-23
-7.6828941e-23
-7.6865829e-23
1.5281426e-23
1.3061564e-22
-7.6860372e-23
-1.5239519e-23
5.3744788e-23
7.6930216e-23
5.2387063e-26
-3.0468562e-23
5.3744788e-23
9.2131321e-23
-1.5208089e-23
6.1669743e-23
5.3744788e-23
2.0954825e-26
2.3255273e-23
-5.3706373e-23
2.0953337e-26
3.8477331e-23
2.0953337e-26
1.5282511e-23
9.2201165e-23
3.8414471e-23
2.0953337e-26
2.0953337e-26
-1.5208089e-23
7.6940693e-23
-7.6865829e-23
1.6111563e-22
1.3061564e-22
-3.8435424e-23
3.8477331e-23
2.0953337e-26
-5.3664467e-23
3.8480063e-23
2.3185428e-23
2.0953337e-26
-1.5208089e-23
-1.0739179e-22
3.8477331e-23
-5.3664467e-23
1.0477412e-26
-1.5270949e-23
-5.3664467e-23
5.3744788e-23
7.6930216e-23
-1.5208089e-23
9.2131321e-23
6.901016e-23
5.3706373e-23
3.8414471e-23
7.6930216e-23
5.3744788e-23
2.0953337e-26
1.5320928e-23
3.8477331e-23
2.0953337e-26
3.8477331e-23
2.0953337e-26
2.0953337e-26
9.2201165e-23
3.8480063e-23
1.3061564e-22
-7.6860372e-23
-5.3706373e-23
1.531984e-23
7.6930216e-23
-3.8403994e-23
2.0954825e-26
2.0953337e-26
9.2131321e-23
-1.5208089e-23
7.6930216e-23
1.531984e-23
-5.3664467e-23
-5.3636845e-23
-5.3664467e-23
-5.3664467e-23
3.8477331e-23
-5.3706373e-23
-1.5208089e-23
-3.8406721e-23
-1.5270949e-23
2.0953337e-26
-5.3664467e-23
5.3706373e-23
3.8477331e-23
-3.8435424e-23
1.5320928e-23
3.8435424e-23
2.3185428e-23
2.3216858e-23
5.3706373e-23
-3.8403994e-23
2.0953337e-26
5.3748604e-23
3.8445901e-23
-1.5208089e-23
2.0953337e-26
3.8477331e-23
9.2131321e-23
-1.0476669e-26
-9.2127385e-23
5.3744788e-23
-5.3706373e-23
5.3744788e-23
9.2201165e-23
5.3744788e-23
-3.8406721e-23
1.4588659e-22
1.1534119e-22
3.8445901e-23
2.3216858e-23
-5.3664467e-23
7.6940693e-23
3.8480063e-23
2.0953337e-26
2.0953337e-26
2.3216858e-23
-5.3713358e-23
-1.3057253e-22
-1.0739878e-22
7.6919747e-23
-2.7937783e-26
-5.3713358e-23
-2.3108607e-23
7.6919747e-23
6.9849417e-26
-1.3052135e-22
6.9844457e-26
6.9844457e-26
-5.3671451e-23
7.6919747e-23
-2.3108607e-23
-7.6841389e-23
-1.073429e-22
7.6919747e-23
5.3699389e-23
-2.3150513e-23
1.3968891e-26
-5.3577473e-23
-7.6794027e-23
7.6961653e-23
7.6919747e-23
7.6919747e-23
-5.3671451e-23
-5.3657482e-23
-2.3152157e-23
5.3699389e-23
7.6919747e-23
1.3064707e-22
-2.3150513e-23
5.3755264e-23
2.0755984e-22
-7.6883299e-23
1.3968891e-26
-5.3713358e-23
-5.3671451e-23
7.6919747e-23
-2.3150513e-23
5.3699389e-23
-1.3057253e-22
1.3064707e-22
-5.3713358e-23
-2.3108607e-23
7.6919747e-23
-5.3671451e-23
6.9844457e-26
-2.3110248e-23
7.6919747e-23
7.6961653e-23
7.6919747e-23
-2.3108607e-23
-5.3713358e-23
-7.6841389e-23
-2.3150513e-23
1.0008423e-22
1.1175113e-25
-5.3713358e-23
-5.3713358e-23
-1.073429e-22
7.6925209e-23
7.6919747e-23
-2.7937783e-26
7.6919747e-23
-7.6794027e-23
6.9844457e-26
-2.3108607e-23
-5.3717172e-23
6.9844457e-26
6.9844457e-26
-5.3671451e-23
7.6919747e-23
-7.6794027e-23
-5.3713358e-23
1.0743434e-22
1.3968891e-26
5.3699389e-23
-2.3150513e-23
7.6919747e-23
-5.3671451e-23
-1.074064e-22
1.3064707e-22
7.6919747e-23
7.6919747e-23
7.6919747e-23
-5.3671451e-23
1.3064707e-22
1.3061444e-22
1.3968891e-26
1.3968891e-26
5.3797171e-23
7.6919747e-23
6.9844457e-26
2.0755984e-22
2.3235977e-23
-5.3713358e-23
-5.3671451e-23
1.3968891e-26
-5.3671451e-23
6.9844457e-26
-3.0493e-23
-5.3619383e-23
-2.3108607e-23
5.3797171e-23
1.3968891e-26
-2.3052731e-23
1.3968891e-26
3.0578984e-23
-1.0744068e-22
-5.3615575e-23
1.3968891e-26
-1.3052135e-22
4.6419763e-23
-1.8429059e-22
2.3235977e-23
-1.3056326e-22
7.6919747e-23
-7.6835933e-23
1.0742672e-22
-7.6862344e-23
-7.6856887e-23
-6.9844457e-27
1.0744418e-22
-4.6335949e-23
-1.537906e-22
3.0576813e-23
-1.074064e-22
-1.8431154e-22
-1.8431154e-22
7.6961653e-23
7.6905778e-23
3.0576813e-23
-1.537906e-22
7.6967118e-23
5.5875566e-26
-2.9161952e-22
3.0513953e-23
1.8427662e-22
-2.9161952e-22
5.5879533e-26
-1.8431154e-22
-6.9844457e-27
4.6356903e-23
1.5381156e-22
7.6905778e-23
5.5875566e-26
-1.074064e-22
7.6905778e-23
-6.9844457e-27
-7.6856887e-23
-9.0797794e-26
-7.6794027e-23
-7.687784e-23
3.0578984e-23
-1.0746164e-22
1.0742672e-22
7.6905778e-23
-2.9161952e-22
1.8427662e-22
-4.6335949e-23
7.6911239e-23
-6.9844457e-27
-4.6335949e-23
-1.537906e-22
3.0576813e-23
7.6905778e-23
7.6961653e-23
7.6911239e-23
5.5875566e-26
-6.9844457e-27
3.0576813e-23
-1.537906e-22
-4.6335949e-23
-6.9849417e-27
-9.0797794e-26
7.6905778e-23
5.5875566e-26
1.0742672e-22
1.0742672e-22
5.5875566e-26
2.307407e-22
-6.9844457e-27
1.0744418e-22
3.0576813e-23
-1.8431154e-22
-7.6856887e-23
5.5875566e-26
7.6967118e-23
5.5875566e-26
7.6961653e-23
7.6905778e-23
3.0576813e-23
-1.8431154e-22
-4.6335949e-23
7.6911239e-23
-2.9161952e-22
-4.6335949e-23
1.8427662e-22
-2.9161952e-22
7.6905778e-23
1.8434558e-22
-6.9844457e-27
4.6356903e-23
2.7937783e-26
5.5875566e-26
-2.6116144e-22
-7.6856887e-23
3.0578984e-23
-1.0746164e-22
-1.0746164e-22
5.5875566e-26
5.5875566e-26
-3.0493e-23
-3.0548875e-23
5.5879533e-26
1.0742672e-22
7.6905778e-23
-2.9161952e-22
-7.6794027e-23
7.6961653e-23
4.6301027e-23
-1.5380152e-22
-1.0746164e-22
5.5875566e-26
5.5875566e-26
-2.7937783e-26
7.6905778e-23
-4.6339239e-23
-3.0548875e-23
4.6356903e-23
2.1487788e-22
-7.69407e-23
-3.0548875e-23
-1.0739878e-22
7.6911239e-23
5.5875566e-26
5.5875566e-26
-1.8431154e-22
1.6844765e-22
-1.0477412e-26
-4.6374349e-23
2.6114397e-22
-1.0750005e-22
-1.5374519e-22
-2.6119984e-22
-4.5398897e-26
-1.5383992e-22
2.1489534e-22
1.0732544e-22
-1.2921225e-25
-1.2921225e-25
-1.5374519e-22
-2.6119984e-22
7.3341887e-26
-4.6374349e-23
-4.5398897e-26
-1.0746164e-22
-1.0750005e-22
-4.5398897e-26
-1.5375611e-22
1.5368931e-22
1.5368931e-22
4.6199738e-23
4.6199738e-23
-1.2921225e-25
6.0996491e-23
-1.2922142e-25
-1.2921225e-25
2.6114397e-22
1.5368931e-22
2.6122429e-22
1.0724163e-22
-2.1487089e-22
1.0736799e-22
-2.1495121e-22
1.6844765e-22
-1.2921225e-25
-2.0007414e-22
-1.0750005e-22
4.6238152e-23
-3.6867718e-22
4.6318473e-23
3.4922229e-26
-2.6119984e-22
-4.5398897e-26
-1.2921225e-25
-1.2921225e-25
4.6321762e-23
-1.2921225e-25
1.5368931e-22
-4.5398897e-26
-2.6119984e-22
-4.5398897e-26
4.6321762e-23
2.6122429e-22
-2.6128016e-22
-1.2921225e-25
1.6844765e-22
-4.6458162e-23
1.0732544e-22
-6.1137029e-23
2.6114397e-22
-1.0750005e-22
1.0740576e-22
-2.6119984e-22
2.0010208e-22
-1.0476669e-26
-1.2922142e-25
-1.0758037e-22
-1.2921225e-25
-1.2921225e-25
-4.5398897e-26
-2.6119984e-22
3.4922229e-26
1.0724924e-22
-2.0007414e-22
4.6238152e-23
-1.0750005e-22
-4.5398897e-26
-1.2921225e-25
-2.6133713e-22
4.6318473e-23
4.6199738e-23
-2.1487089e-22
-1.2921225e-25
2.1489534e-22
1.5368931e-22
-1.2922142e-25
1.0732544e-22
-2.1495121e-22
-4.6458162e-23
-1.2921225e-25
-2.6119984e-22
4.6199738e-23
-2.6121839e-22
6.1076812e-23
-1.2921225e-25
-4.5398897e-26
-1.53829e-22
-1.2921225e-25
-1.5386392e-22
-1.5395867e-22
-1.53829e-22
-1.0741624e-22
-1.2921225e-25
-4.6374349e-23
4.6199738e-23
-1.0477413e-26
1.0732544e-22
2.6114397e-22
-1.53829e-22
2.1489534e-22
-1.2921225e-25
6.0996491e-23
-1.0758801e-22
-1.0741624e-22
-1.2921225e-25
3.2226618e-22
4.6245151e-23
1.0734354e-22
1.536998e-22
-1.0745465e-22
-1.1873558e-25
0
0
-1.5381854e-22
1.5371072e-22
-1.1873558e-25
4.6328965e-23
-1.0748958e-22
-1.1873558e-25
-1.5381854e-22
0
1.0725972e-22
1.536998e-22
4.6328965e-23
-1.1873558e-25
-3.0763708e-22
4.6328965e-23
-1.0749721e-22
-1.5381854e-22
1.5378362e-22
-4.6363887e-23
-4.6363887e-23
-1.5393728e-22
3.0739961e-22
-1.5394821e-22
-3.4922229e-26
-1.0745465e-22
8.3813349e-26
-1.5381854e-22
1.0733592e-22
1.0733592e-22
-1.1874401e-25
-1.5373473e-22
4.6245151e-23
-1.1873558e-25
-1.0737084e-22
-1.5381854e-22
-1.1873558e-25
4.6248435e-23
8.3813349e-26
2.6115446e-22
0
-1.5381854e-22
-1.1873558e-25
-1.0748958e-22
-4.6367179e-23
1.0733592e-22
1.5378362e-22
-1.5381854e-22
0
0
-1.5382946e-22
-1.5381854e-22
1.536998e-22
0
4.6245151e-23
2.6115446e-22
0
4.6332254e-23
-1.0745465e-22
-1.1873558e-25
-1.5381854e-22
4.6328965e-23
-1.0745465e-22
8.3813349e-26
-1.5382946e-22
1.536998e-22
-1.0748958e-22
-1.5393728e-22
-1.5381854e-22
4.6328965e-23
2.6115446e-22
-1.5382946e-22
-1.0737084e-22
-1.1873558e-25
-1.5381854e-22
4.6328965e-23
-1.5393728e-22
-1.0749721e-22
8.3813349e-26
-4.6363887e-23
1.0733592e-22
1.0733592e-22
-1.5381854e-22
8.3813349e-26
-4.6450998e-23
-1.0745465e-22
-1.5373473e-22
3.0739961e-22
1.0733592e-22
1.0733592e-22
-4.6363887e-23
-1.1874401e-25
4.6245151e-23
-1.5393728e-22
4.6328965e-23
-1.5381854e-22
-1.0748958e-22
2.6115446e-22
-1.1874401e-25
4.6328965e-23
4.6328965e-23
-1.5373473e-22
2.1479057e-22
-4.6363887e-23
-4.6450998e-23
-1.5381854e-22
-1.5393728e-22
-1.0757339e-22
-1.1873558e-25
-6.1209502e-23
1.5358107e-22
1.0734354e-22
-1.0748958e-22
-1.5373473e-22
1.5358107e-22
4.6388333e-23
-1.5368976e-22
-2.6101128e-22
2.6121033e-22
-1.0731147e-22
1.5375917e-22
1.5367885e-22
1.5375917e-22
-1.5368976e-22
1.5375917e-22
-4.6426747e-23
-2.0008814e-22
4.6388333e-23
1.5375917e-22
1.5367885e-22
-3.6864576e-22
-5.9367789e-26
9.2717297e-23
2.0016846e-22
2.6101128e-22
2.0016846e-22
-1.0731909e-22
4.1491014e-22
4.6388333e-23
5.9367789e-26
1.0751053e-22
-1.0743021e-22
-1.0743021e-22
2.148617e-22
1.5383949e-22
2.6121033e-22
1.5375917e-22
4.1482982e-22
2.6121033e-22
2.6113001e-22
1.5377009e-22
-1.4733864e-23
4.6388333e-23
4.6388333e-23
1.5375917e-22
4.1482982e-22
1.0751053e-22
4.6471953e-23
9.2717297e-23
2.6113001e-22
1.5367885e-22
1.5375917e-22
4.6388333e-23
-2.0008814e-22
2.6122888e-22
1.5383949e-22
4.6388333e-23
1.5375917e-22
1.5367885e-22
1.5375917e-22
-3.6852702e-22
4.1482982e-22
1.5383949e-22
1.5364044e-22
4.6388333e-23
-1.0743021e-22
1.5364044e-22
-2.148163e-22
2.6121033e-22
-1.0731147e-22
2.6121033e-22
2.0000782e-22
3.6858117e-22
1.5375917e-22
-1.6844563e-22
2.6121033e-22
-2.0008814e-22
-1.0743021e-22
1.5375917e-22
2.0000782e-22
2.6113001e-22
1.0751816e-22
2.6121033e-22
1.0751053e-22
4.1482982e-22
9.2717297e-23
-1.0743021e-22
-5.9372004e-26
9.2717297e-23
5.9367789e-26
2.6113001e-22
1.5383949e-22
2.0008814e-22
1.5375917e-22
5.9372004e-26
1.5375917e-22
-1.4733864e-23
-1.0743021e-22
1.5383949e-22
1.5375917e-22
5.9367789e-26
1.5377009e-22
4.6388333e-23
-1.0743021e-22
2.0016846e-22
2.0008814e-22
-2.0008814e-22
-5.9367789e-26
1.5377009e-22
9.2636976e-23
1.0751053e-22
2.6121033e-22
2.6121033e-22
1.0751053e-22
2.6122888e-22
2.6121033e-22
1.5383949e-22
-1.5379759e-22
1.5375917e-22
-1.0743021e-22
1.5383949e-22
1.5385042e-22
1.0751053e-22
4.6308011e-23
4.6388333e-23
0
1.5371072e-22
-6.092314e-23
5.2242765e-22
0
1.1873558e-25
4.889112e-26
1.536998e-22
1.5371072e-22
-2.1486042e-22
-5.8335079e-22
2.1490931e-22
0
-1.536998e-22
4.889112e-26
0
-6.1041875e-23
-1.1873558e-25
3.6860911e-22
0
-1.1873558e-25
3.0742144e-22
2.1490931e-22
-2.1486042e-22
2.1474168e-22
2.1474168e-22
0
-3.6844148e-22
3.0754018e-22
3.6860911e-22
5.2242765e-22
2.1462294e-22
-1.5381854e-22
2.1490931e-22
0
-3.0737254e-22
-2.1486042e-22
0
0
-5.2226002e-22
0
6.1209502e-23
2.1492457e-22
-2.1486042e-22
0
4.889112e-26
1.536998e-22
0
2.1490931e-22
0
1.676267e-25
-2.1486042e-22
1.536998e-22
4.889112e-26
3.0751834e-22
-2.1475693e-22
-1.5381854e-22
-2.1474168e-22
0
0
0
0
1.5387836e-22
5.2242765e-22
0
5.2242765e-22
-1.5365091e-22
5.2242765e-22
3.6844148e-22
2.1492457e-22
9.2657929e-23
2.1490931e-22
0
1.536998e-22
-1.5365091e-22
0
-1.5371072e-22
-5.2226002e-22
6.1209502e-23
0
-1.1873558e-25
0
-2.1487567e-22
-2.1486042e-22
2.1474168e-22
0
1.676267e-25
-1.5381854e-22
2.1462294e-22
-1.5382946e-22
2.1479057e-22
-2.1486042e-22
-3.6844148e-22
1.676267e-25
0
2.1474168e-22
-1.5382946e-22
1.536998e-22
0
-1.1873558e-25
0
2.1490931e-22
1.536998e-22
0
2.1479057e-22
0
5.8335079e-22
-1.5365091e-22
4.2965099e-22
-1.5382946e-22
3.6860911e-22
-1.5393728e-22
3.6860911e-22
-2.1486042e-22
1.5381854e-22
-1.5353218e-22
2.1492457e-22
2.1490931e-22
3.6844148e-22
-5.2226002e-22
-1.537138e-22
2.148617e-22
-2.1475565e-22
-2.1491978e-22
6.1027876e-23
6.1027876e-23
-1.3968891e-26
-1.7810337e-25
2.148617e-22
-1.537592e-22
1.5392334e-22
-3.6850088e-22
1.5392334e-22
-1.5387794e-22
-1.3968891e-26
3.0748087e-22
6.1146612e-23
1.0476669e-25
1.538046e-22
3.6854628e-22
-2.1480105e-22
3.6857245e-22
1.0476669e-25
-1.537592e-22
1.0476669e-25
-3.6861962e-22
1.0476669e-25
-1.5359507e-22
-2.1469756e-22
5.2253248e-22
-2.1491978e-22
-5.9367789e-26
1.5364047e-22
1.0476669e-25
1.5364047e-22
-3.0759961e-22
3.6866502e-22
6.1027876e-23
1.5392334e-22
2.1484645e-22
5.2236485e-22
2.1484645e-22
-2.148163e-22
-5.9367789e-26
-1.7810337e-25
-1.3968891e-26
-1.7810337e-25
1.5392334e-22
-3.6850088e-22
-1.3969883e-26
-1.5359507e-22
-1.537592e-22
-1.7810337e-25
-1.3968891e-26
2.1472771e-22
-1.5372472e-22
1.5364047e-22
-6.0982478e-23
2.1501407e-22
6.1027876e-23
2.1484645e-22
1.0476669e-25
-4.2973737e-22
-2.1491978e-22
6.1027876e-23
3.6854628e-22
6.1027876e-23
-1.5387794e-22
3.6883264e-22
1.0477412e-25
-6.0982478e-23
-3.6850088e-22
1.0476669e-25
-1.7810337e-25
6.1027876e-23
-1.7810337e-25
-2.148163e-22
-5.9367789e-26
2.1484645e-22
5.2236485e-22
1.0476669e-25
1.0476669e-25
-1.5388886e-22
-5.9367789e-26
1.0476669e-25
3.6854628e-22
-1.5359507e-22
-3.6850088e-22
-5.9367789e-26
-1.5360597e-22
3.0762317e-22
3.6866502e-22
6.1314239e-23
-1.5359507e-22
1.0476669e-25
-2.1480105e-22
1.0477412e-25
-9.2671958e-23
1.0476669e-25
-2.1480105e-22
2.2350226e-25
-3.6850088e-22
-6.1101213e-23
1.0477413e-25
1.2206972e-22
-6.0982478e-23
3.077908e-22
3.6854628e-22
3.6883264e-22
-3.6852705e-22
1.538046e-22
-3.6861962e-22
6.1146612e-23
-6.1101213e-23
1.0476669e-25
-1.5359507e-22
3.6857245e-22
-6.0982478e-23
6.1027876e-23
-3.6850088e-22
-1.5395824e-22
2.7587297e-22
2.1476962e-22
2.1476962e-22
4.295113e-22
2.1476962e-22
6.1069798e-23
1.2215356e-22
6.095539e-23
2.1460199e-22
-1.5395824e-22
-6.1181549e-23
-6.1181549e-23
2.7585338e-22
6.1069798e-23
-2.1501537e-22
2.7569274e-22
6.0951062e-23
-1.5395824e-22
1.5356013e-22
6.0951062e-23
-2.1489663e-22
2.7581148e-22
-9.0797794e-26
2.1465088e-22
2.4628793e-22
-6.1181549e-23
6.0951062e-23
-4.2993295e-22
-4.6147662e-22
2.1476962e-22
-9.2748757e-23
1.5356013e-22
-3.6858119e-22
9.2748757e-23
6.0787752e-23
2.7937783e-26
-1.5395824e-22
-6.1181549e-23
6.0951062e-23
1.5356013e-22
-1.5395824e-22
5.2243684e-22
-1.5379062e-22
-3.0760917e-22
6.1069798e-23
1.2215356e-22
-6.1181549e-23
-6.1181549e-23
-9.2755343e-23
-2.1488137e-22
-9.0797794e-26
1.2215356e-22
6.1069798e-23
6.1069798e-23
-5.8364369e-22
1.5356013e-22
6.0951062e-23
1.2199292e-22
-1.5395824e-22
-1.5395824e-22
1.2199292e-22
-6.1234788e-23
2.1476962e-22
4.295113e-22
-1.5383951e-22
3.0742758e-22
2.1476962e-22
-1.5383951e-22
3.0739353e-22
6.0951062e-23
-6.1181549e-23
-6.1181549e-23
1.2215356e-22
3.0742758e-22
-3.0760917e-22
2.1478487e-22
6.0951062e-23
-1.5395824e-22
1.5356013e-22
6.0951062e-23
-6.1181549e-23
-1.5396918e-22
-1.5379062e-22
2.1465088e-22
-1.5379062e-22
-2.1488137e-22
-2.7592323e-22
-9.2748757e-23
-6.1234788e-23
6.0951062e-23
2.7937783e-26
6.0951062e-23
-2.1488137e-22
-9.0797794e-26
4.6119026e-22
-1.5389933e-22
-1.5395824e-22
-6.1181549e-23
6.0951062e-23
-2.7592323e-22
-6.1181549e-23
9.2630021e-23
5.2231809e-22
2.7937783e-26
1.5383951e-22
-1.5407698e-22
-2.5842449e-25
-1.5407698e-22
-4.61223e-22
2.1476962e-22
-1.2215356e-22
-1.3968891e-25
-2.1488137e-22
-6.1181549e-23
2.1476962e-22
5.220387e-22
-1.5379062e-22
-2.1493026e-22
-1.3968891e-25
-9.2811319e-23
-2.149106e-22
1.2226212e-22
-5.2229468e-22
2.1498963e-22
4.2966146e-22
3.0731902e-22
-9.2717029e-23
-1.2217301e-22
1.3968891e-26
3.0764729e-22
1.3968891e-26
-9.2811319e-23
1.2202465e-22
3.0731902e-22
-1.2217301e-22
-4.2979766e-22
3.0747966e-22
-2.1472771e-22
3.0747966e-22
3.0747966e-22
-9.2650271e-23
1.3968891e-26
7.3729478e-22
5.2238897e-22
-1.5365781e-25
2.14822e-22
-5.2245532e-22
-3.0757484e-22
-3.07553e-22
-5.2229468e-22
4.2989544e-22
2.1475565e-22
3.0747966e-22
5.2238897e-22
1.2210666e-22
-2.1498963e-22
2.1458802e-22
-9.2811319e-23
9.2737982e-23
-1.5365781e-25
-2.1472771e-22
5.2242606e-22
6.4463712e-22
2.1475565e-22
3.0731902e-22
-9.2717029e-23
-9.2811319e-23
1.3968891e-26
2.1500489e-22
8.0321126e-26
7.3729478e-22
-9.2717029e-23
3.0731902e-22
2.1491978e-22
9.2744567e-23
2.1475565e-22
1.3968891e-26
-2.1489534e-22
2.1458802e-22
2.1458802e-22
-4.2979766e-22
3.0766913e-22
-5.2229468e-22
2.1498963e-22
2.1491978e-22
9.257734e-23
-1.5365781e-25
8.0321126e-26
3.075015e-22
1.3968891e-26
1.3968891e-26
2.14822e-22
-9.2717029e-23
9.257734e-23
2.1475565e-22
-9.2650271e-23
9.2737982e-23
-2.1472771e-22
-1.5365781e-25
3.0747966e-22
2.14822e-22
4.0000508e-22
6.4463712e-22
5.2238897e-22
5.2238897e-22
8.0321126e-26
-2.1472771e-22
4.2989544e-22
3.0766913e-22
-5.2229468e-22
-2.1498963e-22
-3.07553e-22
8.0321126e-26
7.3713065e-22
5.2238897e-22
2.1500489e-22
-1.5365781e-25
2.14822e-22
3.0747966e-22
-4.2963702e-22
1.3968891e-26
3.0764729e-22
2.147709e-22
-2.14822e-22
-2.1466136e-22
-3.07553e-22
-9.2643692e-23
-1.5365781e-25
-1.5366872e-25
-5.2229468e-22
-9.5193868e-22
2.1475565e-22
4.2949733e-22
1.2209799e-22
-3.07553e-22
-7.3708869e-22
-3.0738537e-22
-3.07553e-22
-9.2643692e-23
9.2410011e-23
-2.1507125e-22
5.2222164e-22
-3.0771394e-22
-5.2245562e-22
8.0321126e-26
2.1458802e-22
-8.0321126e-26
2.147709e-22
-3.075533e-22
-3.1430006e-25
-9.3049088e-23
2.1458802e-22
-2.14822e-22
2.1458802e-22
-2.1500489e-22
8.0321126e-26
-7.3736493e-22
3.0724598e-22
2.14822e-22
-3.075533e-22
8.0326829e-26
9.2577638e-23
-1.2239802e-22
-3.1430006e-25
-2.1522361e-22
5.2222164e-22
3.0747996e-22
-3.0757514e-22
3.9980965e-22
-3.0771394e-22
-2.1505598e-22
-9.2811617e-23
-3.1430006e-25
-2.1505598e-22
-3.1432238e-25
-1.2216404e-22
9.2410011e-23
2.1458802e-22
-1.2256565e-22
-9.2811617e-23
4.293297e-22
9.2416573e-23
-4.2979766e-22
-2.1505598e-22
2.1458802e-22
-8.0321126e-26
2.1458802e-22
-9.3049088e-23
-2.1507125e-22
-2.1505598e-22
-1.2239802e-22
-8.0321126e-26
2.1458802e-22
2.14822e-22
9.2584212e-23
-9.2811617e-23
5.2222164e-22
3.0747996e-22
9.2410011e-23
-9.3049088e-23
3.0747996e-22
-1.5366872e-25
-3.0771394e-22
-5.2245562e-22
-8.0321126e-26
3.0724598e-22
-4.2979766e-22
-1.5365781e-25
4.2936019e-22
5.2222164e-22
-9.3049088e-23
5.2222164e-22
-8.0321126e-26
3.0724598e-22
-2.1505598e-22
-3.0773579e-22
3.0724598e-22
4.293297e-22
-9.2811617e-23
-7.3736493e-22
5.2222164e-22
-3.0757514e-22
-4.2979766e-22
-3.1430006e-25
-2.1505598e-22
-2.1505598e-22
-1.5365781e-25
-2.1505598e-22
2.4796543e-25
-3.0771394e-22
-1.2216404e-22
3.0747996e-22
-2.1505598e-22
-3.1430006e-25
-3.1430006e-25
6.4451875e-22
9.2410011e-23
5.2222164e-22
-3.075533e-22
-1.5365781e-25
-9.3049088e-23
9.2343659e-23
-3.1432238e-25
-1.5365781e-25
-9.2811617e-23
-1.2233167e-22
-3.075533e-22
9.2410011e-23
7.3701565e-22
-8.0321126e-26
-8.0321126e-26
-3.1430006e-25
-3.075533e-22
2.1458802e-22
9.2577638e-23
-4.302333e-22
-9.2811617e-23
-2.1505598e-22
-1.5365781e-25
-4.2973131e-22
2.147709e-22
9.2504301e-23
-2.1489534e-22
-2.1505598e-22
-4.2963702e-22
-2.1489534e-22
-5.2229498e-22
-1.5366872e-25
1.3968891e-26
-2.1505598e-22
-9.264399e-23
-5.2229498e-22
-4.2963702e-22
-2.1489534e-22
-2.149106e-22
1.3968891e-26
2.1475565e-22
9.2504301e-23
-3.075533e-22
-1.5365781e-25
-1.5366872e-25
-2.1466136e-22
-1.5365781e-25
1.3968891e-26
9.273828e-23
-5.2229498e-22
1.3968891e-26
2.147709e-22
3.0741361e-22
-2.1489534e-22
-1.5365781e-25
-9.264399e-23
-1.5365781e-25
5.2222164e-22
2.147709e-22
-2.1505598e-22
-4.2973131e-22
-5.2229498e-22
3.0741361e-22
-3.075533e-22
-1.5365781e-25
2.147709e-22
-1.5365781e-25
5.2222164e-22
-2.1489534e-22
-5.2229498e-22
-5.2229498e-22
-9.264399e-23
-1.5366872e-25
-1.5365781e-25
-1.5365781e-25
-5.2229498e-22
-2.1489534e-22
-5.2229498e-22
-3.0757514e-22
-9.264399e-23
5.2238927e-22
-3.0738567e-22
-4.2973131e-22
2.1498963e-22
-3.0738567e-22
9.2744866e-23
-2.1489534e-22
-2.1505598e-22
2.4794782e-25
-4.2963702e-22
-1.5365781e-25
-1.5365781e-25
-1.2217272e-22
5.2238927e-22
-9.264399e-23
-5.2229498e-22
-5.2229498e-22
-4.2963702e-22
5.2222164e-22
-3.0757514e-22
9.2504301e-23
-1.5365781e-25
-3.075533e-22
2.1475565e-22
-5.2229498e-22
-9.2818207e-23
-1.5365781e-25
1.3968891e-26
4.2949733e-22
-1.5365781e-25
1.3968891e-26
-1.5365781e-25
7.3718329e-22
-2.1489534e-22
-2.1505598e-22
1.3968891e-26
-1.5365781e-25
2.1475565e-22
9.273828e-23
7.3718329e-22
-4.2973131e-22
-5.2229498e-22
-1.5365781e-25
-2.1489534e-22
-9.264399e-23
-2.1505598e-22
-3.0757514e-22
-1.5365781e-25
-1.5365781e-25
4.2949733e-22
-1.5365781e-25
1.3968891e-26
7.3718329e-22
9.273828e-23
9.273828e-23
-3.075533e-22
1.3968891e-26
-5.2229498e-22
9.273828e-23
-1.2217272e-22
-1.5365781e-25
2.1475565e-22
1.3968891e-26
-9.2448426e-23
-2.1447404e-22
-5.2226005e-22
2.1495121e-22
4.2969289e-22
-1.2220246e-22
-5.2226005e-22
2.1518868e-22
-1.2173965e-22
1.1873558e-25
4.5398897e-26
3.0791649e-22
3.0751837e-22
6.1524628e-22
-5.2226005e-22
9.2783283e-23
-3.0751837e-22
3.0751837e-22
2.1478708e-22
-1.1873558e-25
-1.1873558e-25
4.2996089e-22
4.4700453e-25
-2.1462294e-22
4.5398897e-26
4.5398897e-26
-1.1873558e-25
-9.2776695e-23
-2.1487567e-22
-5.2226005e-22
2.1495121e-22
-4.2936462e-22
3.0751837e-22
2.8287005e-25
-2.1445881e-22
3.0746687e-22
-2.1486042e-22
-9.2448426e-23
3.0751837e-22
-1.2196498e-22
3.0751837e-22
2.1478708e-22
9.2853132e-23
9.2776695e-23
-5.2209592e-22
-5.2226005e-22
2.1518868e-22
3.0751837e-22
3.0791649e-22
2.8289014e-25
2.8287005e-25
-2.1462294e-22
2.1518868e-22
-5.2226005e-22
-5.2226005e-22
2.1520396e-22
3.0751837e-22
5.2258832e-22
-7.3700173e-22
-9.2448426e-23
-5.2226005e-22
-7.3700173e-22
1.1874401e-25
2.1495121e-22
4.2969289e-22
-3.0735424e-22
-5.2226005e-22
4.2969289e-22
-9.2448426e-23
-5.2229714e-22
7.3733e-22
3.0791649e-22
-1.1873558e-25
2.1518868e-22
-5.2226005e-22
-5.2209592e-22
9.2783283e-23
-4.2960209e-22
2.1478708e-22
3.0751837e-22
3.0751837e-22
-1.1873558e-25
-3.0737606e-22
9.2776695e-23
4.5398897e-26
-5.2209592e-22
2.8287005e-25
3.0751837e-22
-4.2936462e-22
3.0754021e-22
3.0768251e-22
-2.1486042e-22
-9.2776695e-23
2.8287005e-25
2.1478708e-22
3.0768251e-22
9.2783283e-23
1.2229325e-22
-1.1873558e-25
-1.1873558e-25
3.0751837e-22
3.0791649e-22
-9.2539224e-23
5.2246128e-22
9.2539224e-23
-3.0751837e-22
-2.1486042e-22
-7.3700173e-22
-2.1486042e-22
1.1874401e-25
5.2258832e-22
-6.1498786e-22
2.1502455e-22
-1.2196498e-22
9.261256e-23
6.4467204e-22
6.4464797e-22
-3.0751837e-22
-5.2209592e-22
2.1486042e-22
-1.2193006e-22
-8.0326829e-26
-4.2956368e-22
1.3968891e-26
-8.0321126e-26
3.0731932e-22
-3.1430006e-25
1.3968891e-26
-3.0773579e-22
-3.1430006e-25
4.2973131e-22
-7.371973e-22
1.3968891e-26
4.2949733e-22
-3.1430006e-25
-3.0750179e-22
3.0731932e-22
4.2973131e-22
-2.4401378e-22
7.3713095e-22
4.2973131e-22
7.3718329e-22
1.3968891e-26
9.2235257e-22
-3.1430006e-25
-1.224958e-22
3.0764759e-22
-1.2216404e-22
7.3718329e-22
-4.2979766e-22
1.3968891e-26
3.075533e-22
-3.1430006e-25
4.2973131e-22
-3.0771394e-22
-3.0750179e-22
7.3713095e-22
-1.2193006e-22
1.3968891e-26
3.0764759e-22
4.2949733e-22
6.1495294e-22
6.149966e-22
6.1495294e-22
1.2209769e-22
-3.1430006e-25
1.3968891e-26
1.3968891e-26
-7.371973e-22
7.3718329e-22
7.3713095e-22
9.2235257e-22
1.3968891e-26
-3.1430006e-25
-1.2216404e-22
3.0766943e-22
-3.1430006e-25
-4.9317653e-22
3.0764759e-22
-1.2193006e-22
-4.2956368e-22
-1.2216404e-22
7.3741728e-22
1.3968891e-26
-8.0321126e-26
-1.2216404e-22
-1.2239802e-22
1.2209769e-22
3.075533e-22
-3.0797328e-22
-4.9317653e-22
-7.371973e-22
3.0764759e-22
1.3968891e-26
-1.2239802e-22
1.2209769e-22
2.4796543e-25
3.0764759e-22
6.1495294e-22
4.2949733e-22
4.2973131e-22
3.0764759e-22
4.2976182e-22
6.1495294e-22
-3.1430006e-25
-3.0771394e-22
7.3713095e-22
3.0708534e-22
3.075533e-22
-7.3724965e-22
3.0764759e-22
7.3713095e-22
3.0764759e-22
7.3713095e-22
-3.0771394e-22
-3.1430006e-25
1.2177807e-22
1.8546958e-22
3.0764759e-22
4.2973131e-22
7.3689697e-22
-7.371973e-22
3.0764759e-22
1.0448388e-21
-3.0771394e-22
1.2209769e-22
-3.0771394e-22
-3.1430006e-25
-3.1430006e-25
-8.0326829e-26
1.3968891e-26
-4.2989544e-22
1.3968891e-26
-4.2979766e-22
3.0764759e-22
1.3968891e-26
-8.0326829e-26
4.2973131e-22
-8.0321126e-26
-4.2979766e-22
-3.0707137e-22
-3.0765895e-22
4.2948336e-22
-3.0763711e-22
0
-1.2208372e-22
3.0739964e-22
3.0739964e-22
0
-4.300491e-22
3.0763711e-22
-3.0739964e-22
0
-1.2208372e-22
3.0739964e-22
-1.8556657e-22
-2.3747115e-25
-1.0442826e-21
1.2217452e-22
-4.2948336e-22
-1.0442826e-21
0
-7.3712047e-22
0
0
0
0
-3.0763711e-22
7.375011e-22
1.8555339e-22
-3.0763711e-22
-1.2208372e-22
-1.1669321e-21
0
0
-1.2209239e-22
3.2826895e-25
3.0772791e-22
0
-4.2948336e-22
-4.2948336e-22
1.2217452e-22
-6.1531442e-22
-4.2948336e-22
4.2981163e-22
3.0739964e-22
3.0739964e-22
0
-3.0739964e-22
-4.2951386e-22
0
0
3.0739964e-22
3.0739964e-22
3.0739964e-22
4.2984215e-22
-1.1669321e-21
3.0763711e-22
-1.0447541e-21
3.0772791e-22
9.2299864e-22
-7.3712047e-22
1.2218319e-22
-3.0763711e-22
0
3.0739964e-22
-1.2208372e-22
-1.0445201e-21
-1.2208372e-22
-2.3748802e-25
-1.2184625e-22
-3.0739964e-22
0
3.0739964e-22
-1.2208372e-22
4.2981163e-22
3.0742147e-22
-4.2948336e-22
1.2217452e-22
-4.2948336e-22
-1.0442826e-21
0
-6.1508042e-22
-4.2948336e-22
0
0
0
-5.5213282e-22
-1.2208372e-22
7.3726361e-22
3.0763711e-22
3.2826895e-25
-6.1527073e-22
0
-4.2948336e-22
0
7.3726361e-22
1.2241199e-22
0
-1.0442826e-21
1.8531592e-22
-3.0739964e-22
-7.3721127e-22
9.0804242e-26
1.8531592e-22
-1.2208372e-22
1.8555339e-22
7.3744874e-22
3.0763711e-22
4.2984215e-22
0
7.3721127e-22
-3.0739964e-22
-1.0448484e-21
0
0
4.2984215e-22
3.0772791e-22
-1.2208372e-22
-7.3744874e-22
-1.0446808e-21
3.0758561e-22
-4.2931922e-22
3.0756377e-22
4.2964749e-22
1.6413447e-25
-4.2931922e-22
3.9811341e-25
7.3742776e-22
-4.295532e-22
9.228345e-22
3.0779775e-22
-7.3695284e-22
3.0779775e-22
-4.2931922e-22
-3.0749132e-22
-1.2191959e-22
1.2201388e-22
-1.0446808e-21
-1.2191959e-22
8.5945912e-22
-3.0725732e-22
-3.0746948e-22
4.2964749e-22
-1.2191959e-22
-1.2191959e-22
-4.2931922e-22
1.6413447e-25
-3.0749132e-22
3.0779775e-22
3.0756377e-22
3.0756377e-22
-4.295532e-22
1.6413447e-25
1.0444468e-21
1.2235083e-22
1.2201388e-22
-1.0446808e-21
-7.3695284e-22
-3.0746948e-22
-4.295532e-22
-3.0779775e-22
-5.515364e-22
4.2964749e-22
1.1666248e-21
-4.2931922e-22
3.9811341e-25
-7.3695284e-22
3.0779775e-22
-1.2225654e-22
1.6413447e-25
4.2964749e-22
3.9811341e-25
-4.2931922e-22
-3.072355e-22
-6.9849417e-26
-4.295532e-22
-3.072355e-22
1.6413447e-25
-1.0446808e-21
-4.2941351e-22
1.6413447e-25
1.2235083e-22
3.0756377e-22
4.2964749e-22
-3.072355e-22
1.6413447e-25
3.0756377e-22
-4.2964749e-22
3.0758561e-22
3.0756377e-22
3.0779775e-22
-4.2931922e-22
3.9811341e-25
1.6413447e-25
1.1666248e-21
1.6414613e-25
4.2997576e-22
-3.0779775e-22
-4.295532e-22
1.2201388e-22
-4.2931922e-22
7.3709947e-22
4.2964749e-22
-1.2191959e-22
1.0444468e-21
1.6413447e-25
-3.0746948e-22
3.0756377e-22
4.29678e-22
-3.0770695e-22
1.2201388e-22
1.6413447e-25
1.6413447e-25
1.6413447e-25
-1.2191959e-22
1.6414613e-25
-7.3728111e-22
-4.2931922e-22
8.5945912e-22
-3.0746948e-22
3.0779775e-22
1.0446808e-21
-4.29678e-22
3.0756377e-22
7.373754e-22
3.0779775e-22
1.2234214e-22
1.8571403e-22
3.0781961e-22
6.1519739e-22
1.6413447e-25
1.6413447e-25
-1.0443525e-21
-4.2931922e-22
3.0779775e-22
1.6414613e-25
4.2974178e-22
3.0756377e-22
-3.0746948e-22
-3.0758822e-22
4.5402121e-26
-1.0445655e-21
4.5398897e-26
-7.3739985e-22
-7.3716587e-22
7.369284e-22
-6.1475388e-22
4.5402121e-26
7.3716587e-22
-1.2236659e-22
3.0768251e-22
-6.1498786e-22
-3.0735424e-22
7.369284e-22
-3.0713858e-22
7.3716587e-22
-6.1498786e-22
-7.3716587e-22
-1.0447995e-21
-6.1498786e-22
-1.8859342e-25
-1.0447995e-21
4.5398897e-26
-5.5218171e-22
3.0744504e-22
-1.0447995e-21
2.8287005e-25
4.2955926e-22
3.0744504e-22
4.5398897e-26
4.5398897e-26
2.8287005e-25
1.2212912e-22
-8.5924959e-22
1.2213779e-22
-4.2943796e-22
1.2189514e-22
-6.1498786e-22
-6.1498786e-22
-6.1498786e-22
-1.1666492e-21
3.0770436e-22
-4.2943796e-22
-1.1668832e-21
7.369284e-22
-6.1475388e-22
-6.1498786e-22
3.0768251e-22
4.2955926e-22
1.2212912e-22
4.5398897e-26
-6.1475388e-22
7.369284e-22
-1.0445655e-21
-3.0761006e-22
2.8287005e-25
-1.2236659e-22
-4.2952876e-22
1.2189514e-22
1.2189514e-22
2.8287005e-25
-4.2979675e-22
4.5398897e-26
-7.3739985e-22
-6.1475388e-22
7.369284e-22
3.0744504e-22
-3.0758822e-22
-4.2979675e-22
3.0711677e-22
3.0768251e-22
-1.0447995e-21
-6.1475388e-22
7.369284e-22
-1.1668832e-21
-2.8289014e-25
-6.1498786e-22
-1.1666492e-21
-6.1498786e-22
-6.1498786e-22
-1.0447995e-21
-1.2213779e-22
-4.2943796e-22
-5.5218171e-22
-1.2890647e-21
1.2212912e-22
-4.2920049e-22
4.5398897e-26
4.5402121e-26
4.5398897e-26
-4.2943796e-22
-4.2952876e-22
1.2212912e-22
-8.5958135e-22
-1.2236659e-22
-3.0737606e-22
-3.0758822e-22
-1.0447995e-21
-6.1498786e-22
-1.0444712e-21
3.0768251e-22
-4.2976623e-22
3.0770436e-22
4.5398897e-26
3.0744504e-22
4.5398897e-26
1.8527052e-22
3.0744504e-22
4.2955926e-22
-7.3739985e-22
4.5398897e-26
4.5398897e-26
3.0768251e-22
-3.0735424e-22
-1.0447995e-21
-6.1526901e-22
-1.2236659e-22
-3.0758822e-22
2.8287005e-25
-4.2948336e-22
4.3007964e-22
9.778224e-26
0
-3.0763332e-22
-6.147009e-22
6.1503266e-22
-1.2208402e-22
-4.9288935e-22
0
-2.3397893e-25
3.0739934e-22
7.3698048e-22
-7.368827e-22
6.1503266e-22
6.1531382e-22
-3.0763332e-22
-3.0739934e-22
-3.0716536e-22
7.3744844e-22
-3.0739934e-22
3.0798695e-22
-1.8521754e-22
-4.2948336e-22
-6.147009e-22
-3.0706758e-22
1.3522471e-21
-3.0763332e-22
-7.3693502e-22
-1.2185004e-22
0
-1.044282e-21
0
-6.1503266e-22
4.2958114e-22
-3.0742117e-22
0
-3.0739934e-22
7.3698048e-22
0
1.221818e-22
-1.2185004e-22
-4.2951386e-22
0
3.0739934e-22
6.1503266e-22
-1.2208402e-22
7.3698048e-22
3.0739934e-22
-1.2185869e-22
-3.0763332e-22
-4.2948336e-22
-1.2208402e-22
6.1503266e-22
9.778224e-26
4.2984564e-22
0
3.0739934e-22
1.2241578e-22
-3.0739934e-22
-6.1503266e-22
-6.1503266e-22
2.3399555e-25
0
-3.0763332e-22
-1.2208402e-22
2.3397893e-25
-4.2948336e-22
-3.0706758e-22
-3.0708938e-22
3.0739934e-22
3.0739934e-22
1.3522471e-21
-1.2208402e-22
2.3397893e-25
3.0739934e-22
3.3178473e-25
0
-1.2185004e-22
1.221818e-22
-3.0739934e-22
1.3522471e-21
-4.2951386e-22
0
-6.147009e-22
4.2958114e-22
-3.0763332e-22
-3.0739934e-22
-1.044282e-21
1.2209269e-22
0
0
4.2981512e-22
-3.0763332e-22
-1.8521754e-22
-6.147009e-22
-1.2209269e-22
3.0739934e-22
1.3522471e-21
-3.0739934e-22
-1.8521754e-22
3.0739934e-22
0
3.0765516e-22
6.1503266e-22
-7.3711668e-22
-1.2185004e-22
0
-4.2924938e-22
0
3.0763332e-22
4.2958114e-22
6.1503266e-22
0
3.0716536e-22
3.0763332e-22
0
-7.3711668e-22
-9.2210024e-22
0
1.2234214e-22
-1.2169425e-22
1.6413447e-25
-4.2931922e-22
-4.2931922e-22
-7.3671886e-22
-3.0690724e-22
3.0779775e-22
-1.2169425e-22
4.2997576e-22
6.1543486e-22
3.9811341e-25
-4.2875698e-22
-4.2908525e-22
-3.0690724e-22
-4.29678e-22
1.6413447e-25
1.2257612e-22
1.6413447e-25
4.9240342e-25
1.2257612e-22
-4.2934971e-22
1.2234214e-22
4.2997576e-22
4.9240342e-25
7.3794114e-22
-7.3639059e-22
-7.3671886e-22
-1.8507063e-22
-4.2988147e-22
-4.2931922e-22
4.2997576e-22
4.9240342e-25
-6.1454085e-22
4.2997576e-22
1.6414613e-25
3.0812602e-22
1.2234214e-22
-4.2875698e-22
1.2257612e-22
3.0812602e-22
-1.2191959e-22
8.5952015e-22
4.9240342e-25
4.2997576e-22
-3.0690724e-22
3.0779775e-22
-4.2875698e-22
3.9811341e-25
8.5975415e-22
2.5842449e-25
4.2997576e-22
3.0779775e-22
-3.0690724e-22
1.6413447e-25
-1.2169425e-22
4.9240342e-25
-7.3639059e-22
3.0779775e-22
1.2234214e-22
1.0452465e-21
1.6413447e-25
1.6414613e-25
-4.2931922e-22
-4.2931922e-22
1.2234214e-22
3.0789204e-22
1.6413447e-25
1.6413447e-25
7.2643393e-25
-7.3639059e-22
3.9811341e-25
-7.3639059e-22
3.0779775e-22
3.0789204e-22
4.2997576e-22
4.9243839e-25
1.2257612e-22
-1.2191959e-22
3.0812602e-22
1.2257612e-22
-7.3639059e-22
-3.0692903e-22
4.9240342e-25
4.9240342e-25
4.2997576e-22
2.5842449e-25
-1.8482352e-22
4.2997576e-22
1.1671756e-21
4.9240342e-25
3.0812602e-22
-4.2908525e-22
2.5842449e-25
-1.8482352e-22
4.9240342e-25
7.2643393e-25
4.2974178e-22
-7.3639059e-22
1.2257612e-22
1.228101e-22
3.9811341e-25
-7.3671886e-22
6.1556937e-22
4.9240342e-25
3.0812602e-22
-4.2988147e-22
-1.2886142e-21
-1.1667645e-21
7.3742776e-22
3.0812602e-22
-1.0443525e-21
8.595569e-22
-4.2899096e-22
-1.0440242e-21
7.2638235e-25
4.3000629e-22
-1.2168561e-22
-1.2201388e-22
-3.0690724e-22
4.2969638e-22
8.5924075e-22
-7.3700173e-22
-3.0751837e-22
7.3700173e-22
-4.2960209e-22
1.1665794e-21
-4.2960209e-22
8.5924075e-22
6.1491801e-22
-1.1873558e-25
-4.5049675e-25
6.1491801e-22
-4.2960209e-22
1.1665794e-21
-1.1874401e-25
6.1491801e-22
-1.2220246e-22
-6.1515199e-22
6.1524977e-22
3.0761266e-22
-6.1519567e-22
4.2969638e-22
-6.1515199e-22
7.373335e-22
-4.2993386e-22
1.0447331e-21
6.1491801e-22
-1.2230543e-22
1.8533687e-22
-3.0751837e-22
-6.1515199e-22
1.8543465e-22
7.3700173e-22
7.3676426e-22
-6.1519567e-22
-6.1482023e-22
4.2969638e-22
6.1491801e-22
-1.2220246e-22
1.8543465e-22
-1.4741187e-21
-3.0720843e-22
-1.0446354e-21
1.1665794e-21
1.1665794e-21
-4.2960209e-22
6.1491801e-22
-4.5049675e-25
1.2230543e-22
1.8543465e-22
-6.1515199e-22
-4.2960209e-22
1.1665794e-21
-4.2960209e-22
5.5158529e-22
1.8543465e-22
1.8543465e-22
3.0751837e-22
4.2969638e-22
4.2969638e-22
3.0751837e-22
-1.2221113e-22
-3.0751837e-22
7.3700173e-22
-8.5941722e-22
3.0761266e-22
3.072809e-22
-3.0751837e-22
-7.3705407e-22
6.1491801e-22
-4.5049675e-25
1.0447331e-21
-4.2960209e-22
3.0761266e-22
1.1665794e-21
3.0730272e-22
3.0761266e-22
-1.4741187e-21
1.8543465e-22
-1.2220246e-22
1.0447331e-21
7.3738585e-22
-1.0446354e-21
7.373335e-22
1.4742165e-21
1.8543465e-22
-1.2196498e-22
-6.1515199e-22
3.0763451e-22
-1.1671451e-21
-6.1482023e-22
6.1491801e-22
1.8543465e-22
6.1524977e-22
-1.1873558e-25
7.3714836e-22
2.1302559e-25
1.0447331e-21
3.0761266e-22
-1.2196498e-22
-4.5049675e-25
-1.1873558e-25
4.2916112e-22
-3.0718661e-22
4.2969638e-22
-1.2206277e-22
1.1669077e-21
1.8533687e-22
1.1668997e-21
1.2229675e-22
-3.0775235e-22
-1.2196498e-22
-4.2936462e-22
6.1491801e-22
7.3709602e-22
-5.5181929e-22
7.373335e-22
-7.373335e-22
6.1491801e-22
6.1520438e-22
-4.2991946e-22
-6.9844457e-26
2.4409855e-22
4.0509785e-25
-6.9844457e-26
-1.0446882e-21
-6.1486912e-22
1.8539845e-22
1.8572054e-22
1.0450165e-21
-8.592261e-22
-2.4442682e-22
-6.9844457e-26
-1.0446882e-21
4.0512662e-25
-8.5937277e-22
1.8572054e-22
1.4745003e-21
4.0509785e-25
-4.2955368e-22
6.9849417e-26
-1.6599554e-21
-6.1486912e-22
-4.2988893e-22
4.2974226e-22
6.1520438e-22
-1.0446882e-21
-4.0512662e-25
2.4442682e-22
2.4409855e-22
4.2941399e-22
4.0509785e-25
4.302172e-22
-6.1486912e-22
4.2991946e-22
-4.2988893e-22
1.0446882e-21
-2.4442682e-22
1.8572054e-22
-8.592261e-22
8.5970104e-22
-4.2991946e-22
-6.9844457e-26
-6.1486912e-22
-1.0446882e-21
-6.1486912e-22
-2.4442682e-22
-8.592261e-22
2.5844284e-25
4.302172e-22
-6.1486912e-22
-6.1486912e-22
-1.0446882e-21
-6.1486912e-22
1.0447624e-21
4.0509785e-25
4.2941399e-22
-1.0446882e-21
1.0446882e-21
1.0446882e-21
-1.0446882e-21
-4.2958418e-22
2.4409855e-22
4.0509785e-25
-1.0446882e-21
-1.0446882e-21
4.2941399e-22
8.592261e-22
-1.8539845e-22
4.2941399e-22
-8.592261e-22
6.1520438e-22
-6.1486912e-22
-1.0446882e-21
-6.1486912e-22
-2.4444418e-22
-4.2955368e-22
8.5970104e-22
-8.592261e-22
1.8572054e-22
6.1520438e-22
1.0450907e-21
-6.9844457e-26
-4.2988893e-22
-1.0446882e-21
4.302172e-22
4.0509785e-25
4.2941399e-22
-4.2910921e-22
2.4409855e-22
-4.2988893e-22
-1.0446882e-21
4.302172e-22
-1.0446882e-21
-6.9844457e-26
4.0512662e-25
6.1520438e-22
6.1520438e-22
-4.2955368e-22
-8.592261e-22
-8.592261e-22
1.0446882e-21
4.2977278e-22
-4.2988893e-22
-4.2988893e-22
4.2974226e-22
4.2941399e-22
4.2974226e-22
2.5844284e-25
-1.8572054e-22
-6.1486912e-22
1.0450165e-21
4.0509785e-25
4.2974226e-22
-1.0446882e-21
4.2991946e-22
-6.9844457e-26
8.592261e-22
4.0509785e-25
1.0445196e-21
-2.3748802e-25
-5.657401e-25
4.2957368e-22
1.0448479e-21
-5.657401e-25
4.2924541e-22
4.2924541e-22
-1.8570674e-22
-1.8555387e-22
-4.2972035e-22
-1.0445196e-21
8.595315e-22
4.2924541e-22
4.2924541e-22
-4.2975087e-22
-1.8555387e-22
6.1503675e-22
-4.2924541e-22
4.3004862e-22
6.1503675e-22
6.1508042e-22
-6.1503675e-22
1.8555387e-22
-2.3747115e-25
-2.3747115e-25
8.595315e-22
-2.3747115e-25
2.4427463e-22
-1.0445196e-21
4.2957368e-22
6.1503675e-22
-6.1503675e-22
-4.2972035e-22
-1.8555387e-22
-5.6578028e-25
-8.595315e-22
6.1503675e-22
8.595315e-22
-4.2924541e-22
4.3004862e-22
-4.2924541e-22
2.3748802e-25
1.8555387e-22
-9.0797794e-26
4.2924541e-22
4.2924541e-22
8.595315e-22
-1.0445196e-21
2.3748802e-25
-6.1503675e-22
1.8555387e-22
4.2924541e-22
4.2924541e-22
-5.657401e-25
-1.8556704e-22
-6.1503675e-22
-1.0445196e-21
-1.852256e-22
6.1503675e-22
1.0448479e-21
-6.1503675e-22
2.4394634e-22
4.2957368e-22
1.0448479e-21
1.0445196e-21
-1.0445196e-21
4.2957368e-22
4.2924541e-22
1.4744355e-21
-1.8555387e-22
-1.0445196e-21
8.595315e-22
4.2924541e-22
-1.0445196e-21
-9.0797794e-26
-2.4427463e-22
-4.2924541e-22
-4.2924541e-22
4.3004862e-22
6.1503675e-22
8.595315e-22
1.0444471e-21
1.8555387e-22
-2.3747115e-25
-1.8555387e-22
-6.1503675e-22
-6.1503675e-22
6.1503675e-22
-4.2975087e-22
-4.3004862e-22
-8.595315e-22
4.2957368e-22
-6.1503675e-22
-2.3747115e-25
-2.3747115e-25
-6.1508042e-22
6.1503675e-22
8.595315e-22
6.1503675e-22
4.3004862e-22
-1.0445196e-21
6.1536502e-22
-9.0804242e-26
-6.1503675e-22
-4.2957368e-22
-6.1503675e-22
-6.1503675e-22
-2.3747115e-25
-2.3748802e-25
-2.3747115e-25
-1.852256e-22
-4.3004862e-22
-1.8555387e-22
-1.8555387e-22
-2.3747115e-25
1.0449221e-21
-1.0448479e-21
-2.3747115e-25
-2.3747115e-25
-4.3002767e-22
-4.2958672e-22
-4.2955622e-22
-1.8586118e-22
-6.1581551e-22
-7.333668e-26
-1.8552942e-22
-1.8552942e-22
-4.2958672e-22
4.2974131e-22
4.2926986e-22
1.229857e-21
4.2926986e-22
-1.8552942e-22
-1.8552942e-22
-4.2991501e-22
-4.2988449e-22
-4.3002767e-22
4.2974131e-22
-1.8552942e-22
-2.1302559e-25
4.2977182e-22
-6.150123e-22
-5.4478677e-25
-4.2988449e-22
-1.8552942e-22
4.2926986e-22
-8.5936737e-22
-1.0449011e-21
6.1472594e-22
-1.8586118e-22
-6.1534406e-22
4.2974131e-22
-6.150123e-22
-8.5936737e-22
4.2977182e-22
6.1472594e-22
-1.0448269e-21
4.2926986e-22
4.289381e-22
-1.8552942e-22
4.2974131e-22
8.592852e-22
-5.4478677e-25
-6.150123e-22
-1.8552942e-22
-1.8552942e-22
4.2926986e-22
1.229857e-21
-4.0163415e-25
-6.150123e-22
-5.4478677e-25
-1.8552942e-22
-1.8552942e-22
-7.333668e-26
1.0446148e-21
4.2974131e-22
-4.3035594e-22
2.5842449e-25
-1.0448269e-21
-4.2955622e-22
-8.5936737e-22
-2.4458546e-22
-1.8586118e-22
-6.1581551e-22
-7.333668e-26
4.2926986e-22
-5.4478677e-25
6.1472594e-22
-7.3341887e-26
-1.4746381e-21
1.229857e-21
4.2926986e-22
-1.8552942e-22
4.2926986e-22
-6.150123e-22
-7.3341887e-26
8.5875274e-22
4.2974131e-22
-1.8552942e-22
-4.3002767e-22
4.2926986e-22
-1.855426e-22
-5.4478677e-25
-4.2988449e-22
-8.5936737e-22
-6.150123e-22
1.0445406e-21
-6.1534406e-22
2.5844284e-25
-1.8586118e-22
6.1472594e-22
2.5842449e-25
-6.150123e-22
-1.4741666e-21
-4.2988449e-22
1.0446148e-21
-1.8586118e-22
4.2926986e-22
-2.1302559e-25
4.2926986e-22
1.229857e-21
-1.0448269e-21
1.8525621e-22
-1.8552942e-22
-7.333668e-26
1.8524306e-22
-7.333668e-26
-7.333668e-26
-6.7362386e-22
-1.8586118e-22
-4.2988449e-22
2.4395346e-22
4.2974131e-22
4.2926986e-22
-1.0448269e-21
-2.1304072e-25
-7.333668e-26
-6.1534406e-22
2.5842449e-25
-8.5953341e-22
5.6578027e-25
4.3004958e-22
6.145653e-22
-1.8536433e-22
1.0448489e-21
-8.5920165e-22
-6.1503326e-22
-1.0445913e-21
9.778224e-26
8.003487e-22
6.1536502e-22
8.0068046e-22
-2.3397893e-25
-8.5920165e-22
6.1540871e-22
-4.2971782e-22
-1.8521766e-22
4.2971782e-22
6.1536502e-22
2.3397893e-25
6.1494072e-22
9.778224e-26
6.1503326e-22
5.657401e-25
-1.0445171e-21
8.0068046e-22
-6.1503326e-22
-1.0445913e-21
4.2958162e-22
6.145653e-22
6.1503326e-22
9.778224e-26
-4.2971782e-22
-6.7375001e-22
4.2961212e-22
1.0445171e-21
-8.5953341e-22
8.0068046e-22
-1.8521766e-22
6.1536502e-22
4.2971782e-22
-4.2974833e-22
1.0445171e-21
-2.4393442e-22
-8.5920165e-22
-6.1503326e-22
8.0068046e-22
6.1536502e-22
-4.2974833e-22
-4.2971782e-22
6.1503326e-22
-6.1503326e-22
-8.5920165e-22
4.3004958e-22
-6.1474514e-22
9.778224e-26
-1.8521766e-22
-4.2971782e-22
-8.5953341e-22
-8.5953341e-22
-4.2971782e-22
1.850946e-22
6.145653e-22
-1.8536433e-22
-1.8521766e-22
4.2924986e-22
1.0440491e-21
4.2958162e-22
1.850946e-22
9.778224e-26
6.1536502e-22
8.0068046e-22
-6.1503326e-22
4.2924986e-22
-2.4393442e-22
6.1507693e-22
2.3397893e-25
4.2971782e-22
6.1536502e-22
-1.8521766e-22
8.0068046e-22
-2.3399555e-25
1.0445171e-21
5.657401e-25
1.8588118e-22
-4.2971782e-22
-4.2938605e-22
6.1503326e-22
9.7789183e-26
6.145653e-22
1.0445171e-21
-6.1503326e-22
-4.2971782e-22
1.0448489e-21
-8.5906546e-22
-1.2295881e-21
-5.657401e-25
8.0068046e-22
2.3397893e-25
1.8588118e-22
6.1536502e-22
-1.0445171e-21
-2.3399555e-25
6.145653e-22
-1.8521766e-22
4.2958162e-22
-1.8488939e-22
-6.147015e-22
-2.3399555e-25
1.0443809e-21
-8.5906546e-22
4.2924986e-22
9.778224e-26
-2.4440237e-22
-1.8521766e-22
4.2961212e-22
-1.8521766e-22
-2.3397893e-25
-1.8521766e-22
1.4736917e-21
-2.4411048e-22
1.85718e-22
4.2974131e-22
-1.0451552e-21
1.4741666e-21
6.1487261e-22
-4.0160563e-25
-8.5942839e-22
-4.2955622e-22
-7.333668e-26
-1.8538973e-22
-4.2988449e-22
4.2908128e-22
6.1487261e-22
-4.0163415e-25
-4.2955622e-22
-4.0160563e-25
1.6598148e-21
1.0450155e-21
4.2940955e-22
1.0444297e-21
1.8524306e-22
-3.7117758e-22
-4.2955622e-22
-1.0448269e-21
1.0450155e-21
4.2940955e-22
-7.3341887e-26
-6.1534406e-22
4.2974131e-22
-6.1534406e-22
-7.333668e-26
1.8538973e-22
-7.333668e-26
-6.1571605e-22
-8.5936737e-22
6.1472594e-22
-4.2988449e-22
-4.0160563e-25
-4.2988449e-22
2.0892977e-21
-7.3341887e-26
-1.0448269e-21
-1.0451552e-21
6.1487261e-22
-4.0160563e-25
-4.2988449e-22
-1.8538973e-22
-1.854029e-22
6.1487261e-22
-3.7117758e-22
-4.0160563e-25
6.1487261e-22
1.0446838e-21
-1.8587438e-22
-7.333668e-26
-7.333668e-26
6.150577e-22
6.1472594e-22
1.8491479e-22
1.8524306e-22
-7.3341888e-26
4.2974131e-22
-1.0451552e-21
-4.0160563e-25
1.2296719e-21
4.2974131e-22
-7.333668e-26
-7.3341887e-26
6.1472594e-22
-1.8538973e-22
1.0450155e-21
-4.0160563e-25
1.2296719e-21
-1.0451552e-21
6.1510138e-22
4.2940955e-22
2.0892977e-21
-4.2988449e-22
-4.0160563e-25
1.0450155e-21
1.4741281e-21
-1.0448269e-21
-4.2955622e-22
-7.333668e-26
6.1487261e-22
-1.0443555e-21
-6.1534406e-22
6.1524457e-22
-6.1534406e-22
-8.5936737e-22
8.5922419e-22
6.1487261e-22
-6.1487261e-22
-4.2955622e-22
1.8573119e-22
6.1472594e-22
1.0450155e-21
4.2940955e-22
-1.4741666e-21
-1.8538973e-22
2.4442491e-22
-7.3341888e-26
1.8538973e-22
-4.2988449e-22
-4.3002767e-22
6.1520088e-22
-1.0448269e-21
-4.2958672e-22
-7.333668e-26
-4.2988449e-22
1.8491479e-22
-4.2955622e-22
-1.0451552e-21
4.2940955e-22
6.1476959e-22
4.2974131e-22
-6.1534406e-22
4.2940955e-22
-1.8472875e-22
-6.9849417e-26
-4.2988893e-22
6.1486912e-22
-1.0451562e-21
-4.2988893e-22
-6.1533708e-22
4.2974226e-22
4.2977278e-22
-4.2955368e-22
6.1520438e-22
-1.8505702e-22
4.2974226e-22
4.2974226e-22
-6.1533708e-22
1.8525875e-22
-4.2955368e-22
4.2974226e-22
-1.8552497e-22
4.2974226e-22
-4.2988893e-22
-1.0447624e-21
-1.6599554e-21
-1.8505702e-22
-6.9844457e-26
4.2974226e-22
4.2974226e-22
2.4409855e-22
6.1524806e-22
1.852456e-22
6.1486912e-22
4.2974226e-22
-6.9844457e-26
-4.2988893e-22
-6.9844457e-26
1.2892764e-21
4.0509785e-25
1.0448698e-21
4.2974226e-22
4.2974226e-22
4.2974226e-22
-1.8552497e-22
-4.2958418e-22
-1.8505702e-22
-6.9844457e-26
-6.1533708e-22
4.2974226e-22
4.2974226e-22
-1.8505702e-22
-4.2958418e-22
-1.0446882e-21
-1.8505702e-22
4.2974226e-22
-6.1533708e-22
-4.2988893e-22
6.1491278e-22
-6.9844457e-26
4.2988893e-22
-6.1486912e-22
1.0448698e-21
1.852456e-22
-6.1486912e-22
-6.9849417e-26
6.1486912e-22
-1.0451562e-21
-4.2988893e-22
-4.3002164e-22
-4.2941399e-22
-8.5937277e-22
-1.0450907e-21
4.2988893e-22
-1.8505702e-22
4.2974226e-22
4.2974226e-22
-4.3002164e-22
-6.9844457e-26
6.1524806e-22
-4.2988893e-22
-1.8552497e-22
4.2974226e-22
4.2974226e-22
4.2974226e-22
6.1524806e-22
-1.8505702e-22
-6.9844457e-26
-6.9844457e-26
-1.0446882e-21
1.852456e-22
4.2974226e-22
-4.2991946e-22
6.1486912e-22
4.0509785e-25
2.4409855e-22
-1.0446882e-21
-6.9844457e-26
-6.9844457e-26
-8.5943379e-22
1.9038375e-21
4.2974226e-22
-4.2988893e-22
6.150577e-22
-1.8505702e-22
-6.1486912e-22
-8.5976209e-22
-1.8585324e-22
8.5955437e-22
-4.2955368e-22
-6.1533708e-22
-6.9844457e-26
4.2944448e-22
-4.0509785e-25
-6.9844457e-26
1.0442133e-21
-1.2296684e-21
-4.2988893e-22
-1.8572054e-22
6.1510138e-22
6.1520438e-22
-6.9844457e-26
2.4409855e-22
9.778224e-26
-8.0087931e-22
-1.0445165e-21
1.0445165e-21
1.4743321e-21
-1.8554882e-22
-6.155076e-22
-9.778224e-26
-4.2994041e-22
6.145647e-22
4.2924986e-22
1.0451765e-21
4.2924986e-22
-9.778224e-26
-6.155076e-22
-4.2974833e-22
8.0001574e-22
-1.0448483e-21
1.8554882e-22
1.0445165e-21
-1.0448483e-21
1.0445907e-21
-2.4426677e-22
-4.2971782e-22
1.8521706e-22
-4.3004958e-22
1.0445165e-21
3.7053191e-22
-1.8523021e-22
-8.5953341e-22
1.0445165e-21
-6.1503266e-22
4.2924986e-22
-2.4393501e-22
-4.2971782e-22
-8.5959445e-22
-8.5953341e-22
4.2958162e-22
4.2924986e-22
-4.3004958e-22
4.2924986e-22
1.0445165e-21
2.4395233e-22
-4.2971782e-22
6.1536442e-22
-6.155076e-22
-9.778224e-26
4.2924986e-22
1.0451765e-21
2.4395233e-22
6.1503266e-22
-4.2971782e-22
-9.778224e-26
-6.155076e-22
-1.8554882e-22
-6.1507633e-22
4.2924986e-22
-2.3397893e-25
9.778224e-26
4.2958162e-22
4.2958162e-22
-2.4426677e-22
-8.5912646e-22
1.0445165e-21
1.4743321e-21
4.2971782e-22
-6.155076e-22
1.8554882e-22
-6.1503266e-22
-1.2303936e-21
4.2924986e-22
1.0451765e-21
1.0445165e-21
-9.778224e-26
-6.155076e-22
6.1536442e-22
-6.1507633e-22
-4.3004958e-22
1.0445165e-21
4.2924986e-22
-1.0448483e-21
1.0445165e-21
1.0449225e-21
-4.2971782e-22
1.8521706e-22
-2.4426677e-22
6.1503266e-22
-2.3397893e-25
-6.1503266e-22
-1.85562e-22
6.147009e-22
-8.5953341e-22
6.1489646e-22
6.1503266e-22
-2.4426677e-22
-2.3397893e-25
-4.2974833e-22
-1.8521706e-22
1.0445165e-21
-1.0448483e-21
-2.3397893e-25
1.0451765e-21
-8.5986168e-22
1.2889691e-21
-1.2303063e-21
-9.778224e-26
-4.3004958e-22
-4.2971782e-22
-4.3004958e-22
-1.4744368e-21
6.147009e-22
-4.2971782e-22
-6.1503266e-22
6.145647e-22
4.2924986e-22
3.7053191e-22
6.1507633e-22
-9.778224e-26
-1.8521706e-22
1.8508087e-22
-1.8562371e-22
8.5904771e-22
-1.8529544e-22
-4.3011847e-22
-3.0731561e-25
-1.8529544e-22
-8.591299e-22
6.1543486e-22
8.5904771e-22
-6.1543486e-22
6.1496341e-22
1.8515226e-22
1.660192e-21
6.1543486e-22
-8.591299e-22
-3.0733743e-25
-6.1543486e-22
-8.0042299e-22
-6.1510659e-22
6.1496341e-22
-8.0042299e-22
-4.2982072e-22
1.6413447e-25
4.2964702e-22
2.0895282e-21
6.1463514e-22
4.2964702e-22
-1.4744006e-21
-1.474177e-21
-1.6413447e-25
-4.3011847e-22
-6.1463514e-22
-4.3011847e-22
1.4742574e-21
1.8562371e-22
6.1500708e-22
6.1529168e-22
-6.1510659e-22
1.660192e-21
-3.0731561e-25
1.8455084e-21
-6.1510659e-22
4.2967752e-22
1.8548053e-22
-6.1510659e-22
-8.591299e-22
6.1543486e-22
1.660192e-21
1.8515226e-22
1.0445205e-21
-6.1430687e-22
4.2964702e-22
6.1543486e-22
-8.591299e-22
-1.8529544e-22
6.1533537e-22
-4.3011847e-22
6.1496341e-22
-6.1510659e-22
-6.1510659e-22
-1.8529544e-22
-1.0449177e-21
1.4743621e-21
-4.3011847e-22
-3.0731561e-25
1.6413447e-25
-8.591299e-22
-1.0449177e-21
1.8548053e-22
-1.4745053e-21
6.1496341e-22
1.8515226e-22
4.2964702e-22
6.1543486e-22
-8.591299e-22
-6.1510659e-22
1.8451644e-21
-3.0731561e-25
-6.1510659e-22
1.8455084e-21
-8.0042299e-22
4.2964702e-22
1.6414613e-25
1.8548053e-22
2.0895282e-21
1.045246e-21
-6.1430687e-22
1.8468081e-22
-6.1463514e-22
-1.4749803e-21
-4.3011847e-22
6.1529168e-22
-1.0445895e-21
-6.1430687e-22
1.045246e-21
1.2299059e-21
-1.6603099e-21
-1.8562371e-22
4.2964702e-22
-8.0042299e-22
2.4603076e-21
1.8515226e-22
-1.0449177e-21
-1.2299932e-21
-6.1496341e-22
1.0447746e-21
-6.1496341e-22
1.0447746e-21
6.1463514e-22
1.0448488e-21
1.0447746e-21
1.8595198e-22
8.5945817e-22
-1.4744006e-21
4.2964702e-22
4.9240342e-25
-6.3562969e-25
1.2302341e-21
-1.659717e-21
-1.4744006e-21
6.1520438e-22
-6.1585575e-22
6.1472943e-22
-5.3780232e-25
-8.5903752e-22
6.1472943e-22
-8.5970104e-22
-5.3780232e-25
1.4744583e-21
-2.089104e-21
-2.4490176e-22
6.1520438e-22
8.5955437e-22
-5.3780232e-25
-8.5970104e-22
-6.1538077e-22
-2.089104e-21
-6.9844457e-26
-5.3780232e-25
-2.4423824e-22
-6.9844457e-26
-6.9849417e-26
-1.2301364e-21
6.1520438e-22
-8.60169e-22
6.1472943e-22
-6.9844457e-26
-1.2301364e-21
-6.1538077e-22
6.1472943e-22
-5.3780232e-25
1.2300037e-21
-8.5950548e-22
-2.437633e-22
-6.1468054e-22
-6.9849417e-26
-6.9844457e-26
6.1520438e-22
8.5955437e-22
-6.1486912e-22
6.1538597e-22
-5.3780232e-25
-6.9849417e-26
6.1520438e-22
-8.5903752e-22
-8.5970104e-22
-5.3780232e-25
8.5955437e-22
6.1520438e-22
-8.5909852e-22
6.1520438e-22
6.1520438e-22
-5.3780232e-25
-8.5970104e-22
6.1472943e-22
3.6992378e-22
-8.5950548e-22
6.1472943e-22
-1.2301364e-21
6.1520438e-22
-6.9844457e-26
-1.2301364e-21
8.596154e-22
-5.3780232e-25
-8.5903752e-22
6.1472943e-22
-2.4490176e-22
-1.4743048e-21
6.1472943e-22
-8.5976209e-22
-6.1486912e-22
6.1520438e-22
-6.9844457e-26
-5.3780232e-25
-2.4490176e-22
-8.5903752e-22
8.596154e-22
-6.1486912e-22
-5.3780232e-25
6.1538597e-22
-6.9844457e-26
-6.9844457e-26
-6.9849417e-26
6.1520438e-22
-8.60169e-22
-2.3339359e-21
6.1520438e-22
-6.1533708e-22
1.2300037e-21
-2.4425558e-22
8.5908641e-22
-6.9844457e-26
-1.2301364e-21
6.1520438e-22
-2.3339359e-21
8.5908641e-22
6.1477308e-22
1.474172e-21
-6.9844457e-26
-6.9844457e-26
8.5955437e-22
6.1520438e-22
6.1472943e-22
1.8449339e-21
-2.333468e-21
5.8669344e-25
6.1472943e-22
8.5955437e-22
6.1472943e-22
-6.1538077e-22
6.1472943e-22
-1.4743048e-21
8.5889783e-22
-2.089104e-21
6.1520438e-22
-6.1486912e-22
6.1477308e-22
-8.5903752e-22
1.4743536e-21
-1.2301364e-21
8.5905656e-22
8.5959254e-22
-3.7054199e-22
6.1536502e-22
1.2299757e-21
-1.2295078e-21
8.5905656e-22
-2.4425728e-22
-6.1540871e-22
-1.2299757e-21
1.2295078e-21
-1.2299757e-21
1.4743308e-21
-1.4738558e-21
8.5905656e-22
-6.1540871e-22
5.657401e-25
-9.0797794e-26
3.7100995e-22
-6.1470848e-22
-1.2306323e-21
-1.2307196e-21
5.657401e-25
-2.4425728e-22
-2.4425728e-22
9.0797794e-26
8.5905656e-22
1.2301643e-21
-9.0804242e-26
-1.103223e-21
6.1536502e-22
-2.4425728e-22
-1.2299757e-21
-8.5905656e-22
8.595315e-22
-6.1540871e-22
-6.1470848e-22
8.5905656e-22
1.4743308e-21
-2.4425728e-22
5.657401e-25
1.2299757e-21
8.5959254e-22
-8.5905656e-22
2.4425728e-22
8.5905656e-22
-2.4425728e-22
1.4743308e-21
-1.2299757e-21
5.6578027e-25
-8.5905656e-22
-2.4425728e-22
-2.4425728e-22
8.5905656e-22
9.0797794e-26
-8.5911756e-22
-1.2299757e-21
8.5905656e-22
-8.5905656e-22
8.5905656e-22
2.089598e-21
5.657401e-25
-6.1540871e-22
6.1536502e-22
1.2299757e-21
9.0797794e-26
9.0797794e-26
1.4743308e-21
-8.6019153e-22
8.5911756e-22
8.5905656e-22
-1.2299757e-21
8.5905656e-22
-2.4425728e-22
9.0797794e-26
2.4425728e-22
-2.4427463e-22
-1.4747987e-21
1.2299757e-21
5.657401e-25
-9.0797794e-26
8.5905656e-22
-1.4744355e-21
-8.5905656e-22
-2.4425728e-22
-9.0797794e-26
-8.5905656e-22
-3.7716007e-25
-2.4425728e-22
6.1522012e-22
-2.4425728e-22
-6.1470848e-22
3.7054199e-22
-8.5905656e-22
-2.4425728e-22
6.1536502e-22
6.1522012e-22
9.0797794e-26
8.5905656e-22
-1.2306323e-21
1.2301643e-21
-1.2299757e-21
-6.1470848e-22
-5.6578028e-25
-6.1470848e-22
6.1517644e-22
-2.4425728e-22
-8.595315e-22
-2.4425728e-22
-9.0804242e-26
6.1536502e-22
6.1583298e-22
-2.4425728e-22
-3.7100995e-22
6.1470848e-22
1.2301643e-21
5.6578027e-25
-9.0797794e-26
6.1536502e-22
-3.7716007e-25
1.4743308e-21
-8.5846098e-22
-1.4738558e-21
-8.5905656e-22
6.1470848e-22
-2.4425728e-22
1.7191573e-21
-8.585886e-22
-8.5846098e-22
-8.5905656e-22
-2.4360075e-22
6.1536502e-22
1.7191573e-21
3.7100995e-22
1.7191573e-21
1.2307196e-21
5.657401e-25
8.5999946e-22
-2.4378933e-22
1.7191573e-21
8.5999946e-22
5.6578027e-25
-6.1489008e-22
-6.1536502e-22
1.4749908e-21
8.5971659e-22
1.7191573e-21
5.657401e-25
1.7188044e-21
-1.2288477e-21
-8.5905656e-22
-1.4743308e-21
-9.0797794e-26
6.1649301e-22
1.2257702e-24
5.6578028e-25
1.1038831e-21
-6.1423354e-22
1.7191573e-21
1.033698e-24
1.7191573e-21
6.1517644e-22
-6.1475213e-22
-6.1536502e-22
-1.7180223e-21
1.7191573e-21
-8.585886e-22
1.7191573e-21
6.1536502e-22
-1.2295951e-21
6.1649301e-22
-6.1536502e-22
-8.585886e-22
1.7191573e-21
-1.4738558e-21
8.5959254e-22
-9.0797794e-26
4.890838e-22
3.7716007e-25
-6.1423354e-22
-1.4738558e-21
2.4473223e-22
1.4749035e-21
-8.5905656e-22
6.1470848e-22
-8.585886e-22
1.7191573e-21
-1.4738558e-21
1.2257702e-24
8.5977764e-22
4.890838e-22
6.1536502e-22
1.7191573e-21
-8.585886e-22
1.7191573e-21
-1.7180223e-21
6.158767e-22
1.033698e-24
6.1517644e-22
1.7191573e-21
8.5999946e-22
1.7191573e-21
1.4750955e-21
-6.1536502e-22
1.4749908e-21
1.2257702e-24
6.1649301e-22
-9.0797794e-26
-1.4743308e-21
8.5959254e-22
-8.5905656e-22
1.1038831e-21
-2.4378933e-22
6.1649301e-22
1.2257702e-24
1.4749908e-21
8.5959254e-22
1.4743308e-21
1.7191573e-21
8.5999946e-22
1.7191573e-21
6.1536502e-22
-1.7180223e-21
5.6578028e-25
1.7191573e-21
1.2299757e-21
2.4491731e-22
6.1649301e-22
8.5971659e-22
1.4750955e-21
-8.5905656e-22
1.104358e-21
2.3339566e-21
-9.0797794e-26
1.7191573e-21
-8.5905656e-22
6.1540871e-22
1.2299757e-21
2.4491731e-22
-8.5905656e-22
-6.1583996e-22
6.1427715e-22
8.5859051e-22
-5.657401e-25
-5.657401e-25
-1.2299757e-21
6.1489706e-22
-1.0406824e-24
1.4739694e-21
1.2301643e-21
-5.657401e-25
-8.5953341e-22
6.1489706e-22
-2.0896069e-21
6.1489706e-22
9.7789183e-26
-2.4473414e-22
-2.4426618e-22
9.778224e-26
6.1489706e-22
-8.5953341e-22
9.7789183e-26
-8.6000836e-22
8.5906546e-22
8.5859051e-22
1.4738647e-21
6.1489706e-22
-8.5953341e-22
-3.703778e-22
9.778224e-26
-5.657401e-25
1.4738647e-21
1.2301643e-21
6.1489706e-22
6.1536502e-22
1.2297837e-21
2.088664e-21
-1.4748076e-21
6.1489706e-22
-2.4426618e-22
6.1489706e-22
6.1489706e-22
8.5912646e-22
2.088664e-21
-8.5953341e-22
6.1489706e-22
-1.0406824e-24
6.1489706e-22
-8.5953341e-22
-6.1474514e-22
6.1489706e-22
8.5906546e-22
-1.0406824e-24
6.1489706e-22
8.5859051e-22
-6.1522012e-22
1.2301643e-21
-1.8454385e-21
-2.4473414e-22
-1.4748076e-21
-1.4748076e-21
-2.4473414e-22
9.8540234e-22
-5.657401e-25
-5.657401e-25
6.1423354e-22
9.778224e-26
-8.5953341e-22
1.4738647e-21
2.4428352e-22
-1.4748076e-21
-8.5953341e-22
6.1489706e-22
-1.0406824e-24
9.778224e-26
-8.5953341e-22
8.5912646e-22
-8.5953341e-22
6.1489706e-22
6.1489706e-22
-2.4426618e-22
6.1489706e-22
6.1540871e-22
2.088664e-21
8.5859051e-22
-6.1517644e-22
6.1489706e-22
1.2301643e-21
1.4738647e-21
2.4380855e-22
8.5906546e-22
2.088664e-21
-8.5953341e-22
6.1489706e-22
2.4379123e-22
2.089132e-21
-6.1522012e-22
-1.4748076e-21
6.1489706e-22
-8.5953341e-22
6.1489706e-22
-8.5953341e-22
-5.657401e-25
-2.0897553e-21
6.1489706e-22
1.4743327e-21
1.4738647e-21
-8.5953341e-22
1.4738647e-21
6.1494072e-22
-6.1583996e-22
9.778224e-26
-6.1517644e-22
3.7119662e-22
6.1489706e-22
-1.4748076e-21
1.4744374e-21
-6.1583996e-22
2.089132e-21
6.1536502e-22
2.3397893e-25
-2.4460991e-22
3.7134171e-22
-1.473999e-21
1.473999e-21
3.7134171e-22
1.2303075e-21
-2.3336248e-21
-2.4460991e-22
6.1503326e-22
2.450605e-22
1.8451068e-21
-2.3397893e-25
-1.7188255e-21
1.2303075e-21
-4.8831875e-22
6.1503326e-22
2.3397893e-25
2.0892732e-21
8.5873179e-22
-3.7068168e-22
2.3399555e-25
-8.5919974e-22
-6.1503326e-22
-2.4459254e-22
6.1503326e-22
-2.3397893e-25
-6.145653e-22
-1.4741037e-21
-2.4393251e-22
-1.473999e-21
-8.5919974e-22
1.473999e-21
1.473999e-21
6.155082e-22
6.1507693e-22
2.4459254e-22
2.3397893e-25
-2.3397893e-25
-6.145653e-22
8.5873179e-22
6.155082e-22
-8.5926075e-22
-6.1503326e-22
2.3397893e-25
1.2303075e-21
-2.3336248e-21
-2.3397893e-25
1.8451068e-21
1.7189476e-21
2.3397893e-25
-6.1503326e-22
-2.3336248e-21
1.2303075e-21
-2.4345757e-22
1.2292598e-21
1.473999e-21
6.1503326e-22
-8.5919974e-22
2.3397893e-25
2.3397893e-25
-2.4393251e-22
2.3399555e-25
-1.473999e-21
1.473999e-21
-2.3336248e-21
6.155082e-22
-1.473999e-21
2.4393251e-22
8.5926075e-22
1.2298325e-21
1.8451068e-21
-2.3397893e-25
-2.3336248e-21
6.155082e-22
2.3397893e-25
2.3399555e-25
-9.8548096e-22
6.155082e-22
8.5873179e-22
2.3397893e-25
-2.3397893e-25
1.4745787e-21
-6.1503326e-22
-2.4459254e-22
-8.5939182e-22
2.3397893e-25
6.1503326e-22
-8.5919974e-22
2.3399555e-25
-1.473999e-21
2.4459254e-22
-1.2298325e-21
2.3397893e-25
-8.5939182e-22
1.2303075e-21
2.3399555e-25
-1.2293646e-21
-2.3397893e-25
-3.7068168e-22
-2.3397893e-25
1.8451068e-21
6.1503326e-22
2.3399555e-25
6.155082e-22
8.5919974e-22
8.5919974e-22
-6.1503326e-22
6.1503326e-22
8.5879276e-22
-1.473999e-21
1.2309675e-21
-1.8446318e-21
-6.145653e-22
-2.3397893e-25
-1.2298325e-21
-1.2303948e-21
-4.2605119e-25
-4.8828408e-22
-6.145653e-22
9.778224e-26
9.7789183e-26
8.5972199e-22
-2.4407121e-22
9.778224e-26
7.5432014e-25
2.4492331e-22
-2.4360325e-22
6.1540812e-22
-6.147009e-22
-1.474807e-21
6.1536442e-22
-8.5953341e-22
-2.4360325e-22
2.4492331e-22
6.1494013e-22
-6.147009e-22
5.657401e-25
-8.5886989e-22
-1.4743321e-21
5.657401e-25
9.7789183e-26
-2.4473473e-22
6.1489646e-22
9.778224e-26
-8.5953341e-22
-8.5953341e-22
-6.147009e-22
9.7789183e-26
-8.5953341e-22
-2.4407121e-22
6.1489646e-22
-6.147009e-22
9.778224e-26
9.778224e-26
-8.5893088e-22
1.7186897e-21
9.778224e-26
-8.5953341e-22
-2.4360325e-22
-1.4743321e-21
9.778224e-26
2.333654e-21
8.5906546e-22
2.4444837e-22
2.4492331e-22
-2.4360325e-22
-8.5953341e-22
6.1536442e-22
1.7188117e-21
9.778224e-26
6.1489646e-22
-2.4360325e-22
2.4492331e-22
7.5432014e-25
6.1540812e-22
-6.147009e-22
-8.5953341e-22
-2.4473473e-22
9.778224e-26
9.778224e-26
6.1489646e-22
1.2684687e-22
-2.4407121e-22
9.778224e-26
-2.4360325e-22
8.5972199e-22
9.778224e-26
3.7119543e-22
-8.5959445e-22
-8.5953341e-22
6.1536442e-22
-8.5953341e-22
-2.4360325e-22
8.5972199e-22
2.4444837e-22
3.7103319e-22
-2.4360325e-22
9.778224e-26
-1.4743321e-21
5.657401e-25
-8.5953341e-22
9.7789183e-26
8.5906546e-22
9.778224e-26
9.778224e-26
9.778224e-26
-6.147009e-22
6.1489646e-22
1.4744368e-21
-2.4407121e-22
1.7186897e-21
-1.4743321e-21
9.778224e-26
9.778224e-26
9.778224e-26
1.2302505e-21
-1.4736686e-21
-8.5953341e-22
5.657401e-25
-1.4743321e-21
6.1536442e-22
8.5972199e-22
1.4750934e-21
2.4492331e-22
-6.147009e-22
-1.1037024e-21
-1.4741435e-21
-8.5953341e-22
8.5978304e-22
-2.4407121e-22
5.657401e-25
-1.4736686e-21
2.4426677e-22
8.5972199e-22
-6.147009e-22
2.4380914e-22
-6.147009e-22
3.7053191e-22
-6.147009e-22
-2.4426618e-22
-5.6578027e-25
-3.71476e-22
1.2296963e-21
-6.1517644e-22
-3.71476e-22
-5.657401e-25
-5.657401e-25
8.5912646e-22
-6.1517644e-22
-1.0406824e-24
-8.5953341e-22
8.5906546e-22
-5.657401e-25
-5.657401e-25
-1.1044368e-21
-8.5953341e-22
-1.4743327e-21
-2.4473414e-22
8.5906546e-22
-1.4743327e-21
-8.5959445e-22
6.1423354e-22
2.4379123e-22
6.1423354e-22
8.5859051e-22
8.5906546e-22
-6.1536502e-22
9.7789183e-26
-6.1536502e-22
1.2296963e-21
8.5859051e-22
2.4379123e-22
-9.778224e-26
6.1489706e-22
-2.4475151e-22
-8.5840193e-22
3.705331e-22
8.5906546e-22
-2.4473414e-22
8.5906546e-22
6.1423354e-22
-8.5959445e-22
-2.0889434e-21
-8.6000836e-22
-5.657401e-25
-5.657401e-25
8.5906546e-22
-8.5953341e-22
-1.4749124e-21
-2.4426618e-22
2.4379123e-22
-5.657401e-25
-5.657401e-25
-3.71476e-22
-8.6006942e-22
2.4379123e-22
-3.71476e-22
1.4738647e-21
3.705331e-22
6.1489706e-22
6.1423354e-22
8.5912646e-22
1.2296963e-21
-6.1517644e-22
-5.657401e-25
-6.1536502e-22
8.5906546e-22
9.778224e-26
-8.5959445e-22
-3.71476e-22
-8.5953341e-22
8.5906546e-22
-5.657401e-25
-6.1536502e-22
-8.6000836e-22
-5.6578027e-25
-2.4473414e-22
6.1423354e-22
8.5906546e-22
-1.4743327e-21
8.5906546e-22
8.5912646e-22
-2.0889434e-21
6.1423354e-22
-2.4473414e-22
-2.4426618e-22
-6.1517644e-22
8.5859051e-22
-1.4749124e-21
1.2296963e-21
-8.5840193e-22
2.4426618e-22
-2.4426618e-22
-1.4743327e-21
1.4738647e-21
-6.1588369e-22
-2.4426618e-22
8.5906546e-22
-1.4743327e-21
9.778224e-26
-8.5953341e-22
6.1536502e-22
9.7789183e-26
6.1423354e-22
-6.147015e-22
-8.5953341e-22
1.2301643e-21
6.1423354e-22
8.5912646e-22
3.7006514e-22
6.1423354e-22
6.1536502e-22
-6.1517644e-22
6.147015e-22
-6.1536502e-22
-1.4749124e-21
-1.2299757e-21
6.1423354e-22
-3.7100804e-22
8.596223e-22
1.8510095e-25
1.8508781e-25
-6.1527073e-22
6.565379e-25
2.4435157e-22
1.8508781e-25
-8.5943721e-22
-8.5949824e-22
-6.1527073e-22
-2.4416649e-22
-1.4742365e-21
1.8508781e-25
-6.1527073e-22
1.8508781e-25
-1.4743412e-21
2.4435157e-22
1.8508781e-25
1.8508781e-25
-6.1461419e-22
-6.1508564e-22
0
8.596223e-22
-6.1461419e-22
-8.5943721e-22
-8.5943721e-22
1.8508781e-25
6.1498437e-22
0
-8.5943721e-22
-6.1527073e-22
1.8508781e-25
-1.4742365e-21
-6.1414274e-22
-6.1527073e-22
2.4436893e-22
1.8508781e-25
8.596223e-22
1.8508781e-25
1.8508781e-25
-6.1461419e-22
1.8508781e-25
0
1.8508781e-25
-6.1527073e-22
1.8508781e-25
-8.5943721e-22
1.8508781e-25
-1.4742365e-21
-8.5949824e-22
-6.1414274e-22
-6.1461419e-22
-8.5943721e-22
1.8508781e-25
1.8508781e-25
-4.7148356e-25
-1.4742365e-21
-2.4416649e-22
2.4435157e-22
8.596223e-22
8.596223e-22
2.4435157e-22
-6.1531442e-22
-6.1527073e-22
6.565379e-25
6.1545582e-22
6.1498437e-22
-4.7145009e-25
8.596223e-22
6.1549952e-22
-2.4416649e-22
-1.4742365e-21
1.8508781e-25
-8.5943721e-22
6.1498437e-22
-6.1527073e-22
6.5658452e-25
-6.1508564e-22
1.8508781e-25
-6.1461419e-22
1.8508781e-25
1.8508781e-25
-6.1465783e-22
1.8508781e-25
-8.5943721e-22
-6.1527073e-22
-6.1414274e-22
-8.5943721e-22
1.8508781e-25
2.4436893e-22
-6.1527073e-22
1.8508781e-25
6.1498437e-22
-6.1414274e-22
-8.5943721e-22
-8.5943721e-22
1.8510095e-25
1.4744216e-21
1.8508781e-25
-6.1508564e-22
1.8508781e-25
-1.4742365e-21
1.4739501e-21
6.1549952e-22
1.8508781e-25
-2.0895072e-21
-6.1527073e-22
8.5915085e-22
-8.5943721e-22
6.5658452e-25
-3.7091915e-22
1.8455258e-21
1.4744216e-21
-6.1527073e-22
-6.1508564e-22
-2.8636227e-25
2.4389744e-22
-8.5896576e-22
-1.4747079e-21
-2.4463794e-22
5.657401e-25
-6.1408856e-22
6.147015e-22
6.1536502e-22
-1.2299757e-21
-2.4426618e-22
-1.7180331e-21
9.778224e-26
-1.4737738e-21
9.778224e-26
-6.147015e-22
8.6018995e-22
5.657401e-25
9.778224e-26
-1.7180331e-21
-8.5893088e-22
6.1536502e-22
8.5953341e-22
-6.147015e-22
5.657401e-25
8.5953341e-22
9.7789183e-26
6.1536502e-22
2.4426618e-22
-1.4736692e-21
-1.4736692e-21
5.657401e-25
8.5953341e-22
9.7789183e-26
9.778224e-26
6.1536502e-22
-6.147015e-22
-6.147015e-22
8.5906546e-22
9.778224e-26
9.7789183e-26
-6.147015e-22
5.657401e-25
5.657401e-25
8.5953341e-22
5.657401e-25
2.4426618e-22
-6.1474514e-22
-6.147015e-22
6.1536502e-22
-1.7180331e-21
9.778224e-26
5.657401e-25
8.6018995e-22
-6.1474514e-22
8.5906546e-22
2.4426618e-22
9.778224e-26
-1.7180331e-21
-2.4426618e-22
-8.5959445e-22
-6.147015e-22
-1.2299757e-21
6.1536502e-22
5.657401e-25
5.657401e-25
6.1536502e-22
-6.1474514e-22
6.1536502e-22
-1.2299757e-21
9.778224e-26
-8.5906546e-22
1.4743327e-21
-6.147015e-22
3.7122298e-22
2.4379123e-22
8.6018995e-22
5.657401e-25
9.778224e-26
-8.5906546e-22
6.1536502e-22
-8.5959445e-22
8.5953341e-22
2.4426618e-22
5.657401e-25
8.5953341e-22
5.657401e-25
-8.5893088e-22
-6.147015e-22
-1.4736692e-21
9.778224e-26
8.5906546e-22
9.778224e-26
-6.147015e-22
1.7192797e-21
-2.4426618e-22
-6.147015e-22
8.5953341e-22
8.5906546e-22
9.778224e-26
-1.4736692e-21
1.475094e-21
5.657401e-25
5.657401e-25
8.5953341e-22
6.1536502e-22
8.6018995e-22
-8.5906546e-22
9.7789183e-26
-2.4426618e-22
-6.147015e-22
2.4426618e-22
1.1038904e-21
-1.4736692e-21
5.6578028e-25
6.1536502e-22
-1.4743327e-21
-6.147015e-22
-8.5886989e-22
-6.147015e-22
8.5953341e-22
-8.5846289e-22
-6.147015e-22
-6.147015e-22
2.4426618e-22
-2.4473223e-22
-1.4744355e-21
9.0797794e-26
-6.1470848e-22
3.7054199e-22
8.5905656e-22
9.0797794e-26
-9.0797794e-26
-1.4744355e-21
-1.4747987e-21
1.2301643e-21
-1.2295078e-21
1.2301643e-21
6.1470848e-22
9.0797794e-26
6.1493374e-22
9.0797794e-26
5.657401e-25
6.1517644e-22
9.0797794e-26
5.657401e-25
2.4446671e-22
-6.1536502e-22
6.1489008e-22
-3.7100995e-22
-6.1536502e-22
6.1489008e-22
-8.5887497e-22
-9.0804242e-26
9.0797794e-26
-6.1470848e-22
6.1489008e-22
-1.4747987e-21
5.657401e-25
-1.4736742e-21
-1.4753784e-21
-3.7100995e-22
-5.657401e-25
1.2301643e-21
5.657401e-25
6.1536502e-22
9.8580923e-22
-1.4744355e-21
2.4425728e-22
-2.0889415e-21
9.0797794e-26
-9.0797794e-26
1.2301643e-21
-1.2295078e-21
-6.158767e-22
1.4743308e-21
6.1489008e-22
-9.0797794e-26
9.0797794e-26
2.4425728e-22
-1.2307196e-21
-1.4747987e-21
-8.5905656e-22
-6.1536502e-22
-5.657401e-25
6.1470848e-22
2.4425728e-22
-8.5911756e-22
-6.1470848e-22
3.7054199e-22
-9.0797794e-26
8.5905656e-22
2.4425728e-22
9.0797794e-26
-2.3334622e-21
-2.4425728e-22
-1.2295078e-21
6.1489008e-22
-9.0797794e-26
8.5905656e-22
-2.0889415e-21
9.0804242e-26
5.657401e-25
9.8580923e-22
6.1536502e-22
5.657401e-25
6.1489008e-22
-8.5959254e-22
2.4425728e-22
-3.7100995e-22
-2.0889415e-21
1.4743308e-21
6.1376558e-22
6.1489008e-22
8.5959254e-22
-1.2299757e-21
-3.7100995e-22
-1.7184973e-21
1.4743308e-21
-1.2299757e-21
2.4425728e-22
6.1540871e-22
-8.595315e-22
6.1489008e-22
5.657401e-25
2.7039293e-21
-1.2295078e-21
-1.2299757e-21
2.3341223e-21
9.0797794e-26
9.0797794e-26
8.5905656e-22
9.0797794e-26
2.4425728e-22
-6.1493374e-22
-1.4743308e-21
1.4738558e-21
-2.4425728e-22
-6.1583298e-22
6.1489008e-22
-1.7184973e-21
-8.5959254e-22
9.0797794e-26
-3.7716007e-25
-2.3337645e-21
)
;
    }
    wedgeBack
    {
        type            wedge;
        value           nonuniform List<scalar> 
4800
(
-6.9844457e-27
9.6069199e-24
1.3431832e-23
0
-3.8081327e-24
1.3431832e-23
-3.8151172e-24
0
1.34258e-23
1.3431832e-23
3.8186094e-24
-6.9844457e-27
-9.6132222e-24
0
-3.8151172e-24
-1.3429293e-23
2.3045054e-23
1.3424847e-23
-1.3421355e-23
-9.6132222e-24
1.3424847e-23
3.4924708e-27
-9.5957611e-24
1.7239964e-23
9.6132222e-24
1.3431832e-23
-9.6132222e-24
-9.6132222e-24
1.0477412e-26
1.3431832e-23
1.3431832e-23
1.3424847e-23
1.9222952e-23
-9.6027456e-24
-1.3421355e-23
-2.3036213e-23
2.6853187e-23
-6.9844457e-27
-9.6132222e-24
1.3424847e-23
-3.8221016e-24
-1.3421355e-23
-9.6139048e-24
3.8186094e-24
1.3431832e-23
-1.3421355e-23
0
-9.6132222e-24
-6.9844457e-27
-9.6139048e-24
-9.6027456e-24
3.8186094e-24
-3.8151172e-24
-1.3421355e-23
3.8186094e-24
5.7985167e-24
1.3431832e-23
1.3431832e-23
-3.2640815e-23
-6.9844457e-27
-6.9844457e-27
1.7461114e-26
-6.9849417e-27
0
-3.8081327e-24
1.3431832e-23
-3.8151172e-24
9.6062378e-24
9.6062378e-24
9.6173973e-24
3.8186094e-24
-6.9844457e-27
-9.6132222e-24
0
-3.8151172e-24
1.0476669e-26
-5.7880393e-24
1.3424847e-23
-1.3421355e-23
-9.6132222e-24
1.3424847e-23
-9.6132222e-24
1.343977e-23
3.8186094e-24
9.6132222e-24
9.6132222e-24
3.8186094e-24
1.3431832e-23
1.3424847e-23
3.8188806e-24
1.3431832e-23
1.3421355e-23
2.3045054e-23
-9.6027456e-24
-3.8081327e-24
0
1.34258e-23
-6.9844457e-27
-9.6132222e-24
3.4922229e-27
-3.8221016e-24
-6.9844457e-27
-3.8151172e-24
-9.6139048e-24
0
9.6062378e-24
-5.7876284e-24
1.7239964e-23
3.8186094e-24
1.5405437e-23
0
0
1.3424847e-23
1.3431832e-23
0
0
2.304669e-23
9.6062378e-24
-5.7876284e-24
1.3431832e-23
5.3706373e-23
5.3720664e-23
-6.5288614e-23
3.1430006e-26
1.0476669e-26
-6.5288614e-23
-2.6832233e-23
-9.2152278e-23
5.3720664e-23
-6.5267661e-23
6.5278138e-23
-5.3727327e-23
-2.6832233e-23
-9.2152278e-23
-2.6832233e-23
1.0477412e-26
1.1645101e-23
-1.1582241e-23
-3.8424951e-23
1.0476669e-26
-1.1582241e-23
6.5303728e-23
-1.1582241e-23
9.2173231e-23
1.5281422e-23
1.0476669e-26
-2.6832233e-23
1.1645101e-23
3.1432237e-26
3.8435428e-23
3.1430006e-26
2.690557e-23
-1.1582241e-23
1.0476669e-26
1.5281422e-23
0
-1.1603195e-23
5.3706373e-23
-2.6832233e-23
-1.1582241e-23
1.0476669e-26
-3.8424951e-23
2.6823661e-23
9.2173231e-23
-3.8445904e-23
-2.6832233e-23
-9.2152278e-23
-2.6832233e-23
-5.3727327e-23
2.6823661e-23
1.0476669e-26
9.2173231e-23
-9.2152278e-23
-2.6832233e-23
-5.3695897e-23
1.5282507e-23
-1.1582241e-23
6.5278138e-23
6.5330521e-23
5.3706373e-23
5.3706373e-23
6.5330521e-23
3.1432238e-26
3.1430006e-26
1.0476669e-26
-6.5288614e-23
-2.6832233e-23
3.8456381e-23
-3.8414474e-23
-2.6834139e-23
6.5278138e-23
-5.3727327e-23
-2.6832233e-23
-9.2152278e-23
-2.6832233e-23
-3.8445904e-23
3.8438157e-23
-1.1582241e-23
-3.8424951e-23
1.0476669e-26
-1.1582241e-23
-2.6832233e-23
9.2179776e-23
9.2173231e-23
1.5281422e-23
1.5281422e-23
1.0476669e-26
-1.1582241e-23
2.690557e-23
2.6876048e-23
3.1430006e-26
-1.1603195e-23
1.1645101e-23
1.0476669e-26
1.5281422e-23
1.5281422e-23
-9.2127389e-23
5.3706373e-23
-2.6832233e-23
-3.8424951e-23
1.0476669e-26
-5.3727327e-23
7.6891809e-23
6.5303728e-23
3.8435428e-23
1.0476669e-26
1.0476669e-26
-3.8424951e-23
1.0476669e-26
1.1593541e-23
-5.3695897e-23
-1.1582241e-23
3.8435428e-23
-1.1582241e-23
-2.6832233e-23
-2.6853187e-23
-3.842768e-23
1.0476669e-26
1.0476669e-26
-1.1582241e-23
-1.0476669e-26
-9.2095953e-23
-2.0953337e-26
2.0953337e-26
-7.6860372e-23
-2.0953337e-26
3.8403994e-23
5.3706373e-23
-3.8406721e-23
-1.0476669e-26
1.528841e-23
2.0953337e-26
2.0953337e-26
5.3706373e-23
3.8403994e-23
1.3063539e-22
2.3174952e-23
2.0953337e-26
-5.3706373e-23
2.3185428e-23
2.0953337e-26
1.5282511e-23
1.1533421e-22
-1.0476669e-26
-1.5239519e-23
-1.5239519e-23
2.0953337e-26
2.3174952e-23
-3.8438153e-23
3.8445901e-23
-9.2162751e-23
1.5249996e-23
3.8414471e-23
-3.8463362e-23
-1.5239519e-23
-2.0954825e-26
3.8445901e-23
-1.0476669e-26
2.0953337e-26
2.0953337e-26
7.6870848e-23
-5.3706373e-23
2.0954825e-26
-5.3695897e-23
-9.2120844e-23
-1.5281426e-23
5.3706373e-23
2.0953337e-26
2.0953337e-26
2.0954825e-26
-3.8463362e-23
-5.3695897e-23
3.8445901e-23
-1.5281426e-23
-2.0953337e-26
-1.5240601e-23
-1.5270949e-23
1.528841e-23
4.6339426e-23
-1.0476669e-26
-1.0476669e-26
4.6339426e-23
7.6907739e-23
2.0953337e-26
-7.6860372e-23
-2.0953337e-26
3.8403994e-23
3.8445901e-23
5.3706373e-23
1.0743784e-22
1.528841e-23
2.0953337e-26
2.0953337e-26
5.3706373e-23
3.8403994e-23
-5.3695897e-23
-9.2127385e-23
2.0953337e-26
-1.0739179e-22
2.3185428e-23
2.0953337e-26
2.0953337e-26
1.5282511e-23
-5.3695897e-23
-1.5239519e-23
-5.3664467e-23
-9.2148782e-23
-1.5270949e-23
1.5249996e-23
-3.8406721e-23
-9.2162751e-23
3.8445901e-23
2.3174952e-23
-3.8463362e-23
-1.5239519e-23
-1.5239519e-23
2.0954825e-26
-1.0476669e-26
2.0953337e-26
2.0953337e-26
7.6870848e-23
2.0953337e-26
-9.2131321e-23
1.6906306e-22
-9.2131321e-23
-3.839701e-23
1.528841e-23
3.8477331e-23
2.7937783e-26
-9.2137863e-23
2.0953337e-26
3.8414471e-23
-9.2148782e-23
-1.0476669e-26
-7.6888309e-23
3.8445901e-23
9.217628e-23
-3.839701e-23
5.3744788e-23
-1.0476669e-26
7.6919747e-23
-1.3057253e-22
7.6919747e-23
5.3755264e-23
7.6961653e-23
7.6919747e-23
-2.3108607e-23
1.3968891e-26
5.3745112e-23
-5.3671451e-23
7.6919747e-23
6.9844457e-26
-5.3671451e-23
1.3968891e-26
-2.3108607e-23
1.3969883e-26
5.5875566e-26
1.3968891e-26
5.3699389e-23
-5.3671451e-23
1.3968891e-26
6.9849417e-26
1.075245e-22
-5.3713358e-23
7.6919747e-23
7.6919747e-23
-5.3671451e-23
7.6961653e-23
1.8438749e-22
-1.07301e-22
-2.3150513e-23
-7.687784e-23
1.0738481e-22
6.9844457e-26
7.6919747e-23
-2.3795099e-22
1.3968891e-26
7.6919747e-23
-5.3671451e-23
1.3968891e-26
1.0738481e-22
5.3699389e-23
5.3745112e-23
-5.3713358e-23
1.3968891e-26
-2.3108607e-23
1.3968891e-26
-3.0493e-23
6.9844457e-26
5.3745112e-23
6.9844457e-26
-5.3713358e-23
1.3968891e-26
-2.3108607e-23
1.3968891e-26
-7.6841389e-23
-5.3671451e-23
7.6919747e-23
5.3797171e-23
7.6919747e-23
7.6919747e-23
-2.3108607e-23
-5.3675262e-23
5.3755264e-23
1.8433249e-22
7.6919747e-23
-2.3108607e-23
7.6919747e-23
1.0748259e-22
-5.3661292e-23
7.6919747e-23
-3.0451093e-23
-5.3671451e-23
1.3968891e-26
-2.3108607e-23
1.3968891e-26
5.3661292e-23
1.3968891e-26
5.3699389e-23
-3.0493e-23
1.3968891e-26
-5.3671451e-23
-5.3717172e-23
-5.3713358e-23
7.6919747e-23
7.6919747e-23
6.9844457e-26
-5.3671451e-23
-7.687784e-23
5.5879533e-26
-2.3150513e-23
1.3968891e-26
5.5875566e-26
-7.6835933e-23
7.6919747e-23
7.6919747e-23
5.3800991e-23
7.6919747e-23
-5.3671451e-23
1.3968891e-26
1.3056326e-22
-3.0451093e-23
-3.0493e-23
1.0009134e-22
-2.3108607e-23
5.5875566e-26
7.6919747e-23
6.9844457e-26
7.6919747e-23
3.0578984e-23
1.6120992e-22
-5.3615575e-23
1.3968891e-26
1.3968891e-26
-5.3671451e-23
1.843744e-22
-5.3619383e-23
5.5875566e-26
7.6919747e-23
1.3968891e-26
3.0513953e-23
-7.6862344e-23
3.0576813e-23
-1.0746164e-22
-7.6856887e-23
3.0576813e-23
-1.0746164e-22
3.0576813e-23
7.6967118e-23
-1.8431154e-22
-1.8431154e-22
7.6961653e-23
5.5875566e-26
3.0576813e-23
-1.0746164e-22
3.051612e-23
5.5875566e-26
-1.8424868e-22
3.0513953e-23
3.0576813e-23
-1.8424868e-22
1.0751467e-22
-3.0548875e-23
-6.9844457e-27
-1.8424868e-22
-7.6794027e-23
5.5875566e-26
5.5875566e-26
5.5879533e-26
5.5875566e-26
-6.9844457e-27
-7.6856887e-23
-9.0797794e-26
-7.6794027e-23
2.7937783e-26
3.0578984e-23
4.6356903e-23
3.0513953e-23
5.5875566e-26
-1.8424868e-22
1.8427662e-22
3.0513953e-23
7.6911239e-23
-6.9844457e-27
1.1175113e-25
-1.0746164e-22
3.0576813e-23
5.5875566e-26
7.6961653e-23
7.6911239e-23
-7.6794027e-23
-6.9844457e-27
3.0576813e-23
-1.0746164e-22
3.0576813e-23
-6.9849417e-27
-1.537906e-22
-1.8431154e-22
5.5875566e-26
3.0513953e-23
3.0513953e-23
7.6905778e-23
1.0743434e-22
-1.0746164e-22
-6.9844457e-27
3.0576813e-23
-1.0746164e-22
-7.69407e-23
5.5875566e-26
-7.6862344e-23
-1.8431154e-22
7.6961653e-23
5.5875566e-26
3.0576813e-23
-1.0746164e-22
1.0748259e-22
5.5879533e-26
-1.8424868e-22
3.0513953e-23
3.0576813e-23
-1.8424868e-22
5.5875566e-26
1.842897e-22
-6.9844457e-27
-1.8424868e-22
-1.8424868e-22
5.5875566e-26
-1.537906e-22
-7.6856887e-23
7.6911239e-23
-6.9844457e-27
4.6356903e-23
5.5875566e-26
-7.6794027e-23
-7.687784e-23
-1.073429e-22
-7.6862344e-23
3.0513953e-23
5.5875566e-26
-1.8424868e-22
1.8427662e-22
7.6961653e-23
2.3066146e-22
-4.6339239e-23
-1.0746164e-22
-1.8416487e-22
-7.6794027e-23
-1.537906e-22
-7.6794027e-23
3.0578984e-23
7.6905778e-23
-1.3786384e-22
1.0742672e-22
-1.8431154e-22
5.5875566e-26
5.5875566e-26
7.6911239e-23
-1.8416487e-22
-7.6794027e-23
-1.8431154e-22
2.1481502e-22
-2.1493155e-22
-1.0476669e-26
-4.5398897e-26
-3.0756371e-22
-1.0476669e-26
-1.537836e-22
-4.6374349e-23
-1.5383992e-22
3.2226618e-22
-4.6374349e-23
-1.53829e-22
-1.0750005e-22
-4.6374349e-23
-1.537836e-22
1.0745181e-22
-9.0797794e-26
-4.6374349e-23
-6.1132688e-23
-1.0750005e-22
-4.6374349e-23
-1.0742387e-22
1.5377313e-22
-1.5386392e-22
4.6318473e-23
-1.0750005e-22
-1.0750005e-22
-9.0797794e-26
-1.2922142e-25
-1.2921225e-25
-4.5398897e-26
-2.0019287e-22
2.6122429e-22
1.0732544e-22
-1.0738132e-22
7.3341888e-26
-4.5398897e-26
2.1481502e-22
-1.0750005e-22
-4.6374349e-23
-1.0750005e-22
-6.1132688e-23
-1.0746927e-22
-1.5386392e-22
1.0744418e-22
-1.537836e-22
-4.6374349e-23
-1.0750005e-22
-1.53829e-22
-1.0746927e-22
1.0732544e-22
-1.5386392e-22
-1.5374519e-22
-1.537836e-22
-1.0476669e-26
-1.0738894e-22
2.6122429e-22
-4.6374349e-23
4.6238152e-23
2.1481502e-22
2.1481502e-22
-6.1132688e-23
-2.1484773e-22
-4.5398897e-26
-1.5386392e-22
-1.0476669e-26
-1.537836e-22
-2.6111603e-22
-1.53829e-22
-9.2748298e-23
-4.6374349e-23
-1.53829e-22
-1.0750005e-22
-4.6374349e-23
-1.537836e-22
7.333668e-26
1.0724924e-22
-4.6374349e-23
-6.1132688e-23
-1.0750005e-22
-4.6374349e-23
-1.0750005e-22
-2.6121839e-22
-1.5386392e-22
4.6318473e-23
-1.0476669e-26
1.0732544e-22
2.6122429e-22
-2.0019287e-22
-1.2922142e-25
-4.5398897e-26
-2.1495121e-22
-9.0797794e-26
1.0732544e-22
-1.0738132e-22
4.6318473e-23
6.1000822e-23
2.1481502e-22
-1.0750005e-22
-1.5374519e-22
-1.0750005e-22
-1.53829e-22
1.5377313e-22
-1.5383992e-22
-9.2741713e-23
2.6114397e-22
-1.53829e-22
-4.6374349e-23
-1.0750005e-22
2.6128125e-22
-4.5398897e-26
-1.0476669e-26
-4.6374349e-23
2.1489534e-22
1.5377313e-22
-4.6374349e-23
-1.0758801e-22
2.6114397e-22
-1.53829e-22
2.1489534e-22
-6.1125688e-23
1.0734354e-22
1.536998e-22
-2.6127319e-22
-1.0748958e-22
1.536998e-22
0
-1.1873558e-25
1.5371072e-22
1.5358107e-22
4.6328965e-23
-1.5381854e-22
-1.1873558e-25
-1.1873558e-25
0
4.7601375e-22
3.0739961e-22
-2.6118938e-22
-1.1873558e-25
-1.1873558e-25
-2.6118938e-22
-1.0749721e-22
-1.5381854e-22
-3.4922229e-26
-3.6864403e-22
-3.0755327e-22
-1.1873558e-25
3.0739961e-22
-1.0749721e-22
-4.6482623e-23
-1.0745465e-22
-4.6363887e-23
-1.1873558e-25
-2.6127319e-22
-2.1494423e-22
-1.1874401e-25
-3.4922229e-26
-6.1125688e-23
-1.1873558e-25
-2.6118938e-22
-1.1873558e-25
-1.1873558e-25
2.6105426e-22
-3.4922229e-26
-2.1494423e-22
1.536998e-22
-1.1873558e-25
-1.1873558e-25
-1.5381854e-22
2.6105426e-22
-2.6127319e-22
-3.4922229e-26
-1.1873558e-25
1.536998e-22
1.536998e-22
-1.5382946e-22
-1.1873558e-25
4.6328965e-23
0
-6.1125688e-23
-6.1125688e-23
0
-1.1874401e-25
-2.6127319e-22
-1.0748958e-22
1.536998e-22
0
-2.6127319e-22
1.0745465e-22
-1.5382946e-22
4.6328965e-23
-1.1873558e-25
-1.1873558e-25
-1.1873558e-25
0
-2.1494423e-22
-1.5382946e-22
-2.6118938e-22
-1.1873558e-25
-1.1873558e-25
-2.6118938e-22
-1.1873558e-25
1.0725972e-22
-3.4922229e-26
-3.6864403e-22
-2.1494423e-22
-2.6127319e-22
-1.1873558e-25
-4.6363887e-23
-1.1874401e-25
-1.0745465e-22
-3.4922229e-26
3.0739961e-22
-2.6127319e-22
-2.1494423e-22
-3.6864403e-22
-4.6450998e-23
-6.1125688e-23
-1.1873558e-25
-2.6118938e-22
-1.1873558e-25
-1.1873558e-25
2.6115446e-22
-1.1874401e-25
4.6328965e-23
-1.0748958e-22
-4.6363887e-23
-1.0748958e-22
-1.5373473e-22
-1.5382946e-22
-1.5381854e-22
-1.5393728e-22
-2.1494423e-22
1.5358107e-22
-1.0757339e-22
1.5358107e-22
1.0734354e-22
-1.0748958e-22
-2.0018243e-22
1.5358107e-22
-1.0743021e-22
-4.622748e-23
2.6121033e-22
4.6388333e-23
-1.0731147e-22
2.6121033e-22
-1.0739179e-22
3.6866499e-22
-2.6114855e-22
1.5375917e-22
2.6121033e-22
-1.0743021e-22
1.5383949e-22
3.6866499e-22
-1.0739179e-22
-6.1067164e-23
-5.9367789e-26
2.6113001e-22
1.0751053e-22
3.6858117e-22
2.6113001e-22
1.3969883e-25
2.6121033e-22
1.5383949e-22
1.0743021e-22
2.1488137e-22
1.5383949e-22
-5.9367789e-26
-1.0743784e-22
1.5383949e-22
4.6388333e-23
2.6121033e-22
4.6388333e-23
2.1496518e-22
-2.1468231e-22
1.5377009e-22
1.5383949e-22
-1.0743021e-22
1.5383949e-22
2.6113001e-22
1.5383949e-22
1.0751053e-22
1.0751816e-22
1.5383949e-22
-2.1468231e-22
4.6308011e-23
3.6866499e-22
-1.0743021e-22
-1.0743021e-22
1.0751816e-22
2.1496518e-22
1.5383949e-22
3.6866499e-22
4.6308011e-23
1.5375917e-22
-1.5377009e-22
2.6113001e-22
2.6121033e-22
-5.9367789e-26
-1.0743021e-22
-1.0743021e-22
-5.9367789e-26
-2.148163e-22
4.6388333e-23
-1.0731147e-22
2.6121033e-22
-1.0739179e-22
1.5375917e-22
1.5375917e-22
-1.0751816e-22
2.6121033e-22
-2.0008814e-22
1.5383949e-22
3.6866499e-22
-1.0739179e-22
-2.1468231e-22
1.0751816e-22
2.6113001e-22
1.0751053e-22
1.0731147e-22
2.6113001e-22
1.5383949e-22
-4.63113e-23
1.5383949e-22
1.0743021e-22
-2.1468231e-22
1.0759434e-22
2.6113001e-22
2.6121033e-22
4.6391626e-23
4.6388333e-23
1.5383949e-22
-5.9367789e-26
-2.0012655e-22
-2.1468231e-22
1.0743021e-22
1.5377009e-22
-1.0743021e-22
1.5383949e-22
2.6113001e-22
-1.0743021e-22
-2.0008814e-22
6.1146642e-23
4.6391626e-23
2.0000782e-22
-1.0731147e-22
4.6308011e-23
4.6468654e-23
-2.0953337e-26
2.6122888e-22
1.5383949e-22
1.5383949e-22
-1.5379759e-22
1.5375917e-22
2.6129415e-22
2.6121033e-22
2.613127e-22
-1.0731147e-22
4.6308011e-23
1.5375917e-22
0
3.6863529e-22
5.2242765e-22
5.2242765e-22
-2.1474168e-22
5.2242765e-22
2.1479057e-22
1.536998e-22
-6.104621e-23
-1.1873558e-25
-2.1462294e-22
2.1490931e-22
3.0739961e-22
1.536998e-22
2.1479057e-22
-6.1095104e-23
-1.536998e-22
-1.1873558e-25
1.5386743e-22
-1.536998e-22
-1.1873558e-25
0
2.1490931e-22
-6.1041875e-23
-3.6856022e-22
-2.1474168e-22
3.0739961e-22
1.536998e-22
-1.1874401e-25
0
5.2242765e-22
3.0739961e-22
-3.0751834e-22
2.1490931e-22
6.092314e-23
-5.2229711e-22
-2.7595118e-22
0
3.0739961e-22
-1.1873558e-25
-1.536998e-22
1.5386743e-22
0
-6.1041875e-23
6.092314e-23
2.1479057e-22
1.536998e-22
3.0739961e-22
2.1490931e-22
0
2.1490931e-22
-6.1041875e-23
-1.536998e-22
2.1479057e-22
5.2242765e-22
-5.2217836e-22
-3.0751834e-22
-2.1462294e-22
0
0
0
0
4.2968149e-22
5.2242765e-22
-2.1474168e-22
5.2242765e-22
2.1479057e-22
3.0768597e-22
3.0739961e-22
1.676386e-25
-2.1462294e-22
2.1490931e-22
3.0739961e-22
1.536998e-22
2.1479057e-22
6.092314e-23
-1.5371072e-22
-1.1873558e-25
1.5386743e-22
-1.536998e-22
-1.1873558e-25
3.0739961e-22
-2.1487567e-22
-6.1041875e-23
-3.6856022e-22
6.092314e-23
1.676267e-25
-3.0751834e-22
3.0739961e-22
-3.0765892e-22
5.2242765e-22
-4.2976972e-22
1.536998e-22
2.1490931e-22
6.092314e-23
-3.6856022e-22
1.2202257e-22
0
3.0739961e-22
-2.1486042e-22
-1.536998e-22
2.1490931e-22
-2.1474168e-22
0
-9.2609038e-23
-3.0763708e-22
3.0739961e-22
-1.5365091e-22
-2.1474168e-22
-1.5382946e-22
3.6860911e-22
3.6860911e-22
3.6860911e-22
-1.1873558e-25
5.2230892e-22
3.6860911e-22
0
-3.0763708e-22
3.0739961e-22
-1.1873558e-25
-1.5359507e-22
-2.148163e-22
1.0476669e-25
5.2236485e-22
-1.5387794e-22
1.0476669e-25
6.1027876e-23
-3.6861962e-22
1.0477413e-25
1.5364047e-22
-6.0982478e-23
-3.6850088e-22
1.5392334e-22
-3.6861962e-22
6.1027876e-23
2.1498045e-22
2.2350226e-25
3.6854628e-22
2.1484645e-22
5.2236485e-22
3.6854628e-22
3.6857245e-22
1.0476669e-25
3.0750444e-22
1.0476669e-25
1.5392334e-22
1.5392334e-22
3.6854628e-22
-6.0986808e-23
3.0762317e-22
2.1472771e-22
1.0476669e-25
1.5364047e-22
1.0476669e-25
1.0476669e-25
5.9372004e-26
3.0750444e-22
-1.5359507e-22
1.5392334e-22
3.6854628e-22
5.2236485e-22
2.1484645e-22
3.0764501e-22
-1.5359507e-22
-3.6861962e-22
6.1027876e-23
-3.6861962e-22
1.0476669e-25
-3.6850088e-22
3.0764501e-22
1.0476669e-25
-1.5359507e-22
-1.5387794e-22
6.1027876e-23
1.0476669e-25
-1.5372472e-22
1.5364047e-22
-6.0982478e-23
1.0476669e-25
-1.5359507e-22
-1.5359507e-22
1.5392334e-22
-5.2235654e-22
5.2236485e-22
-3.6861962e-22
1.0476669e-25
6.1027876e-23
3.0762317e-22
1.5392334e-22
2.148617e-22
-6.0982478e-23
-2.1480105e-22
1.5392334e-22
-3.6861962e-22
6.1027876e-23
-3.6861962e-22
-5.9372004e-26
3.6854628e-22
1.538046e-22
3.6854628e-22
3.6854628e-22
1.5392334e-22
-1.3969883e-26
-1.5359507e-22
1.0476669e-25
1.0476669e-25
2.1484645e-22
1.5364047e-22
1.0476669e-25
1.0477413e-25
2.1472771e-22
9.2598621e-23
5.2236485e-22
1.0476669e-25
1.0476669e-25
1.0476669e-25
1.0477412e-25
-1.5359507e-22
1.5392334e-22
3.6854628e-22
3.6854628e-22
-2.1480105e-22
3.6866502e-22
1.5393427e-22
-1.537138e-22
1.0476669e-25
1.5392334e-22
5.8345559e-22
1.5392334e-22
-3.6852705e-22
3.6854628e-22
-3.6861962e-22
-1.5359507e-22
1.5364047e-22
-1.537138e-22
3.6854628e-22
3.6857245e-22
1.0476669e-25
-3.6861962e-22
1.5364047e-22
-9.0797794e-26
2.7587297e-22
6.1069798e-23
2.7585338e-22
9.2630021e-23
6.1069798e-23
5.8321112e-22
2.1488137e-22
3.6860736e-22
6.0783436e-23
3.6846944e-22
9.2630021e-23
3.683507e-22
2.1488137e-22
5.8321112e-22
3.1429751e-23
6.0951062e-23
-9.2748757e-23
-1.3968891e-25
2.1465088e-22
-9.2748757e-23
-6.1074134e-23
5.8321112e-22
-6.1069798e-23
9.2469379e-23
5.2228101e-22
3.683507e-22
2.7569274e-22
6.1074134e-23
1.5383951e-22
2.7585338e-22
-6.1069798e-23
6.0783436e-23
6.1069798e-23
5.2244165e-22
9.2636599e-23
6.1111705e-23
-9.0797794e-26
3.683507e-22
-9.2748757e-23
2.7569274e-22
-1.3968891e-25
3.6860736e-22
-2.1476962e-22
-6.1181549e-23
5.8321112e-22
2.1488137e-22
3.683507e-22
9.2630021e-23
3.6860736e-22
6.1069798e-23
-2.1476962e-22
3.6858119e-22
5.8321112e-22
6.1069798e-23
3.3675851e-22
-2.5842449e-25
6.0832327e-23
4.2939256e-22
-9.0797794e-26
-9.0797794e-26
4.2939256e-22
-3.1827892e-23
2.7585338e-22
4.0002966e-22
6.1069798e-23
5.8321112e-22
5.8325302e-22
-1.5379062e-22
-3.1946636e-23
3.6846944e-22
9.2630021e-23
3.683507e-22
2.1488137e-22
5.8321112e-22
-6.1181549e-23
6.1074134e-23
-9.2748757e-23
-1.5383951e-22
2.1465088e-22
-9.2748757e-23
3.683507e-22
3.6853751e-22
-2.1476962e-22
9.2469379e-23
-1.222723e-22
6.1069798e-23
-2.5842449e-25
-6.1069798e-23
2.1489663e-22
2.7585338e-22
-9.270685e-23
2.7569274e-22
6.1069798e-23
-1.222723e-22
7.3718333e-22
2.1489663e-22
-9.0797794e-26
3.683507e-22
2.1465088e-22
2.7569274e-22
9.2630021e-23
-2.1488137e-22
-3.0751227e-22
1.5372776e-22
-1.5379062e-22
1.5383951e-22
3.6839261e-22
5.2228101e-22
-3.0756117e-22
2.1476962e-22
-6.1342191e-23
1.5372776e-22
-1.5395824e-22
3.0725995e-22
2.1476962e-22
1.5357103e-22
-1.5379062e-22
-2.1488137e-22
-1.5395824e-22
2.14822e-22
-7.3724935e-22
-3.07553e-22
-6.4453934e-22
8.0321126e-26
-3.07553e-22
-1.2233197e-22
-9.2643692e-23
5.2225842e-22
1.3968891e-26
5.2238897e-22
-9.2643692e-23
-4.2963702e-22
-9.2643692e-23
-1.2233197e-22
-1.2217301e-22
-1.5365781e-25
-7.37197e-22
-5.2229468e-22
1.2193036e-22
-7.37197e-22
4.2976182e-22
-1.2216434e-22
2.1498963e-22
3.0747966e-22
-1.5365781e-25
-4.2963702e-22
-2.1489534e-22
9.2510572e-23
2.1458802e-22
-6.4453934e-22
2.1498963e-22
1.2209799e-22
5.2222134e-22
4.2956368e-22
-2.146766e-22
-9.2643692e-23
2.14822e-22
-4.2963702e-22
-7.37197e-22
-9.2811319e-23
-5.2229468e-22
5.2242606e-22
2.1498963e-22
1.2209799e-22
-1.2233197e-22
-9.2643692e-23
-4.2963702e-22
-9.2643692e-23
5.2242606e-22
5.2222134e-22
2.1498963e-22
-9.2643692e-23
-1.2233197e-22
-3.07553e-22
1.8524815e-22
3.3683967e-22
2.1475565e-22
-2.1489534e-22
2.14822e-22
2.14822e-22
-2.1489534e-22
9.2912206e-23
-6.4453934e-22
8.0321126e-26
-3.07553e-22
-1.2233197e-22
-3.0771364e-22
-3.07553e-22
3.075015e-22
5.2238897e-22
-9.2643692e-23
-4.2963702e-22
-9.2643692e-23
-1.2233197e-22
3.3683967e-22
6.1492266e-22
-7.37197e-22
-5.2229468e-22
1.2193036e-22
-7.37197e-22
-4.2963702e-22
6.1492266e-22
2.1498963e-22
3.0747966e-22
2.14822e-22
6.14879e-22
3.3683967e-22
2.1498963e-22
6.446829e-22
-6.4453934e-22
-9.2643692e-23
-2.1489534e-22
5.2222134e-22
4.2956368e-22
3.0747966e-22
2.1516904e-22
2.14822e-22
-4.2963702e-22
-7.37197e-22
-9.2811319e-23
-9.2643692e-23
8.0321126e-26
5.2242606e-22
-1.2233197e-22
9.2737982e-23
-3.07553e-22
2.1475565e-22
-1.5365781e-25
-1.5366872e-25
-4.2963702e-22
9.2343361e-23
8.0321126e-26
2.1475565e-22
-4.2963702e-22
-1.5365781e-25
-1.5366872e-25
9.2737982e-23
-3.07553e-22
2.1475565e-22
3.0731932e-22
-1.2240671e-22
2.14822e-22
-2.4794782e-25
-2.14822e-22
2.14822e-22
-1.2209769e-22
-8.0321126e-26
3.0743544e-22
-3.075533e-22
5.2222164e-22
3.0747996e-22
3.0731932e-22
-8.0321126e-26
-1.2209769e-22
3.0750179e-22
3.0747996e-22
1.3968891e-26
3.0724598e-22
9.2577638e-23
1.3968891e-26
2.1483725e-22
-8.2985526e-22
-1.2239802e-22
-3.1430006e-25
4.0004363e-22
3.0731932e-22
-4.2973131e-22
-6.1523409e-22
-2.943973e-23
-2.4794782e-25
-2.1505598e-22
-1.5365781e-25
5.2238927e-22
-4.2996529e-22
-3.0781262e-22
-2.9673709e-23
3.0731932e-22
3.0731932e-22
1.3968891e-26
9.2577638e-23
3.0724598e-22
-1.2234035e-22
-4.2979766e-22
9.2410011e-23
1.8530195e-22
-8.0321126e-26
2.1458802e-22
3.0747996e-22
-1.2234035e-22
5.2238927e-22
-4.2979766e-22
-8.0321126e-26
1.8530195e-22
2.14822e-22
8.0326829e-26
-1.5365781e-25
3.0731932e-22
-1.2233167e-22
3.0731932e-22
3.0731932e-22
-3.0731932e-22
-1.5366872e-25
-2.4794782e-25
9.2577638e-23
2.14822e-22
-1.2209769e-22
-2.1498963e-22
-1.5365781e-25
3.0734114e-22
5.2222164e-22
3.0747996e-22
3.0731932e-22
-8.0321126e-26
-1.2209769e-22
-1.2233167e-22
-3.0773579e-22
1.3968891e-26
3.0724598e-22
-1.5365781e-25
1.3968891e-26
3.0731932e-22
-9.2650569e-23
-4.2979766e-22
-3.1430006e-25
-3.1430006e-25
5.2238927e-22
-1.5365781e-25
-2.1505598e-22
1.3969883e-26
-2.4794782e-25
-3.3730733e-22
8.0321126e-26
-1.5365781e-25
-2.1505598e-22
-2.1522361e-22
-3.0757514e-22
3.0731932e-22
3.0731932e-22
2.1475565e-22
-1.5365781e-25
3.0747996e-22
-2.1505598e-22
2.1460326e-22
1.8530195e-22
2.1475565e-22
1.8530195e-22
2.1458802e-22
4.0004363e-22
7.3718329e-22
-4.0060937e-22
2.14822e-22
2.1458802e-22
-3.075533e-22
2.1458802e-22
-8.3009273e-22
-1.2257435e-22
2.1475565e-22
1.8530195e-22
-3.075533e-22
3.0771394e-22
-3.0764498e-22
4.2956368e-22
2.1466136e-22
-2.1498963e-22
4.2956368e-22
-5.5181503e-22
4.2956368e-22
-2.149106e-22
-2.1466136e-22
3.0747996e-22
-2.1489534e-22
2.14822e-22
4.2956368e-22
-5.5181503e-22
6.1492326e-22
-2.1466136e-22
5.2231942e-22
-5.2269309e-22
9.273828e-23
5.2231942e-22
-9.2818207e-23
-3.0738567e-22
9.2577638e-23
-4.2996529e-22
3.0747996e-22
2.14822e-22
2.4794782e-25
-1.5366872e-25
-3.3674508e-22
2.1466136e-22
9.2577638e-23
9.273828e-23
4.2949733e-22
-4.2996529e-22
-6.1523409e-22
9.2577638e-23
3.0771394e-22
2.14822e-22
5.2231942e-22
9.273828e-23
-5.2269309e-22
-2.1507125e-22
9.2577638e-23
9.2577638e-23
-3.3707335e-22
4.2956368e-22
-4.2989544e-22
-2.1489534e-22
-2.1507125e-22
4.2949733e-22
9.2577638e-23
-2.1466136e-22
-3.3707335e-22
4.2956368e-22
-2.1483725e-22
9.273828e-23
-2.1505598e-22
2.4794782e-25
3.0771394e-22
3.0771394e-22
-2.1466136e-22
2.1460326e-22
2.1466136e-22
9.2410011e-23
4.2956368e-22
-5.5181503e-22
-4.2956368e-22
-1.5365781e-25
-3.1432237e-25
3.0747996e-22
-1.5365781e-25
2.14822e-22
4.2956368e-22
-5.5181503e-22
9.2577638e-23
-3.0757514e-22
5.2231942e-22
-4.3003513e-22
-5.5197916e-22
5.2231942e-22
2.14822e-22
-4.0030952e-22
9.2577638e-23
-4.2996529e-22
-4.2996529e-22
4.2949733e-22
9.273828e-23
9.2577638e-23
4.2969197e-22
2.1466136e-22
9.2577638e-23
-2.1466136e-22
9.5203676e-22
-4.2996529e-22
-4.2996529e-22
3.3686329e-22
3.0771394e-22
2.14822e-22
5.2231942e-22
-5.5197916e-22
-1.5365781e-25
9.2343659e-23
1.2193872e-22
-1.2233167e-22
2.1475565e-22
3.0747996e-22
-5.2229498e-22
3.0747996e-22
5.2242636e-22
3.3683937e-22
4.2966146e-22
4.2989544e-22
-2.1466136e-22
2.14822e-22
-3.0738567e-22
-4.2982818e-22
2.1475565e-22
3.0747996e-22
-2.1466136e-22
-5.2226005e-22
2.1503982e-22
-8.2989367e-22
5.2258832e-22
4.2969289e-22
-8.2989367e-22
-9.2448426e-23
2.8287005e-25
3.0777421e-22
-3.0751837e-22
4.2969289e-22
2.8287005e-25
4.5398897e-26
2.8287005e-25
-9.2448426e-23
5.2262543e-22
-1.2196498e-22
5.2242419e-22
2.1478708e-22
2.1478708e-22
5.2242419e-22
1.2230194e-22
-4.2936462e-22
-5.2226005e-22
3.0768251e-22
3.0768251e-22
4.5398897e-26
1.1873558e-25
-2.1463818e-22
-2.1445881e-22
2.1495121e-22
-2.1486042e-22
-2.1486042e-22
-7.3716587e-22
5.2242419e-22
3.3705887e-22
-5.2226005e-22
-5.2226005e-22
4.5398897e-26
5.2242419e-22
4.5398897e-26
2.1478708e-22
4.5402121e-26
-2.1486042e-22
3.0751837e-22
-9.2448426e-23
2.8287005e-25
-2.1486042e-22
2.8287005e-25
4.5402121e-26
-7.3716587e-22
-2.1486042e-22
2.8287005e-25
-9.2448426e-23
-3.0735424e-22
-5.2229714e-22
-1.1873558e-25
2.1478708e-22
-1.2196498e-22
-5.2226005e-22
-5.2226005e-22
-4.2936462e-22
5.2246128e-22
5.2258832e-22
4.2969289e-22
-8.2989367e-22
-9.2448426e-23
5.2258832e-22
4.5398897e-26
-2.1487567e-22
4.2969289e-22
2.8287005e-25
4.5398897e-26
2.8287005e-25
-9.2448426e-23
3.0751837e-22
3.0754021e-22
5.2242419e-22
2.1478708e-22
-1.1873558e-25
5.2242419e-22
4.5398897e-26
-2.1463818e-22
-2.1486042e-22
3.0768251e-22
5.2242419e-22
-5.2242419e-22
-1.1873558e-25
-2.1486042e-22
5.2246128e-22
2.1495121e-22
-2.1462294e-22
1.1873558e-25
-4.2952876e-22
5.2242419e-22
3.0768251e-22
9.2783283e-23
-5.2226005e-22
4.5398897e-26
5.2242419e-22
-2.1486042e-22
2.8287005e-25
2.8287005e-25
-1.1874401e-25
1.2229325e-22
1.2229325e-22
-3.0735424e-22
-2.1469628e-22
4.5398897e-26
1.1874401e-25
9.2776695e-23
-2.1462294e-22
-4.2952876e-22
-7.3700173e-22
-1.2212912e-22
-4.2936462e-22
4.297234e-22
1.2229325e-22
-3.0735424e-22
-7.3700173e-22
-8.0321126e-26
-8.0326829e-26
-4.2956368e-22
-4.2979766e-22
-2.4434554e-22
-4.2956368e-22
-1.0445969e-21
-4.2956368e-22
6.149966e-22
-5.5197916e-22
3.0764759e-22
-8.0321126e-26
3.0741361e-22
-4.2956368e-22
-1.0445969e-21
-3.0750179e-22
-1.2216404e-22
-4.2989544e-22
-1.2216404e-22
1.3968891e-26
-4.2989544e-22
3.0734114e-22
1.3968891e-26
-4.2966146e-22
3.0731932e-22
-3.1430006e-25
3.0741361e-22
-1.2216404e-22
4.2976182e-22
-3.0771394e-22
-4.2979766e-22
-2.4434554e-22
-1.224958e-22
7.3713095e-22
4.2940304e-22
-3.0750179e-22
-1.8530195e-22
-8.0321126e-26
3.0741361e-22
-4.2989544e-22
4.2949733e-22
-1.2216404e-22
7.3718329e-22
1.8513782e-22
5.5158105e-22
-1.0445969e-21
-4.2956368e-22
3.0741361e-22
-8.0321126e-26
7.3718329e-22
7.3713095e-22
1.8513782e-22
-4.2956368e-22
-1.0445969e-21
-4.2956368e-22
-3.0750179e-22
-5.5197916e-22
1.3968891e-26
-1.2216404e-22
-8.0321126e-26
-8.0321126e-26
-1.2216404e-22
8.5960397e-22
-4.2979766e-22
-2.4434554e-22
-4.2956368e-22
-1.0445969e-21
-3.0771394e-22
1.8546958e-22
-1.855526e-22
3.0764759e-22
-8.0321126e-26
3.0741361e-22
-4.2956368e-22
-1.0445969e-21
5.5158105e-22
-1.8531511e-22
-4.2989544e-22
-1.2216404e-22
1.3968891e-26
-4.2989544e-22
3.0741361e-22
3.0766943e-22
1.8513782e-22
3.0731932e-22
4.2940304e-22
7.3713095e-22
-5.5197916e-22
-2.4434554e-22
-3.1432238e-25
-4.2979766e-22
-1.8530195e-22
-1.2216404e-22
6.1495294e-22
4.2940304e-22
3.0731932e-22
-3.0773579e-22
-8.0321126e-26
3.0741361e-22
-4.2989544e-22
4.2949733e-22
-8.0321126e-26
-8.0321126e-26
2.4396126e-22
-4.2979766e-22
1.2209769e-22
-4.2979766e-22
4.2949733e-22
-3.1430006e-25
1.2234035e-22
1.3968891e-26
3.0731932e-22
3.075533e-22
-5.5197916e-22
6.1504723e-22
1.3968891e-26
6.1476261e-22
1.2209769e-22
-4.2979766e-22
-5.5197916e-22
7.3721127e-22
1.2218319e-22
-7.36883e-22
3.0763711e-22
3.0739964e-22
-7.36883e-22
3.0739964e-22
-7.36883e-22
0
-4.300491e-22
3.0763711e-22
3.0763711e-22
0
-7.36883e-22
3.0739964e-22
-3.0765895e-22
-6.1503675e-22
-7.3712047e-22
4.2981163e-22
1.8531592e-22
-7.3712047e-22
3.0765895e-22
-7.3712047e-22
-4.2948336e-22
-4.2948336e-22
-4.2948336e-22
0
-2.3747115e-25
4.2984215e-22
-1.2208372e-22
3.0763711e-22
-1.2208372e-22
-5.5213282e-22
0
5.5198964e-22
-4.2951386e-22
3.2826895e-25
7.3721127e-22
0
-7.3712047e-22
1.8531592e-22
4.2981163e-22
-4.2951386e-22
-4.2948336e-22
4.2981163e-22
3.0739964e-22
-7.36883e-22
0
3.0763711e-22
-4.2951386e-22
0
-4.2948336e-22
6.1479928e-22
3.0739964e-22
-7.36883e-22
7.375011e-22
-5.5213282e-22
3.0763711e-22
-7.3712047e-22
7.3721127e-22
7.3721127e-22
-7.3712047e-22
1.2218319e-22
3.0763711e-22
0
-7.36883e-22
3.0739964e-22
1.8555339e-22
-1.2208372e-22
-3.0765895e-22
3.0763711e-22
3.0763711e-22
0
-7.36883e-22
3.0739964e-22
4.2981163e-22
7.3726361e-22
-7.3712047e-22
4.2981163e-22
1.8531592e-22
-7.3712047e-22
0
-3.0733066e-22
-4.2948336e-22
-4.2948336e-22
0
0
-5.5213282e-22
-1.2208372e-22
7.3726361e-22
3.0763711e-22
3.2826895e-25
-2.3747115e-25
0
0
1.2250628e-22
3.0742147e-22
7.3721127e-22
0
-7.3712047e-22
1.8531592e-22
3.0763711e-22
4.2948336e-22
9.0804242e-26
0
3.0772791e-22
-1.2208372e-22
6.1503675e-22
-4.2948336e-22
1.2242068e-22
-3.0763711e-22
7.3721127e-22
-7.36883e-22
-1.0448484e-21
0
-6.1503675e-22
0
3.0772791e-22
-1.2208372e-22
-1.0448484e-21
-1.2201388e-22
1.6414613e-25
4.2997576e-22
1.045009e-21
3.0779775e-22
4.2997576e-22
3.0779775e-22
3.0779775e-22
4.3000629e-22
-4.295532e-22
-6.9844457e-26
3.0779775e-22
-3.0746948e-22
3.0779775e-22
3.0779775e-22
7.3766176e-22
1.6413447e-25
4.2997576e-22
-1.8505749e-22
-4.295532e-22
4.2997576e-22
-3.0758561e-22
-7.3728111e-22
1.6413447e-25
-1.2191959e-22
1.8571403e-22
-3.0746948e-22
-8.5936483e-22
-3.0749132e-22
3.0779775e-22
7.373754e-22
1.6413447e-25
-4.295532e-22
-8.5913085e-22
1.0444468e-21
-7.3700517e-22
-3.0746948e-22
-1.2201388e-22
-3.0746948e-22
4.2997576e-22
-4.295532e-22
-1.8505749e-22
1.6414613e-25
1.6413447e-25
1.2201388e-22
3.0779775e-22
3.0779775e-22
1.6413447e-25
3.0779775e-22
1.6414613e-25
-8.5913085e-22
1.6413447e-25
3.9811341e-25
3.0779775e-22
1.6413447e-25
-6.9849417e-26
-4.295532e-22
6.1519739e-22
-7.3728111e-22
-1.2201388e-22
-1.2201388e-22
1.6413447e-25
1.2235083e-22
1.045009e-21
7.3728111e-22
4.2997576e-22
3.0779775e-22
7.3760938e-22
-3.0746948e-22
3.0791391e-22
-6.9844457e-26
3.0779775e-22
-3.0746948e-22
3.0779775e-22
3.0779775e-22
7.3681315e-22
3.0781961e-22
4.2997576e-22
1.2234214e-22
-1.2191959e-22
4.2997576e-22
-3.0746948e-22
4.29678e-22
1.6413447e-25
-1.2191959e-22
4.2964749e-22
-8.5913085e-22
-4.295532e-22
1.6413447e-25
4.29678e-22
7.373754e-22
3.0779775e-22
-1.2191959e-22
-4.2931922e-22
1.0444468e-21
-1.2191959e-22
3.0758561e-22
-1.2201388e-22
-3.0746948e-22
4.2997576e-22
-1.2191959e-22
3.0779775e-22
3.0746948e-22
-4.29678e-22
7.3728111e-22
1.2224785e-22
-1.2201388e-22
1.2257612e-22
-2.440976e-22
6.3306538e-23
1.8538576e-22
3.9811341e-25
1.2224785e-22
-1.0443525e-21
-4.2964749e-22
-8.5889687e-22
-3.0725732e-22
1.2224785e-22
-4.2964749e-22
-1.0443525e-21
3.0744504e-22
4.5402121e-26
-1.2236659e-22
1.2189514e-22
-1.8858003e-25
-1.2236659e-22
3.0711677e-22
-3.0782569e-22
-4.2946845e-22
4.2952876e-22
-1.2236659e-22
-7.3739985e-22
-1.855045e-22
-3.0782569e-22
3.0711677e-22
3.0770436e-22
4.2952876e-22
-3.0758822e-22
-3.0768251e-22
-1.8858003e-25
-3.0758822e-22
-1.8859342e-25
-3.0791649e-22
4.2952876e-22
-7.3763732e-22
3.0744504e-22
-1.855045e-22
4.2952876e-22
1.0444022e-21
3.0744504e-22
1.2189514e-22
4.2952876e-22
3.0744504e-22
4.2952876e-22
-6.155536e-22
-1.8859343e-25
4.2952876e-22
3.0744504e-22
-1.855045e-22
-3.0758822e-22
-1.8858003e-25
-3.0768251e-22
-4.2979675e-22
4.5398897e-26
-8.5924959e-22
3.0711677e-22
-3.0782569e-22
-6.1531613e-22
-7.3739985e-22
-4.2979675e-22
4.2952876e-22
4.5398897e-26
-3.0782569e-22
3.0711677e-22
-1.2236659e-22
-6.1526901e-22
3.0744504e-22
-1.2236659e-22
4.2952876e-22
3.0744504e-22
3.0744504e-22
4.2952876e-22
-3.0770436e-22
1.2189514e-22
-1.8858003e-25
-1.2236659e-22
3.0711677e-22
-1.8858003e-25
1.2189514e-22
1.219038e-22
-1.2236659e-22
-7.3739985e-22
-1.855045e-22
-3.0782569e-22
3.0711677e-22
-2.8287005e-25
4.2955926e-22
-3.0758822e-22
-3.0768251e-22
-4.3000021e-22
-3.0758822e-22
-1.855045e-22
-5.1688568e-25
4.5398897e-26
-7.3763732e-22
-1.4745203e-21
4.2952876e-22
3.0744504e-22
4.2952876e-22
4.5402121e-26
1.2189514e-22
4.2952876e-22
4.2952876e-22
4.2952876e-22
-6.155536e-22
-7.3763732e-22
7.3731251e-22
3.0744504e-22
-1.855045e-22
1.2189514e-22
-4.3000021e-22
-7.3739985e-22
1.2189514e-22
3.0746687e-22
-4.2976623e-22
3.0744504e-22
4.2952876e-22
1.8527052e-22
3.0744504e-22
-4.5402121e-26
-3.0791649e-22
4.5398897e-26
3.0744504e-22
4.2952876e-22
1.2212912e-22
-3.0791649e-22
-3.0761006e-22
3.0744504e-22
-2.8287005e-25
4.2952876e-22
-6.1503266e-22
3.0798695e-22
-7.368827e-22
0
-7.3711668e-22
-7.368827e-22
2.3397893e-25
-7.368827e-22
1.2242447e-22
4.2981512e-22
3.0739934e-22
-3.0739934e-22
-3.0763332e-22
-7.368827e-22
2.3397893e-25
7.375008e-22
3.0763332e-22
0
3.0796508e-22
-3.0763332e-22
0
-3.0732338e-22
-6.1503266e-22
-7.368827e-22
-1.8521754e-22
1.2241578e-22
-3.0763332e-22
-3.0763332e-22
-3.0765516e-22
3.3176117e-25
3.0763332e-22
-3.0739934e-22
4.2981512e-22
-1.8521754e-22
-1.8521754e-22
-1.0445902e-21
-7.368827e-22
-6.1503266e-22
-3.0763332e-22
0
-3.0763332e-22
3.0796508e-22
3.0765516e-22
0
-3.0739934e-22
2.3397893e-25
-7.368827e-22
-3.0763332e-22
-3.0739934e-22
3.0765516e-22
-1.8521754e-22
0
-7.368827e-22
2.3397893e-25
-6.147009e-22
7.3726681e-22
4.2981512e-22
3.0739934e-22
-3.0763332e-22
-6.1503266e-22
-6.1503266e-22
2.3397893e-25
-3.0742117e-22
0
-3.0763332e-22
-7.368827e-22
2.3397893e-25
-4.2948336e-22
1.2241578e-22
4.2961165e-22
3.0739934e-22
-3.0739934e-22
-3.0763332e-22
-7.368827e-22
2.3397893e-25
-3.0739934e-22
4.2984564e-22
0
3.0796508e-22
-3.0763332e-22
0
-3.0763332e-22
0
0
-1.8521754e-22
-1.8521754e-22
1.221818e-22
4.2981512e-22
-3.0739934e-22
-3.0742117e-22
3.0763332e-22
-7.368827e-22
3.0763332e-22
4.300491e-22
-1.8521754e-22
-1.8521754e-22
-1.2209269e-22
-6.1503266e-22
-3.0763332e-22
0
-3.0763332e-22
-3.0739934e-22
3.0739934e-22
3.0742117e-22
6.1503266e-22
-7.3711668e-22
-3.0739934e-22
-6.1527013e-22
-3.0739934e-22
-2.3399555e-25
-6.1527013e-22
6.1503266e-22
3.0796508e-22
4.2981512e-22
7.3744844e-22
-6.1527013e-22
2.3399555e-25
-7.3711668e-22
-3.0739934e-22
4.2981512e-22
-4.2988147e-22
6.1491278e-22
-5.5173121e-22
4.2964749e-22
1.6413447e-25
-5.5173121e-22
7.3704713e-22
-2.440976e-22
4.2944401e-22
1.6413447e-25
6.1496341e-22
-6.9844457e-26
-1.3523179e-21
-2.440976e-22
7.3704713e-22
4.3000629e-22
3.0756377e-22
-6.9844457e-26
-7.3728111e-22
-1.4744016e-21
-6.9844457e-26
-7.3700517e-22
6.1519739e-22
1.6413447e-25
1.8515178e-22
-1.2248183e-22
-1.3523179e-21
1.6413447e-25
-1.2202254e-22
-4.2988147e-22
4.2964749e-22
4.2964749e-22
1.2224785e-22
4.2974178e-22
-7.3728111e-22
-3.0749132e-22
-3.0746948e-22
-4.2988147e-22
-1.3523179e-21
-6.9844457e-26
-9.228345e-22
-7.3728111e-22
7.2643393e-25
1.6413447e-25
-1.6413447e-25
-1.2191959e-22
-2.440976e-22
1.2257612e-22
-6.9844457e-26
7.2643393e-25
4.2974178e-22
1.6413447e-25
-2.440976e-22
-1.2191959e-22
-1.2191959e-22
-8.5919186e-22
-4.2931922e-22
6.1496341e-22
7.3704713e-22
-4.2988147e-22
-4.2988147e-22
3.0756377e-22
-3.0758561e-22
4.2964749e-22
1.6413447e-25
-5.5173121e-22
7.3704713e-22
3.0756377e-22
-1.6413447e-25
-4.2934971e-22
6.1496341e-22
-6.9844457e-26
-1.3523179e-21
-2.440976e-22
7.3704713e-22
-4.2964749e-22
-1.8563641e-22
-6.9844457e-26
-7.3728111e-22
4.9240342e-25
-6.9844457e-26
-1.3523179e-21
-6.1491278e-22
1.6413447e-25
1.8515178e-22
-1.6413447e-25
2.5842449e-25
-4.2931922e-22
4.2964749e-22
7.3709947e-22
4.2964749e-22
3.0779775e-22
1.6413447e-25
4.2974178e-22
-4.2964749e-22
-1.2248183e-22
3.0791391e-22
-4.2988147e-22
-1.3523179e-21
-6.9844457e-26
5.5205948e-22
-6.9844457e-26
-1.8505749e-22
7.3742776e-22
-4.2931922e-22
1.8515178e-22
-3.0779775e-22
-4.2964749e-22
-1.2248183e-22
-5.5209868e-22
1.2201388e-22
2.4442587e-22
8.5922514e-22
3.0756377e-22
-1.0446808e-21
-6.9844457e-26
1.8516493e-22
1.8515178e-22
3.0746948e-22
3.0756377e-22
1.2229675e-22
-3.0763451e-22
1.2196498e-22
-3.072809e-22
4.2936462e-22
1.2196498e-22
-3.0694914e-22
4.2960209e-22
2.4439782e-22
1.1873558e-25
-3.072809e-22
-4.5049675e-25
1.1873558e-25
4.2960209e-22
-3.0694914e-22
-4.2930082e-22
1.1873558e-25
-7.3700173e-22
1.2196498e-22
3.0751837e-22
-7.3700173e-22
-3.0754021e-22
-4.2993386e-22
-6.1515199e-22
7.373335e-22
1.8533687e-22
1.1873558e-25
1.1873558e-25
-3.0763451e-22
1.8533687e-22
-3.072809e-22
-6.1515199e-22
-3.072809e-22
1.2196498e-22
1.850086e-22
-1.0447095e-21
-1.0449671e-21
1.2229675e-22
1.1873558e-25
-7.3700173e-22
-3.072809e-22
1.2196498e-22
-5.5181929e-22
-6.1515199e-22
2.1302559e-25
5.5201758e-22
4.2960209e-22
1.1873558e-25
-4.5049675e-25
-5.5181929e-22
1.2196498e-22
-6.1515199e-22
-4.2936462e-22
5.5201758e-22
-3.0785014e-22
5.5158529e-22
3.0751837e-22
-3.072809e-22
3.0751837e-22
1.2229675e-22
1.2229675e-22
3.0751837e-22
-1.2221113e-22
-3.072809e-22
4.2936462e-22
1.2196498e-22
-3.0694914e-22
1.4738847e-21
-6.1515199e-22
-7.3705407e-22
-3.072809e-22
-4.5049675e-25
1.1873558e-25
4.2960209e-22
-3.0694914e-22
8.5917974e-22
-1.2207143e-22
-7.3700173e-22
-3.0751837e-22
3.0751837e-22
-7.3700173e-22
1.1873558e-25
-1.8535003e-22
-6.1515199e-22
7.373335e-22
3.0785014e-22
1.2196498e-22
3.0751837e-22
-6.1515199e-22
-1.0447095e-21
-3.072809e-22
-1.0449671e-21
1.1873558e-25
1.2196498e-22
1.1668169e-21
-2.4447476e-22
-6.1519567e-22
1.2229675e-22
1.1873558e-25
-7.3700173e-22
-3.072809e-22
-4.5049675e-25
7.373335e-22
1.2197365e-22
4.5049675e-25
4.2936462e-22
-1.2206277e-22
6.1491801e-22
1.8533687e-22
4.2939511e-22
-1.0447331e-21
-9.2255163e-22
-3.0751837e-22
1.1873558e-25
-3.0751837e-22
-7.373335e-22
-4.2996438e-22
4.2936462e-22
7.3756747e-22
1.1873558e-25
1.0446882e-21
6.1524806e-22
-4.2988893e-22
-6.9844457e-26
6.1520438e-22
-4.2988893e-22
-1.0446882e-21
-6.9844457e-26
-1.0447624e-21
1.8572054e-22
6.1520438e-22
-1.4745003e-21
6.1520438e-22
-6.9844457e-26
-1.0446882e-21
-6.1491278e-22
-8.5937277e-22
-4.2955368e-22
6.1486912e-22
4.0509785e-25
-4.2955368e-22
-1.8539845e-22
-1.6599554e-21
-6.1486912e-22
-6.9844457e-26
4.2974226e-22
6.1520438e-22
-8.5937277e-22
-6.9849417e-26
8.592261e-22
-6.9844457e-26
-6.9844457e-26
4.0509785e-25
2.4442682e-22
-1.8538529e-22
4.2991946e-22
-1.0446882e-21
1.0446882e-21
6.1520438e-22
-4.2955368e-22
4.0509785e-25
6.1486912e-22
-4.2991946e-22
-6.1486912e-22
-6.1486912e-22
-1.0446882e-21
-6.9844457e-26
4.2974226e-22
-1.4745003e-21
-4.2991946e-22
2.4442682e-22
-6.1486912e-22
-6.9844457e-26
-1.0446882e-21
-6.9844457e-26
1.0447624e-21
4.0509785e-25
6.1520438e-22
-6.1520438e-22
1.0446882e-21
1.0446882e-21
-1.0446882e-21
-1.8586644e-22
-6.9844457e-26
4.0509785e-25
-4.2988893e-22
-1.0446882e-21
4.2941399e-22
-1.8552497e-22
-6.1491278e-22
6.1520438e-22
-1.4745003e-21
6.1520438e-22
-6.9844457e-26
-1.0446882e-21
-1.8538529e-22
-6.7395851e-22
-4.2955368e-22
6.1486912e-22
-1.8505702e-22
-4.2955368e-22
6.1520438e-22
4.3024775e-22
-6.1486912e-22
-6.9844457e-26
-6.1486912e-22
8.592261e-22
4.0509785e-25
-6.9844457e-26
6.7381881e-22
-6.9844457e-26
-1.0446882e-21
-8.5937277e-22
8.5970104e-22
-1.8538529e-22
-6.9844457e-26
-1.6600733e-21
1.0446882e-21
6.1520438e-22
-4.2955368e-22
-1.8505702e-22
-1.4745003e-21
6.1520438e-22
1.0450907e-21
-4.2988893e-22
-1.0446882e-21
4.2974226e-22
-4.2988893e-22
4.2974226e-22
-4.2991946e-22
-4.2988893e-22
-1.8505702e-22
1.0450165e-21
1.8572054e-22
4.2974226e-22
-8.5937277e-22
-6.1458449e-22
-1.0446882e-21
4.2974226e-22
1.8572054e-22
6.1503675e-22
-4.2975087e-22
-5.657401e-25
-4.3004862e-22
4.3004862e-22
-5.657401e-25
-1.8555387e-22
8.5905656e-22
-6.1554841e-22
4.2972035e-22
-4.3004862e-22
-4.2924541e-22
8.595315e-22
8.5905656e-22
-1.8555387e-22
-4.2975087e-22
-2.3747115e-25
4.2957368e-22
-4.2924541e-22
8.595315e-22
4.2957368e-22
6.1508042e-22
-4.2972035e-22
4.2972035e-22
6.1503675e-22
-2.3747115e-25
8.595315e-22
-1.8555387e-22
-1.8556704e-22
4.2924541e-22
4.2957368e-22
6.1503675e-22
2.3747115e-25
-6.1503675e-22
-1.8555387e-22
4.2927589e-22
-9.0797794e-26
6.1503675e-22
8.595315e-22
4.2957368e-22
4.3004862e-22
-4.2924541e-22
-6.1508042e-22
-4.2924541e-22
-6.1536502e-22
-1.8555387e-22
8.5905656e-22
8.595315e-22
-4.2924541e-22
-6.1508042e-22
-6.1503675e-22
-4.2924541e-22
9.0797794e-26
-1.8555387e-22
-5.657401e-25
6.1460545e-22
4.2972035e-22
-2.3747115e-25
-4.2972035e-22
6.1503675e-22
6.1503675e-22
-4.2972035e-22
-6.1508042e-22
-4.3004862e-22
1.0448479e-21
-5.657401e-25
-1.8555387e-22
-4.3004862e-22
-2.3747115e-25
-9.0804242e-26
-4.3004862e-22
2.3747115e-25
8.595315e-22
8.5905656e-22
-1.8555387e-22
-6.1536502e-22
-8.5959254e-22
4.2957368e-22
-4.2924541e-22
8.595315e-22
4.2957368e-22
8.595315e-22
4.2960418e-22
-4.2924541e-22
6.1503675e-22
4.2972035e-22
-6.1503675e-22
4.2972035e-22
6.1503675e-22
-4.2927589e-22
4.2957368e-22
-1.8555387e-22
-1.8555387e-22
-6.1503675e-22
4.2972035e-22
-2.3747115e-25
1.8523875e-22
6.1503675e-22
8.595315e-22
4.2957368e-22
4.3004862e-22
2.3747115e-25
-8.5905656e-22
-9.0804242e-26
-1.0445196e-21
-4.2957368e-22
-2.3747115e-25
2.3747115e-25
-2.3747115e-25
-6.1508042e-22
-2.3747115e-25
-6.1470848e-22
4.2924541e-22
6.1503675e-22
-1.8555387e-22
-2.3747115e-25
6.1508042e-22
-4.2957368e-22
-2.3747115e-25
6.1503675e-22
-4.2955622e-22
-4.2958672e-22
-7.333668e-26
-4.2955622e-22
1.4743517e-21
-7.333668e-26
6.7343634e-22
-1.8552942e-22
-4.2958672e-22
-1.8552942e-22
-1.0451552e-21
4.3021625e-22
4.2926986e-22
-1.8552942e-22
6.7343634e-22
-8.5942839e-22
-8.5936737e-22
1.8524306e-22
1.0450155e-21
-1.8552942e-22
1.8524306e-22
1.0446148e-21
6.1472594e-22
-4.2988449e-22
2.5842449e-25
-6.150123e-22
4.2926986e-22
4.2974131e-22
1.8573119e-22
-1.8552942e-22
-4.2955622e-22
-4.2988449e-22
-1.8552942e-22
-2.0894374e-21
-8.5936737e-22
4.2977182e-22
-7.333668e-26
-4.2955622e-22
4.2926986e-22
1.8524306e-22
-1.8552942e-22
1.0450155e-21
1.2297592e-21
-4.2988449e-22
2.5842449e-25
6.7343634e-22
-1.8552942e-22
4.2926986e-22
4.3021625e-22
1.2297592e-21
-2.0894374e-21
-4.2988449e-22
-6.150123e-22
6.7343634e-22
-7.333668e-26
-7.3341887e-26
-1.8552942e-22
-4.2988449e-22
1.0445406e-21
-4.2955622e-22
-4.2955622e-22
1.8491479e-22
3.7073245e-22
-4.2955622e-22
8.5955246e-22
-7.333668e-26
6.7343634e-22
-4.2955622e-22
-7.333668e-26
6.1524457e-22
-1.0451552e-21
8.5969913e-22
4.2926986e-22
-1.8552942e-22
6.7343634e-22
2.5842449e-25
-7.3341887e-26
1.8524306e-22
1.0450155e-21
-1.8552942e-22
1.8524306e-22
4.2926986e-22
-1.0444297e-21
-4.2988449e-22
2.5842449e-25
2.5842449e-25
-2.0894374e-21
-1.8552942e-22
-4.2988449e-22
2.5844284e-25
-4.2955622e-22
-7.333668e-26
-4.2988449e-22
-1.4741666e-21
2.5842449e-25
-8.5936737e-22
-7.3341887e-26
-4.2955622e-22
4.2926986e-22
1.0442088e-21
-1.8552942e-22
8.5969913e-22
-4.2955622e-22
-7.3341888e-26
-1.8552942e-22
8.5955246e-22
-1.0443555e-21
4.2940955e-22
-4.2955622e-22
-8.5942839e-22
-4.2955622e-22
4.2974131e-22
-4.0160563e-25
-6.150123e-22
1.8491479e-22
-4.2955622e-22
2.5844284e-25
8.5955246e-22
-6.1454085e-22
-6.150123e-22
-8.5953341e-22
-6.1474514e-22
-2.3397893e-25
-7.0892124e-25
9.778224e-26
-2.3397893e-25
-4.3004958e-22
-6.155082e-22
-8.0088051e-22
4.2958162e-22
1.8508146e-22
4.2958162e-22
1.0443809e-21
-6.155082e-22
-4.3004958e-22
4.2961212e-22
-1.8602436e-22
4.2958162e-22
-5.657401e-25
-4.2938605e-22
4.2958162e-22
8.5912646e-22
-8.5953341e-22
-2.3397893e-25
-6.147015e-22
-1.2299757e-21
1.0443809e-21
-1.856926e-22
4.2928034e-22
-1.856926e-22
4.2910668e-22
-2.3397893e-25
-4.2938605e-22
-4.2971782e-22
-6.7421797e-22
-5.6578028e-25
-2.3397893e-25
-8.5953341e-22
1.0443809e-21
4.2958162e-22
-4.2938605e-22
-5.657401e-25
-4.2974833e-22
-2.3397893e-25
-7.0892124e-25
-4.3004958e-22
-6.155082e-22
1.0443809e-21
4.2958162e-22
-4.2974833e-22
-4.2971782e-22
-2.3397893e-25
-6.155082e-22
-4.3004958e-22
4.2958162e-22
-4.2974833e-22
-4.2938605e-22
-3.7716007e-25
-6.1517644e-22
-8.5953341e-22
-8.5953341e-22
-1.044992e-21
1.850946e-22
-7.0892124e-25
9.778224e-26
-2.3397893e-25
-4.3004958e-22
4.2877492e-22
4.2958162e-22
6.1460894e-22
1.8508146e-22
4.2958162e-22
1.0443809e-21
-6.155082e-22
-4.3004958e-22
-8.5967659e-22
-4.3008011e-22
4.2958162e-22
-8.5953341e-22
-4.2938605e-22
4.2958162e-22
1.0443809e-21
-4.2974833e-22
-2.3397893e-25
-6.147015e-22
1.0443809e-21
-4.2971782e-22
-4.2938605e-22
-2.3397893e-25
9.7789183e-26
4.2910668e-22
-2.3397893e-25
-6.155082e-22
-4.2971782e-22
1.8541322e-22
-1.4743327e-21
-2.3399555e-25
-8.5953341e-22
1.0443809e-21
4.2958162e-22
-4.2938605e-22
4.2958162e-22
-4.2971782e-22
-2.3399555e-25
-4.3004958e-22
-8.0049188e-22
-4.3019276e-22
-6.1517644e-22
-1.6597913e-21
-6.155519e-22
1.847497e-22
-8.5953341e-22
-4.2971782e-22
8.5906546e-22
6.145653e-22
-5.657401e-25
-6.1522012e-22
-8.0049188e-22
6.1489706e-22
8.5906546e-22
6.1472594e-22
-8.5942839e-22
4.2940955e-22
4.2974131e-22
-2.0894374e-21
4.2940955e-22
3.7070613e-22
8.5922419e-22
-6.1505597e-22
-8.590391e-22
-4.2955622e-22
8.5889243e-22
4.2974131e-22
8.5922419e-22
3.7070613e-22
-4.0163415e-25
2.5842449e-25
-2.4409315e-22
2.4428173e-22
4.2974131e-22
-2.4409315e-22
1.8492792e-22
-6.1534406e-22
-4.2922446e-22
-6.150123e-22
-1.0448269e-21
4.2974131e-22
-8.590391e-22
1.2304193e-21
-4.3002767e-22
-7.333668e-26
4.2974131e-22
-7.333668e-26
-4.2988449e-22
-6.1534406e-22
-6.1571605e-22
-1.2888503e-21
6.1472594e-22
4.2974131e-22
-2.4409315e-22
4.2974131e-22
2.4428173e-22
8.592852e-22
-1.8505797e-22
-1.0451552e-21
1.2296719e-21
8.5922419e-22
4.2974131e-22
8.5889243e-22
8.592852e-22
-4.2988449e-22
-1.8505797e-22
2.5842449e-25
1.2296719e-21
4.2940955e-22
4.2944004e-22
-7.333668e-26
-4.2955622e-22
-7.333668e-26
6.1472594e-22
6.1472594e-22
4.2974131e-22
1.8525621e-22
4.2974131e-22
-1.6599545e-21
4.2940955e-22
3.7070613e-22
1.0445406e-21
-7.333668e-26
-7.3341887e-26
-4.2955622e-22
-4.2955622e-22
4.2974131e-22
8.5922419e-22
3.7070613e-22
-1.0451552e-21
6.1510138e-22
-2.4409315e-22
6.7376461e-22
4.2974131e-22
-2.4409315e-22
4.2974131e-22
6.1476959e-22
-1.8505797e-22
-6.150123e-22
-1.8552942e-22
-4.2988449e-22
-7.333668e-26
4.2974131e-22
-4.2958672e-22
-7.333668e-26
-1.2888503e-21
-4.2922446e-22
-1.0451552e-21
-1.8552942e-22
-1.0448269e-21
8.0057412e-22
6.1472594e-22
4.2974131e-22
-2.4409315e-22
4.2974131e-22
-4.2955622e-22
2.4395346e-22
-6.1538776e-22
1.8538973e-22
1.8491479e-22
-4.3002767e-22
6.1520088e-22
-1.0448269e-21
4.2944004e-22
-6.1534406e-22
6.1472594e-22
-4.3035594e-22
-4.2955622e-22
-4.2988449e-22
-1.0448269e-21
-5.4482545e-25
1.8491479e-22
-2.1302559e-25
-4.2955622e-22
1.0442133e-21
-8.5976209e-22
-6.9844457e-26
-6.1520438e-22
-1.9041238e-21
-6.9844457e-26
-1.8572054e-22
4.2974226e-22
-4.2991946e-22
-6.1486912e-22
-1.2301364e-21
-1.4745003e-21
4.2907874e-22
4.2974226e-22
-1.8572054e-22
-6.9849417e-26
-6.1486912e-22
-6.9844457e-26
-1.8552497e-22
-4.2988893e-22
-6.9844457e-26
-6.1491278e-22
-1.0451562e-21
1.8491034e-22
6.1472943e-22
1.0445415e-21
4.2907874e-22
-6.1486912e-22
-4.2991946e-22
1.4740254e-21
-6.1520438e-22
-8.5937277e-22
-6.9844457e-26
-4.2988893e-22
6.1472943e-22
4.2977278e-22
1.2300037e-21
1.0442133e-21
4.2907874e-22
-6.9844457e-26
-4.2988893e-22
-1.8552497e-22
-6.9849417e-26
-1.0446882e-21
6.1472943e-22
-1.8572054e-22
4.2974226e-22
4.2907874e-22
-1.4745003e-21
-6.9849417e-26
-4.2988893e-22
-1.0446882e-21
4.2974226e-22
-1.8572054e-22
-6.9844457e-26
-4.3005217e-22
-6.9844457e-26
-1.2301364e-21
-6.9844457e-26
1.0442133e-21
1.0442133e-21
-6.9844457e-26
-8.5976209e-22
-6.1520438e-22
-1.0451562e-21
-6.9844457e-26
-1.8572054e-22
-4.2988893e-22
-1.47464e-21
2.4411588e-22
-1.2301364e-21
-8.5970104e-22
4.2907874e-22
4.2974226e-22
-1.8572054e-22
6.1472943e-22
6.1524806e-22
-6.9844457e-26
-6.1500881e-22
-4.2988893e-22
-6.9844457e-26
4.2907874e-22
-6.9849417e-26
-1.0446882e-21
6.1472943e-22
6.1472943e-22
-4.2988893e-22
-6.9844457e-26
-8.5937277e-22
-4.2991946e-22
-6.1520438e-22
1.2300037e-21
-6.1486912e-22
-4.2988893e-22
6.1472943e-22
6.1472943e-22
4.2910921e-22
1.0442133e-21
4.2907874e-22
-6.9844457e-26
-4.2988893e-22
-8.5970104e-22
-6.9844457e-26
-6.9849417e-26
-4.0509785e-25
4.2974226e-22
4.2974226e-22
-6.9844457e-26
1.0445415e-21
4.2944448e-22
-6.1520438e-22
-1.2304716e-21
-4.0509785e-25
-6.1486912e-22
4.2907874e-22
-1.0446882e-21
-4.2991946e-22
4.2974226e-22
6.1520438e-22
-6.1486912e-22
9.778224e-26
-6.1507633e-22
1.8602377e-22
6.1503266e-22
1.0448483e-21
1.8602377e-22
-2.3397893e-25
5.657401e-25
-1.0445907e-21
4.3037785e-22
-2.3397893e-25
-4.2971782e-22
-1.4743321e-21
5.657401e-25
-2.3397893e-25
-4.2974833e-22
-4.2924986e-22
-8.5886989e-22
1.0448483e-21
-4.3004958e-22
-8.5886989e-22
2.3399555e-25
-4.2924986e-22
4.2971782e-22
-2.3397893e-25
4.2958162e-22
-1.4743321e-21
-4.2924986e-22
1.85562e-22
9.778224e-26
6.1503266e-22
-8.5873369e-22
1.4746604e-21
1.8554882e-22
-1.0445165e-21
-4.3008011e-22
-6.1536442e-22
9.778224e-26
-1.4743321e-21
-8.5886989e-22
-4.3004958e-22
1.0448483e-21
-6.1474455e-22
4.2971782e-22
5.657401e-25
-2.3397893e-25
5.657401e-25
-1.4743321e-21
-4.2971782e-22
-6.1474455e-22
1.8554882e-22
4.2971782e-22
5.657401e-25
-2.3397893e-25
-8.5906546e-22
9.7789183e-26
1.4746604e-21
-2.3397893e-25
-4.2924986e-22
9.778224e-26
9.778224e-26
-4.2924986e-22
2.3399555e-25
6.1503266e-22
1.0448483e-21
1.8602377e-22
-2.3397893e-25
-4.2924986e-22
8.9400905e-25
8.5992274e-22
-2.3397893e-25
-4.2971782e-22
-1.4743321e-21
5.657401e-25
-2.3397893e-25
5.657401e-25
5.6578027e-25
-8.5886989e-22
1.8588059e-22
-4.3004958e-22
-8.5886989e-22
-1.4743321e-21
2.3399555e-25
4.2971782e-22
-2.3397893e-25
-1.0445165e-21
1.8554882e-22
1.4746604e-21
-8.5873369e-22
-1.85562e-22
6.1503266e-22
-6.1536442e-22
-4.2924986e-22
1.8554882e-22
-1.0445165e-21
-2.3397893e-25
-4.2974833e-22
9.778224e-26
-1.4743321e-21
-8.5886989e-22
-4.3004958e-22
-4.2971782e-22
-4.2971782e-22
4.2994041e-22
-6.1503266e-22
4.3004958e-22
-1.8521706e-22
2.3397893e-25
4.2958162e-22
-1.0445907e-21
6.1503266e-22
4.2971782e-22
1.8554882e-22
4.3037785e-22
-4.2924986e-22
-4.2924986e-22
4.3040841e-22
4.3004958e-22
-1.8521706e-22
4.3037785e-22
-1.8562371e-22
4.2920604e-22
-4.2964702e-22
-1.6413447e-25
4.2917557e-22
-4.2964702e-22
-6.1543486e-22
-4.2964702e-22
-6.3562969e-25
-6.1543486e-22
4.2964702e-22
1.8515226e-22
-1.6413447e-25
-4.2964702e-22
-6.1543486e-22
6.1435049e-22
-6.1543486e-22
4.2917557e-22
-6.1543486e-22
-1.6413447e-25
4.2917557e-22
-1.904822e-21
6.1430687e-22
-4.3011847e-22
1.6593888e-21
4.288473e-22
-1.6413447e-25
-6.1543486e-22
-3.0733743e-25
-1.8595198e-22
-1.6413447e-25
2.435309e-22
-6.1543486e-22
-9.6385351e-25
1.8447051e-21
1.0441922e-21
1.8515226e-22
-1.8562371e-22
-1.6413447e-25
4.2917557e-22
-1.6413447e-25
-6.1543486e-22
8.5871942e-22
-6.1543486e-22
1.0439748e-21
-6.1543486e-22
-4.2964702e-22
-1.6413447e-25
1.8515226e-22
8.5871942e-22
-9.6385351e-25
-6.1543486e-22
-4.2964702e-22
-6.1543486e-22
-4.2964702e-22
6.1533537e-22
-6.1543486e-22
8.5945817e-22
-6.3558456e-25
-1.8562371e-22
-1.8562371e-22
4.288473e-22
4.2920604e-22
-1.6413447e-25
4.2917557e-22
-4.2964702e-22
-6.1543486e-22
-1.6413447e-25
8.5880163e-22
-1.2304682e-21
4.2964702e-22
6.1463514e-22
-1.6413447e-25
-4.2964702e-22
-6.1543486e-22
1.0439748e-21
-4.2967752e-22
4.2917557e-22
-6.1543486e-22
-1.6413447e-25
4.2917557e-22
-1.6413447e-25
-4.304773e-22
-6.1543486e-22
1.6593888e-21
1.8447051e-21
-4.3044674e-22
-6.1543486e-22
2.435309e-22
-6.7418964e-22
-1.6413447e-25
1.8515226e-22
-6.1543486e-22
6.1430687e-22
1.8447051e-21
1.6593888e-21
-4.3000582e-22
-1.8562371e-22
-1.6413447e-25
-8.0042299e-22
-1.6413447e-25
6.1463514e-22
-6.1543486e-22
-8.0080812e-22
-6.3558456e-25
4.3011847e-22
2.435309e-22
-1.045246e-21
4.288473e-22
8.595192e-22
-1.045246e-21
-6.1576313e-22
-4.2997529e-22
-1.8595198e-22
-4.2997529e-22
-6.1576313e-22
-6.3562969e-25
4.3011847e-22
2.435309e-22
-1.8595198e-22
-6.9844457e-26
-1.2302237e-21
-6.9844457e-26
-6.1533708e-22
-6.9844457e-26
-6.9844457e-26
-6.9844457e-26
-6.1533708e-22
-6.1491278e-22
-5.3780232e-25
-1.2301364e-21
-2.4442682e-22
6.1472943e-22
-6.1533708e-22
-6.9844457e-26
-1.475073e-21
-1.2301364e-21
-2.4442682e-22
1.4743536e-21
8.5889783e-22
-2.4442682e-22
-2.4444418e-22
-6.1486912e-22
6.1520438e-22
1.4743536e-21
1.2300037e-21
6.1472943e-22
-5.3780232e-25
2.4430448e-22
1.2300037e-21
-6.1533708e-22
1.2300037e-21
-1.4743048e-21
6.1520438e-22
8.5955437e-22
6.1477308e-22
-6.9844457e-26
-6.9844457e-26
6.1472943e-22
-2.4442682e-22
-8.5903752e-22
1.4743536e-21
6.1477308e-22
6.1520438e-22
-6.9844457e-26
-6.9844457e-26
-6.1533708e-22
6.1472943e-22
-2.4442682e-22
6.1477308e-22
6.1520438e-22
6.1520438e-22
-5.3780232e-25
-6.9844457e-26
-6.9844457e-26
-8.5976209e-22
2.4363059e-22
-1.2301364e-21
-1.2301364e-21
-6.9844457e-26
-6.9844457e-26
-1.2301364e-21
5.867351e-25
-6.1533708e-22
-8.5903752e-22
-6.9844457e-26
-6.9844457e-26
-8.5950548e-22
6.1472943e-22
-6.9849417e-26
-1.2301364e-21
-2.4442682e-22
6.1472943e-22
-6.1533708e-22
-6.9844457e-26
-6.9844457e-26
8.596154e-22
-2.4442682e-22
1.4743536e-21
8.5889783e-22
-2.4442682e-22
6.1472943e-22
-6.9849417e-26
6.1520438e-22
1.4743536e-21
8.5955437e-22
6.1520438e-22
2.4363059e-22
1.2300037e-21
6.1477308e-22
-6.1533708e-22
6.1520438e-22
-5.3780232e-25
6.1520438e-22
8.5955437e-22
1.4743536e-21
-6.1491278e-22
-6.9844457e-26
6.1472943e-22
-2.4442682e-22
-8.5903752e-22
-2.4442682e-22
6.1472943e-22
-5.3784051e-25
-6.9844457e-26
-6.1533708e-22
-2.4423824e-22
1.474172e-21
6.1472943e-22
-1.4744094e-21
-6.1533708e-22
-8.5903752e-22
6.1520438e-22
-5.3780232e-25
6.1472943e-22
-5.3780232e-25
-6.9849417e-26
-6.1533708e-22
-2.4423824e-22
-5.3780232e-25
8.585886e-22
8.5911756e-22
-8.5999946e-22
6.1442212e-22
-2.4454365e-22
-8.5999946e-22
9.0797794e-26
6.1489008e-22
-6.158767e-22
-1.2304507e-21
6.1442212e-22
-6.1630792e-22
8.5905656e-22
6.1489008e-22
9.0797794e-26
-1.0337714e-24
-1.4752737e-21
-1.033698e-24
2.4378933e-22
1.2296894e-21
-1.033698e-24
-1.2307196e-21
9.0797794e-26
1.8449636e-21
-1.4747987e-21
9.0797794e-26
8.5905656e-22
-8.595315e-22
8.5911756e-22
6.1489008e-22
6.1442212e-22
1.2301643e-21
-8.5210238e-25
-2.089598e-21
2.4378933e-22
-1.0337714e-24
6.1442212e-22
8.585886e-22
8.5905656e-22
-1.033698e-24
1.2296894e-21
2.4378933e-22
2.7041213e-21
1.8449636e-21
8.5905656e-22
1.4738558e-21
6.1489008e-22
8.5905656e-22
-6.1630792e-22
2.7041213e-21
-2.089598e-21
1.8449636e-21
6.1489008e-22
1.4738558e-21
-8.5999946e-22
1.8450946e-21
-8.5210238e-25
1.2296894e-21
-2.4473223e-22
8.585886e-22
8.585886e-22
-2.090073e-21
-8.5940394e-22
6.1442212e-22
6.1442212e-22
-8.5999946e-22
9.0797794e-26
-8.5934292e-22
-1.104358e-21
-3.7718685e-25
6.1442212e-22
-1.8459065e-21
8.5905656e-22
6.1489008e-22
9.0797794e-26
8.5905656e-22
-3.7718685e-25
-1.033698e-24
-6.1517644e-22
1.2296894e-21
-1.033698e-24
8.5905656e-22
-1.4749035e-21
1.8449636e-21
-1.4747987e-21
-6.1583298e-22
-8.5999946e-22
-8.5210238e-25
1.2301643e-21
2.0892784e-21
6.1442212e-22
1.8449636e-21
-2.090073e-21
-8.5905656e-22
-6.1583298e-22
-6.1517644e-22
8.5911756e-22
8.585886e-22
8.5905656e-22
-1.033698e-24
1.2296894e-21
-1.8459065e-21
-8.5999946e-22
-1.0337714e-24
-6.1470848e-22
-1.4747987e-21
6.1489008e-22
-8.5999946e-22
9.0797794e-26
3.705683e-22
1.2296894e-21
-1.4741422e-21
1.2295078e-21
-1.2304507e-21
6.1470848e-22
9.0797794e-26
2.4333166e-22
-1.4747987e-21
6.1489008e-22
-1.2304507e-21
-2.4425728e-22
5.6578027e-25
-1.4738558e-21
-1.4743308e-21
-2.4425728e-22
-1.4738558e-21
8.595315e-22
-8.585886e-22
5.6578028e-25
8.595315e-22
-2.4425728e-22
6.1536502e-22
8.595315e-22
-8.585886e-22
8.595315e-22
1.2307196e-21
-2.4378933e-22
2.4473223e-22
6.1517644e-22
5.657401e-25
2.4473223e-22
1.2258573e-24
-8.5905656e-22
-2.0889415e-21
1.7191573e-21
1.1038831e-21
8.595315e-22
-9.0797794e-26
1.4744355e-21
6.1555011e-22
-1.4743308e-21
-1.2299757e-21
5.657401e-25
6.1649301e-22
8.6019153e-22
6.158767e-22
-2.4313279e-22
-2.4425728e-22
8.595315e-22
2.4473223e-22
5.657401e-25
6.1517644e-22
-1.2295951e-21
-2.0889415e-21
5.657401e-25
8.595315e-22
-8.585886e-22
8.595315e-22
6.1536502e-22
-1.2295951e-21
6.1649301e-22
-2.0889415e-21
3.7100995e-22
8.595315e-22
-1.4738558e-21
-2.4361804e-22
5.657401e-25
-2.4425728e-22
-8.5905656e-22
-2.4425728e-22
-2.4425728e-22
-2.4378933e-22
-9.0804242e-26
-1.4743308e-21
-2.4425728e-22
-1.4738558e-21
8.595315e-22
-2.0891301e-21
5.657401e-25
-6.1427715e-22
-2.4425728e-22
6.1536502e-22
8.595315e-22
-8.585886e-22
8.595315e-22
5.657401e-25
-6.1475213e-22
2.4473223e-22
6.1517644e-22
5.657401e-25
2.4473223e-22
8.595315e-22
1.4750955e-21
-2.0889415e-21
1.7191573e-21
8.6019153e-22
6.1649301e-22
5.657401e-25
-1.2299757e-21
1.4749035e-21
-1.4743308e-21
-2.4313279e-22
6.1517644e-22
6.1649301e-22
8.6019153e-22
1.7191573e-21
2.0897464e-21
-2.4425728e-22
8.595315e-22
2.4473223e-22
5.657401e-25
6.1536502e-22
-2.3337645e-21
6.1540871e-22
5.657401e-25
3.7100995e-22
8.5971659e-22
3.7166649e-22
1.1038831e-21
5.6578028e-25
-8.5905656e-22
1.7191573e-21
2.090258e-21
8.595315e-22
2.3344245e-21
-9.0797794e-26
6.1540871e-22
3.7100995e-22
8.5971659e-22
8.595315e-22
-5.657401e-25
3.7055941e-22
-2.089132e-21
-8.5953341e-22
8.5953341e-22
-2.089132e-21
-1.2295008e-21
-2.7044062e-21
2.0892803e-21
-2.4360265e-22
-6.1536502e-22
-1.4743327e-21
-6.147015e-22
-2.7044062e-21
-1.2295008e-21
9.7789183e-26
-1.7185011e-21
-2.4426618e-22
8.5906546e-22
8.5906546e-22
-2.4426618e-22
8.5912646e-22
-2.4426618e-22
-5.657401e-25
2.089132e-21
2.089132e-21
-6.147015e-22
-1.7185011e-21
-1.4744374e-21
-8.5840193e-22
-8.5953341e-22
-6.1536502e-22
2.4473414e-22
6.1489706e-22
6.1536502e-22
-6.1474514e-22
-5.657401e-25
-5.657401e-25
-6.147015e-22
-2.4426618e-22
-3.705331e-22
8.5906546e-22
5.6578027e-25
-8.5953341e-22
-1.4743327e-21
2.4426618e-22
-2.7044062e-21
5.657401e-25
-1.4743327e-21
5.6578027e-25
6.1489706e-22
-8.5953341e-22
-2.0896069e-21
2.4426618e-22
-2.089132e-21
8.5959445e-22
1.4743327e-21
-6.1536502e-22
-8.5953341e-22
-5.657401e-25
-5.657401e-25
-8.5953341e-22
-2.4428352e-22
-8.5953341e-22
1.4743327e-21
-2.089132e-21
-1.2295008e-21
-5.657401e-25
2.4426618e-22
2.4428352e-22
-6.1536502e-22
-8.5953341e-22
-6.147015e-22
-2.7044062e-21
-1.2295008e-21
-8.5953341e-22
-6.1474514e-22
-2.4426618e-22
8.5906546e-22
1.4743327e-21
-2.4426618e-22
-6.147015e-22
8.5959445e-22
-8.5953341e-22
2.089132e-21
5.657401e-25
-6.147015e-22
1.4743327e-21
-6.1536502e-22
8.5912646e-22
-8.5953341e-22
-5.657401e-25
-1.7185011e-21
6.1489706e-22
6.1536502e-22
2.089132e-21
-1.230531e-21
-5.657401e-25
-6.147015e-22
-2.4426618e-22
2.4473414e-22
-8.5953341e-22
-6.1536502e-22
-1.4744374e-21
9.778224e-26
2.4426618e-22
2.089132e-21
-2.089132e-21
2.089132e-21
-3.703778e-22
-1.4748076e-21
-6.1517644e-22
-8.5886989e-22
-2.4360265e-22
-6.147015e-22
-2.3337753e-21
1.2302516e-21
2.4426618e-22
2.089132e-21
-2.4360265e-22
6.1503326e-22
-2.4460991e-22
3.7134171e-22
-2.4440047e-22
2.4440047e-22
3.7134171e-22
1.2303075e-21
-4.8828408e-22
-2.4460991e-22
2.3336248e-21
1.4746591e-21
1.8451068e-21
8.5939182e-22
-4.8828408e-22
1.2303075e-21
-8.5926075e-22
6.1503326e-22
6.1503326e-22
8.5919974e-22
8.5939182e-22
6.1503326e-22
6.1507693e-22
-2.3397893e-25
-6.1503326e-22
6.1503326e-22
6.1503326e-22
8.5939182e-22
8.5873179e-22
-6.1441685e-22
-2.4393251e-22
9.8614099e-22
2.4393251e-22
1.4746591e-21
2.4393251e-22
-6.145653e-22
1.4747638e-21
-1.2303075e-21
6.1503326e-22
8.5939182e-22
6.1503326e-22
8.5939182e-22
8.5919974e-22
1.2303948e-21
-6.1503326e-22
2.3397893e-25
1.2303075e-21
-4.8828408e-22
8.5939182e-22
1.8451068e-21
1.2303948e-21
2.4393251e-22
-6.1503326e-22
-4.8828408e-22
1.2303075e-21
3.7134171e-22
1.2292598e-21
1.4746591e-21
1.4746591e-21
-2.3397893e-25
6.1503326e-22
6.1503326e-22
6.1503326e-22
2.4394983e-22
-2.4440047e-22
2.4440047e-22
3.7134171e-22
1.2303075e-21
-8.5919974e-22
-3.7134171e-22
-1.7184796e-21
1.4746591e-21
6.155082e-22
8.5939182e-22
-4.8828408e-22
1.2303075e-21
-6.145653e-22
2.3399555e-25
6.1503326e-22
8.5919974e-22
8.5939182e-22
6.1503326e-22
8.5939182e-22
2.3399555e-25
-6.1503326e-22
6.1503326e-22
2.3397893e-25
8.5873179e-22
1.4746591e-21
2.4393251e-22
-8.5945284e-22
9.8614099e-22
-1.2303075e-21
1.473999e-21
2.4393251e-22
-6.145653e-22
6.1503326e-22
2.3399555e-25
6.1503326e-22
8.5939182e-22
2.3397893e-25
8.5939182e-22
6.155082e-22
6.1503326e-22
8.5926075e-22
6.155082e-22
8.5919974e-22
-6.155082e-22
6.145653e-22
-6.155082e-22
-2.3399555e-25
-2.4440047e-22
-6.1503326e-22
-2.3397893e-25
1.4746591e-21
-2.3397893e-25
-2.3397893e-25
-6.155519e-22
8.5919974e-22
6.1503326e-22
1.4746591e-21
6.1536442e-22
-6.1474455e-22
1.222278e-24
-2.4312831e-22
5.657401e-25
1.222278e-24
1.4754636e-21
-8.5840193e-22
-9.8474397e-22
-6.147009e-22
-6.147009e-22
1.0406824e-24
1.230638e-21
-8.5840193e-22
1.4754636e-21
6.1494013e-22
-8.5906546e-22
-8.5840193e-22
-6.147009e-22
1.0406824e-24
-8.5840193e-22
6.1588309e-22
-2.4426677e-22
-6.147009e-22
6.1583936e-22
-8.5906546e-22
1.230638e-21
-8.5906546e-22
6.1540812e-22
-9.778224e-26
-2.4312831e-22
-1.4736686e-21
-2.0884673e-21
-2.4426677e-22
1.0406824e-24
-1.4733052e-21
8.6018995e-22
6.1536442e-22
1.230638e-21
-8.5840193e-22
-8.5792699e-22
-6.147009e-22
5.6578027e-25
-6.147009e-22
-8.5859051e-22
1.4754636e-21
-8.5840193e-22
1.230638e-21
1.0406824e-24
5.6578027e-25
-2.4426677e-22
-6.147009e-22
-8.5840193e-22
1.4754636e-21
-2.4312831e-22
5.6578027e-25
-1.2294996e-21
-1.4743321e-21
-2.4426677e-22
6.1536442e-22
6.1536442e-22
-2.4426677e-22
1.2302505e-21
-2.4312831e-22
5.657401e-25
1.222278e-24
1.4754636e-21
6.1583936e-22
-8.5840193e-22
-1.4744368e-21
-6.147009e-22
8.6000836e-22
1.230638e-21
-8.5840193e-22
1.4754636e-21
-8.5859051e-22
5.6578027e-25
-8.5840193e-22
-6.147009e-22
1.0406824e-24
-8.5840193e-22
1.230638e-21
-6.1474455e-22
-6.147009e-22
6.1583936e-22
1.0406824e-24
-2.4426677e-22
-1.2294996e-21
-1.4736686e-21
6.1540812e-22
-2.4312831e-22
8.6018995e-22
-8.5906546e-22
-2.4426677e-22
1.0406824e-24
6.1583936e-22
5.6578027e-25
6.1536442e-22
1.230638e-21
-8.5840193e-22
-8.5792699e-22
8.6000836e-22
1.7191576e-21
5.6578028e-25
1.4754636e-21
1.0406824e-24
-8.5906546e-22
-1.4732006e-21
-8.5906546e-22
-3.6990163e-22
-1.7180331e-21
-6.147009e-22
-2.4426677e-22
-6.147009e-22
6.1536442e-22
-8.5906546e-22
8.5959445e-22
1.0406824e-24
-8.5906546e-22
-6.147009e-22
6.1489706e-22
-2.4475151e-22
2.4379123e-22
6.1442212e-22
-6.156444e-22
2.4379123e-22
2.4426618e-22
2.4379123e-22
1.4739694e-21
8.5859051e-22
8.5859051e-22
-1.4748076e-21
-8.5953341e-22
2.4379123e-22
2.4426618e-22
6.1494072e-22
1.4738647e-21
-8.5953341e-22
-1.0406824e-24
-2.4473414e-22
-8.5953341e-22
-2.7050662e-21
-6.1630792e-22
-1.4741441e-21
-8.5886989e-22
-1.4741441e-21
-8.5953341e-22
6.1423354e-22
9.7789183e-26
-3.7716007e-25
-8.4511793e-25
-3.7716007e-25
-3.7716007e-25
-6.1583996e-22
-6.156444e-22
-2.4475151e-22
-2.3337753e-21
6.1489706e-22
-8.5953341e-22
-8.5953341e-22
-2.4473414e-22
-1.0406824e-24
-2.4522649e-22
-1.4741441e-21
-1.2299757e-21
8.5906546e-22
2.4379123e-22
9.778224e-26
-1.4748076e-21
-2.4522649e-22
-6.1583996e-22
-1.4741441e-21
2.4379123e-22
8.5906546e-22
2.4379123e-22
-8.6006942e-22
-3.7716007e-25
8.5859051e-22
-2.4473414e-22
6.1489706e-22
6.1489706e-22
1.4738647e-21
-1.230531e-21
6.1442212e-22
-1.2304437e-21
2.4379123e-22
2.4426618e-22
-6.1517644e-22
-2.4473414e-22
6.1494072e-22
8.5859051e-22
-1.4748076e-21
-8.5953341e-22
2.4379123e-22
2.4426618e-22
-3.7716007e-25
-5.6578027e-25
-8.5953341e-22
-8.6000836e-22
6.1489706e-22
-8.5953341e-22
-8.5953341e-22
8.5865148e-22
-1.4741441e-21
-8.5886989e-22
-6.147015e-22
-6.1583996e-22
-3.7716007e-25
-3.7716007e-25
-6.1568811e-22
-8.4511793e-25
-2.3337753e-21
1.4738647e-21
6.147015e-22
6.1489706e-22
-2.0894113e-21
6.1540871e-22
6.1489706e-22
-8.5953341e-22
-8.5953341e-22
6.1489706e-22
-1.4748076e-21
6.1536502e-22
9.7789183e-26
9.778224e-26
-3.7035151e-22
-3.7716007e-25
9.778224e-26
-1.4741441e-21
-3.7084579e-22
3.7006514e-22
-6.156444e-22
-4.8843457e-22
8.5859051e-22
-1.4748076e-21
6.1423354e-22
6.1446575e-22
-3.7035151e-22
-3.7716007e-25
8.5859051e-22
6.1545582e-22
-1.718525e-21
1.4744216e-21
-6.1527073e-22
1.8508781e-25
1.4744216e-21
1.8508781e-25
-4.7145009e-25
-1.1032106e-21
-6.1527073e-22
-2.4416649e-22
-2.4369504e-22
8.5915085e-22
-4.7145009e-25
1.8508781e-25
-1.7180535e-21
8.5981437e-22
1.8508781e-25
1.8508781e-25
-6.1461419e-22
1.8508781e-25
0
6.565379e-25
-6.1461419e-22
-8.5943721e-22
-1.4747079e-21
8.5915085e-22
1.1039809e-21
-6.1465783e-22
-1.4747079e-21
-6.1527073e-22
2.4435157e-22
-1.4742365e-21
-1.473765e-21
-8.5943721e-22
2.4436893e-22
-6.1461419e-22
6.1545582e-22
8.5915085e-22
1.8508781e-25
-6.1461419e-22
1.8508781e-25
-8.5949824e-22
-6.1461419e-22
8.5915085e-22
6.1498437e-22
-4.7145009e-25
8.5915085e-22
-2.4369504e-22
-8.5949824e-22
-1.473765e-21
-6.1461419e-22
-4.7145009e-25
6.1498437e-22
8.5915085e-22
-4.7148356e-25
-1.4742365e-21
-2.4416649e-22
1.1039809e-21
6.1545582e-22
6.1545582e-22
2.450151e-22
-6.1531442e-22
-6.1527073e-22
-1.2294135e-21
1.4744216e-21
1.8508781e-25
-8.5943721e-22
-1.2305415e-21
6.5658452e-25
-2.4416649e-22
-2.4369504e-22
8.5915085e-22
-4.7145009e-25
1.8508781e-25
1.8508781e-25
-1.2299722e-21
1.8508781e-25
1.8508781e-25
-6.1461419e-22
1.8508781e-25
8.5915085e-22
-1.4743412e-21
-6.1461419e-22
-8.5943721e-22
-4.7145009e-25
-2.4416649e-22
-1.4742365e-21
2.4435157e-22
-6.1531442e-22
-6.1527073e-22
-6.1461419e-22
1.1039809e-21
-1.473765e-21
-8.5943721e-22
-8.5943721e-22
-2.0891841e-21
6.1545582e-22
8.5915085e-22
1.8508781e-25
-6.1461419e-22
-2.4369504e-22
-1.4742365e-21
2.4436893e-22
8.5915085e-22
6.565379e-25
-8.5943721e-22
1.7187801e-21
-8.5943721e-22
-3.7094549e-22
-3.7091915e-22
6.1498437e-22
-2.4416649e-22
-6.1527073e-22
6.1479928e-22
-3.7091915e-22
1.4745263e-21
6.565379e-25
-1.4747079e-21
-6.1527073e-22
5.657401e-25
-6.1408856e-22
6.1536502e-22
9.778224e-26
6.1517644e-22
6.1536502e-22
-1.4743327e-21
9.778224e-26
-6.1474514e-22
-9.778224e-26
-3.7035151e-22
5.657401e-25
-6.147015e-22
9.778224e-26
-1.4743327e-21
9.7789183e-26
2.4426618e-22
-6.147015e-22
2.4492272e-22
-6.147015e-22
-6.147015e-22
6.1494072e-22
6.1536502e-22
2.4426618e-22
-1.4736692e-21
-1.4736692e-21
-6.147015e-22
2.4426618e-22
9.7789183e-26
-2.4407061e-22
-8.5953341e-22
2.4426618e-22
-1.1032339e-21
1.4743327e-21
9.778224e-26
2.4428352e-22
1.1038904e-21
5.657401e-25
-6.147015e-22
-6.147015e-22
-8.5886989e-22
2.4492272e-22
2.4428352e-22
-6.147015e-22
6.1536502e-22
-1.4743327e-21
9.778224e-26
-6.147015e-22
5.657401e-25
2.4428352e-22
1.4743327e-21
-6.147015e-22
9.778224e-26
-1.4743327e-21
6.1536502e-22
1.4744374e-21
-8.5906546e-22
-6.147015e-22
9.778224e-26
5.657401e-25
5.657401e-25
9.778224e-26
-8.5912646e-22
9.778224e-26
3.7716007e-25
6.1536502e-22
-1.4743327e-21
8.5906546e-22
2.4426618e-22
6.1540871e-22
-3.7035151e-22
5.657401e-25
-6.147015e-22
9.778224e-26
-1.4743327e-21
6.1536502e-22
-6.1474514e-22
-6.147015e-22
2.4492272e-22
-6.147015e-22
-6.147015e-22
-6.147015e-22
-8.5893088e-22
-6.147015e-22
-1.4736692e-21
9.778224e-26
6.1536502e-22
-8.5906546e-22
2.4426618e-22
1.7192797e-21
-8.5953341e-22
1.1038904e-21
2.4426618e-22
6.147015e-22
9.778224e-26
-1.4736692e-21
2.3341226e-21
5.657401e-25
-6.147015e-22
-6.147015e-22
-8.5886989e-22
5.657401e-25
5.657401e-25
-5.6578028e-25
-1.7185011e-21
-1.2299757e-21
2.4426618e-22
1.1038904e-21
-1.4736692e-21
8.6025103e-22
6.1536502e-22
8.5953341e-22
-1.7180331e-21
-9.778224e-26
5.657401e-25
8.5953341e-22
5.6578027e-25
-1.2299757e-21
2.4426618e-22
-9.778224e-26
-2.4425728e-22
-8.5959254e-22
-5.657401e-25
-1.4736742e-21
6.1489008e-22
-5.657401e-25
-9.0797794e-26
6.1470848e-22
-8.5959254e-22
-1.4747987e-21
-1.4747987e-21
-2.0889415e-21
6.1489008e-22
6.1470848e-22
-9.0797794e-26
6.1540871e-22
-8.5887497e-22
8.595315e-22
-2.4473223e-22
8.5905656e-22
8.595315e-22
9.0804242e-26
-1.4747987e-21
-1.2304507e-21
9.0797794e-26
-1.4747987e-21
6.1489008e-22
9.0797794e-26
-1.2300631e-21
-1.033698e-24
-1.4736742e-21
-6.1565138e-22
-6.1583298e-22
1.4743308e-21
-6.1470848e-22
1.2302516e-21
-8.595315e-22
-2.4425728e-22
6.1489008e-22
8.595315e-22
8.5905656e-22
-2.4473223e-22
-8.5940394e-22
-6.1565138e-22
5.657401e-25
6.1470848e-22
6.1470848e-22
1.2301643e-21
-2.0889415e-21
-8.5940394e-22
1.4743308e-21
-6.1565138e-22
6.1470848e-22
6.1470848e-22
8.5905656e-22
-8.5940394e-22
-6.1583298e-22
6.1536502e-22
9.0797794e-26
-2.4425728e-22
-2.4425728e-22
9.0797794e-26
-9.8587923e-22
-1.4736742e-21
6.1489008e-22
-5.657401e-25
-9.0797794e-26
8.5905656e-22
6.1489008e-22
-6.1522012e-22
-1.4747987e-21
-2.0889415e-21
6.1489008e-22
6.1470848e-22
-9.0797794e-26
5.657401e-25
8.5977764e-22
8.595315e-22
-2.4473223e-22
1.4743308e-21
8.595315e-22
6.1489008e-22
-1.4749035e-21
-6.1565138e-22
9.0797794e-26
-6.1470848e-22
1.4743308e-21
-6.1583298e-22
-6.1565138e-22
5.6578028e-25
-1.4736742e-21
-8.595315e-22
9.0797794e-26
1.4743308e-21
-6.1470848e-22
9.0797794e-26
9.0804242e-26
-2.4425728e-22
6.1489008e-22
8.595315e-22
1.4743308e-21
-2.0889415e-21
-6.1423354e-22
1.7188044e-21
-2.4425728e-22
-2.4473223e-22
6.1489008e-22
-6.1536502e-22
9.0797794e-26
-1.4744355e-21
-1.7180223e-21
8.5905656e-22
6.1536502e-22
-6.1583298e-22
1.2301643e-21
6.1470848e-22
9.0804242e-26
-2.4473223e-22
-3.7716007e-25
-6.1583298e-22
)
;
    }
    axis
    {
        type            empty;
    }
}


// ************************************************************************* //
