/*--------------------------------*- C++ -*----------------------------------*\
  =========                 |
  \\      /  F ield         | OpenFOAM: The Open Source CFD Toolbox
   \\    /   O peration     | Website:  https://openfoam.org
    \\  /    A nd           | Version:  13
     \\/     M anipulation  |
\*---------------------------------------------------------------------------*/
FoamFile
{
    format      ascii;
    class       vectorField;
    location    "30/polyMesh";
    object      points;
}
// * * * * * * * * * * * * * * * * * * * * * * * * * * * * * * * * * * * * * //


9801
(
(0 0 0.10503089)
(0.0010308929 -4.500975e-05 0.10503089)
(0.0020617858 -9.00195e-05 0.10503089)
(0.0030926786 -0.00013502925 0.10503089)
(0.0041235715 -0.000180039 0.10503089)
(0.0051544644 -0.00022504875 0.10503089)
(0.0061853572 -0.0002700585 0.10503089)
(0.0072162501 -0.00031506825 0.10503089)
(0.008247143 -0.000360078 0.10503089)
(0.0092780359 -0.00040508775 0.10503089)
(0.010308929 -0.0004500975 0.10503089)
(0.011339822 -0.00049510725 0.10503089)
(0.012370714 -0.000540117 0.10503089)
(0.013401607 -0.00058512675 0.10503089)
(0.0144325 -0.0006301365 0.10503089)
(0.015463393 -0.00067514625 0.10503089)
(0.016494286 -0.000720156 0.10503089)
(0.017525179 -0.00076516575 0.10503089)
(0.018556072 -0.0008101755 0.10503089)
(0.019586965 -0.00085518525 0.10503089)
(0.020617857 -0.000900195 0.10503089)
(0.02164875 -0.00094520475 0.10503089)
(0.022679643 -0.0009902145 0.10503089)
(0.023710536 -0.0010352243 0.10503089)
(0.024741429 -0.001080234 0.10503089)
(0.025772322 -0.0011252437 0.10503089)
(0.026803215 -0.0011702535 0.10503089)
(0.027834108 -0.0012152632 0.10503089)
(0.028865001 -0.001260273 0.10503089)
(0.029895893 -0.0013052828 0.10503089)
(0.030926786 -0.0013502925 0.10503089)
(0.031957679 -0.0013953023 0.10503089)
(0.032988572 -0.001440312 0.10503089)
(0.034019465 -0.0014853217 0.10503089)
(0.035050358 -0.0015303315 0.10503089)
(0.036081251 -0.0015753412 0.10503089)
(0.037112143 -0.001620351 0.10503089)
(0.038143036 -0.0016653608 0.10503089)
(0.039173929 -0.0017103705 0.10503089)
(0.040204822 -0.0017553803 0.10503089)
(0.041235715 -0.00180039 0.10503089)
(0.0010308929 4.500975e-05 0.10503089)
(0.0020617858 9.00195e-05 0.10503089)
(0.0030926786 0.00013502925 0.10503089)
(0.0041235715 0.000180039 0.10503089)
(0.0051544644 0.00022504875 0.10503089)
(0.0061853572 0.0002700585 0.10503089)
(0.0072162501 0.00031506825 0.10503089)
(0.008247143 0.000360078 0.10503089)
(0.0092780359 0.00040508775 0.10503089)
(0.010308929 0.0004500975 0.10503089)
(0.011339822 0.00049510725 0.10503089)
(0.012370714 0.000540117 0.10503089)
(0.013401607 0.00058512675 0.10503089)
(0.0144325 0.0006301365 0.10503089)
(0.015463393 0.00067514625 0.10503089)
(0.016494286 0.000720156 0.10503089)
(0.017525179 0.00076516575 0.10503089)
(0.018556072 0.0008101755 0.10503089)
(0.019586965 0.00085518525 0.10503089)
(0.020617857 0.000900195 0.10503089)
(0.02164875 0.00094520475 0.10503089)
(0.022679643 0.0009902145 0.10503089)
(0.023710536 0.0010352243 0.10503089)
(0.024741429 0.001080234 0.10503089)
(0.025772322 0.0011252437 0.10503089)
(0.026803215 0.0011702535 0.10503089)
(0.027834108 0.0012152632 0.10503089)
(0.028865001 0.001260273 0.10503089)
(0.029895893 0.0013052828 0.10503089)
(0.030926786 0.0013502925 0.10503089)
(0.031957679 0.0013953023 0.10503089)
(0.032988572 0.001440312 0.10503089)
(0.034019465 0.0014853217 0.10503089)
(0.035050358 0.0015303315 0.10503089)
(0.036081251 0.0015753412 0.10503089)
(0.037112143 0.001620351 0.10503089)
(0.038143036 0.0016653608 0.10503089)
(0.039173929 0.0017103705 0.10503089)
(0.040204822 0.0017553803 0.10503089)
(0.041235715 0.00180039 0.10503089)
(0 0 0.10521396)
(0.0010308929 -4.500975e-05 0.10521396)
(0.0020617858 -9.00195e-05 0.10521396)
(0.0030926786 -0.00013502925 0.10521396)
(0.0041235715 -0.000180039 0.10521396)
(0.0051544644 -0.00022504875 0.10521396)
(0.0061853572 -0.0002700585 0.10521396)
(0.0072162501 -0.00031506825 0.10521396)
(0.008247143 -0.000360078 0.10521396)
(0.0092780359 -0.00040508775 0.10521396)
(0.010308929 -0.0004500975 0.10521396)
(0.011339822 -0.00049510725 0.10521396)
(0.012370714 -0.000540117 0.10521396)
(0.013401607 -0.00058512675 0.10521396)
(0.0144325 -0.0006301365 0.10521396)
(0.015463393 -0.00067514625 0.10521396)
(0.016494286 -0.000720156 0.10521396)
(0.017525179 -0.00076516575 0.10521396)
(0.018556072 -0.0008101755 0.10521396)
(0.019586965 -0.00085518525 0.10521396)
(0.020617857 -0.000900195 0.10521396)
(0.02164875 -0.00094520475 0.10521396)
(0.022679643 -0.0009902145 0.10521396)
(0.023710536 -0.0010352243 0.10521396)
(0.024741429 -0.001080234 0.10521396)
(0.025772322 -0.0011252437 0.10521396)
(0.026803215 -0.0011702535 0.10521396)
(0.027834108 -0.0012152632 0.10521396)
(0.028865001 -0.001260273 0.10521396)
(0.029895893 -0.0013052828 0.10521396)
(0.030926786 -0.0013502925 0.10521396)
(0.031957679 -0.0013953023 0.10521396)
(0.032988572 -0.001440312 0.10521396)
(0.034019465 -0.0014853217 0.10521396)
(0.035050358 -0.0015303315 0.10521396)
(0.036081251 -0.0015753412 0.10521396)
(0.037112143 -0.001620351 0.10521396)
(0.038143036 -0.0016653608 0.10521396)
(0.039173929 -0.0017103705 0.10521396)
(0.040204822 -0.0017553803 0.10521396)
(0.041235715 -0.00180039 0.10521396)
(0.0010308929 4.500975e-05 0.10521396)
(0.0020617858 9.00195e-05 0.10521396)
(0.0030926786 0.00013502925 0.10521396)
(0.0041235715 0.000180039 0.10521396)
(0.0051544644 0.00022504875 0.10521396)
(0.0061853572 0.0002700585 0.10521396)
(0.0072162501 0.00031506825 0.10521396)
(0.008247143 0.000360078 0.10521396)
(0.0092780359 0.00040508775 0.10521396)
(0.010308929 0.0004500975 0.10521396)
(0.011339822 0.00049510725 0.10521396)
(0.012370714 0.000540117 0.10521396)
(0.013401607 0.00058512675 0.10521396)
(0.0144325 0.0006301365 0.10521396)
(0.015463393 0.00067514625 0.10521396)
(0.016494286 0.000720156 0.10521396)
(0.017525179 0.00076516575 0.10521396)
(0.018556072 0.0008101755 0.10521396)
(0.019586965 0.00085518525 0.10521396)
(0.020617857 0.000900195 0.10521396)
(0.02164875 0.00094520475 0.10521396)
(0.022679643 0.0009902145 0.10521396)
(0.023710536 0.0010352243 0.10521396)
(0.024741429 0.001080234 0.10521396)
(0.025772322 0.0011252437 0.10521396)
(0.026803215 0.0011702535 0.10521396)
(0.027834108 0.0012152632 0.10521396)
(0.028865001 0.001260273 0.10521396)
(0.029895893 0.0013052828 0.10521396)
(0.030926786 0.0013502925 0.10521396)
(0.031957679 0.0013953023 0.10521396)
(0.032988572 0.001440312 0.10521396)
(0.034019465 0.0014853217 0.10521396)
(0.035050358 0.0015303315 0.10521396)
(0.036081251 0.0015753412 0.10521396)
(0.037112143 0.001620351 0.10521396)
(0.038143036 0.0016653608 0.10521396)
(0.039173929 0.0017103705 0.10521396)
(0.040204822 0.0017553803 0.10521396)
(0.041235715 0.00180039 0.10521396)
(0 0 0.10539705)
(0.0010308929 -4.500975e-05 0.10539705)
(0.0020617858 -9.00195e-05 0.10539705)
(0.0030926786 -0.00013502925 0.10539705)
(0.0041235715 -0.000180039 0.10539705)
(0.0051544644 -0.00022504875 0.10539705)
(0.0061853572 -0.0002700585 0.10539705)
(0.0072162501 -0.00031506825 0.10539705)
(0.008247143 -0.000360078 0.10539705)
(0.0092780359 -0.00040508775 0.10539705)
(0.010308929 -0.0004500975 0.10539705)
(0.011339822 -0.00049510725 0.10539705)
(0.012370714 -0.000540117 0.10539705)
(0.013401607 -0.00058512675 0.10539705)
(0.0144325 -0.0006301365 0.10539705)
(0.015463393 -0.00067514625 0.10539705)
(0.016494286 -0.000720156 0.10539705)
(0.017525179 -0.00076516575 0.10539705)
(0.018556072 -0.0008101755 0.10539705)
(0.019586965 -0.00085518525 0.10539705)
(0.020617857 -0.000900195 0.10539705)
(0.02164875 -0.00094520475 0.10539705)
(0.022679643 -0.0009902145 0.10539705)
(0.023710536 -0.0010352243 0.10539705)
(0.024741429 -0.001080234 0.10539705)
(0.025772322 -0.0011252437 0.10539705)
(0.026803215 -0.0011702535 0.10539705)
(0.027834108 -0.0012152632 0.10539705)
(0.028865001 -0.001260273 0.10539705)
(0.029895893 -0.0013052828 0.10539705)
(0.030926786 -0.0013502925 0.10539705)
(0.031957679 -0.0013953023 0.10539705)
(0.032988572 -0.001440312 0.10539705)
(0.034019465 -0.0014853217 0.10539705)
(0.035050358 -0.0015303315 0.10539705)
(0.036081251 -0.0015753412 0.10539705)
(0.037112143 -0.001620351 0.10539705)
(0.038143036 -0.0016653608 0.10539705)
(0.039173929 -0.0017103705 0.10539705)
(0.040204822 -0.0017553803 0.10539705)
(0.041235715 -0.00180039 0.10539705)
(0.0010308929 4.500975e-05 0.10539705)
(0.0020617858 9.00195e-05 0.10539705)
(0.0030926786 0.00013502925 0.10539705)
(0.0041235715 0.000180039 0.10539705)
(0.0051544644 0.00022504875 0.10539705)
(0.0061853572 0.0002700585 0.10539705)
(0.0072162501 0.00031506825 0.10539705)
(0.008247143 0.000360078 0.10539705)
(0.0092780359 0.00040508775 0.10539705)
(0.010308929 0.0004500975 0.10539705)
(0.011339822 0.00049510725 0.10539705)
(0.012370714 0.000540117 0.10539705)
(0.013401607 0.00058512675 0.10539705)
(0.0144325 0.0006301365 0.10539705)
(0.015463393 0.00067514625 0.10539705)
(0.016494286 0.000720156 0.10539705)
(0.017525179 0.00076516575 0.10539705)
(0.018556072 0.0008101755 0.10539705)
(0.019586965 0.00085518525 0.10539705)
(0.020617857 0.000900195 0.10539705)
(0.02164875 0.00094520475 0.10539705)
(0.022679643 0.0009902145 0.10539705)
(0.023710536 0.0010352243 0.10539705)
(0.024741429 0.001080234 0.10539705)
(0.025772322 0.0011252437 0.10539705)
(0.026803215 0.0011702535 0.10539705)
(0.027834108 0.0012152632 0.10539705)
(0.028865001 0.001260273 0.10539705)
(0.029895893 0.0013052828 0.10539705)
(0.030926786 0.0013502925 0.10539705)
(0.031957679 0.0013953023 0.10539705)
(0.032988572 0.001440312 0.10539705)
(0.034019465 0.0014853217 0.10539705)
(0.035050358 0.0015303315 0.10539705)
(0.036081251 0.0015753412 0.10539705)
(0.037112143 0.001620351 0.10539705)
(0.038143036 0.0016653608 0.10539705)
(0.039173929 0.0017103705 0.10539705)
(0.040204822 0.0017553803 0.10539705)
(0.041235715 0.00180039 0.10539705)
(0 0 0.10558012)
(0.0010308929 -4.500975e-05 0.10558012)
(0.0020617858 -9.00195e-05 0.10558012)
(0.0030926786 -0.00013502925 0.10558012)
(0.0041235715 -0.000180039 0.10558012)
(0.0051544644 -0.00022504875 0.10558012)
(0.0061853572 -0.0002700585 0.10558012)
(0.0072162501 -0.00031506825 0.10558012)
(0.008247143 -0.000360078 0.10558012)
(0.0092780359 -0.00040508775 0.10558012)
(0.010308929 -0.0004500975 0.10558012)
(0.011339822 -0.00049510725 0.10558012)
(0.012370714 -0.000540117 0.10558012)
(0.013401607 -0.00058512675 0.10558012)
(0.0144325 -0.0006301365 0.10558012)
(0.015463393 -0.00067514625 0.10558012)
(0.016494286 -0.000720156 0.10558012)
(0.017525179 -0.00076516575 0.10558012)
(0.018556072 -0.0008101755 0.10558012)
(0.019586965 -0.00085518525 0.10558012)
(0.020617857 -0.000900195 0.10558012)
(0.02164875 -0.00094520475 0.10558012)
(0.022679643 -0.0009902145 0.10558012)
(0.023710536 -0.0010352243 0.10558012)
(0.024741429 -0.001080234 0.10558012)
(0.025772322 -0.0011252437 0.10558012)
(0.026803215 -0.0011702535 0.10558012)
(0.027834108 -0.0012152632 0.10558012)
(0.028865001 -0.001260273 0.10558012)
(0.029895893 -0.0013052828 0.10558012)
(0.030926786 -0.0013502925 0.10558012)
(0.031957679 -0.0013953023 0.10558012)
(0.032988572 -0.001440312 0.10558012)
(0.034019465 -0.0014853217 0.10558012)
(0.035050358 -0.0015303315 0.10558012)
(0.036081251 -0.0015753412 0.10558012)
(0.037112143 -0.001620351 0.10558012)
(0.038143036 -0.0016653608 0.10558012)
(0.039173929 -0.0017103705 0.10558012)
(0.040204822 -0.0017553803 0.10558012)
(0.041235715 -0.00180039 0.10558012)
(0.0010308929 4.500975e-05 0.10558012)
(0.0020617858 9.00195e-05 0.10558012)
(0.0030926786 0.00013502925 0.10558012)
(0.0041235715 0.000180039 0.10558012)
(0.0051544644 0.00022504875 0.10558012)
(0.0061853572 0.0002700585 0.10558012)
(0.0072162501 0.00031506825 0.10558012)
(0.008247143 0.000360078 0.10558012)
(0.0092780359 0.00040508775 0.10558012)
(0.010308929 0.0004500975 0.10558012)
(0.011339822 0.00049510725 0.10558012)
(0.012370714 0.000540117 0.10558012)
(0.013401607 0.00058512675 0.10558012)
(0.0144325 0.0006301365 0.10558012)
(0.015463393 0.00067514625 0.10558012)
(0.016494286 0.000720156 0.10558012)
(0.017525179 0.00076516575 0.10558012)
(0.018556072 0.0008101755 0.10558012)
(0.019586965 0.00085518525 0.10558012)
(0.020617857 0.000900195 0.10558012)
(0.02164875 0.00094520475 0.10558012)
(0.022679643 0.0009902145 0.10558012)
(0.023710536 0.0010352243 0.10558012)
(0.024741429 0.001080234 0.10558012)
(0.025772322 0.0011252437 0.10558012)
(0.026803215 0.0011702535 0.10558012)
(0.027834108 0.0012152632 0.10558012)
(0.028865001 0.001260273 0.10558012)
(0.029895893 0.0013052828 0.10558012)
(0.030926786 0.0013502925 0.10558012)
(0.031957679 0.0013953023 0.10558012)
(0.032988572 0.001440312 0.10558012)
(0.034019465 0.0014853217 0.10558012)
(0.035050358 0.0015303315 0.10558012)
(0.036081251 0.0015753412 0.10558012)
(0.037112143 0.001620351 0.10558012)
(0.038143036 0.0016653608 0.10558012)
(0.039173929 0.0017103705 0.10558012)
(0.040204822 0.0017553803 0.10558012)
(0.041235715 0.00180039 0.10558012)
(0 0 0.1057632)
(0.0010308929 -4.500975e-05 0.1057632)
(0.0020617858 -9.00195e-05 0.1057632)
(0.0030926786 -0.00013502925 0.1057632)
(0.0041235715 -0.000180039 0.1057632)
(0.0051544644 -0.00022504875 0.1057632)
(0.0061853572 -0.0002700585 0.1057632)
(0.0072162501 -0.00031506825 0.1057632)
(0.008247143 -0.000360078 0.1057632)
(0.0092780359 -0.00040508775 0.1057632)
(0.010308929 -0.0004500975 0.1057632)
(0.011339822 -0.00049510725 0.1057632)
(0.012370714 -0.000540117 0.1057632)
(0.013401607 -0.00058512675 0.1057632)
(0.0144325 -0.0006301365 0.1057632)
(0.015463393 -0.00067514625 0.1057632)
(0.016494286 -0.000720156 0.1057632)
(0.017525179 -0.00076516575 0.1057632)
(0.018556072 -0.0008101755 0.1057632)
(0.019586965 -0.00085518525 0.1057632)
(0.020617857 -0.000900195 0.1057632)
(0.02164875 -0.00094520475 0.1057632)
(0.022679643 -0.0009902145 0.1057632)
(0.023710536 -0.0010352243 0.1057632)
(0.024741429 -0.001080234 0.1057632)
(0.025772322 -0.0011252437 0.1057632)
(0.026803215 -0.0011702535 0.1057632)
(0.027834108 -0.0012152632 0.1057632)
(0.028865001 -0.001260273 0.1057632)
(0.029895893 -0.0013052828 0.1057632)
(0.030926786 -0.0013502925 0.1057632)
(0.031957679 -0.0013953023 0.1057632)
(0.032988572 -0.001440312 0.1057632)
(0.034019465 -0.0014853217 0.1057632)
(0.035050358 -0.0015303315 0.1057632)
(0.036081251 -0.0015753412 0.1057632)
(0.037112143 -0.001620351 0.1057632)
(0.038143036 -0.0016653608 0.1057632)
(0.039173929 -0.0017103705 0.1057632)
(0.040204822 -0.0017553803 0.1057632)
(0.041235715 -0.00180039 0.1057632)
(0.0010308929 4.500975e-05 0.1057632)
(0.0020617858 9.00195e-05 0.1057632)
(0.0030926786 0.00013502925 0.1057632)
(0.0041235715 0.000180039 0.1057632)
(0.0051544644 0.00022504875 0.1057632)
(0.0061853572 0.0002700585 0.1057632)
(0.0072162501 0.00031506825 0.1057632)
(0.008247143 0.000360078 0.1057632)
(0.0092780359 0.00040508775 0.1057632)
(0.010308929 0.0004500975 0.1057632)
(0.011339822 0.00049510725 0.1057632)
(0.012370714 0.000540117 0.1057632)
(0.013401607 0.00058512675 0.1057632)
(0.0144325 0.0006301365 0.1057632)
(0.015463393 0.00067514625 0.1057632)
(0.016494286 0.000720156 0.1057632)
(0.017525179 0.00076516575 0.1057632)
(0.018556072 0.0008101755 0.1057632)
(0.019586965 0.00085518525 0.1057632)
(0.020617857 0.000900195 0.1057632)
(0.02164875 0.00094520475 0.1057632)
(0.022679643 0.0009902145 0.1057632)
(0.023710536 0.0010352243 0.1057632)
(0.024741429 0.001080234 0.1057632)
(0.025772322 0.0011252437 0.1057632)
(0.026803215 0.0011702535 0.1057632)
(0.027834108 0.0012152632 0.1057632)
(0.028865001 0.001260273 0.1057632)
(0.029895893 0.0013052828 0.1057632)
(0.030926786 0.0013502925 0.1057632)
(0.031957679 0.0013953023 0.1057632)
(0.032988572 0.001440312 0.1057632)
(0.034019465 0.0014853217 0.1057632)
(0.035050358 0.0015303315 0.1057632)
(0.036081251 0.0015753412 0.1057632)
(0.037112143 0.001620351 0.1057632)
(0.038143036 0.0016653608 0.1057632)
(0.039173929 0.0017103705 0.1057632)
(0.040204822 0.0017553803 0.1057632)
(0.041235715 0.00180039 0.1057632)
(0 0 0.10594627)
(0.0010308929 -4.500975e-05 0.10594627)
(0.0020617858 -9.00195e-05 0.10594627)
(0.0030926786 -0.00013502925 0.10594627)
(0.0041235715 -0.000180039 0.10594627)
(0.0051544644 -0.00022504875 0.10594627)
(0.0061853572 -0.0002700585 0.10594627)
(0.0072162501 -0.00031506825 0.10594627)
(0.008247143 -0.000360078 0.10594627)
(0.0092780359 -0.00040508775 0.10594627)
(0.010308929 -0.0004500975 0.10594627)
(0.011339822 -0.00049510725 0.10594627)
(0.012370714 -0.000540117 0.10594627)
(0.013401607 -0.00058512675 0.10594627)
(0.0144325 -0.0006301365 0.10594627)
(0.015463393 -0.00067514625 0.10594627)
(0.016494286 -0.000720156 0.10594627)
(0.017525179 -0.00076516575 0.10594627)
(0.018556072 -0.0008101755 0.10594627)
(0.019586965 -0.00085518525 0.10594627)
(0.020617857 -0.000900195 0.10594627)
(0.02164875 -0.00094520475 0.10594627)
(0.022679643 -0.0009902145 0.10594627)
(0.023710536 -0.0010352243 0.10594627)
(0.024741429 -0.001080234 0.10594627)
(0.025772322 -0.0011252437 0.10594627)
(0.026803215 -0.0011702535 0.10594627)
(0.027834108 -0.0012152632 0.10594627)
(0.028865001 -0.001260273 0.10594627)
(0.029895893 -0.0013052828 0.10594627)
(0.030926786 -0.0013502925 0.10594627)
(0.031957679 -0.0013953023 0.10594627)
(0.032988572 -0.001440312 0.10594627)
(0.034019465 -0.0014853217 0.10594627)
(0.035050358 -0.0015303315 0.10594627)
(0.036081251 -0.0015753412 0.10594627)
(0.037112143 -0.001620351 0.10594627)
(0.038143036 -0.0016653608 0.10594627)
(0.039173929 -0.0017103705 0.10594627)
(0.040204822 -0.0017553803 0.10594627)
(0.041235715 -0.00180039 0.10594627)
(0.0010308929 4.500975e-05 0.10594627)
(0.0020617858 9.00195e-05 0.10594627)
(0.0030926786 0.00013502925 0.10594627)
(0.0041235715 0.000180039 0.10594627)
(0.0051544644 0.00022504875 0.10594627)
(0.0061853572 0.0002700585 0.10594627)
(0.0072162501 0.00031506825 0.10594627)
(0.008247143 0.000360078 0.10594627)
(0.0092780359 0.00040508775 0.10594627)
(0.010308929 0.0004500975 0.10594627)
(0.011339822 0.00049510725 0.10594627)
(0.012370714 0.000540117 0.10594627)
(0.013401607 0.00058512675 0.10594627)
(0.0144325 0.0006301365 0.10594627)
(0.015463393 0.00067514625 0.10594627)
(0.016494286 0.000720156 0.10594627)
(0.017525179 0.00076516575 0.10594627)
(0.018556072 0.0008101755 0.10594627)
(0.019586965 0.00085518525 0.10594627)
(0.020617857 0.000900195 0.10594627)
(0.02164875 0.00094520475 0.10594627)
(0.022679643 0.0009902145 0.10594627)
(0.023710536 0.0010352243 0.10594627)
(0.024741429 0.001080234 0.10594627)
(0.025772322 0.0011252437 0.10594627)
(0.026803215 0.0011702535 0.10594627)
(0.027834108 0.0012152632 0.10594627)
(0.028865001 0.001260273 0.10594627)
(0.029895893 0.0013052828 0.10594627)
(0.030926786 0.0013502925 0.10594627)
(0.031957679 0.0013953023 0.10594627)
(0.032988572 0.001440312 0.10594627)
(0.034019465 0.0014853217 0.10594627)
(0.035050358 0.0015303315 0.10594627)
(0.036081251 0.0015753412 0.10594627)
(0.037112143 0.001620351 0.10594627)
(0.038143036 0.0016653608 0.10594627)
(0.039173929 0.0017103705 0.10594627)
(0.040204822 0.0017553803 0.10594627)
(0.041235715 0.00180039 0.10594627)
(0 0 0.10612934)
(0.0010308929 -4.500975e-05 0.10612934)
(0.0020617858 -9.00195e-05 0.10612934)
(0.0030926786 -0.00013502925 0.10612934)
(0.0041235715 -0.000180039 0.10612934)
(0.0051544644 -0.00022504875 0.10612934)
(0.0061853572 -0.0002700585 0.10612934)
(0.0072162501 -0.00031506825 0.10612934)
(0.008247143 -0.000360078 0.10612934)
(0.0092780359 -0.00040508775 0.10612934)
(0.010308929 -0.0004500975 0.10612934)
(0.011339822 -0.00049510725 0.10612934)
(0.012370714 -0.000540117 0.10612934)
(0.013401607 -0.00058512675 0.10612934)
(0.0144325 -0.0006301365 0.10612934)
(0.015463393 -0.00067514625 0.10612934)
(0.016494286 -0.000720156 0.10612934)
(0.017525179 -0.00076516575 0.10612934)
(0.018556072 -0.0008101755 0.10612934)
(0.019586965 -0.00085518525 0.10612934)
(0.020617857 -0.000900195 0.10612934)
(0.02164875 -0.00094520475 0.10612934)
(0.022679643 -0.0009902145 0.10612934)
(0.023710536 -0.0010352243 0.10612934)
(0.024741429 -0.001080234 0.10612934)
(0.025772322 -0.0011252437 0.10612934)
(0.026803215 -0.0011702535 0.10612934)
(0.027834108 -0.0012152632 0.10612934)
(0.028865001 -0.001260273 0.10612934)
(0.029895893 -0.0013052828 0.10612934)
(0.030926786 -0.0013502925 0.10612934)
(0.031957679 -0.0013953023 0.10612934)
(0.032988572 -0.001440312 0.10612934)
(0.034019465 -0.0014853217 0.10612934)
(0.035050358 -0.0015303315 0.10612934)
(0.036081251 -0.0015753412 0.10612934)
(0.037112143 -0.001620351 0.10612934)
(0.038143036 -0.0016653608 0.10612934)
(0.039173929 -0.0017103705 0.10612934)
(0.040204822 -0.0017553803 0.10612934)
(0.041235715 -0.00180039 0.10612934)
(0.0010308929 4.500975e-05 0.10612934)
(0.0020617858 9.00195e-05 0.10612934)
(0.0030926786 0.00013502925 0.10612934)
(0.0041235715 0.000180039 0.10612934)
(0.0051544644 0.00022504875 0.10612934)
(0.0061853572 0.0002700585 0.10612934)
(0.0072162501 0.00031506825 0.10612934)
(0.008247143 0.000360078 0.10612934)
(0.0092780359 0.00040508775 0.10612934)
(0.010308929 0.0004500975 0.10612934)
(0.011339822 0.00049510725 0.10612934)
(0.012370714 0.000540117 0.10612934)
(0.013401607 0.00058512675 0.10612934)
(0.0144325 0.0006301365 0.10612934)
(0.015463393 0.00067514625 0.10612934)
(0.016494286 0.000720156 0.10612934)
(0.017525179 0.00076516575 0.10612934)
(0.018556072 0.0008101755 0.10612934)
(0.019586965 0.00085518525 0.10612934)
(0.020617857 0.000900195 0.10612934)
(0.02164875 0.00094520475 0.10612934)
(0.022679643 0.0009902145 0.10612934)
(0.023710536 0.0010352243 0.10612934)
(0.024741429 0.001080234 0.10612934)
(0.025772322 0.0011252437 0.10612934)
(0.026803215 0.0011702535 0.10612934)
(0.027834108 0.0012152632 0.10612934)
(0.028865001 0.001260273 0.10612934)
(0.029895893 0.0013052828 0.10612934)
(0.030926786 0.0013502925 0.10612934)
(0.031957679 0.0013953023 0.10612934)
(0.032988572 0.001440312 0.10612934)
(0.034019465 0.0014853217 0.10612934)
(0.035050358 0.0015303315 0.10612934)
(0.036081251 0.0015753412 0.10612934)
(0.037112143 0.001620351 0.10612934)
(0.038143036 0.0016653608 0.10612934)
(0.039173929 0.0017103705 0.10612934)
(0.040204822 0.0017553803 0.10612934)
(0.041235715 0.00180039 0.10612934)
(0 0 0.10631242)
(0.0010308929 -4.500975e-05 0.10631242)
(0.0020617858 -9.00195e-05 0.10631242)
(0.0030926786 -0.00013502925 0.10631242)
(0.0041235715 -0.000180039 0.10631242)
(0.0051544644 -0.00022504875 0.10631242)
(0.0061853572 -0.0002700585 0.10631242)
(0.0072162501 -0.00031506825 0.10631242)
(0.008247143 -0.000360078 0.10631242)
(0.0092780359 -0.00040508775 0.10631242)
(0.010308929 -0.0004500975 0.10631242)
(0.011339822 -0.00049510725 0.10631242)
(0.012370714 -0.000540117 0.10631242)
(0.013401607 -0.00058512675 0.10631242)
(0.0144325 -0.0006301365 0.10631242)
(0.015463393 -0.00067514625 0.10631242)
(0.016494286 -0.000720156 0.10631242)
(0.017525179 -0.00076516575 0.10631242)
(0.018556072 -0.0008101755 0.10631242)
(0.019586965 -0.00085518525 0.10631242)
(0.020617857 -0.000900195 0.10631242)
(0.02164875 -0.00094520475 0.10631242)
(0.022679643 -0.0009902145 0.10631242)
(0.023710536 -0.0010352243 0.10631242)
(0.024741429 -0.001080234 0.10631242)
(0.025772322 -0.0011252437 0.10631242)
(0.026803215 -0.0011702535 0.10631242)
(0.027834108 -0.0012152632 0.10631242)
(0.028865001 -0.001260273 0.10631242)
(0.029895893 -0.0013052828 0.10631242)
(0.030926786 -0.0013502925 0.10631242)
(0.031957679 -0.0013953023 0.10631242)
(0.032988572 -0.001440312 0.10631242)
(0.034019465 -0.0014853217 0.10631242)
(0.035050358 -0.0015303315 0.10631242)
(0.036081251 -0.0015753412 0.10631242)
(0.037112143 -0.001620351 0.10631242)
(0.038143036 -0.0016653608 0.10631242)
(0.039173929 -0.0017103705 0.10631242)
(0.040204822 -0.0017553803 0.10631242)
(0.041235715 -0.00180039 0.10631242)
(0.0010308929 4.500975e-05 0.10631242)
(0.0020617858 9.00195e-05 0.10631242)
(0.0030926786 0.00013502925 0.10631242)
(0.0041235715 0.000180039 0.10631242)
(0.0051544644 0.00022504875 0.10631242)
(0.0061853572 0.0002700585 0.10631242)
(0.0072162501 0.00031506825 0.10631242)
(0.008247143 0.000360078 0.10631242)
(0.0092780359 0.00040508775 0.10631242)
(0.010308929 0.0004500975 0.10631242)
(0.011339822 0.00049510725 0.10631242)
(0.012370714 0.000540117 0.10631242)
(0.013401607 0.00058512675 0.10631242)
(0.0144325 0.0006301365 0.10631242)
(0.015463393 0.00067514625 0.10631242)
(0.016494286 0.000720156 0.10631242)
(0.017525179 0.00076516575 0.10631242)
(0.018556072 0.0008101755 0.10631242)
(0.019586965 0.00085518525 0.10631242)
(0.020617857 0.000900195 0.10631242)
(0.02164875 0.00094520475 0.10631242)
(0.022679643 0.0009902145 0.10631242)
(0.023710536 0.0010352243 0.10631242)
(0.024741429 0.001080234 0.10631242)
(0.025772322 0.0011252437 0.10631242)
(0.026803215 0.0011702535 0.10631242)
(0.027834108 0.0012152632 0.10631242)
(0.028865001 0.001260273 0.10631242)
(0.029895893 0.0013052828 0.10631242)
(0.030926786 0.0013502925 0.10631242)
(0.031957679 0.0013953023 0.10631242)
(0.032988572 0.001440312 0.10631242)
(0.034019465 0.0014853217 0.10631242)
(0.035050358 0.0015303315 0.10631242)
(0.036081251 0.0015753412 0.10631242)
(0.037112143 0.001620351 0.10631242)
(0.038143036 0.0016653608 0.10631242)
(0.039173929 0.0017103705 0.10631242)
(0.040204822 0.0017553803 0.10631242)
(0.041235715 0.00180039 0.10631242)
(0 0 0.10649549)
(0.0010308929 -4.500975e-05 0.10649549)
(0.0020617858 -9.00195e-05 0.10649549)
(0.0030926786 -0.00013502925 0.10649549)
(0.0041235715 -0.000180039 0.10649549)
(0.0051544644 -0.00022504875 0.10649549)
(0.0061853572 -0.0002700585 0.10649549)
(0.0072162501 -0.00031506825 0.10649549)
(0.008247143 -0.000360078 0.10649549)
(0.0092780359 -0.00040508775 0.10649549)
(0.010308929 -0.0004500975 0.10649549)
(0.011339822 -0.00049510725 0.10649549)
(0.012370714 -0.000540117 0.10649549)
(0.013401607 -0.00058512675 0.10649549)
(0.0144325 -0.0006301365 0.10649549)
(0.015463393 -0.00067514625 0.10649549)
(0.016494286 -0.000720156 0.10649549)
(0.017525179 -0.00076516575 0.10649549)
(0.018556072 -0.0008101755 0.10649549)
(0.019586965 -0.00085518525 0.10649549)
(0.020617857 -0.000900195 0.10649549)
(0.02164875 -0.00094520475 0.10649549)
(0.022679643 -0.0009902145 0.10649549)
(0.023710536 -0.0010352243 0.10649549)
(0.024741429 -0.001080234 0.10649549)
(0.025772322 -0.0011252437 0.10649549)
(0.026803215 -0.0011702535 0.10649549)
(0.027834108 -0.0012152632 0.10649549)
(0.028865001 -0.001260273 0.10649549)
(0.029895893 -0.0013052828 0.10649549)
(0.030926786 -0.0013502925 0.10649549)
(0.031957679 -0.0013953023 0.10649549)
(0.032988572 -0.001440312 0.10649549)
(0.034019465 -0.0014853217 0.10649549)
(0.035050358 -0.0015303315 0.10649549)
(0.036081251 -0.0015753412 0.10649549)
(0.037112143 -0.001620351 0.10649549)
(0.038143036 -0.0016653608 0.10649549)
(0.039173929 -0.0017103705 0.10649549)
(0.040204822 -0.0017553803 0.10649549)
(0.041235715 -0.00180039 0.10649549)
(0.0010308929 4.500975e-05 0.10649549)
(0.0020617858 9.00195e-05 0.10649549)
(0.0030926786 0.00013502925 0.10649549)
(0.0041235715 0.000180039 0.10649549)
(0.0051544644 0.00022504875 0.10649549)
(0.0061853572 0.0002700585 0.10649549)
(0.0072162501 0.00031506825 0.10649549)
(0.008247143 0.000360078 0.10649549)
(0.0092780359 0.00040508775 0.10649549)
(0.010308929 0.0004500975 0.10649549)
(0.011339822 0.00049510725 0.10649549)
(0.012370714 0.000540117 0.10649549)
(0.013401607 0.00058512675 0.10649549)
(0.0144325 0.0006301365 0.10649549)
(0.015463393 0.00067514625 0.10649549)
(0.016494286 0.000720156 0.10649549)
(0.017525179 0.00076516575 0.10649549)
(0.018556072 0.0008101755 0.10649549)
(0.019586965 0.00085518525 0.10649549)
(0.020617857 0.000900195 0.10649549)
(0.02164875 0.00094520475 0.10649549)
(0.022679643 0.0009902145 0.10649549)
(0.023710536 0.0010352243 0.10649549)
(0.024741429 0.001080234 0.10649549)
(0.025772322 0.0011252437 0.10649549)
(0.026803215 0.0011702535 0.10649549)
(0.027834108 0.0012152632 0.10649549)
(0.028865001 0.001260273 0.10649549)
(0.029895893 0.0013052828 0.10649549)
(0.030926786 0.0013502925 0.10649549)
(0.031957679 0.0013953023 0.10649549)
(0.032988572 0.001440312 0.10649549)
(0.034019465 0.0014853217 0.10649549)
(0.035050358 0.0015303315 0.10649549)
(0.036081251 0.0015753412 0.10649549)
(0.037112143 0.001620351 0.10649549)
(0.038143036 0.0016653608 0.10649549)
(0.039173929 0.0017103705 0.10649549)
(0.040204822 0.0017553803 0.10649549)
(0.041235715 0.00180039 0.10649549)
(0 0 0.10667858)
(0.0010308929 -4.500975e-05 0.10667858)
(0.0020617858 -9.00195e-05 0.10667858)
(0.0030926786 -0.00013502925 0.10667858)
(0.0041235715 -0.000180039 0.10667858)
(0.0051544644 -0.00022504875 0.10667858)
(0.0061853572 -0.0002700585 0.10667858)
(0.0072162501 -0.00031506825 0.10667858)
(0.008247143 -0.000360078 0.10667858)
(0.0092780359 -0.00040508775 0.10667858)
(0.010308929 -0.0004500975 0.10667858)
(0.011339822 -0.00049510725 0.10667858)
(0.012370714 -0.000540117 0.10667858)
(0.013401607 -0.00058512675 0.10667858)
(0.0144325 -0.0006301365 0.10667858)
(0.015463393 -0.00067514625 0.10667858)
(0.016494286 -0.000720156 0.10667858)
(0.017525179 -0.00076516575 0.10667858)
(0.018556072 -0.0008101755 0.10667858)
(0.019586965 -0.00085518525 0.10667858)
(0.020617857 -0.000900195 0.10667858)
(0.02164875 -0.00094520475 0.10667858)
(0.022679643 -0.0009902145 0.10667858)
(0.023710536 -0.0010352243 0.10667858)
(0.024741429 -0.001080234 0.10667858)
(0.025772322 -0.0011252437 0.10667858)
(0.026803215 -0.0011702535 0.10667858)
(0.027834108 -0.0012152632 0.10667858)
(0.028865001 -0.001260273 0.10667858)
(0.029895893 -0.0013052828 0.10667858)
(0.030926786 -0.0013502925 0.10667858)
(0.031957679 -0.0013953023 0.10667858)
(0.032988572 -0.001440312 0.10667858)
(0.034019465 -0.0014853217 0.10667858)
(0.035050358 -0.0015303315 0.10667858)
(0.036081251 -0.0015753412 0.10667858)
(0.037112143 -0.001620351 0.10667858)
(0.038143036 -0.0016653608 0.10667858)
(0.039173929 -0.0017103705 0.10667858)
(0.040204822 -0.0017553803 0.10667858)
(0.041235715 -0.00180039 0.10667858)
(0.0010308929 4.500975e-05 0.10667858)
(0.0020617858 9.00195e-05 0.10667858)
(0.0030926786 0.00013502925 0.10667858)
(0.0041235715 0.000180039 0.10667858)
(0.0051544644 0.00022504875 0.10667858)
(0.0061853572 0.0002700585 0.10667858)
(0.0072162501 0.00031506825 0.10667858)
(0.008247143 0.000360078 0.10667858)
(0.0092780359 0.00040508775 0.10667858)
(0.010308929 0.0004500975 0.10667858)
(0.011339822 0.00049510725 0.10667858)
(0.012370714 0.000540117 0.10667858)
(0.013401607 0.00058512675 0.10667858)
(0.0144325 0.0006301365 0.10667858)
(0.015463393 0.00067514625 0.10667858)
(0.016494286 0.000720156 0.10667858)
(0.017525179 0.00076516575 0.10667858)
(0.018556072 0.0008101755 0.10667858)
(0.019586965 0.00085518525 0.10667858)
(0.020617857 0.000900195 0.10667858)
(0.02164875 0.00094520475 0.10667858)
(0.022679643 0.0009902145 0.10667858)
(0.023710536 0.0010352243 0.10667858)
(0.024741429 0.001080234 0.10667858)
(0.025772322 0.0011252437 0.10667858)
(0.026803215 0.0011702535 0.10667858)
(0.027834108 0.0012152632 0.10667858)
(0.028865001 0.001260273 0.10667858)
(0.029895893 0.0013052828 0.10667858)
(0.030926786 0.0013502925 0.10667858)
(0.031957679 0.0013953023 0.10667858)
(0.032988572 0.001440312 0.10667858)
(0.034019465 0.0014853217 0.10667858)
(0.035050358 0.0015303315 0.10667858)
(0.036081251 0.0015753412 0.10667858)
(0.037112143 0.001620351 0.10667858)
(0.038143036 0.0016653608 0.10667858)
(0.039173929 0.0017103705 0.10667858)
(0.040204822 0.0017553803 0.10667858)
(0.041235715 0.00180039 0.10667858)
(0 0 0.10686165)
(0.0010308929 -4.500975e-05 0.10686165)
(0.0020617858 -9.00195e-05 0.10686165)
(0.0030926786 -0.00013502925 0.10686165)
(0.0041235715 -0.000180039 0.10686165)
(0.0051544644 -0.00022504875 0.10686165)
(0.0061853572 -0.0002700585 0.10686165)
(0.0072162501 -0.00031506825 0.10686165)
(0.008247143 -0.000360078 0.10686165)
(0.0092780359 -0.00040508775 0.10686165)
(0.010308929 -0.0004500975 0.10686165)
(0.011339822 -0.00049510725 0.10686165)
(0.012370714 -0.000540117 0.10686165)
(0.013401607 -0.00058512675 0.10686165)
(0.0144325 -0.0006301365 0.10686165)
(0.015463393 -0.00067514625 0.10686165)
(0.016494286 -0.000720156 0.10686165)
(0.017525179 -0.00076516575 0.10686165)
(0.018556072 -0.0008101755 0.10686165)
(0.019586965 -0.00085518525 0.10686165)
(0.020617857 -0.000900195 0.10686165)
(0.02164875 -0.00094520475 0.10686165)
(0.022679643 -0.0009902145 0.10686165)
(0.023710536 -0.0010352243 0.10686165)
(0.024741429 -0.001080234 0.10686165)
(0.025772322 -0.0011252437 0.10686165)
(0.026803215 -0.0011702535 0.10686165)
(0.027834108 -0.0012152632 0.10686165)
(0.028865001 -0.001260273 0.10686165)
(0.029895893 -0.0013052828 0.10686165)
(0.030926786 -0.0013502925 0.10686165)
(0.031957679 -0.0013953023 0.10686165)
(0.032988572 -0.001440312 0.10686165)
(0.034019465 -0.0014853217 0.10686165)
(0.035050358 -0.0015303315 0.10686165)
(0.036081251 -0.0015753412 0.10686165)
(0.037112143 -0.001620351 0.10686165)
(0.038143036 -0.0016653608 0.10686165)
(0.039173929 -0.0017103705 0.10686165)
(0.040204822 -0.0017553803 0.10686165)
(0.041235715 -0.00180039 0.10686165)
(0.0010308929 4.500975e-05 0.10686165)
(0.0020617858 9.00195e-05 0.10686165)
(0.0030926786 0.00013502925 0.10686165)
(0.0041235715 0.000180039 0.10686165)
(0.0051544644 0.00022504875 0.10686165)
(0.0061853572 0.0002700585 0.10686165)
(0.0072162501 0.00031506825 0.10686165)
(0.008247143 0.000360078 0.10686165)
(0.0092780359 0.00040508775 0.10686165)
(0.010308929 0.0004500975 0.10686165)
(0.011339822 0.00049510725 0.10686165)
(0.012370714 0.000540117 0.10686165)
(0.013401607 0.00058512675 0.10686165)
(0.0144325 0.0006301365 0.10686165)
(0.015463393 0.00067514625 0.10686165)
(0.016494286 0.000720156 0.10686165)
(0.017525179 0.00076516575 0.10686165)
(0.018556072 0.0008101755 0.10686165)
(0.019586965 0.00085518525 0.10686165)
(0.020617857 0.000900195 0.10686165)
(0.02164875 0.00094520475 0.10686165)
(0.022679643 0.0009902145 0.10686165)
(0.023710536 0.0010352243 0.10686165)
(0.024741429 0.001080234 0.10686165)
(0.025772322 0.0011252437 0.10686165)
(0.026803215 0.0011702535 0.10686165)
(0.027834108 0.0012152632 0.10686165)
(0.028865001 0.001260273 0.10686165)
(0.029895893 0.0013052828 0.10686165)
(0.030926786 0.0013502925 0.10686165)
(0.031957679 0.0013953023 0.10686165)
(0.032988572 0.001440312 0.10686165)
(0.034019465 0.0014853217 0.10686165)
(0.035050358 0.0015303315 0.10686165)
(0.036081251 0.0015753412 0.10686165)
(0.037112143 0.001620351 0.10686165)
(0.038143036 0.0016653608 0.10686165)
(0.039173929 0.0017103705 0.10686165)
(0.040204822 0.0017553803 0.10686165)
(0.041235715 0.00180039 0.10686165)
(0 0 0.10704473)
(0.0010308929 -4.500975e-05 0.10704473)
(0.0020617858 -9.00195e-05 0.10704473)
(0.0030926786 -0.00013502925 0.10704473)
(0.0041235715 -0.000180039 0.10704473)
(0.0051544644 -0.00022504875 0.10704473)
(0.0061853572 -0.0002700585 0.10704473)
(0.0072162501 -0.00031506825 0.10704473)
(0.008247143 -0.000360078 0.10704473)
(0.0092780359 -0.00040508775 0.10704473)
(0.010308929 -0.0004500975 0.10704473)
(0.011339822 -0.00049510725 0.10704473)
(0.012370714 -0.000540117 0.10704473)
(0.013401607 -0.00058512675 0.10704473)
(0.0144325 -0.0006301365 0.10704473)
(0.015463393 -0.00067514625 0.10704473)
(0.016494286 -0.000720156 0.10704473)
(0.017525179 -0.00076516575 0.10704473)
(0.018556072 -0.0008101755 0.10704473)
(0.019586965 -0.00085518525 0.10704473)
(0.020617857 -0.000900195 0.10704473)
(0.02164875 -0.00094520475 0.10704473)
(0.022679643 -0.0009902145 0.10704473)
(0.023710536 -0.0010352243 0.10704473)
(0.024741429 -0.001080234 0.10704473)
(0.025772322 -0.0011252437 0.10704473)
(0.026803215 -0.0011702535 0.10704473)
(0.027834108 -0.0012152632 0.10704473)
(0.028865001 -0.001260273 0.10704473)
(0.029895893 -0.0013052828 0.10704473)
(0.030926786 -0.0013502925 0.10704473)
(0.031957679 -0.0013953023 0.10704473)
(0.032988572 -0.001440312 0.10704473)
(0.034019465 -0.0014853217 0.10704473)
(0.035050358 -0.0015303315 0.10704473)
(0.036081251 -0.0015753412 0.10704473)
(0.037112143 -0.001620351 0.10704473)
(0.038143036 -0.0016653608 0.10704473)
(0.039173929 -0.0017103705 0.10704473)
(0.040204822 -0.0017553803 0.10704473)
(0.041235715 -0.00180039 0.10704473)
(0.0010308929 4.500975e-05 0.10704473)
(0.0020617858 9.00195e-05 0.10704473)
(0.0030926786 0.00013502925 0.10704473)
(0.0041235715 0.000180039 0.10704473)
(0.0051544644 0.00022504875 0.10704473)
(0.0061853572 0.0002700585 0.10704473)
(0.0072162501 0.00031506825 0.10704473)
(0.008247143 0.000360078 0.10704473)
(0.0092780359 0.00040508775 0.10704473)
(0.010308929 0.0004500975 0.10704473)
(0.011339822 0.00049510725 0.10704473)
(0.012370714 0.000540117 0.10704473)
(0.013401607 0.00058512675 0.10704473)
(0.0144325 0.0006301365 0.10704473)
(0.015463393 0.00067514625 0.10704473)
(0.016494286 0.000720156 0.10704473)
(0.017525179 0.00076516575 0.10704473)
(0.018556072 0.0008101755 0.10704473)
(0.019586965 0.00085518525 0.10704473)
(0.020617857 0.000900195 0.10704473)
(0.02164875 0.00094520475 0.10704473)
(0.022679643 0.0009902145 0.10704473)
(0.023710536 0.0010352243 0.10704473)
(0.024741429 0.001080234 0.10704473)
(0.025772322 0.0011252437 0.10704473)
(0.026803215 0.0011702535 0.10704473)
(0.027834108 0.0012152632 0.10704473)
(0.028865001 0.001260273 0.10704473)
(0.029895893 0.0013052828 0.10704473)
(0.030926786 0.0013502925 0.10704473)
(0.031957679 0.0013953023 0.10704473)
(0.032988572 0.001440312 0.10704473)
(0.034019465 0.0014853217 0.10704473)
(0.035050358 0.0015303315 0.10704473)
(0.036081251 0.0015753412 0.10704473)
(0.037112143 0.001620351 0.10704473)
(0.038143036 0.0016653608 0.10704473)
(0.039173929 0.0017103705 0.10704473)
(0.040204822 0.0017553803 0.10704473)
(0.041235715 0.00180039 0.10704473)
(0 0 0.1072278)
(0.0010308929 -4.500975e-05 0.1072278)
(0.0020617858 -9.00195e-05 0.1072278)
(0.0030926786 -0.00013502925 0.1072278)
(0.0041235715 -0.000180039 0.1072278)
(0.0051544644 -0.00022504875 0.1072278)
(0.0061853572 -0.0002700585 0.1072278)
(0.0072162501 -0.00031506825 0.1072278)
(0.008247143 -0.000360078 0.1072278)
(0.0092780359 -0.00040508775 0.1072278)
(0.010308929 -0.0004500975 0.1072278)
(0.011339822 -0.00049510725 0.1072278)
(0.012370714 -0.000540117 0.1072278)
(0.013401607 -0.00058512675 0.1072278)
(0.0144325 -0.0006301365 0.1072278)
(0.015463393 -0.00067514625 0.1072278)
(0.016494286 -0.000720156 0.1072278)
(0.017525179 -0.00076516575 0.1072278)
(0.018556072 -0.0008101755 0.1072278)
(0.019586965 -0.00085518525 0.1072278)
(0.020617857 -0.000900195 0.1072278)
(0.02164875 -0.00094520475 0.1072278)
(0.022679643 -0.0009902145 0.1072278)
(0.023710536 -0.0010352243 0.1072278)
(0.024741429 -0.001080234 0.1072278)
(0.025772322 -0.0011252437 0.1072278)
(0.026803215 -0.0011702535 0.1072278)
(0.027834108 -0.0012152632 0.1072278)
(0.028865001 -0.001260273 0.1072278)
(0.029895893 -0.0013052828 0.1072278)
(0.030926786 -0.0013502925 0.1072278)
(0.031957679 -0.0013953023 0.1072278)
(0.032988572 -0.001440312 0.1072278)
(0.034019465 -0.0014853217 0.1072278)
(0.035050358 -0.0015303315 0.1072278)
(0.036081251 -0.0015753412 0.1072278)
(0.037112143 -0.001620351 0.1072278)
(0.038143036 -0.0016653608 0.1072278)
(0.039173929 -0.0017103705 0.1072278)
(0.040204822 -0.0017553803 0.1072278)
(0.041235715 -0.00180039 0.1072278)
(0.0010308929 4.500975e-05 0.1072278)
(0.0020617858 9.00195e-05 0.1072278)
(0.0030926786 0.00013502925 0.1072278)
(0.0041235715 0.000180039 0.1072278)
(0.0051544644 0.00022504875 0.1072278)
(0.0061853572 0.0002700585 0.1072278)
(0.0072162501 0.00031506825 0.1072278)
(0.008247143 0.000360078 0.1072278)
(0.0092780359 0.00040508775 0.1072278)
(0.010308929 0.0004500975 0.1072278)
(0.011339822 0.00049510725 0.1072278)
(0.012370714 0.000540117 0.1072278)
(0.013401607 0.00058512675 0.1072278)
(0.0144325 0.0006301365 0.1072278)
(0.015463393 0.00067514625 0.1072278)
(0.016494286 0.000720156 0.1072278)
(0.017525179 0.00076516575 0.1072278)
(0.018556072 0.0008101755 0.1072278)
(0.019586965 0.00085518525 0.1072278)
(0.020617857 0.000900195 0.1072278)
(0.02164875 0.00094520475 0.1072278)
(0.022679643 0.0009902145 0.1072278)
(0.023710536 0.0010352243 0.1072278)
(0.024741429 0.001080234 0.1072278)
(0.025772322 0.0011252437 0.1072278)
(0.026803215 0.0011702535 0.1072278)
(0.027834108 0.0012152632 0.1072278)
(0.028865001 0.001260273 0.1072278)
(0.029895893 0.0013052828 0.1072278)
(0.030926786 0.0013502925 0.1072278)
(0.031957679 0.0013953023 0.1072278)
(0.032988572 0.001440312 0.1072278)
(0.034019465 0.0014853217 0.1072278)
(0.035050358 0.0015303315 0.1072278)
(0.036081251 0.0015753412 0.1072278)
(0.037112143 0.001620351 0.1072278)
(0.038143036 0.0016653608 0.1072278)
(0.039173929 0.0017103705 0.1072278)
(0.040204822 0.0017553803 0.1072278)
(0.041235715 0.00180039 0.1072278)
(0 0 0.10741088)
(0.0010308929 -4.500975e-05 0.10741088)
(0.0020617858 -9.00195e-05 0.10741088)
(0.0030926786 -0.00013502925 0.10741088)
(0.0041235715 -0.000180039 0.10741088)
(0.0051544644 -0.00022504875 0.10741088)
(0.0061853572 -0.0002700585 0.10741088)
(0.0072162501 -0.00031506825 0.10741088)
(0.008247143 -0.000360078 0.10741088)
(0.0092780359 -0.00040508775 0.10741088)
(0.010308929 -0.0004500975 0.10741088)
(0.011339822 -0.00049510725 0.10741088)
(0.012370714 -0.000540117 0.10741088)
(0.013401607 -0.00058512675 0.10741088)
(0.0144325 -0.0006301365 0.10741088)
(0.015463393 -0.00067514625 0.10741088)
(0.016494286 -0.000720156 0.10741088)
(0.017525179 -0.00076516575 0.10741088)
(0.018556072 -0.0008101755 0.10741088)
(0.019586965 -0.00085518525 0.10741088)
(0.020617857 -0.000900195 0.10741088)
(0.02164875 -0.00094520475 0.10741088)
(0.022679643 -0.0009902145 0.10741088)
(0.023710536 -0.0010352243 0.10741088)
(0.024741429 -0.001080234 0.10741088)
(0.025772322 -0.0011252437 0.10741088)
(0.026803215 -0.0011702535 0.10741088)
(0.027834108 -0.0012152632 0.10741088)
(0.028865001 -0.001260273 0.10741088)
(0.029895893 -0.0013052828 0.10741088)
(0.030926786 -0.0013502925 0.10741088)
(0.031957679 -0.0013953023 0.10741088)
(0.032988572 -0.001440312 0.10741088)
(0.034019465 -0.0014853217 0.10741088)
(0.035050358 -0.0015303315 0.10741088)
(0.036081251 -0.0015753412 0.10741088)
(0.037112143 -0.001620351 0.10741088)
(0.038143036 -0.0016653608 0.10741088)
(0.039173929 -0.0017103705 0.10741088)
(0.040204822 -0.0017553803 0.10741088)
(0.041235715 -0.00180039 0.10741088)
(0.0010308929 4.500975e-05 0.10741088)
(0.0020617858 9.00195e-05 0.10741088)
(0.0030926786 0.00013502925 0.10741088)
(0.0041235715 0.000180039 0.10741088)
(0.0051544644 0.00022504875 0.10741088)
(0.0061853572 0.0002700585 0.10741088)
(0.0072162501 0.00031506825 0.10741088)
(0.008247143 0.000360078 0.10741088)
(0.0092780359 0.00040508775 0.10741088)
(0.010308929 0.0004500975 0.10741088)
(0.011339822 0.00049510725 0.10741088)
(0.012370714 0.000540117 0.10741088)
(0.013401607 0.00058512675 0.10741088)
(0.0144325 0.0006301365 0.10741088)
(0.015463393 0.00067514625 0.10741088)
(0.016494286 0.000720156 0.10741088)
(0.017525179 0.00076516575 0.10741088)
(0.018556072 0.0008101755 0.10741088)
(0.019586965 0.00085518525 0.10741088)
(0.020617857 0.000900195 0.10741088)
(0.02164875 0.00094520475 0.10741088)
(0.022679643 0.0009902145 0.10741088)
(0.023710536 0.0010352243 0.10741088)
(0.024741429 0.001080234 0.10741088)
(0.025772322 0.0011252437 0.10741088)
(0.026803215 0.0011702535 0.10741088)
(0.027834108 0.0012152632 0.10741088)
(0.028865001 0.001260273 0.10741088)
(0.029895893 0.0013052828 0.10741088)
(0.030926786 0.0013502925 0.10741088)
(0.031957679 0.0013953023 0.10741088)
(0.032988572 0.001440312 0.10741088)
(0.034019465 0.0014853217 0.10741088)
(0.035050358 0.0015303315 0.10741088)
(0.036081251 0.0015753412 0.10741088)
(0.037112143 0.001620351 0.10741088)
(0.038143036 0.0016653608 0.10741088)
(0.039173929 0.0017103705 0.10741088)
(0.040204822 0.0017553803 0.10741088)
(0.041235715 0.00180039 0.10741088)
(0 0 0.10759395)
(0.0010308929 -4.500975e-05 0.10759395)
(0.0020617858 -9.00195e-05 0.10759395)
(0.0030926786 -0.00013502925 0.10759395)
(0.0041235715 -0.000180039 0.10759395)
(0.0051544644 -0.00022504875 0.10759395)
(0.0061853572 -0.0002700585 0.10759395)
(0.0072162501 -0.00031506825 0.10759395)
(0.008247143 -0.000360078 0.10759395)
(0.0092780359 -0.00040508775 0.10759395)
(0.010308929 -0.0004500975 0.10759395)
(0.011339822 -0.00049510725 0.10759395)
(0.012370714 -0.000540117 0.10759395)
(0.013401607 -0.00058512675 0.10759395)
(0.0144325 -0.0006301365 0.10759395)
(0.015463393 -0.00067514625 0.10759395)
(0.016494286 -0.000720156 0.10759395)
(0.017525179 -0.00076516575 0.10759395)
(0.018556072 -0.0008101755 0.10759395)
(0.019586965 -0.00085518525 0.10759395)
(0.020617857 -0.000900195 0.10759395)
(0.02164875 -0.00094520475 0.10759395)
(0.022679643 -0.0009902145 0.10759395)
(0.023710536 -0.0010352243 0.10759395)
(0.024741429 -0.001080234 0.10759395)
(0.025772322 -0.0011252437 0.10759395)
(0.026803215 -0.0011702535 0.10759395)
(0.027834108 -0.0012152632 0.10759395)
(0.028865001 -0.001260273 0.10759395)
(0.029895893 -0.0013052828 0.10759395)
(0.030926786 -0.0013502925 0.10759395)
(0.031957679 -0.0013953023 0.10759395)
(0.032988572 -0.001440312 0.10759395)
(0.034019465 -0.0014853217 0.10759395)
(0.035050358 -0.0015303315 0.10759395)
(0.036081251 -0.0015753412 0.10759395)
(0.037112143 -0.001620351 0.10759395)
(0.038143036 -0.0016653608 0.10759395)
(0.039173929 -0.0017103705 0.10759395)
(0.040204822 -0.0017553803 0.10759395)
(0.041235715 -0.00180039 0.10759395)
(0.0010308929 4.500975e-05 0.10759395)
(0.0020617858 9.00195e-05 0.10759395)
(0.0030926786 0.00013502925 0.10759395)
(0.0041235715 0.000180039 0.10759395)
(0.0051544644 0.00022504875 0.10759395)
(0.0061853572 0.0002700585 0.10759395)
(0.0072162501 0.00031506825 0.10759395)
(0.008247143 0.000360078 0.10759395)
(0.0092780359 0.00040508775 0.10759395)
(0.010308929 0.0004500975 0.10759395)
(0.011339822 0.00049510725 0.10759395)
(0.012370714 0.000540117 0.10759395)
(0.013401607 0.00058512675 0.10759395)
(0.0144325 0.0006301365 0.10759395)
(0.015463393 0.00067514625 0.10759395)
(0.016494286 0.000720156 0.10759395)
(0.017525179 0.00076516575 0.10759395)
(0.018556072 0.0008101755 0.10759395)
(0.019586965 0.00085518525 0.10759395)
(0.020617857 0.000900195 0.10759395)
(0.02164875 0.00094520475 0.10759395)
(0.022679643 0.0009902145 0.10759395)
(0.023710536 0.0010352243 0.10759395)
(0.024741429 0.001080234 0.10759395)
(0.025772322 0.0011252437 0.10759395)
(0.026803215 0.0011702535 0.10759395)
(0.027834108 0.0012152632 0.10759395)
(0.028865001 0.001260273 0.10759395)
(0.029895893 0.0013052828 0.10759395)
(0.030926786 0.0013502925 0.10759395)
(0.031957679 0.0013953023 0.10759395)
(0.032988572 0.001440312 0.10759395)
(0.034019465 0.0014853217 0.10759395)
(0.035050358 0.0015303315 0.10759395)
(0.036081251 0.0015753412 0.10759395)
(0.037112143 0.001620351 0.10759395)
(0.038143036 0.0016653608 0.10759395)
(0.039173929 0.0017103705 0.10759395)
(0.040204822 0.0017553803 0.10759395)
(0.041235715 0.00180039 0.10759395)
(0 0 0.10777702)
(0.0010308929 -4.500975e-05 0.10777702)
(0.0020617858 -9.00195e-05 0.10777702)
(0.0030926786 -0.00013502925 0.10777702)
(0.0041235715 -0.000180039 0.10777702)
(0.0051544644 -0.00022504875 0.10777702)
(0.0061853572 -0.0002700585 0.10777702)
(0.0072162501 -0.00031506825 0.10777702)
(0.008247143 -0.000360078 0.10777702)
(0.0092780359 -0.00040508775 0.10777702)
(0.010308929 -0.0004500975 0.10777702)
(0.011339822 -0.00049510725 0.10777702)
(0.012370714 -0.000540117 0.10777702)
(0.013401607 -0.00058512675 0.10777702)
(0.0144325 -0.0006301365 0.10777702)
(0.015463393 -0.00067514625 0.10777702)
(0.016494286 -0.000720156 0.10777702)
(0.017525179 -0.00076516575 0.10777702)
(0.018556072 -0.0008101755 0.10777702)
(0.019586965 -0.00085518525 0.10777702)
(0.020617857 -0.000900195 0.10777702)
(0.02164875 -0.00094520475 0.10777702)
(0.022679643 -0.0009902145 0.10777702)
(0.023710536 -0.0010352243 0.10777702)
(0.024741429 -0.001080234 0.10777702)
(0.025772322 -0.0011252437 0.10777702)
(0.026803215 -0.0011702535 0.10777702)
(0.027834108 -0.0012152632 0.10777702)
(0.028865001 -0.001260273 0.10777702)
(0.029895893 -0.0013052828 0.10777702)
(0.030926786 -0.0013502925 0.10777702)
(0.031957679 -0.0013953023 0.10777702)
(0.032988572 -0.001440312 0.10777702)
(0.034019465 -0.0014853217 0.10777702)
(0.035050358 -0.0015303315 0.10777702)
(0.036081251 -0.0015753412 0.10777702)
(0.037112143 -0.001620351 0.10777702)
(0.038143036 -0.0016653608 0.10777702)
(0.039173929 -0.0017103705 0.10777702)
(0.040204822 -0.0017553803 0.10777702)
(0.041235715 -0.00180039 0.10777702)
(0.0010308929 4.500975e-05 0.10777702)
(0.0020617858 9.00195e-05 0.10777702)
(0.0030926786 0.00013502925 0.10777702)
(0.0041235715 0.000180039 0.10777702)
(0.0051544644 0.00022504875 0.10777702)
(0.0061853572 0.0002700585 0.10777702)
(0.0072162501 0.00031506825 0.10777702)
(0.008247143 0.000360078 0.10777702)
(0.0092780359 0.00040508775 0.10777702)
(0.010308929 0.0004500975 0.10777702)
(0.011339822 0.00049510725 0.10777702)
(0.012370714 0.000540117 0.10777702)
(0.013401607 0.00058512675 0.10777702)
(0.0144325 0.0006301365 0.10777702)
(0.015463393 0.00067514625 0.10777702)
(0.016494286 0.000720156 0.10777702)
(0.017525179 0.00076516575 0.10777702)
(0.018556072 0.0008101755 0.10777702)
(0.019586965 0.00085518525 0.10777702)
(0.020617857 0.000900195 0.10777702)
(0.02164875 0.00094520475 0.10777702)
(0.022679643 0.0009902145 0.10777702)
(0.023710536 0.0010352243 0.10777702)
(0.024741429 0.001080234 0.10777702)
(0.025772322 0.0011252437 0.10777702)
(0.026803215 0.0011702535 0.10777702)
(0.027834108 0.0012152632 0.10777702)
(0.028865001 0.001260273 0.10777702)
(0.029895893 0.0013052828 0.10777702)
(0.030926786 0.0013502925 0.10777702)
(0.031957679 0.0013953023 0.10777702)
(0.032988572 0.001440312 0.10777702)
(0.034019465 0.0014853217 0.10777702)
(0.035050358 0.0015303315 0.10777702)
(0.036081251 0.0015753412 0.10777702)
(0.037112143 0.001620351 0.10777702)
(0.038143036 0.0016653608 0.10777702)
(0.039173929 0.0017103705 0.10777702)
(0.040204822 0.0017553803 0.10777702)
(0.041235715 0.00180039 0.10777702)
(0 0 0.10796011)
(0.0010308929 -4.500975e-05 0.10796011)
(0.0020617858 -9.00195e-05 0.10796011)
(0.0030926786 -0.00013502925 0.10796011)
(0.0041235715 -0.000180039 0.10796011)
(0.0051544644 -0.00022504875 0.10796011)
(0.0061853572 -0.0002700585 0.10796011)
(0.0072162501 -0.00031506825 0.10796011)
(0.008247143 -0.000360078 0.10796011)
(0.0092780359 -0.00040508775 0.10796011)
(0.010308929 -0.0004500975 0.10796011)
(0.011339822 -0.00049510725 0.10796011)
(0.012370714 -0.000540117 0.10796011)
(0.013401607 -0.00058512675 0.10796011)
(0.0144325 -0.0006301365 0.10796011)
(0.015463393 -0.00067514625 0.10796011)
(0.016494286 -0.000720156 0.10796011)
(0.017525179 -0.00076516575 0.10796011)
(0.018556072 -0.0008101755 0.10796011)
(0.019586965 -0.00085518525 0.10796011)
(0.020617857 -0.000900195 0.10796011)
(0.02164875 -0.00094520475 0.10796011)
(0.022679643 -0.0009902145 0.10796011)
(0.023710536 -0.0010352243 0.10796011)
(0.024741429 -0.001080234 0.10796011)
(0.025772322 -0.0011252437 0.10796011)
(0.026803215 -0.0011702535 0.10796011)
(0.027834108 -0.0012152632 0.10796011)
(0.028865001 -0.001260273 0.10796011)
(0.029895893 -0.0013052828 0.10796011)
(0.030926786 -0.0013502925 0.10796011)
(0.031957679 -0.0013953023 0.10796011)
(0.032988572 -0.001440312 0.10796011)
(0.034019465 -0.0014853217 0.10796011)
(0.035050358 -0.0015303315 0.10796011)
(0.036081251 -0.0015753412 0.10796011)
(0.037112143 -0.001620351 0.10796011)
(0.038143036 -0.0016653608 0.10796011)
(0.039173929 -0.0017103705 0.10796011)
(0.040204822 -0.0017553803 0.10796011)
(0.041235715 -0.00180039 0.10796011)
(0.0010308929 4.500975e-05 0.10796011)
(0.0020617858 9.00195e-05 0.10796011)
(0.0030926786 0.00013502925 0.10796011)
(0.0041235715 0.000180039 0.10796011)
(0.0051544644 0.00022504875 0.10796011)
(0.0061853572 0.0002700585 0.10796011)
(0.0072162501 0.00031506825 0.10796011)
(0.008247143 0.000360078 0.10796011)
(0.0092780359 0.00040508775 0.10796011)
(0.010308929 0.0004500975 0.10796011)
(0.011339822 0.00049510725 0.10796011)
(0.012370714 0.000540117 0.10796011)
(0.013401607 0.00058512675 0.10796011)
(0.0144325 0.0006301365 0.10796011)
(0.015463393 0.00067514625 0.10796011)
(0.016494286 0.000720156 0.10796011)
(0.017525179 0.00076516575 0.10796011)
(0.018556072 0.0008101755 0.10796011)
(0.019586965 0.00085518525 0.10796011)
(0.020617857 0.000900195 0.10796011)
(0.02164875 0.00094520475 0.10796011)
(0.022679643 0.0009902145 0.10796011)
(0.023710536 0.0010352243 0.10796011)
(0.024741429 0.001080234 0.10796011)
(0.025772322 0.0011252437 0.10796011)
(0.026803215 0.0011702535 0.10796011)
(0.027834108 0.0012152632 0.10796011)
(0.028865001 0.001260273 0.10796011)
(0.029895893 0.0013052828 0.10796011)
(0.030926786 0.0013502925 0.10796011)
(0.031957679 0.0013953023 0.10796011)
(0.032988572 0.001440312 0.10796011)
(0.034019465 0.0014853217 0.10796011)
(0.035050358 0.0015303315 0.10796011)
(0.036081251 0.0015753412 0.10796011)
(0.037112143 0.001620351 0.10796011)
(0.038143036 0.0016653608 0.10796011)
(0.039173929 0.0017103705 0.10796011)
(0.040204822 0.0017553803 0.10796011)
(0.041235715 0.00180039 0.10796011)
(0 0 0.10814318)
(0.0010308929 -4.500975e-05 0.10814318)
(0.0020617858 -9.00195e-05 0.10814318)
(0.0030926786 -0.00013502925 0.10814318)
(0.0041235715 -0.000180039 0.10814318)
(0.0051544644 -0.00022504875 0.10814318)
(0.0061853572 -0.0002700585 0.10814318)
(0.0072162501 -0.00031506825 0.10814318)
(0.008247143 -0.000360078 0.10814318)
(0.0092780359 -0.00040508775 0.10814318)
(0.010308929 -0.0004500975 0.10814318)
(0.011339822 -0.00049510725 0.10814318)
(0.012370714 -0.000540117 0.10814318)
(0.013401607 -0.00058512675 0.10814318)
(0.0144325 -0.0006301365 0.10814318)
(0.015463393 -0.00067514625 0.10814318)
(0.016494286 -0.000720156 0.10814318)
(0.017525179 -0.00076516575 0.10814318)
(0.018556072 -0.0008101755 0.10814318)
(0.019586965 -0.00085518525 0.10814318)
(0.020617857 -0.000900195 0.10814318)
(0.02164875 -0.00094520475 0.10814318)
(0.022679643 -0.0009902145 0.10814318)
(0.023710536 -0.0010352243 0.10814318)
(0.024741429 -0.001080234 0.10814318)
(0.025772322 -0.0011252437 0.10814318)
(0.026803215 -0.0011702535 0.10814318)
(0.027834108 -0.0012152632 0.10814318)
(0.028865001 -0.001260273 0.10814318)
(0.029895893 -0.0013052828 0.10814318)
(0.030926786 -0.0013502925 0.10814318)
(0.031957679 -0.0013953023 0.10814318)
(0.032988572 -0.001440312 0.10814318)
(0.034019465 -0.0014853217 0.10814318)
(0.035050358 -0.0015303315 0.10814318)
(0.036081251 -0.0015753412 0.10814318)
(0.037112143 -0.001620351 0.10814318)
(0.038143036 -0.0016653608 0.10814318)
(0.039173929 -0.0017103705 0.10814318)
(0.040204822 -0.0017553803 0.10814318)
(0.041235715 -0.00180039 0.10814318)
(0.0010308929 4.500975e-05 0.10814318)
(0.0020617858 9.00195e-05 0.10814318)
(0.0030926786 0.00013502925 0.10814318)
(0.0041235715 0.000180039 0.10814318)
(0.0051544644 0.00022504875 0.10814318)
(0.0061853572 0.0002700585 0.10814318)
(0.0072162501 0.00031506825 0.10814318)
(0.008247143 0.000360078 0.10814318)
(0.0092780359 0.00040508775 0.10814318)
(0.010308929 0.0004500975 0.10814318)
(0.011339822 0.00049510725 0.10814318)
(0.012370714 0.000540117 0.10814318)
(0.013401607 0.00058512675 0.10814318)
(0.0144325 0.0006301365 0.10814318)
(0.015463393 0.00067514625 0.10814318)
(0.016494286 0.000720156 0.10814318)
(0.017525179 0.00076516575 0.10814318)
(0.018556072 0.0008101755 0.10814318)
(0.019586965 0.00085518525 0.10814318)
(0.020617857 0.000900195 0.10814318)
(0.02164875 0.00094520475 0.10814318)
(0.022679643 0.0009902145 0.10814318)
(0.023710536 0.0010352243 0.10814318)
(0.024741429 0.001080234 0.10814318)
(0.025772322 0.0011252437 0.10814318)
(0.026803215 0.0011702535 0.10814318)
(0.027834108 0.0012152632 0.10814318)
(0.028865001 0.001260273 0.10814318)
(0.029895893 0.0013052828 0.10814318)
(0.030926786 0.0013502925 0.10814318)
(0.031957679 0.0013953023 0.10814318)
(0.032988572 0.001440312 0.10814318)
(0.034019465 0.0014853217 0.10814318)
(0.035050358 0.0015303315 0.10814318)
(0.036081251 0.0015753412 0.10814318)
(0.037112143 0.001620351 0.10814318)
(0.038143036 0.0016653608 0.10814318)
(0.039173929 0.0017103705 0.10814318)
(0.040204822 0.0017553803 0.10814318)
(0.041235715 0.00180039 0.10814318)
(0 0 0.10832626)
(0.0010308929 -4.500975e-05 0.10832626)
(0.0020617858 -9.00195e-05 0.10832626)
(0.0030926786 -0.00013502925 0.10832626)
(0.0041235715 -0.000180039 0.10832626)
(0.0051544644 -0.00022504875 0.10832626)
(0.0061853572 -0.0002700585 0.10832626)
(0.0072162501 -0.00031506825 0.10832626)
(0.008247143 -0.000360078 0.10832626)
(0.0092780359 -0.00040508775 0.10832626)
(0.010308929 -0.0004500975 0.10832626)
(0.011339822 -0.00049510725 0.10832626)
(0.012370714 -0.000540117 0.10832626)
(0.013401607 -0.00058512675 0.10832626)
(0.0144325 -0.0006301365 0.10832626)
(0.015463393 -0.00067514625 0.10832626)
(0.016494286 -0.000720156 0.10832626)
(0.017525179 -0.00076516575 0.10832626)
(0.018556072 -0.0008101755 0.10832626)
(0.019586965 -0.00085518525 0.10832626)
(0.020617857 -0.000900195 0.10832626)
(0.02164875 -0.00094520475 0.10832626)
(0.022679643 -0.0009902145 0.10832626)
(0.023710536 -0.0010352243 0.10832626)
(0.024741429 -0.001080234 0.10832626)
(0.025772322 -0.0011252437 0.10832626)
(0.026803215 -0.0011702535 0.10832626)
(0.027834108 -0.0012152632 0.10832626)
(0.028865001 -0.001260273 0.10832626)
(0.029895893 -0.0013052828 0.10832626)
(0.030926786 -0.0013502925 0.10832626)
(0.031957679 -0.0013953023 0.10832626)
(0.032988572 -0.001440312 0.10832626)
(0.034019465 -0.0014853217 0.10832626)
(0.035050358 -0.0015303315 0.10832626)
(0.036081251 -0.0015753412 0.10832626)
(0.037112143 -0.001620351 0.10832626)
(0.038143036 -0.0016653608 0.10832626)
(0.039173929 -0.0017103705 0.10832626)
(0.040204822 -0.0017553803 0.10832626)
(0.041235715 -0.00180039 0.10832626)
(0.0010308929 4.500975e-05 0.10832626)
(0.0020617858 9.00195e-05 0.10832626)
(0.0030926786 0.00013502925 0.10832626)
(0.0041235715 0.000180039 0.10832626)
(0.0051544644 0.00022504875 0.10832626)
(0.0061853572 0.0002700585 0.10832626)
(0.0072162501 0.00031506825 0.10832626)
(0.008247143 0.000360078 0.10832626)
(0.0092780359 0.00040508775 0.10832626)
(0.010308929 0.0004500975 0.10832626)
(0.011339822 0.00049510725 0.10832626)
(0.012370714 0.000540117 0.10832626)
(0.013401607 0.00058512675 0.10832626)
(0.0144325 0.0006301365 0.10832626)
(0.015463393 0.00067514625 0.10832626)
(0.016494286 0.000720156 0.10832626)
(0.017525179 0.00076516575 0.10832626)
(0.018556072 0.0008101755 0.10832626)
(0.019586965 0.00085518525 0.10832626)
(0.020617857 0.000900195 0.10832626)
(0.02164875 0.00094520475 0.10832626)
(0.022679643 0.0009902145 0.10832626)
(0.023710536 0.0010352243 0.10832626)
(0.024741429 0.001080234 0.10832626)
(0.025772322 0.0011252437 0.10832626)
(0.026803215 0.0011702535 0.10832626)
(0.027834108 0.0012152632 0.10832626)
(0.028865001 0.001260273 0.10832626)
(0.029895893 0.0013052828 0.10832626)
(0.030926786 0.0013502925 0.10832626)
(0.031957679 0.0013953023 0.10832626)
(0.032988572 0.001440312 0.10832626)
(0.034019465 0.0014853217 0.10832626)
(0.035050358 0.0015303315 0.10832626)
(0.036081251 0.0015753412 0.10832626)
(0.037112143 0.001620351 0.10832626)
(0.038143036 0.0016653608 0.10832626)
(0.039173929 0.0017103705 0.10832626)
(0.040204822 0.0017553803 0.10832626)
(0.041235715 0.00180039 0.10832626)
(0 0 0.10850933)
(0.0010308929 -4.500975e-05 0.10850933)
(0.0020617858 -9.00195e-05 0.10850933)
(0.0030926786 -0.00013502925 0.10850933)
(0.0041235715 -0.000180039 0.10850933)
(0.0051544644 -0.00022504875 0.10850933)
(0.0061853572 -0.0002700585 0.10850933)
(0.0072162501 -0.00031506825 0.10850933)
(0.008247143 -0.000360078 0.10850933)
(0.0092780359 -0.00040508775 0.10850933)
(0.010308929 -0.0004500975 0.10850933)
(0.011339822 -0.00049510725 0.10850933)
(0.012370714 -0.000540117 0.10850933)
(0.013401607 -0.00058512675 0.10850933)
(0.0144325 -0.0006301365 0.10850933)
(0.015463393 -0.00067514625 0.10850933)
(0.016494286 -0.000720156 0.10850933)
(0.017525179 -0.00076516575 0.10850933)
(0.018556072 -0.0008101755 0.10850933)
(0.019586965 -0.00085518525 0.10850933)
(0.020617857 -0.000900195 0.10850933)
(0.02164875 -0.00094520475 0.10850933)
(0.022679643 -0.0009902145 0.10850933)
(0.023710536 -0.0010352243 0.10850933)
(0.024741429 -0.001080234 0.10850933)
(0.025772322 -0.0011252437 0.10850933)
(0.026803215 -0.0011702535 0.10850933)
(0.027834108 -0.0012152632 0.10850933)
(0.028865001 -0.001260273 0.10850933)
(0.029895893 -0.0013052828 0.10850933)
(0.030926786 -0.0013502925 0.10850933)
(0.031957679 -0.0013953023 0.10850933)
(0.032988572 -0.001440312 0.10850933)
(0.034019465 -0.0014853217 0.10850933)
(0.035050358 -0.0015303315 0.10850933)
(0.036081251 -0.0015753412 0.10850933)
(0.037112143 -0.001620351 0.10850933)
(0.038143036 -0.0016653608 0.10850933)
(0.039173929 -0.0017103705 0.10850933)
(0.040204822 -0.0017553803 0.10850933)
(0.041235715 -0.00180039 0.10850933)
(0.0010308929 4.500975e-05 0.10850933)
(0.0020617858 9.00195e-05 0.10850933)
(0.0030926786 0.00013502925 0.10850933)
(0.0041235715 0.000180039 0.10850933)
(0.0051544644 0.00022504875 0.10850933)
(0.0061853572 0.0002700585 0.10850933)
(0.0072162501 0.00031506825 0.10850933)
(0.008247143 0.000360078 0.10850933)
(0.0092780359 0.00040508775 0.10850933)
(0.010308929 0.0004500975 0.10850933)
(0.011339822 0.00049510725 0.10850933)
(0.012370714 0.000540117 0.10850933)
(0.013401607 0.00058512675 0.10850933)
(0.0144325 0.0006301365 0.10850933)
(0.015463393 0.00067514625 0.10850933)
(0.016494286 0.000720156 0.10850933)
(0.017525179 0.00076516575 0.10850933)
(0.018556072 0.0008101755 0.10850933)
(0.019586965 0.00085518525 0.10850933)
(0.020617857 0.000900195 0.10850933)
(0.02164875 0.00094520475 0.10850933)
(0.022679643 0.0009902145 0.10850933)
(0.023710536 0.0010352243 0.10850933)
(0.024741429 0.001080234 0.10850933)
(0.025772322 0.0011252437 0.10850933)
(0.026803215 0.0011702535 0.10850933)
(0.027834108 0.0012152632 0.10850933)
(0.028865001 0.001260273 0.10850933)
(0.029895893 0.0013052828 0.10850933)
(0.030926786 0.0013502925 0.10850933)
(0.031957679 0.0013953023 0.10850933)
(0.032988572 0.001440312 0.10850933)
(0.034019465 0.0014853217 0.10850933)
(0.035050358 0.0015303315 0.10850933)
(0.036081251 0.0015753412 0.10850933)
(0.037112143 0.001620351 0.10850933)
(0.038143036 0.0016653608 0.10850933)
(0.039173929 0.0017103705 0.10850933)
(0.040204822 0.0017553803 0.10850933)
(0.041235715 0.00180039 0.10850933)
(0 0 0.10869241)
(0.0010308929 -4.500975e-05 0.10869241)
(0.0020617858 -9.00195e-05 0.10869241)
(0.0030926786 -0.00013502925 0.10869241)
(0.0041235715 -0.000180039 0.10869241)
(0.0051544644 -0.00022504875 0.10869241)
(0.0061853572 -0.0002700585 0.10869241)
(0.0072162501 -0.00031506825 0.10869241)
(0.008247143 -0.000360078 0.10869241)
(0.0092780359 -0.00040508775 0.10869241)
(0.010308929 -0.0004500975 0.10869241)
(0.011339822 -0.00049510725 0.10869241)
(0.012370714 -0.000540117 0.10869241)
(0.013401607 -0.00058512675 0.10869241)
(0.0144325 -0.0006301365 0.10869241)
(0.015463393 -0.00067514625 0.10869241)
(0.016494286 -0.000720156 0.10869241)
(0.017525179 -0.00076516575 0.10869241)
(0.018556072 -0.0008101755 0.10869241)
(0.019586965 -0.00085518525 0.10869241)
(0.020617857 -0.000900195 0.10869241)
(0.02164875 -0.00094520475 0.10869241)
(0.022679643 -0.0009902145 0.10869241)
(0.023710536 -0.0010352243 0.10869241)
(0.024741429 -0.001080234 0.10869241)
(0.025772322 -0.0011252437 0.10869241)
(0.026803215 -0.0011702535 0.10869241)
(0.027834108 -0.0012152632 0.10869241)
(0.028865001 -0.001260273 0.10869241)
(0.029895893 -0.0013052828 0.10869241)
(0.030926786 -0.0013502925 0.10869241)
(0.031957679 -0.0013953023 0.10869241)
(0.032988572 -0.001440312 0.10869241)
(0.034019465 -0.0014853217 0.10869241)
(0.035050358 -0.0015303315 0.10869241)
(0.036081251 -0.0015753412 0.10869241)
(0.037112143 -0.001620351 0.10869241)
(0.038143036 -0.0016653608 0.10869241)
(0.039173929 -0.0017103705 0.10869241)
(0.040204822 -0.0017553803 0.10869241)
(0.041235715 -0.00180039 0.10869241)
(0.0010308929 4.500975e-05 0.10869241)
(0.0020617858 9.00195e-05 0.10869241)
(0.0030926786 0.00013502925 0.10869241)
(0.0041235715 0.000180039 0.10869241)
(0.0051544644 0.00022504875 0.10869241)
(0.0061853572 0.0002700585 0.10869241)
(0.0072162501 0.00031506825 0.10869241)
(0.008247143 0.000360078 0.10869241)
(0.0092780359 0.00040508775 0.10869241)
(0.010308929 0.0004500975 0.10869241)
(0.011339822 0.00049510725 0.10869241)
(0.012370714 0.000540117 0.10869241)
(0.013401607 0.00058512675 0.10869241)
(0.0144325 0.0006301365 0.10869241)
(0.015463393 0.00067514625 0.10869241)
(0.016494286 0.000720156 0.10869241)
(0.017525179 0.00076516575 0.10869241)
(0.018556072 0.0008101755 0.10869241)
(0.019586965 0.00085518525 0.10869241)
(0.020617857 0.000900195 0.10869241)
(0.02164875 0.00094520475 0.10869241)
(0.022679643 0.0009902145 0.10869241)
(0.023710536 0.0010352243 0.10869241)
(0.024741429 0.001080234 0.10869241)
(0.025772322 0.0011252437 0.10869241)
(0.026803215 0.0011702535 0.10869241)
(0.027834108 0.0012152632 0.10869241)
(0.028865001 0.001260273 0.10869241)
(0.029895893 0.0013052828 0.10869241)
(0.030926786 0.0013502925 0.10869241)
(0.031957679 0.0013953023 0.10869241)
(0.032988572 0.001440312 0.10869241)
(0.034019465 0.0014853217 0.10869241)
(0.035050358 0.0015303315 0.10869241)
(0.036081251 0.0015753412 0.10869241)
(0.037112143 0.001620351 0.10869241)
(0.038143036 0.0016653608 0.10869241)
(0.039173929 0.0017103705 0.10869241)
(0.040204822 0.0017553803 0.10869241)
(0.041235715 0.00180039 0.10869241)
(0 0 0.10887548)
(0.0010308929 -4.500975e-05 0.10887548)
(0.0020617858 -9.00195e-05 0.10887548)
(0.0030926786 -0.00013502925 0.10887548)
(0.0041235715 -0.000180039 0.10887548)
(0.0051544644 -0.00022504875 0.10887548)
(0.0061853572 -0.0002700585 0.10887548)
(0.0072162501 -0.00031506825 0.10887548)
(0.008247143 -0.000360078 0.10887548)
(0.0092780359 -0.00040508775 0.10887548)
(0.010308929 -0.0004500975 0.10887548)
(0.011339822 -0.00049510725 0.10887548)
(0.012370714 -0.000540117 0.10887548)
(0.013401607 -0.00058512675 0.10887548)
(0.0144325 -0.0006301365 0.10887548)
(0.015463393 -0.00067514625 0.10887548)
(0.016494286 -0.000720156 0.10887548)
(0.017525179 -0.00076516575 0.10887548)
(0.018556072 -0.0008101755 0.10887548)
(0.019586965 -0.00085518525 0.10887548)
(0.020617857 -0.000900195 0.10887548)
(0.02164875 -0.00094520475 0.10887548)
(0.022679643 -0.0009902145 0.10887548)
(0.023710536 -0.0010352243 0.10887548)
(0.024741429 -0.001080234 0.10887548)
(0.025772322 -0.0011252437 0.10887548)
(0.026803215 -0.0011702535 0.10887548)
(0.027834108 -0.0012152632 0.10887548)
(0.028865001 -0.001260273 0.10887548)
(0.029895893 -0.0013052828 0.10887548)
(0.030926786 -0.0013502925 0.10887548)
(0.031957679 -0.0013953023 0.10887548)
(0.032988572 -0.001440312 0.10887548)
(0.034019465 -0.0014853217 0.10887548)
(0.035050358 -0.0015303315 0.10887548)
(0.036081251 -0.0015753412 0.10887548)
(0.037112143 -0.001620351 0.10887548)
(0.038143036 -0.0016653608 0.10887548)
(0.039173929 -0.0017103705 0.10887548)
(0.040204822 -0.0017553803 0.10887548)
(0.041235715 -0.00180039 0.10887548)
(0.0010308929 4.500975e-05 0.10887548)
(0.0020617858 9.00195e-05 0.10887548)
(0.0030926786 0.00013502925 0.10887548)
(0.0041235715 0.000180039 0.10887548)
(0.0051544644 0.00022504875 0.10887548)
(0.0061853572 0.0002700585 0.10887548)
(0.0072162501 0.00031506825 0.10887548)
(0.008247143 0.000360078 0.10887548)
(0.0092780359 0.00040508775 0.10887548)
(0.010308929 0.0004500975 0.10887548)
(0.011339822 0.00049510725 0.10887548)
(0.012370714 0.000540117 0.10887548)
(0.013401607 0.00058512675 0.10887548)
(0.0144325 0.0006301365 0.10887548)
(0.015463393 0.00067514625 0.10887548)
(0.016494286 0.000720156 0.10887548)
(0.017525179 0.00076516575 0.10887548)
(0.018556072 0.0008101755 0.10887548)
(0.019586965 0.00085518525 0.10887548)
(0.020617857 0.000900195 0.10887548)
(0.02164875 0.00094520475 0.10887548)
(0.022679643 0.0009902145 0.10887548)
(0.023710536 0.0010352243 0.10887548)
(0.024741429 0.001080234 0.10887548)
(0.025772322 0.0011252437 0.10887548)
(0.026803215 0.0011702535 0.10887548)
(0.027834108 0.0012152632 0.10887548)
(0.028865001 0.001260273 0.10887548)
(0.029895893 0.0013052828 0.10887548)
(0.030926786 0.0013502925 0.10887548)
(0.031957679 0.0013953023 0.10887548)
(0.032988572 0.001440312 0.10887548)
(0.034019465 0.0014853217 0.10887548)
(0.035050358 0.0015303315 0.10887548)
(0.036081251 0.0015753412 0.10887548)
(0.037112143 0.001620351 0.10887548)
(0.038143036 0.0016653608 0.10887548)
(0.039173929 0.0017103705 0.10887548)
(0.040204822 0.0017553803 0.10887548)
(0.041235715 0.00180039 0.10887548)
(0 0 0.10905857)
(0.0010308929 -4.500975e-05 0.10905857)
(0.0020617858 -9.00195e-05 0.10905857)
(0.0030926786 -0.00013502925 0.10905857)
(0.0041235715 -0.000180039 0.10905857)
(0.0051544644 -0.00022504875 0.10905857)
(0.0061853572 -0.0002700585 0.10905857)
(0.0072162501 -0.00031506825 0.10905857)
(0.008247143 -0.000360078 0.10905857)
(0.0092780359 -0.00040508775 0.10905857)
(0.010308929 -0.0004500975 0.10905857)
(0.011339822 -0.00049510725 0.10905857)
(0.012370714 -0.000540117 0.10905857)
(0.013401607 -0.00058512675 0.10905857)
(0.0144325 -0.0006301365 0.10905857)
(0.015463393 -0.00067514625 0.10905857)
(0.016494286 -0.000720156 0.10905857)
(0.017525179 -0.00076516575 0.10905857)
(0.018556072 -0.0008101755 0.10905857)
(0.019586965 -0.00085518525 0.10905857)
(0.020617857 -0.000900195 0.10905857)
(0.02164875 -0.00094520475 0.10905857)
(0.022679643 -0.0009902145 0.10905857)
(0.023710536 -0.0010352243 0.10905857)
(0.024741429 -0.001080234 0.10905857)
(0.025772322 -0.0011252437 0.10905857)
(0.026803215 -0.0011702535 0.10905857)
(0.027834108 -0.0012152632 0.10905857)
(0.028865001 -0.001260273 0.10905857)
(0.029895893 -0.0013052828 0.10905857)
(0.030926786 -0.0013502925 0.10905857)
(0.031957679 -0.0013953023 0.10905857)
(0.032988572 -0.001440312 0.10905857)
(0.034019465 -0.0014853217 0.10905857)
(0.035050358 -0.0015303315 0.10905857)
(0.036081251 -0.0015753412 0.10905857)
(0.037112143 -0.001620351 0.10905857)
(0.038143036 -0.0016653608 0.10905857)
(0.039173929 -0.0017103705 0.10905857)
(0.040204822 -0.0017553803 0.10905857)
(0.041235715 -0.00180039 0.10905857)
(0.0010308929 4.500975e-05 0.10905857)
(0.0020617858 9.00195e-05 0.10905857)
(0.0030926786 0.00013502925 0.10905857)
(0.0041235715 0.000180039 0.10905857)
(0.0051544644 0.00022504875 0.10905857)
(0.0061853572 0.0002700585 0.10905857)
(0.0072162501 0.00031506825 0.10905857)
(0.008247143 0.000360078 0.10905857)
(0.0092780359 0.00040508775 0.10905857)
(0.010308929 0.0004500975 0.10905857)
(0.011339822 0.00049510725 0.10905857)
(0.012370714 0.000540117 0.10905857)
(0.013401607 0.00058512675 0.10905857)
(0.0144325 0.0006301365 0.10905857)
(0.015463393 0.00067514625 0.10905857)
(0.016494286 0.000720156 0.10905857)
(0.017525179 0.00076516575 0.10905857)
(0.018556072 0.0008101755 0.10905857)
(0.019586965 0.00085518525 0.10905857)
(0.020617857 0.000900195 0.10905857)
(0.02164875 0.00094520475 0.10905857)
(0.022679643 0.0009902145 0.10905857)
(0.023710536 0.0010352243 0.10905857)
(0.024741429 0.001080234 0.10905857)
(0.025772322 0.0011252437 0.10905857)
(0.026803215 0.0011702535 0.10905857)
(0.027834108 0.0012152632 0.10905857)
(0.028865001 0.001260273 0.10905857)
(0.029895893 0.0013052828 0.10905857)
(0.030926786 0.0013502925 0.10905857)
(0.031957679 0.0013953023 0.10905857)
(0.032988572 0.001440312 0.10905857)
(0.034019465 0.0014853217 0.10905857)
(0.035050358 0.0015303315 0.10905857)
(0.036081251 0.0015753412 0.10905857)
(0.037112143 0.001620351 0.10905857)
(0.038143036 0.0016653608 0.10905857)
(0.039173929 0.0017103705 0.10905857)
(0.040204822 0.0017553803 0.10905857)
(0.041235715 0.00180039 0.10905857)
(0 0 0.10924164)
(0.0010308929 -4.500975e-05 0.10924164)
(0.0020617858 -9.00195e-05 0.10924164)
(0.0030926786 -0.00013502925 0.10924164)
(0.0041235715 -0.000180039 0.10924164)
(0.0051544644 -0.00022504875 0.10924164)
(0.0061853572 -0.0002700585 0.10924164)
(0.0072162501 -0.00031506825 0.10924164)
(0.008247143 -0.000360078 0.10924164)
(0.0092780359 -0.00040508775 0.10924164)
(0.010308929 -0.0004500975 0.10924164)
(0.011339822 -0.00049510725 0.10924164)
(0.012370714 -0.000540117 0.10924164)
(0.013401607 -0.00058512675 0.10924164)
(0.0144325 -0.0006301365 0.10924164)
(0.015463393 -0.00067514625 0.10924164)
(0.016494286 -0.000720156 0.10924164)
(0.017525179 -0.00076516575 0.10924164)
(0.018556072 -0.0008101755 0.10924164)
(0.019586965 -0.00085518525 0.10924164)
(0.020617857 -0.000900195 0.10924164)
(0.02164875 -0.00094520475 0.10924164)
(0.022679643 -0.0009902145 0.10924164)
(0.023710536 -0.0010352243 0.10924164)
(0.024741429 -0.001080234 0.10924164)
(0.025772322 -0.0011252437 0.10924164)
(0.026803215 -0.0011702535 0.10924164)
(0.027834108 -0.0012152632 0.10924164)
(0.028865001 -0.001260273 0.10924164)
(0.029895893 -0.0013052828 0.10924164)
(0.030926786 -0.0013502925 0.10924164)
(0.031957679 -0.0013953023 0.10924164)
(0.032988572 -0.001440312 0.10924164)
(0.034019465 -0.0014853217 0.10924164)
(0.035050358 -0.0015303315 0.10924164)
(0.036081251 -0.0015753412 0.10924164)
(0.037112143 -0.001620351 0.10924164)
(0.038143036 -0.0016653608 0.10924164)
(0.039173929 -0.0017103705 0.10924164)
(0.040204822 -0.0017553803 0.10924164)
(0.041235715 -0.00180039 0.10924164)
(0.0010308929 4.500975e-05 0.10924164)
(0.0020617858 9.00195e-05 0.10924164)
(0.0030926786 0.00013502925 0.10924164)
(0.0041235715 0.000180039 0.10924164)
(0.0051544644 0.00022504875 0.10924164)
(0.0061853572 0.0002700585 0.10924164)
(0.0072162501 0.00031506825 0.10924164)
(0.008247143 0.000360078 0.10924164)
(0.0092780359 0.00040508775 0.10924164)
(0.010308929 0.0004500975 0.10924164)
(0.011339822 0.00049510725 0.10924164)
(0.012370714 0.000540117 0.10924164)
(0.013401607 0.00058512675 0.10924164)
(0.0144325 0.0006301365 0.10924164)
(0.015463393 0.00067514625 0.10924164)
(0.016494286 0.000720156 0.10924164)
(0.017525179 0.00076516575 0.10924164)
(0.018556072 0.0008101755 0.10924164)
(0.019586965 0.00085518525 0.10924164)
(0.020617857 0.000900195 0.10924164)
(0.02164875 0.00094520475 0.10924164)
(0.022679643 0.0009902145 0.10924164)
(0.023710536 0.0010352243 0.10924164)
(0.024741429 0.001080234 0.10924164)
(0.025772322 0.0011252437 0.10924164)
(0.026803215 0.0011702535 0.10924164)
(0.027834108 0.0012152632 0.10924164)
(0.028865001 0.001260273 0.10924164)
(0.029895893 0.0013052828 0.10924164)
(0.030926786 0.0013502925 0.10924164)
(0.031957679 0.0013953023 0.10924164)
(0.032988572 0.001440312 0.10924164)
(0.034019465 0.0014853217 0.10924164)
(0.035050358 0.0015303315 0.10924164)
(0.036081251 0.0015753412 0.10924164)
(0.037112143 0.001620351 0.10924164)
(0.038143036 0.0016653608 0.10924164)
(0.039173929 0.0017103705 0.10924164)
(0.040204822 0.0017553803 0.10924164)
(0.041235715 0.00180039 0.10924164)
(0 0 0.10942472)
(0.0010308929 -4.500975e-05 0.10942472)
(0.0020617858 -9.00195e-05 0.10942472)
(0.0030926786 -0.00013502925 0.10942472)
(0.0041235715 -0.000180039 0.10942472)
(0.0051544644 -0.00022504875 0.10942472)
(0.0061853572 -0.0002700585 0.10942472)
(0.0072162501 -0.00031506825 0.10942472)
(0.008247143 -0.000360078 0.10942472)
(0.0092780359 -0.00040508775 0.10942472)
(0.010308929 -0.0004500975 0.10942472)
(0.011339822 -0.00049510725 0.10942472)
(0.012370714 -0.000540117 0.10942472)
(0.013401607 -0.00058512675 0.10942472)
(0.0144325 -0.0006301365 0.10942472)
(0.015463393 -0.00067514625 0.10942472)
(0.016494286 -0.000720156 0.10942472)
(0.017525179 -0.00076516575 0.10942472)
(0.018556072 -0.0008101755 0.10942472)
(0.019586965 -0.00085518525 0.10942472)
(0.020617857 -0.000900195 0.10942472)
(0.02164875 -0.00094520475 0.10942472)
(0.022679643 -0.0009902145 0.10942472)
(0.023710536 -0.0010352243 0.10942472)
(0.024741429 -0.001080234 0.10942472)
(0.025772322 -0.0011252437 0.10942472)
(0.026803215 -0.0011702535 0.10942472)
(0.027834108 -0.0012152632 0.10942472)
(0.028865001 -0.001260273 0.10942472)
(0.029895893 -0.0013052828 0.10942472)
(0.030926786 -0.0013502925 0.10942472)
(0.031957679 -0.0013953023 0.10942472)
(0.032988572 -0.001440312 0.10942472)
(0.034019465 -0.0014853217 0.10942472)
(0.035050358 -0.0015303315 0.10942472)
(0.036081251 -0.0015753412 0.10942472)
(0.037112143 -0.001620351 0.10942472)
(0.038143036 -0.0016653608 0.10942472)
(0.039173929 -0.0017103705 0.10942472)
(0.040204822 -0.0017553803 0.10942472)
(0.041235715 -0.00180039 0.10942472)
(0.0010308929 4.500975e-05 0.10942472)
(0.0020617858 9.00195e-05 0.10942472)
(0.0030926786 0.00013502925 0.10942472)
(0.0041235715 0.000180039 0.10942472)
(0.0051544644 0.00022504875 0.10942472)
(0.0061853572 0.0002700585 0.10942472)
(0.0072162501 0.00031506825 0.10942472)
(0.008247143 0.000360078 0.10942472)
(0.0092780359 0.00040508775 0.10942472)
(0.010308929 0.0004500975 0.10942472)
(0.011339822 0.00049510725 0.10942472)
(0.012370714 0.000540117 0.10942472)
(0.013401607 0.00058512675 0.10942472)
(0.0144325 0.0006301365 0.10942472)
(0.015463393 0.00067514625 0.10942472)
(0.016494286 0.000720156 0.10942472)
(0.017525179 0.00076516575 0.10942472)
(0.018556072 0.0008101755 0.10942472)
(0.019586965 0.00085518525 0.10942472)
(0.020617857 0.000900195 0.10942472)
(0.02164875 0.00094520475 0.10942472)
(0.022679643 0.0009902145 0.10942472)
(0.023710536 0.0010352243 0.10942472)
(0.024741429 0.001080234 0.10942472)
(0.025772322 0.0011252437 0.10942472)
(0.026803215 0.0011702535 0.10942472)
(0.027834108 0.0012152632 0.10942472)
(0.028865001 0.001260273 0.10942472)
(0.029895893 0.0013052828 0.10942472)
(0.030926786 0.0013502925 0.10942472)
(0.031957679 0.0013953023 0.10942472)
(0.032988572 0.001440312 0.10942472)
(0.034019465 0.0014853217 0.10942472)
(0.035050358 0.0015303315 0.10942472)
(0.036081251 0.0015753412 0.10942472)
(0.037112143 0.001620351 0.10942472)
(0.038143036 0.0016653608 0.10942472)
(0.039173929 0.0017103705 0.10942472)
(0.040204822 0.0017553803 0.10942472)
(0.041235715 0.00180039 0.10942472)
(0 0 0.10960779)
(0.0010308929 -4.500975e-05 0.10960779)
(0.0020617858 -9.00195e-05 0.10960779)
(0.0030926786 -0.00013502925 0.10960779)
(0.0041235715 -0.000180039 0.10960779)
(0.0051544644 -0.00022504875 0.10960779)
(0.0061853572 -0.0002700585 0.10960779)
(0.0072162501 -0.00031506825 0.10960779)
(0.008247143 -0.000360078 0.10960779)
(0.0092780359 -0.00040508775 0.10960779)
(0.010308929 -0.0004500975 0.10960779)
(0.011339822 -0.00049510725 0.10960779)
(0.012370714 -0.000540117 0.10960779)
(0.013401607 -0.00058512675 0.10960779)
(0.0144325 -0.0006301365 0.10960779)
(0.015463393 -0.00067514625 0.10960779)
(0.016494286 -0.000720156 0.10960779)
(0.017525179 -0.00076516575 0.10960779)
(0.018556072 -0.0008101755 0.10960779)
(0.019586965 -0.00085518525 0.10960779)
(0.020617857 -0.000900195 0.10960779)
(0.02164875 -0.00094520475 0.10960779)
(0.022679643 -0.0009902145 0.10960779)
(0.023710536 -0.0010352243 0.10960779)
(0.024741429 -0.001080234 0.10960779)
(0.025772322 -0.0011252437 0.10960779)
(0.026803215 -0.0011702535 0.10960779)
(0.027834108 -0.0012152632 0.10960779)
(0.028865001 -0.001260273 0.10960779)
(0.029895893 -0.0013052828 0.10960779)
(0.030926786 -0.0013502925 0.10960779)
(0.031957679 -0.0013953023 0.10960779)
(0.032988572 -0.001440312 0.10960779)
(0.034019465 -0.0014853217 0.10960779)
(0.035050358 -0.0015303315 0.10960779)
(0.036081251 -0.0015753412 0.10960779)
(0.037112143 -0.001620351 0.10960779)
(0.038143036 -0.0016653608 0.10960779)
(0.039173929 -0.0017103705 0.10960779)
(0.040204822 -0.0017553803 0.10960779)
(0.041235715 -0.00180039 0.10960779)
(0.0010308929 4.500975e-05 0.10960779)
(0.0020617858 9.00195e-05 0.10960779)
(0.0030926786 0.00013502925 0.10960779)
(0.0041235715 0.000180039 0.10960779)
(0.0051544644 0.00022504875 0.10960779)
(0.0061853572 0.0002700585 0.10960779)
(0.0072162501 0.00031506825 0.10960779)
(0.008247143 0.000360078 0.10960779)
(0.0092780359 0.00040508775 0.10960779)
(0.010308929 0.0004500975 0.10960779)
(0.011339822 0.00049510725 0.10960779)
(0.012370714 0.000540117 0.10960779)
(0.013401607 0.00058512675 0.10960779)
(0.0144325 0.0006301365 0.10960779)
(0.015463393 0.00067514625 0.10960779)
(0.016494286 0.000720156 0.10960779)
(0.017525179 0.00076516575 0.10960779)
(0.018556072 0.0008101755 0.10960779)
(0.019586965 0.00085518525 0.10960779)
(0.020617857 0.000900195 0.10960779)
(0.02164875 0.00094520475 0.10960779)
(0.022679643 0.0009902145 0.10960779)
(0.023710536 0.0010352243 0.10960779)
(0.024741429 0.001080234 0.10960779)
(0.025772322 0.0011252437 0.10960779)
(0.026803215 0.0011702535 0.10960779)
(0.027834108 0.0012152632 0.10960779)
(0.028865001 0.001260273 0.10960779)
(0.029895893 0.0013052828 0.10960779)
(0.030926786 0.0013502925 0.10960779)
(0.031957679 0.0013953023 0.10960779)
(0.032988572 0.001440312 0.10960779)
(0.034019465 0.0014853217 0.10960779)
(0.035050358 0.0015303315 0.10960779)
(0.036081251 0.0015753412 0.10960779)
(0.037112143 0.001620351 0.10960779)
(0.038143036 0.0016653608 0.10960779)
(0.039173929 0.0017103705 0.10960779)
(0.040204822 0.0017553803 0.10960779)
(0.041235715 0.00180039 0.10960779)
(0 0 0.10979086)
(0.0010308929 -4.500975e-05 0.10979086)
(0.0020617858 -9.00195e-05 0.10979086)
(0.0030926786 -0.00013502925 0.10979086)
(0.0041235715 -0.000180039 0.10979086)
(0.0051544644 -0.00022504875 0.10979086)
(0.0061853572 -0.0002700585 0.10979086)
(0.0072162501 -0.00031506825 0.10979086)
(0.008247143 -0.000360078 0.10979086)
(0.0092780359 -0.00040508775 0.10979086)
(0.010308929 -0.0004500975 0.10979086)
(0.011339822 -0.00049510725 0.10979086)
(0.012370714 -0.000540117 0.10979086)
(0.013401607 -0.00058512675 0.10979086)
(0.0144325 -0.0006301365 0.10979086)
(0.015463393 -0.00067514625 0.10979086)
(0.016494286 -0.000720156 0.10979086)
(0.017525179 -0.00076516575 0.10979086)
(0.018556072 -0.0008101755 0.10979086)
(0.019586965 -0.00085518525 0.10979086)
(0.020617857 -0.000900195 0.10979086)
(0.02164875 -0.00094520475 0.10979086)
(0.022679643 -0.0009902145 0.10979086)
(0.023710536 -0.0010352243 0.10979086)
(0.024741429 -0.001080234 0.10979086)
(0.025772322 -0.0011252437 0.10979086)
(0.026803215 -0.0011702535 0.10979086)
(0.027834108 -0.0012152632 0.10979086)
(0.028865001 -0.001260273 0.10979086)
(0.029895893 -0.0013052828 0.10979086)
(0.030926786 -0.0013502925 0.10979086)
(0.031957679 -0.0013953023 0.10979086)
(0.032988572 -0.001440312 0.10979086)
(0.034019465 -0.0014853217 0.10979086)
(0.035050358 -0.0015303315 0.10979086)
(0.036081251 -0.0015753412 0.10979086)
(0.037112143 -0.001620351 0.10979086)
(0.038143036 -0.0016653608 0.10979086)
(0.039173929 -0.0017103705 0.10979086)
(0.040204822 -0.0017553803 0.10979086)
(0.041235715 -0.00180039 0.10979086)
(0.0010308929 4.500975e-05 0.10979086)
(0.0020617858 9.00195e-05 0.10979086)
(0.0030926786 0.00013502925 0.10979086)
(0.0041235715 0.000180039 0.10979086)
(0.0051544644 0.00022504875 0.10979086)
(0.0061853572 0.0002700585 0.10979086)
(0.0072162501 0.00031506825 0.10979086)
(0.008247143 0.000360078 0.10979086)
(0.0092780359 0.00040508775 0.10979086)
(0.010308929 0.0004500975 0.10979086)
(0.011339822 0.00049510725 0.10979086)
(0.012370714 0.000540117 0.10979086)
(0.013401607 0.00058512675 0.10979086)
(0.0144325 0.0006301365 0.10979086)
(0.015463393 0.00067514625 0.10979086)
(0.016494286 0.000720156 0.10979086)
(0.017525179 0.00076516575 0.10979086)
(0.018556072 0.0008101755 0.10979086)
(0.019586965 0.00085518525 0.10979086)
(0.020617857 0.000900195 0.10979086)
(0.02164875 0.00094520475 0.10979086)
(0.022679643 0.0009902145 0.10979086)
(0.023710536 0.0010352243 0.10979086)
(0.024741429 0.001080234 0.10979086)
(0.025772322 0.0011252437 0.10979086)
(0.026803215 0.0011702535 0.10979086)
(0.027834108 0.0012152632 0.10979086)
(0.028865001 0.001260273 0.10979086)
(0.029895893 0.0013052828 0.10979086)
(0.030926786 0.0013502925 0.10979086)
(0.031957679 0.0013953023 0.10979086)
(0.032988572 0.001440312 0.10979086)
(0.034019465 0.0014853217 0.10979086)
(0.035050358 0.0015303315 0.10979086)
(0.036081251 0.0015753412 0.10979086)
(0.037112143 0.001620351 0.10979086)
(0.038143036 0.0016653608 0.10979086)
(0.039173929 0.0017103705 0.10979086)
(0.040204822 0.0017553803 0.10979086)
(0.041235715 0.00180039 0.10979086)
(0 0 0.10997394)
(0.0010308929 -4.500975e-05 0.10997394)
(0.0020617858 -9.00195e-05 0.10997394)
(0.0030926786 -0.00013502925 0.10997394)
(0.0041235715 -0.000180039 0.10997394)
(0.0051544644 -0.00022504875 0.10997394)
(0.0061853572 -0.0002700585 0.10997394)
(0.0072162501 -0.00031506825 0.10997394)
(0.008247143 -0.000360078 0.10997394)
(0.0092780359 -0.00040508775 0.10997394)
(0.010308929 -0.0004500975 0.10997394)
(0.011339822 -0.00049510725 0.10997394)
(0.012370714 -0.000540117 0.10997394)
(0.013401607 -0.00058512675 0.10997394)
(0.0144325 -0.0006301365 0.10997394)
(0.015463393 -0.00067514625 0.10997394)
(0.016494286 -0.000720156 0.10997394)
(0.017525179 -0.00076516575 0.10997394)
(0.018556072 -0.0008101755 0.10997394)
(0.019586965 -0.00085518525 0.10997394)
(0.020617857 -0.000900195 0.10997394)
(0.02164875 -0.00094520475 0.10997394)
(0.022679643 -0.0009902145 0.10997394)
(0.023710536 -0.0010352243 0.10997394)
(0.024741429 -0.001080234 0.10997394)
(0.025772322 -0.0011252437 0.10997394)
(0.026803215 -0.0011702535 0.10997394)
(0.027834108 -0.0012152632 0.10997394)
(0.028865001 -0.001260273 0.10997394)
(0.029895893 -0.0013052828 0.10997394)
(0.030926786 -0.0013502925 0.10997394)
(0.031957679 -0.0013953023 0.10997394)
(0.032988572 -0.001440312 0.10997394)
(0.034019465 -0.0014853217 0.10997394)
(0.035050358 -0.0015303315 0.10997394)
(0.036081251 -0.0015753412 0.10997394)
(0.037112143 -0.001620351 0.10997394)
(0.038143036 -0.0016653608 0.10997394)
(0.039173929 -0.0017103705 0.10997394)
(0.040204822 -0.0017553803 0.10997394)
(0.041235715 -0.00180039 0.10997394)
(0.0010308929 4.500975e-05 0.10997394)
(0.0020617858 9.00195e-05 0.10997394)
(0.0030926786 0.00013502925 0.10997394)
(0.0041235715 0.000180039 0.10997394)
(0.0051544644 0.00022504875 0.10997394)
(0.0061853572 0.0002700585 0.10997394)
(0.0072162501 0.00031506825 0.10997394)
(0.008247143 0.000360078 0.10997394)
(0.0092780359 0.00040508775 0.10997394)
(0.010308929 0.0004500975 0.10997394)
(0.011339822 0.00049510725 0.10997394)
(0.012370714 0.000540117 0.10997394)
(0.013401607 0.00058512675 0.10997394)
(0.0144325 0.0006301365 0.10997394)
(0.015463393 0.00067514625 0.10997394)
(0.016494286 0.000720156 0.10997394)
(0.017525179 0.00076516575 0.10997394)
(0.018556072 0.0008101755 0.10997394)
(0.019586965 0.00085518525 0.10997394)
(0.020617857 0.000900195 0.10997394)
(0.02164875 0.00094520475 0.10997394)
(0.022679643 0.0009902145 0.10997394)
(0.023710536 0.0010352243 0.10997394)
(0.024741429 0.001080234 0.10997394)
(0.025772322 0.0011252437 0.10997394)
(0.026803215 0.0011702535 0.10997394)
(0.027834108 0.0012152632 0.10997394)
(0.028865001 0.001260273 0.10997394)
(0.029895893 0.0013052828 0.10997394)
(0.030926786 0.0013502925 0.10997394)
(0.031957679 0.0013953023 0.10997394)
(0.032988572 0.001440312 0.10997394)
(0.034019465 0.0014853217 0.10997394)
(0.035050358 0.0015303315 0.10997394)
(0.036081251 0.0015753412 0.10997394)
(0.037112143 0.001620351 0.10997394)
(0.038143036 0.0016653608 0.10997394)
(0.039173929 0.0017103705 0.10997394)
(0.040204822 0.0017553803 0.10997394)
(0.041235715 0.00180039 0.10997394)
(0 0 0.11015701)
(0.0010308929 -4.500975e-05 0.11015701)
(0.0020617858 -9.00195e-05 0.11015701)
(0.0030926786 -0.00013502925 0.11015701)
(0.0041235715 -0.000180039 0.11015701)
(0.0051544644 -0.00022504875 0.11015701)
(0.0061853572 -0.0002700585 0.11015701)
(0.0072162501 -0.00031506825 0.11015701)
(0.008247143 -0.000360078 0.11015701)
(0.0092780359 -0.00040508775 0.11015701)
(0.010308929 -0.0004500975 0.11015701)
(0.011339822 -0.00049510725 0.11015701)
(0.012370714 -0.000540117 0.11015701)
(0.013401607 -0.00058512675 0.11015701)
(0.0144325 -0.0006301365 0.11015701)
(0.015463393 -0.00067514625 0.11015701)
(0.016494286 -0.000720156 0.11015701)
(0.017525179 -0.00076516575 0.11015701)
(0.018556072 -0.0008101755 0.11015701)
(0.019586965 -0.00085518525 0.11015701)
(0.020617857 -0.000900195 0.11015701)
(0.02164875 -0.00094520475 0.11015701)
(0.022679643 -0.0009902145 0.11015701)
(0.023710536 -0.0010352243 0.11015701)
(0.024741429 -0.001080234 0.11015701)
(0.025772322 -0.0011252437 0.11015701)
(0.026803215 -0.0011702535 0.11015701)
(0.027834108 -0.0012152632 0.11015701)
(0.028865001 -0.001260273 0.11015701)
(0.029895893 -0.0013052828 0.11015701)
(0.030926786 -0.0013502925 0.11015701)
(0.031957679 -0.0013953023 0.11015701)
(0.032988572 -0.001440312 0.11015701)
(0.034019465 -0.0014853217 0.11015701)
(0.035050358 -0.0015303315 0.11015701)
(0.036081251 -0.0015753412 0.11015701)
(0.037112143 -0.001620351 0.11015701)
(0.038143036 -0.0016653608 0.11015701)
(0.039173929 -0.0017103705 0.11015701)
(0.040204822 -0.0017553803 0.11015701)
(0.041235715 -0.00180039 0.11015701)
(0.0010308929 4.500975e-05 0.11015701)
(0.0020617858 9.00195e-05 0.11015701)
(0.0030926786 0.00013502925 0.11015701)
(0.0041235715 0.000180039 0.11015701)
(0.0051544644 0.00022504875 0.11015701)
(0.0061853572 0.0002700585 0.11015701)
(0.0072162501 0.00031506825 0.11015701)
(0.008247143 0.000360078 0.11015701)
(0.0092780359 0.00040508775 0.11015701)
(0.010308929 0.0004500975 0.11015701)
(0.011339822 0.00049510725 0.11015701)
(0.012370714 0.000540117 0.11015701)
(0.013401607 0.00058512675 0.11015701)
(0.0144325 0.0006301365 0.11015701)
(0.015463393 0.00067514625 0.11015701)
(0.016494286 0.000720156 0.11015701)
(0.017525179 0.00076516575 0.11015701)
(0.018556072 0.0008101755 0.11015701)
(0.019586965 0.00085518525 0.11015701)
(0.020617857 0.000900195 0.11015701)
(0.02164875 0.00094520475 0.11015701)
(0.022679643 0.0009902145 0.11015701)
(0.023710536 0.0010352243 0.11015701)
(0.024741429 0.001080234 0.11015701)
(0.025772322 0.0011252437 0.11015701)
(0.026803215 0.0011702535 0.11015701)
(0.027834108 0.0012152632 0.11015701)
(0.028865001 0.001260273 0.11015701)
(0.029895893 0.0013052828 0.11015701)
(0.030926786 0.0013502925 0.11015701)
(0.031957679 0.0013953023 0.11015701)
(0.032988572 0.001440312 0.11015701)
(0.034019465 0.0014853217 0.11015701)
(0.035050358 0.0015303315 0.11015701)
(0.036081251 0.0015753412 0.11015701)
(0.037112143 0.001620351 0.11015701)
(0.038143036 0.0016653608 0.11015701)
(0.039173929 0.0017103705 0.11015701)
(0.040204822 0.0017553803 0.11015701)
(0.041235715 0.00180039 0.11015701)
(0 0 0.1103401)
(0.0010308929 -4.500975e-05 0.1103401)
(0.0020617858 -9.00195e-05 0.1103401)
(0.0030926786 -0.00013502925 0.1103401)
(0.0041235715 -0.000180039 0.1103401)
(0.0051544644 -0.00022504875 0.1103401)
(0.0061853572 -0.0002700585 0.1103401)
(0.0072162501 -0.00031506825 0.1103401)
(0.008247143 -0.000360078 0.1103401)
(0.0092780359 -0.00040508775 0.1103401)
(0.010308929 -0.0004500975 0.1103401)
(0.011339822 -0.00049510725 0.1103401)
(0.012370714 -0.000540117 0.1103401)
(0.013401607 -0.00058512675 0.1103401)
(0.0144325 -0.0006301365 0.1103401)
(0.015463393 -0.00067514625 0.1103401)
(0.016494286 -0.000720156 0.1103401)
(0.017525179 -0.00076516575 0.1103401)
(0.018556072 -0.0008101755 0.1103401)
(0.019586965 -0.00085518525 0.1103401)
(0.020617857 -0.000900195 0.1103401)
(0.02164875 -0.00094520475 0.1103401)
(0.022679643 -0.0009902145 0.1103401)
(0.023710536 -0.0010352243 0.1103401)
(0.024741429 -0.001080234 0.1103401)
(0.025772322 -0.0011252437 0.1103401)
(0.026803215 -0.0011702535 0.1103401)
(0.027834108 -0.0012152632 0.1103401)
(0.028865001 -0.001260273 0.1103401)
(0.029895893 -0.0013052828 0.1103401)
(0.030926786 -0.0013502925 0.1103401)
(0.031957679 -0.0013953023 0.1103401)
(0.032988572 -0.001440312 0.1103401)
(0.034019465 -0.0014853217 0.1103401)
(0.035050358 -0.0015303315 0.1103401)
(0.036081251 -0.0015753412 0.1103401)
(0.037112143 -0.001620351 0.1103401)
(0.038143036 -0.0016653608 0.1103401)
(0.039173929 -0.0017103705 0.1103401)
(0.040204822 -0.0017553803 0.1103401)
(0.041235715 -0.00180039 0.1103401)
(0.0010308929 4.500975e-05 0.1103401)
(0.0020617858 9.00195e-05 0.1103401)
(0.0030926786 0.00013502925 0.1103401)
(0.0041235715 0.000180039 0.1103401)
(0.0051544644 0.00022504875 0.1103401)
(0.0061853572 0.0002700585 0.1103401)
(0.0072162501 0.00031506825 0.1103401)
(0.008247143 0.000360078 0.1103401)
(0.0092780359 0.00040508775 0.1103401)
(0.010308929 0.0004500975 0.1103401)
(0.011339822 0.00049510725 0.1103401)
(0.012370714 0.000540117 0.1103401)
(0.013401607 0.00058512675 0.1103401)
(0.0144325 0.0006301365 0.1103401)
(0.015463393 0.00067514625 0.1103401)
(0.016494286 0.000720156 0.1103401)
(0.017525179 0.00076516575 0.1103401)
(0.018556072 0.0008101755 0.1103401)
(0.019586965 0.00085518525 0.1103401)
(0.020617857 0.000900195 0.1103401)
(0.02164875 0.00094520475 0.1103401)
(0.022679643 0.0009902145 0.1103401)
(0.023710536 0.0010352243 0.1103401)
(0.024741429 0.001080234 0.1103401)
(0.025772322 0.0011252437 0.1103401)
(0.026803215 0.0011702535 0.1103401)
(0.027834108 0.0012152632 0.1103401)
(0.028865001 0.001260273 0.1103401)
(0.029895893 0.0013052828 0.1103401)
(0.030926786 0.0013502925 0.1103401)
(0.031957679 0.0013953023 0.1103401)
(0.032988572 0.001440312 0.1103401)
(0.034019465 0.0014853217 0.1103401)
(0.035050358 0.0015303315 0.1103401)
(0.036081251 0.0015753412 0.1103401)
(0.037112143 0.001620351 0.1103401)
(0.038143036 0.0016653608 0.1103401)
(0.039173929 0.0017103705 0.1103401)
(0.040204822 0.0017553803 0.1103401)
(0.041235715 0.00180039 0.1103401)
(0 0 0.11052317)
(0.0010308929 -4.500975e-05 0.11052317)
(0.0020617858 -9.00195e-05 0.11052317)
(0.0030926786 -0.00013502925 0.11052317)
(0.0041235715 -0.000180039 0.11052317)
(0.0051544644 -0.00022504875 0.11052317)
(0.0061853572 -0.0002700585 0.11052317)
(0.0072162501 -0.00031506825 0.11052317)
(0.008247143 -0.000360078 0.11052317)
(0.0092780359 -0.00040508775 0.11052317)
(0.010308929 -0.0004500975 0.11052317)
(0.011339822 -0.00049510725 0.11052317)
(0.012370714 -0.000540117 0.11052317)
(0.013401607 -0.00058512675 0.11052317)
(0.0144325 -0.0006301365 0.11052317)
(0.015463393 -0.00067514625 0.11052317)
(0.016494286 -0.000720156 0.11052317)
(0.017525179 -0.00076516575 0.11052317)
(0.018556072 -0.0008101755 0.11052317)
(0.019586965 -0.00085518525 0.11052317)
(0.020617857 -0.000900195 0.11052317)
(0.02164875 -0.00094520475 0.11052317)
(0.022679643 -0.0009902145 0.11052317)
(0.023710536 -0.0010352243 0.11052317)
(0.024741429 -0.001080234 0.11052317)
(0.025772322 -0.0011252437 0.11052317)
(0.026803215 -0.0011702535 0.11052317)
(0.027834108 -0.0012152632 0.11052317)
(0.028865001 -0.001260273 0.11052317)
(0.029895893 -0.0013052828 0.11052317)
(0.030926786 -0.0013502925 0.11052317)
(0.031957679 -0.0013953023 0.11052317)
(0.032988572 -0.001440312 0.11052317)
(0.034019465 -0.0014853217 0.11052317)
(0.035050358 -0.0015303315 0.11052317)
(0.036081251 -0.0015753412 0.11052317)
(0.037112143 -0.001620351 0.11052317)
(0.038143036 -0.0016653608 0.11052317)
(0.039173929 -0.0017103705 0.11052317)
(0.040204822 -0.0017553803 0.11052317)
(0.041235715 -0.00180039 0.11052317)
(0.0010308929 4.500975e-05 0.11052317)
(0.0020617858 9.00195e-05 0.11052317)
(0.0030926786 0.00013502925 0.11052317)
(0.0041235715 0.000180039 0.11052317)
(0.0051544644 0.00022504875 0.11052317)
(0.0061853572 0.0002700585 0.11052317)
(0.0072162501 0.00031506825 0.11052317)
(0.008247143 0.000360078 0.11052317)
(0.0092780359 0.00040508775 0.11052317)
(0.010308929 0.0004500975 0.11052317)
(0.011339822 0.00049510725 0.11052317)
(0.012370714 0.000540117 0.11052317)
(0.013401607 0.00058512675 0.11052317)
(0.0144325 0.0006301365 0.11052317)
(0.015463393 0.00067514625 0.11052317)
(0.016494286 0.000720156 0.11052317)
(0.017525179 0.00076516575 0.11052317)
(0.018556072 0.0008101755 0.11052317)
(0.019586965 0.00085518525 0.11052317)
(0.020617857 0.000900195 0.11052317)
(0.02164875 0.00094520475 0.11052317)
(0.022679643 0.0009902145 0.11052317)
(0.023710536 0.0010352243 0.11052317)
(0.024741429 0.001080234 0.11052317)
(0.025772322 0.0011252437 0.11052317)
(0.026803215 0.0011702535 0.11052317)
(0.027834108 0.0012152632 0.11052317)
(0.028865001 0.001260273 0.11052317)
(0.029895893 0.0013052828 0.11052317)
(0.030926786 0.0013502925 0.11052317)
(0.031957679 0.0013953023 0.11052317)
(0.032988572 0.001440312 0.11052317)
(0.034019465 0.0014853217 0.11052317)
(0.035050358 0.0015303315 0.11052317)
(0.036081251 0.0015753412 0.11052317)
(0.037112143 0.001620351 0.11052317)
(0.038143036 0.0016653608 0.11052317)
(0.039173929 0.0017103705 0.11052317)
(0.040204822 0.0017553803 0.11052317)
(0.041235715 0.00180039 0.11052317)
(0 0 0.11070625)
(0.0010308929 -4.500975e-05 0.11070625)
(0.0020617858 -9.00195e-05 0.11070625)
(0.0030926786 -0.00013502925 0.11070625)
(0.0041235715 -0.000180039 0.11070625)
(0.0051544644 -0.00022504875 0.11070625)
(0.0061853572 -0.0002700585 0.11070625)
(0.0072162501 -0.00031506825 0.11070625)
(0.008247143 -0.000360078 0.11070625)
(0.0092780359 -0.00040508775 0.11070625)
(0.010308929 -0.0004500975 0.11070625)
(0.011339822 -0.00049510725 0.11070625)
(0.012370714 -0.000540117 0.11070625)
(0.013401607 -0.00058512675 0.11070625)
(0.0144325 -0.0006301365 0.11070625)
(0.015463393 -0.00067514625 0.11070625)
(0.016494286 -0.000720156 0.11070625)
(0.017525179 -0.00076516575 0.11070625)
(0.018556072 -0.0008101755 0.11070625)
(0.019586965 -0.00085518525 0.11070625)
(0.020617857 -0.000900195 0.11070625)
(0.02164875 -0.00094520475 0.11070625)
(0.022679643 -0.0009902145 0.11070625)
(0.023710536 -0.0010352243 0.11070625)
(0.024741429 -0.001080234 0.11070625)
(0.025772322 -0.0011252437 0.11070625)
(0.026803215 -0.0011702535 0.11070625)
(0.027834108 -0.0012152632 0.11070625)
(0.028865001 -0.001260273 0.11070625)
(0.029895893 -0.0013052828 0.11070625)
(0.030926786 -0.0013502925 0.11070625)
(0.031957679 -0.0013953023 0.11070625)
(0.032988572 -0.001440312 0.11070625)
(0.034019465 -0.0014853217 0.11070625)
(0.035050358 -0.0015303315 0.11070625)
(0.036081251 -0.0015753412 0.11070625)
(0.037112143 -0.001620351 0.11070625)
(0.038143036 -0.0016653608 0.11070625)
(0.039173929 -0.0017103705 0.11070625)
(0.040204822 -0.0017553803 0.11070625)
(0.041235715 -0.00180039 0.11070625)
(0.0010308929 4.500975e-05 0.11070625)
(0.0020617858 9.00195e-05 0.11070625)
(0.0030926786 0.00013502925 0.11070625)
(0.0041235715 0.000180039 0.11070625)
(0.0051544644 0.00022504875 0.11070625)
(0.0061853572 0.0002700585 0.11070625)
(0.0072162501 0.00031506825 0.11070625)
(0.008247143 0.000360078 0.11070625)
(0.0092780359 0.00040508775 0.11070625)
(0.010308929 0.0004500975 0.11070625)
(0.011339822 0.00049510725 0.11070625)
(0.012370714 0.000540117 0.11070625)
(0.013401607 0.00058512675 0.11070625)
(0.0144325 0.0006301365 0.11070625)
(0.015463393 0.00067514625 0.11070625)
(0.016494286 0.000720156 0.11070625)
(0.017525179 0.00076516575 0.11070625)
(0.018556072 0.0008101755 0.11070625)
(0.019586965 0.00085518525 0.11070625)
(0.020617857 0.000900195 0.11070625)
(0.02164875 0.00094520475 0.11070625)
(0.022679643 0.0009902145 0.11070625)
(0.023710536 0.0010352243 0.11070625)
(0.024741429 0.001080234 0.11070625)
(0.025772322 0.0011252437 0.11070625)
(0.026803215 0.0011702535 0.11070625)
(0.027834108 0.0012152632 0.11070625)
(0.028865001 0.001260273 0.11070625)
(0.029895893 0.0013052828 0.11070625)
(0.030926786 0.0013502925 0.11070625)
(0.031957679 0.0013953023 0.11070625)
(0.032988572 0.001440312 0.11070625)
(0.034019465 0.0014853217 0.11070625)
(0.035050358 0.0015303315 0.11070625)
(0.036081251 0.0015753412 0.11070625)
(0.037112143 0.001620351 0.11070625)
(0.038143036 0.0016653608 0.11070625)
(0.039173929 0.0017103705 0.11070625)
(0.040204822 0.0017553803 0.11070625)
(0.041235715 0.00180039 0.11070625)
(0 0 0.11088932)
(0.0010308929 -4.500975e-05 0.11088932)
(0.0020617858 -9.00195e-05 0.11088932)
(0.0030926786 -0.00013502925 0.11088932)
(0.0041235715 -0.000180039 0.11088932)
(0.0051544644 -0.00022504875 0.11088932)
(0.0061853572 -0.0002700585 0.11088932)
(0.0072162501 -0.00031506825 0.11088932)
(0.008247143 -0.000360078 0.11088932)
(0.0092780359 -0.00040508775 0.11088932)
(0.010308929 -0.0004500975 0.11088932)
(0.011339822 -0.00049510725 0.11088932)
(0.012370714 -0.000540117 0.11088932)
(0.013401607 -0.00058512675 0.11088932)
(0.0144325 -0.0006301365 0.11088932)
(0.015463393 -0.00067514625 0.11088932)
(0.016494286 -0.000720156 0.11088932)
(0.017525179 -0.00076516575 0.11088932)
(0.018556072 -0.0008101755 0.11088932)
(0.019586965 -0.00085518525 0.11088932)
(0.020617857 -0.000900195 0.11088932)
(0.02164875 -0.00094520475 0.11088932)
(0.022679643 -0.0009902145 0.11088932)
(0.023710536 -0.0010352243 0.11088932)
(0.024741429 -0.001080234 0.11088932)
(0.025772322 -0.0011252437 0.11088932)
(0.026803215 -0.0011702535 0.11088932)
(0.027834108 -0.0012152632 0.11088932)
(0.028865001 -0.001260273 0.11088932)
(0.029895893 -0.0013052828 0.11088932)
(0.030926786 -0.0013502925 0.11088932)
(0.031957679 -0.0013953023 0.11088932)
(0.032988572 -0.001440312 0.11088932)
(0.034019465 -0.0014853217 0.11088932)
(0.035050358 -0.0015303315 0.11088932)
(0.036081251 -0.0015753412 0.11088932)
(0.037112143 -0.001620351 0.11088932)
(0.038143036 -0.0016653608 0.11088932)
(0.039173929 -0.0017103705 0.11088932)
(0.040204822 -0.0017553803 0.11088932)
(0.041235715 -0.00180039 0.11088932)
(0.0010308929 4.500975e-05 0.11088932)
(0.0020617858 9.00195e-05 0.11088932)
(0.0030926786 0.00013502925 0.11088932)
(0.0041235715 0.000180039 0.11088932)
(0.0051544644 0.00022504875 0.11088932)
(0.0061853572 0.0002700585 0.11088932)
(0.0072162501 0.00031506825 0.11088932)
(0.008247143 0.000360078 0.11088932)
(0.0092780359 0.00040508775 0.11088932)
(0.010308929 0.0004500975 0.11088932)
(0.011339822 0.00049510725 0.11088932)
(0.012370714 0.000540117 0.11088932)
(0.013401607 0.00058512675 0.11088932)
(0.0144325 0.0006301365 0.11088932)
(0.015463393 0.00067514625 0.11088932)
(0.016494286 0.000720156 0.11088932)
(0.017525179 0.00076516575 0.11088932)
(0.018556072 0.0008101755 0.11088932)
(0.019586965 0.00085518525 0.11088932)
(0.020617857 0.000900195 0.11088932)
(0.02164875 0.00094520475 0.11088932)
(0.022679643 0.0009902145 0.11088932)
(0.023710536 0.0010352243 0.11088932)
(0.024741429 0.001080234 0.11088932)
(0.025772322 0.0011252437 0.11088932)
(0.026803215 0.0011702535 0.11088932)
(0.027834108 0.0012152632 0.11088932)
(0.028865001 0.001260273 0.11088932)
(0.029895893 0.0013052828 0.11088932)
(0.030926786 0.0013502925 0.11088932)
(0.031957679 0.0013953023 0.11088932)
(0.032988572 0.001440312 0.11088932)
(0.034019465 0.0014853217 0.11088932)
(0.035050358 0.0015303315 0.11088932)
(0.036081251 0.0015753412 0.11088932)
(0.037112143 0.001620351 0.11088932)
(0.038143036 0.0016653608 0.11088932)
(0.039173929 0.0017103705 0.11088932)
(0.040204822 0.0017553803 0.11088932)
(0.041235715 0.00180039 0.11088932)
(0 0 0.11107239)
(0.0010308929 -4.500975e-05 0.11107239)
(0.0020617858 -9.00195e-05 0.11107239)
(0.0030926786 -0.00013502925 0.11107239)
(0.0041235715 -0.000180039 0.11107239)
(0.0051544644 -0.00022504875 0.11107239)
(0.0061853572 -0.0002700585 0.11107239)
(0.0072162501 -0.00031506825 0.11107239)
(0.008247143 -0.000360078 0.11107239)
(0.0092780359 -0.00040508775 0.11107239)
(0.010308929 -0.0004500975 0.11107239)
(0.011339822 -0.00049510725 0.11107239)
(0.012370714 -0.000540117 0.11107239)
(0.013401607 -0.00058512675 0.11107239)
(0.0144325 -0.0006301365 0.11107239)
(0.015463393 -0.00067514625 0.11107239)
(0.016494286 -0.000720156 0.11107239)
(0.017525179 -0.00076516575 0.11107239)
(0.018556072 -0.0008101755 0.11107239)
(0.019586965 -0.00085518525 0.11107239)
(0.020617857 -0.000900195 0.11107239)
(0.02164875 -0.00094520475 0.11107239)
(0.022679643 -0.0009902145 0.11107239)
(0.023710536 -0.0010352243 0.11107239)
(0.024741429 -0.001080234 0.11107239)
(0.025772322 -0.0011252437 0.11107239)
(0.026803215 -0.0011702535 0.11107239)
(0.027834108 -0.0012152632 0.11107239)
(0.028865001 -0.001260273 0.11107239)
(0.029895893 -0.0013052828 0.11107239)
(0.030926786 -0.0013502925 0.11107239)
(0.031957679 -0.0013953023 0.11107239)
(0.032988572 -0.001440312 0.11107239)
(0.034019465 -0.0014853217 0.11107239)
(0.035050358 -0.0015303315 0.11107239)
(0.036081251 -0.0015753412 0.11107239)
(0.037112143 -0.001620351 0.11107239)
(0.038143036 -0.0016653608 0.11107239)
(0.039173929 -0.0017103705 0.11107239)
(0.040204822 -0.0017553803 0.11107239)
(0.041235715 -0.00180039 0.11107239)
(0.0010308929 4.500975e-05 0.11107239)
(0.0020617858 9.00195e-05 0.11107239)
(0.0030926786 0.00013502925 0.11107239)
(0.0041235715 0.000180039 0.11107239)
(0.0051544644 0.00022504875 0.11107239)
(0.0061853572 0.0002700585 0.11107239)
(0.0072162501 0.00031506825 0.11107239)
(0.008247143 0.000360078 0.11107239)
(0.0092780359 0.00040508775 0.11107239)
(0.010308929 0.0004500975 0.11107239)
(0.011339822 0.00049510725 0.11107239)
(0.012370714 0.000540117 0.11107239)
(0.013401607 0.00058512675 0.11107239)
(0.0144325 0.0006301365 0.11107239)
(0.015463393 0.00067514625 0.11107239)
(0.016494286 0.000720156 0.11107239)
(0.017525179 0.00076516575 0.11107239)
(0.018556072 0.0008101755 0.11107239)
(0.019586965 0.00085518525 0.11107239)
(0.020617857 0.000900195 0.11107239)
(0.02164875 0.00094520475 0.11107239)
(0.022679643 0.0009902145 0.11107239)
(0.023710536 0.0010352243 0.11107239)
(0.024741429 0.001080234 0.11107239)
(0.025772322 0.0011252437 0.11107239)
(0.026803215 0.0011702535 0.11107239)
(0.027834108 0.0012152632 0.11107239)
(0.028865001 0.001260273 0.11107239)
(0.029895893 0.0013052828 0.11107239)
(0.030926786 0.0013502925 0.11107239)
(0.031957679 0.0013953023 0.11107239)
(0.032988572 0.001440312 0.11107239)
(0.034019465 0.0014853217 0.11107239)
(0.035050358 0.0015303315 0.11107239)
(0.036081251 0.0015753412 0.11107239)
(0.037112143 0.001620351 0.11107239)
(0.038143036 0.0016653608 0.11107239)
(0.039173929 0.0017103705 0.11107239)
(0.040204822 0.0017553803 0.11107239)
(0.041235715 0.00180039 0.11107239)
(0 0 0.11125547)
(0.0010308929 -4.500975e-05 0.11125547)
(0.0020617858 -9.00195e-05 0.11125547)
(0.0030926786 -0.00013502925 0.11125547)
(0.0041235715 -0.000180039 0.11125547)
(0.0051544644 -0.00022504875 0.11125547)
(0.0061853572 -0.0002700585 0.11125547)
(0.0072162501 -0.00031506825 0.11125547)
(0.008247143 -0.000360078 0.11125547)
(0.0092780359 -0.00040508775 0.11125547)
(0.010308929 -0.0004500975 0.11125547)
(0.011339822 -0.00049510725 0.11125547)
(0.012370714 -0.000540117 0.11125547)
(0.013401607 -0.00058512675 0.11125547)
(0.0144325 -0.0006301365 0.11125547)
(0.015463393 -0.00067514625 0.11125547)
(0.016494286 -0.000720156 0.11125547)
(0.017525179 -0.00076516575 0.11125547)
(0.018556072 -0.0008101755 0.11125547)
(0.019586965 -0.00085518525 0.11125547)
(0.020617857 -0.000900195 0.11125547)
(0.02164875 -0.00094520475 0.11125547)
(0.022679643 -0.0009902145 0.11125547)
(0.023710536 -0.0010352243 0.11125547)
(0.024741429 -0.001080234 0.11125547)
(0.025772322 -0.0011252437 0.11125547)
(0.026803215 -0.0011702535 0.11125547)
(0.027834108 -0.0012152632 0.11125547)
(0.028865001 -0.001260273 0.11125547)
(0.029895893 -0.0013052828 0.11125547)
(0.030926786 -0.0013502925 0.11125547)
(0.031957679 -0.0013953023 0.11125547)
(0.032988572 -0.001440312 0.11125547)
(0.034019465 -0.0014853217 0.11125547)
(0.035050358 -0.0015303315 0.11125547)
(0.036081251 -0.0015753412 0.11125547)
(0.037112143 -0.001620351 0.11125547)
(0.038143036 -0.0016653608 0.11125547)
(0.039173929 -0.0017103705 0.11125547)
(0.040204822 -0.0017553803 0.11125547)
(0.041235715 -0.00180039 0.11125547)
(0.0010308929 4.500975e-05 0.11125547)
(0.0020617858 9.00195e-05 0.11125547)
(0.0030926786 0.00013502925 0.11125547)
(0.0041235715 0.000180039 0.11125547)
(0.0051544644 0.00022504875 0.11125547)
(0.0061853572 0.0002700585 0.11125547)
(0.0072162501 0.00031506825 0.11125547)
(0.008247143 0.000360078 0.11125547)
(0.0092780359 0.00040508775 0.11125547)
(0.010308929 0.0004500975 0.11125547)
(0.011339822 0.00049510725 0.11125547)
(0.012370714 0.000540117 0.11125547)
(0.013401607 0.00058512675 0.11125547)
(0.0144325 0.0006301365 0.11125547)
(0.015463393 0.00067514625 0.11125547)
(0.016494286 0.000720156 0.11125547)
(0.017525179 0.00076516575 0.11125547)
(0.018556072 0.0008101755 0.11125547)
(0.019586965 0.00085518525 0.11125547)
(0.020617857 0.000900195 0.11125547)
(0.02164875 0.00094520475 0.11125547)
(0.022679643 0.0009902145 0.11125547)
(0.023710536 0.0010352243 0.11125547)
(0.024741429 0.001080234 0.11125547)
(0.025772322 0.0011252437 0.11125547)
(0.026803215 0.0011702535 0.11125547)
(0.027834108 0.0012152632 0.11125547)
(0.028865001 0.001260273 0.11125547)
(0.029895893 0.0013052828 0.11125547)
(0.030926786 0.0013502925 0.11125547)
(0.031957679 0.0013953023 0.11125547)
(0.032988572 0.001440312 0.11125547)
(0.034019465 0.0014853217 0.11125547)
(0.035050358 0.0015303315 0.11125547)
(0.036081251 0.0015753412 0.11125547)
(0.037112143 0.001620351 0.11125547)
(0.038143036 0.0016653608 0.11125547)
(0.039173929 0.0017103705 0.11125547)
(0.040204822 0.0017553803 0.11125547)
(0.041235715 0.00180039 0.11125547)
(0 0 0.11143854)
(0.0010308929 -4.500975e-05 0.11143854)
(0.0020617858 -9.00195e-05 0.11143854)
(0.0030926786 -0.00013502925 0.11143854)
(0.0041235715 -0.000180039 0.11143854)
(0.0051544644 -0.00022504875 0.11143854)
(0.0061853572 -0.0002700585 0.11143854)
(0.0072162501 -0.00031506825 0.11143854)
(0.008247143 -0.000360078 0.11143854)
(0.0092780359 -0.00040508775 0.11143854)
(0.010308929 -0.0004500975 0.11143854)
(0.011339822 -0.00049510725 0.11143854)
(0.012370714 -0.000540117 0.11143854)
(0.013401607 -0.00058512675 0.11143854)
(0.0144325 -0.0006301365 0.11143854)
(0.015463393 -0.00067514625 0.11143854)
(0.016494286 -0.000720156 0.11143854)
(0.017525179 -0.00076516575 0.11143854)
(0.018556072 -0.0008101755 0.11143854)
(0.019586965 -0.00085518525 0.11143854)
(0.020617857 -0.000900195 0.11143854)
(0.02164875 -0.00094520475 0.11143854)
(0.022679643 -0.0009902145 0.11143854)
(0.023710536 -0.0010352243 0.11143854)
(0.024741429 -0.001080234 0.11143854)
(0.025772322 -0.0011252437 0.11143854)
(0.026803215 -0.0011702535 0.11143854)
(0.027834108 -0.0012152632 0.11143854)
(0.028865001 -0.001260273 0.11143854)
(0.029895893 -0.0013052828 0.11143854)
(0.030926786 -0.0013502925 0.11143854)
(0.031957679 -0.0013953023 0.11143854)
(0.032988572 -0.001440312 0.11143854)
(0.034019465 -0.0014853217 0.11143854)
(0.035050358 -0.0015303315 0.11143854)
(0.036081251 -0.0015753412 0.11143854)
(0.037112143 -0.001620351 0.11143854)
(0.038143036 -0.0016653608 0.11143854)
(0.039173929 -0.0017103705 0.11143854)
(0.040204822 -0.0017553803 0.11143854)
(0.041235715 -0.00180039 0.11143854)
(0.0010308929 4.500975e-05 0.11143854)
(0.0020617858 9.00195e-05 0.11143854)
(0.0030926786 0.00013502925 0.11143854)
(0.0041235715 0.000180039 0.11143854)
(0.0051544644 0.00022504875 0.11143854)
(0.0061853572 0.0002700585 0.11143854)
(0.0072162501 0.00031506825 0.11143854)
(0.008247143 0.000360078 0.11143854)
(0.0092780359 0.00040508775 0.11143854)
(0.010308929 0.0004500975 0.11143854)
(0.011339822 0.00049510725 0.11143854)
(0.012370714 0.000540117 0.11143854)
(0.013401607 0.00058512675 0.11143854)
(0.0144325 0.0006301365 0.11143854)
(0.015463393 0.00067514625 0.11143854)
(0.016494286 0.000720156 0.11143854)
(0.017525179 0.00076516575 0.11143854)
(0.018556072 0.0008101755 0.11143854)
(0.019586965 0.00085518525 0.11143854)
(0.020617857 0.000900195 0.11143854)
(0.02164875 0.00094520475 0.11143854)
(0.022679643 0.0009902145 0.11143854)
(0.023710536 0.0010352243 0.11143854)
(0.024741429 0.001080234 0.11143854)
(0.025772322 0.0011252437 0.11143854)
(0.026803215 0.0011702535 0.11143854)
(0.027834108 0.0012152632 0.11143854)
(0.028865001 0.001260273 0.11143854)
(0.029895893 0.0013052828 0.11143854)
(0.030926786 0.0013502925 0.11143854)
(0.031957679 0.0013953023 0.11143854)
(0.032988572 0.001440312 0.11143854)
(0.034019465 0.0014853217 0.11143854)
(0.035050358 0.0015303315 0.11143854)
(0.036081251 0.0015753412 0.11143854)
(0.037112143 0.001620351 0.11143854)
(0.038143036 0.0016653608 0.11143854)
(0.039173929 0.0017103705 0.11143854)
(0.040204822 0.0017553803 0.11143854)
(0.041235715 0.00180039 0.11143854)
(0 0 0.11162163)
(0.0010308929 -4.500975e-05 0.11162163)
(0.0020617858 -9.00195e-05 0.11162163)
(0.0030926786 -0.00013502925 0.11162163)
(0.0041235715 -0.000180039 0.11162163)
(0.0051544644 -0.00022504875 0.11162163)
(0.0061853572 -0.0002700585 0.11162163)
(0.0072162501 -0.00031506825 0.11162163)
(0.008247143 -0.000360078 0.11162163)
(0.0092780359 -0.00040508775 0.11162163)
(0.010308929 -0.0004500975 0.11162163)
(0.011339822 -0.00049510725 0.11162163)
(0.012370714 -0.000540117 0.11162163)
(0.013401607 -0.00058512675 0.11162163)
(0.0144325 -0.0006301365 0.11162163)
(0.015463393 -0.00067514625 0.11162163)
(0.016494286 -0.000720156 0.11162163)
(0.017525179 -0.00076516575 0.11162163)
(0.018556072 -0.0008101755 0.11162163)
(0.019586965 -0.00085518525 0.11162163)
(0.020617857 -0.000900195 0.11162163)
(0.02164875 -0.00094520475 0.11162163)
(0.022679643 -0.0009902145 0.11162163)
(0.023710536 -0.0010352243 0.11162163)
(0.024741429 -0.001080234 0.11162163)
(0.025772322 -0.0011252437 0.11162163)
(0.026803215 -0.0011702535 0.11162163)
(0.027834108 -0.0012152632 0.11162163)
(0.028865001 -0.001260273 0.11162163)
(0.029895893 -0.0013052828 0.11162163)
(0.030926786 -0.0013502925 0.11162163)
(0.031957679 -0.0013953023 0.11162163)
(0.032988572 -0.001440312 0.11162163)
(0.034019465 -0.0014853217 0.11162163)
(0.035050358 -0.0015303315 0.11162163)
(0.036081251 -0.0015753412 0.11162163)
(0.037112143 -0.001620351 0.11162163)
(0.038143036 -0.0016653608 0.11162163)
(0.039173929 -0.0017103705 0.11162163)
(0.040204822 -0.0017553803 0.11162163)
(0.041235715 -0.00180039 0.11162163)
(0.0010308929 4.500975e-05 0.11162163)
(0.0020617858 9.00195e-05 0.11162163)
(0.0030926786 0.00013502925 0.11162163)
(0.0041235715 0.000180039 0.11162163)
(0.0051544644 0.00022504875 0.11162163)
(0.0061853572 0.0002700585 0.11162163)
(0.0072162501 0.00031506825 0.11162163)
(0.008247143 0.000360078 0.11162163)
(0.0092780359 0.00040508775 0.11162163)
(0.010308929 0.0004500975 0.11162163)
(0.011339822 0.00049510725 0.11162163)
(0.012370714 0.000540117 0.11162163)
(0.013401607 0.00058512675 0.11162163)
(0.0144325 0.0006301365 0.11162163)
(0.015463393 0.00067514625 0.11162163)
(0.016494286 0.000720156 0.11162163)
(0.017525179 0.00076516575 0.11162163)
(0.018556072 0.0008101755 0.11162163)
(0.019586965 0.00085518525 0.11162163)
(0.020617857 0.000900195 0.11162163)
(0.02164875 0.00094520475 0.11162163)
(0.022679643 0.0009902145 0.11162163)
(0.023710536 0.0010352243 0.11162163)
(0.024741429 0.001080234 0.11162163)
(0.025772322 0.0011252437 0.11162163)
(0.026803215 0.0011702535 0.11162163)
(0.027834108 0.0012152632 0.11162163)
(0.028865001 0.001260273 0.11162163)
(0.029895893 0.0013052828 0.11162163)
(0.030926786 0.0013502925 0.11162163)
(0.031957679 0.0013953023 0.11162163)
(0.032988572 0.001440312 0.11162163)
(0.034019465 0.0014853217 0.11162163)
(0.035050358 0.0015303315 0.11162163)
(0.036081251 0.0015753412 0.11162163)
(0.037112143 0.001620351 0.11162163)
(0.038143036 0.0016653608 0.11162163)
(0.039173929 0.0017103705 0.11162163)
(0.040204822 0.0017553803 0.11162163)
(0.041235715 0.00180039 0.11162163)
(0 0 0.1118047)
(0.0010308929 -4.500975e-05 0.1118047)
(0.0020617858 -9.00195e-05 0.1118047)
(0.0030926786 -0.00013502925 0.1118047)
(0.0041235715 -0.000180039 0.1118047)
(0.0051544644 -0.00022504875 0.1118047)
(0.0061853572 -0.0002700585 0.1118047)
(0.0072162501 -0.00031506825 0.1118047)
(0.008247143 -0.000360078 0.1118047)
(0.0092780359 -0.00040508775 0.1118047)
(0.010308929 -0.0004500975 0.1118047)
(0.011339822 -0.00049510725 0.1118047)
(0.012370714 -0.000540117 0.1118047)
(0.013401607 -0.00058512675 0.1118047)
(0.0144325 -0.0006301365 0.1118047)
(0.015463393 -0.00067514625 0.1118047)
(0.016494286 -0.000720156 0.1118047)
(0.017525179 -0.00076516575 0.1118047)
(0.018556072 -0.0008101755 0.1118047)
(0.019586965 -0.00085518525 0.1118047)
(0.020617857 -0.000900195 0.1118047)
(0.02164875 -0.00094520475 0.1118047)
(0.022679643 -0.0009902145 0.1118047)
(0.023710536 -0.0010352243 0.1118047)
(0.024741429 -0.001080234 0.1118047)
(0.025772322 -0.0011252437 0.1118047)
(0.026803215 -0.0011702535 0.1118047)
(0.027834108 -0.0012152632 0.1118047)
(0.028865001 -0.001260273 0.1118047)
(0.029895893 -0.0013052828 0.1118047)
(0.030926786 -0.0013502925 0.1118047)
(0.031957679 -0.0013953023 0.1118047)
(0.032988572 -0.001440312 0.1118047)
(0.034019465 -0.0014853217 0.1118047)
(0.035050358 -0.0015303315 0.1118047)
(0.036081251 -0.0015753412 0.1118047)
(0.037112143 -0.001620351 0.1118047)
(0.038143036 -0.0016653608 0.1118047)
(0.039173929 -0.0017103705 0.1118047)
(0.040204822 -0.0017553803 0.1118047)
(0.041235715 -0.00180039 0.1118047)
(0.0010308929 4.500975e-05 0.1118047)
(0.0020617858 9.00195e-05 0.1118047)
(0.0030926786 0.00013502925 0.1118047)
(0.0041235715 0.000180039 0.1118047)
(0.0051544644 0.00022504875 0.1118047)
(0.0061853572 0.0002700585 0.1118047)
(0.0072162501 0.00031506825 0.1118047)
(0.008247143 0.000360078 0.1118047)
(0.0092780359 0.00040508775 0.1118047)
(0.010308929 0.0004500975 0.1118047)
(0.011339822 0.00049510725 0.1118047)
(0.012370714 0.000540117 0.1118047)
(0.013401607 0.00058512675 0.1118047)
(0.0144325 0.0006301365 0.1118047)
(0.015463393 0.00067514625 0.1118047)
(0.016494286 0.000720156 0.1118047)
(0.017525179 0.00076516575 0.1118047)
(0.018556072 0.0008101755 0.1118047)
(0.019586965 0.00085518525 0.1118047)
(0.020617857 0.000900195 0.1118047)
(0.02164875 0.00094520475 0.1118047)
(0.022679643 0.0009902145 0.1118047)
(0.023710536 0.0010352243 0.1118047)
(0.024741429 0.001080234 0.1118047)
(0.025772322 0.0011252437 0.1118047)
(0.026803215 0.0011702535 0.1118047)
(0.027834108 0.0012152632 0.1118047)
(0.028865001 0.001260273 0.1118047)
(0.029895893 0.0013052828 0.1118047)
(0.030926786 0.0013502925 0.1118047)
(0.031957679 0.0013953023 0.1118047)
(0.032988572 0.001440312 0.1118047)
(0.034019465 0.0014853217 0.1118047)
(0.035050358 0.0015303315 0.1118047)
(0.036081251 0.0015753412 0.1118047)
(0.037112143 0.001620351 0.1118047)
(0.038143036 0.0016653608 0.1118047)
(0.039173929 0.0017103705 0.1118047)
(0.040204822 0.0017553803 0.1118047)
(0.041235715 0.00180039 0.1118047)
(0 0 0.11198778)
(0.0010308929 -4.500975e-05 0.11198778)
(0.0020617858 -9.00195e-05 0.11198778)
(0.0030926786 -0.00013502925 0.11198778)
(0.0041235715 -0.000180039 0.11198778)
(0.0051544644 -0.00022504875 0.11198778)
(0.0061853572 -0.0002700585 0.11198778)
(0.0072162501 -0.00031506825 0.11198778)
(0.008247143 -0.000360078 0.11198778)
(0.0092780359 -0.00040508775 0.11198778)
(0.010308929 -0.0004500975 0.11198778)
(0.011339822 -0.00049510725 0.11198778)
(0.012370714 -0.000540117 0.11198778)
(0.013401607 -0.00058512675 0.11198778)
(0.0144325 -0.0006301365 0.11198778)
(0.015463393 -0.00067514625 0.11198778)
(0.016494286 -0.000720156 0.11198778)
(0.017525179 -0.00076516575 0.11198778)
(0.018556072 -0.0008101755 0.11198778)
(0.019586965 -0.00085518525 0.11198778)
(0.020617857 -0.000900195 0.11198778)
(0.02164875 -0.00094520475 0.11198778)
(0.022679643 -0.0009902145 0.11198778)
(0.023710536 -0.0010352243 0.11198778)
(0.024741429 -0.001080234 0.11198778)
(0.025772322 -0.0011252437 0.11198778)
(0.026803215 -0.0011702535 0.11198778)
(0.027834108 -0.0012152632 0.11198778)
(0.028865001 -0.001260273 0.11198778)
(0.029895893 -0.0013052828 0.11198778)
(0.030926786 -0.0013502925 0.11198778)
(0.031957679 -0.0013953023 0.11198778)
(0.032988572 -0.001440312 0.11198778)
(0.034019465 -0.0014853217 0.11198778)
(0.035050358 -0.0015303315 0.11198778)
(0.036081251 -0.0015753412 0.11198778)
(0.037112143 -0.001620351 0.11198778)
(0.038143036 -0.0016653608 0.11198778)
(0.039173929 -0.0017103705 0.11198778)
(0.040204822 -0.0017553803 0.11198778)
(0.041235715 -0.00180039 0.11198778)
(0.0010308929 4.500975e-05 0.11198778)
(0.0020617858 9.00195e-05 0.11198778)
(0.0030926786 0.00013502925 0.11198778)
(0.0041235715 0.000180039 0.11198778)
(0.0051544644 0.00022504875 0.11198778)
(0.0061853572 0.0002700585 0.11198778)
(0.0072162501 0.00031506825 0.11198778)
(0.008247143 0.000360078 0.11198778)
(0.0092780359 0.00040508775 0.11198778)
(0.010308929 0.0004500975 0.11198778)
(0.011339822 0.00049510725 0.11198778)
(0.012370714 0.000540117 0.11198778)
(0.013401607 0.00058512675 0.11198778)
(0.0144325 0.0006301365 0.11198778)
(0.015463393 0.00067514625 0.11198778)
(0.016494286 0.000720156 0.11198778)
(0.017525179 0.00076516575 0.11198778)
(0.018556072 0.0008101755 0.11198778)
(0.019586965 0.00085518525 0.11198778)
(0.020617857 0.000900195 0.11198778)
(0.02164875 0.00094520475 0.11198778)
(0.022679643 0.0009902145 0.11198778)
(0.023710536 0.0010352243 0.11198778)
(0.024741429 0.001080234 0.11198778)
(0.025772322 0.0011252437 0.11198778)
(0.026803215 0.0011702535 0.11198778)
(0.027834108 0.0012152632 0.11198778)
(0.028865001 0.001260273 0.11198778)
(0.029895893 0.0013052828 0.11198778)
(0.030926786 0.0013502925 0.11198778)
(0.031957679 0.0013953023 0.11198778)
(0.032988572 0.001440312 0.11198778)
(0.034019465 0.0014853217 0.11198778)
(0.035050358 0.0015303315 0.11198778)
(0.036081251 0.0015753412 0.11198778)
(0.037112143 0.001620351 0.11198778)
(0.038143036 0.0016653608 0.11198778)
(0.039173929 0.0017103705 0.11198778)
(0.040204822 0.0017553803 0.11198778)
(0.041235715 0.00180039 0.11198778)
(0 0 0.11217085)
(0.0010308929 -4.500975e-05 0.11217085)
(0.0020617858 -9.00195e-05 0.11217085)
(0.0030926786 -0.00013502925 0.11217085)
(0.0041235715 -0.000180039 0.11217085)
(0.0051544644 -0.00022504875 0.11217085)
(0.0061853572 -0.0002700585 0.11217085)
(0.0072162501 -0.00031506825 0.11217085)
(0.008247143 -0.000360078 0.11217085)
(0.0092780359 -0.00040508775 0.11217085)
(0.010308929 -0.0004500975 0.11217085)
(0.011339822 -0.00049510725 0.11217085)
(0.012370714 -0.000540117 0.11217085)
(0.013401607 -0.00058512675 0.11217085)
(0.0144325 -0.0006301365 0.11217085)
(0.015463393 -0.00067514625 0.11217085)
(0.016494286 -0.000720156 0.11217085)
(0.017525179 -0.00076516575 0.11217085)
(0.018556072 -0.0008101755 0.11217085)
(0.019586965 -0.00085518525 0.11217085)
(0.020617857 -0.000900195 0.11217085)
(0.02164875 -0.00094520475 0.11217085)
(0.022679643 -0.0009902145 0.11217085)
(0.023710536 -0.0010352243 0.11217085)
(0.024741429 -0.001080234 0.11217085)
(0.025772322 -0.0011252437 0.11217085)
(0.026803215 -0.0011702535 0.11217085)
(0.027834108 -0.0012152632 0.11217085)
(0.028865001 -0.001260273 0.11217085)
(0.029895893 -0.0013052828 0.11217085)
(0.030926786 -0.0013502925 0.11217085)
(0.031957679 -0.0013953023 0.11217085)
(0.032988572 -0.001440312 0.11217085)
(0.034019465 -0.0014853217 0.11217085)
(0.035050358 -0.0015303315 0.11217085)
(0.036081251 -0.0015753412 0.11217085)
(0.037112143 -0.001620351 0.11217085)
(0.038143036 -0.0016653608 0.11217085)
(0.039173929 -0.0017103705 0.11217085)
(0.040204822 -0.0017553803 0.11217085)
(0.041235715 -0.00180039 0.11217085)
(0.0010308929 4.500975e-05 0.11217085)
(0.0020617858 9.00195e-05 0.11217085)
(0.0030926786 0.00013502925 0.11217085)
(0.0041235715 0.000180039 0.11217085)
(0.0051544644 0.00022504875 0.11217085)
(0.0061853572 0.0002700585 0.11217085)
(0.0072162501 0.00031506825 0.11217085)
(0.008247143 0.000360078 0.11217085)
(0.0092780359 0.00040508775 0.11217085)
(0.010308929 0.0004500975 0.11217085)
(0.011339822 0.00049510725 0.11217085)
(0.012370714 0.000540117 0.11217085)
(0.013401607 0.00058512675 0.11217085)
(0.0144325 0.0006301365 0.11217085)
(0.015463393 0.00067514625 0.11217085)
(0.016494286 0.000720156 0.11217085)
(0.017525179 0.00076516575 0.11217085)
(0.018556072 0.0008101755 0.11217085)
(0.019586965 0.00085518525 0.11217085)
(0.020617857 0.000900195 0.11217085)
(0.02164875 0.00094520475 0.11217085)
(0.022679643 0.0009902145 0.11217085)
(0.023710536 0.0010352243 0.11217085)
(0.024741429 0.001080234 0.11217085)
(0.025772322 0.0011252437 0.11217085)
(0.026803215 0.0011702535 0.11217085)
(0.027834108 0.0012152632 0.11217085)
(0.028865001 0.001260273 0.11217085)
(0.029895893 0.0013052828 0.11217085)
(0.030926786 0.0013502925 0.11217085)
(0.031957679 0.0013953023 0.11217085)
(0.032988572 0.001440312 0.11217085)
(0.034019465 0.0014853217 0.11217085)
(0.035050358 0.0015303315 0.11217085)
(0.036081251 0.0015753412 0.11217085)
(0.037112143 0.001620351 0.11217085)
(0.038143036 0.0016653608 0.11217085)
(0.039173929 0.0017103705 0.11217085)
(0.040204822 0.0017553803 0.11217085)
(0.041235715 0.00180039 0.11217085)
(0 0 0.11235392)
(0.0010308929 -4.500975e-05 0.11235392)
(0.0020617858 -9.00195e-05 0.11235392)
(0.0030926786 -0.00013502925 0.11235392)
(0.0041235715 -0.000180039 0.11235392)
(0.0051544644 -0.00022504875 0.11235392)
(0.0061853572 -0.0002700585 0.11235392)
(0.0072162501 -0.00031506825 0.11235392)
(0.008247143 -0.000360078 0.11235392)
(0.0092780359 -0.00040508775 0.11235392)
(0.010308929 -0.0004500975 0.11235392)
(0.011339822 -0.00049510725 0.11235392)
(0.012370714 -0.000540117 0.11235392)
(0.013401607 -0.00058512675 0.11235392)
(0.0144325 -0.0006301365 0.11235392)
(0.015463393 -0.00067514625 0.11235392)
(0.016494286 -0.000720156 0.11235392)
(0.017525179 -0.00076516575 0.11235392)
(0.018556072 -0.0008101755 0.11235392)
(0.019586965 -0.00085518525 0.11235392)
(0.020617857 -0.000900195 0.11235392)
(0.02164875 -0.00094520475 0.11235392)
(0.022679643 -0.0009902145 0.11235392)
(0.023710536 -0.0010352243 0.11235392)
(0.024741429 -0.001080234 0.11235392)
(0.025772322 -0.0011252437 0.11235392)
(0.026803215 -0.0011702535 0.11235392)
(0.027834108 -0.0012152632 0.11235392)
(0.028865001 -0.001260273 0.11235392)
(0.029895893 -0.0013052828 0.11235392)
(0.030926786 -0.0013502925 0.11235392)
(0.031957679 -0.0013953023 0.11235392)
(0.032988572 -0.001440312 0.11235392)
(0.034019465 -0.0014853217 0.11235392)
(0.035050358 -0.0015303315 0.11235392)
(0.036081251 -0.0015753412 0.11235392)
(0.037112143 -0.001620351 0.11235392)
(0.038143036 -0.0016653608 0.11235392)
(0.039173929 -0.0017103705 0.11235392)
(0.040204822 -0.0017553803 0.11235392)
(0.041235715 -0.00180039 0.11235392)
(0.0010308929 4.500975e-05 0.11235392)
(0.0020617858 9.00195e-05 0.11235392)
(0.0030926786 0.00013502925 0.11235392)
(0.0041235715 0.000180039 0.11235392)
(0.0051544644 0.00022504875 0.11235392)
(0.0061853572 0.0002700585 0.11235392)
(0.0072162501 0.00031506825 0.11235392)
(0.008247143 0.000360078 0.11235392)
(0.0092780359 0.00040508775 0.11235392)
(0.010308929 0.0004500975 0.11235392)
(0.011339822 0.00049510725 0.11235392)
(0.012370714 0.000540117 0.11235392)
(0.013401607 0.00058512675 0.11235392)
(0.0144325 0.0006301365 0.11235392)
(0.015463393 0.00067514625 0.11235392)
(0.016494286 0.000720156 0.11235392)
(0.017525179 0.00076516575 0.11235392)
(0.018556072 0.0008101755 0.11235392)
(0.019586965 0.00085518525 0.11235392)
(0.020617857 0.000900195 0.11235392)
(0.02164875 0.00094520475 0.11235392)
(0.022679643 0.0009902145 0.11235392)
(0.023710536 0.0010352243 0.11235392)
(0.024741429 0.001080234 0.11235392)
(0.025772322 0.0011252437 0.11235392)
(0.026803215 0.0011702535 0.11235392)
(0.027834108 0.0012152632 0.11235392)
(0.028865001 0.001260273 0.11235392)
(0.029895893 0.0013052828 0.11235392)
(0.030926786 0.0013502925 0.11235392)
(0.031957679 0.0013953023 0.11235392)
(0.032988572 0.001440312 0.11235392)
(0.034019465 0.0014853217 0.11235392)
(0.035050358 0.0015303315 0.11235392)
(0.036081251 0.0015753412 0.11235392)
(0.037112143 0.001620351 0.11235392)
(0.038143036 0.0016653608 0.11235392)
(0.039173929 0.0017103705 0.11235392)
(0.040204822 0.0017553803 0.11235392)
(0.041235715 0.00180039 0.11235392)
(0 0 0.112537)
(0.0010308929 -4.500975e-05 0.112537)
(0.0020617858 -9.00195e-05 0.112537)
(0.0030926786 -0.00013502925 0.112537)
(0.0041235715 -0.000180039 0.112537)
(0.0051544644 -0.00022504875 0.112537)
(0.0061853572 -0.0002700585 0.112537)
(0.0072162501 -0.00031506825 0.112537)
(0.008247143 -0.000360078 0.112537)
(0.0092780359 -0.00040508775 0.112537)
(0.010308929 -0.0004500975 0.112537)
(0.011339822 -0.00049510725 0.112537)
(0.012370714 -0.000540117 0.112537)
(0.013401607 -0.00058512675 0.112537)
(0.0144325 -0.0006301365 0.112537)
(0.015463393 -0.00067514625 0.112537)
(0.016494286 -0.000720156 0.112537)
(0.017525179 -0.00076516575 0.112537)
(0.018556072 -0.0008101755 0.112537)
(0.019586965 -0.00085518525 0.112537)
(0.020617857 -0.000900195 0.112537)
(0.02164875 -0.00094520475 0.112537)
(0.022679643 -0.0009902145 0.112537)
(0.023710536 -0.0010352243 0.112537)
(0.024741429 -0.001080234 0.112537)
(0.025772322 -0.0011252437 0.112537)
(0.026803215 -0.0011702535 0.112537)
(0.027834108 -0.0012152632 0.112537)
(0.028865001 -0.001260273 0.112537)
(0.029895893 -0.0013052828 0.112537)
(0.030926786 -0.0013502925 0.112537)
(0.031957679 -0.0013953023 0.112537)
(0.032988572 -0.001440312 0.112537)
(0.034019465 -0.0014853217 0.112537)
(0.035050358 -0.0015303315 0.112537)
(0.036081251 -0.0015753412 0.112537)
(0.037112143 -0.001620351 0.112537)
(0.038143036 -0.0016653608 0.112537)
(0.039173929 -0.0017103705 0.112537)
(0.040204822 -0.0017553803 0.112537)
(0.041235715 -0.00180039 0.112537)
(0.0010308929 4.500975e-05 0.112537)
(0.0020617858 9.00195e-05 0.112537)
(0.0030926786 0.00013502925 0.112537)
(0.0041235715 0.000180039 0.112537)
(0.0051544644 0.00022504875 0.112537)
(0.0061853572 0.0002700585 0.112537)
(0.0072162501 0.00031506825 0.112537)
(0.008247143 0.000360078 0.112537)
(0.0092780359 0.00040508775 0.112537)
(0.010308929 0.0004500975 0.112537)
(0.011339822 0.00049510725 0.112537)
(0.012370714 0.000540117 0.112537)
(0.013401607 0.00058512675 0.112537)
(0.0144325 0.0006301365 0.112537)
(0.015463393 0.00067514625 0.112537)
(0.016494286 0.000720156 0.112537)
(0.017525179 0.00076516575 0.112537)
(0.018556072 0.0008101755 0.112537)
(0.019586965 0.00085518525 0.112537)
(0.020617857 0.000900195 0.112537)
(0.02164875 0.00094520475 0.112537)
(0.022679643 0.0009902145 0.112537)
(0.023710536 0.0010352243 0.112537)
(0.024741429 0.001080234 0.112537)
(0.025772322 0.0011252437 0.112537)
(0.026803215 0.0011702535 0.112537)
(0.027834108 0.0012152632 0.112537)
(0.028865001 0.001260273 0.112537)
(0.029895893 0.0013052828 0.112537)
(0.030926786 0.0013502925 0.112537)
(0.031957679 0.0013953023 0.112537)
(0.032988572 0.001440312 0.112537)
(0.034019465 0.0014853217 0.112537)
(0.035050358 0.0015303315 0.112537)
(0.036081251 0.0015753412 0.112537)
(0.037112143 0.001620351 0.112537)
(0.038143036 0.0016653608 0.112537)
(0.039173929 0.0017103705 0.112537)
(0.040204822 0.0017553803 0.112537)
(0.041235715 0.00180039 0.112537)
(0 0 0.11272007)
(0.0010308929 -4.500975e-05 0.11272007)
(0.0020617858 -9.00195e-05 0.11272007)
(0.0030926786 -0.00013502925 0.11272007)
(0.0041235715 -0.000180039 0.11272007)
(0.0051544644 -0.00022504875 0.11272007)
(0.0061853572 -0.0002700585 0.11272007)
(0.0072162501 -0.00031506825 0.11272007)
(0.008247143 -0.000360078 0.11272007)
(0.0092780359 -0.00040508775 0.11272007)
(0.010308929 -0.0004500975 0.11272007)
(0.011339822 -0.00049510725 0.11272007)
(0.012370714 -0.000540117 0.11272007)
(0.013401607 -0.00058512675 0.11272007)
(0.0144325 -0.0006301365 0.11272007)
(0.015463393 -0.00067514625 0.11272007)
(0.016494286 -0.000720156 0.11272007)
(0.017525179 -0.00076516575 0.11272007)
(0.018556072 -0.0008101755 0.11272007)
(0.019586965 -0.00085518525 0.11272007)
(0.020617857 -0.000900195 0.11272007)
(0.02164875 -0.00094520475 0.11272007)
(0.022679643 -0.0009902145 0.11272007)
(0.023710536 -0.0010352243 0.11272007)
(0.024741429 -0.001080234 0.11272007)
(0.025772322 -0.0011252437 0.11272007)
(0.026803215 -0.0011702535 0.11272007)
(0.027834108 -0.0012152632 0.11272007)
(0.028865001 -0.001260273 0.11272007)
(0.029895893 -0.0013052828 0.11272007)
(0.030926786 -0.0013502925 0.11272007)
(0.031957679 -0.0013953023 0.11272007)
(0.032988572 -0.001440312 0.11272007)
(0.034019465 -0.0014853217 0.11272007)
(0.035050358 -0.0015303315 0.11272007)
(0.036081251 -0.0015753412 0.11272007)
(0.037112143 -0.001620351 0.11272007)
(0.038143036 -0.0016653608 0.11272007)
(0.039173929 -0.0017103705 0.11272007)
(0.040204822 -0.0017553803 0.11272007)
(0.041235715 -0.00180039 0.11272007)
(0.0010308929 4.500975e-05 0.11272007)
(0.0020617858 9.00195e-05 0.11272007)
(0.0030926786 0.00013502925 0.11272007)
(0.0041235715 0.000180039 0.11272007)
(0.0051544644 0.00022504875 0.11272007)
(0.0061853572 0.0002700585 0.11272007)
(0.0072162501 0.00031506825 0.11272007)
(0.008247143 0.000360078 0.11272007)
(0.0092780359 0.00040508775 0.11272007)
(0.010308929 0.0004500975 0.11272007)
(0.011339822 0.00049510725 0.11272007)
(0.012370714 0.000540117 0.11272007)
(0.013401607 0.00058512675 0.11272007)
(0.0144325 0.0006301365 0.11272007)
(0.015463393 0.00067514625 0.11272007)
(0.016494286 0.000720156 0.11272007)
(0.017525179 0.00076516575 0.11272007)
(0.018556072 0.0008101755 0.11272007)
(0.019586965 0.00085518525 0.11272007)
(0.020617857 0.000900195 0.11272007)
(0.02164875 0.00094520475 0.11272007)
(0.022679643 0.0009902145 0.11272007)
(0.023710536 0.0010352243 0.11272007)
(0.024741429 0.001080234 0.11272007)
(0.025772322 0.0011252437 0.11272007)
(0.026803215 0.0011702535 0.11272007)
(0.027834108 0.0012152632 0.11272007)
(0.028865001 0.001260273 0.11272007)
(0.029895893 0.0013052828 0.11272007)
(0.030926786 0.0013502925 0.11272007)
(0.031957679 0.0013953023 0.11272007)
(0.032988572 0.001440312 0.11272007)
(0.034019465 0.0014853217 0.11272007)
(0.035050358 0.0015303315 0.11272007)
(0.036081251 0.0015753412 0.11272007)
(0.037112143 0.001620351 0.11272007)
(0.038143036 0.0016653608 0.11272007)
(0.039173929 0.0017103705 0.11272007)
(0.040204822 0.0017553803 0.11272007)
(0.041235715 0.00180039 0.11272007)
(0 0 0.11290316)
(0.0010308929 -4.500975e-05 0.11290316)
(0.0020617858 -9.00195e-05 0.11290316)
(0.0030926786 -0.00013502925 0.11290316)
(0.0041235715 -0.000180039 0.11290316)
(0.0051544644 -0.00022504875 0.11290316)
(0.0061853572 -0.0002700585 0.11290316)
(0.0072162501 -0.00031506825 0.11290316)
(0.008247143 -0.000360078 0.11290316)
(0.0092780359 -0.00040508775 0.11290316)
(0.010308929 -0.0004500975 0.11290316)
(0.011339822 -0.00049510725 0.11290316)
(0.012370714 -0.000540117 0.11290316)
(0.013401607 -0.00058512675 0.11290316)
(0.0144325 -0.0006301365 0.11290316)
(0.015463393 -0.00067514625 0.11290316)
(0.016494286 -0.000720156 0.11290316)
(0.017525179 -0.00076516575 0.11290316)
(0.018556072 -0.0008101755 0.11290316)
(0.019586965 -0.00085518525 0.11290316)
(0.020617857 -0.000900195 0.11290316)
(0.02164875 -0.00094520475 0.11290316)
(0.022679643 -0.0009902145 0.11290316)
(0.023710536 -0.0010352243 0.11290316)
(0.024741429 -0.001080234 0.11290316)
(0.025772322 -0.0011252437 0.11290316)
(0.026803215 -0.0011702535 0.11290316)
(0.027834108 -0.0012152632 0.11290316)
(0.028865001 -0.001260273 0.11290316)
(0.029895893 -0.0013052828 0.11290316)
(0.030926786 -0.0013502925 0.11290316)
(0.031957679 -0.0013953023 0.11290316)
(0.032988572 -0.001440312 0.11290316)
(0.034019465 -0.0014853217 0.11290316)
(0.035050358 -0.0015303315 0.11290316)
(0.036081251 -0.0015753412 0.11290316)
(0.037112143 -0.001620351 0.11290316)
(0.038143036 -0.0016653608 0.11290316)
(0.039173929 -0.0017103705 0.11290316)
(0.040204822 -0.0017553803 0.11290316)
(0.041235715 -0.00180039 0.11290316)
(0.0010308929 4.500975e-05 0.11290316)
(0.0020617858 9.00195e-05 0.11290316)
(0.0030926786 0.00013502925 0.11290316)
(0.0041235715 0.000180039 0.11290316)
(0.0051544644 0.00022504875 0.11290316)
(0.0061853572 0.0002700585 0.11290316)
(0.0072162501 0.00031506825 0.11290316)
(0.008247143 0.000360078 0.11290316)
(0.0092780359 0.00040508775 0.11290316)
(0.010308929 0.0004500975 0.11290316)
(0.011339822 0.00049510725 0.11290316)
(0.012370714 0.000540117 0.11290316)
(0.013401607 0.00058512675 0.11290316)
(0.0144325 0.0006301365 0.11290316)
(0.015463393 0.00067514625 0.11290316)
(0.016494286 0.000720156 0.11290316)
(0.017525179 0.00076516575 0.11290316)
(0.018556072 0.0008101755 0.11290316)
(0.019586965 0.00085518525 0.11290316)
(0.020617857 0.000900195 0.11290316)
(0.02164875 0.00094520475 0.11290316)
(0.022679643 0.0009902145 0.11290316)
(0.023710536 0.0010352243 0.11290316)
(0.024741429 0.001080234 0.11290316)
(0.025772322 0.0011252437 0.11290316)
(0.026803215 0.0011702535 0.11290316)
(0.027834108 0.0012152632 0.11290316)
(0.028865001 0.001260273 0.11290316)
(0.029895893 0.0013052828 0.11290316)
(0.030926786 0.0013502925 0.11290316)
(0.031957679 0.0013953023 0.11290316)
(0.032988572 0.001440312 0.11290316)
(0.034019465 0.0014853217 0.11290316)
(0.035050358 0.0015303315 0.11290316)
(0.036081251 0.0015753412 0.11290316)
(0.037112143 0.001620351 0.11290316)
(0.038143036 0.0016653608 0.11290316)
(0.039173929 0.0017103705 0.11290316)
(0.040204822 0.0017553803 0.11290316)
(0.041235715 0.00180039 0.11290316)
(0 0 0.11308623)
(0.0010308929 -4.500975e-05 0.11308623)
(0.0020617858 -9.00195e-05 0.11308623)
(0.0030926786 -0.00013502925 0.11308623)
(0.0041235715 -0.000180039 0.11308623)
(0.0051544644 -0.00022504875 0.11308623)
(0.0061853572 -0.0002700585 0.11308623)
(0.0072162501 -0.00031506825 0.11308623)
(0.008247143 -0.000360078 0.11308623)
(0.0092780359 -0.00040508775 0.11308623)
(0.010308929 -0.0004500975 0.11308623)
(0.011339822 -0.00049510725 0.11308623)
(0.012370714 -0.000540117 0.11308623)
(0.013401607 -0.00058512675 0.11308623)
(0.0144325 -0.0006301365 0.11308623)
(0.015463393 -0.00067514625 0.11308623)
(0.016494286 -0.000720156 0.11308623)
(0.017525179 -0.00076516575 0.11308623)
(0.018556072 -0.0008101755 0.11308623)
(0.019586965 -0.00085518525 0.11308623)
(0.020617857 -0.000900195 0.11308623)
(0.02164875 -0.00094520475 0.11308623)
(0.022679643 -0.0009902145 0.11308623)
(0.023710536 -0.0010352243 0.11308623)
(0.024741429 -0.001080234 0.11308623)
(0.025772322 -0.0011252437 0.11308623)
(0.026803215 -0.0011702535 0.11308623)
(0.027834108 -0.0012152632 0.11308623)
(0.028865001 -0.001260273 0.11308623)
(0.029895893 -0.0013052828 0.11308623)
(0.030926786 -0.0013502925 0.11308623)
(0.031957679 -0.0013953023 0.11308623)
(0.032988572 -0.001440312 0.11308623)
(0.034019465 -0.0014853217 0.11308623)
(0.035050358 -0.0015303315 0.11308623)
(0.036081251 -0.0015753412 0.11308623)
(0.037112143 -0.001620351 0.11308623)
(0.038143036 -0.0016653608 0.11308623)
(0.039173929 -0.0017103705 0.11308623)
(0.040204822 -0.0017553803 0.11308623)
(0.041235715 -0.00180039 0.11308623)
(0.0010308929 4.500975e-05 0.11308623)
(0.0020617858 9.00195e-05 0.11308623)
(0.0030926786 0.00013502925 0.11308623)
(0.0041235715 0.000180039 0.11308623)
(0.0051544644 0.00022504875 0.11308623)
(0.0061853572 0.0002700585 0.11308623)
(0.0072162501 0.00031506825 0.11308623)
(0.008247143 0.000360078 0.11308623)
(0.0092780359 0.00040508775 0.11308623)
(0.010308929 0.0004500975 0.11308623)
(0.011339822 0.00049510725 0.11308623)
(0.012370714 0.000540117 0.11308623)
(0.013401607 0.00058512675 0.11308623)
(0.0144325 0.0006301365 0.11308623)
(0.015463393 0.00067514625 0.11308623)
(0.016494286 0.000720156 0.11308623)
(0.017525179 0.00076516575 0.11308623)
(0.018556072 0.0008101755 0.11308623)
(0.019586965 0.00085518525 0.11308623)
(0.020617857 0.000900195 0.11308623)
(0.02164875 0.00094520475 0.11308623)
(0.022679643 0.0009902145 0.11308623)
(0.023710536 0.0010352243 0.11308623)
(0.024741429 0.001080234 0.11308623)
(0.025772322 0.0011252437 0.11308623)
(0.026803215 0.0011702535 0.11308623)
(0.027834108 0.0012152632 0.11308623)
(0.028865001 0.001260273 0.11308623)
(0.029895893 0.0013052828 0.11308623)
(0.030926786 0.0013502925 0.11308623)
(0.031957679 0.0013953023 0.11308623)
(0.032988572 0.001440312 0.11308623)
(0.034019465 0.0014853217 0.11308623)
(0.035050358 0.0015303315 0.11308623)
(0.036081251 0.0015753412 0.11308623)
(0.037112143 0.001620351 0.11308623)
(0.038143036 0.0016653608 0.11308623)
(0.039173929 0.0017103705 0.11308623)
(0.040204822 0.0017553803 0.11308623)
(0.041235715 0.00180039 0.11308623)
(0 0 0.11326931)
(0.0010308929 -4.500975e-05 0.11326931)
(0.0020617858 -9.00195e-05 0.11326931)
(0.0030926786 -0.00013502925 0.11326931)
(0.0041235715 -0.000180039 0.11326931)
(0.0051544644 -0.00022504875 0.11326931)
(0.0061853572 -0.0002700585 0.11326931)
(0.0072162501 -0.00031506825 0.11326931)
(0.008247143 -0.000360078 0.11326931)
(0.0092780359 -0.00040508775 0.11326931)
(0.010308929 -0.0004500975 0.11326931)
(0.011339822 -0.00049510725 0.11326931)
(0.012370714 -0.000540117 0.11326931)
(0.013401607 -0.00058512675 0.11326931)
(0.0144325 -0.0006301365 0.11326931)
(0.015463393 -0.00067514625 0.11326931)
(0.016494286 -0.000720156 0.11326931)
(0.017525179 -0.00076516575 0.11326931)
(0.018556072 -0.0008101755 0.11326931)
(0.019586965 -0.00085518525 0.11326931)
(0.020617857 -0.000900195 0.11326931)
(0.02164875 -0.00094520475 0.11326931)
(0.022679643 -0.0009902145 0.11326931)
(0.023710536 -0.0010352243 0.11326931)
(0.024741429 -0.001080234 0.11326931)
(0.025772322 -0.0011252437 0.11326931)
(0.026803215 -0.0011702535 0.11326931)
(0.027834108 -0.0012152632 0.11326931)
(0.028865001 -0.001260273 0.11326931)
(0.029895893 -0.0013052828 0.11326931)
(0.030926786 -0.0013502925 0.11326931)
(0.031957679 -0.0013953023 0.11326931)
(0.032988572 -0.001440312 0.11326931)
(0.034019465 -0.0014853217 0.11326931)
(0.035050358 -0.0015303315 0.11326931)
(0.036081251 -0.0015753412 0.11326931)
(0.037112143 -0.001620351 0.11326931)
(0.038143036 -0.0016653608 0.11326931)
(0.039173929 -0.0017103705 0.11326931)
(0.040204822 -0.0017553803 0.11326931)
(0.041235715 -0.00180039 0.11326931)
(0.0010308929 4.500975e-05 0.11326931)
(0.0020617858 9.00195e-05 0.11326931)
(0.0030926786 0.00013502925 0.11326931)
(0.0041235715 0.000180039 0.11326931)
(0.0051544644 0.00022504875 0.11326931)
(0.0061853572 0.0002700585 0.11326931)
(0.0072162501 0.00031506825 0.11326931)
(0.008247143 0.000360078 0.11326931)
(0.0092780359 0.00040508775 0.11326931)
(0.010308929 0.0004500975 0.11326931)
(0.011339822 0.00049510725 0.11326931)
(0.012370714 0.000540117 0.11326931)
(0.013401607 0.00058512675 0.11326931)
(0.0144325 0.0006301365 0.11326931)
(0.015463393 0.00067514625 0.11326931)
(0.016494286 0.000720156 0.11326931)
(0.017525179 0.00076516575 0.11326931)
(0.018556072 0.0008101755 0.11326931)
(0.019586965 0.00085518525 0.11326931)
(0.020617857 0.000900195 0.11326931)
(0.02164875 0.00094520475 0.11326931)
(0.022679643 0.0009902145 0.11326931)
(0.023710536 0.0010352243 0.11326931)
(0.024741429 0.001080234 0.11326931)
(0.025772322 0.0011252437 0.11326931)
(0.026803215 0.0011702535 0.11326931)
(0.027834108 0.0012152632 0.11326931)
(0.028865001 0.001260273 0.11326931)
(0.029895893 0.0013052828 0.11326931)
(0.030926786 0.0013502925 0.11326931)
(0.031957679 0.0013953023 0.11326931)
(0.032988572 0.001440312 0.11326931)
(0.034019465 0.0014853217 0.11326931)
(0.035050358 0.0015303315 0.11326931)
(0.036081251 0.0015753412 0.11326931)
(0.037112143 0.001620351 0.11326931)
(0.038143036 0.0016653608 0.11326931)
(0.039173929 0.0017103705 0.11326931)
(0.040204822 0.0017553803 0.11326931)
(0.041235715 0.00180039 0.11326931)
(0 0 0.11345238)
(0.0010308929 -4.500975e-05 0.11345238)
(0.0020617858 -9.00195e-05 0.11345238)
(0.0030926786 -0.00013502925 0.11345238)
(0.0041235715 -0.000180039 0.11345238)
(0.0051544644 -0.00022504875 0.11345238)
(0.0061853572 -0.0002700585 0.11345238)
(0.0072162501 -0.00031506825 0.11345238)
(0.008247143 -0.000360078 0.11345238)
(0.0092780359 -0.00040508775 0.11345238)
(0.010308929 -0.0004500975 0.11345238)
(0.011339822 -0.00049510725 0.11345238)
(0.012370714 -0.000540117 0.11345238)
(0.013401607 -0.00058512675 0.11345238)
(0.0144325 -0.0006301365 0.11345238)
(0.015463393 -0.00067514625 0.11345238)
(0.016494286 -0.000720156 0.11345238)
(0.017525179 -0.00076516575 0.11345238)
(0.018556072 -0.0008101755 0.11345238)
(0.019586965 -0.00085518525 0.11345238)
(0.020617857 -0.000900195 0.11345238)
(0.02164875 -0.00094520475 0.11345238)
(0.022679643 -0.0009902145 0.11345238)
(0.023710536 -0.0010352243 0.11345238)
(0.024741429 -0.001080234 0.11345238)
(0.025772322 -0.0011252437 0.11345238)
(0.026803215 -0.0011702535 0.11345238)
(0.027834108 -0.0012152632 0.11345238)
(0.028865001 -0.001260273 0.11345238)
(0.029895893 -0.0013052828 0.11345238)
(0.030926786 -0.0013502925 0.11345238)
(0.031957679 -0.0013953023 0.11345238)
(0.032988572 -0.001440312 0.11345238)
(0.034019465 -0.0014853217 0.11345238)
(0.035050358 -0.0015303315 0.11345238)
(0.036081251 -0.0015753412 0.11345238)
(0.037112143 -0.001620351 0.11345238)
(0.038143036 -0.0016653608 0.11345238)
(0.039173929 -0.0017103705 0.11345238)
(0.040204822 -0.0017553803 0.11345238)
(0.041235715 -0.00180039 0.11345238)
(0.0010308929 4.500975e-05 0.11345238)
(0.0020617858 9.00195e-05 0.11345238)
(0.0030926786 0.00013502925 0.11345238)
(0.0041235715 0.000180039 0.11345238)
(0.0051544644 0.00022504875 0.11345238)
(0.0061853572 0.0002700585 0.11345238)
(0.0072162501 0.00031506825 0.11345238)
(0.008247143 0.000360078 0.11345238)
(0.0092780359 0.00040508775 0.11345238)
(0.010308929 0.0004500975 0.11345238)
(0.011339822 0.00049510725 0.11345238)
(0.012370714 0.000540117 0.11345238)
(0.013401607 0.00058512675 0.11345238)
(0.0144325 0.0006301365 0.11345238)
(0.015463393 0.00067514625 0.11345238)
(0.016494286 0.000720156 0.11345238)
(0.017525179 0.00076516575 0.11345238)
(0.018556072 0.0008101755 0.11345238)
(0.019586965 0.00085518525 0.11345238)
(0.020617857 0.000900195 0.11345238)
(0.02164875 0.00094520475 0.11345238)
(0.022679643 0.0009902145 0.11345238)
(0.023710536 0.0010352243 0.11345238)
(0.024741429 0.001080234 0.11345238)
(0.025772322 0.0011252437 0.11345238)
(0.026803215 0.0011702535 0.11345238)
(0.027834108 0.0012152632 0.11345238)
(0.028865001 0.001260273 0.11345238)
(0.029895893 0.0013052828 0.11345238)
(0.030926786 0.0013502925 0.11345238)
(0.031957679 0.0013953023 0.11345238)
(0.032988572 0.001440312 0.11345238)
(0.034019465 0.0014853217 0.11345238)
(0.035050358 0.0015303315 0.11345238)
(0.036081251 0.0015753412 0.11345238)
(0.037112143 0.001620351 0.11345238)
(0.038143036 0.0016653608 0.11345238)
(0.039173929 0.0017103705 0.11345238)
(0.040204822 0.0017553803 0.11345238)
(0.041235715 0.00180039 0.11345238)
(0 0 0.11363546)
(0.0010308929 -4.500975e-05 0.11363546)
(0.0020617858 -9.00195e-05 0.11363546)
(0.0030926786 -0.00013502925 0.11363546)
(0.0041235715 -0.000180039 0.11363546)
(0.0051544644 -0.00022504875 0.11363546)
(0.0061853572 -0.0002700585 0.11363546)
(0.0072162501 -0.00031506825 0.11363546)
(0.008247143 -0.000360078 0.11363546)
(0.0092780359 -0.00040508775 0.11363546)
(0.010308929 -0.0004500975 0.11363546)
(0.011339822 -0.00049510725 0.11363546)
(0.012370714 -0.000540117 0.11363546)
(0.013401607 -0.00058512675 0.11363546)
(0.0144325 -0.0006301365 0.11363546)
(0.015463393 -0.00067514625 0.11363546)
(0.016494286 -0.000720156 0.11363546)
(0.017525179 -0.00076516575 0.11363546)
(0.018556072 -0.0008101755 0.11363546)
(0.019586965 -0.00085518525 0.11363546)
(0.020617857 -0.000900195 0.11363546)
(0.02164875 -0.00094520475 0.11363546)
(0.022679643 -0.0009902145 0.11363546)
(0.023710536 -0.0010352243 0.11363546)
(0.024741429 -0.001080234 0.11363546)
(0.025772322 -0.0011252437 0.11363546)
(0.026803215 -0.0011702535 0.11363546)
(0.027834108 -0.0012152632 0.11363546)
(0.028865001 -0.001260273 0.11363546)
(0.029895893 -0.0013052828 0.11363546)
(0.030926786 -0.0013502925 0.11363546)
(0.031957679 -0.0013953023 0.11363546)
(0.032988572 -0.001440312 0.11363546)
(0.034019465 -0.0014853217 0.11363546)
(0.035050358 -0.0015303315 0.11363546)
(0.036081251 -0.0015753412 0.11363546)
(0.037112143 -0.001620351 0.11363546)
(0.038143036 -0.0016653608 0.11363546)
(0.039173929 -0.0017103705 0.11363546)
(0.040204822 -0.0017553803 0.11363546)
(0.041235715 -0.00180039 0.11363546)
(0.0010308929 4.500975e-05 0.11363546)
(0.0020617858 9.00195e-05 0.11363546)
(0.0030926786 0.00013502925 0.11363546)
(0.0041235715 0.000180039 0.11363546)
(0.0051544644 0.00022504875 0.11363546)
(0.0061853572 0.0002700585 0.11363546)
(0.0072162501 0.00031506825 0.11363546)
(0.008247143 0.000360078 0.11363546)
(0.0092780359 0.00040508775 0.11363546)
(0.010308929 0.0004500975 0.11363546)
(0.011339822 0.00049510725 0.11363546)
(0.012370714 0.000540117 0.11363546)
(0.013401607 0.00058512675 0.11363546)
(0.0144325 0.0006301365 0.11363546)
(0.015463393 0.00067514625 0.11363546)
(0.016494286 0.000720156 0.11363546)
(0.017525179 0.00076516575 0.11363546)
(0.018556072 0.0008101755 0.11363546)
(0.019586965 0.00085518525 0.11363546)
(0.020617857 0.000900195 0.11363546)
(0.02164875 0.00094520475 0.11363546)
(0.022679643 0.0009902145 0.11363546)
(0.023710536 0.0010352243 0.11363546)
(0.024741429 0.001080234 0.11363546)
(0.025772322 0.0011252437 0.11363546)
(0.026803215 0.0011702535 0.11363546)
(0.027834108 0.0012152632 0.11363546)
(0.028865001 0.001260273 0.11363546)
(0.029895893 0.0013052828 0.11363546)
(0.030926786 0.0013502925 0.11363546)
(0.031957679 0.0013953023 0.11363546)
(0.032988572 0.001440312 0.11363546)
(0.034019465 0.0014853217 0.11363546)
(0.035050358 0.0015303315 0.11363546)
(0.036081251 0.0015753412 0.11363546)
(0.037112143 0.001620351 0.11363546)
(0.038143036 0.0016653608 0.11363546)
(0.039173929 0.0017103705 0.11363546)
(0.040204822 0.0017553803 0.11363546)
(0.041235715 0.00180039 0.11363546)
(0 0 0.11381853)
(0.0010308929 -4.500975e-05 0.11381853)
(0.0020617858 -9.00195e-05 0.11381853)
(0.0030926786 -0.00013502925 0.11381853)
(0.0041235715 -0.000180039 0.11381853)
(0.0051544644 -0.00022504875 0.11381853)
(0.0061853572 -0.0002700585 0.11381853)
(0.0072162501 -0.00031506825 0.11381853)
(0.008247143 -0.000360078 0.11381853)
(0.0092780359 -0.00040508775 0.11381853)
(0.010308929 -0.0004500975 0.11381853)
(0.011339822 -0.00049510725 0.11381853)
(0.012370714 -0.000540117 0.11381853)
(0.013401607 -0.00058512675 0.11381853)
(0.0144325 -0.0006301365 0.11381853)
(0.015463393 -0.00067514625 0.11381853)
(0.016494286 -0.000720156 0.11381853)
(0.017525179 -0.00076516575 0.11381853)
(0.018556072 -0.0008101755 0.11381853)
(0.019586965 -0.00085518525 0.11381853)
(0.020617857 -0.000900195 0.11381853)
(0.02164875 -0.00094520475 0.11381853)
(0.022679643 -0.0009902145 0.11381853)
(0.023710536 -0.0010352243 0.11381853)
(0.024741429 -0.001080234 0.11381853)
(0.025772322 -0.0011252437 0.11381853)
(0.026803215 -0.0011702535 0.11381853)
(0.027834108 -0.0012152632 0.11381853)
(0.028865001 -0.001260273 0.11381853)
(0.029895893 -0.0013052828 0.11381853)
(0.030926786 -0.0013502925 0.11381853)
(0.031957679 -0.0013953023 0.11381853)
(0.032988572 -0.001440312 0.11381853)
(0.034019465 -0.0014853217 0.11381853)
(0.035050358 -0.0015303315 0.11381853)
(0.036081251 -0.0015753412 0.11381853)
(0.037112143 -0.001620351 0.11381853)
(0.038143036 -0.0016653608 0.11381853)
(0.039173929 -0.0017103705 0.11381853)
(0.040204822 -0.0017553803 0.11381853)
(0.041235715 -0.00180039 0.11381853)
(0.0010308929 4.500975e-05 0.11381853)
(0.0020617858 9.00195e-05 0.11381853)
(0.0030926786 0.00013502925 0.11381853)
(0.0041235715 0.000180039 0.11381853)
(0.0051544644 0.00022504875 0.11381853)
(0.0061853572 0.0002700585 0.11381853)
(0.0072162501 0.00031506825 0.11381853)
(0.008247143 0.000360078 0.11381853)
(0.0092780359 0.00040508775 0.11381853)
(0.010308929 0.0004500975 0.11381853)
(0.011339822 0.00049510725 0.11381853)
(0.012370714 0.000540117 0.11381853)
(0.013401607 0.00058512675 0.11381853)
(0.0144325 0.0006301365 0.11381853)
(0.015463393 0.00067514625 0.11381853)
(0.016494286 0.000720156 0.11381853)
(0.017525179 0.00076516575 0.11381853)
(0.018556072 0.0008101755 0.11381853)
(0.019586965 0.00085518525 0.11381853)
(0.020617857 0.000900195 0.11381853)
(0.02164875 0.00094520475 0.11381853)
(0.022679643 0.0009902145 0.11381853)
(0.023710536 0.0010352243 0.11381853)
(0.024741429 0.001080234 0.11381853)
(0.025772322 0.0011252437 0.11381853)
(0.026803215 0.0011702535 0.11381853)
(0.027834108 0.0012152632 0.11381853)
(0.028865001 0.001260273 0.11381853)
(0.029895893 0.0013052828 0.11381853)
(0.030926786 0.0013502925 0.11381853)
(0.031957679 0.0013953023 0.11381853)
(0.032988572 0.001440312 0.11381853)
(0.034019465 0.0014853217 0.11381853)
(0.035050358 0.0015303315 0.11381853)
(0.036081251 0.0015753412 0.11381853)
(0.037112143 0.001620351 0.11381853)
(0.038143036 0.0016653608 0.11381853)
(0.039173929 0.0017103705 0.11381853)
(0.040204822 0.0017553803 0.11381853)
(0.041235715 0.00180039 0.11381853)
(0 0 0.1140016)
(0.0010308929 -4.500975e-05 0.1140016)
(0.0020617858 -9.00195e-05 0.1140016)
(0.0030926786 -0.00013502925 0.1140016)
(0.0041235715 -0.000180039 0.1140016)
(0.0051544644 -0.00022504875 0.1140016)
(0.0061853572 -0.0002700585 0.1140016)
(0.0072162501 -0.00031506825 0.1140016)
(0.008247143 -0.000360078 0.1140016)
(0.0092780359 -0.00040508775 0.1140016)
(0.010308929 -0.0004500975 0.1140016)
(0.011339822 -0.00049510725 0.1140016)
(0.012370714 -0.000540117 0.1140016)
(0.013401607 -0.00058512675 0.1140016)
(0.0144325 -0.0006301365 0.1140016)
(0.015463393 -0.00067514625 0.1140016)
(0.016494286 -0.000720156 0.1140016)
(0.017525179 -0.00076516575 0.1140016)
(0.018556072 -0.0008101755 0.1140016)
(0.019586965 -0.00085518525 0.1140016)
(0.020617857 -0.000900195 0.1140016)
(0.02164875 -0.00094520475 0.1140016)
(0.022679643 -0.0009902145 0.1140016)
(0.023710536 -0.0010352243 0.1140016)
(0.024741429 -0.001080234 0.1140016)
(0.025772322 -0.0011252437 0.1140016)
(0.026803215 -0.0011702535 0.1140016)
(0.027834108 -0.0012152632 0.1140016)
(0.028865001 -0.001260273 0.1140016)
(0.029895893 -0.0013052828 0.1140016)
(0.030926786 -0.0013502925 0.1140016)
(0.031957679 -0.0013953023 0.1140016)
(0.032988572 -0.001440312 0.1140016)
(0.034019465 -0.0014853217 0.1140016)
(0.035050358 -0.0015303315 0.1140016)
(0.036081251 -0.0015753412 0.1140016)
(0.037112143 -0.001620351 0.1140016)
(0.038143036 -0.0016653608 0.1140016)
(0.039173929 -0.0017103705 0.1140016)
(0.040204822 -0.0017553803 0.1140016)
(0.041235715 -0.00180039 0.1140016)
(0.0010308929 4.500975e-05 0.1140016)
(0.0020617858 9.00195e-05 0.1140016)
(0.0030926786 0.00013502925 0.1140016)
(0.0041235715 0.000180039 0.1140016)
(0.0051544644 0.00022504875 0.1140016)
(0.0061853572 0.0002700585 0.1140016)
(0.0072162501 0.00031506825 0.1140016)
(0.008247143 0.000360078 0.1140016)
(0.0092780359 0.00040508775 0.1140016)
(0.010308929 0.0004500975 0.1140016)
(0.011339822 0.00049510725 0.1140016)
(0.012370714 0.000540117 0.1140016)
(0.013401607 0.00058512675 0.1140016)
(0.0144325 0.0006301365 0.1140016)
(0.015463393 0.00067514625 0.1140016)
(0.016494286 0.000720156 0.1140016)
(0.017525179 0.00076516575 0.1140016)
(0.018556072 0.0008101755 0.1140016)
(0.019586965 0.00085518525 0.1140016)
(0.020617857 0.000900195 0.1140016)
(0.02164875 0.00094520475 0.1140016)
(0.022679643 0.0009902145 0.1140016)
(0.023710536 0.0010352243 0.1140016)
(0.024741429 0.001080234 0.1140016)
(0.025772322 0.0011252437 0.1140016)
(0.026803215 0.0011702535 0.1140016)
(0.027834108 0.0012152632 0.1140016)
(0.028865001 0.001260273 0.1140016)
(0.029895893 0.0013052828 0.1140016)
(0.030926786 0.0013502925 0.1140016)
(0.031957679 0.0013953023 0.1140016)
(0.032988572 0.001440312 0.1140016)
(0.034019465 0.0014853217 0.1140016)
(0.035050358 0.0015303315 0.1140016)
(0.036081251 0.0015753412 0.1140016)
(0.037112143 0.001620351 0.1140016)
(0.038143036 0.0016653608 0.1140016)
(0.039173929 0.0017103705 0.1140016)
(0.040204822 0.0017553803 0.1140016)
(0.041235715 0.00180039 0.1140016)
(0 0 0.11418469)
(0.0010308929 -4.500975e-05 0.11418469)
(0.0020617858 -9.00195e-05 0.11418469)
(0.0030926786 -0.00013502925 0.11418469)
(0.0041235715 -0.000180039 0.11418469)
(0.0051544644 -0.00022504875 0.11418469)
(0.0061853572 -0.0002700585 0.11418469)
(0.0072162501 -0.00031506825 0.11418469)
(0.008247143 -0.000360078 0.11418469)
(0.0092780359 -0.00040508775 0.11418469)
(0.010308929 -0.0004500975 0.11418469)
(0.011339822 -0.00049510725 0.11418469)
(0.012370714 -0.000540117 0.11418469)
(0.013401607 -0.00058512675 0.11418469)
(0.0144325 -0.0006301365 0.11418469)
(0.015463393 -0.00067514625 0.11418469)
(0.016494286 -0.000720156 0.11418469)
(0.017525179 -0.00076516575 0.11418469)
(0.018556072 -0.0008101755 0.11418469)
(0.019586965 -0.00085518525 0.11418469)
(0.020617857 -0.000900195 0.11418469)
(0.02164875 -0.00094520475 0.11418469)
(0.022679643 -0.0009902145 0.11418469)
(0.023710536 -0.0010352243 0.11418469)
(0.024741429 -0.001080234 0.11418469)
(0.025772322 -0.0011252437 0.11418469)
(0.026803215 -0.0011702535 0.11418469)
(0.027834108 -0.0012152632 0.11418469)
(0.028865001 -0.001260273 0.11418469)
(0.029895893 -0.0013052828 0.11418469)
(0.030926786 -0.0013502925 0.11418469)
(0.031957679 -0.0013953023 0.11418469)
(0.032988572 -0.001440312 0.11418469)
(0.034019465 -0.0014853217 0.11418469)
(0.035050358 -0.0015303315 0.11418469)
(0.036081251 -0.0015753412 0.11418469)
(0.037112143 -0.001620351 0.11418469)
(0.038143036 -0.0016653608 0.11418469)
(0.039173929 -0.0017103705 0.11418469)
(0.040204822 -0.0017553803 0.11418469)
(0.041235715 -0.00180039 0.11418469)
(0.0010308929 4.500975e-05 0.11418469)
(0.0020617858 9.00195e-05 0.11418469)
(0.0030926786 0.00013502925 0.11418469)
(0.0041235715 0.000180039 0.11418469)
(0.0051544644 0.00022504875 0.11418469)
(0.0061853572 0.0002700585 0.11418469)
(0.0072162501 0.00031506825 0.11418469)
(0.008247143 0.000360078 0.11418469)
(0.0092780359 0.00040508775 0.11418469)
(0.010308929 0.0004500975 0.11418469)
(0.011339822 0.00049510725 0.11418469)
(0.012370714 0.000540117 0.11418469)
(0.013401607 0.00058512675 0.11418469)
(0.0144325 0.0006301365 0.11418469)
(0.015463393 0.00067514625 0.11418469)
(0.016494286 0.000720156 0.11418469)
(0.017525179 0.00076516575 0.11418469)
(0.018556072 0.0008101755 0.11418469)
(0.019586965 0.00085518525 0.11418469)
(0.020617857 0.000900195 0.11418469)
(0.02164875 0.00094520475 0.11418469)
(0.022679643 0.0009902145 0.11418469)
(0.023710536 0.0010352243 0.11418469)
(0.024741429 0.001080234 0.11418469)
(0.025772322 0.0011252437 0.11418469)
(0.026803215 0.0011702535 0.11418469)
(0.027834108 0.0012152632 0.11418469)
(0.028865001 0.001260273 0.11418469)
(0.029895893 0.0013052828 0.11418469)
(0.030926786 0.0013502925 0.11418469)
(0.031957679 0.0013953023 0.11418469)
(0.032988572 0.001440312 0.11418469)
(0.034019465 0.0014853217 0.11418469)
(0.035050358 0.0015303315 0.11418469)
(0.036081251 0.0015753412 0.11418469)
(0.037112143 0.001620351 0.11418469)
(0.038143036 0.0016653608 0.11418469)
(0.039173929 0.0017103705 0.11418469)
(0.040204822 0.0017553803 0.11418469)
(0.041235715 0.00180039 0.11418469)
(0 0 0.11436776)
(0.0010308929 -4.500975e-05 0.11436776)
(0.0020617858 -9.00195e-05 0.11436776)
(0.0030926786 -0.00013502925 0.11436776)
(0.0041235715 -0.000180039 0.11436776)
(0.0051544644 -0.00022504875 0.11436776)
(0.0061853572 -0.0002700585 0.11436776)
(0.0072162501 -0.00031506825 0.11436776)
(0.008247143 -0.000360078 0.11436776)
(0.0092780359 -0.00040508775 0.11436776)
(0.010308929 -0.0004500975 0.11436776)
(0.011339822 -0.00049510725 0.11436776)
(0.012370714 -0.000540117 0.11436776)
(0.013401607 -0.00058512675 0.11436776)
(0.0144325 -0.0006301365 0.11436776)
(0.015463393 -0.00067514625 0.11436776)
(0.016494286 -0.000720156 0.11436776)
(0.017525179 -0.00076516575 0.11436776)
(0.018556072 -0.0008101755 0.11436776)
(0.019586965 -0.00085518525 0.11436776)
(0.020617857 -0.000900195 0.11436776)
(0.02164875 -0.00094520475 0.11436776)
(0.022679643 -0.0009902145 0.11436776)
(0.023710536 -0.0010352243 0.11436776)
(0.024741429 -0.001080234 0.11436776)
(0.025772322 -0.0011252437 0.11436776)
(0.026803215 -0.0011702535 0.11436776)
(0.027834108 -0.0012152632 0.11436776)
(0.028865001 -0.001260273 0.11436776)
(0.029895893 -0.0013052828 0.11436776)
(0.030926786 -0.0013502925 0.11436776)
(0.031957679 -0.0013953023 0.11436776)
(0.032988572 -0.001440312 0.11436776)
(0.034019465 -0.0014853217 0.11436776)
(0.035050358 -0.0015303315 0.11436776)
(0.036081251 -0.0015753412 0.11436776)
(0.037112143 -0.001620351 0.11436776)
(0.038143036 -0.0016653608 0.11436776)
(0.039173929 -0.0017103705 0.11436776)
(0.040204822 -0.0017553803 0.11436776)
(0.041235715 -0.00180039 0.11436776)
(0.0010308929 4.500975e-05 0.11436776)
(0.0020617858 9.00195e-05 0.11436776)
(0.0030926786 0.00013502925 0.11436776)
(0.0041235715 0.000180039 0.11436776)
(0.0051544644 0.00022504875 0.11436776)
(0.0061853572 0.0002700585 0.11436776)
(0.0072162501 0.00031506825 0.11436776)
(0.008247143 0.000360078 0.11436776)
(0.0092780359 0.00040508775 0.11436776)
(0.010308929 0.0004500975 0.11436776)
(0.011339822 0.00049510725 0.11436776)
(0.012370714 0.000540117 0.11436776)
(0.013401607 0.00058512675 0.11436776)
(0.0144325 0.0006301365 0.11436776)
(0.015463393 0.00067514625 0.11436776)
(0.016494286 0.000720156 0.11436776)
(0.017525179 0.00076516575 0.11436776)
(0.018556072 0.0008101755 0.11436776)
(0.019586965 0.00085518525 0.11436776)
(0.020617857 0.000900195 0.11436776)
(0.02164875 0.00094520475 0.11436776)
(0.022679643 0.0009902145 0.11436776)
(0.023710536 0.0010352243 0.11436776)
(0.024741429 0.001080234 0.11436776)
(0.025772322 0.0011252437 0.11436776)
(0.026803215 0.0011702535 0.11436776)
(0.027834108 0.0012152632 0.11436776)
(0.028865001 0.001260273 0.11436776)
(0.029895893 0.0013052828 0.11436776)
(0.030926786 0.0013502925 0.11436776)
(0.031957679 0.0013953023 0.11436776)
(0.032988572 0.001440312 0.11436776)
(0.034019465 0.0014853217 0.11436776)
(0.035050358 0.0015303315 0.11436776)
(0.036081251 0.0015753412 0.11436776)
(0.037112143 0.001620351 0.11436776)
(0.038143036 0.0016653608 0.11436776)
(0.039173929 0.0017103705 0.11436776)
(0.040204822 0.0017553803 0.11436776)
(0.041235715 0.00180039 0.11436776)
(0 0 0.11455084)
(0.0010308929 -4.500975e-05 0.11455084)
(0.0020617858 -9.00195e-05 0.11455084)
(0.0030926786 -0.00013502925 0.11455084)
(0.0041235715 -0.000180039 0.11455084)
(0.0051544644 -0.00022504875 0.11455084)
(0.0061853572 -0.0002700585 0.11455084)
(0.0072162501 -0.00031506825 0.11455084)
(0.008247143 -0.000360078 0.11455084)
(0.0092780359 -0.00040508775 0.11455084)
(0.010308929 -0.0004500975 0.11455084)
(0.011339822 -0.00049510725 0.11455084)
(0.012370714 -0.000540117 0.11455084)
(0.013401607 -0.00058512675 0.11455084)
(0.0144325 -0.0006301365 0.11455084)
(0.015463393 -0.00067514625 0.11455084)
(0.016494286 -0.000720156 0.11455084)
(0.017525179 -0.00076516575 0.11455084)
(0.018556072 -0.0008101755 0.11455084)
(0.019586965 -0.00085518525 0.11455084)
(0.020617857 -0.000900195 0.11455084)
(0.02164875 -0.00094520475 0.11455084)
(0.022679643 -0.0009902145 0.11455084)
(0.023710536 -0.0010352243 0.11455084)
(0.024741429 -0.001080234 0.11455084)
(0.025772322 -0.0011252437 0.11455084)
(0.026803215 -0.0011702535 0.11455084)
(0.027834108 -0.0012152632 0.11455084)
(0.028865001 -0.001260273 0.11455084)
(0.029895893 -0.0013052828 0.11455084)
(0.030926786 -0.0013502925 0.11455084)
(0.031957679 -0.0013953023 0.11455084)
(0.032988572 -0.001440312 0.11455084)
(0.034019465 -0.0014853217 0.11455084)
(0.035050358 -0.0015303315 0.11455084)
(0.036081251 -0.0015753412 0.11455084)
(0.037112143 -0.001620351 0.11455084)
(0.038143036 -0.0016653608 0.11455084)
(0.039173929 -0.0017103705 0.11455084)
(0.040204822 -0.0017553803 0.11455084)
(0.041235715 -0.00180039 0.11455084)
(0.0010308929 4.500975e-05 0.11455084)
(0.0020617858 9.00195e-05 0.11455084)
(0.0030926786 0.00013502925 0.11455084)
(0.0041235715 0.000180039 0.11455084)
(0.0051544644 0.00022504875 0.11455084)
(0.0061853572 0.0002700585 0.11455084)
(0.0072162501 0.00031506825 0.11455084)
(0.008247143 0.000360078 0.11455084)
(0.0092780359 0.00040508775 0.11455084)
(0.010308929 0.0004500975 0.11455084)
(0.011339822 0.00049510725 0.11455084)
(0.012370714 0.000540117 0.11455084)
(0.013401607 0.00058512675 0.11455084)
(0.0144325 0.0006301365 0.11455084)
(0.015463393 0.00067514625 0.11455084)
(0.016494286 0.000720156 0.11455084)
(0.017525179 0.00076516575 0.11455084)
(0.018556072 0.0008101755 0.11455084)
(0.019586965 0.00085518525 0.11455084)
(0.020617857 0.000900195 0.11455084)
(0.02164875 0.00094520475 0.11455084)
(0.022679643 0.0009902145 0.11455084)
(0.023710536 0.0010352243 0.11455084)
(0.024741429 0.001080234 0.11455084)
(0.025772322 0.0011252437 0.11455084)
(0.026803215 0.0011702535 0.11455084)
(0.027834108 0.0012152632 0.11455084)
(0.028865001 0.001260273 0.11455084)
(0.029895893 0.0013052828 0.11455084)
(0.030926786 0.0013502925 0.11455084)
(0.031957679 0.0013953023 0.11455084)
(0.032988572 0.001440312 0.11455084)
(0.034019465 0.0014853217 0.11455084)
(0.035050358 0.0015303315 0.11455084)
(0.036081251 0.0015753412 0.11455084)
(0.037112143 0.001620351 0.11455084)
(0.038143036 0.0016653608 0.11455084)
(0.039173929 0.0017103705 0.11455084)
(0.040204822 0.0017553803 0.11455084)
(0.041235715 0.00180039 0.11455084)
(0 0 0.11473391)
(0.0010308929 -4.500975e-05 0.11473391)
(0.0020617858 -9.00195e-05 0.11473391)
(0.0030926786 -0.00013502925 0.11473391)
(0.0041235715 -0.000180039 0.11473391)
(0.0051544644 -0.00022504875 0.11473391)
(0.0061853572 -0.0002700585 0.11473391)
(0.0072162501 -0.00031506825 0.11473391)
(0.008247143 -0.000360078 0.11473391)
(0.0092780359 -0.00040508775 0.11473391)
(0.010308929 -0.0004500975 0.11473391)
(0.011339822 -0.00049510725 0.11473391)
(0.012370714 -0.000540117 0.11473391)
(0.013401607 -0.00058512675 0.11473391)
(0.0144325 -0.0006301365 0.11473391)
(0.015463393 -0.00067514625 0.11473391)
(0.016494286 -0.000720156 0.11473391)
(0.017525179 -0.00076516575 0.11473391)
(0.018556072 -0.0008101755 0.11473391)
(0.019586965 -0.00085518525 0.11473391)
(0.020617857 -0.000900195 0.11473391)
(0.02164875 -0.00094520475 0.11473391)
(0.022679643 -0.0009902145 0.11473391)
(0.023710536 -0.0010352243 0.11473391)
(0.024741429 -0.001080234 0.11473391)
(0.025772322 -0.0011252437 0.11473391)
(0.026803215 -0.0011702535 0.11473391)
(0.027834108 -0.0012152632 0.11473391)
(0.028865001 -0.001260273 0.11473391)
(0.029895893 -0.0013052828 0.11473391)
(0.030926786 -0.0013502925 0.11473391)
(0.031957679 -0.0013953023 0.11473391)
(0.032988572 -0.001440312 0.11473391)
(0.034019465 -0.0014853217 0.11473391)
(0.035050358 -0.0015303315 0.11473391)
(0.036081251 -0.0015753412 0.11473391)
(0.037112143 -0.001620351 0.11473391)
(0.038143036 -0.0016653608 0.11473391)
(0.039173929 -0.0017103705 0.11473391)
(0.040204822 -0.0017553803 0.11473391)
(0.041235715 -0.00180039 0.11473391)
(0.0010308929 4.500975e-05 0.11473391)
(0.0020617858 9.00195e-05 0.11473391)
(0.0030926786 0.00013502925 0.11473391)
(0.0041235715 0.000180039 0.11473391)
(0.0051544644 0.00022504875 0.11473391)
(0.0061853572 0.0002700585 0.11473391)
(0.0072162501 0.00031506825 0.11473391)
(0.008247143 0.000360078 0.11473391)
(0.0092780359 0.00040508775 0.11473391)
(0.010308929 0.0004500975 0.11473391)
(0.011339822 0.00049510725 0.11473391)
(0.012370714 0.000540117 0.11473391)
(0.013401607 0.00058512675 0.11473391)
(0.0144325 0.0006301365 0.11473391)
(0.015463393 0.00067514625 0.11473391)
(0.016494286 0.000720156 0.11473391)
(0.017525179 0.00076516575 0.11473391)
(0.018556072 0.0008101755 0.11473391)
(0.019586965 0.00085518525 0.11473391)
(0.020617857 0.000900195 0.11473391)
(0.02164875 0.00094520475 0.11473391)
(0.022679643 0.0009902145 0.11473391)
(0.023710536 0.0010352243 0.11473391)
(0.024741429 0.001080234 0.11473391)
(0.025772322 0.0011252437 0.11473391)
(0.026803215 0.0011702535 0.11473391)
(0.027834108 0.0012152632 0.11473391)
(0.028865001 0.001260273 0.11473391)
(0.029895893 0.0013052828 0.11473391)
(0.030926786 0.0013502925 0.11473391)
(0.031957679 0.0013953023 0.11473391)
(0.032988572 0.001440312 0.11473391)
(0.034019465 0.0014853217 0.11473391)
(0.035050358 0.0015303315 0.11473391)
(0.036081251 0.0015753412 0.11473391)
(0.037112143 0.001620351 0.11473391)
(0.038143036 0.0016653608 0.11473391)
(0.039173929 0.0017103705 0.11473391)
(0.040204822 0.0017553803 0.11473391)
(0.041235715 0.00180039 0.11473391)
(0 0 0.11491699)
(0.0010308929 -4.500975e-05 0.11491699)
(0.0020617858 -9.00195e-05 0.11491699)
(0.0030926786 -0.00013502925 0.11491699)
(0.0041235715 -0.000180039 0.11491699)
(0.0051544644 -0.00022504875 0.11491699)
(0.0061853572 -0.0002700585 0.11491699)
(0.0072162501 -0.00031506825 0.11491699)
(0.008247143 -0.000360078 0.11491699)
(0.0092780359 -0.00040508775 0.11491699)
(0.010308929 -0.0004500975 0.11491699)
(0.011339822 -0.00049510725 0.11491699)
(0.012370714 -0.000540117 0.11491699)
(0.013401607 -0.00058512675 0.11491699)
(0.0144325 -0.0006301365 0.11491699)
(0.015463393 -0.00067514625 0.11491699)
(0.016494286 -0.000720156 0.11491699)
(0.017525179 -0.00076516575 0.11491699)
(0.018556072 -0.0008101755 0.11491699)
(0.019586965 -0.00085518525 0.11491699)
(0.020617857 -0.000900195 0.11491699)
(0.02164875 -0.00094520475 0.11491699)
(0.022679643 -0.0009902145 0.11491699)
(0.023710536 -0.0010352243 0.11491699)
(0.024741429 -0.001080234 0.11491699)
(0.025772322 -0.0011252437 0.11491699)
(0.026803215 -0.0011702535 0.11491699)
(0.027834108 -0.0012152632 0.11491699)
(0.028865001 -0.001260273 0.11491699)
(0.029895893 -0.0013052828 0.11491699)
(0.030926786 -0.0013502925 0.11491699)
(0.031957679 -0.0013953023 0.11491699)
(0.032988572 -0.001440312 0.11491699)
(0.034019465 -0.0014853217 0.11491699)
(0.035050358 -0.0015303315 0.11491699)
(0.036081251 -0.0015753412 0.11491699)
(0.037112143 -0.001620351 0.11491699)
(0.038143036 -0.0016653608 0.11491699)
(0.039173929 -0.0017103705 0.11491699)
(0.040204822 -0.0017553803 0.11491699)
(0.041235715 -0.00180039 0.11491699)
(0.0010308929 4.500975e-05 0.11491699)
(0.0020617858 9.00195e-05 0.11491699)
(0.0030926786 0.00013502925 0.11491699)
(0.0041235715 0.000180039 0.11491699)
(0.0051544644 0.00022504875 0.11491699)
(0.0061853572 0.0002700585 0.11491699)
(0.0072162501 0.00031506825 0.11491699)
(0.008247143 0.000360078 0.11491699)
(0.0092780359 0.00040508775 0.11491699)
(0.010308929 0.0004500975 0.11491699)
(0.011339822 0.00049510725 0.11491699)
(0.012370714 0.000540117 0.11491699)
(0.013401607 0.00058512675 0.11491699)
(0.0144325 0.0006301365 0.11491699)
(0.015463393 0.00067514625 0.11491699)
(0.016494286 0.000720156 0.11491699)
(0.017525179 0.00076516575 0.11491699)
(0.018556072 0.0008101755 0.11491699)
(0.019586965 0.00085518525 0.11491699)
(0.020617857 0.000900195 0.11491699)
(0.02164875 0.00094520475 0.11491699)
(0.022679643 0.0009902145 0.11491699)
(0.023710536 0.0010352243 0.11491699)
(0.024741429 0.001080234 0.11491699)
(0.025772322 0.0011252437 0.11491699)
(0.026803215 0.0011702535 0.11491699)
(0.027834108 0.0012152632 0.11491699)
(0.028865001 0.001260273 0.11491699)
(0.029895893 0.0013052828 0.11491699)
(0.030926786 0.0013502925 0.11491699)
(0.031957679 0.0013953023 0.11491699)
(0.032988572 0.001440312 0.11491699)
(0.034019465 0.0014853217 0.11491699)
(0.035050358 0.0015303315 0.11491699)
(0.036081251 0.0015753412 0.11491699)
(0.037112143 0.001620351 0.11491699)
(0.038143036 0.0016653608 0.11491699)
(0.039173929 0.0017103705 0.11491699)
(0.040204822 0.0017553803 0.11491699)
(0.041235715 0.00180039 0.11491699)
(0 0 0.11510006)
(0.0010308929 -4.500975e-05 0.11510006)
(0.0020617858 -9.00195e-05 0.11510006)
(0.0030926786 -0.00013502925 0.11510006)
(0.0041235715 -0.000180039 0.11510006)
(0.0051544644 -0.00022504875 0.11510006)
(0.0061853572 -0.0002700585 0.11510006)
(0.0072162501 -0.00031506825 0.11510006)
(0.008247143 -0.000360078 0.11510006)
(0.0092780359 -0.00040508775 0.11510006)
(0.010308929 -0.0004500975 0.11510006)
(0.011339822 -0.00049510725 0.11510006)
(0.012370714 -0.000540117 0.11510006)
(0.013401607 -0.00058512675 0.11510006)
(0.0144325 -0.0006301365 0.11510006)
(0.015463393 -0.00067514625 0.11510006)
(0.016494286 -0.000720156 0.11510006)
(0.017525179 -0.00076516575 0.11510006)
(0.018556072 -0.0008101755 0.11510006)
(0.019586965 -0.00085518525 0.11510006)
(0.020617857 -0.000900195 0.11510006)
(0.02164875 -0.00094520475 0.11510006)
(0.022679643 -0.0009902145 0.11510006)
(0.023710536 -0.0010352243 0.11510006)
(0.024741429 -0.001080234 0.11510006)
(0.025772322 -0.0011252437 0.11510006)
(0.026803215 -0.0011702535 0.11510006)
(0.027834108 -0.0012152632 0.11510006)
(0.028865001 -0.001260273 0.11510006)
(0.029895893 -0.0013052828 0.11510006)
(0.030926786 -0.0013502925 0.11510006)
(0.031957679 -0.0013953023 0.11510006)
(0.032988572 -0.001440312 0.11510006)
(0.034019465 -0.0014853217 0.11510006)
(0.035050358 -0.0015303315 0.11510006)
(0.036081251 -0.0015753412 0.11510006)
(0.037112143 -0.001620351 0.11510006)
(0.038143036 -0.0016653608 0.11510006)
(0.039173929 -0.0017103705 0.11510006)
(0.040204822 -0.0017553803 0.11510006)
(0.041235715 -0.00180039 0.11510006)
(0.0010308929 4.500975e-05 0.11510006)
(0.0020617858 9.00195e-05 0.11510006)
(0.0030926786 0.00013502925 0.11510006)
(0.0041235715 0.000180039 0.11510006)
(0.0051544644 0.00022504875 0.11510006)
(0.0061853572 0.0002700585 0.11510006)
(0.0072162501 0.00031506825 0.11510006)
(0.008247143 0.000360078 0.11510006)
(0.0092780359 0.00040508775 0.11510006)
(0.010308929 0.0004500975 0.11510006)
(0.011339822 0.00049510725 0.11510006)
(0.012370714 0.000540117 0.11510006)
(0.013401607 0.00058512675 0.11510006)
(0.0144325 0.0006301365 0.11510006)
(0.015463393 0.00067514625 0.11510006)
(0.016494286 0.000720156 0.11510006)
(0.017525179 0.00076516575 0.11510006)
(0.018556072 0.0008101755 0.11510006)
(0.019586965 0.00085518525 0.11510006)
(0.020617857 0.000900195 0.11510006)
(0.02164875 0.00094520475 0.11510006)
(0.022679643 0.0009902145 0.11510006)
(0.023710536 0.0010352243 0.11510006)
(0.024741429 0.001080234 0.11510006)
(0.025772322 0.0011252437 0.11510006)
(0.026803215 0.0011702535 0.11510006)
(0.027834108 0.0012152632 0.11510006)
(0.028865001 0.001260273 0.11510006)
(0.029895893 0.0013052828 0.11510006)
(0.030926786 0.0013502925 0.11510006)
(0.031957679 0.0013953023 0.11510006)
(0.032988572 0.001440312 0.11510006)
(0.034019465 0.0014853217 0.11510006)
(0.035050358 0.0015303315 0.11510006)
(0.036081251 0.0015753412 0.11510006)
(0.037112143 0.001620351 0.11510006)
(0.038143036 0.0016653608 0.11510006)
(0.039173929 0.0017103705 0.11510006)
(0.040204822 0.0017553803 0.11510006)
(0.041235715 0.00180039 0.11510006)
(0 0 0.11528315)
(0.0010308929 -4.500975e-05 0.11528315)
(0.0020617858 -9.00195e-05 0.11528315)
(0.0030926786 -0.00013502925 0.11528315)
(0.0041235715 -0.000180039 0.11528315)
(0.0051544644 -0.00022504875 0.11528315)
(0.0061853572 -0.0002700585 0.11528315)
(0.0072162501 -0.00031506825 0.11528315)
(0.008247143 -0.000360078 0.11528315)
(0.0092780359 -0.00040508775 0.11528315)
(0.010308929 -0.0004500975 0.11528315)
(0.011339822 -0.00049510725 0.11528315)
(0.012370714 -0.000540117 0.11528315)
(0.013401607 -0.00058512675 0.11528315)
(0.0144325 -0.0006301365 0.11528315)
(0.015463393 -0.00067514625 0.11528315)
(0.016494286 -0.000720156 0.11528315)
(0.017525179 -0.00076516575 0.11528315)
(0.018556072 -0.0008101755 0.11528315)
(0.019586965 -0.00085518525 0.11528315)
(0.020617857 -0.000900195 0.11528315)
(0.02164875 -0.00094520475 0.11528315)
(0.022679643 -0.0009902145 0.11528315)
(0.023710536 -0.0010352243 0.11528315)
(0.024741429 -0.001080234 0.11528315)
(0.025772322 -0.0011252437 0.11528315)
(0.026803215 -0.0011702535 0.11528315)
(0.027834108 -0.0012152632 0.11528315)
(0.028865001 -0.001260273 0.11528315)
(0.029895893 -0.0013052828 0.11528315)
(0.030926786 -0.0013502925 0.11528315)
(0.031957679 -0.0013953023 0.11528315)
(0.032988572 -0.001440312 0.11528315)
(0.034019465 -0.0014853217 0.11528315)
(0.035050358 -0.0015303315 0.11528315)
(0.036081251 -0.0015753412 0.11528315)
(0.037112143 -0.001620351 0.11528315)
(0.038143036 -0.0016653608 0.11528315)
(0.039173929 -0.0017103705 0.11528315)
(0.040204822 -0.0017553803 0.11528315)
(0.041235715 -0.00180039 0.11528315)
(0.0010308929 4.500975e-05 0.11528315)
(0.0020617858 9.00195e-05 0.11528315)
(0.0030926786 0.00013502925 0.11528315)
(0.0041235715 0.000180039 0.11528315)
(0.0051544644 0.00022504875 0.11528315)
(0.0061853572 0.0002700585 0.11528315)
(0.0072162501 0.00031506825 0.11528315)
(0.008247143 0.000360078 0.11528315)
(0.0092780359 0.00040508775 0.11528315)
(0.010308929 0.0004500975 0.11528315)
(0.011339822 0.00049510725 0.11528315)
(0.012370714 0.000540117 0.11528315)
(0.013401607 0.00058512675 0.11528315)
(0.0144325 0.0006301365 0.11528315)
(0.015463393 0.00067514625 0.11528315)
(0.016494286 0.000720156 0.11528315)
(0.017525179 0.00076516575 0.11528315)
(0.018556072 0.0008101755 0.11528315)
(0.019586965 0.00085518525 0.11528315)
(0.020617857 0.000900195 0.11528315)
(0.02164875 0.00094520475 0.11528315)
(0.022679643 0.0009902145 0.11528315)
(0.023710536 0.0010352243 0.11528315)
(0.024741429 0.001080234 0.11528315)
(0.025772322 0.0011252437 0.11528315)
(0.026803215 0.0011702535 0.11528315)
(0.027834108 0.0012152632 0.11528315)
(0.028865001 0.001260273 0.11528315)
(0.029895893 0.0013052828 0.11528315)
(0.030926786 0.0013502925 0.11528315)
(0.031957679 0.0013953023 0.11528315)
(0.032988572 0.001440312 0.11528315)
(0.034019465 0.0014853217 0.11528315)
(0.035050358 0.0015303315 0.11528315)
(0.036081251 0.0015753412 0.11528315)
(0.037112143 0.001620351 0.11528315)
(0.038143036 0.0016653608 0.11528315)
(0.039173929 0.0017103705 0.11528315)
(0.040204822 0.0017553803 0.11528315)
(0.041235715 0.00180039 0.11528315)
(0 0 0.11546622)
(0.0010308929 -4.500975e-05 0.11546622)
(0.0020617858 -9.00195e-05 0.11546622)
(0.0030926786 -0.00013502925 0.11546622)
(0.0041235715 -0.000180039 0.11546622)
(0.0051544644 -0.00022504875 0.11546622)
(0.0061853572 -0.0002700585 0.11546622)
(0.0072162501 -0.00031506825 0.11546622)
(0.008247143 -0.000360078 0.11546622)
(0.0092780359 -0.00040508775 0.11546622)
(0.010308929 -0.0004500975 0.11546622)
(0.011339822 -0.00049510725 0.11546622)
(0.012370714 -0.000540117 0.11546622)
(0.013401607 -0.00058512675 0.11546622)
(0.0144325 -0.0006301365 0.11546622)
(0.015463393 -0.00067514625 0.11546622)
(0.016494286 -0.000720156 0.11546622)
(0.017525179 -0.00076516575 0.11546622)
(0.018556072 -0.0008101755 0.11546622)
(0.019586965 -0.00085518525 0.11546622)
(0.020617857 -0.000900195 0.11546622)
(0.02164875 -0.00094520475 0.11546622)
(0.022679643 -0.0009902145 0.11546622)
(0.023710536 -0.0010352243 0.11546622)
(0.024741429 -0.001080234 0.11546622)
(0.025772322 -0.0011252437 0.11546622)
(0.026803215 -0.0011702535 0.11546622)
(0.027834108 -0.0012152632 0.11546622)
(0.028865001 -0.001260273 0.11546622)
(0.029895893 -0.0013052828 0.11546622)
(0.030926786 -0.0013502925 0.11546622)
(0.031957679 -0.0013953023 0.11546622)
(0.032988572 -0.001440312 0.11546622)
(0.034019465 -0.0014853217 0.11546622)
(0.035050358 -0.0015303315 0.11546622)
(0.036081251 -0.0015753412 0.11546622)
(0.037112143 -0.001620351 0.11546622)
(0.038143036 -0.0016653608 0.11546622)
(0.039173929 -0.0017103705 0.11546622)
(0.040204822 -0.0017553803 0.11546622)
(0.041235715 -0.00180039 0.11546622)
(0.0010308929 4.500975e-05 0.11546622)
(0.0020617858 9.00195e-05 0.11546622)
(0.0030926786 0.00013502925 0.11546622)
(0.0041235715 0.000180039 0.11546622)
(0.0051544644 0.00022504875 0.11546622)
(0.0061853572 0.0002700585 0.11546622)
(0.0072162501 0.00031506825 0.11546622)
(0.008247143 0.000360078 0.11546622)
(0.0092780359 0.00040508775 0.11546622)
(0.010308929 0.0004500975 0.11546622)
(0.011339822 0.00049510725 0.11546622)
(0.012370714 0.000540117 0.11546622)
(0.013401607 0.00058512675 0.11546622)
(0.0144325 0.0006301365 0.11546622)
(0.015463393 0.00067514625 0.11546622)
(0.016494286 0.000720156 0.11546622)
(0.017525179 0.00076516575 0.11546622)
(0.018556072 0.0008101755 0.11546622)
(0.019586965 0.00085518525 0.11546622)
(0.020617857 0.000900195 0.11546622)
(0.02164875 0.00094520475 0.11546622)
(0.022679643 0.0009902145 0.11546622)
(0.023710536 0.0010352243 0.11546622)
(0.024741429 0.001080234 0.11546622)
(0.025772322 0.0011252437 0.11546622)
(0.026803215 0.0011702535 0.11546622)
(0.027834108 0.0012152632 0.11546622)
(0.028865001 0.001260273 0.11546622)
(0.029895893 0.0013052828 0.11546622)
(0.030926786 0.0013502925 0.11546622)
(0.031957679 0.0013953023 0.11546622)
(0.032988572 0.001440312 0.11546622)
(0.034019465 0.0014853217 0.11546622)
(0.035050358 0.0015303315 0.11546622)
(0.036081251 0.0015753412 0.11546622)
(0.037112143 0.001620351 0.11546622)
(0.038143036 0.0016653608 0.11546622)
(0.039173929 0.0017103705 0.11546622)
(0.040204822 0.0017553803 0.11546622)
(0.041235715 0.00180039 0.11546622)
(0 0 0.1156493)
(0.0010308929 -4.500975e-05 0.1156493)
(0.0020617858 -9.00195e-05 0.1156493)
(0.0030926786 -0.00013502925 0.1156493)
(0.0041235715 -0.000180039 0.1156493)
(0.0051544644 -0.00022504875 0.1156493)
(0.0061853572 -0.0002700585 0.1156493)
(0.0072162501 -0.00031506825 0.1156493)
(0.008247143 -0.000360078 0.1156493)
(0.0092780359 -0.00040508775 0.1156493)
(0.010308929 -0.0004500975 0.1156493)
(0.011339822 -0.00049510725 0.1156493)
(0.012370714 -0.000540117 0.1156493)
(0.013401607 -0.00058512675 0.1156493)
(0.0144325 -0.0006301365 0.1156493)
(0.015463393 -0.00067514625 0.1156493)
(0.016494286 -0.000720156 0.1156493)
(0.017525179 -0.00076516575 0.1156493)
(0.018556072 -0.0008101755 0.1156493)
(0.019586965 -0.00085518525 0.1156493)
(0.020617857 -0.000900195 0.1156493)
(0.02164875 -0.00094520475 0.1156493)
(0.022679643 -0.0009902145 0.1156493)
(0.023710536 -0.0010352243 0.1156493)
(0.024741429 -0.001080234 0.1156493)
(0.025772322 -0.0011252437 0.1156493)
(0.026803215 -0.0011702535 0.1156493)
(0.027834108 -0.0012152632 0.1156493)
(0.028865001 -0.001260273 0.1156493)
(0.029895893 -0.0013052828 0.1156493)
(0.030926786 -0.0013502925 0.1156493)
(0.031957679 -0.0013953023 0.1156493)
(0.032988572 -0.001440312 0.1156493)
(0.034019465 -0.0014853217 0.1156493)
(0.035050358 -0.0015303315 0.1156493)
(0.036081251 -0.0015753412 0.1156493)
(0.037112143 -0.001620351 0.1156493)
(0.038143036 -0.0016653608 0.1156493)
(0.039173929 -0.0017103705 0.1156493)
(0.040204822 -0.0017553803 0.1156493)
(0.041235715 -0.00180039 0.1156493)
(0.0010308929 4.500975e-05 0.1156493)
(0.0020617858 9.00195e-05 0.1156493)
(0.0030926786 0.00013502925 0.1156493)
(0.0041235715 0.000180039 0.1156493)
(0.0051544644 0.00022504875 0.1156493)
(0.0061853572 0.0002700585 0.1156493)
(0.0072162501 0.00031506825 0.1156493)
(0.008247143 0.000360078 0.1156493)
(0.0092780359 0.00040508775 0.1156493)
(0.010308929 0.0004500975 0.1156493)
(0.011339822 0.00049510725 0.1156493)
(0.012370714 0.000540117 0.1156493)
(0.013401607 0.00058512675 0.1156493)
(0.0144325 0.0006301365 0.1156493)
(0.015463393 0.00067514625 0.1156493)
(0.016494286 0.000720156 0.1156493)
(0.017525179 0.00076516575 0.1156493)
(0.018556072 0.0008101755 0.1156493)
(0.019586965 0.00085518525 0.1156493)
(0.020617857 0.000900195 0.1156493)
(0.02164875 0.00094520475 0.1156493)
(0.022679643 0.0009902145 0.1156493)
(0.023710536 0.0010352243 0.1156493)
(0.024741429 0.001080234 0.1156493)
(0.025772322 0.0011252437 0.1156493)
(0.026803215 0.0011702535 0.1156493)
(0.027834108 0.0012152632 0.1156493)
(0.028865001 0.001260273 0.1156493)
(0.029895893 0.0013052828 0.1156493)
(0.030926786 0.0013502925 0.1156493)
(0.031957679 0.0013953023 0.1156493)
(0.032988572 0.001440312 0.1156493)
(0.034019465 0.0014853217 0.1156493)
(0.035050358 0.0015303315 0.1156493)
(0.036081251 0.0015753412 0.1156493)
(0.037112143 0.001620351 0.1156493)
(0.038143036 0.0016653608 0.1156493)
(0.039173929 0.0017103705 0.1156493)
(0.040204822 0.0017553803 0.1156493)
(0.041235715 0.00180039 0.1156493)
(0 0 0.11583237)
(0.0010308929 -4.500975e-05 0.11583237)
(0.0020617858 -9.00195e-05 0.11583237)
(0.0030926786 -0.00013502925 0.11583237)
(0.0041235715 -0.000180039 0.11583237)
(0.0051544644 -0.00022504875 0.11583237)
(0.0061853572 -0.0002700585 0.11583237)
(0.0072162501 -0.00031506825 0.11583237)
(0.008247143 -0.000360078 0.11583237)
(0.0092780359 -0.00040508775 0.11583237)
(0.010308929 -0.0004500975 0.11583237)
(0.011339822 -0.00049510725 0.11583237)
(0.012370714 -0.000540117 0.11583237)
(0.013401607 -0.00058512675 0.11583237)
(0.0144325 -0.0006301365 0.11583237)
(0.015463393 -0.00067514625 0.11583237)
(0.016494286 -0.000720156 0.11583237)
(0.017525179 -0.00076516575 0.11583237)
(0.018556072 -0.0008101755 0.11583237)
(0.019586965 -0.00085518525 0.11583237)
(0.020617857 -0.000900195 0.11583237)
(0.02164875 -0.00094520475 0.11583237)
(0.022679643 -0.0009902145 0.11583237)
(0.023710536 -0.0010352243 0.11583237)
(0.024741429 -0.001080234 0.11583237)
(0.025772322 -0.0011252437 0.11583237)
(0.026803215 -0.0011702535 0.11583237)
(0.027834108 -0.0012152632 0.11583237)
(0.028865001 -0.001260273 0.11583237)
(0.029895893 -0.0013052828 0.11583237)
(0.030926786 -0.0013502925 0.11583237)
(0.031957679 -0.0013953023 0.11583237)
(0.032988572 -0.001440312 0.11583237)
(0.034019465 -0.0014853217 0.11583237)
(0.035050358 -0.0015303315 0.11583237)
(0.036081251 -0.0015753412 0.11583237)
(0.037112143 -0.001620351 0.11583237)
(0.038143036 -0.0016653608 0.11583237)
(0.039173929 -0.0017103705 0.11583237)
(0.040204822 -0.0017553803 0.11583237)
(0.041235715 -0.00180039 0.11583237)
(0.0010308929 4.500975e-05 0.11583237)
(0.0020617858 9.00195e-05 0.11583237)
(0.0030926786 0.00013502925 0.11583237)
(0.0041235715 0.000180039 0.11583237)
(0.0051544644 0.00022504875 0.11583237)
(0.0061853572 0.0002700585 0.11583237)
(0.0072162501 0.00031506825 0.11583237)
(0.008247143 0.000360078 0.11583237)
(0.0092780359 0.00040508775 0.11583237)
(0.010308929 0.0004500975 0.11583237)
(0.011339822 0.00049510725 0.11583237)
(0.012370714 0.000540117 0.11583237)
(0.013401607 0.00058512675 0.11583237)
(0.0144325 0.0006301365 0.11583237)
(0.015463393 0.00067514625 0.11583237)
(0.016494286 0.000720156 0.11583237)
(0.017525179 0.00076516575 0.11583237)
(0.018556072 0.0008101755 0.11583237)
(0.019586965 0.00085518525 0.11583237)
(0.020617857 0.000900195 0.11583237)
(0.02164875 0.00094520475 0.11583237)
(0.022679643 0.0009902145 0.11583237)
(0.023710536 0.0010352243 0.11583237)
(0.024741429 0.001080234 0.11583237)
(0.025772322 0.0011252437 0.11583237)
(0.026803215 0.0011702535 0.11583237)
(0.027834108 0.0012152632 0.11583237)
(0.028865001 0.001260273 0.11583237)
(0.029895893 0.0013052828 0.11583237)
(0.030926786 0.0013502925 0.11583237)
(0.031957679 0.0013953023 0.11583237)
(0.032988572 0.001440312 0.11583237)
(0.034019465 0.0014853217 0.11583237)
(0.035050358 0.0015303315 0.11583237)
(0.036081251 0.0015753412 0.11583237)
(0.037112143 0.001620351 0.11583237)
(0.038143036 0.0016653608 0.11583237)
(0.039173929 0.0017103705 0.11583237)
(0.040204822 0.0017553803 0.11583237)
(0.041235715 0.00180039 0.11583237)
(0 0 0.11601544)
(0.0010308929 -4.500975e-05 0.11601544)
(0.0020617858 -9.00195e-05 0.11601544)
(0.0030926786 -0.00013502925 0.11601544)
(0.0041235715 -0.000180039 0.11601544)
(0.0051544644 -0.00022504875 0.11601544)
(0.0061853572 -0.0002700585 0.11601544)
(0.0072162501 -0.00031506825 0.11601544)
(0.008247143 -0.000360078 0.11601544)
(0.0092780359 -0.00040508775 0.11601544)
(0.010308929 -0.0004500975 0.11601544)
(0.011339822 -0.00049510725 0.11601544)
(0.012370714 -0.000540117 0.11601544)
(0.013401607 -0.00058512675 0.11601544)
(0.0144325 -0.0006301365 0.11601544)
(0.015463393 -0.00067514625 0.11601544)
(0.016494286 -0.000720156 0.11601544)
(0.017525179 -0.00076516575 0.11601544)
(0.018556072 -0.0008101755 0.11601544)
(0.019586965 -0.00085518525 0.11601544)
(0.020617857 -0.000900195 0.11601544)
(0.02164875 -0.00094520475 0.11601544)
(0.022679643 -0.0009902145 0.11601544)
(0.023710536 -0.0010352243 0.11601544)
(0.024741429 -0.001080234 0.11601544)
(0.025772322 -0.0011252437 0.11601544)
(0.026803215 -0.0011702535 0.11601544)
(0.027834108 -0.0012152632 0.11601544)
(0.028865001 -0.001260273 0.11601544)
(0.029895893 -0.0013052828 0.11601544)
(0.030926786 -0.0013502925 0.11601544)
(0.031957679 -0.0013953023 0.11601544)
(0.032988572 -0.001440312 0.11601544)
(0.034019465 -0.0014853217 0.11601544)
(0.035050358 -0.0015303315 0.11601544)
(0.036081251 -0.0015753412 0.11601544)
(0.037112143 -0.001620351 0.11601544)
(0.038143036 -0.0016653608 0.11601544)
(0.039173929 -0.0017103705 0.11601544)
(0.040204822 -0.0017553803 0.11601544)
(0.041235715 -0.00180039 0.11601544)
(0.0010308929 4.500975e-05 0.11601544)
(0.0020617858 9.00195e-05 0.11601544)
(0.0030926786 0.00013502925 0.11601544)
(0.0041235715 0.000180039 0.11601544)
(0.0051544644 0.00022504875 0.11601544)
(0.0061853572 0.0002700585 0.11601544)
(0.0072162501 0.00031506825 0.11601544)
(0.008247143 0.000360078 0.11601544)
(0.0092780359 0.00040508775 0.11601544)
(0.010308929 0.0004500975 0.11601544)
(0.011339822 0.00049510725 0.11601544)
(0.012370714 0.000540117 0.11601544)
(0.013401607 0.00058512675 0.11601544)
(0.0144325 0.0006301365 0.11601544)
(0.015463393 0.00067514625 0.11601544)
(0.016494286 0.000720156 0.11601544)
(0.017525179 0.00076516575 0.11601544)
(0.018556072 0.0008101755 0.11601544)
(0.019586965 0.00085518525 0.11601544)
(0.020617857 0.000900195 0.11601544)
(0.02164875 0.00094520475 0.11601544)
(0.022679643 0.0009902145 0.11601544)
(0.023710536 0.0010352243 0.11601544)
(0.024741429 0.001080234 0.11601544)
(0.025772322 0.0011252437 0.11601544)
(0.026803215 0.0011702535 0.11601544)
(0.027834108 0.0012152632 0.11601544)
(0.028865001 0.001260273 0.11601544)
(0.029895893 0.0013052828 0.11601544)
(0.030926786 0.0013502925 0.11601544)
(0.031957679 0.0013953023 0.11601544)
(0.032988572 0.001440312 0.11601544)
(0.034019465 0.0014853217 0.11601544)
(0.035050358 0.0015303315 0.11601544)
(0.036081251 0.0015753412 0.11601544)
(0.037112143 0.001620351 0.11601544)
(0.038143036 0.0016653608 0.11601544)
(0.039173929 0.0017103705 0.11601544)
(0.040204822 0.0017553803 0.11601544)
(0.041235715 0.00180039 0.11601544)
(0 0 0.11619852)
(0.0010308929 -4.500975e-05 0.11619852)
(0.0020617858 -9.00195e-05 0.11619852)
(0.0030926786 -0.00013502925 0.11619852)
(0.0041235715 -0.000180039 0.11619852)
(0.0051544644 -0.00022504875 0.11619852)
(0.0061853572 -0.0002700585 0.11619852)
(0.0072162501 -0.00031506825 0.11619852)
(0.008247143 -0.000360078 0.11619852)
(0.0092780359 -0.00040508775 0.11619852)
(0.010308929 -0.0004500975 0.11619852)
(0.011339822 -0.00049510725 0.11619852)
(0.012370714 -0.000540117 0.11619852)
(0.013401607 -0.00058512675 0.11619852)
(0.0144325 -0.0006301365 0.11619852)
(0.015463393 -0.00067514625 0.11619852)
(0.016494286 -0.000720156 0.11619852)
(0.017525179 -0.00076516575 0.11619852)
(0.018556072 -0.0008101755 0.11619852)
(0.019586965 -0.00085518525 0.11619852)
(0.020617857 -0.000900195 0.11619852)
(0.02164875 -0.00094520475 0.11619852)
(0.022679643 -0.0009902145 0.11619852)
(0.023710536 -0.0010352243 0.11619852)
(0.024741429 -0.001080234 0.11619852)
(0.025772322 -0.0011252437 0.11619852)
(0.026803215 -0.0011702535 0.11619852)
(0.027834108 -0.0012152632 0.11619852)
(0.028865001 -0.001260273 0.11619852)
(0.029895893 -0.0013052828 0.11619852)
(0.030926786 -0.0013502925 0.11619852)
(0.031957679 -0.0013953023 0.11619852)
(0.032988572 -0.001440312 0.11619852)
(0.034019465 -0.0014853217 0.11619852)
(0.035050358 -0.0015303315 0.11619852)
(0.036081251 -0.0015753412 0.11619852)
(0.037112143 -0.001620351 0.11619852)
(0.038143036 -0.0016653608 0.11619852)
(0.039173929 -0.0017103705 0.11619852)
(0.040204822 -0.0017553803 0.11619852)
(0.041235715 -0.00180039 0.11619852)
(0.0010308929 4.500975e-05 0.11619852)
(0.0020617858 9.00195e-05 0.11619852)
(0.0030926786 0.00013502925 0.11619852)
(0.0041235715 0.000180039 0.11619852)
(0.0051544644 0.00022504875 0.11619852)
(0.0061853572 0.0002700585 0.11619852)
(0.0072162501 0.00031506825 0.11619852)
(0.008247143 0.000360078 0.11619852)
(0.0092780359 0.00040508775 0.11619852)
(0.010308929 0.0004500975 0.11619852)
(0.011339822 0.00049510725 0.11619852)
(0.012370714 0.000540117 0.11619852)
(0.013401607 0.00058512675 0.11619852)
(0.0144325 0.0006301365 0.11619852)
(0.015463393 0.00067514625 0.11619852)
(0.016494286 0.000720156 0.11619852)
(0.017525179 0.00076516575 0.11619852)
(0.018556072 0.0008101755 0.11619852)
(0.019586965 0.00085518525 0.11619852)
(0.020617857 0.000900195 0.11619852)
(0.02164875 0.00094520475 0.11619852)
(0.022679643 0.0009902145 0.11619852)
(0.023710536 0.0010352243 0.11619852)
(0.024741429 0.001080234 0.11619852)
(0.025772322 0.0011252437 0.11619852)
(0.026803215 0.0011702535 0.11619852)
(0.027834108 0.0012152632 0.11619852)
(0.028865001 0.001260273 0.11619852)
(0.029895893 0.0013052828 0.11619852)
(0.030926786 0.0013502925 0.11619852)
(0.031957679 0.0013953023 0.11619852)
(0.032988572 0.001440312 0.11619852)
(0.034019465 0.0014853217 0.11619852)
(0.035050358 0.0015303315 0.11619852)
(0.036081251 0.0015753412 0.11619852)
(0.037112143 0.001620351 0.11619852)
(0.038143036 0.0016653608 0.11619852)
(0.039173929 0.0017103705 0.11619852)
(0.040204822 0.0017553803 0.11619852)
(0.041235715 0.00180039 0.11619852)
(0 0 0.11638159)
(0.0010308929 -4.500975e-05 0.11638159)
(0.0020617858 -9.00195e-05 0.11638159)
(0.0030926786 -0.00013502925 0.11638159)
(0.0041235715 -0.000180039 0.11638159)
(0.0051544644 -0.00022504875 0.11638159)
(0.0061853572 -0.0002700585 0.11638159)
(0.0072162501 -0.00031506825 0.11638159)
(0.008247143 -0.000360078 0.11638159)
(0.0092780359 -0.00040508775 0.11638159)
(0.010308929 -0.0004500975 0.11638159)
(0.011339822 -0.00049510725 0.11638159)
(0.012370714 -0.000540117 0.11638159)
(0.013401607 -0.00058512675 0.11638159)
(0.0144325 -0.0006301365 0.11638159)
(0.015463393 -0.00067514625 0.11638159)
(0.016494286 -0.000720156 0.11638159)
(0.017525179 -0.00076516575 0.11638159)
(0.018556072 -0.0008101755 0.11638159)
(0.019586965 -0.00085518525 0.11638159)
(0.020617857 -0.000900195 0.11638159)
(0.02164875 -0.00094520475 0.11638159)
(0.022679643 -0.0009902145 0.11638159)
(0.023710536 -0.0010352243 0.11638159)
(0.024741429 -0.001080234 0.11638159)
(0.025772322 -0.0011252437 0.11638159)
(0.026803215 -0.0011702535 0.11638159)
(0.027834108 -0.0012152632 0.11638159)
(0.028865001 -0.001260273 0.11638159)
(0.029895893 -0.0013052828 0.11638159)
(0.030926786 -0.0013502925 0.11638159)
(0.031957679 -0.0013953023 0.11638159)
(0.032988572 -0.001440312 0.11638159)
(0.034019465 -0.0014853217 0.11638159)
(0.035050358 -0.0015303315 0.11638159)
(0.036081251 -0.0015753412 0.11638159)
(0.037112143 -0.001620351 0.11638159)
(0.038143036 -0.0016653608 0.11638159)
(0.039173929 -0.0017103705 0.11638159)
(0.040204822 -0.0017553803 0.11638159)
(0.041235715 -0.00180039 0.11638159)
(0.0010308929 4.500975e-05 0.11638159)
(0.0020617858 9.00195e-05 0.11638159)
(0.0030926786 0.00013502925 0.11638159)
(0.0041235715 0.000180039 0.11638159)
(0.0051544644 0.00022504875 0.11638159)
(0.0061853572 0.0002700585 0.11638159)
(0.0072162501 0.00031506825 0.11638159)
(0.008247143 0.000360078 0.11638159)
(0.0092780359 0.00040508775 0.11638159)
(0.010308929 0.0004500975 0.11638159)
(0.011339822 0.00049510725 0.11638159)
(0.012370714 0.000540117 0.11638159)
(0.013401607 0.00058512675 0.11638159)
(0.0144325 0.0006301365 0.11638159)
(0.015463393 0.00067514625 0.11638159)
(0.016494286 0.000720156 0.11638159)
(0.017525179 0.00076516575 0.11638159)
(0.018556072 0.0008101755 0.11638159)
(0.019586965 0.00085518525 0.11638159)
(0.020617857 0.000900195 0.11638159)
(0.02164875 0.00094520475 0.11638159)
(0.022679643 0.0009902145 0.11638159)
(0.023710536 0.0010352243 0.11638159)
(0.024741429 0.001080234 0.11638159)
(0.025772322 0.0011252437 0.11638159)
(0.026803215 0.0011702535 0.11638159)
(0.027834108 0.0012152632 0.11638159)
(0.028865001 0.001260273 0.11638159)
(0.029895893 0.0013052828 0.11638159)
(0.030926786 0.0013502925 0.11638159)
(0.031957679 0.0013953023 0.11638159)
(0.032988572 0.001440312 0.11638159)
(0.034019465 0.0014853217 0.11638159)
(0.035050358 0.0015303315 0.11638159)
(0.036081251 0.0015753412 0.11638159)
(0.037112143 0.001620351 0.11638159)
(0.038143036 0.0016653608 0.11638159)
(0.039173929 0.0017103705 0.11638159)
(0.040204822 0.0017553803 0.11638159)
(0.041235715 0.00180039 0.11638159)
(0 0 0.11656468)
(0.0010308929 -4.500975e-05 0.11656468)
(0.0020617858 -9.00195e-05 0.11656468)
(0.0030926786 -0.00013502925 0.11656468)
(0.0041235715 -0.000180039 0.11656468)
(0.0051544644 -0.00022504875 0.11656468)
(0.0061853572 -0.0002700585 0.11656468)
(0.0072162501 -0.00031506825 0.11656468)
(0.008247143 -0.000360078 0.11656468)
(0.0092780359 -0.00040508775 0.11656468)
(0.010308929 -0.0004500975 0.11656468)
(0.011339822 -0.00049510725 0.11656468)
(0.012370714 -0.000540117 0.11656468)
(0.013401607 -0.00058512675 0.11656468)
(0.0144325 -0.0006301365 0.11656468)
(0.015463393 -0.00067514625 0.11656468)
(0.016494286 -0.000720156 0.11656468)
(0.017525179 -0.00076516575 0.11656468)
(0.018556072 -0.0008101755 0.11656468)
(0.019586965 -0.00085518525 0.11656468)
(0.020617857 -0.000900195 0.11656468)
(0.02164875 -0.00094520475 0.11656468)
(0.022679643 -0.0009902145 0.11656468)
(0.023710536 -0.0010352243 0.11656468)
(0.024741429 -0.001080234 0.11656468)
(0.025772322 -0.0011252437 0.11656468)
(0.026803215 -0.0011702535 0.11656468)
(0.027834108 -0.0012152632 0.11656468)
(0.028865001 -0.001260273 0.11656468)
(0.029895893 -0.0013052828 0.11656468)
(0.030926786 -0.0013502925 0.11656468)
(0.031957679 -0.0013953023 0.11656468)
(0.032988572 -0.001440312 0.11656468)
(0.034019465 -0.0014853217 0.11656468)
(0.035050358 -0.0015303315 0.11656468)
(0.036081251 -0.0015753412 0.11656468)
(0.037112143 -0.001620351 0.11656468)
(0.038143036 -0.0016653608 0.11656468)
(0.039173929 -0.0017103705 0.11656468)
(0.040204822 -0.0017553803 0.11656468)
(0.041235715 -0.00180039 0.11656468)
(0.0010308929 4.500975e-05 0.11656468)
(0.0020617858 9.00195e-05 0.11656468)
(0.0030926786 0.00013502925 0.11656468)
(0.0041235715 0.000180039 0.11656468)
(0.0051544644 0.00022504875 0.11656468)
(0.0061853572 0.0002700585 0.11656468)
(0.0072162501 0.00031506825 0.11656468)
(0.008247143 0.000360078 0.11656468)
(0.0092780359 0.00040508775 0.11656468)
(0.010308929 0.0004500975 0.11656468)
(0.011339822 0.00049510725 0.11656468)
(0.012370714 0.000540117 0.11656468)
(0.013401607 0.00058512675 0.11656468)
(0.0144325 0.0006301365 0.11656468)
(0.015463393 0.00067514625 0.11656468)
(0.016494286 0.000720156 0.11656468)
(0.017525179 0.00076516575 0.11656468)
(0.018556072 0.0008101755 0.11656468)
(0.019586965 0.00085518525 0.11656468)
(0.020617857 0.000900195 0.11656468)
(0.02164875 0.00094520475 0.11656468)
(0.022679643 0.0009902145 0.11656468)
(0.023710536 0.0010352243 0.11656468)
(0.024741429 0.001080234 0.11656468)
(0.025772322 0.0011252437 0.11656468)
(0.026803215 0.0011702535 0.11656468)
(0.027834108 0.0012152632 0.11656468)
(0.028865001 0.001260273 0.11656468)
(0.029895893 0.0013052828 0.11656468)
(0.030926786 0.0013502925 0.11656468)
(0.031957679 0.0013953023 0.11656468)
(0.032988572 0.001440312 0.11656468)
(0.034019465 0.0014853217 0.11656468)
(0.035050358 0.0015303315 0.11656468)
(0.036081251 0.0015753412 0.11656468)
(0.037112143 0.001620351 0.11656468)
(0.038143036 0.0016653608 0.11656468)
(0.039173929 0.0017103705 0.11656468)
(0.040204822 0.0017553803 0.11656468)
(0.041235715 0.00180039 0.11656468)
(0 0 0.11674775)
(0.0010308929 -4.500975e-05 0.11674775)
(0.0020617858 -9.00195e-05 0.11674775)
(0.0030926786 -0.00013502925 0.11674775)
(0.0041235715 -0.000180039 0.11674775)
(0.0051544644 -0.00022504875 0.11674775)
(0.0061853572 -0.0002700585 0.11674775)
(0.0072162501 -0.00031506825 0.11674775)
(0.008247143 -0.000360078 0.11674775)
(0.0092780359 -0.00040508775 0.11674775)
(0.010308929 -0.0004500975 0.11674775)
(0.011339822 -0.00049510725 0.11674775)
(0.012370714 -0.000540117 0.11674775)
(0.013401607 -0.00058512675 0.11674775)
(0.0144325 -0.0006301365 0.11674775)
(0.015463393 -0.00067514625 0.11674775)
(0.016494286 -0.000720156 0.11674775)
(0.017525179 -0.00076516575 0.11674775)
(0.018556072 -0.0008101755 0.11674775)
(0.019586965 -0.00085518525 0.11674775)
(0.020617857 -0.000900195 0.11674775)
(0.02164875 -0.00094520475 0.11674775)
(0.022679643 -0.0009902145 0.11674775)
(0.023710536 -0.0010352243 0.11674775)
(0.024741429 -0.001080234 0.11674775)
(0.025772322 -0.0011252437 0.11674775)
(0.026803215 -0.0011702535 0.11674775)
(0.027834108 -0.0012152632 0.11674775)
(0.028865001 -0.001260273 0.11674775)
(0.029895893 -0.0013052828 0.11674775)
(0.030926786 -0.0013502925 0.11674775)
(0.031957679 -0.0013953023 0.11674775)
(0.032988572 -0.001440312 0.11674775)
(0.034019465 -0.0014853217 0.11674775)
(0.035050358 -0.0015303315 0.11674775)
(0.036081251 -0.0015753412 0.11674775)
(0.037112143 -0.001620351 0.11674775)
(0.038143036 -0.0016653608 0.11674775)
(0.039173929 -0.0017103705 0.11674775)
(0.040204822 -0.0017553803 0.11674775)
(0.041235715 -0.00180039 0.11674775)
(0.0010308929 4.500975e-05 0.11674775)
(0.0020617858 9.00195e-05 0.11674775)
(0.0030926786 0.00013502925 0.11674775)
(0.0041235715 0.000180039 0.11674775)
(0.0051544644 0.00022504875 0.11674775)
(0.0061853572 0.0002700585 0.11674775)
(0.0072162501 0.00031506825 0.11674775)
(0.008247143 0.000360078 0.11674775)
(0.0092780359 0.00040508775 0.11674775)
(0.010308929 0.0004500975 0.11674775)
(0.011339822 0.00049510725 0.11674775)
(0.012370714 0.000540117 0.11674775)
(0.013401607 0.00058512675 0.11674775)
(0.0144325 0.0006301365 0.11674775)
(0.015463393 0.00067514625 0.11674775)
(0.016494286 0.000720156 0.11674775)
(0.017525179 0.00076516575 0.11674775)
(0.018556072 0.0008101755 0.11674775)
(0.019586965 0.00085518525 0.11674775)
(0.020617857 0.000900195 0.11674775)
(0.02164875 0.00094520475 0.11674775)
(0.022679643 0.0009902145 0.11674775)
(0.023710536 0.0010352243 0.11674775)
(0.024741429 0.001080234 0.11674775)
(0.025772322 0.0011252437 0.11674775)
(0.026803215 0.0011702535 0.11674775)
(0.027834108 0.0012152632 0.11674775)
(0.028865001 0.001260273 0.11674775)
(0.029895893 0.0013052828 0.11674775)
(0.030926786 0.0013502925 0.11674775)
(0.031957679 0.0013953023 0.11674775)
(0.032988572 0.001440312 0.11674775)
(0.034019465 0.0014853217 0.11674775)
(0.035050358 0.0015303315 0.11674775)
(0.036081251 0.0015753412 0.11674775)
(0.037112143 0.001620351 0.11674775)
(0.038143036 0.0016653608 0.11674775)
(0.039173929 0.0017103705 0.11674775)
(0.040204822 0.0017553803 0.11674775)
(0.041235715 0.00180039 0.11674775)
(0 0 0.11693083)
(0.0010308929 -4.500975e-05 0.11693083)
(0.0020617858 -9.00195e-05 0.11693083)
(0.0030926786 -0.00013502925 0.11693083)
(0.0041235715 -0.000180039 0.11693083)
(0.0051544644 -0.00022504875 0.11693083)
(0.0061853572 -0.0002700585 0.11693083)
(0.0072162501 -0.00031506825 0.11693083)
(0.008247143 -0.000360078 0.11693083)
(0.0092780359 -0.00040508775 0.11693083)
(0.010308929 -0.0004500975 0.11693083)
(0.011339822 -0.00049510725 0.11693083)
(0.012370714 -0.000540117 0.11693083)
(0.013401607 -0.00058512675 0.11693083)
(0.0144325 -0.0006301365 0.11693083)
(0.015463393 -0.00067514625 0.11693083)
(0.016494286 -0.000720156 0.11693083)
(0.017525179 -0.00076516575 0.11693083)
(0.018556072 -0.0008101755 0.11693083)
(0.019586965 -0.00085518525 0.11693083)
(0.020617857 -0.000900195 0.11693083)
(0.02164875 -0.00094520475 0.11693083)
(0.022679643 -0.0009902145 0.11693083)
(0.023710536 -0.0010352243 0.11693083)
(0.024741429 -0.001080234 0.11693083)
(0.025772322 -0.0011252437 0.11693083)
(0.026803215 -0.0011702535 0.11693083)
(0.027834108 -0.0012152632 0.11693083)
(0.028865001 -0.001260273 0.11693083)
(0.029895893 -0.0013052828 0.11693083)
(0.030926786 -0.0013502925 0.11693083)
(0.031957679 -0.0013953023 0.11693083)
(0.032988572 -0.001440312 0.11693083)
(0.034019465 -0.0014853217 0.11693083)
(0.035050358 -0.0015303315 0.11693083)
(0.036081251 -0.0015753412 0.11693083)
(0.037112143 -0.001620351 0.11693083)
(0.038143036 -0.0016653608 0.11693083)
(0.039173929 -0.0017103705 0.11693083)
(0.040204822 -0.0017553803 0.11693083)
(0.041235715 -0.00180039 0.11693083)
(0.0010308929 4.500975e-05 0.11693083)
(0.0020617858 9.00195e-05 0.11693083)
(0.0030926786 0.00013502925 0.11693083)
(0.0041235715 0.000180039 0.11693083)
(0.0051544644 0.00022504875 0.11693083)
(0.0061853572 0.0002700585 0.11693083)
(0.0072162501 0.00031506825 0.11693083)
(0.008247143 0.000360078 0.11693083)
(0.0092780359 0.00040508775 0.11693083)
(0.010308929 0.0004500975 0.11693083)
(0.011339822 0.00049510725 0.11693083)
(0.012370714 0.000540117 0.11693083)
(0.013401607 0.00058512675 0.11693083)
(0.0144325 0.0006301365 0.11693083)
(0.015463393 0.00067514625 0.11693083)
(0.016494286 0.000720156 0.11693083)
(0.017525179 0.00076516575 0.11693083)
(0.018556072 0.0008101755 0.11693083)
(0.019586965 0.00085518525 0.11693083)
(0.020617857 0.000900195 0.11693083)
(0.02164875 0.00094520475 0.11693083)
(0.022679643 0.0009902145 0.11693083)
(0.023710536 0.0010352243 0.11693083)
(0.024741429 0.001080234 0.11693083)
(0.025772322 0.0011252437 0.11693083)
(0.026803215 0.0011702535 0.11693083)
(0.027834108 0.0012152632 0.11693083)
(0.028865001 0.001260273 0.11693083)
(0.029895893 0.0013052828 0.11693083)
(0.030926786 0.0013502925 0.11693083)
(0.031957679 0.0013953023 0.11693083)
(0.032988572 0.001440312 0.11693083)
(0.034019465 0.0014853217 0.11693083)
(0.035050358 0.0015303315 0.11693083)
(0.036081251 0.0015753412 0.11693083)
(0.037112143 0.001620351 0.11693083)
(0.038143036 0.0016653608 0.11693083)
(0.039173929 0.0017103705 0.11693083)
(0.040204822 0.0017553803 0.11693083)
(0.041235715 0.00180039 0.11693083)
(0 0 0.1171139)
(0.0010308929 -4.500975e-05 0.1171139)
(0.0020617858 -9.00195e-05 0.1171139)
(0.0030926786 -0.00013502925 0.1171139)
(0.0041235715 -0.000180039 0.1171139)
(0.0051544644 -0.00022504875 0.1171139)
(0.0061853572 -0.0002700585 0.1171139)
(0.0072162501 -0.00031506825 0.1171139)
(0.008247143 -0.000360078 0.1171139)
(0.0092780359 -0.00040508775 0.1171139)
(0.010308929 -0.0004500975 0.1171139)
(0.011339822 -0.00049510725 0.1171139)
(0.012370714 -0.000540117 0.1171139)
(0.013401607 -0.00058512675 0.1171139)
(0.0144325 -0.0006301365 0.1171139)
(0.015463393 -0.00067514625 0.1171139)
(0.016494286 -0.000720156 0.1171139)
(0.017525179 -0.00076516575 0.1171139)
(0.018556072 -0.0008101755 0.1171139)
(0.019586965 -0.00085518525 0.1171139)
(0.020617857 -0.000900195 0.1171139)
(0.02164875 -0.00094520475 0.1171139)
(0.022679643 -0.0009902145 0.1171139)
(0.023710536 -0.0010352243 0.1171139)
(0.024741429 -0.001080234 0.1171139)
(0.025772322 -0.0011252437 0.1171139)
(0.026803215 -0.0011702535 0.1171139)
(0.027834108 -0.0012152632 0.1171139)
(0.028865001 -0.001260273 0.1171139)
(0.029895893 -0.0013052828 0.1171139)
(0.030926786 -0.0013502925 0.1171139)
(0.031957679 -0.0013953023 0.1171139)
(0.032988572 -0.001440312 0.1171139)
(0.034019465 -0.0014853217 0.1171139)
(0.035050358 -0.0015303315 0.1171139)
(0.036081251 -0.0015753412 0.1171139)
(0.037112143 -0.001620351 0.1171139)
(0.038143036 -0.0016653608 0.1171139)
(0.039173929 -0.0017103705 0.1171139)
(0.040204822 -0.0017553803 0.1171139)
(0.041235715 -0.00180039 0.1171139)
(0.0010308929 4.500975e-05 0.1171139)
(0.0020617858 9.00195e-05 0.1171139)
(0.0030926786 0.00013502925 0.1171139)
(0.0041235715 0.000180039 0.1171139)
(0.0051544644 0.00022504875 0.1171139)
(0.0061853572 0.0002700585 0.1171139)
(0.0072162501 0.00031506825 0.1171139)
(0.008247143 0.000360078 0.1171139)
(0.0092780359 0.00040508775 0.1171139)
(0.010308929 0.0004500975 0.1171139)
(0.011339822 0.00049510725 0.1171139)
(0.012370714 0.000540117 0.1171139)
(0.013401607 0.00058512675 0.1171139)
(0.0144325 0.0006301365 0.1171139)
(0.015463393 0.00067514625 0.1171139)
(0.016494286 0.000720156 0.1171139)
(0.017525179 0.00076516575 0.1171139)
(0.018556072 0.0008101755 0.1171139)
(0.019586965 0.00085518525 0.1171139)
(0.020617857 0.000900195 0.1171139)
(0.02164875 0.00094520475 0.1171139)
(0.022679643 0.0009902145 0.1171139)
(0.023710536 0.0010352243 0.1171139)
(0.024741429 0.001080234 0.1171139)
(0.025772322 0.0011252437 0.1171139)
(0.026803215 0.0011702535 0.1171139)
(0.027834108 0.0012152632 0.1171139)
(0.028865001 0.001260273 0.1171139)
(0.029895893 0.0013052828 0.1171139)
(0.030926786 0.0013502925 0.1171139)
(0.031957679 0.0013953023 0.1171139)
(0.032988572 0.001440312 0.1171139)
(0.034019465 0.0014853217 0.1171139)
(0.035050358 0.0015303315 0.1171139)
(0.036081251 0.0015753412 0.1171139)
(0.037112143 0.001620351 0.1171139)
(0.038143036 0.0016653608 0.1171139)
(0.039173929 0.0017103705 0.1171139)
(0.040204822 0.0017553803 0.1171139)
(0.041235715 0.00180039 0.1171139)
(0 0 0.11729697)
(0.0010308929 -4.500975e-05 0.11729697)
(0.0020617858 -9.00195e-05 0.11729697)
(0.0030926786 -0.00013502925 0.11729697)
(0.0041235715 -0.000180039 0.11729697)
(0.0051544644 -0.00022504875 0.11729697)
(0.0061853572 -0.0002700585 0.11729697)
(0.0072162501 -0.00031506825 0.11729697)
(0.008247143 -0.000360078 0.11729697)
(0.0092780359 -0.00040508775 0.11729697)
(0.010308929 -0.0004500975 0.11729697)
(0.011339822 -0.00049510725 0.11729697)
(0.012370714 -0.000540117 0.11729697)
(0.013401607 -0.00058512675 0.11729697)
(0.0144325 -0.0006301365 0.11729697)
(0.015463393 -0.00067514625 0.11729697)
(0.016494286 -0.000720156 0.11729697)
(0.017525179 -0.00076516575 0.11729697)
(0.018556072 -0.0008101755 0.11729697)
(0.019586965 -0.00085518525 0.11729697)
(0.020617857 -0.000900195 0.11729697)
(0.02164875 -0.00094520475 0.11729697)
(0.022679643 -0.0009902145 0.11729697)
(0.023710536 -0.0010352243 0.11729697)
(0.024741429 -0.001080234 0.11729697)
(0.025772322 -0.0011252437 0.11729697)
(0.026803215 -0.0011702535 0.11729697)
(0.027834108 -0.0012152632 0.11729697)
(0.028865001 -0.001260273 0.11729697)
(0.029895893 -0.0013052828 0.11729697)
(0.030926786 -0.0013502925 0.11729697)
(0.031957679 -0.0013953023 0.11729697)
(0.032988572 -0.001440312 0.11729697)
(0.034019465 -0.0014853217 0.11729697)
(0.035050358 -0.0015303315 0.11729697)
(0.036081251 -0.0015753412 0.11729697)
(0.037112143 -0.001620351 0.11729697)
(0.038143036 -0.0016653608 0.11729697)
(0.039173929 -0.0017103705 0.11729697)
(0.040204822 -0.0017553803 0.11729697)
(0.041235715 -0.00180039 0.11729697)
(0.0010308929 4.500975e-05 0.11729697)
(0.0020617858 9.00195e-05 0.11729697)
(0.0030926786 0.00013502925 0.11729697)
(0.0041235715 0.000180039 0.11729697)
(0.0051544644 0.00022504875 0.11729697)
(0.0061853572 0.0002700585 0.11729697)
(0.0072162501 0.00031506825 0.11729697)
(0.008247143 0.000360078 0.11729697)
(0.0092780359 0.00040508775 0.11729697)
(0.010308929 0.0004500975 0.11729697)
(0.011339822 0.00049510725 0.11729697)
(0.012370714 0.000540117 0.11729697)
(0.013401607 0.00058512675 0.11729697)
(0.0144325 0.0006301365 0.11729697)
(0.015463393 0.00067514625 0.11729697)
(0.016494286 0.000720156 0.11729697)
(0.017525179 0.00076516575 0.11729697)
(0.018556072 0.0008101755 0.11729697)
(0.019586965 0.00085518525 0.11729697)
(0.020617857 0.000900195 0.11729697)
(0.02164875 0.00094520475 0.11729697)
(0.022679643 0.0009902145 0.11729697)
(0.023710536 0.0010352243 0.11729697)
(0.024741429 0.001080234 0.11729697)
(0.025772322 0.0011252437 0.11729697)
(0.026803215 0.0011702535 0.11729697)
(0.027834108 0.0012152632 0.11729697)
(0.028865001 0.001260273 0.11729697)
(0.029895893 0.0013052828 0.11729697)
(0.030926786 0.0013502925 0.11729697)
(0.031957679 0.0013953023 0.11729697)
(0.032988572 0.001440312 0.11729697)
(0.034019465 0.0014853217 0.11729697)
(0.035050358 0.0015303315 0.11729697)
(0.036081251 0.0015753412 0.11729697)
(0.037112143 0.001620351 0.11729697)
(0.038143036 0.0016653608 0.11729697)
(0.039173929 0.0017103705 0.11729697)
(0.040204822 0.0017553803 0.11729697)
(0.041235715 0.00180039 0.11729697)
(0 0 0.11748005)
(0.0010308929 -4.500975e-05 0.11748005)
(0.0020617858 -9.00195e-05 0.11748005)
(0.0030926786 -0.00013502925 0.11748005)
(0.0041235715 -0.000180039 0.11748005)
(0.0051544644 -0.00022504875 0.11748005)
(0.0061853572 -0.0002700585 0.11748005)
(0.0072162501 -0.00031506825 0.11748005)
(0.008247143 -0.000360078 0.11748005)
(0.0092780359 -0.00040508775 0.11748005)
(0.010308929 -0.0004500975 0.11748005)
(0.011339822 -0.00049510725 0.11748005)
(0.012370714 -0.000540117 0.11748005)
(0.013401607 -0.00058512675 0.11748005)
(0.0144325 -0.0006301365 0.11748005)
(0.015463393 -0.00067514625 0.11748005)
(0.016494286 -0.000720156 0.11748005)
(0.017525179 -0.00076516575 0.11748005)
(0.018556072 -0.0008101755 0.11748005)
(0.019586965 -0.00085518525 0.11748005)
(0.020617857 -0.000900195 0.11748005)
(0.02164875 -0.00094520475 0.11748005)
(0.022679643 -0.0009902145 0.11748005)
(0.023710536 -0.0010352243 0.11748005)
(0.024741429 -0.001080234 0.11748005)
(0.025772322 -0.0011252437 0.11748005)
(0.026803215 -0.0011702535 0.11748005)
(0.027834108 -0.0012152632 0.11748005)
(0.028865001 -0.001260273 0.11748005)
(0.029895893 -0.0013052828 0.11748005)
(0.030926786 -0.0013502925 0.11748005)
(0.031957679 -0.0013953023 0.11748005)
(0.032988572 -0.001440312 0.11748005)
(0.034019465 -0.0014853217 0.11748005)
(0.035050358 -0.0015303315 0.11748005)
(0.036081251 -0.0015753412 0.11748005)
(0.037112143 -0.001620351 0.11748005)
(0.038143036 -0.0016653608 0.11748005)
(0.039173929 -0.0017103705 0.11748005)
(0.040204822 -0.0017553803 0.11748005)
(0.041235715 -0.00180039 0.11748005)
(0.0010308929 4.500975e-05 0.11748005)
(0.0020617858 9.00195e-05 0.11748005)
(0.0030926786 0.00013502925 0.11748005)
(0.0041235715 0.000180039 0.11748005)
(0.0051544644 0.00022504875 0.11748005)
(0.0061853572 0.0002700585 0.11748005)
(0.0072162501 0.00031506825 0.11748005)
(0.008247143 0.000360078 0.11748005)
(0.0092780359 0.00040508775 0.11748005)
(0.010308929 0.0004500975 0.11748005)
(0.011339822 0.00049510725 0.11748005)
(0.012370714 0.000540117 0.11748005)
(0.013401607 0.00058512675 0.11748005)
(0.0144325 0.0006301365 0.11748005)
(0.015463393 0.00067514625 0.11748005)
(0.016494286 0.000720156 0.11748005)
(0.017525179 0.00076516575 0.11748005)
(0.018556072 0.0008101755 0.11748005)
(0.019586965 0.00085518525 0.11748005)
(0.020617857 0.000900195 0.11748005)
(0.02164875 0.00094520475 0.11748005)
(0.022679643 0.0009902145 0.11748005)
(0.023710536 0.0010352243 0.11748005)
(0.024741429 0.001080234 0.11748005)
(0.025772322 0.0011252437 0.11748005)
(0.026803215 0.0011702535 0.11748005)
(0.027834108 0.0012152632 0.11748005)
(0.028865001 0.001260273 0.11748005)
(0.029895893 0.0013052828 0.11748005)
(0.030926786 0.0013502925 0.11748005)
(0.031957679 0.0013953023 0.11748005)
(0.032988572 0.001440312 0.11748005)
(0.034019465 0.0014853217 0.11748005)
(0.035050358 0.0015303315 0.11748005)
(0.036081251 0.0015753412 0.11748005)
(0.037112143 0.001620351 0.11748005)
(0.038143036 0.0016653608 0.11748005)
(0.039173929 0.0017103705 0.11748005)
(0.040204822 0.0017553803 0.11748005)
(0.041235715 0.00180039 0.11748005)
(0 0 0.11766312)
(0.0010308929 -4.500975e-05 0.11766312)
(0.0020617858 -9.00195e-05 0.11766312)
(0.0030926786 -0.00013502925 0.11766312)
(0.0041235715 -0.000180039 0.11766312)
(0.0051544644 -0.00022504875 0.11766312)
(0.0061853572 -0.0002700585 0.11766312)
(0.0072162501 -0.00031506825 0.11766312)
(0.008247143 -0.000360078 0.11766312)
(0.0092780359 -0.00040508775 0.11766312)
(0.010308929 -0.0004500975 0.11766312)
(0.011339822 -0.00049510725 0.11766312)
(0.012370714 -0.000540117 0.11766312)
(0.013401607 -0.00058512675 0.11766312)
(0.0144325 -0.0006301365 0.11766312)
(0.015463393 -0.00067514625 0.11766312)
(0.016494286 -0.000720156 0.11766312)
(0.017525179 -0.00076516575 0.11766312)
(0.018556072 -0.0008101755 0.11766312)
(0.019586965 -0.00085518525 0.11766312)
(0.020617857 -0.000900195 0.11766312)
(0.02164875 -0.00094520475 0.11766312)
(0.022679643 -0.0009902145 0.11766312)
(0.023710536 -0.0010352243 0.11766312)
(0.024741429 -0.001080234 0.11766312)
(0.025772322 -0.0011252437 0.11766312)
(0.026803215 -0.0011702535 0.11766312)
(0.027834108 -0.0012152632 0.11766312)
(0.028865001 -0.001260273 0.11766312)
(0.029895893 -0.0013052828 0.11766312)
(0.030926786 -0.0013502925 0.11766312)
(0.031957679 -0.0013953023 0.11766312)
(0.032988572 -0.001440312 0.11766312)
(0.034019465 -0.0014853217 0.11766312)
(0.035050358 -0.0015303315 0.11766312)
(0.036081251 -0.0015753412 0.11766312)
(0.037112143 -0.001620351 0.11766312)
(0.038143036 -0.0016653608 0.11766312)
(0.039173929 -0.0017103705 0.11766312)
(0.040204822 -0.0017553803 0.11766312)
(0.041235715 -0.00180039 0.11766312)
(0.0010308929 4.500975e-05 0.11766312)
(0.0020617858 9.00195e-05 0.11766312)
(0.0030926786 0.00013502925 0.11766312)
(0.0041235715 0.000180039 0.11766312)
(0.0051544644 0.00022504875 0.11766312)
(0.0061853572 0.0002700585 0.11766312)
(0.0072162501 0.00031506825 0.11766312)
(0.008247143 0.000360078 0.11766312)
(0.0092780359 0.00040508775 0.11766312)
(0.010308929 0.0004500975 0.11766312)
(0.011339822 0.00049510725 0.11766312)
(0.012370714 0.000540117 0.11766312)
(0.013401607 0.00058512675 0.11766312)
(0.0144325 0.0006301365 0.11766312)
(0.015463393 0.00067514625 0.11766312)
(0.016494286 0.000720156 0.11766312)
(0.017525179 0.00076516575 0.11766312)
(0.018556072 0.0008101755 0.11766312)
(0.019586965 0.00085518525 0.11766312)
(0.020617857 0.000900195 0.11766312)
(0.02164875 0.00094520475 0.11766312)
(0.022679643 0.0009902145 0.11766312)
(0.023710536 0.0010352243 0.11766312)
(0.024741429 0.001080234 0.11766312)
(0.025772322 0.0011252437 0.11766312)
(0.026803215 0.0011702535 0.11766312)
(0.027834108 0.0012152632 0.11766312)
(0.028865001 0.001260273 0.11766312)
(0.029895893 0.0013052828 0.11766312)
(0.030926786 0.0013502925 0.11766312)
(0.031957679 0.0013953023 0.11766312)
(0.032988572 0.001440312 0.11766312)
(0.034019465 0.0014853217 0.11766312)
(0.035050358 0.0015303315 0.11766312)
(0.036081251 0.0015753412 0.11766312)
(0.037112143 0.001620351 0.11766312)
(0.038143036 0.0016653608 0.11766312)
(0.039173929 0.0017103705 0.11766312)
(0.040204822 0.0017553803 0.11766312)
(0.041235715 0.00180039 0.11766312)
(0 0 0.11784621)
(0.0010308929 -4.500975e-05 0.11784621)
(0.0020617858 -9.00195e-05 0.11784621)
(0.0030926786 -0.00013502925 0.11784621)
(0.0041235715 -0.000180039 0.11784621)
(0.0051544644 -0.00022504875 0.11784621)
(0.0061853572 -0.0002700585 0.11784621)
(0.0072162501 -0.00031506825 0.11784621)
(0.008247143 -0.000360078 0.11784621)
(0.0092780359 -0.00040508775 0.11784621)
(0.010308929 -0.0004500975 0.11784621)
(0.011339822 -0.00049510725 0.11784621)
(0.012370714 -0.000540117 0.11784621)
(0.013401607 -0.00058512675 0.11784621)
(0.0144325 -0.0006301365 0.11784621)
(0.015463393 -0.00067514625 0.11784621)
(0.016494286 -0.000720156 0.11784621)
(0.017525179 -0.00076516575 0.11784621)
(0.018556072 -0.0008101755 0.11784621)
(0.019586965 -0.00085518525 0.11784621)
(0.020617857 -0.000900195 0.11784621)
(0.02164875 -0.00094520475 0.11784621)
(0.022679643 -0.0009902145 0.11784621)
(0.023710536 -0.0010352243 0.11784621)
(0.024741429 -0.001080234 0.11784621)
(0.025772322 -0.0011252437 0.11784621)
(0.026803215 -0.0011702535 0.11784621)
(0.027834108 -0.0012152632 0.11784621)
(0.028865001 -0.001260273 0.11784621)
(0.029895893 -0.0013052828 0.11784621)
(0.030926786 -0.0013502925 0.11784621)
(0.031957679 -0.0013953023 0.11784621)
(0.032988572 -0.001440312 0.11784621)
(0.034019465 -0.0014853217 0.11784621)
(0.035050358 -0.0015303315 0.11784621)
(0.036081251 -0.0015753412 0.11784621)
(0.037112143 -0.001620351 0.11784621)
(0.038143036 -0.0016653608 0.11784621)
(0.039173929 -0.0017103705 0.11784621)
(0.040204822 -0.0017553803 0.11784621)
(0.041235715 -0.00180039 0.11784621)
(0.0010308929 4.500975e-05 0.11784621)
(0.0020617858 9.00195e-05 0.11784621)
(0.0030926786 0.00013502925 0.11784621)
(0.0041235715 0.000180039 0.11784621)
(0.0051544644 0.00022504875 0.11784621)
(0.0061853572 0.0002700585 0.11784621)
(0.0072162501 0.00031506825 0.11784621)
(0.008247143 0.000360078 0.11784621)
(0.0092780359 0.00040508775 0.11784621)
(0.010308929 0.0004500975 0.11784621)
(0.011339822 0.00049510725 0.11784621)
(0.012370714 0.000540117 0.11784621)
(0.013401607 0.00058512675 0.11784621)
(0.0144325 0.0006301365 0.11784621)
(0.015463393 0.00067514625 0.11784621)
(0.016494286 0.000720156 0.11784621)
(0.017525179 0.00076516575 0.11784621)
(0.018556072 0.0008101755 0.11784621)
(0.019586965 0.00085518525 0.11784621)
(0.020617857 0.000900195 0.11784621)
(0.02164875 0.00094520475 0.11784621)
(0.022679643 0.0009902145 0.11784621)
(0.023710536 0.0010352243 0.11784621)
(0.024741429 0.001080234 0.11784621)
(0.025772322 0.0011252437 0.11784621)
(0.026803215 0.0011702535 0.11784621)
(0.027834108 0.0012152632 0.11784621)
(0.028865001 0.001260273 0.11784621)
(0.029895893 0.0013052828 0.11784621)
(0.030926786 0.0013502925 0.11784621)
(0.031957679 0.0013953023 0.11784621)
(0.032988572 0.001440312 0.11784621)
(0.034019465 0.0014853217 0.11784621)
(0.035050358 0.0015303315 0.11784621)
(0.036081251 0.0015753412 0.11784621)
(0.037112143 0.001620351 0.11784621)
(0.038143036 0.0016653608 0.11784621)
(0.039173929 0.0017103705 0.11784621)
(0.040204822 0.0017553803 0.11784621)
(0.041235715 0.00180039 0.11784621)
(0 0 0.11802928)
(0.0010308929 -4.500975e-05 0.11802928)
(0.0020617858 -9.00195e-05 0.11802928)
(0.0030926786 -0.00013502925 0.11802928)
(0.0041235715 -0.000180039 0.11802928)
(0.0051544644 -0.00022504875 0.11802928)
(0.0061853572 -0.0002700585 0.11802928)
(0.0072162501 -0.00031506825 0.11802928)
(0.008247143 -0.000360078 0.11802928)
(0.0092780359 -0.00040508775 0.11802928)
(0.010308929 -0.0004500975 0.11802928)
(0.011339822 -0.00049510725 0.11802928)
(0.012370714 -0.000540117 0.11802928)
(0.013401607 -0.00058512675 0.11802928)
(0.0144325 -0.0006301365 0.11802928)
(0.015463393 -0.00067514625 0.11802928)
(0.016494286 -0.000720156 0.11802928)
(0.017525179 -0.00076516575 0.11802928)
(0.018556072 -0.0008101755 0.11802928)
(0.019586965 -0.00085518525 0.11802928)
(0.020617857 -0.000900195 0.11802928)
(0.02164875 -0.00094520475 0.11802928)
(0.022679643 -0.0009902145 0.11802928)
(0.023710536 -0.0010352243 0.11802928)
(0.024741429 -0.001080234 0.11802928)
(0.025772322 -0.0011252437 0.11802928)
(0.026803215 -0.0011702535 0.11802928)
(0.027834108 -0.0012152632 0.11802928)
(0.028865001 -0.001260273 0.11802928)
(0.029895893 -0.0013052828 0.11802928)
(0.030926786 -0.0013502925 0.11802928)
(0.031957679 -0.0013953023 0.11802928)
(0.032988572 -0.001440312 0.11802928)
(0.034019465 -0.0014853217 0.11802928)
(0.035050358 -0.0015303315 0.11802928)
(0.036081251 -0.0015753412 0.11802928)
(0.037112143 -0.001620351 0.11802928)
(0.038143036 -0.0016653608 0.11802928)
(0.039173929 -0.0017103705 0.11802928)
(0.040204822 -0.0017553803 0.11802928)
(0.041235715 -0.00180039 0.11802928)
(0.0010308929 4.500975e-05 0.11802928)
(0.0020617858 9.00195e-05 0.11802928)
(0.0030926786 0.00013502925 0.11802928)
(0.0041235715 0.000180039 0.11802928)
(0.0051544644 0.00022504875 0.11802928)
(0.0061853572 0.0002700585 0.11802928)
(0.0072162501 0.00031506825 0.11802928)
(0.008247143 0.000360078 0.11802928)
(0.0092780359 0.00040508775 0.11802928)
(0.010308929 0.0004500975 0.11802928)
(0.011339822 0.00049510725 0.11802928)
(0.012370714 0.000540117 0.11802928)
(0.013401607 0.00058512675 0.11802928)
(0.0144325 0.0006301365 0.11802928)
(0.015463393 0.00067514625 0.11802928)
(0.016494286 0.000720156 0.11802928)
(0.017525179 0.00076516575 0.11802928)
(0.018556072 0.0008101755 0.11802928)
(0.019586965 0.00085518525 0.11802928)
(0.020617857 0.000900195 0.11802928)
(0.02164875 0.00094520475 0.11802928)
(0.022679643 0.0009902145 0.11802928)
(0.023710536 0.0010352243 0.11802928)
(0.024741429 0.001080234 0.11802928)
(0.025772322 0.0011252437 0.11802928)
(0.026803215 0.0011702535 0.11802928)
(0.027834108 0.0012152632 0.11802928)
(0.028865001 0.001260273 0.11802928)
(0.029895893 0.0013052828 0.11802928)
(0.030926786 0.0013502925 0.11802928)
(0.031957679 0.0013953023 0.11802928)
(0.032988572 0.001440312 0.11802928)
(0.034019465 0.0014853217 0.11802928)
(0.035050358 0.0015303315 0.11802928)
(0.036081251 0.0015753412 0.11802928)
(0.037112143 0.001620351 0.11802928)
(0.038143036 0.0016653608 0.11802928)
(0.039173929 0.0017103705 0.11802928)
(0.040204822 0.0017553803 0.11802928)
(0.041235715 0.00180039 0.11802928)
(0 0 0.11821236)
(0.0010308929 -4.500975e-05 0.11821236)
(0.0020617858 -9.00195e-05 0.11821236)
(0.0030926786 -0.00013502925 0.11821236)
(0.0041235715 -0.000180039 0.11821236)
(0.0051544644 -0.00022504875 0.11821236)
(0.0061853572 -0.0002700585 0.11821236)
(0.0072162501 -0.00031506825 0.11821236)
(0.008247143 -0.000360078 0.11821236)
(0.0092780359 -0.00040508775 0.11821236)
(0.010308929 -0.0004500975 0.11821236)
(0.011339822 -0.00049510725 0.11821236)
(0.012370714 -0.000540117 0.11821236)
(0.013401607 -0.00058512675 0.11821236)
(0.0144325 -0.0006301365 0.11821236)
(0.015463393 -0.00067514625 0.11821236)
(0.016494286 -0.000720156 0.11821236)
(0.017525179 -0.00076516575 0.11821236)
(0.018556072 -0.0008101755 0.11821236)
(0.019586965 -0.00085518525 0.11821236)
(0.020617857 -0.000900195 0.11821236)
(0.02164875 -0.00094520475 0.11821236)
(0.022679643 -0.0009902145 0.11821236)
(0.023710536 -0.0010352243 0.11821236)
(0.024741429 -0.001080234 0.11821236)
(0.025772322 -0.0011252437 0.11821236)
(0.026803215 -0.0011702535 0.11821236)
(0.027834108 -0.0012152632 0.11821236)
(0.028865001 -0.001260273 0.11821236)
(0.029895893 -0.0013052828 0.11821236)
(0.030926786 -0.0013502925 0.11821236)
(0.031957679 -0.0013953023 0.11821236)
(0.032988572 -0.001440312 0.11821236)
(0.034019465 -0.0014853217 0.11821236)
(0.035050358 -0.0015303315 0.11821236)
(0.036081251 -0.0015753412 0.11821236)
(0.037112143 -0.001620351 0.11821236)
(0.038143036 -0.0016653608 0.11821236)
(0.039173929 -0.0017103705 0.11821236)
(0.040204822 -0.0017553803 0.11821236)
(0.041235715 -0.00180039 0.11821236)
(0.0010308929 4.500975e-05 0.11821236)
(0.0020617858 9.00195e-05 0.11821236)
(0.0030926786 0.00013502925 0.11821236)
(0.0041235715 0.000180039 0.11821236)
(0.0051544644 0.00022504875 0.11821236)
(0.0061853572 0.0002700585 0.11821236)
(0.0072162501 0.00031506825 0.11821236)
(0.008247143 0.000360078 0.11821236)
(0.0092780359 0.00040508775 0.11821236)
(0.010308929 0.0004500975 0.11821236)
(0.011339822 0.00049510725 0.11821236)
(0.012370714 0.000540117 0.11821236)
(0.013401607 0.00058512675 0.11821236)
(0.0144325 0.0006301365 0.11821236)
(0.015463393 0.00067514625 0.11821236)
(0.016494286 0.000720156 0.11821236)
(0.017525179 0.00076516575 0.11821236)
(0.018556072 0.0008101755 0.11821236)
(0.019586965 0.00085518525 0.11821236)
(0.020617857 0.000900195 0.11821236)
(0.02164875 0.00094520475 0.11821236)
(0.022679643 0.0009902145 0.11821236)
(0.023710536 0.0010352243 0.11821236)
(0.024741429 0.001080234 0.11821236)
(0.025772322 0.0011252437 0.11821236)
(0.026803215 0.0011702535 0.11821236)
(0.027834108 0.0012152632 0.11821236)
(0.028865001 0.001260273 0.11821236)
(0.029895893 0.0013052828 0.11821236)
(0.030926786 0.0013502925 0.11821236)
(0.031957679 0.0013953023 0.11821236)
(0.032988572 0.001440312 0.11821236)
(0.034019465 0.0014853217 0.11821236)
(0.035050358 0.0015303315 0.11821236)
(0.036081251 0.0015753412 0.11821236)
(0.037112143 0.001620351 0.11821236)
(0.038143036 0.0016653608 0.11821236)
(0.039173929 0.0017103705 0.11821236)
(0.040204822 0.0017553803 0.11821236)
(0.041235715 0.00180039 0.11821236)
(0 0 0.11839543)
(0.0010308929 -4.500975e-05 0.11839543)
(0.0020617858 -9.00195e-05 0.11839543)
(0.0030926786 -0.00013502925 0.11839543)
(0.0041235715 -0.000180039 0.11839543)
(0.0051544644 -0.00022504875 0.11839543)
(0.0061853572 -0.0002700585 0.11839543)
(0.0072162501 -0.00031506825 0.11839543)
(0.008247143 -0.000360078 0.11839543)
(0.0092780359 -0.00040508775 0.11839543)
(0.010308929 -0.0004500975 0.11839543)
(0.011339822 -0.00049510725 0.11839543)
(0.012370714 -0.000540117 0.11839543)
(0.013401607 -0.00058512675 0.11839543)
(0.0144325 -0.0006301365 0.11839543)
(0.015463393 -0.00067514625 0.11839543)
(0.016494286 -0.000720156 0.11839543)
(0.017525179 -0.00076516575 0.11839543)
(0.018556072 -0.0008101755 0.11839543)
(0.019586965 -0.00085518525 0.11839543)
(0.020617857 -0.000900195 0.11839543)
(0.02164875 -0.00094520475 0.11839543)
(0.022679643 -0.0009902145 0.11839543)
(0.023710536 -0.0010352243 0.11839543)
(0.024741429 -0.001080234 0.11839543)
(0.025772322 -0.0011252437 0.11839543)
(0.026803215 -0.0011702535 0.11839543)
(0.027834108 -0.0012152632 0.11839543)
(0.028865001 -0.001260273 0.11839543)
(0.029895893 -0.0013052828 0.11839543)
(0.030926786 -0.0013502925 0.11839543)
(0.031957679 -0.0013953023 0.11839543)
(0.032988572 -0.001440312 0.11839543)
(0.034019465 -0.0014853217 0.11839543)
(0.035050358 -0.0015303315 0.11839543)
(0.036081251 -0.0015753412 0.11839543)
(0.037112143 -0.001620351 0.11839543)
(0.038143036 -0.0016653608 0.11839543)
(0.039173929 -0.0017103705 0.11839543)
(0.040204822 -0.0017553803 0.11839543)
(0.041235715 -0.00180039 0.11839543)
(0.0010308929 4.500975e-05 0.11839543)
(0.0020617858 9.00195e-05 0.11839543)
(0.0030926786 0.00013502925 0.11839543)
(0.0041235715 0.000180039 0.11839543)
(0.0051544644 0.00022504875 0.11839543)
(0.0061853572 0.0002700585 0.11839543)
(0.0072162501 0.00031506825 0.11839543)
(0.008247143 0.000360078 0.11839543)
(0.0092780359 0.00040508775 0.11839543)
(0.010308929 0.0004500975 0.11839543)
(0.011339822 0.00049510725 0.11839543)
(0.012370714 0.000540117 0.11839543)
(0.013401607 0.00058512675 0.11839543)
(0.0144325 0.0006301365 0.11839543)
(0.015463393 0.00067514625 0.11839543)
(0.016494286 0.000720156 0.11839543)
(0.017525179 0.00076516575 0.11839543)
(0.018556072 0.0008101755 0.11839543)
(0.019586965 0.00085518525 0.11839543)
(0.020617857 0.000900195 0.11839543)
(0.02164875 0.00094520475 0.11839543)
(0.022679643 0.0009902145 0.11839543)
(0.023710536 0.0010352243 0.11839543)
(0.024741429 0.001080234 0.11839543)
(0.025772322 0.0011252437 0.11839543)
(0.026803215 0.0011702535 0.11839543)
(0.027834108 0.0012152632 0.11839543)
(0.028865001 0.001260273 0.11839543)
(0.029895893 0.0013052828 0.11839543)
(0.030926786 0.0013502925 0.11839543)
(0.031957679 0.0013953023 0.11839543)
(0.032988572 0.001440312 0.11839543)
(0.034019465 0.0014853217 0.11839543)
(0.035050358 0.0015303315 0.11839543)
(0.036081251 0.0015753412 0.11839543)
(0.037112143 0.001620351 0.11839543)
(0.038143036 0.0016653608 0.11839543)
(0.039173929 0.0017103705 0.11839543)
(0.040204822 0.0017553803 0.11839543)
(0.041235715 0.00180039 0.11839543)
(0 0 0.11857851)
(0.0010308929 -4.500975e-05 0.11857851)
(0.0020617858 -9.00195e-05 0.11857851)
(0.0030926786 -0.00013502925 0.11857851)
(0.0041235715 -0.000180039 0.11857851)
(0.0051544644 -0.00022504875 0.11857851)
(0.0061853572 -0.0002700585 0.11857851)
(0.0072162501 -0.00031506825 0.11857851)
(0.008247143 -0.000360078 0.11857851)
(0.0092780359 -0.00040508775 0.11857851)
(0.010308929 -0.0004500975 0.11857851)
(0.011339822 -0.00049510725 0.11857851)
(0.012370714 -0.000540117 0.11857851)
(0.013401607 -0.00058512675 0.11857851)
(0.0144325 -0.0006301365 0.11857851)
(0.015463393 -0.00067514625 0.11857851)
(0.016494286 -0.000720156 0.11857851)
(0.017525179 -0.00076516575 0.11857851)
(0.018556072 -0.0008101755 0.11857851)
(0.019586965 -0.00085518525 0.11857851)
(0.020617857 -0.000900195 0.11857851)
(0.02164875 -0.00094520475 0.11857851)
(0.022679643 -0.0009902145 0.11857851)
(0.023710536 -0.0010352243 0.11857851)
(0.024741429 -0.001080234 0.11857851)
(0.025772322 -0.0011252437 0.11857851)
(0.026803215 -0.0011702535 0.11857851)
(0.027834108 -0.0012152632 0.11857851)
(0.028865001 -0.001260273 0.11857851)
(0.029895893 -0.0013052828 0.11857851)
(0.030926786 -0.0013502925 0.11857851)
(0.031957679 -0.0013953023 0.11857851)
(0.032988572 -0.001440312 0.11857851)
(0.034019465 -0.0014853217 0.11857851)
(0.035050358 -0.0015303315 0.11857851)
(0.036081251 -0.0015753412 0.11857851)
(0.037112143 -0.001620351 0.11857851)
(0.038143036 -0.0016653608 0.11857851)
(0.039173929 -0.0017103705 0.11857851)
(0.040204822 -0.0017553803 0.11857851)
(0.041235715 -0.00180039 0.11857851)
(0.0010308929 4.500975e-05 0.11857851)
(0.0020617858 9.00195e-05 0.11857851)
(0.0030926786 0.00013502925 0.11857851)
(0.0041235715 0.000180039 0.11857851)
(0.0051544644 0.00022504875 0.11857851)
(0.0061853572 0.0002700585 0.11857851)
(0.0072162501 0.00031506825 0.11857851)
(0.008247143 0.000360078 0.11857851)
(0.0092780359 0.00040508775 0.11857851)
(0.010308929 0.0004500975 0.11857851)
(0.011339822 0.00049510725 0.11857851)
(0.012370714 0.000540117 0.11857851)
(0.013401607 0.00058512675 0.11857851)
(0.0144325 0.0006301365 0.11857851)
(0.015463393 0.00067514625 0.11857851)
(0.016494286 0.000720156 0.11857851)
(0.017525179 0.00076516575 0.11857851)
(0.018556072 0.0008101755 0.11857851)
(0.019586965 0.00085518525 0.11857851)
(0.020617857 0.000900195 0.11857851)
(0.02164875 0.00094520475 0.11857851)
(0.022679643 0.0009902145 0.11857851)
(0.023710536 0.0010352243 0.11857851)
(0.024741429 0.001080234 0.11857851)
(0.025772322 0.0011252437 0.11857851)
(0.026803215 0.0011702535 0.11857851)
(0.027834108 0.0012152632 0.11857851)
(0.028865001 0.001260273 0.11857851)
(0.029895893 0.0013052828 0.11857851)
(0.030926786 0.0013502925 0.11857851)
(0.031957679 0.0013953023 0.11857851)
(0.032988572 0.001440312 0.11857851)
(0.034019465 0.0014853217 0.11857851)
(0.035050358 0.0015303315 0.11857851)
(0.036081251 0.0015753412 0.11857851)
(0.037112143 0.001620351 0.11857851)
(0.038143036 0.0016653608 0.11857851)
(0.039173929 0.0017103705 0.11857851)
(0.040204822 0.0017553803 0.11857851)
(0.041235715 0.00180039 0.11857851)
(0 0 0.11876158)
(0.0010308929 -4.500975e-05 0.11876158)
(0.0020617858 -9.00195e-05 0.11876158)
(0.0030926786 -0.00013502925 0.11876158)
(0.0041235715 -0.000180039 0.11876158)
(0.0051544644 -0.00022504875 0.11876158)
(0.0061853572 -0.0002700585 0.11876158)
(0.0072162501 -0.00031506825 0.11876158)
(0.008247143 -0.000360078 0.11876158)
(0.0092780359 -0.00040508775 0.11876158)
(0.010308929 -0.0004500975 0.11876158)
(0.011339822 -0.00049510725 0.11876158)
(0.012370714 -0.000540117 0.11876158)
(0.013401607 -0.00058512675 0.11876158)
(0.0144325 -0.0006301365 0.11876158)
(0.015463393 -0.00067514625 0.11876158)
(0.016494286 -0.000720156 0.11876158)
(0.017525179 -0.00076516575 0.11876158)
(0.018556072 -0.0008101755 0.11876158)
(0.019586965 -0.00085518525 0.11876158)
(0.020617857 -0.000900195 0.11876158)
(0.02164875 -0.00094520475 0.11876158)
(0.022679643 -0.0009902145 0.11876158)
(0.023710536 -0.0010352243 0.11876158)
(0.024741429 -0.001080234 0.11876158)
(0.025772322 -0.0011252437 0.11876158)
(0.026803215 -0.0011702535 0.11876158)
(0.027834108 -0.0012152632 0.11876158)
(0.028865001 -0.001260273 0.11876158)
(0.029895893 -0.0013052828 0.11876158)
(0.030926786 -0.0013502925 0.11876158)
(0.031957679 -0.0013953023 0.11876158)
(0.032988572 -0.001440312 0.11876158)
(0.034019465 -0.0014853217 0.11876158)
(0.035050358 -0.0015303315 0.11876158)
(0.036081251 -0.0015753412 0.11876158)
(0.037112143 -0.001620351 0.11876158)
(0.038143036 -0.0016653608 0.11876158)
(0.039173929 -0.0017103705 0.11876158)
(0.040204822 -0.0017553803 0.11876158)
(0.041235715 -0.00180039 0.11876158)
(0.0010308929 4.500975e-05 0.11876158)
(0.0020617858 9.00195e-05 0.11876158)
(0.0030926786 0.00013502925 0.11876158)
(0.0041235715 0.000180039 0.11876158)
(0.0051544644 0.00022504875 0.11876158)
(0.0061853572 0.0002700585 0.11876158)
(0.0072162501 0.00031506825 0.11876158)
(0.008247143 0.000360078 0.11876158)
(0.0092780359 0.00040508775 0.11876158)
(0.010308929 0.0004500975 0.11876158)
(0.011339822 0.00049510725 0.11876158)
(0.012370714 0.000540117 0.11876158)
(0.013401607 0.00058512675 0.11876158)
(0.0144325 0.0006301365 0.11876158)
(0.015463393 0.00067514625 0.11876158)
(0.016494286 0.000720156 0.11876158)
(0.017525179 0.00076516575 0.11876158)
(0.018556072 0.0008101755 0.11876158)
(0.019586965 0.00085518525 0.11876158)
(0.020617857 0.000900195 0.11876158)
(0.02164875 0.00094520475 0.11876158)
(0.022679643 0.0009902145 0.11876158)
(0.023710536 0.0010352243 0.11876158)
(0.024741429 0.001080234 0.11876158)
(0.025772322 0.0011252437 0.11876158)
(0.026803215 0.0011702535 0.11876158)
(0.027834108 0.0012152632 0.11876158)
(0.028865001 0.001260273 0.11876158)
(0.029895893 0.0013052828 0.11876158)
(0.030926786 0.0013502925 0.11876158)
(0.031957679 0.0013953023 0.11876158)
(0.032988572 0.001440312 0.11876158)
(0.034019465 0.0014853217 0.11876158)
(0.035050358 0.0015303315 0.11876158)
(0.036081251 0.0015753412 0.11876158)
(0.037112143 0.001620351 0.11876158)
(0.038143036 0.0016653608 0.11876158)
(0.039173929 0.0017103705 0.11876158)
(0.040204822 0.0017553803 0.11876158)
(0.041235715 0.00180039 0.11876158)
(0 0 0.11894465)
(0.0010308929 -4.500975e-05 0.11894465)
(0.0020617858 -9.00195e-05 0.11894465)
(0.0030926786 -0.00013502925 0.11894465)
(0.0041235715 -0.000180039 0.11894465)
(0.0051544644 -0.00022504875 0.11894465)
(0.0061853572 -0.0002700585 0.11894465)
(0.0072162501 -0.00031506825 0.11894465)
(0.008247143 -0.000360078 0.11894465)
(0.0092780359 -0.00040508775 0.11894465)
(0.010308929 -0.0004500975 0.11894465)
(0.011339822 -0.00049510725 0.11894465)
(0.012370714 -0.000540117 0.11894465)
(0.013401607 -0.00058512675 0.11894465)
(0.0144325 -0.0006301365 0.11894465)
(0.015463393 -0.00067514625 0.11894465)
(0.016494286 -0.000720156 0.11894465)
(0.017525179 -0.00076516575 0.11894465)
(0.018556072 -0.0008101755 0.11894465)
(0.019586965 -0.00085518525 0.11894465)
(0.020617857 -0.000900195 0.11894465)
(0.02164875 -0.00094520475 0.11894465)
(0.022679643 -0.0009902145 0.11894465)
(0.023710536 -0.0010352243 0.11894465)
(0.024741429 -0.001080234 0.11894465)
(0.025772322 -0.0011252437 0.11894465)
(0.026803215 -0.0011702535 0.11894465)
(0.027834108 -0.0012152632 0.11894465)
(0.028865001 -0.001260273 0.11894465)
(0.029895893 -0.0013052828 0.11894465)
(0.030926786 -0.0013502925 0.11894465)
(0.031957679 -0.0013953023 0.11894465)
(0.032988572 -0.001440312 0.11894465)
(0.034019465 -0.0014853217 0.11894465)
(0.035050358 -0.0015303315 0.11894465)
(0.036081251 -0.0015753412 0.11894465)
(0.037112143 -0.001620351 0.11894465)
(0.038143036 -0.0016653608 0.11894465)
(0.039173929 -0.0017103705 0.11894465)
(0.040204822 -0.0017553803 0.11894465)
(0.041235715 -0.00180039 0.11894465)
(0.0010308929 4.500975e-05 0.11894465)
(0.0020617858 9.00195e-05 0.11894465)
(0.0030926786 0.00013502925 0.11894465)
(0.0041235715 0.000180039 0.11894465)
(0.0051544644 0.00022504875 0.11894465)
(0.0061853572 0.0002700585 0.11894465)
(0.0072162501 0.00031506825 0.11894465)
(0.008247143 0.000360078 0.11894465)
(0.0092780359 0.00040508775 0.11894465)
(0.010308929 0.0004500975 0.11894465)
(0.011339822 0.00049510725 0.11894465)
(0.012370714 0.000540117 0.11894465)
(0.013401607 0.00058512675 0.11894465)
(0.0144325 0.0006301365 0.11894465)
(0.015463393 0.00067514625 0.11894465)
(0.016494286 0.000720156 0.11894465)
(0.017525179 0.00076516575 0.11894465)
(0.018556072 0.0008101755 0.11894465)
(0.019586965 0.00085518525 0.11894465)
(0.020617857 0.000900195 0.11894465)
(0.02164875 0.00094520475 0.11894465)
(0.022679643 0.0009902145 0.11894465)
(0.023710536 0.0010352243 0.11894465)
(0.024741429 0.001080234 0.11894465)
(0.025772322 0.0011252437 0.11894465)
(0.026803215 0.0011702535 0.11894465)
(0.027834108 0.0012152632 0.11894465)
(0.028865001 0.001260273 0.11894465)
(0.029895893 0.0013052828 0.11894465)
(0.030926786 0.0013502925 0.11894465)
(0.031957679 0.0013953023 0.11894465)
(0.032988572 0.001440312 0.11894465)
(0.034019465 0.0014853217 0.11894465)
(0.035050358 0.0015303315 0.11894465)
(0.036081251 0.0015753412 0.11894465)
(0.037112143 0.001620351 0.11894465)
(0.038143036 0.0016653608 0.11894465)
(0.039173929 0.0017103705 0.11894465)
(0.040204822 0.0017553803 0.11894465)
(0.041235715 0.00180039 0.11894465)
(0 0 0.11912774)
(0.0010308929 -4.500975e-05 0.11912774)
(0.0020617858 -9.00195e-05 0.11912774)
(0.0030926786 -0.00013502925 0.11912774)
(0.0041235715 -0.000180039 0.11912774)
(0.0051544644 -0.00022504875 0.11912774)
(0.0061853572 -0.0002700585 0.11912774)
(0.0072162501 -0.00031506825 0.11912774)
(0.008247143 -0.000360078 0.11912774)
(0.0092780359 -0.00040508775 0.11912774)
(0.010308929 -0.0004500975 0.11912774)
(0.011339822 -0.00049510725 0.11912774)
(0.012370714 -0.000540117 0.11912774)
(0.013401607 -0.00058512675 0.11912774)
(0.0144325 -0.0006301365 0.11912774)
(0.015463393 -0.00067514625 0.11912774)
(0.016494286 -0.000720156 0.11912774)
(0.017525179 -0.00076516575 0.11912774)
(0.018556072 -0.0008101755 0.11912774)
(0.019586965 -0.00085518525 0.11912774)
(0.020617857 -0.000900195 0.11912774)
(0.02164875 -0.00094520475 0.11912774)
(0.022679643 -0.0009902145 0.11912774)
(0.023710536 -0.0010352243 0.11912774)
(0.024741429 -0.001080234 0.11912774)
(0.025772322 -0.0011252437 0.11912774)
(0.026803215 -0.0011702535 0.11912774)
(0.027834108 -0.0012152632 0.11912774)
(0.028865001 -0.001260273 0.11912774)
(0.029895893 -0.0013052828 0.11912774)
(0.030926786 -0.0013502925 0.11912774)
(0.031957679 -0.0013953023 0.11912774)
(0.032988572 -0.001440312 0.11912774)
(0.034019465 -0.0014853217 0.11912774)
(0.035050358 -0.0015303315 0.11912774)
(0.036081251 -0.0015753412 0.11912774)
(0.037112143 -0.001620351 0.11912774)
(0.038143036 -0.0016653608 0.11912774)
(0.039173929 -0.0017103705 0.11912774)
(0.040204822 -0.0017553803 0.11912774)
(0.041235715 -0.00180039 0.11912774)
(0.0010308929 4.500975e-05 0.11912774)
(0.0020617858 9.00195e-05 0.11912774)
(0.0030926786 0.00013502925 0.11912774)
(0.0041235715 0.000180039 0.11912774)
(0.0051544644 0.00022504875 0.11912774)
(0.0061853572 0.0002700585 0.11912774)
(0.0072162501 0.00031506825 0.11912774)
(0.008247143 0.000360078 0.11912774)
(0.0092780359 0.00040508775 0.11912774)
(0.010308929 0.0004500975 0.11912774)
(0.011339822 0.00049510725 0.11912774)
(0.012370714 0.000540117 0.11912774)
(0.013401607 0.00058512675 0.11912774)
(0.0144325 0.0006301365 0.11912774)
(0.015463393 0.00067514625 0.11912774)
(0.016494286 0.000720156 0.11912774)
(0.017525179 0.00076516575 0.11912774)
(0.018556072 0.0008101755 0.11912774)
(0.019586965 0.00085518525 0.11912774)
(0.020617857 0.000900195 0.11912774)
(0.02164875 0.00094520475 0.11912774)
(0.022679643 0.0009902145 0.11912774)
(0.023710536 0.0010352243 0.11912774)
(0.024741429 0.001080234 0.11912774)
(0.025772322 0.0011252437 0.11912774)
(0.026803215 0.0011702535 0.11912774)
(0.027834108 0.0012152632 0.11912774)
(0.028865001 0.001260273 0.11912774)
(0.029895893 0.0013052828 0.11912774)
(0.030926786 0.0013502925 0.11912774)
(0.031957679 0.0013953023 0.11912774)
(0.032988572 0.001440312 0.11912774)
(0.034019465 0.0014853217 0.11912774)
(0.035050358 0.0015303315 0.11912774)
(0.036081251 0.0015753412 0.11912774)
(0.037112143 0.001620351 0.11912774)
(0.038143036 0.0016653608 0.11912774)
(0.039173929 0.0017103705 0.11912774)
(0.040204822 0.0017553803 0.11912774)
(0.041235715 0.00180039 0.11912774)
(0 0 0.11931081)
(0.0010308929 -4.500975e-05 0.11931081)
(0.0020617858 -9.00195e-05 0.11931081)
(0.0030926786 -0.00013502925 0.11931081)
(0.0041235715 -0.000180039 0.11931081)
(0.0051544644 -0.00022504875 0.11931081)
(0.0061853572 -0.0002700585 0.11931081)
(0.0072162501 -0.00031506825 0.11931081)
(0.008247143 -0.000360078 0.11931081)
(0.0092780359 -0.00040508775 0.11931081)
(0.010308929 -0.0004500975 0.11931081)
(0.011339822 -0.00049510725 0.11931081)
(0.012370714 -0.000540117 0.11931081)
(0.013401607 -0.00058512675 0.11931081)
(0.0144325 -0.0006301365 0.11931081)
(0.015463393 -0.00067514625 0.11931081)
(0.016494286 -0.000720156 0.11931081)
(0.017525179 -0.00076516575 0.11931081)
(0.018556072 -0.0008101755 0.11931081)
(0.019586965 -0.00085518525 0.11931081)
(0.020617857 -0.000900195 0.11931081)
(0.02164875 -0.00094520475 0.11931081)
(0.022679643 -0.0009902145 0.11931081)
(0.023710536 -0.0010352243 0.11931081)
(0.024741429 -0.001080234 0.11931081)
(0.025772322 -0.0011252437 0.11931081)
(0.026803215 -0.0011702535 0.11931081)
(0.027834108 -0.0012152632 0.11931081)
(0.028865001 -0.001260273 0.11931081)
(0.029895893 -0.0013052828 0.11931081)
(0.030926786 -0.0013502925 0.11931081)
(0.031957679 -0.0013953023 0.11931081)
(0.032988572 -0.001440312 0.11931081)
(0.034019465 -0.0014853217 0.11931081)
(0.035050358 -0.0015303315 0.11931081)
(0.036081251 -0.0015753412 0.11931081)
(0.037112143 -0.001620351 0.11931081)
(0.038143036 -0.0016653608 0.11931081)
(0.039173929 -0.0017103705 0.11931081)
(0.040204822 -0.0017553803 0.11931081)
(0.041235715 -0.00180039 0.11931081)
(0.0010308929 4.500975e-05 0.11931081)
(0.0020617858 9.00195e-05 0.11931081)
(0.0030926786 0.00013502925 0.11931081)
(0.0041235715 0.000180039 0.11931081)
(0.0051544644 0.00022504875 0.11931081)
(0.0061853572 0.0002700585 0.11931081)
(0.0072162501 0.00031506825 0.11931081)
(0.008247143 0.000360078 0.11931081)
(0.0092780359 0.00040508775 0.11931081)
(0.010308929 0.0004500975 0.11931081)
(0.011339822 0.00049510725 0.11931081)
(0.012370714 0.000540117 0.11931081)
(0.013401607 0.00058512675 0.11931081)
(0.0144325 0.0006301365 0.11931081)
(0.015463393 0.00067514625 0.11931081)
(0.016494286 0.000720156 0.11931081)
(0.017525179 0.00076516575 0.11931081)
(0.018556072 0.0008101755 0.11931081)
(0.019586965 0.00085518525 0.11931081)
(0.020617857 0.000900195 0.11931081)
(0.02164875 0.00094520475 0.11931081)
(0.022679643 0.0009902145 0.11931081)
(0.023710536 0.0010352243 0.11931081)
(0.024741429 0.001080234 0.11931081)
(0.025772322 0.0011252437 0.11931081)
(0.026803215 0.0011702535 0.11931081)
(0.027834108 0.0012152632 0.11931081)
(0.028865001 0.001260273 0.11931081)
(0.029895893 0.0013052828 0.11931081)
(0.030926786 0.0013502925 0.11931081)
(0.031957679 0.0013953023 0.11931081)
(0.032988572 0.001440312 0.11931081)
(0.034019465 0.0014853217 0.11931081)
(0.035050358 0.0015303315 0.11931081)
(0.036081251 0.0015753412 0.11931081)
(0.037112143 0.001620351 0.11931081)
(0.038143036 0.0016653608 0.11931081)
(0.039173929 0.0017103705 0.11931081)
(0.040204822 0.0017553803 0.11931081)
(0.041235715 0.00180039 0.11931081)
(0 0 0.11949389)
(0.0010308929 -4.500975e-05 0.11949389)
(0.0020617858 -9.00195e-05 0.11949389)
(0.0030926786 -0.00013502925 0.11949389)
(0.0041235715 -0.000180039 0.11949389)
(0.0051544644 -0.00022504875 0.11949389)
(0.0061853572 -0.0002700585 0.11949389)
(0.0072162501 -0.00031506825 0.11949389)
(0.008247143 -0.000360078 0.11949389)
(0.0092780359 -0.00040508775 0.11949389)
(0.010308929 -0.0004500975 0.11949389)
(0.011339822 -0.00049510725 0.11949389)
(0.012370714 -0.000540117 0.11949389)
(0.013401607 -0.00058512675 0.11949389)
(0.0144325 -0.0006301365 0.11949389)
(0.015463393 -0.00067514625 0.11949389)
(0.016494286 -0.000720156 0.11949389)
(0.017525179 -0.00076516575 0.11949389)
(0.018556072 -0.0008101755 0.11949389)
(0.019586965 -0.00085518525 0.11949389)
(0.020617857 -0.000900195 0.11949389)
(0.02164875 -0.00094520475 0.11949389)
(0.022679643 -0.0009902145 0.11949389)
(0.023710536 -0.0010352243 0.11949389)
(0.024741429 -0.001080234 0.11949389)
(0.025772322 -0.0011252437 0.11949389)
(0.026803215 -0.0011702535 0.11949389)
(0.027834108 -0.0012152632 0.11949389)
(0.028865001 -0.001260273 0.11949389)
(0.029895893 -0.0013052828 0.11949389)
(0.030926786 -0.0013502925 0.11949389)
(0.031957679 -0.0013953023 0.11949389)
(0.032988572 -0.001440312 0.11949389)
(0.034019465 -0.0014853217 0.11949389)
(0.035050358 -0.0015303315 0.11949389)
(0.036081251 -0.0015753412 0.11949389)
(0.037112143 -0.001620351 0.11949389)
(0.038143036 -0.0016653608 0.11949389)
(0.039173929 -0.0017103705 0.11949389)
(0.040204822 -0.0017553803 0.11949389)
(0.041235715 -0.00180039 0.11949389)
(0.0010308929 4.500975e-05 0.11949389)
(0.0020617858 9.00195e-05 0.11949389)
(0.0030926786 0.00013502925 0.11949389)
(0.0041235715 0.000180039 0.11949389)
(0.0051544644 0.00022504875 0.11949389)
(0.0061853572 0.0002700585 0.11949389)
(0.0072162501 0.00031506825 0.11949389)
(0.008247143 0.000360078 0.11949389)
(0.0092780359 0.00040508775 0.11949389)
(0.010308929 0.0004500975 0.11949389)
(0.011339822 0.00049510725 0.11949389)
(0.012370714 0.000540117 0.11949389)
(0.013401607 0.00058512675 0.11949389)
(0.0144325 0.0006301365 0.11949389)
(0.015463393 0.00067514625 0.11949389)
(0.016494286 0.000720156 0.11949389)
(0.017525179 0.00076516575 0.11949389)
(0.018556072 0.0008101755 0.11949389)
(0.019586965 0.00085518525 0.11949389)
(0.020617857 0.000900195 0.11949389)
(0.02164875 0.00094520475 0.11949389)
(0.022679643 0.0009902145 0.11949389)
(0.023710536 0.0010352243 0.11949389)
(0.024741429 0.001080234 0.11949389)
(0.025772322 0.0011252437 0.11949389)
(0.026803215 0.0011702535 0.11949389)
(0.027834108 0.0012152632 0.11949389)
(0.028865001 0.001260273 0.11949389)
(0.029895893 0.0013052828 0.11949389)
(0.030926786 0.0013502925 0.11949389)
(0.031957679 0.0013953023 0.11949389)
(0.032988572 0.001440312 0.11949389)
(0.034019465 0.0014853217 0.11949389)
(0.035050358 0.0015303315 0.11949389)
(0.036081251 0.0015753412 0.11949389)
(0.037112143 0.001620351 0.11949389)
(0.038143036 0.0016653608 0.11949389)
(0.039173929 0.0017103705 0.11949389)
(0.040204822 0.0017553803 0.11949389)
(0.041235715 0.00180039 0.11949389)
(0 0 0.11967696)
(0.0010308929 -4.500975e-05 0.11967696)
(0.0020617858 -9.00195e-05 0.11967696)
(0.0030926786 -0.00013502925 0.11967696)
(0.0041235715 -0.000180039 0.11967696)
(0.0051544644 -0.00022504875 0.11967696)
(0.0061853572 -0.0002700585 0.11967696)
(0.0072162501 -0.00031506825 0.11967696)
(0.008247143 -0.000360078 0.11967696)
(0.0092780359 -0.00040508775 0.11967696)
(0.010308929 -0.0004500975 0.11967696)
(0.011339822 -0.00049510725 0.11967696)
(0.012370714 -0.000540117 0.11967696)
(0.013401607 -0.00058512675 0.11967696)
(0.0144325 -0.0006301365 0.11967696)
(0.015463393 -0.00067514625 0.11967696)
(0.016494286 -0.000720156 0.11967696)
(0.017525179 -0.00076516575 0.11967696)
(0.018556072 -0.0008101755 0.11967696)
(0.019586965 -0.00085518525 0.11967696)
(0.020617857 -0.000900195 0.11967696)
(0.02164875 -0.00094520475 0.11967696)
(0.022679643 -0.0009902145 0.11967696)
(0.023710536 -0.0010352243 0.11967696)
(0.024741429 -0.001080234 0.11967696)
(0.025772322 -0.0011252437 0.11967696)
(0.026803215 -0.0011702535 0.11967696)
(0.027834108 -0.0012152632 0.11967696)
(0.028865001 -0.001260273 0.11967696)
(0.029895893 -0.0013052828 0.11967696)
(0.030926786 -0.0013502925 0.11967696)
(0.031957679 -0.0013953023 0.11967696)
(0.032988572 -0.001440312 0.11967696)
(0.034019465 -0.0014853217 0.11967696)
(0.035050358 -0.0015303315 0.11967696)
(0.036081251 -0.0015753412 0.11967696)
(0.037112143 -0.001620351 0.11967696)
(0.038143036 -0.0016653608 0.11967696)
(0.039173929 -0.0017103705 0.11967696)
(0.040204822 -0.0017553803 0.11967696)
(0.041235715 -0.00180039 0.11967696)
(0.0010308929 4.500975e-05 0.11967696)
(0.0020617858 9.00195e-05 0.11967696)
(0.0030926786 0.00013502925 0.11967696)
(0.0041235715 0.000180039 0.11967696)
(0.0051544644 0.00022504875 0.11967696)
(0.0061853572 0.0002700585 0.11967696)
(0.0072162501 0.00031506825 0.11967696)
(0.008247143 0.000360078 0.11967696)
(0.0092780359 0.00040508775 0.11967696)
(0.010308929 0.0004500975 0.11967696)
(0.011339822 0.00049510725 0.11967696)
(0.012370714 0.000540117 0.11967696)
(0.013401607 0.00058512675 0.11967696)
(0.0144325 0.0006301365 0.11967696)
(0.015463393 0.00067514625 0.11967696)
(0.016494286 0.000720156 0.11967696)
(0.017525179 0.00076516575 0.11967696)
(0.018556072 0.0008101755 0.11967696)
(0.019586965 0.00085518525 0.11967696)
(0.020617857 0.000900195 0.11967696)
(0.02164875 0.00094520475 0.11967696)
(0.022679643 0.0009902145 0.11967696)
(0.023710536 0.0010352243 0.11967696)
(0.024741429 0.001080234 0.11967696)
(0.025772322 0.0011252437 0.11967696)
(0.026803215 0.0011702535 0.11967696)
(0.027834108 0.0012152632 0.11967696)
(0.028865001 0.001260273 0.11967696)
(0.029895893 0.0013052828 0.11967696)
(0.030926786 0.0013502925 0.11967696)
(0.031957679 0.0013953023 0.11967696)
(0.032988572 0.001440312 0.11967696)
(0.034019465 0.0014853217 0.11967696)
(0.035050358 0.0015303315 0.11967696)
(0.036081251 0.0015753412 0.11967696)
(0.037112143 0.001620351 0.11967696)
(0.038143036 0.0016653608 0.11967696)
(0.039173929 0.0017103705 0.11967696)
(0.040204822 0.0017553803 0.11967696)
(0.041235715 0.00180039 0.11967696)
(0 0 0.11986004)
(0.0010308929 -4.500975e-05 0.11986004)
(0.0020617858 -9.00195e-05 0.11986004)
(0.0030926786 -0.00013502925 0.11986004)
(0.0041235715 -0.000180039 0.11986004)
(0.0051544644 -0.00022504875 0.11986004)
(0.0061853572 -0.0002700585 0.11986004)
(0.0072162501 -0.00031506825 0.11986004)
(0.008247143 -0.000360078 0.11986004)
(0.0092780359 -0.00040508775 0.11986004)
(0.010308929 -0.0004500975 0.11986004)
(0.011339822 -0.00049510725 0.11986004)
(0.012370714 -0.000540117 0.11986004)
(0.013401607 -0.00058512675 0.11986004)
(0.0144325 -0.0006301365 0.11986004)
(0.015463393 -0.00067514625 0.11986004)
(0.016494286 -0.000720156 0.11986004)
(0.017525179 -0.00076516575 0.11986004)
(0.018556072 -0.0008101755 0.11986004)
(0.019586965 -0.00085518525 0.11986004)
(0.020617857 -0.000900195 0.11986004)
(0.02164875 -0.00094520475 0.11986004)
(0.022679643 -0.0009902145 0.11986004)
(0.023710536 -0.0010352243 0.11986004)
(0.024741429 -0.001080234 0.11986004)
(0.025772322 -0.0011252437 0.11986004)
(0.026803215 -0.0011702535 0.11986004)
(0.027834108 -0.0012152632 0.11986004)
(0.028865001 -0.001260273 0.11986004)
(0.029895893 -0.0013052828 0.11986004)
(0.030926786 -0.0013502925 0.11986004)
(0.031957679 -0.0013953023 0.11986004)
(0.032988572 -0.001440312 0.11986004)
(0.034019465 -0.0014853217 0.11986004)
(0.035050358 -0.0015303315 0.11986004)
(0.036081251 -0.0015753412 0.11986004)
(0.037112143 -0.001620351 0.11986004)
(0.038143036 -0.0016653608 0.11986004)
(0.039173929 -0.0017103705 0.11986004)
(0.040204822 -0.0017553803 0.11986004)
(0.041235715 -0.00180039 0.11986004)
(0.0010308929 4.500975e-05 0.11986004)
(0.0020617858 9.00195e-05 0.11986004)
(0.0030926786 0.00013502925 0.11986004)
(0.0041235715 0.000180039 0.11986004)
(0.0051544644 0.00022504875 0.11986004)
(0.0061853572 0.0002700585 0.11986004)
(0.0072162501 0.00031506825 0.11986004)
(0.008247143 0.000360078 0.11986004)
(0.0092780359 0.00040508775 0.11986004)
(0.010308929 0.0004500975 0.11986004)
(0.011339822 0.00049510725 0.11986004)
(0.012370714 0.000540117 0.11986004)
(0.013401607 0.00058512675 0.11986004)
(0.0144325 0.0006301365 0.11986004)
(0.015463393 0.00067514625 0.11986004)
(0.016494286 0.000720156 0.11986004)
(0.017525179 0.00076516575 0.11986004)
(0.018556072 0.0008101755 0.11986004)
(0.019586965 0.00085518525 0.11986004)
(0.020617857 0.000900195 0.11986004)
(0.02164875 0.00094520475 0.11986004)
(0.022679643 0.0009902145 0.11986004)
(0.023710536 0.0010352243 0.11986004)
(0.024741429 0.001080234 0.11986004)
(0.025772322 0.0011252437 0.11986004)
(0.026803215 0.0011702535 0.11986004)
(0.027834108 0.0012152632 0.11986004)
(0.028865001 0.001260273 0.11986004)
(0.029895893 0.0013052828 0.11986004)
(0.030926786 0.0013502925 0.11986004)
(0.031957679 0.0013953023 0.11986004)
(0.032988572 0.001440312 0.11986004)
(0.034019465 0.0014853217 0.11986004)
(0.035050358 0.0015303315 0.11986004)
(0.036081251 0.0015753412 0.11986004)
(0.037112143 0.001620351 0.11986004)
(0.038143036 0.0016653608 0.11986004)
(0.039173929 0.0017103705 0.11986004)
(0.040204822 0.0017553803 0.11986004)
(0.041235715 0.00180039 0.11986004)
(0 0 0.12004311)
(0.0010308929 -4.500975e-05 0.12004311)
(0.0020617858 -9.00195e-05 0.12004311)
(0.0030926786 -0.00013502925 0.12004311)
(0.0041235715 -0.000180039 0.12004311)
(0.0051544644 -0.00022504875 0.12004311)
(0.0061853572 -0.0002700585 0.12004311)
(0.0072162501 -0.00031506825 0.12004311)
(0.008247143 -0.000360078 0.12004311)
(0.0092780359 -0.00040508775 0.12004311)
(0.010308929 -0.0004500975 0.12004311)
(0.011339822 -0.00049510725 0.12004311)
(0.012370714 -0.000540117 0.12004311)
(0.013401607 -0.00058512675 0.12004311)
(0.0144325 -0.0006301365 0.12004311)
(0.015463393 -0.00067514625 0.12004311)
(0.016494286 -0.000720156 0.12004311)
(0.017525179 -0.00076516575 0.12004311)
(0.018556072 -0.0008101755 0.12004311)
(0.019586965 -0.00085518525 0.12004311)
(0.020617857 -0.000900195 0.12004311)
(0.02164875 -0.00094520475 0.12004311)
(0.022679643 -0.0009902145 0.12004311)
(0.023710536 -0.0010352243 0.12004311)
(0.024741429 -0.001080234 0.12004311)
(0.025772322 -0.0011252437 0.12004311)
(0.026803215 -0.0011702535 0.12004311)
(0.027834108 -0.0012152632 0.12004311)
(0.028865001 -0.001260273 0.12004311)
(0.029895893 -0.0013052828 0.12004311)
(0.030926786 -0.0013502925 0.12004311)
(0.031957679 -0.0013953023 0.12004311)
(0.032988572 -0.001440312 0.12004311)
(0.034019465 -0.0014853217 0.12004311)
(0.035050358 -0.0015303315 0.12004311)
(0.036081251 -0.0015753412 0.12004311)
(0.037112143 -0.001620351 0.12004311)
(0.038143036 -0.0016653608 0.12004311)
(0.039173929 -0.0017103705 0.12004311)
(0.040204822 -0.0017553803 0.12004311)
(0.041235715 -0.00180039 0.12004311)
(0.0010308929 4.500975e-05 0.12004311)
(0.0020617858 9.00195e-05 0.12004311)
(0.0030926786 0.00013502925 0.12004311)
(0.0041235715 0.000180039 0.12004311)
(0.0051544644 0.00022504875 0.12004311)
(0.0061853572 0.0002700585 0.12004311)
(0.0072162501 0.00031506825 0.12004311)
(0.008247143 0.000360078 0.12004311)
(0.0092780359 0.00040508775 0.12004311)
(0.010308929 0.0004500975 0.12004311)
(0.011339822 0.00049510725 0.12004311)
(0.012370714 0.000540117 0.12004311)
(0.013401607 0.00058512675 0.12004311)
(0.0144325 0.0006301365 0.12004311)
(0.015463393 0.00067514625 0.12004311)
(0.016494286 0.000720156 0.12004311)
(0.017525179 0.00076516575 0.12004311)
(0.018556072 0.0008101755 0.12004311)
(0.019586965 0.00085518525 0.12004311)
(0.020617857 0.000900195 0.12004311)
(0.02164875 0.00094520475 0.12004311)
(0.022679643 0.0009902145 0.12004311)
(0.023710536 0.0010352243 0.12004311)
(0.024741429 0.001080234 0.12004311)
(0.025772322 0.0011252437 0.12004311)
(0.026803215 0.0011702535 0.12004311)
(0.027834108 0.0012152632 0.12004311)
(0.028865001 0.001260273 0.12004311)
(0.029895893 0.0013052828 0.12004311)
(0.030926786 0.0013502925 0.12004311)
(0.031957679 0.0013953023 0.12004311)
(0.032988572 0.001440312 0.12004311)
(0.034019465 0.0014853217 0.12004311)
(0.035050358 0.0015303315 0.12004311)
(0.036081251 0.0015753412 0.12004311)
(0.037112143 0.001620351 0.12004311)
(0.038143036 0.0016653608 0.12004311)
(0.039173929 0.0017103705 0.12004311)
(0.040204822 0.0017553803 0.12004311)
(0.041235715 0.00180039 0.12004311)
(0 0 0.1202262)
(0.0010308929 -4.500975e-05 0.1202262)
(0.0020617858 -9.00195e-05 0.1202262)
(0.0030926786 -0.00013502925 0.1202262)
(0.0041235715 -0.000180039 0.1202262)
(0.0051544644 -0.00022504875 0.1202262)
(0.0061853572 -0.0002700585 0.1202262)
(0.0072162501 -0.00031506825 0.1202262)
(0.008247143 -0.000360078 0.1202262)
(0.0092780359 -0.00040508775 0.1202262)
(0.010308929 -0.0004500975 0.1202262)
(0.011339822 -0.00049510725 0.1202262)
(0.012370714 -0.000540117 0.1202262)
(0.013401607 -0.00058512675 0.1202262)
(0.0144325 -0.0006301365 0.1202262)
(0.015463393 -0.00067514625 0.1202262)
(0.016494286 -0.000720156 0.1202262)
(0.017525179 -0.00076516575 0.1202262)
(0.018556072 -0.0008101755 0.1202262)
(0.019586965 -0.00085518525 0.1202262)
(0.020617857 -0.000900195 0.1202262)
(0.02164875 -0.00094520475 0.1202262)
(0.022679643 -0.0009902145 0.1202262)
(0.023710536 -0.0010352243 0.1202262)
(0.024741429 -0.001080234 0.1202262)
(0.025772322 -0.0011252437 0.1202262)
(0.026803215 -0.0011702535 0.1202262)
(0.027834108 -0.0012152632 0.1202262)
(0.028865001 -0.001260273 0.1202262)
(0.029895893 -0.0013052828 0.1202262)
(0.030926786 -0.0013502925 0.1202262)
(0.031957679 -0.0013953023 0.1202262)
(0.032988572 -0.001440312 0.1202262)
(0.034019465 -0.0014853217 0.1202262)
(0.035050358 -0.0015303315 0.1202262)
(0.036081251 -0.0015753412 0.1202262)
(0.037112143 -0.001620351 0.1202262)
(0.038143036 -0.0016653608 0.1202262)
(0.039173929 -0.0017103705 0.1202262)
(0.040204822 -0.0017553803 0.1202262)
(0.041235715 -0.00180039 0.1202262)
(0.0010308929 4.500975e-05 0.1202262)
(0.0020617858 9.00195e-05 0.1202262)
(0.0030926786 0.00013502925 0.1202262)
(0.0041235715 0.000180039 0.1202262)
(0.0051544644 0.00022504875 0.1202262)
(0.0061853572 0.0002700585 0.1202262)
(0.0072162501 0.00031506825 0.1202262)
(0.008247143 0.000360078 0.1202262)
(0.0092780359 0.00040508775 0.1202262)
(0.010308929 0.0004500975 0.1202262)
(0.011339822 0.00049510725 0.1202262)
(0.012370714 0.000540117 0.1202262)
(0.013401607 0.00058512675 0.1202262)
(0.0144325 0.0006301365 0.1202262)
(0.015463393 0.00067514625 0.1202262)
(0.016494286 0.000720156 0.1202262)
(0.017525179 0.00076516575 0.1202262)
(0.018556072 0.0008101755 0.1202262)
(0.019586965 0.00085518525 0.1202262)
(0.020617857 0.000900195 0.1202262)
(0.02164875 0.00094520475 0.1202262)
(0.022679643 0.0009902145 0.1202262)
(0.023710536 0.0010352243 0.1202262)
(0.024741429 0.001080234 0.1202262)
(0.025772322 0.0011252437 0.1202262)
(0.026803215 0.0011702535 0.1202262)
(0.027834108 0.0012152632 0.1202262)
(0.028865001 0.001260273 0.1202262)
(0.029895893 0.0013052828 0.1202262)
(0.030926786 0.0013502925 0.1202262)
(0.031957679 0.0013953023 0.1202262)
(0.032988572 0.001440312 0.1202262)
(0.034019465 0.0014853217 0.1202262)
(0.035050358 0.0015303315 0.1202262)
(0.036081251 0.0015753412 0.1202262)
(0.037112143 0.001620351 0.1202262)
(0.038143036 0.0016653608 0.1202262)
(0.039173929 0.0017103705 0.1202262)
(0.040204822 0.0017553803 0.1202262)
(0.041235715 0.00180039 0.1202262)
(0 0 0.12040927)
(0.0010308929 -4.500975e-05 0.12040927)
(0.0020617858 -9.00195e-05 0.12040927)
(0.0030926786 -0.00013502925 0.12040927)
(0.0041235715 -0.000180039 0.12040927)
(0.0051544644 -0.00022504875 0.12040927)
(0.0061853572 -0.0002700585 0.12040927)
(0.0072162501 -0.00031506825 0.12040927)
(0.008247143 -0.000360078 0.12040927)
(0.0092780359 -0.00040508775 0.12040927)
(0.010308929 -0.0004500975 0.12040927)
(0.011339822 -0.00049510725 0.12040927)
(0.012370714 -0.000540117 0.12040927)
(0.013401607 -0.00058512675 0.12040927)
(0.0144325 -0.0006301365 0.12040927)
(0.015463393 -0.00067514625 0.12040927)
(0.016494286 -0.000720156 0.12040927)
(0.017525179 -0.00076516575 0.12040927)
(0.018556072 -0.0008101755 0.12040927)
(0.019586965 -0.00085518525 0.12040927)
(0.020617857 -0.000900195 0.12040927)
(0.02164875 -0.00094520475 0.12040927)
(0.022679643 -0.0009902145 0.12040927)
(0.023710536 -0.0010352243 0.12040927)
(0.024741429 -0.001080234 0.12040927)
(0.025772322 -0.0011252437 0.12040927)
(0.026803215 -0.0011702535 0.12040927)
(0.027834108 -0.0012152632 0.12040927)
(0.028865001 -0.001260273 0.12040927)
(0.029895893 -0.0013052828 0.12040927)
(0.030926786 -0.0013502925 0.12040927)
(0.031957679 -0.0013953023 0.12040927)
(0.032988572 -0.001440312 0.12040927)
(0.034019465 -0.0014853217 0.12040927)
(0.035050358 -0.0015303315 0.12040927)
(0.036081251 -0.0015753412 0.12040927)
(0.037112143 -0.001620351 0.12040927)
(0.038143036 -0.0016653608 0.12040927)
(0.039173929 -0.0017103705 0.12040927)
(0.040204822 -0.0017553803 0.12040927)
(0.041235715 -0.00180039 0.12040927)
(0.0010308929 4.500975e-05 0.12040927)
(0.0020617858 9.00195e-05 0.12040927)
(0.0030926786 0.00013502925 0.12040927)
(0.0041235715 0.000180039 0.12040927)
(0.0051544644 0.00022504875 0.12040927)
(0.0061853572 0.0002700585 0.12040927)
(0.0072162501 0.00031506825 0.12040927)
(0.008247143 0.000360078 0.12040927)
(0.0092780359 0.00040508775 0.12040927)
(0.010308929 0.0004500975 0.12040927)
(0.011339822 0.00049510725 0.12040927)
(0.012370714 0.000540117 0.12040927)
(0.013401607 0.00058512675 0.12040927)
(0.0144325 0.0006301365 0.12040927)
(0.015463393 0.00067514625 0.12040927)
(0.016494286 0.000720156 0.12040927)
(0.017525179 0.00076516575 0.12040927)
(0.018556072 0.0008101755 0.12040927)
(0.019586965 0.00085518525 0.12040927)
(0.020617857 0.000900195 0.12040927)
(0.02164875 0.00094520475 0.12040927)
(0.022679643 0.0009902145 0.12040927)
(0.023710536 0.0010352243 0.12040927)
(0.024741429 0.001080234 0.12040927)
(0.025772322 0.0011252437 0.12040927)
(0.026803215 0.0011702535 0.12040927)
(0.027834108 0.0012152632 0.12040927)
(0.028865001 0.001260273 0.12040927)
(0.029895893 0.0013052828 0.12040927)
(0.030926786 0.0013502925 0.12040927)
(0.031957679 0.0013953023 0.12040927)
(0.032988572 0.001440312 0.12040927)
(0.034019465 0.0014853217 0.12040927)
(0.035050358 0.0015303315 0.12040927)
(0.036081251 0.0015753412 0.12040927)
(0.037112143 0.001620351 0.12040927)
(0.038143036 0.0016653608 0.12040927)
(0.039173929 0.0017103705 0.12040927)
(0.040204822 0.0017553803 0.12040927)
(0.041235715 0.00180039 0.12040927)
(0 0 0.12059235)
(0.0010308929 -4.500975e-05 0.12059235)
(0.0020617858 -9.00195e-05 0.12059235)
(0.0030926786 -0.00013502925 0.12059235)
(0.0041235715 -0.000180039 0.12059235)
(0.0051544644 -0.00022504875 0.12059235)
(0.0061853572 -0.0002700585 0.12059235)
(0.0072162501 -0.00031506825 0.12059235)
(0.008247143 -0.000360078 0.12059235)
(0.0092780359 -0.00040508775 0.12059235)
(0.010308929 -0.0004500975 0.12059235)
(0.011339822 -0.00049510725 0.12059235)
(0.012370714 -0.000540117 0.12059235)
(0.013401607 -0.00058512675 0.12059235)
(0.0144325 -0.0006301365 0.12059235)
(0.015463393 -0.00067514625 0.12059235)
(0.016494286 -0.000720156 0.12059235)
(0.017525179 -0.00076516575 0.12059235)
(0.018556072 -0.0008101755 0.12059235)
(0.019586965 -0.00085518525 0.12059235)
(0.020617857 -0.000900195 0.12059235)
(0.02164875 -0.00094520475 0.12059235)
(0.022679643 -0.0009902145 0.12059235)
(0.023710536 -0.0010352243 0.12059235)
(0.024741429 -0.001080234 0.12059235)
(0.025772322 -0.0011252437 0.12059235)
(0.026803215 -0.0011702535 0.12059235)
(0.027834108 -0.0012152632 0.12059235)
(0.028865001 -0.001260273 0.12059235)
(0.029895893 -0.0013052828 0.12059235)
(0.030926786 -0.0013502925 0.12059235)
(0.031957679 -0.0013953023 0.12059235)
(0.032988572 -0.001440312 0.12059235)
(0.034019465 -0.0014853217 0.12059235)
(0.035050358 -0.0015303315 0.12059235)
(0.036081251 -0.0015753412 0.12059235)
(0.037112143 -0.001620351 0.12059235)
(0.038143036 -0.0016653608 0.12059235)
(0.039173929 -0.0017103705 0.12059235)
(0.040204822 -0.0017553803 0.12059235)
(0.041235715 -0.00180039 0.12059235)
(0.0010308929 4.500975e-05 0.12059235)
(0.0020617858 9.00195e-05 0.12059235)
(0.0030926786 0.00013502925 0.12059235)
(0.0041235715 0.000180039 0.12059235)
(0.0051544644 0.00022504875 0.12059235)
(0.0061853572 0.0002700585 0.12059235)
(0.0072162501 0.00031506825 0.12059235)
(0.008247143 0.000360078 0.12059235)
(0.0092780359 0.00040508775 0.12059235)
(0.010308929 0.0004500975 0.12059235)
(0.011339822 0.00049510725 0.12059235)
(0.012370714 0.000540117 0.12059235)
(0.013401607 0.00058512675 0.12059235)
(0.0144325 0.0006301365 0.12059235)
(0.015463393 0.00067514625 0.12059235)
(0.016494286 0.000720156 0.12059235)
(0.017525179 0.00076516575 0.12059235)
(0.018556072 0.0008101755 0.12059235)
(0.019586965 0.00085518525 0.12059235)
(0.020617857 0.000900195 0.12059235)
(0.02164875 0.00094520475 0.12059235)
(0.022679643 0.0009902145 0.12059235)
(0.023710536 0.0010352243 0.12059235)
(0.024741429 0.001080234 0.12059235)
(0.025772322 0.0011252437 0.12059235)
(0.026803215 0.0011702535 0.12059235)
(0.027834108 0.0012152632 0.12059235)
(0.028865001 0.001260273 0.12059235)
(0.029895893 0.0013052828 0.12059235)
(0.030926786 0.0013502925 0.12059235)
(0.031957679 0.0013953023 0.12059235)
(0.032988572 0.001440312 0.12059235)
(0.034019465 0.0014853217 0.12059235)
(0.035050358 0.0015303315 0.12059235)
(0.036081251 0.0015753412 0.12059235)
(0.037112143 0.001620351 0.12059235)
(0.038143036 0.0016653608 0.12059235)
(0.039173929 0.0017103705 0.12059235)
(0.040204822 0.0017553803 0.12059235)
(0.041235715 0.00180039 0.12059235)
(0 0 0.12077542)
(0.0010308929 -4.500975e-05 0.12077542)
(0.0020617858 -9.00195e-05 0.12077542)
(0.0030926786 -0.00013502925 0.12077542)
(0.0041235715 -0.000180039 0.12077542)
(0.0051544644 -0.00022504875 0.12077542)
(0.0061853572 -0.0002700585 0.12077542)
(0.0072162501 -0.00031506825 0.12077542)
(0.008247143 -0.000360078 0.12077542)
(0.0092780359 -0.00040508775 0.12077542)
(0.010308929 -0.0004500975 0.12077542)
(0.011339822 -0.00049510725 0.12077542)
(0.012370714 -0.000540117 0.12077542)
(0.013401607 -0.00058512675 0.12077542)
(0.0144325 -0.0006301365 0.12077542)
(0.015463393 -0.00067514625 0.12077542)
(0.016494286 -0.000720156 0.12077542)
(0.017525179 -0.00076516575 0.12077542)
(0.018556072 -0.0008101755 0.12077542)
(0.019586965 -0.00085518525 0.12077542)
(0.020617857 -0.000900195 0.12077542)
(0.02164875 -0.00094520475 0.12077542)
(0.022679643 -0.0009902145 0.12077542)
(0.023710536 -0.0010352243 0.12077542)
(0.024741429 -0.001080234 0.12077542)
(0.025772322 -0.0011252437 0.12077542)
(0.026803215 -0.0011702535 0.12077542)
(0.027834108 -0.0012152632 0.12077542)
(0.028865001 -0.001260273 0.12077542)
(0.029895893 -0.0013052828 0.12077542)
(0.030926786 -0.0013502925 0.12077542)
(0.031957679 -0.0013953023 0.12077542)
(0.032988572 -0.001440312 0.12077542)
(0.034019465 -0.0014853217 0.12077542)
(0.035050358 -0.0015303315 0.12077542)
(0.036081251 -0.0015753412 0.12077542)
(0.037112143 -0.001620351 0.12077542)
(0.038143036 -0.0016653608 0.12077542)
(0.039173929 -0.0017103705 0.12077542)
(0.040204822 -0.0017553803 0.12077542)
(0.041235715 -0.00180039 0.12077542)
(0.0010308929 4.500975e-05 0.12077542)
(0.0020617858 9.00195e-05 0.12077542)
(0.0030926786 0.00013502925 0.12077542)
(0.0041235715 0.000180039 0.12077542)
(0.0051544644 0.00022504875 0.12077542)
(0.0061853572 0.0002700585 0.12077542)
(0.0072162501 0.00031506825 0.12077542)
(0.008247143 0.000360078 0.12077542)
(0.0092780359 0.00040508775 0.12077542)
(0.010308929 0.0004500975 0.12077542)
(0.011339822 0.00049510725 0.12077542)
(0.012370714 0.000540117 0.12077542)
(0.013401607 0.00058512675 0.12077542)
(0.0144325 0.0006301365 0.12077542)
(0.015463393 0.00067514625 0.12077542)
(0.016494286 0.000720156 0.12077542)
(0.017525179 0.00076516575 0.12077542)
(0.018556072 0.0008101755 0.12077542)
(0.019586965 0.00085518525 0.12077542)
(0.020617857 0.000900195 0.12077542)
(0.02164875 0.00094520475 0.12077542)
(0.022679643 0.0009902145 0.12077542)
(0.023710536 0.0010352243 0.12077542)
(0.024741429 0.001080234 0.12077542)
(0.025772322 0.0011252437 0.12077542)
(0.026803215 0.0011702535 0.12077542)
(0.027834108 0.0012152632 0.12077542)
(0.028865001 0.001260273 0.12077542)
(0.029895893 0.0013052828 0.12077542)
(0.030926786 0.0013502925 0.12077542)
(0.031957679 0.0013953023 0.12077542)
(0.032988572 0.001440312 0.12077542)
(0.034019465 0.0014853217 0.12077542)
(0.035050358 0.0015303315 0.12077542)
(0.036081251 0.0015753412 0.12077542)
(0.037112143 0.001620351 0.12077542)
(0.038143036 0.0016653608 0.12077542)
(0.039173929 0.0017103705 0.12077542)
(0.040204822 0.0017553803 0.12077542)
(0.041235715 0.00180039 0.12077542)
(0 0 0.12095849)
(0.0010308929 -4.500975e-05 0.12095849)
(0.0020617858 -9.00195e-05 0.12095849)
(0.0030926786 -0.00013502925 0.12095849)
(0.0041235715 -0.000180039 0.12095849)
(0.0051544644 -0.00022504875 0.12095849)
(0.0061853572 -0.0002700585 0.12095849)
(0.0072162501 -0.00031506825 0.12095849)
(0.008247143 -0.000360078 0.12095849)
(0.0092780359 -0.00040508775 0.12095849)
(0.010308929 -0.0004500975 0.12095849)
(0.011339822 -0.00049510725 0.12095849)
(0.012370714 -0.000540117 0.12095849)
(0.013401607 -0.00058512675 0.12095849)
(0.0144325 -0.0006301365 0.12095849)
(0.015463393 -0.00067514625 0.12095849)
(0.016494286 -0.000720156 0.12095849)
(0.017525179 -0.00076516575 0.12095849)
(0.018556072 -0.0008101755 0.12095849)
(0.019586965 -0.00085518525 0.12095849)
(0.020617857 -0.000900195 0.12095849)
(0.02164875 -0.00094520475 0.12095849)
(0.022679643 -0.0009902145 0.12095849)
(0.023710536 -0.0010352243 0.12095849)
(0.024741429 -0.001080234 0.12095849)
(0.025772322 -0.0011252437 0.12095849)
(0.026803215 -0.0011702535 0.12095849)
(0.027834108 -0.0012152632 0.12095849)
(0.028865001 -0.001260273 0.12095849)
(0.029895893 -0.0013052828 0.12095849)
(0.030926786 -0.0013502925 0.12095849)
(0.031957679 -0.0013953023 0.12095849)
(0.032988572 -0.001440312 0.12095849)
(0.034019465 -0.0014853217 0.12095849)
(0.035050358 -0.0015303315 0.12095849)
(0.036081251 -0.0015753412 0.12095849)
(0.037112143 -0.001620351 0.12095849)
(0.038143036 -0.0016653608 0.12095849)
(0.039173929 -0.0017103705 0.12095849)
(0.040204822 -0.0017553803 0.12095849)
(0.041235715 -0.00180039 0.12095849)
(0.0010308929 4.500975e-05 0.12095849)
(0.0020617858 9.00195e-05 0.12095849)
(0.0030926786 0.00013502925 0.12095849)
(0.0041235715 0.000180039 0.12095849)
(0.0051544644 0.00022504875 0.12095849)
(0.0061853572 0.0002700585 0.12095849)
(0.0072162501 0.00031506825 0.12095849)
(0.008247143 0.000360078 0.12095849)
(0.0092780359 0.00040508775 0.12095849)
(0.010308929 0.0004500975 0.12095849)
(0.011339822 0.00049510725 0.12095849)
(0.012370714 0.000540117 0.12095849)
(0.013401607 0.00058512675 0.12095849)
(0.0144325 0.0006301365 0.12095849)
(0.015463393 0.00067514625 0.12095849)
(0.016494286 0.000720156 0.12095849)
(0.017525179 0.00076516575 0.12095849)
(0.018556072 0.0008101755 0.12095849)
(0.019586965 0.00085518525 0.12095849)
(0.020617857 0.000900195 0.12095849)
(0.02164875 0.00094520475 0.12095849)
(0.022679643 0.0009902145 0.12095849)
(0.023710536 0.0010352243 0.12095849)
(0.024741429 0.001080234 0.12095849)
(0.025772322 0.0011252437 0.12095849)
(0.026803215 0.0011702535 0.12095849)
(0.027834108 0.0012152632 0.12095849)
(0.028865001 0.001260273 0.12095849)
(0.029895893 0.0013052828 0.12095849)
(0.030926786 0.0013502925 0.12095849)
(0.031957679 0.0013953023 0.12095849)
(0.032988572 0.001440312 0.12095849)
(0.034019465 0.0014853217 0.12095849)
(0.035050358 0.0015303315 0.12095849)
(0.036081251 0.0015753412 0.12095849)
(0.037112143 0.001620351 0.12095849)
(0.038143036 0.0016653608 0.12095849)
(0.039173929 0.0017103705 0.12095849)
(0.040204822 0.0017553803 0.12095849)
(0.041235715 0.00180039 0.12095849)
(0 0 0.12114157)
(0.0010308929 -4.500975e-05 0.12114157)
(0.0020617858 -9.00195e-05 0.12114157)
(0.0030926786 -0.00013502925 0.12114157)
(0.0041235715 -0.000180039 0.12114157)
(0.0051544644 -0.00022504875 0.12114157)
(0.0061853572 -0.0002700585 0.12114157)
(0.0072162501 -0.00031506825 0.12114157)
(0.008247143 -0.000360078 0.12114157)
(0.0092780359 -0.00040508775 0.12114157)
(0.010308929 -0.0004500975 0.12114157)
(0.011339822 -0.00049510725 0.12114157)
(0.012370714 -0.000540117 0.12114157)
(0.013401607 -0.00058512675 0.12114157)
(0.0144325 -0.0006301365 0.12114157)
(0.015463393 -0.00067514625 0.12114157)
(0.016494286 -0.000720156 0.12114157)
(0.017525179 -0.00076516575 0.12114157)
(0.018556072 -0.0008101755 0.12114157)
(0.019586965 -0.00085518525 0.12114157)
(0.020617857 -0.000900195 0.12114157)
(0.02164875 -0.00094520475 0.12114157)
(0.022679643 -0.0009902145 0.12114157)
(0.023710536 -0.0010352243 0.12114157)
(0.024741429 -0.001080234 0.12114157)
(0.025772322 -0.0011252437 0.12114157)
(0.026803215 -0.0011702535 0.12114157)
(0.027834108 -0.0012152632 0.12114157)
(0.028865001 -0.001260273 0.12114157)
(0.029895893 -0.0013052828 0.12114157)
(0.030926786 -0.0013502925 0.12114157)
(0.031957679 -0.0013953023 0.12114157)
(0.032988572 -0.001440312 0.12114157)
(0.034019465 -0.0014853217 0.12114157)
(0.035050358 -0.0015303315 0.12114157)
(0.036081251 -0.0015753412 0.12114157)
(0.037112143 -0.001620351 0.12114157)
(0.038143036 -0.0016653608 0.12114157)
(0.039173929 -0.0017103705 0.12114157)
(0.040204822 -0.0017553803 0.12114157)
(0.041235715 -0.00180039 0.12114157)
(0.0010308929 4.500975e-05 0.12114157)
(0.0020617858 9.00195e-05 0.12114157)
(0.0030926786 0.00013502925 0.12114157)
(0.0041235715 0.000180039 0.12114157)
(0.0051544644 0.00022504875 0.12114157)
(0.0061853572 0.0002700585 0.12114157)
(0.0072162501 0.00031506825 0.12114157)
(0.008247143 0.000360078 0.12114157)
(0.0092780359 0.00040508775 0.12114157)
(0.010308929 0.0004500975 0.12114157)
(0.011339822 0.00049510725 0.12114157)
(0.012370714 0.000540117 0.12114157)
(0.013401607 0.00058512675 0.12114157)
(0.0144325 0.0006301365 0.12114157)
(0.015463393 0.00067514625 0.12114157)
(0.016494286 0.000720156 0.12114157)
(0.017525179 0.00076516575 0.12114157)
(0.018556072 0.0008101755 0.12114157)
(0.019586965 0.00085518525 0.12114157)
(0.020617857 0.000900195 0.12114157)
(0.02164875 0.00094520475 0.12114157)
(0.022679643 0.0009902145 0.12114157)
(0.023710536 0.0010352243 0.12114157)
(0.024741429 0.001080234 0.12114157)
(0.025772322 0.0011252437 0.12114157)
(0.026803215 0.0011702535 0.12114157)
(0.027834108 0.0012152632 0.12114157)
(0.028865001 0.001260273 0.12114157)
(0.029895893 0.0013052828 0.12114157)
(0.030926786 0.0013502925 0.12114157)
(0.031957679 0.0013953023 0.12114157)
(0.032988572 0.001440312 0.12114157)
(0.034019465 0.0014853217 0.12114157)
(0.035050358 0.0015303315 0.12114157)
(0.036081251 0.0015753412 0.12114157)
(0.037112143 0.001620351 0.12114157)
(0.038143036 0.0016653608 0.12114157)
(0.039173929 0.0017103705 0.12114157)
(0.040204822 0.0017553803 0.12114157)
(0.041235715 0.00180039 0.12114157)
(0 0 0.12132464)
(0.0010308929 -4.500975e-05 0.12132464)
(0.0020617858 -9.00195e-05 0.12132464)
(0.0030926786 -0.00013502925 0.12132464)
(0.0041235715 -0.000180039 0.12132464)
(0.0051544644 -0.00022504875 0.12132464)
(0.0061853572 -0.0002700585 0.12132464)
(0.0072162501 -0.00031506825 0.12132464)
(0.008247143 -0.000360078 0.12132464)
(0.0092780359 -0.00040508775 0.12132464)
(0.010308929 -0.0004500975 0.12132464)
(0.011339822 -0.00049510725 0.12132464)
(0.012370714 -0.000540117 0.12132464)
(0.013401607 -0.00058512675 0.12132464)
(0.0144325 -0.0006301365 0.12132464)
(0.015463393 -0.00067514625 0.12132464)
(0.016494286 -0.000720156 0.12132464)
(0.017525179 -0.00076516575 0.12132464)
(0.018556072 -0.0008101755 0.12132464)
(0.019586965 -0.00085518525 0.12132464)
(0.020617857 -0.000900195 0.12132464)
(0.02164875 -0.00094520475 0.12132464)
(0.022679643 -0.0009902145 0.12132464)
(0.023710536 -0.0010352243 0.12132464)
(0.024741429 -0.001080234 0.12132464)
(0.025772322 -0.0011252437 0.12132464)
(0.026803215 -0.0011702535 0.12132464)
(0.027834108 -0.0012152632 0.12132464)
(0.028865001 -0.001260273 0.12132464)
(0.029895893 -0.0013052828 0.12132464)
(0.030926786 -0.0013502925 0.12132464)
(0.031957679 -0.0013953023 0.12132464)
(0.032988572 -0.001440312 0.12132464)
(0.034019465 -0.0014853217 0.12132464)
(0.035050358 -0.0015303315 0.12132464)
(0.036081251 -0.0015753412 0.12132464)
(0.037112143 -0.001620351 0.12132464)
(0.038143036 -0.0016653608 0.12132464)
(0.039173929 -0.0017103705 0.12132464)
(0.040204822 -0.0017553803 0.12132464)
(0.041235715 -0.00180039 0.12132464)
(0.0010308929 4.500975e-05 0.12132464)
(0.0020617858 9.00195e-05 0.12132464)
(0.0030926786 0.00013502925 0.12132464)
(0.0041235715 0.000180039 0.12132464)
(0.0051544644 0.00022504875 0.12132464)
(0.0061853572 0.0002700585 0.12132464)
(0.0072162501 0.00031506825 0.12132464)
(0.008247143 0.000360078 0.12132464)
(0.0092780359 0.00040508775 0.12132464)
(0.010308929 0.0004500975 0.12132464)
(0.011339822 0.00049510725 0.12132464)
(0.012370714 0.000540117 0.12132464)
(0.013401607 0.00058512675 0.12132464)
(0.0144325 0.0006301365 0.12132464)
(0.015463393 0.00067514625 0.12132464)
(0.016494286 0.000720156 0.12132464)
(0.017525179 0.00076516575 0.12132464)
(0.018556072 0.0008101755 0.12132464)
(0.019586965 0.00085518525 0.12132464)
(0.020617857 0.000900195 0.12132464)
(0.02164875 0.00094520475 0.12132464)
(0.022679643 0.0009902145 0.12132464)
(0.023710536 0.0010352243 0.12132464)
(0.024741429 0.001080234 0.12132464)
(0.025772322 0.0011252437 0.12132464)
(0.026803215 0.0011702535 0.12132464)
(0.027834108 0.0012152632 0.12132464)
(0.028865001 0.001260273 0.12132464)
(0.029895893 0.0013052828 0.12132464)
(0.030926786 0.0013502925 0.12132464)
(0.031957679 0.0013953023 0.12132464)
(0.032988572 0.001440312 0.12132464)
(0.034019465 0.0014853217 0.12132464)
(0.035050358 0.0015303315 0.12132464)
(0.036081251 0.0015753412 0.12132464)
(0.037112143 0.001620351 0.12132464)
(0.038143036 0.0016653608 0.12132464)
(0.039173929 0.0017103705 0.12132464)
(0.040204822 0.0017553803 0.12132464)
(0.041235715 0.00180039 0.12132464)
(0 0 0.12150773)
(0.0010308929 -4.500975e-05 0.12150773)
(0.0020617858 -9.00195e-05 0.12150773)
(0.0030926786 -0.00013502925 0.12150773)
(0.0041235715 -0.000180039 0.12150773)
(0.0051544644 -0.00022504875 0.12150773)
(0.0061853572 -0.0002700585 0.12150773)
(0.0072162501 -0.00031506825 0.12150773)
(0.008247143 -0.000360078 0.12150773)
(0.0092780359 -0.00040508775 0.12150773)
(0.010308929 -0.0004500975 0.12150773)
(0.011339822 -0.00049510725 0.12150773)
(0.012370714 -0.000540117 0.12150773)
(0.013401607 -0.00058512675 0.12150773)
(0.0144325 -0.0006301365 0.12150773)
(0.015463393 -0.00067514625 0.12150773)
(0.016494286 -0.000720156 0.12150773)
(0.017525179 -0.00076516575 0.12150773)
(0.018556072 -0.0008101755 0.12150773)
(0.019586965 -0.00085518525 0.12150773)
(0.020617857 -0.000900195 0.12150773)
(0.02164875 -0.00094520475 0.12150773)
(0.022679643 -0.0009902145 0.12150773)
(0.023710536 -0.0010352243 0.12150773)
(0.024741429 -0.001080234 0.12150773)
(0.025772322 -0.0011252437 0.12150773)
(0.026803215 -0.0011702535 0.12150773)
(0.027834108 -0.0012152632 0.12150773)
(0.028865001 -0.001260273 0.12150773)
(0.029895893 -0.0013052828 0.12150773)
(0.030926786 -0.0013502925 0.12150773)
(0.031957679 -0.0013953023 0.12150773)
(0.032988572 -0.001440312 0.12150773)
(0.034019465 -0.0014853217 0.12150773)
(0.035050358 -0.0015303315 0.12150773)
(0.036081251 -0.0015753412 0.12150773)
(0.037112143 -0.001620351 0.12150773)
(0.038143036 -0.0016653608 0.12150773)
(0.039173929 -0.0017103705 0.12150773)
(0.040204822 -0.0017553803 0.12150773)
(0.041235715 -0.00180039 0.12150773)
(0.0010308929 4.500975e-05 0.12150773)
(0.0020617858 9.00195e-05 0.12150773)
(0.0030926786 0.00013502925 0.12150773)
(0.0041235715 0.000180039 0.12150773)
(0.0051544644 0.00022504875 0.12150773)
(0.0061853572 0.0002700585 0.12150773)
(0.0072162501 0.00031506825 0.12150773)
(0.008247143 0.000360078 0.12150773)
(0.0092780359 0.00040508775 0.12150773)
(0.010308929 0.0004500975 0.12150773)
(0.011339822 0.00049510725 0.12150773)
(0.012370714 0.000540117 0.12150773)
(0.013401607 0.00058512675 0.12150773)
(0.0144325 0.0006301365 0.12150773)
(0.015463393 0.00067514625 0.12150773)
(0.016494286 0.000720156 0.12150773)
(0.017525179 0.00076516575 0.12150773)
(0.018556072 0.0008101755 0.12150773)
(0.019586965 0.00085518525 0.12150773)
(0.020617857 0.000900195 0.12150773)
(0.02164875 0.00094520475 0.12150773)
(0.022679643 0.0009902145 0.12150773)
(0.023710536 0.0010352243 0.12150773)
(0.024741429 0.001080234 0.12150773)
(0.025772322 0.0011252437 0.12150773)
(0.026803215 0.0011702535 0.12150773)
(0.027834108 0.0012152632 0.12150773)
(0.028865001 0.001260273 0.12150773)
(0.029895893 0.0013052828 0.12150773)
(0.030926786 0.0013502925 0.12150773)
(0.031957679 0.0013953023 0.12150773)
(0.032988572 0.001440312 0.12150773)
(0.034019465 0.0014853217 0.12150773)
(0.035050358 0.0015303315 0.12150773)
(0.036081251 0.0015753412 0.12150773)
(0.037112143 0.001620351 0.12150773)
(0.038143036 0.0016653608 0.12150773)
(0.039173929 0.0017103705 0.12150773)
(0.040204822 0.0017553803 0.12150773)
(0.041235715 0.00180039 0.12150773)
(0 0 0.1216908)
(0.0010308929 -4.500975e-05 0.1216908)
(0.0020617858 -9.00195e-05 0.1216908)
(0.0030926786 -0.00013502925 0.1216908)
(0.0041235715 -0.000180039 0.1216908)
(0.0051544644 -0.00022504875 0.1216908)
(0.0061853572 -0.0002700585 0.1216908)
(0.0072162501 -0.00031506825 0.1216908)
(0.008247143 -0.000360078 0.1216908)
(0.0092780359 -0.00040508775 0.1216908)
(0.010308929 -0.0004500975 0.1216908)
(0.011339822 -0.00049510725 0.1216908)
(0.012370714 -0.000540117 0.1216908)
(0.013401607 -0.00058512675 0.1216908)
(0.0144325 -0.0006301365 0.1216908)
(0.015463393 -0.00067514625 0.1216908)
(0.016494286 -0.000720156 0.1216908)
(0.017525179 -0.00076516575 0.1216908)
(0.018556072 -0.0008101755 0.1216908)
(0.019586965 -0.00085518525 0.1216908)
(0.020617857 -0.000900195 0.1216908)
(0.02164875 -0.00094520475 0.1216908)
(0.022679643 -0.0009902145 0.1216908)
(0.023710536 -0.0010352243 0.1216908)
(0.024741429 -0.001080234 0.1216908)
(0.025772322 -0.0011252437 0.1216908)
(0.026803215 -0.0011702535 0.1216908)
(0.027834108 -0.0012152632 0.1216908)
(0.028865001 -0.001260273 0.1216908)
(0.029895893 -0.0013052828 0.1216908)
(0.030926786 -0.0013502925 0.1216908)
(0.031957679 -0.0013953023 0.1216908)
(0.032988572 -0.001440312 0.1216908)
(0.034019465 -0.0014853217 0.1216908)
(0.035050358 -0.0015303315 0.1216908)
(0.036081251 -0.0015753412 0.1216908)
(0.037112143 -0.001620351 0.1216908)
(0.038143036 -0.0016653608 0.1216908)
(0.039173929 -0.0017103705 0.1216908)
(0.040204822 -0.0017553803 0.1216908)
(0.041235715 -0.00180039 0.1216908)
(0.0010308929 4.500975e-05 0.1216908)
(0.0020617858 9.00195e-05 0.1216908)
(0.0030926786 0.00013502925 0.1216908)
(0.0041235715 0.000180039 0.1216908)
(0.0051544644 0.00022504875 0.1216908)
(0.0061853572 0.0002700585 0.1216908)
(0.0072162501 0.00031506825 0.1216908)
(0.008247143 0.000360078 0.1216908)
(0.0092780359 0.00040508775 0.1216908)
(0.010308929 0.0004500975 0.1216908)
(0.011339822 0.00049510725 0.1216908)
(0.012370714 0.000540117 0.1216908)
(0.013401607 0.00058512675 0.1216908)
(0.0144325 0.0006301365 0.1216908)
(0.015463393 0.00067514625 0.1216908)
(0.016494286 0.000720156 0.1216908)
(0.017525179 0.00076516575 0.1216908)
(0.018556072 0.0008101755 0.1216908)
(0.019586965 0.00085518525 0.1216908)
(0.020617857 0.000900195 0.1216908)
(0.02164875 0.00094520475 0.1216908)
(0.022679643 0.0009902145 0.1216908)
(0.023710536 0.0010352243 0.1216908)
(0.024741429 0.001080234 0.1216908)
(0.025772322 0.0011252437 0.1216908)
(0.026803215 0.0011702535 0.1216908)
(0.027834108 0.0012152632 0.1216908)
(0.028865001 0.001260273 0.1216908)
(0.029895893 0.0013052828 0.1216908)
(0.030926786 0.0013502925 0.1216908)
(0.031957679 0.0013953023 0.1216908)
(0.032988572 0.001440312 0.1216908)
(0.034019465 0.0014853217 0.1216908)
(0.035050358 0.0015303315 0.1216908)
(0.036081251 0.0015753412 0.1216908)
(0.037112143 0.001620351 0.1216908)
(0.038143036 0.0016653608 0.1216908)
(0.039173929 0.0017103705 0.1216908)
(0.040204822 0.0017553803 0.1216908)
(0.041235715 0.00180039 0.1216908)
(0 0 0.12187388)
(0.0010308929 -4.500975e-05 0.12187388)
(0.0020617858 -9.00195e-05 0.12187388)
(0.0030926786 -0.00013502925 0.12187388)
(0.0041235715 -0.000180039 0.12187388)
(0.0051544644 -0.00022504875 0.12187388)
(0.0061853572 -0.0002700585 0.12187388)
(0.0072162501 -0.00031506825 0.12187388)
(0.008247143 -0.000360078 0.12187388)
(0.0092780359 -0.00040508775 0.12187388)
(0.010308929 -0.0004500975 0.12187388)
(0.011339822 -0.00049510725 0.12187388)
(0.012370714 -0.000540117 0.12187388)
(0.013401607 -0.00058512675 0.12187388)
(0.0144325 -0.0006301365 0.12187388)
(0.015463393 -0.00067514625 0.12187388)
(0.016494286 -0.000720156 0.12187388)
(0.017525179 -0.00076516575 0.12187388)
(0.018556072 -0.0008101755 0.12187388)
(0.019586965 -0.00085518525 0.12187388)
(0.020617857 -0.000900195 0.12187388)
(0.02164875 -0.00094520475 0.12187388)
(0.022679643 -0.0009902145 0.12187388)
(0.023710536 -0.0010352243 0.12187388)
(0.024741429 -0.001080234 0.12187388)
(0.025772322 -0.0011252437 0.12187388)
(0.026803215 -0.0011702535 0.12187388)
(0.027834108 -0.0012152632 0.12187388)
(0.028865001 -0.001260273 0.12187388)
(0.029895893 -0.0013052828 0.12187388)
(0.030926786 -0.0013502925 0.12187388)
(0.031957679 -0.0013953023 0.12187388)
(0.032988572 -0.001440312 0.12187388)
(0.034019465 -0.0014853217 0.12187388)
(0.035050358 -0.0015303315 0.12187388)
(0.036081251 -0.0015753412 0.12187388)
(0.037112143 -0.001620351 0.12187388)
(0.038143036 -0.0016653608 0.12187388)
(0.039173929 -0.0017103705 0.12187388)
(0.040204822 -0.0017553803 0.12187388)
(0.041235715 -0.00180039 0.12187388)
(0.0010308929 4.500975e-05 0.12187388)
(0.0020617858 9.00195e-05 0.12187388)
(0.0030926786 0.00013502925 0.12187388)
(0.0041235715 0.000180039 0.12187388)
(0.0051544644 0.00022504875 0.12187388)
(0.0061853572 0.0002700585 0.12187388)
(0.0072162501 0.00031506825 0.12187388)
(0.008247143 0.000360078 0.12187388)
(0.0092780359 0.00040508775 0.12187388)
(0.010308929 0.0004500975 0.12187388)
(0.011339822 0.00049510725 0.12187388)
(0.012370714 0.000540117 0.12187388)
(0.013401607 0.00058512675 0.12187388)
(0.0144325 0.0006301365 0.12187388)
(0.015463393 0.00067514625 0.12187388)
(0.016494286 0.000720156 0.12187388)
(0.017525179 0.00076516575 0.12187388)
(0.018556072 0.0008101755 0.12187388)
(0.019586965 0.00085518525 0.12187388)
(0.020617857 0.000900195 0.12187388)
(0.02164875 0.00094520475 0.12187388)
(0.022679643 0.0009902145 0.12187388)
(0.023710536 0.0010352243 0.12187388)
(0.024741429 0.001080234 0.12187388)
(0.025772322 0.0011252437 0.12187388)
(0.026803215 0.0011702535 0.12187388)
(0.027834108 0.0012152632 0.12187388)
(0.028865001 0.001260273 0.12187388)
(0.029895893 0.0013052828 0.12187388)
(0.030926786 0.0013502925 0.12187388)
(0.031957679 0.0013953023 0.12187388)
(0.032988572 0.001440312 0.12187388)
(0.034019465 0.0014853217 0.12187388)
(0.035050358 0.0015303315 0.12187388)
(0.036081251 0.0015753412 0.12187388)
(0.037112143 0.001620351 0.12187388)
(0.038143036 0.0016653608 0.12187388)
(0.039173929 0.0017103705 0.12187388)
(0.040204822 0.0017553803 0.12187388)
(0.041235715 0.00180039 0.12187388)
(0 0 0.12205695)
(0.0010308929 -4.500975e-05 0.12205695)
(0.0020617858 -9.00195e-05 0.12205695)
(0.0030926786 -0.00013502925 0.12205695)
(0.0041235715 -0.000180039 0.12205695)
(0.0051544644 -0.00022504875 0.12205695)
(0.0061853572 -0.0002700585 0.12205695)
(0.0072162501 -0.00031506825 0.12205695)
(0.008247143 -0.000360078 0.12205695)
(0.0092780359 -0.00040508775 0.12205695)
(0.010308929 -0.0004500975 0.12205695)
(0.011339822 -0.00049510725 0.12205695)
(0.012370714 -0.000540117 0.12205695)
(0.013401607 -0.00058512675 0.12205695)
(0.0144325 -0.0006301365 0.12205695)
(0.015463393 -0.00067514625 0.12205695)
(0.016494286 -0.000720156 0.12205695)
(0.017525179 -0.00076516575 0.12205695)
(0.018556072 -0.0008101755 0.12205695)
(0.019586965 -0.00085518525 0.12205695)
(0.020617857 -0.000900195 0.12205695)
(0.02164875 -0.00094520475 0.12205695)
(0.022679643 -0.0009902145 0.12205695)
(0.023710536 -0.0010352243 0.12205695)
(0.024741429 -0.001080234 0.12205695)
(0.025772322 -0.0011252437 0.12205695)
(0.026803215 -0.0011702535 0.12205695)
(0.027834108 -0.0012152632 0.12205695)
(0.028865001 -0.001260273 0.12205695)
(0.029895893 -0.0013052828 0.12205695)
(0.030926786 -0.0013502925 0.12205695)
(0.031957679 -0.0013953023 0.12205695)
(0.032988572 -0.001440312 0.12205695)
(0.034019465 -0.0014853217 0.12205695)
(0.035050358 -0.0015303315 0.12205695)
(0.036081251 -0.0015753412 0.12205695)
(0.037112143 -0.001620351 0.12205695)
(0.038143036 -0.0016653608 0.12205695)
(0.039173929 -0.0017103705 0.12205695)
(0.040204822 -0.0017553803 0.12205695)
(0.041235715 -0.00180039 0.12205695)
(0.0010308929 4.500975e-05 0.12205695)
(0.0020617858 9.00195e-05 0.12205695)
(0.0030926786 0.00013502925 0.12205695)
(0.0041235715 0.000180039 0.12205695)
(0.0051544644 0.00022504875 0.12205695)
(0.0061853572 0.0002700585 0.12205695)
(0.0072162501 0.00031506825 0.12205695)
(0.008247143 0.000360078 0.12205695)
(0.0092780359 0.00040508775 0.12205695)
(0.010308929 0.0004500975 0.12205695)
(0.011339822 0.00049510725 0.12205695)
(0.012370714 0.000540117 0.12205695)
(0.013401607 0.00058512675 0.12205695)
(0.0144325 0.0006301365 0.12205695)
(0.015463393 0.00067514625 0.12205695)
(0.016494286 0.000720156 0.12205695)
(0.017525179 0.00076516575 0.12205695)
(0.018556072 0.0008101755 0.12205695)
(0.019586965 0.00085518525 0.12205695)
(0.020617857 0.000900195 0.12205695)
(0.02164875 0.00094520475 0.12205695)
(0.022679643 0.0009902145 0.12205695)
(0.023710536 0.0010352243 0.12205695)
(0.024741429 0.001080234 0.12205695)
(0.025772322 0.0011252437 0.12205695)
(0.026803215 0.0011702535 0.12205695)
(0.027834108 0.0012152632 0.12205695)
(0.028865001 0.001260273 0.12205695)
(0.029895893 0.0013052828 0.12205695)
(0.030926786 0.0013502925 0.12205695)
(0.031957679 0.0013953023 0.12205695)
(0.032988572 0.001440312 0.12205695)
(0.034019465 0.0014853217 0.12205695)
(0.035050358 0.0015303315 0.12205695)
(0.036081251 0.0015753412 0.12205695)
(0.037112143 0.001620351 0.12205695)
(0.038143036 0.0016653608 0.12205695)
(0.039173929 0.0017103705 0.12205695)
(0.040204822 0.0017553803 0.12205695)
(0.041235715 0.00180039 0.12205695)
(0 0 0.12224002)
(0.0010308929 -4.500975e-05 0.12224002)
(0.0020617858 -9.00195e-05 0.12224002)
(0.0030926786 -0.00013502925 0.12224002)
(0.0041235715 -0.000180039 0.12224002)
(0.0051544644 -0.00022504875 0.12224002)
(0.0061853572 -0.0002700585 0.12224002)
(0.0072162501 -0.00031506825 0.12224002)
(0.008247143 -0.000360078 0.12224002)
(0.0092780359 -0.00040508775 0.12224002)
(0.010308929 -0.0004500975 0.12224002)
(0.011339822 -0.00049510725 0.12224002)
(0.012370714 -0.000540117 0.12224002)
(0.013401607 -0.00058512675 0.12224002)
(0.0144325 -0.0006301365 0.12224002)
(0.015463393 -0.00067514625 0.12224002)
(0.016494286 -0.000720156 0.12224002)
(0.017525179 -0.00076516575 0.12224002)
(0.018556072 -0.0008101755 0.12224002)
(0.019586965 -0.00085518525 0.12224002)
(0.020617857 -0.000900195 0.12224002)
(0.02164875 -0.00094520475 0.12224002)
(0.022679643 -0.0009902145 0.12224002)
(0.023710536 -0.0010352243 0.12224002)
(0.024741429 -0.001080234 0.12224002)
(0.025772322 -0.0011252437 0.12224002)
(0.026803215 -0.0011702535 0.12224002)
(0.027834108 -0.0012152632 0.12224002)
(0.028865001 -0.001260273 0.12224002)
(0.029895893 -0.0013052828 0.12224002)
(0.030926786 -0.0013502925 0.12224002)
(0.031957679 -0.0013953023 0.12224002)
(0.032988572 -0.001440312 0.12224002)
(0.034019465 -0.0014853217 0.12224002)
(0.035050358 -0.0015303315 0.12224002)
(0.036081251 -0.0015753412 0.12224002)
(0.037112143 -0.001620351 0.12224002)
(0.038143036 -0.0016653608 0.12224002)
(0.039173929 -0.0017103705 0.12224002)
(0.040204822 -0.0017553803 0.12224002)
(0.041235715 -0.00180039 0.12224002)
(0.0010308929 4.500975e-05 0.12224002)
(0.0020617858 9.00195e-05 0.12224002)
(0.0030926786 0.00013502925 0.12224002)
(0.0041235715 0.000180039 0.12224002)
(0.0051544644 0.00022504875 0.12224002)
(0.0061853572 0.0002700585 0.12224002)
(0.0072162501 0.00031506825 0.12224002)
(0.008247143 0.000360078 0.12224002)
(0.0092780359 0.00040508775 0.12224002)
(0.010308929 0.0004500975 0.12224002)
(0.011339822 0.00049510725 0.12224002)
(0.012370714 0.000540117 0.12224002)
(0.013401607 0.00058512675 0.12224002)
(0.0144325 0.0006301365 0.12224002)
(0.015463393 0.00067514625 0.12224002)
(0.016494286 0.000720156 0.12224002)
(0.017525179 0.00076516575 0.12224002)
(0.018556072 0.0008101755 0.12224002)
(0.019586965 0.00085518525 0.12224002)
(0.020617857 0.000900195 0.12224002)
(0.02164875 0.00094520475 0.12224002)
(0.022679643 0.0009902145 0.12224002)
(0.023710536 0.0010352243 0.12224002)
(0.024741429 0.001080234 0.12224002)
(0.025772322 0.0011252437 0.12224002)
(0.026803215 0.0011702535 0.12224002)
(0.027834108 0.0012152632 0.12224002)
(0.028865001 0.001260273 0.12224002)
(0.029895893 0.0013052828 0.12224002)
(0.030926786 0.0013502925 0.12224002)
(0.031957679 0.0013953023 0.12224002)
(0.032988572 0.001440312 0.12224002)
(0.034019465 0.0014853217 0.12224002)
(0.035050358 0.0015303315 0.12224002)
(0.036081251 0.0015753412 0.12224002)
(0.037112143 0.001620351 0.12224002)
(0.038143036 0.0016653608 0.12224002)
(0.039173929 0.0017103705 0.12224002)
(0.040204822 0.0017553803 0.12224002)
(0.041235715 0.00180039 0.12224002)
(0 0 0.1224231)
(0.0010308929 -4.500975e-05 0.1224231)
(0.0020617858 -9.00195e-05 0.1224231)
(0.0030926786 -0.00013502925 0.1224231)
(0.0041235715 -0.000180039 0.1224231)
(0.0051544644 -0.00022504875 0.1224231)
(0.0061853572 -0.0002700585 0.1224231)
(0.0072162501 -0.00031506825 0.1224231)
(0.008247143 -0.000360078 0.1224231)
(0.0092780359 -0.00040508775 0.1224231)
(0.010308929 -0.0004500975 0.1224231)
(0.011339822 -0.00049510725 0.1224231)
(0.012370714 -0.000540117 0.1224231)
(0.013401607 -0.00058512675 0.1224231)
(0.0144325 -0.0006301365 0.1224231)
(0.015463393 -0.00067514625 0.1224231)
(0.016494286 -0.000720156 0.1224231)
(0.017525179 -0.00076516575 0.1224231)
(0.018556072 -0.0008101755 0.1224231)
(0.019586965 -0.00085518525 0.1224231)
(0.020617857 -0.000900195 0.1224231)
(0.02164875 -0.00094520475 0.1224231)
(0.022679643 -0.0009902145 0.1224231)
(0.023710536 -0.0010352243 0.1224231)
(0.024741429 -0.001080234 0.1224231)
(0.025772322 -0.0011252437 0.1224231)
(0.026803215 -0.0011702535 0.1224231)
(0.027834108 -0.0012152632 0.1224231)
(0.028865001 -0.001260273 0.1224231)
(0.029895893 -0.0013052828 0.1224231)
(0.030926786 -0.0013502925 0.1224231)
(0.031957679 -0.0013953023 0.1224231)
(0.032988572 -0.001440312 0.1224231)
(0.034019465 -0.0014853217 0.1224231)
(0.035050358 -0.0015303315 0.1224231)
(0.036081251 -0.0015753412 0.1224231)
(0.037112143 -0.001620351 0.1224231)
(0.038143036 -0.0016653608 0.1224231)
(0.039173929 -0.0017103705 0.1224231)
(0.040204822 -0.0017553803 0.1224231)
(0.041235715 -0.00180039 0.1224231)
(0.0010308929 4.500975e-05 0.1224231)
(0.0020617858 9.00195e-05 0.1224231)
(0.0030926786 0.00013502925 0.1224231)
(0.0041235715 0.000180039 0.1224231)
(0.0051544644 0.00022504875 0.1224231)
(0.0061853572 0.0002700585 0.1224231)
(0.0072162501 0.00031506825 0.1224231)
(0.008247143 0.000360078 0.1224231)
(0.0092780359 0.00040508775 0.1224231)
(0.010308929 0.0004500975 0.1224231)
(0.011339822 0.00049510725 0.1224231)
(0.012370714 0.000540117 0.1224231)
(0.013401607 0.00058512675 0.1224231)
(0.0144325 0.0006301365 0.1224231)
(0.015463393 0.00067514625 0.1224231)
(0.016494286 0.000720156 0.1224231)
(0.017525179 0.00076516575 0.1224231)
(0.018556072 0.0008101755 0.1224231)
(0.019586965 0.00085518525 0.1224231)
(0.020617857 0.000900195 0.1224231)
(0.02164875 0.00094520475 0.1224231)
(0.022679643 0.0009902145 0.1224231)
(0.023710536 0.0010352243 0.1224231)
(0.024741429 0.001080234 0.1224231)
(0.025772322 0.0011252437 0.1224231)
(0.026803215 0.0011702535 0.1224231)
(0.027834108 0.0012152632 0.1224231)
(0.028865001 0.001260273 0.1224231)
(0.029895893 0.0013052828 0.1224231)
(0.030926786 0.0013502925 0.1224231)
(0.031957679 0.0013953023 0.1224231)
(0.032988572 0.001440312 0.1224231)
(0.034019465 0.0014853217 0.1224231)
(0.035050358 0.0015303315 0.1224231)
(0.036081251 0.0015753412 0.1224231)
(0.037112143 0.001620351 0.1224231)
(0.038143036 0.0016653608 0.1224231)
(0.039173929 0.0017103705 0.1224231)
(0.040204822 0.0017553803 0.1224231)
(0.041235715 0.00180039 0.1224231)
(0 0 0.12260617)
(0.0010308929 -4.500975e-05 0.12260617)
(0.0020617858 -9.00195e-05 0.12260617)
(0.0030926786 -0.00013502925 0.12260617)
(0.0041235715 -0.000180039 0.12260617)
(0.0051544644 -0.00022504875 0.12260617)
(0.0061853572 -0.0002700585 0.12260617)
(0.0072162501 -0.00031506825 0.12260617)
(0.008247143 -0.000360078 0.12260617)
(0.0092780359 -0.00040508775 0.12260617)
(0.010308929 -0.0004500975 0.12260617)
(0.011339822 -0.00049510725 0.12260617)
(0.012370714 -0.000540117 0.12260617)
(0.013401607 -0.00058512675 0.12260617)
(0.0144325 -0.0006301365 0.12260617)
(0.015463393 -0.00067514625 0.12260617)
(0.016494286 -0.000720156 0.12260617)
(0.017525179 -0.00076516575 0.12260617)
(0.018556072 -0.0008101755 0.12260617)
(0.019586965 -0.00085518525 0.12260617)
(0.020617857 -0.000900195 0.12260617)
(0.02164875 -0.00094520475 0.12260617)
(0.022679643 -0.0009902145 0.12260617)
(0.023710536 -0.0010352243 0.12260617)
(0.024741429 -0.001080234 0.12260617)
(0.025772322 -0.0011252437 0.12260617)
(0.026803215 -0.0011702535 0.12260617)
(0.027834108 -0.0012152632 0.12260617)
(0.028865001 -0.001260273 0.12260617)
(0.029895893 -0.0013052828 0.12260617)
(0.030926786 -0.0013502925 0.12260617)
(0.031957679 -0.0013953023 0.12260617)
(0.032988572 -0.001440312 0.12260617)
(0.034019465 -0.0014853217 0.12260617)
(0.035050358 -0.0015303315 0.12260617)
(0.036081251 -0.0015753412 0.12260617)
(0.037112143 -0.001620351 0.12260617)
(0.038143036 -0.0016653608 0.12260617)
(0.039173929 -0.0017103705 0.12260617)
(0.040204822 -0.0017553803 0.12260617)
(0.041235715 -0.00180039 0.12260617)
(0.0010308929 4.500975e-05 0.12260617)
(0.0020617858 9.00195e-05 0.12260617)
(0.0030926786 0.00013502925 0.12260617)
(0.0041235715 0.000180039 0.12260617)
(0.0051544644 0.00022504875 0.12260617)
(0.0061853572 0.0002700585 0.12260617)
(0.0072162501 0.00031506825 0.12260617)
(0.008247143 0.000360078 0.12260617)
(0.0092780359 0.00040508775 0.12260617)
(0.010308929 0.0004500975 0.12260617)
(0.011339822 0.00049510725 0.12260617)
(0.012370714 0.000540117 0.12260617)
(0.013401607 0.00058512675 0.12260617)
(0.0144325 0.0006301365 0.12260617)
(0.015463393 0.00067514625 0.12260617)
(0.016494286 0.000720156 0.12260617)
(0.017525179 0.00076516575 0.12260617)
(0.018556072 0.0008101755 0.12260617)
(0.019586965 0.00085518525 0.12260617)
(0.020617857 0.000900195 0.12260617)
(0.02164875 0.00094520475 0.12260617)
(0.022679643 0.0009902145 0.12260617)
(0.023710536 0.0010352243 0.12260617)
(0.024741429 0.001080234 0.12260617)
(0.025772322 0.0011252437 0.12260617)
(0.026803215 0.0011702535 0.12260617)
(0.027834108 0.0012152632 0.12260617)
(0.028865001 0.001260273 0.12260617)
(0.029895893 0.0013052828 0.12260617)
(0.030926786 0.0013502925 0.12260617)
(0.031957679 0.0013953023 0.12260617)
(0.032988572 0.001440312 0.12260617)
(0.034019465 0.0014853217 0.12260617)
(0.035050358 0.0015303315 0.12260617)
(0.036081251 0.0015753412 0.12260617)
(0.037112143 0.001620351 0.12260617)
(0.038143036 0.0016653608 0.12260617)
(0.039173929 0.0017103705 0.12260617)
(0.040204822 0.0017553803 0.12260617)
(0.041235715 0.00180039 0.12260617)
(0 0 0.12278926)
(0.0010308929 -4.500975e-05 0.12278926)
(0.0020617858 -9.00195e-05 0.12278926)
(0.0030926786 -0.00013502925 0.12278926)
(0.0041235715 -0.000180039 0.12278926)
(0.0051544644 -0.00022504875 0.12278926)
(0.0061853572 -0.0002700585 0.12278926)
(0.0072162501 -0.00031506825 0.12278926)
(0.008247143 -0.000360078 0.12278926)
(0.0092780359 -0.00040508775 0.12278926)
(0.010308929 -0.0004500975 0.12278926)
(0.011339822 -0.00049510725 0.12278926)
(0.012370714 -0.000540117 0.12278926)
(0.013401607 -0.00058512675 0.12278926)
(0.0144325 -0.0006301365 0.12278926)
(0.015463393 -0.00067514625 0.12278926)
(0.016494286 -0.000720156 0.12278926)
(0.017525179 -0.00076516575 0.12278926)
(0.018556072 -0.0008101755 0.12278926)
(0.019586965 -0.00085518525 0.12278926)
(0.020617857 -0.000900195 0.12278926)
(0.02164875 -0.00094520475 0.12278926)
(0.022679643 -0.0009902145 0.12278926)
(0.023710536 -0.0010352243 0.12278926)
(0.024741429 -0.001080234 0.12278926)
(0.025772322 -0.0011252437 0.12278926)
(0.026803215 -0.0011702535 0.12278926)
(0.027834108 -0.0012152632 0.12278926)
(0.028865001 -0.001260273 0.12278926)
(0.029895893 -0.0013052828 0.12278926)
(0.030926786 -0.0013502925 0.12278926)
(0.031957679 -0.0013953023 0.12278926)
(0.032988572 -0.001440312 0.12278926)
(0.034019465 -0.0014853217 0.12278926)
(0.035050358 -0.0015303315 0.12278926)
(0.036081251 -0.0015753412 0.12278926)
(0.037112143 -0.001620351 0.12278926)
(0.038143036 -0.0016653608 0.12278926)
(0.039173929 -0.0017103705 0.12278926)
(0.040204822 -0.0017553803 0.12278926)
(0.041235715 -0.00180039 0.12278926)
(0.0010308929 4.500975e-05 0.12278926)
(0.0020617858 9.00195e-05 0.12278926)
(0.0030926786 0.00013502925 0.12278926)
(0.0041235715 0.000180039 0.12278926)
(0.0051544644 0.00022504875 0.12278926)
(0.0061853572 0.0002700585 0.12278926)
(0.0072162501 0.00031506825 0.12278926)
(0.008247143 0.000360078 0.12278926)
(0.0092780359 0.00040508775 0.12278926)
(0.010308929 0.0004500975 0.12278926)
(0.011339822 0.00049510725 0.12278926)
(0.012370714 0.000540117 0.12278926)
(0.013401607 0.00058512675 0.12278926)
(0.0144325 0.0006301365 0.12278926)
(0.015463393 0.00067514625 0.12278926)
(0.016494286 0.000720156 0.12278926)
(0.017525179 0.00076516575 0.12278926)
(0.018556072 0.0008101755 0.12278926)
(0.019586965 0.00085518525 0.12278926)
(0.020617857 0.000900195 0.12278926)
(0.02164875 0.00094520475 0.12278926)
(0.022679643 0.0009902145 0.12278926)
(0.023710536 0.0010352243 0.12278926)
(0.024741429 0.001080234 0.12278926)
(0.025772322 0.0011252437 0.12278926)
(0.026803215 0.0011702535 0.12278926)
(0.027834108 0.0012152632 0.12278926)
(0.028865001 0.001260273 0.12278926)
(0.029895893 0.0013052828 0.12278926)
(0.030926786 0.0013502925 0.12278926)
(0.031957679 0.0013953023 0.12278926)
(0.032988572 0.001440312 0.12278926)
(0.034019465 0.0014853217 0.12278926)
(0.035050358 0.0015303315 0.12278926)
(0.036081251 0.0015753412 0.12278926)
(0.037112143 0.001620351 0.12278926)
(0.038143036 0.0016653608 0.12278926)
(0.039173929 0.0017103705 0.12278926)
(0.040204822 0.0017553803 0.12278926)
(0.041235715 0.00180039 0.12278926)
(0 0 0.12297233)
(0.0010308929 -4.500975e-05 0.12297233)
(0.0020617858 -9.00195e-05 0.12297233)
(0.0030926786 -0.00013502925 0.12297233)
(0.0041235715 -0.000180039 0.12297233)
(0.0051544644 -0.00022504875 0.12297233)
(0.0061853572 -0.0002700585 0.12297233)
(0.0072162501 -0.00031506825 0.12297233)
(0.008247143 -0.000360078 0.12297233)
(0.0092780359 -0.00040508775 0.12297233)
(0.010308929 -0.0004500975 0.12297233)
(0.011339822 -0.00049510725 0.12297233)
(0.012370714 -0.000540117 0.12297233)
(0.013401607 -0.00058512675 0.12297233)
(0.0144325 -0.0006301365 0.12297233)
(0.015463393 -0.00067514625 0.12297233)
(0.016494286 -0.000720156 0.12297233)
(0.017525179 -0.00076516575 0.12297233)
(0.018556072 -0.0008101755 0.12297233)
(0.019586965 -0.00085518525 0.12297233)
(0.020617857 -0.000900195 0.12297233)
(0.02164875 -0.00094520475 0.12297233)
(0.022679643 -0.0009902145 0.12297233)
(0.023710536 -0.0010352243 0.12297233)
(0.024741429 -0.001080234 0.12297233)
(0.025772322 -0.0011252437 0.12297233)
(0.026803215 -0.0011702535 0.12297233)
(0.027834108 -0.0012152632 0.12297233)
(0.028865001 -0.001260273 0.12297233)
(0.029895893 -0.0013052828 0.12297233)
(0.030926786 -0.0013502925 0.12297233)
(0.031957679 -0.0013953023 0.12297233)
(0.032988572 -0.001440312 0.12297233)
(0.034019465 -0.0014853217 0.12297233)
(0.035050358 -0.0015303315 0.12297233)
(0.036081251 -0.0015753412 0.12297233)
(0.037112143 -0.001620351 0.12297233)
(0.038143036 -0.0016653608 0.12297233)
(0.039173929 -0.0017103705 0.12297233)
(0.040204822 -0.0017553803 0.12297233)
(0.041235715 -0.00180039 0.12297233)
(0.0010308929 4.500975e-05 0.12297233)
(0.0020617858 9.00195e-05 0.12297233)
(0.0030926786 0.00013502925 0.12297233)
(0.0041235715 0.000180039 0.12297233)
(0.0051544644 0.00022504875 0.12297233)
(0.0061853572 0.0002700585 0.12297233)
(0.0072162501 0.00031506825 0.12297233)
(0.008247143 0.000360078 0.12297233)
(0.0092780359 0.00040508775 0.12297233)
(0.010308929 0.0004500975 0.12297233)
(0.011339822 0.00049510725 0.12297233)
(0.012370714 0.000540117 0.12297233)
(0.013401607 0.00058512675 0.12297233)
(0.0144325 0.0006301365 0.12297233)
(0.015463393 0.00067514625 0.12297233)
(0.016494286 0.000720156 0.12297233)
(0.017525179 0.00076516575 0.12297233)
(0.018556072 0.0008101755 0.12297233)
(0.019586965 0.00085518525 0.12297233)
(0.020617857 0.000900195 0.12297233)
(0.02164875 0.00094520475 0.12297233)
(0.022679643 0.0009902145 0.12297233)
(0.023710536 0.0010352243 0.12297233)
(0.024741429 0.001080234 0.12297233)
(0.025772322 0.0011252437 0.12297233)
(0.026803215 0.0011702535 0.12297233)
(0.027834108 0.0012152632 0.12297233)
(0.028865001 0.001260273 0.12297233)
(0.029895893 0.0013052828 0.12297233)
(0.030926786 0.0013502925 0.12297233)
(0.031957679 0.0013953023 0.12297233)
(0.032988572 0.001440312 0.12297233)
(0.034019465 0.0014853217 0.12297233)
(0.035050358 0.0015303315 0.12297233)
(0.036081251 0.0015753412 0.12297233)
(0.037112143 0.001620351 0.12297233)
(0.038143036 0.0016653608 0.12297233)
(0.039173929 0.0017103705 0.12297233)
(0.040204822 0.0017553803 0.12297233)
(0.041235715 0.00180039 0.12297233)
(0 0 0.12315541)
(0.0010308929 -4.500975e-05 0.12315541)
(0.0020617858 -9.00195e-05 0.12315541)
(0.0030926786 -0.00013502925 0.12315541)
(0.0041235715 -0.000180039 0.12315541)
(0.0051544644 -0.00022504875 0.12315541)
(0.0061853572 -0.0002700585 0.12315541)
(0.0072162501 -0.00031506825 0.12315541)
(0.008247143 -0.000360078 0.12315541)
(0.0092780359 -0.00040508775 0.12315541)
(0.010308929 -0.0004500975 0.12315541)
(0.011339822 -0.00049510725 0.12315541)
(0.012370714 -0.000540117 0.12315541)
(0.013401607 -0.00058512675 0.12315541)
(0.0144325 -0.0006301365 0.12315541)
(0.015463393 -0.00067514625 0.12315541)
(0.016494286 -0.000720156 0.12315541)
(0.017525179 -0.00076516575 0.12315541)
(0.018556072 -0.0008101755 0.12315541)
(0.019586965 -0.00085518525 0.12315541)
(0.020617857 -0.000900195 0.12315541)
(0.02164875 -0.00094520475 0.12315541)
(0.022679643 -0.0009902145 0.12315541)
(0.023710536 -0.0010352243 0.12315541)
(0.024741429 -0.001080234 0.12315541)
(0.025772322 -0.0011252437 0.12315541)
(0.026803215 -0.0011702535 0.12315541)
(0.027834108 -0.0012152632 0.12315541)
(0.028865001 -0.001260273 0.12315541)
(0.029895893 -0.0013052828 0.12315541)
(0.030926786 -0.0013502925 0.12315541)
(0.031957679 -0.0013953023 0.12315541)
(0.032988572 -0.001440312 0.12315541)
(0.034019465 -0.0014853217 0.12315541)
(0.035050358 -0.0015303315 0.12315541)
(0.036081251 -0.0015753412 0.12315541)
(0.037112143 -0.001620351 0.12315541)
(0.038143036 -0.0016653608 0.12315541)
(0.039173929 -0.0017103705 0.12315541)
(0.040204822 -0.0017553803 0.12315541)
(0.041235715 -0.00180039 0.12315541)
(0.0010308929 4.500975e-05 0.12315541)
(0.0020617858 9.00195e-05 0.12315541)
(0.0030926786 0.00013502925 0.12315541)
(0.0041235715 0.000180039 0.12315541)
(0.0051544644 0.00022504875 0.12315541)
(0.0061853572 0.0002700585 0.12315541)
(0.0072162501 0.00031506825 0.12315541)
(0.008247143 0.000360078 0.12315541)
(0.0092780359 0.00040508775 0.12315541)
(0.010308929 0.0004500975 0.12315541)
(0.011339822 0.00049510725 0.12315541)
(0.012370714 0.000540117 0.12315541)
(0.013401607 0.00058512675 0.12315541)
(0.0144325 0.0006301365 0.12315541)
(0.015463393 0.00067514625 0.12315541)
(0.016494286 0.000720156 0.12315541)
(0.017525179 0.00076516575 0.12315541)
(0.018556072 0.0008101755 0.12315541)
(0.019586965 0.00085518525 0.12315541)
(0.020617857 0.000900195 0.12315541)
(0.02164875 0.00094520475 0.12315541)
(0.022679643 0.0009902145 0.12315541)
(0.023710536 0.0010352243 0.12315541)
(0.024741429 0.001080234 0.12315541)
(0.025772322 0.0011252437 0.12315541)
(0.026803215 0.0011702535 0.12315541)
(0.027834108 0.0012152632 0.12315541)
(0.028865001 0.001260273 0.12315541)
(0.029895893 0.0013052828 0.12315541)
(0.030926786 0.0013502925 0.12315541)
(0.031957679 0.0013953023 0.12315541)
(0.032988572 0.001440312 0.12315541)
(0.034019465 0.0014853217 0.12315541)
(0.035050358 0.0015303315 0.12315541)
(0.036081251 0.0015753412 0.12315541)
(0.037112143 0.001620351 0.12315541)
(0.038143036 0.0016653608 0.12315541)
(0.039173929 0.0017103705 0.12315541)
(0.040204822 0.0017553803 0.12315541)
(0.041235715 0.00180039 0.12315541)
(0 0 0.12333848)
(0.0010308929 -4.500975e-05 0.12333848)
(0.0020617858 -9.00195e-05 0.12333848)
(0.0030926786 -0.00013502925 0.12333848)
(0.0041235715 -0.000180039 0.12333848)
(0.0051544644 -0.00022504875 0.12333848)
(0.0061853572 -0.0002700585 0.12333848)
(0.0072162501 -0.00031506825 0.12333848)
(0.008247143 -0.000360078 0.12333848)
(0.0092780359 -0.00040508775 0.12333848)
(0.010308929 -0.0004500975 0.12333848)
(0.011339822 -0.00049510725 0.12333848)
(0.012370714 -0.000540117 0.12333848)
(0.013401607 -0.00058512675 0.12333848)
(0.0144325 -0.0006301365 0.12333848)
(0.015463393 -0.00067514625 0.12333848)
(0.016494286 -0.000720156 0.12333848)
(0.017525179 -0.00076516575 0.12333848)
(0.018556072 -0.0008101755 0.12333848)
(0.019586965 -0.00085518525 0.12333848)
(0.020617857 -0.000900195 0.12333848)
(0.02164875 -0.00094520475 0.12333848)
(0.022679643 -0.0009902145 0.12333848)
(0.023710536 -0.0010352243 0.12333848)
(0.024741429 -0.001080234 0.12333848)
(0.025772322 -0.0011252437 0.12333848)
(0.026803215 -0.0011702535 0.12333848)
(0.027834108 -0.0012152632 0.12333848)
(0.028865001 -0.001260273 0.12333848)
(0.029895893 -0.0013052828 0.12333848)
(0.030926786 -0.0013502925 0.12333848)
(0.031957679 -0.0013953023 0.12333848)
(0.032988572 -0.001440312 0.12333848)
(0.034019465 -0.0014853217 0.12333848)
(0.035050358 -0.0015303315 0.12333848)
(0.036081251 -0.0015753412 0.12333848)
(0.037112143 -0.001620351 0.12333848)
(0.038143036 -0.0016653608 0.12333848)
(0.039173929 -0.0017103705 0.12333848)
(0.040204822 -0.0017553803 0.12333848)
(0.041235715 -0.00180039 0.12333848)
(0.0010308929 4.500975e-05 0.12333848)
(0.0020617858 9.00195e-05 0.12333848)
(0.0030926786 0.00013502925 0.12333848)
(0.0041235715 0.000180039 0.12333848)
(0.0051544644 0.00022504875 0.12333848)
(0.0061853572 0.0002700585 0.12333848)
(0.0072162501 0.00031506825 0.12333848)
(0.008247143 0.000360078 0.12333848)
(0.0092780359 0.00040508775 0.12333848)
(0.010308929 0.0004500975 0.12333848)
(0.011339822 0.00049510725 0.12333848)
(0.012370714 0.000540117 0.12333848)
(0.013401607 0.00058512675 0.12333848)
(0.0144325 0.0006301365 0.12333848)
(0.015463393 0.00067514625 0.12333848)
(0.016494286 0.000720156 0.12333848)
(0.017525179 0.00076516575 0.12333848)
(0.018556072 0.0008101755 0.12333848)
(0.019586965 0.00085518525 0.12333848)
(0.020617857 0.000900195 0.12333848)
(0.02164875 0.00094520475 0.12333848)
(0.022679643 0.0009902145 0.12333848)
(0.023710536 0.0010352243 0.12333848)
(0.024741429 0.001080234 0.12333848)
(0.025772322 0.0011252437 0.12333848)
(0.026803215 0.0011702535 0.12333848)
(0.027834108 0.0012152632 0.12333848)
(0.028865001 0.001260273 0.12333848)
(0.029895893 0.0013052828 0.12333848)
(0.030926786 0.0013502925 0.12333848)
(0.031957679 0.0013953023 0.12333848)
(0.032988572 0.001440312 0.12333848)
(0.034019465 0.0014853217 0.12333848)
(0.035050358 0.0015303315 0.12333848)
(0.036081251 0.0015753412 0.12333848)
(0.037112143 0.001620351 0.12333848)
(0.038143036 0.0016653608 0.12333848)
(0.039173929 0.0017103705 0.12333848)
(0.040204822 0.0017553803 0.12333848)
(0.041235715 0.00180039 0.12333848)
(0 0 0.12352156)
(0.0010308929 -4.500975e-05 0.12352156)
(0.0020617858 -9.00195e-05 0.12352156)
(0.0030926786 -0.00013502925 0.12352156)
(0.0041235715 -0.000180039 0.12352156)
(0.0051544644 -0.00022504875 0.12352156)
(0.0061853572 -0.0002700585 0.12352156)
(0.0072162501 -0.00031506825 0.12352156)
(0.008247143 -0.000360078 0.12352156)
(0.0092780359 -0.00040508775 0.12352156)
(0.010308929 -0.0004500975 0.12352156)
(0.011339822 -0.00049510725 0.12352156)
(0.012370714 -0.000540117 0.12352156)
(0.013401607 -0.00058512675 0.12352156)
(0.0144325 -0.0006301365 0.12352156)
(0.015463393 -0.00067514625 0.12352156)
(0.016494286 -0.000720156 0.12352156)
(0.017525179 -0.00076516575 0.12352156)
(0.018556072 -0.0008101755 0.12352156)
(0.019586965 -0.00085518525 0.12352156)
(0.020617857 -0.000900195 0.12352156)
(0.02164875 -0.00094520475 0.12352156)
(0.022679643 -0.0009902145 0.12352156)
(0.023710536 -0.0010352243 0.12352156)
(0.024741429 -0.001080234 0.12352156)
(0.025772322 -0.0011252437 0.12352156)
(0.026803215 -0.0011702535 0.12352156)
(0.027834108 -0.0012152632 0.12352156)
(0.028865001 -0.001260273 0.12352156)
(0.029895893 -0.0013052828 0.12352156)
(0.030926786 -0.0013502925 0.12352156)
(0.031957679 -0.0013953023 0.12352156)
(0.032988572 -0.001440312 0.12352156)
(0.034019465 -0.0014853217 0.12352156)
(0.035050358 -0.0015303315 0.12352156)
(0.036081251 -0.0015753412 0.12352156)
(0.037112143 -0.001620351 0.12352156)
(0.038143036 -0.0016653608 0.12352156)
(0.039173929 -0.0017103705 0.12352156)
(0.040204822 -0.0017553803 0.12352156)
(0.041235715 -0.00180039 0.12352156)
(0.0010308929 4.500975e-05 0.12352156)
(0.0020617858 9.00195e-05 0.12352156)
(0.0030926786 0.00013502925 0.12352156)
(0.0041235715 0.000180039 0.12352156)
(0.0051544644 0.00022504875 0.12352156)
(0.0061853572 0.0002700585 0.12352156)
(0.0072162501 0.00031506825 0.12352156)
(0.008247143 0.000360078 0.12352156)
(0.0092780359 0.00040508775 0.12352156)
(0.010308929 0.0004500975 0.12352156)
(0.011339822 0.00049510725 0.12352156)
(0.012370714 0.000540117 0.12352156)
(0.013401607 0.00058512675 0.12352156)
(0.0144325 0.0006301365 0.12352156)
(0.015463393 0.00067514625 0.12352156)
(0.016494286 0.000720156 0.12352156)
(0.017525179 0.00076516575 0.12352156)
(0.018556072 0.0008101755 0.12352156)
(0.019586965 0.00085518525 0.12352156)
(0.020617857 0.000900195 0.12352156)
(0.02164875 0.00094520475 0.12352156)
(0.022679643 0.0009902145 0.12352156)
(0.023710536 0.0010352243 0.12352156)
(0.024741429 0.001080234 0.12352156)
(0.025772322 0.0011252437 0.12352156)
(0.026803215 0.0011702535 0.12352156)
(0.027834108 0.0012152632 0.12352156)
(0.028865001 0.001260273 0.12352156)
(0.029895893 0.0013052828 0.12352156)
(0.030926786 0.0013502925 0.12352156)
(0.031957679 0.0013953023 0.12352156)
(0.032988572 0.001440312 0.12352156)
(0.034019465 0.0014853217 0.12352156)
(0.035050358 0.0015303315 0.12352156)
(0.036081251 0.0015753412 0.12352156)
(0.037112143 0.001620351 0.12352156)
(0.038143036 0.0016653608 0.12352156)
(0.039173929 0.0017103705 0.12352156)
(0.040204822 0.0017553803 0.12352156)
(0.041235715 0.00180039 0.12352156)
(0 0 0.12370463)
(0.0010308929 -4.500975e-05 0.12370463)
(0.0020617858 -9.00195e-05 0.12370463)
(0.0030926786 -0.00013502925 0.12370463)
(0.0041235715 -0.000180039 0.12370463)
(0.0051544644 -0.00022504875 0.12370463)
(0.0061853572 -0.0002700585 0.12370463)
(0.0072162501 -0.00031506825 0.12370463)
(0.008247143 -0.000360078 0.12370463)
(0.0092780359 -0.00040508775 0.12370463)
(0.010308929 -0.0004500975 0.12370463)
(0.011339822 -0.00049510725 0.12370463)
(0.012370714 -0.000540117 0.12370463)
(0.013401607 -0.00058512675 0.12370463)
(0.0144325 -0.0006301365 0.12370463)
(0.015463393 -0.00067514625 0.12370463)
(0.016494286 -0.000720156 0.12370463)
(0.017525179 -0.00076516575 0.12370463)
(0.018556072 -0.0008101755 0.12370463)
(0.019586965 -0.00085518525 0.12370463)
(0.020617857 -0.000900195 0.12370463)
(0.02164875 -0.00094520475 0.12370463)
(0.022679643 -0.0009902145 0.12370463)
(0.023710536 -0.0010352243 0.12370463)
(0.024741429 -0.001080234 0.12370463)
(0.025772322 -0.0011252437 0.12370463)
(0.026803215 -0.0011702535 0.12370463)
(0.027834108 -0.0012152632 0.12370463)
(0.028865001 -0.001260273 0.12370463)
(0.029895893 -0.0013052828 0.12370463)
(0.030926786 -0.0013502925 0.12370463)
(0.031957679 -0.0013953023 0.12370463)
(0.032988572 -0.001440312 0.12370463)
(0.034019465 -0.0014853217 0.12370463)
(0.035050358 -0.0015303315 0.12370463)
(0.036081251 -0.0015753412 0.12370463)
(0.037112143 -0.001620351 0.12370463)
(0.038143036 -0.0016653608 0.12370463)
(0.039173929 -0.0017103705 0.12370463)
(0.040204822 -0.0017553803 0.12370463)
(0.041235715 -0.00180039 0.12370463)
(0.0010308929 4.500975e-05 0.12370463)
(0.0020617858 9.00195e-05 0.12370463)
(0.0030926786 0.00013502925 0.12370463)
(0.0041235715 0.000180039 0.12370463)
(0.0051544644 0.00022504875 0.12370463)
(0.0061853572 0.0002700585 0.12370463)
(0.0072162501 0.00031506825 0.12370463)
(0.008247143 0.000360078 0.12370463)
(0.0092780359 0.00040508775 0.12370463)
(0.010308929 0.0004500975 0.12370463)
(0.011339822 0.00049510725 0.12370463)
(0.012370714 0.000540117 0.12370463)
(0.013401607 0.00058512675 0.12370463)
(0.0144325 0.0006301365 0.12370463)
(0.015463393 0.00067514625 0.12370463)
(0.016494286 0.000720156 0.12370463)
(0.017525179 0.00076516575 0.12370463)
(0.018556072 0.0008101755 0.12370463)
(0.019586965 0.00085518525 0.12370463)
(0.020617857 0.000900195 0.12370463)
(0.02164875 0.00094520475 0.12370463)
(0.022679643 0.0009902145 0.12370463)
(0.023710536 0.0010352243 0.12370463)
(0.024741429 0.001080234 0.12370463)
(0.025772322 0.0011252437 0.12370463)
(0.026803215 0.0011702535 0.12370463)
(0.027834108 0.0012152632 0.12370463)
(0.028865001 0.001260273 0.12370463)
(0.029895893 0.0013052828 0.12370463)
(0.030926786 0.0013502925 0.12370463)
(0.031957679 0.0013953023 0.12370463)
(0.032988572 0.001440312 0.12370463)
(0.034019465 0.0014853217 0.12370463)
(0.035050358 0.0015303315 0.12370463)
(0.036081251 0.0015753412 0.12370463)
(0.037112143 0.001620351 0.12370463)
(0.038143036 0.0016653608 0.12370463)
(0.039173929 0.0017103705 0.12370463)
(0.040204822 0.0017553803 0.12370463)
(0.041235715 0.00180039 0.12370463)
(0 0 0.1238877)
(0.0010308929 -4.500975e-05 0.1238877)
(0.0020617858 -9.00195e-05 0.1238877)
(0.0030926786 -0.00013502925 0.1238877)
(0.0041235715 -0.000180039 0.1238877)
(0.0051544644 -0.00022504875 0.1238877)
(0.0061853572 -0.0002700585 0.1238877)
(0.0072162501 -0.00031506825 0.1238877)
(0.008247143 -0.000360078 0.1238877)
(0.0092780359 -0.00040508775 0.1238877)
(0.010308929 -0.0004500975 0.1238877)
(0.011339822 -0.00049510725 0.1238877)
(0.012370714 -0.000540117 0.1238877)
(0.013401607 -0.00058512675 0.1238877)
(0.0144325 -0.0006301365 0.1238877)
(0.015463393 -0.00067514625 0.1238877)
(0.016494286 -0.000720156 0.1238877)
(0.017525179 -0.00076516575 0.1238877)
(0.018556072 -0.0008101755 0.1238877)
(0.019586965 -0.00085518525 0.1238877)
(0.020617857 -0.000900195 0.1238877)
(0.02164875 -0.00094520475 0.1238877)
(0.022679643 -0.0009902145 0.1238877)
(0.023710536 -0.0010352243 0.1238877)
(0.024741429 -0.001080234 0.1238877)
(0.025772322 -0.0011252437 0.1238877)
(0.026803215 -0.0011702535 0.1238877)
(0.027834108 -0.0012152632 0.1238877)
(0.028865001 -0.001260273 0.1238877)
(0.029895893 -0.0013052828 0.1238877)
(0.030926786 -0.0013502925 0.1238877)
(0.031957679 -0.0013953023 0.1238877)
(0.032988572 -0.001440312 0.1238877)
(0.034019465 -0.0014853217 0.1238877)
(0.035050358 -0.0015303315 0.1238877)
(0.036081251 -0.0015753412 0.1238877)
(0.037112143 -0.001620351 0.1238877)
(0.038143036 -0.0016653608 0.1238877)
(0.039173929 -0.0017103705 0.1238877)
(0.040204822 -0.0017553803 0.1238877)
(0.041235715 -0.00180039 0.1238877)
(0.0010308929 4.500975e-05 0.1238877)
(0.0020617858 9.00195e-05 0.1238877)
(0.0030926786 0.00013502925 0.1238877)
(0.0041235715 0.000180039 0.1238877)
(0.0051544644 0.00022504875 0.1238877)
(0.0061853572 0.0002700585 0.1238877)
(0.0072162501 0.00031506825 0.1238877)
(0.008247143 0.000360078 0.1238877)
(0.0092780359 0.00040508775 0.1238877)
(0.010308929 0.0004500975 0.1238877)
(0.011339822 0.00049510725 0.1238877)
(0.012370714 0.000540117 0.1238877)
(0.013401607 0.00058512675 0.1238877)
(0.0144325 0.0006301365 0.1238877)
(0.015463393 0.00067514625 0.1238877)
(0.016494286 0.000720156 0.1238877)
(0.017525179 0.00076516575 0.1238877)
(0.018556072 0.0008101755 0.1238877)
(0.019586965 0.00085518525 0.1238877)
(0.020617857 0.000900195 0.1238877)
(0.02164875 0.00094520475 0.1238877)
(0.022679643 0.0009902145 0.1238877)
(0.023710536 0.0010352243 0.1238877)
(0.024741429 0.001080234 0.1238877)
(0.025772322 0.0011252437 0.1238877)
(0.026803215 0.0011702535 0.1238877)
(0.027834108 0.0012152632 0.1238877)
(0.028865001 0.001260273 0.1238877)
(0.029895893 0.0013052828 0.1238877)
(0.030926786 0.0013502925 0.1238877)
(0.031957679 0.0013953023 0.1238877)
(0.032988572 0.001440312 0.1238877)
(0.034019465 0.0014853217 0.1238877)
(0.035050358 0.0015303315 0.1238877)
(0.036081251 0.0015753412 0.1238877)
(0.037112143 0.001620351 0.1238877)
(0.038143036 0.0016653608 0.1238877)
(0.039173929 0.0017103705 0.1238877)
(0.040204822 0.0017553803 0.1238877)
(0.041235715 0.00180039 0.1238877)
(0 0 0.12407079)
(0.0010308929 -4.500975e-05 0.12407079)
(0.0020617858 -9.00195e-05 0.12407079)
(0.0030926786 -0.00013502925 0.12407079)
(0.0041235715 -0.000180039 0.12407079)
(0.0051544644 -0.00022504875 0.12407079)
(0.0061853572 -0.0002700585 0.12407079)
(0.0072162501 -0.00031506825 0.12407079)
(0.008247143 -0.000360078 0.12407079)
(0.0092780359 -0.00040508775 0.12407079)
(0.010308929 -0.0004500975 0.12407079)
(0.011339822 -0.00049510725 0.12407079)
(0.012370714 -0.000540117 0.12407079)
(0.013401607 -0.00058512675 0.12407079)
(0.0144325 -0.0006301365 0.12407079)
(0.015463393 -0.00067514625 0.12407079)
(0.016494286 -0.000720156 0.12407079)
(0.017525179 -0.00076516575 0.12407079)
(0.018556072 -0.0008101755 0.12407079)
(0.019586965 -0.00085518525 0.12407079)
(0.020617857 -0.000900195 0.12407079)
(0.02164875 -0.00094520475 0.12407079)
(0.022679643 -0.0009902145 0.12407079)
(0.023710536 -0.0010352243 0.12407079)
(0.024741429 -0.001080234 0.12407079)
(0.025772322 -0.0011252437 0.12407079)
(0.026803215 -0.0011702535 0.12407079)
(0.027834108 -0.0012152632 0.12407079)
(0.028865001 -0.001260273 0.12407079)
(0.029895893 -0.0013052828 0.12407079)
(0.030926786 -0.0013502925 0.12407079)
(0.031957679 -0.0013953023 0.12407079)
(0.032988572 -0.001440312 0.12407079)
(0.034019465 -0.0014853217 0.12407079)
(0.035050358 -0.0015303315 0.12407079)
(0.036081251 -0.0015753412 0.12407079)
(0.037112143 -0.001620351 0.12407079)
(0.038143036 -0.0016653608 0.12407079)
(0.039173929 -0.0017103705 0.12407079)
(0.040204822 -0.0017553803 0.12407079)
(0.041235715 -0.00180039 0.12407079)
(0.0010308929 4.500975e-05 0.12407079)
(0.0020617858 9.00195e-05 0.12407079)
(0.0030926786 0.00013502925 0.12407079)
(0.0041235715 0.000180039 0.12407079)
(0.0051544644 0.00022504875 0.12407079)
(0.0061853572 0.0002700585 0.12407079)
(0.0072162501 0.00031506825 0.12407079)
(0.008247143 0.000360078 0.12407079)
(0.0092780359 0.00040508775 0.12407079)
(0.010308929 0.0004500975 0.12407079)
(0.011339822 0.00049510725 0.12407079)
(0.012370714 0.000540117 0.12407079)
(0.013401607 0.00058512675 0.12407079)
(0.0144325 0.0006301365 0.12407079)
(0.015463393 0.00067514625 0.12407079)
(0.016494286 0.000720156 0.12407079)
(0.017525179 0.00076516575 0.12407079)
(0.018556072 0.0008101755 0.12407079)
(0.019586965 0.00085518525 0.12407079)
(0.020617857 0.000900195 0.12407079)
(0.02164875 0.00094520475 0.12407079)
(0.022679643 0.0009902145 0.12407079)
(0.023710536 0.0010352243 0.12407079)
(0.024741429 0.001080234 0.12407079)
(0.025772322 0.0011252437 0.12407079)
(0.026803215 0.0011702535 0.12407079)
(0.027834108 0.0012152632 0.12407079)
(0.028865001 0.001260273 0.12407079)
(0.029895893 0.0013052828 0.12407079)
(0.030926786 0.0013502925 0.12407079)
(0.031957679 0.0013953023 0.12407079)
(0.032988572 0.001440312 0.12407079)
(0.034019465 0.0014853217 0.12407079)
(0.035050358 0.0015303315 0.12407079)
(0.036081251 0.0015753412 0.12407079)
(0.037112143 0.001620351 0.12407079)
(0.038143036 0.0016653608 0.12407079)
(0.039173929 0.0017103705 0.12407079)
(0.040204822 0.0017553803 0.12407079)
(0.041235715 0.00180039 0.12407079)
(0 0 0.12425386)
(0.0010308929 -4.500975e-05 0.12425386)
(0.0020617858 -9.00195e-05 0.12425386)
(0.0030926786 -0.00013502925 0.12425386)
(0.0041235715 -0.000180039 0.12425386)
(0.0051544644 -0.00022504875 0.12425386)
(0.0061853572 -0.0002700585 0.12425386)
(0.0072162501 -0.00031506825 0.12425386)
(0.008247143 -0.000360078 0.12425386)
(0.0092780359 -0.00040508775 0.12425386)
(0.010308929 -0.0004500975 0.12425386)
(0.011339822 -0.00049510725 0.12425386)
(0.012370714 -0.000540117 0.12425386)
(0.013401607 -0.00058512675 0.12425386)
(0.0144325 -0.0006301365 0.12425386)
(0.015463393 -0.00067514625 0.12425386)
(0.016494286 -0.000720156 0.12425386)
(0.017525179 -0.00076516575 0.12425386)
(0.018556072 -0.0008101755 0.12425386)
(0.019586965 -0.00085518525 0.12425386)
(0.020617857 -0.000900195 0.12425386)
(0.02164875 -0.00094520475 0.12425386)
(0.022679643 -0.0009902145 0.12425386)
(0.023710536 -0.0010352243 0.12425386)
(0.024741429 -0.001080234 0.12425386)
(0.025772322 -0.0011252437 0.12425386)
(0.026803215 -0.0011702535 0.12425386)
(0.027834108 -0.0012152632 0.12425386)
(0.028865001 -0.001260273 0.12425386)
(0.029895893 -0.0013052828 0.12425386)
(0.030926786 -0.0013502925 0.12425386)
(0.031957679 -0.0013953023 0.12425386)
(0.032988572 -0.001440312 0.12425386)
(0.034019465 -0.0014853217 0.12425386)
(0.035050358 -0.0015303315 0.12425386)
(0.036081251 -0.0015753412 0.12425386)
(0.037112143 -0.001620351 0.12425386)
(0.038143036 -0.0016653608 0.12425386)
(0.039173929 -0.0017103705 0.12425386)
(0.040204822 -0.0017553803 0.12425386)
(0.041235715 -0.00180039 0.12425386)
(0.0010308929 4.500975e-05 0.12425386)
(0.0020617858 9.00195e-05 0.12425386)
(0.0030926786 0.00013502925 0.12425386)
(0.0041235715 0.000180039 0.12425386)
(0.0051544644 0.00022504875 0.12425386)
(0.0061853572 0.0002700585 0.12425386)
(0.0072162501 0.00031506825 0.12425386)
(0.008247143 0.000360078 0.12425386)
(0.0092780359 0.00040508775 0.12425386)
(0.010308929 0.0004500975 0.12425386)
(0.011339822 0.00049510725 0.12425386)
(0.012370714 0.000540117 0.12425386)
(0.013401607 0.00058512675 0.12425386)
(0.0144325 0.0006301365 0.12425386)
(0.015463393 0.00067514625 0.12425386)
(0.016494286 0.000720156 0.12425386)
(0.017525179 0.00076516575 0.12425386)
(0.018556072 0.0008101755 0.12425386)
(0.019586965 0.00085518525 0.12425386)
(0.020617857 0.000900195 0.12425386)
(0.02164875 0.00094520475 0.12425386)
(0.022679643 0.0009902145 0.12425386)
(0.023710536 0.0010352243 0.12425386)
(0.024741429 0.001080234 0.12425386)
(0.025772322 0.0011252437 0.12425386)
(0.026803215 0.0011702535 0.12425386)
(0.027834108 0.0012152632 0.12425386)
(0.028865001 0.001260273 0.12425386)
(0.029895893 0.0013052828 0.12425386)
(0.030926786 0.0013502925 0.12425386)
(0.031957679 0.0013953023 0.12425386)
(0.032988572 0.001440312 0.12425386)
(0.034019465 0.0014853217 0.12425386)
(0.035050358 0.0015303315 0.12425386)
(0.036081251 0.0015753412 0.12425386)
(0.037112143 0.001620351 0.12425386)
(0.038143036 0.0016653608 0.12425386)
(0.039173929 0.0017103705 0.12425386)
(0.040204822 0.0017553803 0.12425386)
(0.041235715 0.00180039 0.12425386)
(0 0 0.12443694)
(0.0010308929 -4.500975e-05 0.12443694)
(0.0020617858 -9.00195e-05 0.12443694)
(0.0030926786 -0.00013502925 0.12443694)
(0.0041235715 -0.000180039 0.12443694)
(0.0051544644 -0.00022504875 0.12443694)
(0.0061853572 -0.0002700585 0.12443694)
(0.0072162501 -0.00031506825 0.12443694)
(0.008247143 -0.000360078 0.12443694)
(0.0092780359 -0.00040508775 0.12443694)
(0.010308929 -0.0004500975 0.12443694)
(0.011339822 -0.00049510725 0.12443694)
(0.012370714 -0.000540117 0.12443694)
(0.013401607 -0.00058512675 0.12443694)
(0.0144325 -0.0006301365 0.12443694)
(0.015463393 -0.00067514625 0.12443694)
(0.016494286 -0.000720156 0.12443694)
(0.017525179 -0.00076516575 0.12443694)
(0.018556072 -0.0008101755 0.12443694)
(0.019586965 -0.00085518525 0.12443694)
(0.020617857 -0.000900195 0.12443694)
(0.02164875 -0.00094520475 0.12443694)
(0.022679643 -0.0009902145 0.12443694)
(0.023710536 -0.0010352243 0.12443694)
(0.024741429 -0.001080234 0.12443694)
(0.025772322 -0.0011252437 0.12443694)
(0.026803215 -0.0011702535 0.12443694)
(0.027834108 -0.0012152632 0.12443694)
(0.028865001 -0.001260273 0.12443694)
(0.029895893 -0.0013052828 0.12443694)
(0.030926786 -0.0013502925 0.12443694)
(0.031957679 -0.0013953023 0.12443694)
(0.032988572 -0.001440312 0.12443694)
(0.034019465 -0.0014853217 0.12443694)
(0.035050358 -0.0015303315 0.12443694)
(0.036081251 -0.0015753412 0.12443694)
(0.037112143 -0.001620351 0.12443694)
(0.038143036 -0.0016653608 0.12443694)
(0.039173929 -0.0017103705 0.12443694)
(0.040204822 -0.0017553803 0.12443694)
(0.041235715 -0.00180039 0.12443694)
(0.0010308929 4.500975e-05 0.12443694)
(0.0020617858 9.00195e-05 0.12443694)
(0.0030926786 0.00013502925 0.12443694)
(0.0041235715 0.000180039 0.12443694)
(0.0051544644 0.00022504875 0.12443694)
(0.0061853572 0.0002700585 0.12443694)
(0.0072162501 0.00031506825 0.12443694)
(0.008247143 0.000360078 0.12443694)
(0.0092780359 0.00040508775 0.12443694)
(0.010308929 0.0004500975 0.12443694)
(0.011339822 0.00049510725 0.12443694)
(0.012370714 0.000540117 0.12443694)
(0.013401607 0.00058512675 0.12443694)
(0.0144325 0.0006301365 0.12443694)
(0.015463393 0.00067514625 0.12443694)
(0.016494286 0.000720156 0.12443694)
(0.017525179 0.00076516575 0.12443694)
(0.018556072 0.0008101755 0.12443694)
(0.019586965 0.00085518525 0.12443694)
(0.020617857 0.000900195 0.12443694)
(0.02164875 0.00094520475 0.12443694)
(0.022679643 0.0009902145 0.12443694)
(0.023710536 0.0010352243 0.12443694)
(0.024741429 0.001080234 0.12443694)
(0.025772322 0.0011252437 0.12443694)
(0.026803215 0.0011702535 0.12443694)
(0.027834108 0.0012152632 0.12443694)
(0.028865001 0.001260273 0.12443694)
(0.029895893 0.0013052828 0.12443694)
(0.030926786 0.0013502925 0.12443694)
(0.031957679 0.0013953023 0.12443694)
(0.032988572 0.001440312 0.12443694)
(0.034019465 0.0014853217 0.12443694)
(0.035050358 0.0015303315 0.12443694)
(0.036081251 0.0015753412 0.12443694)
(0.037112143 0.001620351 0.12443694)
(0.038143036 0.0016653608 0.12443694)
(0.039173929 0.0017103705 0.12443694)
(0.040204822 0.0017553803 0.12443694)
(0.041235715 0.00180039 0.12443694)
(0 0 0.12462001)
(0.0010308929 -4.500975e-05 0.12462001)
(0.0020617858 -9.00195e-05 0.12462001)
(0.0030926786 -0.00013502925 0.12462001)
(0.0041235715 -0.000180039 0.12462001)
(0.0051544644 -0.00022504875 0.12462001)
(0.0061853572 -0.0002700585 0.12462001)
(0.0072162501 -0.00031506825 0.12462001)
(0.008247143 -0.000360078 0.12462001)
(0.0092780359 -0.00040508775 0.12462001)
(0.010308929 -0.0004500975 0.12462001)
(0.011339822 -0.00049510725 0.12462001)
(0.012370714 -0.000540117 0.12462001)
(0.013401607 -0.00058512675 0.12462001)
(0.0144325 -0.0006301365 0.12462001)
(0.015463393 -0.00067514625 0.12462001)
(0.016494286 -0.000720156 0.12462001)
(0.017525179 -0.00076516575 0.12462001)
(0.018556072 -0.0008101755 0.12462001)
(0.019586965 -0.00085518525 0.12462001)
(0.020617857 -0.000900195 0.12462001)
(0.02164875 -0.00094520475 0.12462001)
(0.022679643 -0.0009902145 0.12462001)
(0.023710536 -0.0010352243 0.12462001)
(0.024741429 -0.001080234 0.12462001)
(0.025772322 -0.0011252437 0.12462001)
(0.026803215 -0.0011702535 0.12462001)
(0.027834108 -0.0012152632 0.12462001)
(0.028865001 -0.001260273 0.12462001)
(0.029895893 -0.0013052828 0.12462001)
(0.030926786 -0.0013502925 0.12462001)
(0.031957679 -0.0013953023 0.12462001)
(0.032988572 -0.001440312 0.12462001)
(0.034019465 -0.0014853217 0.12462001)
(0.035050358 -0.0015303315 0.12462001)
(0.036081251 -0.0015753412 0.12462001)
(0.037112143 -0.001620351 0.12462001)
(0.038143036 -0.0016653608 0.12462001)
(0.039173929 -0.0017103705 0.12462001)
(0.040204822 -0.0017553803 0.12462001)
(0.041235715 -0.00180039 0.12462001)
(0.0010308929 4.500975e-05 0.12462001)
(0.0020617858 9.00195e-05 0.12462001)
(0.0030926786 0.00013502925 0.12462001)
(0.0041235715 0.000180039 0.12462001)
(0.0051544644 0.00022504875 0.12462001)
(0.0061853572 0.0002700585 0.12462001)
(0.0072162501 0.00031506825 0.12462001)
(0.008247143 0.000360078 0.12462001)
(0.0092780359 0.00040508775 0.12462001)
(0.010308929 0.0004500975 0.12462001)
(0.011339822 0.00049510725 0.12462001)
(0.012370714 0.000540117 0.12462001)
(0.013401607 0.00058512675 0.12462001)
(0.0144325 0.0006301365 0.12462001)
(0.015463393 0.00067514625 0.12462001)
(0.016494286 0.000720156 0.12462001)
(0.017525179 0.00076516575 0.12462001)
(0.018556072 0.0008101755 0.12462001)
(0.019586965 0.00085518525 0.12462001)
(0.020617857 0.000900195 0.12462001)
(0.02164875 0.00094520475 0.12462001)
(0.022679643 0.0009902145 0.12462001)
(0.023710536 0.0010352243 0.12462001)
(0.024741429 0.001080234 0.12462001)
(0.025772322 0.0011252437 0.12462001)
(0.026803215 0.0011702535 0.12462001)
(0.027834108 0.0012152632 0.12462001)
(0.028865001 0.001260273 0.12462001)
(0.029895893 0.0013052828 0.12462001)
(0.030926786 0.0013502925 0.12462001)
(0.031957679 0.0013953023 0.12462001)
(0.032988572 0.001440312 0.12462001)
(0.034019465 0.0014853217 0.12462001)
(0.035050358 0.0015303315 0.12462001)
(0.036081251 0.0015753412 0.12462001)
(0.037112143 0.001620351 0.12462001)
(0.038143036 0.0016653608 0.12462001)
(0.039173929 0.0017103705 0.12462001)
(0.040204822 0.0017553803 0.12462001)
(0.041235715 0.00180039 0.12462001)
(0 0 0.12480309)
(0.0010308929 -4.500975e-05 0.12480309)
(0.0020617858 -9.00195e-05 0.12480309)
(0.0030926786 -0.00013502925 0.12480309)
(0.0041235715 -0.000180039 0.12480309)
(0.0051544644 -0.00022504875 0.12480309)
(0.0061853572 -0.0002700585 0.12480309)
(0.0072162501 -0.00031506825 0.12480309)
(0.008247143 -0.000360078 0.12480309)
(0.0092780359 -0.00040508775 0.12480309)
(0.010308929 -0.0004500975 0.12480309)
(0.011339822 -0.00049510725 0.12480309)
(0.012370714 -0.000540117 0.12480309)
(0.013401607 -0.00058512675 0.12480309)
(0.0144325 -0.0006301365 0.12480309)
(0.015463393 -0.00067514625 0.12480309)
(0.016494286 -0.000720156 0.12480309)
(0.017525179 -0.00076516575 0.12480309)
(0.018556072 -0.0008101755 0.12480309)
(0.019586965 -0.00085518525 0.12480309)
(0.020617857 -0.000900195 0.12480309)
(0.02164875 -0.00094520475 0.12480309)
(0.022679643 -0.0009902145 0.12480309)
(0.023710536 -0.0010352243 0.12480309)
(0.024741429 -0.001080234 0.12480309)
(0.025772322 -0.0011252437 0.12480309)
(0.026803215 -0.0011702535 0.12480309)
(0.027834108 -0.0012152632 0.12480309)
(0.028865001 -0.001260273 0.12480309)
(0.029895893 -0.0013052828 0.12480309)
(0.030926786 -0.0013502925 0.12480309)
(0.031957679 -0.0013953023 0.12480309)
(0.032988572 -0.001440312 0.12480309)
(0.034019465 -0.0014853217 0.12480309)
(0.035050358 -0.0015303315 0.12480309)
(0.036081251 -0.0015753412 0.12480309)
(0.037112143 -0.001620351 0.12480309)
(0.038143036 -0.0016653608 0.12480309)
(0.039173929 -0.0017103705 0.12480309)
(0.040204822 -0.0017553803 0.12480309)
(0.041235715 -0.00180039 0.12480309)
(0.0010308929 4.500975e-05 0.12480309)
(0.0020617858 9.00195e-05 0.12480309)
(0.0030926786 0.00013502925 0.12480309)
(0.0041235715 0.000180039 0.12480309)
(0.0051544644 0.00022504875 0.12480309)
(0.0061853572 0.0002700585 0.12480309)
(0.0072162501 0.00031506825 0.12480309)
(0.008247143 0.000360078 0.12480309)
(0.0092780359 0.00040508775 0.12480309)
(0.010308929 0.0004500975 0.12480309)
(0.011339822 0.00049510725 0.12480309)
(0.012370714 0.000540117 0.12480309)
(0.013401607 0.00058512675 0.12480309)
(0.0144325 0.0006301365 0.12480309)
(0.015463393 0.00067514625 0.12480309)
(0.016494286 0.000720156 0.12480309)
(0.017525179 0.00076516575 0.12480309)
(0.018556072 0.0008101755 0.12480309)
(0.019586965 0.00085518525 0.12480309)
(0.020617857 0.000900195 0.12480309)
(0.02164875 0.00094520475 0.12480309)
(0.022679643 0.0009902145 0.12480309)
(0.023710536 0.0010352243 0.12480309)
(0.024741429 0.001080234 0.12480309)
(0.025772322 0.0011252437 0.12480309)
(0.026803215 0.0011702535 0.12480309)
(0.027834108 0.0012152632 0.12480309)
(0.028865001 0.001260273 0.12480309)
(0.029895893 0.0013052828 0.12480309)
(0.030926786 0.0013502925 0.12480309)
(0.031957679 0.0013953023 0.12480309)
(0.032988572 0.001440312 0.12480309)
(0.034019465 0.0014853217 0.12480309)
(0.035050358 0.0015303315 0.12480309)
(0.036081251 0.0015753412 0.12480309)
(0.037112143 0.001620351 0.12480309)
(0.038143036 0.0016653608 0.12480309)
(0.039173929 0.0017103705 0.12480309)
(0.040204822 0.0017553803 0.12480309)
(0.041235715 0.00180039 0.12480309)
(0 0 0.12498616)
(0.0010308929 -4.500975e-05 0.12498616)
(0.0020617858 -9.00195e-05 0.12498616)
(0.0030926786 -0.00013502925 0.12498616)
(0.0041235715 -0.000180039 0.12498616)
(0.0051544644 -0.00022504875 0.12498616)
(0.0061853572 -0.0002700585 0.12498616)
(0.0072162501 -0.00031506825 0.12498616)
(0.008247143 -0.000360078 0.12498616)
(0.0092780359 -0.00040508775 0.12498616)
(0.010308929 -0.0004500975 0.12498616)
(0.011339822 -0.00049510725 0.12498616)
(0.012370714 -0.000540117 0.12498616)
(0.013401607 -0.00058512675 0.12498616)
(0.0144325 -0.0006301365 0.12498616)
(0.015463393 -0.00067514625 0.12498616)
(0.016494286 -0.000720156 0.12498616)
(0.017525179 -0.00076516575 0.12498616)
(0.018556072 -0.0008101755 0.12498616)
(0.019586965 -0.00085518525 0.12498616)
(0.020617857 -0.000900195 0.12498616)
(0.02164875 -0.00094520475 0.12498616)
(0.022679643 -0.0009902145 0.12498616)
(0.023710536 -0.0010352243 0.12498616)
(0.024741429 -0.001080234 0.12498616)
(0.025772322 -0.0011252437 0.12498616)
(0.026803215 -0.0011702535 0.12498616)
(0.027834108 -0.0012152632 0.12498616)
(0.028865001 -0.001260273 0.12498616)
(0.029895893 -0.0013052828 0.12498616)
(0.030926786 -0.0013502925 0.12498616)
(0.031957679 -0.0013953023 0.12498616)
(0.032988572 -0.001440312 0.12498616)
(0.034019465 -0.0014853217 0.12498616)
(0.035050358 -0.0015303315 0.12498616)
(0.036081251 -0.0015753412 0.12498616)
(0.037112143 -0.001620351 0.12498616)
(0.038143036 -0.0016653608 0.12498616)
(0.039173929 -0.0017103705 0.12498616)
(0.040204822 -0.0017553803 0.12498616)
(0.041235715 -0.00180039 0.12498616)
(0.0010308929 4.500975e-05 0.12498616)
(0.0020617858 9.00195e-05 0.12498616)
(0.0030926786 0.00013502925 0.12498616)
(0.0041235715 0.000180039 0.12498616)
(0.0051544644 0.00022504875 0.12498616)
(0.0061853572 0.0002700585 0.12498616)
(0.0072162501 0.00031506825 0.12498616)
(0.008247143 0.000360078 0.12498616)
(0.0092780359 0.00040508775 0.12498616)
(0.010308929 0.0004500975 0.12498616)
(0.011339822 0.00049510725 0.12498616)
(0.012370714 0.000540117 0.12498616)
(0.013401607 0.00058512675 0.12498616)
(0.0144325 0.0006301365 0.12498616)
(0.015463393 0.00067514625 0.12498616)
(0.016494286 0.000720156 0.12498616)
(0.017525179 0.00076516575 0.12498616)
(0.018556072 0.0008101755 0.12498616)
(0.019586965 0.00085518525 0.12498616)
(0.020617857 0.000900195 0.12498616)
(0.02164875 0.00094520475 0.12498616)
(0.022679643 0.0009902145 0.12498616)
(0.023710536 0.0010352243 0.12498616)
(0.024741429 0.001080234 0.12498616)
(0.025772322 0.0011252437 0.12498616)
(0.026803215 0.0011702535 0.12498616)
(0.027834108 0.0012152632 0.12498616)
(0.028865001 0.001260273 0.12498616)
(0.029895893 0.0013052828 0.12498616)
(0.030926786 0.0013502925 0.12498616)
(0.031957679 0.0013953023 0.12498616)
(0.032988572 0.001440312 0.12498616)
(0.034019465 0.0014853217 0.12498616)
(0.035050358 0.0015303315 0.12498616)
(0.036081251 0.0015753412 0.12498616)
(0.037112143 0.001620351 0.12498616)
(0.038143036 0.0016653608 0.12498616)
(0.039173929 0.0017103705 0.12498616)
(0.040204822 0.0017553803 0.12498616)
(0.041235715 0.00180039 0.12498616)
(0 0 0.12516925)
(0.0010308929 -4.500975e-05 0.12516925)
(0.0020617858 -9.00195e-05 0.12516925)
(0.0030926786 -0.00013502925 0.12516925)
(0.0041235715 -0.000180039 0.12516925)
(0.0051544644 -0.00022504875 0.12516925)
(0.0061853572 -0.0002700585 0.12516925)
(0.0072162501 -0.00031506825 0.12516925)
(0.008247143 -0.000360078 0.12516925)
(0.0092780359 -0.00040508775 0.12516925)
(0.010308929 -0.0004500975 0.12516925)
(0.011339822 -0.00049510725 0.12516925)
(0.012370714 -0.000540117 0.12516925)
(0.013401607 -0.00058512675 0.12516925)
(0.0144325 -0.0006301365 0.12516925)
(0.015463393 -0.00067514625 0.12516925)
(0.016494286 -0.000720156 0.12516925)
(0.017525179 -0.00076516575 0.12516925)
(0.018556072 -0.0008101755 0.12516925)
(0.019586965 -0.00085518525 0.12516925)
(0.020617857 -0.000900195 0.12516925)
(0.02164875 -0.00094520475 0.12516925)
(0.022679643 -0.0009902145 0.12516925)
(0.023710536 -0.0010352243 0.12516925)
(0.024741429 -0.001080234 0.12516925)
(0.025772322 -0.0011252437 0.12516925)
(0.026803215 -0.0011702535 0.12516925)
(0.027834108 -0.0012152632 0.12516925)
(0.028865001 -0.001260273 0.12516925)
(0.029895893 -0.0013052828 0.12516925)
(0.030926786 -0.0013502925 0.12516925)
(0.031957679 -0.0013953023 0.12516925)
(0.032988572 -0.001440312 0.12516925)
(0.034019465 -0.0014853217 0.12516925)
(0.035050358 -0.0015303315 0.12516925)
(0.036081251 -0.0015753412 0.12516925)
(0.037112143 -0.001620351 0.12516925)
(0.038143036 -0.0016653608 0.12516925)
(0.039173929 -0.0017103705 0.12516925)
(0.040204822 -0.0017553803 0.12516925)
(0.041235715 -0.00180039 0.12516925)
(0.0010308929 4.500975e-05 0.12516925)
(0.0020617858 9.00195e-05 0.12516925)
(0.0030926786 0.00013502925 0.12516925)
(0.0041235715 0.000180039 0.12516925)
(0.0051544644 0.00022504875 0.12516925)
(0.0061853572 0.0002700585 0.12516925)
(0.0072162501 0.00031506825 0.12516925)
(0.008247143 0.000360078 0.12516925)
(0.0092780359 0.00040508775 0.12516925)
(0.010308929 0.0004500975 0.12516925)
(0.011339822 0.00049510725 0.12516925)
(0.012370714 0.000540117 0.12516925)
(0.013401607 0.00058512675 0.12516925)
(0.0144325 0.0006301365 0.12516925)
(0.015463393 0.00067514625 0.12516925)
(0.016494286 0.000720156 0.12516925)
(0.017525179 0.00076516575 0.12516925)
(0.018556072 0.0008101755 0.12516925)
(0.019586965 0.00085518525 0.12516925)
(0.020617857 0.000900195 0.12516925)
(0.02164875 0.00094520475 0.12516925)
(0.022679643 0.0009902145 0.12516925)
(0.023710536 0.0010352243 0.12516925)
(0.024741429 0.001080234 0.12516925)
(0.025772322 0.0011252437 0.12516925)
(0.026803215 0.0011702535 0.12516925)
(0.027834108 0.0012152632 0.12516925)
(0.028865001 0.001260273 0.12516925)
(0.029895893 0.0013052828 0.12516925)
(0.030926786 0.0013502925 0.12516925)
(0.031957679 0.0013953023 0.12516925)
(0.032988572 0.001440312 0.12516925)
(0.034019465 0.0014853217 0.12516925)
(0.035050358 0.0015303315 0.12516925)
(0.036081251 0.0015753412 0.12516925)
(0.037112143 0.001620351 0.12516925)
(0.038143036 0.0016653608 0.12516925)
(0.039173929 0.0017103705 0.12516925)
(0.040204822 0.0017553803 0.12516925)
(0.041235715 0.00180039 0.12516925)
(0 0 0.12535232)
(0.0010308929 -4.500975e-05 0.12535232)
(0.0020617858 -9.00195e-05 0.12535232)
(0.0030926786 -0.00013502925 0.12535232)
(0.0041235715 -0.000180039 0.12535232)
(0.0051544644 -0.00022504875 0.12535232)
(0.0061853572 -0.0002700585 0.12535232)
(0.0072162501 -0.00031506825 0.12535232)
(0.008247143 -0.000360078 0.12535232)
(0.0092780359 -0.00040508775 0.12535232)
(0.010308929 -0.0004500975 0.12535232)
(0.011339822 -0.00049510725 0.12535232)
(0.012370714 -0.000540117 0.12535232)
(0.013401607 -0.00058512675 0.12535232)
(0.0144325 -0.0006301365 0.12535232)
(0.015463393 -0.00067514625 0.12535232)
(0.016494286 -0.000720156 0.12535232)
(0.017525179 -0.00076516575 0.12535232)
(0.018556072 -0.0008101755 0.12535232)
(0.019586965 -0.00085518525 0.12535232)
(0.020617857 -0.000900195 0.12535232)
(0.02164875 -0.00094520475 0.12535232)
(0.022679643 -0.0009902145 0.12535232)
(0.023710536 -0.0010352243 0.12535232)
(0.024741429 -0.001080234 0.12535232)
(0.025772322 -0.0011252437 0.12535232)
(0.026803215 -0.0011702535 0.12535232)
(0.027834108 -0.0012152632 0.12535232)
(0.028865001 -0.001260273 0.12535232)
(0.029895893 -0.0013052828 0.12535232)
(0.030926786 -0.0013502925 0.12535232)
(0.031957679 -0.0013953023 0.12535232)
(0.032988572 -0.001440312 0.12535232)
(0.034019465 -0.0014853217 0.12535232)
(0.035050358 -0.0015303315 0.12535232)
(0.036081251 -0.0015753412 0.12535232)
(0.037112143 -0.001620351 0.12535232)
(0.038143036 -0.0016653608 0.12535232)
(0.039173929 -0.0017103705 0.12535232)
(0.040204822 -0.0017553803 0.12535232)
(0.041235715 -0.00180039 0.12535232)
(0.0010308929 4.500975e-05 0.12535232)
(0.0020617858 9.00195e-05 0.12535232)
(0.0030926786 0.00013502925 0.12535232)
(0.0041235715 0.000180039 0.12535232)
(0.0051544644 0.00022504875 0.12535232)
(0.0061853572 0.0002700585 0.12535232)
(0.0072162501 0.00031506825 0.12535232)
(0.008247143 0.000360078 0.12535232)
(0.0092780359 0.00040508775 0.12535232)
(0.010308929 0.0004500975 0.12535232)
(0.011339822 0.00049510725 0.12535232)
(0.012370714 0.000540117 0.12535232)
(0.013401607 0.00058512675 0.12535232)
(0.0144325 0.0006301365 0.12535232)
(0.015463393 0.00067514625 0.12535232)
(0.016494286 0.000720156 0.12535232)
(0.017525179 0.00076516575 0.12535232)
(0.018556072 0.0008101755 0.12535232)
(0.019586965 0.00085518525 0.12535232)
(0.020617857 0.000900195 0.12535232)
(0.02164875 0.00094520475 0.12535232)
(0.022679643 0.0009902145 0.12535232)
(0.023710536 0.0010352243 0.12535232)
(0.024741429 0.001080234 0.12535232)
(0.025772322 0.0011252437 0.12535232)
(0.026803215 0.0011702535 0.12535232)
(0.027834108 0.0012152632 0.12535232)
(0.028865001 0.001260273 0.12535232)
(0.029895893 0.0013052828 0.12535232)
(0.030926786 0.0013502925 0.12535232)
(0.031957679 0.0013953023 0.12535232)
(0.032988572 0.001440312 0.12535232)
(0.034019465 0.0014853217 0.12535232)
(0.035050358 0.0015303315 0.12535232)
(0.036081251 0.0015753412 0.12535232)
(0.037112143 0.001620351 0.12535232)
(0.038143036 0.0016653608 0.12535232)
(0.039173929 0.0017103705 0.12535232)
(0.040204822 0.0017553803 0.12535232)
(0.041235715 0.00180039 0.12535232)
(0 0 0.1255354)
(0.0010308929 -4.500975e-05 0.1255354)
(0.0020617858 -9.00195e-05 0.1255354)
(0.0030926786 -0.00013502925 0.1255354)
(0.0041235715 -0.000180039 0.1255354)
(0.0051544644 -0.00022504875 0.1255354)
(0.0061853572 -0.0002700585 0.1255354)
(0.0072162501 -0.00031506825 0.1255354)
(0.008247143 -0.000360078 0.1255354)
(0.0092780359 -0.00040508775 0.1255354)
(0.010308929 -0.0004500975 0.1255354)
(0.011339822 -0.00049510725 0.1255354)
(0.012370714 -0.000540117 0.1255354)
(0.013401607 -0.00058512675 0.1255354)
(0.0144325 -0.0006301365 0.1255354)
(0.015463393 -0.00067514625 0.1255354)
(0.016494286 -0.000720156 0.1255354)
(0.017525179 -0.00076516575 0.1255354)
(0.018556072 -0.0008101755 0.1255354)
(0.019586965 -0.00085518525 0.1255354)
(0.020617857 -0.000900195 0.1255354)
(0.02164875 -0.00094520475 0.1255354)
(0.022679643 -0.0009902145 0.1255354)
(0.023710536 -0.0010352243 0.1255354)
(0.024741429 -0.001080234 0.1255354)
(0.025772322 -0.0011252437 0.1255354)
(0.026803215 -0.0011702535 0.1255354)
(0.027834108 -0.0012152632 0.1255354)
(0.028865001 -0.001260273 0.1255354)
(0.029895893 -0.0013052828 0.1255354)
(0.030926786 -0.0013502925 0.1255354)
(0.031957679 -0.0013953023 0.1255354)
(0.032988572 -0.001440312 0.1255354)
(0.034019465 -0.0014853217 0.1255354)
(0.035050358 -0.0015303315 0.1255354)
(0.036081251 -0.0015753412 0.1255354)
(0.037112143 -0.001620351 0.1255354)
(0.038143036 -0.0016653608 0.1255354)
(0.039173929 -0.0017103705 0.1255354)
(0.040204822 -0.0017553803 0.1255354)
(0.041235715 -0.00180039 0.1255354)
(0.0010308929 4.500975e-05 0.1255354)
(0.0020617858 9.00195e-05 0.1255354)
(0.0030926786 0.00013502925 0.1255354)
(0.0041235715 0.000180039 0.1255354)
(0.0051544644 0.00022504875 0.1255354)
(0.0061853572 0.0002700585 0.1255354)
(0.0072162501 0.00031506825 0.1255354)
(0.008247143 0.000360078 0.1255354)
(0.0092780359 0.00040508775 0.1255354)
(0.010308929 0.0004500975 0.1255354)
(0.011339822 0.00049510725 0.1255354)
(0.012370714 0.000540117 0.1255354)
(0.013401607 0.00058512675 0.1255354)
(0.0144325 0.0006301365 0.1255354)
(0.015463393 0.00067514625 0.1255354)
(0.016494286 0.000720156 0.1255354)
(0.017525179 0.00076516575 0.1255354)
(0.018556072 0.0008101755 0.1255354)
(0.019586965 0.00085518525 0.1255354)
(0.020617857 0.000900195 0.1255354)
(0.02164875 0.00094520475 0.1255354)
(0.022679643 0.0009902145 0.1255354)
(0.023710536 0.0010352243 0.1255354)
(0.024741429 0.001080234 0.1255354)
(0.025772322 0.0011252437 0.1255354)
(0.026803215 0.0011702535 0.1255354)
(0.027834108 0.0012152632 0.1255354)
(0.028865001 0.001260273 0.1255354)
(0.029895893 0.0013052828 0.1255354)
(0.030926786 0.0013502925 0.1255354)
(0.031957679 0.0013953023 0.1255354)
(0.032988572 0.001440312 0.1255354)
(0.034019465 0.0014853217 0.1255354)
(0.035050358 0.0015303315 0.1255354)
(0.036081251 0.0015753412 0.1255354)
(0.037112143 0.001620351 0.1255354)
(0.038143036 0.0016653608 0.1255354)
(0.039173929 0.0017103705 0.1255354)
(0.040204822 0.0017553803 0.1255354)
(0.041235715 0.00180039 0.1255354)
(0 0 0.12571847)
(0.0010308929 -4.500975e-05 0.12571847)
(0.0020617858 -9.00195e-05 0.12571847)
(0.0030926786 -0.00013502925 0.12571847)
(0.0041235715 -0.000180039 0.12571847)
(0.0051544644 -0.00022504875 0.12571847)
(0.0061853572 -0.0002700585 0.12571847)
(0.0072162501 -0.00031506825 0.12571847)
(0.008247143 -0.000360078 0.12571847)
(0.0092780359 -0.00040508775 0.12571847)
(0.010308929 -0.0004500975 0.12571847)
(0.011339822 -0.00049510725 0.12571847)
(0.012370714 -0.000540117 0.12571847)
(0.013401607 -0.00058512675 0.12571847)
(0.0144325 -0.0006301365 0.12571847)
(0.015463393 -0.00067514625 0.12571847)
(0.016494286 -0.000720156 0.12571847)
(0.017525179 -0.00076516575 0.12571847)
(0.018556072 -0.0008101755 0.12571847)
(0.019586965 -0.00085518525 0.12571847)
(0.020617857 -0.000900195 0.12571847)
(0.02164875 -0.00094520475 0.12571847)
(0.022679643 -0.0009902145 0.12571847)
(0.023710536 -0.0010352243 0.12571847)
(0.024741429 -0.001080234 0.12571847)
(0.025772322 -0.0011252437 0.12571847)
(0.026803215 -0.0011702535 0.12571847)
(0.027834108 -0.0012152632 0.12571847)
(0.028865001 -0.001260273 0.12571847)
(0.029895893 -0.0013052828 0.12571847)
(0.030926786 -0.0013502925 0.12571847)
(0.031957679 -0.0013953023 0.12571847)
(0.032988572 -0.001440312 0.12571847)
(0.034019465 -0.0014853217 0.12571847)
(0.035050358 -0.0015303315 0.12571847)
(0.036081251 -0.0015753412 0.12571847)
(0.037112143 -0.001620351 0.12571847)
(0.038143036 -0.0016653608 0.12571847)
(0.039173929 -0.0017103705 0.12571847)
(0.040204822 -0.0017553803 0.12571847)
(0.041235715 -0.00180039 0.12571847)
(0.0010308929 4.500975e-05 0.12571847)
(0.0020617858 9.00195e-05 0.12571847)
(0.0030926786 0.00013502925 0.12571847)
(0.0041235715 0.000180039 0.12571847)
(0.0051544644 0.00022504875 0.12571847)
(0.0061853572 0.0002700585 0.12571847)
(0.0072162501 0.00031506825 0.12571847)
(0.008247143 0.000360078 0.12571847)
(0.0092780359 0.00040508775 0.12571847)
(0.010308929 0.0004500975 0.12571847)
(0.011339822 0.00049510725 0.12571847)
(0.012370714 0.000540117 0.12571847)
(0.013401607 0.00058512675 0.12571847)
(0.0144325 0.0006301365 0.12571847)
(0.015463393 0.00067514625 0.12571847)
(0.016494286 0.000720156 0.12571847)
(0.017525179 0.00076516575 0.12571847)
(0.018556072 0.0008101755 0.12571847)
(0.019586965 0.00085518525 0.12571847)
(0.020617857 0.000900195 0.12571847)
(0.02164875 0.00094520475 0.12571847)
(0.022679643 0.0009902145 0.12571847)
(0.023710536 0.0010352243 0.12571847)
(0.024741429 0.001080234 0.12571847)
(0.025772322 0.0011252437 0.12571847)
(0.026803215 0.0011702535 0.12571847)
(0.027834108 0.0012152632 0.12571847)
(0.028865001 0.001260273 0.12571847)
(0.029895893 0.0013052828 0.12571847)
(0.030926786 0.0013502925 0.12571847)
(0.031957679 0.0013953023 0.12571847)
(0.032988572 0.001440312 0.12571847)
(0.034019465 0.0014853217 0.12571847)
(0.035050358 0.0015303315 0.12571847)
(0.036081251 0.0015753412 0.12571847)
(0.037112143 0.001620351 0.12571847)
(0.038143036 0.0016653608 0.12571847)
(0.039173929 0.0017103705 0.12571847)
(0.040204822 0.0017553803 0.12571847)
(0.041235715 0.00180039 0.12571847)
(0 0 0.12590154)
(0.0010308929 -4.500975e-05 0.12590154)
(0.0020617858 -9.00195e-05 0.12590154)
(0.0030926786 -0.00013502925 0.12590154)
(0.0041235715 -0.000180039 0.12590154)
(0.0051544644 -0.00022504875 0.12590154)
(0.0061853572 -0.0002700585 0.12590154)
(0.0072162501 -0.00031506825 0.12590154)
(0.008247143 -0.000360078 0.12590154)
(0.0092780359 -0.00040508775 0.12590154)
(0.010308929 -0.0004500975 0.12590154)
(0.011339822 -0.00049510725 0.12590154)
(0.012370714 -0.000540117 0.12590154)
(0.013401607 -0.00058512675 0.12590154)
(0.0144325 -0.0006301365 0.12590154)
(0.015463393 -0.00067514625 0.12590154)
(0.016494286 -0.000720156 0.12590154)
(0.017525179 -0.00076516575 0.12590154)
(0.018556072 -0.0008101755 0.12590154)
(0.019586965 -0.00085518525 0.12590154)
(0.020617857 -0.000900195 0.12590154)
(0.02164875 -0.00094520475 0.12590154)
(0.022679643 -0.0009902145 0.12590154)
(0.023710536 -0.0010352243 0.12590154)
(0.024741429 -0.001080234 0.12590154)
(0.025772322 -0.0011252437 0.12590154)
(0.026803215 -0.0011702535 0.12590154)
(0.027834108 -0.0012152632 0.12590154)
(0.028865001 -0.001260273 0.12590154)
(0.029895893 -0.0013052828 0.12590154)
(0.030926786 -0.0013502925 0.12590154)
(0.031957679 -0.0013953023 0.12590154)
(0.032988572 -0.001440312 0.12590154)
(0.034019465 -0.0014853217 0.12590154)
(0.035050358 -0.0015303315 0.12590154)
(0.036081251 -0.0015753412 0.12590154)
(0.037112143 -0.001620351 0.12590154)
(0.038143036 -0.0016653608 0.12590154)
(0.039173929 -0.0017103705 0.12590154)
(0.040204822 -0.0017553803 0.12590154)
(0.041235715 -0.00180039 0.12590154)
(0.0010308929 4.500975e-05 0.12590154)
(0.0020617858 9.00195e-05 0.12590154)
(0.0030926786 0.00013502925 0.12590154)
(0.0041235715 0.000180039 0.12590154)
(0.0051544644 0.00022504875 0.12590154)
(0.0061853572 0.0002700585 0.12590154)
(0.0072162501 0.00031506825 0.12590154)
(0.008247143 0.000360078 0.12590154)
(0.0092780359 0.00040508775 0.12590154)
(0.010308929 0.0004500975 0.12590154)
(0.011339822 0.00049510725 0.12590154)
(0.012370714 0.000540117 0.12590154)
(0.013401607 0.00058512675 0.12590154)
(0.0144325 0.0006301365 0.12590154)
(0.015463393 0.00067514625 0.12590154)
(0.016494286 0.000720156 0.12590154)
(0.017525179 0.00076516575 0.12590154)
(0.018556072 0.0008101755 0.12590154)
(0.019586965 0.00085518525 0.12590154)
(0.020617857 0.000900195 0.12590154)
(0.02164875 0.00094520475 0.12590154)
(0.022679643 0.0009902145 0.12590154)
(0.023710536 0.0010352243 0.12590154)
(0.024741429 0.001080234 0.12590154)
(0.025772322 0.0011252437 0.12590154)
(0.026803215 0.0011702535 0.12590154)
(0.027834108 0.0012152632 0.12590154)
(0.028865001 0.001260273 0.12590154)
(0.029895893 0.0013052828 0.12590154)
(0.030926786 0.0013502925 0.12590154)
(0.031957679 0.0013953023 0.12590154)
(0.032988572 0.001440312 0.12590154)
(0.034019465 0.0014853217 0.12590154)
(0.035050358 0.0015303315 0.12590154)
(0.036081251 0.0015753412 0.12590154)
(0.037112143 0.001620351 0.12590154)
(0.038143036 0.0016653608 0.12590154)
(0.039173929 0.0017103705 0.12590154)
(0.040204822 0.0017553803 0.12590154)
(0.041235715 0.00180039 0.12590154)
(0 0 0.12608462)
(0.0010308929 -4.500975e-05 0.12608462)
(0.0020617858 -9.00195e-05 0.12608462)
(0.0030926786 -0.00013502925 0.12608462)
(0.0041235715 -0.000180039 0.12608462)
(0.0051544644 -0.00022504875 0.12608462)
(0.0061853572 -0.0002700585 0.12608462)
(0.0072162501 -0.00031506825 0.12608462)
(0.008247143 -0.000360078 0.12608462)
(0.0092780359 -0.00040508775 0.12608462)
(0.010308929 -0.0004500975 0.12608462)
(0.011339822 -0.00049510725 0.12608462)
(0.012370714 -0.000540117 0.12608462)
(0.013401607 -0.00058512675 0.12608462)
(0.0144325 -0.0006301365 0.12608462)
(0.015463393 -0.00067514625 0.12608462)
(0.016494286 -0.000720156 0.12608462)
(0.017525179 -0.00076516575 0.12608462)
(0.018556072 -0.0008101755 0.12608462)
(0.019586965 -0.00085518525 0.12608462)
(0.020617857 -0.000900195 0.12608462)
(0.02164875 -0.00094520475 0.12608462)
(0.022679643 -0.0009902145 0.12608462)
(0.023710536 -0.0010352243 0.12608462)
(0.024741429 -0.001080234 0.12608462)
(0.025772322 -0.0011252437 0.12608462)
(0.026803215 -0.0011702535 0.12608462)
(0.027834108 -0.0012152632 0.12608462)
(0.028865001 -0.001260273 0.12608462)
(0.029895893 -0.0013052828 0.12608462)
(0.030926786 -0.0013502925 0.12608462)
(0.031957679 -0.0013953023 0.12608462)
(0.032988572 -0.001440312 0.12608462)
(0.034019465 -0.0014853217 0.12608462)
(0.035050358 -0.0015303315 0.12608462)
(0.036081251 -0.0015753412 0.12608462)
(0.037112143 -0.001620351 0.12608462)
(0.038143036 -0.0016653608 0.12608462)
(0.039173929 -0.0017103705 0.12608462)
(0.040204822 -0.0017553803 0.12608462)
(0.041235715 -0.00180039 0.12608462)
(0.0010308929 4.500975e-05 0.12608462)
(0.0020617858 9.00195e-05 0.12608462)
(0.0030926786 0.00013502925 0.12608462)
(0.0041235715 0.000180039 0.12608462)
(0.0051544644 0.00022504875 0.12608462)
(0.0061853572 0.0002700585 0.12608462)
(0.0072162501 0.00031506825 0.12608462)
(0.008247143 0.000360078 0.12608462)
(0.0092780359 0.00040508775 0.12608462)
(0.010308929 0.0004500975 0.12608462)
(0.011339822 0.00049510725 0.12608462)
(0.012370714 0.000540117 0.12608462)
(0.013401607 0.00058512675 0.12608462)
(0.0144325 0.0006301365 0.12608462)
(0.015463393 0.00067514625 0.12608462)
(0.016494286 0.000720156 0.12608462)
(0.017525179 0.00076516575 0.12608462)
(0.018556072 0.0008101755 0.12608462)
(0.019586965 0.00085518525 0.12608462)
(0.020617857 0.000900195 0.12608462)
(0.02164875 0.00094520475 0.12608462)
(0.022679643 0.0009902145 0.12608462)
(0.023710536 0.0010352243 0.12608462)
(0.024741429 0.001080234 0.12608462)
(0.025772322 0.0011252437 0.12608462)
(0.026803215 0.0011702535 0.12608462)
(0.027834108 0.0012152632 0.12608462)
(0.028865001 0.001260273 0.12608462)
(0.029895893 0.0013052828 0.12608462)
(0.030926786 0.0013502925 0.12608462)
(0.031957679 0.0013953023 0.12608462)
(0.032988572 0.001440312 0.12608462)
(0.034019465 0.0014853217 0.12608462)
(0.035050358 0.0015303315 0.12608462)
(0.036081251 0.0015753412 0.12608462)
(0.037112143 0.001620351 0.12608462)
(0.038143036 0.0016653608 0.12608462)
(0.039173929 0.0017103705 0.12608462)
(0.040204822 0.0017553803 0.12608462)
(0.041235715 0.00180039 0.12608462)
(0 0 0.12626769)
(0.0010308929 -4.500975e-05 0.12626769)
(0.0020617858 -9.00195e-05 0.12626769)
(0.0030926786 -0.00013502925 0.12626769)
(0.0041235715 -0.000180039 0.12626769)
(0.0051544644 -0.00022504875 0.12626769)
(0.0061853572 -0.0002700585 0.12626769)
(0.0072162501 -0.00031506825 0.12626769)
(0.008247143 -0.000360078 0.12626769)
(0.0092780359 -0.00040508775 0.12626769)
(0.010308929 -0.0004500975 0.12626769)
(0.011339822 -0.00049510725 0.12626769)
(0.012370714 -0.000540117 0.12626769)
(0.013401607 -0.00058512675 0.12626769)
(0.0144325 -0.0006301365 0.12626769)
(0.015463393 -0.00067514625 0.12626769)
(0.016494286 -0.000720156 0.12626769)
(0.017525179 -0.00076516575 0.12626769)
(0.018556072 -0.0008101755 0.12626769)
(0.019586965 -0.00085518525 0.12626769)
(0.020617857 -0.000900195 0.12626769)
(0.02164875 -0.00094520475 0.12626769)
(0.022679643 -0.0009902145 0.12626769)
(0.023710536 -0.0010352243 0.12626769)
(0.024741429 -0.001080234 0.12626769)
(0.025772322 -0.0011252437 0.12626769)
(0.026803215 -0.0011702535 0.12626769)
(0.027834108 -0.0012152632 0.12626769)
(0.028865001 -0.001260273 0.12626769)
(0.029895893 -0.0013052828 0.12626769)
(0.030926786 -0.0013502925 0.12626769)
(0.031957679 -0.0013953023 0.12626769)
(0.032988572 -0.001440312 0.12626769)
(0.034019465 -0.0014853217 0.12626769)
(0.035050358 -0.0015303315 0.12626769)
(0.036081251 -0.0015753412 0.12626769)
(0.037112143 -0.001620351 0.12626769)
(0.038143036 -0.0016653608 0.12626769)
(0.039173929 -0.0017103705 0.12626769)
(0.040204822 -0.0017553803 0.12626769)
(0.041235715 -0.00180039 0.12626769)
(0.0010308929 4.500975e-05 0.12626769)
(0.0020617858 9.00195e-05 0.12626769)
(0.0030926786 0.00013502925 0.12626769)
(0.0041235715 0.000180039 0.12626769)
(0.0051544644 0.00022504875 0.12626769)
(0.0061853572 0.0002700585 0.12626769)
(0.0072162501 0.00031506825 0.12626769)
(0.008247143 0.000360078 0.12626769)
(0.0092780359 0.00040508775 0.12626769)
(0.010308929 0.0004500975 0.12626769)
(0.011339822 0.00049510725 0.12626769)
(0.012370714 0.000540117 0.12626769)
(0.013401607 0.00058512675 0.12626769)
(0.0144325 0.0006301365 0.12626769)
(0.015463393 0.00067514625 0.12626769)
(0.016494286 0.000720156 0.12626769)
(0.017525179 0.00076516575 0.12626769)
(0.018556072 0.0008101755 0.12626769)
(0.019586965 0.00085518525 0.12626769)
(0.020617857 0.000900195 0.12626769)
(0.02164875 0.00094520475 0.12626769)
(0.022679643 0.0009902145 0.12626769)
(0.023710536 0.0010352243 0.12626769)
(0.024741429 0.001080234 0.12626769)
(0.025772322 0.0011252437 0.12626769)
(0.026803215 0.0011702535 0.12626769)
(0.027834108 0.0012152632 0.12626769)
(0.028865001 0.001260273 0.12626769)
(0.029895893 0.0013052828 0.12626769)
(0.030926786 0.0013502925 0.12626769)
(0.031957679 0.0013953023 0.12626769)
(0.032988572 0.001440312 0.12626769)
(0.034019465 0.0014853217 0.12626769)
(0.035050358 0.0015303315 0.12626769)
(0.036081251 0.0015753412 0.12626769)
(0.037112143 0.001620351 0.12626769)
(0.038143036 0.0016653608 0.12626769)
(0.039173929 0.0017103705 0.12626769)
(0.040204822 0.0017553803 0.12626769)
(0.041235715 0.00180039 0.12626769)
(0 0 0.12645078)
(0.0010308929 -4.500975e-05 0.12645078)
(0.0020617858 -9.00195e-05 0.12645078)
(0.0030926786 -0.00013502925 0.12645078)
(0.0041235715 -0.000180039 0.12645078)
(0.0051544644 -0.00022504875 0.12645078)
(0.0061853572 -0.0002700585 0.12645078)
(0.0072162501 -0.00031506825 0.12645078)
(0.008247143 -0.000360078 0.12645078)
(0.0092780359 -0.00040508775 0.12645078)
(0.010308929 -0.0004500975 0.12645078)
(0.011339822 -0.00049510725 0.12645078)
(0.012370714 -0.000540117 0.12645078)
(0.013401607 -0.00058512675 0.12645078)
(0.0144325 -0.0006301365 0.12645078)
(0.015463393 -0.00067514625 0.12645078)
(0.016494286 -0.000720156 0.12645078)
(0.017525179 -0.00076516575 0.12645078)
(0.018556072 -0.0008101755 0.12645078)
(0.019586965 -0.00085518525 0.12645078)
(0.020617857 -0.000900195 0.12645078)
(0.02164875 -0.00094520475 0.12645078)
(0.022679643 -0.0009902145 0.12645078)
(0.023710536 -0.0010352243 0.12645078)
(0.024741429 -0.001080234 0.12645078)
(0.025772322 -0.0011252437 0.12645078)
(0.026803215 -0.0011702535 0.12645078)
(0.027834108 -0.0012152632 0.12645078)
(0.028865001 -0.001260273 0.12645078)
(0.029895893 -0.0013052828 0.12645078)
(0.030926786 -0.0013502925 0.12645078)
(0.031957679 -0.0013953023 0.12645078)
(0.032988572 -0.001440312 0.12645078)
(0.034019465 -0.0014853217 0.12645078)
(0.035050358 -0.0015303315 0.12645078)
(0.036081251 -0.0015753412 0.12645078)
(0.037112143 -0.001620351 0.12645078)
(0.038143036 -0.0016653608 0.12645078)
(0.039173929 -0.0017103705 0.12645078)
(0.040204822 -0.0017553803 0.12645078)
(0.041235715 -0.00180039 0.12645078)
(0.0010308929 4.500975e-05 0.12645078)
(0.0020617858 9.00195e-05 0.12645078)
(0.0030926786 0.00013502925 0.12645078)
(0.0041235715 0.000180039 0.12645078)
(0.0051544644 0.00022504875 0.12645078)
(0.0061853572 0.0002700585 0.12645078)
(0.0072162501 0.00031506825 0.12645078)
(0.008247143 0.000360078 0.12645078)
(0.0092780359 0.00040508775 0.12645078)
(0.010308929 0.0004500975 0.12645078)
(0.011339822 0.00049510725 0.12645078)
(0.012370714 0.000540117 0.12645078)
(0.013401607 0.00058512675 0.12645078)
(0.0144325 0.0006301365 0.12645078)
(0.015463393 0.00067514625 0.12645078)
(0.016494286 0.000720156 0.12645078)
(0.017525179 0.00076516575 0.12645078)
(0.018556072 0.0008101755 0.12645078)
(0.019586965 0.00085518525 0.12645078)
(0.020617857 0.000900195 0.12645078)
(0.02164875 0.00094520475 0.12645078)
(0.022679643 0.0009902145 0.12645078)
(0.023710536 0.0010352243 0.12645078)
(0.024741429 0.001080234 0.12645078)
(0.025772322 0.0011252437 0.12645078)
(0.026803215 0.0011702535 0.12645078)
(0.027834108 0.0012152632 0.12645078)
(0.028865001 0.001260273 0.12645078)
(0.029895893 0.0013052828 0.12645078)
(0.030926786 0.0013502925 0.12645078)
(0.031957679 0.0013953023 0.12645078)
(0.032988572 0.001440312 0.12645078)
(0.034019465 0.0014853217 0.12645078)
(0.035050358 0.0015303315 0.12645078)
(0.036081251 0.0015753412 0.12645078)
(0.037112143 0.001620351 0.12645078)
(0.038143036 0.0016653608 0.12645078)
(0.039173929 0.0017103705 0.12645078)
(0.040204822 0.0017553803 0.12645078)
(0.041235715 0.00180039 0.12645078)
(0 0 0.12663385)
(0.0010308929 -4.500975e-05 0.12663385)
(0.0020617858 -9.00195e-05 0.12663385)
(0.0030926786 -0.00013502925 0.12663385)
(0.0041235715 -0.000180039 0.12663385)
(0.0051544644 -0.00022504875 0.12663385)
(0.0061853572 -0.0002700585 0.12663385)
(0.0072162501 -0.00031506825 0.12663385)
(0.008247143 -0.000360078 0.12663385)
(0.0092780359 -0.00040508775 0.12663385)
(0.010308929 -0.0004500975 0.12663385)
(0.011339822 -0.00049510725 0.12663385)
(0.012370714 -0.000540117 0.12663385)
(0.013401607 -0.00058512675 0.12663385)
(0.0144325 -0.0006301365 0.12663385)
(0.015463393 -0.00067514625 0.12663385)
(0.016494286 -0.000720156 0.12663385)
(0.017525179 -0.00076516575 0.12663385)
(0.018556072 -0.0008101755 0.12663385)
(0.019586965 -0.00085518525 0.12663385)
(0.020617857 -0.000900195 0.12663385)
(0.02164875 -0.00094520475 0.12663385)
(0.022679643 -0.0009902145 0.12663385)
(0.023710536 -0.0010352243 0.12663385)
(0.024741429 -0.001080234 0.12663385)
(0.025772322 -0.0011252437 0.12663385)
(0.026803215 -0.0011702535 0.12663385)
(0.027834108 -0.0012152632 0.12663385)
(0.028865001 -0.001260273 0.12663385)
(0.029895893 -0.0013052828 0.12663385)
(0.030926786 -0.0013502925 0.12663385)
(0.031957679 -0.0013953023 0.12663385)
(0.032988572 -0.001440312 0.12663385)
(0.034019465 -0.0014853217 0.12663385)
(0.035050358 -0.0015303315 0.12663385)
(0.036081251 -0.0015753412 0.12663385)
(0.037112143 -0.001620351 0.12663385)
(0.038143036 -0.0016653608 0.12663385)
(0.039173929 -0.0017103705 0.12663385)
(0.040204822 -0.0017553803 0.12663385)
(0.041235715 -0.00180039 0.12663385)
(0.0010308929 4.500975e-05 0.12663385)
(0.0020617858 9.00195e-05 0.12663385)
(0.0030926786 0.00013502925 0.12663385)
(0.0041235715 0.000180039 0.12663385)
(0.0051544644 0.00022504875 0.12663385)
(0.0061853572 0.0002700585 0.12663385)
(0.0072162501 0.00031506825 0.12663385)
(0.008247143 0.000360078 0.12663385)
(0.0092780359 0.00040508775 0.12663385)
(0.010308929 0.0004500975 0.12663385)
(0.011339822 0.00049510725 0.12663385)
(0.012370714 0.000540117 0.12663385)
(0.013401607 0.00058512675 0.12663385)
(0.0144325 0.0006301365 0.12663385)
(0.015463393 0.00067514625 0.12663385)
(0.016494286 0.000720156 0.12663385)
(0.017525179 0.00076516575 0.12663385)
(0.018556072 0.0008101755 0.12663385)
(0.019586965 0.00085518525 0.12663385)
(0.020617857 0.000900195 0.12663385)
(0.02164875 0.00094520475 0.12663385)
(0.022679643 0.0009902145 0.12663385)
(0.023710536 0.0010352243 0.12663385)
(0.024741429 0.001080234 0.12663385)
(0.025772322 0.0011252437 0.12663385)
(0.026803215 0.0011702535 0.12663385)
(0.027834108 0.0012152632 0.12663385)
(0.028865001 0.001260273 0.12663385)
(0.029895893 0.0013052828 0.12663385)
(0.030926786 0.0013502925 0.12663385)
(0.031957679 0.0013953023 0.12663385)
(0.032988572 0.001440312 0.12663385)
(0.034019465 0.0014853217 0.12663385)
(0.035050358 0.0015303315 0.12663385)
(0.036081251 0.0015753412 0.12663385)
(0.037112143 0.001620351 0.12663385)
(0.038143036 0.0016653608 0.12663385)
(0.039173929 0.0017103705 0.12663385)
(0.040204822 0.0017553803 0.12663385)
(0.041235715 0.00180039 0.12663385)
(0 0 0.12681693)
(0.0010308929 -4.500975e-05 0.12681693)
(0.0020617858 -9.00195e-05 0.12681693)
(0.0030926786 -0.00013502925 0.12681693)
(0.0041235715 -0.000180039 0.12681693)
(0.0051544644 -0.00022504875 0.12681693)
(0.0061853572 -0.0002700585 0.12681693)
(0.0072162501 -0.00031506825 0.12681693)
(0.008247143 -0.000360078 0.12681693)
(0.0092780359 -0.00040508775 0.12681693)
(0.010308929 -0.0004500975 0.12681693)
(0.011339822 -0.00049510725 0.12681693)
(0.012370714 -0.000540117 0.12681693)
(0.013401607 -0.00058512675 0.12681693)
(0.0144325 -0.0006301365 0.12681693)
(0.015463393 -0.00067514625 0.12681693)
(0.016494286 -0.000720156 0.12681693)
(0.017525179 -0.00076516575 0.12681693)
(0.018556072 -0.0008101755 0.12681693)
(0.019586965 -0.00085518525 0.12681693)
(0.020617857 -0.000900195 0.12681693)
(0.02164875 -0.00094520475 0.12681693)
(0.022679643 -0.0009902145 0.12681693)
(0.023710536 -0.0010352243 0.12681693)
(0.024741429 -0.001080234 0.12681693)
(0.025772322 -0.0011252437 0.12681693)
(0.026803215 -0.0011702535 0.12681693)
(0.027834108 -0.0012152632 0.12681693)
(0.028865001 -0.001260273 0.12681693)
(0.029895893 -0.0013052828 0.12681693)
(0.030926786 -0.0013502925 0.12681693)
(0.031957679 -0.0013953023 0.12681693)
(0.032988572 -0.001440312 0.12681693)
(0.034019465 -0.0014853217 0.12681693)
(0.035050358 -0.0015303315 0.12681693)
(0.036081251 -0.0015753412 0.12681693)
(0.037112143 -0.001620351 0.12681693)
(0.038143036 -0.0016653608 0.12681693)
(0.039173929 -0.0017103705 0.12681693)
(0.040204822 -0.0017553803 0.12681693)
(0.041235715 -0.00180039 0.12681693)
(0.0010308929 4.500975e-05 0.12681693)
(0.0020617858 9.00195e-05 0.12681693)
(0.0030926786 0.00013502925 0.12681693)
(0.0041235715 0.000180039 0.12681693)
(0.0051544644 0.00022504875 0.12681693)
(0.0061853572 0.0002700585 0.12681693)
(0.0072162501 0.00031506825 0.12681693)
(0.008247143 0.000360078 0.12681693)
(0.0092780359 0.00040508775 0.12681693)
(0.010308929 0.0004500975 0.12681693)
(0.011339822 0.00049510725 0.12681693)
(0.012370714 0.000540117 0.12681693)
(0.013401607 0.00058512675 0.12681693)
(0.0144325 0.0006301365 0.12681693)
(0.015463393 0.00067514625 0.12681693)
(0.016494286 0.000720156 0.12681693)
(0.017525179 0.00076516575 0.12681693)
(0.018556072 0.0008101755 0.12681693)
(0.019586965 0.00085518525 0.12681693)
(0.020617857 0.000900195 0.12681693)
(0.02164875 0.00094520475 0.12681693)
(0.022679643 0.0009902145 0.12681693)
(0.023710536 0.0010352243 0.12681693)
(0.024741429 0.001080234 0.12681693)
(0.025772322 0.0011252437 0.12681693)
(0.026803215 0.0011702535 0.12681693)
(0.027834108 0.0012152632 0.12681693)
(0.028865001 0.001260273 0.12681693)
(0.029895893 0.0013052828 0.12681693)
(0.030926786 0.0013502925 0.12681693)
(0.031957679 0.0013953023 0.12681693)
(0.032988572 0.001440312 0.12681693)
(0.034019465 0.0014853217 0.12681693)
(0.035050358 0.0015303315 0.12681693)
(0.036081251 0.0015753412 0.12681693)
(0.037112143 0.001620351 0.12681693)
(0.038143036 0.0016653608 0.12681693)
(0.039173929 0.0017103705 0.12681693)
(0.040204822 0.0017553803 0.12681693)
(0.041235715 0.00180039 0.12681693)
(0 0 0.127)
(0.0010308929 -4.500975e-05 0.127)
(0.0020617858 -9.00195e-05 0.127)
(0.0030926786 -0.00013502925 0.127)
(0.0041235715 -0.000180039 0.127)
(0.0051544644 -0.00022504875 0.127)
(0.0061853572 -0.0002700585 0.127)
(0.0072162501 -0.00031506825 0.127)
(0.008247143 -0.000360078 0.127)
(0.0092780359 -0.00040508775 0.127)
(0.010308929 -0.0004500975 0.127)
(0.011339822 -0.00049510725 0.127)
(0.012370714 -0.000540117 0.127)
(0.013401607 -0.00058512675 0.127)
(0.0144325 -0.0006301365 0.127)
(0.015463393 -0.00067514625 0.127)
(0.016494286 -0.000720156 0.127)
(0.017525179 -0.00076516575 0.127)
(0.018556072 -0.0008101755 0.127)
(0.019586965 -0.00085518525 0.127)
(0.020617857 -0.000900195 0.127)
(0.02164875 -0.00094520475 0.127)
(0.022679643 -0.0009902145 0.127)
(0.023710536 -0.0010352243 0.127)
(0.024741429 -0.001080234 0.127)
(0.025772322 -0.0011252437 0.127)
(0.026803215 -0.0011702535 0.127)
(0.027834108 -0.0012152632 0.127)
(0.028865001 -0.001260273 0.127)
(0.029895893 -0.0013052828 0.127)
(0.030926786 -0.0013502925 0.127)
(0.031957679 -0.0013953023 0.127)
(0.032988572 -0.001440312 0.127)
(0.034019465 -0.0014853217 0.127)
(0.035050358 -0.0015303315 0.127)
(0.036081251 -0.0015753412 0.127)
(0.037112143 -0.001620351 0.127)
(0.038143036 -0.0016653608 0.127)
(0.039173929 -0.0017103705 0.127)
(0.040204822 -0.0017553803 0.127)
(0.041235715 -0.00180039 0.127)
(0.0010308929 4.500975e-05 0.127)
(0.0020617858 9.00195e-05 0.127)
(0.0030926786 0.00013502925 0.127)
(0.0041235715 0.000180039 0.127)
(0.0051544644 0.00022504875 0.127)
(0.0061853572 0.0002700585 0.127)
(0.0072162501 0.00031506825 0.127)
(0.008247143 0.000360078 0.127)
(0.0092780359 0.00040508775 0.127)
(0.010308929 0.0004500975 0.127)
(0.011339822 0.00049510725 0.127)
(0.012370714 0.000540117 0.127)
(0.013401607 0.00058512675 0.127)
(0.0144325 0.0006301365 0.127)
(0.015463393 0.00067514625 0.127)
(0.016494286 0.000720156 0.127)
(0.017525179 0.00076516575 0.127)
(0.018556072 0.0008101755 0.127)
(0.019586965 0.00085518525 0.127)
(0.020617857 0.000900195 0.127)
(0.02164875 0.00094520475 0.127)
(0.022679643 0.0009902145 0.127)
(0.023710536 0.0010352243 0.127)
(0.024741429 0.001080234 0.127)
(0.025772322 0.0011252437 0.127)
(0.026803215 0.0011702535 0.127)
(0.027834108 0.0012152632 0.127)
(0.028865001 0.001260273 0.127)
(0.029895893 0.0013052828 0.127)
(0.030926786 0.0013502925 0.127)
(0.031957679 0.0013953023 0.127)
(0.032988572 0.001440312 0.127)
(0.034019465 0.0014853217 0.127)
(0.035050358 0.0015303315 0.127)
(0.036081251 0.0015753412 0.127)
(0.037112143 0.001620351 0.127)
(0.038143036 0.0016653608 0.127)
(0.039173929 0.0017103705 0.127)
(0.040204822 0.0017553803 0.127)
(0.041235715 0.00180039 0.127)
)


// ************************************************************************* //
