/*--------------------------------*- C++ -*----------------------------------*\
  =========                 |
  \\      /  F ield         | OpenFOAM: The Open Source CFD Toolbox
   \\    /   O peration     | Website:  https://openfoam.org
    \\  /    A nd           | Version:  13
     \\/     M anipulation  |
\*---------------------------------------------------------------------------*/
FoamFile
{
    format      ascii;
    class       vectorField;
    location    "17/polyMesh";
    object      points;
}
// * * * * * * * * * * * * * * * * * * * * * * * * * * * * * * * * * * * * * //


9801
(
(0 0 0.11125263)
(0.0010308929 -4.500975e-05 0.11125263)
(0.0020617858 -9.00195e-05 0.11125263)
(0.0030926786 -0.00013502925 0.11125263)
(0.0041235715 -0.000180039 0.11125263)
(0.0051544644 -0.00022504875 0.11125263)
(0.0061853572 -0.0002700585 0.11125263)
(0.0072162501 -0.00031506825 0.11125263)
(0.008247143 -0.000360078 0.11125263)
(0.0092780359 -0.00040508775 0.11125263)
(0.010308929 -0.0004500975 0.11125263)
(0.011339822 -0.00049510725 0.11125263)
(0.012370714 -0.000540117 0.11125263)
(0.013401607 -0.00058512675 0.11125263)
(0.0144325 -0.0006301365 0.11125263)
(0.015463393 -0.00067514625 0.11125263)
(0.016494286 -0.000720156 0.11125263)
(0.017525179 -0.00076516575 0.11125263)
(0.018556072 -0.0008101755 0.11125263)
(0.019586965 -0.00085518525 0.11125263)
(0.020617857 -0.000900195 0.11125263)
(0.02164875 -0.00094520475 0.11125263)
(0.022679643 -0.0009902145 0.11125263)
(0.023710536 -0.0010352243 0.11125263)
(0.024741429 -0.001080234 0.11125263)
(0.025772322 -0.0011252437 0.11125263)
(0.026803215 -0.0011702535 0.11125263)
(0.027834108 -0.0012152632 0.11125263)
(0.028865001 -0.001260273 0.11125263)
(0.029895893 -0.0013052828 0.11125263)
(0.030926786 -0.0013502925 0.11125263)
(0.031957679 -0.0013953023 0.11125263)
(0.032988572 -0.001440312 0.11125263)
(0.034019465 -0.0014853217 0.11125263)
(0.035050358 -0.0015303315 0.11125263)
(0.036081251 -0.0015753412 0.11125263)
(0.037112143 -0.001620351 0.11125263)
(0.038143036 -0.0016653608 0.11125263)
(0.039173929 -0.0017103705 0.11125263)
(0.040204822 -0.0017553803 0.11125263)
(0.041235715 -0.00180039 0.11125263)
(0.0010308929 4.500975e-05 0.11125263)
(0.0020617858 9.00195e-05 0.11125263)
(0.0030926786 0.00013502925 0.11125263)
(0.0041235715 0.000180039 0.11125263)
(0.0051544644 0.00022504875 0.11125263)
(0.0061853572 0.0002700585 0.11125263)
(0.0072162501 0.00031506825 0.11125263)
(0.008247143 0.000360078 0.11125263)
(0.0092780359 0.00040508775 0.11125263)
(0.010308929 0.0004500975 0.11125263)
(0.011339822 0.00049510725 0.11125263)
(0.012370714 0.000540117 0.11125263)
(0.013401607 0.00058512675 0.11125263)
(0.0144325 0.0006301365 0.11125263)
(0.015463393 0.00067514625 0.11125263)
(0.016494286 0.000720156 0.11125263)
(0.017525179 0.00076516575 0.11125263)
(0.018556072 0.0008101755 0.11125263)
(0.019586965 0.00085518525 0.11125263)
(0.020617857 0.000900195 0.11125263)
(0.02164875 0.00094520475 0.11125263)
(0.022679643 0.0009902145 0.11125263)
(0.023710536 0.0010352243 0.11125263)
(0.024741429 0.001080234 0.11125263)
(0.025772322 0.0011252437 0.11125263)
(0.026803215 0.0011702535 0.11125263)
(0.027834108 0.0012152632 0.11125263)
(0.028865001 0.001260273 0.11125263)
(0.029895893 0.0013052828 0.11125263)
(0.030926786 0.0013502925 0.11125263)
(0.031957679 0.0013953023 0.11125263)
(0.032988572 0.001440312 0.11125263)
(0.034019465 0.0014853217 0.11125263)
(0.035050358 0.0015303315 0.11125263)
(0.036081251 0.0015753412 0.11125263)
(0.037112143 0.001620351 0.11125263)
(0.038143036 0.0016653608 0.11125263)
(0.039173929 0.0017103705 0.11125263)
(0.040204822 0.0017553803 0.11125263)
(0.041235715 0.00180039 0.11125263)
(0 0 0.11138385)
(0.0010308929 -4.500975e-05 0.11138385)
(0.0020617858 -9.00195e-05 0.11138385)
(0.0030926786 -0.00013502925 0.11138385)
(0.0041235715 -0.000180039 0.11138385)
(0.0051544644 -0.00022504875 0.11138385)
(0.0061853572 -0.0002700585 0.11138385)
(0.0072162501 -0.00031506825 0.11138385)
(0.008247143 -0.000360078 0.11138385)
(0.0092780359 -0.00040508775 0.11138385)
(0.010308929 -0.0004500975 0.11138385)
(0.011339822 -0.00049510725 0.11138385)
(0.012370714 -0.000540117 0.11138385)
(0.013401607 -0.00058512675 0.11138385)
(0.0144325 -0.0006301365 0.11138385)
(0.015463393 -0.00067514625 0.11138385)
(0.016494286 -0.000720156 0.11138385)
(0.017525179 -0.00076516575 0.11138385)
(0.018556072 -0.0008101755 0.11138385)
(0.019586965 -0.00085518525 0.11138385)
(0.020617857 -0.000900195 0.11138385)
(0.02164875 -0.00094520475 0.11138385)
(0.022679643 -0.0009902145 0.11138385)
(0.023710536 -0.0010352243 0.11138385)
(0.024741429 -0.001080234 0.11138385)
(0.025772322 -0.0011252437 0.11138385)
(0.026803215 -0.0011702535 0.11138385)
(0.027834108 -0.0012152632 0.11138385)
(0.028865001 -0.001260273 0.11138385)
(0.029895893 -0.0013052828 0.11138385)
(0.030926786 -0.0013502925 0.11138385)
(0.031957679 -0.0013953023 0.11138385)
(0.032988572 -0.001440312 0.11138385)
(0.034019465 -0.0014853217 0.11138385)
(0.035050358 -0.0015303315 0.11138385)
(0.036081251 -0.0015753412 0.11138385)
(0.037112143 -0.001620351 0.11138385)
(0.038143036 -0.0016653608 0.11138385)
(0.039173929 -0.0017103705 0.11138385)
(0.040204822 -0.0017553803 0.11138385)
(0.041235715 -0.00180039 0.11138385)
(0.0010308929 4.500975e-05 0.11138385)
(0.0020617858 9.00195e-05 0.11138385)
(0.0030926786 0.00013502925 0.11138385)
(0.0041235715 0.000180039 0.11138385)
(0.0051544644 0.00022504875 0.11138385)
(0.0061853572 0.0002700585 0.11138385)
(0.0072162501 0.00031506825 0.11138385)
(0.008247143 0.000360078 0.11138385)
(0.0092780359 0.00040508775 0.11138385)
(0.010308929 0.0004500975 0.11138385)
(0.011339822 0.00049510725 0.11138385)
(0.012370714 0.000540117 0.11138385)
(0.013401607 0.00058512675 0.11138385)
(0.0144325 0.0006301365 0.11138385)
(0.015463393 0.00067514625 0.11138385)
(0.016494286 0.000720156 0.11138385)
(0.017525179 0.00076516575 0.11138385)
(0.018556072 0.0008101755 0.11138385)
(0.019586965 0.00085518525 0.11138385)
(0.020617857 0.000900195 0.11138385)
(0.02164875 0.00094520475 0.11138385)
(0.022679643 0.0009902145 0.11138385)
(0.023710536 0.0010352243 0.11138385)
(0.024741429 0.001080234 0.11138385)
(0.025772322 0.0011252437 0.11138385)
(0.026803215 0.0011702535 0.11138385)
(0.027834108 0.0012152632 0.11138385)
(0.028865001 0.001260273 0.11138385)
(0.029895893 0.0013052828 0.11138385)
(0.030926786 0.0013502925 0.11138385)
(0.031957679 0.0013953023 0.11138385)
(0.032988572 0.001440312 0.11138385)
(0.034019465 0.0014853217 0.11138385)
(0.035050358 0.0015303315 0.11138385)
(0.036081251 0.0015753412 0.11138385)
(0.037112143 0.001620351 0.11138385)
(0.038143036 0.0016653608 0.11138385)
(0.039173929 0.0017103705 0.11138385)
(0.040204822 0.0017553803 0.11138385)
(0.041235715 0.00180039 0.11138385)
(0 0 0.11151509)
(0.0010308929 -4.500975e-05 0.11151509)
(0.0020617858 -9.00195e-05 0.11151509)
(0.0030926786 -0.00013502925 0.11151509)
(0.0041235715 -0.000180039 0.11151509)
(0.0051544644 -0.00022504875 0.11151509)
(0.0061853572 -0.0002700585 0.11151509)
(0.0072162501 -0.00031506825 0.11151509)
(0.008247143 -0.000360078 0.11151509)
(0.0092780359 -0.00040508775 0.11151509)
(0.010308929 -0.0004500975 0.11151509)
(0.011339822 -0.00049510725 0.11151509)
(0.012370714 -0.000540117 0.11151509)
(0.013401607 -0.00058512675 0.11151509)
(0.0144325 -0.0006301365 0.11151509)
(0.015463393 -0.00067514625 0.11151509)
(0.016494286 -0.000720156 0.11151509)
(0.017525179 -0.00076516575 0.11151509)
(0.018556072 -0.0008101755 0.11151509)
(0.019586965 -0.00085518525 0.11151509)
(0.020617857 -0.000900195 0.11151509)
(0.02164875 -0.00094520475 0.11151509)
(0.022679643 -0.0009902145 0.11151509)
(0.023710536 -0.0010352243 0.11151509)
(0.024741429 -0.001080234 0.11151509)
(0.025772322 -0.0011252437 0.11151509)
(0.026803215 -0.0011702535 0.11151509)
(0.027834108 -0.0012152632 0.11151509)
(0.028865001 -0.001260273 0.11151509)
(0.029895893 -0.0013052828 0.11151509)
(0.030926786 -0.0013502925 0.11151509)
(0.031957679 -0.0013953023 0.11151509)
(0.032988572 -0.001440312 0.11151509)
(0.034019465 -0.0014853217 0.11151509)
(0.035050358 -0.0015303315 0.11151509)
(0.036081251 -0.0015753412 0.11151509)
(0.037112143 -0.001620351 0.11151509)
(0.038143036 -0.0016653608 0.11151509)
(0.039173929 -0.0017103705 0.11151509)
(0.040204822 -0.0017553803 0.11151509)
(0.041235715 -0.00180039 0.11151509)
(0.0010308929 4.500975e-05 0.11151509)
(0.0020617858 9.00195e-05 0.11151509)
(0.0030926786 0.00013502925 0.11151509)
(0.0041235715 0.000180039 0.11151509)
(0.0051544644 0.00022504875 0.11151509)
(0.0061853572 0.0002700585 0.11151509)
(0.0072162501 0.00031506825 0.11151509)
(0.008247143 0.000360078 0.11151509)
(0.0092780359 0.00040508775 0.11151509)
(0.010308929 0.0004500975 0.11151509)
(0.011339822 0.00049510725 0.11151509)
(0.012370714 0.000540117 0.11151509)
(0.013401607 0.00058512675 0.11151509)
(0.0144325 0.0006301365 0.11151509)
(0.015463393 0.00067514625 0.11151509)
(0.016494286 0.000720156 0.11151509)
(0.017525179 0.00076516575 0.11151509)
(0.018556072 0.0008101755 0.11151509)
(0.019586965 0.00085518525 0.11151509)
(0.020617857 0.000900195 0.11151509)
(0.02164875 0.00094520475 0.11151509)
(0.022679643 0.0009902145 0.11151509)
(0.023710536 0.0010352243 0.11151509)
(0.024741429 0.001080234 0.11151509)
(0.025772322 0.0011252437 0.11151509)
(0.026803215 0.0011702535 0.11151509)
(0.027834108 0.0012152632 0.11151509)
(0.028865001 0.001260273 0.11151509)
(0.029895893 0.0013052828 0.11151509)
(0.030926786 0.0013502925 0.11151509)
(0.031957679 0.0013953023 0.11151509)
(0.032988572 0.001440312 0.11151509)
(0.034019465 0.0014853217 0.11151509)
(0.035050358 0.0015303315 0.11151509)
(0.036081251 0.0015753412 0.11151509)
(0.037112143 0.001620351 0.11151509)
(0.038143036 0.0016653608 0.11151509)
(0.039173929 0.0017103705 0.11151509)
(0.040204822 0.0017553803 0.11151509)
(0.041235715 0.00180039 0.11151509)
(0 0 0.11164632)
(0.0010308929 -4.500975e-05 0.11164632)
(0.0020617858 -9.00195e-05 0.11164632)
(0.0030926786 -0.00013502925 0.11164632)
(0.0041235715 -0.000180039 0.11164632)
(0.0051544644 -0.00022504875 0.11164632)
(0.0061853572 -0.0002700585 0.11164632)
(0.0072162501 -0.00031506825 0.11164632)
(0.008247143 -0.000360078 0.11164632)
(0.0092780359 -0.00040508775 0.11164632)
(0.010308929 -0.0004500975 0.11164632)
(0.011339822 -0.00049510725 0.11164632)
(0.012370714 -0.000540117 0.11164632)
(0.013401607 -0.00058512675 0.11164632)
(0.0144325 -0.0006301365 0.11164632)
(0.015463393 -0.00067514625 0.11164632)
(0.016494286 -0.000720156 0.11164632)
(0.017525179 -0.00076516575 0.11164632)
(0.018556072 -0.0008101755 0.11164632)
(0.019586965 -0.00085518525 0.11164632)
(0.020617857 -0.000900195 0.11164632)
(0.02164875 -0.00094520475 0.11164632)
(0.022679643 -0.0009902145 0.11164632)
(0.023710536 -0.0010352243 0.11164632)
(0.024741429 -0.001080234 0.11164632)
(0.025772322 -0.0011252437 0.11164632)
(0.026803215 -0.0011702535 0.11164632)
(0.027834108 -0.0012152632 0.11164632)
(0.028865001 -0.001260273 0.11164632)
(0.029895893 -0.0013052828 0.11164632)
(0.030926786 -0.0013502925 0.11164632)
(0.031957679 -0.0013953023 0.11164632)
(0.032988572 -0.001440312 0.11164632)
(0.034019465 -0.0014853217 0.11164632)
(0.035050358 -0.0015303315 0.11164632)
(0.036081251 -0.0015753412 0.11164632)
(0.037112143 -0.001620351 0.11164632)
(0.038143036 -0.0016653608 0.11164632)
(0.039173929 -0.0017103705 0.11164632)
(0.040204822 -0.0017553803 0.11164632)
(0.041235715 -0.00180039 0.11164632)
(0.0010308929 4.500975e-05 0.11164632)
(0.0020617858 9.00195e-05 0.11164632)
(0.0030926786 0.00013502925 0.11164632)
(0.0041235715 0.000180039 0.11164632)
(0.0051544644 0.00022504875 0.11164632)
(0.0061853572 0.0002700585 0.11164632)
(0.0072162501 0.00031506825 0.11164632)
(0.008247143 0.000360078 0.11164632)
(0.0092780359 0.00040508775 0.11164632)
(0.010308929 0.0004500975 0.11164632)
(0.011339822 0.00049510725 0.11164632)
(0.012370714 0.000540117 0.11164632)
(0.013401607 0.00058512675 0.11164632)
(0.0144325 0.0006301365 0.11164632)
(0.015463393 0.00067514625 0.11164632)
(0.016494286 0.000720156 0.11164632)
(0.017525179 0.00076516575 0.11164632)
(0.018556072 0.0008101755 0.11164632)
(0.019586965 0.00085518525 0.11164632)
(0.020617857 0.000900195 0.11164632)
(0.02164875 0.00094520475 0.11164632)
(0.022679643 0.0009902145 0.11164632)
(0.023710536 0.0010352243 0.11164632)
(0.024741429 0.001080234 0.11164632)
(0.025772322 0.0011252437 0.11164632)
(0.026803215 0.0011702535 0.11164632)
(0.027834108 0.0012152632 0.11164632)
(0.028865001 0.001260273 0.11164632)
(0.029895893 0.0013052828 0.11164632)
(0.030926786 0.0013502925 0.11164632)
(0.031957679 0.0013953023 0.11164632)
(0.032988572 0.001440312 0.11164632)
(0.034019465 0.0014853217 0.11164632)
(0.035050358 0.0015303315 0.11164632)
(0.036081251 0.0015753412 0.11164632)
(0.037112143 0.001620351 0.11164632)
(0.038143036 0.0016653608 0.11164632)
(0.039173929 0.0017103705 0.11164632)
(0.040204822 0.0017553803 0.11164632)
(0.041235715 0.00180039 0.11164632)
(0 0 0.11177754)
(0.0010308929 -4.500975e-05 0.11177754)
(0.0020617858 -9.00195e-05 0.11177754)
(0.0030926786 -0.00013502925 0.11177754)
(0.0041235715 -0.000180039 0.11177754)
(0.0051544644 -0.00022504875 0.11177754)
(0.0061853572 -0.0002700585 0.11177754)
(0.0072162501 -0.00031506825 0.11177754)
(0.008247143 -0.000360078 0.11177754)
(0.0092780359 -0.00040508775 0.11177754)
(0.010308929 -0.0004500975 0.11177754)
(0.011339822 -0.00049510725 0.11177754)
(0.012370714 -0.000540117 0.11177754)
(0.013401607 -0.00058512675 0.11177754)
(0.0144325 -0.0006301365 0.11177754)
(0.015463393 -0.00067514625 0.11177754)
(0.016494286 -0.000720156 0.11177754)
(0.017525179 -0.00076516575 0.11177754)
(0.018556072 -0.0008101755 0.11177754)
(0.019586965 -0.00085518525 0.11177754)
(0.020617857 -0.000900195 0.11177754)
(0.02164875 -0.00094520475 0.11177754)
(0.022679643 -0.0009902145 0.11177754)
(0.023710536 -0.0010352243 0.11177754)
(0.024741429 -0.001080234 0.11177754)
(0.025772322 -0.0011252437 0.11177754)
(0.026803215 -0.0011702535 0.11177754)
(0.027834108 -0.0012152632 0.11177754)
(0.028865001 -0.001260273 0.11177754)
(0.029895893 -0.0013052828 0.11177754)
(0.030926786 -0.0013502925 0.11177754)
(0.031957679 -0.0013953023 0.11177754)
(0.032988572 -0.001440312 0.11177754)
(0.034019465 -0.0014853217 0.11177754)
(0.035050358 -0.0015303315 0.11177754)
(0.036081251 -0.0015753412 0.11177754)
(0.037112143 -0.001620351 0.11177754)
(0.038143036 -0.0016653608 0.11177754)
(0.039173929 -0.0017103705 0.11177754)
(0.040204822 -0.0017553803 0.11177754)
(0.041235715 -0.00180039 0.11177754)
(0.0010308929 4.500975e-05 0.11177754)
(0.0020617858 9.00195e-05 0.11177754)
(0.0030926786 0.00013502925 0.11177754)
(0.0041235715 0.000180039 0.11177754)
(0.0051544644 0.00022504875 0.11177754)
(0.0061853572 0.0002700585 0.11177754)
(0.0072162501 0.00031506825 0.11177754)
(0.008247143 0.000360078 0.11177754)
(0.0092780359 0.00040508775 0.11177754)
(0.010308929 0.0004500975 0.11177754)
(0.011339822 0.00049510725 0.11177754)
(0.012370714 0.000540117 0.11177754)
(0.013401607 0.00058512675 0.11177754)
(0.0144325 0.0006301365 0.11177754)
(0.015463393 0.00067514625 0.11177754)
(0.016494286 0.000720156 0.11177754)
(0.017525179 0.00076516575 0.11177754)
(0.018556072 0.0008101755 0.11177754)
(0.019586965 0.00085518525 0.11177754)
(0.020617857 0.000900195 0.11177754)
(0.02164875 0.00094520475 0.11177754)
(0.022679643 0.0009902145 0.11177754)
(0.023710536 0.0010352243 0.11177754)
(0.024741429 0.001080234 0.11177754)
(0.025772322 0.0011252437 0.11177754)
(0.026803215 0.0011702535 0.11177754)
(0.027834108 0.0012152632 0.11177754)
(0.028865001 0.001260273 0.11177754)
(0.029895893 0.0013052828 0.11177754)
(0.030926786 0.0013502925 0.11177754)
(0.031957679 0.0013953023 0.11177754)
(0.032988572 0.001440312 0.11177754)
(0.034019465 0.0014853217 0.11177754)
(0.035050358 0.0015303315 0.11177754)
(0.036081251 0.0015753412 0.11177754)
(0.037112143 0.001620351 0.11177754)
(0.038143036 0.0016653608 0.11177754)
(0.039173929 0.0017103705 0.11177754)
(0.040204822 0.0017553803 0.11177754)
(0.041235715 0.00180039 0.11177754)
(0 0 0.11190877)
(0.0010308929 -4.500975e-05 0.11190877)
(0.0020617858 -9.00195e-05 0.11190877)
(0.0030926786 -0.00013502925 0.11190877)
(0.0041235715 -0.000180039 0.11190877)
(0.0051544644 -0.00022504875 0.11190877)
(0.0061853572 -0.0002700585 0.11190877)
(0.0072162501 -0.00031506825 0.11190877)
(0.008247143 -0.000360078 0.11190877)
(0.0092780359 -0.00040508775 0.11190877)
(0.010308929 -0.0004500975 0.11190877)
(0.011339822 -0.00049510725 0.11190877)
(0.012370714 -0.000540117 0.11190877)
(0.013401607 -0.00058512675 0.11190877)
(0.0144325 -0.0006301365 0.11190877)
(0.015463393 -0.00067514625 0.11190877)
(0.016494286 -0.000720156 0.11190877)
(0.017525179 -0.00076516575 0.11190877)
(0.018556072 -0.0008101755 0.11190877)
(0.019586965 -0.00085518525 0.11190877)
(0.020617857 -0.000900195 0.11190877)
(0.02164875 -0.00094520475 0.11190877)
(0.022679643 -0.0009902145 0.11190877)
(0.023710536 -0.0010352243 0.11190877)
(0.024741429 -0.001080234 0.11190877)
(0.025772322 -0.0011252437 0.11190877)
(0.026803215 -0.0011702535 0.11190877)
(0.027834108 -0.0012152632 0.11190877)
(0.028865001 -0.001260273 0.11190877)
(0.029895893 -0.0013052828 0.11190877)
(0.030926786 -0.0013502925 0.11190877)
(0.031957679 -0.0013953023 0.11190877)
(0.032988572 -0.001440312 0.11190877)
(0.034019465 -0.0014853217 0.11190877)
(0.035050358 -0.0015303315 0.11190877)
(0.036081251 -0.0015753412 0.11190877)
(0.037112143 -0.001620351 0.11190877)
(0.038143036 -0.0016653608 0.11190877)
(0.039173929 -0.0017103705 0.11190877)
(0.040204822 -0.0017553803 0.11190877)
(0.041235715 -0.00180039 0.11190877)
(0.0010308929 4.500975e-05 0.11190877)
(0.0020617858 9.00195e-05 0.11190877)
(0.0030926786 0.00013502925 0.11190877)
(0.0041235715 0.000180039 0.11190877)
(0.0051544644 0.00022504875 0.11190877)
(0.0061853572 0.0002700585 0.11190877)
(0.0072162501 0.00031506825 0.11190877)
(0.008247143 0.000360078 0.11190877)
(0.0092780359 0.00040508775 0.11190877)
(0.010308929 0.0004500975 0.11190877)
(0.011339822 0.00049510725 0.11190877)
(0.012370714 0.000540117 0.11190877)
(0.013401607 0.00058512675 0.11190877)
(0.0144325 0.0006301365 0.11190877)
(0.015463393 0.00067514625 0.11190877)
(0.016494286 0.000720156 0.11190877)
(0.017525179 0.00076516575 0.11190877)
(0.018556072 0.0008101755 0.11190877)
(0.019586965 0.00085518525 0.11190877)
(0.020617857 0.000900195 0.11190877)
(0.02164875 0.00094520475 0.11190877)
(0.022679643 0.0009902145 0.11190877)
(0.023710536 0.0010352243 0.11190877)
(0.024741429 0.001080234 0.11190877)
(0.025772322 0.0011252437 0.11190877)
(0.026803215 0.0011702535 0.11190877)
(0.027834108 0.0012152632 0.11190877)
(0.028865001 0.001260273 0.11190877)
(0.029895893 0.0013052828 0.11190877)
(0.030926786 0.0013502925 0.11190877)
(0.031957679 0.0013953023 0.11190877)
(0.032988572 0.001440312 0.11190877)
(0.034019465 0.0014853217 0.11190877)
(0.035050358 0.0015303315 0.11190877)
(0.036081251 0.0015753412 0.11190877)
(0.037112143 0.001620351 0.11190877)
(0.038143036 0.0016653608 0.11190877)
(0.039173929 0.0017103705 0.11190877)
(0.040204822 0.0017553803 0.11190877)
(0.041235715 0.00180039 0.11190877)
(0 0 0.11204)
(0.0010308929 -4.500975e-05 0.11204)
(0.0020617858 -9.00195e-05 0.11204)
(0.0030926786 -0.00013502925 0.11204)
(0.0041235715 -0.000180039 0.11204)
(0.0051544644 -0.00022504875 0.11204)
(0.0061853572 -0.0002700585 0.11204)
(0.0072162501 -0.00031506825 0.11204)
(0.008247143 -0.000360078 0.11204)
(0.0092780359 -0.00040508775 0.11204)
(0.010308929 -0.0004500975 0.11204)
(0.011339822 -0.00049510725 0.11204)
(0.012370714 -0.000540117 0.11204)
(0.013401607 -0.00058512675 0.11204)
(0.0144325 -0.0006301365 0.11204)
(0.015463393 -0.00067514625 0.11204)
(0.016494286 -0.000720156 0.11204)
(0.017525179 -0.00076516575 0.11204)
(0.018556072 -0.0008101755 0.11204)
(0.019586965 -0.00085518525 0.11204)
(0.020617857 -0.000900195 0.11204)
(0.02164875 -0.00094520475 0.11204)
(0.022679643 -0.0009902145 0.11204)
(0.023710536 -0.0010352243 0.11204)
(0.024741429 -0.001080234 0.11204)
(0.025772322 -0.0011252437 0.11204)
(0.026803215 -0.0011702535 0.11204)
(0.027834108 -0.0012152632 0.11204)
(0.028865001 -0.001260273 0.11204)
(0.029895893 -0.0013052828 0.11204)
(0.030926786 -0.0013502925 0.11204)
(0.031957679 -0.0013953023 0.11204)
(0.032988572 -0.001440312 0.11204)
(0.034019465 -0.0014853217 0.11204)
(0.035050358 -0.0015303315 0.11204)
(0.036081251 -0.0015753412 0.11204)
(0.037112143 -0.001620351 0.11204)
(0.038143036 -0.0016653608 0.11204)
(0.039173929 -0.0017103705 0.11204)
(0.040204822 -0.0017553803 0.11204)
(0.041235715 -0.00180039 0.11204)
(0.0010308929 4.500975e-05 0.11204)
(0.0020617858 9.00195e-05 0.11204)
(0.0030926786 0.00013502925 0.11204)
(0.0041235715 0.000180039 0.11204)
(0.0051544644 0.00022504875 0.11204)
(0.0061853572 0.0002700585 0.11204)
(0.0072162501 0.00031506825 0.11204)
(0.008247143 0.000360078 0.11204)
(0.0092780359 0.00040508775 0.11204)
(0.010308929 0.0004500975 0.11204)
(0.011339822 0.00049510725 0.11204)
(0.012370714 0.000540117 0.11204)
(0.013401607 0.00058512675 0.11204)
(0.0144325 0.0006301365 0.11204)
(0.015463393 0.00067514625 0.11204)
(0.016494286 0.000720156 0.11204)
(0.017525179 0.00076516575 0.11204)
(0.018556072 0.0008101755 0.11204)
(0.019586965 0.00085518525 0.11204)
(0.020617857 0.000900195 0.11204)
(0.02164875 0.00094520475 0.11204)
(0.022679643 0.0009902145 0.11204)
(0.023710536 0.0010352243 0.11204)
(0.024741429 0.001080234 0.11204)
(0.025772322 0.0011252437 0.11204)
(0.026803215 0.0011702535 0.11204)
(0.027834108 0.0012152632 0.11204)
(0.028865001 0.001260273 0.11204)
(0.029895893 0.0013052828 0.11204)
(0.030926786 0.0013502925 0.11204)
(0.031957679 0.0013953023 0.11204)
(0.032988572 0.001440312 0.11204)
(0.034019465 0.0014853217 0.11204)
(0.035050358 0.0015303315 0.11204)
(0.036081251 0.0015753412 0.11204)
(0.037112143 0.001620351 0.11204)
(0.038143036 0.0016653608 0.11204)
(0.039173929 0.0017103705 0.11204)
(0.040204822 0.0017553803 0.11204)
(0.041235715 0.00180039 0.11204)
(0 0 0.11217122)
(0.0010308929 -4.500975e-05 0.11217122)
(0.0020617858 -9.00195e-05 0.11217122)
(0.0030926786 -0.00013502925 0.11217122)
(0.0041235715 -0.000180039 0.11217122)
(0.0051544644 -0.00022504875 0.11217122)
(0.0061853572 -0.0002700585 0.11217122)
(0.0072162501 -0.00031506825 0.11217122)
(0.008247143 -0.000360078 0.11217122)
(0.0092780359 -0.00040508775 0.11217122)
(0.010308929 -0.0004500975 0.11217122)
(0.011339822 -0.00049510725 0.11217122)
(0.012370714 -0.000540117 0.11217122)
(0.013401607 -0.00058512675 0.11217122)
(0.0144325 -0.0006301365 0.11217122)
(0.015463393 -0.00067514625 0.11217122)
(0.016494286 -0.000720156 0.11217122)
(0.017525179 -0.00076516575 0.11217122)
(0.018556072 -0.0008101755 0.11217122)
(0.019586965 -0.00085518525 0.11217122)
(0.020617857 -0.000900195 0.11217122)
(0.02164875 -0.00094520475 0.11217122)
(0.022679643 -0.0009902145 0.11217122)
(0.023710536 -0.0010352243 0.11217122)
(0.024741429 -0.001080234 0.11217122)
(0.025772322 -0.0011252437 0.11217122)
(0.026803215 -0.0011702535 0.11217122)
(0.027834108 -0.0012152632 0.11217122)
(0.028865001 -0.001260273 0.11217122)
(0.029895893 -0.0013052828 0.11217122)
(0.030926786 -0.0013502925 0.11217122)
(0.031957679 -0.0013953023 0.11217122)
(0.032988572 -0.001440312 0.11217122)
(0.034019465 -0.0014853217 0.11217122)
(0.035050358 -0.0015303315 0.11217122)
(0.036081251 -0.0015753412 0.11217122)
(0.037112143 -0.001620351 0.11217122)
(0.038143036 -0.0016653608 0.11217122)
(0.039173929 -0.0017103705 0.11217122)
(0.040204822 -0.0017553803 0.11217122)
(0.041235715 -0.00180039 0.11217122)
(0.0010308929 4.500975e-05 0.11217122)
(0.0020617858 9.00195e-05 0.11217122)
(0.0030926786 0.00013502925 0.11217122)
(0.0041235715 0.000180039 0.11217122)
(0.0051544644 0.00022504875 0.11217122)
(0.0061853572 0.0002700585 0.11217122)
(0.0072162501 0.00031506825 0.11217122)
(0.008247143 0.000360078 0.11217122)
(0.0092780359 0.00040508775 0.11217122)
(0.010308929 0.0004500975 0.11217122)
(0.011339822 0.00049510725 0.11217122)
(0.012370714 0.000540117 0.11217122)
(0.013401607 0.00058512675 0.11217122)
(0.0144325 0.0006301365 0.11217122)
(0.015463393 0.00067514625 0.11217122)
(0.016494286 0.000720156 0.11217122)
(0.017525179 0.00076516575 0.11217122)
(0.018556072 0.0008101755 0.11217122)
(0.019586965 0.00085518525 0.11217122)
(0.020617857 0.000900195 0.11217122)
(0.02164875 0.00094520475 0.11217122)
(0.022679643 0.0009902145 0.11217122)
(0.023710536 0.0010352243 0.11217122)
(0.024741429 0.001080234 0.11217122)
(0.025772322 0.0011252437 0.11217122)
(0.026803215 0.0011702535 0.11217122)
(0.027834108 0.0012152632 0.11217122)
(0.028865001 0.001260273 0.11217122)
(0.029895893 0.0013052828 0.11217122)
(0.030926786 0.0013502925 0.11217122)
(0.031957679 0.0013953023 0.11217122)
(0.032988572 0.001440312 0.11217122)
(0.034019465 0.0014853217 0.11217122)
(0.035050358 0.0015303315 0.11217122)
(0.036081251 0.0015753412 0.11217122)
(0.037112143 0.001620351 0.11217122)
(0.038143036 0.0016653608 0.11217122)
(0.039173929 0.0017103705 0.11217122)
(0.040204822 0.0017553803 0.11217122)
(0.041235715 0.00180039 0.11217122)
(0 0 0.11230245)
(0.0010308929 -4.500975e-05 0.11230245)
(0.0020617858 -9.00195e-05 0.11230245)
(0.0030926786 -0.00013502925 0.11230245)
(0.0041235715 -0.000180039 0.11230245)
(0.0051544644 -0.00022504875 0.11230245)
(0.0061853572 -0.0002700585 0.11230245)
(0.0072162501 -0.00031506825 0.11230245)
(0.008247143 -0.000360078 0.11230245)
(0.0092780359 -0.00040508775 0.11230245)
(0.010308929 -0.0004500975 0.11230245)
(0.011339822 -0.00049510725 0.11230245)
(0.012370714 -0.000540117 0.11230245)
(0.013401607 -0.00058512675 0.11230245)
(0.0144325 -0.0006301365 0.11230245)
(0.015463393 -0.00067514625 0.11230245)
(0.016494286 -0.000720156 0.11230245)
(0.017525179 -0.00076516575 0.11230245)
(0.018556072 -0.0008101755 0.11230245)
(0.019586965 -0.00085518525 0.11230245)
(0.020617857 -0.000900195 0.11230245)
(0.02164875 -0.00094520475 0.11230245)
(0.022679643 -0.0009902145 0.11230245)
(0.023710536 -0.0010352243 0.11230245)
(0.024741429 -0.001080234 0.11230245)
(0.025772322 -0.0011252437 0.11230245)
(0.026803215 -0.0011702535 0.11230245)
(0.027834108 -0.0012152632 0.11230245)
(0.028865001 -0.001260273 0.11230245)
(0.029895893 -0.0013052828 0.11230245)
(0.030926786 -0.0013502925 0.11230245)
(0.031957679 -0.0013953023 0.11230245)
(0.032988572 -0.001440312 0.11230245)
(0.034019465 -0.0014853217 0.11230245)
(0.035050358 -0.0015303315 0.11230245)
(0.036081251 -0.0015753412 0.11230245)
(0.037112143 -0.001620351 0.11230245)
(0.038143036 -0.0016653608 0.11230245)
(0.039173929 -0.0017103705 0.11230245)
(0.040204822 -0.0017553803 0.11230245)
(0.041235715 -0.00180039 0.11230245)
(0.0010308929 4.500975e-05 0.11230245)
(0.0020617858 9.00195e-05 0.11230245)
(0.0030926786 0.00013502925 0.11230245)
(0.0041235715 0.000180039 0.11230245)
(0.0051544644 0.00022504875 0.11230245)
(0.0061853572 0.0002700585 0.11230245)
(0.0072162501 0.00031506825 0.11230245)
(0.008247143 0.000360078 0.11230245)
(0.0092780359 0.00040508775 0.11230245)
(0.010308929 0.0004500975 0.11230245)
(0.011339822 0.00049510725 0.11230245)
(0.012370714 0.000540117 0.11230245)
(0.013401607 0.00058512675 0.11230245)
(0.0144325 0.0006301365 0.11230245)
(0.015463393 0.00067514625 0.11230245)
(0.016494286 0.000720156 0.11230245)
(0.017525179 0.00076516575 0.11230245)
(0.018556072 0.0008101755 0.11230245)
(0.019586965 0.00085518525 0.11230245)
(0.020617857 0.000900195 0.11230245)
(0.02164875 0.00094520475 0.11230245)
(0.022679643 0.0009902145 0.11230245)
(0.023710536 0.0010352243 0.11230245)
(0.024741429 0.001080234 0.11230245)
(0.025772322 0.0011252437 0.11230245)
(0.026803215 0.0011702535 0.11230245)
(0.027834108 0.0012152632 0.11230245)
(0.028865001 0.001260273 0.11230245)
(0.029895893 0.0013052828 0.11230245)
(0.030926786 0.0013502925 0.11230245)
(0.031957679 0.0013953023 0.11230245)
(0.032988572 0.001440312 0.11230245)
(0.034019465 0.0014853217 0.11230245)
(0.035050358 0.0015303315 0.11230245)
(0.036081251 0.0015753412 0.11230245)
(0.037112143 0.001620351 0.11230245)
(0.038143036 0.0016653608 0.11230245)
(0.039173929 0.0017103705 0.11230245)
(0.040204822 0.0017553803 0.11230245)
(0.041235715 0.00180039 0.11230245)
(0 0 0.11243369)
(0.0010308929 -4.500975e-05 0.11243369)
(0.0020617858 -9.00195e-05 0.11243369)
(0.0030926786 -0.00013502925 0.11243369)
(0.0041235715 -0.000180039 0.11243369)
(0.0051544644 -0.00022504875 0.11243369)
(0.0061853572 -0.0002700585 0.11243369)
(0.0072162501 -0.00031506825 0.11243369)
(0.008247143 -0.000360078 0.11243369)
(0.0092780359 -0.00040508775 0.11243369)
(0.010308929 -0.0004500975 0.11243369)
(0.011339822 -0.00049510725 0.11243369)
(0.012370714 -0.000540117 0.11243369)
(0.013401607 -0.00058512675 0.11243369)
(0.0144325 -0.0006301365 0.11243369)
(0.015463393 -0.00067514625 0.11243369)
(0.016494286 -0.000720156 0.11243369)
(0.017525179 -0.00076516575 0.11243369)
(0.018556072 -0.0008101755 0.11243369)
(0.019586965 -0.00085518525 0.11243369)
(0.020617857 -0.000900195 0.11243369)
(0.02164875 -0.00094520475 0.11243369)
(0.022679643 -0.0009902145 0.11243369)
(0.023710536 -0.0010352243 0.11243369)
(0.024741429 -0.001080234 0.11243369)
(0.025772322 -0.0011252437 0.11243369)
(0.026803215 -0.0011702535 0.11243369)
(0.027834108 -0.0012152632 0.11243369)
(0.028865001 -0.001260273 0.11243369)
(0.029895893 -0.0013052828 0.11243369)
(0.030926786 -0.0013502925 0.11243369)
(0.031957679 -0.0013953023 0.11243369)
(0.032988572 -0.001440312 0.11243369)
(0.034019465 -0.0014853217 0.11243369)
(0.035050358 -0.0015303315 0.11243369)
(0.036081251 -0.0015753412 0.11243369)
(0.037112143 -0.001620351 0.11243369)
(0.038143036 -0.0016653608 0.11243369)
(0.039173929 -0.0017103705 0.11243369)
(0.040204822 -0.0017553803 0.11243369)
(0.041235715 -0.00180039 0.11243369)
(0.0010308929 4.500975e-05 0.11243369)
(0.0020617858 9.00195e-05 0.11243369)
(0.0030926786 0.00013502925 0.11243369)
(0.0041235715 0.000180039 0.11243369)
(0.0051544644 0.00022504875 0.11243369)
(0.0061853572 0.0002700585 0.11243369)
(0.0072162501 0.00031506825 0.11243369)
(0.008247143 0.000360078 0.11243369)
(0.0092780359 0.00040508775 0.11243369)
(0.010308929 0.0004500975 0.11243369)
(0.011339822 0.00049510725 0.11243369)
(0.012370714 0.000540117 0.11243369)
(0.013401607 0.00058512675 0.11243369)
(0.0144325 0.0006301365 0.11243369)
(0.015463393 0.00067514625 0.11243369)
(0.016494286 0.000720156 0.11243369)
(0.017525179 0.00076516575 0.11243369)
(0.018556072 0.0008101755 0.11243369)
(0.019586965 0.00085518525 0.11243369)
(0.020617857 0.000900195 0.11243369)
(0.02164875 0.00094520475 0.11243369)
(0.022679643 0.0009902145 0.11243369)
(0.023710536 0.0010352243 0.11243369)
(0.024741429 0.001080234 0.11243369)
(0.025772322 0.0011252437 0.11243369)
(0.026803215 0.0011702535 0.11243369)
(0.027834108 0.0012152632 0.11243369)
(0.028865001 0.001260273 0.11243369)
(0.029895893 0.0013052828 0.11243369)
(0.030926786 0.0013502925 0.11243369)
(0.031957679 0.0013953023 0.11243369)
(0.032988572 0.001440312 0.11243369)
(0.034019465 0.0014853217 0.11243369)
(0.035050358 0.0015303315 0.11243369)
(0.036081251 0.0015753412 0.11243369)
(0.037112143 0.001620351 0.11243369)
(0.038143036 0.0016653608 0.11243369)
(0.039173929 0.0017103705 0.11243369)
(0.040204822 0.0017553803 0.11243369)
(0.041235715 0.00180039 0.11243369)
(0 0 0.11256491)
(0.0010308929 -4.500975e-05 0.11256491)
(0.0020617858 -9.00195e-05 0.11256491)
(0.0030926786 -0.00013502925 0.11256491)
(0.0041235715 -0.000180039 0.11256491)
(0.0051544644 -0.00022504875 0.11256491)
(0.0061853572 -0.0002700585 0.11256491)
(0.0072162501 -0.00031506825 0.11256491)
(0.008247143 -0.000360078 0.11256491)
(0.0092780359 -0.00040508775 0.11256491)
(0.010308929 -0.0004500975 0.11256491)
(0.011339822 -0.00049510725 0.11256491)
(0.012370714 -0.000540117 0.11256491)
(0.013401607 -0.00058512675 0.11256491)
(0.0144325 -0.0006301365 0.11256491)
(0.015463393 -0.00067514625 0.11256491)
(0.016494286 -0.000720156 0.11256491)
(0.017525179 -0.00076516575 0.11256491)
(0.018556072 -0.0008101755 0.11256491)
(0.019586965 -0.00085518525 0.11256491)
(0.020617857 -0.000900195 0.11256491)
(0.02164875 -0.00094520475 0.11256491)
(0.022679643 -0.0009902145 0.11256491)
(0.023710536 -0.0010352243 0.11256491)
(0.024741429 -0.001080234 0.11256491)
(0.025772322 -0.0011252437 0.11256491)
(0.026803215 -0.0011702535 0.11256491)
(0.027834108 -0.0012152632 0.11256491)
(0.028865001 -0.001260273 0.11256491)
(0.029895893 -0.0013052828 0.11256491)
(0.030926786 -0.0013502925 0.11256491)
(0.031957679 -0.0013953023 0.11256491)
(0.032988572 -0.001440312 0.11256491)
(0.034019465 -0.0014853217 0.11256491)
(0.035050358 -0.0015303315 0.11256491)
(0.036081251 -0.0015753412 0.11256491)
(0.037112143 -0.001620351 0.11256491)
(0.038143036 -0.0016653608 0.11256491)
(0.039173929 -0.0017103705 0.11256491)
(0.040204822 -0.0017553803 0.11256491)
(0.041235715 -0.00180039 0.11256491)
(0.0010308929 4.500975e-05 0.11256491)
(0.0020617858 9.00195e-05 0.11256491)
(0.0030926786 0.00013502925 0.11256491)
(0.0041235715 0.000180039 0.11256491)
(0.0051544644 0.00022504875 0.11256491)
(0.0061853572 0.0002700585 0.11256491)
(0.0072162501 0.00031506825 0.11256491)
(0.008247143 0.000360078 0.11256491)
(0.0092780359 0.00040508775 0.11256491)
(0.010308929 0.0004500975 0.11256491)
(0.011339822 0.00049510725 0.11256491)
(0.012370714 0.000540117 0.11256491)
(0.013401607 0.00058512675 0.11256491)
(0.0144325 0.0006301365 0.11256491)
(0.015463393 0.00067514625 0.11256491)
(0.016494286 0.000720156 0.11256491)
(0.017525179 0.00076516575 0.11256491)
(0.018556072 0.0008101755 0.11256491)
(0.019586965 0.00085518525 0.11256491)
(0.020617857 0.000900195 0.11256491)
(0.02164875 0.00094520475 0.11256491)
(0.022679643 0.0009902145 0.11256491)
(0.023710536 0.0010352243 0.11256491)
(0.024741429 0.001080234 0.11256491)
(0.025772322 0.0011252437 0.11256491)
(0.026803215 0.0011702535 0.11256491)
(0.027834108 0.0012152632 0.11256491)
(0.028865001 0.001260273 0.11256491)
(0.029895893 0.0013052828 0.11256491)
(0.030926786 0.0013502925 0.11256491)
(0.031957679 0.0013953023 0.11256491)
(0.032988572 0.001440312 0.11256491)
(0.034019465 0.0014853217 0.11256491)
(0.035050358 0.0015303315 0.11256491)
(0.036081251 0.0015753412 0.11256491)
(0.037112143 0.001620351 0.11256491)
(0.038143036 0.0016653608 0.11256491)
(0.039173929 0.0017103705 0.11256491)
(0.040204822 0.0017553803 0.11256491)
(0.041235715 0.00180039 0.11256491)
(0 0 0.11269614)
(0.0010308929 -4.500975e-05 0.11269614)
(0.0020617858 -9.00195e-05 0.11269614)
(0.0030926786 -0.00013502925 0.11269614)
(0.0041235715 -0.000180039 0.11269614)
(0.0051544644 -0.00022504875 0.11269614)
(0.0061853572 -0.0002700585 0.11269614)
(0.0072162501 -0.00031506825 0.11269614)
(0.008247143 -0.000360078 0.11269614)
(0.0092780359 -0.00040508775 0.11269614)
(0.010308929 -0.0004500975 0.11269614)
(0.011339822 -0.00049510725 0.11269614)
(0.012370714 -0.000540117 0.11269614)
(0.013401607 -0.00058512675 0.11269614)
(0.0144325 -0.0006301365 0.11269614)
(0.015463393 -0.00067514625 0.11269614)
(0.016494286 -0.000720156 0.11269614)
(0.017525179 -0.00076516575 0.11269614)
(0.018556072 -0.0008101755 0.11269614)
(0.019586965 -0.00085518525 0.11269614)
(0.020617857 -0.000900195 0.11269614)
(0.02164875 -0.00094520475 0.11269614)
(0.022679643 -0.0009902145 0.11269614)
(0.023710536 -0.0010352243 0.11269614)
(0.024741429 -0.001080234 0.11269614)
(0.025772322 -0.0011252437 0.11269614)
(0.026803215 -0.0011702535 0.11269614)
(0.027834108 -0.0012152632 0.11269614)
(0.028865001 -0.001260273 0.11269614)
(0.029895893 -0.0013052828 0.11269614)
(0.030926786 -0.0013502925 0.11269614)
(0.031957679 -0.0013953023 0.11269614)
(0.032988572 -0.001440312 0.11269614)
(0.034019465 -0.0014853217 0.11269614)
(0.035050358 -0.0015303315 0.11269614)
(0.036081251 -0.0015753412 0.11269614)
(0.037112143 -0.001620351 0.11269614)
(0.038143036 -0.0016653608 0.11269614)
(0.039173929 -0.0017103705 0.11269614)
(0.040204822 -0.0017553803 0.11269614)
(0.041235715 -0.00180039 0.11269614)
(0.0010308929 4.500975e-05 0.11269614)
(0.0020617858 9.00195e-05 0.11269614)
(0.0030926786 0.00013502925 0.11269614)
(0.0041235715 0.000180039 0.11269614)
(0.0051544644 0.00022504875 0.11269614)
(0.0061853572 0.0002700585 0.11269614)
(0.0072162501 0.00031506825 0.11269614)
(0.008247143 0.000360078 0.11269614)
(0.0092780359 0.00040508775 0.11269614)
(0.010308929 0.0004500975 0.11269614)
(0.011339822 0.00049510725 0.11269614)
(0.012370714 0.000540117 0.11269614)
(0.013401607 0.00058512675 0.11269614)
(0.0144325 0.0006301365 0.11269614)
(0.015463393 0.00067514625 0.11269614)
(0.016494286 0.000720156 0.11269614)
(0.017525179 0.00076516575 0.11269614)
(0.018556072 0.0008101755 0.11269614)
(0.019586965 0.00085518525 0.11269614)
(0.020617857 0.000900195 0.11269614)
(0.02164875 0.00094520475 0.11269614)
(0.022679643 0.0009902145 0.11269614)
(0.023710536 0.0010352243 0.11269614)
(0.024741429 0.001080234 0.11269614)
(0.025772322 0.0011252437 0.11269614)
(0.026803215 0.0011702535 0.11269614)
(0.027834108 0.0012152632 0.11269614)
(0.028865001 0.001260273 0.11269614)
(0.029895893 0.0013052828 0.11269614)
(0.030926786 0.0013502925 0.11269614)
(0.031957679 0.0013953023 0.11269614)
(0.032988572 0.001440312 0.11269614)
(0.034019465 0.0014853217 0.11269614)
(0.035050358 0.0015303315 0.11269614)
(0.036081251 0.0015753412 0.11269614)
(0.037112143 0.001620351 0.11269614)
(0.038143036 0.0016653608 0.11269614)
(0.039173929 0.0017103705 0.11269614)
(0.040204822 0.0017553803 0.11269614)
(0.041235715 0.00180039 0.11269614)
(0 0 0.11282737)
(0.0010308929 -4.500975e-05 0.11282737)
(0.0020617858 -9.00195e-05 0.11282737)
(0.0030926786 -0.00013502925 0.11282737)
(0.0041235715 -0.000180039 0.11282737)
(0.0051544644 -0.00022504875 0.11282737)
(0.0061853572 -0.0002700585 0.11282737)
(0.0072162501 -0.00031506825 0.11282737)
(0.008247143 -0.000360078 0.11282737)
(0.0092780359 -0.00040508775 0.11282737)
(0.010308929 -0.0004500975 0.11282737)
(0.011339822 -0.00049510725 0.11282737)
(0.012370714 -0.000540117 0.11282737)
(0.013401607 -0.00058512675 0.11282737)
(0.0144325 -0.0006301365 0.11282737)
(0.015463393 -0.00067514625 0.11282737)
(0.016494286 -0.000720156 0.11282737)
(0.017525179 -0.00076516575 0.11282737)
(0.018556072 -0.0008101755 0.11282737)
(0.019586965 -0.00085518525 0.11282737)
(0.020617857 -0.000900195 0.11282737)
(0.02164875 -0.00094520475 0.11282737)
(0.022679643 -0.0009902145 0.11282737)
(0.023710536 -0.0010352243 0.11282737)
(0.024741429 -0.001080234 0.11282737)
(0.025772322 -0.0011252437 0.11282737)
(0.026803215 -0.0011702535 0.11282737)
(0.027834108 -0.0012152632 0.11282737)
(0.028865001 -0.001260273 0.11282737)
(0.029895893 -0.0013052828 0.11282737)
(0.030926786 -0.0013502925 0.11282737)
(0.031957679 -0.0013953023 0.11282737)
(0.032988572 -0.001440312 0.11282737)
(0.034019465 -0.0014853217 0.11282737)
(0.035050358 -0.0015303315 0.11282737)
(0.036081251 -0.0015753412 0.11282737)
(0.037112143 -0.001620351 0.11282737)
(0.038143036 -0.0016653608 0.11282737)
(0.039173929 -0.0017103705 0.11282737)
(0.040204822 -0.0017553803 0.11282737)
(0.041235715 -0.00180039 0.11282737)
(0.0010308929 4.500975e-05 0.11282737)
(0.0020617858 9.00195e-05 0.11282737)
(0.0030926786 0.00013502925 0.11282737)
(0.0041235715 0.000180039 0.11282737)
(0.0051544644 0.00022504875 0.11282737)
(0.0061853572 0.0002700585 0.11282737)
(0.0072162501 0.00031506825 0.11282737)
(0.008247143 0.000360078 0.11282737)
(0.0092780359 0.00040508775 0.11282737)
(0.010308929 0.0004500975 0.11282737)
(0.011339822 0.00049510725 0.11282737)
(0.012370714 0.000540117 0.11282737)
(0.013401607 0.00058512675 0.11282737)
(0.0144325 0.0006301365 0.11282737)
(0.015463393 0.00067514625 0.11282737)
(0.016494286 0.000720156 0.11282737)
(0.017525179 0.00076516575 0.11282737)
(0.018556072 0.0008101755 0.11282737)
(0.019586965 0.00085518525 0.11282737)
(0.020617857 0.000900195 0.11282737)
(0.02164875 0.00094520475 0.11282737)
(0.022679643 0.0009902145 0.11282737)
(0.023710536 0.0010352243 0.11282737)
(0.024741429 0.001080234 0.11282737)
(0.025772322 0.0011252437 0.11282737)
(0.026803215 0.0011702535 0.11282737)
(0.027834108 0.0012152632 0.11282737)
(0.028865001 0.001260273 0.11282737)
(0.029895893 0.0013052828 0.11282737)
(0.030926786 0.0013502925 0.11282737)
(0.031957679 0.0013953023 0.11282737)
(0.032988572 0.001440312 0.11282737)
(0.034019465 0.0014853217 0.11282737)
(0.035050358 0.0015303315 0.11282737)
(0.036081251 0.0015753412 0.11282737)
(0.037112143 0.001620351 0.11282737)
(0.038143036 0.0016653608 0.11282737)
(0.039173929 0.0017103705 0.11282737)
(0.040204822 0.0017553803 0.11282737)
(0.041235715 0.00180039 0.11282737)
(0 0 0.11295859)
(0.0010308929 -4.500975e-05 0.11295859)
(0.0020617858 -9.00195e-05 0.11295859)
(0.0030926786 -0.00013502925 0.11295859)
(0.0041235715 -0.000180039 0.11295859)
(0.0051544644 -0.00022504875 0.11295859)
(0.0061853572 -0.0002700585 0.11295859)
(0.0072162501 -0.00031506825 0.11295859)
(0.008247143 -0.000360078 0.11295859)
(0.0092780359 -0.00040508775 0.11295859)
(0.010308929 -0.0004500975 0.11295859)
(0.011339822 -0.00049510725 0.11295859)
(0.012370714 -0.000540117 0.11295859)
(0.013401607 -0.00058512675 0.11295859)
(0.0144325 -0.0006301365 0.11295859)
(0.015463393 -0.00067514625 0.11295859)
(0.016494286 -0.000720156 0.11295859)
(0.017525179 -0.00076516575 0.11295859)
(0.018556072 -0.0008101755 0.11295859)
(0.019586965 -0.00085518525 0.11295859)
(0.020617857 -0.000900195 0.11295859)
(0.02164875 -0.00094520475 0.11295859)
(0.022679643 -0.0009902145 0.11295859)
(0.023710536 -0.0010352243 0.11295859)
(0.024741429 -0.001080234 0.11295859)
(0.025772322 -0.0011252437 0.11295859)
(0.026803215 -0.0011702535 0.11295859)
(0.027834108 -0.0012152632 0.11295859)
(0.028865001 -0.001260273 0.11295859)
(0.029895893 -0.0013052828 0.11295859)
(0.030926786 -0.0013502925 0.11295859)
(0.031957679 -0.0013953023 0.11295859)
(0.032988572 -0.001440312 0.11295859)
(0.034019465 -0.0014853217 0.11295859)
(0.035050358 -0.0015303315 0.11295859)
(0.036081251 -0.0015753412 0.11295859)
(0.037112143 -0.001620351 0.11295859)
(0.038143036 -0.0016653608 0.11295859)
(0.039173929 -0.0017103705 0.11295859)
(0.040204822 -0.0017553803 0.11295859)
(0.041235715 -0.00180039 0.11295859)
(0.0010308929 4.500975e-05 0.11295859)
(0.0020617858 9.00195e-05 0.11295859)
(0.0030926786 0.00013502925 0.11295859)
(0.0041235715 0.000180039 0.11295859)
(0.0051544644 0.00022504875 0.11295859)
(0.0061853572 0.0002700585 0.11295859)
(0.0072162501 0.00031506825 0.11295859)
(0.008247143 0.000360078 0.11295859)
(0.0092780359 0.00040508775 0.11295859)
(0.010308929 0.0004500975 0.11295859)
(0.011339822 0.00049510725 0.11295859)
(0.012370714 0.000540117 0.11295859)
(0.013401607 0.00058512675 0.11295859)
(0.0144325 0.0006301365 0.11295859)
(0.015463393 0.00067514625 0.11295859)
(0.016494286 0.000720156 0.11295859)
(0.017525179 0.00076516575 0.11295859)
(0.018556072 0.0008101755 0.11295859)
(0.019586965 0.00085518525 0.11295859)
(0.020617857 0.000900195 0.11295859)
(0.02164875 0.00094520475 0.11295859)
(0.022679643 0.0009902145 0.11295859)
(0.023710536 0.0010352243 0.11295859)
(0.024741429 0.001080234 0.11295859)
(0.025772322 0.0011252437 0.11295859)
(0.026803215 0.0011702535 0.11295859)
(0.027834108 0.0012152632 0.11295859)
(0.028865001 0.001260273 0.11295859)
(0.029895893 0.0013052828 0.11295859)
(0.030926786 0.0013502925 0.11295859)
(0.031957679 0.0013953023 0.11295859)
(0.032988572 0.001440312 0.11295859)
(0.034019465 0.0014853217 0.11295859)
(0.035050358 0.0015303315 0.11295859)
(0.036081251 0.0015753412 0.11295859)
(0.037112143 0.001620351 0.11295859)
(0.038143036 0.0016653608 0.11295859)
(0.039173929 0.0017103705 0.11295859)
(0.040204822 0.0017553803 0.11295859)
(0.041235715 0.00180039 0.11295859)
(0 0 0.11308982)
(0.0010308929 -4.500975e-05 0.11308982)
(0.0020617858 -9.00195e-05 0.11308982)
(0.0030926786 -0.00013502925 0.11308982)
(0.0041235715 -0.000180039 0.11308982)
(0.0051544644 -0.00022504875 0.11308982)
(0.0061853572 -0.0002700585 0.11308982)
(0.0072162501 -0.00031506825 0.11308982)
(0.008247143 -0.000360078 0.11308982)
(0.0092780359 -0.00040508775 0.11308982)
(0.010308929 -0.0004500975 0.11308982)
(0.011339822 -0.00049510725 0.11308982)
(0.012370714 -0.000540117 0.11308982)
(0.013401607 -0.00058512675 0.11308982)
(0.0144325 -0.0006301365 0.11308982)
(0.015463393 -0.00067514625 0.11308982)
(0.016494286 -0.000720156 0.11308982)
(0.017525179 -0.00076516575 0.11308982)
(0.018556072 -0.0008101755 0.11308982)
(0.019586965 -0.00085518525 0.11308982)
(0.020617857 -0.000900195 0.11308982)
(0.02164875 -0.00094520475 0.11308982)
(0.022679643 -0.0009902145 0.11308982)
(0.023710536 -0.0010352243 0.11308982)
(0.024741429 -0.001080234 0.11308982)
(0.025772322 -0.0011252437 0.11308982)
(0.026803215 -0.0011702535 0.11308982)
(0.027834108 -0.0012152632 0.11308982)
(0.028865001 -0.001260273 0.11308982)
(0.029895893 -0.0013052828 0.11308982)
(0.030926786 -0.0013502925 0.11308982)
(0.031957679 -0.0013953023 0.11308982)
(0.032988572 -0.001440312 0.11308982)
(0.034019465 -0.0014853217 0.11308982)
(0.035050358 -0.0015303315 0.11308982)
(0.036081251 -0.0015753412 0.11308982)
(0.037112143 -0.001620351 0.11308982)
(0.038143036 -0.0016653608 0.11308982)
(0.039173929 -0.0017103705 0.11308982)
(0.040204822 -0.0017553803 0.11308982)
(0.041235715 -0.00180039 0.11308982)
(0.0010308929 4.500975e-05 0.11308982)
(0.0020617858 9.00195e-05 0.11308982)
(0.0030926786 0.00013502925 0.11308982)
(0.0041235715 0.000180039 0.11308982)
(0.0051544644 0.00022504875 0.11308982)
(0.0061853572 0.0002700585 0.11308982)
(0.0072162501 0.00031506825 0.11308982)
(0.008247143 0.000360078 0.11308982)
(0.0092780359 0.00040508775 0.11308982)
(0.010308929 0.0004500975 0.11308982)
(0.011339822 0.00049510725 0.11308982)
(0.012370714 0.000540117 0.11308982)
(0.013401607 0.00058512675 0.11308982)
(0.0144325 0.0006301365 0.11308982)
(0.015463393 0.00067514625 0.11308982)
(0.016494286 0.000720156 0.11308982)
(0.017525179 0.00076516575 0.11308982)
(0.018556072 0.0008101755 0.11308982)
(0.019586965 0.00085518525 0.11308982)
(0.020617857 0.000900195 0.11308982)
(0.02164875 0.00094520475 0.11308982)
(0.022679643 0.0009902145 0.11308982)
(0.023710536 0.0010352243 0.11308982)
(0.024741429 0.001080234 0.11308982)
(0.025772322 0.0011252437 0.11308982)
(0.026803215 0.0011702535 0.11308982)
(0.027834108 0.0012152632 0.11308982)
(0.028865001 0.001260273 0.11308982)
(0.029895893 0.0013052828 0.11308982)
(0.030926786 0.0013502925 0.11308982)
(0.031957679 0.0013953023 0.11308982)
(0.032988572 0.001440312 0.11308982)
(0.034019465 0.0014853217 0.11308982)
(0.035050358 0.0015303315 0.11308982)
(0.036081251 0.0015753412 0.11308982)
(0.037112143 0.001620351 0.11308982)
(0.038143036 0.0016653608 0.11308982)
(0.039173929 0.0017103705 0.11308982)
(0.040204822 0.0017553803 0.11308982)
(0.041235715 0.00180039 0.11308982)
(0 0 0.11322105)
(0.0010308929 -4.500975e-05 0.11322105)
(0.0020617858 -9.00195e-05 0.11322105)
(0.0030926786 -0.00013502925 0.11322105)
(0.0041235715 -0.000180039 0.11322105)
(0.0051544644 -0.00022504875 0.11322105)
(0.0061853572 -0.0002700585 0.11322105)
(0.0072162501 -0.00031506825 0.11322105)
(0.008247143 -0.000360078 0.11322105)
(0.0092780359 -0.00040508775 0.11322105)
(0.010308929 -0.0004500975 0.11322105)
(0.011339822 -0.00049510725 0.11322105)
(0.012370714 -0.000540117 0.11322105)
(0.013401607 -0.00058512675 0.11322105)
(0.0144325 -0.0006301365 0.11322105)
(0.015463393 -0.00067514625 0.11322105)
(0.016494286 -0.000720156 0.11322105)
(0.017525179 -0.00076516575 0.11322105)
(0.018556072 -0.0008101755 0.11322105)
(0.019586965 -0.00085518525 0.11322105)
(0.020617857 -0.000900195 0.11322105)
(0.02164875 -0.00094520475 0.11322105)
(0.022679643 -0.0009902145 0.11322105)
(0.023710536 -0.0010352243 0.11322105)
(0.024741429 -0.001080234 0.11322105)
(0.025772322 -0.0011252437 0.11322105)
(0.026803215 -0.0011702535 0.11322105)
(0.027834108 -0.0012152632 0.11322105)
(0.028865001 -0.001260273 0.11322105)
(0.029895893 -0.0013052828 0.11322105)
(0.030926786 -0.0013502925 0.11322105)
(0.031957679 -0.0013953023 0.11322105)
(0.032988572 -0.001440312 0.11322105)
(0.034019465 -0.0014853217 0.11322105)
(0.035050358 -0.0015303315 0.11322105)
(0.036081251 -0.0015753412 0.11322105)
(0.037112143 -0.001620351 0.11322105)
(0.038143036 -0.0016653608 0.11322105)
(0.039173929 -0.0017103705 0.11322105)
(0.040204822 -0.0017553803 0.11322105)
(0.041235715 -0.00180039 0.11322105)
(0.0010308929 4.500975e-05 0.11322105)
(0.0020617858 9.00195e-05 0.11322105)
(0.0030926786 0.00013502925 0.11322105)
(0.0041235715 0.000180039 0.11322105)
(0.0051544644 0.00022504875 0.11322105)
(0.0061853572 0.0002700585 0.11322105)
(0.0072162501 0.00031506825 0.11322105)
(0.008247143 0.000360078 0.11322105)
(0.0092780359 0.00040508775 0.11322105)
(0.010308929 0.0004500975 0.11322105)
(0.011339822 0.00049510725 0.11322105)
(0.012370714 0.000540117 0.11322105)
(0.013401607 0.00058512675 0.11322105)
(0.0144325 0.0006301365 0.11322105)
(0.015463393 0.00067514625 0.11322105)
(0.016494286 0.000720156 0.11322105)
(0.017525179 0.00076516575 0.11322105)
(0.018556072 0.0008101755 0.11322105)
(0.019586965 0.00085518525 0.11322105)
(0.020617857 0.000900195 0.11322105)
(0.02164875 0.00094520475 0.11322105)
(0.022679643 0.0009902145 0.11322105)
(0.023710536 0.0010352243 0.11322105)
(0.024741429 0.001080234 0.11322105)
(0.025772322 0.0011252437 0.11322105)
(0.026803215 0.0011702535 0.11322105)
(0.027834108 0.0012152632 0.11322105)
(0.028865001 0.001260273 0.11322105)
(0.029895893 0.0013052828 0.11322105)
(0.030926786 0.0013502925 0.11322105)
(0.031957679 0.0013953023 0.11322105)
(0.032988572 0.001440312 0.11322105)
(0.034019465 0.0014853217 0.11322105)
(0.035050358 0.0015303315 0.11322105)
(0.036081251 0.0015753412 0.11322105)
(0.037112143 0.001620351 0.11322105)
(0.038143036 0.0016653608 0.11322105)
(0.039173929 0.0017103705 0.11322105)
(0.040204822 0.0017553803 0.11322105)
(0.041235715 0.00180039 0.11322105)
(0 0 0.11335228)
(0.0010308929 -4.500975e-05 0.11335228)
(0.0020617858 -9.00195e-05 0.11335228)
(0.0030926786 -0.00013502925 0.11335228)
(0.0041235715 -0.000180039 0.11335228)
(0.0051544644 -0.00022504875 0.11335228)
(0.0061853572 -0.0002700585 0.11335228)
(0.0072162501 -0.00031506825 0.11335228)
(0.008247143 -0.000360078 0.11335228)
(0.0092780359 -0.00040508775 0.11335228)
(0.010308929 -0.0004500975 0.11335228)
(0.011339822 -0.00049510725 0.11335228)
(0.012370714 -0.000540117 0.11335228)
(0.013401607 -0.00058512675 0.11335228)
(0.0144325 -0.0006301365 0.11335228)
(0.015463393 -0.00067514625 0.11335228)
(0.016494286 -0.000720156 0.11335228)
(0.017525179 -0.00076516575 0.11335228)
(0.018556072 -0.0008101755 0.11335228)
(0.019586965 -0.00085518525 0.11335228)
(0.020617857 -0.000900195 0.11335228)
(0.02164875 -0.00094520475 0.11335228)
(0.022679643 -0.0009902145 0.11335228)
(0.023710536 -0.0010352243 0.11335228)
(0.024741429 -0.001080234 0.11335228)
(0.025772322 -0.0011252437 0.11335228)
(0.026803215 -0.0011702535 0.11335228)
(0.027834108 -0.0012152632 0.11335228)
(0.028865001 -0.001260273 0.11335228)
(0.029895893 -0.0013052828 0.11335228)
(0.030926786 -0.0013502925 0.11335228)
(0.031957679 -0.0013953023 0.11335228)
(0.032988572 -0.001440312 0.11335228)
(0.034019465 -0.0014853217 0.11335228)
(0.035050358 -0.0015303315 0.11335228)
(0.036081251 -0.0015753412 0.11335228)
(0.037112143 -0.001620351 0.11335228)
(0.038143036 -0.0016653608 0.11335228)
(0.039173929 -0.0017103705 0.11335228)
(0.040204822 -0.0017553803 0.11335228)
(0.041235715 -0.00180039 0.11335228)
(0.0010308929 4.500975e-05 0.11335228)
(0.0020617858 9.00195e-05 0.11335228)
(0.0030926786 0.00013502925 0.11335228)
(0.0041235715 0.000180039 0.11335228)
(0.0051544644 0.00022504875 0.11335228)
(0.0061853572 0.0002700585 0.11335228)
(0.0072162501 0.00031506825 0.11335228)
(0.008247143 0.000360078 0.11335228)
(0.0092780359 0.00040508775 0.11335228)
(0.010308929 0.0004500975 0.11335228)
(0.011339822 0.00049510725 0.11335228)
(0.012370714 0.000540117 0.11335228)
(0.013401607 0.00058512675 0.11335228)
(0.0144325 0.0006301365 0.11335228)
(0.015463393 0.00067514625 0.11335228)
(0.016494286 0.000720156 0.11335228)
(0.017525179 0.00076516575 0.11335228)
(0.018556072 0.0008101755 0.11335228)
(0.019586965 0.00085518525 0.11335228)
(0.020617857 0.000900195 0.11335228)
(0.02164875 0.00094520475 0.11335228)
(0.022679643 0.0009902145 0.11335228)
(0.023710536 0.0010352243 0.11335228)
(0.024741429 0.001080234 0.11335228)
(0.025772322 0.0011252437 0.11335228)
(0.026803215 0.0011702535 0.11335228)
(0.027834108 0.0012152632 0.11335228)
(0.028865001 0.001260273 0.11335228)
(0.029895893 0.0013052828 0.11335228)
(0.030926786 0.0013502925 0.11335228)
(0.031957679 0.0013953023 0.11335228)
(0.032988572 0.001440312 0.11335228)
(0.034019465 0.0014853217 0.11335228)
(0.035050358 0.0015303315 0.11335228)
(0.036081251 0.0015753412 0.11335228)
(0.037112143 0.001620351 0.11335228)
(0.038143036 0.0016653608 0.11335228)
(0.039173929 0.0017103705 0.11335228)
(0.040204822 0.0017553803 0.11335228)
(0.041235715 0.00180039 0.11335228)
(0 0 0.11348351)
(0.0010308929 -4.500975e-05 0.11348351)
(0.0020617858 -9.00195e-05 0.11348351)
(0.0030926786 -0.00013502925 0.11348351)
(0.0041235715 -0.000180039 0.11348351)
(0.0051544644 -0.00022504875 0.11348351)
(0.0061853572 -0.0002700585 0.11348351)
(0.0072162501 -0.00031506825 0.11348351)
(0.008247143 -0.000360078 0.11348351)
(0.0092780359 -0.00040508775 0.11348351)
(0.010308929 -0.0004500975 0.11348351)
(0.011339822 -0.00049510725 0.11348351)
(0.012370714 -0.000540117 0.11348351)
(0.013401607 -0.00058512675 0.11348351)
(0.0144325 -0.0006301365 0.11348351)
(0.015463393 -0.00067514625 0.11348351)
(0.016494286 -0.000720156 0.11348351)
(0.017525179 -0.00076516575 0.11348351)
(0.018556072 -0.0008101755 0.11348351)
(0.019586965 -0.00085518525 0.11348351)
(0.020617857 -0.000900195 0.11348351)
(0.02164875 -0.00094520475 0.11348351)
(0.022679643 -0.0009902145 0.11348351)
(0.023710536 -0.0010352243 0.11348351)
(0.024741429 -0.001080234 0.11348351)
(0.025772322 -0.0011252437 0.11348351)
(0.026803215 -0.0011702535 0.11348351)
(0.027834108 -0.0012152632 0.11348351)
(0.028865001 -0.001260273 0.11348351)
(0.029895893 -0.0013052828 0.11348351)
(0.030926786 -0.0013502925 0.11348351)
(0.031957679 -0.0013953023 0.11348351)
(0.032988572 -0.001440312 0.11348351)
(0.034019465 -0.0014853217 0.11348351)
(0.035050358 -0.0015303315 0.11348351)
(0.036081251 -0.0015753412 0.11348351)
(0.037112143 -0.001620351 0.11348351)
(0.038143036 -0.0016653608 0.11348351)
(0.039173929 -0.0017103705 0.11348351)
(0.040204822 -0.0017553803 0.11348351)
(0.041235715 -0.00180039 0.11348351)
(0.0010308929 4.500975e-05 0.11348351)
(0.0020617858 9.00195e-05 0.11348351)
(0.0030926786 0.00013502925 0.11348351)
(0.0041235715 0.000180039 0.11348351)
(0.0051544644 0.00022504875 0.11348351)
(0.0061853572 0.0002700585 0.11348351)
(0.0072162501 0.00031506825 0.11348351)
(0.008247143 0.000360078 0.11348351)
(0.0092780359 0.00040508775 0.11348351)
(0.010308929 0.0004500975 0.11348351)
(0.011339822 0.00049510725 0.11348351)
(0.012370714 0.000540117 0.11348351)
(0.013401607 0.00058512675 0.11348351)
(0.0144325 0.0006301365 0.11348351)
(0.015463393 0.00067514625 0.11348351)
(0.016494286 0.000720156 0.11348351)
(0.017525179 0.00076516575 0.11348351)
(0.018556072 0.0008101755 0.11348351)
(0.019586965 0.00085518525 0.11348351)
(0.020617857 0.000900195 0.11348351)
(0.02164875 0.00094520475 0.11348351)
(0.022679643 0.0009902145 0.11348351)
(0.023710536 0.0010352243 0.11348351)
(0.024741429 0.001080234 0.11348351)
(0.025772322 0.0011252437 0.11348351)
(0.026803215 0.0011702535 0.11348351)
(0.027834108 0.0012152632 0.11348351)
(0.028865001 0.001260273 0.11348351)
(0.029895893 0.0013052828 0.11348351)
(0.030926786 0.0013502925 0.11348351)
(0.031957679 0.0013953023 0.11348351)
(0.032988572 0.001440312 0.11348351)
(0.034019465 0.0014853217 0.11348351)
(0.035050358 0.0015303315 0.11348351)
(0.036081251 0.0015753412 0.11348351)
(0.037112143 0.001620351 0.11348351)
(0.038143036 0.0016653608 0.11348351)
(0.039173929 0.0017103705 0.11348351)
(0.040204822 0.0017553803 0.11348351)
(0.041235715 0.00180039 0.11348351)
(0 0 0.11361474)
(0.0010308929 -4.500975e-05 0.11361474)
(0.0020617858 -9.00195e-05 0.11361474)
(0.0030926786 -0.00013502925 0.11361474)
(0.0041235715 -0.000180039 0.11361474)
(0.0051544644 -0.00022504875 0.11361474)
(0.0061853572 -0.0002700585 0.11361474)
(0.0072162501 -0.00031506825 0.11361474)
(0.008247143 -0.000360078 0.11361474)
(0.0092780359 -0.00040508775 0.11361474)
(0.010308929 -0.0004500975 0.11361474)
(0.011339822 -0.00049510725 0.11361474)
(0.012370714 -0.000540117 0.11361474)
(0.013401607 -0.00058512675 0.11361474)
(0.0144325 -0.0006301365 0.11361474)
(0.015463393 -0.00067514625 0.11361474)
(0.016494286 -0.000720156 0.11361474)
(0.017525179 -0.00076516575 0.11361474)
(0.018556072 -0.0008101755 0.11361474)
(0.019586965 -0.00085518525 0.11361474)
(0.020617857 -0.000900195 0.11361474)
(0.02164875 -0.00094520475 0.11361474)
(0.022679643 -0.0009902145 0.11361474)
(0.023710536 -0.0010352243 0.11361474)
(0.024741429 -0.001080234 0.11361474)
(0.025772322 -0.0011252437 0.11361474)
(0.026803215 -0.0011702535 0.11361474)
(0.027834108 -0.0012152632 0.11361474)
(0.028865001 -0.001260273 0.11361474)
(0.029895893 -0.0013052828 0.11361474)
(0.030926786 -0.0013502925 0.11361474)
(0.031957679 -0.0013953023 0.11361474)
(0.032988572 -0.001440312 0.11361474)
(0.034019465 -0.0014853217 0.11361474)
(0.035050358 -0.0015303315 0.11361474)
(0.036081251 -0.0015753412 0.11361474)
(0.037112143 -0.001620351 0.11361474)
(0.038143036 -0.0016653608 0.11361474)
(0.039173929 -0.0017103705 0.11361474)
(0.040204822 -0.0017553803 0.11361474)
(0.041235715 -0.00180039 0.11361474)
(0.0010308929 4.500975e-05 0.11361474)
(0.0020617858 9.00195e-05 0.11361474)
(0.0030926786 0.00013502925 0.11361474)
(0.0041235715 0.000180039 0.11361474)
(0.0051544644 0.00022504875 0.11361474)
(0.0061853572 0.0002700585 0.11361474)
(0.0072162501 0.00031506825 0.11361474)
(0.008247143 0.000360078 0.11361474)
(0.0092780359 0.00040508775 0.11361474)
(0.010308929 0.0004500975 0.11361474)
(0.011339822 0.00049510725 0.11361474)
(0.012370714 0.000540117 0.11361474)
(0.013401607 0.00058512675 0.11361474)
(0.0144325 0.0006301365 0.11361474)
(0.015463393 0.00067514625 0.11361474)
(0.016494286 0.000720156 0.11361474)
(0.017525179 0.00076516575 0.11361474)
(0.018556072 0.0008101755 0.11361474)
(0.019586965 0.00085518525 0.11361474)
(0.020617857 0.000900195 0.11361474)
(0.02164875 0.00094520475 0.11361474)
(0.022679643 0.0009902145 0.11361474)
(0.023710536 0.0010352243 0.11361474)
(0.024741429 0.001080234 0.11361474)
(0.025772322 0.0011252437 0.11361474)
(0.026803215 0.0011702535 0.11361474)
(0.027834108 0.0012152632 0.11361474)
(0.028865001 0.001260273 0.11361474)
(0.029895893 0.0013052828 0.11361474)
(0.030926786 0.0013502925 0.11361474)
(0.031957679 0.0013953023 0.11361474)
(0.032988572 0.001440312 0.11361474)
(0.034019465 0.0014853217 0.11361474)
(0.035050358 0.0015303315 0.11361474)
(0.036081251 0.0015753412 0.11361474)
(0.037112143 0.001620351 0.11361474)
(0.038143036 0.0016653608 0.11361474)
(0.039173929 0.0017103705 0.11361474)
(0.040204822 0.0017553803 0.11361474)
(0.041235715 0.00180039 0.11361474)
(0 0 0.11374596)
(0.0010308929 -4.500975e-05 0.11374596)
(0.0020617858 -9.00195e-05 0.11374596)
(0.0030926786 -0.00013502925 0.11374596)
(0.0041235715 -0.000180039 0.11374596)
(0.0051544644 -0.00022504875 0.11374596)
(0.0061853572 -0.0002700585 0.11374596)
(0.0072162501 -0.00031506825 0.11374596)
(0.008247143 -0.000360078 0.11374596)
(0.0092780359 -0.00040508775 0.11374596)
(0.010308929 -0.0004500975 0.11374596)
(0.011339822 -0.00049510725 0.11374596)
(0.012370714 -0.000540117 0.11374596)
(0.013401607 -0.00058512675 0.11374596)
(0.0144325 -0.0006301365 0.11374596)
(0.015463393 -0.00067514625 0.11374596)
(0.016494286 -0.000720156 0.11374596)
(0.017525179 -0.00076516575 0.11374596)
(0.018556072 -0.0008101755 0.11374596)
(0.019586965 -0.00085518525 0.11374596)
(0.020617857 -0.000900195 0.11374596)
(0.02164875 -0.00094520475 0.11374596)
(0.022679643 -0.0009902145 0.11374596)
(0.023710536 -0.0010352243 0.11374596)
(0.024741429 -0.001080234 0.11374596)
(0.025772322 -0.0011252437 0.11374596)
(0.026803215 -0.0011702535 0.11374596)
(0.027834108 -0.0012152632 0.11374596)
(0.028865001 -0.001260273 0.11374596)
(0.029895893 -0.0013052828 0.11374596)
(0.030926786 -0.0013502925 0.11374596)
(0.031957679 -0.0013953023 0.11374596)
(0.032988572 -0.001440312 0.11374596)
(0.034019465 -0.0014853217 0.11374596)
(0.035050358 -0.0015303315 0.11374596)
(0.036081251 -0.0015753412 0.11374596)
(0.037112143 -0.001620351 0.11374596)
(0.038143036 -0.0016653608 0.11374596)
(0.039173929 -0.0017103705 0.11374596)
(0.040204822 -0.0017553803 0.11374596)
(0.041235715 -0.00180039 0.11374596)
(0.0010308929 4.500975e-05 0.11374596)
(0.0020617858 9.00195e-05 0.11374596)
(0.0030926786 0.00013502925 0.11374596)
(0.0041235715 0.000180039 0.11374596)
(0.0051544644 0.00022504875 0.11374596)
(0.0061853572 0.0002700585 0.11374596)
(0.0072162501 0.00031506825 0.11374596)
(0.008247143 0.000360078 0.11374596)
(0.0092780359 0.00040508775 0.11374596)
(0.010308929 0.0004500975 0.11374596)
(0.011339822 0.00049510725 0.11374596)
(0.012370714 0.000540117 0.11374596)
(0.013401607 0.00058512675 0.11374596)
(0.0144325 0.0006301365 0.11374596)
(0.015463393 0.00067514625 0.11374596)
(0.016494286 0.000720156 0.11374596)
(0.017525179 0.00076516575 0.11374596)
(0.018556072 0.0008101755 0.11374596)
(0.019586965 0.00085518525 0.11374596)
(0.020617857 0.000900195 0.11374596)
(0.02164875 0.00094520475 0.11374596)
(0.022679643 0.0009902145 0.11374596)
(0.023710536 0.0010352243 0.11374596)
(0.024741429 0.001080234 0.11374596)
(0.025772322 0.0011252437 0.11374596)
(0.026803215 0.0011702535 0.11374596)
(0.027834108 0.0012152632 0.11374596)
(0.028865001 0.001260273 0.11374596)
(0.029895893 0.0013052828 0.11374596)
(0.030926786 0.0013502925 0.11374596)
(0.031957679 0.0013953023 0.11374596)
(0.032988572 0.001440312 0.11374596)
(0.034019465 0.0014853217 0.11374596)
(0.035050358 0.0015303315 0.11374596)
(0.036081251 0.0015753412 0.11374596)
(0.037112143 0.001620351 0.11374596)
(0.038143036 0.0016653608 0.11374596)
(0.039173929 0.0017103705 0.11374596)
(0.040204822 0.0017553803 0.11374596)
(0.041235715 0.00180039 0.11374596)
(0 0 0.11387719)
(0.0010308929 -4.500975e-05 0.11387719)
(0.0020617858 -9.00195e-05 0.11387719)
(0.0030926786 -0.00013502925 0.11387719)
(0.0041235715 -0.000180039 0.11387719)
(0.0051544644 -0.00022504875 0.11387719)
(0.0061853572 -0.0002700585 0.11387719)
(0.0072162501 -0.00031506825 0.11387719)
(0.008247143 -0.000360078 0.11387719)
(0.0092780359 -0.00040508775 0.11387719)
(0.010308929 -0.0004500975 0.11387719)
(0.011339822 -0.00049510725 0.11387719)
(0.012370714 -0.000540117 0.11387719)
(0.013401607 -0.00058512675 0.11387719)
(0.0144325 -0.0006301365 0.11387719)
(0.015463393 -0.00067514625 0.11387719)
(0.016494286 -0.000720156 0.11387719)
(0.017525179 -0.00076516575 0.11387719)
(0.018556072 -0.0008101755 0.11387719)
(0.019586965 -0.00085518525 0.11387719)
(0.020617857 -0.000900195 0.11387719)
(0.02164875 -0.00094520475 0.11387719)
(0.022679643 -0.0009902145 0.11387719)
(0.023710536 -0.0010352243 0.11387719)
(0.024741429 -0.001080234 0.11387719)
(0.025772322 -0.0011252437 0.11387719)
(0.026803215 -0.0011702535 0.11387719)
(0.027834108 -0.0012152632 0.11387719)
(0.028865001 -0.001260273 0.11387719)
(0.029895893 -0.0013052828 0.11387719)
(0.030926786 -0.0013502925 0.11387719)
(0.031957679 -0.0013953023 0.11387719)
(0.032988572 -0.001440312 0.11387719)
(0.034019465 -0.0014853217 0.11387719)
(0.035050358 -0.0015303315 0.11387719)
(0.036081251 -0.0015753412 0.11387719)
(0.037112143 -0.001620351 0.11387719)
(0.038143036 -0.0016653608 0.11387719)
(0.039173929 -0.0017103705 0.11387719)
(0.040204822 -0.0017553803 0.11387719)
(0.041235715 -0.00180039 0.11387719)
(0.0010308929 4.500975e-05 0.11387719)
(0.0020617858 9.00195e-05 0.11387719)
(0.0030926786 0.00013502925 0.11387719)
(0.0041235715 0.000180039 0.11387719)
(0.0051544644 0.00022504875 0.11387719)
(0.0061853572 0.0002700585 0.11387719)
(0.0072162501 0.00031506825 0.11387719)
(0.008247143 0.000360078 0.11387719)
(0.0092780359 0.00040508775 0.11387719)
(0.010308929 0.0004500975 0.11387719)
(0.011339822 0.00049510725 0.11387719)
(0.012370714 0.000540117 0.11387719)
(0.013401607 0.00058512675 0.11387719)
(0.0144325 0.0006301365 0.11387719)
(0.015463393 0.00067514625 0.11387719)
(0.016494286 0.000720156 0.11387719)
(0.017525179 0.00076516575 0.11387719)
(0.018556072 0.0008101755 0.11387719)
(0.019586965 0.00085518525 0.11387719)
(0.020617857 0.000900195 0.11387719)
(0.02164875 0.00094520475 0.11387719)
(0.022679643 0.0009902145 0.11387719)
(0.023710536 0.0010352243 0.11387719)
(0.024741429 0.001080234 0.11387719)
(0.025772322 0.0011252437 0.11387719)
(0.026803215 0.0011702535 0.11387719)
(0.027834108 0.0012152632 0.11387719)
(0.028865001 0.001260273 0.11387719)
(0.029895893 0.0013052828 0.11387719)
(0.030926786 0.0013502925 0.11387719)
(0.031957679 0.0013953023 0.11387719)
(0.032988572 0.001440312 0.11387719)
(0.034019465 0.0014853217 0.11387719)
(0.035050358 0.0015303315 0.11387719)
(0.036081251 0.0015753412 0.11387719)
(0.037112143 0.001620351 0.11387719)
(0.038143036 0.0016653608 0.11387719)
(0.039173929 0.0017103705 0.11387719)
(0.040204822 0.0017553803 0.11387719)
(0.041235715 0.00180039 0.11387719)
(0 0 0.11400842)
(0.0010308929 -4.500975e-05 0.11400842)
(0.0020617858 -9.00195e-05 0.11400842)
(0.0030926786 -0.00013502925 0.11400842)
(0.0041235715 -0.000180039 0.11400842)
(0.0051544644 -0.00022504875 0.11400842)
(0.0061853572 -0.0002700585 0.11400842)
(0.0072162501 -0.00031506825 0.11400842)
(0.008247143 -0.000360078 0.11400842)
(0.0092780359 -0.00040508775 0.11400842)
(0.010308929 -0.0004500975 0.11400842)
(0.011339822 -0.00049510725 0.11400842)
(0.012370714 -0.000540117 0.11400842)
(0.013401607 -0.00058512675 0.11400842)
(0.0144325 -0.0006301365 0.11400842)
(0.015463393 -0.00067514625 0.11400842)
(0.016494286 -0.000720156 0.11400842)
(0.017525179 -0.00076516575 0.11400842)
(0.018556072 -0.0008101755 0.11400842)
(0.019586965 -0.00085518525 0.11400842)
(0.020617857 -0.000900195 0.11400842)
(0.02164875 -0.00094520475 0.11400842)
(0.022679643 -0.0009902145 0.11400842)
(0.023710536 -0.0010352243 0.11400842)
(0.024741429 -0.001080234 0.11400842)
(0.025772322 -0.0011252437 0.11400842)
(0.026803215 -0.0011702535 0.11400842)
(0.027834108 -0.0012152632 0.11400842)
(0.028865001 -0.001260273 0.11400842)
(0.029895893 -0.0013052828 0.11400842)
(0.030926786 -0.0013502925 0.11400842)
(0.031957679 -0.0013953023 0.11400842)
(0.032988572 -0.001440312 0.11400842)
(0.034019465 -0.0014853217 0.11400842)
(0.035050358 -0.0015303315 0.11400842)
(0.036081251 -0.0015753412 0.11400842)
(0.037112143 -0.001620351 0.11400842)
(0.038143036 -0.0016653608 0.11400842)
(0.039173929 -0.0017103705 0.11400842)
(0.040204822 -0.0017553803 0.11400842)
(0.041235715 -0.00180039 0.11400842)
(0.0010308929 4.500975e-05 0.11400842)
(0.0020617858 9.00195e-05 0.11400842)
(0.0030926786 0.00013502925 0.11400842)
(0.0041235715 0.000180039 0.11400842)
(0.0051544644 0.00022504875 0.11400842)
(0.0061853572 0.0002700585 0.11400842)
(0.0072162501 0.00031506825 0.11400842)
(0.008247143 0.000360078 0.11400842)
(0.0092780359 0.00040508775 0.11400842)
(0.010308929 0.0004500975 0.11400842)
(0.011339822 0.00049510725 0.11400842)
(0.012370714 0.000540117 0.11400842)
(0.013401607 0.00058512675 0.11400842)
(0.0144325 0.0006301365 0.11400842)
(0.015463393 0.00067514625 0.11400842)
(0.016494286 0.000720156 0.11400842)
(0.017525179 0.00076516575 0.11400842)
(0.018556072 0.0008101755 0.11400842)
(0.019586965 0.00085518525 0.11400842)
(0.020617857 0.000900195 0.11400842)
(0.02164875 0.00094520475 0.11400842)
(0.022679643 0.0009902145 0.11400842)
(0.023710536 0.0010352243 0.11400842)
(0.024741429 0.001080234 0.11400842)
(0.025772322 0.0011252437 0.11400842)
(0.026803215 0.0011702535 0.11400842)
(0.027834108 0.0012152632 0.11400842)
(0.028865001 0.001260273 0.11400842)
(0.029895893 0.0013052828 0.11400842)
(0.030926786 0.0013502925 0.11400842)
(0.031957679 0.0013953023 0.11400842)
(0.032988572 0.001440312 0.11400842)
(0.034019465 0.0014853217 0.11400842)
(0.035050358 0.0015303315 0.11400842)
(0.036081251 0.0015753412 0.11400842)
(0.037112143 0.001620351 0.11400842)
(0.038143036 0.0016653608 0.11400842)
(0.039173929 0.0017103705 0.11400842)
(0.040204822 0.0017553803 0.11400842)
(0.041235715 0.00180039 0.11400842)
(0 0 0.11413965)
(0.0010308929 -4.500975e-05 0.11413965)
(0.0020617858 -9.00195e-05 0.11413965)
(0.0030926786 -0.00013502925 0.11413965)
(0.0041235715 -0.000180039 0.11413965)
(0.0051544644 -0.00022504875 0.11413965)
(0.0061853572 -0.0002700585 0.11413965)
(0.0072162501 -0.00031506825 0.11413965)
(0.008247143 -0.000360078 0.11413965)
(0.0092780359 -0.00040508775 0.11413965)
(0.010308929 -0.0004500975 0.11413965)
(0.011339822 -0.00049510725 0.11413965)
(0.012370714 -0.000540117 0.11413965)
(0.013401607 -0.00058512675 0.11413965)
(0.0144325 -0.0006301365 0.11413965)
(0.015463393 -0.00067514625 0.11413965)
(0.016494286 -0.000720156 0.11413965)
(0.017525179 -0.00076516575 0.11413965)
(0.018556072 -0.0008101755 0.11413965)
(0.019586965 -0.00085518525 0.11413965)
(0.020617857 -0.000900195 0.11413965)
(0.02164875 -0.00094520475 0.11413965)
(0.022679643 -0.0009902145 0.11413965)
(0.023710536 -0.0010352243 0.11413965)
(0.024741429 -0.001080234 0.11413965)
(0.025772322 -0.0011252437 0.11413965)
(0.026803215 -0.0011702535 0.11413965)
(0.027834108 -0.0012152632 0.11413965)
(0.028865001 -0.001260273 0.11413965)
(0.029895893 -0.0013052828 0.11413965)
(0.030926786 -0.0013502925 0.11413965)
(0.031957679 -0.0013953023 0.11413965)
(0.032988572 -0.001440312 0.11413965)
(0.034019465 -0.0014853217 0.11413965)
(0.035050358 -0.0015303315 0.11413965)
(0.036081251 -0.0015753412 0.11413965)
(0.037112143 -0.001620351 0.11413965)
(0.038143036 -0.0016653608 0.11413965)
(0.039173929 -0.0017103705 0.11413965)
(0.040204822 -0.0017553803 0.11413965)
(0.041235715 -0.00180039 0.11413965)
(0.0010308929 4.500975e-05 0.11413965)
(0.0020617858 9.00195e-05 0.11413965)
(0.0030926786 0.00013502925 0.11413965)
(0.0041235715 0.000180039 0.11413965)
(0.0051544644 0.00022504875 0.11413965)
(0.0061853572 0.0002700585 0.11413965)
(0.0072162501 0.00031506825 0.11413965)
(0.008247143 0.000360078 0.11413965)
(0.0092780359 0.00040508775 0.11413965)
(0.010308929 0.0004500975 0.11413965)
(0.011339822 0.00049510725 0.11413965)
(0.012370714 0.000540117 0.11413965)
(0.013401607 0.00058512675 0.11413965)
(0.0144325 0.0006301365 0.11413965)
(0.015463393 0.00067514625 0.11413965)
(0.016494286 0.000720156 0.11413965)
(0.017525179 0.00076516575 0.11413965)
(0.018556072 0.0008101755 0.11413965)
(0.019586965 0.00085518525 0.11413965)
(0.020617857 0.000900195 0.11413965)
(0.02164875 0.00094520475 0.11413965)
(0.022679643 0.0009902145 0.11413965)
(0.023710536 0.0010352243 0.11413965)
(0.024741429 0.001080234 0.11413965)
(0.025772322 0.0011252437 0.11413965)
(0.026803215 0.0011702535 0.11413965)
(0.027834108 0.0012152632 0.11413965)
(0.028865001 0.001260273 0.11413965)
(0.029895893 0.0013052828 0.11413965)
(0.030926786 0.0013502925 0.11413965)
(0.031957679 0.0013953023 0.11413965)
(0.032988572 0.001440312 0.11413965)
(0.034019465 0.0014853217 0.11413965)
(0.035050358 0.0015303315 0.11413965)
(0.036081251 0.0015753412 0.11413965)
(0.037112143 0.001620351 0.11413965)
(0.038143036 0.0016653608 0.11413965)
(0.039173929 0.0017103705 0.11413965)
(0.040204822 0.0017553803 0.11413965)
(0.041235715 0.00180039 0.11413965)
(0 0 0.11427088)
(0.0010308929 -4.500975e-05 0.11427088)
(0.0020617858 -9.00195e-05 0.11427088)
(0.0030926786 -0.00013502925 0.11427088)
(0.0041235715 -0.000180039 0.11427088)
(0.0051544644 -0.00022504875 0.11427088)
(0.0061853572 -0.0002700585 0.11427088)
(0.0072162501 -0.00031506825 0.11427088)
(0.008247143 -0.000360078 0.11427088)
(0.0092780359 -0.00040508775 0.11427088)
(0.010308929 -0.0004500975 0.11427088)
(0.011339822 -0.00049510725 0.11427088)
(0.012370714 -0.000540117 0.11427088)
(0.013401607 -0.00058512675 0.11427088)
(0.0144325 -0.0006301365 0.11427088)
(0.015463393 -0.00067514625 0.11427088)
(0.016494286 -0.000720156 0.11427088)
(0.017525179 -0.00076516575 0.11427088)
(0.018556072 -0.0008101755 0.11427088)
(0.019586965 -0.00085518525 0.11427088)
(0.020617857 -0.000900195 0.11427088)
(0.02164875 -0.00094520475 0.11427088)
(0.022679643 -0.0009902145 0.11427088)
(0.023710536 -0.0010352243 0.11427088)
(0.024741429 -0.001080234 0.11427088)
(0.025772322 -0.0011252437 0.11427088)
(0.026803215 -0.0011702535 0.11427088)
(0.027834108 -0.0012152632 0.11427088)
(0.028865001 -0.001260273 0.11427088)
(0.029895893 -0.0013052828 0.11427088)
(0.030926786 -0.0013502925 0.11427088)
(0.031957679 -0.0013953023 0.11427088)
(0.032988572 -0.001440312 0.11427088)
(0.034019465 -0.0014853217 0.11427088)
(0.035050358 -0.0015303315 0.11427088)
(0.036081251 -0.0015753412 0.11427088)
(0.037112143 -0.001620351 0.11427088)
(0.038143036 -0.0016653608 0.11427088)
(0.039173929 -0.0017103705 0.11427088)
(0.040204822 -0.0017553803 0.11427088)
(0.041235715 -0.00180039 0.11427088)
(0.0010308929 4.500975e-05 0.11427088)
(0.0020617858 9.00195e-05 0.11427088)
(0.0030926786 0.00013502925 0.11427088)
(0.0041235715 0.000180039 0.11427088)
(0.0051544644 0.00022504875 0.11427088)
(0.0061853572 0.0002700585 0.11427088)
(0.0072162501 0.00031506825 0.11427088)
(0.008247143 0.000360078 0.11427088)
(0.0092780359 0.00040508775 0.11427088)
(0.010308929 0.0004500975 0.11427088)
(0.011339822 0.00049510725 0.11427088)
(0.012370714 0.000540117 0.11427088)
(0.013401607 0.00058512675 0.11427088)
(0.0144325 0.0006301365 0.11427088)
(0.015463393 0.00067514625 0.11427088)
(0.016494286 0.000720156 0.11427088)
(0.017525179 0.00076516575 0.11427088)
(0.018556072 0.0008101755 0.11427088)
(0.019586965 0.00085518525 0.11427088)
(0.020617857 0.000900195 0.11427088)
(0.02164875 0.00094520475 0.11427088)
(0.022679643 0.0009902145 0.11427088)
(0.023710536 0.0010352243 0.11427088)
(0.024741429 0.001080234 0.11427088)
(0.025772322 0.0011252437 0.11427088)
(0.026803215 0.0011702535 0.11427088)
(0.027834108 0.0012152632 0.11427088)
(0.028865001 0.001260273 0.11427088)
(0.029895893 0.0013052828 0.11427088)
(0.030926786 0.0013502925 0.11427088)
(0.031957679 0.0013953023 0.11427088)
(0.032988572 0.001440312 0.11427088)
(0.034019465 0.0014853217 0.11427088)
(0.035050358 0.0015303315 0.11427088)
(0.036081251 0.0015753412 0.11427088)
(0.037112143 0.001620351 0.11427088)
(0.038143036 0.0016653608 0.11427088)
(0.039173929 0.0017103705 0.11427088)
(0.040204822 0.0017553803 0.11427088)
(0.041235715 0.00180039 0.11427088)
(0 0 0.11440211)
(0.0010308929 -4.500975e-05 0.11440211)
(0.0020617858 -9.00195e-05 0.11440211)
(0.0030926786 -0.00013502925 0.11440211)
(0.0041235715 -0.000180039 0.11440211)
(0.0051544644 -0.00022504875 0.11440211)
(0.0061853572 -0.0002700585 0.11440211)
(0.0072162501 -0.00031506825 0.11440211)
(0.008247143 -0.000360078 0.11440211)
(0.0092780359 -0.00040508775 0.11440211)
(0.010308929 -0.0004500975 0.11440211)
(0.011339822 -0.00049510725 0.11440211)
(0.012370714 -0.000540117 0.11440211)
(0.013401607 -0.00058512675 0.11440211)
(0.0144325 -0.0006301365 0.11440211)
(0.015463393 -0.00067514625 0.11440211)
(0.016494286 -0.000720156 0.11440211)
(0.017525179 -0.00076516575 0.11440211)
(0.018556072 -0.0008101755 0.11440211)
(0.019586965 -0.00085518525 0.11440211)
(0.020617857 -0.000900195 0.11440211)
(0.02164875 -0.00094520475 0.11440211)
(0.022679643 -0.0009902145 0.11440211)
(0.023710536 -0.0010352243 0.11440211)
(0.024741429 -0.001080234 0.11440211)
(0.025772322 -0.0011252437 0.11440211)
(0.026803215 -0.0011702535 0.11440211)
(0.027834108 -0.0012152632 0.11440211)
(0.028865001 -0.001260273 0.11440211)
(0.029895893 -0.0013052828 0.11440211)
(0.030926786 -0.0013502925 0.11440211)
(0.031957679 -0.0013953023 0.11440211)
(0.032988572 -0.001440312 0.11440211)
(0.034019465 -0.0014853217 0.11440211)
(0.035050358 -0.0015303315 0.11440211)
(0.036081251 -0.0015753412 0.11440211)
(0.037112143 -0.001620351 0.11440211)
(0.038143036 -0.0016653608 0.11440211)
(0.039173929 -0.0017103705 0.11440211)
(0.040204822 -0.0017553803 0.11440211)
(0.041235715 -0.00180039 0.11440211)
(0.0010308929 4.500975e-05 0.11440211)
(0.0020617858 9.00195e-05 0.11440211)
(0.0030926786 0.00013502925 0.11440211)
(0.0041235715 0.000180039 0.11440211)
(0.0051544644 0.00022504875 0.11440211)
(0.0061853572 0.0002700585 0.11440211)
(0.0072162501 0.00031506825 0.11440211)
(0.008247143 0.000360078 0.11440211)
(0.0092780359 0.00040508775 0.11440211)
(0.010308929 0.0004500975 0.11440211)
(0.011339822 0.00049510725 0.11440211)
(0.012370714 0.000540117 0.11440211)
(0.013401607 0.00058512675 0.11440211)
(0.0144325 0.0006301365 0.11440211)
(0.015463393 0.00067514625 0.11440211)
(0.016494286 0.000720156 0.11440211)
(0.017525179 0.00076516575 0.11440211)
(0.018556072 0.0008101755 0.11440211)
(0.019586965 0.00085518525 0.11440211)
(0.020617857 0.000900195 0.11440211)
(0.02164875 0.00094520475 0.11440211)
(0.022679643 0.0009902145 0.11440211)
(0.023710536 0.0010352243 0.11440211)
(0.024741429 0.001080234 0.11440211)
(0.025772322 0.0011252437 0.11440211)
(0.026803215 0.0011702535 0.11440211)
(0.027834108 0.0012152632 0.11440211)
(0.028865001 0.001260273 0.11440211)
(0.029895893 0.0013052828 0.11440211)
(0.030926786 0.0013502925 0.11440211)
(0.031957679 0.0013953023 0.11440211)
(0.032988572 0.001440312 0.11440211)
(0.034019465 0.0014853217 0.11440211)
(0.035050358 0.0015303315 0.11440211)
(0.036081251 0.0015753412 0.11440211)
(0.037112143 0.001620351 0.11440211)
(0.038143036 0.0016653608 0.11440211)
(0.039173929 0.0017103705 0.11440211)
(0.040204822 0.0017553803 0.11440211)
(0.041235715 0.00180039 0.11440211)
(0 0 0.11453333)
(0.0010308929 -4.500975e-05 0.11453333)
(0.0020617858 -9.00195e-05 0.11453333)
(0.0030926786 -0.00013502925 0.11453333)
(0.0041235715 -0.000180039 0.11453333)
(0.0051544644 -0.00022504875 0.11453333)
(0.0061853572 -0.0002700585 0.11453333)
(0.0072162501 -0.00031506825 0.11453333)
(0.008247143 -0.000360078 0.11453333)
(0.0092780359 -0.00040508775 0.11453333)
(0.010308929 -0.0004500975 0.11453333)
(0.011339822 -0.00049510725 0.11453333)
(0.012370714 -0.000540117 0.11453333)
(0.013401607 -0.00058512675 0.11453333)
(0.0144325 -0.0006301365 0.11453333)
(0.015463393 -0.00067514625 0.11453333)
(0.016494286 -0.000720156 0.11453333)
(0.017525179 -0.00076516575 0.11453333)
(0.018556072 -0.0008101755 0.11453333)
(0.019586965 -0.00085518525 0.11453333)
(0.020617857 -0.000900195 0.11453333)
(0.02164875 -0.00094520475 0.11453333)
(0.022679643 -0.0009902145 0.11453333)
(0.023710536 -0.0010352243 0.11453333)
(0.024741429 -0.001080234 0.11453333)
(0.025772322 -0.0011252437 0.11453333)
(0.026803215 -0.0011702535 0.11453333)
(0.027834108 -0.0012152632 0.11453333)
(0.028865001 -0.001260273 0.11453333)
(0.029895893 -0.0013052828 0.11453333)
(0.030926786 -0.0013502925 0.11453333)
(0.031957679 -0.0013953023 0.11453333)
(0.032988572 -0.001440312 0.11453333)
(0.034019465 -0.0014853217 0.11453333)
(0.035050358 -0.0015303315 0.11453333)
(0.036081251 -0.0015753412 0.11453333)
(0.037112143 -0.001620351 0.11453333)
(0.038143036 -0.0016653608 0.11453333)
(0.039173929 -0.0017103705 0.11453333)
(0.040204822 -0.0017553803 0.11453333)
(0.041235715 -0.00180039 0.11453333)
(0.0010308929 4.500975e-05 0.11453333)
(0.0020617858 9.00195e-05 0.11453333)
(0.0030926786 0.00013502925 0.11453333)
(0.0041235715 0.000180039 0.11453333)
(0.0051544644 0.00022504875 0.11453333)
(0.0061853572 0.0002700585 0.11453333)
(0.0072162501 0.00031506825 0.11453333)
(0.008247143 0.000360078 0.11453333)
(0.0092780359 0.00040508775 0.11453333)
(0.010308929 0.0004500975 0.11453333)
(0.011339822 0.00049510725 0.11453333)
(0.012370714 0.000540117 0.11453333)
(0.013401607 0.00058512675 0.11453333)
(0.0144325 0.0006301365 0.11453333)
(0.015463393 0.00067514625 0.11453333)
(0.016494286 0.000720156 0.11453333)
(0.017525179 0.00076516575 0.11453333)
(0.018556072 0.0008101755 0.11453333)
(0.019586965 0.00085518525 0.11453333)
(0.020617857 0.000900195 0.11453333)
(0.02164875 0.00094520475 0.11453333)
(0.022679643 0.0009902145 0.11453333)
(0.023710536 0.0010352243 0.11453333)
(0.024741429 0.001080234 0.11453333)
(0.025772322 0.0011252437 0.11453333)
(0.026803215 0.0011702535 0.11453333)
(0.027834108 0.0012152632 0.11453333)
(0.028865001 0.001260273 0.11453333)
(0.029895893 0.0013052828 0.11453333)
(0.030926786 0.0013502925 0.11453333)
(0.031957679 0.0013953023 0.11453333)
(0.032988572 0.001440312 0.11453333)
(0.034019465 0.0014853217 0.11453333)
(0.035050358 0.0015303315 0.11453333)
(0.036081251 0.0015753412 0.11453333)
(0.037112143 0.001620351 0.11453333)
(0.038143036 0.0016653608 0.11453333)
(0.039173929 0.0017103705 0.11453333)
(0.040204822 0.0017553803 0.11453333)
(0.041235715 0.00180039 0.11453333)
(0 0 0.11466456)
(0.0010308929 -4.500975e-05 0.11466456)
(0.0020617858 -9.00195e-05 0.11466456)
(0.0030926786 -0.00013502925 0.11466456)
(0.0041235715 -0.000180039 0.11466456)
(0.0051544644 -0.00022504875 0.11466456)
(0.0061853572 -0.0002700585 0.11466456)
(0.0072162501 -0.00031506825 0.11466456)
(0.008247143 -0.000360078 0.11466456)
(0.0092780359 -0.00040508775 0.11466456)
(0.010308929 -0.0004500975 0.11466456)
(0.011339822 -0.00049510725 0.11466456)
(0.012370714 -0.000540117 0.11466456)
(0.013401607 -0.00058512675 0.11466456)
(0.0144325 -0.0006301365 0.11466456)
(0.015463393 -0.00067514625 0.11466456)
(0.016494286 -0.000720156 0.11466456)
(0.017525179 -0.00076516575 0.11466456)
(0.018556072 -0.0008101755 0.11466456)
(0.019586965 -0.00085518525 0.11466456)
(0.020617857 -0.000900195 0.11466456)
(0.02164875 -0.00094520475 0.11466456)
(0.022679643 -0.0009902145 0.11466456)
(0.023710536 -0.0010352243 0.11466456)
(0.024741429 -0.001080234 0.11466456)
(0.025772322 -0.0011252437 0.11466456)
(0.026803215 -0.0011702535 0.11466456)
(0.027834108 -0.0012152632 0.11466456)
(0.028865001 -0.001260273 0.11466456)
(0.029895893 -0.0013052828 0.11466456)
(0.030926786 -0.0013502925 0.11466456)
(0.031957679 -0.0013953023 0.11466456)
(0.032988572 -0.001440312 0.11466456)
(0.034019465 -0.0014853217 0.11466456)
(0.035050358 -0.0015303315 0.11466456)
(0.036081251 -0.0015753412 0.11466456)
(0.037112143 -0.001620351 0.11466456)
(0.038143036 -0.0016653608 0.11466456)
(0.039173929 -0.0017103705 0.11466456)
(0.040204822 -0.0017553803 0.11466456)
(0.041235715 -0.00180039 0.11466456)
(0.0010308929 4.500975e-05 0.11466456)
(0.0020617858 9.00195e-05 0.11466456)
(0.0030926786 0.00013502925 0.11466456)
(0.0041235715 0.000180039 0.11466456)
(0.0051544644 0.00022504875 0.11466456)
(0.0061853572 0.0002700585 0.11466456)
(0.0072162501 0.00031506825 0.11466456)
(0.008247143 0.000360078 0.11466456)
(0.0092780359 0.00040508775 0.11466456)
(0.010308929 0.0004500975 0.11466456)
(0.011339822 0.00049510725 0.11466456)
(0.012370714 0.000540117 0.11466456)
(0.013401607 0.00058512675 0.11466456)
(0.0144325 0.0006301365 0.11466456)
(0.015463393 0.00067514625 0.11466456)
(0.016494286 0.000720156 0.11466456)
(0.017525179 0.00076516575 0.11466456)
(0.018556072 0.0008101755 0.11466456)
(0.019586965 0.00085518525 0.11466456)
(0.020617857 0.000900195 0.11466456)
(0.02164875 0.00094520475 0.11466456)
(0.022679643 0.0009902145 0.11466456)
(0.023710536 0.0010352243 0.11466456)
(0.024741429 0.001080234 0.11466456)
(0.025772322 0.0011252437 0.11466456)
(0.026803215 0.0011702535 0.11466456)
(0.027834108 0.0012152632 0.11466456)
(0.028865001 0.001260273 0.11466456)
(0.029895893 0.0013052828 0.11466456)
(0.030926786 0.0013502925 0.11466456)
(0.031957679 0.0013953023 0.11466456)
(0.032988572 0.001440312 0.11466456)
(0.034019465 0.0014853217 0.11466456)
(0.035050358 0.0015303315 0.11466456)
(0.036081251 0.0015753412 0.11466456)
(0.037112143 0.001620351 0.11466456)
(0.038143036 0.0016653608 0.11466456)
(0.039173929 0.0017103705 0.11466456)
(0.040204822 0.0017553803 0.11466456)
(0.041235715 0.00180039 0.11466456)
(0 0 0.11479579)
(0.0010308929 -4.500975e-05 0.11479579)
(0.0020617858 -9.00195e-05 0.11479579)
(0.0030926786 -0.00013502925 0.11479579)
(0.0041235715 -0.000180039 0.11479579)
(0.0051544644 -0.00022504875 0.11479579)
(0.0061853572 -0.0002700585 0.11479579)
(0.0072162501 -0.00031506825 0.11479579)
(0.008247143 -0.000360078 0.11479579)
(0.0092780359 -0.00040508775 0.11479579)
(0.010308929 -0.0004500975 0.11479579)
(0.011339822 -0.00049510725 0.11479579)
(0.012370714 -0.000540117 0.11479579)
(0.013401607 -0.00058512675 0.11479579)
(0.0144325 -0.0006301365 0.11479579)
(0.015463393 -0.00067514625 0.11479579)
(0.016494286 -0.000720156 0.11479579)
(0.017525179 -0.00076516575 0.11479579)
(0.018556072 -0.0008101755 0.11479579)
(0.019586965 -0.00085518525 0.11479579)
(0.020617857 -0.000900195 0.11479579)
(0.02164875 -0.00094520475 0.11479579)
(0.022679643 -0.0009902145 0.11479579)
(0.023710536 -0.0010352243 0.11479579)
(0.024741429 -0.001080234 0.11479579)
(0.025772322 -0.0011252437 0.11479579)
(0.026803215 -0.0011702535 0.11479579)
(0.027834108 -0.0012152632 0.11479579)
(0.028865001 -0.001260273 0.11479579)
(0.029895893 -0.0013052828 0.11479579)
(0.030926786 -0.0013502925 0.11479579)
(0.031957679 -0.0013953023 0.11479579)
(0.032988572 -0.001440312 0.11479579)
(0.034019465 -0.0014853217 0.11479579)
(0.035050358 -0.0015303315 0.11479579)
(0.036081251 -0.0015753412 0.11479579)
(0.037112143 -0.001620351 0.11479579)
(0.038143036 -0.0016653608 0.11479579)
(0.039173929 -0.0017103705 0.11479579)
(0.040204822 -0.0017553803 0.11479579)
(0.041235715 -0.00180039 0.11479579)
(0.0010308929 4.500975e-05 0.11479579)
(0.0020617858 9.00195e-05 0.11479579)
(0.0030926786 0.00013502925 0.11479579)
(0.0041235715 0.000180039 0.11479579)
(0.0051544644 0.00022504875 0.11479579)
(0.0061853572 0.0002700585 0.11479579)
(0.0072162501 0.00031506825 0.11479579)
(0.008247143 0.000360078 0.11479579)
(0.0092780359 0.00040508775 0.11479579)
(0.010308929 0.0004500975 0.11479579)
(0.011339822 0.00049510725 0.11479579)
(0.012370714 0.000540117 0.11479579)
(0.013401607 0.00058512675 0.11479579)
(0.0144325 0.0006301365 0.11479579)
(0.015463393 0.00067514625 0.11479579)
(0.016494286 0.000720156 0.11479579)
(0.017525179 0.00076516575 0.11479579)
(0.018556072 0.0008101755 0.11479579)
(0.019586965 0.00085518525 0.11479579)
(0.020617857 0.000900195 0.11479579)
(0.02164875 0.00094520475 0.11479579)
(0.022679643 0.0009902145 0.11479579)
(0.023710536 0.0010352243 0.11479579)
(0.024741429 0.001080234 0.11479579)
(0.025772322 0.0011252437 0.11479579)
(0.026803215 0.0011702535 0.11479579)
(0.027834108 0.0012152632 0.11479579)
(0.028865001 0.001260273 0.11479579)
(0.029895893 0.0013052828 0.11479579)
(0.030926786 0.0013502925 0.11479579)
(0.031957679 0.0013953023 0.11479579)
(0.032988572 0.001440312 0.11479579)
(0.034019465 0.0014853217 0.11479579)
(0.035050358 0.0015303315 0.11479579)
(0.036081251 0.0015753412 0.11479579)
(0.037112143 0.001620351 0.11479579)
(0.038143036 0.0016653608 0.11479579)
(0.039173929 0.0017103705 0.11479579)
(0.040204822 0.0017553803 0.11479579)
(0.041235715 0.00180039 0.11479579)
(0 0 0.11492701)
(0.0010308929 -4.500975e-05 0.11492701)
(0.0020617858 -9.00195e-05 0.11492701)
(0.0030926786 -0.00013502925 0.11492701)
(0.0041235715 -0.000180039 0.11492701)
(0.0051544644 -0.00022504875 0.11492701)
(0.0061853572 -0.0002700585 0.11492701)
(0.0072162501 -0.00031506825 0.11492701)
(0.008247143 -0.000360078 0.11492701)
(0.0092780359 -0.00040508775 0.11492701)
(0.010308929 -0.0004500975 0.11492701)
(0.011339822 -0.00049510725 0.11492701)
(0.012370714 -0.000540117 0.11492701)
(0.013401607 -0.00058512675 0.11492701)
(0.0144325 -0.0006301365 0.11492701)
(0.015463393 -0.00067514625 0.11492701)
(0.016494286 -0.000720156 0.11492701)
(0.017525179 -0.00076516575 0.11492701)
(0.018556072 -0.0008101755 0.11492701)
(0.019586965 -0.00085518525 0.11492701)
(0.020617857 -0.000900195 0.11492701)
(0.02164875 -0.00094520475 0.11492701)
(0.022679643 -0.0009902145 0.11492701)
(0.023710536 -0.0010352243 0.11492701)
(0.024741429 -0.001080234 0.11492701)
(0.025772322 -0.0011252437 0.11492701)
(0.026803215 -0.0011702535 0.11492701)
(0.027834108 -0.0012152632 0.11492701)
(0.028865001 -0.001260273 0.11492701)
(0.029895893 -0.0013052828 0.11492701)
(0.030926786 -0.0013502925 0.11492701)
(0.031957679 -0.0013953023 0.11492701)
(0.032988572 -0.001440312 0.11492701)
(0.034019465 -0.0014853217 0.11492701)
(0.035050358 -0.0015303315 0.11492701)
(0.036081251 -0.0015753412 0.11492701)
(0.037112143 -0.001620351 0.11492701)
(0.038143036 -0.0016653608 0.11492701)
(0.039173929 -0.0017103705 0.11492701)
(0.040204822 -0.0017553803 0.11492701)
(0.041235715 -0.00180039 0.11492701)
(0.0010308929 4.500975e-05 0.11492701)
(0.0020617858 9.00195e-05 0.11492701)
(0.0030926786 0.00013502925 0.11492701)
(0.0041235715 0.000180039 0.11492701)
(0.0051544644 0.00022504875 0.11492701)
(0.0061853572 0.0002700585 0.11492701)
(0.0072162501 0.00031506825 0.11492701)
(0.008247143 0.000360078 0.11492701)
(0.0092780359 0.00040508775 0.11492701)
(0.010308929 0.0004500975 0.11492701)
(0.011339822 0.00049510725 0.11492701)
(0.012370714 0.000540117 0.11492701)
(0.013401607 0.00058512675 0.11492701)
(0.0144325 0.0006301365 0.11492701)
(0.015463393 0.00067514625 0.11492701)
(0.016494286 0.000720156 0.11492701)
(0.017525179 0.00076516575 0.11492701)
(0.018556072 0.0008101755 0.11492701)
(0.019586965 0.00085518525 0.11492701)
(0.020617857 0.000900195 0.11492701)
(0.02164875 0.00094520475 0.11492701)
(0.022679643 0.0009902145 0.11492701)
(0.023710536 0.0010352243 0.11492701)
(0.024741429 0.001080234 0.11492701)
(0.025772322 0.0011252437 0.11492701)
(0.026803215 0.0011702535 0.11492701)
(0.027834108 0.0012152632 0.11492701)
(0.028865001 0.001260273 0.11492701)
(0.029895893 0.0013052828 0.11492701)
(0.030926786 0.0013502925 0.11492701)
(0.031957679 0.0013953023 0.11492701)
(0.032988572 0.001440312 0.11492701)
(0.034019465 0.0014853217 0.11492701)
(0.035050358 0.0015303315 0.11492701)
(0.036081251 0.0015753412 0.11492701)
(0.037112143 0.001620351 0.11492701)
(0.038143036 0.0016653608 0.11492701)
(0.039173929 0.0017103705 0.11492701)
(0.040204822 0.0017553803 0.11492701)
(0.041235715 0.00180039 0.11492701)
(0 0 0.11505825)
(0.0010308929 -4.500975e-05 0.11505825)
(0.0020617858 -9.00195e-05 0.11505825)
(0.0030926786 -0.00013502925 0.11505825)
(0.0041235715 -0.000180039 0.11505825)
(0.0051544644 -0.00022504875 0.11505825)
(0.0061853572 -0.0002700585 0.11505825)
(0.0072162501 -0.00031506825 0.11505825)
(0.008247143 -0.000360078 0.11505825)
(0.0092780359 -0.00040508775 0.11505825)
(0.010308929 -0.0004500975 0.11505825)
(0.011339822 -0.00049510725 0.11505825)
(0.012370714 -0.000540117 0.11505825)
(0.013401607 -0.00058512675 0.11505825)
(0.0144325 -0.0006301365 0.11505825)
(0.015463393 -0.00067514625 0.11505825)
(0.016494286 -0.000720156 0.11505825)
(0.017525179 -0.00076516575 0.11505825)
(0.018556072 -0.0008101755 0.11505825)
(0.019586965 -0.00085518525 0.11505825)
(0.020617857 -0.000900195 0.11505825)
(0.02164875 -0.00094520475 0.11505825)
(0.022679643 -0.0009902145 0.11505825)
(0.023710536 -0.0010352243 0.11505825)
(0.024741429 -0.001080234 0.11505825)
(0.025772322 -0.0011252437 0.11505825)
(0.026803215 -0.0011702535 0.11505825)
(0.027834108 -0.0012152632 0.11505825)
(0.028865001 -0.001260273 0.11505825)
(0.029895893 -0.0013052828 0.11505825)
(0.030926786 -0.0013502925 0.11505825)
(0.031957679 -0.0013953023 0.11505825)
(0.032988572 -0.001440312 0.11505825)
(0.034019465 -0.0014853217 0.11505825)
(0.035050358 -0.0015303315 0.11505825)
(0.036081251 -0.0015753412 0.11505825)
(0.037112143 -0.001620351 0.11505825)
(0.038143036 -0.0016653608 0.11505825)
(0.039173929 -0.0017103705 0.11505825)
(0.040204822 -0.0017553803 0.11505825)
(0.041235715 -0.00180039 0.11505825)
(0.0010308929 4.500975e-05 0.11505825)
(0.0020617858 9.00195e-05 0.11505825)
(0.0030926786 0.00013502925 0.11505825)
(0.0041235715 0.000180039 0.11505825)
(0.0051544644 0.00022504875 0.11505825)
(0.0061853572 0.0002700585 0.11505825)
(0.0072162501 0.00031506825 0.11505825)
(0.008247143 0.000360078 0.11505825)
(0.0092780359 0.00040508775 0.11505825)
(0.010308929 0.0004500975 0.11505825)
(0.011339822 0.00049510725 0.11505825)
(0.012370714 0.000540117 0.11505825)
(0.013401607 0.00058512675 0.11505825)
(0.0144325 0.0006301365 0.11505825)
(0.015463393 0.00067514625 0.11505825)
(0.016494286 0.000720156 0.11505825)
(0.017525179 0.00076516575 0.11505825)
(0.018556072 0.0008101755 0.11505825)
(0.019586965 0.00085518525 0.11505825)
(0.020617857 0.000900195 0.11505825)
(0.02164875 0.00094520475 0.11505825)
(0.022679643 0.0009902145 0.11505825)
(0.023710536 0.0010352243 0.11505825)
(0.024741429 0.001080234 0.11505825)
(0.025772322 0.0011252437 0.11505825)
(0.026803215 0.0011702535 0.11505825)
(0.027834108 0.0012152632 0.11505825)
(0.028865001 0.001260273 0.11505825)
(0.029895893 0.0013052828 0.11505825)
(0.030926786 0.0013502925 0.11505825)
(0.031957679 0.0013953023 0.11505825)
(0.032988572 0.001440312 0.11505825)
(0.034019465 0.0014853217 0.11505825)
(0.035050358 0.0015303315 0.11505825)
(0.036081251 0.0015753412 0.11505825)
(0.037112143 0.001620351 0.11505825)
(0.038143036 0.0016653608 0.11505825)
(0.039173929 0.0017103705 0.11505825)
(0.040204822 0.0017553803 0.11505825)
(0.041235715 0.00180039 0.11505825)
(0 0 0.11518948)
(0.0010308929 -4.500975e-05 0.11518948)
(0.0020617858 -9.00195e-05 0.11518948)
(0.0030926786 -0.00013502925 0.11518948)
(0.0041235715 -0.000180039 0.11518948)
(0.0051544644 -0.00022504875 0.11518948)
(0.0061853572 -0.0002700585 0.11518948)
(0.0072162501 -0.00031506825 0.11518948)
(0.008247143 -0.000360078 0.11518948)
(0.0092780359 -0.00040508775 0.11518948)
(0.010308929 -0.0004500975 0.11518948)
(0.011339822 -0.00049510725 0.11518948)
(0.012370714 -0.000540117 0.11518948)
(0.013401607 -0.00058512675 0.11518948)
(0.0144325 -0.0006301365 0.11518948)
(0.015463393 -0.00067514625 0.11518948)
(0.016494286 -0.000720156 0.11518948)
(0.017525179 -0.00076516575 0.11518948)
(0.018556072 -0.0008101755 0.11518948)
(0.019586965 -0.00085518525 0.11518948)
(0.020617857 -0.000900195 0.11518948)
(0.02164875 -0.00094520475 0.11518948)
(0.022679643 -0.0009902145 0.11518948)
(0.023710536 -0.0010352243 0.11518948)
(0.024741429 -0.001080234 0.11518948)
(0.025772322 -0.0011252437 0.11518948)
(0.026803215 -0.0011702535 0.11518948)
(0.027834108 -0.0012152632 0.11518948)
(0.028865001 -0.001260273 0.11518948)
(0.029895893 -0.0013052828 0.11518948)
(0.030926786 -0.0013502925 0.11518948)
(0.031957679 -0.0013953023 0.11518948)
(0.032988572 -0.001440312 0.11518948)
(0.034019465 -0.0014853217 0.11518948)
(0.035050358 -0.0015303315 0.11518948)
(0.036081251 -0.0015753412 0.11518948)
(0.037112143 -0.001620351 0.11518948)
(0.038143036 -0.0016653608 0.11518948)
(0.039173929 -0.0017103705 0.11518948)
(0.040204822 -0.0017553803 0.11518948)
(0.041235715 -0.00180039 0.11518948)
(0.0010308929 4.500975e-05 0.11518948)
(0.0020617858 9.00195e-05 0.11518948)
(0.0030926786 0.00013502925 0.11518948)
(0.0041235715 0.000180039 0.11518948)
(0.0051544644 0.00022504875 0.11518948)
(0.0061853572 0.0002700585 0.11518948)
(0.0072162501 0.00031506825 0.11518948)
(0.008247143 0.000360078 0.11518948)
(0.0092780359 0.00040508775 0.11518948)
(0.010308929 0.0004500975 0.11518948)
(0.011339822 0.00049510725 0.11518948)
(0.012370714 0.000540117 0.11518948)
(0.013401607 0.00058512675 0.11518948)
(0.0144325 0.0006301365 0.11518948)
(0.015463393 0.00067514625 0.11518948)
(0.016494286 0.000720156 0.11518948)
(0.017525179 0.00076516575 0.11518948)
(0.018556072 0.0008101755 0.11518948)
(0.019586965 0.00085518525 0.11518948)
(0.020617857 0.000900195 0.11518948)
(0.02164875 0.00094520475 0.11518948)
(0.022679643 0.0009902145 0.11518948)
(0.023710536 0.0010352243 0.11518948)
(0.024741429 0.001080234 0.11518948)
(0.025772322 0.0011252437 0.11518948)
(0.026803215 0.0011702535 0.11518948)
(0.027834108 0.0012152632 0.11518948)
(0.028865001 0.001260273 0.11518948)
(0.029895893 0.0013052828 0.11518948)
(0.030926786 0.0013502925 0.11518948)
(0.031957679 0.0013953023 0.11518948)
(0.032988572 0.001440312 0.11518948)
(0.034019465 0.0014853217 0.11518948)
(0.035050358 0.0015303315 0.11518948)
(0.036081251 0.0015753412 0.11518948)
(0.037112143 0.001620351 0.11518948)
(0.038143036 0.0016653608 0.11518948)
(0.039173929 0.0017103705 0.11518948)
(0.040204822 0.0017553803 0.11518948)
(0.041235715 0.00180039 0.11518948)
(0 0 0.1153207)
(0.0010308929 -4.500975e-05 0.1153207)
(0.0020617858 -9.00195e-05 0.1153207)
(0.0030926786 -0.00013502925 0.1153207)
(0.0041235715 -0.000180039 0.1153207)
(0.0051544644 -0.00022504875 0.1153207)
(0.0061853572 -0.0002700585 0.1153207)
(0.0072162501 -0.00031506825 0.1153207)
(0.008247143 -0.000360078 0.1153207)
(0.0092780359 -0.00040508775 0.1153207)
(0.010308929 -0.0004500975 0.1153207)
(0.011339822 -0.00049510725 0.1153207)
(0.012370714 -0.000540117 0.1153207)
(0.013401607 -0.00058512675 0.1153207)
(0.0144325 -0.0006301365 0.1153207)
(0.015463393 -0.00067514625 0.1153207)
(0.016494286 -0.000720156 0.1153207)
(0.017525179 -0.00076516575 0.1153207)
(0.018556072 -0.0008101755 0.1153207)
(0.019586965 -0.00085518525 0.1153207)
(0.020617857 -0.000900195 0.1153207)
(0.02164875 -0.00094520475 0.1153207)
(0.022679643 -0.0009902145 0.1153207)
(0.023710536 -0.0010352243 0.1153207)
(0.024741429 -0.001080234 0.1153207)
(0.025772322 -0.0011252437 0.1153207)
(0.026803215 -0.0011702535 0.1153207)
(0.027834108 -0.0012152632 0.1153207)
(0.028865001 -0.001260273 0.1153207)
(0.029895893 -0.0013052828 0.1153207)
(0.030926786 -0.0013502925 0.1153207)
(0.031957679 -0.0013953023 0.1153207)
(0.032988572 -0.001440312 0.1153207)
(0.034019465 -0.0014853217 0.1153207)
(0.035050358 -0.0015303315 0.1153207)
(0.036081251 -0.0015753412 0.1153207)
(0.037112143 -0.001620351 0.1153207)
(0.038143036 -0.0016653608 0.1153207)
(0.039173929 -0.0017103705 0.1153207)
(0.040204822 -0.0017553803 0.1153207)
(0.041235715 -0.00180039 0.1153207)
(0.0010308929 4.500975e-05 0.1153207)
(0.0020617858 9.00195e-05 0.1153207)
(0.0030926786 0.00013502925 0.1153207)
(0.0041235715 0.000180039 0.1153207)
(0.0051544644 0.00022504875 0.1153207)
(0.0061853572 0.0002700585 0.1153207)
(0.0072162501 0.00031506825 0.1153207)
(0.008247143 0.000360078 0.1153207)
(0.0092780359 0.00040508775 0.1153207)
(0.010308929 0.0004500975 0.1153207)
(0.011339822 0.00049510725 0.1153207)
(0.012370714 0.000540117 0.1153207)
(0.013401607 0.00058512675 0.1153207)
(0.0144325 0.0006301365 0.1153207)
(0.015463393 0.00067514625 0.1153207)
(0.016494286 0.000720156 0.1153207)
(0.017525179 0.00076516575 0.1153207)
(0.018556072 0.0008101755 0.1153207)
(0.019586965 0.00085518525 0.1153207)
(0.020617857 0.000900195 0.1153207)
(0.02164875 0.00094520475 0.1153207)
(0.022679643 0.0009902145 0.1153207)
(0.023710536 0.0010352243 0.1153207)
(0.024741429 0.001080234 0.1153207)
(0.025772322 0.0011252437 0.1153207)
(0.026803215 0.0011702535 0.1153207)
(0.027834108 0.0012152632 0.1153207)
(0.028865001 0.001260273 0.1153207)
(0.029895893 0.0013052828 0.1153207)
(0.030926786 0.0013502925 0.1153207)
(0.031957679 0.0013953023 0.1153207)
(0.032988572 0.001440312 0.1153207)
(0.034019465 0.0014853217 0.1153207)
(0.035050358 0.0015303315 0.1153207)
(0.036081251 0.0015753412 0.1153207)
(0.037112143 0.001620351 0.1153207)
(0.038143036 0.0016653608 0.1153207)
(0.039173929 0.0017103705 0.1153207)
(0.040204822 0.0017553803 0.1153207)
(0.041235715 0.00180039 0.1153207)
(0 0 0.11545193)
(0.0010308929 -4.500975e-05 0.11545193)
(0.0020617858 -9.00195e-05 0.11545193)
(0.0030926786 -0.00013502925 0.11545193)
(0.0041235715 -0.000180039 0.11545193)
(0.0051544644 -0.00022504875 0.11545193)
(0.0061853572 -0.0002700585 0.11545193)
(0.0072162501 -0.00031506825 0.11545193)
(0.008247143 -0.000360078 0.11545193)
(0.0092780359 -0.00040508775 0.11545193)
(0.010308929 -0.0004500975 0.11545193)
(0.011339822 -0.00049510725 0.11545193)
(0.012370714 -0.000540117 0.11545193)
(0.013401607 -0.00058512675 0.11545193)
(0.0144325 -0.0006301365 0.11545193)
(0.015463393 -0.00067514625 0.11545193)
(0.016494286 -0.000720156 0.11545193)
(0.017525179 -0.00076516575 0.11545193)
(0.018556072 -0.0008101755 0.11545193)
(0.019586965 -0.00085518525 0.11545193)
(0.020617857 -0.000900195 0.11545193)
(0.02164875 -0.00094520475 0.11545193)
(0.022679643 -0.0009902145 0.11545193)
(0.023710536 -0.0010352243 0.11545193)
(0.024741429 -0.001080234 0.11545193)
(0.025772322 -0.0011252437 0.11545193)
(0.026803215 -0.0011702535 0.11545193)
(0.027834108 -0.0012152632 0.11545193)
(0.028865001 -0.001260273 0.11545193)
(0.029895893 -0.0013052828 0.11545193)
(0.030926786 -0.0013502925 0.11545193)
(0.031957679 -0.0013953023 0.11545193)
(0.032988572 -0.001440312 0.11545193)
(0.034019465 -0.0014853217 0.11545193)
(0.035050358 -0.0015303315 0.11545193)
(0.036081251 -0.0015753412 0.11545193)
(0.037112143 -0.001620351 0.11545193)
(0.038143036 -0.0016653608 0.11545193)
(0.039173929 -0.0017103705 0.11545193)
(0.040204822 -0.0017553803 0.11545193)
(0.041235715 -0.00180039 0.11545193)
(0.0010308929 4.500975e-05 0.11545193)
(0.0020617858 9.00195e-05 0.11545193)
(0.0030926786 0.00013502925 0.11545193)
(0.0041235715 0.000180039 0.11545193)
(0.0051544644 0.00022504875 0.11545193)
(0.0061853572 0.0002700585 0.11545193)
(0.0072162501 0.00031506825 0.11545193)
(0.008247143 0.000360078 0.11545193)
(0.0092780359 0.00040508775 0.11545193)
(0.010308929 0.0004500975 0.11545193)
(0.011339822 0.00049510725 0.11545193)
(0.012370714 0.000540117 0.11545193)
(0.013401607 0.00058512675 0.11545193)
(0.0144325 0.0006301365 0.11545193)
(0.015463393 0.00067514625 0.11545193)
(0.016494286 0.000720156 0.11545193)
(0.017525179 0.00076516575 0.11545193)
(0.018556072 0.0008101755 0.11545193)
(0.019586965 0.00085518525 0.11545193)
(0.020617857 0.000900195 0.11545193)
(0.02164875 0.00094520475 0.11545193)
(0.022679643 0.0009902145 0.11545193)
(0.023710536 0.0010352243 0.11545193)
(0.024741429 0.001080234 0.11545193)
(0.025772322 0.0011252437 0.11545193)
(0.026803215 0.0011702535 0.11545193)
(0.027834108 0.0012152632 0.11545193)
(0.028865001 0.001260273 0.11545193)
(0.029895893 0.0013052828 0.11545193)
(0.030926786 0.0013502925 0.11545193)
(0.031957679 0.0013953023 0.11545193)
(0.032988572 0.001440312 0.11545193)
(0.034019465 0.0014853217 0.11545193)
(0.035050358 0.0015303315 0.11545193)
(0.036081251 0.0015753412 0.11545193)
(0.037112143 0.001620351 0.11545193)
(0.038143036 0.0016653608 0.11545193)
(0.039173929 0.0017103705 0.11545193)
(0.040204822 0.0017553803 0.11545193)
(0.041235715 0.00180039 0.11545193)
(0 0 0.11558316)
(0.0010308929 -4.500975e-05 0.11558316)
(0.0020617858 -9.00195e-05 0.11558316)
(0.0030926786 -0.00013502925 0.11558316)
(0.0041235715 -0.000180039 0.11558316)
(0.0051544644 -0.00022504875 0.11558316)
(0.0061853572 -0.0002700585 0.11558316)
(0.0072162501 -0.00031506825 0.11558316)
(0.008247143 -0.000360078 0.11558316)
(0.0092780359 -0.00040508775 0.11558316)
(0.010308929 -0.0004500975 0.11558316)
(0.011339822 -0.00049510725 0.11558316)
(0.012370714 -0.000540117 0.11558316)
(0.013401607 -0.00058512675 0.11558316)
(0.0144325 -0.0006301365 0.11558316)
(0.015463393 -0.00067514625 0.11558316)
(0.016494286 -0.000720156 0.11558316)
(0.017525179 -0.00076516575 0.11558316)
(0.018556072 -0.0008101755 0.11558316)
(0.019586965 -0.00085518525 0.11558316)
(0.020617857 -0.000900195 0.11558316)
(0.02164875 -0.00094520475 0.11558316)
(0.022679643 -0.0009902145 0.11558316)
(0.023710536 -0.0010352243 0.11558316)
(0.024741429 -0.001080234 0.11558316)
(0.025772322 -0.0011252437 0.11558316)
(0.026803215 -0.0011702535 0.11558316)
(0.027834108 -0.0012152632 0.11558316)
(0.028865001 -0.001260273 0.11558316)
(0.029895893 -0.0013052828 0.11558316)
(0.030926786 -0.0013502925 0.11558316)
(0.031957679 -0.0013953023 0.11558316)
(0.032988572 -0.001440312 0.11558316)
(0.034019465 -0.0014853217 0.11558316)
(0.035050358 -0.0015303315 0.11558316)
(0.036081251 -0.0015753412 0.11558316)
(0.037112143 -0.001620351 0.11558316)
(0.038143036 -0.0016653608 0.11558316)
(0.039173929 -0.0017103705 0.11558316)
(0.040204822 -0.0017553803 0.11558316)
(0.041235715 -0.00180039 0.11558316)
(0.0010308929 4.500975e-05 0.11558316)
(0.0020617858 9.00195e-05 0.11558316)
(0.0030926786 0.00013502925 0.11558316)
(0.0041235715 0.000180039 0.11558316)
(0.0051544644 0.00022504875 0.11558316)
(0.0061853572 0.0002700585 0.11558316)
(0.0072162501 0.00031506825 0.11558316)
(0.008247143 0.000360078 0.11558316)
(0.0092780359 0.00040508775 0.11558316)
(0.010308929 0.0004500975 0.11558316)
(0.011339822 0.00049510725 0.11558316)
(0.012370714 0.000540117 0.11558316)
(0.013401607 0.00058512675 0.11558316)
(0.0144325 0.0006301365 0.11558316)
(0.015463393 0.00067514625 0.11558316)
(0.016494286 0.000720156 0.11558316)
(0.017525179 0.00076516575 0.11558316)
(0.018556072 0.0008101755 0.11558316)
(0.019586965 0.00085518525 0.11558316)
(0.020617857 0.000900195 0.11558316)
(0.02164875 0.00094520475 0.11558316)
(0.022679643 0.0009902145 0.11558316)
(0.023710536 0.0010352243 0.11558316)
(0.024741429 0.001080234 0.11558316)
(0.025772322 0.0011252437 0.11558316)
(0.026803215 0.0011702535 0.11558316)
(0.027834108 0.0012152632 0.11558316)
(0.028865001 0.001260273 0.11558316)
(0.029895893 0.0013052828 0.11558316)
(0.030926786 0.0013502925 0.11558316)
(0.031957679 0.0013953023 0.11558316)
(0.032988572 0.001440312 0.11558316)
(0.034019465 0.0014853217 0.11558316)
(0.035050358 0.0015303315 0.11558316)
(0.036081251 0.0015753412 0.11558316)
(0.037112143 0.001620351 0.11558316)
(0.038143036 0.0016653608 0.11558316)
(0.039173929 0.0017103705 0.11558316)
(0.040204822 0.0017553803 0.11558316)
(0.041235715 0.00180039 0.11558316)
(0 0 0.11571438)
(0.0010308929 -4.500975e-05 0.11571438)
(0.0020617858 -9.00195e-05 0.11571438)
(0.0030926786 -0.00013502925 0.11571438)
(0.0041235715 -0.000180039 0.11571438)
(0.0051544644 -0.00022504875 0.11571438)
(0.0061853572 -0.0002700585 0.11571438)
(0.0072162501 -0.00031506825 0.11571438)
(0.008247143 -0.000360078 0.11571438)
(0.0092780359 -0.00040508775 0.11571438)
(0.010308929 -0.0004500975 0.11571438)
(0.011339822 -0.00049510725 0.11571438)
(0.012370714 -0.000540117 0.11571438)
(0.013401607 -0.00058512675 0.11571438)
(0.0144325 -0.0006301365 0.11571438)
(0.015463393 -0.00067514625 0.11571438)
(0.016494286 -0.000720156 0.11571438)
(0.017525179 -0.00076516575 0.11571438)
(0.018556072 -0.0008101755 0.11571438)
(0.019586965 -0.00085518525 0.11571438)
(0.020617857 -0.000900195 0.11571438)
(0.02164875 -0.00094520475 0.11571438)
(0.022679643 -0.0009902145 0.11571438)
(0.023710536 -0.0010352243 0.11571438)
(0.024741429 -0.001080234 0.11571438)
(0.025772322 -0.0011252437 0.11571438)
(0.026803215 -0.0011702535 0.11571438)
(0.027834108 -0.0012152632 0.11571438)
(0.028865001 -0.001260273 0.11571438)
(0.029895893 -0.0013052828 0.11571438)
(0.030926786 -0.0013502925 0.11571438)
(0.031957679 -0.0013953023 0.11571438)
(0.032988572 -0.001440312 0.11571438)
(0.034019465 -0.0014853217 0.11571438)
(0.035050358 -0.0015303315 0.11571438)
(0.036081251 -0.0015753412 0.11571438)
(0.037112143 -0.001620351 0.11571438)
(0.038143036 -0.0016653608 0.11571438)
(0.039173929 -0.0017103705 0.11571438)
(0.040204822 -0.0017553803 0.11571438)
(0.041235715 -0.00180039 0.11571438)
(0.0010308929 4.500975e-05 0.11571438)
(0.0020617858 9.00195e-05 0.11571438)
(0.0030926786 0.00013502925 0.11571438)
(0.0041235715 0.000180039 0.11571438)
(0.0051544644 0.00022504875 0.11571438)
(0.0061853572 0.0002700585 0.11571438)
(0.0072162501 0.00031506825 0.11571438)
(0.008247143 0.000360078 0.11571438)
(0.0092780359 0.00040508775 0.11571438)
(0.010308929 0.0004500975 0.11571438)
(0.011339822 0.00049510725 0.11571438)
(0.012370714 0.000540117 0.11571438)
(0.013401607 0.00058512675 0.11571438)
(0.0144325 0.0006301365 0.11571438)
(0.015463393 0.00067514625 0.11571438)
(0.016494286 0.000720156 0.11571438)
(0.017525179 0.00076516575 0.11571438)
(0.018556072 0.0008101755 0.11571438)
(0.019586965 0.00085518525 0.11571438)
(0.020617857 0.000900195 0.11571438)
(0.02164875 0.00094520475 0.11571438)
(0.022679643 0.0009902145 0.11571438)
(0.023710536 0.0010352243 0.11571438)
(0.024741429 0.001080234 0.11571438)
(0.025772322 0.0011252437 0.11571438)
(0.026803215 0.0011702535 0.11571438)
(0.027834108 0.0012152632 0.11571438)
(0.028865001 0.001260273 0.11571438)
(0.029895893 0.0013052828 0.11571438)
(0.030926786 0.0013502925 0.11571438)
(0.031957679 0.0013953023 0.11571438)
(0.032988572 0.001440312 0.11571438)
(0.034019465 0.0014853217 0.11571438)
(0.035050358 0.0015303315 0.11571438)
(0.036081251 0.0015753412 0.11571438)
(0.037112143 0.001620351 0.11571438)
(0.038143036 0.0016653608 0.11571438)
(0.039173929 0.0017103705 0.11571438)
(0.040204822 0.0017553803 0.11571438)
(0.041235715 0.00180039 0.11571438)
(0 0 0.11584561)
(0.0010308929 -4.500975e-05 0.11584561)
(0.0020617858 -9.00195e-05 0.11584561)
(0.0030926786 -0.00013502925 0.11584561)
(0.0041235715 -0.000180039 0.11584561)
(0.0051544644 -0.00022504875 0.11584561)
(0.0061853572 -0.0002700585 0.11584561)
(0.0072162501 -0.00031506825 0.11584561)
(0.008247143 -0.000360078 0.11584561)
(0.0092780359 -0.00040508775 0.11584561)
(0.010308929 -0.0004500975 0.11584561)
(0.011339822 -0.00049510725 0.11584561)
(0.012370714 -0.000540117 0.11584561)
(0.013401607 -0.00058512675 0.11584561)
(0.0144325 -0.0006301365 0.11584561)
(0.015463393 -0.00067514625 0.11584561)
(0.016494286 -0.000720156 0.11584561)
(0.017525179 -0.00076516575 0.11584561)
(0.018556072 -0.0008101755 0.11584561)
(0.019586965 -0.00085518525 0.11584561)
(0.020617857 -0.000900195 0.11584561)
(0.02164875 -0.00094520475 0.11584561)
(0.022679643 -0.0009902145 0.11584561)
(0.023710536 -0.0010352243 0.11584561)
(0.024741429 -0.001080234 0.11584561)
(0.025772322 -0.0011252437 0.11584561)
(0.026803215 -0.0011702535 0.11584561)
(0.027834108 -0.0012152632 0.11584561)
(0.028865001 -0.001260273 0.11584561)
(0.029895893 -0.0013052828 0.11584561)
(0.030926786 -0.0013502925 0.11584561)
(0.031957679 -0.0013953023 0.11584561)
(0.032988572 -0.001440312 0.11584561)
(0.034019465 -0.0014853217 0.11584561)
(0.035050358 -0.0015303315 0.11584561)
(0.036081251 -0.0015753412 0.11584561)
(0.037112143 -0.001620351 0.11584561)
(0.038143036 -0.0016653608 0.11584561)
(0.039173929 -0.0017103705 0.11584561)
(0.040204822 -0.0017553803 0.11584561)
(0.041235715 -0.00180039 0.11584561)
(0.0010308929 4.500975e-05 0.11584561)
(0.0020617858 9.00195e-05 0.11584561)
(0.0030926786 0.00013502925 0.11584561)
(0.0041235715 0.000180039 0.11584561)
(0.0051544644 0.00022504875 0.11584561)
(0.0061853572 0.0002700585 0.11584561)
(0.0072162501 0.00031506825 0.11584561)
(0.008247143 0.000360078 0.11584561)
(0.0092780359 0.00040508775 0.11584561)
(0.010308929 0.0004500975 0.11584561)
(0.011339822 0.00049510725 0.11584561)
(0.012370714 0.000540117 0.11584561)
(0.013401607 0.00058512675 0.11584561)
(0.0144325 0.0006301365 0.11584561)
(0.015463393 0.00067514625 0.11584561)
(0.016494286 0.000720156 0.11584561)
(0.017525179 0.00076516575 0.11584561)
(0.018556072 0.0008101755 0.11584561)
(0.019586965 0.00085518525 0.11584561)
(0.020617857 0.000900195 0.11584561)
(0.02164875 0.00094520475 0.11584561)
(0.022679643 0.0009902145 0.11584561)
(0.023710536 0.0010352243 0.11584561)
(0.024741429 0.001080234 0.11584561)
(0.025772322 0.0011252437 0.11584561)
(0.026803215 0.0011702535 0.11584561)
(0.027834108 0.0012152632 0.11584561)
(0.028865001 0.001260273 0.11584561)
(0.029895893 0.0013052828 0.11584561)
(0.030926786 0.0013502925 0.11584561)
(0.031957679 0.0013953023 0.11584561)
(0.032988572 0.001440312 0.11584561)
(0.034019465 0.0014853217 0.11584561)
(0.035050358 0.0015303315 0.11584561)
(0.036081251 0.0015753412 0.11584561)
(0.037112143 0.001620351 0.11584561)
(0.038143036 0.0016653608 0.11584561)
(0.039173929 0.0017103705 0.11584561)
(0.040204822 0.0017553803 0.11584561)
(0.041235715 0.00180039 0.11584561)
(0 0 0.11597684)
(0.0010308929 -4.500975e-05 0.11597684)
(0.0020617858 -9.00195e-05 0.11597684)
(0.0030926786 -0.00013502925 0.11597684)
(0.0041235715 -0.000180039 0.11597684)
(0.0051544644 -0.00022504875 0.11597684)
(0.0061853572 -0.0002700585 0.11597684)
(0.0072162501 -0.00031506825 0.11597684)
(0.008247143 -0.000360078 0.11597684)
(0.0092780359 -0.00040508775 0.11597684)
(0.010308929 -0.0004500975 0.11597684)
(0.011339822 -0.00049510725 0.11597684)
(0.012370714 -0.000540117 0.11597684)
(0.013401607 -0.00058512675 0.11597684)
(0.0144325 -0.0006301365 0.11597684)
(0.015463393 -0.00067514625 0.11597684)
(0.016494286 -0.000720156 0.11597684)
(0.017525179 -0.00076516575 0.11597684)
(0.018556072 -0.0008101755 0.11597684)
(0.019586965 -0.00085518525 0.11597684)
(0.020617857 -0.000900195 0.11597684)
(0.02164875 -0.00094520475 0.11597684)
(0.022679643 -0.0009902145 0.11597684)
(0.023710536 -0.0010352243 0.11597684)
(0.024741429 -0.001080234 0.11597684)
(0.025772322 -0.0011252437 0.11597684)
(0.026803215 -0.0011702535 0.11597684)
(0.027834108 -0.0012152632 0.11597684)
(0.028865001 -0.001260273 0.11597684)
(0.029895893 -0.0013052828 0.11597684)
(0.030926786 -0.0013502925 0.11597684)
(0.031957679 -0.0013953023 0.11597684)
(0.032988572 -0.001440312 0.11597684)
(0.034019465 -0.0014853217 0.11597684)
(0.035050358 -0.0015303315 0.11597684)
(0.036081251 -0.0015753412 0.11597684)
(0.037112143 -0.001620351 0.11597684)
(0.038143036 -0.0016653608 0.11597684)
(0.039173929 -0.0017103705 0.11597684)
(0.040204822 -0.0017553803 0.11597684)
(0.041235715 -0.00180039 0.11597684)
(0.0010308929 4.500975e-05 0.11597684)
(0.0020617858 9.00195e-05 0.11597684)
(0.0030926786 0.00013502925 0.11597684)
(0.0041235715 0.000180039 0.11597684)
(0.0051544644 0.00022504875 0.11597684)
(0.0061853572 0.0002700585 0.11597684)
(0.0072162501 0.00031506825 0.11597684)
(0.008247143 0.000360078 0.11597684)
(0.0092780359 0.00040508775 0.11597684)
(0.010308929 0.0004500975 0.11597684)
(0.011339822 0.00049510725 0.11597684)
(0.012370714 0.000540117 0.11597684)
(0.013401607 0.00058512675 0.11597684)
(0.0144325 0.0006301365 0.11597684)
(0.015463393 0.00067514625 0.11597684)
(0.016494286 0.000720156 0.11597684)
(0.017525179 0.00076516575 0.11597684)
(0.018556072 0.0008101755 0.11597684)
(0.019586965 0.00085518525 0.11597684)
(0.020617857 0.000900195 0.11597684)
(0.02164875 0.00094520475 0.11597684)
(0.022679643 0.0009902145 0.11597684)
(0.023710536 0.0010352243 0.11597684)
(0.024741429 0.001080234 0.11597684)
(0.025772322 0.0011252437 0.11597684)
(0.026803215 0.0011702535 0.11597684)
(0.027834108 0.0012152632 0.11597684)
(0.028865001 0.001260273 0.11597684)
(0.029895893 0.0013052828 0.11597684)
(0.030926786 0.0013502925 0.11597684)
(0.031957679 0.0013953023 0.11597684)
(0.032988572 0.001440312 0.11597684)
(0.034019465 0.0014853217 0.11597684)
(0.035050358 0.0015303315 0.11597684)
(0.036081251 0.0015753412 0.11597684)
(0.037112143 0.001620351 0.11597684)
(0.038143036 0.0016653608 0.11597684)
(0.039173929 0.0017103705 0.11597684)
(0.040204822 0.0017553803 0.11597684)
(0.041235715 0.00180039 0.11597684)
(0 0 0.11610807)
(0.0010308929 -4.500975e-05 0.11610807)
(0.0020617858 -9.00195e-05 0.11610807)
(0.0030926786 -0.00013502925 0.11610807)
(0.0041235715 -0.000180039 0.11610807)
(0.0051544644 -0.00022504875 0.11610807)
(0.0061853572 -0.0002700585 0.11610807)
(0.0072162501 -0.00031506825 0.11610807)
(0.008247143 -0.000360078 0.11610807)
(0.0092780359 -0.00040508775 0.11610807)
(0.010308929 -0.0004500975 0.11610807)
(0.011339822 -0.00049510725 0.11610807)
(0.012370714 -0.000540117 0.11610807)
(0.013401607 -0.00058512675 0.11610807)
(0.0144325 -0.0006301365 0.11610807)
(0.015463393 -0.00067514625 0.11610807)
(0.016494286 -0.000720156 0.11610807)
(0.017525179 -0.00076516575 0.11610807)
(0.018556072 -0.0008101755 0.11610807)
(0.019586965 -0.00085518525 0.11610807)
(0.020617857 -0.000900195 0.11610807)
(0.02164875 -0.00094520475 0.11610807)
(0.022679643 -0.0009902145 0.11610807)
(0.023710536 -0.0010352243 0.11610807)
(0.024741429 -0.001080234 0.11610807)
(0.025772322 -0.0011252437 0.11610807)
(0.026803215 -0.0011702535 0.11610807)
(0.027834108 -0.0012152632 0.11610807)
(0.028865001 -0.001260273 0.11610807)
(0.029895893 -0.0013052828 0.11610807)
(0.030926786 -0.0013502925 0.11610807)
(0.031957679 -0.0013953023 0.11610807)
(0.032988572 -0.001440312 0.11610807)
(0.034019465 -0.0014853217 0.11610807)
(0.035050358 -0.0015303315 0.11610807)
(0.036081251 -0.0015753412 0.11610807)
(0.037112143 -0.001620351 0.11610807)
(0.038143036 -0.0016653608 0.11610807)
(0.039173929 -0.0017103705 0.11610807)
(0.040204822 -0.0017553803 0.11610807)
(0.041235715 -0.00180039 0.11610807)
(0.0010308929 4.500975e-05 0.11610807)
(0.0020617858 9.00195e-05 0.11610807)
(0.0030926786 0.00013502925 0.11610807)
(0.0041235715 0.000180039 0.11610807)
(0.0051544644 0.00022504875 0.11610807)
(0.0061853572 0.0002700585 0.11610807)
(0.0072162501 0.00031506825 0.11610807)
(0.008247143 0.000360078 0.11610807)
(0.0092780359 0.00040508775 0.11610807)
(0.010308929 0.0004500975 0.11610807)
(0.011339822 0.00049510725 0.11610807)
(0.012370714 0.000540117 0.11610807)
(0.013401607 0.00058512675 0.11610807)
(0.0144325 0.0006301365 0.11610807)
(0.015463393 0.00067514625 0.11610807)
(0.016494286 0.000720156 0.11610807)
(0.017525179 0.00076516575 0.11610807)
(0.018556072 0.0008101755 0.11610807)
(0.019586965 0.00085518525 0.11610807)
(0.020617857 0.000900195 0.11610807)
(0.02164875 0.00094520475 0.11610807)
(0.022679643 0.0009902145 0.11610807)
(0.023710536 0.0010352243 0.11610807)
(0.024741429 0.001080234 0.11610807)
(0.025772322 0.0011252437 0.11610807)
(0.026803215 0.0011702535 0.11610807)
(0.027834108 0.0012152632 0.11610807)
(0.028865001 0.001260273 0.11610807)
(0.029895893 0.0013052828 0.11610807)
(0.030926786 0.0013502925 0.11610807)
(0.031957679 0.0013953023 0.11610807)
(0.032988572 0.001440312 0.11610807)
(0.034019465 0.0014853217 0.11610807)
(0.035050358 0.0015303315 0.11610807)
(0.036081251 0.0015753412 0.11610807)
(0.037112143 0.001620351 0.11610807)
(0.038143036 0.0016653608 0.11610807)
(0.039173929 0.0017103705 0.11610807)
(0.040204822 0.0017553803 0.11610807)
(0.041235715 0.00180039 0.11610807)
(0 0 0.1162393)
(0.0010308929 -4.500975e-05 0.1162393)
(0.0020617858 -9.00195e-05 0.1162393)
(0.0030926786 -0.00013502925 0.1162393)
(0.0041235715 -0.000180039 0.1162393)
(0.0051544644 -0.00022504875 0.1162393)
(0.0061853572 -0.0002700585 0.1162393)
(0.0072162501 -0.00031506825 0.1162393)
(0.008247143 -0.000360078 0.1162393)
(0.0092780359 -0.00040508775 0.1162393)
(0.010308929 -0.0004500975 0.1162393)
(0.011339822 -0.00049510725 0.1162393)
(0.012370714 -0.000540117 0.1162393)
(0.013401607 -0.00058512675 0.1162393)
(0.0144325 -0.0006301365 0.1162393)
(0.015463393 -0.00067514625 0.1162393)
(0.016494286 -0.000720156 0.1162393)
(0.017525179 -0.00076516575 0.1162393)
(0.018556072 -0.0008101755 0.1162393)
(0.019586965 -0.00085518525 0.1162393)
(0.020617857 -0.000900195 0.1162393)
(0.02164875 -0.00094520475 0.1162393)
(0.022679643 -0.0009902145 0.1162393)
(0.023710536 -0.0010352243 0.1162393)
(0.024741429 -0.001080234 0.1162393)
(0.025772322 -0.0011252437 0.1162393)
(0.026803215 -0.0011702535 0.1162393)
(0.027834108 -0.0012152632 0.1162393)
(0.028865001 -0.001260273 0.1162393)
(0.029895893 -0.0013052828 0.1162393)
(0.030926786 -0.0013502925 0.1162393)
(0.031957679 -0.0013953023 0.1162393)
(0.032988572 -0.001440312 0.1162393)
(0.034019465 -0.0014853217 0.1162393)
(0.035050358 -0.0015303315 0.1162393)
(0.036081251 -0.0015753412 0.1162393)
(0.037112143 -0.001620351 0.1162393)
(0.038143036 -0.0016653608 0.1162393)
(0.039173929 -0.0017103705 0.1162393)
(0.040204822 -0.0017553803 0.1162393)
(0.041235715 -0.00180039 0.1162393)
(0.0010308929 4.500975e-05 0.1162393)
(0.0020617858 9.00195e-05 0.1162393)
(0.0030926786 0.00013502925 0.1162393)
(0.0041235715 0.000180039 0.1162393)
(0.0051544644 0.00022504875 0.1162393)
(0.0061853572 0.0002700585 0.1162393)
(0.0072162501 0.00031506825 0.1162393)
(0.008247143 0.000360078 0.1162393)
(0.0092780359 0.00040508775 0.1162393)
(0.010308929 0.0004500975 0.1162393)
(0.011339822 0.00049510725 0.1162393)
(0.012370714 0.000540117 0.1162393)
(0.013401607 0.00058512675 0.1162393)
(0.0144325 0.0006301365 0.1162393)
(0.015463393 0.00067514625 0.1162393)
(0.016494286 0.000720156 0.1162393)
(0.017525179 0.00076516575 0.1162393)
(0.018556072 0.0008101755 0.1162393)
(0.019586965 0.00085518525 0.1162393)
(0.020617857 0.000900195 0.1162393)
(0.02164875 0.00094520475 0.1162393)
(0.022679643 0.0009902145 0.1162393)
(0.023710536 0.0010352243 0.1162393)
(0.024741429 0.001080234 0.1162393)
(0.025772322 0.0011252437 0.1162393)
(0.026803215 0.0011702535 0.1162393)
(0.027834108 0.0012152632 0.1162393)
(0.028865001 0.001260273 0.1162393)
(0.029895893 0.0013052828 0.1162393)
(0.030926786 0.0013502925 0.1162393)
(0.031957679 0.0013953023 0.1162393)
(0.032988572 0.001440312 0.1162393)
(0.034019465 0.0014853217 0.1162393)
(0.035050358 0.0015303315 0.1162393)
(0.036081251 0.0015753412 0.1162393)
(0.037112143 0.001620351 0.1162393)
(0.038143036 0.0016653608 0.1162393)
(0.039173929 0.0017103705 0.1162393)
(0.040204822 0.0017553803 0.1162393)
(0.041235715 0.00180039 0.1162393)
(0 0 0.11637053)
(0.0010308929 -4.500975e-05 0.11637053)
(0.0020617858 -9.00195e-05 0.11637053)
(0.0030926786 -0.00013502925 0.11637053)
(0.0041235715 -0.000180039 0.11637053)
(0.0051544644 -0.00022504875 0.11637053)
(0.0061853572 -0.0002700585 0.11637053)
(0.0072162501 -0.00031506825 0.11637053)
(0.008247143 -0.000360078 0.11637053)
(0.0092780359 -0.00040508775 0.11637053)
(0.010308929 -0.0004500975 0.11637053)
(0.011339822 -0.00049510725 0.11637053)
(0.012370714 -0.000540117 0.11637053)
(0.013401607 -0.00058512675 0.11637053)
(0.0144325 -0.0006301365 0.11637053)
(0.015463393 -0.00067514625 0.11637053)
(0.016494286 -0.000720156 0.11637053)
(0.017525179 -0.00076516575 0.11637053)
(0.018556072 -0.0008101755 0.11637053)
(0.019586965 -0.00085518525 0.11637053)
(0.020617857 -0.000900195 0.11637053)
(0.02164875 -0.00094520475 0.11637053)
(0.022679643 -0.0009902145 0.11637053)
(0.023710536 -0.0010352243 0.11637053)
(0.024741429 -0.001080234 0.11637053)
(0.025772322 -0.0011252437 0.11637053)
(0.026803215 -0.0011702535 0.11637053)
(0.027834108 -0.0012152632 0.11637053)
(0.028865001 -0.001260273 0.11637053)
(0.029895893 -0.0013052828 0.11637053)
(0.030926786 -0.0013502925 0.11637053)
(0.031957679 -0.0013953023 0.11637053)
(0.032988572 -0.001440312 0.11637053)
(0.034019465 -0.0014853217 0.11637053)
(0.035050358 -0.0015303315 0.11637053)
(0.036081251 -0.0015753412 0.11637053)
(0.037112143 -0.001620351 0.11637053)
(0.038143036 -0.0016653608 0.11637053)
(0.039173929 -0.0017103705 0.11637053)
(0.040204822 -0.0017553803 0.11637053)
(0.041235715 -0.00180039 0.11637053)
(0.0010308929 4.500975e-05 0.11637053)
(0.0020617858 9.00195e-05 0.11637053)
(0.0030926786 0.00013502925 0.11637053)
(0.0041235715 0.000180039 0.11637053)
(0.0051544644 0.00022504875 0.11637053)
(0.0061853572 0.0002700585 0.11637053)
(0.0072162501 0.00031506825 0.11637053)
(0.008247143 0.000360078 0.11637053)
(0.0092780359 0.00040508775 0.11637053)
(0.010308929 0.0004500975 0.11637053)
(0.011339822 0.00049510725 0.11637053)
(0.012370714 0.000540117 0.11637053)
(0.013401607 0.00058512675 0.11637053)
(0.0144325 0.0006301365 0.11637053)
(0.015463393 0.00067514625 0.11637053)
(0.016494286 0.000720156 0.11637053)
(0.017525179 0.00076516575 0.11637053)
(0.018556072 0.0008101755 0.11637053)
(0.019586965 0.00085518525 0.11637053)
(0.020617857 0.000900195 0.11637053)
(0.02164875 0.00094520475 0.11637053)
(0.022679643 0.0009902145 0.11637053)
(0.023710536 0.0010352243 0.11637053)
(0.024741429 0.001080234 0.11637053)
(0.025772322 0.0011252437 0.11637053)
(0.026803215 0.0011702535 0.11637053)
(0.027834108 0.0012152632 0.11637053)
(0.028865001 0.001260273 0.11637053)
(0.029895893 0.0013052828 0.11637053)
(0.030926786 0.0013502925 0.11637053)
(0.031957679 0.0013953023 0.11637053)
(0.032988572 0.001440312 0.11637053)
(0.034019465 0.0014853217 0.11637053)
(0.035050358 0.0015303315 0.11637053)
(0.036081251 0.0015753412 0.11637053)
(0.037112143 0.001620351 0.11637053)
(0.038143036 0.0016653608 0.11637053)
(0.039173929 0.0017103705 0.11637053)
(0.040204822 0.0017553803 0.11637053)
(0.041235715 0.00180039 0.11637053)
(0 0 0.11650175)
(0.0010308929 -4.500975e-05 0.11650175)
(0.0020617858 -9.00195e-05 0.11650175)
(0.0030926786 -0.00013502925 0.11650175)
(0.0041235715 -0.000180039 0.11650175)
(0.0051544644 -0.00022504875 0.11650175)
(0.0061853572 -0.0002700585 0.11650175)
(0.0072162501 -0.00031506825 0.11650175)
(0.008247143 -0.000360078 0.11650175)
(0.0092780359 -0.00040508775 0.11650175)
(0.010308929 -0.0004500975 0.11650175)
(0.011339822 -0.00049510725 0.11650175)
(0.012370714 -0.000540117 0.11650175)
(0.013401607 -0.00058512675 0.11650175)
(0.0144325 -0.0006301365 0.11650175)
(0.015463393 -0.00067514625 0.11650175)
(0.016494286 -0.000720156 0.11650175)
(0.017525179 -0.00076516575 0.11650175)
(0.018556072 -0.0008101755 0.11650175)
(0.019586965 -0.00085518525 0.11650175)
(0.020617857 -0.000900195 0.11650175)
(0.02164875 -0.00094520475 0.11650175)
(0.022679643 -0.0009902145 0.11650175)
(0.023710536 -0.0010352243 0.11650175)
(0.024741429 -0.001080234 0.11650175)
(0.025772322 -0.0011252437 0.11650175)
(0.026803215 -0.0011702535 0.11650175)
(0.027834108 -0.0012152632 0.11650175)
(0.028865001 -0.001260273 0.11650175)
(0.029895893 -0.0013052828 0.11650175)
(0.030926786 -0.0013502925 0.11650175)
(0.031957679 -0.0013953023 0.11650175)
(0.032988572 -0.001440312 0.11650175)
(0.034019465 -0.0014853217 0.11650175)
(0.035050358 -0.0015303315 0.11650175)
(0.036081251 -0.0015753412 0.11650175)
(0.037112143 -0.001620351 0.11650175)
(0.038143036 -0.0016653608 0.11650175)
(0.039173929 -0.0017103705 0.11650175)
(0.040204822 -0.0017553803 0.11650175)
(0.041235715 -0.00180039 0.11650175)
(0.0010308929 4.500975e-05 0.11650175)
(0.0020617858 9.00195e-05 0.11650175)
(0.0030926786 0.00013502925 0.11650175)
(0.0041235715 0.000180039 0.11650175)
(0.0051544644 0.00022504875 0.11650175)
(0.0061853572 0.0002700585 0.11650175)
(0.0072162501 0.00031506825 0.11650175)
(0.008247143 0.000360078 0.11650175)
(0.0092780359 0.00040508775 0.11650175)
(0.010308929 0.0004500975 0.11650175)
(0.011339822 0.00049510725 0.11650175)
(0.012370714 0.000540117 0.11650175)
(0.013401607 0.00058512675 0.11650175)
(0.0144325 0.0006301365 0.11650175)
(0.015463393 0.00067514625 0.11650175)
(0.016494286 0.000720156 0.11650175)
(0.017525179 0.00076516575 0.11650175)
(0.018556072 0.0008101755 0.11650175)
(0.019586965 0.00085518525 0.11650175)
(0.020617857 0.000900195 0.11650175)
(0.02164875 0.00094520475 0.11650175)
(0.022679643 0.0009902145 0.11650175)
(0.023710536 0.0010352243 0.11650175)
(0.024741429 0.001080234 0.11650175)
(0.025772322 0.0011252437 0.11650175)
(0.026803215 0.0011702535 0.11650175)
(0.027834108 0.0012152632 0.11650175)
(0.028865001 0.001260273 0.11650175)
(0.029895893 0.0013052828 0.11650175)
(0.030926786 0.0013502925 0.11650175)
(0.031957679 0.0013953023 0.11650175)
(0.032988572 0.001440312 0.11650175)
(0.034019465 0.0014853217 0.11650175)
(0.035050358 0.0015303315 0.11650175)
(0.036081251 0.0015753412 0.11650175)
(0.037112143 0.001620351 0.11650175)
(0.038143036 0.0016653608 0.11650175)
(0.039173929 0.0017103705 0.11650175)
(0.040204822 0.0017553803 0.11650175)
(0.041235715 0.00180039 0.11650175)
(0 0 0.11663298)
(0.0010308929 -4.500975e-05 0.11663298)
(0.0020617858 -9.00195e-05 0.11663298)
(0.0030926786 -0.00013502925 0.11663298)
(0.0041235715 -0.000180039 0.11663298)
(0.0051544644 -0.00022504875 0.11663298)
(0.0061853572 -0.0002700585 0.11663298)
(0.0072162501 -0.00031506825 0.11663298)
(0.008247143 -0.000360078 0.11663298)
(0.0092780359 -0.00040508775 0.11663298)
(0.010308929 -0.0004500975 0.11663298)
(0.011339822 -0.00049510725 0.11663298)
(0.012370714 -0.000540117 0.11663298)
(0.013401607 -0.00058512675 0.11663298)
(0.0144325 -0.0006301365 0.11663298)
(0.015463393 -0.00067514625 0.11663298)
(0.016494286 -0.000720156 0.11663298)
(0.017525179 -0.00076516575 0.11663298)
(0.018556072 -0.0008101755 0.11663298)
(0.019586965 -0.00085518525 0.11663298)
(0.020617857 -0.000900195 0.11663298)
(0.02164875 -0.00094520475 0.11663298)
(0.022679643 -0.0009902145 0.11663298)
(0.023710536 -0.0010352243 0.11663298)
(0.024741429 -0.001080234 0.11663298)
(0.025772322 -0.0011252437 0.11663298)
(0.026803215 -0.0011702535 0.11663298)
(0.027834108 -0.0012152632 0.11663298)
(0.028865001 -0.001260273 0.11663298)
(0.029895893 -0.0013052828 0.11663298)
(0.030926786 -0.0013502925 0.11663298)
(0.031957679 -0.0013953023 0.11663298)
(0.032988572 -0.001440312 0.11663298)
(0.034019465 -0.0014853217 0.11663298)
(0.035050358 -0.0015303315 0.11663298)
(0.036081251 -0.0015753412 0.11663298)
(0.037112143 -0.001620351 0.11663298)
(0.038143036 -0.0016653608 0.11663298)
(0.039173929 -0.0017103705 0.11663298)
(0.040204822 -0.0017553803 0.11663298)
(0.041235715 -0.00180039 0.11663298)
(0.0010308929 4.500975e-05 0.11663298)
(0.0020617858 9.00195e-05 0.11663298)
(0.0030926786 0.00013502925 0.11663298)
(0.0041235715 0.000180039 0.11663298)
(0.0051544644 0.00022504875 0.11663298)
(0.0061853572 0.0002700585 0.11663298)
(0.0072162501 0.00031506825 0.11663298)
(0.008247143 0.000360078 0.11663298)
(0.0092780359 0.00040508775 0.11663298)
(0.010308929 0.0004500975 0.11663298)
(0.011339822 0.00049510725 0.11663298)
(0.012370714 0.000540117 0.11663298)
(0.013401607 0.00058512675 0.11663298)
(0.0144325 0.0006301365 0.11663298)
(0.015463393 0.00067514625 0.11663298)
(0.016494286 0.000720156 0.11663298)
(0.017525179 0.00076516575 0.11663298)
(0.018556072 0.0008101755 0.11663298)
(0.019586965 0.00085518525 0.11663298)
(0.020617857 0.000900195 0.11663298)
(0.02164875 0.00094520475 0.11663298)
(0.022679643 0.0009902145 0.11663298)
(0.023710536 0.0010352243 0.11663298)
(0.024741429 0.001080234 0.11663298)
(0.025772322 0.0011252437 0.11663298)
(0.026803215 0.0011702535 0.11663298)
(0.027834108 0.0012152632 0.11663298)
(0.028865001 0.001260273 0.11663298)
(0.029895893 0.0013052828 0.11663298)
(0.030926786 0.0013502925 0.11663298)
(0.031957679 0.0013953023 0.11663298)
(0.032988572 0.001440312 0.11663298)
(0.034019465 0.0014853217 0.11663298)
(0.035050358 0.0015303315 0.11663298)
(0.036081251 0.0015753412 0.11663298)
(0.037112143 0.001620351 0.11663298)
(0.038143036 0.0016653608 0.11663298)
(0.039173929 0.0017103705 0.11663298)
(0.040204822 0.0017553803 0.11663298)
(0.041235715 0.00180039 0.11663298)
(0 0 0.11676421)
(0.0010308929 -4.500975e-05 0.11676421)
(0.0020617858 -9.00195e-05 0.11676421)
(0.0030926786 -0.00013502925 0.11676421)
(0.0041235715 -0.000180039 0.11676421)
(0.0051544644 -0.00022504875 0.11676421)
(0.0061853572 -0.0002700585 0.11676421)
(0.0072162501 -0.00031506825 0.11676421)
(0.008247143 -0.000360078 0.11676421)
(0.0092780359 -0.00040508775 0.11676421)
(0.010308929 -0.0004500975 0.11676421)
(0.011339822 -0.00049510725 0.11676421)
(0.012370714 -0.000540117 0.11676421)
(0.013401607 -0.00058512675 0.11676421)
(0.0144325 -0.0006301365 0.11676421)
(0.015463393 -0.00067514625 0.11676421)
(0.016494286 -0.000720156 0.11676421)
(0.017525179 -0.00076516575 0.11676421)
(0.018556072 -0.0008101755 0.11676421)
(0.019586965 -0.00085518525 0.11676421)
(0.020617857 -0.000900195 0.11676421)
(0.02164875 -0.00094520475 0.11676421)
(0.022679643 -0.0009902145 0.11676421)
(0.023710536 -0.0010352243 0.11676421)
(0.024741429 -0.001080234 0.11676421)
(0.025772322 -0.0011252437 0.11676421)
(0.026803215 -0.0011702535 0.11676421)
(0.027834108 -0.0012152632 0.11676421)
(0.028865001 -0.001260273 0.11676421)
(0.029895893 -0.0013052828 0.11676421)
(0.030926786 -0.0013502925 0.11676421)
(0.031957679 -0.0013953023 0.11676421)
(0.032988572 -0.001440312 0.11676421)
(0.034019465 -0.0014853217 0.11676421)
(0.035050358 -0.0015303315 0.11676421)
(0.036081251 -0.0015753412 0.11676421)
(0.037112143 -0.001620351 0.11676421)
(0.038143036 -0.0016653608 0.11676421)
(0.039173929 -0.0017103705 0.11676421)
(0.040204822 -0.0017553803 0.11676421)
(0.041235715 -0.00180039 0.11676421)
(0.0010308929 4.500975e-05 0.11676421)
(0.0020617858 9.00195e-05 0.11676421)
(0.0030926786 0.00013502925 0.11676421)
(0.0041235715 0.000180039 0.11676421)
(0.0051544644 0.00022504875 0.11676421)
(0.0061853572 0.0002700585 0.11676421)
(0.0072162501 0.00031506825 0.11676421)
(0.008247143 0.000360078 0.11676421)
(0.0092780359 0.00040508775 0.11676421)
(0.010308929 0.0004500975 0.11676421)
(0.011339822 0.00049510725 0.11676421)
(0.012370714 0.000540117 0.11676421)
(0.013401607 0.00058512675 0.11676421)
(0.0144325 0.0006301365 0.11676421)
(0.015463393 0.00067514625 0.11676421)
(0.016494286 0.000720156 0.11676421)
(0.017525179 0.00076516575 0.11676421)
(0.018556072 0.0008101755 0.11676421)
(0.019586965 0.00085518525 0.11676421)
(0.020617857 0.000900195 0.11676421)
(0.02164875 0.00094520475 0.11676421)
(0.022679643 0.0009902145 0.11676421)
(0.023710536 0.0010352243 0.11676421)
(0.024741429 0.001080234 0.11676421)
(0.025772322 0.0011252437 0.11676421)
(0.026803215 0.0011702535 0.11676421)
(0.027834108 0.0012152632 0.11676421)
(0.028865001 0.001260273 0.11676421)
(0.029895893 0.0013052828 0.11676421)
(0.030926786 0.0013502925 0.11676421)
(0.031957679 0.0013953023 0.11676421)
(0.032988572 0.001440312 0.11676421)
(0.034019465 0.0014853217 0.11676421)
(0.035050358 0.0015303315 0.11676421)
(0.036081251 0.0015753412 0.11676421)
(0.037112143 0.001620351 0.11676421)
(0.038143036 0.0016653608 0.11676421)
(0.039173929 0.0017103705 0.11676421)
(0.040204822 0.0017553803 0.11676421)
(0.041235715 0.00180039 0.11676421)
(0 0 0.11689544)
(0.0010308929 -4.500975e-05 0.11689544)
(0.0020617858 -9.00195e-05 0.11689544)
(0.0030926786 -0.00013502925 0.11689544)
(0.0041235715 -0.000180039 0.11689544)
(0.0051544644 -0.00022504875 0.11689544)
(0.0061853572 -0.0002700585 0.11689544)
(0.0072162501 -0.00031506825 0.11689544)
(0.008247143 -0.000360078 0.11689544)
(0.0092780359 -0.00040508775 0.11689544)
(0.010308929 -0.0004500975 0.11689544)
(0.011339822 -0.00049510725 0.11689544)
(0.012370714 -0.000540117 0.11689544)
(0.013401607 -0.00058512675 0.11689544)
(0.0144325 -0.0006301365 0.11689544)
(0.015463393 -0.00067514625 0.11689544)
(0.016494286 -0.000720156 0.11689544)
(0.017525179 -0.00076516575 0.11689544)
(0.018556072 -0.0008101755 0.11689544)
(0.019586965 -0.00085518525 0.11689544)
(0.020617857 -0.000900195 0.11689544)
(0.02164875 -0.00094520475 0.11689544)
(0.022679643 -0.0009902145 0.11689544)
(0.023710536 -0.0010352243 0.11689544)
(0.024741429 -0.001080234 0.11689544)
(0.025772322 -0.0011252437 0.11689544)
(0.026803215 -0.0011702535 0.11689544)
(0.027834108 -0.0012152632 0.11689544)
(0.028865001 -0.001260273 0.11689544)
(0.029895893 -0.0013052828 0.11689544)
(0.030926786 -0.0013502925 0.11689544)
(0.031957679 -0.0013953023 0.11689544)
(0.032988572 -0.001440312 0.11689544)
(0.034019465 -0.0014853217 0.11689544)
(0.035050358 -0.0015303315 0.11689544)
(0.036081251 -0.0015753412 0.11689544)
(0.037112143 -0.001620351 0.11689544)
(0.038143036 -0.0016653608 0.11689544)
(0.039173929 -0.0017103705 0.11689544)
(0.040204822 -0.0017553803 0.11689544)
(0.041235715 -0.00180039 0.11689544)
(0.0010308929 4.500975e-05 0.11689544)
(0.0020617858 9.00195e-05 0.11689544)
(0.0030926786 0.00013502925 0.11689544)
(0.0041235715 0.000180039 0.11689544)
(0.0051544644 0.00022504875 0.11689544)
(0.0061853572 0.0002700585 0.11689544)
(0.0072162501 0.00031506825 0.11689544)
(0.008247143 0.000360078 0.11689544)
(0.0092780359 0.00040508775 0.11689544)
(0.010308929 0.0004500975 0.11689544)
(0.011339822 0.00049510725 0.11689544)
(0.012370714 0.000540117 0.11689544)
(0.013401607 0.00058512675 0.11689544)
(0.0144325 0.0006301365 0.11689544)
(0.015463393 0.00067514625 0.11689544)
(0.016494286 0.000720156 0.11689544)
(0.017525179 0.00076516575 0.11689544)
(0.018556072 0.0008101755 0.11689544)
(0.019586965 0.00085518525 0.11689544)
(0.020617857 0.000900195 0.11689544)
(0.02164875 0.00094520475 0.11689544)
(0.022679643 0.0009902145 0.11689544)
(0.023710536 0.0010352243 0.11689544)
(0.024741429 0.001080234 0.11689544)
(0.025772322 0.0011252437 0.11689544)
(0.026803215 0.0011702535 0.11689544)
(0.027834108 0.0012152632 0.11689544)
(0.028865001 0.001260273 0.11689544)
(0.029895893 0.0013052828 0.11689544)
(0.030926786 0.0013502925 0.11689544)
(0.031957679 0.0013953023 0.11689544)
(0.032988572 0.001440312 0.11689544)
(0.034019465 0.0014853217 0.11689544)
(0.035050358 0.0015303315 0.11689544)
(0.036081251 0.0015753412 0.11689544)
(0.037112143 0.001620351 0.11689544)
(0.038143036 0.0016653608 0.11689544)
(0.039173929 0.0017103705 0.11689544)
(0.040204822 0.0017553803 0.11689544)
(0.041235715 0.00180039 0.11689544)
(0 0 0.11702667)
(0.0010308929 -4.500975e-05 0.11702667)
(0.0020617858 -9.00195e-05 0.11702667)
(0.0030926786 -0.00013502925 0.11702667)
(0.0041235715 -0.000180039 0.11702667)
(0.0051544644 -0.00022504875 0.11702667)
(0.0061853572 -0.0002700585 0.11702667)
(0.0072162501 -0.00031506825 0.11702667)
(0.008247143 -0.000360078 0.11702667)
(0.0092780359 -0.00040508775 0.11702667)
(0.010308929 -0.0004500975 0.11702667)
(0.011339822 -0.00049510725 0.11702667)
(0.012370714 -0.000540117 0.11702667)
(0.013401607 -0.00058512675 0.11702667)
(0.0144325 -0.0006301365 0.11702667)
(0.015463393 -0.00067514625 0.11702667)
(0.016494286 -0.000720156 0.11702667)
(0.017525179 -0.00076516575 0.11702667)
(0.018556072 -0.0008101755 0.11702667)
(0.019586965 -0.00085518525 0.11702667)
(0.020617857 -0.000900195 0.11702667)
(0.02164875 -0.00094520475 0.11702667)
(0.022679643 -0.0009902145 0.11702667)
(0.023710536 -0.0010352243 0.11702667)
(0.024741429 -0.001080234 0.11702667)
(0.025772322 -0.0011252437 0.11702667)
(0.026803215 -0.0011702535 0.11702667)
(0.027834108 -0.0012152632 0.11702667)
(0.028865001 -0.001260273 0.11702667)
(0.029895893 -0.0013052828 0.11702667)
(0.030926786 -0.0013502925 0.11702667)
(0.031957679 -0.0013953023 0.11702667)
(0.032988572 -0.001440312 0.11702667)
(0.034019465 -0.0014853217 0.11702667)
(0.035050358 -0.0015303315 0.11702667)
(0.036081251 -0.0015753412 0.11702667)
(0.037112143 -0.001620351 0.11702667)
(0.038143036 -0.0016653608 0.11702667)
(0.039173929 -0.0017103705 0.11702667)
(0.040204822 -0.0017553803 0.11702667)
(0.041235715 -0.00180039 0.11702667)
(0.0010308929 4.500975e-05 0.11702667)
(0.0020617858 9.00195e-05 0.11702667)
(0.0030926786 0.00013502925 0.11702667)
(0.0041235715 0.000180039 0.11702667)
(0.0051544644 0.00022504875 0.11702667)
(0.0061853572 0.0002700585 0.11702667)
(0.0072162501 0.00031506825 0.11702667)
(0.008247143 0.000360078 0.11702667)
(0.0092780359 0.00040508775 0.11702667)
(0.010308929 0.0004500975 0.11702667)
(0.011339822 0.00049510725 0.11702667)
(0.012370714 0.000540117 0.11702667)
(0.013401607 0.00058512675 0.11702667)
(0.0144325 0.0006301365 0.11702667)
(0.015463393 0.00067514625 0.11702667)
(0.016494286 0.000720156 0.11702667)
(0.017525179 0.00076516575 0.11702667)
(0.018556072 0.0008101755 0.11702667)
(0.019586965 0.00085518525 0.11702667)
(0.020617857 0.000900195 0.11702667)
(0.02164875 0.00094520475 0.11702667)
(0.022679643 0.0009902145 0.11702667)
(0.023710536 0.0010352243 0.11702667)
(0.024741429 0.001080234 0.11702667)
(0.025772322 0.0011252437 0.11702667)
(0.026803215 0.0011702535 0.11702667)
(0.027834108 0.0012152632 0.11702667)
(0.028865001 0.001260273 0.11702667)
(0.029895893 0.0013052828 0.11702667)
(0.030926786 0.0013502925 0.11702667)
(0.031957679 0.0013953023 0.11702667)
(0.032988572 0.001440312 0.11702667)
(0.034019465 0.0014853217 0.11702667)
(0.035050358 0.0015303315 0.11702667)
(0.036081251 0.0015753412 0.11702667)
(0.037112143 0.001620351 0.11702667)
(0.038143036 0.0016653608 0.11702667)
(0.039173929 0.0017103705 0.11702667)
(0.040204822 0.0017553803 0.11702667)
(0.041235715 0.00180039 0.11702667)
(0 0 0.11715789)
(0.0010308929 -4.500975e-05 0.11715789)
(0.0020617858 -9.00195e-05 0.11715789)
(0.0030926786 -0.00013502925 0.11715789)
(0.0041235715 -0.000180039 0.11715789)
(0.0051544644 -0.00022504875 0.11715789)
(0.0061853572 -0.0002700585 0.11715789)
(0.0072162501 -0.00031506825 0.11715789)
(0.008247143 -0.000360078 0.11715789)
(0.0092780359 -0.00040508775 0.11715789)
(0.010308929 -0.0004500975 0.11715789)
(0.011339822 -0.00049510725 0.11715789)
(0.012370714 -0.000540117 0.11715789)
(0.013401607 -0.00058512675 0.11715789)
(0.0144325 -0.0006301365 0.11715789)
(0.015463393 -0.00067514625 0.11715789)
(0.016494286 -0.000720156 0.11715789)
(0.017525179 -0.00076516575 0.11715789)
(0.018556072 -0.0008101755 0.11715789)
(0.019586965 -0.00085518525 0.11715789)
(0.020617857 -0.000900195 0.11715789)
(0.02164875 -0.00094520475 0.11715789)
(0.022679643 -0.0009902145 0.11715789)
(0.023710536 -0.0010352243 0.11715789)
(0.024741429 -0.001080234 0.11715789)
(0.025772322 -0.0011252437 0.11715789)
(0.026803215 -0.0011702535 0.11715789)
(0.027834108 -0.0012152632 0.11715789)
(0.028865001 -0.001260273 0.11715789)
(0.029895893 -0.0013052828 0.11715789)
(0.030926786 -0.0013502925 0.11715789)
(0.031957679 -0.0013953023 0.11715789)
(0.032988572 -0.001440312 0.11715789)
(0.034019465 -0.0014853217 0.11715789)
(0.035050358 -0.0015303315 0.11715789)
(0.036081251 -0.0015753412 0.11715789)
(0.037112143 -0.001620351 0.11715789)
(0.038143036 -0.0016653608 0.11715789)
(0.039173929 -0.0017103705 0.11715789)
(0.040204822 -0.0017553803 0.11715789)
(0.041235715 -0.00180039 0.11715789)
(0.0010308929 4.500975e-05 0.11715789)
(0.0020617858 9.00195e-05 0.11715789)
(0.0030926786 0.00013502925 0.11715789)
(0.0041235715 0.000180039 0.11715789)
(0.0051544644 0.00022504875 0.11715789)
(0.0061853572 0.0002700585 0.11715789)
(0.0072162501 0.00031506825 0.11715789)
(0.008247143 0.000360078 0.11715789)
(0.0092780359 0.00040508775 0.11715789)
(0.010308929 0.0004500975 0.11715789)
(0.011339822 0.00049510725 0.11715789)
(0.012370714 0.000540117 0.11715789)
(0.013401607 0.00058512675 0.11715789)
(0.0144325 0.0006301365 0.11715789)
(0.015463393 0.00067514625 0.11715789)
(0.016494286 0.000720156 0.11715789)
(0.017525179 0.00076516575 0.11715789)
(0.018556072 0.0008101755 0.11715789)
(0.019586965 0.00085518525 0.11715789)
(0.020617857 0.000900195 0.11715789)
(0.02164875 0.00094520475 0.11715789)
(0.022679643 0.0009902145 0.11715789)
(0.023710536 0.0010352243 0.11715789)
(0.024741429 0.001080234 0.11715789)
(0.025772322 0.0011252437 0.11715789)
(0.026803215 0.0011702535 0.11715789)
(0.027834108 0.0012152632 0.11715789)
(0.028865001 0.001260273 0.11715789)
(0.029895893 0.0013052828 0.11715789)
(0.030926786 0.0013502925 0.11715789)
(0.031957679 0.0013953023 0.11715789)
(0.032988572 0.001440312 0.11715789)
(0.034019465 0.0014853217 0.11715789)
(0.035050358 0.0015303315 0.11715789)
(0.036081251 0.0015753412 0.11715789)
(0.037112143 0.001620351 0.11715789)
(0.038143036 0.0016653608 0.11715789)
(0.039173929 0.0017103705 0.11715789)
(0.040204822 0.0017553803 0.11715789)
(0.041235715 0.00180039 0.11715789)
(0 0 0.11728912)
(0.0010308929 -4.500975e-05 0.11728912)
(0.0020617858 -9.00195e-05 0.11728912)
(0.0030926786 -0.00013502925 0.11728912)
(0.0041235715 -0.000180039 0.11728912)
(0.0051544644 -0.00022504875 0.11728912)
(0.0061853572 -0.0002700585 0.11728912)
(0.0072162501 -0.00031506825 0.11728912)
(0.008247143 -0.000360078 0.11728912)
(0.0092780359 -0.00040508775 0.11728912)
(0.010308929 -0.0004500975 0.11728912)
(0.011339822 -0.00049510725 0.11728912)
(0.012370714 -0.000540117 0.11728912)
(0.013401607 -0.00058512675 0.11728912)
(0.0144325 -0.0006301365 0.11728912)
(0.015463393 -0.00067514625 0.11728912)
(0.016494286 -0.000720156 0.11728912)
(0.017525179 -0.00076516575 0.11728912)
(0.018556072 -0.0008101755 0.11728912)
(0.019586965 -0.00085518525 0.11728912)
(0.020617857 -0.000900195 0.11728912)
(0.02164875 -0.00094520475 0.11728912)
(0.022679643 -0.0009902145 0.11728912)
(0.023710536 -0.0010352243 0.11728912)
(0.024741429 -0.001080234 0.11728912)
(0.025772322 -0.0011252437 0.11728912)
(0.026803215 -0.0011702535 0.11728912)
(0.027834108 -0.0012152632 0.11728912)
(0.028865001 -0.001260273 0.11728912)
(0.029895893 -0.0013052828 0.11728912)
(0.030926786 -0.0013502925 0.11728912)
(0.031957679 -0.0013953023 0.11728912)
(0.032988572 -0.001440312 0.11728912)
(0.034019465 -0.0014853217 0.11728912)
(0.035050358 -0.0015303315 0.11728912)
(0.036081251 -0.0015753412 0.11728912)
(0.037112143 -0.001620351 0.11728912)
(0.038143036 -0.0016653608 0.11728912)
(0.039173929 -0.0017103705 0.11728912)
(0.040204822 -0.0017553803 0.11728912)
(0.041235715 -0.00180039 0.11728912)
(0.0010308929 4.500975e-05 0.11728912)
(0.0020617858 9.00195e-05 0.11728912)
(0.0030926786 0.00013502925 0.11728912)
(0.0041235715 0.000180039 0.11728912)
(0.0051544644 0.00022504875 0.11728912)
(0.0061853572 0.0002700585 0.11728912)
(0.0072162501 0.00031506825 0.11728912)
(0.008247143 0.000360078 0.11728912)
(0.0092780359 0.00040508775 0.11728912)
(0.010308929 0.0004500975 0.11728912)
(0.011339822 0.00049510725 0.11728912)
(0.012370714 0.000540117 0.11728912)
(0.013401607 0.00058512675 0.11728912)
(0.0144325 0.0006301365 0.11728912)
(0.015463393 0.00067514625 0.11728912)
(0.016494286 0.000720156 0.11728912)
(0.017525179 0.00076516575 0.11728912)
(0.018556072 0.0008101755 0.11728912)
(0.019586965 0.00085518525 0.11728912)
(0.020617857 0.000900195 0.11728912)
(0.02164875 0.00094520475 0.11728912)
(0.022679643 0.0009902145 0.11728912)
(0.023710536 0.0010352243 0.11728912)
(0.024741429 0.001080234 0.11728912)
(0.025772322 0.0011252437 0.11728912)
(0.026803215 0.0011702535 0.11728912)
(0.027834108 0.0012152632 0.11728912)
(0.028865001 0.001260273 0.11728912)
(0.029895893 0.0013052828 0.11728912)
(0.030926786 0.0013502925 0.11728912)
(0.031957679 0.0013953023 0.11728912)
(0.032988572 0.001440312 0.11728912)
(0.034019465 0.0014853217 0.11728912)
(0.035050358 0.0015303315 0.11728912)
(0.036081251 0.0015753412 0.11728912)
(0.037112143 0.001620351 0.11728912)
(0.038143036 0.0016653608 0.11728912)
(0.039173929 0.0017103705 0.11728912)
(0.040204822 0.0017553803 0.11728912)
(0.041235715 0.00180039 0.11728912)
(0 0 0.11742035)
(0.0010308929 -4.500975e-05 0.11742035)
(0.0020617858 -9.00195e-05 0.11742035)
(0.0030926786 -0.00013502925 0.11742035)
(0.0041235715 -0.000180039 0.11742035)
(0.0051544644 -0.00022504875 0.11742035)
(0.0061853572 -0.0002700585 0.11742035)
(0.0072162501 -0.00031506825 0.11742035)
(0.008247143 -0.000360078 0.11742035)
(0.0092780359 -0.00040508775 0.11742035)
(0.010308929 -0.0004500975 0.11742035)
(0.011339822 -0.00049510725 0.11742035)
(0.012370714 -0.000540117 0.11742035)
(0.013401607 -0.00058512675 0.11742035)
(0.0144325 -0.0006301365 0.11742035)
(0.015463393 -0.00067514625 0.11742035)
(0.016494286 -0.000720156 0.11742035)
(0.017525179 -0.00076516575 0.11742035)
(0.018556072 -0.0008101755 0.11742035)
(0.019586965 -0.00085518525 0.11742035)
(0.020617857 -0.000900195 0.11742035)
(0.02164875 -0.00094520475 0.11742035)
(0.022679643 -0.0009902145 0.11742035)
(0.023710536 -0.0010352243 0.11742035)
(0.024741429 -0.001080234 0.11742035)
(0.025772322 -0.0011252437 0.11742035)
(0.026803215 -0.0011702535 0.11742035)
(0.027834108 -0.0012152632 0.11742035)
(0.028865001 -0.001260273 0.11742035)
(0.029895893 -0.0013052828 0.11742035)
(0.030926786 -0.0013502925 0.11742035)
(0.031957679 -0.0013953023 0.11742035)
(0.032988572 -0.001440312 0.11742035)
(0.034019465 -0.0014853217 0.11742035)
(0.035050358 -0.0015303315 0.11742035)
(0.036081251 -0.0015753412 0.11742035)
(0.037112143 -0.001620351 0.11742035)
(0.038143036 -0.0016653608 0.11742035)
(0.039173929 -0.0017103705 0.11742035)
(0.040204822 -0.0017553803 0.11742035)
(0.041235715 -0.00180039 0.11742035)
(0.0010308929 4.500975e-05 0.11742035)
(0.0020617858 9.00195e-05 0.11742035)
(0.0030926786 0.00013502925 0.11742035)
(0.0041235715 0.000180039 0.11742035)
(0.0051544644 0.00022504875 0.11742035)
(0.0061853572 0.0002700585 0.11742035)
(0.0072162501 0.00031506825 0.11742035)
(0.008247143 0.000360078 0.11742035)
(0.0092780359 0.00040508775 0.11742035)
(0.010308929 0.0004500975 0.11742035)
(0.011339822 0.00049510725 0.11742035)
(0.012370714 0.000540117 0.11742035)
(0.013401607 0.00058512675 0.11742035)
(0.0144325 0.0006301365 0.11742035)
(0.015463393 0.00067514625 0.11742035)
(0.016494286 0.000720156 0.11742035)
(0.017525179 0.00076516575 0.11742035)
(0.018556072 0.0008101755 0.11742035)
(0.019586965 0.00085518525 0.11742035)
(0.020617857 0.000900195 0.11742035)
(0.02164875 0.00094520475 0.11742035)
(0.022679643 0.0009902145 0.11742035)
(0.023710536 0.0010352243 0.11742035)
(0.024741429 0.001080234 0.11742035)
(0.025772322 0.0011252437 0.11742035)
(0.026803215 0.0011702535 0.11742035)
(0.027834108 0.0012152632 0.11742035)
(0.028865001 0.001260273 0.11742035)
(0.029895893 0.0013052828 0.11742035)
(0.030926786 0.0013502925 0.11742035)
(0.031957679 0.0013953023 0.11742035)
(0.032988572 0.001440312 0.11742035)
(0.034019465 0.0014853217 0.11742035)
(0.035050358 0.0015303315 0.11742035)
(0.036081251 0.0015753412 0.11742035)
(0.037112143 0.001620351 0.11742035)
(0.038143036 0.0016653608 0.11742035)
(0.039173929 0.0017103705 0.11742035)
(0.040204822 0.0017553803 0.11742035)
(0.041235715 0.00180039 0.11742035)
(0 0 0.11755157)
(0.0010308929 -4.500975e-05 0.11755157)
(0.0020617858 -9.00195e-05 0.11755157)
(0.0030926786 -0.00013502925 0.11755157)
(0.0041235715 -0.000180039 0.11755157)
(0.0051544644 -0.00022504875 0.11755157)
(0.0061853572 -0.0002700585 0.11755157)
(0.0072162501 -0.00031506825 0.11755157)
(0.008247143 -0.000360078 0.11755157)
(0.0092780359 -0.00040508775 0.11755157)
(0.010308929 -0.0004500975 0.11755157)
(0.011339822 -0.00049510725 0.11755157)
(0.012370714 -0.000540117 0.11755157)
(0.013401607 -0.00058512675 0.11755157)
(0.0144325 -0.0006301365 0.11755157)
(0.015463393 -0.00067514625 0.11755157)
(0.016494286 -0.000720156 0.11755157)
(0.017525179 -0.00076516575 0.11755157)
(0.018556072 -0.0008101755 0.11755157)
(0.019586965 -0.00085518525 0.11755157)
(0.020617857 -0.000900195 0.11755157)
(0.02164875 -0.00094520475 0.11755157)
(0.022679643 -0.0009902145 0.11755157)
(0.023710536 -0.0010352243 0.11755157)
(0.024741429 -0.001080234 0.11755157)
(0.025772322 -0.0011252437 0.11755157)
(0.026803215 -0.0011702535 0.11755157)
(0.027834108 -0.0012152632 0.11755157)
(0.028865001 -0.001260273 0.11755157)
(0.029895893 -0.0013052828 0.11755157)
(0.030926786 -0.0013502925 0.11755157)
(0.031957679 -0.0013953023 0.11755157)
(0.032988572 -0.001440312 0.11755157)
(0.034019465 -0.0014853217 0.11755157)
(0.035050358 -0.0015303315 0.11755157)
(0.036081251 -0.0015753412 0.11755157)
(0.037112143 -0.001620351 0.11755157)
(0.038143036 -0.0016653608 0.11755157)
(0.039173929 -0.0017103705 0.11755157)
(0.040204822 -0.0017553803 0.11755157)
(0.041235715 -0.00180039 0.11755157)
(0.0010308929 4.500975e-05 0.11755157)
(0.0020617858 9.00195e-05 0.11755157)
(0.0030926786 0.00013502925 0.11755157)
(0.0041235715 0.000180039 0.11755157)
(0.0051544644 0.00022504875 0.11755157)
(0.0061853572 0.0002700585 0.11755157)
(0.0072162501 0.00031506825 0.11755157)
(0.008247143 0.000360078 0.11755157)
(0.0092780359 0.00040508775 0.11755157)
(0.010308929 0.0004500975 0.11755157)
(0.011339822 0.00049510725 0.11755157)
(0.012370714 0.000540117 0.11755157)
(0.013401607 0.00058512675 0.11755157)
(0.0144325 0.0006301365 0.11755157)
(0.015463393 0.00067514625 0.11755157)
(0.016494286 0.000720156 0.11755157)
(0.017525179 0.00076516575 0.11755157)
(0.018556072 0.0008101755 0.11755157)
(0.019586965 0.00085518525 0.11755157)
(0.020617857 0.000900195 0.11755157)
(0.02164875 0.00094520475 0.11755157)
(0.022679643 0.0009902145 0.11755157)
(0.023710536 0.0010352243 0.11755157)
(0.024741429 0.001080234 0.11755157)
(0.025772322 0.0011252437 0.11755157)
(0.026803215 0.0011702535 0.11755157)
(0.027834108 0.0012152632 0.11755157)
(0.028865001 0.001260273 0.11755157)
(0.029895893 0.0013052828 0.11755157)
(0.030926786 0.0013502925 0.11755157)
(0.031957679 0.0013953023 0.11755157)
(0.032988572 0.001440312 0.11755157)
(0.034019465 0.0014853217 0.11755157)
(0.035050358 0.0015303315 0.11755157)
(0.036081251 0.0015753412 0.11755157)
(0.037112143 0.001620351 0.11755157)
(0.038143036 0.0016653608 0.11755157)
(0.039173929 0.0017103705 0.11755157)
(0.040204822 0.0017553803 0.11755157)
(0.041235715 0.00180039 0.11755157)
(0 0 0.1176828)
(0.0010308929 -4.500975e-05 0.1176828)
(0.0020617858 -9.00195e-05 0.1176828)
(0.0030926786 -0.00013502925 0.1176828)
(0.0041235715 -0.000180039 0.1176828)
(0.0051544644 -0.00022504875 0.1176828)
(0.0061853572 -0.0002700585 0.1176828)
(0.0072162501 -0.00031506825 0.1176828)
(0.008247143 -0.000360078 0.1176828)
(0.0092780359 -0.00040508775 0.1176828)
(0.010308929 -0.0004500975 0.1176828)
(0.011339822 -0.00049510725 0.1176828)
(0.012370714 -0.000540117 0.1176828)
(0.013401607 -0.00058512675 0.1176828)
(0.0144325 -0.0006301365 0.1176828)
(0.015463393 -0.00067514625 0.1176828)
(0.016494286 -0.000720156 0.1176828)
(0.017525179 -0.00076516575 0.1176828)
(0.018556072 -0.0008101755 0.1176828)
(0.019586965 -0.00085518525 0.1176828)
(0.020617857 -0.000900195 0.1176828)
(0.02164875 -0.00094520475 0.1176828)
(0.022679643 -0.0009902145 0.1176828)
(0.023710536 -0.0010352243 0.1176828)
(0.024741429 -0.001080234 0.1176828)
(0.025772322 -0.0011252437 0.1176828)
(0.026803215 -0.0011702535 0.1176828)
(0.027834108 -0.0012152632 0.1176828)
(0.028865001 -0.001260273 0.1176828)
(0.029895893 -0.0013052828 0.1176828)
(0.030926786 -0.0013502925 0.1176828)
(0.031957679 -0.0013953023 0.1176828)
(0.032988572 -0.001440312 0.1176828)
(0.034019465 -0.0014853217 0.1176828)
(0.035050358 -0.0015303315 0.1176828)
(0.036081251 -0.0015753412 0.1176828)
(0.037112143 -0.001620351 0.1176828)
(0.038143036 -0.0016653608 0.1176828)
(0.039173929 -0.0017103705 0.1176828)
(0.040204822 -0.0017553803 0.1176828)
(0.041235715 -0.00180039 0.1176828)
(0.0010308929 4.500975e-05 0.1176828)
(0.0020617858 9.00195e-05 0.1176828)
(0.0030926786 0.00013502925 0.1176828)
(0.0041235715 0.000180039 0.1176828)
(0.0051544644 0.00022504875 0.1176828)
(0.0061853572 0.0002700585 0.1176828)
(0.0072162501 0.00031506825 0.1176828)
(0.008247143 0.000360078 0.1176828)
(0.0092780359 0.00040508775 0.1176828)
(0.010308929 0.0004500975 0.1176828)
(0.011339822 0.00049510725 0.1176828)
(0.012370714 0.000540117 0.1176828)
(0.013401607 0.00058512675 0.1176828)
(0.0144325 0.0006301365 0.1176828)
(0.015463393 0.00067514625 0.1176828)
(0.016494286 0.000720156 0.1176828)
(0.017525179 0.00076516575 0.1176828)
(0.018556072 0.0008101755 0.1176828)
(0.019586965 0.00085518525 0.1176828)
(0.020617857 0.000900195 0.1176828)
(0.02164875 0.00094520475 0.1176828)
(0.022679643 0.0009902145 0.1176828)
(0.023710536 0.0010352243 0.1176828)
(0.024741429 0.001080234 0.1176828)
(0.025772322 0.0011252437 0.1176828)
(0.026803215 0.0011702535 0.1176828)
(0.027834108 0.0012152632 0.1176828)
(0.028865001 0.001260273 0.1176828)
(0.029895893 0.0013052828 0.1176828)
(0.030926786 0.0013502925 0.1176828)
(0.031957679 0.0013953023 0.1176828)
(0.032988572 0.001440312 0.1176828)
(0.034019465 0.0014853217 0.1176828)
(0.035050358 0.0015303315 0.1176828)
(0.036081251 0.0015753412 0.1176828)
(0.037112143 0.001620351 0.1176828)
(0.038143036 0.0016653608 0.1176828)
(0.039173929 0.0017103705 0.1176828)
(0.040204822 0.0017553803 0.1176828)
(0.041235715 0.00180039 0.1176828)
(0 0 0.11781404)
(0.0010308929 -4.500975e-05 0.11781404)
(0.0020617858 -9.00195e-05 0.11781404)
(0.0030926786 -0.00013502925 0.11781404)
(0.0041235715 -0.000180039 0.11781404)
(0.0051544644 -0.00022504875 0.11781404)
(0.0061853572 -0.0002700585 0.11781404)
(0.0072162501 -0.00031506825 0.11781404)
(0.008247143 -0.000360078 0.11781404)
(0.0092780359 -0.00040508775 0.11781404)
(0.010308929 -0.0004500975 0.11781404)
(0.011339822 -0.00049510725 0.11781404)
(0.012370714 -0.000540117 0.11781404)
(0.013401607 -0.00058512675 0.11781404)
(0.0144325 -0.0006301365 0.11781404)
(0.015463393 -0.00067514625 0.11781404)
(0.016494286 -0.000720156 0.11781404)
(0.017525179 -0.00076516575 0.11781404)
(0.018556072 -0.0008101755 0.11781404)
(0.019586965 -0.00085518525 0.11781404)
(0.020617857 -0.000900195 0.11781404)
(0.02164875 -0.00094520475 0.11781404)
(0.022679643 -0.0009902145 0.11781404)
(0.023710536 -0.0010352243 0.11781404)
(0.024741429 -0.001080234 0.11781404)
(0.025772322 -0.0011252437 0.11781404)
(0.026803215 -0.0011702535 0.11781404)
(0.027834108 -0.0012152632 0.11781404)
(0.028865001 -0.001260273 0.11781404)
(0.029895893 -0.0013052828 0.11781404)
(0.030926786 -0.0013502925 0.11781404)
(0.031957679 -0.0013953023 0.11781404)
(0.032988572 -0.001440312 0.11781404)
(0.034019465 -0.0014853217 0.11781404)
(0.035050358 -0.0015303315 0.11781404)
(0.036081251 -0.0015753412 0.11781404)
(0.037112143 -0.001620351 0.11781404)
(0.038143036 -0.0016653608 0.11781404)
(0.039173929 -0.0017103705 0.11781404)
(0.040204822 -0.0017553803 0.11781404)
(0.041235715 -0.00180039 0.11781404)
(0.0010308929 4.500975e-05 0.11781404)
(0.0020617858 9.00195e-05 0.11781404)
(0.0030926786 0.00013502925 0.11781404)
(0.0041235715 0.000180039 0.11781404)
(0.0051544644 0.00022504875 0.11781404)
(0.0061853572 0.0002700585 0.11781404)
(0.0072162501 0.00031506825 0.11781404)
(0.008247143 0.000360078 0.11781404)
(0.0092780359 0.00040508775 0.11781404)
(0.010308929 0.0004500975 0.11781404)
(0.011339822 0.00049510725 0.11781404)
(0.012370714 0.000540117 0.11781404)
(0.013401607 0.00058512675 0.11781404)
(0.0144325 0.0006301365 0.11781404)
(0.015463393 0.00067514625 0.11781404)
(0.016494286 0.000720156 0.11781404)
(0.017525179 0.00076516575 0.11781404)
(0.018556072 0.0008101755 0.11781404)
(0.019586965 0.00085518525 0.11781404)
(0.020617857 0.000900195 0.11781404)
(0.02164875 0.00094520475 0.11781404)
(0.022679643 0.0009902145 0.11781404)
(0.023710536 0.0010352243 0.11781404)
(0.024741429 0.001080234 0.11781404)
(0.025772322 0.0011252437 0.11781404)
(0.026803215 0.0011702535 0.11781404)
(0.027834108 0.0012152632 0.11781404)
(0.028865001 0.001260273 0.11781404)
(0.029895893 0.0013052828 0.11781404)
(0.030926786 0.0013502925 0.11781404)
(0.031957679 0.0013953023 0.11781404)
(0.032988572 0.001440312 0.11781404)
(0.034019465 0.0014853217 0.11781404)
(0.035050358 0.0015303315 0.11781404)
(0.036081251 0.0015753412 0.11781404)
(0.037112143 0.001620351 0.11781404)
(0.038143036 0.0016653608 0.11781404)
(0.039173929 0.0017103705 0.11781404)
(0.040204822 0.0017553803 0.11781404)
(0.041235715 0.00180039 0.11781404)
(0 0 0.11794526)
(0.0010308929 -4.500975e-05 0.11794526)
(0.0020617858 -9.00195e-05 0.11794526)
(0.0030926786 -0.00013502925 0.11794526)
(0.0041235715 -0.000180039 0.11794526)
(0.0051544644 -0.00022504875 0.11794526)
(0.0061853572 -0.0002700585 0.11794526)
(0.0072162501 -0.00031506825 0.11794526)
(0.008247143 -0.000360078 0.11794526)
(0.0092780359 -0.00040508775 0.11794526)
(0.010308929 -0.0004500975 0.11794526)
(0.011339822 -0.00049510725 0.11794526)
(0.012370714 -0.000540117 0.11794526)
(0.013401607 -0.00058512675 0.11794526)
(0.0144325 -0.0006301365 0.11794526)
(0.015463393 -0.00067514625 0.11794526)
(0.016494286 -0.000720156 0.11794526)
(0.017525179 -0.00076516575 0.11794526)
(0.018556072 -0.0008101755 0.11794526)
(0.019586965 -0.00085518525 0.11794526)
(0.020617857 -0.000900195 0.11794526)
(0.02164875 -0.00094520475 0.11794526)
(0.022679643 -0.0009902145 0.11794526)
(0.023710536 -0.0010352243 0.11794526)
(0.024741429 -0.001080234 0.11794526)
(0.025772322 -0.0011252437 0.11794526)
(0.026803215 -0.0011702535 0.11794526)
(0.027834108 -0.0012152632 0.11794526)
(0.028865001 -0.001260273 0.11794526)
(0.029895893 -0.0013052828 0.11794526)
(0.030926786 -0.0013502925 0.11794526)
(0.031957679 -0.0013953023 0.11794526)
(0.032988572 -0.001440312 0.11794526)
(0.034019465 -0.0014853217 0.11794526)
(0.035050358 -0.0015303315 0.11794526)
(0.036081251 -0.0015753412 0.11794526)
(0.037112143 -0.001620351 0.11794526)
(0.038143036 -0.0016653608 0.11794526)
(0.039173929 -0.0017103705 0.11794526)
(0.040204822 -0.0017553803 0.11794526)
(0.041235715 -0.00180039 0.11794526)
(0.0010308929 4.500975e-05 0.11794526)
(0.0020617858 9.00195e-05 0.11794526)
(0.0030926786 0.00013502925 0.11794526)
(0.0041235715 0.000180039 0.11794526)
(0.0051544644 0.00022504875 0.11794526)
(0.0061853572 0.0002700585 0.11794526)
(0.0072162501 0.00031506825 0.11794526)
(0.008247143 0.000360078 0.11794526)
(0.0092780359 0.00040508775 0.11794526)
(0.010308929 0.0004500975 0.11794526)
(0.011339822 0.00049510725 0.11794526)
(0.012370714 0.000540117 0.11794526)
(0.013401607 0.00058512675 0.11794526)
(0.0144325 0.0006301365 0.11794526)
(0.015463393 0.00067514625 0.11794526)
(0.016494286 0.000720156 0.11794526)
(0.017525179 0.00076516575 0.11794526)
(0.018556072 0.0008101755 0.11794526)
(0.019586965 0.00085518525 0.11794526)
(0.020617857 0.000900195 0.11794526)
(0.02164875 0.00094520475 0.11794526)
(0.022679643 0.0009902145 0.11794526)
(0.023710536 0.0010352243 0.11794526)
(0.024741429 0.001080234 0.11794526)
(0.025772322 0.0011252437 0.11794526)
(0.026803215 0.0011702535 0.11794526)
(0.027834108 0.0012152632 0.11794526)
(0.028865001 0.001260273 0.11794526)
(0.029895893 0.0013052828 0.11794526)
(0.030926786 0.0013502925 0.11794526)
(0.031957679 0.0013953023 0.11794526)
(0.032988572 0.001440312 0.11794526)
(0.034019465 0.0014853217 0.11794526)
(0.035050358 0.0015303315 0.11794526)
(0.036081251 0.0015753412 0.11794526)
(0.037112143 0.001620351 0.11794526)
(0.038143036 0.0016653608 0.11794526)
(0.039173929 0.0017103705 0.11794526)
(0.040204822 0.0017553803 0.11794526)
(0.041235715 0.00180039 0.11794526)
(0 0 0.11807649)
(0.0010308929 -4.500975e-05 0.11807649)
(0.0020617858 -9.00195e-05 0.11807649)
(0.0030926786 -0.00013502925 0.11807649)
(0.0041235715 -0.000180039 0.11807649)
(0.0051544644 -0.00022504875 0.11807649)
(0.0061853572 -0.0002700585 0.11807649)
(0.0072162501 -0.00031506825 0.11807649)
(0.008247143 -0.000360078 0.11807649)
(0.0092780359 -0.00040508775 0.11807649)
(0.010308929 -0.0004500975 0.11807649)
(0.011339822 -0.00049510725 0.11807649)
(0.012370714 -0.000540117 0.11807649)
(0.013401607 -0.00058512675 0.11807649)
(0.0144325 -0.0006301365 0.11807649)
(0.015463393 -0.00067514625 0.11807649)
(0.016494286 -0.000720156 0.11807649)
(0.017525179 -0.00076516575 0.11807649)
(0.018556072 -0.0008101755 0.11807649)
(0.019586965 -0.00085518525 0.11807649)
(0.020617857 -0.000900195 0.11807649)
(0.02164875 -0.00094520475 0.11807649)
(0.022679643 -0.0009902145 0.11807649)
(0.023710536 -0.0010352243 0.11807649)
(0.024741429 -0.001080234 0.11807649)
(0.025772322 -0.0011252437 0.11807649)
(0.026803215 -0.0011702535 0.11807649)
(0.027834108 -0.0012152632 0.11807649)
(0.028865001 -0.001260273 0.11807649)
(0.029895893 -0.0013052828 0.11807649)
(0.030926786 -0.0013502925 0.11807649)
(0.031957679 -0.0013953023 0.11807649)
(0.032988572 -0.001440312 0.11807649)
(0.034019465 -0.0014853217 0.11807649)
(0.035050358 -0.0015303315 0.11807649)
(0.036081251 -0.0015753412 0.11807649)
(0.037112143 -0.001620351 0.11807649)
(0.038143036 -0.0016653608 0.11807649)
(0.039173929 -0.0017103705 0.11807649)
(0.040204822 -0.0017553803 0.11807649)
(0.041235715 -0.00180039 0.11807649)
(0.0010308929 4.500975e-05 0.11807649)
(0.0020617858 9.00195e-05 0.11807649)
(0.0030926786 0.00013502925 0.11807649)
(0.0041235715 0.000180039 0.11807649)
(0.0051544644 0.00022504875 0.11807649)
(0.0061853572 0.0002700585 0.11807649)
(0.0072162501 0.00031506825 0.11807649)
(0.008247143 0.000360078 0.11807649)
(0.0092780359 0.00040508775 0.11807649)
(0.010308929 0.0004500975 0.11807649)
(0.011339822 0.00049510725 0.11807649)
(0.012370714 0.000540117 0.11807649)
(0.013401607 0.00058512675 0.11807649)
(0.0144325 0.0006301365 0.11807649)
(0.015463393 0.00067514625 0.11807649)
(0.016494286 0.000720156 0.11807649)
(0.017525179 0.00076516575 0.11807649)
(0.018556072 0.0008101755 0.11807649)
(0.019586965 0.00085518525 0.11807649)
(0.020617857 0.000900195 0.11807649)
(0.02164875 0.00094520475 0.11807649)
(0.022679643 0.0009902145 0.11807649)
(0.023710536 0.0010352243 0.11807649)
(0.024741429 0.001080234 0.11807649)
(0.025772322 0.0011252437 0.11807649)
(0.026803215 0.0011702535 0.11807649)
(0.027834108 0.0012152632 0.11807649)
(0.028865001 0.001260273 0.11807649)
(0.029895893 0.0013052828 0.11807649)
(0.030926786 0.0013502925 0.11807649)
(0.031957679 0.0013953023 0.11807649)
(0.032988572 0.001440312 0.11807649)
(0.034019465 0.0014853217 0.11807649)
(0.035050358 0.0015303315 0.11807649)
(0.036081251 0.0015753412 0.11807649)
(0.037112143 0.001620351 0.11807649)
(0.038143036 0.0016653608 0.11807649)
(0.039173929 0.0017103705 0.11807649)
(0.040204822 0.0017553803 0.11807649)
(0.041235715 0.00180039 0.11807649)
(0 0 0.11820772)
(0.0010308929 -4.500975e-05 0.11820772)
(0.0020617858 -9.00195e-05 0.11820772)
(0.0030926786 -0.00013502925 0.11820772)
(0.0041235715 -0.000180039 0.11820772)
(0.0051544644 -0.00022504875 0.11820772)
(0.0061853572 -0.0002700585 0.11820772)
(0.0072162501 -0.00031506825 0.11820772)
(0.008247143 -0.000360078 0.11820772)
(0.0092780359 -0.00040508775 0.11820772)
(0.010308929 -0.0004500975 0.11820772)
(0.011339822 -0.00049510725 0.11820772)
(0.012370714 -0.000540117 0.11820772)
(0.013401607 -0.00058512675 0.11820772)
(0.0144325 -0.0006301365 0.11820772)
(0.015463393 -0.00067514625 0.11820772)
(0.016494286 -0.000720156 0.11820772)
(0.017525179 -0.00076516575 0.11820772)
(0.018556072 -0.0008101755 0.11820772)
(0.019586965 -0.00085518525 0.11820772)
(0.020617857 -0.000900195 0.11820772)
(0.02164875 -0.00094520475 0.11820772)
(0.022679643 -0.0009902145 0.11820772)
(0.023710536 -0.0010352243 0.11820772)
(0.024741429 -0.001080234 0.11820772)
(0.025772322 -0.0011252437 0.11820772)
(0.026803215 -0.0011702535 0.11820772)
(0.027834108 -0.0012152632 0.11820772)
(0.028865001 -0.001260273 0.11820772)
(0.029895893 -0.0013052828 0.11820772)
(0.030926786 -0.0013502925 0.11820772)
(0.031957679 -0.0013953023 0.11820772)
(0.032988572 -0.001440312 0.11820772)
(0.034019465 -0.0014853217 0.11820772)
(0.035050358 -0.0015303315 0.11820772)
(0.036081251 -0.0015753412 0.11820772)
(0.037112143 -0.001620351 0.11820772)
(0.038143036 -0.0016653608 0.11820772)
(0.039173929 -0.0017103705 0.11820772)
(0.040204822 -0.0017553803 0.11820772)
(0.041235715 -0.00180039 0.11820772)
(0.0010308929 4.500975e-05 0.11820772)
(0.0020617858 9.00195e-05 0.11820772)
(0.0030926786 0.00013502925 0.11820772)
(0.0041235715 0.000180039 0.11820772)
(0.0051544644 0.00022504875 0.11820772)
(0.0061853572 0.0002700585 0.11820772)
(0.0072162501 0.00031506825 0.11820772)
(0.008247143 0.000360078 0.11820772)
(0.0092780359 0.00040508775 0.11820772)
(0.010308929 0.0004500975 0.11820772)
(0.011339822 0.00049510725 0.11820772)
(0.012370714 0.000540117 0.11820772)
(0.013401607 0.00058512675 0.11820772)
(0.0144325 0.0006301365 0.11820772)
(0.015463393 0.00067514625 0.11820772)
(0.016494286 0.000720156 0.11820772)
(0.017525179 0.00076516575 0.11820772)
(0.018556072 0.0008101755 0.11820772)
(0.019586965 0.00085518525 0.11820772)
(0.020617857 0.000900195 0.11820772)
(0.02164875 0.00094520475 0.11820772)
(0.022679643 0.0009902145 0.11820772)
(0.023710536 0.0010352243 0.11820772)
(0.024741429 0.001080234 0.11820772)
(0.025772322 0.0011252437 0.11820772)
(0.026803215 0.0011702535 0.11820772)
(0.027834108 0.0012152632 0.11820772)
(0.028865001 0.001260273 0.11820772)
(0.029895893 0.0013052828 0.11820772)
(0.030926786 0.0013502925 0.11820772)
(0.031957679 0.0013953023 0.11820772)
(0.032988572 0.001440312 0.11820772)
(0.034019465 0.0014853217 0.11820772)
(0.035050358 0.0015303315 0.11820772)
(0.036081251 0.0015753412 0.11820772)
(0.037112143 0.001620351 0.11820772)
(0.038143036 0.0016653608 0.11820772)
(0.039173929 0.0017103705 0.11820772)
(0.040204822 0.0017553803 0.11820772)
(0.041235715 0.00180039 0.11820772)
(0 0 0.11833894)
(0.0010308929 -4.500975e-05 0.11833894)
(0.0020617858 -9.00195e-05 0.11833894)
(0.0030926786 -0.00013502925 0.11833894)
(0.0041235715 -0.000180039 0.11833894)
(0.0051544644 -0.00022504875 0.11833894)
(0.0061853572 -0.0002700585 0.11833894)
(0.0072162501 -0.00031506825 0.11833894)
(0.008247143 -0.000360078 0.11833894)
(0.0092780359 -0.00040508775 0.11833894)
(0.010308929 -0.0004500975 0.11833894)
(0.011339822 -0.00049510725 0.11833894)
(0.012370714 -0.000540117 0.11833894)
(0.013401607 -0.00058512675 0.11833894)
(0.0144325 -0.0006301365 0.11833894)
(0.015463393 -0.00067514625 0.11833894)
(0.016494286 -0.000720156 0.11833894)
(0.017525179 -0.00076516575 0.11833894)
(0.018556072 -0.0008101755 0.11833894)
(0.019586965 -0.00085518525 0.11833894)
(0.020617857 -0.000900195 0.11833894)
(0.02164875 -0.00094520475 0.11833894)
(0.022679643 -0.0009902145 0.11833894)
(0.023710536 -0.0010352243 0.11833894)
(0.024741429 -0.001080234 0.11833894)
(0.025772322 -0.0011252437 0.11833894)
(0.026803215 -0.0011702535 0.11833894)
(0.027834108 -0.0012152632 0.11833894)
(0.028865001 -0.001260273 0.11833894)
(0.029895893 -0.0013052828 0.11833894)
(0.030926786 -0.0013502925 0.11833894)
(0.031957679 -0.0013953023 0.11833894)
(0.032988572 -0.001440312 0.11833894)
(0.034019465 -0.0014853217 0.11833894)
(0.035050358 -0.0015303315 0.11833894)
(0.036081251 -0.0015753412 0.11833894)
(0.037112143 -0.001620351 0.11833894)
(0.038143036 -0.0016653608 0.11833894)
(0.039173929 -0.0017103705 0.11833894)
(0.040204822 -0.0017553803 0.11833894)
(0.041235715 -0.00180039 0.11833894)
(0.0010308929 4.500975e-05 0.11833894)
(0.0020617858 9.00195e-05 0.11833894)
(0.0030926786 0.00013502925 0.11833894)
(0.0041235715 0.000180039 0.11833894)
(0.0051544644 0.00022504875 0.11833894)
(0.0061853572 0.0002700585 0.11833894)
(0.0072162501 0.00031506825 0.11833894)
(0.008247143 0.000360078 0.11833894)
(0.0092780359 0.00040508775 0.11833894)
(0.010308929 0.0004500975 0.11833894)
(0.011339822 0.00049510725 0.11833894)
(0.012370714 0.000540117 0.11833894)
(0.013401607 0.00058512675 0.11833894)
(0.0144325 0.0006301365 0.11833894)
(0.015463393 0.00067514625 0.11833894)
(0.016494286 0.000720156 0.11833894)
(0.017525179 0.00076516575 0.11833894)
(0.018556072 0.0008101755 0.11833894)
(0.019586965 0.00085518525 0.11833894)
(0.020617857 0.000900195 0.11833894)
(0.02164875 0.00094520475 0.11833894)
(0.022679643 0.0009902145 0.11833894)
(0.023710536 0.0010352243 0.11833894)
(0.024741429 0.001080234 0.11833894)
(0.025772322 0.0011252437 0.11833894)
(0.026803215 0.0011702535 0.11833894)
(0.027834108 0.0012152632 0.11833894)
(0.028865001 0.001260273 0.11833894)
(0.029895893 0.0013052828 0.11833894)
(0.030926786 0.0013502925 0.11833894)
(0.031957679 0.0013953023 0.11833894)
(0.032988572 0.001440312 0.11833894)
(0.034019465 0.0014853217 0.11833894)
(0.035050358 0.0015303315 0.11833894)
(0.036081251 0.0015753412 0.11833894)
(0.037112143 0.001620351 0.11833894)
(0.038143036 0.0016653608 0.11833894)
(0.039173929 0.0017103705 0.11833894)
(0.040204822 0.0017553803 0.11833894)
(0.041235715 0.00180039 0.11833894)
(0 0 0.11847017)
(0.0010308929 -4.500975e-05 0.11847017)
(0.0020617858 -9.00195e-05 0.11847017)
(0.0030926786 -0.00013502925 0.11847017)
(0.0041235715 -0.000180039 0.11847017)
(0.0051544644 -0.00022504875 0.11847017)
(0.0061853572 -0.0002700585 0.11847017)
(0.0072162501 -0.00031506825 0.11847017)
(0.008247143 -0.000360078 0.11847017)
(0.0092780359 -0.00040508775 0.11847017)
(0.010308929 -0.0004500975 0.11847017)
(0.011339822 -0.00049510725 0.11847017)
(0.012370714 -0.000540117 0.11847017)
(0.013401607 -0.00058512675 0.11847017)
(0.0144325 -0.0006301365 0.11847017)
(0.015463393 -0.00067514625 0.11847017)
(0.016494286 -0.000720156 0.11847017)
(0.017525179 -0.00076516575 0.11847017)
(0.018556072 -0.0008101755 0.11847017)
(0.019586965 -0.00085518525 0.11847017)
(0.020617857 -0.000900195 0.11847017)
(0.02164875 -0.00094520475 0.11847017)
(0.022679643 -0.0009902145 0.11847017)
(0.023710536 -0.0010352243 0.11847017)
(0.024741429 -0.001080234 0.11847017)
(0.025772322 -0.0011252437 0.11847017)
(0.026803215 -0.0011702535 0.11847017)
(0.027834108 -0.0012152632 0.11847017)
(0.028865001 -0.001260273 0.11847017)
(0.029895893 -0.0013052828 0.11847017)
(0.030926786 -0.0013502925 0.11847017)
(0.031957679 -0.0013953023 0.11847017)
(0.032988572 -0.001440312 0.11847017)
(0.034019465 -0.0014853217 0.11847017)
(0.035050358 -0.0015303315 0.11847017)
(0.036081251 -0.0015753412 0.11847017)
(0.037112143 -0.001620351 0.11847017)
(0.038143036 -0.0016653608 0.11847017)
(0.039173929 -0.0017103705 0.11847017)
(0.040204822 -0.0017553803 0.11847017)
(0.041235715 -0.00180039 0.11847017)
(0.0010308929 4.500975e-05 0.11847017)
(0.0020617858 9.00195e-05 0.11847017)
(0.0030926786 0.00013502925 0.11847017)
(0.0041235715 0.000180039 0.11847017)
(0.0051544644 0.00022504875 0.11847017)
(0.0061853572 0.0002700585 0.11847017)
(0.0072162501 0.00031506825 0.11847017)
(0.008247143 0.000360078 0.11847017)
(0.0092780359 0.00040508775 0.11847017)
(0.010308929 0.0004500975 0.11847017)
(0.011339822 0.00049510725 0.11847017)
(0.012370714 0.000540117 0.11847017)
(0.013401607 0.00058512675 0.11847017)
(0.0144325 0.0006301365 0.11847017)
(0.015463393 0.00067514625 0.11847017)
(0.016494286 0.000720156 0.11847017)
(0.017525179 0.00076516575 0.11847017)
(0.018556072 0.0008101755 0.11847017)
(0.019586965 0.00085518525 0.11847017)
(0.020617857 0.000900195 0.11847017)
(0.02164875 0.00094520475 0.11847017)
(0.022679643 0.0009902145 0.11847017)
(0.023710536 0.0010352243 0.11847017)
(0.024741429 0.001080234 0.11847017)
(0.025772322 0.0011252437 0.11847017)
(0.026803215 0.0011702535 0.11847017)
(0.027834108 0.0012152632 0.11847017)
(0.028865001 0.001260273 0.11847017)
(0.029895893 0.0013052828 0.11847017)
(0.030926786 0.0013502925 0.11847017)
(0.031957679 0.0013953023 0.11847017)
(0.032988572 0.001440312 0.11847017)
(0.034019465 0.0014853217 0.11847017)
(0.035050358 0.0015303315 0.11847017)
(0.036081251 0.0015753412 0.11847017)
(0.037112143 0.001620351 0.11847017)
(0.038143036 0.0016653608 0.11847017)
(0.039173929 0.0017103705 0.11847017)
(0.040204822 0.0017553803 0.11847017)
(0.041235715 0.00180039 0.11847017)
(0 0 0.11860141)
(0.0010308929 -4.500975e-05 0.11860141)
(0.0020617858 -9.00195e-05 0.11860141)
(0.0030926786 -0.00013502925 0.11860141)
(0.0041235715 -0.000180039 0.11860141)
(0.0051544644 -0.00022504875 0.11860141)
(0.0061853572 -0.0002700585 0.11860141)
(0.0072162501 -0.00031506825 0.11860141)
(0.008247143 -0.000360078 0.11860141)
(0.0092780359 -0.00040508775 0.11860141)
(0.010308929 -0.0004500975 0.11860141)
(0.011339822 -0.00049510725 0.11860141)
(0.012370714 -0.000540117 0.11860141)
(0.013401607 -0.00058512675 0.11860141)
(0.0144325 -0.0006301365 0.11860141)
(0.015463393 -0.00067514625 0.11860141)
(0.016494286 -0.000720156 0.11860141)
(0.017525179 -0.00076516575 0.11860141)
(0.018556072 -0.0008101755 0.11860141)
(0.019586965 -0.00085518525 0.11860141)
(0.020617857 -0.000900195 0.11860141)
(0.02164875 -0.00094520475 0.11860141)
(0.022679643 -0.0009902145 0.11860141)
(0.023710536 -0.0010352243 0.11860141)
(0.024741429 -0.001080234 0.11860141)
(0.025772322 -0.0011252437 0.11860141)
(0.026803215 -0.0011702535 0.11860141)
(0.027834108 -0.0012152632 0.11860141)
(0.028865001 -0.001260273 0.11860141)
(0.029895893 -0.0013052828 0.11860141)
(0.030926786 -0.0013502925 0.11860141)
(0.031957679 -0.0013953023 0.11860141)
(0.032988572 -0.001440312 0.11860141)
(0.034019465 -0.0014853217 0.11860141)
(0.035050358 -0.0015303315 0.11860141)
(0.036081251 -0.0015753412 0.11860141)
(0.037112143 -0.001620351 0.11860141)
(0.038143036 -0.0016653608 0.11860141)
(0.039173929 -0.0017103705 0.11860141)
(0.040204822 -0.0017553803 0.11860141)
(0.041235715 -0.00180039 0.11860141)
(0.0010308929 4.500975e-05 0.11860141)
(0.0020617858 9.00195e-05 0.11860141)
(0.0030926786 0.00013502925 0.11860141)
(0.0041235715 0.000180039 0.11860141)
(0.0051544644 0.00022504875 0.11860141)
(0.0061853572 0.0002700585 0.11860141)
(0.0072162501 0.00031506825 0.11860141)
(0.008247143 0.000360078 0.11860141)
(0.0092780359 0.00040508775 0.11860141)
(0.010308929 0.0004500975 0.11860141)
(0.011339822 0.00049510725 0.11860141)
(0.012370714 0.000540117 0.11860141)
(0.013401607 0.00058512675 0.11860141)
(0.0144325 0.0006301365 0.11860141)
(0.015463393 0.00067514625 0.11860141)
(0.016494286 0.000720156 0.11860141)
(0.017525179 0.00076516575 0.11860141)
(0.018556072 0.0008101755 0.11860141)
(0.019586965 0.00085518525 0.11860141)
(0.020617857 0.000900195 0.11860141)
(0.02164875 0.00094520475 0.11860141)
(0.022679643 0.0009902145 0.11860141)
(0.023710536 0.0010352243 0.11860141)
(0.024741429 0.001080234 0.11860141)
(0.025772322 0.0011252437 0.11860141)
(0.026803215 0.0011702535 0.11860141)
(0.027834108 0.0012152632 0.11860141)
(0.028865001 0.001260273 0.11860141)
(0.029895893 0.0013052828 0.11860141)
(0.030926786 0.0013502925 0.11860141)
(0.031957679 0.0013953023 0.11860141)
(0.032988572 0.001440312 0.11860141)
(0.034019465 0.0014853217 0.11860141)
(0.035050358 0.0015303315 0.11860141)
(0.036081251 0.0015753412 0.11860141)
(0.037112143 0.001620351 0.11860141)
(0.038143036 0.0016653608 0.11860141)
(0.039173929 0.0017103705 0.11860141)
(0.040204822 0.0017553803 0.11860141)
(0.041235715 0.00180039 0.11860141)
(0 0 0.11873263)
(0.0010308929 -4.500975e-05 0.11873263)
(0.0020617858 -9.00195e-05 0.11873263)
(0.0030926786 -0.00013502925 0.11873263)
(0.0041235715 -0.000180039 0.11873263)
(0.0051544644 -0.00022504875 0.11873263)
(0.0061853572 -0.0002700585 0.11873263)
(0.0072162501 -0.00031506825 0.11873263)
(0.008247143 -0.000360078 0.11873263)
(0.0092780359 -0.00040508775 0.11873263)
(0.010308929 -0.0004500975 0.11873263)
(0.011339822 -0.00049510725 0.11873263)
(0.012370714 -0.000540117 0.11873263)
(0.013401607 -0.00058512675 0.11873263)
(0.0144325 -0.0006301365 0.11873263)
(0.015463393 -0.00067514625 0.11873263)
(0.016494286 -0.000720156 0.11873263)
(0.017525179 -0.00076516575 0.11873263)
(0.018556072 -0.0008101755 0.11873263)
(0.019586965 -0.00085518525 0.11873263)
(0.020617857 -0.000900195 0.11873263)
(0.02164875 -0.00094520475 0.11873263)
(0.022679643 -0.0009902145 0.11873263)
(0.023710536 -0.0010352243 0.11873263)
(0.024741429 -0.001080234 0.11873263)
(0.025772322 -0.0011252437 0.11873263)
(0.026803215 -0.0011702535 0.11873263)
(0.027834108 -0.0012152632 0.11873263)
(0.028865001 -0.001260273 0.11873263)
(0.029895893 -0.0013052828 0.11873263)
(0.030926786 -0.0013502925 0.11873263)
(0.031957679 -0.0013953023 0.11873263)
(0.032988572 -0.001440312 0.11873263)
(0.034019465 -0.0014853217 0.11873263)
(0.035050358 -0.0015303315 0.11873263)
(0.036081251 -0.0015753412 0.11873263)
(0.037112143 -0.001620351 0.11873263)
(0.038143036 -0.0016653608 0.11873263)
(0.039173929 -0.0017103705 0.11873263)
(0.040204822 -0.0017553803 0.11873263)
(0.041235715 -0.00180039 0.11873263)
(0.0010308929 4.500975e-05 0.11873263)
(0.0020617858 9.00195e-05 0.11873263)
(0.0030926786 0.00013502925 0.11873263)
(0.0041235715 0.000180039 0.11873263)
(0.0051544644 0.00022504875 0.11873263)
(0.0061853572 0.0002700585 0.11873263)
(0.0072162501 0.00031506825 0.11873263)
(0.008247143 0.000360078 0.11873263)
(0.0092780359 0.00040508775 0.11873263)
(0.010308929 0.0004500975 0.11873263)
(0.011339822 0.00049510725 0.11873263)
(0.012370714 0.000540117 0.11873263)
(0.013401607 0.00058512675 0.11873263)
(0.0144325 0.0006301365 0.11873263)
(0.015463393 0.00067514625 0.11873263)
(0.016494286 0.000720156 0.11873263)
(0.017525179 0.00076516575 0.11873263)
(0.018556072 0.0008101755 0.11873263)
(0.019586965 0.00085518525 0.11873263)
(0.020617857 0.000900195 0.11873263)
(0.02164875 0.00094520475 0.11873263)
(0.022679643 0.0009902145 0.11873263)
(0.023710536 0.0010352243 0.11873263)
(0.024741429 0.001080234 0.11873263)
(0.025772322 0.0011252437 0.11873263)
(0.026803215 0.0011702535 0.11873263)
(0.027834108 0.0012152632 0.11873263)
(0.028865001 0.001260273 0.11873263)
(0.029895893 0.0013052828 0.11873263)
(0.030926786 0.0013502925 0.11873263)
(0.031957679 0.0013953023 0.11873263)
(0.032988572 0.001440312 0.11873263)
(0.034019465 0.0014853217 0.11873263)
(0.035050358 0.0015303315 0.11873263)
(0.036081251 0.0015753412 0.11873263)
(0.037112143 0.001620351 0.11873263)
(0.038143036 0.0016653608 0.11873263)
(0.039173929 0.0017103705 0.11873263)
(0.040204822 0.0017553803 0.11873263)
(0.041235715 0.00180039 0.11873263)
(0 0 0.11886386)
(0.0010308929 -4.500975e-05 0.11886386)
(0.0020617858 -9.00195e-05 0.11886386)
(0.0030926786 -0.00013502925 0.11886386)
(0.0041235715 -0.000180039 0.11886386)
(0.0051544644 -0.00022504875 0.11886386)
(0.0061853572 -0.0002700585 0.11886386)
(0.0072162501 -0.00031506825 0.11886386)
(0.008247143 -0.000360078 0.11886386)
(0.0092780359 -0.00040508775 0.11886386)
(0.010308929 -0.0004500975 0.11886386)
(0.011339822 -0.00049510725 0.11886386)
(0.012370714 -0.000540117 0.11886386)
(0.013401607 -0.00058512675 0.11886386)
(0.0144325 -0.0006301365 0.11886386)
(0.015463393 -0.00067514625 0.11886386)
(0.016494286 -0.000720156 0.11886386)
(0.017525179 -0.00076516575 0.11886386)
(0.018556072 -0.0008101755 0.11886386)
(0.019586965 -0.00085518525 0.11886386)
(0.020617857 -0.000900195 0.11886386)
(0.02164875 -0.00094520475 0.11886386)
(0.022679643 -0.0009902145 0.11886386)
(0.023710536 -0.0010352243 0.11886386)
(0.024741429 -0.001080234 0.11886386)
(0.025772322 -0.0011252437 0.11886386)
(0.026803215 -0.0011702535 0.11886386)
(0.027834108 -0.0012152632 0.11886386)
(0.028865001 -0.001260273 0.11886386)
(0.029895893 -0.0013052828 0.11886386)
(0.030926786 -0.0013502925 0.11886386)
(0.031957679 -0.0013953023 0.11886386)
(0.032988572 -0.001440312 0.11886386)
(0.034019465 -0.0014853217 0.11886386)
(0.035050358 -0.0015303315 0.11886386)
(0.036081251 -0.0015753412 0.11886386)
(0.037112143 -0.001620351 0.11886386)
(0.038143036 -0.0016653608 0.11886386)
(0.039173929 -0.0017103705 0.11886386)
(0.040204822 -0.0017553803 0.11886386)
(0.041235715 -0.00180039 0.11886386)
(0.0010308929 4.500975e-05 0.11886386)
(0.0020617858 9.00195e-05 0.11886386)
(0.0030926786 0.00013502925 0.11886386)
(0.0041235715 0.000180039 0.11886386)
(0.0051544644 0.00022504875 0.11886386)
(0.0061853572 0.0002700585 0.11886386)
(0.0072162501 0.00031506825 0.11886386)
(0.008247143 0.000360078 0.11886386)
(0.0092780359 0.00040508775 0.11886386)
(0.010308929 0.0004500975 0.11886386)
(0.011339822 0.00049510725 0.11886386)
(0.012370714 0.000540117 0.11886386)
(0.013401607 0.00058512675 0.11886386)
(0.0144325 0.0006301365 0.11886386)
(0.015463393 0.00067514625 0.11886386)
(0.016494286 0.000720156 0.11886386)
(0.017525179 0.00076516575 0.11886386)
(0.018556072 0.0008101755 0.11886386)
(0.019586965 0.00085518525 0.11886386)
(0.020617857 0.000900195 0.11886386)
(0.02164875 0.00094520475 0.11886386)
(0.022679643 0.0009902145 0.11886386)
(0.023710536 0.0010352243 0.11886386)
(0.024741429 0.001080234 0.11886386)
(0.025772322 0.0011252437 0.11886386)
(0.026803215 0.0011702535 0.11886386)
(0.027834108 0.0012152632 0.11886386)
(0.028865001 0.001260273 0.11886386)
(0.029895893 0.0013052828 0.11886386)
(0.030926786 0.0013502925 0.11886386)
(0.031957679 0.0013953023 0.11886386)
(0.032988572 0.001440312 0.11886386)
(0.034019465 0.0014853217 0.11886386)
(0.035050358 0.0015303315 0.11886386)
(0.036081251 0.0015753412 0.11886386)
(0.037112143 0.001620351 0.11886386)
(0.038143036 0.0016653608 0.11886386)
(0.039173929 0.0017103705 0.11886386)
(0.040204822 0.0017553803 0.11886386)
(0.041235715 0.00180039 0.11886386)
(0 0 0.11899509)
(0.0010308929 -4.500975e-05 0.11899509)
(0.0020617858 -9.00195e-05 0.11899509)
(0.0030926786 -0.00013502925 0.11899509)
(0.0041235715 -0.000180039 0.11899509)
(0.0051544644 -0.00022504875 0.11899509)
(0.0061853572 -0.0002700585 0.11899509)
(0.0072162501 -0.00031506825 0.11899509)
(0.008247143 -0.000360078 0.11899509)
(0.0092780359 -0.00040508775 0.11899509)
(0.010308929 -0.0004500975 0.11899509)
(0.011339822 -0.00049510725 0.11899509)
(0.012370714 -0.000540117 0.11899509)
(0.013401607 -0.00058512675 0.11899509)
(0.0144325 -0.0006301365 0.11899509)
(0.015463393 -0.00067514625 0.11899509)
(0.016494286 -0.000720156 0.11899509)
(0.017525179 -0.00076516575 0.11899509)
(0.018556072 -0.0008101755 0.11899509)
(0.019586965 -0.00085518525 0.11899509)
(0.020617857 -0.000900195 0.11899509)
(0.02164875 -0.00094520475 0.11899509)
(0.022679643 -0.0009902145 0.11899509)
(0.023710536 -0.0010352243 0.11899509)
(0.024741429 -0.001080234 0.11899509)
(0.025772322 -0.0011252437 0.11899509)
(0.026803215 -0.0011702535 0.11899509)
(0.027834108 -0.0012152632 0.11899509)
(0.028865001 -0.001260273 0.11899509)
(0.029895893 -0.0013052828 0.11899509)
(0.030926786 -0.0013502925 0.11899509)
(0.031957679 -0.0013953023 0.11899509)
(0.032988572 -0.001440312 0.11899509)
(0.034019465 -0.0014853217 0.11899509)
(0.035050358 -0.0015303315 0.11899509)
(0.036081251 -0.0015753412 0.11899509)
(0.037112143 -0.001620351 0.11899509)
(0.038143036 -0.0016653608 0.11899509)
(0.039173929 -0.0017103705 0.11899509)
(0.040204822 -0.0017553803 0.11899509)
(0.041235715 -0.00180039 0.11899509)
(0.0010308929 4.500975e-05 0.11899509)
(0.0020617858 9.00195e-05 0.11899509)
(0.0030926786 0.00013502925 0.11899509)
(0.0041235715 0.000180039 0.11899509)
(0.0051544644 0.00022504875 0.11899509)
(0.0061853572 0.0002700585 0.11899509)
(0.0072162501 0.00031506825 0.11899509)
(0.008247143 0.000360078 0.11899509)
(0.0092780359 0.00040508775 0.11899509)
(0.010308929 0.0004500975 0.11899509)
(0.011339822 0.00049510725 0.11899509)
(0.012370714 0.000540117 0.11899509)
(0.013401607 0.00058512675 0.11899509)
(0.0144325 0.0006301365 0.11899509)
(0.015463393 0.00067514625 0.11899509)
(0.016494286 0.000720156 0.11899509)
(0.017525179 0.00076516575 0.11899509)
(0.018556072 0.0008101755 0.11899509)
(0.019586965 0.00085518525 0.11899509)
(0.020617857 0.000900195 0.11899509)
(0.02164875 0.00094520475 0.11899509)
(0.022679643 0.0009902145 0.11899509)
(0.023710536 0.0010352243 0.11899509)
(0.024741429 0.001080234 0.11899509)
(0.025772322 0.0011252437 0.11899509)
(0.026803215 0.0011702535 0.11899509)
(0.027834108 0.0012152632 0.11899509)
(0.028865001 0.001260273 0.11899509)
(0.029895893 0.0013052828 0.11899509)
(0.030926786 0.0013502925 0.11899509)
(0.031957679 0.0013953023 0.11899509)
(0.032988572 0.001440312 0.11899509)
(0.034019465 0.0014853217 0.11899509)
(0.035050358 0.0015303315 0.11899509)
(0.036081251 0.0015753412 0.11899509)
(0.037112143 0.001620351 0.11899509)
(0.038143036 0.0016653608 0.11899509)
(0.039173929 0.0017103705 0.11899509)
(0.040204822 0.0017553803 0.11899509)
(0.041235715 0.00180039 0.11899509)
(0 0 0.11912631)
(0.0010308929 -4.500975e-05 0.11912631)
(0.0020617858 -9.00195e-05 0.11912631)
(0.0030926786 -0.00013502925 0.11912631)
(0.0041235715 -0.000180039 0.11912631)
(0.0051544644 -0.00022504875 0.11912631)
(0.0061853572 -0.0002700585 0.11912631)
(0.0072162501 -0.00031506825 0.11912631)
(0.008247143 -0.000360078 0.11912631)
(0.0092780359 -0.00040508775 0.11912631)
(0.010308929 -0.0004500975 0.11912631)
(0.011339822 -0.00049510725 0.11912631)
(0.012370714 -0.000540117 0.11912631)
(0.013401607 -0.00058512675 0.11912631)
(0.0144325 -0.0006301365 0.11912631)
(0.015463393 -0.00067514625 0.11912631)
(0.016494286 -0.000720156 0.11912631)
(0.017525179 -0.00076516575 0.11912631)
(0.018556072 -0.0008101755 0.11912631)
(0.019586965 -0.00085518525 0.11912631)
(0.020617857 -0.000900195 0.11912631)
(0.02164875 -0.00094520475 0.11912631)
(0.022679643 -0.0009902145 0.11912631)
(0.023710536 -0.0010352243 0.11912631)
(0.024741429 -0.001080234 0.11912631)
(0.025772322 -0.0011252437 0.11912631)
(0.026803215 -0.0011702535 0.11912631)
(0.027834108 -0.0012152632 0.11912631)
(0.028865001 -0.001260273 0.11912631)
(0.029895893 -0.0013052828 0.11912631)
(0.030926786 -0.0013502925 0.11912631)
(0.031957679 -0.0013953023 0.11912631)
(0.032988572 -0.001440312 0.11912631)
(0.034019465 -0.0014853217 0.11912631)
(0.035050358 -0.0015303315 0.11912631)
(0.036081251 -0.0015753412 0.11912631)
(0.037112143 -0.001620351 0.11912631)
(0.038143036 -0.0016653608 0.11912631)
(0.039173929 -0.0017103705 0.11912631)
(0.040204822 -0.0017553803 0.11912631)
(0.041235715 -0.00180039 0.11912631)
(0.0010308929 4.500975e-05 0.11912631)
(0.0020617858 9.00195e-05 0.11912631)
(0.0030926786 0.00013502925 0.11912631)
(0.0041235715 0.000180039 0.11912631)
(0.0051544644 0.00022504875 0.11912631)
(0.0061853572 0.0002700585 0.11912631)
(0.0072162501 0.00031506825 0.11912631)
(0.008247143 0.000360078 0.11912631)
(0.0092780359 0.00040508775 0.11912631)
(0.010308929 0.0004500975 0.11912631)
(0.011339822 0.00049510725 0.11912631)
(0.012370714 0.000540117 0.11912631)
(0.013401607 0.00058512675 0.11912631)
(0.0144325 0.0006301365 0.11912631)
(0.015463393 0.00067514625 0.11912631)
(0.016494286 0.000720156 0.11912631)
(0.017525179 0.00076516575 0.11912631)
(0.018556072 0.0008101755 0.11912631)
(0.019586965 0.00085518525 0.11912631)
(0.020617857 0.000900195 0.11912631)
(0.02164875 0.00094520475 0.11912631)
(0.022679643 0.0009902145 0.11912631)
(0.023710536 0.0010352243 0.11912631)
(0.024741429 0.001080234 0.11912631)
(0.025772322 0.0011252437 0.11912631)
(0.026803215 0.0011702535 0.11912631)
(0.027834108 0.0012152632 0.11912631)
(0.028865001 0.001260273 0.11912631)
(0.029895893 0.0013052828 0.11912631)
(0.030926786 0.0013502925 0.11912631)
(0.031957679 0.0013953023 0.11912631)
(0.032988572 0.001440312 0.11912631)
(0.034019465 0.0014853217 0.11912631)
(0.035050358 0.0015303315 0.11912631)
(0.036081251 0.0015753412 0.11912631)
(0.037112143 0.001620351 0.11912631)
(0.038143036 0.0016653608 0.11912631)
(0.039173929 0.0017103705 0.11912631)
(0.040204822 0.0017553803 0.11912631)
(0.041235715 0.00180039 0.11912631)
(0 0 0.11925754)
(0.0010308929 -4.500975e-05 0.11925754)
(0.0020617858 -9.00195e-05 0.11925754)
(0.0030926786 -0.00013502925 0.11925754)
(0.0041235715 -0.000180039 0.11925754)
(0.0051544644 -0.00022504875 0.11925754)
(0.0061853572 -0.0002700585 0.11925754)
(0.0072162501 -0.00031506825 0.11925754)
(0.008247143 -0.000360078 0.11925754)
(0.0092780359 -0.00040508775 0.11925754)
(0.010308929 -0.0004500975 0.11925754)
(0.011339822 -0.00049510725 0.11925754)
(0.012370714 -0.000540117 0.11925754)
(0.013401607 -0.00058512675 0.11925754)
(0.0144325 -0.0006301365 0.11925754)
(0.015463393 -0.00067514625 0.11925754)
(0.016494286 -0.000720156 0.11925754)
(0.017525179 -0.00076516575 0.11925754)
(0.018556072 -0.0008101755 0.11925754)
(0.019586965 -0.00085518525 0.11925754)
(0.020617857 -0.000900195 0.11925754)
(0.02164875 -0.00094520475 0.11925754)
(0.022679643 -0.0009902145 0.11925754)
(0.023710536 -0.0010352243 0.11925754)
(0.024741429 -0.001080234 0.11925754)
(0.025772322 -0.0011252437 0.11925754)
(0.026803215 -0.0011702535 0.11925754)
(0.027834108 -0.0012152632 0.11925754)
(0.028865001 -0.001260273 0.11925754)
(0.029895893 -0.0013052828 0.11925754)
(0.030926786 -0.0013502925 0.11925754)
(0.031957679 -0.0013953023 0.11925754)
(0.032988572 -0.001440312 0.11925754)
(0.034019465 -0.0014853217 0.11925754)
(0.035050358 -0.0015303315 0.11925754)
(0.036081251 -0.0015753412 0.11925754)
(0.037112143 -0.001620351 0.11925754)
(0.038143036 -0.0016653608 0.11925754)
(0.039173929 -0.0017103705 0.11925754)
(0.040204822 -0.0017553803 0.11925754)
(0.041235715 -0.00180039 0.11925754)
(0.0010308929 4.500975e-05 0.11925754)
(0.0020617858 9.00195e-05 0.11925754)
(0.0030926786 0.00013502925 0.11925754)
(0.0041235715 0.000180039 0.11925754)
(0.0051544644 0.00022504875 0.11925754)
(0.0061853572 0.0002700585 0.11925754)
(0.0072162501 0.00031506825 0.11925754)
(0.008247143 0.000360078 0.11925754)
(0.0092780359 0.00040508775 0.11925754)
(0.010308929 0.0004500975 0.11925754)
(0.011339822 0.00049510725 0.11925754)
(0.012370714 0.000540117 0.11925754)
(0.013401607 0.00058512675 0.11925754)
(0.0144325 0.0006301365 0.11925754)
(0.015463393 0.00067514625 0.11925754)
(0.016494286 0.000720156 0.11925754)
(0.017525179 0.00076516575 0.11925754)
(0.018556072 0.0008101755 0.11925754)
(0.019586965 0.00085518525 0.11925754)
(0.020617857 0.000900195 0.11925754)
(0.02164875 0.00094520475 0.11925754)
(0.022679643 0.0009902145 0.11925754)
(0.023710536 0.0010352243 0.11925754)
(0.024741429 0.001080234 0.11925754)
(0.025772322 0.0011252437 0.11925754)
(0.026803215 0.0011702535 0.11925754)
(0.027834108 0.0012152632 0.11925754)
(0.028865001 0.001260273 0.11925754)
(0.029895893 0.0013052828 0.11925754)
(0.030926786 0.0013502925 0.11925754)
(0.031957679 0.0013953023 0.11925754)
(0.032988572 0.001440312 0.11925754)
(0.034019465 0.0014853217 0.11925754)
(0.035050358 0.0015303315 0.11925754)
(0.036081251 0.0015753412 0.11925754)
(0.037112143 0.001620351 0.11925754)
(0.038143036 0.0016653608 0.11925754)
(0.039173929 0.0017103705 0.11925754)
(0.040204822 0.0017553803 0.11925754)
(0.041235715 0.00180039 0.11925754)
(0 0 0.11938877)
(0.0010308929 -4.500975e-05 0.11938877)
(0.0020617858 -9.00195e-05 0.11938877)
(0.0030926786 -0.00013502925 0.11938877)
(0.0041235715 -0.000180039 0.11938877)
(0.0051544644 -0.00022504875 0.11938877)
(0.0061853572 -0.0002700585 0.11938877)
(0.0072162501 -0.00031506825 0.11938877)
(0.008247143 -0.000360078 0.11938877)
(0.0092780359 -0.00040508775 0.11938877)
(0.010308929 -0.0004500975 0.11938877)
(0.011339822 -0.00049510725 0.11938877)
(0.012370714 -0.000540117 0.11938877)
(0.013401607 -0.00058512675 0.11938877)
(0.0144325 -0.0006301365 0.11938877)
(0.015463393 -0.00067514625 0.11938877)
(0.016494286 -0.000720156 0.11938877)
(0.017525179 -0.00076516575 0.11938877)
(0.018556072 -0.0008101755 0.11938877)
(0.019586965 -0.00085518525 0.11938877)
(0.020617857 -0.000900195 0.11938877)
(0.02164875 -0.00094520475 0.11938877)
(0.022679643 -0.0009902145 0.11938877)
(0.023710536 -0.0010352243 0.11938877)
(0.024741429 -0.001080234 0.11938877)
(0.025772322 -0.0011252437 0.11938877)
(0.026803215 -0.0011702535 0.11938877)
(0.027834108 -0.0012152632 0.11938877)
(0.028865001 -0.001260273 0.11938877)
(0.029895893 -0.0013052828 0.11938877)
(0.030926786 -0.0013502925 0.11938877)
(0.031957679 -0.0013953023 0.11938877)
(0.032988572 -0.001440312 0.11938877)
(0.034019465 -0.0014853217 0.11938877)
(0.035050358 -0.0015303315 0.11938877)
(0.036081251 -0.0015753412 0.11938877)
(0.037112143 -0.001620351 0.11938877)
(0.038143036 -0.0016653608 0.11938877)
(0.039173929 -0.0017103705 0.11938877)
(0.040204822 -0.0017553803 0.11938877)
(0.041235715 -0.00180039 0.11938877)
(0.0010308929 4.500975e-05 0.11938877)
(0.0020617858 9.00195e-05 0.11938877)
(0.0030926786 0.00013502925 0.11938877)
(0.0041235715 0.000180039 0.11938877)
(0.0051544644 0.00022504875 0.11938877)
(0.0061853572 0.0002700585 0.11938877)
(0.0072162501 0.00031506825 0.11938877)
(0.008247143 0.000360078 0.11938877)
(0.0092780359 0.00040508775 0.11938877)
(0.010308929 0.0004500975 0.11938877)
(0.011339822 0.00049510725 0.11938877)
(0.012370714 0.000540117 0.11938877)
(0.013401607 0.00058512675 0.11938877)
(0.0144325 0.0006301365 0.11938877)
(0.015463393 0.00067514625 0.11938877)
(0.016494286 0.000720156 0.11938877)
(0.017525179 0.00076516575 0.11938877)
(0.018556072 0.0008101755 0.11938877)
(0.019586965 0.00085518525 0.11938877)
(0.020617857 0.000900195 0.11938877)
(0.02164875 0.00094520475 0.11938877)
(0.022679643 0.0009902145 0.11938877)
(0.023710536 0.0010352243 0.11938877)
(0.024741429 0.001080234 0.11938877)
(0.025772322 0.0011252437 0.11938877)
(0.026803215 0.0011702535 0.11938877)
(0.027834108 0.0012152632 0.11938877)
(0.028865001 0.001260273 0.11938877)
(0.029895893 0.0013052828 0.11938877)
(0.030926786 0.0013502925 0.11938877)
(0.031957679 0.0013953023 0.11938877)
(0.032988572 0.001440312 0.11938877)
(0.034019465 0.0014853217 0.11938877)
(0.035050358 0.0015303315 0.11938877)
(0.036081251 0.0015753412 0.11938877)
(0.037112143 0.001620351 0.11938877)
(0.038143036 0.0016653608 0.11938877)
(0.039173929 0.0017103705 0.11938877)
(0.040204822 0.0017553803 0.11938877)
(0.041235715 0.00180039 0.11938877)
(0 0 0.11952)
(0.0010308929 -4.500975e-05 0.11952)
(0.0020617858 -9.00195e-05 0.11952)
(0.0030926786 -0.00013502925 0.11952)
(0.0041235715 -0.000180039 0.11952)
(0.0051544644 -0.00022504875 0.11952)
(0.0061853572 -0.0002700585 0.11952)
(0.0072162501 -0.00031506825 0.11952)
(0.008247143 -0.000360078 0.11952)
(0.0092780359 -0.00040508775 0.11952)
(0.010308929 -0.0004500975 0.11952)
(0.011339822 -0.00049510725 0.11952)
(0.012370714 -0.000540117 0.11952)
(0.013401607 -0.00058512675 0.11952)
(0.0144325 -0.0006301365 0.11952)
(0.015463393 -0.00067514625 0.11952)
(0.016494286 -0.000720156 0.11952)
(0.017525179 -0.00076516575 0.11952)
(0.018556072 -0.0008101755 0.11952)
(0.019586965 -0.00085518525 0.11952)
(0.020617857 -0.000900195 0.11952)
(0.02164875 -0.00094520475 0.11952)
(0.022679643 -0.0009902145 0.11952)
(0.023710536 -0.0010352243 0.11952)
(0.024741429 -0.001080234 0.11952)
(0.025772322 -0.0011252437 0.11952)
(0.026803215 -0.0011702535 0.11952)
(0.027834108 -0.0012152632 0.11952)
(0.028865001 -0.001260273 0.11952)
(0.029895893 -0.0013052828 0.11952)
(0.030926786 -0.0013502925 0.11952)
(0.031957679 -0.0013953023 0.11952)
(0.032988572 -0.001440312 0.11952)
(0.034019465 -0.0014853217 0.11952)
(0.035050358 -0.0015303315 0.11952)
(0.036081251 -0.0015753412 0.11952)
(0.037112143 -0.001620351 0.11952)
(0.038143036 -0.0016653608 0.11952)
(0.039173929 -0.0017103705 0.11952)
(0.040204822 -0.0017553803 0.11952)
(0.041235715 -0.00180039 0.11952)
(0.0010308929 4.500975e-05 0.11952)
(0.0020617858 9.00195e-05 0.11952)
(0.0030926786 0.00013502925 0.11952)
(0.0041235715 0.000180039 0.11952)
(0.0051544644 0.00022504875 0.11952)
(0.0061853572 0.0002700585 0.11952)
(0.0072162501 0.00031506825 0.11952)
(0.008247143 0.000360078 0.11952)
(0.0092780359 0.00040508775 0.11952)
(0.010308929 0.0004500975 0.11952)
(0.011339822 0.00049510725 0.11952)
(0.012370714 0.000540117 0.11952)
(0.013401607 0.00058512675 0.11952)
(0.0144325 0.0006301365 0.11952)
(0.015463393 0.00067514625 0.11952)
(0.016494286 0.000720156 0.11952)
(0.017525179 0.00076516575 0.11952)
(0.018556072 0.0008101755 0.11952)
(0.019586965 0.00085518525 0.11952)
(0.020617857 0.000900195 0.11952)
(0.02164875 0.00094520475 0.11952)
(0.022679643 0.0009902145 0.11952)
(0.023710536 0.0010352243 0.11952)
(0.024741429 0.001080234 0.11952)
(0.025772322 0.0011252437 0.11952)
(0.026803215 0.0011702535 0.11952)
(0.027834108 0.0012152632 0.11952)
(0.028865001 0.001260273 0.11952)
(0.029895893 0.0013052828 0.11952)
(0.030926786 0.0013502925 0.11952)
(0.031957679 0.0013953023 0.11952)
(0.032988572 0.001440312 0.11952)
(0.034019465 0.0014853217 0.11952)
(0.035050358 0.0015303315 0.11952)
(0.036081251 0.0015753412 0.11952)
(0.037112143 0.001620351 0.11952)
(0.038143036 0.0016653608 0.11952)
(0.039173929 0.0017103705 0.11952)
(0.040204822 0.0017553803 0.11952)
(0.041235715 0.00180039 0.11952)
(0 0 0.11965123)
(0.0010308929 -4.500975e-05 0.11965123)
(0.0020617858 -9.00195e-05 0.11965123)
(0.0030926786 -0.00013502925 0.11965123)
(0.0041235715 -0.000180039 0.11965123)
(0.0051544644 -0.00022504875 0.11965123)
(0.0061853572 -0.0002700585 0.11965123)
(0.0072162501 -0.00031506825 0.11965123)
(0.008247143 -0.000360078 0.11965123)
(0.0092780359 -0.00040508775 0.11965123)
(0.010308929 -0.0004500975 0.11965123)
(0.011339822 -0.00049510725 0.11965123)
(0.012370714 -0.000540117 0.11965123)
(0.013401607 -0.00058512675 0.11965123)
(0.0144325 -0.0006301365 0.11965123)
(0.015463393 -0.00067514625 0.11965123)
(0.016494286 -0.000720156 0.11965123)
(0.017525179 -0.00076516575 0.11965123)
(0.018556072 -0.0008101755 0.11965123)
(0.019586965 -0.00085518525 0.11965123)
(0.020617857 -0.000900195 0.11965123)
(0.02164875 -0.00094520475 0.11965123)
(0.022679643 -0.0009902145 0.11965123)
(0.023710536 -0.0010352243 0.11965123)
(0.024741429 -0.001080234 0.11965123)
(0.025772322 -0.0011252437 0.11965123)
(0.026803215 -0.0011702535 0.11965123)
(0.027834108 -0.0012152632 0.11965123)
(0.028865001 -0.001260273 0.11965123)
(0.029895893 -0.0013052828 0.11965123)
(0.030926786 -0.0013502925 0.11965123)
(0.031957679 -0.0013953023 0.11965123)
(0.032988572 -0.001440312 0.11965123)
(0.034019465 -0.0014853217 0.11965123)
(0.035050358 -0.0015303315 0.11965123)
(0.036081251 -0.0015753412 0.11965123)
(0.037112143 -0.001620351 0.11965123)
(0.038143036 -0.0016653608 0.11965123)
(0.039173929 -0.0017103705 0.11965123)
(0.040204822 -0.0017553803 0.11965123)
(0.041235715 -0.00180039 0.11965123)
(0.0010308929 4.500975e-05 0.11965123)
(0.0020617858 9.00195e-05 0.11965123)
(0.0030926786 0.00013502925 0.11965123)
(0.0041235715 0.000180039 0.11965123)
(0.0051544644 0.00022504875 0.11965123)
(0.0061853572 0.0002700585 0.11965123)
(0.0072162501 0.00031506825 0.11965123)
(0.008247143 0.000360078 0.11965123)
(0.0092780359 0.00040508775 0.11965123)
(0.010308929 0.0004500975 0.11965123)
(0.011339822 0.00049510725 0.11965123)
(0.012370714 0.000540117 0.11965123)
(0.013401607 0.00058512675 0.11965123)
(0.0144325 0.0006301365 0.11965123)
(0.015463393 0.00067514625 0.11965123)
(0.016494286 0.000720156 0.11965123)
(0.017525179 0.00076516575 0.11965123)
(0.018556072 0.0008101755 0.11965123)
(0.019586965 0.00085518525 0.11965123)
(0.020617857 0.000900195 0.11965123)
(0.02164875 0.00094520475 0.11965123)
(0.022679643 0.0009902145 0.11965123)
(0.023710536 0.0010352243 0.11965123)
(0.024741429 0.001080234 0.11965123)
(0.025772322 0.0011252437 0.11965123)
(0.026803215 0.0011702535 0.11965123)
(0.027834108 0.0012152632 0.11965123)
(0.028865001 0.001260273 0.11965123)
(0.029895893 0.0013052828 0.11965123)
(0.030926786 0.0013502925 0.11965123)
(0.031957679 0.0013953023 0.11965123)
(0.032988572 0.001440312 0.11965123)
(0.034019465 0.0014853217 0.11965123)
(0.035050358 0.0015303315 0.11965123)
(0.036081251 0.0015753412 0.11965123)
(0.037112143 0.001620351 0.11965123)
(0.038143036 0.0016653608 0.11965123)
(0.039173929 0.0017103705 0.11965123)
(0.040204822 0.0017553803 0.11965123)
(0.041235715 0.00180039 0.11965123)
(0 0 0.11978246)
(0.0010308929 -4.500975e-05 0.11978246)
(0.0020617858 -9.00195e-05 0.11978246)
(0.0030926786 -0.00013502925 0.11978246)
(0.0041235715 -0.000180039 0.11978246)
(0.0051544644 -0.00022504875 0.11978246)
(0.0061853572 -0.0002700585 0.11978246)
(0.0072162501 -0.00031506825 0.11978246)
(0.008247143 -0.000360078 0.11978246)
(0.0092780359 -0.00040508775 0.11978246)
(0.010308929 -0.0004500975 0.11978246)
(0.011339822 -0.00049510725 0.11978246)
(0.012370714 -0.000540117 0.11978246)
(0.013401607 -0.00058512675 0.11978246)
(0.0144325 -0.0006301365 0.11978246)
(0.015463393 -0.00067514625 0.11978246)
(0.016494286 -0.000720156 0.11978246)
(0.017525179 -0.00076516575 0.11978246)
(0.018556072 -0.0008101755 0.11978246)
(0.019586965 -0.00085518525 0.11978246)
(0.020617857 -0.000900195 0.11978246)
(0.02164875 -0.00094520475 0.11978246)
(0.022679643 -0.0009902145 0.11978246)
(0.023710536 -0.0010352243 0.11978246)
(0.024741429 -0.001080234 0.11978246)
(0.025772322 -0.0011252437 0.11978246)
(0.026803215 -0.0011702535 0.11978246)
(0.027834108 -0.0012152632 0.11978246)
(0.028865001 -0.001260273 0.11978246)
(0.029895893 -0.0013052828 0.11978246)
(0.030926786 -0.0013502925 0.11978246)
(0.031957679 -0.0013953023 0.11978246)
(0.032988572 -0.001440312 0.11978246)
(0.034019465 -0.0014853217 0.11978246)
(0.035050358 -0.0015303315 0.11978246)
(0.036081251 -0.0015753412 0.11978246)
(0.037112143 -0.001620351 0.11978246)
(0.038143036 -0.0016653608 0.11978246)
(0.039173929 -0.0017103705 0.11978246)
(0.040204822 -0.0017553803 0.11978246)
(0.041235715 -0.00180039 0.11978246)
(0.0010308929 4.500975e-05 0.11978246)
(0.0020617858 9.00195e-05 0.11978246)
(0.0030926786 0.00013502925 0.11978246)
(0.0041235715 0.000180039 0.11978246)
(0.0051544644 0.00022504875 0.11978246)
(0.0061853572 0.0002700585 0.11978246)
(0.0072162501 0.00031506825 0.11978246)
(0.008247143 0.000360078 0.11978246)
(0.0092780359 0.00040508775 0.11978246)
(0.010308929 0.0004500975 0.11978246)
(0.011339822 0.00049510725 0.11978246)
(0.012370714 0.000540117 0.11978246)
(0.013401607 0.00058512675 0.11978246)
(0.0144325 0.0006301365 0.11978246)
(0.015463393 0.00067514625 0.11978246)
(0.016494286 0.000720156 0.11978246)
(0.017525179 0.00076516575 0.11978246)
(0.018556072 0.0008101755 0.11978246)
(0.019586965 0.00085518525 0.11978246)
(0.020617857 0.000900195 0.11978246)
(0.02164875 0.00094520475 0.11978246)
(0.022679643 0.0009902145 0.11978246)
(0.023710536 0.0010352243 0.11978246)
(0.024741429 0.001080234 0.11978246)
(0.025772322 0.0011252437 0.11978246)
(0.026803215 0.0011702535 0.11978246)
(0.027834108 0.0012152632 0.11978246)
(0.028865001 0.001260273 0.11978246)
(0.029895893 0.0013052828 0.11978246)
(0.030926786 0.0013502925 0.11978246)
(0.031957679 0.0013953023 0.11978246)
(0.032988572 0.001440312 0.11978246)
(0.034019465 0.0014853217 0.11978246)
(0.035050358 0.0015303315 0.11978246)
(0.036081251 0.0015753412 0.11978246)
(0.037112143 0.001620351 0.11978246)
(0.038143036 0.0016653608 0.11978246)
(0.039173929 0.0017103705 0.11978246)
(0.040204822 0.0017553803 0.11978246)
(0.041235715 0.00180039 0.11978246)
(0 0 0.11991368)
(0.0010308929 -4.500975e-05 0.11991368)
(0.0020617858 -9.00195e-05 0.11991368)
(0.0030926786 -0.00013502925 0.11991368)
(0.0041235715 -0.000180039 0.11991368)
(0.0051544644 -0.00022504875 0.11991368)
(0.0061853572 -0.0002700585 0.11991368)
(0.0072162501 -0.00031506825 0.11991368)
(0.008247143 -0.000360078 0.11991368)
(0.0092780359 -0.00040508775 0.11991368)
(0.010308929 -0.0004500975 0.11991368)
(0.011339822 -0.00049510725 0.11991368)
(0.012370714 -0.000540117 0.11991368)
(0.013401607 -0.00058512675 0.11991368)
(0.0144325 -0.0006301365 0.11991368)
(0.015463393 -0.00067514625 0.11991368)
(0.016494286 -0.000720156 0.11991368)
(0.017525179 -0.00076516575 0.11991368)
(0.018556072 -0.0008101755 0.11991368)
(0.019586965 -0.00085518525 0.11991368)
(0.020617857 -0.000900195 0.11991368)
(0.02164875 -0.00094520475 0.11991368)
(0.022679643 -0.0009902145 0.11991368)
(0.023710536 -0.0010352243 0.11991368)
(0.024741429 -0.001080234 0.11991368)
(0.025772322 -0.0011252437 0.11991368)
(0.026803215 -0.0011702535 0.11991368)
(0.027834108 -0.0012152632 0.11991368)
(0.028865001 -0.001260273 0.11991368)
(0.029895893 -0.0013052828 0.11991368)
(0.030926786 -0.0013502925 0.11991368)
(0.031957679 -0.0013953023 0.11991368)
(0.032988572 -0.001440312 0.11991368)
(0.034019465 -0.0014853217 0.11991368)
(0.035050358 -0.0015303315 0.11991368)
(0.036081251 -0.0015753412 0.11991368)
(0.037112143 -0.001620351 0.11991368)
(0.038143036 -0.0016653608 0.11991368)
(0.039173929 -0.0017103705 0.11991368)
(0.040204822 -0.0017553803 0.11991368)
(0.041235715 -0.00180039 0.11991368)
(0.0010308929 4.500975e-05 0.11991368)
(0.0020617858 9.00195e-05 0.11991368)
(0.0030926786 0.00013502925 0.11991368)
(0.0041235715 0.000180039 0.11991368)
(0.0051544644 0.00022504875 0.11991368)
(0.0061853572 0.0002700585 0.11991368)
(0.0072162501 0.00031506825 0.11991368)
(0.008247143 0.000360078 0.11991368)
(0.0092780359 0.00040508775 0.11991368)
(0.010308929 0.0004500975 0.11991368)
(0.011339822 0.00049510725 0.11991368)
(0.012370714 0.000540117 0.11991368)
(0.013401607 0.00058512675 0.11991368)
(0.0144325 0.0006301365 0.11991368)
(0.015463393 0.00067514625 0.11991368)
(0.016494286 0.000720156 0.11991368)
(0.017525179 0.00076516575 0.11991368)
(0.018556072 0.0008101755 0.11991368)
(0.019586965 0.00085518525 0.11991368)
(0.020617857 0.000900195 0.11991368)
(0.02164875 0.00094520475 0.11991368)
(0.022679643 0.0009902145 0.11991368)
(0.023710536 0.0010352243 0.11991368)
(0.024741429 0.001080234 0.11991368)
(0.025772322 0.0011252437 0.11991368)
(0.026803215 0.0011702535 0.11991368)
(0.027834108 0.0012152632 0.11991368)
(0.028865001 0.001260273 0.11991368)
(0.029895893 0.0013052828 0.11991368)
(0.030926786 0.0013502925 0.11991368)
(0.031957679 0.0013953023 0.11991368)
(0.032988572 0.001440312 0.11991368)
(0.034019465 0.0014853217 0.11991368)
(0.035050358 0.0015303315 0.11991368)
(0.036081251 0.0015753412 0.11991368)
(0.037112143 0.001620351 0.11991368)
(0.038143036 0.0016653608 0.11991368)
(0.039173929 0.0017103705 0.11991368)
(0.040204822 0.0017553803 0.11991368)
(0.041235715 0.00180039 0.11991368)
(0 0 0.12004491)
(0.0010308929 -4.500975e-05 0.12004491)
(0.0020617858 -9.00195e-05 0.12004491)
(0.0030926786 -0.00013502925 0.12004491)
(0.0041235715 -0.000180039 0.12004491)
(0.0051544644 -0.00022504875 0.12004491)
(0.0061853572 -0.0002700585 0.12004491)
(0.0072162501 -0.00031506825 0.12004491)
(0.008247143 -0.000360078 0.12004491)
(0.0092780359 -0.00040508775 0.12004491)
(0.010308929 -0.0004500975 0.12004491)
(0.011339822 -0.00049510725 0.12004491)
(0.012370714 -0.000540117 0.12004491)
(0.013401607 -0.00058512675 0.12004491)
(0.0144325 -0.0006301365 0.12004491)
(0.015463393 -0.00067514625 0.12004491)
(0.016494286 -0.000720156 0.12004491)
(0.017525179 -0.00076516575 0.12004491)
(0.018556072 -0.0008101755 0.12004491)
(0.019586965 -0.00085518525 0.12004491)
(0.020617857 -0.000900195 0.12004491)
(0.02164875 -0.00094520475 0.12004491)
(0.022679643 -0.0009902145 0.12004491)
(0.023710536 -0.0010352243 0.12004491)
(0.024741429 -0.001080234 0.12004491)
(0.025772322 -0.0011252437 0.12004491)
(0.026803215 -0.0011702535 0.12004491)
(0.027834108 -0.0012152632 0.12004491)
(0.028865001 -0.001260273 0.12004491)
(0.029895893 -0.0013052828 0.12004491)
(0.030926786 -0.0013502925 0.12004491)
(0.031957679 -0.0013953023 0.12004491)
(0.032988572 -0.001440312 0.12004491)
(0.034019465 -0.0014853217 0.12004491)
(0.035050358 -0.0015303315 0.12004491)
(0.036081251 -0.0015753412 0.12004491)
(0.037112143 -0.001620351 0.12004491)
(0.038143036 -0.0016653608 0.12004491)
(0.039173929 -0.0017103705 0.12004491)
(0.040204822 -0.0017553803 0.12004491)
(0.041235715 -0.00180039 0.12004491)
(0.0010308929 4.500975e-05 0.12004491)
(0.0020617858 9.00195e-05 0.12004491)
(0.0030926786 0.00013502925 0.12004491)
(0.0041235715 0.000180039 0.12004491)
(0.0051544644 0.00022504875 0.12004491)
(0.0061853572 0.0002700585 0.12004491)
(0.0072162501 0.00031506825 0.12004491)
(0.008247143 0.000360078 0.12004491)
(0.0092780359 0.00040508775 0.12004491)
(0.010308929 0.0004500975 0.12004491)
(0.011339822 0.00049510725 0.12004491)
(0.012370714 0.000540117 0.12004491)
(0.013401607 0.00058512675 0.12004491)
(0.0144325 0.0006301365 0.12004491)
(0.015463393 0.00067514625 0.12004491)
(0.016494286 0.000720156 0.12004491)
(0.017525179 0.00076516575 0.12004491)
(0.018556072 0.0008101755 0.12004491)
(0.019586965 0.00085518525 0.12004491)
(0.020617857 0.000900195 0.12004491)
(0.02164875 0.00094520475 0.12004491)
(0.022679643 0.0009902145 0.12004491)
(0.023710536 0.0010352243 0.12004491)
(0.024741429 0.001080234 0.12004491)
(0.025772322 0.0011252437 0.12004491)
(0.026803215 0.0011702535 0.12004491)
(0.027834108 0.0012152632 0.12004491)
(0.028865001 0.001260273 0.12004491)
(0.029895893 0.0013052828 0.12004491)
(0.030926786 0.0013502925 0.12004491)
(0.031957679 0.0013953023 0.12004491)
(0.032988572 0.001440312 0.12004491)
(0.034019465 0.0014853217 0.12004491)
(0.035050358 0.0015303315 0.12004491)
(0.036081251 0.0015753412 0.12004491)
(0.037112143 0.001620351 0.12004491)
(0.038143036 0.0016653608 0.12004491)
(0.039173929 0.0017103705 0.12004491)
(0.040204822 0.0017553803 0.12004491)
(0.041235715 0.00180039 0.12004491)
(0 0 0.12017614)
(0.0010308929 -4.500975e-05 0.12017614)
(0.0020617858 -9.00195e-05 0.12017614)
(0.0030926786 -0.00013502925 0.12017614)
(0.0041235715 -0.000180039 0.12017614)
(0.0051544644 -0.00022504875 0.12017614)
(0.0061853572 -0.0002700585 0.12017614)
(0.0072162501 -0.00031506825 0.12017614)
(0.008247143 -0.000360078 0.12017614)
(0.0092780359 -0.00040508775 0.12017614)
(0.010308929 -0.0004500975 0.12017614)
(0.011339822 -0.00049510725 0.12017614)
(0.012370714 -0.000540117 0.12017614)
(0.013401607 -0.00058512675 0.12017614)
(0.0144325 -0.0006301365 0.12017614)
(0.015463393 -0.00067514625 0.12017614)
(0.016494286 -0.000720156 0.12017614)
(0.017525179 -0.00076516575 0.12017614)
(0.018556072 -0.0008101755 0.12017614)
(0.019586965 -0.00085518525 0.12017614)
(0.020617857 -0.000900195 0.12017614)
(0.02164875 -0.00094520475 0.12017614)
(0.022679643 -0.0009902145 0.12017614)
(0.023710536 -0.0010352243 0.12017614)
(0.024741429 -0.001080234 0.12017614)
(0.025772322 -0.0011252437 0.12017614)
(0.026803215 -0.0011702535 0.12017614)
(0.027834108 -0.0012152632 0.12017614)
(0.028865001 -0.001260273 0.12017614)
(0.029895893 -0.0013052828 0.12017614)
(0.030926786 -0.0013502925 0.12017614)
(0.031957679 -0.0013953023 0.12017614)
(0.032988572 -0.001440312 0.12017614)
(0.034019465 -0.0014853217 0.12017614)
(0.035050358 -0.0015303315 0.12017614)
(0.036081251 -0.0015753412 0.12017614)
(0.037112143 -0.001620351 0.12017614)
(0.038143036 -0.0016653608 0.12017614)
(0.039173929 -0.0017103705 0.12017614)
(0.040204822 -0.0017553803 0.12017614)
(0.041235715 -0.00180039 0.12017614)
(0.0010308929 4.500975e-05 0.12017614)
(0.0020617858 9.00195e-05 0.12017614)
(0.0030926786 0.00013502925 0.12017614)
(0.0041235715 0.000180039 0.12017614)
(0.0051544644 0.00022504875 0.12017614)
(0.0061853572 0.0002700585 0.12017614)
(0.0072162501 0.00031506825 0.12017614)
(0.008247143 0.000360078 0.12017614)
(0.0092780359 0.00040508775 0.12017614)
(0.010308929 0.0004500975 0.12017614)
(0.011339822 0.00049510725 0.12017614)
(0.012370714 0.000540117 0.12017614)
(0.013401607 0.00058512675 0.12017614)
(0.0144325 0.0006301365 0.12017614)
(0.015463393 0.00067514625 0.12017614)
(0.016494286 0.000720156 0.12017614)
(0.017525179 0.00076516575 0.12017614)
(0.018556072 0.0008101755 0.12017614)
(0.019586965 0.00085518525 0.12017614)
(0.020617857 0.000900195 0.12017614)
(0.02164875 0.00094520475 0.12017614)
(0.022679643 0.0009902145 0.12017614)
(0.023710536 0.0010352243 0.12017614)
(0.024741429 0.001080234 0.12017614)
(0.025772322 0.0011252437 0.12017614)
(0.026803215 0.0011702535 0.12017614)
(0.027834108 0.0012152632 0.12017614)
(0.028865001 0.001260273 0.12017614)
(0.029895893 0.0013052828 0.12017614)
(0.030926786 0.0013502925 0.12017614)
(0.031957679 0.0013953023 0.12017614)
(0.032988572 0.001440312 0.12017614)
(0.034019465 0.0014853217 0.12017614)
(0.035050358 0.0015303315 0.12017614)
(0.036081251 0.0015753412 0.12017614)
(0.037112143 0.001620351 0.12017614)
(0.038143036 0.0016653608 0.12017614)
(0.039173929 0.0017103705 0.12017614)
(0.040204822 0.0017553803 0.12017614)
(0.041235715 0.00180039 0.12017614)
(0 0 0.12030736)
(0.0010308929 -4.500975e-05 0.12030736)
(0.0020617858 -9.00195e-05 0.12030736)
(0.0030926786 -0.00013502925 0.12030736)
(0.0041235715 -0.000180039 0.12030736)
(0.0051544644 -0.00022504875 0.12030736)
(0.0061853572 -0.0002700585 0.12030736)
(0.0072162501 -0.00031506825 0.12030736)
(0.008247143 -0.000360078 0.12030736)
(0.0092780359 -0.00040508775 0.12030736)
(0.010308929 -0.0004500975 0.12030736)
(0.011339822 -0.00049510725 0.12030736)
(0.012370714 -0.000540117 0.12030736)
(0.013401607 -0.00058512675 0.12030736)
(0.0144325 -0.0006301365 0.12030736)
(0.015463393 -0.00067514625 0.12030736)
(0.016494286 -0.000720156 0.12030736)
(0.017525179 -0.00076516575 0.12030736)
(0.018556072 -0.0008101755 0.12030736)
(0.019586965 -0.00085518525 0.12030736)
(0.020617857 -0.000900195 0.12030736)
(0.02164875 -0.00094520475 0.12030736)
(0.022679643 -0.0009902145 0.12030736)
(0.023710536 -0.0010352243 0.12030736)
(0.024741429 -0.001080234 0.12030736)
(0.025772322 -0.0011252437 0.12030736)
(0.026803215 -0.0011702535 0.12030736)
(0.027834108 -0.0012152632 0.12030736)
(0.028865001 -0.001260273 0.12030736)
(0.029895893 -0.0013052828 0.12030736)
(0.030926786 -0.0013502925 0.12030736)
(0.031957679 -0.0013953023 0.12030736)
(0.032988572 -0.001440312 0.12030736)
(0.034019465 -0.0014853217 0.12030736)
(0.035050358 -0.0015303315 0.12030736)
(0.036081251 -0.0015753412 0.12030736)
(0.037112143 -0.001620351 0.12030736)
(0.038143036 -0.0016653608 0.12030736)
(0.039173929 -0.0017103705 0.12030736)
(0.040204822 -0.0017553803 0.12030736)
(0.041235715 -0.00180039 0.12030736)
(0.0010308929 4.500975e-05 0.12030736)
(0.0020617858 9.00195e-05 0.12030736)
(0.0030926786 0.00013502925 0.12030736)
(0.0041235715 0.000180039 0.12030736)
(0.0051544644 0.00022504875 0.12030736)
(0.0061853572 0.0002700585 0.12030736)
(0.0072162501 0.00031506825 0.12030736)
(0.008247143 0.000360078 0.12030736)
(0.0092780359 0.00040508775 0.12030736)
(0.010308929 0.0004500975 0.12030736)
(0.011339822 0.00049510725 0.12030736)
(0.012370714 0.000540117 0.12030736)
(0.013401607 0.00058512675 0.12030736)
(0.0144325 0.0006301365 0.12030736)
(0.015463393 0.00067514625 0.12030736)
(0.016494286 0.000720156 0.12030736)
(0.017525179 0.00076516575 0.12030736)
(0.018556072 0.0008101755 0.12030736)
(0.019586965 0.00085518525 0.12030736)
(0.020617857 0.000900195 0.12030736)
(0.02164875 0.00094520475 0.12030736)
(0.022679643 0.0009902145 0.12030736)
(0.023710536 0.0010352243 0.12030736)
(0.024741429 0.001080234 0.12030736)
(0.025772322 0.0011252437 0.12030736)
(0.026803215 0.0011702535 0.12030736)
(0.027834108 0.0012152632 0.12030736)
(0.028865001 0.001260273 0.12030736)
(0.029895893 0.0013052828 0.12030736)
(0.030926786 0.0013502925 0.12030736)
(0.031957679 0.0013953023 0.12030736)
(0.032988572 0.001440312 0.12030736)
(0.034019465 0.0014853217 0.12030736)
(0.035050358 0.0015303315 0.12030736)
(0.036081251 0.0015753412 0.12030736)
(0.037112143 0.001620351 0.12030736)
(0.038143036 0.0016653608 0.12030736)
(0.039173929 0.0017103705 0.12030736)
(0.040204822 0.0017553803 0.12030736)
(0.041235715 0.00180039 0.12030736)
(0 0 0.1204386)
(0.0010308929 -4.500975e-05 0.1204386)
(0.0020617858 -9.00195e-05 0.1204386)
(0.0030926786 -0.00013502925 0.1204386)
(0.0041235715 -0.000180039 0.1204386)
(0.0051544644 -0.00022504875 0.1204386)
(0.0061853572 -0.0002700585 0.1204386)
(0.0072162501 -0.00031506825 0.1204386)
(0.008247143 -0.000360078 0.1204386)
(0.0092780359 -0.00040508775 0.1204386)
(0.010308929 -0.0004500975 0.1204386)
(0.011339822 -0.00049510725 0.1204386)
(0.012370714 -0.000540117 0.1204386)
(0.013401607 -0.00058512675 0.1204386)
(0.0144325 -0.0006301365 0.1204386)
(0.015463393 -0.00067514625 0.1204386)
(0.016494286 -0.000720156 0.1204386)
(0.017525179 -0.00076516575 0.1204386)
(0.018556072 -0.0008101755 0.1204386)
(0.019586965 -0.00085518525 0.1204386)
(0.020617857 -0.000900195 0.1204386)
(0.02164875 -0.00094520475 0.1204386)
(0.022679643 -0.0009902145 0.1204386)
(0.023710536 -0.0010352243 0.1204386)
(0.024741429 -0.001080234 0.1204386)
(0.025772322 -0.0011252437 0.1204386)
(0.026803215 -0.0011702535 0.1204386)
(0.027834108 -0.0012152632 0.1204386)
(0.028865001 -0.001260273 0.1204386)
(0.029895893 -0.0013052828 0.1204386)
(0.030926786 -0.0013502925 0.1204386)
(0.031957679 -0.0013953023 0.1204386)
(0.032988572 -0.001440312 0.1204386)
(0.034019465 -0.0014853217 0.1204386)
(0.035050358 -0.0015303315 0.1204386)
(0.036081251 -0.0015753412 0.1204386)
(0.037112143 -0.001620351 0.1204386)
(0.038143036 -0.0016653608 0.1204386)
(0.039173929 -0.0017103705 0.1204386)
(0.040204822 -0.0017553803 0.1204386)
(0.041235715 -0.00180039 0.1204386)
(0.0010308929 4.500975e-05 0.1204386)
(0.0020617858 9.00195e-05 0.1204386)
(0.0030926786 0.00013502925 0.1204386)
(0.0041235715 0.000180039 0.1204386)
(0.0051544644 0.00022504875 0.1204386)
(0.0061853572 0.0002700585 0.1204386)
(0.0072162501 0.00031506825 0.1204386)
(0.008247143 0.000360078 0.1204386)
(0.0092780359 0.00040508775 0.1204386)
(0.010308929 0.0004500975 0.1204386)
(0.011339822 0.00049510725 0.1204386)
(0.012370714 0.000540117 0.1204386)
(0.013401607 0.00058512675 0.1204386)
(0.0144325 0.0006301365 0.1204386)
(0.015463393 0.00067514625 0.1204386)
(0.016494286 0.000720156 0.1204386)
(0.017525179 0.00076516575 0.1204386)
(0.018556072 0.0008101755 0.1204386)
(0.019586965 0.00085518525 0.1204386)
(0.020617857 0.000900195 0.1204386)
(0.02164875 0.00094520475 0.1204386)
(0.022679643 0.0009902145 0.1204386)
(0.023710536 0.0010352243 0.1204386)
(0.024741429 0.001080234 0.1204386)
(0.025772322 0.0011252437 0.1204386)
(0.026803215 0.0011702535 0.1204386)
(0.027834108 0.0012152632 0.1204386)
(0.028865001 0.001260273 0.1204386)
(0.029895893 0.0013052828 0.1204386)
(0.030926786 0.0013502925 0.1204386)
(0.031957679 0.0013953023 0.1204386)
(0.032988572 0.001440312 0.1204386)
(0.034019465 0.0014853217 0.1204386)
(0.035050358 0.0015303315 0.1204386)
(0.036081251 0.0015753412 0.1204386)
(0.037112143 0.001620351 0.1204386)
(0.038143036 0.0016653608 0.1204386)
(0.039173929 0.0017103705 0.1204386)
(0.040204822 0.0017553803 0.1204386)
(0.041235715 0.00180039 0.1204386)
(0 0 0.12056983)
(0.0010308929 -4.500975e-05 0.12056983)
(0.0020617858 -9.00195e-05 0.12056983)
(0.0030926786 -0.00013502925 0.12056983)
(0.0041235715 -0.000180039 0.12056983)
(0.0051544644 -0.00022504875 0.12056983)
(0.0061853572 -0.0002700585 0.12056983)
(0.0072162501 -0.00031506825 0.12056983)
(0.008247143 -0.000360078 0.12056983)
(0.0092780359 -0.00040508775 0.12056983)
(0.010308929 -0.0004500975 0.12056983)
(0.011339822 -0.00049510725 0.12056983)
(0.012370714 -0.000540117 0.12056983)
(0.013401607 -0.00058512675 0.12056983)
(0.0144325 -0.0006301365 0.12056983)
(0.015463393 -0.00067514625 0.12056983)
(0.016494286 -0.000720156 0.12056983)
(0.017525179 -0.00076516575 0.12056983)
(0.018556072 -0.0008101755 0.12056983)
(0.019586965 -0.00085518525 0.12056983)
(0.020617857 -0.000900195 0.12056983)
(0.02164875 -0.00094520475 0.12056983)
(0.022679643 -0.0009902145 0.12056983)
(0.023710536 -0.0010352243 0.12056983)
(0.024741429 -0.001080234 0.12056983)
(0.025772322 -0.0011252437 0.12056983)
(0.026803215 -0.0011702535 0.12056983)
(0.027834108 -0.0012152632 0.12056983)
(0.028865001 -0.001260273 0.12056983)
(0.029895893 -0.0013052828 0.12056983)
(0.030926786 -0.0013502925 0.12056983)
(0.031957679 -0.0013953023 0.12056983)
(0.032988572 -0.001440312 0.12056983)
(0.034019465 -0.0014853217 0.12056983)
(0.035050358 -0.0015303315 0.12056983)
(0.036081251 -0.0015753412 0.12056983)
(0.037112143 -0.001620351 0.12056983)
(0.038143036 -0.0016653608 0.12056983)
(0.039173929 -0.0017103705 0.12056983)
(0.040204822 -0.0017553803 0.12056983)
(0.041235715 -0.00180039 0.12056983)
(0.0010308929 4.500975e-05 0.12056983)
(0.0020617858 9.00195e-05 0.12056983)
(0.0030926786 0.00013502925 0.12056983)
(0.0041235715 0.000180039 0.12056983)
(0.0051544644 0.00022504875 0.12056983)
(0.0061853572 0.0002700585 0.12056983)
(0.0072162501 0.00031506825 0.12056983)
(0.008247143 0.000360078 0.12056983)
(0.0092780359 0.00040508775 0.12056983)
(0.010308929 0.0004500975 0.12056983)
(0.011339822 0.00049510725 0.12056983)
(0.012370714 0.000540117 0.12056983)
(0.013401607 0.00058512675 0.12056983)
(0.0144325 0.0006301365 0.12056983)
(0.015463393 0.00067514625 0.12056983)
(0.016494286 0.000720156 0.12056983)
(0.017525179 0.00076516575 0.12056983)
(0.018556072 0.0008101755 0.12056983)
(0.019586965 0.00085518525 0.12056983)
(0.020617857 0.000900195 0.12056983)
(0.02164875 0.00094520475 0.12056983)
(0.022679643 0.0009902145 0.12056983)
(0.023710536 0.0010352243 0.12056983)
(0.024741429 0.001080234 0.12056983)
(0.025772322 0.0011252437 0.12056983)
(0.026803215 0.0011702535 0.12056983)
(0.027834108 0.0012152632 0.12056983)
(0.028865001 0.001260273 0.12056983)
(0.029895893 0.0013052828 0.12056983)
(0.030926786 0.0013502925 0.12056983)
(0.031957679 0.0013953023 0.12056983)
(0.032988572 0.001440312 0.12056983)
(0.034019465 0.0014853217 0.12056983)
(0.035050358 0.0015303315 0.12056983)
(0.036081251 0.0015753412 0.12056983)
(0.037112143 0.001620351 0.12056983)
(0.038143036 0.0016653608 0.12056983)
(0.039173929 0.0017103705 0.12056983)
(0.040204822 0.0017553803 0.12056983)
(0.041235715 0.00180039 0.12056983)
(0 0 0.12070105)
(0.0010308929 -4.500975e-05 0.12070105)
(0.0020617858 -9.00195e-05 0.12070105)
(0.0030926786 -0.00013502925 0.12070105)
(0.0041235715 -0.000180039 0.12070105)
(0.0051544644 -0.00022504875 0.12070105)
(0.0061853572 -0.0002700585 0.12070105)
(0.0072162501 -0.00031506825 0.12070105)
(0.008247143 -0.000360078 0.12070105)
(0.0092780359 -0.00040508775 0.12070105)
(0.010308929 -0.0004500975 0.12070105)
(0.011339822 -0.00049510725 0.12070105)
(0.012370714 -0.000540117 0.12070105)
(0.013401607 -0.00058512675 0.12070105)
(0.0144325 -0.0006301365 0.12070105)
(0.015463393 -0.00067514625 0.12070105)
(0.016494286 -0.000720156 0.12070105)
(0.017525179 -0.00076516575 0.12070105)
(0.018556072 -0.0008101755 0.12070105)
(0.019586965 -0.00085518525 0.12070105)
(0.020617857 -0.000900195 0.12070105)
(0.02164875 -0.00094520475 0.12070105)
(0.022679643 -0.0009902145 0.12070105)
(0.023710536 -0.0010352243 0.12070105)
(0.024741429 -0.001080234 0.12070105)
(0.025772322 -0.0011252437 0.12070105)
(0.026803215 -0.0011702535 0.12070105)
(0.027834108 -0.0012152632 0.12070105)
(0.028865001 -0.001260273 0.12070105)
(0.029895893 -0.0013052828 0.12070105)
(0.030926786 -0.0013502925 0.12070105)
(0.031957679 -0.0013953023 0.12070105)
(0.032988572 -0.001440312 0.12070105)
(0.034019465 -0.0014853217 0.12070105)
(0.035050358 -0.0015303315 0.12070105)
(0.036081251 -0.0015753412 0.12070105)
(0.037112143 -0.001620351 0.12070105)
(0.038143036 -0.0016653608 0.12070105)
(0.039173929 -0.0017103705 0.12070105)
(0.040204822 -0.0017553803 0.12070105)
(0.041235715 -0.00180039 0.12070105)
(0.0010308929 4.500975e-05 0.12070105)
(0.0020617858 9.00195e-05 0.12070105)
(0.0030926786 0.00013502925 0.12070105)
(0.0041235715 0.000180039 0.12070105)
(0.0051544644 0.00022504875 0.12070105)
(0.0061853572 0.0002700585 0.12070105)
(0.0072162501 0.00031506825 0.12070105)
(0.008247143 0.000360078 0.12070105)
(0.0092780359 0.00040508775 0.12070105)
(0.010308929 0.0004500975 0.12070105)
(0.011339822 0.00049510725 0.12070105)
(0.012370714 0.000540117 0.12070105)
(0.013401607 0.00058512675 0.12070105)
(0.0144325 0.0006301365 0.12070105)
(0.015463393 0.00067514625 0.12070105)
(0.016494286 0.000720156 0.12070105)
(0.017525179 0.00076516575 0.12070105)
(0.018556072 0.0008101755 0.12070105)
(0.019586965 0.00085518525 0.12070105)
(0.020617857 0.000900195 0.12070105)
(0.02164875 0.00094520475 0.12070105)
(0.022679643 0.0009902145 0.12070105)
(0.023710536 0.0010352243 0.12070105)
(0.024741429 0.001080234 0.12070105)
(0.025772322 0.0011252437 0.12070105)
(0.026803215 0.0011702535 0.12070105)
(0.027834108 0.0012152632 0.12070105)
(0.028865001 0.001260273 0.12070105)
(0.029895893 0.0013052828 0.12070105)
(0.030926786 0.0013502925 0.12070105)
(0.031957679 0.0013953023 0.12070105)
(0.032988572 0.001440312 0.12070105)
(0.034019465 0.0014853217 0.12070105)
(0.035050358 0.0015303315 0.12070105)
(0.036081251 0.0015753412 0.12070105)
(0.037112143 0.001620351 0.12070105)
(0.038143036 0.0016653608 0.12070105)
(0.039173929 0.0017103705 0.12070105)
(0.040204822 0.0017553803 0.12070105)
(0.041235715 0.00180039 0.12070105)
(0 0 0.12083228)
(0.0010308929 -4.500975e-05 0.12083228)
(0.0020617858 -9.00195e-05 0.12083228)
(0.0030926786 -0.00013502925 0.12083228)
(0.0041235715 -0.000180039 0.12083228)
(0.0051544644 -0.00022504875 0.12083228)
(0.0061853572 -0.0002700585 0.12083228)
(0.0072162501 -0.00031506825 0.12083228)
(0.008247143 -0.000360078 0.12083228)
(0.0092780359 -0.00040508775 0.12083228)
(0.010308929 -0.0004500975 0.12083228)
(0.011339822 -0.00049510725 0.12083228)
(0.012370714 -0.000540117 0.12083228)
(0.013401607 -0.00058512675 0.12083228)
(0.0144325 -0.0006301365 0.12083228)
(0.015463393 -0.00067514625 0.12083228)
(0.016494286 -0.000720156 0.12083228)
(0.017525179 -0.00076516575 0.12083228)
(0.018556072 -0.0008101755 0.12083228)
(0.019586965 -0.00085518525 0.12083228)
(0.020617857 -0.000900195 0.12083228)
(0.02164875 -0.00094520475 0.12083228)
(0.022679643 -0.0009902145 0.12083228)
(0.023710536 -0.0010352243 0.12083228)
(0.024741429 -0.001080234 0.12083228)
(0.025772322 -0.0011252437 0.12083228)
(0.026803215 -0.0011702535 0.12083228)
(0.027834108 -0.0012152632 0.12083228)
(0.028865001 -0.001260273 0.12083228)
(0.029895893 -0.0013052828 0.12083228)
(0.030926786 -0.0013502925 0.12083228)
(0.031957679 -0.0013953023 0.12083228)
(0.032988572 -0.001440312 0.12083228)
(0.034019465 -0.0014853217 0.12083228)
(0.035050358 -0.0015303315 0.12083228)
(0.036081251 -0.0015753412 0.12083228)
(0.037112143 -0.001620351 0.12083228)
(0.038143036 -0.0016653608 0.12083228)
(0.039173929 -0.0017103705 0.12083228)
(0.040204822 -0.0017553803 0.12083228)
(0.041235715 -0.00180039 0.12083228)
(0.0010308929 4.500975e-05 0.12083228)
(0.0020617858 9.00195e-05 0.12083228)
(0.0030926786 0.00013502925 0.12083228)
(0.0041235715 0.000180039 0.12083228)
(0.0051544644 0.00022504875 0.12083228)
(0.0061853572 0.0002700585 0.12083228)
(0.0072162501 0.00031506825 0.12083228)
(0.008247143 0.000360078 0.12083228)
(0.0092780359 0.00040508775 0.12083228)
(0.010308929 0.0004500975 0.12083228)
(0.011339822 0.00049510725 0.12083228)
(0.012370714 0.000540117 0.12083228)
(0.013401607 0.00058512675 0.12083228)
(0.0144325 0.0006301365 0.12083228)
(0.015463393 0.00067514625 0.12083228)
(0.016494286 0.000720156 0.12083228)
(0.017525179 0.00076516575 0.12083228)
(0.018556072 0.0008101755 0.12083228)
(0.019586965 0.00085518525 0.12083228)
(0.020617857 0.000900195 0.12083228)
(0.02164875 0.00094520475 0.12083228)
(0.022679643 0.0009902145 0.12083228)
(0.023710536 0.0010352243 0.12083228)
(0.024741429 0.001080234 0.12083228)
(0.025772322 0.0011252437 0.12083228)
(0.026803215 0.0011702535 0.12083228)
(0.027834108 0.0012152632 0.12083228)
(0.028865001 0.001260273 0.12083228)
(0.029895893 0.0013052828 0.12083228)
(0.030926786 0.0013502925 0.12083228)
(0.031957679 0.0013953023 0.12083228)
(0.032988572 0.001440312 0.12083228)
(0.034019465 0.0014853217 0.12083228)
(0.035050358 0.0015303315 0.12083228)
(0.036081251 0.0015753412 0.12083228)
(0.037112143 0.001620351 0.12083228)
(0.038143036 0.0016653608 0.12083228)
(0.039173929 0.0017103705 0.12083228)
(0.040204822 0.0017553803 0.12083228)
(0.041235715 0.00180039 0.12083228)
(0 0 0.12096351)
(0.0010308929 -4.500975e-05 0.12096351)
(0.0020617858 -9.00195e-05 0.12096351)
(0.0030926786 -0.00013502925 0.12096351)
(0.0041235715 -0.000180039 0.12096351)
(0.0051544644 -0.00022504875 0.12096351)
(0.0061853572 -0.0002700585 0.12096351)
(0.0072162501 -0.00031506825 0.12096351)
(0.008247143 -0.000360078 0.12096351)
(0.0092780359 -0.00040508775 0.12096351)
(0.010308929 -0.0004500975 0.12096351)
(0.011339822 -0.00049510725 0.12096351)
(0.012370714 -0.000540117 0.12096351)
(0.013401607 -0.00058512675 0.12096351)
(0.0144325 -0.0006301365 0.12096351)
(0.015463393 -0.00067514625 0.12096351)
(0.016494286 -0.000720156 0.12096351)
(0.017525179 -0.00076516575 0.12096351)
(0.018556072 -0.0008101755 0.12096351)
(0.019586965 -0.00085518525 0.12096351)
(0.020617857 -0.000900195 0.12096351)
(0.02164875 -0.00094520475 0.12096351)
(0.022679643 -0.0009902145 0.12096351)
(0.023710536 -0.0010352243 0.12096351)
(0.024741429 -0.001080234 0.12096351)
(0.025772322 -0.0011252437 0.12096351)
(0.026803215 -0.0011702535 0.12096351)
(0.027834108 -0.0012152632 0.12096351)
(0.028865001 -0.001260273 0.12096351)
(0.029895893 -0.0013052828 0.12096351)
(0.030926786 -0.0013502925 0.12096351)
(0.031957679 -0.0013953023 0.12096351)
(0.032988572 -0.001440312 0.12096351)
(0.034019465 -0.0014853217 0.12096351)
(0.035050358 -0.0015303315 0.12096351)
(0.036081251 -0.0015753412 0.12096351)
(0.037112143 -0.001620351 0.12096351)
(0.038143036 -0.0016653608 0.12096351)
(0.039173929 -0.0017103705 0.12096351)
(0.040204822 -0.0017553803 0.12096351)
(0.041235715 -0.00180039 0.12096351)
(0.0010308929 4.500975e-05 0.12096351)
(0.0020617858 9.00195e-05 0.12096351)
(0.0030926786 0.00013502925 0.12096351)
(0.0041235715 0.000180039 0.12096351)
(0.0051544644 0.00022504875 0.12096351)
(0.0061853572 0.0002700585 0.12096351)
(0.0072162501 0.00031506825 0.12096351)
(0.008247143 0.000360078 0.12096351)
(0.0092780359 0.00040508775 0.12096351)
(0.010308929 0.0004500975 0.12096351)
(0.011339822 0.00049510725 0.12096351)
(0.012370714 0.000540117 0.12096351)
(0.013401607 0.00058512675 0.12096351)
(0.0144325 0.0006301365 0.12096351)
(0.015463393 0.00067514625 0.12096351)
(0.016494286 0.000720156 0.12096351)
(0.017525179 0.00076516575 0.12096351)
(0.018556072 0.0008101755 0.12096351)
(0.019586965 0.00085518525 0.12096351)
(0.020617857 0.000900195 0.12096351)
(0.02164875 0.00094520475 0.12096351)
(0.022679643 0.0009902145 0.12096351)
(0.023710536 0.0010352243 0.12096351)
(0.024741429 0.001080234 0.12096351)
(0.025772322 0.0011252437 0.12096351)
(0.026803215 0.0011702535 0.12096351)
(0.027834108 0.0012152632 0.12096351)
(0.028865001 0.001260273 0.12096351)
(0.029895893 0.0013052828 0.12096351)
(0.030926786 0.0013502925 0.12096351)
(0.031957679 0.0013953023 0.12096351)
(0.032988572 0.001440312 0.12096351)
(0.034019465 0.0014853217 0.12096351)
(0.035050358 0.0015303315 0.12096351)
(0.036081251 0.0015753412 0.12096351)
(0.037112143 0.001620351 0.12096351)
(0.038143036 0.0016653608 0.12096351)
(0.039173929 0.0017103705 0.12096351)
(0.040204822 0.0017553803 0.12096351)
(0.041235715 0.00180039 0.12096351)
(0 0 0.12109473)
(0.0010308929 -4.500975e-05 0.12109473)
(0.0020617858 -9.00195e-05 0.12109473)
(0.0030926786 -0.00013502925 0.12109473)
(0.0041235715 -0.000180039 0.12109473)
(0.0051544644 -0.00022504875 0.12109473)
(0.0061853572 -0.0002700585 0.12109473)
(0.0072162501 -0.00031506825 0.12109473)
(0.008247143 -0.000360078 0.12109473)
(0.0092780359 -0.00040508775 0.12109473)
(0.010308929 -0.0004500975 0.12109473)
(0.011339822 -0.00049510725 0.12109473)
(0.012370714 -0.000540117 0.12109473)
(0.013401607 -0.00058512675 0.12109473)
(0.0144325 -0.0006301365 0.12109473)
(0.015463393 -0.00067514625 0.12109473)
(0.016494286 -0.000720156 0.12109473)
(0.017525179 -0.00076516575 0.12109473)
(0.018556072 -0.0008101755 0.12109473)
(0.019586965 -0.00085518525 0.12109473)
(0.020617857 -0.000900195 0.12109473)
(0.02164875 -0.00094520475 0.12109473)
(0.022679643 -0.0009902145 0.12109473)
(0.023710536 -0.0010352243 0.12109473)
(0.024741429 -0.001080234 0.12109473)
(0.025772322 -0.0011252437 0.12109473)
(0.026803215 -0.0011702535 0.12109473)
(0.027834108 -0.0012152632 0.12109473)
(0.028865001 -0.001260273 0.12109473)
(0.029895893 -0.0013052828 0.12109473)
(0.030926786 -0.0013502925 0.12109473)
(0.031957679 -0.0013953023 0.12109473)
(0.032988572 -0.001440312 0.12109473)
(0.034019465 -0.0014853217 0.12109473)
(0.035050358 -0.0015303315 0.12109473)
(0.036081251 -0.0015753412 0.12109473)
(0.037112143 -0.001620351 0.12109473)
(0.038143036 -0.0016653608 0.12109473)
(0.039173929 -0.0017103705 0.12109473)
(0.040204822 -0.0017553803 0.12109473)
(0.041235715 -0.00180039 0.12109473)
(0.0010308929 4.500975e-05 0.12109473)
(0.0020617858 9.00195e-05 0.12109473)
(0.0030926786 0.00013502925 0.12109473)
(0.0041235715 0.000180039 0.12109473)
(0.0051544644 0.00022504875 0.12109473)
(0.0061853572 0.0002700585 0.12109473)
(0.0072162501 0.00031506825 0.12109473)
(0.008247143 0.000360078 0.12109473)
(0.0092780359 0.00040508775 0.12109473)
(0.010308929 0.0004500975 0.12109473)
(0.011339822 0.00049510725 0.12109473)
(0.012370714 0.000540117 0.12109473)
(0.013401607 0.00058512675 0.12109473)
(0.0144325 0.0006301365 0.12109473)
(0.015463393 0.00067514625 0.12109473)
(0.016494286 0.000720156 0.12109473)
(0.017525179 0.00076516575 0.12109473)
(0.018556072 0.0008101755 0.12109473)
(0.019586965 0.00085518525 0.12109473)
(0.020617857 0.000900195 0.12109473)
(0.02164875 0.00094520475 0.12109473)
(0.022679643 0.0009902145 0.12109473)
(0.023710536 0.0010352243 0.12109473)
(0.024741429 0.001080234 0.12109473)
(0.025772322 0.0011252437 0.12109473)
(0.026803215 0.0011702535 0.12109473)
(0.027834108 0.0012152632 0.12109473)
(0.028865001 0.001260273 0.12109473)
(0.029895893 0.0013052828 0.12109473)
(0.030926786 0.0013502925 0.12109473)
(0.031957679 0.0013953023 0.12109473)
(0.032988572 0.001440312 0.12109473)
(0.034019465 0.0014853217 0.12109473)
(0.035050358 0.0015303315 0.12109473)
(0.036081251 0.0015753412 0.12109473)
(0.037112143 0.001620351 0.12109473)
(0.038143036 0.0016653608 0.12109473)
(0.039173929 0.0017103705 0.12109473)
(0.040204822 0.0017553803 0.12109473)
(0.041235715 0.00180039 0.12109473)
(0 0 0.12122596)
(0.0010308929 -4.500975e-05 0.12122596)
(0.0020617858 -9.00195e-05 0.12122596)
(0.0030926786 -0.00013502925 0.12122596)
(0.0041235715 -0.000180039 0.12122596)
(0.0051544644 -0.00022504875 0.12122596)
(0.0061853572 -0.0002700585 0.12122596)
(0.0072162501 -0.00031506825 0.12122596)
(0.008247143 -0.000360078 0.12122596)
(0.0092780359 -0.00040508775 0.12122596)
(0.010308929 -0.0004500975 0.12122596)
(0.011339822 -0.00049510725 0.12122596)
(0.012370714 -0.000540117 0.12122596)
(0.013401607 -0.00058512675 0.12122596)
(0.0144325 -0.0006301365 0.12122596)
(0.015463393 -0.00067514625 0.12122596)
(0.016494286 -0.000720156 0.12122596)
(0.017525179 -0.00076516575 0.12122596)
(0.018556072 -0.0008101755 0.12122596)
(0.019586965 -0.00085518525 0.12122596)
(0.020617857 -0.000900195 0.12122596)
(0.02164875 -0.00094520475 0.12122596)
(0.022679643 -0.0009902145 0.12122596)
(0.023710536 -0.0010352243 0.12122596)
(0.024741429 -0.001080234 0.12122596)
(0.025772322 -0.0011252437 0.12122596)
(0.026803215 -0.0011702535 0.12122596)
(0.027834108 -0.0012152632 0.12122596)
(0.028865001 -0.001260273 0.12122596)
(0.029895893 -0.0013052828 0.12122596)
(0.030926786 -0.0013502925 0.12122596)
(0.031957679 -0.0013953023 0.12122596)
(0.032988572 -0.001440312 0.12122596)
(0.034019465 -0.0014853217 0.12122596)
(0.035050358 -0.0015303315 0.12122596)
(0.036081251 -0.0015753412 0.12122596)
(0.037112143 -0.001620351 0.12122596)
(0.038143036 -0.0016653608 0.12122596)
(0.039173929 -0.0017103705 0.12122596)
(0.040204822 -0.0017553803 0.12122596)
(0.041235715 -0.00180039 0.12122596)
(0.0010308929 4.500975e-05 0.12122596)
(0.0020617858 9.00195e-05 0.12122596)
(0.0030926786 0.00013502925 0.12122596)
(0.0041235715 0.000180039 0.12122596)
(0.0051544644 0.00022504875 0.12122596)
(0.0061853572 0.0002700585 0.12122596)
(0.0072162501 0.00031506825 0.12122596)
(0.008247143 0.000360078 0.12122596)
(0.0092780359 0.00040508775 0.12122596)
(0.010308929 0.0004500975 0.12122596)
(0.011339822 0.00049510725 0.12122596)
(0.012370714 0.000540117 0.12122596)
(0.013401607 0.00058512675 0.12122596)
(0.0144325 0.0006301365 0.12122596)
(0.015463393 0.00067514625 0.12122596)
(0.016494286 0.000720156 0.12122596)
(0.017525179 0.00076516575 0.12122596)
(0.018556072 0.0008101755 0.12122596)
(0.019586965 0.00085518525 0.12122596)
(0.020617857 0.000900195 0.12122596)
(0.02164875 0.00094520475 0.12122596)
(0.022679643 0.0009902145 0.12122596)
(0.023710536 0.0010352243 0.12122596)
(0.024741429 0.001080234 0.12122596)
(0.025772322 0.0011252437 0.12122596)
(0.026803215 0.0011702535 0.12122596)
(0.027834108 0.0012152632 0.12122596)
(0.028865001 0.001260273 0.12122596)
(0.029895893 0.0013052828 0.12122596)
(0.030926786 0.0013502925 0.12122596)
(0.031957679 0.0013953023 0.12122596)
(0.032988572 0.001440312 0.12122596)
(0.034019465 0.0014853217 0.12122596)
(0.035050358 0.0015303315 0.12122596)
(0.036081251 0.0015753412 0.12122596)
(0.037112143 0.001620351 0.12122596)
(0.038143036 0.0016653608 0.12122596)
(0.039173929 0.0017103705 0.12122596)
(0.040204822 0.0017553803 0.12122596)
(0.041235715 0.00180039 0.12122596)
(0 0 0.1213572)
(0.0010308929 -4.500975e-05 0.1213572)
(0.0020617858 -9.00195e-05 0.1213572)
(0.0030926786 -0.00013502925 0.1213572)
(0.0041235715 -0.000180039 0.1213572)
(0.0051544644 -0.00022504875 0.1213572)
(0.0061853572 -0.0002700585 0.1213572)
(0.0072162501 -0.00031506825 0.1213572)
(0.008247143 -0.000360078 0.1213572)
(0.0092780359 -0.00040508775 0.1213572)
(0.010308929 -0.0004500975 0.1213572)
(0.011339822 -0.00049510725 0.1213572)
(0.012370714 -0.000540117 0.1213572)
(0.013401607 -0.00058512675 0.1213572)
(0.0144325 -0.0006301365 0.1213572)
(0.015463393 -0.00067514625 0.1213572)
(0.016494286 -0.000720156 0.1213572)
(0.017525179 -0.00076516575 0.1213572)
(0.018556072 -0.0008101755 0.1213572)
(0.019586965 -0.00085518525 0.1213572)
(0.020617857 -0.000900195 0.1213572)
(0.02164875 -0.00094520475 0.1213572)
(0.022679643 -0.0009902145 0.1213572)
(0.023710536 -0.0010352243 0.1213572)
(0.024741429 -0.001080234 0.1213572)
(0.025772322 -0.0011252437 0.1213572)
(0.026803215 -0.0011702535 0.1213572)
(0.027834108 -0.0012152632 0.1213572)
(0.028865001 -0.001260273 0.1213572)
(0.029895893 -0.0013052828 0.1213572)
(0.030926786 -0.0013502925 0.1213572)
(0.031957679 -0.0013953023 0.1213572)
(0.032988572 -0.001440312 0.1213572)
(0.034019465 -0.0014853217 0.1213572)
(0.035050358 -0.0015303315 0.1213572)
(0.036081251 -0.0015753412 0.1213572)
(0.037112143 -0.001620351 0.1213572)
(0.038143036 -0.0016653608 0.1213572)
(0.039173929 -0.0017103705 0.1213572)
(0.040204822 -0.0017553803 0.1213572)
(0.041235715 -0.00180039 0.1213572)
(0.0010308929 4.500975e-05 0.1213572)
(0.0020617858 9.00195e-05 0.1213572)
(0.0030926786 0.00013502925 0.1213572)
(0.0041235715 0.000180039 0.1213572)
(0.0051544644 0.00022504875 0.1213572)
(0.0061853572 0.0002700585 0.1213572)
(0.0072162501 0.00031506825 0.1213572)
(0.008247143 0.000360078 0.1213572)
(0.0092780359 0.00040508775 0.1213572)
(0.010308929 0.0004500975 0.1213572)
(0.011339822 0.00049510725 0.1213572)
(0.012370714 0.000540117 0.1213572)
(0.013401607 0.00058512675 0.1213572)
(0.0144325 0.0006301365 0.1213572)
(0.015463393 0.00067514625 0.1213572)
(0.016494286 0.000720156 0.1213572)
(0.017525179 0.00076516575 0.1213572)
(0.018556072 0.0008101755 0.1213572)
(0.019586965 0.00085518525 0.1213572)
(0.020617857 0.000900195 0.1213572)
(0.02164875 0.00094520475 0.1213572)
(0.022679643 0.0009902145 0.1213572)
(0.023710536 0.0010352243 0.1213572)
(0.024741429 0.001080234 0.1213572)
(0.025772322 0.0011252437 0.1213572)
(0.026803215 0.0011702535 0.1213572)
(0.027834108 0.0012152632 0.1213572)
(0.028865001 0.001260273 0.1213572)
(0.029895893 0.0013052828 0.1213572)
(0.030926786 0.0013502925 0.1213572)
(0.031957679 0.0013953023 0.1213572)
(0.032988572 0.001440312 0.1213572)
(0.034019465 0.0014853217 0.1213572)
(0.035050358 0.0015303315 0.1213572)
(0.036081251 0.0015753412 0.1213572)
(0.037112143 0.001620351 0.1213572)
(0.038143036 0.0016653608 0.1213572)
(0.039173929 0.0017103705 0.1213572)
(0.040204822 0.0017553803 0.1213572)
(0.041235715 0.00180039 0.1213572)
(0 0 0.12148842)
(0.0010308929 -4.500975e-05 0.12148842)
(0.0020617858 -9.00195e-05 0.12148842)
(0.0030926786 -0.00013502925 0.12148842)
(0.0041235715 -0.000180039 0.12148842)
(0.0051544644 -0.00022504875 0.12148842)
(0.0061853572 -0.0002700585 0.12148842)
(0.0072162501 -0.00031506825 0.12148842)
(0.008247143 -0.000360078 0.12148842)
(0.0092780359 -0.00040508775 0.12148842)
(0.010308929 -0.0004500975 0.12148842)
(0.011339822 -0.00049510725 0.12148842)
(0.012370714 -0.000540117 0.12148842)
(0.013401607 -0.00058512675 0.12148842)
(0.0144325 -0.0006301365 0.12148842)
(0.015463393 -0.00067514625 0.12148842)
(0.016494286 -0.000720156 0.12148842)
(0.017525179 -0.00076516575 0.12148842)
(0.018556072 -0.0008101755 0.12148842)
(0.019586965 -0.00085518525 0.12148842)
(0.020617857 -0.000900195 0.12148842)
(0.02164875 -0.00094520475 0.12148842)
(0.022679643 -0.0009902145 0.12148842)
(0.023710536 -0.0010352243 0.12148842)
(0.024741429 -0.001080234 0.12148842)
(0.025772322 -0.0011252437 0.12148842)
(0.026803215 -0.0011702535 0.12148842)
(0.027834108 -0.0012152632 0.12148842)
(0.028865001 -0.001260273 0.12148842)
(0.029895893 -0.0013052828 0.12148842)
(0.030926786 -0.0013502925 0.12148842)
(0.031957679 -0.0013953023 0.12148842)
(0.032988572 -0.001440312 0.12148842)
(0.034019465 -0.0014853217 0.12148842)
(0.035050358 -0.0015303315 0.12148842)
(0.036081251 -0.0015753412 0.12148842)
(0.037112143 -0.001620351 0.12148842)
(0.038143036 -0.0016653608 0.12148842)
(0.039173929 -0.0017103705 0.12148842)
(0.040204822 -0.0017553803 0.12148842)
(0.041235715 -0.00180039 0.12148842)
(0.0010308929 4.500975e-05 0.12148842)
(0.0020617858 9.00195e-05 0.12148842)
(0.0030926786 0.00013502925 0.12148842)
(0.0041235715 0.000180039 0.12148842)
(0.0051544644 0.00022504875 0.12148842)
(0.0061853572 0.0002700585 0.12148842)
(0.0072162501 0.00031506825 0.12148842)
(0.008247143 0.000360078 0.12148842)
(0.0092780359 0.00040508775 0.12148842)
(0.010308929 0.0004500975 0.12148842)
(0.011339822 0.00049510725 0.12148842)
(0.012370714 0.000540117 0.12148842)
(0.013401607 0.00058512675 0.12148842)
(0.0144325 0.0006301365 0.12148842)
(0.015463393 0.00067514625 0.12148842)
(0.016494286 0.000720156 0.12148842)
(0.017525179 0.00076516575 0.12148842)
(0.018556072 0.0008101755 0.12148842)
(0.019586965 0.00085518525 0.12148842)
(0.020617857 0.000900195 0.12148842)
(0.02164875 0.00094520475 0.12148842)
(0.022679643 0.0009902145 0.12148842)
(0.023710536 0.0010352243 0.12148842)
(0.024741429 0.001080234 0.12148842)
(0.025772322 0.0011252437 0.12148842)
(0.026803215 0.0011702535 0.12148842)
(0.027834108 0.0012152632 0.12148842)
(0.028865001 0.001260273 0.12148842)
(0.029895893 0.0013052828 0.12148842)
(0.030926786 0.0013502925 0.12148842)
(0.031957679 0.0013953023 0.12148842)
(0.032988572 0.001440312 0.12148842)
(0.034019465 0.0014853217 0.12148842)
(0.035050358 0.0015303315 0.12148842)
(0.036081251 0.0015753412 0.12148842)
(0.037112143 0.001620351 0.12148842)
(0.038143036 0.0016653608 0.12148842)
(0.039173929 0.0017103705 0.12148842)
(0.040204822 0.0017553803 0.12148842)
(0.041235715 0.00180039 0.12148842)
(0 0 0.12161965)
(0.0010308929 -4.500975e-05 0.12161965)
(0.0020617858 -9.00195e-05 0.12161965)
(0.0030926786 -0.00013502925 0.12161965)
(0.0041235715 -0.000180039 0.12161965)
(0.0051544644 -0.00022504875 0.12161965)
(0.0061853572 -0.0002700585 0.12161965)
(0.0072162501 -0.00031506825 0.12161965)
(0.008247143 -0.000360078 0.12161965)
(0.0092780359 -0.00040508775 0.12161965)
(0.010308929 -0.0004500975 0.12161965)
(0.011339822 -0.00049510725 0.12161965)
(0.012370714 -0.000540117 0.12161965)
(0.013401607 -0.00058512675 0.12161965)
(0.0144325 -0.0006301365 0.12161965)
(0.015463393 -0.00067514625 0.12161965)
(0.016494286 -0.000720156 0.12161965)
(0.017525179 -0.00076516575 0.12161965)
(0.018556072 -0.0008101755 0.12161965)
(0.019586965 -0.00085518525 0.12161965)
(0.020617857 -0.000900195 0.12161965)
(0.02164875 -0.00094520475 0.12161965)
(0.022679643 -0.0009902145 0.12161965)
(0.023710536 -0.0010352243 0.12161965)
(0.024741429 -0.001080234 0.12161965)
(0.025772322 -0.0011252437 0.12161965)
(0.026803215 -0.0011702535 0.12161965)
(0.027834108 -0.0012152632 0.12161965)
(0.028865001 -0.001260273 0.12161965)
(0.029895893 -0.0013052828 0.12161965)
(0.030926786 -0.0013502925 0.12161965)
(0.031957679 -0.0013953023 0.12161965)
(0.032988572 -0.001440312 0.12161965)
(0.034019465 -0.0014853217 0.12161965)
(0.035050358 -0.0015303315 0.12161965)
(0.036081251 -0.0015753412 0.12161965)
(0.037112143 -0.001620351 0.12161965)
(0.038143036 -0.0016653608 0.12161965)
(0.039173929 -0.0017103705 0.12161965)
(0.040204822 -0.0017553803 0.12161965)
(0.041235715 -0.00180039 0.12161965)
(0.0010308929 4.500975e-05 0.12161965)
(0.0020617858 9.00195e-05 0.12161965)
(0.0030926786 0.00013502925 0.12161965)
(0.0041235715 0.000180039 0.12161965)
(0.0051544644 0.00022504875 0.12161965)
(0.0061853572 0.0002700585 0.12161965)
(0.0072162501 0.00031506825 0.12161965)
(0.008247143 0.000360078 0.12161965)
(0.0092780359 0.00040508775 0.12161965)
(0.010308929 0.0004500975 0.12161965)
(0.011339822 0.00049510725 0.12161965)
(0.012370714 0.000540117 0.12161965)
(0.013401607 0.00058512675 0.12161965)
(0.0144325 0.0006301365 0.12161965)
(0.015463393 0.00067514625 0.12161965)
(0.016494286 0.000720156 0.12161965)
(0.017525179 0.00076516575 0.12161965)
(0.018556072 0.0008101755 0.12161965)
(0.019586965 0.00085518525 0.12161965)
(0.020617857 0.000900195 0.12161965)
(0.02164875 0.00094520475 0.12161965)
(0.022679643 0.0009902145 0.12161965)
(0.023710536 0.0010352243 0.12161965)
(0.024741429 0.001080234 0.12161965)
(0.025772322 0.0011252437 0.12161965)
(0.026803215 0.0011702535 0.12161965)
(0.027834108 0.0012152632 0.12161965)
(0.028865001 0.001260273 0.12161965)
(0.029895893 0.0013052828 0.12161965)
(0.030926786 0.0013502925 0.12161965)
(0.031957679 0.0013953023 0.12161965)
(0.032988572 0.001440312 0.12161965)
(0.034019465 0.0014853217 0.12161965)
(0.035050358 0.0015303315 0.12161965)
(0.036081251 0.0015753412 0.12161965)
(0.037112143 0.001620351 0.12161965)
(0.038143036 0.0016653608 0.12161965)
(0.039173929 0.0017103705 0.12161965)
(0.040204822 0.0017553803 0.12161965)
(0.041235715 0.00180039 0.12161965)
(0 0 0.12175088)
(0.0010308929 -4.500975e-05 0.12175088)
(0.0020617858 -9.00195e-05 0.12175088)
(0.0030926786 -0.00013502925 0.12175088)
(0.0041235715 -0.000180039 0.12175088)
(0.0051544644 -0.00022504875 0.12175088)
(0.0061853572 -0.0002700585 0.12175088)
(0.0072162501 -0.00031506825 0.12175088)
(0.008247143 -0.000360078 0.12175088)
(0.0092780359 -0.00040508775 0.12175088)
(0.010308929 -0.0004500975 0.12175088)
(0.011339822 -0.00049510725 0.12175088)
(0.012370714 -0.000540117 0.12175088)
(0.013401607 -0.00058512675 0.12175088)
(0.0144325 -0.0006301365 0.12175088)
(0.015463393 -0.00067514625 0.12175088)
(0.016494286 -0.000720156 0.12175088)
(0.017525179 -0.00076516575 0.12175088)
(0.018556072 -0.0008101755 0.12175088)
(0.019586965 -0.00085518525 0.12175088)
(0.020617857 -0.000900195 0.12175088)
(0.02164875 -0.00094520475 0.12175088)
(0.022679643 -0.0009902145 0.12175088)
(0.023710536 -0.0010352243 0.12175088)
(0.024741429 -0.001080234 0.12175088)
(0.025772322 -0.0011252437 0.12175088)
(0.026803215 -0.0011702535 0.12175088)
(0.027834108 -0.0012152632 0.12175088)
(0.028865001 -0.001260273 0.12175088)
(0.029895893 -0.0013052828 0.12175088)
(0.030926786 -0.0013502925 0.12175088)
(0.031957679 -0.0013953023 0.12175088)
(0.032988572 -0.001440312 0.12175088)
(0.034019465 -0.0014853217 0.12175088)
(0.035050358 -0.0015303315 0.12175088)
(0.036081251 -0.0015753412 0.12175088)
(0.037112143 -0.001620351 0.12175088)
(0.038143036 -0.0016653608 0.12175088)
(0.039173929 -0.0017103705 0.12175088)
(0.040204822 -0.0017553803 0.12175088)
(0.041235715 -0.00180039 0.12175088)
(0.0010308929 4.500975e-05 0.12175088)
(0.0020617858 9.00195e-05 0.12175088)
(0.0030926786 0.00013502925 0.12175088)
(0.0041235715 0.000180039 0.12175088)
(0.0051544644 0.00022504875 0.12175088)
(0.0061853572 0.0002700585 0.12175088)
(0.0072162501 0.00031506825 0.12175088)
(0.008247143 0.000360078 0.12175088)
(0.0092780359 0.00040508775 0.12175088)
(0.010308929 0.0004500975 0.12175088)
(0.011339822 0.00049510725 0.12175088)
(0.012370714 0.000540117 0.12175088)
(0.013401607 0.00058512675 0.12175088)
(0.0144325 0.0006301365 0.12175088)
(0.015463393 0.00067514625 0.12175088)
(0.016494286 0.000720156 0.12175088)
(0.017525179 0.00076516575 0.12175088)
(0.018556072 0.0008101755 0.12175088)
(0.019586965 0.00085518525 0.12175088)
(0.020617857 0.000900195 0.12175088)
(0.02164875 0.00094520475 0.12175088)
(0.022679643 0.0009902145 0.12175088)
(0.023710536 0.0010352243 0.12175088)
(0.024741429 0.001080234 0.12175088)
(0.025772322 0.0011252437 0.12175088)
(0.026803215 0.0011702535 0.12175088)
(0.027834108 0.0012152632 0.12175088)
(0.028865001 0.001260273 0.12175088)
(0.029895893 0.0013052828 0.12175088)
(0.030926786 0.0013502925 0.12175088)
(0.031957679 0.0013953023 0.12175088)
(0.032988572 0.001440312 0.12175088)
(0.034019465 0.0014853217 0.12175088)
(0.035050358 0.0015303315 0.12175088)
(0.036081251 0.0015753412 0.12175088)
(0.037112143 0.001620351 0.12175088)
(0.038143036 0.0016653608 0.12175088)
(0.039173929 0.0017103705 0.12175088)
(0.040204822 0.0017553803 0.12175088)
(0.041235715 0.00180039 0.12175088)
(0 0 0.1218821)
(0.0010308929 -4.500975e-05 0.1218821)
(0.0020617858 -9.00195e-05 0.1218821)
(0.0030926786 -0.00013502925 0.1218821)
(0.0041235715 -0.000180039 0.1218821)
(0.0051544644 -0.00022504875 0.1218821)
(0.0061853572 -0.0002700585 0.1218821)
(0.0072162501 -0.00031506825 0.1218821)
(0.008247143 -0.000360078 0.1218821)
(0.0092780359 -0.00040508775 0.1218821)
(0.010308929 -0.0004500975 0.1218821)
(0.011339822 -0.00049510725 0.1218821)
(0.012370714 -0.000540117 0.1218821)
(0.013401607 -0.00058512675 0.1218821)
(0.0144325 -0.0006301365 0.1218821)
(0.015463393 -0.00067514625 0.1218821)
(0.016494286 -0.000720156 0.1218821)
(0.017525179 -0.00076516575 0.1218821)
(0.018556072 -0.0008101755 0.1218821)
(0.019586965 -0.00085518525 0.1218821)
(0.020617857 -0.000900195 0.1218821)
(0.02164875 -0.00094520475 0.1218821)
(0.022679643 -0.0009902145 0.1218821)
(0.023710536 -0.0010352243 0.1218821)
(0.024741429 -0.001080234 0.1218821)
(0.025772322 -0.0011252437 0.1218821)
(0.026803215 -0.0011702535 0.1218821)
(0.027834108 -0.0012152632 0.1218821)
(0.028865001 -0.001260273 0.1218821)
(0.029895893 -0.0013052828 0.1218821)
(0.030926786 -0.0013502925 0.1218821)
(0.031957679 -0.0013953023 0.1218821)
(0.032988572 -0.001440312 0.1218821)
(0.034019465 -0.0014853217 0.1218821)
(0.035050358 -0.0015303315 0.1218821)
(0.036081251 -0.0015753412 0.1218821)
(0.037112143 -0.001620351 0.1218821)
(0.038143036 -0.0016653608 0.1218821)
(0.039173929 -0.0017103705 0.1218821)
(0.040204822 -0.0017553803 0.1218821)
(0.041235715 -0.00180039 0.1218821)
(0.0010308929 4.500975e-05 0.1218821)
(0.0020617858 9.00195e-05 0.1218821)
(0.0030926786 0.00013502925 0.1218821)
(0.0041235715 0.000180039 0.1218821)
(0.0051544644 0.00022504875 0.1218821)
(0.0061853572 0.0002700585 0.1218821)
(0.0072162501 0.00031506825 0.1218821)
(0.008247143 0.000360078 0.1218821)
(0.0092780359 0.00040508775 0.1218821)
(0.010308929 0.0004500975 0.1218821)
(0.011339822 0.00049510725 0.1218821)
(0.012370714 0.000540117 0.1218821)
(0.013401607 0.00058512675 0.1218821)
(0.0144325 0.0006301365 0.1218821)
(0.015463393 0.00067514625 0.1218821)
(0.016494286 0.000720156 0.1218821)
(0.017525179 0.00076516575 0.1218821)
(0.018556072 0.0008101755 0.1218821)
(0.019586965 0.00085518525 0.1218821)
(0.020617857 0.000900195 0.1218821)
(0.02164875 0.00094520475 0.1218821)
(0.022679643 0.0009902145 0.1218821)
(0.023710536 0.0010352243 0.1218821)
(0.024741429 0.001080234 0.1218821)
(0.025772322 0.0011252437 0.1218821)
(0.026803215 0.0011702535 0.1218821)
(0.027834108 0.0012152632 0.1218821)
(0.028865001 0.001260273 0.1218821)
(0.029895893 0.0013052828 0.1218821)
(0.030926786 0.0013502925 0.1218821)
(0.031957679 0.0013953023 0.1218821)
(0.032988572 0.001440312 0.1218821)
(0.034019465 0.0014853217 0.1218821)
(0.035050358 0.0015303315 0.1218821)
(0.036081251 0.0015753412 0.1218821)
(0.037112143 0.001620351 0.1218821)
(0.038143036 0.0016653608 0.1218821)
(0.039173929 0.0017103705 0.1218821)
(0.040204822 0.0017553803 0.1218821)
(0.041235715 0.00180039 0.1218821)
(0 0 0.12201333)
(0.0010308929 -4.500975e-05 0.12201333)
(0.0020617858 -9.00195e-05 0.12201333)
(0.0030926786 -0.00013502925 0.12201333)
(0.0041235715 -0.000180039 0.12201333)
(0.0051544644 -0.00022504875 0.12201333)
(0.0061853572 -0.0002700585 0.12201333)
(0.0072162501 -0.00031506825 0.12201333)
(0.008247143 -0.000360078 0.12201333)
(0.0092780359 -0.00040508775 0.12201333)
(0.010308929 -0.0004500975 0.12201333)
(0.011339822 -0.00049510725 0.12201333)
(0.012370714 -0.000540117 0.12201333)
(0.013401607 -0.00058512675 0.12201333)
(0.0144325 -0.0006301365 0.12201333)
(0.015463393 -0.00067514625 0.12201333)
(0.016494286 -0.000720156 0.12201333)
(0.017525179 -0.00076516575 0.12201333)
(0.018556072 -0.0008101755 0.12201333)
(0.019586965 -0.00085518525 0.12201333)
(0.020617857 -0.000900195 0.12201333)
(0.02164875 -0.00094520475 0.12201333)
(0.022679643 -0.0009902145 0.12201333)
(0.023710536 -0.0010352243 0.12201333)
(0.024741429 -0.001080234 0.12201333)
(0.025772322 -0.0011252437 0.12201333)
(0.026803215 -0.0011702535 0.12201333)
(0.027834108 -0.0012152632 0.12201333)
(0.028865001 -0.001260273 0.12201333)
(0.029895893 -0.0013052828 0.12201333)
(0.030926786 -0.0013502925 0.12201333)
(0.031957679 -0.0013953023 0.12201333)
(0.032988572 -0.001440312 0.12201333)
(0.034019465 -0.0014853217 0.12201333)
(0.035050358 -0.0015303315 0.12201333)
(0.036081251 -0.0015753412 0.12201333)
(0.037112143 -0.001620351 0.12201333)
(0.038143036 -0.0016653608 0.12201333)
(0.039173929 -0.0017103705 0.12201333)
(0.040204822 -0.0017553803 0.12201333)
(0.041235715 -0.00180039 0.12201333)
(0.0010308929 4.500975e-05 0.12201333)
(0.0020617858 9.00195e-05 0.12201333)
(0.0030926786 0.00013502925 0.12201333)
(0.0041235715 0.000180039 0.12201333)
(0.0051544644 0.00022504875 0.12201333)
(0.0061853572 0.0002700585 0.12201333)
(0.0072162501 0.00031506825 0.12201333)
(0.008247143 0.000360078 0.12201333)
(0.0092780359 0.00040508775 0.12201333)
(0.010308929 0.0004500975 0.12201333)
(0.011339822 0.00049510725 0.12201333)
(0.012370714 0.000540117 0.12201333)
(0.013401607 0.00058512675 0.12201333)
(0.0144325 0.0006301365 0.12201333)
(0.015463393 0.00067514625 0.12201333)
(0.016494286 0.000720156 0.12201333)
(0.017525179 0.00076516575 0.12201333)
(0.018556072 0.0008101755 0.12201333)
(0.019586965 0.00085518525 0.12201333)
(0.020617857 0.000900195 0.12201333)
(0.02164875 0.00094520475 0.12201333)
(0.022679643 0.0009902145 0.12201333)
(0.023710536 0.0010352243 0.12201333)
(0.024741429 0.001080234 0.12201333)
(0.025772322 0.0011252437 0.12201333)
(0.026803215 0.0011702535 0.12201333)
(0.027834108 0.0012152632 0.12201333)
(0.028865001 0.001260273 0.12201333)
(0.029895893 0.0013052828 0.12201333)
(0.030926786 0.0013502925 0.12201333)
(0.031957679 0.0013953023 0.12201333)
(0.032988572 0.001440312 0.12201333)
(0.034019465 0.0014853217 0.12201333)
(0.035050358 0.0015303315 0.12201333)
(0.036081251 0.0015753412 0.12201333)
(0.037112143 0.001620351 0.12201333)
(0.038143036 0.0016653608 0.12201333)
(0.039173929 0.0017103705 0.12201333)
(0.040204822 0.0017553803 0.12201333)
(0.041235715 0.00180039 0.12201333)
(0 0 0.12214457)
(0.0010308929 -4.500975e-05 0.12214457)
(0.0020617858 -9.00195e-05 0.12214457)
(0.0030926786 -0.00013502925 0.12214457)
(0.0041235715 -0.000180039 0.12214457)
(0.0051544644 -0.00022504875 0.12214457)
(0.0061853572 -0.0002700585 0.12214457)
(0.0072162501 -0.00031506825 0.12214457)
(0.008247143 -0.000360078 0.12214457)
(0.0092780359 -0.00040508775 0.12214457)
(0.010308929 -0.0004500975 0.12214457)
(0.011339822 -0.00049510725 0.12214457)
(0.012370714 -0.000540117 0.12214457)
(0.013401607 -0.00058512675 0.12214457)
(0.0144325 -0.0006301365 0.12214457)
(0.015463393 -0.00067514625 0.12214457)
(0.016494286 -0.000720156 0.12214457)
(0.017525179 -0.00076516575 0.12214457)
(0.018556072 -0.0008101755 0.12214457)
(0.019586965 -0.00085518525 0.12214457)
(0.020617857 -0.000900195 0.12214457)
(0.02164875 -0.00094520475 0.12214457)
(0.022679643 -0.0009902145 0.12214457)
(0.023710536 -0.0010352243 0.12214457)
(0.024741429 -0.001080234 0.12214457)
(0.025772322 -0.0011252437 0.12214457)
(0.026803215 -0.0011702535 0.12214457)
(0.027834108 -0.0012152632 0.12214457)
(0.028865001 -0.001260273 0.12214457)
(0.029895893 -0.0013052828 0.12214457)
(0.030926786 -0.0013502925 0.12214457)
(0.031957679 -0.0013953023 0.12214457)
(0.032988572 -0.001440312 0.12214457)
(0.034019465 -0.0014853217 0.12214457)
(0.035050358 -0.0015303315 0.12214457)
(0.036081251 -0.0015753412 0.12214457)
(0.037112143 -0.001620351 0.12214457)
(0.038143036 -0.0016653608 0.12214457)
(0.039173929 -0.0017103705 0.12214457)
(0.040204822 -0.0017553803 0.12214457)
(0.041235715 -0.00180039 0.12214457)
(0.0010308929 4.500975e-05 0.12214457)
(0.0020617858 9.00195e-05 0.12214457)
(0.0030926786 0.00013502925 0.12214457)
(0.0041235715 0.000180039 0.12214457)
(0.0051544644 0.00022504875 0.12214457)
(0.0061853572 0.0002700585 0.12214457)
(0.0072162501 0.00031506825 0.12214457)
(0.008247143 0.000360078 0.12214457)
(0.0092780359 0.00040508775 0.12214457)
(0.010308929 0.0004500975 0.12214457)
(0.011339822 0.00049510725 0.12214457)
(0.012370714 0.000540117 0.12214457)
(0.013401607 0.00058512675 0.12214457)
(0.0144325 0.0006301365 0.12214457)
(0.015463393 0.00067514625 0.12214457)
(0.016494286 0.000720156 0.12214457)
(0.017525179 0.00076516575 0.12214457)
(0.018556072 0.0008101755 0.12214457)
(0.019586965 0.00085518525 0.12214457)
(0.020617857 0.000900195 0.12214457)
(0.02164875 0.00094520475 0.12214457)
(0.022679643 0.0009902145 0.12214457)
(0.023710536 0.0010352243 0.12214457)
(0.024741429 0.001080234 0.12214457)
(0.025772322 0.0011252437 0.12214457)
(0.026803215 0.0011702535 0.12214457)
(0.027834108 0.0012152632 0.12214457)
(0.028865001 0.001260273 0.12214457)
(0.029895893 0.0013052828 0.12214457)
(0.030926786 0.0013502925 0.12214457)
(0.031957679 0.0013953023 0.12214457)
(0.032988572 0.001440312 0.12214457)
(0.034019465 0.0014853217 0.12214457)
(0.035050358 0.0015303315 0.12214457)
(0.036081251 0.0015753412 0.12214457)
(0.037112143 0.001620351 0.12214457)
(0.038143036 0.0016653608 0.12214457)
(0.039173929 0.0017103705 0.12214457)
(0.040204822 0.0017553803 0.12214457)
(0.041235715 0.00180039 0.12214457)
(0 0 0.12227579)
(0.0010308929 -4.500975e-05 0.12227579)
(0.0020617858 -9.00195e-05 0.12227579)
(0.0030926786 -0.00013502925 0.12227579)
(0.0041235715 -0.000180039 0.12227579)
(0.0051544644 -0.00022504875 0.12227579)
(0.0061853572 -0.0002700585 0.12227579)
(0.0072162501 -0.00031506825 0.12227579)
(0.008247143 -0.000360078 0.12227579)
(0.0092780359 -0.00040508775 0.12227579)
(0.010308929 -0.0004500975 0.12227579)
(0.011339822 -0.00049510725 0.12227579)
(0.012370714 -0.000540117 0.12227579)
(0.013401607 -0.00058512675 0.12227579)
(0.0144325 -0.0006301365 0.12227579)
(0.015463393 -0.00067514625 0.12227579)
(0.016494286 -0.000720156 0.12227579)
(0.017525179 -0.00076516575 0.12227579)
(0.018556072 -0.0008101755 0.12227579)
(0.019586965 -0.00085518525 0.12227579)
(0.020617857 -0.000900195 0.12227579)
(0.02164875 -0.00094520475 0.12227579)
(0.022679643 -0.0009902145 0.12227579)
(0.023710536 -0.0010352243 0.12227579)
(0.024741429 -0.001080234 0.12227579)
(0.025772322 -0.0011252437 0.12227579)
(0.026803215 -0.0011702535 0.12227579)
(0.027834108 -0.0012152632 0.12227579)
(0.028865001 -0.001260273 0.12227579)
(0.029895893 -0.0013052828 0.12227579)
(0.030926786 -0.0013502925 0.12227579)
(0.031957679 -0.0013953023 0.12227579)
(0.032988572 -0.001440312 0.12227579)
(0.034019465 -0.0014853217 0.12227579)
(0.035050358 -0.0015303315 0.12227579)
(0.036081251 -0.0015753412 0.12227579)
(0.037112143 -0.001620351 0.12227579)
(0.038143036 -0.0016653608 0.12227579)
(0.039173929 -0.0017103705 0.12227579)
(0.040204822 -0.0017553803 0.12227579)
(0.041235715 -0.00180039 0.12227579)
(0.0010308929 4.500975e-05 0.12227579)
(0.0020617858 9.00195e-05 0.12227579)
(0.0030926786 0.00013502925 0.12227579)
(0.0041235715 0.000180039 0.12227579)
(0.0051544644 0.00022504875 0.12227579)
(0.0061853572 0.0002700585 0.12227579)
(0.0072162501 0.00031506825 0.12227579)
(0.008247143 0.000360078 0.12227579)
(0.0092780359 0.00040508775 0.12227579)
(0.010308929 0.0004500975 0.12227579)
(0.011339822 0.00049510725 0.12227579)
(0.012370714 0.000540117 0.12227579)
(0.013401607 0.00058512675 0.12227579)
(0.0144325 0.0006301365 0.12227579)
(0.015463393 0.00067514625 0.12227579)
(0.016494286 0.000720156 0.12227579)
(0.017525179 0.00076516575 0.12227579)
(0.018556072 0.0008101755 0.12227579)
(0.019586965 0.00085518525 0.12227579)
(0.020617857 0.000900195 0.12227579)
(0.02164875 0.00094520475 0.12227579)
(0.022679643 0.0009902145 0.12227579)
(0.023710536 0.0010352243 0.12227579)
(0.024741429 0.001080234 0.12227579)
(0.025772322 0.0011252437 0.12227579)
(0.026803215 0.0011702535 0.12227579)
(0.027834108 0.0012152632 0.12227579)
(0.028865001 0.001260273 0.12227579)
(0.029895893 0.0013052828 0.12227579)
(0.030926786 0.0013502925 0.12227579)
(0.031957679 0.0013953023 0.12227579)
(0.032988572 0.001440312 0.12227579)
(0.034019465 0.0014853217 0.12227579)
(0.035050358 0.0015303315 0.12227579)
(0.036081251 0.0015753412 0.12227579)
(0.037112143 0.001620351 0.12227579)
(0.038143036 0.0016653608 0.12227579)
(0.039173929 0.0017103705 0.12227579)
(0.040204822 0.0017553803 0.12227579)
(0.041235715 0.00180039 0.12227579)
(0 0 0.12240702)
(0.0010308929 -4.500975e-05 0.12240702)
(0.0020617858 -9.00195e-05 0.12240702)
(0.0030926786 -0.00013502925 0.12240702)
(0.0041235715 -0.000180039 0.12240702)
(0.0051544644 -0.00022504875 0.12240702)
(0.0061853572 -0.0002700585 0.12240702)
(0.0072162501 -0.00031506825 0.12240702)
(0.008247143 -0.000360078 0.12240702)
(0.0092780359 -0.00040508775 0.12240702)
(0.010308929 -0.0004500975 0.12240702)
(0.011339822 -0.00049510725 0.12240702)
(0.012370714 -0.000540117 0.12240702)
(0.013401607 -0.00058512675 0.12240702)
(0.0144325 -0.0006301365 0.12240702)
(0.015463393 -0.00067514625 0.12240702)
(0.016494286 -0.000720156 0.12240702)
(0.017525179 -0.00076516575 0.12240702)
(0.018556072 -0.0008101755 0.12240702)
(0.019586965 -0.00085518525 0.12240702)
(0.020617857 -0.000900195 0.12240702)
(0.02164875 -0.00094520475 0.12240702)
(0.022679643 -0.0009902145 0.12240702)
(0.023710536 -0.0010352243 0.12240702)
(0.024741429 -0.001080234 0.12240702)
(0.025772322 -0.0011252437 0.12240702)
(0.026803215 -0.0011702535 0.12240702)
(0.027834108 -0.0012152632 0.12240702)
(0.028865001 -0.001260273 0.12240702)
(0.029895893 -0.0013052828 0.12240702)
(0.030926786 -0.0013502925 0.12240702)
(0.031957679 -0.0013953023 0.12240702)
(0.032988572 -0.001440312 0.12240702)
(0.034019465 -0.0014853217 0.12240702)
(0.035050358 -0.0015303315 0.12240702)
(0.036081251 -0.0015753412 0.12240702)
(0.037112143 -0.001620351 0.12240702)
(0.038143036 -0.0016653608 0.12240702)
(0.039173929 -0.0017103705 0.12240702)
(0.040204822 -0.0017553803 0.12240702)
(0.041235715 -0.00180039 0.12240702)
(0.0010308929 4.500975e-05 0.12240702)
(0.0020617858 9.00195e-05 0.12240702)
(0.0030926786 0.00013502925 0.12240702)
(0.0041235715 0.000180039 0.12240702)
(0.0051544644 0.00022504875 0.12240702)
(0.0061853572 0.0002700585 0.12240702)
(0.0072162501 0.00031506825 0.12240702)
(0.008247143 0.000360078 0.12240702)
(0.0092780359 0.00040508775 0.12240702)
(0.010308929 0.0004500975 0.12240702)
(0.011339822 0.00049510725 0.12240702)
(0.012370714 0.000540117 0.12240702)
(0.013401607 0.00058512675 0.12240702)
(0.0144325 0.0006301365 0.12240702)
(0.015463393 0.00067514625 0.12240702)
(0.016494286 0.000720156 0.12240702)
(0.017525179 0.00076516575 0.12240702)
(0.018556072 0.0008101755 0.12240702)
(0.019586965 0.00085518525 0.12240702)
(0.020617857 0.000900195 0.12240702)
(0.02164875 0.00094520475 0.12240702)
(0.022679643 0.0009902145 0.12240702)
(0.023710536 0.0010352243 0.12240702)
(0.024741429 0.001080234 0.12240702)
(0.025772322 0.0011252437 0.12240702)
(0.026803215 0.0011702535 0.12240702)
(0.027834108 0.0012152632 0.12240702)
(0.028865001 0.001260273 0.12240702)
(0.029895893 0.0013052828 0.12240702)
(0.030926786 0.0013502925 0.12240702)
(0.031957679 0.0013953023 0.12240702)
(0.032988572 0.001440312 0.12240702)
(0.034019465 0.0014853217 0.12240702)
(0.035050358 0.0015303315 0.12240702)
(0.036081251 0.0015753412 0.12240702)
(0.037112143 0.001620351 0.12240702)
(0.038143036 0.0016653608 0.12240702)
(0.039173929 0.0017103705 0.12240702)
(0.040204822 0.0017553803 0.12240702)
(0.041235715 0.00180039 0.12240702)
(0 0 0.12253825)
(0.0010308929 -4.500975e-05 0.12253825)
(0.0020617858 -9.00195e-05 0.12253825)
(0.0030926786 -0.00013502925 0.12253825)
(0.0041235715 -0.000180039 0.12253825)
(0.0051544644 -0.00022504875 0.12253825)
(0.0061853572 -0.0002700585 0.12253825)
(0.0072162501 -0.00031506825 0.12253825)
(0.008247143 -0.000360078 0.12253825)
(0.0092780359 -0.00040508775 0.12253825)
(0.010308929 -0.0004500975 0.12253825)
(0.011339822 -0.00049510725 0.12253825)
(0.012370714 -0.000540117 0.12253825)
(0.013401607 -0.00058512675 0.12253825)
(0.0144325 -0.0006301365 0.12253825)
(0.015463393 -0.00067514625 0.12253825)
(0.016494286 -0.000720156 0.12253825)
(0.017525179 -0.00076516575 0.12253825)
(0.018556072 -0.0008101755 0.12253825)
(0.019586965 -0.00085518525 0.12253825)
(0.020617857 -0.000900195 0.12253825)
(0.02164875 -0.00094520475 0.12253825)
(0.022679643 -0.0009902145 0.12253825)
(0.023710536 -0.0010352243 0.12253825)
(0.024741429 -0.001080234 0.12253825)
(0.025772322 -0.0011252437 0.12253825)
(0.026803215 -0.0011702535 0.12253825)
(0.027834108 -0.0012152632 0.12253825)
(0.028865001 -0.001260273 0.12253825)
(0.029895893 -0.0013052828 0.12253825)
(0.030926786 -0.0013502925 0.12253825)
(0.031957679 -0.0013953023 0.12253825)
(0.032988572 -0.001440312 0.12253825)
(0.034019465 -0.0014853217 0.12253825)
(0.035050358 -0.0015303315 0.12253825)
(0.036081251 -0.0015753412 0.12253825)
(0.037112143 -0.001620351 0.12253825)
(0.038143036 -0.0016653608 0.12253825)
(0.039173929 -0.0017103705 0.12253825)
(0.040204822 -0.0017553803 0.12253825)
(0.041235715 -0.00180039 0.12253825)
(0.0010308929 4.500975e-05 0.12253825)
(0.0020617858 9.00195e-05 0.12253825)
(0.0030926786 0.00013502925 0.12253825)
(0.0041235715 0.000180039 0.12253825)
(0.0051544644 0.00022504875 0.12253825)
(0.0061853572 0.0002700585 0.12253825)
(0.0072162501 0.00031506825 0.12253825)
(0.008247143 0.000360078 0.12253825)
(0.0092780359 0.00040508775 0.12253825)
(0.010308929 0.0004500975 0.12253825)
(0.011339822 0.00049510725 0.12253825)
(0.012370714 0.000540117 0.12253825)
(0.013401607 0.00058512675 0.12253825)
(0.0144325 0.0006301365 0.12253825)
(0.015463393 0.00067514625 0.12253825)
(0.016494286 0.000720156 0.12253825)
(0.017525179 0.00076516575 0.12253825)
(0.018556072 0.0008101755 0.12253825)
(0.019586965 0.00085518525 0.12253825)
(0.020617857 0.000900195 0.12253825)
(0.02164875 0.00094520475 0.12253825)
(0.022679643 0.0009902145 0.12253825)
(0.023710536 0.0010352243 0.12253825)
(0.024741429 0.001080234 0.12253825)
(0.025772322 0.0011252437 0.12253825)
(0.026803215 0.0011702535 0.12253825)
(0.027834108 0.0012152632 0.12253825)
(0.028865001 0.001260273 0.12253825)
(0.029895893 0.0013052828 0.12253825)
(0.030926786 0.0013502925 0.12253825)
(0.031957679 0.0013953023 0.12253825)
(0.032988572 0.001440312 0.12253825)
(0.034019465 0.0014853217 0.12253825)
(0.035050358 0.0015303315 0.12253825)
(0.036081251 0.0015753412 0.12253825)
(0.037112143 0.001620351 0.12253825)
(0.038143036 0.0016653608 0.12253825)
(0.039173929 0.0017103705 0.12253825)
(0.040204822 0.0017553803 0.12253825)
(0.041235715 0.00180039 0.12253825)
(0 0 0.12266947)
(0.0010308929 -4.500975e-05 0.12266947)
(0.0020617858 -9.00195e-05 0.12266947)
(0.0030926786 -0.00013502925 0.12266947)
(0.0041235715 -0.000180039 0.12266947)
(0.0051544644 -0.00022504875 0.12266947)
(0.0061853572 -0.0002700585 0.12266947)
(0.0072162501 -0.00031506825 0.12266947)
(0.008247143 -0.000360078 0.12266947)
(0.0092780359 -0.00040508775 0.12266947)
(0.010308929 -0.0004500975 0.12266947)
(0.011339822 -0.00049510725 0.12266947)
(0.012370714 -0.000540117 0.12266947)
(0.013401607 -0.00058512675 0.12266947)
(0.0144325 -0.0006301365 0.12266947)
(0.015463393 -0.00067514625 0.12266947)
(0.016494286 -0.000720156 0.12266947)
(0.017525179 -0.00076516575 0.12266947)
(0.018556072 -0.0008101755 0.12266947)
(0.019586965 -0.00085518525 0.12266947)
(0.020617857 -0.000900195 0.12266947)
(0.02164875 -0.00094520475 0.12266947)
(0.022679643 -0.0009902145 0.12266947)
(0.023710536 -0.0010352243 0.12266947)
(0.024741429 -0.001080234 0.12266947)
(0.025772322 -0.0011252437 0.12266947)
(0.026803215 -0.0011702535 0.12266947)
(0.027834108 -0.0012152632 0.12266947)
(0.028865001 -0.001260273 0.12266947)
(0.029895893 -0.0013052828 0.12266947)
(0.030926786 -0.0013502925 0.12266947)
(0.031957679 -0.0013953023 0.12266947)
(0.032988572 -0.001440312 0.12266947)
(0.034019465 -0.0014853217 0.12266947)
(0.035050358 -0.0015303315 0.12266947)
(0.036081251 -0.0015753412 0.12266947)
(0.037112143 -0.001620351 0.12266947)
(0.038143036 -0.0016653608 0.12266947)
(0.039173929 -0.0017103705 0.12266947)
(0.040204822 -0.0017553803 0.12266947)
(0.041235715 -0.00180039 0.12266947)
(0.0010308929 4.500975e-05 0.12266947)
(0.0020617858 9.00195e-05 0.12266947)
(0.0030926786 0.00013502925 0.12266947)
(0.0041235715 0.000180039 0.12266947)
(0.0051544644 0.00022504875 0.12266947)
(0.0061853572 0.0002700585 0.12266947)
(0.0072162501 0.00031506825 0.12266947)
(0.008247143 0.000360078 0.12266947)
(0.0092780359 0.00040508775 0.12266947)
(0.010308929 0.0004500975 0.12266947)
(0.011339822 0.00049510725 0.12266947)
(0.012370714 0.000540117 0.12266947)
(0.013401607 0.00058512675 0.12266947)
(0.0144325 0.0006301365 0.12266947)
(0.015463393 0.00067514625 0.12266947)
(0.016494286 0.000720156 0.12266947)
(0.017525179 0.00076516575 0.12266947)
(0.018556072 0.0008101755 0.12266947)
(0.019586965 0.00085518525 0.12266947)
(0.020617857 0.000900195 0.12266947)
(0.02164875 0.00094520475 0.12266947)
(0.022679643 0.0009902145 0.12266947)
(0.023710536 0.0010352243 0.12266947)
(0.024741429 0.001080234 0.12266947)
(0.025772322 0.0011252437 0.12266947)
(0.026803215 0.0011702535 0.12266947)
(0.027834108 0.0012152632 0.12266947)
(0.028865001 0.001260273 0.12266947)
(0.029895893 0.0013052828 0.12266947)
(0.030926786 0.0013502925 0.12266947)
(0.031957679 0.0013953023 0.12266947)
(0.032988572 0.001440312 0.12266947)
(0.034019465 0.0014853217 0.12266947)
(0.035050358 0.0015303315 0.12266947)
(0.036081251 0.0015753412 0.12266947)
(0.037112143 0.001620351 0.12266947)
(0.038143036 0.0016653608 0.12266947)
(0.039173929 0.0017103705 0.12266947)
(0.040204822 0.0017553803 0.12266947)
(0.041235715 0.00180039 0.12266947)
(0 0 0.1228007)
(0.0010308929 -4.500975e-05 0.1228007)
(0.0020617858 -9.00195e-05 0.1228007)
(0.0030926786 -0.00013502925 0.1228007)
(0.0041235715 -0.000180039 0.1228007)
(0.0051544644 -0.00022504875 0.1228007)
(0.0061853572 -0.0002700585 0.1228007)
(0.0072162501 -0.00031506825 0.1228007)
(0.008247143 -0.000360078 0.1228007)
(0.0092780359 -0.00040508775 0.1228007)
(0.010308929 -0.0004500975 0.1228007)
(0.011339822 -0.00049510725 0.1228007)
(0.012370714 -0.000540117 0.1228007)
(0.013401607 -0.00058512675 0.1228007)
(0.0144325 -0.0006301365 0.1228007)
(0.015463393 -0.00067514625 0.1228007)
(0.016494286 -0.000720156 0.1228007)
(0.017525179 -0.00076516575 0.1228007)
(0.018556072 -0.0008101755 0.1228007)
(0.019586965 -0.00085518525 0.1228007)
(0.020617857 -0.000900195 0.1228007)
(0.02164875 -0.00094520475 0.1228007)
(0.022679643 -0.0009902145 0.1228007)
(0.023710536 -0.0010352243 0.1228007)
(0.024741429 -0.001080234 0.1228007)
(0.025772322 -0.0011252437 0.1228007)
(0.026803215 -0.0011702535 0.1228007)
(0.027834108 -0.0012152632 0.1228007)
(0.028865001 -0.001260273 0.1228007)
(0.029895893 -0.0013052828 0.1228007)
(0.030926786 -0.0013502925 0.1228007)
(0.031957679 -0.0013953023 0.1228007)
(0.032988572 -0.001440312 0.1228007)
(0.034019465 -0.0014853217 0.1228007)
(0.035050358 -0.0015303315 0.1228007)
(0.036081251 -0.0015753412 0.1228007)
(0.037112143 -0.001620351 0.1228007)
(0.038143036 -0.0016653608 0.1228007)
(0.039173929 -0.0017103705 0.1228007)
(0.040204822 -0.0017553803 0.1228007)
(0.041235715 -0.00180039 0.1228007)
(0.0010308929 4.500975e-05 0.1228007)
(0.0020617858 9.00195e-05 0.1228007)
(0.0030926786 0.00013502925 0.1228007)
(0.0041235715 0.000180039 0.1228007)
(0.0051544644 0.00022504875 0.1228007)
(0.0061853572 0.0002700585 0.1228007)
(0.0072162501 0.00031506825 0.1228007)
(0.008247143 0.000360078 0.1228007)
(0.0092780359 0.00040508775 0.1228007)
(0.010308929 0.0004500975 0.1228007)
(0.011339822 0.00049510725 0.1228007)
(0.012370714 0.000540117 0.1228007)
(0.013401607 0.00058512675 0.1228007)
(0.0144325 0.0006301365 0.1228007)
(0.015463393 0.00067514625 0.1228007)
(0.016494286 0.000720156 0.1228007)
(0.017525179 0.00076516575 0.1228007)
(0.018556072 0.0008101755 0.1228007)
(0.019586965 0.00085518525 0.1228007)
(0.020617857 0.000900195 0.1228007)
(0.02164875 0.00094520475 0.1228007)
(0.022679643 0.0009902145 0.1228007)
(0.023710536 0.0010352243 0.1228007)
(0.024741429 0.001080234 0.1228007)
(0.025772322 0.0011252437 0.1228007)
(0.026803215 0.0011702535 0.1228007)
(0.027834108 0.0012152632 0.1228007)
(0.028865001 0.001260273 0.1228007)
(0.029895893 0.0013052828 0.1228007)
(0.030926786 0.0013502925 0.1228007)
(0.031957679 0.0013953023 0.1228007)
(0.032988572 0.001440312 0.1228007)
(0.034019465 0.0014853217 0.1228007)
(0.035050358 0.0015303315 0.1228007)
(0.036081251 0.0015753412 0.1228007)
(0.037112143 0.001620351 0.1228007)
(0.038143036 0.0016653608 0.1228007)
(0.039173929 0.0017103705 0.1228007)
(0.040204822 0.0017553803 0.1228007)
(0.041235715 0.00180039 0.1228007)
(0 0 0.12293193)
(0.0010308929 -4.500975e-05 0.12293193)
(0.0020617858 -9.00195e-05 0.12293193)
(0.0030926786 -0.00013502925 0.12293193)
(0.0041235715 -0.000180039 0.12293193)
(0.0051544644 -0.00022504875 0.12293193)
(0.0061853572 -0.0002700585 0.12293193)
(0.0072162501 -0.00031506825 0.12293193)
(0.008247143 -0.000360078 0.12293193)
(0.0092780359 -0.00040508775 0.12293193)
(0.010308929 -0.0004500975 0.12293193)
(0.011339822 -0.00049510725 0.12293193)
(0.012370714 -0.000540117 0.12293193)
(0.013401607 -0.00058512675 0.12293193)
(0.0144325 -0.0006301365 0.12293193)
(0.015463393 -0.00067514625 0.12293193)
(0.016494286 -0.000720156 0.12293193)
(0.017525179 -0.00076516575 0.12293193)
(0.018556072 -0.0008101755 0.12293193)
(0.019586965 -0.00085518525 0.12293193)
(0.020617857 -0.000900195 0.12293193)
(0.02164875 -0.00094520475 0.12293193)
(0.022679643 -0.0009902145 0.12293193)
(0.023710536 -0.0010352243 0.12293193)
(0.024741429 -0.001080234 0.12293193)
(0.025772322 -0.0011252437 0.12293193)
(0.026803215 -0.0011702535 0.12293193)
(0.027834108 -0.0012152632 0.12293193)
(0.028865001 -0.001260273 0.12293193)
(0.029895893 -0.0013052828 0.12293193)
(0.030926786 -0.0013502925 0.12293193)
(0.031957679 -0.0013953023 0.12293193)
(0.032988572 -0.001440312 0.12293193)
(0.034019465 -0.0014853217 0.12293193)
(0.035050358 -0.0015303315 0.12293193)
(0.036081251 -0.0015753412 0.12293193)
(0.037112143 -0.001620351 0.12293193)
(0.038143036 -0.0016653608 0.12293193)
(0.039173929 -0.0017103705 0.12293193)
(0.040204822 -0.0017553803 0.12293193)
(0.041235715 -0.00180039 0.12293193)
(0.0010308929 4.500975e-05 0.12293193)
(0.0020617858 9.00195e-05 0.12293193)
(0.0030926786 0.00013502925 0.12293193)
(0.0041235715 0.000180039 0.12293193)
(0.0051544644 0.00022504875 0.12293193)
(0.0061853572 0.0002700585 0.12293193)
(0.0072162501 0.00031506825 0.12293193)
(0.008247143 0.000360078 0.12293193)
(0.0092780359 0.00040508775 0.12293193)
(0.010308929 0.0004500975 0.12293193)
(0.011339822 0.00049510725 0.12293193)
(0.012370714 0.000540117 0.12293193)
(0.013401607 0.00058512675 0.12293193)
(0.0144325 0.0006301365 0.12293193)
(0.015463393 0.00067514625 0.12293193)
(0.016494286 0.000720156 0.12293193)
(0.017525179 0.00076516575 0.12293193)
(0.018556072 0.0008101755 0.12293193)
(0.019586965 0.00085518525 0.12293193)
(0.020617857 0.000900195 0.12293193)
(0.02164875 0.00094520475 0.12293193)
(0.022679643 0.0009902145 0.12293193)
(0.023710536 0.0010352243 0.12293193)
(0.024741429 0.001080234 0.12293193)
(0.025772322 0.0011252437 0.12293193)
(0.026803215 0.0011702535 0.12293193)
(0.027834108 0.0012152632 0.12293193)
(0.028865001 0.001260273 0.12293193)
(0.029895893 0.0013052828 0.12293193)
(0.030926786 0.0013502925 0.12293193)
(0.031957679 0.0013953023 0.12293193)
(0.032988572 0.001440312 0.12293193)
(0.034019465 0.0014853217 0.12293193)
(0.035050358 0.0015303315 0.12293193)
(0.036081251 0.0015753412 0.12293193)
(0.037112143 0.001620351 0.12293193)
(0.038143036 0.0016653608 0.12293193)
(0.039173929 0.0017103705 0.12293193)
(0.040204822 0.0017553803 0.12293193)
(0.041235715 0.00180039 0.12293193)
(0 0 0.12306316)
(0.0010308929 -4.500975e-05 0.12306316)
(0.0020617858 -9.00195e-05 0.12306316)
(0.0030926786 -0.00013502925 0.12306316)
(0.0041235715 -0.000180039 0.12306316)
(0.0051544644 -0.00022504875 0.12306316)
(0.0061853572 -0.0002700585 0.12306316)
(0.0072162501 -0.00031506825 0.12306316)
(0.008247143 -0.000360078 0.12306316)
(0.0092780359 -0.00040508775 0.12306316)
(0.010308929 -0.0004500975 0.12306316)
(0.011339822 -0.00049510725 0.12306316)
(0.012370714 -0.000540117 0.12306316)
(0.013401607 -0.00058512675 0.12306316)
(0.0144325 -0.0006301365 0.12306316)
(0.015463393 -0.00067514625 0.12306316)
(0.016494286 -0.000720156 0.12306316)
(0.017525179 -0.00076516575 0.12306316)
(0.018556072 -0.0008101755 0.12306316)
(0.019586965 -0.00085518525 0.12306316)
(0.020617857 -0.000900195 0.12306316)
(0.02164875 -0.00094520475 0.12306316)
(0.022679643 -0.0009902145 0.12306316)
(0.023710536 -0.0010352243 0.12306316)
(0.024741429 -0.001080234 0.12306316)
(0.025772322 -0.0011252437 0.12306316)
(0.026803215 -0.0011702535 0.12306316)
(0.027834108 -0.0012152632 0.12306316)
(0.028865001 -0.001260273 0.12306316)
(0.029895893 -0.0013052828 0.12306316)
(0.030926786 -0.0013502925 0.12306316)
(0.031957679 -0.0013953023 0.12306316)
(0.032988572 -0.001440312 0.12306316)
(0.034019465 -0.0014853217 0.12306316)
(0.035050358 -0.0015303315 0.12306316)
(0.036081251 -0.0015753412 0.12306316)
(0.037112143 -0.001620351 0.12306316)
(0.038143036 -0.0016653608 0.12306316)
(0.039173929 -0.0017103705 0.12306316)
(0.040204822 -0.0017553803 0.12306316)
(0.041235715 -0.00180039 0.12306316)
(0.0010308929 4.500975e-05 0.12306316)
(0.0020617858 9.00195e-05 0.12306316)
(0.0030926786 0.00013502925 0.12306316)
(0.0041235715 0.000180039 0.12306316)
(0.0051544644 0.00022504875 0.12306316)
(0.0061853572 0.0002700585 0.12306316)
(0.0072162501 0.00031506825 0.12306316)
(0.008247143 0.000360078 0.12306316)
(0.0092780359 0.00040508775 0.12306316)
(0.010308929 0.0004500975 0.12306316)
(0.011339822 0.00049510725 0.12306316)
(0.012370714 0.000540117 0.12306316)
(0.013401607 0.00058512675 0.12306316)
(0.0144325 0.0006301365 0.12306316)
(0.015463393 0.00067514625 0.12306316)
(0.016494286 0.000720156 0.12306316)
(0.017525179 0.00076516575 0.12306316)
(0.018556072 0.0008101755 0.12306316)
(0.019586965 0.00085518525 0.12306316)
(0.020617857 0.000900195 0.12306316)
(0.02164875 0.00094520475 0.12306316)
(0.022679643 0.0009902145 0.12306316)
(0.023710536 0.0010352243 0.12306316)
(0.024741429 0.001080234 0.12306316)
(0.025772322 0.0011252437 0.12306316)
(0.026803215 0.0011702535 0.12306316)
(0.027834108 0.0012152632 0.12306316)
(0.028865001 0.001260273 0.12306316)
(0.029895893 0.0013052828 0.12306316)
(0.030926786 0.0013502925 0.12306316)
(0.031957679 0.0013953023 0.12306316)
(0.032988572 0.001440312 0.12306316)
(0.034019465 0.0014853217 0.12306316)
(0.035050358 0.0015303315 0.12306316)
(0.036081251 0.0015753412 0.12306316)
(0.037112143 0.001620351 0.12306316)
(0.038143036 0.0016653608 0.12306316)
(0.039173929 0.0017103705 0.12306316)
(0.040204822 0.0017553803 0.12306316)
(0.041235715 0.00180039 0.12306316)
(0 0 0.12319439)
(0.0010308929 -4.500975e-05 0.12319439)
(0.0020617858 -9.00195e-05 0.12319439)
(0.0030926786 -0.00013502925 0.12319439)
(0.0041235715 -0.000180039 0.12319439)
(0.0051544644 -0.00022504875 0.12319439)
(0.0061853572 -0.0002700585 0.12319439)
(0.0072162501 -0.00031506825 0.12319439)
(0.008247143 -0.000360078 0.12319439)
(0.0092780359 -0.00040508775 0.12319439)
(0.010308929 -0.0004500975 0.12319439)
(0.011339822 -0.00049510725 0.12319439)
(0.012370714 -0.000540117 0.12319439)
(0.013401607 -0.00058512675 0.12319439)
(0.0144325 -0.0006301365 0.12319439)
(0.015463393 -0.00067514625 0.12319439)
(0.016494286 -0.000720156 0.12319439)
(0.017525179 -0.00076516575 0.12319439)
(0.018556072 -0.0008101755 0.12319439)
(0.019586965 -0.00085518525 0.12319439)
(0.020617857 -0.000900195 0.12319439)
(0.02164875 -0.00094520475 0.12319439)
(0.022679643 -0.0009902145 0.12319439)
(0.023710536 -0.0010352243 0.12319439)
(0.024741429 -0.001080234 0.12319439)
(0.025772322 -0.0011252437 0.12319439)
(0.026803215 -0.0011702535 0.12319439)
(0.027834108 -0.0012152632 0.12319439)
(0.028865001 -0.001260273 0.12319439)
(0.029895893 -0.0013052828 0.12319439)
(0.030926786 -0.0013502925 0.12319439)
(0.031957679 -0.0013953023 0.12319439)
(0.032988572 -0.001440312 0.12319439)
(0.034019465 -0.0014853217 0.12319439)
(0.035050358 -0.0015303315 0.12319439)
(0.036081251 -0.0015753412 0.12319439)
(0.037112143 -0.001620351 0.12319439)
(0.038143036 -0.0016653608 0.12319439)
(0.039173929 -0.0017103705 0.12319439)
(0.040204822 -0.0017553803 0.12319439)
(0.041235715 -0.00180039 0.12319439)
(0.0010308929 4.500975e-05 0.12319439)
(0.0020617858 9.00195e-05 0.12319439)
(0.0030926786 0.00013502925 0.12319439)
(0.0041235715 0.000180039 0.12319439)
(0.0051544644 0.00022504875 0.12319439)
(0.0061853572 0.0002700585 0.12319439)
(0.0072162501 0.00031506825 0.12319439)
(0.008247143 0.000360078 0.12319439)
(0.0092780359 0.00040508775 0.12319439)
(0.010308929 0.0004500975 0.12319439)
(0.011339822 0.00049510725 0.12319439)
(0.012370714 0.000540117 0.12319439)
(0.013401607 0.00058512675 0.12319439)
(0.0144325 0.0006301365 0.12319439)
(0.015463393 0.00067514625 0.12319439)
(0.016494286 0.000720156 0.12319439)
(0.017525179 0.00076516575 0.12319439)
(0.018556072 0.0008101755 0.12319439)
(0.019586965 0.00085518525 0.12319439)
(0.020617857 0.000900195 0.12319439)
(0.02164875 0.00094520475 0.12319439)
(0.022679643 0.0009902145 0.12319439)
(0.023710536 0.0010352243 0.12319439)
(0.024741429 0.001080234 0.12319439)
(0.025772322 0.0011252437 0.12319439)
(0.026803215 0.0011702535 0.12319439)
(0.027834108 0.0012152632 0.12319439)
(0.028865001 0.001260273 0.12319439)
(0.029895893 0.0013052828 0.12319439)
(0.030926786 0.0013502925 0.12319439)
(0.031957679 0.0013953023 0.12319439)
(0.032988572 0.001440312 0.12319439)
(0.034019465 0.0014853217 0.12319439)
(0.035050358 0.0015303315 0.12319439)
(0.036081251 0.0015753412 0.12319439)
(0.037112143 0.001620351 0.12319439)
(0.038143036 0.0016653608 0.12319439)
(0.039173929 0.0017103705 0.12319439)
(0.040204822 0.0017553803 0.12319439)
(0.041235715 0.00180039 0.12319439)
(0 0 0.12332561)
(0.0010308929 -4.500975e-05 0.12332561)
(0.0020617858 -9.00195e-05 0.12332561)
(0.0030926786 -0.00013502925 0.12332561)
(0.0041235715 -0.000180039 0.12332561)
(0.0051544644 -0.00022504875 0.12332561)
(0.0061853572 -0.0002700585 0.12332561)
(0.0072162501 -0.00031506825 0.12332561)
(0.008247143 -0.000360078 0.12332561)
(0.0092780359 -0.00040508775 0.12332561)
(0.010308929 -0.0004500975 0.12332561)
(0.011339822 -0.00049510725 0.12332561)
(0.012370714 -0.000540117 0.12332561)
(0.013401607 -0.00058512675 0.12332561)
(0.0144325 -0.0006301365 0.12332561)
(0.015463393 -0.00067514625 0.12332561)
(0.016494286 -0.000720156 0.12332561)
(0.017525179 -0.00076516575 0.12332561)
(0.018556072 -0.0008101755 0.12332561)
(0.019586965 -0.00085518525 0.12332561)
(0.020617857 -0.000900195 0.12332561)
(0.02164875 -0.00094520475 0.12332561)
(0.022679643 -0.0009902145 0.12332561)
(0.023710536 -0.0010352243 0.12332561)
(0.024741429 -0.001080234 0.12332561)
(0.025772322 -0.0011252437 0.12332561)
(0.026803215 -0.0011702535 0.12332561)
(0.027834108 -0.0012152632 0.12332561)
(0.028865001 -0.001260273 0.12332561)
(0.029895893 -0.0013052828 0.12332561)
(0.030926786 -0.0013502925 0.12332561)
(0.031957679 -0.0013953023 0.12332561)
(0.032988572 -0.001440312 0.12332561)
(0.034019465 -0.0014853217 0.12332561)
(0.035050358 -0.0015303315 0.12332561)
(0.036081251 -0.0015753412 0.12332561)
(0.037112143 -0.001620351 0.12332561)
(0.038143036 -0.0016653608 0.12332561)
(0.039173929 -0.0017103705 0.12332561)
(0.040204822 -0.0017553803 0.12332561)
(0.041235715 -0.00180039 0.12332561)
(0.0010308929 4.500975e-05 0.12332561)
(0.0020617858 9.00195e-05 0.12332561)
(0.0030926786 0.00013502925 0.12332561)
(0.0041235715 0.000180039 0.12332561)
(0.0051544644 0.00022504875 0.12332561)
(0.0061853572 0.0002700585 0.12332561)
(0.0072162501 0.00031506825 0.12332561)
(0.008247143 0.000360078 0.12332561)
(0.0092780359 0.00040508775 0.12332561)
(0.010308929 0.0004500975 0.12332561)
(0.011339822 0.00049510725 0.12332561)
(0.012370714 0.000540117 0.12332561)
(0.013401607 0.00058512675 0.12332561)
(0.0144325 0.0006301365 0.12332561)
(0.015463393 0.00067514625 0.12332561)
(0.016494286 0.000720156 0.12332561)
(0.017525179 0.00076516575 0.12332561)
(0.018556072 0.0008101755 0.12332561)
(0.019586965 0.00085518525 0.12332561)
(0.020617857 0.000900195 0.12332561)
(0.02164875 0.00094520475 0.12332561)
(0.022679643 0.0009902145 0.12332561)
(0.023710536 0.0010352243 0.12332561)
(0.024741429 0.001080234 0.12332561)
(0.025772322 0.0011252437 0.12332561)
(0.026803215 0.0011702535 0.12332561)
(0.027834108 0.0012152632 0.12332561)
(0.028865001 0.001260273 0.12332561)
(0.029895893 0.0013052828 0.12332561)
(0.030926786 0.0013502925 0.12332561)
(0.031957679 0.0013953023 0.12332561)
(0.032988572 0.001440312 0.12332561)
(0.034019465 0.0014853217 0.12332561)
(0.035050358 0.0015303315 0.12332561)
(0.036081251 0.0015753412 0.12332561)
(0.037112143 0.001620351 0.12332561)
(0.038143036 0.0016653608 0.12332561)
(0.039173929 0.0017103705 0.12332561)
(0.040204822 0.0017553803 0.12332561)
(0.041235715 0.00180039 0.12332561)
(0 0 0.12345684)
(0.0010308929 -4.500975e-05 0.12345684)
(0.0020617858 -9.00195e-05 0.12345684)
(0.0030926786 -0.00013502925 0.12345684)
(0.0041235715 -0.000180039 0.12345684)
(0.0051544644 -0.00022504875 0.12345684)
(0.0061853572 -0.0002700585 0.12345684)
(0.0072162501 -0.00031506825 0.12345684)
(0.008247143 -0.000360078 0.12345684)
(0.0092780359 -0.00040508775 0.12345684)
(0.010308929 -0.0004500975 0.12345684)
(0.011339822 -0.00049510725 0.12345684)
(0.012370714 -0.000540117 0.12345684)
(0.013401607 -0.00058512675 0.12345684)
(0.0144325 -0.0006301365 0.12345684)
(0.015463393 -0.00067514625 0.12345684)
(0.016494286 -0.000720156 0.12345684)
(0.017525179 -0.00076516575 0.12345684)
(0.018556072 -0.0008101755 0.12345684)
(0.019586965 -0.00085518525 0.12345684)
(0.020617857 -0.000900195 0.12345684)
(0.02164875 -0.00094520475 0.12345684)
(0.022679643 -0.0009902145 0.12345684)
(0.023710536 -0.0010352243 0.12345684)
(0.024741429 -0.001080234 0.12345684)
(0.025772322 -0.0011252437 0.12345684)
(0.026803215 -0.0011702535 0.12345684)
(0.027834108 -0.0012152632 0.12345684)
(0.028865001 -0.001260273 0.12345684)
(0.029895893 -0.0013052828 0.12345684)
(0.030926786 -0.0013502925 0.12345684)
(0.031957679 -0.0013953023 0.12345684)
(0.032988572 -0.001440312 0.12345684)
(0.034019465 -0.0014853217 0.12345684)
(0.035050358 -0.0015303315 0.12345684)
(0.036081251 -0.0015753412 0.12345684)
(0.037112143 -0.001620351 0.12345684)
(0.038143036 -0.0016653608 0.12345684)
(0.039173929 -0.0017103705 0.12345684)
(0.040204822 -0.0017553803 0.12345684)
(0.041235715 -0.00180039 0.12345684)
(0.0010308929 4.500975e-05 0.12345684)
(0.0020617858 9.00195e-05 0.12345684)
(0.0030926786 0.00013502925 0.12345684)
(0.0041235715 0.000180039 0.12345684)
(0.0051544644 0.00022504875 0.12345684)
(0.0061853572 0.0002700585 0.12345684)
(0.0072162501 0.00031506825 0.12345684)
(0.008247143 0.000360078 0.12345684)
(0.0092780359 0.00040508775 0.12345684)
(0.010308929 0.0004500975 0.12345684)
(0.011339822 0.00049510725 0.12345684)
(0.012370714 0.000540117 0.12345684)
(0.013401607 0.00058512675 0.12345684)
(0.0144325 0.0006301365 0.12345684)
(0.015463393 0.00067514625 0.12345684)
(0.016494286 0.000720156 0.12345684)
(0.017525179 0.00076516575 0.12345684)
(0.018556072 0.0008101755 0.12345684)
(0.019586965 0.00085518525 0.12345684)
(0.020617857 0.000900195 0.12345684)
(0.02164875 0.00094520475 0.12345684)
(0.022679643 0.0009902145 0.12345684)
(0.023710536 0.0010352243 0.12345684)
(0.024741429 0.001080234 0.12345684)
(0.025772322 0.0011252437 0.12345684)
(0.026803215 0.0011702535 0.12345684)
(0.027834108 0.0012152632 0.12345684)
(0.028865001 0.001260273 0.12345684)
(0.029895893 0.0013052828 0.12345684)
(0.030926786 0.0013502925 0.12345684)
(0.031957679 0.0013953023 0.12345684)
(0.032988572 0.001440312 0.12345684)
(0.034019465 0.0014853217 0.12345684)
(0.035050358 0.0015303315 0.12345684)
(0.036081251 0.0015753412 0.12345684)
(0.037112143 0.001620351 0.12345684)
(0.038143036 0.0016653608 0.12345684)
(0.039173929 0.0017103705 0.12345684)
(0.040204822 0.0017553803 0.12345684)
(0.041235715 0.00180039 0.12345684)
(0 0 0.12358807)
(0.0010308929 -4.500975e-05 0.12358807)
(0.0020617858 -9.00195e-05 0.12358807)
(0.0030926786 -0.00013502925 0.12358807)
(0.0041235715 -0.000180039 0.12358807)
(0.0051544644 -0.00022504875 0.12358807)
(0.0061853572 -0.0002700585 0.12358807)
(0.0072162501 -0.00031506825 0.12358807)
(0.008247143 -0.000360078 0.12358807)
(0.0092780359 -0.00040508775 0.12358807)
(0.010308929 -0.0004500975 0.12358807)
(0.011339822 -0.00049510725 0.12358807)
(0.012370714 -0.000540117 0.12358807)
(0.013401607 -0.00058512675 0.12358807)
(0.0144325 -0.0006301365 0.12358807)
(0.015463393 -0.00067514625 0.12358807)
(0.016494286 -0.000720156 0.12358807)
(0.017525179 -0.00076516575 0.12358807)
(0.018556072 -0.0008101755 0.12358807)
(0.019586965 -0.00085518525 0.12358807)
(0.020617857 -0.000900195 0.12358807)
(0.02164875 -0.00094520475 0.12358807)
(0.022679643 -0.0009902145 0.12358807)
(0.023710536 -0.0010352243 0.12358807)
(0.024741429 -0.001080234 0.12358807)
(0.025772322 -0.0011252437 0.12358807)
(0.026803215 -0.0011702535 0.12358807)
(0.027834108 -0.0012152632 0.12358807)
(0.028865001 -0.001260273 0.12358807)
(0.029895893 -0.0013052828 0.12358807)
(0.030926786 -0.0013502925 0.12358807)
(0.031957679 -0.0013953023 0.12358807)
(0.032988572 -0.001440312 0.12358807)
(0.034019465 -0.0014853217 0.12358807)
(0.035050358 -0.0015303315 0.12358807)
(0.036081251 -0.0015753412 0.12358807)
(0.037112143 -0.001620351 0.12358807)
(0.038143036 -0.0016653608 0.12358807)
(0.039173929 -0.0017103705 0.12358807)
(0.040204822 -0.0017553803 0.12358807)
(0.041235715 -0.00180039 0.12358807)
(0.0010308929 4.500975e-05 0.12358807)
(0.0020617858 9.00195e-05 0.12358807)
(0.0030926786 0.00013502925 0.12358807)
(0.0041235715 0.000180039 0.12358807)
(0.0051544644 0.00022504875 0.12358807)
(0.0061853572 0.0002700585 0.12358807)
(0.0072162501 0.00031506825 0.12358807)
(0.008247143 0.000360078 0.12358807)
(0.0092780359 0.00040508775 0.12358807)
(0.010308929 0.0004500975 0.12358807)
(0.011339822 0.00049510725 0.12358807)
(0.012370714 0.000540117 0.12358807)
(0.013401607 0.00058512675 0.12358807)
(0.0144325 0.0006301365 0.12358807)
(0.015463393 0.00067514625 0.12358807)
(0.016494286 0.000720156 0.12358807)
(0.017525179 0.00076516575 0.12358807)
(0.018556072 0.0008101755 0.12358807)
(0.019586965 0.00085518525 0.12358807)
(0.020617857 0.000900195 0.12358807)
(0.02164875 0.00094520475 0.12358807)
(0.022679643 0.0009902145 0.12358807)
(0.023710536 0.0010352243 0.12358807)
(0.024741429 0.001080234 0.12358807)
(0.025772322 0.0011252437 0.12358807)
(0.026803215 0.0011702535 0.12358807)
(0.027834108 0.0012152632 0.12358807)
(0.028865001 0.001260273 0.12358807)
(0.029895893 0.0013052828 0.12358807)
(0.030926786 0.0013502925 0.12358807)
(0.031957679 0.0013953023 0.12358807)
(0.032988572 0.001440312 0.12358807)
(0.034019465 0.0014853217 0.12358807)
(0.035050358 0.0015303315 0.12358807)
(0.036081251 0.0015753412 0.12358807)
(0.037112143 0.001620351 0.12358807)
(0.038143036 0.0016653608 0.12358807)
(0.039173929 0.0017103705 0.12358807)
(0.040204822 0.0017553803 0.12358807)
(0.041235715 0.00180039 0.12358807)
(0 0 0.1237193)
(0.0010308929 -4.500975e-05 0.1237193)
(0.0020617858 -9.00195e-05 0.1237193)
(0.0030926786 -0.00013502925 0.1237193)
(0.0041235715 -0.000180039 0.1237193)
(0.0051544644 -0.00022504875 0.1237193)
(0.0061853572 -0.0002700585 0.1237193)
(0.0072162501 -0.00031506825 0.1237193)
(0.008247143 -0.000360078 0.1237193)
(0.0092780359 -0.00040508775 0.1237193)
(0.010308929 -0.0004500975 0.1237193)
(0.011339822 -0.00049510725 0.1237193)
(0.012370714 -0.000540117 0.1237193)
(0.013401607 -0.00058512675 0.1237193)
(0.0144325 -0.0006301365 0.1237193)
(0.015463393 -0.00067514625 0.1237193)
(0.016494286 -0.000720156 0.1237193)
(0.017525179 -0.00076516575 0.1237193)
(0.018556072 -0.0008101755 0.1237193)
(0.019586965 -0.00085518525 0.1237193)
(0.020617857 -0.000900195 0.1237193)
(0.02164875 -0.00094520475 0.1237193)
(0.022679643 -0.0009902145 0.1237193)
(0.023710536 -0.0010352243 0.1237193)
(0.024741429 -0.001080234 0.1237193)
(0.025772322 -0.0011252437 0.1237193)
(0.026803215 -0.0011702535 0.1237193)
(0.027834108 -0.0012152632 0.1237193)
(0.028865001 -0.001260273 0.1237193)
(0.029895893 -0.0013052828 0.1237193)
(0.030926786 -0.0013502925 0.1237193)
(0.031957679 -0.0013953023 0.1237193)
(0.032988572 -0.001440312 0.1237193)
(0.034019465 -0.0014853217 0.1237193)
(0.035050358 -0.0015303315 0.1237193)
(0.036081251 -0.0015753412 0.1237193)
(0.037112143 -0.001620351 0.1237193)
(0.038143036 -0.0016653608 0.1237193)
(0.039173929 -0.0017103705 0.1237193)
(0.040204822 -0.0017553803 0.1237193)
(0.041235715 -0.00180039 0.1237193)
(0.0010308929 4.500975e-05 0.1237193)
(0.0020617858 9.00195e-05 0.1237193)
(0.0030926786 0.00013502925 0.1237193)
(0.0041235715 0.000180039 0.1237193)
(0.0051544644 0.00022504875 0.1237193)
(0.0061853572 0.0002700585 0.1237193)
(0.0072162501 0.00031506825 0.1237193)
(0.008247143 0.000360078 0.1237193)
(0.0092780359 0.00040508775 0.1237193)
(0.010308929 0.0004500975 0.1237193)
(0.011339822 0.00049510725 0.1237193)
(0.012370714 0.000540117 0.1237193)
(0.013401607 0.00058512675 0.1237193)
(0.0144325 0.0006301365 0.1237193)
(0.015463393 0.00067514625 0.1237193)
(0.016494286 0.000720156 0.1237193)
(0.017525179 0.00076516575 0.1237193)
(0.018556072 0.0008101755 0.1237193)
(0.019586965 0.00085518525 0.1237193)
(0.020617857 0.000900195 0.1237193)
(0.02164875 0.00094520475 0.1237193)
(0.022679643 0.0009902145 0.1237193)
(0.023710536 0.0010352243 0.1237193)
(0.024741429 0.001080234 0.1237193)
(0.025772322 0.0011252437 0.1237193)
(0.026803215 0.0011702535 0.1237193)
(0.027834108 0.0012152632 0.1237193)
(0.028865001 0.001260273 0.1237193)
(0.029895893 0.0013052828 0.1237193)
(0.030926786 0.0013502925 0.1237193)
(0.031957679 0.0013953023 0.1237193)
(0.032988572 0.001440312 0.1237193)
(0.034019465 0.0014853217 0.1237193)
(0.035050358 0.0015303315 0.1237193)
(0.036081251 0.0015753412 0.1237193)
(0.037112143 0.001620351 0.1237193)
(0.038143036 0.0016653608 0.1237193)
(0.039173929 0.0017103705 0.1237193)
(0.040204822 0.0017553803 0.1237193)
(0.041235715 0.00180039 0.1237193)
(0 0 0.12385052)
(0.0010308929 -4.500975e-05 0.12385052)
(0.0020617858 -9.00195e-05 0.12385052)
(0.0030926786 -0.00013502925 0.12385052)
(0.0041235715 -0.000180039 0.12385052)
(0.0051544644 -0.00022504875 0.12385052)
(0.0061853572 -0.0002700585 0.12385052)
(0.0072162501 -0.00031506825 0.12385052)
(0.008247143 -0.000360078 0.12385052)
(0.0092780359 -0.00040508775 0.12385052)
(0.010308929 -0.0004500975 0.12385052)
(0.011339822 -0.00049510725 0.12385052)
(0.012370714 -0.000540117 0.12385052)
(0.013401607 -0.00058512675 0.12385052)
(0.0144325 -0.0006301365 0.12385052)
(0.015463393 -0.00067514625 0.12385052)
(0.016494286 -0.000720156 0.12385052)
(0.017525179 -0.00076516575 0.12385052)
(0.018556072 -0.0008101755 0.12385052)
(0.019586965 -0.00085518525 0.12385052)
(0.020617857 -0.000900195 0.12385052)
(0.02164875 -0.00094520475 0.12385052)
(0.022679643 -0.0009902145 0.12385052)
(0.023710536 -0.0010352243 0.12385052)
(0.024741429 -0.001080234 0.12385052)
(0.025772322 -0.0011252437 0.12385052)
(0.026803215 -0.0011702535 0.12385052)
(0.027834108 -0.0012152632 0.12385052)
(0.028865001 -0.001260273 0.12385052)
(0.029895893 -0.0013052828 0.12385052)
(0.030926786 -0.0013502925 0.12385052)
(0.031957679 -0.0013953023 0.12385052)
(0.032988572 -0.001440312 0.12385052)
(0.034019465 -0.0014853217 0.12385052)
(0.035050358 -0.0015303315 0.12385052)
(0.036081251 -0.0015753412 0.12385052)
(0.037112143 -0.001620351 0.12385052)
(0.038143036 -0.0016653608 0.12385052)
(0.039173929 -0.0017103705 0.12385052)
(0.040204822 -0.0017553803 0.12385052)
(0.041235715 -0.00180039 0.12385052)
(0.0010308929 4.500975e-05 0.12385052)
(0.0020617858 9.00195e-05 0.12385052)
(0.0030926786 0.00013502925 0.12385052)
(0.0041235715 0.000180039 0.12385052)
(0.0051544644 0.00022504875 0.12385052)
(0.0061853572 0.0002700585 0.12385052)
(0.0072162501 0.00031506825 0.12385052)
(0.008247143 0.000360078 0.12385052)
(0.0092780359 0.00040508775 0.12385052)
(0.010308929 0.0004500975 0.12385052)
(0.011339822 0.00049510725 0.12385052)
(0.012370714 0.000540117 0.12385052)
(0.013401607 0.00058512675 0.12385052)
(0.0144325 0.0006301365 0.12385052)
(0.015463393 0.00067514625 0.12385052)
(0.016494286 0.000720156 0.12385052)
(0.017525179 0.00076516575 0.12385052)
(0.018556072 0.0008101755 0.12385052)
(0.019586965 0.00085518525 0.12385052)
(0.020617857 0.000900195 0.12385052)
(0.02164875 0.00094520475 0.12385052)
(0.022679643 0.0009902145 0.12385052)
(0.023710536 0.0010352243 0.12385052)
(0.024741429 0.001080234 0.12385052)
(0.025772322 0.0011252437 0.12385052)
(0.026803215 0.0011702535 0.12385052)
(0.027834108 0.0012152632 0.12385052)
(0.028865001 0.001260273 0.12385052)
(0.029895893 0.0013052828 0.12385052)
(0.030926786 0.0013502925 0.12385052)
(0.031957679 0.0013953023 0.12385052)
(0.032988572 0.001440312 0.12385052)
(0.034019465 0.0014853217 0.12385052)
(0.035050358 0.0015303315 0.12385052)
(0.036081251 0.0015753412 0.12385052)
(0.037112143 0.001620351 0.12385052)
(0.038143036 0.0016653608 0.12385052)
(0.039173929 0.0017103705 0.12385052)
(0.040204822 0.0017553803 0.12385052)
(0.041235715 0.00180039 0.12385052)
(0 0 0.12398176)
(0.0010308929 -4.500975e-05 0.12398176)
(0.0020617858 -9.00195e-05 0.12398176)
(0.0030926786 -0.00013502925 0.12398176)
(0.0041235715 -0.000180039 0.12398176)
(0.0051544644 -0.00022504875 0.12398176)
(0.0061853572 -0.0002700585 0.12398176)
(0.0072162501 -0.00031506825 0.12398176)
(0.008247143 -0.000360078 0.12398176)
(0.0092780359 -0.00040508775 0.12398176)
(0.010308929 -0.0004500975 0.12398176)
(0.011339822 -0.00049510725 0.12398176)
(0.012370714 -0.000540117 0.12398176)
(0.013401607 -0.00058512675 0.12398176)
(0.0144325 -0.0006301365 0.12398176)
(0.015463393 -0.00067514625 0.12398176)
(0.016494286 -0.000720156 0.12398176)
(0.017525179 -0.00076516575 0.12398176)
(0.018556072 -0.0008101755 0.12398176)
(0.019586965 -0.00085518525 0.12398176)
(0.020617857 -0.000900195 0.12398176)
(0.02164875 -0.00094520475 0.12398176)
(0.022679643 -0.0009902145 0.12398176)
(0.023710536 -0.0010352243 0.12398176)
(0.024741429 -0.001080234 0.12398176)
(0.025772322 -0.0011252437 0.12398176)
(0.026803215 -0.0011702535 0.12398176)
(0.027834108 -0.0012152632 0.12398176)
(0.028865001 -0.001260273 0.12398176)
(0.029895893 -0.0013052828 0.12398176)
(0.030926786 -0.0013502925 0.12398176)
(0.031957679 -0.0013953023 0.12398176)
(0.032988572 -0.001440312 0.12398176)
(0.034019465 -0.0014853217 0.12398176)
(0.035050358 -0.0015303315 0.12398176)
(0.036081251 -0.0015753412 0.12398176)
(0.037112143 -0.001620351 0.12398176)
(0.038143036 -0.0016653608 0.12398176)
(0.039173929 -0.0017103705 0.12398176)
(0.040204822 -0.0017553803 0.12398176)
(0.041235715 -0.00180039 0.12398176)
(0.0010308929 4.500975e-05 0.12398176)
(0.0020617858 9.00195e-05 0.12398176)
(0.0030926786 0.00013502925 0.12398176)
(0.0041235715 0.000180039 0.12398176)
(0.0051544644 0.00022504875 0.12398176)
(0.0061853572 0.0002700585 0.12398176)
(0.0072162501 0.00031506825 0.12398176)
(0.008247143 0.000360078 0.12398176)
(0.0092780359 0.00040508775 0.12398176)
(0.010308929 0.0004500975 0.12398176)
(0.011339822 0.00049510725 0.12398176)
(0.012370714 0.000540117 0.12398176)
(0.013401607 0.00058512675 0.12398176)
(0.0144325 0.0006301365 0.12398176)
(0.015463393 0.00067514625 0.12398176)
(0.016494286 0.000720156 0.12398176)
(0.017525179 0.00076516575 0.12398176)
(0.018556072 0.0008101755 0.12398176)
(0.019586965 0.00085518525 0.12398176)
(0.020617857 0.000900195 0.12398176)
(0.02164875 0.00094520475 0.12398176)
(0.022679643 0.0009902145 0.12398176)
(0.023710536 0.0010352243 0.12398176)
(0.024741429 0.001080234 0.12398176)
(0.025772322 0.0011252437 0.12398176)
(0.026803215 0.0011702535 0.12398176)
(0.027834108 0.0012152632 0.12398176)
(0.028865001 0.001260273 0.12398176)
(0.029895893 0.0013052828 0.12398176)
(0.030926786 0.0013502925 0.12398176)
(0.031957679 0.0013953023 0.12398176)
(0.032988572 0.001440312 0.12398176)
(0.034019465 0.0014853217 0.12398176)
(0.035050358 0.0015303315 0.12398176)
(0.036081251 0.0015753412 0.12398176)
(0.037112143 0.001620351 0.12398176)
(0.038143036 0.0016653608 0.12398176)
(0.039173929 0.0017103705 0.12398176)
(0.040204822 0.0017553803 0.12398176)
(0.041235715 0.00180039 0.12398176)
(0 0 0.12411298)
(0.0010308929 -4.500975e-05 0.12411298)
(0.0020617858 -9.00195e-05 0.12411298)
(0.0030926786 -0.00013502925 0.12411298)
(0.0041235715 -0.000180039 0.12411298)
(0.0051544644 -0.00022504875 0.12411298)
(0.0061853572 -0.0002700585 0.12411298)
(0.0072162501 -0.00031506825 0.12411298)
(0.008247143 -0.000360078 0.12411298)
(0.0092780359 -0.00040508775 0.12411298)
(0.010308929 -0.0004500975 0.12411298)
(0.011339822 -0.00049510725 0.12411298)
(0.012370714 -0.000540117 0.12411298)
(0.013401607 -0.00058512675 0.12411298)
(0.0144325 -0.0006301365 0.12411298)
(0.015463393 -0.00067514625 0.12411298)
(0.016494286 -0.000720156 0.12411298)
(0.017525179 -0.00076516575 0.12411298)
(0.018556072 -0.0008101755 0.12411298)
(0.019586965 -0.00085518525 0.12411298)
(0.020617857 -0.000900195 0.12411298)
(0.02164875 -0.00094520475 0.12411298)
(0.022679643 -0.0009902145 0.12411298)
(0.023710536 -0.0010352243 0.12411298)
(0.024741429 -0.001080234 0.12411298)
(0.025772322 -0.0011252437 0.12411298)
(0.026803215 -0.0011702535 0.12411298)
(0.027834108 -0.0012152632 0.12411298)
(0.028865001 -0.001260273 0.12411298)
(0.029895893 -0.0013052828 0.12411298)
(0.030926786 -0.0013502925 0.12411298)
(0.031957679 -0.0013953023 0.12411298)
(0.032988572 -0.001440312 0.12411298)
(0.034019465 -0.0014853217 0.12411298)
(0.035050358 -0.0015303315 0.12411298)
(0.036081251 -0.0015753412 0.12411298)
(0.037112143 -0.001620351 0.12411298)
(0.038143036 -0.0016653608 0.12411298)
(0.039173929 -0.0017103705 0.12411298)
(0.040204822 -0.0017553803 0.12411298)
(0.041235715 -0.00180039 0.12411298)
(0.0010308929 4.500975e-05 0.12411298)
(0.0020617858 9.00195e-05 0.12411298)
(0.0030926786 0.00013502925 0.12411298)
(0.0041235715 0.000180039 0.12411298)
(0.0051544644 0.00022504875 0.12411298)
(0.0061853572 0.0002700585 0.12411298)
(0.0072162501 0.00031506825 0.12411298)
(0.008247143 0.000360078 0.12411298)
(0.0092780359 0.00040508775 0.12411298)
(0.010308929 0.0004500975 0.12411298)
(0.011339822 0.00049510725 0.12411298)
(0.012370714 0.000540117 0.12411298)
(0.013401607 0.00058512675 0.12411298)
(0.0144325 0.0006301365 0.12411298)
(0.015463393 0.00067514625 0.12411298)
(0.016494286 0.000720156 0.12411298)
(0.017525179 0.00076516575 0.12411298)
(0.018556072 0.0008101755 0.12411298)
(0.019586965 0.00085518525 0.12411298)
(0.020617857 0.000900195 0.12411298)
(0.02164875 0.00094520475 0.12411298)
(0.022679643 0.0009902145 0.12411298)
(0.023710536 0.0010352243 0.12411298)
(0.024741429 0.001080234 0.12411298)
(0.025772322 0.0011252437 0.12411298)
(0.026803215 0.0011702535 0.12411298)
(0.027834108 0.0012152632 0.12411298)
(0.028865001 0.001260273 0.12411298)
(0.029895893 0.0013052828 0.12411298)
(0.030926786 0.0013502925 0.12411298)
(0.031957679 0.0013953023 0.12411298)
(0.032988572 0.001440312 0.12411298)
(0.034019465 0.0014853217 0.12411298)
(0.035050358 0.0015303315 0.12411298)
(0.036081251 0.0015753412 0.12411298)
(0.037112143 0.001620351 0.12411298)
(0.038143036 0.0016653608 0.12411298)
(0.039173929 0.0017103705 0.12411298)
(0.040204822 0.0017553803 0.12411298)
(0.041235715 0.00180039 0.12411298)
(0 0 0.12424421)
(0.0010308929 -4.500975e-05 0.12424421)
(0.0020617858 -9.00195e-05 0.12424421)
(0.0030926786 -0.00013502925 0.12424421)
(0.0041235715 -0.000180039 0.12424421)
(0.0051544644 -0.00022504875 0.12424421)
(0.0061853572 -0.0002700585 0.12424421)
(0.0072162501 -0.00031506825 0.12424421)
(0.008247143 -0.000360078 0.12424421)
(0.0092780359 -0.00040508775 0.12424421)
(0.010308929 -0.0004500975 0.12424421)
(0.011339822 -0.00049510725 0.12424421)
(0.012370714 -0.000540117 0.12424421)
(0.013401607 -0.00058512675 0.12424421)
(0.0144325 -0.0006301365 0.12424421)
(0.015463393 -0.00067514625 0.12424421)
(0.016494286 -0.000720156 0.12424421)
(0.017525179 -0.00076516575 0.12424421)
(0.018556072 -0.0008101755 0.12424421)
(0.019586965 -0.00085518525 0.12424421)
(0.020617857 -0.000900195 0.12424421)
(0.02164875 -0.00094520475 0.12424421)
(0.022679643 -0.0009902145 0.12424421)
(0.023710536 -0.0010352243 0.12424421)
(0.024741429 -0.001080234 0.12424421)
(0.025772322 -0.0011252437 0.12424421)
(0.026803215 -0.0011702535 0.12424421)
(0.027834108 -0.0012152632 0.12424421)
(0.028865001 -0.001260273 0.12424421)
(0.029895893 -0.0013052828 0.12424421)
(0.030926786 -0.0013502925 0.12424421)
(0.031957679 -0.0013953023 0.12424421)
(0.032988572 -0.001440312 0.12424421)
(0.034019465 -0.0014853217 0.12424421)
(0.035050358 -0.0015303315 0.12424421)
(0.036081251 -0.0015753412 0.12424421)
(0.037112143 -0.001620351 0.12424421)
(0.038143036 -0.0016653608 0.12424421)
(0.039173929 -0.0017103705 0.12424421)
(0.040204822 -0.0017553803 0.12424421)
(0.041235715 -0.00180039 0.12424421)
(0.0010308929 4.500975e-05 0.12424421)
(0.0020617858 9.00195e-05 0.12424421)
(0.0030926786 0.00013502925 0.12424421)
(0.0041235715 0.000180039 0.12424421)
(0.0051544644 0.00022504875 0.12424421)
(0.0061853572 0.0002700585 0.12424421)
(0.0072162501 0.00031506825 0.12424421)
(0.008247143 0.000360078 0.12424421)
(0.0092780359 0.00040508775 0.12424421)
(0.010308929 0.0004500975 0.12424421)
(0.011339822 0.00049510725 0.12424421)
(0.012370714 0.000540117 0.12424421)
(0.013401607 0.00058512675 0.12424421)
(0.0144325 0.0006301365 0.12424421)
(0.015463393 0.00067514625 0.12424421)
(0.016494286 0.000720156 0.12424421)
(0.017525179 0.00076516575 0.12424421)
(0.018556072 0.0008101755 0.12424421)
(0.019586965 0.00085518525 0.12424421)
(0.020617857 0.000900195 0.12424421)
(0.02164875 0.00094520475 0.12424421)
(0.022679643 0.0009902145 0.12424421)
(0.023710536 0.0010352243 0.12424421)
(0.024741429 0.001080234 0.12424421)
(0.025772322 0.0011252437 0.12424421)
(0.026803215 0.0011702535 0.12424421)
(0.027834108 0.0012152632 0.12424421)
(0.028865001 0.001260273 0.12424421)
(0.029895893 0.0013052828 0.12424421)
(0.030926786 0.0013502925 0.12424421)
(0.031957679 0.0013953023 0.12424421)
(0.032988572 0.001440312 0.12424421)
(0.034019465 0.0014853217 0.12424421)
(0.035050358 0.0015303315 0.12424421)
(0.036081251 0.0015753412 0.12424421)
(0.037112143 0.001620351 0.12424421)
(0.038143036 0.0016653608 0.12424421)
(0.039173929 0.0017103705 0.12424421)
(0.040204822 0.0017553803 0.12424421)
(0.041235715 0.00180039 0.12424421)
(0 0 0.12437544)
(0.0010308929 -4.500975e-05 0.12437544)
(0.0020617858 -9.00195e-05 0.12437544)
(0.0030926786 -0.00013502925 0.12437544)
(0.0041235715 -0.000180039 0.12437544)
(0.0051544644 -0.00022504875 0.12437544)
(0.0061853572 -0.0002700585 0.12437544)
(0.0072162501 -0.00031506825 0.12437544)
(0.008247143 -0.000360078 0.12437544)
(0.0092780359 -0.00040508775 0.12437544)
(0.010308929 -0.0004500975 0.12437544)
(0.011339822 -0.00049510725 0.12437544)
(0.012370714 -0.000540117 0.12437544)
(0.013401607 -0.00058512675 0.12437544)
(0.0144325 -0.0006301365 0.12437544)
(0.015463393 -0.00067514625 0.12437544)
(0.016494286 -0.000720156 0.12437544)
(0.017525179 -0.00076516575 0.12437544)
(0.018556072 -0.0008101755 0.12437544)
(0.019586965 -0.00085518525 0.12437544)
(0.020617857 -0.000900195 0.12437544)
(0.02164875 -0.00094520475 0.12437544)
(0.022679643 -0.0009902145 0.12437544)
(0.023710536 -0.0010352243 0.12437544)
(0.024741429 -0.001080234 0.12437544)
(0.025772322 -0.0011252437 0.12437544)
(0.026803215 -0.0011702535 0.12437544)
(0.027834108 -0.0012152632 0.12437544)
(0.028865001 -0.001260273 0.12437544)
(0.029895893 -0.0013052828 0.12437544)
(0.030926786 -0.0013502925 0.12437544)
(0.031957679 -0.0013953023 0.12437544)
(0.032988572 -0.001440312 0.12437544)
(0.034019465 -0.0014853217 0.12437544)
(0.035050358 -0.0015303315 0.12437544)
(0.036081251 -0.0015753412 0.12437544)
(0.037112143 -0.001620351 0.12437544)
(0.038143036 -0.0016653608 0.12437544)
(0.039173929 -0.0017103705 0.12437544)
(0.040204822 -0.0017553803 0.12437544)
(0.041235715 -0.00180039 0.12437544)
(0.0010308929 4.500975e-05 0.12437544)
(0.0020617858 9.00195e-05 0.12437544)
(0.0030926786 0.00013502925 0.12437544)
(0.0041235715 0.000180039 0.12437544)
(0.0051544644 0.00022504875 0.12437544)
(0.0061853572 0.0002700585 0.12437544)
(0.0072162501 0.00031506825 0.12437544)
(0.008247143 0.000360078 0.12437544)
(0.0092780359 0.00040508775 0.12437544)
(0.010308929 0.0004500975 0.12437544)
(0.011339822 0.00049510725 0.12437544)
(0.012370714 0.000540117 0.12437544)
(0.013401607 0.00058512675 0.12437544)
(0.0144325 0.0006301365 0.12437544)
(0.015463393 0.00067514625 0.12437544)
(0.016494286 0.000720156 0.12437544)
(0.017525179 0.00076516575 0.12437544)
(0.018556072 0.0008101755 0.12437544)
(0.019586965 0.00085518525 0.12437544)
(0.020617857 0.000900195 0.12437544)
(0.02164875 0.00094520475 0.12437544)
(0.022679643 0.0009902145 0.12437544)
(0.023710536 0.0010352243 0.12437544)
(0.024741429 0.001080234 0.12437544)
(0.025772322 0.0011252437 0.12437544)
(0.026803215 0.0011702535 0.12437544)
(0.027834108 0.0012152632 0.12437544)
(0.028865001 0.001260273 0.12437544)
(0.029895893 0.0013052828 0.12437544)
(0.030926786 0.0013502925 0.12437544)
(0.031957679 0.0013953023 0.12437544)
(0.032988572 0.001440312 0.12437544)
(0.034019465 0.0014853217 0.12437544)
(0.035050358 0.0015303315 0.12437544)
(0.036081251 0.0015753412 0.12437544)
(0.037112143 0.001620351 0.12437544)
(0.038143036 0.0016653608 0.12437544)
(0.039173929 0.0017103705 0.12437544)
(0.040204822 0.0017553803 0.12437544)
(0.041235715 0.00180039 0.12437544)
(0 0 0.12450666)
(0.0010308929 -4.500975e-05 0.12450666)
(0.0020617858 -9.00195e-05 0.12450666)
(0.0030926786 -0.00013502925 0.12450666)
(0.0041235715 -0.000180039 0.12450666)
(0.0051544644 -0.00022504875 0.12450666)
(0.0061853572 -0.0002700585 0.12450666)
(0.0072162501 -0.00031506825 0.12450666)
(0.008247143 -0.000360078 0.12450666)
(0.0092780359 -0.00040508775 0.12450666)
(0.010308929 -0.0004500975 0.12450666)
(0.011339822 -0.00049510725 0.12450666)
(0.012370714 -0.000540117 0.12450666)
(0.013401607 -0.00058512675 0.12450666)
(0.0144325 -0.0006301365 0.12450666)
(0.015463393 -0.00067514625 0.12450666)
(0.016494286 -0.000720156 0.12450666)
(0.017525179 -0.00076516575 0.12450666)
(0.018556072 -0.0008101755 0.12450666)
(0.019586965 -0.00085518525 0.12450666)
(0.020617857 -0.000900195 0.12450666)
(0.02164875 -0.00094520475 0.12450666)
(0.022679643 -0.0009902145 0.12450666)
(0.023710536 -0.0010352243 0.12450666)
(0.024741429 -0.001080234 0.12450666)
(0.025772322 -0.0011252437 0.12450666)
(0.026803215 -0.0011702535 0.12450666)
(0.027834108 -0.0012152632 0.12450666)
(0.028865001 -0.001260273 0.12450666)
(0.029895893 -0.0013052828 0.12450666)
(0.030926786 -0.0013502925 0.12450666)
(0.031957679 -0.0013953023 0.12450666)
(0.032988572 -0.001440312 0.12450666)
(0.034019465 -0.0014853217 0.12450666)
(0.035050358 -0.0015303315 0.12450666)
(0.036081251 -0.0015753412 0.12450666)
(0.037112143 -0.001620351 0.12450666)
(0.038143036 -0.0016653608 0.12450666)
(0.039173929 -0.0017103705 0.12450666)
(0.040204822 -0.0017553803 0.12450666)
(0.041235715 -0.00180039 0.12450666)
(0.0010308929 4.500975e-05 0.12450666)
(0.0020617858 9.00195e-05 0.12450666)
(0.0030926786 0.00013502925 0.12450666)
(0.0041235715 0.000180039 0.12450666)
(0.0051544644 0.00022504875 0.12450666)
(0.0061853572 0.0002700585 0.12450666)
(0.0072162501 0.00031506825 0.12450666)
(0.008247143 0.000360078 0.12450666)
(0.0092780359 0.00040508775 0.12450666)
(0.010308929 0.0004500975 0.12450666)
(0.011339822 0.00049510725 0.12450666)
(0.012370714 0.000540117 0.12450666)
(0.013401607 0.00058512675 0.12450666)
(0.0144325 0.0006301365 0.12450666)
(0.015463393 0.00067514625 0.12450666)
(0.016494286 0.000720156 0.12450666)
(0.017525179 0.00076516575 0.12450666)
(0.018556072 0.0008101755 0.12450666)
(0.019586965 0.00085518525 0.12450666)
(0.020617857 0.000900195 0.12450666)
(0.02164875 0.00094520475 0.12450666)
(0.022679643 0.0009902145 0.12450666)
(0.023710536 0.0010352243 0.12450666)
(0.024741429 0.001080234 0.12450666)
(0.025772322 0.0011252437 0.12450666)
(0.026803215 0.0011702535 0.12450666)
(0.027834108 0.0012152632 0.12450666)
(0.028865001 0.001260273 0.12450666)
(0.029895893 0.0013052828 0.12450666)
(0.030926786 0.0013502925 0.12450666)
(0.031957679 0.0013953023 0.12450666)
(0.032988572 0.001440312 0.12450666)
(0.034019465 0.0014853217 0.12450666)
(0.035050358 0.0015303315 0.12450666)
(0.036081251 0.0015753412 0.12450666)
(0.037112143 0.001620351 0.12450666)
(0.038143036 0.0016653608 0.12450666)
(0.039173929 0.0017103705 0.12450666)
(0.040204822 0.0017553803 0.12450666)
(0.041235715 0.00180039 0.12450666)
(0 0 0.12463789)
(0.0010308929 -4.500975e-05 0.12463789)
(0.0020617858 -9.00195e-05 0.12463789)
(0.0030926786 -0.00013502925 0.12463789)
(0.0041235715 -0.000180039 0.12463789)
(0.0051544644 -0.00022504875 0.12463789)
(0.0061853572 -0.0002700585 0.12463789)
(0.0072162501 -0.00031506825 0.12463789)
(0.008247143 -0.000360078 0.12463789)
(0.0092780359 -0.00040508775 0.12463789)
(0.010308929 -0.0004500975 0.12463789)
(0.011339822 -0.00049510725 0.12463789)
(0.012370714 -0.000540117 0.12463789)
(0.013401607 -0.00058512675 0.12463789)
(0.0144325 -0.0006301365 0.12463789)
(0.015463393 -0.00067514625 0.12463789)
(0.016494286 -0.000720156 0.12463789)
(0.017525179 -0.00076516575 0.12463789)
(0.018556072 -0.0008101755 0.12463789)
(0.019586965 -0.00085518525 0.12463789)
(0.020617857 -0.000900195 0.12463789)
(0.02164875 -0.00094520475 0.12463789)
(0.022679643 -0.0009902145 0.12463789)
(0.023710536 -0.0010352243 0.12463789)
(0.024741429 -0.001080234 0.12463789)
(0.025772322 -0.0011252437 0.12463789)
(0.026803215 -0.0011702535 0.12463789)
(0.027834108 -0.0012152632 0.12463789)
(0.028865001 -0.001260273 0.12463789)
(0.029895893 -0.0013052828 0.12463789)
(0.030926786 -0.0013502925 0.12463789)
(0.031957679 -0.0013953023 0.12463789)
(0.032988572 -0.001440312 0.12463789)
(0.034019465 -0.0014853217 0.12463789)
(0.035050358 -0.0015303315 0.12463789)
(0.036081251 -0.0015753412 0.12463789)
(0.037112143 -0.001620351 0.12463789)
(0.038143036 -0.0016653608 0.12463789)
(0.039173929 -0.0017103705 0.12463789)
(0.040204822 -0.0017553803 0.12463789)
(0.041235715 -0.00180039 0.12463789)
(0.0010308929 4.500975e-05 0.12463789)
(0.0020617858 9.00195e-05 0.12463789)
(0.0030926786 0.00013502925 0.12463789)
(0.0041235715 0.000180039 0.12463789)
(0.0051544644 0.00022504875 0.12463789)
(0.0061853572 0.0002700585 0.12463789)
(0.0072162501 0.00031506825 0.12463789)
(0.008247143 0.000360078 0.12463789)
(0.0092780359 0.00040508775 0.12463789)
(0.010308929 0.0004500975 0.12463789)
(0.011339822 0.00049510725 0.12463789)
(0.012370714 0.000540117 0.12463789)
(0.013401607 0.00058512675 0.12463789)
(0.0144325 0.0006301365 0.12463789)
(0.015463393 0.00067514625 0.12463789)
(0.016494286 0.000720156 0.12463789)
(0.017525179 0.00076516575 0.12463789)
(0.018556072 0.0008101755 0.12463789)
(0.019586965 0.00085518525 0.12463789)
(0.020617857 0.000900195 0.12463789)
(0.02164875 0.00094520475 0.12463789)
(0.022679643 0.0009902145 0.12463789)
(0.023710536 0.0010352243 0.12463789)
(0.024741429 0.001080234 0.12463789)
(0.025772322 0.0011252437 0.12463789)
(0.026803215 0.0011702535 0.12463789)
(0.027834108 0.0012152632 0.12463789)
(0.028865001 0.001260273 0.12463789)
(0.029895893 0.0013052828 0.12463789)
(0.030926786 0.0013502925 0.12463789)
(0.031957679 0.0013953023 0.12463789)
(0.032988572 0.001440312 0.12463789)
(0.034019465 0.0014853217 0.12463789)
(0.035050358 0.0015303315 0.12463789)
(0.036081251 0.0015753412 0.12463789)
(0.037112143 0.001620351 0.12463789)
(0.038143036 0.0016653608 0.12463789)
(0.039173929 0.0017103705 0.12463789)
(0.040204822 0.0017553803 0.12463789)
(0.041235715 0.00180039 0.12463789)
(0 0 0.12476912)
(0.0010308929 -4.500975e-05 0.12476912)
(0.0020617858 -9.00195e-05 0.12476912)
(0.0030926786 -0.00013502925 0.12476912)
(0.0041235715 -0.000180039 0.12476912)
(0.0051544644 -0.00022504875 0.12476912)
(0.0061853572 -0.0002700585 0.12476912)
(0.0072162501 -0.00031506825 0.12476912)
(0.008247143 -0.000360078 0.12476912)
(0.0092780359 -0.00040508775 0.12476912)
(0.010308929 -0.0004500975 0.12476912)
(0.011339822 -0.00049510725 0.12476912)
(0.012370714 -0.000540117 0.12476912)
(0.013401607 -0.00058512675 0.12476912)
(0.0144325 -0.0006301365 0.12476912)
(0.015463393 -0.00067514625 0.12476912)
(0.016494286 -0.000720156 0.12476912)
(0.017525179 -0.00076516575 0.12476912)
(0.018556072 -0.0008101755 0.12476912)
(0.019586965 -0.00085518525 0.12476912)
(0.020617857 -0.000900195 0.12476912)
(0.02164875 -0.00094520475 0.12476912)
(0.022679643 -0.0009902145 0.12476912)
(0.023710536 -0.0010352243 0.12476912)
(0.024741429 -0.001080234 0.12476912)
(0.025772322 -0.0011252437 0.12476912)
(0.026803215 -0.0011702535 0.12476912)
(0.027834108 -0.0012152632 0.12476912)
(0.028865001 -0.001260273 0.12476912)
(0.029895893 -0.0013052828 0.12476912)
(0.030926786 -0.0013502925 0.12476912)
(0.031957679 -0.0013953023 0.12476912)
(0.032988572 -0.001440312 0.12476912)
(0.034019465 -0.0014853217 0.12476912)
(0.035050358 -0.0015303315 0.12476912)
(0.036081251 -0.0015753412 0.12476912)
(0.037112143 -0.001620351 0.12476912)
(0.038143036 -0.0016653608 0.12476912)
(0.039173929 -0.0017103705 0.12476912)
(0.040204822 -0.0017553803 0.12476912)
(0.041235715 -0.00180039 0.12476912)
(0.0010308929 4.500975e-05 0.12476912)
(0.0020617858 9.00195e-05 0.12476912)
(0.0030926786 0.00013502925 0.12476912)
(0.0041235715 0.000180039 0.12476912)
(0.0051544644 0.00022504875 0.12476912)
(0.0061853572 0.0002700585 0.12476912)
(0.0072162501 0.00031506825 0.12476912)
(0.008247143 0.000360078 0.12476912)
(0.0092780359 0.00040508775 0.12476912)
(0.010308929 0.0004500975 0.12476912)
(0.011339822 0.00049510725 0.12476912)
(0.012370714 0.000540117 0.12476912)
(0.013401607 0.00058512675 0.12476912)
(0.0144325 0.0006301365 0.12476912)
(0.015463393 0.00067514625 0.12476912)
(0.016494286 0.000720156 0.12476912)
(0.017525179 0.00076516575 0.12476912)
(0.018556072 0.0008101755 0.12476912)
(0.019586965 0.00085518525 0.12476912)
(0.020617857 0.000900195 0.12476912)
(0.02164875 0.00094520475 0.12476912)
(0.022679643 0.0009902145 0.12476912)
(0.023710536 0.0010352243 0.12476912)
(0.024741429 0.001080234 0.12476912)
(0.025772322 0.0011252437 0.12476912)
(0.026803215 0.0011702535 0.12476912)
(0.027834108 0.0012152632 0.12476912)
(0.028865001 0.001260273 0.12476912)
(0.029895893 0.0013052828 0.12476912)
(0.030926786 0.0013502925 0.12476912)
(0.031957679 0.0013953023 0.12476912)
(0.032988572 0.001440312 0.12476912)
(0.034019465 0.0014853217 0.12476912)
(0.035050358 0.0015303315 0.12476912)
(0.036081251 0.0015753412 0.12476912)
(0.037112143 0.001620351 0.12476912)
(0.038143036 0.0016653608 0.12476912)
(0.039173929 0.0017103705 0.12476912)
(0.040204822 0.0017553803 0.12476912)
(0.041235715 0.00180039 0.12476912)
(0 0 0.12490035)
(0.0010308929 -4.500975e-05 0.12490035)
(0.0020617858 -9.00195e-05 0.12490035)
(0.0030926786 -0.00013502925 0.12490035)
(0.0041235715 -0.000180039 0.12490035)
(0.0051544644 -0.00022504875 0.12490035)
(0.0061853572 -0.0002700585 0.12490035)
(0.0072162501 -0.00031506825 0.12490035)
(0.008247143 -0.000360078 0.12490035)
(0.0092780359 -0.00040508775 0.12490035)
(0.010308929 -0.0004500975 0.12490035)
(0.011339822 -0.00049510725 0.12490035)
(0.012370714 -0.000540117 0.12490035)
(0.013401607 -0.00058512675 0.12490035)
(0.0144325 -0.0006301365 0.12490035)
(0.015463393 -0.00067514625 0.12490035)
(0.016494286 -0.000720156 0.12490035)
(0.017525179 -0.00076516575 0.12490035)
(0.018556072 -0.0008101755 0.12490035)
(0.019586965 -0.00085518525 0.12490035)
(0.020617857 -0.000900195 0.12490035)
(0.02164875 -0.00094520475 0.12490035)
(0.022679643 -0.0009902145 0.12490035)
(0.023710536 -0.0010352243 0.12490035)
(0.024741429 -0.001080234 0.12490035)
(0.025772322 -0.0011252437 0.12490035)
(0.026803215 -0.0011702535 0.12490035)
(0.027834108 -0.0012152632 0.12490035)
(0.028865001 -0.001260273 0.12490035)
(0.029895893 -0.0013052828 0.12490035)
(0.030926786 -0.0013502925 0.12490035)
(0.031957679 -0.0013953023 0.12490035)
(0.032988572 -0.001440312 0.12490035)
(0.034019465 -0.0014853217 0.12490035)
(0.035050358 -0.0015303315 0.12490035)
(0.036081251 -0.0015753412 0.12490035)
(0.037112143 -0.001620351 0.12490035)
(0.038143036 -0.0016653608 0.12490035)
(0.039173929 -0.0017103705 0.12490035)
(0.040204822 -0.0017553803 0.12490035)
(0.041235715 -0.00180039 0.12490035)
(0.0010308929 4.500975e-05 0.12490035)
(0.0020617858 9.00195e-05 0.12490035)
(0.0030926786 0.00013502925 0.12490035)
(0.0041235715 0.000180039 0.12490035)
(0.0051544644 0.00022504875 0.12490035)
(0.0061853572 0.0002700585 0.12490035)
(0.0072162501 0.00031506825 0.12490035)
(0.008247143 0.000360078 0.12490035)
(0.0092780359 0.00040508775 0.12490035)
(0.010308929 0.0004500975 0.12490035)
(0.011339822 0.00049510725 0.12490035)
(0.012370714 0.000540117 0.12490035)
(0.013401607 0.00058512675 0.12490035)
(0.0144325 0.0006301365 0.12490035)
(0.015463393 0.00067514625 0.12490035)
(0.016494286 0.000720156 0.12490035)
(0.017525179 0.00076516575 0.12490035)
(0.018556072 0.0008101755 0.12490035)
(0.019586965 0.00085518525 0.12490035)
(0.020617857 0.000900195 0.12490035)
(0.02164875 0.00094520475 0.12490035)
(0.022679643 0.0009902145 0.12490035)
(0.023710536 0.0010352243 0.12490035)
(0.024741429 0.001080234 0.12490035)
(0.025772322 0.0011252437 0.12490035)
(0.026803215 0.0011702535 0.12490035)
(0.027834108 0.0012152632 0.12490035)
(0.028865001 0.001260273 0.12490035)
(0.029895893 0.0013052828 0.12490035)
(0.030926786 0.0013502925 0.12490035)
(0.031957679 0.0013953023 0.12490035)
(0.032988572 0.001440312 0.12490035)
(0.034019465 0.0014853217 0.12490035)
(0.035050358 0.0015303315 0.12490035)
(0.036081251 0.0015753412 0.12490035)
(0.037112143 0.001620351 0.12490035)
(0.038143036 0.0016653608 0.12490035)
(0.039173929 0.0017103705 0.12490035)
(0.040204822 0.0017553803 0.12490035)
(0.041235715 0.00180039 0.12490035)
(0 0 0.12503158)
(0.0010308929 -4.500975e-05 0.12503158)
(0.0020617858 -9.00195e-05 0.12503158)
(0.0030926786 -0.00013502925 0.12503158)
(0.0041235715 -0.000180039 0.12503158)
(0.0051544644 -0.00022504875 0.12503158)
(0.0061853572 -0.0002700585 0.12503158)
(0.0072162501 -0.00031506825 0.12503158)
(0.008247143 -0.000360078 0.12503158)
(0.0092780359 -0.00040508775 0.12503158)
(0.010308929 -0.0004500975 0.12503158)
(0.011339822 -0.00049510725 0.12503158)
(0.012370714 -0.000540117 0.12503158)
(0.013401607 -0.00058512675 0.12503158)
(0.0144325 -0.0006301365 0.12503158)
(0.015463393 -0.00067514625 0.12503158)
(0.016494286 -0.000720156 0.12503158)
(0.017525179 -0.00076516575 0.12503158)
(0.018556072 -0.0008101755 0.12503158)
(0.019586965 -0.00085518525 0.12503158)
(0.020617857 -0.000900195 0.12503158)
(0.02164875 -0.00094520475 0.12503158)
(0.022679643 -0.0009902145 0.12503158)
(0.023710536 -0.0010352243 0.12503158)
(0.024741429 -0.001080234 0.12503158)
(0.025772322 -0.0011252437 0.12503158)
(0.026803215 -0.0011702535 0.12503158)
(0.027834108 -0.0012152632 0.12503158)
(0.028865001 -0.001260273 0.12503158)
(0.029895893 -0.0013052828 0.12503158)
(0.030926786 -0.0013502925 0.12503158)
(0.031957679 -0.0013953023 0.12503158)
(0.032988572 -0.001440312 0.12503158)
(0.034019465 -0.0014853217 0.12503158)
(0.035050358 -0.0015303315 0.12503158)
(0.036081251 -0.0015753412 0.12503158)
(0.037112143 -0.001620351 0.12503158)
(0.038143036 -0.0016653608 0.12503158)
(0.039173929 -0.0017103705 0.12503158)
(0.040204822 -0.0017553803 0.12503158)
(0.041235715 -0.00180039 0.12503158)
(0.0010308929 4.500975e-05 0.12503158)
(0.0020617858 9.00195e-05 0.12503158)
(0.0030926786 0.00013502925 0.12503158)
(0.0041235715 0.000180039 0.12503158)
(0.0051544644 0.00022504875 0.12503158)
(0.0061853572 0.0002700585 0.12503158)
(0.0072162501 0.00031506825 0.12503158)
(0.008247143 0.000360078 0.12503158)
(0.0092780359 0.00040508775 0.12503158)
(0.010308929 0.0004500975 0.12503158)
(0.011339822 0.00049510725 0.12503158)
(0.012370714 0.000540117 0.12503158)
(0.013401607 0.00058512675 0.12503158)
(0.0144325 0.0006301365 0.12503158)
(0.015463393 0.00067514625 0.12503158)
(0.016494286 0.000720156 0.12503158)
(0.017525179 0.00076516575 0.12503158)
(0.018556072 0.0008101755 0.12503158)
(0.019586965 0.00085518525 0.12503158)
(0.020617857 0.000900195 0.12503158)
(0.02164875 0.00094520475 0.12503158)
(0.022679643 0.0009902145 0.12503158)
(0.023710536 0.0010352243 0.12503158)
(0.024741429 0.001080234 0.12503158)
(0.025772322 0.0011252437 0.12503158)
(0.026803215 0.0011702535 0.12503158)
(0.027834108 0.0012152632 0.12503158)
(0.028865001 0.001260273 0.12503158)
(0.029895893 0.0013052828 0.12503158)
(0.030926786 0.0013502925 0.12503158)
(0.031957679 0.0013953023 0.12503158)
(0.032988572 0.001440312 0.12503158)
(0.034019465 0.0014853217 0.12503158)
(0.035050358 0.0015303315 0.12503158)
(0.036081251 0.0015753412 0.12503158)
(0.037112143 0.001620351 0.12503158)
(0.038143036 0.0016653608 0.12503158)
(0.039173929 0.0017103705 0.12503158)
(0.040204822 0.0017553803 0.12503158)
(0.041235715 0.00180039 0.12503158)
(0 0 0.12516281)
(0.0010308929 -4.500975e-05 0.12516281)
(0.0020617858 -9.00195e-05 0.12516281)
(0.0030926786 -0.00013502925 0.12516281)
(0.0041235715 -0.000180039 0.12516281)
(0.0051544644 -0.00022504875 0.12516281)
(0.0061853572 -0.0002700585 0.12516281)
(0.0072162501 -0.00031506825 0.12516281)
(0.008247143 -0.000360078 0.12516281)
(0.0092780359 -0.00040508775 0.12516281)
(0.010308929 -0.0004500975 0.12516281)
(0.011339822 -0.00049510725 0.12516281)
(0.012370714 -0.000540117 0.12516281)
(0.013401607 -0.00058512675 0.12516281)
(0.0144325 -0.0006301365 0.12516281)
(0.015463393 -0.00067514625 0.12516281)
(0.016494286 -0.000720156 0.12516281)
(0.017525179 -0.00076516575 0.12516281)
(0.018556072 -0.0008101755 0.12516281)
(0.019586965 -0.00085518525 0.12516281)
(0.020617857 -0.000900195 0.12516281)
(0.02164875 -0.00094520475 0.12516281)
(0.022679643 -0.0009902145 0.12516281)
(0.023710536 -0.0010352243 0.12516281)
(0.024741429 -0.001080234 0.12516281)
(0.025772322 -0.0011252437 0.12516281)
(0.026803215 -0.0011702535 0.12516281)
(0.027834108 -0.0012152632 0.12516281)
(0.028865001 -0.001260273 0.12516281)
(0.029895893 -0.0013052828 0.12516281)
(0.030926786 -0.0013502925 0.12516281)
(0.031957679 -0.0013953023 0.12516281)
(0.032988572 -0.001440312 0.12516281)
(0.034019465 -0.0014853217 0.12516281)
(0.035050358 -0.0015303315 0.12516281)
(0.036081251 -0.0015753412 0.12516281)
(0.037112143 -0.001620351 0.12516281)
(0.038143036 -0.0016653608 0.12516281)
(0.039173929 -0.0017103705 0.12516281)
(0.040204822 -0.0017553803 0.12516281)
(0.041235715 -0.00180039 0.12516281)
(0.0010308929 4.500975e-05 0.12516281)
(0.0020617858 9.00195e-05 0.12516281)
(0.0030926786 0.00013502925 0.12516281)
(0.0041235715 0.000180039 0.12516281)
(0.0051544644 0.00022504875 0.12516281)
(0.0061853572 0.0002700585 0.12516281)
(0.0072162501 0.00031506825 0.12516281)
(0.008247143 0.000360078 0.12516281)
(0.0092780359 0.00040508775 0.12516281)
(0.010308929 0.0004500975 0.12516281)
(0.011339822 0.00049510725 0.12516281)
(0.012370714 0.000540117 0.12516281)
(0.013401607 0.00058512675 0.12516281)
(0.0144325 0.0006301365 0.12516281)
(0.015463393 0.00067514625 0.12516281)
(0.016494286 0.000720156 0.12516281)
(0.017525179 0.00076516575 0.12516281)
(0.018556072 0.0008101755 0.12516281)
(0.019586965 0.00085518525 0.12516281)
(0.020617857 0.000900195 0.12516281)
(0.02164875 0.00094520475 0.12516281)
(0.022679643 0.0009902145 0.12516281)
(0.023710536 0.0010352243 0.12516281)
(0.024741429 0.001080234 0.12516281)
(0.025772322 0.0011252437 0.12516281)
(0.026803215 0.0011702535 0.12516281)
(0.027834108 0.0012152632 0.12516281)
(0.028865001 0.001260273 0.12516281)
(0.029895893 0.0013052828 0.12516281)
(0.030926786 0.0013502925 0.12516281)
(0.031957679 0.0013953023 0.12516281)
(0.032988572 0.001440312 0.12516281)
(0.034019465 0.0014853217 0.12516281)
(0.035050358 0.0015303315 0.12516281)
(0.036081251 0.0015753412 0.12516281)
(0.037112143 0.001620351 0.12516281)
(0.038143036 0.0016653608 0.12516281)
(0.039173929 0.0017103705 0.12516281)
(0.040204822 0.0017553803 0.12516281)
(0.041235715 0.00180039 0.12516281)
(0 0 0.12529403)
(0.0010308929 -4.500975e-05 0.12529403)
(0.0020617858 -9.00195e-05 0.12529403)
(0.0030926786 -0.00013502925 0.12529403)
(0.0041235715 -0.000180039 0.12529403)
(0.0051544644 -0.00022504875 0.12529403)
(0.0061853572 -0.0002700585 0.12529403)
(0.0072162501 -0.00031506825 0.12529403)
(0.008247143 -0.000360078 0.12529403)
(0.0092780359 -0.00040508775 0.12529403)
(0.010308929 -0.0004500975 0.12529403)
(0.011339822 -0.00049510725 0.12529403)
(0.012370714 -0.000540117 0.12529403)
(0.013401607 -0.00058512675 0.12529403)
(0.0144325 -0.0006301365 0.12529403)
(0.015463393 -0.00067514625 0.12529403)
(0.016494286 -0.000720156 0.12529403)
(0.017525179 -0.00076516575 0.12529403)
(0.018556072 -0.0008101755 0.12529403)
(0.019586965 -0.00085518525 0.12529403)
(0.020617857 -0.000900195 0.12529403)
(0.02164875 -0.00094520475 0.12529403)
(0.022679643 -0.0009902145 0.12529403)
(0.023710536 -0.0010352243 0.12529403)
(0.024741429 -0.001080234 0.12529403)
(0.025772322 -0.0011252437 0.12529403)
(0.026803215 -0.0011702535 0.12529403)
(0.027834108 -0.0012152632 0.12529403)
(0.028865001 -0.001260273 0.12529403)
(0.029895893 -0.0013052828 0.12529403)
(0.030926786 -0.0013502925 0.12529403)
(0.031957679 -0.0013953023 0.12529403)
(0.032988572 -0.001440312 0.12529403)
(0.034019465 -0.0014853217 0.12529403)
(0.035050358 -0.0015303315 0.12529403)
(0.036081251 -0.0015753412 0.12529403)
(0.037112143 -0.001620351 0.12529403)
(0.038143036 -0.0016653608 0.12529403)
(0.039173929 -0.0017103705 0.12529403)
(0.040204822 -0.0017553803 0.12529403)
(0.041235715 -0.00180039 0.12529403)
(0.0010308929 4.500975e-05 0.12529403)
(0.0020617858 9.00195e-05 0.12529403)
(0.0030926786 0.00013502925 0.12529403)
(0.0041235715 0.000180039 0.12529403)
(0.0051544644 0.00022504875 0.12529403)
(0.0061853572 0.0002700585 0.12529403)
(0.0072162501 0.00031506825 0.12529403)
(0.008247143 0.000360078 0.12529403)
(0.0092780359 0.00040508775 0.12529403)
(0.010308929 0.0004500975 0.12529403)
(0.011339822 0.00049510725 0.12529403)
(0.012370714 0.000540117 0.12529403)
(0.013401607 0.00058512675 0.12529403)
(0.0144325 0.0006301365 0.12529403)
(0.015463393 0.00067514625 0.12529403)
(0.016494286 0.000720156 0.12529403)
(0.017525179 0.00076516575 0.12529403)
(0.018556072 0.0008101755 0.12529403)
(0.019586965 0.00085518525 0.12529403)
(0.020617857 0.000900195 0.12529403)
(0.02164875 0.00094520475 0.12529403)
(0.022679643 0.0009902145 0.12529403)
(0.023710536 0.0010352243 0.12529403)
(0.024741429 0.001080234 0.12529403)
(0.025772322 0.0011252437 0.12529403)
(0.026803215 0.0011702535 0.12529403)
(0.027834108 0.0012152632 0.12529403)
(0.028865001 0.001260273 0.12529403)
(0.029895893 0.0013052828 0.12529403)
(0.030926786 0.0013502925 0.12529403)
(0.031957679 0.0013953023 0.12529403)
(0.032988572 0.001440312 0.12529403)
(0.034019465 0.0014853217 0.12529403)
(0.035050358 0.0015303315 0.12529403)
(0.036081251 0.0015753412 0.12529403)
(0.037112143 0.001620351 0.12529403)
(0.038143036 0.0016653608 0.12529403)
(0.039173929 0.0017103705 0.12529403)
(0.040204822 0.0017553803 0.12529403)
(0.041235715 0.00180039 0.12529403)
(0 0 0.12542526)
(0.0010308929 -4.500975e-05 0.12542526)
(0.0020617858 -9.00195e-05 0.12542526)
(0.0030926786 -0.00013502925 0.12542526)
(0.0041235715 -0.000180039 0.12542526)
(0.0051544644 -0.00022504875 0.12542526)
(0.0061853572 -0.0002700585 0.12542526)
(0.0072162501 -0.00031506825 0.12542526)
(0.008247143 -0.000360078 0.12542526)
(0.0092780359 -0.00040508775 0.12542526)
(0.010308929 -0.0004500975 0.12542526)
(0.011339822 -0.00049510725 0.12542526)
(0.012370714 -0.000540117 0.12542526)
(0.013401607 -0.00058512675 0.12542526)
(0.0144325 -0.0006301365 0.12542526)
(0.015463393 -0.00067514625 0.12542526)
(0.016494286 -0.000720156 0.12542526)
(0.017525179 -0.00076516575 0.12542526)
(0.018556072 -0.0008101755 0.12542526)
(0.019586965 -0.00085518525 0.12542526)
(0.020617857 -0.000900195 0.12542526)
(0.02164875 -0.00094520475 0.12542526)
(0.022679643 -0.0009902145 0.12542526)
(0.023710536 -0.0010352243 0.12542526)
(0.024741429 -0.001080234 0.12542526)
(0.025772322 -0.0011252437 0.12542526)
(0.026803215 -0.0011702535 0.12542526)
(0.027834108 -0.0012152632 0.12542526)
(0.028865001 -0.001260273 0.12542526)
(0.029895893 -0.0013052828 0.12542526)
(0.030926786 -0.0013502925 0.12542526)
(0.031957679 -0.0013953023 0.12542526)
(0.032988572 -0.001440312 0.12542526)
(0.034019465 -0.0014853217 0.12542526)
(0.035050358 -0.0015303315 0.12542526)
(0.036081251 -0.0015753412 0.12542526)
(0.037112143 -0.001620351 0.12542526)
(0.038143036 -0.0016653608 0.12542526)
(0.039173929 -0.0017103705 0.12542526)
(0.040204822 -0.0017553803 0.12542526)
(0.041235715 -0.00180039 0.12542526)
(0.0010308929 4.500975e-05 0.12542526)
(0.0020617858 9.00195e-05 0.12542526)
(0.0030926786 0.00013502925 0.12542526)
(0.0041235715 0.000180039 0.12542526)
(0.0051544644 0.00022504875 0.12542526)
(0.0061853572 0.0002700585 0.12542526)
(0.0072162501 0.00031506825 0.12542526)
(0.008247143 0.000360078 0.12542526)
(0.0092780359 0.00040508775 0.12542526)
(0.010308929 0.0004500975 0.12542526)
(0.011339822 0.00049510725 0.12542526)
(0.012370714 0.000540117 0.12542526)
(0.013401607 0.00058512675 0.12542526)
(0.0144325 0.0006301365 0.12542526)
(0.015463393 0.00067514625 0.12542526)
(0.016494286 0.000720156 0.12542526)
(0.017525179 0.00076516575 0.12542526)
(0.018556072 0.0008101755 0.12542526)
(0.019586965 0.00085518525 0.12542526)
(0.020617857 0.000900195 0.12542526)
(0.02164875 0.00094520475 0.12542526)
(0.022679643 0.0009902145 0.12542526)
(0.023710536 0.0010352243 0.12542526)
(0.024741429 0.001080234 0.12542526)
(0.025772322 0.0011252437 0.12542526)
(0.026803215 0.0011702535 0.12542526)
(0.027834108 0.0012152632 0.12542526)
(0.028865001 0.001260273 0.12542526)
(0.029895893 0.0013052828 0.12542526)
(0.030926786 0.0013502925 0.12542526)
(0.031957679 0.0013953023 0.12542526)
(0.032988572 0.001440312 0.12542526)
(0.034019465 0.0014853217 0.12542526)
(0.035050358 0.0015303315 0.12542526)
(0.036081251 0.0015753412 0.12542526)
(0.037112143 0.001620351 0.12542526)
(0.038143036 0.0016653608 0.12542526)
(0.039173929 0.0017103705 0.12542526)
(0.040204822 0.0017553803 0.12542526)
(0.041235715 0.00180039 0.12542526)
(0 0 0.12555649)
(0.0010308929 -4.500975e-05 0.12555649)
(0.0020617858 -9.00195e-05 0.12555649)
(0.0030926786 -0.00013502925 0.12555649)
(0.0041235715 -0.000180039 0.12555649)
(0.0051544644 -0.00022504875 0.12555649)
(0.0061853572 -0.0002700585 0.12555649)
(0.0072162501 -0.00031506825 0.12555649)
(0.008247143 -0.000360078 0.12555649)
(0.0092780359 -0.00040508775 0.12555649)
(0.010308929 -0.0004500975 0.12555649)
(0.011339822 -0.00049510725 0.12555649)
(0.012370714 -0.000540117 0.12555649)
(0.013401607 -0.00058512675 0.12555649)
(0.0144325 -0.0006301365 0.12555649)
(0.015463393 -0.00067514625 0.12555649)
(0.016494286 -0.000720156 0.12555649)
(0.017525179 -0.00076516575 0.12555649)
(0.018556072 -0.0008101755 0.12555649)
(0.019586965 -0.00085518525 0.12555649)
(0.020617857 -0.000900195 0.12555649)
(0.02164875 -0.00094520475 0.12555649)
(0.022679643 -0.0009902145 0.12555649)
(0.023710536 -0.0010352243 0.12555649)
(0.024741429 -0.001080234 0.12555649)
(0.025772322 -0.0011252437 0.12555649)
(0.026803215 -0.0011702535 0.12555649)
(0.027834108 -0.0012152632 0.12555649)
(0.028865001 -0.001260273 0.12555649)
(0.029895893 -0.0013052828 0.12555649)
(0.030926786 -0.0013502925 0.12555649)
(0.031957679 -0.0013953023 0.12555649)
(0.032988572 -0.001440312 0.12555649)
(0.034019465 -0.0014853217 0.12555649)
(0.035050358 -0.0015303315 0.12555649)
(0.036081251 -0.0015753412 0.12555649)
(0.037112143 -0.001620351 0.12555649)
(0.038143036 -0.0016653608 0.12555649)
(0.039173929 -0.0017103705 0.12555649)
(0.040204822 -0.0017553803 0.12555649)
(0.041235715 -0.00180039 0.12555649)
(0.0010308929 4.500975e-05 0.12555649)
(0.0020617858 9.00195e-05 0.12555649)
(0.0030926786 0.00013502925 0.12555649)
(0.0041235715 0.000180039 0.12555649)
(0.0051544644 0.00022504875 0.12555649)
(0.0061853572 0.0002700585 0.12555649)
(0.0072162501 0.00031506825 0.12555649)
(0.008247143 0.000360078 0.12555649)
(0.0092780359 0.00040508775 0.12555649)
(0.010308929 0.0004500975 0.12555649)
(0.011339822 0.00049510725 0.12555649)
(0.012370714 0.000540117 0.12555649)
(0.013401607 0.00058512675 0.12555649)
(0.0144325 0.0006301365 0.12555649)
(0.015463393 0.00067514625 0.12555649)
(0.016494286 0.000720156 0.12555649)
(0.017525179 0.00076516575 0.12555649)
(0.018556072 0.0008101755 0.12555649)
(0.019586965 0.00085518525 0.12555649)
(0.020617857 0.000900195 0.12555649)
(0.02164875 0.00094520475 0.12555649)
(0.022679643 0.0009902145 0.12555649)
(0.023710536 0.0010352243 0.12555649)
(0.024741429 0.001080234 0.12555649)
(0.025772322 0.0011252437 0.12555649)
(0.026803215 0.0011702535 0.12555649)
(0.027834108 0.0012152632 0.12555649)
(0.028865001 0.001260273 0.12555649)
(0.029895893 0.0013052828 0.12555649)
(0.030926786 0.0013502925 0.12555649)
(0.031957679 0.0013953023 0.12555649)
(0.032988572 0.001440312 0.12555649)
(0.034019465 0.0014853217 0.12555649)
(0.035050358 0.0015303315 0.12555649)
(0.036081251 0.0015753412 0.12555649)
(0.037112143 0.001620351 0.12555649)
(0.038143036 0.0016653608 0.12555649)
(0.039173929 0.0017103705 0.12555649)
(0.040204822 0.0017553803 0.12555649)
(0.041235715 0.00180039 0.12555649)
(0 0 0.12568772)
(0.0010308929 -4.500975e-05 0.12568772)
(0.0020617858 -9.00195e-05 0.12568772)
(0.0030926786 -0.00013502925 0.12568772)
(0.0041235715 -0.000180039 0.12568772)
(0.0051544644 -0.00022504875 0.12568772)
(0.0061853572 -0.0002700585 0.12568772)
(0.0072162501 -0.00031506825 0.12568772)
(0.008247143 -0.000360078 0.12568772)
(0.0092780359 -0.00040508775 0.12568772)
(0.010308929 -0.0004500975 0.12568772)
(0.011339822 -0.00049510725 0.12568772)
(0.012370714 -0.000540117 0.12568772)
(0.013401607 -0.00058512675 0.12568772)
(0.0144325 -0.0006301365 0.12568772)
(0.015463393 -0.00067514625 0.12568772)
(0.016494286 -0.000720156 0.12568772)
(0.017525179 -0.00076516575 0.12568772)
(0.018556072 -0.0008101755 0.12568772)
(0.019586965 -0.00085518525 0.12568772)
(0.020617857 -0.000900195 0.12568772)
(0.02164875 -0.00094520475 0.12568772)
(0.022679643 -0.0009902145 0.12568772)
(0.023710536 -0.0010352243 0.12568772)
(0.024741429 -0.001080234 0.12568772)
(0.025772322 -0.0011252437 0.12568772)
(0.026803215 -0.0011702535 0.12568772)
(0.027834108 -0.0012152632 0.12568772)
(0.028865001 -0.001260273 0.12568772)
(0.029895893 -0.0013052828 0.12568772)
(0.030926786 -0.0013502925 0.12568772)
(0.031957679 -0.0013953023 0.12568772)
(0.032988572 -0.001440312 0.12568772)
(0.034019465 -0.0014853217 0.12568772)
(0.035050358 -0.0015303315 0.12568772)
(0.036081251 -0.0015753412 0.12568772)
(0.037112143 -0.001620351 0.12568772)
(0.038143036 -0.0016653608 0.12568772)
(0.039173929 -0.0017103705 0.12568772)
(0.040204822 -0.0017553803 0.12568772)
(0.041235715 -0.00180039 0.12568772)
(0.0010308929 4.500975e-05 0.12568772)
(0.0020617858 9.00195e-05 0.12568772)
(0.0030926786 0.00013502925 0.12568772)
(0.0041235715 0.000180039 0.12568772)
(0.0051544644 0.00022504875 0.12568772)
(0.0061853572 0.0002700585 0.12568772)
(0.0072162501 0.00031506825 0.12568772)
(0.008247143 0.000360078 0.12568772)
(0.0092780359 0.00040508775 0.12568772)
(0.010308929 0.0004500975 0.12568772)
(0.011339822 0.00049510725 0.12568772)
(0.012370714 0.000540117 0.12568772)
(0.013401607 0.00058512675 0.12568772)
(0.0144325 0.0006301365 0.12568772)
(0.015463393 0.00067514625 0.12568772)
(0.016494286 0.000720156 0.12568772)
(0.017525179 0.00076516575 0.12568772)
(0.018556072 0.0008101755 0.12568772)
(0.019586965 0.00085518525 0.12568772)
(0.020617857 0.000900195 0.12568772)
(0.02164875 0.00094520475 0.12568772)
(0.022679643 0.0009902145 0.12568772)
(0.023710536 0.0010352243 0.12568772)
(0.024741429 0.001080234 0.12568772)
(0.025772322 0.0011252437 0.12568772)
(0.026803215 0.0011702535 0.12568772)
(0.027834108 0.0012152632 0.12568772)
(0.028865001 0.001260273 0.12568772)
(0.029895893 0.0013052828 0.12568772)
(0.030926786 0.0013502925 0.12568772)
(0.031957679 0.0013953023 0.12568772)
(0.032988572 0.001440312 0.12568772)
(0.034019465 0.0014853217 0.12568772)
(0.035050358 0.0015303315 0.12568772)
(0.036081251 0.0015753412 0.12568772)
(0.037112143 0.001620351 0.12568772)
(0.038143036 0.0016653608 0.12568772)
(0.039173929 0.0017103705 0.12568772)
(0.040204822 0.0017553803 0.12568772)
(0.041235715 0.00180039 0.12568772)
(0 0 0.12581895)
(0.0010308929 -4.500975e-05 0.12581895)
(0.0020617858 -9.00195e-05 0.12581895)
(0.0030926786 -0.00013502925 0.12581895)
(0.0041235715 -0.000180039 0.12581895)
(0.0051544644 -0.00022504875 0.12581895)
(0.0061853572 -0.0002700585 0.12581895)
(0.0072162501 -0.00031506825 0.12581895)
(0.008247143 -0.000360078 0.12581895)
(0.0092780359 -0.00040508775 0.12581895)
(0.010308929 -0.0004500975 0.12581895)
(0.011339822 -0.00049510725 0.12581895)
(0.012370714 -0.000540117 0.12581895)
(0.013401607 -0.00058512675 0.12581895)
(0.0144325 -0.0006301365 0.12581895)
(0.015463393 -0.00067514625 0.12581895)
(0.016494286 -0.000720156 0.12581895)
(0.017525179 -0.00076516575 0.12581895)
(0.018556072 -0.0008101755 0.12581895)
(0.019586965 -0.00085518525 0.12581895)
(0.020617857 -0.000900195 0.12581895)
(0.02164875 -0.00094520475 0.12581895)
(0.022679643 -0.0009902145 0.12581895)
(0.023710536 -0.0010352243 0.12581895)
(0.024741429 -0.001080234 0.12581895)
(0.025772322 -0.0011252437 0.12581895)
(0.026803215 -0.0011702535 0.12581895)
(0.027834108 -0.0012152632 0.12581895)
(0.028865001 -0.001260273 0.12581895)
(0.029895893 -0.0013052828 0.12581895)
(0.030926786 -0.0013502925 0.12581895)
(0.031957679 -0.0013953023 0.12581895)
(0.032988572 -0.001440312 0.12581895)
(0.034019465 -0.0014853217 0.12581895)
(0.035050358 -0.0015303315 0.12581895)
(0.036081251 -0.0015753412 0.12581895)
(0.037112143 -0.001620351 0.12581895)
(0.038143036 -0.0016653608 0.12581895)
(0.039173929 -0.0017103705 0.12581895)
(0.040204822 -0.0017553803 0.12581895)
(0.041235715 -0.00180039 0.12581895)
(0.0010308929 4.500975e-05 0.12581895)
(0.0020617858 9.00195e-05 0.12581895)
(0.0030926786 0.00013502925 0.12581895)
(0.0041235715 0.000180039 0.12581895)
(0.0051544644 0.00022504875 0.12581895)
(0.0061853572 0.0002700585 0.12581895)
(0.0072162501 0.00031506825 0.12581895)
(0.008247143 0.000360078 0.12581895)
(0.0092780359 0.00040508775 0.12581895)
(0.010308929 0.0004500975 0.12581895)
(0.011339822 0.00049510725 0.12581895)
(0.012370714 0.000540117 0.12581895)
(0.013401607 0.00058512675 0.12581895)
(0.0144325 0.0006301365 0.12581895)
(0.015463393 0.00067514625 0.12581895)
(0.016494286 0.000720156 0.12581895)
(0.017525179 0.00076516575 0.12581895)
(0.018556072 0.0008101755 0.12581895)
(0.019586965 0.00085518525 0.12581895)
(0.020617857 0.000900195 0.12581895)
(0.02164875 0.00094520475 0.12581895)
(0.022679643 0.0009902145 0.12581895)
(0.023710536 0.0010352243 0.12581895)
(0.024741429 0.001080234 0.12581895)
(0.025772322 0.0011252437 0.12581895)
(0.026803215 0.0011702535 0.12581895)
(0.027834108 0.0012152632 0.12581895)
(0.028865001 0.001260273 0.12581895)
(0.029895893 0.0013052828 0.12581895)
(0.030926786 0.0013502925 0.12581895)
(0.031957679 0.0013953023 0.12581895)
(0.032988572 0.001440312 0.12581895)
(0.034019465 0.0014853217 0.12581895)
(0.035050358 0.0015303315 0.12581895)
(0.036081251 0.0015753412 0.12581895)
(0.037112143 0.001620351 0.12581895)
(0.038143036 0.0016653608 0.12581895)
(0.039173929 0.0017103705 0.12581895)
(0.040204822 0.0017553803 0.12581895)
(0.041235715 0.00180039 0.12581895)
(0 0 0.12595018)
(0.0010308929 -4.500975e-05 0.12595018)
(0.0020617858 -9.00195e-05 0.12595018)
(0.0030926786 -0.00013502925 0.12595018)
(0.0041235715 -0.000180039 0.12595018)
(0.0051544644 -0.00022504875 0.12595018)
(0.0061853572 -0.0002700585 0.12595018)
(0.0072162501 -0.00031506825 0.12595018)
(0.008247143 -0.000360078 0.12595018)
(0.0092780359 -0.00040508775 0.12595018)
(0.010308929 -0.0004500975 0.12595018)
(0.011339822 -0.00049510725 0.12595018)
(0.012370714 -0.000540117 0.12595018)
(0.013401607 -0.00058512675 0.12595018)
(0.0144325 -0.0006301365 0.12595018)
(0.015463393 -0.00067514625 0.12595018)
(0.016494286 -0.000720156 0.12595018)
(0.017525179 -0.00076516575 0.12595018)
(0.018556072 -0.0008101755 0.12595018)
(0.019586965 -0.00085518525 0.12595018)
(0.020617857 -0.000900195 0.12595018)
(0.02164875 -0.00094520475 0.12595018)
(0.022679643 -0.0009902145 0.12595018)
(0.023710536 -0.0010352243 0.12595018)
(0.024741429 -0.001080234 0.12595018)
(0.025772322 -0.0011252437 0.12595018)
(0.026803215 -0.0011702535 0.12595018)
(0.027834108 -0.0012152632 0.12595018)
(0.028865001 -0.001260273 0.12595018)
(0.029895893 -0.0013052828 0.12595018)
(0.030926786 -0.0013502925 0.12595018)
(0.031957679 -0.0013953023 0.12595018)
(0.032988572 -0.001440312 0.12595018)
(0.034019465 -0.0014853217 0.12595018)
(0.035050358 -0.0015303315 0.12595018)
(0.036081251 -0.0015753412 0.12595018)
(0.037112143 -0.001620351 0.12595018)
(0.038143036 -0.0016653608 0.12595018)
(0.039173929 -0.0017103705 0.12595018)
(0.040204822 -0.0017553803 0.12595018)
(0.041235715 -0.00180039 0.12595018)
(0.0010308929 4.500975e-05 0.12595018)
(0.0020617858 9.00195e-05 0.12595018)
(0.0030926786 0.00013502925 0.12595018)
(0.0041235715 0.000180039 0.12595018)
(0.0051544644 0.00022504875 0.12595018)
(0.0061853572 0.0002700585 0.12595018)
(0.0072162501 0.00031506825 0.12595018)
(0.008247143 0.000360078 0.12595018)
(0.0092780359 0.00040508775 0.12595018)
(0.010308929 0.0004500975 0.12595018)
(0.011339822 0.00049510725 0.12595018)
(0.012370714 0.000540117 0.12595018)
(0.013401607 0.00058512675 0.12595018)
(0.0144325 0.0006301365 0.12595018)
(0.015463393 0.00067514625 0.12595018)
(0.016494286 0.000720156 0.12595018)
(0.017525179 0.00076516575 0.12595018)
(0.018556072 0.0008101755 0.12595018)
(0.019586965 0.00085518525 0.12595018)
(0.020617857 0.000900195 0.12595018)
(0.02164875 0.00094520475 0.12595018)
(0.022679643 0.0009902145 0.12595018)
(0.023710536 0.0010352243 0.12595018)
(0.024741429 0.001080234 0.12595018)
(0.025772322 0.0011252437 0.12595018)
(0.026803215 0.0011702535 0.12595018)
(0.027834108 0.0012152632 0.12595018)
(0.028865001 0.001260273 0.12595018)
(0.029895893 0.0013052828 0.12595018)
(0.030926786 0.0013502925 0.12595018)
(0.031957679 0.0013953023 0.12595018)
(0.032988572 0.001440312 0.12595018)
(0.034019465 0.0014853217 0.12595018)
(0.035050358 0.0015303315 0.12595018)
(0.036081251 0.0015753412 0.12595018)
(0.037112143 0.001620351 0.12595018)
(0.038143036 0.0016653608 0.12595018)
(0.039173929 0.0017103705 0.12595018)
(0.040204822 0.0017553803 0.12595018)
(0.041235715 0.00180039 0.12595018)
(0 0 0.1260814)
(0.0010308929 -4.500975e-05 0.1260814)
(0.0020617858 -9.00195e-05 0.1260814)
(0.0030926786 -0.00013502925 0.1260814)
(0.0041235715 -0.000180039 0.1260814)
(0.0051544644 -0.00022504875 0.1260814)
(0.0061853572 -0.0002700585 0.1260814)
(0.0072162501 -0.00031506825 0.1260814)
(0.008247143 -0.000360078 0.1260814)
(0.0092780359 -0.00040508775 0.1260814)
(0.010308929 -0.0004500975 0.1260814)
(0.011339822 -0.00049510725 0.1260814)
(0.012370714 -0.000540117 0.1260814)
(0.013401607 -0.00058512675 0.1260814)
(0.0144325 -0.0006301365 0.1260814)
(0.015463393 -0.00067514625 0.1260814)
(0.016494286 -0.000720156 0.1260814)
(0.017525179 -0.00076516575 0.1260814)
(0.018556072 -0.0008101755 0.1260814)
(0.019586965 -0.00085518525 0.1260814)
(0.020617857 -0.000900195 0.1260814)
(0.02164875 -0.00094520475 0.1260814)
(0.022679643 -0.0009902145 0.1260814)
(0.023710536 -0.0010352243 0.1260814)
(0.024741429 -0.001080234 0.1260814)
(0.025772322 -0.0011252437 0.1260814)
(0.026803215 -0.0011702535 0.1260814)
(0.027834108 -0.0012152632 0.1260814)
(0.028865001 -0.001260273 0.1260814)
(0.029895893 -0.0013052828 0.1260814)
(0.030926786 -0.0013502925 0.1260814)
(0.031957679 -0.0013953023 0.1260814)
(0.032988572 -0.001440312 0.1260814)
(0.034019465 -0.0014853217 0.1260814)
(0.035050358 -0.0015303315 0.1260814)
(0.036081251 -0.0015753412 0.1260814)
(0.037112143 -0.001620351 0.1260814)
(0.038143036 -0.0016653608 0.1260814)
(0.039173929 -0.0017103705 0.1260814)
(0.040204822 -0.0017553803 0.1260814)
(0.041235715 -0.00180039 0.1260814)
(0.0010308929 4.500975e-05 0.1260814)
(0.0020617858 9.00195e-05 0.1260814)
(0.0030926786 0.00013502925 0.1260814)
(0.0041235715 0.000180039 0.1260814)
(0.0051544644 0.00022504875 0.1260814)
(0.0061853572 0.0002700585 0.1260814)
(0.0072162501 0.00031506825 0.1260814)
(0.008247143 0.000360078 0.1260814)
(0.0092780359 0.00040508775 0.1260814)
(0.010308929 0.0004500975 0.1260814)
(0.011339822 0.00049510725 0.1260814)
(0.012370714 0.000540117 0.1260814)
(0.013401607 0.00058512675 0.1260814)
(0.0144325 0.0006301365 0.1260814)
(0.015463393 0.00067514625 0.1260814)
(0.016494286 0.000720156 0.1260814)
(0.017525179 0.00076516575 0.1260814)
(0.018556072 0.0008101755 0.1260814)
(0.019586965 0.00085518525 0.1260814)
(0.020617857 0.000900195 0.1260814)
(0.02164875 0.00094520475 0.1260814)
(0.022679643 0.0009902145 0.1260814)
(0.023710536 0.0010352243 0.1260814)
(0.024741429 0.001080234 0.1260814)
(0.025772322 0.0011252437 0.1260814)
(0.026803215 0.0011702535 0.1260814)
(0.027834108 0.0012152632 0.1260814)
(0.028865001 0.001260273 0.1260814)
(0.029895893 0.0013052828 0.1260814)
(0.030926786 0.0013502925 0.1260814)
(0.031957679 0.0013953023 0.1260814)
(0.032988572 0.001440312 0.1260814)
(0.034019465 0.0014853217 0.1260814)
(0.035050358 0.0015303315 0.1260814)
(0.036081251 0.0015753412 0.1260814)
(0.037112143 0.001620351 0.1260814)
(0.038143036 0.0016653608 0.1260814)
(0.039173929 0.0017103705 0.1260814)
(0.040204822 0.0017553803 0.1260814)
(0.041235715 0.00180039 0.1260814)
(0 0 0.12621263)
(0.0010308929 -4.500975e-05 0.12621263)
(0.0020617858 -9.00195e-05 0.12621263)
(0.0030926786 -0.00013502925 0.12621263)
(0.0041235715 -0.000180039 0.12621263)
(0.0051544644 -0.00022504875 0.12621263)
(0.0061853572 -0.0002700585 0.12621263)
(0.0072162501 -0.00031506825 0.12621263)
(0.008247143 -0.000360078 0.12621263)
(0.0092780359 -0.00040508775 0.12621263)
(0.010308929 -0.0004500975 0.12621263)
(0.011339822 -0.00049510725 0.12621263)
(0.012370714 -0.000540117 0.12621263)
(0.013401607 -0.00058512675 0.12621263)
(0.0144325 -0.0006301365 0.12621263)
(0.015463393 -0.00067514625 0.12621263)
(0.016494286 -0.000720156 0.12621263)
(0.017525179 -0.00076516575 0.12621263)
(0.018556072 -0.0008101755 0.12621263)
(0.019586965 -0.00085518525 0.12621263)
(0.020617857 -0.000900195 0.12621263)
(0.02164875 -0.00094520475 0.12621263)
(0.022679643 -0.0009902145 0.12621263)
(0.023710536 -0.0010352243 0.12621263)
(0.024741429 -0.001080234 0.12621263)
(0.025772322 -0.0011252437 0.12621263)
(0.026803215 -0.0011702535 0.12621263)
(0.027834108 -0.0012152632 0.12621263)
(0.028865001 -0.001260273 0.12621263)
(0.029895893 -0.0013052828 0.12621263)
(0.030926786 -0.0013502925 0.12621263)
(0.031957679 -0.0013953023 0.12621263)
(0.032988572 -0.001440312 0.12621263)
(0.034019465 -0.0014853217 0.12621263)
(0.035050358 -0.0015303315 0.12621263)
(0.036081251 -0.0015753412 0.12621263)
(0.037112143 -0.001620351 0.12621263)
(0.038143036 -0.0016653608 0.12621263)
(0.039173929 -0.0017103705 0.12621263)
(0.040204822 -0.0017553803 0.12621263)
(0.041235715 -0.00180039 0.12621263)
(0.0010308929 4.500975e-05 0.12621263)
(0.0020617858 9.00195e-05 0.12621263)
(0.0030926786 0.00013502925 0.12621263)
(0.0041235715 0.000180039 0.12621263)
(0.0051544644 0.00022504875 0.12621263)
(0.0061853572 0.0002700585 0.12621263)
(0.0072162501 0.00031506825 0.12621263)
(0.008247143 0.000360078 0.12621263)
(0.0092780359 0.00040508775 0.12621263)
(0.010308929 0.0004500975 0.12621263)
(0.011339822 0.00049510725 0.12621263)
(0.012370714 0.000540117 0.12621263)
(0.013401607 0.00058512675 0.12621263)
(0.0144325 0.0006301365 0.12621263)
(0.015463393 0.00067514625 0.12621263)
(0.016494286 0.000720156 0.12621263)
(0.017525179 0.00076516575 0.12621263)
(0.018556072 0.0008101755 0.12621263)
(0.019586965 0.00085518525 0.12621263)
(0.020617857 0.000900195 0.12621263)
(0.02164875 0.00094520475 0.12621263)
(0.022679643 0.0009902145 0.12621263)
(0.023710536 0.0010352243 0.12621263)
(0.024741429 0.001080234 0.12621263)
(0.025772322 0.0011252437 0.12621263)
(0.026803215 0.0011702535 0.12621263)
(0.027834108 0.0012152632 0.12621263)
(0.028865001 0.001260273 0.12621263)
(0.029895893 0.0013052828 0.12621263)
(0.030926786 0.0013502925 0.12621263)
(0.031957679 0.0013953023 0.12621263)
(0.032988572 0.001440312 0.12621263)
(0.034019465 0.0014853217 0.12621263)
(0.035050358 0.0015303315 0.12621263)
(0.036081251 0.0015753412 0.12621263)
(0.037112143 0.001620351 0.12621263)
(0.038143036 0.0016653608 0.12621263)
(0.039173929 0.0017103705 0.12621263)
(0.040204822 0.0017553803 0.12621263)
(0.041235715 0.00180039 0.12621263)
(0 0 0.12634386)
(0.0010308929 -4.500975e-05 0.12634386)
(0.0020617858 -9.00195e-05 0.12634386)
(0.0030926786 -0.00013502925 0.12634386)
(0.0041235715 -0.000180039 0.12634386)
(0.0051544644 -0.00022504875 0.12634386)
(0.0061853572 -0.0002700585 0.12634386)
(0.0072162501 -0.00031506825 0.12634386)
(0.008247143 -0.000360078 0.12634386)
(0.0092780359 -0.00040508775 0.12634386)
(0.010308929 -0.0004500975 0.12634386)
(0.011339822 -0.00049510725 0.12634386)
(0.012370714 -0.000540117 0.12634386)
(0.013401607 -0.00058512675 0.12634386)
(0.0144325 -0.0006301365 0.12634386)
(0.015463393 -0.00067514625 0.12634386)
(0.016494286 -0.000720156 0.12634386)
(0.017525179 -0.00076516575 0.12634386)
(0.018556072 -0.0008101755 0.12634386)
(0.019586965 -0.00085518525 0.12634386)
(0.020617857 -0.000900195 0.12634386)
(0.02164875 -0.00094520475 0.12634386)
(0.022679643 -0.0009902145 0.12634386)
(0.023710536 -0.0010352243 0.12634386)
(0.024741429 -0.001080234 0.12634386)
(0.025772322 -0.0011252437 0.12634386)
(0.026803215 -0.0011702535 0.12634386)
(0.027834108 -0.0012152632 0.12634386)
(0.028865001 -0.001260273 0.12634386)
(0.029895893 -0.0013052828 0.12634386)
(0.030926786 -0.0013502925 0.12634386)
(0.031957679 -0.0013953023 0.12634386)
(0.032988572 -0.001440312 0.12634386)
(0.034019465 -0.0014853217 0.12634386)
(0.035050358 -0.0015303315 0.12634386)
(0.036081251 -0.0015753412 0.12634386)
(0.037112143 -0.001620351 0.12634386)
(0.038143036 -0.0016653608 0.12634386)
(0.039173929 -0.0017103705 0.12634386)
(0.040204822 -0.0017553803 0.12634386)
(0.041235715 -0.00180039 0.12634386)
(0.0010308929 4.500975e-05 0.12634386)
(0.0020617858 9.00195e-05 0.12634386)
(0.0030926786 0.00013502925 0.12634386)
(0.0041235715 0.000180039 0.12634386)
(0.0051544644 0.00022504875 0.12634386)
(0.0061853572 0.0002700585 0.12634386)
(0.0072162501 0.00031506825 0.12634386)
(0.008247143 0.000360078 0.12634386)
(0.0092780359 0.00040508775 0.12634386)
(0.010308929 0.0004500975 0.12634386)
(0.011339822 0.00049510725 0.12634386)
(0.012370714 0.000540117 0.12634386)
(0.013401607 0.00058512675 0.12634386)
(0.0144325 0.0006301365 0.12634386)
(0.015463393 0.00067514625 0.12634386)
(0.016494286 0.000720156 0.12634386)
(0.017525179 0.00076516575 0.12634386)
(0.018556072 0.0008101755 0.12634386)
(0.019586965 0.00085518525 0.12634386)
(0.020617857 0.000900195 0.12634386)
(0.02164875 0.00094520475 0.12634386)
(0.022679643 0.0009902145 0.12634386)
(0.023710536 0.0010352243 0.12634386)
(0.024741429 0.001080234 0.12634386)
(0.025772322 0.0011252437 0.12634386)
(0.026803215 0.0011702535 0.12634386)
(0.027834108 0.0012152632 0.12634386)
(0.028865001 0.001260273 0.12634386)
(0.029895893 0.0013052828 0.12634386)
(0.030926786 0.0013502925 0.12634386)
(0.031957679 0.0013953023 0.12634386)
(0.032988572 0.001440312 0.12634386)
(0.034019465 0.0014853217 0.12634386)
(0.035050358 0.0015303315 0.12634386)
(0.036081251 0.0015753412 0.12634386)
(0.037112143 0.001620351 0.12634386)
(0.038143036 0.0016653608 0.12634386)
(0.039173929 0.0017103705 0.12634386)
(0.040204822 0.0017553803 0.12634386)
(0.041235715 0.00180039 0.12634386)
(0 0 0.12647508)
(0.0010308929 -4.500975e-05 0.12647508)
(0.0020617858 -9.00195e-05 0.12647508)
(0.0030926786 -0.00013502925 0.12647508)
(0.0041235715 -0.000180039 0.12647508)
(0.0051544644 -0.00022504875 0.12647508)
(0.0061853572 -0.0002700585 0.12647508)
(0.0072162501 -0.00031506825 0.12647508)
(0.008247143 -0.000360078 0.12647508)
(0.0092780359 -0.00040508775 0.12647508)
(0.010308929 -0.0004500975 0.12647508)
(0.011339822 -0.00049510725 0.12647508)
(0.012370714 -0.000540117 0.12647508)
(0.013401607 -0.00058512675 0.12647508)
(0.0144325 -0.0006301365 0.12647508)
(0.015463393 -0.00067514625 0.12647508)
(0.016494286 -0.000720156 0.12647508)
(0.017525179 -0.00076516575 0.12647508)
(0.018556072 -0.0008101755 0.12647508)
(0.019586965 -0.00085518525 0.12647508)
(0.020617857 -0.000900195 0.12647508)
(0.02164875 -0.00094520475 0.12647508)
(0.022679643 -0.0009902145 0.12647508)
(0.023710536 -0.0010352243 0.12647508)
(0.024741429 -0.001080234 0.12647508)
(0.025772322 -0.0011252437 0.12647508)
(0.026803215 -0.0011702535 0.12647508)
(0.027834108 -0.0012152632 0.12647508)
(0.028865001 -0.001260273 0.12647508)
(0.029895893 -0.0013052828 0.12647508)
(0.030926786 -0.0013502925 0.12647508)
(0.031957679 -0.0013953023 0.12647508)
(0.032988572 -0.001440312 0.12647508)
(0.034019465 -0.0014853217 0.12647508)
(0.035050358 -0.0015303315 0.12647508)
(0.036081251 -0.0015753412 0.12647508)
(0.037112143 -0.001620351 0.12647508)
(0.038143036 -0.0016653608 0.12647508)
(0.039173929 -0.0017103705 0.12647508)
(0.040204822 -0.0017553803 0.12647508)
(0.041235715 -0.00180039 0.12647508)
(0.0010308929 4.500975e-05 0.12647508)
(0.0020617858 9.00195e-05 0.12647508)
(0.0030926786 0.00013502925 0.12647508)
(0.0041235715 0.000180039 0.12647508)
(0.0051544644 0.00022504875 0.12647508)
(0.0061853572 0.0002700585 0.12647508)
(0.0072162501 0.00031506825 0.12647508)
(0.008247143 0.000360078 0.12647508)
(0.0092780359 0.00040508775 0.12647508)
(0.010308929 0.0004500975 0.12647508)
(0.011339822 0.00049510725 0.12647508)
(0.012370714 0.000540117 0.12647508)
(0.013401607 0.00058512675 0.12647508)
(0.0144325 0.0006301365 0.12647508)
(0.015463393 0.00067514625 0.12647508)
(0.016494286 0.000720156 0.12647508)
(0.017525179 0.00076516575 0.12647508)
(0.018556072 0.0008101755 0.12647508)
(0.019586965 0.00085518525 0.12647508)
(0.020617857 0.000900195 0.12647508)
(0.02164875 0.00094520475 0.12647508)
(0.022679643 0.0009902145 0.12647508)
(0.023710536 0.0010352243 0.12647508)
(0.024741429 0.001080234 0.12647508)
(0.025772322 0.0011252437 0.12647508)
(0.026803215 0.0011702535 0.12647508)
(0.027834108 0.0012152632 0.12647508)
(0.028865001 0.001260273 0.12647508)
(0.029895893 0.0013052828 0.12647508)
(0.030926786 0.0013502925 0.12647508)
(0.031957679 0.0013953023 0.12647508)
(0.032988572 0.001440312 0.12647508)
(0.034019465 0.0014853217 0.12647508)
(0.035050358 0.0015303315 0.12647508)
(0.036081251 0.0015753412 0.12647508)
(0.037112143 0.001620351 0.12647508)
(0.038143036 0.0016653608 0.12647508)
(0.039173929 0.0017103705 0.12647508)
(0.040204822 0.0017553803 0.12647508)
(0.041235715 0.00180039 0.12647508)
(0 0 0.12660632)
(0.0010308929 -4.500975e-05 0.12660632)
(0.0020617858 -9.00195e-05 0.12660632)
(0.0030926786 -0.00013502925 0.12660632)
(0.0041235715 -0.000180039 0.12660632)
(0.0051544644 -0.00022504875 0.12660632)
(0.0061853572 -0.0002700585 0.12660632)
(0.0072162501 -0.00031506825 0.12660632)
(0.008247143 -0.000360078 0.12660632)
(0.0092780359 -0.00040508775 0.12660632)
(0.010308929 -0.0004500975 0.12660632)
(0.011339822 -0.00049510725 0.12660632)
(0.012370714 -0.000540117 0.12660632)
(0.013401607 -0.00058512675 0.12660632)
(0.0144325 -0.0006301365 0.12660632)
(0.015463393 -0.00067514625 0.12660632)
(0.016494286 -0.000720156 0.12660632)
(0.017525179 -0.00076516575 0.12660632)
(0.018556072 -0.0008101755 0.12660632)
(0.019586965 -0.00085518525 0.12660632)
(0.020617857 -0.000900195 0.12660632)
(0.02164875 -0.00094520475 0.12660632)
(0.022679643 -0.0009902145 0.12660632)
(0.023710536 -0.0010352243 0.12660632)
(0.024741429 -0.001080234 0.12660632)
(0.025772322 -0.0011252437 0.12660632)
(0.026803215 -0.0011702535 0.12660632)
(0.027834108 -0.0012152632 0.12660632)
(0.028865001 -0.001260273 0.12660632)
(0.029895893 -0.0013052828 0.12660632)
(0.030926786 -0.0013502925 0.12660632)
(0.031957679 -0.0013953023 0.12660632)
(0.032988572 -0.001440312 0.12660632)
(0.034019465 -0.0014853217 0.12660632)
(0.035050358 -0.0015303315 0.12660632)
(0.036081251 -0.0015753412 0.12660632)
(0.037112143 -0.001620351 0.12660632)
(0.038143036 -0.0016653608 0.12660632)
(0.039173929 -0.0017103705 0.12660632)
(0.040204822 -0.0017553803 0.12660632)
(0.041235715 -0.00180039 0.12660632)
(0.0010308929 4.500975e-05 0.12660632)
(0.0020617858 9.00195e-05 0.12660632)
(0.0030926786 0.00013502925 0.12660632)
(0.0041235715 0.000180039 0.12660632)
(0.0051544644 0.00022504875 0.12660632)
(0.0061853572 0.0002700585 0.12660632)
(0.0072162501 0.00031506825 0.12660632)
(0.008247143 0.000360078 0.12660632)
(0.0092780359 0.00040508775 0.12660632)
(0.010308929 0.0004500975 0.12660632)
(0.011339822 0.00049510725 0.12660632)
(0.012370714 0.000540117 0.12660632)
(0.013401607 0.00058512675 0.12660632)
(0.0144325 0.0006301365 0.12660632)
(0.015463393 0.00067514625 0.12660632)
(0.016494286 0.000720156 0.12660632)
(0.017525179 0.00076516575 0.12660632)
(0.018556072 0.0008101755 0.12660632)
(0.019586965 0.00085518525 0.12660632)
(0.020617857 0.000900195 0.12660632)
(0.02164875 0.00094520475 0.12660632)
(0.022679643 0.0009902145 0.12660632)
(0.023710536 0.0010352243 0.12660632)
(0.024741429 0.001080234 0.12660632)
(0.025772322 0.0011252437 0.12660632)
(0.026803215 0.0011702535 0.12660632)
(0.027834108 0.0012152632 0.12660632)
(0.028865001 0.001260273 0.12660632)
(0.029895893 0.0013052828 0.12660632)
(0.030926786 0.0013502925 0.12660632)
(0.031957679 0.0013953023 0.12660632)
(0.032988572 0.001440312 0.12660632)
(0.034019465 0.0014853217 0.12660632)
(0.035050358 0.0015303315 0.12660632)
(0.036081251 0.0015753412 0.12660632)
(0.037112143 0.001620351 0.12660632)
(0.038143036 0.0016653608 0.12660632)
(0.039173929 0.0017103705 0.12660632)
(0.040204822 0.0017553803 0.12660632)
(0.041235715 0.00180039 0.12660632)
(0 0 0.12673755)
(0.0010308929 -4.500975e-05 0.12673755)
(0.0020617858 -9.00195e-05 0.12673755)
(0.0030926786 -0.00013502925 0.12673755)
(0.0041235715 -0.000180039 0.12673755)
(0.0051544644 -0.00022504875 0.12673755)
(0.0061853572 -0.0002700585 0.12673755)
(0.0072162501 -0.00031506825 0.12673755)
(0.008247143 -0.000360078 0.12673755)
(0.0092780359 -0.00040508775 0.12673755)
(0.010308929 -0.0004500975 0.12673755)
(0.011339822 -0.00049510725 0.12673755)
(0.012370714 -0.000540117 0.12673755)
(0.013401607 -0.00058512675 0.12673755)
(0.0144325 -0.0006301365 0.12673755)
(0.015463393 -0.00067514625 0.12673755)
(0.016494286 -0.000720156 0.12673755)
(0.017525179 -0.00076516575 0.12673755)
(0.018556072 -0.0008101755 0.12673755)
(0.019586965 -0.00085518525 0.12673755)
(0.020617857 -0.000900195 0.12673755)
(0.02164875 -0.00094520475 0.12673755)
(0.022679643 -0.0009902145 0.12673755)
(0.023710536 -0.0010352243 0.12673755)
(0.024741429 -0.001080234 0.12673755)
(0.025772322 -0.0011252437 0.12673755)
(0.026803215 -0.0011702535 0.12673755)
(0.027834108 -0.0012152632 0.12673755)
(0.028865001 -0.001260273 0.12673755)
(0.029895893 -0.0013052828 0.12673755)
(0.030926786 -0.0013502925 0.12673755)
(0.031957679 -0.0013953023 0.12673755)
(0.032988572 -0.001440312 0.12673755)
(0.034019465 -0.0014853217 0.12673755)
(0.035050358 -0.0015303315 0.12673755)
(0.036081251 -0.0015753412 0.12673755)
(0.037112143 -0.001620351 0.12673755)
(0.038143036 -0.0016653608 0.12673755)
(0.039173929 -0.0017103705 0.12673755)
(0.040204822 -0.0017553803 0.12673755)
(0.041235715 -0.00180039 0.12673755)
(0.0010308929 4.500975e-05 0.12673755)
(0.0020617858 9.00195e-05 0.12673755)
(0.0030926786 0.00013502925 0.12673755)
(0.0041235715 0.000180039 0.12673755)
(0.0051544644 0.00022504875 0.12673755)
(0.0061853572 0.0002700585 0.12673755)
(0.0072162501 0.00031506825 0.12673755)
(0.008247143 0.000360078 0.12673755)
(0.0092780359 0.00040508775 0.12673755)
(0.010308929 0.0004500975 0.12673755)
(0.011339822 0.00049510725 0.12673755)
(0.012370714 0.000540117 0.12673755)
(0.013401607 0.00058512675 0.12673755)
(0.0144325 0.0006301365 0.12673755)
(0.015463393 0.00067514625 0.12673755)
(0.016494286 0.000720156 0.12673755)
(0.017525179 0.00076516575 0.12673755)
(0.018556072 0.0008101755 0.12673755)
(0.019586965 0.00085518525 0.12673755)
(0.020617857 0.000900195 0.12673755)
(0.02164875 0.00094520475 0.12673755)
(0.022679643 0.0009902145 0.12673755)
(0.023710536 0.0010352243 0.12673755)
(0.024741429 0.001080234 0.12673755)
(0.025772322 0.0011252437 0.12673755)
(0.026803215 0.0011702535 0.12673755)
(0.027834108 0.0012152632 0.12673755)
(0.028865001 0.001260273 0.12673755)
(0.029895893 0.0013052828 0.12673755)
(0.030926786 0.0013502925 0.12673755)
(0.031957679 0.0013953023 0.12673755)
(0.032988572 0.001440312 0.12673755)
(0.034019465 0.0014853217 0.12673755)
(0.035050358 0.0015303315 0.12673755)
(0.036081251 0.0015753412 0.12673755)
(0.037112143 0.001620351 0.12673755)
(0.038143036 0.0016653608 0.12673755)
(0.039173929 0.0017103705 0.12673755)
(0.040204822 0.0017553803 0.12673755)
(0.041235715 0.00180039 0.12673755)
(0 0 0.12686877)
(0.0010308929 -4.500975e-05 0.12686877)
(0.0020617858 -9.00195e-05 0.12686877)
(0.0030926786 -0.00013502925 0.12686877)
(0.0041235715 -0.000180039 0.12686877)
(0.0051544644 -0.00022504875 0.12686877)
(0.0061853572 -0.0002700585 0.12686877)
(0.0072162501 -0.00031506825 0.12686877)
(0.008247143 -0.000360078 0.12686877)
(0.0092780359 -0.00040508775 0.12686877)
(0.010308929 -0.0004500975 0.12686877)
(0.011339822 -0.00049510725 0.12686877)
(0.012370714 -0.000540117 0.12686877)
(0.013401607 -0.00058512675 0.12686877)
(0.0144325 -0.0006301365 0.12686877)
(0.015463393 -0.00067514625 0.12686877)
(0.016494286 -0.000720156 0.12686877)
(0.017525179 -0.00076516575 0.12686877)
(0.018556072 -0.0008101755 0.12686877)
(0.019586965 -0.00085518525 0.12686877)
(0.020617857 -0.000900195 0.12686877)
(0.02164875 -0.00094520475 0.12686877)
(0.022679643 -0.0009902145 0.12686877)
(0.023710536 -0.0010352243 0.12686877)
(0.024741429 -0.001080234 0.12686877)
(0.025772322 -0.0011252437 0.12686877)
(0.026803215 -0.0011702535 0.12686877)
(0.027834108 -0.0012152632 0.12686877)
(0.028865001 -0.001260273 0.12686877)
(0.029895893 -0.0013052828 0.12686877)
(0.030926786 -0.0013502925 0.12686877)
(0.031957679 -0.0013953023 0.12686877)
(0.032988572 -0.001440312 0.12686877)
(0.034019465 -0.0014853217 0.12686877)
(0.035050358 -0.0015303315 0.12686877)
(0.036081251 -0.0015753412 0.12686877)
(0.037112143 -0.001620351 0.12686877)
(0.038143036 -0.0016653608 0.12686877)
(0.039173929 -0.0017103705 0.12686877)
(0.040204822 -0.0017553803 0.12686877)
(0.041235715 -0.00180039 0.12686877)
(0.0010308929 4.500975e-05 0.12686877)
(0.0020617858 9.00195e-05 0.12686877)
(0.0030926786 0.00013502925 0.12686877)
(0.0041235715 0.000180039 0.12686877)
(0.0051544644 0.00022504875 0.12686877)
(0.0061853572 0.0002700585 0.12686877)
(0.0072162501 0.00031506825 0.12686877)
(0.008247143 0.000360078 0.12686877)
(0.0092780359 0.00040508775 0.12686877)
(0.010308929 0.0004500975 0.12686877)
(0.011339822 0.00049510725 0.12686877)
(0.012370714 0.000540117 0.12686877)
(0.013401607 0.00058512675 0.12686877)
(0.0144325 0.0006301365 0.12686877)
(0.015463393 0.00067514625 0.12686877)
(0.016494286 0.000720156 0.12686877)
(0.017525179 0.00076516575 0.12686877)
(0.018556072 0.0008101755 0.12686877)
(0.019586965 0.00085518525 0.12686877)
(0.020617857 0.000900195 0.12686877)
(0.02164875 0.00094520475 0.12686877)
(0.022679643 0.0009902145 0.12686877)
(0.023710536 0.0010352243 0.12686877)
(0.024741429 0.001080234 0.12686877)
(0.025772322 0.0011252437 0.12686877)
(0.026803215 0.0011702535 0.12686877)
(0.027834108 0.0012152632 0.12686877)
(0.028865001 0.001260273 0.12686877)
(0.029895893 0.0013052828 0.12686877)
(0.030926786 0.0013502925 0.12686877)
(0.031957679 0.0013953023 0.12686877)
(0.032988572 0.001440312 0.12686877)
(0.034019465 0.0014853217 0.12686877)
(0.035050358 0.0015303315 0.12686877)
(0.036081251 0.0015753412 0.12686877)
(0.037112143 0.001620351 0.12686877)
(0.038143036 0.0016653608 0.12686877)
(0.039173929 0.0017103705 0.12686877)
(0.040204822 0.0017553803 0.12686877)
(0.041235715 0.00180039 0.12686877)
(0 0 0.127)
(0.0010308929 -4.500975e-05 0.127)
(0.0020617858 -9.00195e-05 0.127)
(0.0030926786 -0.00013502925 0.127)
(0.0041235715 -0.000180039 0.127)
(0.0051544644 -0.00022504875 0.127)
(0.0061853572 -0.0002700585 0.127)
(0.0072162501 -0.00031506825 0.127)
(0.008247143 -0.000360078 0.127)
(0.0092780359 -0.00040508775 0.127)
(0.010308929 -0.0004500975 0.127)
(0.011339822 -0.00049510725 0.127)
(0.012370714 -0.000540117 0.127)
(0.013401607 -0.00058512675 0.127)
(0.0144325 -0.0006301365 0.127)
(0.015463393 -0.00067514625 0.127)
(0.016494286 -0.000720156 0.127)
(0.017525179 -0.00076516575 0.127)
(0.018556072 -0.0008101755 0.127)
(0.019586965 -0.00085518525 0.127)
(0.020617857 -0.000900195 0.127)
(0.02164875 -0.00094520475 0.127)
(0.022679643 -0.0009902145 0.127)
(0.023710536 -0.0010352243 0.127)
(0.024741429 -0.001080234 0.127)
(0.025772322 -0.0011252437 0.127)
(0.026803215 -0.0011702535 0.127)
(0.027834108 -0.0012152632 0.127)
(0.028865001 -0.001260273 0.127)
(0.029895893 -0.0013052828 0.127)
(0.030926786 -0.0013502925 0.127)
(0.031957679 -0.0013953023 0.127)
(0.032988572 -0.001440312 0.127)
(0.034019465 -0.0014853217 0.127)
(0.035050358 -0.0015303315 0.127)
(0.036081251 -0.0015753412 0.127)
(0.037112143 -0.001620351 0.127)
(0.038143036 -0.0016653608 0.127)
(0.039173929 -0.0017103705 0.127)
(0.040204822 -0.0017553803 0.127)
(0.041235715 -0.00180039 0.127)
(0.0010308929 4.500975e-05 0.127)
(0.0020617858 9.00195e-05 0.127)
(0.0030926786 0.00013502925 0.127)
(0.0041235715 0.000180039 0.127)
(0.0051544644 0.00022504875 0.127)
(0.0061853572 0.0002700585 0.127)
(0.0072162501 0.00031506825 0.127)
(0.008247143 0.000360078 0.127)
(0.0092780359 0.00040508775 0.127)
(0.010308929 0.0004500975 0.127)
(0.011339822 0.00049510725 0.127)
(0.012370714 0.000540117 0.127)
(0.013401607 0.00058512675 0.127)
(0.0144325 0.0006301365 0.127)
(0.015463393 0.00067514625 0.127)
(0.016494286 0.000720156 0.127)
(0.017525179 0.00076516575 0.127)
(0.018556072 0.0008101755 0.127)
(0.019586965 0.00085518525 0.127)
(0.020617857 0.000900195 0.127)
(0.02164875 0.00094520475 0.127)
(0.022679643 0.0009902145 0.127)
(0.023710536 0.0010352243 0.127)
(0.024741429 0.001080234 0.127)
(0.025772322 0.0011252437 0.127)
(0.026803215 0.0011702535 0.127)
(0.027834108 0.0012152632 0.127)
(0.028865001 0.001260273 0.127)
(0.029895893 0.0013052828 0.127)
(0.030926786 0.0013502925 0.127)
(0.031957679 0.0013953023 0.127)
(0.032988572 0.001440312 0.127)
(0.034019465 0.0014853217 0.127)
(0.035050358 0.0015303315 0.127)
(0.036081251 0.0015753412 0.127)
(0.037112143 0.001620351 0.127)
(0.038143036 0.0016653608 0.127)
(0.039173929 0.0017103705 0.127)
(0.040204822 0.0017553803 0.127)
(0.041235715 0.00180039 0.127)
)


// ************************************************************************* //
